region_id,region_name,climate
1,Europe,Hot
2,Asia,Temperate
3,Africa,Cold
4,America,Hot
5,America,Hot
6,America,Hot
7,America,Cold
8,Africa,Temperate
9,Africa,Temperate
10,Europe,Cold
11,America,Cold
12,America,Hot
13,America,Cold
14,Africa,Temperate
15,America,Cold
16,Africa,Temperate
17,Europe,Cold
18,America,Temperate
19,Europe,Cold
20,Africa,Cold
21,Europe,Hot
22,Asia,Hot
23,Europe,Cold
24,Africa,Temperate
25,Europe,Temperate
26,Europe,Cold
27,Africa,Hot
28,Africa,Temperate
29,America,Hot
30,Europe,Hot
31,America,Hot
32,Asia,Cold
33,Asia,Temperate
34,Africa,Cold
35,America,Hot
36,Asia,Temperate
37,Europe,Temperate
38,Africa,Cold
39,Europe,Temperate
40,America,Temperate
41,America,Cold
42,Asia,Hot
43,America,Hot
44,Asia,Temperate
45,Asia,Hot
46,Africa,Hot
47,Asia,Cold
48,America,Hot
49,America,Cold
50,Africa,Cold
51,America,Hot
52,Africa,Cold
53,Africa,Temperate
54,Africa,Cold
55,Africa,Cold
56,Africa,Cold
57,Asia,Hot
58,America,Cold
59,Africa,Temperate
60,Europe,Hot
61,Europe,Hot
62,Europe,Hot
63,America,Temperate
64,America,Cold
65,Asia,Cold
66,Africa,Temperate
67,Asia,Temperate
68,Asia,Hot
69,Africa,Temperate
70,Asia,Cold
71,Africa,Hot
72,Africa,Temperate
73,Africa,Hot
74,Europe,Temperate
75,America,Cold
76,Africa,Temperate
77,Africa,Cold
78,Asia,Temperate
79,Europe,Temperate
80,Asia,Hot
81,Asia,Cold
82,Europe,Temperate
83,Asia,Temperate
84,Asia,Temperate
85,Africa,Hot
86,Europe,Cold
87,Europe,Hot
88,Europe,Hot
89,Asia,Hot
90,America,Temperate
91,Asia,Hot
92,America,Cold
93,Europe,Cold
94,Asia,Cold
95,America,Cold
96,Europe,Hot
97,Asia,Temperate
98,Europe,Temperate
99,America,Temperate
100,Europe,Cold
101,America,Cold
102,Asia,Hot
103,America,Cold
104,Europe,Hot
105,Europe,Hot
106,America,Cold
107,Africa,Temperate
108,Europe,Cold
109,Europe,Cold
110,Africa,Cold
111,America,Temperate
112,Europe,Hot
113,Europe,Hot
114,Africa,Hot
115,Asia,Temperate
116,America,Temperate
117,Europe,Temperate
118,Asia,Hot
119,Europe,Hot
120,Europe,Temperate
121,Asia,Hot
122,Africa,Temperate
123,America,Hot
124,Africa,Cold
125,Europe,Temperate
126,Africa,Cold
127,Europe,Temperate
128,Europe,Hot
129,Asia,Cold
130,Asia,Hot
131,Africa,Temperate
132,Asia,Hot
133,Europe,Hot
134,Africa,Cold
135,Asia,Hot
136,Africa,Hot
137,America,Temperate
138,Africa,Hot
139,America,Cold
140,Europe,Temperate
141,Africa,Temperate
142,Europe,Hot
143,Europe,Cold
144,Africa,Cold
145,Asia,Hot
146,Asia,Cold
147,Africa,Hot
148,America,Hot
149,Europe,Temperate
150,America,Hot
151,Europe,Cold
152,Africa,Temperate
153,Africa,Hot
154,Asia,Cold
155,Europe,Temperate
156,Europe,Temperate
157,America,Temperate
158,Africa,Temperate
159,Europe,Hot
160,Africa,Hot
161,Europe,Cold
162,America,Cold
163,Asia,Hot
164,Europe,Hot
165,Africa,Temperate
166,America,Temperate
167,Africa,Temperate
168,Europe,Temperate
169,Asia,Cold
170,America,Cold
171,Asia,Cold
172,Asia,Hot
173,Africa,Temperate
174,Africa,Hot
175,America,Temperate
176,Asia,Hot
177,Europe,Temperate
178,Europe,Hot
179,Europe,Cold
180,Europe,Hot
181,Africa,Hot
182,Asia,Hot
183,Asia,Hot
184,America,Hot
185,Europe,Cold
186,Asia,Cold
187,Africa,Cold
188,America,Temperate
189,Europe,Hot
190,America,Temperate
191,Asia,Temperate
192,Africa,Temperate
193,Asia,Cold
194,America,Hot
195,Africa,Cold
196,Asia,Temperate
197,Asia,Hot
198,Africa,Temperate
199,Asia,Temperate
200,Europe,Cold
201,Asia,Cold
202,America,Cold
203,Asia,Cold
204,Africa,Hot
205,Europe,Temperate
206,Asia,Hot
207,Asia,Hot
208,America,Temperate
209,America,Temperate
210,Asia,Hot
211,America,Temperate
212,Asia,Hot
213,Africa,Temperate
214,Asia,Temperate
215,Africa,Cold
216,Europe,Temperate
217,Africa,Hot
218,Europe,Temperate
219,Europe,Temperate
220,Europe,Cold
221,America,Temperate
222,Asia,Temperate
223,Africa,Cold
224,Europe,Cold
225,Africa,Cold
226,Europe,Cold
227,America,Temperate
228,Europe,Cold
229,Europe,Hot
230,Asia,Cold
231,Africa,Hot
232,Asia,Temperate
233,America,Temperate
234,Africa,Cold
235,America,Temperate
236,Europe,Hot
237,America,Cold
238,Africa,Hot
239,Africa,Hot
240,Africa,Cold
241,Asia,Cold
242,Europe,Hot
243,Africa,Cold
244,America,Cold
245,America,Temperate
246,America,Temperate
247,Africa,Cold
248,Africa,Hot
249,America,Cold
250,America,Temperate
251,Europe,Cold
252,Africa,Temperate
253,America,Temperate
254,Africa,Hot
255,Europe,Cold
256,Asia,Temperate
257,Africa,Cold
258,Africa,Hot
259,Europe,Hot
260,Africa,Hot
261,America,Hot
262,Europe,Cold
263,Asia,Temperate
264,Europe,Cold
265,America,Cold
266,Africa,Temperate
267,Europe,Hot
268,America,Cold
269,America,Hot
270,America,Temperate
271,Europe,Temperate
272,Europe,Temperate
273,Europe,Hot
274,Asia,Hot
275,America,Temperate
276,Europe,Hot
277,Europe,Hot
278,Africa,Temperate
279,Africa,Hot
280,Europe,Cold
281,Europe,Temperate
282,Asia,Temperate
283,Africa,Temperate
284,Asia,Hot
285,Europe,Temperate
286,Asia,Hot
287,America,Hot
288,Asia,Cold
289,Africa,Hot
290,Africa,Cold
291,Africa,Cold
292,Africa,Cold
293,Europe,Cold
294,Africa,Cold
295,Europe,Hot
296,America,Hot
297,Africa,Cold
298,America,Hot
299,America,Hot
300,Europe,Cold
301,Asia,Temperate
302,Africa,Hot
303,Africa,Hot
304,Asia,Temperate
305,Africa,Hot
306,Europe,Hot
307,Asia,Temperate
308,Africa,Cold
309,Africa,Cold
310,Europe,Hot
311,Africa,Hot
312,Europe,Cold
313,America,Cold
314,Africa,Hot
315,Asia,Temperate
316,Europe,Temperate
317,Europe,Cold
318,Africa,Cold
319,Europe,Hot
320,America,Temperate
321,Europe,Temperate
322,America,Hot
323,Asia,Temperate
324,Europe,Temperate
325,Asia,Temperate
326,America,Temperate
327,Europe,Temperate
328,America,Cold
329,America,Hot
330,Asia,Cold
331,Asia,Cold
332,Asia,Temperate
333,America,Hot
334,America,Cold
335,Asia,Temperate
336,America,Temperate
337,Asia,Temperate
338,Africa,Hot
339,Europe,Cold
340,Africa,Cold
341,America,Hot
342,Europe,Hot
343,America,Temperate
344,America,Temperate
345,Europe,Cold
346,America,Temperate
347,America,Temperate
348,America,Hot
349,Asia,Cold
350,America,Temperate
351,Europe,Temperate
352,Africa,Temperate
353,Europe,Hot
354,Europe,Cold
355,Africa,Hot
356,America,Temperate
357,Africa,Cold
358,Africa,Temperate
359,Asia,Cold
360,Asia,Hot
361,Europe,Hot
362,Europe,Temperate
363,Asia,Temperate
364,Africa,Temperate
365,Africa,Hot
366,Africa,Hot
367,America,Cold
368,Asia,Cold
369,America,Cold
370,Africa,Hot
371,America,Cold
372,Europe,Temperate
373,Asia,Temperate
374,Africa,Hot
375,Europe,Hot
376,America,Cold
377,Europe,Hot
378,Africa,Hot
379,Asia,Temperate
380,Asia,Cold
381,Africa,Hot
382,Asia,Cold
383,Europe,Hot
384,Africa,Cold
385,America,Temperate
386,Asia,Temperate
387,America,Temperate
388,Asia,Temperate
389,Asia,Temperate
390,Africa,Cold
391,Africa,Hot
392,Europe,Temperate
393,America,Hot
394,America,Cold
395,Africa,Hot
396,Africa,Hot
397,America,Hot
398,America,Hot
399,Asia,Temperate
400,Asia,Temperate
401,Africa,Hot
402,America,Hot
403,Asia,Cold
404,Asia,Cold
405,America,Hot
406,America,Temperate
407,Africa,Temperate
408,America,Temperate
409,Africa,Temperate
410,Asia,Hot
411,Europe,Temperate
412,Europe,Cold
413,America,Temperate
414,Africa,Hot
415,Europe,Cold
416,Asia,Cold
417,Asia,Cold
418,Africa,Hot
419,Europe,Temperate
420,Asia,Cold
421,Asia,Hot
422,America,Temperate
423,Europe,Cold
424,America,Temperate
425,Asia,Hot
426,Asia,Hot
427,Europe,Hot
428,Europe,Cold
429,Africa,Hot
430,Europe,Temperate
431,Africa,Cold
432,America,Temperate
433,Europe,Hot
434,America,Hot
435,America,Temperate
436,Africa,Cold
437,Asia,Hot
438,Africa,Cold
439,Africa,Hot
440,America,Temperate
441,Asia,Temperate
442,Europe,Cold
443,Europe,Cold
444,America,Cold
445,Africa,Hot
446,Europe,Temperate
447,Africa,Hot
448,Asia,Cold
449,Europe,Hot
450,Europe,Cold
451,Europe,Hot
452,America,Hot
453,Asia,Cold
454,Africa,Hot
455,Africa,Cold
456,Asia,Temperate
457,Africa,Cold
458,America,Cold
459,Africa,Temperate
460,America,Hot
461,America,Cold
462,Asia,Hot
463,America,Hot
464,Europe,Cold
465,America,Cold
466,Africa,Cold
467,Asia,Cold
468,Africa,Temperate
469,Europe,Cold
470,America,Temperate
471,Europe,Cold
472,America,Hot
473,Europe,Cold
474,Europe,Hot
475,Europe,Temperate
476,Europe,Hot
477,Europe,Temperate
478,Europe,Cold
479,America,Cold
480,Africa,Hot
481,Asia,Hot
482,Asia,Hot
483,Africa,Hot
484,America,Temperate
485,America,Temperate
486,Asia,Hot
487,Asia,Cold
488,Europe,Hot
489,Africa,Temperate
490,Europe,Temperate
491,Europe,Cold
492,Europe,Temperate
493,Africa,Hot
494,Africa,Temperate
495,Africa,Hot
496,Europe,Cold
497,America,Temperate
498,Africa,Cold
499,Europe,Hot
500,America,Cold
501,Asia,Hot
502,Europe,Hot
503,Asia,Temperate
504,Asia,Temperate
505,Africa,Temperate
506,Europe,Hot
507,Africa,Hot
508,America,Hot
509,Africa,Cold
510,Asia,Hot
511,Asia,Temperate
512,Europe,Temperate
513,America,Cold
514,Asia,Temperate
515,Europe,Hot
516,Europe,Hot
517,Africa,Temperate
518,Asia,Temperate
519,Africa,Hot
520,Asia,Hot
521,Asia,Hot
522,America,Temperate
523,Africa,Temperate
524,Europe,Hot
525,Africa,Temperate
526,America,Cold
527,Asia,Temperate
528,Africa,Temperate
529,Africa,Hot
530,America,Temperate
531,Asia,Hot
532,Asia,Temperate
533,Europe,Temperate
534,Asia,Temperate
535,Asia,Hot
536,Asia,Temperate
537,Asia,Temperate
538,Asia,Cold
539,Europe,Hot
540,Asia,Hot
541,Africa,Temperate
542,Africa,Temperate
543,Asia,Cold
544,Africa,Hot
545,Europe,Cold
546,Africa,Hot
547,Europe,Cold
548,Europe,Temperate
549,America,Hot
550,Africa,Hot
551,Africa,Temperate
552,Asia,Hot
553,Asia,Temperate
554,America,Temperate
555,Asia,Cold
556,Africa,Temperate
557,Europe,Hot
558,America,Hot
559,Europe,Hot
560,Asia,Temperate
561,Europe,Temperate
562,America,Hot
563,Africa,Cold
564,Africa,Temperate
565,America,Hot
566,Europe,Hot
567,America,Hot
568,Africa,Hot
569,Europe,Hot
570,Asia,Hot
571,Africa,Hot
572,America,Cold
573,Africa,Hot
574,Asia,Hot
575,Europe,Temperate
576,America,Hot
577,Africa,Hot
578,Africa,Cold
579,America,Cold
580,Europe,Cold
581,Asia,Cold
582,America,Hot
583,Africa,Cold
584,Asia,Hot
585,Europe,Hot
586,America,Cold
587,Europe,Cold
588,Asia,Cold
589,Europe,Hot
590,Asia,Hot
591,Africa,Temperate
592,Asia,Hot
593,America,Cold
594,Asia,Hot
595,Asia,Cold
596,Africa,Cold
597,Europe,Cold
598,Africa,Temperate
599,America,Hot
600,Asia,Temperate
601,Africa,Cold
602,America,Temperate
603,Europe,Temperate
604,Africa,Temperate
605,Asia,Hot
606,Africa,Cold
607,Africa,Temperate
608,Asia,Temperate
609,America,Cold
610,Asia,Hot
611,Europe,Cold
612,Africa,Cold
613,America,Hot
614,Europe,Cold
615,Asia,Temperate
616,America,Hot
617,America,Cold
618,Asia,Hot
619,America,Temperate
620,Europe,Temperate
621,America,Hot
622,Europe,Hot
623,America,Hot
624,Africa,Temperate
625,America,Temperate
626,Europe,Temperate
627,Africa,Temperate
628,Asia,Cold
629,Asia,Temperate
630,America,Hot
631,Africa,Hot
632,America,Cold
633,America,Cold
634,Africa,Cold
635,Asia,Hot
636,Africa,Cold
637,Europe,Cold
638,Africa,Hot
639,Asia,Hot
640,Africa,Temperate
641,Europe,Cold
642,Africa,Hot
643,America,Cold
644,Africa,Temperate
645,Africa,Cold
646,Asia,Cold
647,America,Temperate
648,America,Cold
649,America,Temperate
650,Africa,Temperate
651,Europe,Temperate
652,Asia,Cold
653,Africa,Cold
654,Asia,Hot
655,Africa,Cold
656,America,Cold
657,Asia,Temperate
658,America,Temperate
659,Africa,Cold
660,Europe,Cold
661,Asia,Cold
662,America,Hot
663,Africa,Hot
664,America,Temperate
665,Africa,Cold
666,America,Temperate
667,America,Hot
668,Africa,Hot
669,America,Hot
670,Asia,Temperate
671,Asia,Hot
672,Africa,Cold
673,Africa,Temperate
674,America,Hot
675,Africa,Temperate
676,America,Temperate
677,Asia,Temperate
678,Europe,Hot
679,Europe,Hot
680,Africa,Cold
681,Asia,Cold
682,Africa,Cold
683,Africa,Cold
684,Asia,Cold
685,Europe,Temperate
686,America,Cold
687,Asia,Hot
688,Africa,Temperate
689,Europe,Cold
690,Asia,Cold
691,America,Temperate
692,America,Temperate
693,Europe,Temperate
694,America,Temperate
695,Asia,Cold
696,Asia,Temperate
697,Europe,Temperate
698,Europe,Cold
699,America,Temperate
700,Africa,Hot
701,Africa,Cold
702,Europe,Cold
703,Africa,Temperate
704,Africa,Cold
705,Asia,Cold
706,Africa,Cold
707,Asia,Hot
708,Africa,Cold
709,Europe,Hot
710,Asia,Hot
711,Africa,Cold
712,America,Cold
713,America,Temperate
714,America,Hot
715,Europe,Cold
716,Asia,Cold
717,Africa,Hot
718,Europe,Hot
719,America,Cold
720,Asia,Hot
721,Africa,Cold
722,Africa,Cold
723,Asia,Hot
724,Europe,Cold
725,Asia,Cold
726,Europe,Hot
727,America,Temperate
728,America,Cold
729,Europe,Cold
730,Asia,Hot
731,Europe,Hot
732,America,Hot
733,Africa,Hot
734,Asia,Hot
735,America,Temperate
736,Europe,Temperate
737,America,Cold
738,Africa,Cold
739,Europe,Temperate
740,Asia,Temperate
741,Africa,Hot
742,Europe,Cold
743,America,Hot
744,America,Hot
745,Asia,Hot
746,Europe,Cold
747,America,Cold
748,Asia,Hot
749,Africa,Cold
750,Asia,Temperate
751,Africa,Hot
752,Europe,Hot
753,America,Hot
754,Europe,Hot
755,Africa,Hot
756,Europe,Temperate
757,Africa,Hot
758,Europe,Cold
759,America,Cold
760,Europe,Temperate
761,Asia,Hot
762,America,Temperate
763,Asia,Temperate
764,Asia,Cold
765,America,Hot
766,Africa,Hot
767,Asia,Hot
768,Asia,Temperate
769,Asia,Hot
770,Europe,Temperate
771,Africa,Temperate
772,Asia,Cold
773,America,Hot
774,Asia,Temperate
775,Asia,Cold
776,Europe,Cold
777,Africa,Hot
778,Asia,Cold
779,Asia,Cold
780,Asia,Temperate
781,Europe,Cold
782,Europe,Temperate
783,America,Hot
784,Asia,Temperate
785,Europe,Temperate
786,America,Cold
787,America,Hot
788,Africa,Cold
789,America,Temperate
790,Asia,Temperate
791,Africa,Temperate
792,Africa,Hot
793,Africa,Hot
794,Europe,Hot
795,Europe,Cold
796,Africa,Cold
797,Europe,Cold
798,Europe,Cold
799,Asia,Hot
800,America,Hot
801,Asia,Temperate
802,Asia,Hot
803,Asia,Cold
804,Africa,Cold
805,Europe,Cold
806,Africa,Hot
807,Asia,Hot
808,America,Hot
809,Asia,Hot
810,Europe,Cold
811,America,Hot
812,America,Temperate
813,Europe,Temperate
814,Europe,Hot
815,Asia,Temperate
816,Europe,Hot
817,America,Temperate
818,Europe,Hot
819,Asia,Hot
820,Africa,Hot
821,Africa,Cold
822,Asia,Temperate
823,America,Temperate
824,Africa,Hot
825,Asia,Cold
826,Africa,Cold
827,America,Cold
828,America,Cold
829,America,Temperate
830,Europe,Cold
831,America,Temperate
832,America,Hot
833,America,Hot
834,Africa,Hot
835,Asia,Cold
836,Asia,Temperate
837,America,Temperate
838,Africa,Cold
839,Asia,Temperate
840,Africa,Cold
841,Asia,Cold
842,Europe,Cold
843,America,Temperate
844,Africa,Cold
845,Africa,Cold
846,Europe,Hot
847,Asia,Hot
848,Africa,Cold
849,America,Cold
850,Europe,Hot
851,America,Hot
852,Asia,Temperate
853,America,Temperate
854,Europe,Hot
855,Europe,Temperate
856,Africa,Temperate
857,America,Temperate
858,America,Cold
859,Asia,Hot
860,Africa,Temperate
861,Asia,Hot
862,Asia,Cold
863,Europe,Temperate
864,Europe,Cold
865,Africa,Cold
866,Asia,Temperate
867,America,Cold
868,America,Hot
869,Europe,Cold
870,Asia,Cold
871,Europe,Temperate
872,Europe,Hot
873,Africa,Hot
874,Asia,Temperate
875,Europe,Temperate
876,Asia,Temperate
877,Asia,Hot
878,Asia,Temperate
879,America,Temperate
880,Europe,Hot
881,Asia,Temperate
882,Africa,Temperate
883,Africa,Cold
884,Europe,Cold
885,Africa,Hot
886,America,Cold
887,Africa,Temperate
888,Europe,Hot
889,Asia,Temperate
890,America,Cold
891,Europe,Cold
892,Europe,Cold
893,Africa,Temperate
894,Europe,Hot
895,Asia,Temperate
896,Europe,Cold
897,Europe,Hot
898,Asia,Temperate
899,Europe,Hot
900,Asia,Temperate
901,Asia,Cold
902,Africa,Hot
903,Europe,Temperate
904,America,Hot
905,America,Temperate
906,Asia,Temperate
907,Europe,Hot
908,Africa,Temperate
909,Africa,Hot
910,Africa,Cold
911,Asia,Temperate
912,Africa,Temperate
913,America,Cold
914,Europe,Hot
915,Europe,Temperate
916,America,Hot
917,Asia,Hot
918,Europe,Temperate
919,Asia,Temperate
920,Africa,Cold
921,Asia,Hot
922,America,Cold
923,Asia,Cold
924,Europe,Cold
925,Europe,Hot
926,Africa,Hot
927,Europe,Cold
928,America,Cold
929,America,Cold
930,Europe,Hot
931,Europe,Cold
932,Europe,Temperate
933,Europe,Temperate
934,Africa,Cold
935,Africa,Hot
936,Africa,Cold
937,Africa,Temperate
938,Africa,Cold
939,Europe,Cold
940,Asia,Temperate
941,Africa,Hot
942,Asia,Temperate
943,Africa,Cold
944,Asia,Hot
945,Europe,Hot
946,Europe,Hot
947,America,Temperate
948,Europe,Hot
949,America,Hot
950,Asia,Temperate
951,Africa,Hot
952,Europe,Temperate
953,America,Temperate
954,Asia,Temperate
955,Africa,Cold
956,Europe,Cold
957,Africa,Hot
958,Africa,Hot
959,Europe,Temperate
960,America,Hot
961,Europe,Hot
962,America,Hot
963,America,Hot
964,Africa,Cold
965,America,Cold
966,America,Hot
967,Europe,Hot
968,America,Hot
969,Europe,Temperate
970,Europe,Cold
971,Asia,Hot
972,America,Temperate
973,Europe,Cold
974,Europe,Cold
975,Africa,Cold
976,America,Hot
977,America,Cold
978,Africa,Hot
979,Europe,Hot
980,Africa,Cold
981,Asia,Hot
982,Europe,Temperate
983,America,Temperate
984,Africa,Temperate
985,Africa,Cold
986,Europe,Temperate
987,Africa,Cold
988,Africa,Hot
989,America,Hot
990,Africa,Cold
991,Europe,Cold
992,Europe,Hot
993,Africa,Cold
994,Africa,Cold
995,America,Hot
996,Africa,Temperate
997,Europe,Hot
998,Africa,Hot
999,Africa,Cold
1000,Africa,Cold
1001,Asia,Hot
1002,Asia,Hot
1003,Africa,Temperate
1004,Africa,Hot
1005,Asia,Hot
1006,America,Hot
1007,Africa,Temperate
1008,Africa,Hot
1009,America,Temperate
1010,Europe,Temperate
1011,Asia,Hot
1012,Asia,Temperate
1013,America,Cold
1014,Asia,Temperate
1015,Europe,Cold
1016,Europe,Cold
1017,Asia,Cold
1018,Europe,Hot
1019,Europe,Hot
1020,Europe,Temperate
1021,Africa,Hot
1022,America,Temperate
1023,Asia,Hot
1024,Africa,Temperate
1025,Asia,Hot
1026,America,Temperate
1027,Europe,Cold
1028,Asia,Temperate
1029,Asia,Cold
1030,Africa,Cold
1031,Africa,Temperate
1032,Europe,Cold
1033,America,Hot
1034,Europe,Temperate
1035,Africa,Hot
1036,Asia,Hot
1037,Asia,Temperate
1038,America,Hot
1039,Europe,Temperate
1040,Europe,Temperate
1041,Europe,Hot
1042,Asia,Temperate
1043,America,Temperate
1044,Asia,Temperate
1045,America,Hot
1046,America,Temperate
1047,Europe,Cold
1048,Asia,Cold
1049,Asia,Cold
1050,America,Hot
1051,Asia,Hot
1052,America,Hot
1053,Asia,Temperate
1054,Asia,Temperate
1055,America,Hot
1056,Asia,Hot
1057,Europe,Cold
1058,Europe,Cold
1059,Africa,Cold
1060,America,Cold
1061,Europe,Hot
1062,Africa,Hot
1063,America,Cold
1064,Asia,Cold
1065,America,Cold
1066,Asia,Hot
1067,America,Hot
1068,Asia,Hot
1069,America,Temperate
1070,America,Hot
1071,Europe,Temperate
1072,Asia,Hot
1073,America,Hot
1074,Europe,Temperate
1075,Europe,Cold
1076,Europe,Cold
1077,Asia,Temperate
1078,Europe,Temperate
1079,Africa,Temperate
1080,Africa,Hot
1081,America,Temperate
1082,Asia,Hot
1083,Africa,Temperate
1084,Europe,Temperate
1085,Africa,Temperate
1086,Asia,Cold
1087,Africa,Temperate
1088,Africa,Hot
1089,Africa,Cold
1090,Europe,Cold
1091,Europe,Cold
1092,Africa,Cold
1093,Europe,Cold
1094,Africa,Cold
1095,Africa,Temperate
1096,Africa,Temperate
1097,America,Cold
1098,America,Cold
1099,America,Hot
1100,Asia,Hot
1101,Asia,Cold
1102,America,Hot
1103,Europe,Hot
1104,Asia,Temperate
1105,America,Temperate
1106,America,Hot
1107,America,Temperate
1108,Europe,Hot
1109,Africa,Temperate
1110,Asia,Cold
1111,Africa,Cold
1112,Europe,Hot
1113,Africa,Hot
1114,Asia,Hot
1115,Europe,Temperate
1116,Asia,Hot
1117,Asia,Temperate
1118,Asia,Cold
1119,America,Cold
1120,Asia,Cold
1121,Africa,Temperate
1122,Europe,Temperate
1123,America,Cold
1124,Asia,Temperate
1125,Asia,Temperate
1126,Africa,Hot
1127,Asia,Temperate
1128,Europe,Temperate
1129,Asia,Hot
1130,America,Cold
1131,Asia,Cold
1132,America,Hot
1133,Asia,Cold
1134,Europe,Cold
1135,Asia,Cold
1136,Europe,Cold
1137,Europe,Temperate
1138,Asia,Cold
1139,America,Temperate
1140,Africa,Temperate
1141,America,Cold
1142,Asia,Hot
1143,Africa,Temperate
1144,Asia,Hot
1145,Africa,Cold
1146,America,Cold
1147,America,Hot
1148,Europe,Temperate
1149,Europe,Temperate
1150,Asia,Temperate
1151,Asia,Temperate
1152,Africa,Cold
1153,Africa,Temperate
1154,Europe,Cold
1155,Africa,Temperate
1156,Europe,Cold
1157,Europe,Temperate
1158,Africa,Hot
1159,Asia,Temperate
1160,Africa,Temperate
1161,Asia,Hot
1162,Europe,Cold
1163,Europe,Temperate
1164,Asia,Hot
1165,Europe,Temperate
1166,Europe,Cold
1167,Africa,Temperate
1168,Africa,Cold
1169,Europe,Cold
1170,Africa,Hot
1171,Europe,Temperate
1172,Europe,Temperate
1173,Asia,Hot
1174,Africa,Cold
1175,Africa,Hot
1176,Europe,Hot
1177,Asia,Hot
1178,America,Cold
1179,Africa,Cold
1180,America,Temperate
1181,Africa,Hot
1182,Europe,Hot
1183,Africa,Temperate
1184,Africa,Cold
1185,Europe,Cold
1186,Asia,Temperate
1187,Africa,Temperate
1188,Europe,Temperate
1189,Europe,Temperate
1190,Asia,Hot
1191,America,Cold
1192,Asia,Hot
1193,Europe,Cold
1194,Europe,Cold
1195,Europe,Cold
1196,Africa,Temperate
1197,Africa,Cold
1198,America,Cold
1199,America,Temperate
1200,Africa,Temperate
1201,Africa,Hot
1202,Asia,Temperate
1203,Africa,Hot
1204,America,Temperate
1205,Europe,Hot
1206,Africa,Cold
1207,Asia,Temperate
1208,Europe,Hot
1209,Africa,Cold
1210,Africa,Cold
1211,Europe,Hot
1212,Europe,Cold
1213,Europe,Hot
1214,Asia,Cold
1215,Asia,Cold
1216,Asia,Temperate
1217,Europe,Cold
1218,Africa,Cold
1219,Europe,Temperate
1220,America,Temperate
1221,Africa,Temperate
1222,Africa,Cold
1223,Europe,Temperate
1224,America,Hot
1225,Asia,Cold
1226,Europe,Hot
1227,Africa,Hot
1228,Europe,Hot
1229,America,Cold
1230,Europe,Cold
1231,America,Hot
1232,Africa,Cold
1233,America,Cold
1234,Europe,Hot
1235,Asia,Cold
1236,Asia,Temperate
1237,Asia,Cold
1238,America,Cold
1239,America,Hot
1240,America,Cold
1241,Africa,Hot
1242,America,Temperate
1243,Europe,Temperate
1244,Europe,Hot
1245,Asia,Hot
1246,Africa,Hot
1247,Asia,Temperate
1248,America,Temperate
1249,America,Hot
1250,America,Hot
1251,America,Hot
1252,Asia,Cold
1253,America,Cold
1254,Asia,Cold
1255,Asia,Cold
1256,Africa,Cold
1257,Africa,Cold
1258,Asia,Hot
1259,Africa,Temperate
1260,America,Cold
1261,America,Cold
1262,Asia,Hot
1263,Asia,Temperate
1264,America,Cold
1265,Asia,Temperate
1266,Asia,Hot
1267,Europe,Cold
1268,America,Temperate
1269,Europe,Temperate
1270,Asia,Cold
1271,Asia,Hot
1272,Asia,Temperate
1273,Europe,Cold
1274,Europe,Cold
1275,America,Temperate
1276,Asia,Temperate
1277,Europe,Temperate
1278,America,Cold
1279,Europe,Cold
1280,America,Hot
1281,America,Temperate
1282,Europe,Hot
1283,Africa,Hot
1284,America,Hot
1285,Asia,Temperate
1286,Europe,Hot
1287,Europe,Hot
1288,Africa,Cold
1289,Africa,Temperate
1290,America,Cold
1291,Africa,Hot
1292,America,Cold
1293,Africa,Hot
1294,Africa,Cold
1295,Africa,Temperate
1296,Africa,Hot
1297,Asia,Temperate
1298,Africa,Temperate
1299,Europe,Hot
1300,Europe,Temperate
1301,Europe,Hot
1302,Europe,Hot
1303,America,Cold
1304,Africa,Hot
1305,Asia,Cold
1306,Asia,Hot
1307,Africa,Temperate
1308,America,Cold
1309,Asia,Hot
1310,Africa,Hot
1311,Europe,Temperate
1312,America,Hot
1313,Africa,Temperate
1314,Asia,Cold
1315,Asia,Temperate
1316,America,Hot
1317,Asia,Temperate
1318,Africa,Temperate
1319,Africa,Temperate
1320,America,Hot
1321,Africa,Hot
1322,Asia,Temperate
1323,America,Cold
1324,Asia,Hot
1325,Asia,Cold
1326,Europe,Hot
1327,Africa,Temperate
1328,Africa,Temperate
1329,Asia,Temperate
1330,Asia,Cold
1331,Asia,Cold
1332,Asia,Cold
1333,Europe,Temperate
1334,Asia,Temperate
1335,Asia,Hot
1336,Asia,Temperate
1337,America,Cold
1338,America,Hot
1339,America,Cold
1340,America,Temperate
1341,Africa,Cold
1342,America,Temperate
1343,America,Temperate
1344,America,Cold
1345,Africa,Cold
1346,Asia,Temperate
1347,Africa,Cold
1348,Europe,Hot
1349,Europe,Hot
1350,America,Temperate
1351,Europe,Hot
1352,America,Temperate
1353,Europe,Temperate
1354,Africa,Cold
1355,America,Temperate
1356,Africa,Hot
1357,America,Cold
1358,Asia,Hot
1359,America,Hot
1360,America,Hot
1361,Europe,Temperate
1362,Europe,Cold
1363,America,Temperate
1364,America,Cold
1365,Africa,Cold
1366,America,Cold
1367,Europe,Temperate
1368,America,Hot
1369,Africa,Cold
1370,Africa,Cold
1371,America,Hot
1372,Europe,Hot
1373,Asia,Hot
1374,America,Temperate
1375,Africa,Hot
1376,Africa,Temperate
1377,Europe,Cold
1378,Africa,Hot
1379,America,Cold
1380,Asia,Cold
1381,Europe,Hot
1382,Africa,Temperate
1383,Europe,Cold
1384,America,Cold
1385,Asia,Temperate
1386,America,Cold
1387,Europe,Hot
1388,Asia,Temperate
1389,America,Hot
1390,Europe,Hot
1391,Asia,Hot
1392,Europe,Cold
1393,America,Cold
1394,Europe,Temperate
1395,Africa,Cold
1396,Europe,Hot
1397,Africa,Temperate
1398,Asia,Temperate
1399,Asia,Hot
1400,America,Cold
1401,Europe,Temperate
1402,Africa,Cold
1403,Africa,Temperate
1404,America,Hot
1405,Europe,Hot
1406,Africa,Temperate
1407,America,Hot
1408,America,Hot
1409,Europe,Hot
1410,Europe,Cold
1411,Europe,Temperate
1412,Africa,Cold
1413,America,Hot
1414,Europe,Hot
1415,Asia,Temperate
1416,Europe,Temperate
1417,Africa,Cold
1418,Europe,Temperate
1419,Europe,Cold
1420,Asia,Cold
1421,Asia,Temperate
1422,Africa,Temperate
1423,Europe,Temperate
1424,Europe,Temperate
1425,Asia,Cold
1426,Europe,Temperate
1427,Africa,Hot
1428,Asia,Hot
1429,America,Temperate
1430,America,Hot
1431,America,Cold
1432,America,Hot
1433,Asia,Temperate
1434,Africa,Hot
1435,America,Hot
1436,America,Temperate
1437,Europe,Cold
1438,Africa,Cold
1439,America,Temperate
1440,Asia,Hot
1441,Asia,Cold
1442,Africa,Temperate
1443,America,Cold
1444,Asia,Temperate
1445,Europe,Cold
1446,Asia,Temperate
1447,Africa,Cold
1448,America,Temperate
1449,Africa,Hot
1450,Asia,Temperate
1451,America,Hot
1452,Africa,Temperate
1453,Africa,Hot
1454,America,Temperate
1455,Europe,Hot
1456,Asia,Temperate
1457,Europe,Cold
1458,Africa,Cold
1459,Africa,Cold
1460,Europe,Cold
1461,Asia,Temperate
1462,Africa,Cold
1463,America,Temperate
1464,Africa,Hot
1465,Africa,Cold
1466,Asia,Cold
1467,America,Cold
1468,Europe,Cold
1469,Europe,Temperate
1470,Asia,Cold
1471,Africa,Cold
1472,Africa,Temperate
1473,Asia,Hot
1474,Africa,Temperate
1475,Europe,Hot
1476,Europe,Hot
1477,Africa,Temperate
1478,America,Cold
1479,Asia,Temperate
1480,America,Cold
1481,Asia,Temperate
1482,Africa,Hot
1483,America,Temperate
1484,Africa,Hot
1485,Africa,Temperate
1486,Asia,Temperate
1487,Asia,Cold
1488,Asia,Temperate
1489,Africa,Cold
1490,America,Temperate
1491,Asia,Hot
1492,Asia,Temperate
1493,Europe,Cold
1494,Africa,Cold
1495,Europe,Temperate
1496,Asia,Hot
1497,Europe,Temperate
1498,America,Cold
1499,America,Temperate
1500,Europe,Cold
1501,America,Temperate
1502,Africa,Cold
1503,Europe,Temperate
1504,Africa,Temperate
1505,America,Temperate
1506,Europe,Hot
1507,Europe,Cold
1508,Asia,Hot
1509,Africa,Hot
1510,Asia,Hot
1511,Asia,Temperate
1512,America,Cold
1513,Africa,Cold
1514,Africa,Hot
1515,America,Hot
1516,America,Hot
1517,Africa,Hot
1518,America,Cold
1519,Africa,Hot
1520,America,Temperate
1521,Asia,Hot
1522,America,Cold
1523,Europe,Temperate
1524,America,Cold
1525,Europe,Temperate
1526,Africa,Hot
1527,Asia,Temperate
1528,America,Cold
1529,Africa,Temperate
1530,Europe,Temperate
1531,Asia,Temperate
1532,Africa,Cold
1533,Africa,Temperate
1534,Africa,Temperate
1535,Africa,Hot
1536,America,Temperate
1537,Africa,Hot
1538,Africa,Temperate
1539,America,Cold
1540,Europe,Temperate
1541,Asia,Temperate
1542,Asia,Hot
1543,America,Cold
1544,America,Hot
1545,Europe,Hot
1546,Asia,Cold
1547,America,Cold
1548,Africa,Temperate
1549,America,Hot
1550,Asia,Hot
1551,Europe,Cold
1552,Europe,Temperate
1553,Africa,Cold
1554,Africa,Temperate
1555,Asia,Temperate
1556,Africa,Temperate
1557,Asia,Hot
1558,Asia,Cold
1559,America,Temperate
1560,Africa,Cold
1561,America,Temperate
1562,America,Hot
1563,Asia,Cold
1564,Asia,Hot
1565,Asia,Temperate
1566,Asia,Hot
1567,America,Hot
1568,Europe,Cold
1569,Europe,Temperate
1570,Europe,Temperate
1571,Asia,Hot
1572,Africa,Cold
1573,Europe,Cold
1574,America,Cold
1575,America,Hot
1576,Asia,Temperate
1577,America,Temperate
1578,America,Cold
1579,Europe,Cold
1580,Europe,Cold
1581,America,Hot
1582,Europe,Cold
1583,America,Temperate
1584,America,Cold
1585,Europe,Hot
1586,Asia,Temperate
1587,Europe,Temperate
1588,Asia,Cold
1589,Africa,Hot
1590,America,Temperate
1591,Africa,Hot
1592,America,Hot
1593,Europe,Temperate
1594,Africa,Temperate
1595,Africa,Hot
1596,America,Cold
1597,America,Temperate
1598,Asia,Cold
1599,Asia,Temperate
1600,Europe,Cold
1601,Africa,Temperate
1602,Africa,Cold
1603,Asia,Hot
1604,Europe,Temperate
1605,Africa,Cold
1606,America,Hot
1607,America,Cold
1608,America,Temperate
1609,Africa,Hot
1610,Europe,Hot
1611,Asia,Temperate
1612,Asia,Cold
1613,Asia,Temperate
1614,America,Cold
1615,Africa,Temperate
1616,Africa,Temperate
1617,Asia,Temperate
1618,Asia,Cold
1619,Africa,Cold
1620,Asia,Cold
1621,Africa,Hot
1622,America,Hot
1623,Asia,Cold
1624,Asia,Cold
1625,Africa,Hot
1626,Europe,Temperate
1627,Asia,Temperate
1628,Europe,Cold
1629,Europe,Temperate
1630,Asia,Cold
1631,Asia,Hot
1632,Europe,Cold
1633,Europe,Hot
1634,Asia,Temperate
1635,Africa,Cold
1636,Asia,Cold
1637,America,Cold
1638,America,Hot
1639,Africa,Temperate
1640,Europe,Cold
1641,Europe,Temperate
1642,Europe,Hot
1643,America,Temperate
1644,Asia,Cold
1645,Africa,Cold
1646,Asia,Hot
1647,Europe,Temperate
1648,Asia,Cold
1649,Africa,Hot
1650,America,Temperate
1651,Asia,Cold
1652,Asia,Hot
1653,Africa,Hot
1654,Africa,Hot
1655,Europe,Hot
1656,Africa,Hot
1657,America,Temperate
1658,Europe,Cold
1659,Asia,Temperate
1660,Europe,Hot
1661,Asia,Cold
1662,Africa,Hot
1663,Europe,Hot
1664,America,Cold
1665,Europe,Temperate
1666,America,Cold
1667,Europe,Temperate
1668,Africa,Hot
1669,Asia,Hot
1670,Europe,Temperate
1671,Asia,Hot
1672,Asia,Temperate
1673,Asia,Temperate
1674,Europe,Cold
1675,Asia,Hot
1676,Europe,Cold
1677,America,Cold
1678,Asia,Hot
1679,America,Cold
1680,Asia,Hot
1681,Europe,Hot
1682,Europe,Cold
1683,America,Hot
1684,America,Hot
1685,Africa,Hot
1686,Africa,Hot
1687,Africa,Cold
1688,Asia,Temperate
1689,America,Cold
1690,Africa,Temperate
1691,America,Temperate
1692,Africa,Temperate
1693,America,Hot
1694,America,Temperate
1695,Africa,Hot
1696,Asia,Hot
1697,Africa,Hot
1698,America,Cold
1699,Europe,Temperate
1700,Asia,Cold
1701,Asia,Hot
1702,Europe,Cold
1703,Africa,Hot
1704,America,Cold
1705,Africa,Hot
1706,America,Hot
1707,Europe,Cold
1708,America,Hot
1709,America,Temperate
1710,Africa,Cold
1711,America,Cold
1712,Africa,Hot
1713,Africa,Cold
1714,Asia,Temperate
1715,Europe,Cold
1716,Africa,Temperate
1717,Europe,Cold
1718,Asia,Temperate
1719,Africa,Cold
1720,Europe,Temperate
1721,Asia,Hot
1722,Asia,Cold
1723,America,Cold
1724,America,Temperate
1725,Europe,Cold
1726,Africa,Temperate
1727,America,Hot
1728,Africa,Temperate
1729,America,Cold
1730,America,Hot
1731,Europe,Temperate
1732,America,Temperate
1733,Asia,Hot
1734,America,Cold
1735,America,Cold
1736,Europe,Cold
1737,Europe,Hot
1738,Asia,Temperate
1739,Europe,Hot
1740,America,Temperate
1741,Asia,Hot
1742,America,Temperate
1743,America,Temperate
1744,Asia,Hot
1745,Europe,Hot
1746,Europe,Hot
1747,America,Temperate
1748,Europe,Hot
1749,Africa,Temperate
1750,Asia,Temperate
1751,Asia,Hot
1752,America,Cold
1753,America,Cold
1754,Asia,Temperate
1755,America,Temperate
1756,Asia,Cold
1757,Asia,Temperate
1758,Africa,Cold
1759,Asia,Temperate
1760,Africa,Temperate
1761,America,Hot
1762,Europe,Cold
1763,Europe,Temperate
1764,Africa,Cold
1765,America,Hot
1766,Asia,Cold
1767,Asia,Temperate
1768,Asia,Cold
1769,Asia,Hot
1770,Asia,Cold
1771,America,Cold
1772,Africa,Cold
1773,America,Cold
1774,Africa,Temperate
1775,Africa,Cold
1776,America,Hot
1777,Europe,Cold
1778,America,Hot
1779,Europe,Hot
1780,Africa,Hot
1781,America,Hot
1782,Africa,Temperate
1783,Europe,Cold
1784,Africa,Cold
1785,America,Temperate
1786,Europe,Cold
1787,Europe,Temperate
1788,Africa,Hot
1789,Africa,Cold
1790,Europe,Hot
1791,Africa,Cold
1792,Asia,Cold
1793,Europe,Cold
1794,Europe,Hot
1795,Asia,Temperate
1796,America,Hot
1797,America,Temperate
1798,America,Cold
1799,America,Cold
1800,Asia,Cold
1801,Asia,Cold
1802,Africa,Hot
1803,Asia,Temperate
1804,Asia,Temperate
1805,America,Temperate
1806,America,Cold
1807,Africa,Hot
1808,Asia,Cold
1809,Europe,Temperate
1810,America,Hot
1811,America,Hot
1812,Asia,Cold
1813,Asia,Hot
1814,Africa,Hot
1815,Africa,Hot
1816,Asia,Cold
1817,Asia,Cold
1818,Europe,Hot
1819,Africa,Cold
1820,Europe,Hot
1821,Europe,Temperate
1822,Asia,Temperate
1823,Asia,Hot
1824,Asia,Temperate
1825,Europe,Temperate
1826,Europe,Temperate
1827,Africa,Hot
1828,Africa,Cold
1829,America,Hot
1830,Africa,Hot
1831,America,Cold
1832,Africa,Hot
1833,America,Hot
1834,Africa,Hot
1835,Africa,Temperate
1836,Europe,Hot
1837,Asia,Hot
1838,Africa,Cold
1839,Europe,Temperate
1840,Europe,Temperate
1841,Asia,Hot
1842,Africa,Temperate
1843,America,Temperate
1844,America,Cold
1845,Asia,Cold
1846,Asia,Temperate
1847,Asia,Cold
1848,Africa,Hot
1849,Africa,Cold
1850,Africa,Hot
1851,Europe,Cold
1852,America,Temperate
1853,Europe,Hot
1854,Europe,Cold
1855,Africa,Cold
1856,Asia,Hot
1857,Asia,Cold
1858,Europe,Temperate
1859,Asia,Hot
1860,Europe,Temperate
1861,Asia,Hot
1862,Africa,Hot
1863,Europe,Hot
1864,America,Hot
1865,Europe,Temperate
1866,Asia,Temperate
1867,Africa,Hot
1868,Africa,Hot
1869,America,Temperate
1870,Africa,Hot
1871,Africa,Hot
1872,Europe,Temperate
1873,Africa,Temperate
1874,Asia,Temperate
1875,America,Cold
1876,America,Hot
1877,Europe,Temperate
1878,Asia,Hot
1879,Africa,Cold
1880,Europe,Temperate
1881,Asia,Temperate
1882,Africa,Hot
1883,Europe,Hot
1884,America,Temperate
1885,Africa,Temperate
1886,America,Hot
1887,Africa,Hot
1888,Africa,Temperate
1889,America,Cold
1890,Africa,Hot
1891,Asia,Hot
1892,Africa,Hot
1893,Europe,Temperate
1894,Asia,Temperate
1895,Africa,Temperate
1896,Europe,Hot
1897,Europe,Hot
1898,Asia,Cold
1899,Asia,Temperate
1900,Asia,Temperate
1901,America,Hot
1902,America,Hot
1903,Asia,Cold
1904,Africa,Hot
1905,America,Hot
1906,Asia,Hot
1907,Asia,Cold
1908,Europe,Cold
1909,America,Cold
1910,Asia,Cold
1911,Europe,Cold
1912,Africa,Temperate
1913,Europe,Hot
1914,America,Cold
1915,America,Cold
1916,Africa,Cold
1917,Europe,Cold
1918,Europe,Hot
1919,Asia,Hot
1920,Europe,Temperate
1921,America,Hot
1922,America,Cold
1923,Africa,Cold
1924,America,Cold
1925,Europe,Cold
1926,America,Hot
1927,Asia,Hot
1928,Asia,Temperate
1929,America,Hot
1930,Africa,Cold
1931,Asia,Cold
1932,America,Hot
1933,America,Temperate
1934,Europe,Temperate
1935,Africa,Hot
1936,Asia,Hot
1937,Europe,Hot
1938,Asia,Cold
1939,America,Hot
1940,Asia,Hot
1941,Africa,Temperate
1942,Africa,Temperate
1943,Africa,Cold
1944,Europe,Temperate
1945,Asia,Temperate
1946,Africa,Hot
1947,Europe,Temperate
1948,Europe,Temperate
1949,Europe,Temperate
1950,Asia,Temperate
1951,Africa,Temperate
1952,Asia,Temperate
1953,Europe,Temperate
1954,Asia,Temperate
1955,Africa,Cold
1956,America,Hot
1957,Europe,Temperate
1958,Asia,Hot
1959,Africa,Temperate
1960,Africa,Cold
1961,Africa,Temperate
1962,Africa,Cold
1963,Europe,Temperate
1964,Europe,Temperate
1965,America,Hot
1966,Asia,Temperate
1967,Africa,Temperate
1968,Africa,Cold
1969,Europe,Hot
1970,America,Temperate
1971,Asia,Hot
1972,Asia,Hot
1973,Europe,Temperate
1974,Europe,Temperate
1975,Europe,Temperate
1976,America,Temperate
1977,Europe,Temperate
1978,America,Hot
1979,Europe,Cold
1980,Europe,Hot
1981,America,Temperate
1982,Asia,Hot
1983,Europe,Cold
1984,Europe,Hot
1985,America,Temperate
1986,Asia,Temperate
1987,Asia,Temperate
1988,America,Cold
1989,Africa,Temperate
1990,Africa,Temperate
1991,Asia,Temperate
1992,Europe,Temperate
1993,Asia,Hot
1994,Europe,Temperate
1995,Europe,Hot
1996,Europe,Cold
1997,Asia,Hot
1998,Europe,Hot
1999,Asia,Hot
2000,Europe,Hot
2001,Europe,Hot
2002,Asia,Hot
2003,Asia,Cold
2004,America,Temperate
2005,Europe,Cold
2006,America,Hot
2007,Europe,Hot
2008,America,Hot
2009,America,Cold
2010,Africa,Hot
2011,Asia,Cold
2012,Africa,Hot
2013,America,Hot
2014,Africa,Cold
2015,Africa,Cold
2016,Asia,Cold
2017,America,Cold
2018,Europe,Hot
2019,Europe,Hot
2020,America,Temperate
2021,Asia,Hot
2022,Africa,Hot
2023,Asia,Hot
2024,Europe,Hot
2025,Asia,Hot
2026,Africa,Temperate
2027,Asia,Cold
2028,Europe,Hot
2029,Europe,Hot
2030,America,Cold
2031,America,Cold
2032,America,Temperate
2033,Europe,Temperate
2034,Africa,Temperate
2035,Europe,Cold
2036,Europe,Hot
2037,Asia,Cold
2038,America,Hot
2039,Asia,Cold
2040,Africa,Cold
2041,Africa,Cold
2042,Asia,Cold
2043,Europe,Hot
2044,Asia,Hot
2045,Asia,Hot
2046,Europe,Hot
2047,America,Temperate
2048,America,Temperate
2049,America,Cold
2050,Asia,Hot
2051,Asia,Hot
2052,Europe,Cold
2053,America,Cold
2054,Europe,Cold
2055,Africa,Hot
2056,Africa,Hot
2057,Asia,Hot
2058,Africa,Temperate
2059,Europe,Cold
2060,Europe,Hot
2061,Africa,Cold
2062,Europe,Temperate
2063,Europe,Cold
2064,Asia,Hot
2065,Europe,Cold
2066,Asia,Hot
2067,Europe,Temperate
2068,Asia,Temperate
2069,Africa,Hot
2070,Asia,Temperate
2071,Europe,Cold
2072,America,Temperate
2073,America,Temperate
2074,Asia,Temperate
2075,Asia,Temperate
2076,Asia,Hot
2077,Africa,Temperate
2078,Europe,Hot
2079,Asia,Hot
2080,America,Hot
2081,Africa,Cold
2082,America,Cold
2083,Asia,Hot
2084,Asia,Cold
2085,Europe,Temperate
2086,Africa,Cold
2087,Asia,Temperate
2088,Europe,Cold
2089,Asia,Hot
2090,America,Hot
2091,Europe,Cold
2092,Africa,Temperate
2093,America,Temperate
2094,America,Hot
2095,Africa,Temperate
2096,Africa,Hot
2097,America,Cold
2098,Asia,Cold
2099,Africa,Cold
2100,Africa,Hot
2101,Europe,Cold
2102,Africa,Temperate
2103,Europe,Hot
2104,Africa,Temperate
2105,Asia,Cold
2106,Asia,Hot
2107,Africa,Hot
2108,Europe,Hot
2109,Asia,Cold
2110,Asia,Hot
2111,America,Hot
2112,America,Cold
2113,Asia,Cold
2114,America,Temperate
2115,Europe,Temperate
2116,Africa,Temperate
2117,Asia,Hot
2118,Asia,Cold
2119,America,Temperate
2120,Asia,Temperate
2121,Asia,Cold
2122,Asia,Hot
2123,Asia,Cold
2124,Africa,Cold
2125,America,Cold
2126,America,Hot
2127,Asia,Temperate
2128,Asia,Temperate
2129,Asia,Hot
2130,Africa,Cold
2131,Europe,Cold
2132,Europe,Temperate
2133,Asia,Temperate
2134,Africa,Cold
2135,Africa,Hot
2136,America,Temperate
2137,Europe,Hot
2138,Europe,Hot
2139,Africa,Cold
2140,Asia,Hot
2141,America,Cold
2142,Africa,Hot
2143,America,Temperate
2144,Europe,Cold
2145,Africa,Cold
2146,America,Cold
2147,Asia,Cold
2148,America,Temperate
2149,America,Cold
2150,Asia,Cold
2151,Europe,Temperate
2152,Africa,Hot
2153,Africa,Temperate
2154,Asia,Hot
2155,Africa,Cold
2156,Asia,Cold
2157,Asia,Hot
2158,Africa,Cold
2159,America,Temperate
2160,Europe,Temperate
2161,Africa,Temperate
2162,Africa,Hot
2163,Europe,Hot
2164,Africa,Hot
2165,Asia,Cold
2166,America,Hot
2167,Africa,Temperate
2168,Asia,Hot
2169,Europe,Temperate
2170,Africa,Cold
2171,Africa,Hot
2172,Europe,Temperate
2173,Europe,Temperate
2174,America,Hot
2175,Asia,Cold
2176,Europe,Hot
2177,Asia,Cold
2178,Europe,Temperate
2179,Asia,Hot
2180,Europe,Hot
2181,Asia,Temperate
2182,Asia,Cold
2183,Africa,Hot
2184,Asia,Hot
2185,Africa,Hot
2186,Africa,Cold
2187,Europe,Temperate
2188,Africa,Temperate
2189,Asia,Temperate
2190,America,Cold
2191,America,Cold
2192,Europe,Temperate
2193,Asia,Hot
2194,Africa,Cold
2195,Africa,Temperate
2196,America,Temperate
2197,Africa,Hot
2198,Africa,Hot
2199,Asia,Cold
2200,America,Cold
2201,Asia,Temperate
2202,Europe,Cold
2203,Europe,Hot
2204,Asia,Cold
2205,Asia,Cold
2206,America,Cold
2207,America,Cold
2208,Africa,Hot
2209,Africa,Cold
2210,Europe,Hot
2211,Europe,Cold
2212,Europe,Temperate
2213,America,Cold
2214,America,Hot
2215,Asia,Hot
2216,Europe,Temperate
2217,America,Temperate
2218,Asia,Hot
2219,Asia,Hot
2220,America,Cold
2221,Europe,Hot
2222,Asia,Hot
2223,Asia,Temperate
2224,Europe,Hot
2225,Europe,Temperate
2226,Europe,Cold
2227,Europe,Temperate
2228,Africa,Cold
2229,America,Temperate
2230,America,Temperate
2231,Africa,Cold
2232,Africa,Hot
2233,America,Temperate
2234,Europe,Hot
2235,Africa,Hot
2236,Europe,Hot
2237,Africa,Cold
2238,Asia,Temperate
2239,Europe,Temperate
2240,Africa,Hot
2241,Africa,Temperate
2242,Europe,Hot
2243,Asia,Cold
2244,America,Cold
2245,Africa,Temperate
2246,Europe,Hot
2247,Africa,Cold
2248,America,Temperate
2249,Asia,Hot
2250,Europe,Hot
2251,America,Temperate
2252,Africa,Hot
2253,America,Temperate
2254,America,Temperate
2255,America,Cold
2256,Africa,Cold
2257,Europe,Temperate
2258,America,Hot
2259,Asia,Cold
2260,Africa,Hot
2261,Asia,Temperate
2262,Europe,Temperate
2263,Africa,Hot
2264,America,Cold
2265,Africa,Cold
2266,Asia,Cold
2267,America,Cold
2268,Asia,Hot
2269,Asia,Cold
2270,Europe,Hot
2271,Asia,Cold
2272,Africa,Cold
2273,Europe,Hot
2274,Europe,Hot
2275,America,Hot
2276,Europe,Temperate
2277,Africa,Hot
2278,Asia,Temperate
2279,Europe,Hot
2280,Europe,Hot
2281,Africa,Hot
2282,Africa,Temperate
2283,America,Temperate
2284,America,Temperate
2285,America,Hot
2286,Asia,Hot
2287,Asia,Temperate
2288,America,Temperate
2289,Asia,Hot
2290,Africa,Cold
2291,Europe,Temperate
2292,Europe,Hot
2293,Africa,Cold
2294,Asia,Cold
2295,America,Temperate
2296,Europe,Hot
2297,America,Hot
2298,Europe,Temperate
2299,Africa,Temperate
2300,Asia,Hot
2301,Europe,Cold
2302,Asia,Temperate
2303,Africa,Hot
2304,Africa,Cold
2305,Asia,Cold
2306,Europe,Cold
2307,Europe,Cold
2308,Europe,Cold
2309,America,Hot
2310,America,Hot
2311,Asia,Cold
2312,Asia,Hot
2313,Europe,Hot
2314,Africa,Hot
2315,America,Temperate
2316,Africa,Cold
2317,Europe,Cold
2318,Asia,Hot
2319,Europe,Hot
2320,Africa,Hot
2321,Africa,Temperate
2322,America,Temperate
2323,America,Cold
2324,America,Cold
2325,America,Temperate
2326,Africa,Temperate
2327,America,Temperate
2328,Europe,Cold
2329,Europe,Cold
2330,Africa,Cold
2331,Africa,Hot
2332,Africa,Cold
2333,Africa,Hot
2334,Asia,Cold
2335,Europe,Cold
2336,Asia,Cold
2337,Africa,Hot
2338,Africa,Temperate
2339,America,Hot
2340,Asia,Cold
2341,Asia,Temperate
2342,Asia,Hot
2343,America,Temperate
2344,Africa,Hot
2345,Europe,Temperate
2346,Europe,Cold
2347,Asia,Hot
2348,America,Hot
2349,America,Hot
2350,Asia,Temperate
2351,Asia,Cold
2352,Africa,Cold
2353,Asia,Cold
2354,Africa,Hot
2355,America,Hot
2356,Europe,Temperate
2357,Africa,Hot
2358,Asia,Cold
2359,Africa,Hot
2360,America,Cold
2361,America,Cold
2362,Africa,Temperate
2363,Africa,Cold
2364,Africa,Cold
2365,Africa,Temperate
2366,America,Cold
2367,America,Temperate
2368,Africa,Hot
2369,Europe,Hot
2370,America,Hot
2371,America,Cold
2372,Europe,Hot
2373,Europe,Hot
2374,Asia,Hot
2375,Europe,Temperate
2376,Asia,Cold
2377,Europe,Cold
2378,Africa,Temperate
2379,Africa,Cold
2380,Europe,Cold
2381,Europe,Hot
2382,Asia,Hot
2383,Asia,Cold
2384,Asia,Temperate
2385,America,Temperate
2386,Africa,Hot
2387,Europe,Hot
2388,Asia,Cold
2389,Europe,Temperate
2390,Europe,Temperate
2391,America,Hot
2392,Europe,Temperate
2393,America,Temperate
2394,America,Hot
2395,America,Temperate
2396,Africa,Hot
2397,America,Temperate
2398,Africa,Hot
2399,America,Cold
2400,America,Temperate
2401,America,Temperate
2402,America,Cold
2403,Asia,Temperate
2404,Europe,Hot
2405,America,Temperate
2406,Asia,Cold
2407,Europe,Hot
2408,Europe,Hot
2409,Europe,Temperate
2410,Africa,Cold
2411,America,Temperate
2412,Africa,Temperate
2413,Europe,Temperate
2414,Asia,Cold
2415,Asia,Hot
2416,Africa,Cold
2417,America,Cold
2418,Europe,Hot
2419,America,Temperate
2420,Africa,Temperate
2421,Asia,Cold
2422,Asia,Cold
2423,Africa,Hot
2424,Europe,Cold
2425,Africa,Temperate
2426,Africa,Hot
2427,Africa,Temperate
2428,Europe,Temperate
2429,Europe,Hot
2430,Asia,Hot
2431,America,Temperate
2432,Europe,Hot
2433,Europe,Hot
2434,Europe,Cold
2435,Africa,Cold
2436,America,Temperate
2437,Asia,Temperate
2438,Asia,Hot
2439,Africa,Hot
2440,Asia,Cold
2441,Africa,Hot
2442,Africa,Temperate
2443,Europe,Cold
2444,Europe,Temperate
2445,Europe,Temperate
2446,America,Temperate
2447,America,Temperate
2448,Asia,Temperate
2449,America,Cold
2450,Europe,Temperate
2451,America,Temperate
2452,Asia,Temperate
2453,Europe,Temperate
2454,America,Hot
2455,Europe,Cold
2456,Asia,Cold
2457,Asia,Hot
2458,Europe,Temperate
2459,Africa,Cold
2460,Asia,Temperate
2461,America,Hot
2462,Asia,Cold
2463,Europe,Cold
2464,Europe,Temperate
2465,Asia,Hot
2466,Europe,Cold
2467,Africa,Temperate
2468,Asia,Temperate
2469,Africa,Temperate
2470,Asia,Temperate
2471,Africa,Hot
2472,America,Cold
2473,Europe,Temperate
2474,Europe,Hot
2475,Asia,Cold
2476,Asia,Cold
2477,Africa,Temperate
2478,Europe,Cold
2479,Europe,Temperate
2480,Africa,Hot
2481,America,Cold
2482,America,Temperate
2483,America,Hot
2484,Asia,Temperate
2485,Africa,Cold
2486,Africa,Hot
2487,America,Cold
2488,Africa,Cold
2489,Africa,Temperate
2490,America,Temperate
2491,Asia,Hot
2492,Africa,Temperate
2493,Europe,Hot
2494,Asia,Cold
2495,Africa,Cold
2496,Africa,Cold
2497,Europe,Cold
2498,Africa,Hot
2499,Europe,Hot
2500,Europe,Cold
2501,Africa,Temperate
2502,Asia,Cold
2503,Asia,Hot
2504,Africa,Temperate
2505,Africa,Cold
2506,America,Cold
2507,America,Hot
2508,America,Hot
2509,Asia,Hot
2510,America,Hot
2511,Africa,Temperate
2512,Africa,Temperate
2513,Europe,Hot
2514,Asia,Temperate
2515,America,Cold
2516,Europe,Temperate
2517,Asia,Cold
2518,Europe,Hot
2519,Asia,Cold
2520,Asia,Hot
2521,Europe,Hot
2522,America,Hot
2523,Africa,Temperate
2524,America,Cold
2525,Asia,Temperate
2526,Africa,Hot
2527,Africa,Temperate
2528,America,Hot
2529,America,Cold
2530,America,Hot
2531,Europe,Hot
2532,Africa,Temperate
2533,Africa,Hot
2534,Asia,Cold
2535,Asia,Cold
2536,Asia,Hot
2537,America,Cold
2538,Africa,Hot
2539,America,Hot
2540,America,Cold
2541,Asia,Temperate
2542,Asia,Hot
2543,Asia,Temperate
2544,Europe,Temperate
2545,Africa,Hot
2546,America,Cold
2547,Europe,Hot
2548,Europe,Cold
2549,Europe,Hot
2550,Asia,Temperate
2551,Europe,Hot
2552,Africa,Cold
2553,Europe,Cold
2554,Europe,Hot
2555,America,Cold
2556,Africa,Hot
2557,Asia,Temperate
2558,America,Hot
2559,America,Hot
2560,America,Cold
2561,Europe,Hot
2562,Africa,Temperate
2563,Europe,Temperate
2564,America,Hot
2565,Europe,Cold
2566,Asia,Temperate
2567,Africa,Hot
2568,America,Hot
2569,America,Temperate
2570,Europe,Cold
2571,Europe,Hot
2572,America,Temperate
2573,America,Hot
2574,Africa,Temperate
2575,Europe,Hot
2576,Asia,Cold
2577,Africa,Cold
2578,Asia,Temperate
2579,Africa,Hot
2580,America,Cold
2581,Europe,Temperate
2582,Africa,Cold
2583,America,Cold
2584,America,Hot
2585,Africa,Hot
2586,Africa,Cold
2587,Europe,Cold
2588,America,Cold
2589,America,Cold
2590,Europe,Temperate
2591,America,Temperate
2592,Asia,Cold
2593,America,Hot
2594,Asia,Hot
2595,Europe,Temperate
2596,Europe,Cold
2597,Africa,Hot
2598,Europe,Cold
2599,Asia,Temperate
2600,Europe,Temperate
2601,Asia,Hot
2602,Europe,Cold
2603,America,Temperate
2604,Europe,Hot
2605,Africa,Cold
2606,Asia,Cold
2607,Europe,Temperate
2608,America,Hot
2609,Africa,Cold
2610,America,Hot
2611,Africa,Cold
2612,America,Cold
2613,America,Cold
2614,Asia,Hot
2615,America,Temperate
2616,Africa,Cold
2617,America,Temperate
2618,Asia,Cold
2619,America,Temperate
2620,Asia,Hot
2621,Asia,Cold
2622,Africa,Cold
2623,America,Temperate
2624,Africa,Temperate
2625,Asia,Temperate
2626,Africa,Hot
2627,Africa,Cold
2628,Asia,Hot
2629,Asia,Hot
2630,Africa,Temperate
2631,America,Temperate
2632,Asia,Cold
2633,Asia,Cold
2634,America,Cold
2635,Europe,Temperate
2636,Asia,Temperate
2637,Europe,Hot
2638,America,Cold
2639,America,Hot
2640,America,Cold
2641,America,Cold
2642,Africa,Cold
2643,Africa,Hot
2644,Europe,Hot
2645,America,Hot
2646,Europe,Temperate
2647,Europe,Temperate
2648,America,Hot
2649,Europe,Temperate
2650,Europe,Temperate
2651,Europe,Hot
2652,Europe,Cold
2653,Africa,Temperate
2654,Europe,Hot
2655,America,Cold
2656,Europe,Temperate
2657,America,Hot
2658,America,Cold
2659,Africa,Temperate
2660,Africa,Hot
2661,Europe,Hot
2662,Europe,Temperate
2663,Asia,Hot
2664,Europe,Cold
2665,Asia,Hot
2666,Asia,Temperate
2667,Africa,Cold
2668,America,Hot
2669,Asia,Hot
2670,Europe,Cold
2671,Asia,Cold
2672,Africa,Temperate
2673,Asia,Hot
2674,Asia,Cold
2675,Asia,Hot
2676,Asia,Hot
2677,Asia,Hot
2678,Asia,Temperate
2679,Asia,Hot
2680,Africa,Temperate
2681,Europe,Hot
2682,Africa,Temperate
2683,Asia,Temperate
2684,Asia,Hot
2685,America,Temperate
2686,Africa,Temperate
2687,Asia,Temperate
2688,America,Hot
2689,Africa,Cold
2690,Asia,Cold
2691,America,Hot
2692,America,Temperate
2693,Asia,Hot
2694,Europe,Cold
2695,Asia,Cold
2696,America,Temperate
2697,Europe,Hot
2698,Europe,Cold
2699,Africa,Hot
2700,Europe,Cold
2701,America,Cold
2702,America,Cold
2703,Africa,Hot
2704,America,Hot
2705,America,Temperate
2706,America,Hot
2707,Africa,Hot
2708,Europe,Cold
2709,Africa,Temperate
2710,Europe,Temperate
2711,America,Hot
2712,Asia,Hot
2713,Africa,Hot
2714,Europe,Hot
2715,Europe,Hot
2716,America,Temperate
2717,Europe,Temperate
2718,America,Temperate
2719,America,Cold
2720,America,Cold
2721,Europe,Hot
2722,Asia,Cold
2723,Africa,Temperate
2724,Europe,Hot
2725,Africa,Cold
2726,Europe,Temperate
2727,America,Hot
2728,Africa,Hot
2729,America,Temperate
2730,Europe,Temperate
2731,Europe,Cold
2732,Asia,Temperate
2733,Africa,Temperate
2734,Europe,Temperate
2735,Europe,Hot
2736,Asia,Temperate
2737,Asia,Temperate
2738,Asia,Hot
2739,America,Hot
2740,Asia,Hot
2741,Asia,Hot
2742,Africa,Hot
2743,America,Temperate
2744,America,Temperate
2745,Europe,Cold
2746,Africa,Temperate
2747,Asia,Hot
2748,America,Temperate
2749,Europe,Temperate
2750,Africa,Cold
2751,Asia,Hot
2752,Africa,Temperate
2753,Africa,Cold
2754,Asia,Temperate
2755,Europe,Temperate
2756,Asia,Temperate
2757,America,Cold
2758,Asia,Temperate
2759,Africa,Temperate
2760,Europe,Cold
2761,Asia,Hot
2762,America,Hot
2763,Europe,Temperate
2764,Africa,Cold
2765,Asia,Temperate
2766,Europe,Temperate
2767,Europe,Cold
2768,Africa,Hot
2769,Europe,Cold
2770,Europe,Cold
2771,America,Temperate
2772,Europe,Cold
2773,Asia,Cold
2774,America,Temperate
2775,America,Cold
2776,Asia,Cold
2777,America,Cold
2778,Africa,Hot
2779,Africa,Cold
2780,Asia,Cold
2781,Europe,Cold
2782,America,Temperate
2783,Asia,Temperate
2784,America,Temperate
2785,Africa,Temperate
2786,Africa,Hot
2787,Asia,Temperate
2788,America,Temperate
2789,Africa,Cold
2790,America,Cold
2791,Africa,Temperate
2792,Africa,Temperate
2793,Africa,Cold
2794,Africa,Temperate
2795,Europe,Hot
2796,Asia,Cold
2797,America,Temperate
2798,Africa,Cold
2799,Africa,Temperate
2800,Africa,Hot
2801,Asia,Hot
2802,America,Hot
2803,Asia,Cold
2804,Asia,Temperate
2805,Africa,Cold
2806,America,Cold
2807,Africa,Cold
2808,Asia,Hot
2809,Europe,Hot
2810,Europe,Temperate
2811,Asia,Hot
2812,Africa,Temperate
2813,Africa,Temperate
2814,America,Hot
2815,America,Hot
2816,Europe,Hot
2817,Africa,Temperate
2818,Asia,Cold
2819,Africa,Temperate
2820,Africa,Temperate
2821,Asia,Cold
2822,Europe,Temperate
2823,Asia,Temperate
2824,Africa,Hot
2825,Asia,Hot
2826,America,Cold
2827,America,Hot
2828,America,Hot
2829,America,Hot
2830,Asia,Cold
2831,Europe,Cold
2832,Europe,Hot
2833,America,Temperate
2834,Africa,Cold
2835,Asia,Cold
2836,Africa,Temperate
2837,America,Temperate
2838,Asia,Hot
2839,America,Temperate
2840,Asia,Temperate
2841,America,Temperate
2842,Europe,Hot
2843,Asia,Hot
2844,Europe,Hot
2845,America,Hot
2846,Asia,Cold
2847,Africa,Hot
2848,Africa,Hot
2849,Asia,Temperate
2850,Europe,Hot
2851,America,Hot
2852,Europe,Temperate
2853,Europe,Hot
2854,Asia,Temperate
2855,Africa,Cold
2856,America,Temperate
2857,Europe,Temperate
2858,Africa,Cold
2859,Europe,Temperate
2860,Asia,Temperate
2861,Asia,Cold
2862,Europe,Temperate
2863,Africa,Cold
2864,Europe,Cold
2865,America,Cold
2866,Europe,Hot
2867,America,Cold
2868,Europe,Temperate
2869,America,Hot
2870,Africa,Temperate
2871,Europe,Cold
2872,Europe,Hot
2873,America,Temperate
2874,Asia,Hot
2875,Africa,Hot
2876,Asia,Cold
2877,Asia,Hot
2878,Europe,Temperate
2879,Europe,Hot
2880,Europe,Hot
2881,Asia,Cold
2882,Africa,Cold
2883,America,Cold
2884,America,Cold
2885,America,Cold
2886,Africa,Hot
2887,Asia,Cold
2888,Asia,Hot
2889,Africa,Cold
2890,Europe,Cold
2891,Africa,Temperate
2892,Asia,Cold
2893,America,Cold
2894,America,Hot
2895,America,Hot
2896,Europe,Cold
2897,Europe,Cold
2898,Africa,Temperate
2899,America,Temperate
2900,Europe,Hot
2901,Asia,Hot
2902,Africa,Hot
2903,Asia,Hot
2904,Asia,Hot
2905,America,Temperate
2906,Asia,Temperate
2907,America,Hot
2908,Africa,Temperate
2909,Asia,Temperate
2910,America,Hot
2911,Asia,Cold
2912,Europe,Hot
2913,Europe,Hot
2914,Asia,Hot
2915,Europe,Temperate
2916,Africa,Hot
2917,Europe,Cold
2918,Africa,Hot
2919,America,Hot
2920,Africa,Cold
2921,America,Temperate
2922,Europe,Temperate
2923,America,Hot
2924,Europe,Cold
2925,America,Temperate
2926,Africa,Temperate
2927,Asia,Cold
2928,Asia,Cold
2929,Asia,Cold
2930,America,Temperate
2931,Asia,Hot
2932,Europe,Cold
2933,Europe,Hot
2934,Africa,Cold
2935,America,Cold
2936,Africa,Cold
2937,Asia,Cold
2938,America,Hot
2939,Africa,Temperate
2940,Europe,Temperate
2941,Asia,Hot
2942,Asia,Cold
2943,Asia,Cold
2944,Africa,Temperate
2945,Asia,Hot
2946,Europe,Hot
2947,Asia,Temperate
2948,Africa,Cold
2949,Africa,Cold
2950,Asia,Cold
2951,Asia,Temperate
2952,Africa,Temperate
2953,Europe,Temperate
2954,Europe,Cold
2955,Asia,Hot
2956,Asia,Cold
2957,Asia,Temperate
2958,Africa,Temperate
2959,America,Temperate
2960,America,Temperate
2961,Africa,Temperate
2962,Asia,Hot
2963,America,Temperate
2964,Africa,Hot
2965,Africa,Temperate
2966,Europe,Hot
2967,Africa,Cold
2968,Asia,Cold
2969,Europe,Cold
2970,America,Hot
2971,Africa,Hot
2972,Europe,Temperate
2973,Africa,Cold
2974,Africa,Temperate
2975,Europe,Cold
2976,America,Temperate
2977,Africa,Cold
2978,Asia,Cold
2979,America,Hot
2980,America,Hot
2981,Africa,Hot
2982,America,Temperate
2983,Europe,Temperate
2984,Europe,Temperate
2985,America,Temperate
2986,Africa,Temperate
2987,Asia,Hot
2988,Africa,Temperate
2989,Africa,Cold
2990,Africa,Temperate
2991,America,Cold
2992,America,Hot
2993,Africa,Temperate
2994,Asia,Temperate
2995,Africa,Cold
2996,Asia,Hot
2997,Africa,Hot
2998,Asia,Cold
2999,Africa,Hot
3000,Europe,Temperate
3001,America,Hot
3002,Africa,Hot
3003,America,Temperate
3004,Africa,Cold
3005,America,Hot
3006,Europe,Temperate
3007,America,Temperate
3008,Europe,Temperate
3009,America,Cold
3010,Africa,Hot
3011,Asia,Hot
3012,America,Cold
3013,Europe,Cold
3014,Europe,Temperate
3015,America,Cold
3016,Europe,Cold
3017,Europe,Hot
3018,Europe,Hot
3019,Europe,Hot
3020,America,Temperate
3021,Africa,Temperate
3022,Africa,Temperate
3023,Europe,Temperate
3024,Asia,Hot
3025,America,Hot
3026,America,Cold
3027,Asia,Temperate
3028,America,Cold
3029,Asia,Temperate
3030,Africa,Temperate
3031,Africa,Temperate
3032,Africa,Hot
3033,Africa,Temperate
3034,Europe,Cold
3035,Europe,Cold
3036,America,Hot
3037,Asia,Temperate
3038,Asia,Hot
3039,Europe,Cold
3040,Asia,Temperate
3041,Africa,Hot
3042,Asia,Temperate
3043,Africa,Cold
3044,America,Temperate
3045,Asia,Temperate
3046,Africa,Hot
3047,America,Hot
3048,America,Temperate
3049,America,Temperate
3050,Asia,Cold
3051,Africa,Cold
3052,Europe,Cold
3053,Europe,Hot
3054,Africa,Cold
3055,America,Hot
3056,Europe,Cold
3057,Asia,Cold
3058,America,Cold
3059,Europe,Temperate
3060,Africa,Temperate
3061,Europe,Cold
3062,Asia,Temperate
3063,Africa,Hot
3064,Europe,Hot
3065,Europe,Temperate
3066,Europe,Cold
3067,America,Temperate
3068,America,Temperate
3069,Asia,Hot
3070,Europe,Cold
3071,Asia,Hot
3072,Africa,Temperate
3073,Asia,Temperate
3074,America,Cold
3075,Europe,Cold
3076,America,Hot
3077,Africa,Cold
3078,America,Cold
3079,Europe,Temperate
3080,America,Temperate
3081,Europe,Temperate
3082,Asia,Cold
3083,Europe,Cold
3084,Asia,Temperate
3085,Africa,Cold
3086,Africa,Temperate
3087,America,Cold
3088,Africa,Temperate
3089,Europe,Hot
3090,America,Cold
3091,America,Hot
3092,Asia,Temperate
3093,Europe,Hot
3094,Europe,Cold
3095,Asia,Hot
3096,Europe,Temperate
3097,Africa,Hot
3098,Asia,Temperate
3099,Africa,Temperate
3100,Europe,Hot
3101,America,Temperate
3102,Europe,Temperate
3103,Africa,Cold
3104,America,Temperate
3105,Europe,Hot
3106,Europe,Temperate
3107,America,Cold
3108,Asia,Temperate
3109,Asia,Temperate
3110,Africa,Temperate
3111,America,Temperate
3112,Europe,Cold
3113,Africa,Temperate
3114,America,Temperate
3115,Europe,Temperate
3116,Asia,Hot
3117,Asia,Temperate
3118,Europe,Cold
3119,Asia,Temperate
3120,Asia,Cold
3121,Europe,Hot
3122,Asia,Cold
3123,Europe,Temperate
3124,America,Cold
3125,Africa,Hot
3126,America,Temperate
3127,Europe,Hot
3128,Africa,Temperate
3129,America,Hot
3130,Europe,Temperate
3131,Europe,Hot
3132,America,Hot
3133,Europe,Cold
3134,Europe,Cold
3135,America,Temperate
3136,Europe,Temperate
3137,America,Hot
3138,Africa,Cold
3139,Asia,Temperate
3140,Europe,Cold
3141,Africa,Temperate
3142,Africa,Cold
3143,Europe,Temperate
3144,America,Cold
3145,Europe,Hot
3146,America,Temperate
3147,Europe,Cold
3148,Africa,Hot
3149,Europe,Temperate
3150,Europe,Cold
3151,Asia,Temperate
3152,Africa,Temperate
3153,Europe,Hot
3154,Africa,Temperate
3155,America,Cold
3156,Europe,Temperate
3157,Europe,Temperate
3158,Africa,Hot
3159,Africa,Hot
3160,Africa,Cold
3161,Africa,Hot
3162,Asia,Hot
3163,Africa,Cold
3164,Europe,Temperate
3165,Europe,Temperate
3166,America,Temperate
3167,Africa,Cold
3168,Africa,Cold
3169,Africa,Cold
3170,Africa,Hot
3171,Africa,Cold
3172,Europe,Hot
3173,Asia,Temperate
3174,America,Hot
3175,Africa,Hot
3176,Africa,Hot
3177,Africa,Cold
3178,Africa,Cold
3179,Asia,Temperate
3180,Asia,Hot
3181,Europe,Hot
3182,America,Hot
3183,Africa,Hot
3184,Africa,Cold
3185,Europe,Hot
3186,America,Cold
3187,America,Temperate
3188,Europe,Temperate
3189,Africa,Cold
3190,Asia,Cold
3191,Europe,Hot
3192,Africa,Hot
3193,Africa,Hot
3194,Africa,Hot
3195,Europe,Temperate
3196,Europe,Hot
3197,Europe,Hot
3198,Africa,Cold
3199,Europe,Temperate
3200,Africa,Cold
3201,Asia,Hot
3202,Asia,Temperate
3203,Asia,Hot
3204,America,Hot
3205,America,Temperate
3206,Europe,Cold
3207,America,Cold
3208,Africa,Hot
3209,America,Cold
3210,Europe,Temperate
3211,Asia,Cold
3212,Africa,Temperate
3213,Asia,Temperate
3214,Africa,Temperate
3215,Europe,Hot
3216,Africa,Temperate
3217,America,Temperate
3218,Asia,Cold
3219,Africa,Hot
3220,America,Cold
3221,Africa,Temperate
3222,America,Hot
3223,America,Cold
3224,America,Cold
3225,Asia,Hot
3226,Asia,Hot
3227,Asia,Temperate
3228,America,Cold
3229,Asia,Cold
3230,Africa,Cold
3231,America,Hot
3232,Africa,Temperate
3233,Asia,Temperate
3234,Africa,Cold
3235,Asia,Cold
3236,Africa,Temperate
3237,Europe,Hot
3238,Africa,Temperate
3239,America,Hot
3240,Asia,Hot
3241,America,Hot
3242,Europe,Cold
3243,Europe,Temperate
3244,America,Hot
3245,Asia,Temperate
3246,Asia,Hot
3247,Africa,Cold
3248,Africa,Temperate
3249,Europe,Hot
3250,America,Hot
3251,Africa,Hot
3252,Africa,Hot
3253,Africa,Hot
3254,Europe,Cold
3255,Africa,Temperate
3256,Africa,Cold
3257,Asia,Cold
3258,Europe,Temperate
3259,Asia,Cold
3260,Europe,Hot
3261,Asia,Temperate
3262,Asia,Temperate
3263,Asia,Cold
3264,Asia,Temperate
3265,Africa,Temperate
3266,America,Cold
3267,Africa,Temperate
3268,Africa,Hot
3269,Asia,Cold
3270,Europe,Hot
3271,Europe,Cold
3272,America,Temperate
3273,Asia,Hot
3274,Asia,Hot
3275,America,Cold
3276,Africa,Cold
3277,Asia,Hot
3278,America,Hot
3279,Africa,Hot
3280,Africa,Temperate
3281,Asia,Hot
3282,Europe,Temperate
3283,America,Cold
3284,Europe,Cold
3285,America,Hot
3286,Asia,Hot
3287,Africa,Hot
3288,Africa,Hot
3289,Europe,Cold
3290,Africa,Temperate
3291,Europe,Cold
3292,Asia,Hot
3293,America,Cold
3294,Asia,Cold
3295,Africa,Hot
3296,Asia,Hot
3297,Asia,Temperate
3298,Africa,Hot
3299,Africa,Cold
3300,Europe,Temperate
3301,America,Temperate
3302,Asia,Hot
3303,Asia,Hot
3304,Africa,Temperate
3305,America,Hot
3306,Asia,Hot
3307,Europe,Hot
3308,Europe,Temperate
3309,Africa,Hot
3310,Asia,Hot
3311,Europe,Hot
3312,Asia,Temperate
3313,Africa,Cold
3314,Africa,Temperate
3315,America,Temperate
3316,Asia,Hot
3317,Europe,Temperate
3318,Africa,Hot
3319,Asia,Hot
3320,Asia,Cold
3321,Europe,Hot
3322,Africa,Temperate
3323,America,Hot
3324,Asia,Temperate
3325,Africa,Temperate
3326,America,Temperate
3327,Africa,Hot
3328,Africa,Cold
3329,Asia,Cold
3330,Asia,Temperate
3331,Europe,Hot
3332,Europe,Hot
3333,Africa,Temperate
3334,Asia,Cold
3335,Africa,Temperate
3336,Asia,Hot
3337,America,Hot
3338,Asia,Hot
3339,Africa,Temperate
3340,Europe,Hot
3341,Asia,Cold
3342,Africa,Hot
3343,America,Temperate
3344,Europe,Temperate
3345,Europe,Temperate
3346,America,Cold
3347,Asia,Cold
3348,America,Temperate
3349,Africa,Hot
3350,America,Temperate
3351,Europe,Cold
3352,Asia,Temperate
3353,Africa,Cold
3354,Asia,Temperate
3355,America,Temperate
3356,America,Cold
3357,Africa,Hot
3358,America,Cold
3359,Asia,Hot
3360,America,Temperate
3361,Asia,Cold
3362,America,Temperate
3363,Africa,Temperate
3364,Asia,Cold
3365,Africa,Temperate
3366,Europe,Temperate
3367,Europe,Hot
3368,America,Hot
3369,Asia,Temperate
3370,America,Hot
3371,Africa,Hot
3372,America,Temperate
3373,Europe,Cold
3374,Africa,Cold
3375,Europe,Temperate
3376,Africa,Cold
3377,Africa,Temperate
3378,Europe,Hot
3379,America,Cold
3380,Europe,Hot
3381,Asia,Hot
3382,Africa,Temperate
3383,Asia,Cold
3384,Europe,Temperate
3385,Europe,Temperate
3386,America,Cold
3387,Africa,Hot
3388,America,Temperate
3389,Africa,Hot
3390,Europe,Hot
3391,Asia,Temperate
3392,Africa,Temperate
3393,Africa,Cold
3394,Asia,Hot
3395,Europe,Hot
3396,Europe,Temperate
3397,Europe,Hot
3398,America,Cold
3399,Europe,Hot
3400,Asia,Hot
3401,America,Cold
3402,Europe,Hot
3403,Africa,Hot
3404,Africa,Cold
3405,Africa,Temperate
3406,Asia,Temperate
3407,Asia,Temperate
3408,Africa,Temperate
3409,America,Temperate
3410,Europe,Hot
3411,Europe,Hot
3412,Europe,Cold
3413,Europe,Hot
3414,Africa,Hot
3415,Europe,Cold
3416,Asia,Cold
3417,Europe,Hot
3418,America,Cold
3419,Europe,Temperate
3420,America,Cold
3421,Africa,Hot
3422,America,Temperate
3423,Europe,Temperate
3424,America,Hot
3425,Africa,Temperate
3426,Africa,Cold
3427,Europe,Cold
3428,Africa,Hot
3429,America,Temperate
3430,Asia,Hot
3431,Africa,Cold
3432,America,Hot
3433,Africa,Hot
3434,Europe,Temperate
3435,Europe,Hot
3436,Africa,Cold
3437,Asia,Cold
3438,Asia,Temperate
3439,America,Temperate
3440,America,Temperate
3441,Africa,Hot
3442,America,Cold
3443,Africa,Temperate
3444,Africa,Hot
3445,Africa,Cold
3446,Europe,Cold
3447,Africa,Temperate
3448,Africa,Cold
3449,Asia,Hot
3450,America,Temperate
3451,Africa,Hot
3452,Africa,Cold
3453,Africa,Hot
3454,Africa,Temperate
3455,Africa,Cold
3456,Asia,Hot
3457,Europe,Cold
3458,Europe,Cold
3459,Asia,Temperate
3460,Africa,Hot
3461,Asia,Hot
3462,Africa,Cold
3463,America,Cold
3464,Europe,Temperate
3465,Europe,Temperate
3466,America,Hot
3467,America,Cold
3468,Europe,Cold
3469,America,Hot
3470,America,Temperate
3471,Africa,Hot
3472,America,Temperate
3473,Africa,Cold
3474,America,Temperate
3475,Asia,Temperate
3476,Africa,Hot
3477,Africa,Cold
3478,Europe,Cold
3479,America,Hot
3480,Africa,Cold
3481,Asia,Hot
3482,Asia,Hot
3483,Europe,Hot
3484,America,Hot
3485,Africa,Cold
3486,Europe,Cold
3487,America,Hot
3488,America,Cold
3489,Europe,Cold
3490,Asia,Hot
3491,Europe,Temperate
3492,Europe,Temperate
3493,Asia,Temperate
3494,Europe,Hot
3495,Europe,Cold
3496,Africa,Hot
3497,Africa,Temperate
3498,Africa,Cold
3499,Africa,Temperate
3500,Asia,Temperate
3501,Asia,Hot
3502,Africa,Hot
3503,Europe,Hot
3504,Europe,Cold
3505,Europe,Cold
3506,Africa,Temperate
3507,America,Hot
3508,America,Cold
3509,America,Hot
3510,Europe,Cold
3511,Asia,Temperate
3512,Africa,Temperate
3513,Africa,Temperate
3514,Europe,Temperate
3515,America,Temperate
3516,America,Temperate
3517,America,Hot
3518,Africa,Hot
3519,Europe,Cold
3520,America,Hot
3521,Africa,Temperate
3522,Europe,Temperate
3523,Europe,Hot
3524,Europe,Temperate
3525,Europe,Cold
3526,Europe,Hot
3527,Asia,Hot
3528,Asia,Cold
3529,Europe,Hot
3530,Asia,Hot
3531,Europe,Hot
3532,America,Cold
3533,Europe,Hot
3534,Asia,Temperate
3535,Asia,Cold
3536,America,Cold
3537,Europe,Temperate
3538,Asia,Temperate
3539,Africa,Temperate
3540,Asia,Temperate
3541,Europe,Hot
3542,Africa,Cold
3543,Asia,Temperate
3544,Asia,Hot
3545,Asia,Hot
3546,Asia,Hot
3547,Asia,Cold
3548,Europe,Hot
3549,Asia,Temperate
3550,America,Temperate
3551,Africa,Temperate
3552,Asia,Temperate
3553,Asia,Hot
3554,Europe,Cold
3555,Europe,Temperate
3556,Africa,Cold
3557,Europe,Temperate
3558,America,Cold
3559,Africa,Temperate
3560,America,Temperate
3561,Asia,Temperate
3562,Europe,Hot
3563,Asia,Cold
3564,America,Temperate
3565,Asia,Temperate
3566,Europe,Cold
3567,Europe,Hot
3568,Europe,Hot
3569,Asia,Hot
3570,Europe,Cold
3571,Africa,Hot
3572,Africa,Temperate
3573,Europe,Cold
3574,Africa,Cold
3575,America,Temperate
3576,Europe,Cold
3577,Asia,Cold
3578,Africa,Cold
3579,Africa,Cold
3580,Africa,Temperate
3581,Africa,Temperate
3582,America,Temperate
3583,America,Cold
3584,America,Temperate
3585,Africa,Hot
3586,America,Temperate
3587,Asia,Hot
3588,America,Temperate
3589,Africa,Cold
3590,Europe,Cold
3591,Africa,Temperate
3592,Europe,Temperate
3593,America,Cold
3594,America,Hot
3595,Europe,Temperate
3596,Asia,Temperate
3597,Africa,Temperate
3598,Asia,Hot
3599,Africa,Cold
3600,Africa,Temperate
3601,Asia,Hot
3602,Asia,Cold
3603,Europe,Hot
3604,America,Hot
3605,America,Temperate
3606,Europe,Cold
3607,Europe,Cold
3608,America,Hot
3609,Asia,Temperate
3610,America,Hot
3611,Africa,Temperate
3612,Europe,Temperate
3613,America,Temperate
3614,Asia,Hot
3615,America,Hot
3616,Europe,Temperate
3617,Africa,Cold
3618,Asia,Temperate
3619,Asia,Hot
3620,Africa,Hot
3621,Asia,Cold
3622,Asia,Cold
3623,America,Hot
3624,Asia,Hot
3625,Europe,Cold
3626,Africa,Hot
3627,Europe,Temperate
3628,Africa,Cold
3629,Asia,Hot
3630,Africa,Cold
3631,Asia,Hot
3632,Asia,Hot
3633,Africa,Cold
3634,Asia,Hot
3635,Europe,Temperate
3636,Africa,Temperate
3637,Africa,Temperate
3638,Africa,Hot
3639,Asia,Temperate
3640,Europe,Temperate
3641,Africa,Temperate
3642,Asia,Cold
3643,America,Cold
3644,America,Temperate
3645,America,Hot
3646,Europe,Temperate
3647,Asia,Cold
3648,Asia,Hot
3649,America,Temperate
3650,Europe,Temperate
3651,Asia,Hot
3652,America,Cold
3653,Europe,Cold
3654,America,Temperate
3655,Africa,Cold
3656,Africa,Temperate
3657,Europe,Temperate
3658,Asia,Temperate
3659,America,Temperate
3660,Africa,Hot
3661,America,Temperate
3662,Europe,Hot
3663,Europe,Temperate
3664,Asia,Hot
3665,Asia,Hot
3666,America,Temperate
3667,Africa,Hot
3668,Africa,Hot
3669,Africa,Cold
3670,Asia,Temperate
3671,Africa,Cold
3672,Europe,Temperate
3673,Europe,Hot
3674,Africa,Temperate
3675,Asia,Hot
3676,Africa,Temperate
3677,Europe,Cold
3678,Africa,Cold
3679,America,Temperate
3680,Europe,Temperate
3681,America,Hot
3682,Asia,Cold
3683,America,Cold
3684,Europe,Hot
3685,Africa,Cold
3686,Asia,Hot
3687,Asia,Cold
3688,America,Hot
3689,Asia,Cold
3690,America,Temperate
3691,Africa,Temperate
3692,Europe,Temperate
3693,Africa,Temperate
3694,Europe,Temperate
3695,America,Cold
3696,Asia,Temperate
3697,Europe,Cold
3698,America,Cold
3699,Asia,Temperate
3700,Asia,Temperate
3701,America,Hot
3702,Asia,Hot
3703,America,Temperate
3704,Asia,Hot
3705,Africa,Cold
3706,Europe,Temperate
3707,America,Temperate
3708,America,Hot
3709,Africa,Cold
3710,Asia,Cold
3711,Europe,Cold
3712,Europe,Hot
3713,America,Cold
3714,Europe,Cold
3715,Africa,Cold
3716,Europe,Cold
3717,Europe,Temperate
3718,Europe,Hot
3719,America,Cold
3720,Europe,Temperate
3721,Asia,Temperate
3722,Europe,Temperate
3723,Asia,Cold
3724,Europe,Cold
3725,America,Temperate
3726,Europe,Temperate
3727,America,Temperate
3728,Africa,Temperate
3729,Africa,Cold
3730,Africa,Temperate
3731,Europe,Temperate
3732,Asia,Cold
3733,Africa,Hot
3734,Africa,Hot
3735,Europe,Cold
3736,America,Temperate
3737,America,Cold
3738,Africa,Cold
3739,Europe,Cold
3740,Asia,Temperate
3741,America,Cold
3742,Europe,Cold
3743,Asia,Temperate
3744,Asia,Temperate
3745,Europe,Hot
3746,Europe,Hot
3747,Asia,Temperate
3748,America,Cold
3749,Africa,Hot
3750,Europe,Temperate
3751,Europe,Hot
3752,Europe,Hot
3753,Asia,Temperate
3754,Africa,Cold
3755,America,Hot
3756,Europe,Hot
3757,Europe,Temperate
3758,America,Temperate
3759,Africa,Cold
3760,Asia,Hot
3761,America,Cold
3762,Europe,Temperate
3763,Europe,Temperate
3764,Asia,Cold
3765,Europe,Temperate
3766,Asia,Temperate
3767,America,Hot
3768,America,Hot
3769,America,Temperate
3770,America,Hot
3771,Africa,Cold
3772,Africa,Cold
3773,Asia,Cold
3774,America,Temperate
3775,Asia,Hot
3776,Asia,Hot
3777,Africa,Cold
3778,Africa,Hot
3779,Europe,Hot
3780,America,Cold
3781,Asia,Hot
3782,Asia,Cold
3783,Europe,Cold
3784,Europe,Temperate
3785,Africa,Cold
3786,Europe,Hot
3787,Europe,Hot
3788,Asia,Cold
3789,Europe,Temperate
3790,America,Cold
3791,Asia,Cold
3792,Asia,Temperate
3793,Asia,Temperate
3794,Europe,Cold
3795,Europe,Temperate
3796,Asia,Hot
3797,Africa,Cold
3798,America,Hot
3799,Africa,Temperate
3800,Asia,Hot
3801,America,Temperate
3802,Africa,Cold
3803,America,Temperate
3804,America,Cold
3805,America,Temperate
3806,America,Temperate
3807,Europe,Hot
3808,Asia,Hot
3809,America,Cold
3810,Europe,Cold
3811,Africa,Hot
3812,Africa,Cold
3813,Europe,Cold
3814,Africa,Hot
3815,Africa,Temperate
3816,Europe,Cold
3817,Europe,Cold
3818,Europe,Temperate
3819,Europe,Cold
3820,Africa,Hot
3821,America,Hot
3822,Europe,Cold
3823,Asia,Cold
3824,America,Hot
3825,Africa,Temperate
3826,America,Hot
3827,Africa,Temperate
3828,Europe,Temperate
3829,Africa,Temperate
3830,Europe,Temperate
3831,Africa,Temperate
3832,Europe,Temperate
3833,Africa,Cold
3834,Asia,Hot
3835,Europe,Hot
3836,Europe,Cold
3837,Asia,Cold
3838,Europe,Temperate
3839,America,Hot
3840,America,Temperate
3841,Africa,Cold
3842,America,Temperate
3843,Africa,Temperate
3844,Africa,Hot
3845,America,Hot
3846,Asia,Hot
3847,Asia,Temperate
3848,Africa,Temperate
3849,Asia,Cold
3850,Europe,Cold
3851,Asia,Cold
3852,Europe,Cold
3853,America,Cold
3854,Africa,Cold
3855,Africa,Cold
3856,Africa,Hot
3857,Asia,Cold
3858,Africa,Temperate
3859,Asia,Temperate
3860,Africa,Temperate
3861,Europe,Hot
3862,Asia,Temperate
3863,Europe,Temperate
3864,Europe,Hot
3865,America,Temperate
3866,America,Hot
3867,Europe,Temperate
3868,Africa,Temperate
3869,America,Cold
3870,America,Temperate
3871,Europe,Cold
3872,Europe,Cold
3873,Europe,Temperate
3874,Asia,Temperate
3875,Asia,Hot
3876,Asia,Cold
3877,Asia,Temperate
3878,Asia,Cold
3879,Asia,Cold
3880,America,Temperate
3881,Asia,Temperate
3882,Africa,Cold
3883,Asia,Temperate
3884,Europe,Cold
3885,Africa,Hot
3886,Asia,Hot
3887,Asia,Temperate
3888,Europe,Cold
3889,Europe,Hot
3890,Europe,Cold
3891,Africa,Temperate
3892,Africa,Hot
3893,Africa,Hot
3894,America,Cold
3895,America,Hot
3896,America,Cold
3897,Africa,Cold
3898,America,Temperate
3899,America,Temperate
3900,Europe,Hot
3901,Europe,Temperate
3902,America,Hot
3903,America,Temperate
3904,America,Temperate
3905,America,Hot
3906,Europe,Temperate
3907,Europe,Cold
3908,America,Temperate
3909,Europe,Cold
3910,Asia,Hot
3911,Europe,Hot
3912,Europe,Temperate
3913,America,Temperate
3914,Asia,Temperate
3915,Africa,Temperate
3916,Europe,Cold
3917,Asia,Temperate
3918,Asia,Hot
3919,America,Temperate
3920,Asia,Temperate
3921,America,Cold
3922,Asia,Temperate
3923,Africa,Temperate
3924,Africa,Cold
3925,America,Cold
3926,Africa,Cold
3927,Europe,Hot
3928,America,Cold
3929,Asia,Hot
3930,Europe,Hot
3931,America,Cold
3932,America,Temperate
3933,America,Temperate
3934,America,Hot
3935,Asia,Temperate
3936,Asia,Cold
3937,Africa,Cold
3938,America,Temperate
3939,Africa,Temperate
3940,Europe,Hot
3941,Asia,Temperate
3942,America,Hot
3943,Asia,Temperate
3944,Europe,Temperate
3945,Africa,Temperate
3946,Asia,Temperate
3947,Asia,Cold
3948,America,Temperate
3949,Asia,Hot
3950,America,Cold
3951,Africa,Hot
3952,America,Cold
3953,Africa,Temperate
3954,Europe,Hot
3955,Africa,Temperate
3956,Africa,Cold
3957,Europe,Temperate
3958,Europe,Hot
3959,Asia,Cold
3960,Africa,Cold
3961,America,Temperate
3962,Europe,Temperate
3963,Europe,Cold
3964,Asia,Hot
3965,Africa,Hot
3966,Asia,Hot
3967,America,Temperate
3968,Africa,Temperate
3969,Europe,Cold
3970,America,Temperate
3971,Asia,Temperate
3972,Africa,Temperate
3973,America,Hot
3974,Europe,Cold
3975,Asia,Cold
3976,Asia,Temperate
3977,Europe,Temperate
3978,Africa,Hot
3979,Africa,Hot
3980,Asia,Temperate
3981,Europe,Hot
3982,Africa,Temperate
3983,America,Cold
3984,Africa,Hot
3985,Africa,Hot
3986,Asia,Cold
3987,Asia,Cold
3988,Asia,Hot
3989,Africa,Hot
3990,Europe,Temperate
3991,Europe,Hot
3992,Europe,Temperate
3993,America,Cold
3994,Asia,Cold
3995,Africa,Temperate
3996,Africa,Cold
3997,Europe,Hot
3998,America,Cold
3999,Africa,Hot
4000,Europe,Cold
4001,Asia,Cold
4002,America,Hot
4003,America,Hot
4004,Europe,Temperate
4005,Asia,Temperate
4006,America,Hot
4007,Africa,Hot
4008,America,Temperate
4009,Africa,Hot
4010,Asia,Cold
4011,America,Cold
4012,America,Temperate
4013,Africa,Cold
4014,America,Cold
4015,Asia,Temperate
4016,Europe,Cold
4017,Asia,Temperate
4018,Europe,Cold
4019,Africa,Hot
4020,Europe,Cold
4021,Europe,Temperate
4022,America,Cold
4023,Africa,Temperate
4024,America,Temperate
4025,Africa,Temperate
4026,America,Cold
4027,Europe,Hot
4028,Asia,Cold
4029,Europe,Hot
4030,America,Temperate
4031,Africa,Hot
4032,Asia,Temperate
4033,Europe,Temperate
4034,Africa,Temperate
4035,America,Cold
4036,Asia,Cold
4037,Africa,Cold
4038,Asia,Hot
4039,Europe,Cold
4040,Asia,Temperate
4041,Asia,Temperate
4042,Europe,Cold
4043,America,Hot
4044,Asia,Hot
4045,Europe,Cold
4046,Africa,Temperate
4047,Africa,Temperate
4048,Africa,Cold
4049,America,Temperate
4050,Europe,Temperate
4051,Europe,Cold
4052,Europe,Hot
4053,Europe,Hot
4054,America,Hot
4055,America,Cold
4056,Africa,Cold
4057,Europe,Temperate
4058,Africa,Hot
4059,Asia,Temperate
4060,Asia,Temperate
4061,Africa,Cold
4062,America,Cold
4063,Asia,Temperate
4064,Africa,Hot
4065,Europe,Cold
4066,Africa,Hot
4067,Europe,Cold
4068,Asia,Temperate
4069,Africa,Temperate
4070,Europe,Temperate
4071,America,Temperate
4072,Africa,Temperate
4073,America,Temperate
4074,Africa,Hot
4075,America,Hot
4076,Africa,Temperate
4077,America,Cold
4078,Asia,Cold
4079,Europe,Cold
4080,Asia,Temperate
4081,America,Temperate
4082,Europe,Cold
4083,America,Hot
4084,Africa,Hot
4085,America,Hot
4086,Asia,Cold
4087,Europe,Temperate
4088,America,Cold
4089,Europe,Hot
4090,Asia,Hot
4091,Europe,Hot
4092,Europe,Temperate
4093,Africa,Temperate
4094,Europe,Cold
4095,America,Temperate
4096,Europe,Temperate
4097,Asia,Hot
4098,Europe,Cold
4099,Africa,Hot
4100,Asia,Temperate
4101,America,Cold
4102,Asia,Temperate
4103,Europe,Temperate
4104,Asia,Cold
4105,America,Cold
4106,America,Hot
4107,Asia,Cold
4108,Asia,Hot
4109,Africa,Hot
4110,America,Cold
4111,Africa,Hot
4112,Europe,Temperate
4113,America,Cold
4114,America,Temperate
4115,Africa,Temperate
4116,Europe,Hot
4117,Asia,Temperate
4118,America,Hot
4119,Africa,Temperate
4120,America,Hot
4121,Africa,Temperate
4122,Africa,Hot
4123,Africa,Hot
4124,America,Cold
4125,Asia,Hot
4126,Asia,Hot
4127,Africa,Cold
4128,Asia,Cold
4129,Asia,Hot
4130,America,Hot
4131,Asia,Temperate
4132,Europe,Temperate
4133,Africa,Cold
4134,Europe,Hot
4135,America,Temperate
4136,America,Temperate
4137,Europe,Hot
4138,America,Cold
4139,Asia,Cold
4140,Europe,Temperate
4141,Asia,Cold
4142,Asia,Temperate
4143,America,Temperate
4144,America,Cold
4145,Europe,Hot
4146,America,Temperate
4147,Africa,Temperate
4148,America,Hot
4149,Africa,Temperate
4150,America,Hot
4151,America,Hot
4152,Asia,Hot
4153,Europe,Cold
4154,Africa,Temperate
4155,Europe,Temperate
4156,America,Temperate
4157,America,Hot
4158,America,Cold
4159,Europe,Temperate
4160,Europe,Temperate
4161,Asia,Temperate
4162,Asia,Cold
4163,Asia,Hot
4164,Africa,Cold
4165,Europe,Cold
4166,Asia,Hot
4167,Europe,Cold
4168,America,Hot
4169,Europe,Cold
4170,Asia,Cold
4171,Africa,Cold
4172,Asia,Temperate
4173,Europe,Hot
4174,America,Hot
4175,America,Temperate
4176,Europe,Cold
4177,Africa,Temperate
4178,Asia,Temperate
4179,Europe,Cold
4180,Europe,Cold
4181,Europe,Hot
4182,Europe,Temperate
4183,Asia,Cold
4184,Asia,Hot
4185,Asia,Cold
4186,Asia,Hot
4187,Asia,Hot
4188,Africa,Hot
4189,America,Cold
4190,America,Cold
4191,Asia,Hot
4192,America,Temperate
4193,Europe,Temperate
4194,America,Temperate
4195,Asia,Hot
4196,Africa,Temperate
4197,America,Cold
4198,Europe,Temperate
4199,Africa,Hot
4200,America,Hot
4201,Europe,Temperate
4202,Europe,Hot
4203,Asia,Cold
4204,Africa,Hot
4205,America,Cold
4206,Africa,Temperate
4207,Europe,Cold
4208,Asia,Cold
4209,Europe,Cold
4210,America,Temperate
4211,Africa,Cold
4212,America,Cold
4213,America,Cold
4214,Europe,Hot
4215,America,Cold
4216,America,Cold
4217,America,Temperate
4218,Asia,Hot
4219,America,Cold
4220,Africa,Temperate
4221,Europe,Hot
4222,Asia,Cold
4223,Africa,Cold
4224,Asia,Cold
4225,America,Hot
4226,Europe,Hot
4227,Africa,Temperate
4228,Asia,Cold
4229,Africa,Cold
4230,Europe,Hot
4231,Europe,Cold
4232,America,Cold
4233,Asia,Hot
4234,Africa,Temperate
4235,Europe,Cold
4236,America,Temperate
4237,Asia,Temperate
4238,America,Hot
4239,America,Hot
4240,America,Hot
4241,America,Hot
4242,America,Hot
4243,America,Temperate
4244,America,Temperate
4245,America,Temperate
4246,America,Hot
4247,Asia,Hot
4248,Asia,Cold
4249,America,Cold
4250,Africa,Temperate
4251,Europe,Temperate
4252,Europe,Hot
4253,Africa,Cold
4254,Europe,Temperate
4255,Asia,Hot
4256,America,Cold
4257,Asia,Cold
4258,Africa,Cold
4259,Asia,Temperate
4260,Europe,Temperate
4261,Europe,Cold
4262,Africa,Hot
4263,America,Temperate
4264,Asia,Hot
4265,Europe,Hot
4266,Europe,Cold
4267,America,Cold
4268,Europe,Hot
4269,Asia,Hot
4270,Europe,Cold
4271,Asia,Temperate
4272,Europe,Temperate
4273,Asia,Temperate
4274,Europe,Cold
4275,Asia,Cold
4276,Africa,Cold
4277,Africa,Cold
4278,Africa,Cold
4279,Europe,Hot
4280,America,Hot
4281,America,Cold
4282,Asia,Cold
4283,America,Cold
4284,Europe,Hot
4285,Asia,Hot
4286,Asia,Temperate
4287,Europe,Hot
4288,Asia,Temperate
4289,America,Temperate
4290,Africa,Cold
4291,America,Cold
4292,Europe,Temperate
4293,Africa,Cold
4294,Africa,Temperate
4295,America,Cold
4296,Africa,Hot
4297,America,Cold
4298,America,Temperate
4299,America,Temperate
4300,Europe,Hot
4301,Africa,Temperate
4302,Europe,Hot
4303,Europe,Hot
4304,America,Hot
4305,Africa,Hot
4306,Asia,Temperate
4307,Asia,Hot
4308,America,Temperate
4309,America,Hot
4310,Europe,Cold
4311,Africa,Temperate
4312,America,Hot
4313,Europe,Cold
4314,Asia,Hot
4315,Europe,Hot
4316,Europe,Cold
4317,America,Cold
4318,America,Hot
4319,Asia,Cold
4320,Africa,Hot
4321,Asia,Temperate
4322,Africa,Hot
4323,Africa,Temperate
4324,America,Cold
4325,Asia,Cold
4326,Europe,Hot
4327,Europe,Cold
4328,Asia,Hot
4329,Africa,Hot
4330,Asia,Hot
4331,America,Temperate
4332,Europe,Temperate
4333,Europe,Temperate
4334,Africa,Cold
4335,America,Temperate
4336,Asia,Temperate
4337,America,Cold
4338,Europe,Cold
4339,America,Temperate
4340,Asia,Temperate
4341,Asia,Temperate
4342,Asia,Temperate
4343,Africa,Temperate
4344,Europe,Cold
4345,Africa,Cold
4346,Europe,Cold
4347,Europe,Hot
4348,Asia,Cold
4349,Asia,Cold
4350,Europe,Temperate
4351,Asia,Hot
4352,Asia,Hot
4353,Asia,Cold
4354,America,Temperate
4355,Africa,Hot
4356,America,Cold
4357,America,Temperate
4358,Africa,Hot
4359,America,Cold
4360,Europe,Temperate
4361,Asia,Cold
4362,America,Cold
4363,America,Hot
4364,Asia,Cold
4365,Asia,Temperate
4366,Africa,Cold
4367,Europe,Temperate
4368,Asia,Temperate
4369,America,Temperate
4370,Africa,Cold
4371,Africa,Cold
4372,Asia,Temperate
4373,America,Cold
4374,Asia,Temperate
4375,Africa,Hot
4376,America,Hot
4377,America,Cold
4378,Africa,Temperate
4379,Europe,Temperate
4380,America,Temperate
4381,Africa,Cold
4382,America,Hot
4383,America,Cold
4384,Africa,Hot
4385,America,Temperate
4386,Europe,Hot
4387,Africa,Hot
4388,Africa,Cold
4389,America,Temperate
4390,Europe,Cold
4391,Europe,Temperate
4392,Asia,Temperate
4393,Africa,Temperate
4394,America,Cold
4395,America,Cold
4396,Asia,Temperate
4397,America,Hot
4398,Europe,Temperate
4399,Africa,Hot
4400,Europe,Cold
4401,Africa,Cold
4402,Asia,Hot
4403,Africa,Cold
4404,Europe,Cold
4405,America,Hot
4406,Africa,Cold
4407,Asia,Hot
4408,Asia,Hot
4409,America,Temperate
4410,Asia,Cold
4411,Europe,Temperate
4412,Africa,Hot
4413,Africa,Cold
4414,Europe,Cold
4415,Asia,Hot
4416,Europe,Temperate
4417,Africa,Hot
4418,Africa,Cold
4419,Africa,Hot
4420,Africa,Temperate
4421,America,Hot
4422,Africa,Hot
4423,Asia,Cold
4424,Europe,Hot
4425,Asia,Cold
4426,Africa,Temperate
4427,Asia,Hot
4428,America,Cold
4429,Europe,Cold
4430,Africa,Hot
4431,Asia,Hot
4432,America,Cold
4433,America,Cold
4434,America,Temperate
4435,Europe,Temperate
4436,Asia,Temperate
4437,Asia,Hot
4438,Europe,Hot
4439,America,Temperate
4440,Africa,Hot
4441,Asia,Hot
4442,Africa,Hot
4443,America,Hot
4444,Europe,Temperate
4445,Africa,Hot
4446,Asia,Temperate
4447,Asia,Temperate
4448,Europe,Hot
4449,America,Hot
4450,Asia,Temperate
4451,Asia,Hot
4452,Europe,Temperate
4453,Africa,Cold
4454,America,Cold
4455,Africa,Temperate
4456,America,Cold
4457,Africa,Temperate
4458,Africa,Temperate
4459,Asia,Hot
4460,Africa,Cold
4461,America,Cold
4462,Europe,Hot
4463,Europe,Temperate
4464,Africa,Hot
4465,America,Cold
4466,America,Temperate
4467,Asia,Temperate
4468,Europe,Hot
4469,Europe,Temperate
4470,Asia,Cold
4471,Europe,Cold
4472,America,Cold
4473,Africa,Temperate
4474,Africa,Hot
4475,America,Cold
4476,Africa,Temperate
4477,Asia,Hot
4478,Europe,Temperate
4479,Europe,Cold
4480,Asia,Temperate
4481,Africa,Cold
4482,Africa,Cold
4483,Asia,Cold
4484,America,Cold
4485,Europe,Temperate
4486,Africa,Temperate
4487,Africa,Hot
4488,America,Hot
4489,Europe,Hot
4490,Africa,Hot
4491,America,Cold
4492,Europe,Cold
4493,America,Temperate
4494,Europe,Temperate
4495,Africa,Hot
4496,Africa,Temperate
4497,Europe,Temperate
4498,America,Temperate
4499,Asia,Cold
4500,Asia,Hot
4501,America,Hot
4502,Africa,Temperate
4503,Europe,Temperate
4504,America,Cold
4505,Europe,Cold
4506,Europe,Temperate
4507,Asia,Cold
4508,Africa,Cold
4509,Africa,Temperate
4510,Asia,Temperate
4511,America,Cold
4512,Europe,Temperate
4513,Asia,Hot
4514,Asia,Cold
4515,Africa,Cold
4516,America,Cold
4517,Asia,Hot
4518,Europe,Cold
4519,Asia,Temperate
4520,Europe,Hot
4521,America,Hot
4522,Asia,Hot
4523,Europe,Hot
4524,Africa,Temperate
4525,Africa,Hot
4526,Asia,Cold
4527,Africa,Hot
4528,Asia,Hot
4529,Europe,Hot
4530,Europe,Hot
4531,America,Cold
4532,Africa,Cold
4533,America,Hot
4534,Asia,Hot
4535,Europe,Cold
4536,Asia,Hot
4537,America,Cold
4538,Africa,Temperate
4539,Asia,Temperate
4540,America,Hot
4541,Africa,Temperate
4542,Asia,Temperate
4543,America,Cold
4544,America,Cold
4545,Africa,Temperate
4546,Asia,Hot
4547,Asia,Hot
4548,America,Hot
4549,Asia,Temperate
4550,Africa,Temperate
4551,America,Hot
4552,America,Temperate
4553,Asia,Hot
4554,America,Cold
4555,Africa,Cold
4556,Europe,Hot
4557,America,Temperate
4558,Asia,Cold
4559,Asia,Hot
4560,Africa,Hot
4561,Asia,Temperate
4562,Asia,Temperate
4563,Europe,Cold
4564,America,Hot
4565,Asia,Hot
4566,Asia,Hot
4567,Europe,Cold
4568,America,Cold
4569,Africa,Cold
4570,Europe,Hot
4571,Europe,Temperate
4572,Asia,Hot
4573,Asia,Temperate
4574,Africa,Cold
4575,Africa,Hot
4576,Africa,Temperate
4577,Europe,Hot
4578,Europe,Hot
4579,Europe,Hot
4580,Africa,Hot
4581,America,Cold
4582,Africa,Cold
4583,Asia,Temperate
4584,Europe,Cold
4585,Asia,Cold
4586,Africa,Cold
4587,Asia,Cold
4588,Europe,Temperate
4589,America,Cold
4590,America,Cold
4591,Africa,Temperate
4592,America,Cold
4593,Europe,Temperate
4594,Africa,Cold
4595,Europe,Cold
4596,Asia,Hot
4597,Africa,Temperate
4598,America,Temperate
4599,Europe,Hot
4600,Africa,Temperate
4601,Africa,Temperate
4602,America,Temperate
4603,Europe,Hot
4604,Asia,Temperate
4605,America,Cold
4606,Africa,Cold
4607,Europe,Temperate
4608,Africa,Hot
4609,America,Cold
4610,Asia,Cold
4611,Asia,Cold
4612,Europe,Hot
4613,Asia,Temperate
4614,Africa,Cold
4615,Asia,Cold
4616,Asia,Temperate
4617,Asia,Temperate
4618,Africa,Cold
4619,Asia,Cold
4620,Africa,Cold
4621,Europe,Hot
4622,Africa,Temperate
4623,Africa,Hot
4624,Europe,Hot
4625,Asia,Hot
4626,Asia,Temperate
4627,Europe,Temperate
4628,Asia,Cold
4629,Asia,Hot
4630,Europe,Temperate
4631,Asia,Hot
4632,America,Hot
4633,Europe,Temperate
4634,Asia,Hot
4635,Asia,Cold
4636,Asia,Cold
4637,America,Hot
4638,Asia,Cold
4639,Europe,Hot
4640,America,Cold
4641,Africa,Hot
4642,Africa,Cold
4643,Europe,Cold
4644,Europe,Temperate
4645,Asia,Hot
4646,Asia,Cold
4647,America,Temperate
4648,America,Temperate
4649,America,Hot
4650,America,Cold
4651,Africa,Cold
4652,Africa,Cold
4653,Europe,Cold
4654,Europe,Temperate
4655,Asia,Temperate
4656,Asia,Temperate
4657,Asia,Hot
4658,Africa,Hot
4659,America,Temperate
4660,Africa,Cold
4661,Europe,Cold
4662,Africa,Temperate
4663,Asia,Cold
4664,Europe,Cold
4665,Africa,Hot
4666,America,Temperate
4667,Asia,Hot
4668,Europe,Hot
4669,Africa,Cold
4670,Europe,Temperate
4671,Europe,Temperate
4672,Africa,Cold
4673,Asia,Temperate
4674,Africa,Cold
4675,America,Hot
4676,America,Temperate
4677,Asia,Hot
4678,Europe,Hot
4679,Asia,Temperate
4680,Asia,Cold
4681,Europe,Hot
4682,Africa,Temperate
4683,Europe,Temperate
4684,Asia,Cold
4685,America,Hot
4686,Africa,Cold
4687,Africa,Temperate
4688,Europe,Temperate
4689,Europe,Cold
4690,Asia,Hot
4691,Africa,Cold
4692,Africa,Hot
4693,Europe,Hot
4694,Europe,Temperate
4695,America,Temperate
4696,Asia,Cold
4697,America,Hot
4698,Asia,Cold
4699,America,Hot
4700,Africa,Cold
4701,Europe,Cold
4702,Asia,Cold
4703,Africa,Temperate
4704,Asia,Cold
4705,Africa,Cold
4706,Asia,Hot
4707,Europe,Temperate
4708,Africa,Hot
4709,Europe,Cold
4710,Europe,Cold
4711,Africa,Cold
4712,Asia,Temperate
4713,Asia,Hot
4714,Africa,Temperate
4715,Africa,Cold
4716,America,Hot
4717,Europe,Cold
4718,Africa,Cold
4719,Africa,Temperate
4720,Africa,Cold
4721,Europe,Cold
4722,Europe,Cold
4723,Europe,Cold
4724,Europe,Hot
4725,America,Cold
4726,America,Temperate
4727,Africa,Temperate
4728,Europe,Hot
4729,Africa,Cold
4730,Europe,Temperate
4731,Africa,Temperate
4732,Asia,Temperate
4733,Europe,Cold
4734,Africa,Hot
4735,Africa,Hot
4736,Europe,Hot
4737,Europe,Temperate
4738,America,Hot
4739,Africa,Temperate
4740,Asia,Hot
4741,America,Temperate
4742,Europe,Cold
4743,Asia,Temperate
4744,Africa,Hot
4745,America,Temperate
4746,America,Cold
4747,Africa,Hot
4748,Asia,Cold
4749,Europe,Hot
4750,America,Cold
4751,Africa,Hot
4752,Europe,Cold
4753,Europe,Hot
4754,Asia,Temperate
4755,Africa,Cold
4756,Europe,Hot
4757,Europe,Hot
4758,America,Temperate
4759,Europe,Cold
4760,Africa,Hot
4761,America,Hot
4762,Asia,Temperate
4763,America,Temperate
4764,Asia,Cold
4765,Africa,Cold
4766,Asia,Temperate
4767,Asia,Cold
4768,Asia,Temperate
4769,Asia,Temperate
4770,Asia,Hot
4771,America,Cold
4772,Europe,Hot
4773,America,Temperate
4774,America,Temperate
4775,Africa,Cold
4776,Europe,Cold
4777,Europe,Temperate
4778,Africa,Temperate
4779,Europe,Cold
4780,Asia,Temperate
4781,Europe,Cold
4782,Africa,Hot
4783,America,Hot
4784,Europe,Temperate
4785,Asia,Temperate
4786,Africa,Cold
4787,Europe,Cold
4788,America,Hot
4789,Asia,Temperate
4790,Africa,Hot
4791,Africa,Cold
4792,Asia,Temperate
4793,Africa,Cold
4794,Africa,Hot
4795,America,Temperate
4796,Europe,Cold
4797,Asia,Cold
4798,Europe,Hot
4799,America,Hot
4800,Europe,Temperate
4801,America,Hot
4802,Europe,Cold
4803,Asia,Temperate
4804,Africa,Cold
4805,Asia,Temperate
4806,Africa,Cold
4807,Asia,Hot
4808,Africa,Hot
4809,Europe,Temperate
4810,Europe,Cold
4811,Africa,Hot
4812,Europe,Hot
4813,America,Hot
4814,Asia,Temperate
4815,Asia,Hot
4816,Asia,Cold
4817,Africa,Temperate
4818,Africa,Temperate
4819,Asia,Temperate
4820,Africa,Temperate
4821,America,Temperate
4822,America,Temperate
4823,Asia,Hot
4824,Europe,Temperate
4825,Europe,Hot
4826,Europe,Cold
4827,Asia,Hot
4828,Africa,Temperate
4829,Asia,Cold
4830,Asia,Temperate
4831,Asia,Temperate
4832,Europe,Temperate
4833,Europe,Hot
4834,Europe,Cold
4835,Asia,Cold
4836,Africa,Cold
4837,Africa,Hot
4838,Africa,Hot
4839,Africa,Hot
4840,Africa,Hot
4841,Africa,Cold
4842,Asia,Hot
4843,America,Temperate
4844,Europe,Cold
4845,Africa,Hot
4846,Europe,Hot
4847,America,Temperate
4848,America,Temperate
4849,Asia,Temperate
4850,Africa,Temperate
4851,America,Cold
4852,Europe,Temperate
4853,America,Temperate
4854,Asia,Hot
4855,Asia,Temperate
4856,America,Hot
4857,America,Temperate
4858,Africa,Cold
4859,America,Hot
4860,Europe,Hot
4861,Africa,Hot
4862,America,Hot
4863,Africa,Hot
4864,Africa,Temperate
4865,Africa,Temperate
4866,Asia,Cold
4867,Asia,Temperate
4868,America,Cold
4869,Asia,Cold
4870,America,Hot
4871,Europe,Cold
4872,Africa,Cold
4873,America,Cold
4874,Asia,Cold
4875,Asia,Cold
4876,Asia,Hot
4877,Asia,Cold
4878,America,Hot
4879,Asia,Temperate
4880,Europe,Cold
4881,America,Temperate
4882,Europe,Temperate
4883,Europe,Cold
4884,Africa,Temperate
4885,Europe,Hot
4886,Europe,Hot
4887,Africa,Temperate
4888,America,Cold
4889,America,Temperate
4890,America,Cold
4891,Europe,Temperate
4892,Europe,Cold
4893,America,Temperate
4894,America,Cold
4895,Europe,Temperate
4896,Asia,Cold
4897,Asia,Hot
4898,Africa,Hot
4899,America,Cold
4900,America,Cold
4901,Africa,Hot
4902,Africa,Cold
4903,Africa,Hot
4904,Africa,Hot
4905,America,Temperate
4906,America,Temperate
4907,Asia,Cold
4908,Asia,Cold
4909,Europe,Hot
4910,America,Hot
4911,Europe,Hot
4912,America,Temperate
4913,America,Hot
4914,Asia,Temperate
4915,Asia,Cold
4916,Europe,Temperate
4917,Europe,Cold
4918,Africa,Cold
4919,Europe,Cold
4920,America,Temperate
4921,America,Cold
4922,America,Temperate
4923,Asia,Temperate
4924,Africa,Cold
4925,America,Cold
4926,Africa,Temperate
4927,Africa,Cold
4928,America,Hot
4929,Africa,Cold
4930,America,Cold
4931,America,Hot
4932,America,Temperate
4933,Asia,Cold
4934,Asia,Hot
4935,Europe,Hot
4936,America,Temperate
4937,America,Temperate
4938,America,Temperate
4939,Europe,Hot
4940,Asia,Temperate
4941,Asia,Cold
4942,Europe,Cold
4943,America,Cold
4944,America,Hot
4945,Asia,Temperate
4946,America,Hot
4947,Asia,Hot
4948,America,Temperate
4949,Africa,Cold
4950,Asia,Hot
4951,Africa,Temperate
4952,Asia,Cold
4953,Europe,Temperate
4954,Asia,Temperate
4955,Asia,Cold
4956,America,Cold
4957,America,Hot
4958,Europe,Hot
4959,America,Cold
4960,America,Temperate
4961,Europe,Cold
4962,Europe,Cold
4963,Asia,Cold
4964,America,Hot
4965,America,Temperate
4966,Europe,Hot
4967,Asia,Hot
4968,America,Cold
4969,Europe,Cold
4970,Asia,Hot
4971,America,Cold
4972,America,Temperate
4973,Europe,Hot
4974,Europe,Cold
4975,Africa,Hot
4976,Asia,Temperate
4977,Europe,Hot
4978,Asia,Hot
4979,Europe,Hot
4980,Asia,Cold
4981,Asia,Hot
4982,America,Cold
4983,Asia,Cold
4984,Africa,Hot
4985,America,Hot
4986,Asia,Hot
4987,Europe,Hot
4988,Africa,Hot
4989,America,Hot
4990,Asia,Hot
4991,Europe,Cold
4992,Asia,Temperate
4993,Africa,Temperate
4994,Europe,Temperate
4995,Europe,Temperate
4996,Europe,Cold
4997,America,Temperate
4998,America,Hot
4999,Africa,Cold
5000,Europe,Temperate
5001,Asia,Temperate
5002,Asia,Temperate
5003,America,Temperate
5004,Europe,Temperate
5005,Africa,Temperate
5006,Europe,Cold
5007,Europe,Hot
5008,Europe,Temperate
5009,America,Temperate
5010,Asia,Temperate
5011,Asia,Cold
5012,Africa,Temperate
5013,America,Cold
5014,Africa,Cold
5015,Africa,Hot
5016,America,Cold
5017,Asia,Hot
5018,Asia,Temperate
5019,Asia,Temperate
5020,America,Temperate
5021,America,Temperate
5022,America,Cold
5023,Asia,Hot
5024,Africa,Cold
5025,Asia,Temperate
5026,Africa,Cold
5027,Asia,Temperate
5028,Europe,Hot
5029,America,Cold
5030,Africa,Hot
5031,Africa,Cold
5032,Asia,Hot
5033,Africa,Cold
5034,Europe,Cold
5035,Africa,Temperate
5036,Africa,Cold
5037,Europe,Hot
5038,America,Hot
5039,Asia,Hot
5040,Asia,Temperate
5041,America,Hot
5042,Europe,Temperate
5043,America,Hot
5044,Africa,Temperate
5045,Asia,Hot
5046,Asia,Temperate
5047,Asia,Cold
5048,Europe,Hot
5049,Europe,Temperate
5050,Africa,Temperate
5051,Europe,Temperate
5052,Europe,Temperate
5053,Europe,Hot
5054,America,Temperate
5055,America,Hot
5056,Asia,Cold
5057,Europe,Cold
5058,Europe,Cold
5059,Asia,Hot
5060,Europe,Cold
5061,America,Hot
5062,Europe,Cold
5063,America,Cold
5064,America,Hot
5065,Asia,Cold
5066,Africa,Hot
5067,Europe,Hot
5068,Africa,Cold
5069,Africa,Hot
5070,Africa,Temperate
5071,Asia,Temperate
5072,Africa,Cold
5073,Asia,Temperate
5074,Europe,Cold
5075,Africa,Hot
5076,America,Hot
5077,Africa,Temperate
5078,Africa,Temperate
5079,America,Temperate
5080,Europe,Hot
5081,America,Temperate
5082,Europe,Cold
5083,Asia,Hot
5084,Asia,Temperate
5085,America,Hot
5086,Asia,Hot
5087,America,Cold
5088,Asia,Cold
5089,America,Temperate
5090,America,Hot
5091,Asia,Cold
5092,Asia,Cold
5093,Europe,Temperate
5094,America,Hot
5095,Africa,Temperate
5096,Africa,Temperate
5097,Africa,Temperate
5098,America,Hot
5099,Europe,Hot
5100,Europe,Temperate
5101,America,Temperate
5102,Asia,Temperate
5103,Asia,Hot
5104,Africa,Temperate
5105,America,Cold
5106,Africa,Temperate
5107,Europe,Temperate
5108,America,Hot
5109,America,Hot
5110,Europe,Cold
5111,Africa,Temperate
5112,Europe,Hot
5113,Africa,Hot
5114,Africa,Hot
5115,Africa,Hot
5116,Africa,Hot
5117,Africa,Hot
5118,Africa,Temperate
5119,Africa,Hot
5120,Asia,Temperate
5121,Europe,Temperate
5122,Europe,Cold
5123,Africa,Cold
5124,Europe,Cold
5125,Asia,Temperate
5126,Europe,Temperate
5127,Asia,Temperate
5128,Asia,Hot
5129,Africa,Cold
5130,Europe,Hot
5131,Europe,Cold
5132,Asia,Cold
5133,Africa,Hot
5134,Africa,Temperate
5135,Asia,Cold
5136,America,Temperate
5137,America,Hot
5138,Europe,Cold
5139,Africa,Temperate
5140,Asia,Cold
5141,America,Temperate
5142,Africa,Temperate
5143,America,Temperate
5144,Asia,Hot
5145,Africa,Cold
5146,Africa,Temperate
5147,America,Hot
5148,Africa,Temperate
5149,Africa,Temperate
5150,Asia,Hot
5151,America,Hot
5152,Africa,Cold
5153,Europe,Hot
5154,Europe,Temperate
5155,Europe,Hot
5156,Africa,Hot
5157,Europe,Temperate
5158,Africa,Temperate
5159,Africa,Cold
5160,Asia,Temperate
5161,Europe,Hot
5162,Asia,Hot
5163,America,Temperate
5164,America,Cold
5165,Africa,Cold
5166,Africa,Temperate
5167,Asia,Hot
5168,Africa,Temperate
5169,America,Hot
5170,Asia,Hot
5171,Europe,Hot
5172,America,Temperate
5173,Africa,Hot
5174,Africa,Temperate
5175,Asia,Temperate
5176,Africa,Cold
5177,America,Cold
5178,Europe,Cold
5179,Europe,Temperate
5180,Europe,Temperate
5181,Africa,Temperate
5182,Asia,Cold
5183,Europe,Hot
5184,Europe,Hot
5185,Africa,Cold
5186,Asia,Cold
5187,Asia,Hot
5188,Europe,Cold
5189,America,Temperate
5190,Asia,Temperate
5191,Europe,Cold
5192,America,Temperate
5193,Africa,Temperate
5194,Europe,Temperate
5195,Africa,Hot
5196,Europe,Cold
5197,Africa,Temperate
5198,Africa,Cold
5199,America,Temperate
5200,Asia,Hot
5201,America,Temperate
5202,Europe,Hot
5203,Africa,Temperate
5204,Europe,Hot
5205,Africa,Temperate
5206,Europe,Temperate
5207,Asia,Hot
5208,Europe,Temperate
5209,Europe,Temperate
5210,Europe,Temperate
5211,America,Hot
5212,Europe,Cold
5213,America,Temperate
5214,America,Temperate
5215,America,Hot
5216,America,Cold
5217,Africa,Temperate
5218,Asia,Temperate
5219,Africa,Cold
5220,Europe,Temperate
5221,Europe,Cold
5222,Africa,Hot
5223,Europe,Hot
5224,America,Cold
5225,Asia,Hot
5226,Europe,Cold
5227,America,Temperate
5228,Asia,Hot
5229,Europe,Cold
5230,Asia,Cold
5231,Africa,Cold
5232,Africa,Temperate
5233,Europe,Temperate
5234,Europe,Temperate
5235,Africa,Hot
5236,Asia,Temperate
5237,America,Cold
5238,Africa,Temperate
5239,Europe,Hot
5240,Africa,Temperate
5241,Africa,Cold
5242,Europe,Hot
5243,America,Cold
5244,Europe,Temperate
5245,Europe,Hot
5246,Africa,Hot
5247,America,Cold
5248,Asia,Hot
5249,Africa,Hot
5250,Asia,Hot
5251,Asia,Cold
5252,Asia,Temperate
5253,Europe,Cold
5254,America,Temperate
5255,Europe,Temperate
5256,America,Hot
5257,Europe,Hot
5258,Asia,Temperate
5259,Asia,Temperate
5260,Asia,Hot
5261,Africa,Temperate
5262,Asia,Temperate
5263,Europe,Temperate
5264,Africa,Temperate
5265,Asia,Temperate
5266,America,Hot
5267,Europe,Hot
5268,Asia,Cold
5269,Europe,Temperate
5270,Europe,Cold
5271,Europe,Cold
5272,Asia,Hot
5273,Europe,Temperate
5274,Asia,Cold
5275,Europe,Cold
5276,America,Cold
5277,Asia,Hot
5278,America,Temperate
5279,Africa,Temperate
5280,America,Hot
5281,America,Temperate
5282,Europe,Hot
5283,Asia,Temperate
5284,Asia,Cold
5285,Asia,Temperate
5286,Europe,Cold
5287,Africa,Temperate
5288,America,Cold
5289,America,Temperate
5290,Europe,Cold
5291,Europe,Temperate
5292,Africa,Hot
5293,America,Temperate
5294,Africa,Cold
5295,Africa,Hot
5296,Europe,Hot
5297,Africa,Cold
5298,America,Hot
5299,Africa,Cold
5300,America,Hot
5301,Africa,Temperate
5302,Europe,Cold
5303,America,Hot
5304,America,Hot
5305,Africa,Cold
5306,America,Cold
5307,Europe,Cold
5308,Africa,Hot
5309,Africa,Hot
5310,Asia,Temperate
5311,Asia,Cold
5312,America,Temperate
5313,Europe,Cold
5314,Asia,Hot
5315,Asia,Cold
5316,Asia,Temperate
5317,Europe,Temperate
5318,Africa,Hot
5319,Europe,Temperate
5320,Asia,Temperate
5321,Europe,Hot
5322,America,Temperate
5323,Europe,Hot
5324,America,Hot
5325,Europe,Temperate
5326,America,Hot
5327,Africa,Cold
5328,Africa,Hot
5329,Asia,Temperate
5330,America,Cold
5331,Africa,Cold
5332,America,Cold
5333,Asia,Cold
5334,Africa,Hot
5335,Asia,Hot
5336,America,Hot
5337,Europe,Temperate
5338,Asia,Temperate
5339,Africa,Cold
5340,Asia,Temperate
5341,Africa,Hot
5342,Europe,Hot
5343,Europe,Hot
5344,Africa,Hot
5345,Asia,Hot
5346,Europe,Cold
5347,Asia,Hot
5348,Europe,Hot
5349,Europe,Hot
5350,Asia,Cold
5351,Africa,Hot
5352,Africa,Temperate
5353,Africa,Cold
5354,Africa,Cold
5355,Asia,Hot
5356,America,Hot
5357,Asia,Hot
5358,America,Cold
5359,Europe,Cold
5360,Europe,Temperate
5361,America,Hot
5362,Europe,Hot
5363,Asia,Hot
5364,America,Cold
5365,Europe,Cold
5366,Asia,Cold
5367,America,Cold
5368,Asia,Cold
5369,America,Temperate
5370,Asia,Cold
5371,Europe,Cold
5372,America,Temperate
5373,America,Cold
5374,Africa,Temperate
5375,Asia,Hot
5376,Europe,Temperate
5377,America,Hot
5378,Europe,Temperate
5379,Africa,Hot
5380,America,Temperate
5381,America,Hot
5382,Asia,Cold
5383,America,Temperate
5384,Asia,Cold
5385,Europe,Temperate
5386,Asia,Cold
5387,Africa,Hot
5388,Asia,Hot
5389,Europe,Hot
5390,Asia,Cold
5391,America,Temperate
5392,Asia,Cold
5393,America,Temperate
5394,America,Hot
5395,America,Temperate
5396,Asia,Hot
5397,America,Hot
5398,Asia,Cold
5399,Europe,Cold
5400,America,Hot
5401,Europe,Hot
5402,Asia,Temperate
5403,America,Hot
5404,Europe,Temperate
5405,Europe,Cold
5406,America,Hot
5407,Europe,Cold
5408,Asia,Temperate
5409,America,Temperate
5410,America,Hot
5411,America,Hot
5412,America,Hot
5413,Asia,Temperate
5414,Asia,Cold
5415,Asia,Hot
5416,America,Cold
5417,Africa,Hot
5418,Asia,Cold
5419,America,Temperate
5420,America,Hot
5421,America,Temperate
5422,Asia,Temperate
5423,Asia,Cold
5424,Africa,Cold
5425,Asia,Temperate
5426,Africa,Hot
5427,Africa,Cold
5428,Asia,Temperate
5429,America,Temperate
5430,Asia,Temperate
5431,Africa,Hot
5432,America,Cold
5433,Europe,Cold
5434,Africa,Temperate
5435,America,Hot
5436,Africa,Temperate
5437,Asia,Cold
5438,America,Hot
5439,Asia,Temperate
5440,America,Cold
5441,Europe,Cold
5442,Africa,Cold
5443,America,Hot
5444,Africa,Hot
5445,Europe,Cold
5446,America,Cold
5447,America,Hot
5448,Europe,Temperate
5449,Africa,Temperate
5450,Africa,Temperate
5451,Europe,Cold
5452,Asia,Cold
5453,Africa,Hot
5454,Africa,Cold
5455,Africa,Temperate
5456,America,Cold
5457,America,Temperate
5458,Africa,Hot
5459,Europe,Hot
5460,America,Hot
5461,America,Hot
5462,Europe,Hot
5463,Europe,Cold
5464,America,Temperate
5465,Europe,Temperate
5466,Europe,Temperate
5467,Asia,Cold
5468,Asia,Temperate
5469,Asia,Temperate
5470,Asia,Cold
5471,Europe,Temperate
5472,Europe,Cold
5473,America,Temperate
5474,Asia,Hot
5475,Europe,Hot
5476,America,Cold
5477,America,Cold
5478,Europe,Cold
5479,Africa,Cold
5480,Africa,Hot
5481,Asia,Hot
5482,Europe,Hot
5483,Africa,Cold
5484,Europe,Hot
5485,Africa,Hot
5486,Asia,Cold
5487,Europe,Cold
5488,Europe,Temperate
5489,Africa,Hot
5490,Asia,Cold
5491,America,Hot
5492,Africa,Hot
5493,America,Hot
5494,Asia,Hot
5495,America,Cold
5496,Asia,Temperate
5497,Asia,Hot
5498,America,Temperate
5499,America,Hot
5500,Europe,Temperate
5501,America,Cold
5502,Africa,Hot
5503,Europe,Hot
5504,America,Temperate
5505,Europe,Cold
5506,Europe,Hot
5507,Asia,Temperate
5508,Asia,Cold
5509,Asia,Cold
5510,Asia,Temperate
5511,Asia,Cold
5512,Asia,Hot
5513,Europe,Cold
5514,Asia,Cold
5515,Africa,Hot
5516,America,Hot
5517,America,Cold
5518,Asia,Temperate
5519,Europe,Hot
5520,Africa,Hot
5521,Europe,Temperate
5522,Europe,Hot
5523,Africa,Temperate
5524,Asia,Hot
5525,America,Cold
5526,America,Cold
5527,America,Temperate
5528,Europe,Cold
5529,Europe,Temperate
5530,America,Cold
5531,Africa,Temperate
5532,Asia,Temperate
5533,Africa,Cold
5534,Africa,Hot
5535,Europe,Hot
5536,Asia,Temperate
5537,America,Temperate
5538,Europe,Cold
5539,Asia,Cold
5540,America,Cold
5541,Africa,Temperate
5542,Asia,Cold
5543,Europe,Cold
5544,Asia,Cold
5545,Asia,Temperate
5546,Europe,Temperate
5547,Europe,Cold
5548,Europe,Temperate
5549,Africa,Hot
5550,America,Temperate
5551,Europe,Cold
5552,Africa,Cold
5553,Asia,Temperate
5554,Asia,Cold
5555,Europe,Hot
5556,Africa,Cold
5557,Africa,Temperate
5558,Africa,Temperate
5559,Europe,Temperate
5560,Europe,Temperate
5561,Africa,Cold
5562,Asia,Temperate
5563,Asia,Temperate
5564,Europe,Hot
5565,Europe,Cold
5566,Africa,Hot
5567,Africa,Cold
5568,Africa,Temperate
5569,Asia,Cold
5570,Africa,Temperate
5571,America,Temperate
5572,Africa,Hot
5573,America,Cold
5574,Europe,Cold
5575,Europe,Temperate
5576,Africa,Hot
5577,America,Hot
5578,Europe,Temperate
5579,Africa,Hot
5580,Africa,Hot
5581,Africa,Hot
5582,America,Temperate
5583,Europe,Hot
5584,Africa,Temperate
5585,Europe,Temperate
5586,Asia,Temperate
5587,Asia,Cold
5588,Europe,Temperate
5589,Asia,Cold
5590,Asia,Cold
5591,Asia,Cold
5592,Africa,Temperate
5593,America,Hot
5594,Asia,Cold
5595,Africa,Cold
5596,Europe,Hot
5597,Europe,Cold
5598,Asia,Cold
5599,Africa,Cold
5600,America,Temperate
5601,America,Cold
5602,Europe,Hot
5603,Europe,Hot
5604,Africa,Cold
5605,Asia,Temperate
5606,Europe,Cold
5607,Asia,Hot
5608,Asia,Hot
5609,Africa,Hot
5610,Asia,Temperate
5611,Europe,Cold
5612,Africa,Cold
5613,America,Temperate
5614,Asia,Cold
5615,Africa,Cold
5616,Africa,Hot
5617,America,Cold
5618,Africa,Cold
5619,America,Hot
5620,Asia,Cold
5621,Africa,Cold
5622,America,Cold
5623,America,Temperate
5624,Asia,Temperate
5625,Africa,Temperate
5626,Asia,Hot
5627,America,Hot
5628,Africa,Cold
5629,Asia,Temperate
5630,Europe,Hot
5631,Europe,Cold
5632,Africa,Cold
5633,Europe,Hot
5634,Asia,Cold
5635,Europe,Temperate
5636,Asia,Cold
5637,Asia,Hot
5638,Europe,Temperate
5639,America,Temperate
5640,Europe,Temperate
5641,Asia,Hot
5642,Europe,Hot
5643,Europe,Cold
5644,Africa,Cold
5645,Asia,Cold
5646,America,Cold
5647,Africa,Hot
5648,Asia,Cold
5649,Europe,Hot
5650,America,Cold
5651,Asia,Temperate
5652,Europe,Cold
5653,Africa,Cold
5654,Asia,Hot
5655,Africa,Cold
5656,Asia,Hot
5657,Africa,Hot
5658,Europe,Cold
5659,Asia,Hot
5660,Africa,Cold
5661,Europe,Hot
5662,Europe,Hot
5663,Asia,Temperate
5664,Asia,Temperate
5665,Asia,Hot
5666,Africa,Hot
5667,Europe,Hot
5668,Europe,Hot
5669,Asia,Cold
5670,Europe,Cold
5671,Europe,Cold
5672,Asia,Temperate
5673,America,Cold
5674,Europe,Hot
5675,Europe,Temperate
5676,America,Hot
5677,America,Cold
5678,Asia,Temperate
5679,Africa,Hot
5680,Asia,Hot
5681,Europe,Hot
5682,Asia,Cold
5683,Asia,Cold
5684,America,Hot
5685,Europe,Cold
5686,Europe,Hot
5687,Africa,Hot
5688,Africa,Cold
5689,America,Hot
5690,Europe,Hot
5691,Africa,Hot
5692,Africa,Hot
5693,Asia,Hot
5694,Asia,Hot
5695,Africa,Temperate
5696,Asia,Temperate
5697,Asia,Hot
5698,Europe,Hot
5699,Africa,Hot
5700,Africa,Cold
5701,America,Cold
5702,America,Temperate
5703,Europe,Temperate
5704,Europe,Temperate
5705,Europe,Cold
5706,Asia,Temperate
5707,Europe,Hot
5708,America,Temperate
5709,Europe,Temperate
5710,America,Hot
5711,America,Hot
5712,Europe,Temperate
5713,Europe,Cold
5714,Asia,Temperate
5715,Africa,Cold
5716,Europe,Cold
5717,America,Hot
5718,America,Cold
5719,Europe,Temperate
5720,Africa,Cold
5721,Africa,Cold
5722,Europe,Temperate
5723,Europe,Hot
5724,Africa,Cold
5725,America,Temperate
5726,Europe,Cold
5727,Asia,Cold
5728,Europe,Cold
5729,Europe,Cold
5730,Asia,Temperate
5731,Africa,Cold
5732,Africa,Temperate
5733,Africa,Hot
5734,Europe,Hot
5735,Africa,Hot
5736,Asia,Temperate
5737,Asia,Temperate
5738,Europe,Temperate
5739,Africa,Hot
5740,Africa,Cold
5741,Asia,Temperate
5742,Africa,Hot
5743,Asia,Temperate
5744,Europe,Temperate
5745,Asia,Hot
5746,Africa,Temperate
5747,Asia,Temperate
5748,Africa,Temperate
5749,America,Hot
5750,Europe,Hot
5751,America,Temperate
5752,Asia,Hot
5753,America,Temperate
5754,Europe,Temperate
5755,Europe,Temperate
5756,Asia,Temperate
5757,America,Cold
5758,Asia,Cold
5759,Asia,Temperate
5760,Europe,Temperate
5761,Asia,Hot
5762,Africa,Temperate
5763,Africa,Hot
5764,Africa,Cold
5765,Africa,Cold
5766,Europe,Hot
5767,Europe,Temperate
5768,America,Hot
5769,Europe,Cold
5770,Africa,Temperate
5771,Europe,Temperate
5772,Europe,Temperate
5773,Africa,Cold
5774,Asia,Temperate
5775,Europe,Cold
5776,Europe,Cold
5777,America,Cold
5778,Asia,Hot
5779,Europe,Cold
5780,Africa,Cold
5781,Asia,Hot
5782,Europe,Temperate
5783,Europe,Hot
5784,America,Temperate
5785,America,Hot
5786,Europe,Temperate
5787,America,Hot
5788,America,Hot
5789,Europe,Cold
5790,Africa,Temperate
5791,America,Hot
5792,Asia,Hot
5793,America,Temperate
5794,Africa,Hot
5795,Africa,Hot
5796,Europe,Cold
5797,Europe,Cold
5798,Europe,Temperate
5799,Asia,Temperate
5800,Africa,Cold
5801,Africa,Hot
5802,Africa,Hot
5803,Asia,Cold
5804,America,Hot
5805,America,Temperate
5806,Europe,Cold
5807,America,Hot
5808,Europe,Hot
5809,Asia,Temperate
5810,Asia,Temperate
5811,America,Temperate
5812,Europe,Temperate
5813,America,Cold
5814,America,Cold
5815,America,Cold
5816,Africa,Hot
5817,Europe,Hot
5818,Asia,Hot
5819,Asia,Hot
5820,America,Hot
5821,Europe,Cold
5822,America,Temperate
5823,America,Cold
5824,America,Temperate
5825,Africa,Temperate
5826,Asia,Cold
5827,Asia,Temperate
5828,America,Temperate
5829,Asia,Hot
5830,Europe,Hot
5831,Europe,Temperate
5832,Asia,Temperate
5833,America,Temperate
5834,America,Cold
5835,Europe,Temperate
5836,Africa,Temperate
5837,Europe,Hot
5838,Asia,Temperate
5839,America,Temperate
5840,Africa,Hot
5841,Europe,Temperate
5842,Asia,Temperate
5843,Asia,Cold
5844,America,Temperate
5845,America,Hot
5846,Africa,Temperate
5847,America,Temperate
5848,Europe,Temperate
5849,Europe,Temperate
5850,America,Hot
5851,America,Hot
5852,Europe,Temperate
5853,Europe,Temperate
5854,Africa,Hot
5855,Asia,Cold
5856,Asia,Temperate
5857,Asia,Temperate
5858,Europe,Hot
5859,Europe,Temperate
5860,Europe,Temperate
5861,Europe,Temperate
5862,Asia,Temperate
5863,Asia,Hot
5864,Africa,Temperate
5865,Africa,Cold
5866,Europe,Hot
5867,Africa,Hot
5868,Asia,Cold
5869,Asia,Cold
5870,Asia,Temperate
5871,Asia,Cold
5872,America,Temperate
5873,Europe,Temperate
5874,Europe,Temperate
5875,America,Hot
5876,Africa,Temperate
5877,Europe,Temperate
5878,Africa,Hot
5879,Asia,Temperate
5880,Africa,Hot
5881,Europe,Hot
5882,Europe,Temperate
5883,Asia,Temperate
5884,Europe,Temperate
5885,Asia,Hot
5886,Europe,Cold
5887,Asia,Hot
5888,Africa,Cold
5889,Africa,Cold
5890,America,Temperate
5891,Asia,Hot
5892,Africa,Hot
5893,America,Hot
5894,Europe,Hot
5895,Asia,Cold
5896,Africa,Temperate
5897,Africa,Cold
5898,America,Cold
5899,America,Cold
5900,America,Hot
5901,Europe,Cold
5902,Africa,Hot
5903,America,Hot
5904,Africa,Hot
5905,Asia,Hot
5906,Europe,Cold
5907,Africa,Cold
5908,Asia,Hot
5909,Africa,Temperate
5910,Asia,Hot
5911,Europe,Cold
5912,Europe,Hot
5913,Europe,Cold
5914,Africa,Cold
5915,Africa,Temperate
5916,Asia,Cold
5917,Europe,Hot
5918,Europe,Cold
5919,Asia,Hot
5920,Asia,Temperate
5921,America,Temperate
5922,Africa,Cold
5923,Europe,Temperate
5924,Africa,Cold
5925,Asia,Temperate
5926,Europe,Cold
5927,Asia,Cold
5928,Asia,Hot
5929,America,Cold
5930,America,Hot
5931,Europe,Cold
5932,Africa,Cold
5933,America,Cold
5934,Asia,Temperate
5935,Asia,Temperate
5936,Asia,Cold
5937,Africa,Temperate
5938,Africa,Cold
5939,Africa,Hot
5940,Europe,Hot
5941,Africa,Cold
5942,Asia,Hot
5943,Asia,Hot
5944,Europe,Temperate
5945,Africa,Hot
5946,America,Cold
5947,Europe,Temperate
5948,America,Cold
5949,Asia,Cold
5950,Africa,Cold
5951,Europe,Hot
5952,Africa,Hot
5953,Africa,Temperate
5954,America,Cold
5955,America,Hot
5956,Asia,Cold
5957,America,Hot
5958,America,Cold
5959,America,Cold
5960,Asia,Cold
5961,Asia,Hot
5962,America,Hot
5963,Europe,Hot
5964,America,Hot
5965,Europe,Temperate
5966,Europe,Cold
5967,America,Hot
5968,Africa,Hot
5969,Africa,Cold
5970,Asia,Cold
5971,Africa,Cold
5972,Africa,Hot
5973,Asia,Temperate
5974,Europe,Temperate
5975,Asia,Temperate
5976,Africa,Temperate
5977,America,Cold
5978,Asia,Temperate
5979,Africa,Temperate
5980,Asia,Temperate
5981,America,Temperate
5982,America,Cold
5983,America,Cold
5984,Africa,Hot
5985,Africa,Cold
5986,Asia,Temperate
5987,Africa,Hot
5988,America,Hot
5989,America,Cold
5990,Africa,Hot
5991,America,Cold
5992,America,Hot
5993,Africa,Temperate
5994,America,Temperate
5995,America,Temperate
5996,America,Hot
5997,Asia,Cold
5998,Europe,Hot
5999,America,Temperate
6000,Europe,Hot
6001,America,Temperate
6002,Asia,Temperate
6003,America,Cold
6004,Asia,Temperate
6005,Europe,Cold
6006,Asia,Hot
6007,Africa,Cold
6008,Asia,Cold
6009,Europe,Temperate
6010,Africa,Temperate
6011,Europe,Cold
6012,Europe,Temperate
6013,Africa,Hot
6014,America,Hot
6015,America,Temperate
6016,Europe,Cold
6017,Europe,Hot
6018,Europe,Cold
6019,Europe,Hot
6020,Asia,Hot
6021,America,Temperate
6022,Europe,Temperate
6023,America,Cold
6024,Asia,Temperate
6025,America,Temperate
6026,Europe,Temperate
6027,Europe,Hot
6028,Asia,Cold
6029,America,Cold
6030,Africa,Cold
6031,America,Temperate
6032,Africa,Cold
6033,Africa,Cold
6034,Europe,Hot
6035,Africa,Cold
6036,Europe,Temperate
6037,America,Hot
6038,America,Hot
6039,America,Hot
6040,Europe,Cold
6041,Africa,Hot
6042,Asia,Hot
6043,Asia,Hot
6044,Asia,Cold
6045,America,Hot
6046,America,Cold
6047,America,Temperate
6048,Asia,Cold
6049,America,Temperate
6050,Africa,Temperate
6051,Africa,Temperate
6052,America,Hot
6053,Africa,Cold
6054,Africa,Cold
6055,Asia,Hot
6056,America,Cold
6057,Europe,Hot
6058,Africa,Hot
6059,Africa,Cold
6060,America,Temperate
6061,Asia,Temperate
6062,Asia,Temperate
6063,Africa,Hot
6064,Europe,Temperate
6065,America,Hot
6066,America,Hot
6067,Africa,Temperate
6068,Asia,Temperate
6069,Asia,Hot
6070,Asia,Hot
6071,Asia,Temperate
6072,Asia,Cold
6073,America,Hot
6074,Asia,Hot
6075,Africa,Temperate
6076,Europe,Temperate
6077,Europe,Temperate
6078,Asia,Hot
6079,America,Temperate
6080,Africa,Cold
6081,Africa,Cold
6082,Asia,Temperate
6083,Asia,Hot
6084,Asia,Temperate
6085,Africa,Temperate
6086,America,Hot
6087,Africa,Cold
6088,Europe,Cold
6089,Europe,Hot
6090,Europe,Temperate
6091,Europe,Temperate
6092,Europe,Hot
6093,America,Cold
6094,Asia,Hot
6095,America,Hot
6096,America,Cold
6097,Africa,Hot
6098,America,Temperate
6099,Europe,Temperate
6100,Asia,Hot
6101,America,Hot
6102,America,Cold
6103,America,Hot
6104,Africa,Temperate
6105,Europe,Cold
6106,Asia,Hot
6107,Europe,Temperate
6108,Europe,Hot
6109,Africa,Hot
6110,Asia,Cold
6111,Africa,Hot
6112,America,Cold
6113,Europe,Cold
6114,Europe,Hot
6115,America,Cold
6116,Europe,Cold
6117,Africa,Cold
6118,Europe,Cold
6119,America,Hot
6120,Asia,Cold
6121,Europe,Hot
6122,Africa,Temperate
6123,Europe,Hot
6124,America,Cold
6125,America,Cold
6126,Asia,Temperate
6127,Asia,Temperate
6128,Africa,Hot
6129,Europe,Temperate
6130,Africa,Cold
6131,America,Hot
6132,Asia,Cold
6133,Africa,Cold
6134,Europe,Cold
6135,America,Cold
6136,Europe,Temperate
6137,Asia,Hot
6138,Asia,Cold
6139,Asia,Cold
6140,Asia,Hot
6141,Asia,Cold
6142,America,Hot
6143,Europe,Hot
6144,Europe,Temperate
6145,Europe,Hot
6146,Africa,Hot
6147,Africa,Hot
6148,Asia,Cold
6149,America,Hot
6150,America,Hot
6151,Europe,Temperate
6152,Asia,Temperate
6153,America,Temperate
6154,Europe,Temperate
6155,Europe,Hot
6156,Europe,Cold
6157,Europe,Cold
6158,Europe,Cold
6159,America,Temperate
6160,Europe,Temperate
6161,America,Hot
6162,America,Temperate
6163,Europe,Hot
6164,Africa,Hot
6165,Africa,Cold
6166,Asia,Temperate
6167,Europe,Temperate
6168,Asia,Hot
6169,Africa,Cold
6170,Europe,Hot
6171,Africa,Hot
6172,America,Hot
6173,America,Temperate
6174,Africa,Temperate
6175,Asia,Temperate
6176,Europe,Cold
6177,Asia,Temperate
6178,Europe,Cold
6179,Europe,Cold
6180,Europe,Temperate
6181,Africa,Temperate
6182,Africa,Cold
6183,Asia,Temperate
6184,Asia,Hot
6185,Asia,Cold
6186,Africa,Temperate
6187,Africa,Cold
6188,America,Cold
6189,Europe,Temperate
6190,Europe,Temperate
6191,America,Cold
6192,Asia,Temperate
6193,Europe,Temperate
6194,America,Cold
6195,Europe,Hot
6196,Africa,Temperate
6197,Africa,Hot
6198,Africa,Hot
6199,Asia,Hot
6200,Africa,Hot
6201,Asia,Temperate
6202,Europe,Hot
6203,Europe,Cold
6204,Europe,Temperate
6205,Europe,Temperate
6206,Africa,Hot
6207,Europe,Temperate
6208,Africa,Hot
6209,Europe,Hot
6210,Europe,Temperate
6211,Africa,Cold
6212,Asia,Temperate
6213,Africa,Temperate
6214,Asia,Temperate
6215,America,Cold
6216,Africa,Temperate
6217,Asia,Temperate
6218,America,Temperate
6219,Asia,Temperate
6220,Africa,Temperate
6221,America,Cold
6222,Asia,Temperate
6223,Africa,Temperate
6224,Asia,Hot
6225,Europe,Temperate
6226,Europe,Hot
6227,Europe,Temperate
6228,America,Temperate
6229,America,Temperate
6230,Africa,Hot
6231,America,Cold
6232,Asia,Cold
6233,America,Cold
6234,America,Temperate
6235,America,Cold
6236,Europe,Cold
6237,Africa,Hot
6238,America,Cold
6239,Africa,Temperate
6240,Asia,Temperate
6241,Africa,Temperate
6242,Africa,Hot
6243,America,Temperate
6244,Asia,Hot
6245,Europe,Temperate
6246,Asia,Temperate
6247,Europe,Hot
6248,Europe,Cold
6249,Europe,Hot
6250,Europe,Hot
6251,Africa,Temperate
6252,Europe,Hot
6253,Africa,Hot
6254,Asia,Temperate
6255,Europe,Temperate
6256,America,Cold
6257,Europe,Hot
6258,Europe,Cold
6259,Europe,Cold
6260,Europe,Cold
6261,America,Temperate
6262,Asia,Hot
6263,Europe,Cold
6264,America,Temperate
6265,America,Temperate
6266,Asia,Hot
6267,Asia,Cold
6268,Asia,Temperate
6269,America,Cold
6270,Africa,Hot
6271,Africa,Cold
6272,America,Temperate
6273,Europe,Cold
6274,America,Temperate
6275,America,Cold
6276,Asia,Hot
6277,Asia,Hot
6278,Europe,Temperate
6279,America,Hot
6280,Europe,Hot
6281,Asia,Cold
6282,America,Cold
6283,America,Cold
6284,Africa,Cold
6285,Asia,Cold
6286,Europe,Hot
6287,America,Hot
6288,Asia,Temperate
6289,Europe,Cold
6290,Africa,Temperate
6291,Asia,Cold
6292,Europe,Cold
6293,America,Hot
6294,Asia,Cold
6295,Africa,Cold
6296,Asia,Hot
6297,Europe,Cold
6298,Europe,Hot
6299,Asia,Cold
6300,Asia,Hot
6301,Europe,Temperate
6302,America,Cold
6303,Europe,Temperate
6304,Asia,Cold
6305,America,Cold
6306,Africa,Temperate
6307,Europe,Temperate
6308,Africa,Hot
6309,America,Cold
6310,Africa,Temperate
6311,Africa,Cold
6312,America,Hot
6313,America,Temperate
6314,Europe,Hot
6315,Africa,Cold
6316,Asia,Hot
6317,Asia,Hot
6318,America,Hot
6319,Asia,Hot
6320,Europe,Cold
6321,America,Hot
6322,America,Hot
6323,Africa,Hot
6324,America,Hot
6325,Asia,Hot
6326,America,Hot
6327,Africa,Cold
6328,Europe,Hot
6329,Asia,Cold
6330,America,Hot
6331,Europe,Cold
6332,Africa,Temperate
6333,Africa,Cold
6334,Europe,Temperate
6335,Africa,Temperate
6336,Africa,Cold
6337,Africa,Temperate
6338,Africa,Temperate
6339,America,Temperate
6340,Europe,Hot
6341,Europe,Hot
6342,Africa,Cold
6343,Africa,Cold
6344,Europe,Hot
6345,America,Cold
6346,Asia,Cold
6347,America,Hot
6348,America,Hot
6349,Asia,Hot
6350,Africa,Hot
6351,America,Temperate
6352,Africa,Hot
6353,Asia,Hot
6354,America,Hot
6355,Asia,Hot
6356,Europe,Hot
6357,Africa,Temperate
6358,America,Hot
6359,Europe,Temperate
6360,America,Temperate
6361,Africa,Temperate
6362,Africa,Cold
6363,Europe,Temperate
6364,Africa,Hot
6365,Asia,Hot
6366,Asia,Cold
6367,Europe,Hot
6368,Asia,Temperate
6369,Africa,Temperate
6370,Europe,Temperate
6371,America,Temperate
6372,Asia,Cold
6373,Europe,Temperate
6374,Europe,Hot
6375,Africa,Hot
6376,Africa,Temperate
6377,Europe,Cold
6378,Asia,Cold
6379,Asia,Temperate
6380,Europe,Temperate
6381,Europe,Temperate
6382,America,Hot
6383,America,Hot
6384,Asia,Cold
6385,Africa,Hot
6386,America,Cold
6387,Europe,Cold
6388,America,Cold
6389,Africa,Hot
6390,Africa,Hot
6391,Africa,Cold
6392,Europe,Cold
6393,Asia,Temperate
6394,Africa,Cold
6395,Africa,Cold
6396,Asia,Temperate
6397,Asia,Cold
6398,Africa,Hot
6399,Africa,Hot
6400,Europe,Cold
6401,Europe,Temperate
6402,Asia,Temperate
6403,Africa,Hot
6404,Asia,Hot
6405,Asia,Temperate
6406,America,Cold
6407,Europe,Cold
6408,America,Cold
6409,America,Cold
6410,Asia,Temperate
6411,Europe,Temperate
6412,America,Temperate
6413,Europe,Cold
6414,America,Cold
6415,America,Hot
6416,Asia,Temperate
6417,Europe,Temperate
6418,America,Cold
6419,Africa,Cold
6420,Africa,Cold
6421,Europe,Cold
6422,Africa,Temperate
6423,Asia,Cold
6424,Europe,Hot
6425,Africa,Cold
6426,Europe,Hot
6427,Asia,Hot
6428,Europe,Cold
6429,Africa,Cold
6430,Asia,Hot
6431,Asia,Cold
6432,Asia,Hot
6433,Asia,Hot
6434,America,Cold
6435,Asia,Hot
6436,Asia,Hot
6437,America,Hot
6438,Asia,Temperate
6439,Africa,Cold
6440,Europe,Cold
6441,Europe,Temperate
6442,Europe,Hot
6443,Asia,Temperate
6444,America,Hot
6445,Europe,Cold
6446,America,Cold
6447,Europe,Cold
6448,Europe,Hot
6449,Asia,Temperate
6450,Asia,Temperate
6451,America,Temperate
6452,Europe,Hot
6453,Africa,Cold
6454,Africa,Cold
6455,Europe,Cold
6456,Europe,Cold
6457,Africa,Temperate
6458,Europe,Cold
6459,America,Cold
6460,Europe,Cold
6461,Asia,Cold
6462,Asia,Hot
6463,Africa,Hot
6464,Europe,Temperate
6465,Asia,Cold
6466,Europe,Hot
6467,America,Temperate
6468,Asia,Hot
6469,Africa,Temperate
6470,Europe,Temperate
6471,Africa,Cold
6472,Asia,Temperate
6473,Asia,Cold
6474,Asia,Cold
6475,America,Cold
6476,America,Temperate
6477,Asia,Temperate
6478,Europe,Temperate
6479,America,Cold
6480,Asia,Temperate
6481,Europe,Hot
6482,Africa,Cold
6483,America,Hot
6484,Asia,Temperate
6485,America,Hot
6486,Europe,Hot
6487,Europe,Hot
6488,Europe,Cold
6489,America,Temperate
6490,Asia,Cold
6491,Europe,Temperate
6492,America,Cold
6493,Africa,Hot
6494,America,Hot
6495,America,Cold
6496,Africa,Hot
6497,Africa,Hot
6498,Africa,Temperate
6499,Africa,Temperate
6500,Europe,Cold
6501,Asia,Temperate
6502,Africa,Cold
6503,Asia,Cold
6504,Asia,Temperate
6505,Europe,Cold
6506,Asia,Hot
6507,Africa,Hot
6508,America,Hot
6509,America,Cold
6510,America,Temperate
6511,Asia,Cold
6512,America,Hot
6513,Europe,Hot
6514,America,Hot
6515,America,Temperate
6516,Asia,Hot
6517,Asia,Cold
6518,Asia,Hot
6519,Africa,Temperate
6520,Africa,Cold
6521,Asia,Hot
6522,America,Temperate
6523,Asia,Temperate
6524,Europe,Hot
6525,America,Temperate
6526,America,Hot
6527,Asia,Cold
6528,America,Cold
6529,America,Temperate
6530,Europe,Cold
6531,Europe,Hot
6532,Asia,Cold
6533,America,Cold
6534,Africa,Hot
6535,Europe,Hot
6536,Africa,Temperate
6537,Africa,Hot
6538,Africa,Hot
6539,Europe,Cold
6540,Europe,Hot
6541,America,Hot
6542,Asia,Cold
6543,America,Temperate
6544,Europe,Hot
6545,America,Cold
6546,Asia,Temperate
6547,America,Temperate
6548,Europe,Temperate
6549,Africa,Temperate
6550,America,Cold
6551,Europe,Temperate
6552,Africa,Cold
6553,Europe,Temperate
6554,America,Cold
6555,Africa,Temperate
6556,America,Cold
6557,Asia,Hot
6558,Africa,Hot
6559,Africa,Cold
6560,Europe,Temperate
6561,America,Hot
6562,Asia,Hot
6563,Europe,Cold
6564,Africa,Cold
6565,Africa,Cold
6566,Africa,Cold
6567,Africa,Cold
6568,Europe,Hot
6569,America,Cold
6570,America,Temperate
6571,Europe,Cold
6572,Europe,Temperate
6573,Asia,Hot
6574,America,Hot
6575,America,Cold
6576,Africa,Hot
6577,America,Hot
6578,Asia,Temperate
6579,Africa,Hot
6580,Europe,Cold
6581,Africa,Hot
6582,Africa,Hot
6583,America,Temperate
6584,Asia,Temperate
6585,Europe,Cold
6586,Africa,Hot
6587,America,Hot
6588,Europe,Temperate
6589,Asia,Hot
6590,Africa,Temperate
6591,Africa,Cold
6592,America,Temperate
6593,Africa,Cold
6594,America,Hot
6595,America,Hot
6596,America,Temperate
6597,Africa,Cold
6598,America,Temperate
6599,Europe,Hot
6600,Asia,Temperate
6601,Asia,Hot
6602,Africa,Temperate
6603,Asia,Cold
6604,Asia,Cold
6605,Europe,Cold
6606,Europe,Temperate
6607,America,Hot
6608,Europe,Temperate
6609,Europe,Hot
6610,Africa,Cold
6611,Europe,Cold
6612,America,Temperate
6613,Africa,Hot
6614,Asia,Hot
6615,Asia,Hot
6616,America,Temperate
6617,America,Hot
6618,Europe,Temperate
6619,Africa,Cold
6620,Africa,Cold
6621,Africa,Cold
6622,America,Cold
6623,Asia,Temperate
6624,Europe,Temperate
6625,Asia,Temperate
6626,Africa,Cold
6627,Asia,Cold
6628,Europe,Hot
6629,Europe,Temperate
6630,Europe,Hot
6631,Africa,Cold
6632,Asia,Hot
6633,America,Cold
6634,Africa,Hot
6635,Europe,Temperate
6636,America,Cold
6637,Africa,Temperate
6638,Europe,Temperate
6639,Asia,Hot
6640,America,Cold
6641,Europe,Hot
6642,America,Temperate
6643,Asia,Cold
6644,America,Hot
6645,Asia,Temperate
6646,Europe,Temperate
6647,America,Hot
6648,Asia,Temperate
6649,Asia,Temperate
6650,Europe,Hot
6651,Europe,Hot
6652,Europe,Temperate
6653,America,Hot
6654,Africa,Temperate
6655,Europe,Cold
6656,America,Temperate
6657,Europe,Hot
6658,America,Hot
6659,Asia,Temperate
6660,Asia,Temperate
6661,Asia,Temperate
6662,Africa,Cold
6663,America,Hot
6664,Africa,Cold
6665,Europe,Hot
6666,Asia,Cold
6667,Asia,Temperate
6668,Asia,Cold
6669,Africa,Temperate
6670,Europe,Hot
6671,Africa,Temperate
6672,Asia,Hot
6673,Africa,Hot
6674,Europe,Temperate
6675,Europe,Hot
6676,Asia,Hot
6677,Africa,Hot
6678,Asia,Cold
6679,Asia,Cold
6680,Europe,Hot
6681,Asia,Cold
6682,Asia,Cold
6683,Europe,Temperate
6684,Africa,Temperate
6685,Africa,Hot
6686,Africa,Temperate
6687,Europe,Hot
6688,Asia,Hot
6689,Africa,Temperate
6690,Europe,Temperate
6691,America,Temperate
6692,Africa,Hot
6693,Africa,Hot
6694,Africa,Cold
6695,Asia,Hot
6696,America,Temperate
6697,Europe,Hot
6698,Africa,Temperate
6699,Africa,Temperate
6700,Europe,Hot
6701,Europe,Temperate
6702,Europe,Hot
6703,Europe,Temperate
6704,America,Hot
6705,Europe,Cold
6706,Asia,Hot
6707,Europe,Temperate
6708,Africa,Temperate
6709,Asia,Hot
6710,Africa,Temperate
6711,Asia,Cold
6712,Europe,Hot
6713,Asia,Cold
6714,Africa,Cold
6715,America,Hot
6716,Asia,Cold
6717,Asia,Temperate
6718,Europe,Cold
6719,Africa,Temperate
6720,America,Cold
6721,Asia,Hot
6722,Africa,Temperate
6723,Asia,Cold
6724,America,Temperate
6725,Africa,Hot
6726,America,Temperate
6727,Africa,Temperate
6728,Africa,Temperate
6729,Europe,Cold
6730,Europe,Cold
6731,Africa,Temperate
6732,Africa,Hot
6733,Europe,Temperate
6734,Asia,Temperate
6735,Africa,Cold
6736,America,Temperate
6737,Africa,Temperate
6738,Europe,Hot
6739,Asia,Hot
6740,Africa,Temperate
6741,Africa,Temperate
6742,Africa,Hot
6743,Africa,Hot
6744,America,Temperate
6745,America,Temperate
6746,America,Temperate
6747,Europe,Cold
6748,Asia,Hot
6749,America,Hot
6750,America,Cold
6751,America,Hot
6752,Asia,Cold
6753,Africa,Hot
6754,Asia,Temperate
6755,America,Cold
6756,Asia,Cold
6757,America,Temperate
6758,Asia,Cold
6759,Africa,Hot
6760,Asia,Cold
6761,Asia,Temperate
6762,America,Cold
6763,Africa,Hot
6764,America,Temperate
6765,Europe,Cold
6766,Europe,Cold
6767,Europe,Temperate
6768,America,Temperate
6769,America,Hot
6770,Europe,Cold
6771,Asia,Temperate
6772,Africa,Hot
6773,Europe,Temperate
6774,Africa,Cold
6775,Europe,Cold
6776,Asia,Hot
6777,Africa,Hot
6778,America,Temperate
6779,Europe,Cold
6780,Asia,Cold
6781,Asia,Cold
6782,Asia,Hot
6783,Europe,Hot
6784,Africa,Cold
6785,Europe,Cold
6786,Asia,Temperate
6787,Asia,Hot
6788,America,Temperate
6789,Europe,Hot
6790,Africa,Temperate
6791,Europe,Temperate
6792,Africa,Temperate
6793,Africa,Cold
6794,America,Temperate
6795,Europe,Hot
6796,Africa,Temperate
6797,Africa,Cold
6798,America,Cold
6799,Asia,Cold
6800,America,Cold
6801,Asia,Temperate
6802,Asia,Temperate
6803,America,Hot
6804,Asia,Hot
6805,Africa,Temperate
6806,Africa,Hot
6807,Asia,Hot
6808,Europe,Hot
6809,Asia,Hot
6810,Europe,Cold
6811,Europe,Hot
6812,Asia,Temperate
6813,America,Temperate
6814,Europe,Hot
6815,Europe,Cold
6816,Asia,Cold
6817,Africa,Cold
6818,America,Hot
6819,Europe,Temperate
6820,Asia,Hot
6821,Africa,Temperate
6822,America,Temperate
6823,America,Cold
6824,America,Hot
6825,America,Temperate
6826,Africa,Temperate
6827,Africa,Temperate
6828,America,Temperate
6829,Africa,Temperate
6830,Africa,Cold
6831,Europe,Cold
6832,America,Temperate
6833,Africa,Hot
6834,Europe,Temperate
6835,Asia,Hot
6836,Asia,Temperate
6837,Asia,Cold
6838,America,Cold
6839,Africa,Hot
6840,Asia,Temperate
6841,America,Temperate
6842,Europe,Cold
6843,Europe,Hot
6844,Africa,Temperate
6845,Africa,Hot
6846,Asia,Cold
6847,Africa,Temperate
6848,America,Temperate
6849,Africa,Hot
6850,Asia,Cold
6851,Africa,Cold
6852,Europe,Hot
6853,America,Cold
6854,Africa,Cold
6855,Asia,Hot
6856,Europe,Hot
6857,Asia,Temperate
6858,Asia,Cold
6859,Africa,Cold
6860,America,Temperate
6861,America,Hot
6862,Asia,Cold
6863,America,Hot
6864,America,Cold
6865,America,Hot
6866,Europe,Temperate
6867,Europe,Cold
6868,Europe,Temperate
6869,Europe,Hot
6870,Africa,Cold
6871,Asia,Temperate
6872,Africa,Hot
6873,Europe,Temperate
6874,Africa,Hot
6875,Asia,Temperate
6876,Asia,Hot
6877,Africa,Hot
6878,Asia,Cold
6879,Europe,Temperate
6880,Africa,Cold
6881,Asia,Temperate
6882,Europe,Cold
6883,Africa,Temperate
6884,Asia,Hot
6885,America,Cold
6886,Asia,Temperate
6887,Europe,Temperate
6888,Asia,Cold
6889,Africa,Hot
6890,Europe,Temperate
6891,America,Temperate
6892,Africa,Hot
6893,America,Hot
6894,Europe,Cold
6895,Asia,Hot
6896,Europe,Cold
6897,Europe,Hot
6898,America,Temperate
6899,Africa,Hot
6900,Asia,Hot
6901,Africa,Hot
6902,Africa,Hot
6903,Asia,Hot
6904,Europe,Cold
6905,Africa,Cold
6906,Europe,Cold
6907,Asia,Temperate
6908,America,Cold
6909,America,Temperate
6910,America,Temperate
6911,Europe,Temperate
6912,America,Cold
6913,America,Hot
6914,Asia,Cold
6915,Asia,Cold
6916,America,Cold
6917,America,Cold
6918,Europe,Cold
6919,Asia,Cold
6920,Africa,Hot
6921,Africa,Cold
6922,Europe,Hot
6923,Africa,Temperate
6924,Asia,Temperate
6925,Africa,Hot
6926,America,Hot
6927,Africa,Temperate
6928,Europe,Cold
6929,Asia,Cold
6930,Africa,Hot
6931,Asia,Temperate
6932,Europe,Cold
6933,Africa,Hot
6934,America,Temperate
6935,Asia,Temperate
6936,Africa,Hot
6937,America,Hot
6938,Europe,Temperate
6939,America,Cold
6940,Europe,Temperate
6941,Asia,Cold
6942,Africa,Temperate
6943,Africa,Cold
6944,Asia,Temperate
6945,Europe,Hot
6946,Europe,Temperate
6947,Africa,Hot
6948,Asia,Cold
6949,Africa,Cold
6950,Europe,Temperate
6951,Europe,Hot
6952,America,Hot
6953,Europe,Cold
6954,Africa,Temperate
6955,America,Hot
6956,America,Hot
6957,Asia,Temperate
6958,America,Hot
6959,America,Cold
6960,America,Cold
6961,Africa,Temperate
6962,Asia,Hot
6963,Africa,Cold
6964,Asia,Hot
6965,Asia,Cold
6966,America,Cold
6967,Europe,Cold
6968,Europe,Hot
6969,Africa,Cold
6970,America,Temperate
6971,Asia,Temperate
6972,Europe,Hot
6973,Africa,Cold
6974,Europe,Temperate
6975,Asia,Temperate
6976,Europe,Cold
6977,Africa,Hot
6978,Africa,Hot
6979,Africa,Hot
6980,America,Hot
6981,America,Cold
6982,America,Hot
6983,Africa,Cold
6984,Europe,Cold
6985,Africa,Cold
6986,America,Hot
6987,Africa,Hot
6988,Europe,Cold
6989,Europe,Cold
6990,Asia,Cold
6991,Africa,Cold
6992,Europe,Cold
6993,Africa,Temperate
6994,America,Cold
6995,Europe,Cold
6996,Europe,Temperate
6997,America,Temperate
6998,Africa,Cold
6999,Asia,Cold
7000,Africa,Hot
7001,Asia,Temperate
7002,Asia,Cold
7003,Africa,Temperate
7004,America,Cold
7005,Asia,Hot
7006,Africa,Temperate
7007,Europe,Hot
7008,Asia,Cold
7009,Africa,Temperate
7010,Asia,Hot
7011,Africa,Cold
7012,Africa,Hot
7013,Asia,Hot
7014,Europe,Cold
7015,Europe,Cold
7016,Asia,Temperate
7017,Africa,Hot
7018,Europe,Temperate
7019,Africa,Cold
7020,Asia,Cold
7021,Africa,Hot
7022,Europe,Cold
7023,Europe,Hot
7024,Asia,Temperate
7025,Asia,Hot
7026,Asia,Cold
7027,Africa,Temperate
7028,Europe,Temperate
7029,Asia,Hot
7030,Europe,Temperate
7031,Europe,Hot
7032,America,Temperate
7033,Europe,Cold
7034,Europe,Cold
7035,Asia,Cold
7036,Asia,Temperate
7037,Africa,Cold
7038,Asia,Cold
7039,Europe,Cold
7040,Africa,Temperate
7041,Africa,Temperate
7042,Asia,Cold
7043,America,Cold
7044,America,Cold
7045,Asia,Temperate
7046,America,Cold
7047,Europe,Hot
7048,Asia,Cold
7049,Africa,Hot
7050,America,Temperate
7051,Europe,Temperate
7052,Europe,Hot
7053,America,Temperate
7054,Africa,Hot
7055,Africa,Hot
7056,Africa,Cold
7057,Africa,Cold
7058,Asia,Temperate
7059,Africa,Cold
7060,Asia,Temperate
7061,Africa,Temperate
7062,Africa,Temperate
7063,Africa,Temperate
7064,Asia,Hot
7065,Africa,Hot
7066,Asia,Cold
7067,Europe,Temperate
7068,Europe,Hot
7069,Africa,Hot
7070,America,Hot
7071,America,Temperate
7072,America,Hot
7073,Africa,Cold
7074,Africa,Temperate
7075,Africa,Cold
7076,Europe,Hot
7077,Asia,Temperate
7078,Africa,Hot
7079,America,Hot
7080,Europe,Hot
7081,Asia,Cold
7082,Africa,Temperate
7083,America,Temperate
7084,Europe,Temperate
7085,Africa,Temperate
7086,America,Cold
7087,Africa,Temperate
7088,Europe,Cold
7089,Africa,Temperate
7090,Africa,Cold
7091,Europe,Hot
7092,Africa,Hot
7093,Asia,Cold
7094,America,Cold
7095,Africa,Cold
7096,Europe,Cold
7097,Africa,Temperate
7098,America,Temperate
7099,Africa,Hot
7100,Africa,Hot
7101,America,Temperate
7102,America,Cold
7103,Asia,Cold
7104,Africa,Cold
7105,Europe,Temperate
7106,Europe,Temperate
7107,Europe,Hot
7108,Europe,Hot
7109,America,Hot
7110,Africa,Temperate
7111,Asia,Temperate
7112,Europe,Temperate
7113,America,Cold
7114,Africa,Hot
7115,America,Hot
7116,Asia,Hot
7117,Asia,Cold
7118,Europe,Temperate
7119,Africa,Hot
7120,Africa,Hot
7121,America,Cold
7122,America,Hot
7123,America,Cold
7124,Africa,Hot
7125,Africa,Cold
7126,Europe,Temperate
7127,Asia,Cold
7128,Asia,Temperate
7129,Europe,Hot
7130,Asia,Temperate
7131,Asia,Hot
7132,America,Hot
7133,Europe,Temperate
7134,Europe,Hot
7135,Asia,Hot
7136,Europe,Temperate
7137,America,Hot
7138,America,Temperate
7139,Africa,Temperate
7140,Africa,Hot
7141,America,Cold
7142,America,Temperate
7143,Asia,Hot
7144,Europe,Hot
7145,Africa,Cold
7146,America,Temperate
7147,Europe,Cold
7148,America,Temperate
7149,America,Hot
7150,America,Temperate
7151,Asia,Hot
7152,Asia,Hot
7153,Europe,Cold
7154,Europe,Hot
7155,Europe,Cold
7156,Africa,Temperate
7157,Asia,Temperate
7158,Asia,Hot
7159,Africa,Cold
7160,Africa,Cold
7161,Africa,Hot
7162,Asia,Cold
7163,Europe,Temperate
7164,Europe,Cold
7165,Asia,Temperate
7166,America,Cold
7167,Asia,Temperate
7168,Europe,Hot
7169,Africa,Temperate
7170,America,Temperate
7171,Africa,Temperate
7172,Asia,Hot
7173,Asia,Hot
7174,Asia,Cold
7175,America,Hot
7176,Asia,Temperate
7177,Europe,Temperate
7178,America,Hot
7179,Europe,Cold
7180,Asia,Temperate
7181,Europe,Temperate
7182,Africa,Temperate
7183,Africa,Cold
7184,Asia,Hot
7185,Africa,Temperate
7186,Asia,Temperate
7187,Europe,Hot
7188,America,Cold
7189,Asia,Hot
7190,Africa,Hot
7191,America,Cold
7192,Asia,Hot
7193,America,Cold
7194,Europe,Hot
7195,Europe,Cold
7196,America,Hot
7197,Asia,Hot
7198,America,Hot
7199,Africa,Hot
7200,Asia,Hot
7201,America,Cold
7202,Asia,Temperate
7203,Africa,Cold
7204,Asia,Temperate
7205,America,Temperate
7206,America,Hot
7207,America,Hot
7208,Europe,Hot
7209,Europe,Cold
7210,Africa,Temperate
7211,Europe,Cold
7212,Europe,Hot
7213,Africa,Temperate
7214,Asia,Cold
7215,Asia,Cold
7216,Africa,Cold
7217,Africa,Hot
7218,America,Hot
7219,Asia,Temperate
7220,Europe,Temperate
7221,America,Temperate
7222,Asia,Cold
7223,Europe,Temperate
7224,Europe,Hot
7225,Africa,Hot
7226,Europe,Hot
7227,Africa,Cold
7228,Europe,Cold
7229,Asia,Cold
7230,Europe,Hot
7231,Asia,Hot
7232,Africa,Hot
7233,America,Temperate
7234,Africa,Temperate
7235,America,Hot
7236,Europe,Cold
7237,Asia,Temperate
7238,Europe,Temperate
7239,Africa,Hot
7240,Asia,Cold
7241,Africa,Hot
7242,America,Hot
7243,Africa,Cold
7244,Europe,Hot
7245,Europe,Temperate
7246,Europe,Cold
7247,America,Temperate
7248,Europe,Hot
7249,Africa,Cold
7250,America,Temperate
7251,Africa,Temperate
7252,Asia,Temperate
7253,Europe,Cold
7254,Asia,Temperate
7255,Europe,Cold
7256,America,Temperate
7257,America,Cold
7258,Asia,Temperate
7259,Asia,Cold
7260,Europe,Hot
7261,America,Cold
7262,Europe,Cold
7263,Africa,Temperate
7264,Africa,Temperate
7265,Europe,Hot
7266,Europe,Hot
7267,Europe,Temperate
7268,Europe,Hot
7269,Asia,Hot
7270,Asia,Hot
7271,Asia,Cold
7272,Asia,Cold
7273,Africa,Hot
7274,Europe,Hot
7275,Asia,Temperate
7276,Asia,Hot
7277,America,Hot
7278,America,Hot
7279,Europe,Cold
7280,Asia,Temperate
7281,Asia,Hot
7282,Africa,Temperate
7283,Asia,Cold
7284,Europe,Temperate
7285,America,Temperate
7286,America,Temperate
7287,Asia,Cold
7288,Africa,Temperate
7289,Africa,Hot
7290,Europe,Hot
7291,Africa,Hot
7292,Asia,Cold
7293,Europe,Temperate
7294,Asia,Temperate
7295,Europe,Cold
7296,Africa,Temperate
7297,Africa,Hot
7298,Asia,Temperate
7299,America,Temperate
7300,Africa,Temperate
7301,America,Temperate
7302,Asia,Temperate
7303,Africa,Temperate
7304,Africa,Cold
7305,America,Hot
7306,Asia,Cold
7307,America,Cold
7308,Africa,Hot
7309,Europe,Cold
7310,Africa,Hot
7311,America,Hot
7312,Europe,Hot
7313,America,Hot
7314,Europe,Temperate
7315,Europe,Hot
7316,America,Cold
7317,America,Cold
7318,Europe,Temperate
7319,Europe,Temperate
7320,Africa,Temperate
7321,America,Cold
7322,Africa,Temperate
7323,Asia,Cold
7324,America,Temperate
7325,Asia,Temperate
7326,Asia,Hot
7327,America,Hot
7328,Asia,Cold
7329,Europe,Hot
7330,Africa,Hot
7331,Europe,Hot
7332,Asia,Hot
7333,Europe,Hot
7334,America,Hot
7335,Asia,Hot
7336,America,Cold
7337,Asia,Hot
7338,Asia,Hot
7339,America,Temperate
7340,Asia,Cold
7341,Africa,Cold
7342,America,Temperate
7343,Asia,Cold
7344,Africa,Cold
7345,Africa,Cold
7346,Asia,Hot
7347,Africa,Hot
7348,Asia,Hot
7349,Asia,Temperate
7350,Asia,Temperate
7351,Asia,Hot
7352,Africa,Hot
7353,Europe,Cold
7354,America,Temperate
7355,Europe,Temperate
7356,Asia,Cold
7357,Asia,Temperate
7358,Asia,Hot
7359,Europe,Hot
7360,America,Temperate
7361,Europe,Temperate
7362,America,Hot
7363,Asia,Temperate
7364,Africa,Temperate
7365,Africa,Cold
7366,Europe,Temperate
7367,Africa,Hot
7368,Africa,Temperate
7369,America,Temperate
7370,Asia,Hot
7371,Africa,Hot
7372,Asia,Temperate
7373,Asia,Temperate
7374,Asia,Temperate
7375,Asia,Temperate
7376,Africa,Temperate
7377,Europe,Temperate
7378,Africa,Cold
7379,Europe,Hot
7380,Europe,Temperate
7381,Asia,Hot
7382,Africa,Cold
7383,America,Hot
7384,Europe,Hot
7385,Europe,Hot
7386,Africa,Cold
7387,America,Temperate
7388,America,Cold
7389,Europe,Cold
7390,Africa,Cold
7391,America,Hot
7392,Asia,Cold
7393,America,Cold
7394,Europe,Hot
7395,Asia,Hot
7396,America,Hot
7397,America,Cold
7398,America,Hot
7399,Europe,Temperate
7400,Asia,Temperate
7401,Europe,Hot
7402,America,Cold
7403,Africa,Cold
7404,Asia,Temperate
7405,Africa,Cold
7406,Europe,Temperate
7407,Asia,Hot
7408,Asia,Temperate
7409,America,Cold
7410,Europe,Temperate
7411,America,Cold
7412,America,Temperate
7413,Europe,Hot
7414,America,Temperate
7415,Europe,Hot
7416,Africa,Hot
7417,America,Hot
7418,Asia,Cold
7419,Asia,Hot
7420,Africa,Cold
7421,Asia,Hot
7422,Africa,Temperate
7423,Africa,Temperate
7424,America,Hot
7425,Europe,Temperate
7426,Africa,Temperate
7427,Asia,Cold
7428,Asia,Cold
7429,Europe,Temperate
7430,America,Hot
7431,Asia,Hot
7432,America,Cold
7433,Africa,Temperate
7434,Asia,Cold
7435,Africa,Hot
7436,Asia,Cold
7437,Asia,Temperate
7438,Europe,Hot
7439,Africa,Temperate
7440,Europe,Hot
7441,Europe,Temperate
7442,Europe,Temperate
7443,Europe,Cold
7444,America,Hot
7445,America,Temperate
7446,America,Hot
7447,Africa,Cold
7448,America,Temperate
7449,Africa,Hot
7450,Asia,Cold
7451,America,Temperate
7452,Asia,Hot
7453,America,Cold
7454,Europe,Cold
7455,America,Temperate
7456,Africa,Temperate
7457,Asia,Temperate
7458,Europe,Hot
7459,America,Cold
7460,Europe,Cold
7461,Asia,Temperate
7462,Africa,Cold
7463,America,Temperate
7464,Asia,Temperate
7465,Asia,Cold
7466,Africa,Cold
7467,Asia,Hot
7468,Europe,Temperate
7469,America,Cold
7470,Asia,Temperate
7471,America,Cold
7472,America,Temperate
7473,Africa,Temperate
7474,America,Temperate
7475,Africa,Temperate
7476,Asia,Temperate
7477,Asia,Hot
7478,Asia,Cold
7479,America,Cold
7480,America,Hot
7481,Europe,Hot
7482,America,Hot
7483,Africa,Hot
7484,Europe,Temperate
7485,America,Hot
7486,Europe,Hot
7487,America,Hot
7488,America,Hot
7489,Europe,Temperate
7490,Africa,Hot
7491,Africa,Cold
7492,America,Cold
7493,Europe,Temperate
7494,Africa,Temperate
7495,Africa,Cold
7496,Africa,Temperate
7497,Asia,Cold
7498,Africa,Temperate
7499,America,Temperate
7500,America,Hot
7501,Africa,Cold
7502,Africa,Temperate
7503,Europe,Cold
7504,Asia,Temperate
7505,America,Cold
7506,Asia,Hot
7507,Europe,Hot
7508,Africa,Hot
7509,Africa,Cold
7510,Asia,Cold
7511,America,Temperate
7512,Africa,Hot
7513,Asia,Cold
7514,Europe,Cold
7515,Asia,Hot
7516,Asia,Cold
7517,America,Temperate
7518,Asia,Hot
7519,Asia,Hot
7520,Asia,Hot
7521,America,Hot
7522,Europe,Cold
7523,America,Hot
7524,Africa,Temperate
7525,Africa,Hot
7526,Asia,Cold
7527,Africa,Temperate
7528,America,Temperate
7529,Asia,Temperate
7530,America,Temperate
7531,Africa,Hot
7532,Africa,Hot
7533,America,Temperate
7534,America,Cold
7535,Africa,Cold
7536,Africa,Temperate
7537,America,Cold
7538,America,Temperate
7539,Europe,Temperate
7540,America,Hot
7541,Asia,Hot
7542,America,Temperate
7543,Asia,Hot
7544,Europe,Cold
7545,Europe,Hot
7546,Europe,Temperate
7547,America,Temperate
7548,Europe,Temperate
7549,Europe,Cold
7550,Asia,Hot
7551,America,Hot
7552,Europe,Hot
7553,Asia,Temperate
7554,Asia,Cold
7555,America,Temperate
7556,Africa,Hot
7557,Africa,Cold
7558,America,Hot
7559,Africa,Temperate
7560,Europe,Temperate
7561,Europe,Cold
7562,America,Cold
7563,Africa,Cold
7564,Europe,Hot
7565,Africa,Hot
7566,Asia,Cold
7567,Asia,Temperate
7568,America,Temperate
7569,Asia,Cold
7570,Asia,Temperate
7571,Africa,Temperate
7572,Asia,Temperate
7573,America,Cold
7574,Asia,Hot
7575,Europe,Hot
7576,America,Hot
7577,America,Cold
7578,America,Temperate
7579,Asia,Hot
7580,Asia,Temperate
7581,America,Temperate
7582,Africa,Cold
7583,America,Cold
7584,Europe,Cold
7585,Europe,Cold
7586,Europe,Hot
7587,Europe,Temperate
7588,America,Hot
7589,America,Temperate
7590,America,Hot
7591,America,Temperate
7592,America,Cold
7593,Africa,Cold
7594,Africa,Temperate
7595,Africa,Hot
7596,America,Temperate
7597,Asia,Cold
7598,America,Cold
7599,Europe,Cold
7600,America,Hot
7601,Europe,Temperate
7602,Africa,Hot
7603,Europe,Cold
7604,America,Cold
7605,Asia,Hot
7606,Europe,Temperate
7607,Asia,Hot
7608,America,Cold
7609,America,Temperate
7610,Europe,Temperate
7611,Europe,Temperate
7612,Africa,Cold
7613,Asia,Cold
7614,Europe,Cold
7615,America,Cold
7616,Europe,Hot
7617,America,Temperate
7618,Africa,Hot
7619,Asia,Cold
7620,Asia,Cold
7621,Africa,Temperate
7622,Europe,Temperate
7623,Asia,Cold
7624,Africa,Cold
7625,Africa,Temperate
7626,Africa,Cold
7627,Africa,Hot
7628,Africa,Hot
7629,America,Temperate
7630,Europe,Hot
7631,Asia,Cold
7632,Africa,Temperate
7633,America,Cold
7634,Europe,Cold
7635,Europe,Temperate
7636,America,Cold
7637,Africa,Hot
7638,Asia,Cold
7639,Africa,Hot
7640,America,Cold
7641,Africa,Temperate
7642,Asia,Cold
7643,America,Temperate
7644,Africa,Temperate
7645,Europe,Cold
7646,America,Hot
7647,Europe,Cold
7648,Asia,Hot
7649,Asia,Cold
7650,Africa,Hot
7651,Europe,Temperate
7652,Europe,Hot
7653,Africa,Temperate
7654,Asia,Temperate
7655,Europe,Cold
7656,Europe,Temperate
7657,Africa,Temperate
7658,Asia,Cold
7659,Africa,Hot
7660,Europe,Cold
7661,Africa,Hot
7662,Africa,Hot
7663,Asia,Cold
7664,Africa,Temperate
7665,America,Hot
7666,America,Temperate
7667,America,Hot
7668,Europe,Cold
7669,Europe,Hot
7670,Asia,Temperate
7671,Africa,Temperate
7672,Asia,Temperate
7673,Africa,Cold
7674,Asia,Cold
7675,Africa,Temperate
7676,America,Cold
7677,Asia,Cold
7678,Africa,Cold
7679,America,Cold
7680,Europe,Cold
7681,Africa,Cold
7682,Africa,Cold
7683,Africa,Cold
7684,Asia,Cold
7685,Europe,Hot
7686,Asia,Temperate
7687,Europe,Cold
7688,Asia,Hot
7689,Africa,Hot
7690,Africa,Hot
7691,Asia,Hot
7692,Africa,Hot
7693,Asia,Temperate
7694,Asia,Hot
7695,Europe,Temperate
7696,Africa,Hot
7697,Africa,Temperate
7698,Africa,Temperate
7699,Asia,Hot
7700,Europe,Cold
7701,Africa,Temperate
7702,America,Cold
7703,Asia,Cold
7704,Africa,Hot
7705,Europe,Cold
7706,Asia,Temperate
7707,Asia,Hot
7708,Asia,Cold
7709,Asia,Cold
7710,America,Hot
7711,Europe,Hot
7712,Asia,Hot
7713,Asia,Cold
7714,Asia,Hot
7715,Europe,Hot
7716,Africa,Hot
7717,America,Temperate
7718,America,Temperate
7719,America,Hot
7720,Africa,Temperate
7721,Europe,Cold
7722,Europe,Hot
7723,America,Cold
7724,America,Hot
7725,Asia,Cold
7726,Europe,Temperate
7727,Africa,Hot
7728,Africa,Hot
7729,Africa,Temperate
7730,Europe,Cold
7731,America,Hot
7732,America,Temperate
7733,Europe,Temperate
7734,America,Temperate
7735,Asia,Temperate
7736,Asia,Cold
7737,Asia,Hot
7738,Asia,Hot
7739,Asia,Temperate
7740,Europe,Temperate
7741,Africa,Temperate
7742,America,Hot
7743,Asia,Hot
7744,Asia,Hot
7745,Africa,Temperate
7746,Africa,Cold
7747,Africa,Hot
7748,Africa,Cold
7749,Europe,Hot
7750,America,Temperate
7751,Africa,Temperate
7752,America,Hot
7753,Asia,Temperate
7754,Africa,Temperate
7755,Asia,Hot
7756,Europe,Cold
7757,Asia,Cold
7758,Europe,Temperate
7759,Asia,Temperate
7760,America,Cold
7761,Europe,Hot
7762,Africa,Hot
7763,Europe,Cold
7764,Africa,Temperate
7765,Europe,Hot
7766,Africa,Cold
7767,Europe,Cold
7768,Asia,Temperate
7769,Asia,Cold
7770,Asia,Cold
7771,Africa,Temperate
7772,Asia,Hot
7773,America,Cold
7774,America,Temperate
7775,Asia,Temperate
7776,Europe,Hot
7777,Asia,Cold
7778,Africa,Cold
7779,Africa,Cold
7780,America,Cold
7781,Europe,Cold
7782,Africa,Hot
7783,Africa,Cold
7784,America,Temperate
7785,Europe,Cold
7786,America,Hot
7787,Asia,Hot
7788,Europe,Cold
7789,Europe,Cold
7790,Asia,Temperate
7791,Europe,Temperate
7792,America,Cold
7793,America,Hot
7794,Africa,Temperate
7795,America,Cold
7796,America,Hot
7797,Europe,Hot
7798,America,Temperate
7799,America,Hot
7800,Asia,Cold
7801,Asia,Cold
7802,Europe,Cold
7803,Asia,Cold
7804,America,Hot
7805,Europe,Hot
7806,America,Cold
7807,Africa,Hot
7808,Africa,Cold
7809,Asia,Cold
7810,America,Temperate
7811,Asia,Cold
7812,Europe,Hot
7813,America,Hot
7814,Africa,Hot
7815,Asia,Cold
7816,America,Temperate
7817,America,Temperate
7818,Africa,Cold
7819,Europe,Temperate
7820,Africa,Cold
7821,Europe,Cold
7822,Asia,Hot
7823,Asia,Hot
7824,Asia,Temperate
7825,Asia,Cold
7826,Europe,Cold
7827,Europe,Temperate
7828,Asia,Cold
7829,Asia,Cold
7830,America,Cold
7831,America,Hot
7832,Africa,Cold
7833,Europe,Temperate
7834,Africa,Cold
7835,Europe,Cold
7836,Europe,Temperate
7837,Asia,Hot
7838,Asia,Temperate
7839,Africa,Temperate
7840,Asia,Cold
7841,Asia,Temperate
7842,Asia,Hot
7843,America,Temperate
7844,Europe,Cold
7845,Asia,Cold
7846,Asia,Temperate
7847,Europe,Hot
7848,Africa,Temperate
7849,America,Cold
7850,America,Temperate
7851,America,Hot
7852,America,Hot
7853,Asia,Temperate
7854,Asia,Temperate
7855,Europe,Hot
7856,America,Temperate
7857,America,Cold
7858,Asia,Cold
7859,America,Temperate
7860,Asia,Cold
7861,Europe,Cold
7862,Africa,Cold
7863,Europe,Temperate
7864,Asia,Cold
7865,Africa,Cold
7866,Europe,Hot
7867,Asia,Cold
7868,Asia,Cold
7869,Africa,Temperate
7870,Africa,Cold
7871,America,Temperate
7872,Asia,Hot
7873,Africa,Cold
7874,Asia,Hot
7875,Africa,Hot
7876,Europe,Cold
7877,America,Hot
7878,America,Cold
7879,Europe,Hot
7880,America,Temperate
7881,Africa,Temperate
7882,Africa,Temperate
7883,America,Temperate
7884,Asia,Hot
7885,Asia,Hot
7886,Asia,Hot
7887,Europe,Hot
7888,Europe,Hot
7889,Europe,Cold
7890,Africa,Temperate
7891,America,Temperate
7892,Europe,Cold
7893,Africa,Temperate
7894,Africa,Temperate
7895,Africa,Temperate
7896,Europe,Cold
7897,Europe,Hot
7898,Africa,Hot
7899,Europe,Hot
7900,Africa,Hot
7901,Africa,Temperate
7902,Europe,Cold
7903,Africa,Hot
7904,Europe,Cold
7905,Europe,Temperate
7906,America,Hot
7907,Africa,Temperate
7908,Asia,Temperate
7909,Europe,Hot
7910,Africa,Cold
7911,Asia,Hot
7912,America,Temperate
7913,America,Cold
7914,Asia,Cold
7915,America,Hot
7916,Asia,Hot
7917,America,Hot
7918,America,Cold
7919,Africa,Cold
7920,America,Hot
7921,Africa,Temperate
7922,Asia,Cold
7923,America,Temperate
7924,Africa,Hot
7925,Europe,Hot
7926,Asia,Temperate
7927,America,Hot
7928,Asia,Temperate
7929,America,Temperate
7930,Asia,Cold
7931,Asia,Temperate
7932,Africa,Hot
7933,Asia,Hot
7934,Asia,Hot
7935,America,Hot
7936,Asia,Hot
7937,Asia,Cold
7938,Europe,Cold
7939,Asia,Cold
7940,Africa,Temperate
7941,Europe,Cold
7942,America,Temperate
7943,Europe,Temperate
7944,Asia,Cold
7945,America,Hot
7946,Africa,Cold
7947,Europe,Temperate
7948,America,Temperate
7949,Europe,Temperate
7950,America,Cold
7951,Africa,Cold
7952,Europe,Temperate
7953,Asia,Cold
7954,America,Cold
7955,Europe,Temperate
7956,America,Cold
7957,Asia,Cold
7958,America,Hot
7959,Africa,Hot
7960,America,Cold
7961,America,Cold
7962,Africa,Cold
7963,America,Temperate
7964,America,Cold
7965,America,Cold
7966,Europe,Hot
7967,Africa,Cold
7968,Asia,Hot
7969,Asia,Cold
7970,Asia,Temperate
7971,Europe,Cold
7972,America,Cold
7973,America,Hot
7974,Asia,Hot
7975,Asia,Hot
7976,Africa,Cold
7977,Europe,Temperate
7978,America,Hot
7979,Africa,Cold
7980,Asia,Cold
7981,Asia,Cold
7982,Africa,Hot
7983,America,Cold
7984,America,Cold
7985,Africa,Hot
7986,America,Cold
7987,Africa,Cold
7988,Asia,Temperate
7989,America,Cold
7990,Africa,Temperate
7991,America,Hot
7992,Europe,Hot
7993,America,Temperate
7994,Europe,Temperate
7995,Africa,Temperate
7996,Europe,Cold
7997,Europe,Cold
7998,Europe,Temperate
7999,Africa,Temperate
8000,America,Temperate
8001,Europe,Hot
8002,Europe,Cold
8003,Asia,Cold
8004,Africa,Hot
8005,Asia,Cold
8006,Asia,Temperate
8007,Africa,Cold
8008,America,Temperate
8009,America,Hot
8010,America,Hot
8011,America,Cold
8012,Europe,Temperate
8013,Asia,Temperate
8014,Europe,Cold
8015,Europe,Hot
8016,Europe,Temperate
8017,America,Cold
8018,Africa,Temperate
8019,Asia,Temperate
8020,Asia,Temperate
8021,Africa,Cold
8022,Europe,Hot
8023,Europe,Hot
8024,Europe,Hot
8025,America,Cold
8026,Africa,Cold
8027,Asia,Hot
8028,America,Cold
8029,America,Hot
8030,Asia,Hot
8031,Africa,Cold
8032,Asia,Temperate
8033,Asia,Temperate
8034,Africa,Cold
8035,Asia,Cold
8036,Europe,Hot
8037,Europe,Temperate
8038,Africa,Temperate
8039,America,Hot
8040,America,Hot
8041,America,Temperate
8042,Europe,Hot
8043,America,Temperate
8044,Europe,Cold
8045,Europe,Cold
8046,Asia,Temperate
8047,Asia,Temperate
8048,America,Hot
8049,America,Cold
8050,Europe,Temperate
8051,America,Hot
8052,America,Temperate
8053,Europe,Cold
8054,Africa,Temperate
8055,America,Temperate
8056,Europe,Temperate
8057,America,Temperate
8058,America,Temperate
8059,Africa,Cold
8060,Europe,Hot
8061,Asia,Cold
8062,Africa,Hot
8063,America,Hot
8064,Europe,Cold
8065,Africa,Temperate
8066,Europe,Hot
8067,Asia,Temperate
8068,Africa,Cold
8069,Africa,Hot
8070,Asia,Hot
8071,America,Cold
8072,America,Cold
8073,Europe,Temperate
8074,Asia,Cold
8075,Asia,Temperate
8076,Africa,Hot
8077,Europe,Temperate
8078,America,Hot
8079,Africa,Hot
8080,Africa,Hot
8081,Africa,Cold
8082,Africa,Temperate
8083,America,Temperate
8084,Asia,Temperate
8085,America,Temperate
8086,Europe,Hot
8087,America,Hot
8088,Asia,Temperate
8089,America,Cold
8090,America,Cold
8091,Africa,Cold
8092,Africa,Temperate
8093,Africa,Hot
8094,Asia,Cold
8095,America,Cold
8096,America,Cold
8097,Asia,Temperate
8098,Europe,Hot
8099,Europe,Hot
8100,America,Temperate
8101,Africa,Hot
8102,Asia,Hot
8103,Asia,Cold
8104,Africa,Hot
8105,Africa,Temperate
8106,Africa,Hot
8107,America,Cold
8108,Africa,Cold
8109,Asia,Temperate
8110,Africa,Hot
8111,Europe,Hot
8112,America,Cold
8113,Africa,Hot
8114,Africa,Cold
8115,America,Temperate
8116,Africa,Hot
8117,Europe,Cold
8118,Asia,Temperate
8119,Europe,Hot
8120,Europe,Cold
8121,Asia,Cold
8122,Europe,Hot
8123,Asia,Temperate
8124,Africa,Hot
8125,America,Cold
8126,Asia,Cold
8127,Europe,Temperate
8128,Africa,Temperate
8129,Europe,Temperate
8130,Africa,Temperate
8131,Europe,Temperate
8132,Africa,Cold
8133,Africa,Cold
8134,Europe,Temperate
8135,Europe,Cold
8136,Africa,Hot
8137,Europe,Temperate
8138,Europe,Hot
8139,Africa,Temperate
8140,America,Cold
8141,Asia,Temperate
8142,Africa,Cold
8143,Asia,Cold
8144,America,Cold
8145,Europe,Cold
8146,Asia,Temperate
8147,Europe,Hot
8148,Africa,Temperate
8149,Africa,Cold
8150,America,Temperate
8151,Africa,Hot
8152,Europe,Temperate
8153,Europe,Cold
8154,America,Cold
8155,Europe,Cold
8156,Africa,Temperate
8157,Europe,Temperate
8158,America,Hot
8159,Asia,Hot
8160,Africa,Hot
8161,America,Cold
8162,Europe,Temperate
8163,Europe,Temperate
8164,America,Cold
8165,Asia,Cold
8166,America,Hot
8167,Africa,Cold
8168,America,Cold
8169,America,Cold
8170,Asia,Hot
8171,Europe,Cold
8172,Europe,Hot
8173,Asia,Temperate
8174,Africa,Cold
8175,America,Cold
8176,America,Hot
8177,Europe,Temperate
8178,Asia,Temperate
8179,Africa,Cold
8180,Europe,Temperate
8181,Asia,Hot
8182,Asia,Hot
8183,Africa,Hot
8184,America,Hot
8185,Europe,Hot
8186,Africa,Temperate
8187,America,Temperate
8188,Africa,Cold
8189,America,Cold
8190,Europe,Temperate
8191,Europe,Temperate
8192,Africa,Cold
8193,Africa,Cold
8194,America,Hot
8195,America,Temperate
8196,Europe,Temperate
8197,Asia,Temperate
8198,Asia,Temperate
8199,America,Hot
8200,America,Temperate
8201,Europe,Hot
8202,Asia,Temperate
8203,Asia,Cold
8204,Africa,Temperate
8205,Africa,Cold
8206,Africa,Cold
8207,America,Temperate
8208,Asia,Hot
8209,Africa,Temperate
8210,America,Temperate
8211,Asia,Temperate
8212,Asia,Temperate
8213,Africa,Temperate
8214,Europe,Cold
8215,Asia,Temperate
8216,Asia,Temperate
8217,Europe,Temperate
8218,Africa,Hot
8219,Asia,Cold
8220,Europe,Hot
8221,Europe,Hot
8222,Europe,Cold
8223,Africa,Temperate
8224,Europe,Cold
8225,America,Cold
8226,Africa,Temperate
8227,Europe,Cold
8228,America,Temperate
8229,Asia,Temperate
8230,Asia,Temperate
8231,Europe,Cold
8232,Asia,Temperate
8233,Africa,Hot
8234,Europe,Cold
8235,Asia,Hot
8236,Europe,Hot
8237,Asia,Hot
8238,Africa,Cold
8239,Europe,Temperate
8240,America,Hot
8241,Asia,Hot
8242,America,Temperate
8243,Europe,Temperate
8244,Asia,Hot
8245,Europe,Hot
8246,Africa,Cold
8247,Africa,Temperate
8248,Asia,Temperate
8249,Africa,Cold
8250,America,Cold
8251,Africa,Cold
8252,Africa,Hot
8253,Europe,Cold
8254,Europe,Cold
8255,Asia,Hot
8256,Africa,Hot
8257,America,Temperate
8258,America,Hot
8259,Africa,Temperate
8260,Asia,Cold
8261,Asia,Temperate
8262,America,Hot
8263,America,Temperate
8264,Europe,Temperate
8265,Africa,Temperate
8266,Africa,Hot
8267,Africa,Temperate
8268,America,Cold
8269,America,Cold
8270,America,Cold
8271,Europe,Cold
8272,America,Temperate
8273,Europe,Cold
8274,Europe,Temperate
8275,America,Hot
8276,Africa,Temperate
8277,Asia,Hot
8278,Europe,Hot
8279,Africa,Cold
8280,America,Cold
8281,Europe,Hot
8282,Asia,Cold
8283,America,Temperate
8284,Africa,Cold
8285,Europe,Temperate
8286,America,Cold
8287,America,Temperate
8288,America,Hot
8289,Africa,Cold
8290,America,Temperate
8291,Asia,Temperate
8292,Asia,Temperate
8293,Asia,Hot
8294,Asia,Hot
8295,Africa,Temperate
8296,Europe,Cold
8297,America,Cold
8298,Asia,Hot
8299,Africa,Temperate
8300,America,Temperate
8301,America,Cold
8302,America,Hot
8303,Asia,Temperate
8304,Asia,Hot
8305,America,Hot
8306,America,Temperate
8307,Africa,Temperate
8308,Africa,Hot
8309,America,Hot
8310,Africa,Temperate
8311,Asia,Cold
8312,Asia,Hot
8313,America,Cold
8314,Europe,Hot
8315,Asia,Hot
8316,Europe,Hot
8317,Asia,Temperate
8318,Europe,Temperate
8319,Europe,Temperate
8320,Europe,Cold
8321,Africa,Cold
8322,Africa,Cold
8323,Europe,Temperate
8324,America,Hot
8325,Africa,Hot
8326,Asia,Cold
8327,Africa,Temperate
8328,Africa,Temperate
8329,Asia,Hot
8330,Asia,Temperate
8331,Europe,Cold
8332,Africa,Temperate
8333,America,Cold
8334,Asia,Cold
8335,Asia,Cold
8336,Africa,Cold
8337,America,Hot
8338,Africa,Temperate
8339,Europe,Temperate
8340,America,Hot
8341,Africa,Hot
8342,Asia,Temperate
8343,Africa,Hot
8344,Europe,Temperate
8345,America,Hot
8346,America,Hot
8347,Africa,Temperate
8348,Africa,Cold
8349,America,Hot
8350,Africa,Cold
8351,Asia,Cold
8352,Asia,Hot
8353,America,Cold
8354,Asia,Temperate
8355,America,Temperate
8356,Asia,Cold
8357,Europe,Temperate
8358,Asia,Hot
8359,Asia,Cold
8360,Europe,Hot
8361,Asia,Hot
8362,Asia,Temperate
8363,Asia,Cold
8364,Africa,Temperate
8365,Europe,Temperate
8366,Asia,Cold
8367,America,Hot
8368,America,Cold
8369,America,Hot
8370,Europe,Cold
8371,America,Temperate
8372,Asia,Cold
8373,Africa,Temperate
8374,Asia,Hot
8375,Asia,Temperate
8376,America,Cold
8377,America,Cold
8378,Africa,Cold
8379,Africa,Temperate
8380,Europe,Temperate
8381,America,Hot
8382,Europe,Cold
8383,America,Hot
8384,Asia,Cold
8385,America,Temperate
8386,Asia,Temperate
8387,America,Hot
8388,Africa,Cold
8389,America,Hot
8390,Asia,Cold
8391,Europe,Temperate
8392,Africa,Hot
8393,Africa,Temperate
8394,Africa,Cold
8395,Asia,Temperate
8396,America,Temperate
8397,America,Hot
8398,Europe,Temperate
8399,Africa,Cold
8400,Europe,Cold
8401,Africa,Temperate
8402,Africa,Hot
8403,America,Cold
8404,Europe,Hot
8405,America,Cold
8406,Africa,Temperate
8407,Asia,Cold
8408,Europe,Hot
8409,Europe,Temperate
8410,America,Hot
8411,Africa,Hot
8412,America,Cold
8413,Europe,Hot
8414,Asia,Temperate
8415,Africa,Temperate
8416,Asia,Hot
8417,Asia,Temperate
8418,Asia,Temperate
8419,America,Temperate
8420,Europe,Cold
8421,America,Temperate
8422,Africa,Temperate
8423,Africa,Temperate
8424,Asia,Temperate
8425,Asia,Hot
8426,Africa,Temperate
8427,Africa,Temperate
8428,Asia,Hot
8429,Africa,Hot
8430,Asia,Temperate
8431,Asia,Temperate
8432,Asia,Cold
8433,Asia,Hot
8434,Europe,Cold
8435,Africa,Hot
8436,Africa,Temperate
8437,Africa,Hot
8438,Asia,Temperate
8439,America,Cold
8440,America,Cold
8441,Europe,Cold
8442,Africa,Hot
8443,Asia,Hot
8444,Asia,Temperate
8445,Europe,Temperate
8446,Europe,Temperate
8447,Asia,Temperate
8448,America,Hot
8449,Africa,Temperate
8450,Asia,Cold
8451,Europe,Temperate
8452,Asia,Cold
8453,America,Cold
8454,Asia,Hot
8455,Europe,Temperate
8456,Europe,Temperate
8457,Asia,Hot
8458,Europe,Temperate
8459,America,Hot
8460,Africa,Cold
8461,Africa,Hot
8462,Africa,Temperate
8463,Europe,Hot
8464,America,Hot
8465,America,Cold
8466,Asia,Hot
8467,Asia,Temperate
8468,Asia,Cold
8469,America,Cold
8470,America,Hot
8471,Asia,Temperate
8472,America,Hot
8473,Africa,Hot
8474,Asia,Hot
8475,Asia,Hot
8476,Europe,Temperate
8477,Europe,Cold
8478,Asia,Hot
8479,Africa,Cold
8480,America,Temperate
8481,Africa,Hot
8482,Africa,Cold
8483,America,Temperate
8484,Europe,Cold
8485,America,Cold
8486,Africa,Temperate
8487,America,Hot
8488,Europe,Cold
8489,America,Cold
8490,America,Temperate
8491,America,Hot
8492,Africa,Hot
8493,America,Cold
8494,America,Hot
8495,Europe,Cold
8496,Europe,Hot
8497,Europe,Cold
8498,America,Temperate
8499,Asia,Cold
8500,Europe,Temperate
8501,America,Hot
8502,Europe,Hot
8503,Europe,Temperate
8504,America,Hot
8505,Africa,Temperate
8506,Europe,Temperate
8507,Asia,Cold
8508,Africa,Cold
8509,Africa,Cold
8510,Asia,Temperate
8511,Europe,Cold
8512,America,Temperate
8513,Europe,Cold
8514,Africa,Cold
8515,Asia,Temperate
8516,America,Cold
8517,Africa,Temperate
8518,Africa,Hot
8519,Europe,Temperate
8520,Europe,Temperate
8521,Asia,Cold
8522,Africa,Hot
8523,Asia,Hot
8524,Africa,Temperate
8525,Asia,Cold
8526,Asia,Hot
8527,Asia,Temperate
8528,Asia,Cold
8529,America,Temperate
8530,America,Hot
8531,Africa,Cold
8532,Asia,Hot
8533,Africa,Temperate
8534,Asia,Hot
8535,Europe,Cold
8536,Africa,Hot
8537,Africa,Hot
8538,Africa,Cold
8539,America,Temperate
8540,Asia,Cold
8541,Africa,Temperate
8542,Asia,Temperate
8543,Asia,Hot
8544,Europe,Cold
8545,Europe,Temperate
8546,Europe,Temperate
8547,America,Temperate
8548,Asia,Hot
8549,Africa,Cold
8550,Africa,Hot
8551,Europe,Temperate
8552,Africa,Temperate
8553,America,Cold
8554,Europe,Cold
8555,America,Cold
8556,Europe,Temperate
8557,America,Temperate
8558,Africa,Temperate
8559,Africa,Cold
8560,America,Hot
8561,Asia,Hot
8562,Africa,Temperate
8563,Africa,Temperate
8564,Europe,Hot
8565,Asia,Hot
8566,Africa,Temperate
8567,America,Cold
8568,Asia,Temperate
8569,Asia,Cold
8570,Europe,Hot
8571,Europe,Hot
8572,Africa,Hot
8573,Europe,Hot
8574,Asia,Temperate
8575,America,Hot
8576,Europe,Cold
8577,Europe,Cold
8578,America,Temperate
8579,Asia,Hot
8580,Asia,Hot
8581,Europe,Cold
8582,Europe,Hot
8583,America,Cold
8584,Europe,Cold
8585,Asia,Temperate
8586,Asia,Temperate
8587,America,Temperate
8588,America,Hot
8589,Europe,Hot
8590,Africa,Hot
8591,America,Hot
8592,Asia,Temperate
8593,Europe,Cold
8594,America,Cold
8595,Asia,Temperate
8596,Europe,Cold
8597,America,Temperate
8598,Europe,Hot
8599,Europe,Temperate
8600,Africa,Temperate
8601,America,Hot
8602,America,Hot
8603,America,Hot
8604,Africa,Cold
8605,Asia,Temperate
8606,America,Cold
8607,America,Cold
8608,Asia,Temperate
8609,America,Cold
8610,Africa,Cold
8611,America,Hot
8612,Europe,Hot
8613,Africa,Hot
8614,Africa,Cold
8615,Europe,Cold
8616,Asia,Hot
8617,Africa,Temperate
8618,America,Hot
8619,Asia,Temperate
8620,Africa,Temperate
8621,America,Cold
8622,America,Hot
8623,Africa,Temperate
8624,Asia,Cold
8625,Asia,Cold
8626,Europe,Cold
8627,Europe,Hot
8628,Africa,Cold
8629,America,Cold
8630,Africa,Temperate
8631,Europe,Temperate
8632,Europe,Temperate
8633,Africa,Temperate
8634,Europe,Hot
8635,Asia,Cold
8636,Africa,Temperate
8637,Africa,Hot
8638,Africa,Temperate
8639,Africa,Hot
8640,Asia,Cold
8641,Europe,Cold
8642,Africa,Temperate
8643,Africa,Cold
8644,America,Cold
8645,Africa,Temperate
8646,Africa,Temperate
8647,America,Hot
8648,Asia,Hot
8649,Europe,Hot
8650,Asia,Cold
8651,Africa,Hot
8652,Africa,Cold
8653,Asia,Hot
8654,Africa,Cold
8655,Asia,Hot
8656,Asia,Cold
8657,Europe,Temperate
8658,Europe,Cold
8659,Europe,Temperate
8660,Europe,Temperate
8661,Asia,Cold
8662,Africa,Cold
8663,Asia,Temperate
8664,Africa,Hot
8665,Europe,Temperate
8666,America,Hot
8667,Africa,Temperate
8668,Africa,Temperate
8669,America,Temperate
8670,Asia,Cold
8671,Europe,Cold
8672,Asia,Cold
8673,Africa,Temperate
8674,Africa,Temperate
8675,Africa,Cold
8676,Asia,Cold
8677,Asia,Cold
8678,America,Cold
8679,Asia,Temperate
8680,Europe,Hot
8681,Africa,Cold
8682,Asia,Temperate
8683,Asia,Hot
8684,Asia,Cold
8685,Asia,Temperate
8686,Asia,Cold
8687,Asia,Temperate
8688,Asia,Temperate
8689,Europe,Temperate
8690,Asia,Hot
8691,America,Hot
8692,Europe,Cold
8693,Europe,Cold
8694,America,Cold
8695,Africa,Cold
8696,Africa,Temperate
8697,Europe,Temperate
8698,Europe,Hot
8699,Asia,Temperate
8700,Europe,Cold
8701,Asia,Temperate
8702,Asia,Hot
8703,Africa,Temperate
8704,Europe,Hot
8705,Asia,Hot
8706,Europe,Temperate
8707,Asia,Hot
8708,Africa,Temperate
8709,Asia,Hot
8710,Africa,Temperate
8711,America,Hot
8712,Africa,Cold
8713,Africa,Cold
8714,Africa,Temperate
8715,America,Hot
8716,Africa,Hot
8717,Europe,Cold
8718,Europe,Cold
8719,America,Temperate
8720,America,Hot
8721,America,Hot
8722,Asia,Temperate
8723,Africa,Hot
8724,Africa,Cold
8725,America,Hot
8726,America,Hot
8727,Europe,Hot
8728,Europe,Hot
8729,Africa,Cold
8730,Europe,Hot
8731,Europe,Temperate
8732,Africa,Hot
8733,America,Temperate
8734,America,Temperate
8735,Africa,Temperate
8736,America,Hot
8737,America,Cold
8738,Africa,Temperate
8739,Asia,Temperate
8740,America,Hot
8741,Africa,Cold
8742,Asia,Cold
8743,Europe,Temperate
8744,America,Hot
8745,Africa,Hot
8746,Europe,Hot
8747,Europe,Temperate
8748,Asia,Temperate
8749,Africa,Hot
8750,Asia,Temperate
8751,Europe,Cold
8752,America,Hot
8753,Asia,Hot
8754,Africa,Hot
8755,Africa,Cold
8756,Europe,Hot
8757,Africa,Cold
8758,Asia,Hot
8759,Asia,Hot
8760,America,Temperate
8761,Europe,Temperate
8762,Europe,Temperate
8763,Asia,Cold
8764,Europe,Cold
8765,Asia,Cold
8766,Asia,Cold
8767,America,Hot
8768,Asia,Cold
8769,Asia,Cold
8770,America,Temperate
8771,Europe,Temperate
8772,Asia,Temperate
8773,Africa,Temperate
8774,America,Cold
8775,Europe,Cold
8776,America,Cold
8777,Asia,Temperate
8778,Europe,Hot
8779,Africa,Hot
8780,America,Temperate
8781,Africa,Hot
8782,America,Temperate
8783,Asia,Hot
8784,America,Temperate
8785,Africa,Temperate
8786,America,Hot
8787,Asia,Hot
8788,Asia,Hot
8789,America,Cold
8790,Europe,Cold
8791,Asia,Temperate
8792,America,Cold
8793,Asia,Cold
8794,Asia,Hot
8795,Asia,Hot
8796,Asia,Cold
8797,Asia,Temperate
8798,Asia,Cold
8799,Europe,Hot
8800,Europe,Temperate
8801,Asia,Temperate
8802,Europe,Cold
8803,Asia,Cold
8804,Asia,Cold
8805,America,Hot
8806,Africa,Temperate
8807,Europe,Temperate
8808,Africa,Temperate
8809,Asia,Cold
8810,America,Hot
8811,Asia,Temperate
8812,Asia,Cold
8813,America,Temperate
8814,America,Hot
8815,Europe,Cold
8816,America,Temperate
8817,Europe,Temperate
8818,Europe,Hot
8819,Europe,Hot
8820,Africa,Hot
8821,Africa,Cold
8822,Europe,Hot
8823,Europe,Hot
8824,Africa,Temperate
8825,Europe,Hot
8826,Asia,Temperate
8827,Asia,Hot
8828,America,Cold
8829,Europe,Temperate
8830,Europe,Hot
8831,Asia,Temperate
8832,Europe,Temperate
8833,Asia,Cold
8834,Asia,Temperate
8835,Europe,Temperate
8836,Europe,Hot
8837,Asia,Hot
8838,Europe,Cold
8839,Europe,Cold
8840,Africa,Cold
8841,Africa,Hot
8842,Asia,Temperate
8843,Asia,Hot
8844,America,Temperate
8845,America,Cold
8846,Asia,Temperate
8847,Africa,Hot
8848,Asia,Cold
8849,Asia,Hot
8850,Africa,Temperate
8851,America,Temperate
8852,Asia,Cold
8853,America,Hot
8854,Europe,Hot
8855,Africa,Cold
8856,Asia,Temperate
8857,Asia,Temperate
8858,America,Cold
8859,Europe,Temperate
8860,Africa,Cold
8861,Europe,Hot
8862,Europe,Temperate
8863,Asia,Cold
8864,America,Cold
8865,America,Temperate
8866,Asia,Cold
8867,Asia,Cold
8868,Europe,Cold
8869,America,Hot
8870,Africa,Cold
8871,Asia,Cold
8872,Europe,Hot
8873,America,Temperate
8874,Asia,Cold
8875,Europe,Cold
8876,America,Hot
8877,Africa,Cold
8878,Europe,Hot
8879,Africa,Hot
8880,Europe,Hot
8881,Africa,Temperate
8882,America,Temperate
8883,Africa,Hot
8884,Africa,Hot
8885,Africa,Temperate
8886,America,Temperate
8887,Asia,Cold
8888,Asia,Cold
8889,Europe,Hot
8890,Asia,Temperate
8891,Africa,Temperate
8892,America,Cold
8893,Asia,Hot
8894,America,Temperate
8895,Africa,Temperate
8896,Asia,Temperate
8897,Europe,Hot
8898,Europe,Hot
8899,Africa,Temperate
8900,America,Hot
8901,Africa,Cold
8902,Asia,Cold
8903,America,Cold
8904,America,Hot
8905,America,Cold
8906,America,Temperate
8907,Asia,Temperate
8908,America,Hot
8909,America,Cold
8910,Africa,Hot
8911,Europe,Hot
8912,America,Hot
8913,Europe,Temperate
8914,America,Hot
8915,America,Temperate
8916,Africa,Hot
8917,Europe,Cold
8918,Africa,Temperate
8919,Asia,Hot
8920,Europe,Cold
8921,Europe,Hot
8922,Africa,Cold
8923,America,Temperate
8924,America,Temperate
8925,Asia,Hot
8926,America,Hot
8927,Europe,Hot
8928,Europe,Cold
8929,Asia,Temperate
8930,Asia,Hot
8931,Africa,Cold
8932,Europe,Cold
8933,Europe,Temperate
8934,Asia,Temperate
8935,Asia,Hot
8936,Europe,Temperate
8937,Asia,Hot
8938,America,Temperate
8939,Africa,Cold
8940,America,Temperate
8941,Africa,Cold
8942,Asia,Cold
8943,Europe,Cold
8944,America,Hot
8945,America,Cold
8946,Asia,Hot
8947,America,Cold
8948,Europe,Cold
8949,Africa,Hot
8950,America,Temperate
8951,Africa,Hot
8952,Africa,Cold
8953,Europe,Hot
8954,Asia,Hot
8955,Europe,Temperate
8956,Europe,Hot
8957,Africa,Temperate
8958,Asia,Hot
8959,Europe,Hot
8960,Asia,Temperate
8961,Europe,Temperate
8962,Europe,Hot
8963,Africa,Temperate
8964,Africa,Hot
8965,Africa,Hot
8966,Asia,Temperate
8967,Europe,Cold
8968,America,Cold
8969,Africa,Cold
8970,Asia,Cold
8971,Asia,Temperate
8972,Europe,Hot
8973,America,Cold
8974,America,Hot
8975,America,Temperate
8976,America,Temperate
8977,Africa,Cold
8978,America,Hot
8979,Africa,Temperate
8980,America,Cold
8981,Africa,Hot
8982,Africa,Cold
8983,America,Hot
8984,Asia,Hot
8985,America,Hot
8986,Africa,Temperate
8987,Africa,Cold
8988,Asia,Hot
8989,Europe,Hot
8990,Europe,Cold
8991,Asia,Temperate
8992,Asia,Cold
8993,America,Hot
8994,Africa,Hot
8995,Europe,Cold
8996,America,Cold
8997,Europe,Temperate
8998,America,Hot
8999,Africa,Hot
9000,America,Cold
9001,Africa,Cold
9002,America,Hot
9003,Africa,Hot
9004,America,Temperate
9005,America,Hot
9006,Africa,Hot
9007,Asia,Cold
9008,Asia,Temperate
9009,America,Hot
9010,Africa,Cold
9011,Europe,Hot
9012,Europe,Hot
9013,Europe,Temperate
9014,Europe,Hot
9015,Europe,Cold
9016,Africa,Hot
9017,America,Cold
9018,Europe,Hot
9019,Asia,Cold
9020,Asia,Cold
9021,Europe,Hot
9022,Asia,Cold
9023,Africa,Cold
9024,Europe,Hot
9025,America,Hot
9026,Africa,Hot
9027,Asia,Temperate
9028,Europe,Cold
9029,Africa,Cold
9030,Africa,Temperate
9031,Africa,Temperate
9032,Africa,Cold
9033,Africa,Hot
9034,Asia,Temperate
9035,Europe,Temperate
9036,Africa,Hot
9037,Africa,Hot
9038,Asia,Cold
9039,America,Hot
9040,Europe,Temperate
9041,Europe,Cold
9042,America,Cold
9043,Europe,Cold
9044,Europe,Hot
9045,America,Hot
9046,Europe,Hot
9047,Asia,Hot
9048,Africa,Temperate
9049,Europe,Temperate
9050,Europe,Cold
9051,Africa,Temperate
9052,Africa,Hot
9053,Europe,Hot
9054,Asia,Temperate
9055,Africa,Temperate
9056,Africa,Temperate
9057,America,Hot
9058,Asia,Hot
9059,Africa,Cold
9060,Africa,Cold
9061,Europe,Cold
9062,Africa,Temperate
9063,Africa,Temperate
9064,America,Hot
9065,Asia,Temperate
9066,Africa,Hot
9067,Asia,Hot
9068,Asia,Temperate
9069,Asia,Temperate
9070,America,Hot
9071,Africa,Hot
9072,America,Hot
9073,Asia,Temperate
9074,Europe,Hot
9075,Africa,Cold
9076,Africa,Hot
9077,Asia,Temperate
9078,Asia,Hot
9079,Asia,Cold
9080,Asia,Temperate
9081,Europe,Hot
9082,America,Hot
9083,Africa,Temperate
9084,Asia,Temperate
9085,America,Hot
9086,Europe,Hot
9087,America,Temperate
9088,Asia,Temperate
9089,America,Hot
9090,America,Temperate
9091,Europe,Temperate
9092,Africa,Hot
9093,Europe,Hot
9094,Asia,Temperate
9095,Africa,Cold
9096,America,Temperate
9097,Asia,Temperate
9098,America,Cold
9099,America,Cold
9100,America,Cold
9101,America,Cold
9102,America,Temperate
9103,Africa,Cold
9104,Asia,Hot
9105,Europe,Temperate
9106,America,Hot
9107,Africa,Hot
9108,Europe,Temperate
9109,Europe,Temperate
9110,America,Temperate
9111,Asia,Cold
9112,America,Cold
9113,America,Hot
9114,Africa,Temperate
9115,Europe,Hot
9116,Asia,Hot
9117,Asia,Cold
9118,Europe,Temperate
9119,America,Cold
9120,Europe,Cold
9121,America,Cold
9122,America,Cold
9123,America,Temperate
9124,Europe,Cold
9125,Asia,Hot
9126,America,Cold
9127,Africa,Cold
9128,Asia,Cold
9129,Europe,Temperate
9130,Asia,Cold
9131,Africa,Cold
9132,Asia,Hot
9133,Asia,Cold
9134,Asia,Cold
9135,Asia,Temperate
9136,Asia,Cold
9137,Europe,Cold
9138,Africa,Cold
9139,Europe,Hot
9140,Asia,Cold
9141,America,Temperate
9142,Asia,Temperate
9143,Asia,Hot
9144,Africa,Cold
9145,Europe,Hot
9146,Europe,Cold
9147,America,Temperate
9148,America,Cold
9149,America,Hot
9150,Asia,Hot
9151,Europe,Temperate
9152,America,Hot
9153,Africa,Temperate
9154,Europe,Temperate
9155,Asia,Hot
9156,Europe,Temperate
9157,Europe,Hot
9158,Europe,Cold
9159,Europe,Temperate
9160,America,Cold
9161,Africa,Cold
9162,Asia,Temperate
9163,Europe,Hot
9164,Europe,Hot
9165,America,Cold
9166,America,Hot
9167,Europe,Temperate
9168,Africa,Cold
9169,Asia,Hot
9170,America,Hot
9171,America,Cold
9172,Africa,Hot
9173,America,Hot
9174,Asia,Cold
9175,Europe,Cold
9176,Asia,Temperate
9177,Asia,Cold
9178,Asia,Cold
9179,Europe,Cold
9180,Africa,Temperate
9181,Europe,Cold
9182,America,Cold
9183,Africa,Cold
9184,Africa,Cold
9185,America,Temperate
9186,America,Hot
9187,Africa,Temperate
9188,America,Hot
9189,Africa,Hot
9190,America,Temperate
9191,Africa,Hot
9192,Europe,Cold
9193,Europe,Cold
9194,America,Temperate
9195,America,Hot
9196,Africa,Cold
9197,Asia,Temperate
9198,America,Temperate
9199,Europe,Hot
9200,America,Hot
9201,Africa,Temperate
9202,Africa,Hot
9203,America,Cold
9204,America,Temperate
9205,Asia,Temperate
9206,Asia,Temperate
9207,Africa,Temperate
9208,Asia,Cold
9209,Europe,Hot
9210,America,Hot
9211,America,Hot
9212,Africa,Hot
9213,America,Hot
9214,Europe,Temperate
9215,Africa,Hot
9216,America,Temperate
9217,Europe,Hot
9218,Africa,Cold
9219,Europe,Cold
9220,America,Cold
9221,Asia,Hot
9222,Africa,Hot
9223,America,Hot
9224,Africa,Hot
9225,Africa,Hot
9226,Africa,Cold
9227,Europe,Hot
9228,Africa,Temperate
9229,Asia,Hot
9230,America,Cold
9231,Europe,Cold
9232,Africa,Hot
9233,Africa,Hot
9234,America,Hot
9235,Europe,Cold
9236,Europe,Cold
9237,Africa,Hot
9238,Europe,Cold
9239,Asia,Cold
9240,Africa,Hot
9241,Africa,Hot
9242,Europe,Cold
9243,Asia,Hot
9244,Asia,Hot
9245,Africa,Cold
9246,Asia,Temperate
9247,Asia,Temperate
9248,Asia,Temperate
9249,Africa,Cold
9250,America,Temperate
9251,Africa,Temperate
9252,America,Cold
9253,Asia,Hot
9254,Asia,Cold
9255,Africa,Hot
9256,Africa,Hot
9257,Europe,Hot
9258,Europe,Temperate
9259,Asia,Cold
9260,Africa,Hot
9261,Africa,Cold
9262,Africa,Cold
9263,Asia,Cold
9264,Europe,Hot
9265,Africa,Temperate
9266,Africa,Hot
9267,America,Cold
9268,Europe,Temperate
9269,Africa,Temperate
9270,Africa,Temperate
9271,America,Cold
9272,Europe,Hot
9273,Europe,Cold
9274,Africa,Cold
9275,Africa,Hot
9276,Africa,Cold
9277,America,Cold
9278,America,Cold
9279,America,Hot
9280,America,Hot
9281,America,Temperate
9282,Europe,Hot
9283,Africa,Hot
9284,Europe,Temperate
9285,America,Temperate
9286,Africa,Cold
9287,Asia,Temperate
9288,Africa,Hot
9289,Africa,Temperate
9290,Africa,Hot
9291,Asia,Cold
9292,Europe,Cold
9293,Africa,Temperate
9294,Europe,Cold
9295,Europe,Temperate
9296,Asia,Temperate
9297,Asia,Cold
9298,Africa,Cold
9299,America,Hot
9300,America,Temperate
9301,America,Cold
9302,Africa,Cold
9303,America,Cold
9304,America,Hot
9305,Asia,Hot
9306,Asia,Cold
9307,Africa,Cold
9308,America,Cold
9309,Africa,Cold
9310,America,Temperate
9311,Europe,Hot
9312,Africa,Hot
9313,Asia,Hot
9314,America,Temperate
9315,America,Hot
9316,Europe,Hot
9317,Europe,Temperate
9318,Europe,Hot
9319,Europe,Cold
9320,Europe,Cold
9321,Europe,Cold
9322,America,Temperate
9323,Asia,Temperate
9324,Asia,Hot
9325,Africa,Hot
9326,America,Cold
9327,America,Temperate
9328,Asia,Hot
9329,Asia,Cold
9330,Africa,Hot
9331,Europe,Cold
9332,America,Cold
9333,Asia,Hot
9334,America,Cold
9335,Asia,Hot
9336,Europe,Hot
9337,Europe,Hot
9338,America,Cold
9339,Asia,Temperate
9340,America,Temperate
9341,Europe,Hot
9342,America,Cold
9343,Asia,Temperate
9344,Europe,Temperate
9345,America,Temperate
9346,Africa,Cold
9347,America,Hot
9348,America,Cold
9349,Asia,Cold
9350,Europe,Cold
9351,Europe,Cold
9352,Africa,Cold
9353,America,Cold
9354,America,Temperate
9355,America,Cold
9356,Europe,Hot
9357,Europe,Hot
9358,America,Temperate
9359,America,Hot
9360,Europe,Cold
9361,Asia,Hot
9362,Africa,Temperate
9363,Africa,Temperate
9364,Africa,Hot
9365,Asia,Cold
9366,America,Hot
9367,Europe,Temperate
9368,Asia,Cold
9369,Africa,Temperate
9370,America,Cold
9371,Africa,Temperate
9372,Africa,Hot
9373,Asia,Cold
9374,America,Temperate
9375,Asia,Temperate
9376,Europe,Temperate
9377,Asia,Hot
9378,Europe,Hot
9379,Europe,Temperate
9380,Europe,Temperate
9381,America,Hot
9382,America,Hot
9383,Africa,Cold
9384,Europe,Temperate
9385,America,Hot
9386,Asia,Temperate
9387,Asia,Cold
9388,America,Cold
9389,America,Temperate
9390,Africa,Hot
9391,Africa,Cold
9392,Africa,Temperate
9393,Asia,Hot
9394,Asia,Temperate
9395,Europe,Temperate
9396,Asia,Hot
9397,America,Temperate
9398,Africa,Temperate
9399,Europe,Hot
9400,Europe,Temperate
9401,America,Hot
9402,Africa,Hot
9403,Europe,Cold
9404,Africa,Cold
9405,Africa,Temperate
9406,Africa,Temperate
9407,Asia,Temperate
9408,Africa,Hot
9409,Africa,Hot
9410,America,Cold
9411,America,Cold
9412,Europe,Temperate
9413,Europe,Hot
9414,Africa,Hot
9415,America,Hot
9416,Europe,Cold
9417,Asia,Cold
9418,America,Hot
9419,America,Hot
9420,America,Hot
9421,Asia,Temperate
9422,Europe,Hot
9423,Europe,Hot
9424,Europe,Cold
9425,Europe,Hot
9426,Europe,Cold
9427,America,Cold
9428,Asia,Cold
9429,Africa,Hot
9430,Europe,Temperate
9431,Africa,Temperate
9432,Europe,Hot
9433,America,Cold
9434,America,Cold
9435,Africa,Temperate
9436,Europe,Hot
9437,Europe,Cold
9438,Asia,Hot
9439,Asia,Hot
9440,America,Temperate
9441,Asia,Cold
9442,Asia,Hot
9443,America,Temperate
9444,Europe,Cold
9445,Asia,Cold
9446,Africa,Temperate
9447,Asia,Temperate
9448,America,Cold
9449,Africa,Temperate
9450,America,Hot
9451,Africa,Temperate
9452,Europe,Hot
9453,Asia,Hot
9454,Asia,Temperate
9455,Africa,Hot
9456,America,Temperate
9457,America,Hot
9458,Africa,Cold
9459,Asia,Temperate
9460,Africa,Temperate
9461,Europe,Cold
9462,Asia,Cold
9463,America,Cold
9464,Europe,Cold
9465,Europe,Temperate
9466,Asia,Hot
9467,America,Cold
9468,Asia,Cold
9469,Africa,Temperate
9470,Europe,Hot
9471,Asia,Hot
9472,Asia,Temperate
9473,Europe,Temperate
9474,Africa,Hot
9475,America,Hot
9476,Asia,Temperate
9477,Europe,Cold
9478,Europe,Cold
9479,Africa,Hot
9480,Asia,Temperate
9481,Europe,Cold
9482,Africa,Temperate
9483,Asia,Temperate
9484,America,Hot
9485,America,Temperate
9486,Asia,Temperate
9487,Asia,Temperate
9488,Asia,Hot
9489,Asia,Hot
9490,Africa,Hot
9491,Europe,Hot
9492,Africa,Hot
9493,Europe,Temperate
9494,Africa,Hot
9495,Asia,Cold
9496,Africa,Cold
9497,Europe,Hot
9498,America,Temperate
9499,Asia,Cold
9500,America,Hot
9501,Europe,Hot
9502,Asia,Temperate
9503,Asia,Temperate
9504,Asia,Hot
9505,America,Cold
9506,America,Temperate
9507,Europe,Hot
9508,Europe,Hot
9509,Africa,Hot
9510,Europe,Hot
9511,Africa,Hot
9512,America,Temperate
9513,Europe,Cold
9514,Asia,Temperate
9515,Africa,Hot
9516,Africa,Temperate
9517,Africa,Temperate
9518,America,Temperate
9519,Africa,Cold
9520,Europe,Hot
9521,Africa,Hot
9522,Asia,Temperate
9523,America,Temperate
9524,America,Temperate
9525,Europe,Temperate
9526,Asia,Temperate
9527,America,Hot
9528,America,Cold
9529,America,Temperate
9530,Europe,Cold
9531,Europe,Temperate
9532,America,Temperate
9533,Africa,Cold
9534,America,Temperate
9535,Asia,Cold
9536,Asia,Hot
9537,America,Hot
9538,America,Hot
9539,America,Cold
9540,Asia,Temperate
9541,Europe,Temperate
9542,Africa,Hot
9543,Europe,Cold
9544,Africa,Hot
9545,Asia,Cold
9546,Asia,Temperate
9547,Asia,Temperate
9548,Asia,Temperate
9549,Europe,Hot
9550,Africa,Temperate
9551,Asia,Cold
9552,Africa,Cold
9553,Africa,Hot
9554,America,Hot
9555,Europe,Hot
9556,Europe,Cold
9557,Europe,Temperate
9558,Europe,Cold
9559,Africa,Hot
9560,Asia,Cold
9561,Asia,Temperate
9562,Africa,Temperate
9563,Asia,Hot
9564,America,Cold
9565,Africa,Hot
9566,Africa,Hot
9567,America,Hot
9568,America,Hot
9569,Asia,Cold
9570,Europe,Hot
9571,Europe,Temperate
9572,America,Hot
9573,Asia,Temperate
9574,Europe,Cold
9575,America,Hot
9576,Asia,Cold
9577,Asia,Temperate
9578,Asia,Temperate
9579,Europe,Cold
9580,Africa,Hot
9581,America,Cold
9582,America,Hot
9583,Africa,Temperate
9584,Europe,Hot
9585,Europe,Temperate
9586,America,Temperate
9587,Africa,Cold
9588,Africa,Hot
9589,Africa,Cold
9590,Africa,Cold
9591,Asia,Hot
9592,Asia,Temperate
9593,America,Hot
9594,Africa,Hot
9595,Asia,Temperate
9596,Africa,Temperate
9597,Europe,Temperate
9598,America,Hot
9599,Asia,Temperate
9600,Asia,Hot
9601,Europe,Temperate
9602,America,Temperate
9603,Africa,Temperate
9604,Asia,Hot
9605,Asia,Cold
9606,Asia,Hot
9607,Africa,Hot
9608,Asia,Cold
9609,Europe,Cold
9610,America,Cold
9611,Asia,Hot
9612,America,Temperate
9613,Europe,Cold
9614,America,Temperate
9615,Europe,Hot
9616,America,Cold
9617,Africa,Temperate
9618,Africa,Temperate
9619,America,Cold
9620,Asia,Hot
9621,America,Cold
9622,Europe,Temperate
9623,America,Temperate
9624,Europe,Temperate
9625,Africa,Hot
9626,Asia,Temperate
9627,Asia,Cold
9628,Europe,Hot
9629,Asia,Temperate
9630,America,Hot
9631,Asia,Hot
9632,America,Cold
9633,Europe,Cold
9634,America,Cold
9635,Africa,Hot
9636,America,Temperate
9637,Asia,Hot
9638,Africa,Cold
9639,Asia,Hot
9640,Africa,Temperate
9641,Asia,Hot
9642,Asia,Hot
9643,Asia,Temperate
9644,Asia,Temperate
9645,America,Hot
9646,America,Hot
9647,Asia,Temperate
9648,Europe,Hot
9649,Asia,Cold
9650,Europe,Cold
9651,Asia,Cold
9652,Africa,Cold
9653,America,Cold
9654,Africa,Temperate
9655,Africa,Hot
9656,America,Cold
9657,America,Hot
9658,Europe,Temperate
9659,Europe,Temperate
9660,Africa,Cold
9661,Europe,Hot
9662,Africa,Temperate
9663,Asia,Temperate
9664,Asia,Temperate
9665,Asia,Cold
9666,America,Cold
9667,Asia,Temperate
9668,Europe,Hot
9669,Africa,Cold
9670,Europe,Cold
9671,Africa,Temperate
9672,Asia,Temperate
9673,America,Cold
9674,Africa,Temperate
9675,Europe,Hot
9676,Africa,Hot
9677,Asia,Temperate
9678,America,Cold
9679,Europe,Hot
9680,Europe,Cold
9681,Africa,Hot
9682,Asia,Cold
9683,Africa,Hot
9684,Europe,Temperate
9685,Africa,Cold
9686,Africa,Temperate
9687,Asia,Cold
9688,Africa,Hot
9689,America,Cold
9690,Asia,Cold
9691,Africa,Cold
9692,Asia,Cold
9693,Europe,Cold
9694,Asia,Hot
9695,Asia,Temperate
9696,America,Cold
9697,America,Hot
9698,Africa,Cold
9699,America,Temperate
9700,Africa,Hot
9701,Europe,Cold
9702,America,Cold
9703,Asia,Temperate
9704,Europe,Cold
9705,Africa,Hot
9706,Asia,Hot
9707,America,Temperate
9708,Europe,Hot
9709,Africa,Temperate
9710,Africa,Hot
9711,America,Cold
9712,America,Cold
9713,Europe,Cold
9714,Asia,Hot
9715,Europe,Hot
9716,Africa,Hot
9717,Asia,Temperate
9718,Asia,Cold
9719,Europe,Temperate
9720,Africa,Temperate
9721,Europe,Hot
9722,Europe,Hot
9723,Africa,Hot
9724,Asia,Cold
9725,America,Temperate
9726,Asia,Hot
9727,Europe,Cold
9728,Asia,Temperate
9729,America,Cold
9730,Africa,Cold
9731,Asia,Cold
9732,America,Temperate
9733,Africa,Cold
9734,America,Temperate
9735,America,Cold
9736,America,Hot
9737,Asia,Cold
9738,Europe,Hot
9739,America,Hot
9740,Africa,Hot
9741,Africa,Hot
9742,Africa,Temperate
9743,Asia,Hot
9744,Europe,Hot
9745,Asia,Temperate
9746,America,Hot
9747,Europe,Hot
9748,Africa,Temperate
9749,Asia,Hot
9750,Africa,Temperate
9751,Asia,Temperate
9752,America,Cold
9753,Europe,Temperate
9754,Europe,Temperate
9755,Africa,Hot
9756,Europe,Temperate
9757,America,Cold
9758,Asia,Hot
9759,Asia,Temperate
9760,Africa,Temperate
9761,America,Temperate
9762,Africa,Cold
9763,Africa,Hot
9764,America,Hot
9765,Africa,Hot
9766,Asia,Temperate
9767,Africa,Cold
9768,Europe,Temperate
9769,Europe,Temperate
9770,Europe,Hot
9771,America,Cold
9772,Europe,Hot
9773,America,Cold
9774,Africa,Temperate
9775,Asia,Temperate
9776,Europe,Hot
9777,America,Cold
9778,Europe,Cold
9779,America,Cold
9780,Europe,Temperate
9781,Europe,Hot
9782,Africa,Hot
9783,Europe,Temperate
9784,America,Hot
9785,Europe,Temperate
9786,Europe,Cold
9787,Asia,Cold
9788,America,Temperate
9789,Asia,Cold
9790,Europe,Temperate
9791,Asia,Cold
9792,Europe,Hot
9793,Europe,Temperate
9794,Europe,Hot
9795,America,Temperate
9796,America,Hot
9797,Europe,Temperate
9798,Africa,Hot
9799,Europe,Temperate
9800,Asia,Cold
9801,Africa,Temperate
9802,Asia,Temperate
9803,Africa,Temperate
9804,Europe,Cold
9805,America,Hot
9806,America,Cold
9807,Europe,Cold
9808,America,Hot
9809,Europe,Temperate
9810,Europe,Temperate
9811,Africa,Hot
9812,Asia,Cold
9813,Europe,Hot
9814,Europe,Temperate
9815,Europe,Hot
9816,America,Hot
9817,Europe,Temperate
9818,Asia,Cold
9819,Africa,Hot
9820,America,Temperate
9821,America,Temperate
9822,America,Cold
9823,Europe,Temperate
9824,Europe,Cold
9825,Asia,Temperate
9826,Asia,Hot
9827,Asia,Hot
9828,Africa,Hot
9829,America,Temperate
9830,Europe,Hot
9831,Asia,Cold
9832,Africa,Hot
9833,Africa,Hot
9834,Asia,Temperate
9835,Europe,Cold
9836,Asia,Cold
9837,Asia,Hot
9838,Asia,Cold
9839,Africa,Hot
9840,Africa,Cold
9841,Africa,Temperate
9842,Africa,Hot
9843,Asia,Hot
9844,Europe,Cold
9845,Africa,Hot
9846,Asia,Temperate
9847,America,Hot
9848,America,Temperate
9849,Africa,Hot
9850,America,Cold
9851,Europe,Temperate
9852,Asia,Cold
9853,America,Hot
9854,Europe,Hot
9855,Asia,Hot
9856,America,Cold
9857,Africa,Cold
9858,Africa,Hot
9859,America,Hot
9860,Africa,Temperate
9861,Africa,Hot
9862,Europe,Temperate
9863,Asia,Cold
9864,Africa,Hot
9865,America,Cold
9866,Africa,Hot
9867,Europe,Temperate
9868,Europe,Temperate
9869,Africa,Hot
9870,America,Temperate
9871,America,Hot
9872,Europe,Cold
9873,America,Cold
9874,Europe,Temperate
9875,America,Cold
9876,Africa,Temperate
9877,Africa,Hot
9878,Africa,Temperate
9879,Africa,Temperate
9880,Asia,Hot
9881,America,Cold
9882,Asia,Cold
9883,America,Cold
9884,Asia,Temperate
9885,Europe,Hot
9886,Europe,Cold
9887,America,Temperate
9888,Europe,Temperate
9889,America,Temperate
9890,America,Hot
9891,Asia,Hot
9892,America,Temperate
9893,Europe,Cold
9894,Asia,Temperate
9895,Asia,Cold
9896,Asia,Temperate
9897,Asia,Hot
9898,Europe,Cold
9899,Africa,Hot
9900,Europe,Hot
9901,America,Hot
9902,Europe,Hot
9903,America,Cold
9904,Africa,Hot
9905,Asia,Cold
9906,Europe,Temperate
9907,Asia,Temperate
9908,Asia,Temperate
9909,Asia,Temperate
9910,Europe,Temperate
9911,Africa,Hot
9912,Europe,Temperate
9913,Africa,Hot
9914,Africa,Hot
9915,America,Cold
9916,Africa,Hot
9917,America,Cold
9918,Europe,Hot
9919,Asia,Temperate
9920,Africa,Hot
9921,Asia,Hot
9922,Africa,Hot
9923,America,Hot
9924,Europe,Temperate
9925,America,Cold
9926,America,Cold
9927,America,Temperate
9928,Europe,Cold
9929,Europe,Temperate
9930,Asia,Cold
9931,Europe,Hot
9932,America,Hot
9933,America,Temperate
9934,Europe,Hot
9935,Asia,Hot
9936,America,Temperate
9937,Africa,Temperate
9938,Asia,Temperate
9939,America,Hot
9940,Africa,Temperate
9941,America,Temperate
9942,America,Cold
9943,Europe,Hot
9944,Africa,Temperate
9945,America,Cold
9946,Europe,Hot
9947,Europe,Hot
9948,America,Temperate
9949,Europe,Cold
9950,Asia,Hot
9951,Asia,Cold
9952,Asia,Cold
9953,America,Temperate
9954,Asia,Temperate
9955,America,Hot
9956,Asia,Cold
9957,Europe,Hot
9958,Europe,Hot
9959,Europe,Hot
9960,Europe,Hot
9961,America,Temperate
9962,Africa,Hot
9963,Asia,Cold
9964,Africa,Temperate
9965,America,Temperate
9966,Africa,Hot
9967,Africa,Temperate
9968,Asia,Cold
9969,America,Hot
9970,Europe,Cold
9971,Europe,Cold
9972,Africa,Temperate
9973,Europe,Cold
9974,America,Temperate
9975,Asia,Temperate
9976,America,Temperate
9977,Europe,Hot
9978,Europe,Temperate
9979,Asia,Cold
9980,America,Temperate
9981,Africa,Temperate
9982,Africa,Temperate
9983,America,Cold
9984,America,Temperate
9985,America,Cold
9986,Asia,Cold
9987,Africa,Hot
9988,Africa,Hot
9989,Africa,Hot
9990,Africa,Cold
9991,Asia,Hot
9992,Africa,Temperate
9993,America,Hot
9994,Africa,Hot
9995,Asia,Hot
9996,Europe,Hot
9997,Asia,Temperate
9998,Africa,Temperate
9999,Asia,Cold
10000,Asia,Hot
10001,Asia,Cold
10002,Asia,Temperate
10003,America,Cold
10004,Europe,Hot
10005,Asia,Temperate
10006,Africa,Cold
10007,America,Hot
10008,Europe,Temperate
10009,America,Cold
10010,Asia,Cold
10011,Africa,Temperate
10012,Africa,Hot
10013,America,Hot
10014,Africa,Hot
10015,Africa,Temperate
10016,Europe,Hot
10017,Africa,Hot
10018,Africa,Hot
10019,America,Hot
10020,America,Temperate
10021,America,Temperate
10022,Africa,Cold
10023,America,Cold
10024,Africa,Temperate
10025,Europe,Hot
10026,Asia,Cold
10027,Asia,Cold
10028,Asia,Hot
10029,America,Cold
10030,Europe,Hot
10031,Asia,Hot
10032,Africa,Temperate
10033,Europe,Temperate
10034,America,Temperate
10035,Asia,Cold
10036,Asia,Hot
10037,Asia,Cold
10038,Europe,Cold
10039,Europe,Temperate
10040,Africa,Cold
10041,Europe,Temperate
10042,Europe,Hot
10043,Africa,Hot
10044,Asia,Cold
10045,Asia,Temperate
10046,Europe,Cold
10047,Africa,Temperate
10048,Asia,Hot
10049,America,Hot
10050,America,Cold
10051,Africa,Hot
10052,Africa,Hot
10053,Europe,Hot
10054,America,Cold
10055,Asia,Cold
10056,Africa,Temperate
10057,America,Hot
10058,Asia,Temperate
10059,America,Hot
10060,Asia,Temperate
10061,America,Hot
10062,Asia,Cold
10063,Asia,Hot
10064,Africa,Cold
10065,Asia,Cold
10066,Africa,Cold
10067,America,Hot
10068,Europe,Temperate
10069,Europe,Temperate
10070,America,Cold
10071,Africa,Temperate
10072,Europe,Hot
10073,Europe,Temperate
10074,Asia,Cold
10075,Africa,Hot
10076,Africa,Temperate
10077,Asia,Temperate
10078,America,Hot
10079,Europe,Temperate
10080,Asia,Hot
10081,America,Cold
10082,America,Hot
10083,Africa,Temperate
10084,America,Temperate
10085,Asia,Cold
10086,Africa,Temperate
10087,Africa,Temperate
10088,Europe,Temperate
10089,Africa,Temperate
10090,America,Temperate
10091,America,Hot
10092,America,Cold
10093,Europe,Temperate
10094,Asia,Temperate
10095,Europe,Hot
10096,Asia,Hot
10097,America,Temperate
10098,Asia,Cold
10099,America,Hot
10100,America,Cold
10101,America,Temperate
10102,Asia,Temperate
10103,Africa,Temperate
10104,Europe,Temperate
10105,America,Hot
10106,Asia,Temperate
10107,Asia,Temperate
10108,Europe,Temperate
10109,Asia,Hot
10110,Africa,Temperate
10111,Europe,Temperate
10112,Asia,Cold
10113,Europe,Hot
10114,Africa,Cold
10115,Africa,Cold
10116,Asia,Cold
10117,Europe,Temperate
10118,Africa,Cold
10119,America,Hot
10120,Europe,Hot
10121,America,Cold
10122,America,Temperate
10123,Europe,Hot
10124,Asia,Temperate
10125,Africa,Hot
10126,Asia,Cold
10127,Europe,Hot
10128,America,Cold
10129,America,Cold
10130,America,Temperate
10131,Asia,Hot
10132,Asia,Cold
10133,America,Cold
10134,Africa,Hot
10135,Europe,Temperate
10136,Asia,Temperate
10137,America,Temperate
10138,America,Temperate
10139,Europe,Cold
10140,Asia,Cold
10141,Africa,Cold
10142,Asia,Temperate
10143,Africa,Temperate
10144,Asia,Cold
10145,Asia,Cold
10146,Africa,Cold
10147,Asia,Hot
10148,America,Cold
10149,America,Hot
10150,Asia,Temperate
10151,Africa,Temperate
10152,Asia,Temperate
10153,America,Hot
10154,America,Temperate
10155,America,Hot
10156,Europe,Cold
10157,America,Hot
10158,Asia,Temperate
10159,America,Temperate
10160,America,Temperate
10161,Africa,Hot
10162,Asia,Temperate
10163,America,Cold
10164,Europe,Temperate
10165,America,Temperate
10166,America,Hot
10167,Europe,Temperate
10168,Asia,Hot
10169,Asia,Cold
10170,America,Temperate
10171,Africa,Cold
10172,America,Hot
10173,Asia,Cold
10174,Africa,Hot
10175,Europe,Cold
10176,America,Temperate
10177,Europe,Temperate
10178,Europe,Temperate
10179,America,Hot
10180,Europe,Cold
10181,America,Hot
10182,Asia,Temperate
10183,Asia,Cold
10184,Africa,Hot
10185,Africa,Cold
10186,Europe,Temperate
10187,Africa,Cold
10188,Asia,Temperate
10189,Africa,Temperate
10190,Europe,Cold
10191,Africa,Hot
10192,Asia,Cold
10193,Africa,Cold
10194,Europe,Hot
10195,Asia,Temperate
10196,America,Hot
10197,Africa,Temperate
10198,Europe,Temperate
10199,Africa,Cold
10200,America,Cold
10201,America,Hot
10202,Africa,Cold
10203,Asia,Cold
10204,Asia,Temperate
10205,Asia,Cold
10206,America,Temperate
10207,America,Cold
10208,Europe,Temperate
10209,Africa,Cold
10210,Europe,Temperate
10211,Asia,Hot
10212,Europe,Hot
10213,Europe,Cold
10214,America,Hot
10215,Asia,Hot
10216,Africa,Cold
10217,Europe,Hot
10218,Africa,Temperate
10219,America,Cold
10220,Asia,Cold
10221,Africa,Temperate
10222,Africa,Temperate
10223,Africa,Hot
10224,Africa,Cold
10225,Europe,Hot
10226,Europe,Cold
10227,Asia,Cold
10228,Asia,Cold
10229,Asia,Hot
10230,America,Cold
10231,Europe,Hot
10232,America,Cold
10233,Europe,Temperate
10234,America,Hot
10235,Europe,Cold
10236,Africa,Temperate
10237,Europe,Hot
10238,Europe,Temperate
10239,Europe,Cold
10240,Asia,Cold
10241,Asia,Hot
10242,America,Temperate
10243,Asia,Temperate
10244,Europe,Cold
10245,America,Temperate
10246,Europe,Temperate
10247,America,Hot
10248,America,Temperate
10249,America,Cold
10250,Asia,Cold
10251,Africa,Temperate
10252,Asia,Cold
10253,Africa,Temperate
10254,Africa,Temperate
10255,Europe,Hot
10256,America,Hot
10257,Europe,Temperate
10258,Europe,Hot
10259,America,Cold
10260,Africa,Temperate
10261,Africa,Hot
10262,Asia,Hot
10263,Asia,Hot
10264,Asia,Hot
10265,Asia,Temperate
10266,Africa,Cold
10267,America,Temperate
10268,Europe,Temperate
10269,America,Cold
10270,Europe,Cold
10271,Europe,Temperate
10272,Africa,Hot
10273,Europe,Temperate
10274,Asia,Temperate
10275,Asia,Temperate
10276,Europe,Hot
10277,America,Cold
10278,Europe,Hot
10279,Asia,Hot
10280,Europe,Temperate
10281,Europe,Hot
10282,Europe,Hot
10283,Africa,Cold
10284,Europe,Hot
10285,America,Hot
10286,America,Temperate
10287,Asia,Temperate
10288,America,Hot
10289,Africa,Cold
10290,America,Temperate
10291,America,Temperate
10292,Asia,Temperate
10293,Asia,Hot
10294,Europe,Hot
10295,America,Temperate
10296,Asia,Cold
10297,Europe,Temperate
10298,Africa,Hot
10299,Europe,Cold
10300,Europe,Temperate
10301,Europe,Temperate
10302,Europe,Cold
10303,America,Hot
10304,Europe,Temperate
10305,Africa,Temperate
10306,Europe,Hot
10307,Africa,Cold
10308,Asia,Cold
10309,Europe,Cold
10310,Asia,Cold
10311,Africa,Temperate
10312,Europe,Cold
10313,America,Hot
10314,Europe,Temperate
10315,America,Cold
10316,America,Cold
10317,Asia,Cold
10318,Asia,Hot
10319,America,Hot
10320,Asia,Cold
10321,America,Hot
10322,Africa,Cold
10323,Africa,Hot
10324,Europe,Temperate
10325,Asia,Cold
10326,Africa,Hot
10327,Africa,Cold
10328,Africa,Temperate
10329,America,Temperate
10330,Asia,Hot
10331,Africa,Temperate
10332,Africa,Cold
10333,Asia,Temperate
10334,America,Cold
10335,Africa,Hot
10336,Asia,Temperate
10337,America,Temperate
10338,Asia,Cold
10339,Africa,Temperate
10340,Asia,Hot
10341,Europe,Temperate
10342,Asia,Cold
10343,Europe,Temperate
10344,America,Cold
10345,Europe,Hot
10346,America,Cold
10347,Asia,Hot
10348,Europe,Temperate
10349,Europe,Hot
10350,Africa,Hot
10351,Asia,Temperate
10352,Asia,Cold
10353,Europe,Temperate
10354,Asia,Temperate
10355,America,Hot
10356,Asia,Hot
10357,Africa,Cold
10358,America,Hot
10359,Africa,Temperate
10360,Asia,Cold
10361,America,Temperate
10362,Africa,Hot
10363,Asia,Temperate
10364,Africa,Cold
10365,Europe,Cold
10366,America,Hot
10367,Africa,Cold
10368,Europe,Hot
10369,America,Temperate
10370,Africa,Cold
10371,America,Cold
10372,Asia,Cold
10373,Asia,Cold
10374,Europe,Cold
10375,America,Cold
10376,Europe,Temperate
10377,Asia,Temperate
10378,Africa,Temperate
10379,America,Hot
10380,Europe,Temperate
10381,Asia,Cold
10382,Africa,Cold
10383,Asia,Temperate
10384,Asia,Cold
10385,Africa,Hot
10386,Africa,Temperate
10387,America,Hot
10388,Africa,Temperate
10389,Africa,Cold
10390,Asia,Hot
10391,Asia,Cold
10392,Asia,Temperate
10393,Africa,Cold
10394,America,Hot
10395,Asia,Temperate
10396,Asia,Temperate
10397,Africa,Cold
10398,Africa,Cold
10399,Europe,Hot
10400,Africa,Hot
10401,Asia,Temperate
10402,Africa,Temperate
10403,Europe,Temperate
10404,America,Hot
10405,Europe,Cold
10406,America,Cold
10407,America,Temperate
10408,Asia,Temperate
10409,Africa,Cold
10410,Africa,Temperate
10411,Europe,Temperate
10412,Africa,Hot
10413,America,Cold
10414,Asia,Cold
10415,Asia,Hot
10416,America,Hot
10417,America,Hot
10418,America,Cold
10419,America,Cold
10420,Africa,Hot
10421,America,Cold
10422,Africa,Cold
10423,Asia,Hot
10424,Africa,Temperate
10425,America,Cold
10426,Europe,Temperate
10427,Europe,Cold
10428,Africa,Temperate
10429,Europe,Temperate
10430,Asia,Cold
10431,Africa,Cold
10432,Europe,Cold
10433,Asia,Cold
10434,Africa,Temperate
10435,Africa,Hot
10436,Africa,Cold
10437,Africa,Cold
10438,America,Hot
10439,Europe,Cold
10440,Africa,Cold
10441,Africa,Cold
10442,Europe,Temperate
10443,Europe,Temperate
10444,Asia,Hot
10445,Europe,Hot
10446,Africa,Hot
10447,America,Temperate
10448,Europe,Cold
10449,America,Temperate
10450,Africa,Cold
10451,Europe,Cold
10452,America,Temperate
10453,Asia,Cold
10454,Asia,Temperate
10455,Asia,Temperate
10456,Asia,Temperate
10457,America,Hot
10458,America,Cold
10459,America,Hot
10460,America,Hot
10461,Asia,Cold
10462,America,Temperate
10463,Europe,Hot
10464,Africa,Hot
10465,Europe,Temperate
10466,America,Temperate
10467,America,Temperate
10468,Asia,Cold
10469,Asia,Cold
10470,Africa,Temperate
10471,Asia,Cold
10472,Europe,Temperate
10473,Asia,Temperate
10474,Asia,Cold
10475,Africa,Cold
10476,America,Temperate
10477,Asia,Cold
10478,America,Hot
10479,Europe,Hot
10480,America,Hot
10481,Asia,Temperate
10482,America,Hot
10483,Europe,Temperate
10484,Asia,Cold
10485,Europe,Cold
10486,Asia,Hot
10487,Africa,Temperate
10488,Europe,Temperate
10489,Asia,Hot
10490,Europe,Hot
10491,Asia,Cold
10492,Africa,Cold
10493,America,Cold
10494,America,Hot
10495,Africa,Cold
10496,Africa,Cold
10497,America,Temperate
10498,Europe,Cold
10499,Africa,Cold
10500,America,Temperate
10501,America,Cold
10502,America,Temperate
10503,Europe,Cold
10504,Europe,Cold
10505,Africa,Cold
10506,Europe,Cold
10507,Europe,Cold
10508,Europe,Hot
10509,Europe,Hot
10510,Africa,Hot
10511,Europe,Hot
10512,Africa,Hot
10513,Africa,Cold
10514,Europe,Temperate
10515,Europe,Temperate
10516,Africa,Cold
10517,Africa,Temperate
10518,Africa,Hot
10519,America,Hot
10520,Europe,Temperate
10521,America,Cold
10522,America,Hot
10523,Europe,Cold
10524,Asia,Cold
10525,America,Hot
10526,Europe,Cold
10527,America,Temperate
10528,Europe,Hot
10529,Africa,Cold
10530,America,Hot
10531,America,Cold
10532,America,Hot
10533,Europe,Cold
10534,Asia,Cold
10535,Africa,Hot
10536,Asia,Temperate
10537,America,Temperate
10538,Europe,Hot
10539,America,Hot
10540,America,Temperate
10541,Asia,Cold
10542,America,Cold
10543,Europe,Cold
10544,Africa,Temperate
10545,Asia,Hot
10546,Europe,Cold
10547,America,Hot
10548,Africa,Temperate
10549,Africa,Temperate
10550,Africa,Temperate
10551,Europe,Cold
10552,Africa,Cold
10553,Europe,Hot
10554,Asia,Cold
10555,Europe,Hot
10556,America,Hot
10557,Europe,Temperate
10558,Europe,Hot
10559,America,Cold
10560,Asia,Cold
10561,Europe,Hot
10562,America,Hot
10563,America,Hot
10564,Asia,Cold
10565,Asia,Hot
10566,America,Hot
10567,Asia,Hot
10568,America,Temperate
10569,Asia,Temperate
10570,America,Cold
10571,Africa,Temperate
10572,Asia,Cold
10573,Africa,Temperate
10574,America,Temperate
10575,Asia,Temperate
10576,Asia,Cold
10577,Africa,Cold
10578,Africa,Hot
10579,Europe,Temperate
10580,Africa,Cold
10581,America,Hot
10582,America,Cold
10583,Africa,Cold
10584,Africa,Hot
10585,America,Cold
10586,Europe,Hot
10587,Europe,Temperate
10588,Asia,Temperate
10589,America,Cold
10590,Asia,Temperate
10591,Europe,Temperate
10592,Africa,Cold
10593,Europe,Hot
10594,Europe,Temperate
10595,Europe,Hot
10596,Europe,Temperate
10597,America,Cold
10598,America,Cold
10599,America,Hot
10600,Europe,Cold
10601,Asia,Hot
10602,Africa,Hot
10603,Asia,Temperate
10604,America,Hot
10605,America,Hot
10606,America,Cold
10607,Asia,Hot
10608,America,Temperate
10609,America,Hot
10610,Europe,Cold
10611,America,Hot
10612,America,Hot
10613,Asia,Cold
10614,Africa,Hot
10615,America,Hot
10616,Africa,Cold
10617,Africa,Temperate
10618,America,Temperate
10619,Europe,Temperate
10620,America,Temperate
10621,Asia,Temperate
10622,America,Temperate
10623,Europe,Cold
10624,America,Cold
10625,Asia,Hot
10626,Asia,Hot
10627,Africa,Cold
10628,Asia,Temperate
10629,Africa,Temperate
10630,Europe,Cold
10631,Asia,Temperate
10632,Asia,Temperate
10633,Africa,Cold
10634,Asia,Temperate
10635,America,Temperate
10636,Africa,Hot
10637,Europe,Hot
10638,Asia,Temperate
10639,Europe,Cold
10640,Europe,Hot
10641,America,Temperate
10642,Africa,Temperate
10643,Africa,Hot
10644,Asia,Cold
10645,Europe,Hot
10646,Africa,Cold
10647,Asia,Cold
10648,America,Cold
10649,Europe,Temperate
10650,America,Hot
10651,Asia,Cold
10652,Europe,Temperate
10653,America,Hot
10654,Europe,Hot
10655,Asia,Cold
10656,Europe,Hot
10657,America,Cold
10658,Africa,Temperate
10659,Asia,Hot
10660,Europe,Hot
10661,Europe,Hot
10662,Europe,Hot
10663,Europe,Cold
10664,Europe,Hot
10665,America,Hot
10666,America,Temperate
10667,Asia,Hot
10668,Asia,Cold
10669,America,Cold
10670,Africa,Hot
10671,America,Cold
10672,Africa,Hot
10673,America,Cold
10674,Asia,Temperate
10675,Asia,Temperate
10676,Europe,Hot
10677,Africa,Temperate
10678,Africa,Cold
10679,Africa,Cold
10680,Europe,Hot
10681,Africa,Hot
10682,Europe,Temperate
10683,Europe,Cold
10684,Europe,Cold
10685,Europe,Cold
10686,America,Temperate
10687,Asia,Temperate
10688,Africa,Cold
10689,Asia,Hot
10690,Africa,Temperate
10691,Asia,Hot
10692,Europe,Temperate
10693,Asia,Temperate
10694,Europe,Cold
10695,Asia,Cold
10696,Europe,Temperate
10697,Asia,Temperate
10698,Europe,Cold
10699,Africa,Cold
10700,America,Hot
10701,Europe,Hot
10702,Asia,Hot
10703,Africa,Cold
10704,Europe,Cold
10705,Asia,Hot
10706,America,Cold
10707,America,Hot
10708,Asia,Hot
10709,Europe,Hot
10710,Africa,Temperate
10711,Asia,Hot
10712,America,Temperate
10713,Asia,Hot
10714,Asia,Temperate
10715,Africa,Hot
10716,Africa,Cold
10717,Asia,Temperate
10718,Asia,Hot
10719,Africa,Cold
10720,Africa,Cold
10721,Europe,Hot
10722,Europe,Cold
10723,Europe,Cold
10724,Europe,Cold
10725,Asia,Hot
10726,Asia,Temperate
10727,Europe,Hot
10728,Asia,Hot
10729,Africa,Temperate
10730,Africa,Hot
10731,Europe,Temperate
10732,Asia,Cold
10733,Africa,Cold
10734,Asia,Hot
10735,Africa,Hot
10736,Asia,Cold
10737,Africa,Temperate
10738,Africa,Cold
10739,Africa,Hot
10740,Europe,Cold
10741,Asia,Cold
10742,Europe,Temperate
10743,Asia,Cold
10744,Africa,Temperate
10745,America,Cold
10746,Europe,Temperate
10747,Africa,Temperate
10748,Europe,Cold
10749,America,Cold
10750,Asia,Cold
10751,Asia,Temperate
10752,America,Hot
10753,America,Hot
10754,Asia,Temperate
10755,America,Temperate
10756,Africa,Temperate
10757,Europe,Cold
10758,Europe,Cold
10759,Europe,Cold
10760,Europe,Hot
10761,Europe,Cold
10762,Europe,Hot
10763,Asia,Cold
10764,Asia,Hot
10765,Europe,Temperate
10766,Europe,Temperate
10767,America,Temperate
10768,America,Hot
10769,America,Hot
10770,Europe,Cold
10771,America,Hot
10772,Europe,Hot
10773,Asia,Cold
10774,Africa,Hot
10775,Asia,Hot
10776,Europe,Temperate
10777,Europe,Cold
10778,Asia,Temperate
10779,Asia,Hot
10780,America,Cold
10781,America,Cold
10782,Africa,Temperate
10783,America,Temperate
10784,America,Temperate
10785,America,Cold
10786,Africa,Cold
10787,America,Cold
10788,America,Cold
10789,Asia,Hot
10790,Asia,Temperate
10791,America,Cold
10792,Asia,Hot
10793,Europe,Temperate
10794,Asia,Cold
10795,Africa,Hot
10796,America,Cold
10797,Europe,Hot
10798,Asia,Temperate
10799,Europe,Hot
10800,Europe,Temperate
10801,America,Hot
10802,Europe,Hot
10803,Africa,Cold
10804,Europe,Hot
10805,America,Cold
10806,Africa,Temperate
10807,Africa,Hot
10808,Africa,Cold
10809,Africa,Cold
10810,Europe,Temperate
10811,Asia,Hot
10812,Asia,Hot
10813,Asia,Cold
10814,Asia,Cold
10815,Asia,Hot
10816,America,Temperate
10817,Asia,Cold
10818,America,Hot
10819,Asia,Hot
10820,Asia,Cold
10821,Africa,Hot
10822,Europe,Temperate
10823,Africa,Cold
10824,Asia,Temperate
10825,America,Temperate
10826,Asia,Temperate
10827,Asia,Temperate
10828,Europe,Temperate
10829,Africa,Cold
10830,Europe,Hot
10831,Africa,Cold
10832,Africa,Hot
10833,Asia,Hot
10834,Africa,Hot
10835,Africa,Temperate
10836,Europe,Temperate
10837,Africa,Hot
10838,Europe,Hot
10839,Africa,Hot
10840,Europe,Hot
10841,Asia,Temperate
10842,Africa,Cold
10843,Europe,Cold
10844,Europe,Temperate
10845,Asia,Cold
10846,Asia,Temperate
10847,Europe,Temperate
10848,Europe,Hot
10849,Europe,Hot
10850,Africa,Hot
10851,Africa,Temperate
10852,Europe,Cold
10853,Asia,Temperate
10854,Asia,Cold
10855,America,Temperate
10856,America,Hot
10857,Asia,Temperate
10858,Africa,Temperate
10859,Asia,Temperate
10860,Asia,Cold
10861,Europe,Cold
10862,Asia,Hot
10863,America,Temperate
10864,Africa,Hot
10865,America,Temperate
10866,Africa,Hot
10867,America,Hot
10868,Europe,Cold
10869,Europe,Cold
10870,Africa,Temperate
10871,Europe,Cold
10872,Africa,Temperate
10873,Asia,Temperate
10874,Africa,Cold
10875,America,Temperate
10876,Africa,Temperate
10877,Asia,Temperate
10878,Asia,Cold
10879,Asia,Cold
10880,Europe,Cold
10881,Europe,Cold
10882,America,Cold
10883,Europe,Cold
10884,Africa,Hot
10885,Asia,Temperate
10886,Europe,Cold
10887,Europe,Temperate
10888,America,Hot
10889,Europe,Hot
10890,Europe,Hot
10891,Asia,Cold
10892,America,Cold
10893,Asia,Hot
10894,Europe,Temperate
10895,Africa,Cold
10896,Asia,Hot
10897,Africa,Temperate
10898,Africa,Cold
10899,Asia,Hot
10900,America,Hot
10901,Africa,Temperate
10902,Asia,Hot
10903,Europe,Hot
10904,Asia,Temperate
10905,Europe,Hot
10906,America,Cold
10907,Africa,Hot
10908,America,Temperate
10909,America,Cold
10910,Africa,Cold
10911,Europe,Temperate
10912,Asia,Cold
10913,Europe,Cold
10914,Africa,Temperate
10915,Europe,Temperate
10916,Europe,Cold
10917,Europe,Temperate
10918,Africa,Hot
10919,America,Cold
10920,Asia,Hot
10921,America,Cold
10922,Asia,Hot
10923,Africa,Cold
10924,Africa,Cold
10925,Europe,Hot
10926,Asia,Hot
10927,America,Cold
10928,Asia,Hot
10929,Asia,Hot
10930,Africa,Cold
10931,Asia,Hot
10932,Europe,Cold
10933,America,Cold
10934,Asia,Cold
10935,Asia,Hot
10936,Europe,Cold
10937,America,Cold
10938,America,Hot
10939,Europe,Cold
10940,Africa,Hot
10941,America,Temperate
10942,Africa,Temperate
10943,Europe,Hot
10944,Asia,Cold
10945,Asia,Temperate
10946,Europe,Temperate
10947,America,Hot
10948,Africa,Hot
10949,Europe,Temperate
10950,Asia,Temperate
10951,Asia,Cold
10952,America,Cold
10953,America,Hot
10954,Africa,Temperate
10955,Africa,Cold
10956,Africa,Cold
10957,Europe,Hot
10958,Africa,Temperate
10959,Europe,Temperate
10960,Europe,Hot
10961,America,Cold
10962,Europe,Hot
10963,America,Hot
10964,Africa,Temperate
10965,Europe,Temperate
10966,Africa,Hot
10967,Europe,Cold
10968,Europe,Cold
10969,America,Cold
10970,Africa,Hot
10971,Europe,Hot
10972,Asia,Temperate
10973,Europe,Hot
10974,Africa,Temperate
10975,America,Cold
10976,Asia,Hot
10977,Africa,Temperate
10978,Europe,Cold
10979,America,Temperate
10980,America,Hot
10981,Africa,Cold
10982,Europe,Cold
10983,Asia,Cold
10984,Africa,Hot
10985,Asia,Hot
10986,America,Hot
10987,America,Cold
10988,America,Hot
10989,Asia,Temperate
10990,Europe,Temperate
10991,Africa,Cold
10992,Africa,Temperate
10993,Africa,Temperate
10994,Asia,Hot
10995,Europe,Cold
10996,America,Hot
10997,America,Temperate
10998,Asia,Temperate
10999,Africa,Temperate
11000,Europe,Cold
11001,Europe,Temperate
11002,Europe,Temperate
11003,Europe,Cold
11004,Europe,Hot
11005,Africa,Cold
11006,America,Cold
11007,Africa,Hot
11008,America,Cold
11009,Africa,Hot
11010,America,Temperate
11011,Africa,Cold
11012,Asia,Hot
11013,Europe,Cold
11014,Europe,Hot
11015,Africa,Hot
11016,Africa,Hot
11017,Europe,Temperate
11018,Asia,Cold
11019,America,Hot
11020,America,Temperate
11021,Asia,Temperate
11022,Europe,Hot
11023,Africa,Temperate
11024,America,Cold
11025,America,Cold
11026,America,Cold
11027,Europe,Hot
11028,Africa,Hot
11029,Europe,Hot
11030,Europe,Cold
11031,America,Cold
11032,Africa,Temperate
11033,Europe,Hot
11034,Europe,Hot
11035,Asia,Temperate
11036,Asia,Temperate
11037,Africa,Hot
11038,America,Cold
11039,Europe,Cold
11040,Asia,Hot
11041,Africa,Cold
11042,America,Hot
11043,Asia,Hot
11044,America,Cold
11045,America,Cold
11046,Asia,Hot
11047,Europe,Hot
11048,Asia,Hot
11049,Asia,Hot
11050,Europe,Temperate
11051,Africa,Temperate
11052,Europe,Hot
11053,Europe,Hot
11054,America,Cold
11055,Africa,Hot
11056,America,Hot
11057,America,Cold
11058,Asia,Cold
11059,Europe,Hot
11060,Europe,Cold
11061,America,Temperate
11062,Europe,Temperate
11063,Africa,Temperate
11064,Europe,Temperate
11065,America,Temperate
11066,Europe,Temperate
11067,America,Temperate
11068,Africa,Cold
11069,Asia,Cold
11070,America,Cold
11071,America,Cold
11072,Europe,Cold
11073,Asia,Temperate
11074,Africa,Hot
11075,Asia,Hot
11076,America,Cold
11077,Africa,Hot
11078,Africa,Hot
11079,Asia,Temperate
11080,America,Temperate
11081,Asia,Hot
11082,Europe,Temperate
11083,America,Temperate
11084,Africa,Hot
11085,Asia,Temperate
11086,Europe,Cold
11087,Africa,Cold
11088,Europe,Hot
11089,America,Hot
11090,Europe,Cold
11091,Africa,Temperate
11092,Europe,Hot
11093,Asia,Temperate
11094,America,Temperate
11095,Europe,Hot
11096,Europe,Cold
11097,Africa,Cold
11098,Asia,Cold
11099,Asia,Cold
11100,Asia,Cold
11101,Asia,Cold
11102,Europe,Temperate
11103,Asia,Cold
11104,America,Hot
11105,Asia,Hot
11106,Africa,Cold
11107,Asia,Cold
11108,Africa,Hot
11109,America,Hot
11110,Asia,Hot
11111,America,Cold
11112,Europe,Hot
11113,Asia,Cold
11114,America,Cold
11115,America,Cold
11116,Africa,Cold
11117,America,Hot
11118,America,Temperate
11119,Asia,Temperate
11120,Europe,Temperate
11121,America,Hot
11122,America,Hot
11123,Africa,Cold
11124,Europe,Temperate
11125,America,Hot
11126,Asia,Cold
11127,Asia,Cold
11128,Africa,Cold
11129,Europe,Cold
11130,Europe,Cold
11131,America,Cold
11132,Africa,Hot
11133,Asia,Cold
11134,America,Hot
11135,Asia,Hot
11136,Europe,Temperate
11137,Africa,Temperate
11138,Europe,Cold
11139,Asia,Cold
11140,Asia,Temperate
11141,Europe,Cold
11142,Asia,Hot
11143,America,Hot
11144,America,Cold
11145,Asia,Temperate
11146,America,Cold
11147,America,Temperate
11148,America,Hot
11149,America,Temperate
11150,Africa,Temperate
11151,Africa,Cold
11152,Africa,Temperate
11153,Asia,Temperate
11154,America,Hot
11155,Africa,Temperate
11156,Europe,Cold
11157,America,Hot
11158,Asia,Temperate
11159,America,Temperate
11160,Europe,Hot
11161,Asia,Temperate
11162,Europe,Hot
11163,Africa,Hot
11164,America,Cold
11165,Asia,Temperate
11166,Asia,Hot
11167,Europe,Hot
11168,Asia,Cold
11169,Europe,Cold
11170,Africa,Cold
11171,Europe,Hot
11172,Europe,Hot
11173,Asia,Cold
11174,Africa,Cold
11175,Africa,Cold
11176,Africa,Cold
11177,Africa,Hot
11178,Asia,Cold
11179,Asia,Hot
11180,Asia,Cold
11181,Africa,Temperate
11182,Europe,Temperate
11183,Africa,Hot
11184,Africa,Cold
11185,Africa,Cold
11186,Europe,Cold
11187,America,Cold
11188,Europe,Temperate
11189,America,Hot
11190,Asia,Temperate
11191,America,Temperate
11192,Africa,Cold
11193,Africa,Hot
11194,America,Hot
11195,Africa,Temperate
11196,America,Temperate
11197,Africa,Cold
11198,Asia,Hot
11199,Europe,Temperate
11200,Asia,Temperate
11201,Asia,Temperate
11202,America,Cold
11203,Asia,Cold
11204,Europe,Hot
11205,America,Cold
11206,Asia,Hot
11207,Africa,Temperate
11208,Asia,Hot
11209,America,Hot
11210,Africa,Temperate
11211,Asia,Temperate
11212,Asia,Cold
11213,Africa,Temperate
11214,Africa,Temperate
11215,Africa,Temperate
11216,Africa,Temperate
11217,Africa,Cold
11218,Europe,Temperate
11219,Europe,Hot
11220,Europe,Hot
11221,Asia,Temperate
11222,Europe,Hot
11223,Africa,Cold
11224,Europe,Temperate
11225,Europe,Temperate
11226,Asia,Cold
11227,Africa,Temperate
11228,Asia,Temperate
11229,America,Cold
11230,Europe,Hot
11231,America,Temperate
11232,Europe,Temperate
11233,America,Temperate
11234,Asia,Hot
11235,America,Cold
11236,Asia,Cold
11237,America,Temperate
11238,Africa,Cold
11239,Europe,Hot
11240,Africa,Hot
11241,Europe,Temperate
11242,America,Cold
11243,Europe,Hot
11244,Asia,Hot
11245,America,Hot
11246,Europe,Hot
11247,Europe,Cold
11248,Africa,Temperate
11249,America,Cold
11250,Europe,Temperate
11251,Europe,Hot
11252,America,Hot
11253,Europe,Hot
11254,Europe,Temperate
11255,Asia,Cold
11256,Europe,Hot
11257,Europe,Temperate
11258,Asia,Hot
11259,America,Temperate
11260,Europe,Cold
11261,Asia,Hot
11262,Africa,Hot
11263,America,Cold
11264,Europe,Hot
11265,Asia,Cold
11266,Africa,Cold
11267,America,Hot
11268,Europe,Temperate
11269,America,Cold
11270,Africa,Hot
11271,Europe,Cold
11272,America,Temperate
11273,Asia,Temperate
11274,America,Cold
11275,Asia,Temperate
11276,Asia,Cold
11277,Asia,Temperate
11278,America,Hot
11279,Asia,Temperate
11280,Europe,Temperate
11281,Asia,Cold
11282,Europe,Hot
11283,Europe,Hot
11284,Europe,Temperate
11285,Europe,Hot
11286,America,Hot
11287,Europe,Temperate
11288,Europe,Hot
11289,Asia,Temperate
11290,Asia,Hot
11291,Asia,Hot
11292,Europe,Hot
11293,Europe,Cold
11294,Europe,Temperate
11295,Europe,Hot
11296,Africa,Hot
11297,Africa,Temperate
11298,Asia,Temperate
11299,America,Temperate
11300,Asia,Hot
11301,Europe,Temperate
11302,Europe,Cold
11303,Asia,Hot
11304,Asia,Hot
11305,America,Temperate
11306,Asia,Temperate
11307,America,Cold
11308,Europe,Cold
11309,America,Hot
11310,Asia,Hot
11311,Europe,Temperate
11312,America,Temperate
11313,Africa,Cold
11314,Europe,Cold
11315,Asia,Cold
11316,America,Temperate
11317,Africa,Cold
11318,Asia,Temperate
11319,Africa,Temperate
11320,Europe,Cold
11321,America,Temperate
11322,Asia,Temperate
11323,Asia,Temperate
11324,Asia,Cold
11325,Africa,Temperate
11326,America,Temperate
11327,America,Cold
11328,Europe,Temperate
11329,America,Cold
11330,Asia,Cold
11331,Africa,Temperate
11332,Africa,Temperate
11333,America,Hot
11334,Asia,Hot
11335,Europe,Temperate
11336,America,Cold
11337,Africa,Cold
11338,Africa,Hot
11339,Asia,Cold
11340,America,Hot
11341,Asia,Cold
11342,Asia,Temperate
11343,America,Cold
11344,Asia,Cold
11345,Africa,Cold
11346,Africa,Hot
11347,America,Hot
11348,Africa,Cold
11349,America,Temperate
11350,America,Temperate
11351,Africa,Temperate
11352,Africa,Hot
11353,Asia,Temperate
11354,Africa,Hot
11355,Europe,Cold
11356,America,Hot
11357,America,Temperate
11358,America,Cold
11359,America,Cold
11360,Asia,Cold
11361,America,Cold
11362,Asia,Temperate
11363,Asia,Cold
11364,Europe,Hot
11365,Africa,Cold
11366,Africa,Hot
11367,Asia,Cold
11368,Europe,Temperate
11369,America,Cold
11370,America,Hot
11371,Asia,Temperate
11372,Africa,Temperate
11373,Asia,Temperate
11374,Europe,Temperate
11375,Africa,Temperate
11376,America,Hot
11377,America,Cold
11378,Asia,Hot
11379,Europe,Hot
11380,Europe,Cold
11381,Europe,Cold
11382,Europe,Cold
11383,Africa,Temperate
11384,Europe,Temperate
11385,Asia,Temperate
11386,Europe,Temperate
11387,America,Cold
11388,Africa,Cold
11389,Africa,Cold
11390,Asia,Temperate
11391,America,Cold
11392,Asia,Hot
11393,Asia,Cold
11394,Asia,Temperate
11395,Europe,Cold
11396,Europe,Hot
11397,Europe,Cold
11398,Asia,Temperate
11399,Asia,Temperate
11400,Asia,Hot
11401,Europe,Hot
11402,Europe,Temperate
11403,Asia,Hot
11404,Asia,Hot
11405,Europe,Cold
11406,Asia,Hot
11407,Europe,Temperate
11408,Europe,Hot
11409,Asia,Hot
11410,Asia,Hot
11411,Asia,Hot
11412,America,Hot
11413,America,Hot
11414,America,Temperate
11415,Africa,Cold
11416,Africa,Temperate
11417,America,Cold
11418,Asia,Cold
11419,America,Temperate
11420,Africa,Hot
11421,Europe,Temperate
11422,America,Hot
11423,Europe,Cold
11424,Europe,Cold
11425,America,Cold
11426,Europe,Hot
11427,Europe,Hot
11428,America,Cold
11429,America,Cold
11430,Europe,Temperate
11431,Europe,Hot
11432,Europe,Cold
11433,Africa,Cold
11434,Africa,Temperate
11435,Asia,Temperate
11436,America,Hot
11437,Europe,Temperate
11438,Europe,Hot
11439,Europe,Cold
11440,Africa,Cold
11441,America,Cold
11442,Asia,Temperate
11443,Africa,Cold
11444,America,Hot
11445,Europe,Cold
11446,America,Hot
11447,Africa,Temperate
11448,Africa,Temperate
11449,Africa,Temperate
11450,Africa,Temperate
11451,Europe,Temperate
11452,Europe,Hot
11453,Africa,Temperate
11454,Europe,Cold
11455,Africa,Cold
11456,Asia,Hot
11457,America,Temperate
11458,Asia,Temperate
11459,Europe,Temperate
11460,Europe,Temperate
11461,America,Hot
11462,Europe,Hot
11463,Africa,Temperate
11464,America,Hot
11465,Asia,Temperate
11466,Asia,Temperate
11467,Europe,Cold
11468,Asia,Hot
11469,Europe,Cold
11470,Europe,Cold
11471,Asia,Hot
11472,Asia,Cold
11473,Africa,Cold
11474,Europe,Cold
11475,Africa,Temperate
11476,Africa,Cold
11477,America,Temperate
11478,Asia,Hot
11479,Asia,Temperate
11480,Asia,Temperate
11481,Africa,Temperate
11482,America,Cold
11483,Asia,Hot
11484,Asia,Cold
11485,America,Cold
11486,Europe,Temperate
11487,America,Cold
11488,America,Temperate
11489,Asia,Hot
11490,Europe,Hot
11491,Africa,Temperate
11492,Europe,Hot
11493,Asia,Cold
11494,Europe,Cold
11495,Asia,Temperate
11496,America,Hot
11497,America,Cold
11498,America,Cold
11499,Africa,Hot
11500,America,Cold
11501,Europe,Hot
11502,America,Cold
11503,Asia,Hot
11504,Asia,Temperate
11505,Europe,Cold
11506,America,Cold
11507,America,Hot
11508,Europe,Temperate
11509,Africa,Cold
11510,Asia,Hot
11511,Asia,Temperate
11512,America,Hot
11513,Europe,Hot
11514,Europe,Temperate
11515,America,Hot
11516,Africa,Cold
11517,Europe,Cold
11518,Europe,Temperate
11519,Africa,Cold
11520,Europe,Temperate
11521,America,Hot
11522,Asia,Temperate
11523,Asia,Cold
11524,America,Cold
11525,America,Temperate
11526,America,Cold
11527,Africa,Temperate
11528,America,Cold
11529,Africa,Temperate
11530,Africa,Cold
11531,America,Cold
11532,America,Temperate
11533,Europe,Cold
11534,Europe,Cold
11535,Asia,Hot
11536,Africa,Hot
11537,Africa,Hot
11538,Africa,Temperate
11539,Asia,Temperate
11540,Africa,Cold
11541,Asia,Cold
11542,Africa,Hot
11543,Asia,Cold
11544,Asia,Temperate
11545,Europe,Temperate
11546,America,Cold
11547,Asia,Cold
11548,America,Temperate
11549,Africa,Cold
11550,America,Temperate
11551,Africa,Hot
11552,America,Temperate
11553,Asia,Temperate
11554,Asia,Cold
11555,Europe,Hot
11556,Asia,Temperate
11557,America,Hot
11558,America,Hot
11559,Europe,Cold
11560,Africa,Temperate
11561,America,Hot
11562,America,Hot
11563,Europe,Temperate
11564,Asia,Temperate
11565,Africa,Temperate
11566,America,Temperate
11567,America,Hot
11568,Asia,Hot
11569,Asia,Cold
11570,America,Temperate
11571,Africa,Hot
11572,Europe,Hot
11573,Europe,Temperate
11574,Europe,Temperate
11575,Europe,Cold
11576,America,Hot
11577,America,Hot
11578,Europe,Hot
11579,Europe,Hot
11580,Africa,Cold
11581,America,Temperate
11582,Asia,Temperate
11583,Africa,Temperate
11584,America,Temperate
11585,America,Hot
11586,Asia,Cold
11587,Africa,Temperate
11588,Asia,Temperate
11589,Asia,Hot
11590,Africa,Temperate
11591,Europe,Temperate
11592,Asia,Hot
11593,America,Cold
11594,Africa,Hot
11595,Asia,Cold
11596,America,Cold
11597,Europe,Cold
11598,America,Hot
11599,Asia,Hot
11600,America,Temperate
11601,Europe,Hot
11602,America,Hot
11603,America,Cold
11604,America,Temperate
11605,Asia,Temperate
11606,Europe,Hot
11607,Asia,Hot
11608,Europe,Hot
11609,Asia,Hot
11610,Africa,Cold
11611,Asia,Temperate
11612,Europe,Cold
11613,America,Temperate
11614,Europe,Temperate
11615,Asia,Temperate
11616,Asia,Cold
11617,Asia,Temperate
11618,Europe,Cold
11619,America,Temperate
11620,Africa,Cold
11621,Africa,Temperate
11622,America,Cold
11623,Africa,Hot
11624,America,Cold
11625,Europe,Hot
11626,Europe,Cold
11627,America,Hot
11628,Africa,Hot
11629,Africa,Cold
11630,Europe,Temperate
11631,Europe,Temperate
11632,America,Temperate
11633,America,Temperate
11634,Europe,Temperate
11635,Europe,Temperate
11636,Europe,Cold
11637,Europe,Hot
11638,Africa,Cold
11639,Europe,Hot
11640,Asia,Hot
11641,Europe,Cold
11642,Europe,Hot
11643,Africa,Cold
11644,Africa,Cold
11645,Europe,Temperate
11646,Europe,Hot
11647,Asia,Temperate
11648,Africa,Cold
11649,America,Cold
11650,America,Hot
11651,Africa,Temperate
11652,America,Temperate
11653,Europe,Hot
11654,Europe,Cold
11655,America,Cold
11656,Asia,Hot
11657,America,Hot
11658,Asia,Hot
11659,America,Temperate
11660,Asia,Hot
11661,Asia,Cold
11662,Asia,Hot
11663,Europe,Temperate
11664,America,Temperate
11665,Europe,Hot
11666,Africa,Cold
11667,Africa,Hot
11668,Africa,Temperate
11669,Europe,Cold
11670,Africa,Temperate
11671,Africa,Temperate
11672,Asia,Temperate
11673,America,Hot
11674,Asia,Temperate
11675,America,Hot
11676,Africa,Hot
11677,Asia,Hot
11678,Africa,Temperate
11679,Asia,Temperate
11680,America,Temperate
11681,Europe,Cold
11682,Europe,Cold
11683,Europe,Cold
11684,Africa,Cold
11685,Africa,Cold
11686,Africa,Temperate
11687,Asia,Temperate
11688,Africa,Temperate
11689,America,Hot
11690,Africa,Hot
11691,Europe,Temperate
11692,Africa,Temperate
11693,America,Temperate
11694,Asia,Temperate
11695,America,Hot
11696,America,Hot
11697,Europe,Temperate
11698,Europe,Temperate
11699,America,Temperate
11700,Asia,Cold
11701,Africa,Temperate
11702,Europe,Temperate
11703,America,Temperate
11704,Europe,Cold
11705,Africa,Cold
11706,Asia,Temperate
11707,Africa,Cold
11708,Asia,Cold
11709,Africa,Hot
11710,Europe,Temperate
11711,Africa,Hot
11712,America,Temperate
11713,Africa,Temperate
11714,America,Cold
11715,America,Temperate
11716,Europe,Cold
11717,America,Cold
11718,Europe,Hot
11719,Asia,Cold
11720,Asia,Hot
11721,Africa,Cold
11722,Africa,Hot
11723,Europe,Temperate
11724,Europe,Temperate
11725,Africa,Cold
11726,Africa,Temperate
11727,Africa,Temperate
11728,America,Temperate
11729,Asia,Cold
11730,Africa,Temperate
11731,America,Temperate
11732,Europe,Temperate
11733,Africa,Hot
11734,Europe,Temperate
11735,Europe,Temperate
11736,Asia,Hot
11737,Europe,Cold
11738,America,Cold
11739,Asia,Hot
11740,Africa,Hot
11741,America,Cold
11742,Europe,Temperate
11743,Africa,Cold
11744,Africa,Cold
11745,Europe,Cold
11746,America,Hot
11747,America,Temperate
11748,Africa,Temperate
11749,Europe,Temperate
11750,Europe,Temperate
11751,Africa,Cold
11752,Europe,Temperate
11753,Asia,Temperate
11754,America,Temperate
11755,America,Temperate
11756,America,Hot
11757,Asia,Hot
11758,Africa,Temperate
11759,America,Temperate
11760,Europe,Temperate
11761,Africa,Hot
11762,Africa,Cold
11763,America,Temperate
11764,Europe,Hot
11765,Africa,Cold
11766,America,Hot
11767,Europe,Temperate
11768,Europe,Cold
11769,Africa,Temperate
11770,Asia,Hot
11771,Asia,Hot
11772,America,Hot
11773,America,Cold
11774,Asia,Cold
11775,Europe,Hot
11776,Africa,Cold
11777,Europe,Hot
11778,Africa,Hot
11779,Europe,Hot
11780,Africa,Cold
11781,Asia,Cold
11782,Asia,Temperate
11783,Asia,Cold
11784,Asia,Temperate
11785,Africa,Temperate
11786,Africa,Hot
11787,Asia,Cold
11788,Africa,Cold
11789,Europe,Temperate
11790,America,Hot
11791,Africa,Hot
11792,Africa,Hot
11793,Europe,Hot
11794,Asia,Temperate
11795,Europe,Cold
11796,Asia,Cold
11797,Europe,Hot
11798,Asia,Cold
11799,Europe,Temperate
11800,America,Temperate
11801,America,Cold
11802,Africa,Temperate
11803,America,Hot
11804,Europe,Temperate
11805,America,Temperate
11806,Europe,Cold
11807,Asia,Temperate
11808,America,Temperate
11809,America,Temperate
11810,Asia,Hot
11811,America,Hot
11812,Africa,Cold
11813,Europe,Hot
11814,Africa,Temperate
11815,Asia,Cold
11816,America,Temperate
11817,Europe,Hot
11818,Africa,Temperate
11819,Africa,Cold
11820,Asia,Hot
11821,America,Hot
11822,Europe,Cold
11823,America,Cold
11824,America,Cold
11825,Asia,Temperate
11826,Asia,Hot
11827,Europe,Temperate
11828,Europe,Temperate
11829,Asia,Temperate
11830,Asia,Hot
11831,Europe,Cold
11832,Africa,Hot
11833,Africa,Temperate
11834,America,Cold
11835,Europe,Hot
11836,Europe,Cold
11837,America,Temperate
11838,Europe,Cold
11839,Africa,Temperate
11840,Europe,Cold
11841,Asia,Temperate
11842,Europe,Cold
11843,Europe,Hot
11844,America,Temperate
11845,Asia,Cold
11846,America,Hot
11847,Europe,Cold
11848,Asia,Hot
11849,Africa,Cold
11850,Africa,Hot
11851,Europe,Hot
11852,Africa,Cold
11853,Europe,Cold
11854,America,Hot
11855,Europe,Temperate
11856,Asia,Hot
11857,Asia,Cold
11858,Europe,Hot
11859,Africa,Hot
11860,America,Temperate
11861,Europe,Temperate
11862,Africa,Cold
11863,Asia,Temperate
11864,America,Hot
11865,Africa,Cold
11866,Europe,Cold
11867,America,Cold
11868,America,Temperate
11869,Africa,Hot
11870,Africa,Temperate
11871,Europe,Hot
11872,Asia,Cold
11873,America,Cold
11874,Europe,Hot
11875,Asia,Cold
11876,Africa,Hot
11877,Asia,Temperate
11878,Africa,Hot
11879,Asia,Temperate
11880,Europe,Cold
11881,Africa,Cold
11882,America,Hot
11883,Europe,Hot
11884,Europe,Hot
11885,Asia,Cold
11886,Europe,Hot
11887,Asia,Hot
11888,Asia,Temperate
11889,Africa,Cold
11890,Europe,Hot
11891,Europe,Temperate
11892,America,Hot
11893,Europe,Cold
11894,America,Hot
11895,Europe,Hot
11896,Asia,Cold
11897,America,Temperate
11898,Asia,Cold
11899,America,Temperate
11900,Europe,Cold
11901,America,Hot
11902,Asia,Cold
11903,Asia,Cold
11904,Europe,Cold
11905,Asia,Cold
11906,Europe,Temperate
11907,Africa,Temperate
11908,Asia,Cold
11909,Africa,Temperate
11910,Africa,Cold
11911,America,Hot
11912,Africa,Cold
11913,America,Cold
11914,Asia,Cold
11915,Europe,Hot
11916,Europe,Hot
11917,America,Hot
11918,America,Temperate
11919,Africa,Hot
11920,America,Hot
11921,Africa,Hot
11922,Africa,Hot
11923,America,Temperate
11924,Africa,Temperate
11925,Asia,Temperate
11926,Asia,Hot
11927,America,Temperate
11928,Africa,Cold
11929,America,Temperate
11930,Asia,Temperate
11931,Africa,Temperate
11932,America,Hot
11933,Europe,Hot
11934,Africa,Temperate
11935,Asia,Hot
11936,Europe,Cold
11937,Asia,Cold
11938,Asia,Temperate
11939,America,Cold
11940,Asia,Temperate
11941,Europe,Cold
11942,America,Temperate
11943,America,Hot
11944,Africa,Hot
11945,Europe,Hot
11946,Europe,Temperate
11947,Asia,Temperate
11948,America,Cold
11949,Europe,Hot
11950,Europe,Hot
11951,Asia,Temperate
11952,Africa,Temperate
11953,Europe,Cold
11954,Asia,Temperate
11955,Africa,Cold
11956,Africa,Cold
11957,Africa,Hot
11958,Africa,Hot
11959,Europe,Temperate
11960,Europe,Cold
11961,Asia,Cold
11962,Europe,Cold
11963,Europe,Cold
11964,Europe,Hot
11965,Africa,Temperate
11966,Europe,Cold
11967,America,Temperate
11968,Asia,Temperate
11969,Europe,Hot
11970,America,Temperate
11971,America,Hot
11972,Africa,Cold
11973,Asia,Temperate
11974,Africa,Cold
11975,America,Cold
11976,Europe,Hot
11977,America,Hot
11978,Asia,Cold
11979,America,Cold
11980,America,Temperate
11981,Africa,Cold
11982,America,Temperate
11983,Africa,Cold
11984,Africa,Temperate
11985,Europe,Hot
11986,America,Hot
11987,Europe,Temperate
11988,Asia,Temperate
11989,Africa,Temperate
11990,Africa,Cold
11991,Asia,Cold
11992,Africa,Hot
11993,Europe,Temperate
11994,Europe,Hot
11995,Asia,Temperate
11996,America,Temperate
11997,Africa,Hot
11998,America,Temperate
11999,Europe,Temperate
12000,Europe,Temperate
12001,Africa,Hot
12002,Asia,Temperate
12003,Europe,Hot
12004,America,Cold
12005,Europe,Hot
12006,Africa,Temperate
12007,Asia,Hot
12008,Europe,Hot
12009,Africa,Hot
12010,Europe,Cold
12011,Europe,Temperate
12012,America,Cold
12013,Europe,Cold
12014,Europe,Cold
12015,Asia,Cold
12016,America,Temperate
12017,Asia,Hot
12018,Africa,Cold
12019,Europe,Temperate
12020,America,Cold
12021,Asia,Hot
12022,Asia,Cold
12023,Africa,Temperate
12024,Africa,Hot
12025,Africa,Hot
12026,Asia,Hot
12027,Europe,Temperate
12028,Africa,Cold
12029,Asia,Cold
12030,Africa,Temperate
12031,Europe,Temperate
12032,Africa,Hot
12033,America,Cold
12034,Asia,Cold
12035,Asia,Cold
12036,Africa,Cold
12037,Africa,Temperate
12038,Europe,Temperate
12039,Africa,Hot
12040,Africa,Hot
12041,Europe,Temperate
12042,America,Cold
12043,Europe,Hot
12044,Europe,Temperate
12045,Europe,Cold
12046,Asia,Temperate
12047,Africa,Temperate
12048,America,Hot
12049,Asia,Temperate
12050,Africa,Temperate
12051,Asia,Hot
12052,Asia,Temperate
12053,Africa,Hot
12054,America,Temperate
12055,Asia,Temperate
12056,Europe,Cold
12057,Asia,Hot
12058,Asia,Cold
12059,Africa,Cold
12060,Asia,Cold
12061,America,Cold
12062,Asia,Hot
12063,Asia,Temperate
12064,Asia,Cold
12065,Asia,Hot
12066,Africa,Temperate
12067,Europe,Temperate
12068,Europe,Cold
12069,Africa,Hot
12070,Asia,Cold
12071,Asia,Temperate
12072,Africa,Temperate
12073,Europe,Hot
12074,America,Temperate
12075,Asia,Temperate
12076,Africa,Hot
12077,Asia,Cold
12078,Europe,Hot
12079,Asia,Hot
12080,Europe,Cold
12081,America,Temperate
12082,America,Hot
12083,Asia,Cold
12084,Africa,Hot
12085,Europe,Hot
12086,Asia,Cold
12087,Europe,Cold
12088,Africa,Temperate
12089,Asia,Cold
12090,Africa,Cold
12091,Europe,Cold
12092,Asia,Temperate
12093,Africa,Temperate
12094,America,Temperate
12095,Europe,Temperate
12096,Asia,Temperate
12097,America,Hot
12098,Africa,Temperate
12099,America,Cold
12100,Europe,Cold
12101,Asia,Cold
12102,America,Temperate
12103,Africa,Cold
12104,America,Temperate
12105,Asia,Cold
12106,America,Hot
12107,Asia,Temperate
12108,Africa,Cold
12109,Asia,Cold
12110,Africa,Cold
12111,America,Cold
12112,Asia,Hot
12113,Europe,Hot
12114,Africa,Temperate
12115,America,Hot
12116,America,Temperate
12117,Africa,Temperate
12118,Europe,Hot
12119,Africa,Temperate
12120,Asia,Temperate
12121,America,Hot
12122,Africa,Hot
12123,Asia,Cold
12124,America,Cold
12125,America,Cold
12126,Asia,Hot
12127,Africa,Temperate
12128,Africa,Hot
12129,America,Temperate
12130,Africa,Temperate
12131,Europe,Temperate
12132,Africa,Hot
12133,Africa,Cold
12134,America,Temperate
12135,America,Cold
12136,Asia,Cold
12137,America,Cold
12138,Africa,Cold
12139,Europe,Cold
12140,Asia,Temperate
12141,America,Temperate
12142,Asia,Temperate
12143,Africa,Hot
12144,Asia,Hot
12145,America,Hot
12146,Asia,Cold
12147,Africa,Temperate
12148,America,Cold
12149,Africa,Hot
12150,America,Cold
12151,America,Cold
12152,Europe,Cold
12153,Europe,Hot
12154,America,Cold
12155,Africa,Temperate
12156,Asia,Cold
12157,America,Cold
12158,Europe,Hot
12159,Europe,Cold
12160,Africa,Temperate
12161,America,Temperate
12162,Asia,Hot
12163,Europe,Hot
12164,Africa,Cold
12165,America,Cold
12166,Africa,Cold
12167,America,Cold
12168,Asia,Cold
12169,Africa,Cold
12170,Africa,Cold
12171,Africa,Temperate
12172,America,Temperate
12173,Europe,Hot
12174,America,Hot
12175,Asia,Hot
12176,America,Cold
12177,Africa,Temperate
12178,Africa,Cold
12179,Asia,Cold
12180,Europe,Temperate
12181,Asia,Cold
12182,Europe,Hot
12183,Africa,Cold
12184,Asia,Temperate
12185,Europe,Hot
12186,Asia,Cold
12187,Africa,Cold
12188,America,Cold
12189,America,Hot
12190,Europe,Hot
12191,Africa,Hot
12192,Asia,Cold
12193,Africa,Temperate
12194,Asia,Temperate
12195,Asia,Temperate
12196,America,Temperate
12197,Africa,Cold
12198,Europe,Hot
12199,Asia,Cold
12200,Asia,Hot
12201,Europe,Cold
12202,Europe,Cold
12203,Europe,Hot
12204,Africa,Hot
12205,Europe,Cold
12206,Asia,Hot
12207,America,Hot
12208,America,Cold
12209,America,Temperate
12210,America,Cold
12211,Asia,Cold
12212,Africa,Cold
12213,Africa,Cold
12214,Asia,Temperate
12215,America,Hot
12216,Asia,Temperate
12217,America,Hot
12218,America,Temperate
12219,Asia,Cold
12220,Africa,Temperate
12221,Asia,Temperate
12222,Asia,Cold
12223,America,Temperate
12224,Africa,Hot
12225,Asia,Cold
12226,Asia,Hot
12227,Europe,Hot
12228,Asia,Cold
12229,Europe,Hot
12230,America,Hot
12231,Africa,Cold
12232,Africa,Cold
12233,Europe,Temperate
12234,Asia,Cold
12235,America,Temperate
12236,Europe,Cold
12237,Africa,Hot
12238,America,Hot
12239,America,Cold
12240,Asia,Temperate
12241,America,Cold
12242,Asia,Temperate
12243,Africa,Cold
12244,Europe,Temperate
12245,Europe,Cold
12246,Africa,Hot
12247,Asia,Temperate
12248,America,Temperate
12249,America,Hot
12250,Africa,Cold
12251,Asia,Cold
12252,Europe,Cold
12253,Europe,Cold
12254,Europe,Temperate
12255,Europe,Cold
12256,Africa,Cold
12257,Europe,Hot
12258,Africa,Hot
12259,Africa,Temperate
12260,America,Temperate
12261,Africa,Hot
12262,America,Cold
12263,Asia,Temperate
12264,Europe,Hot
12265,Asia,Hot
12266,Asia,Hot
12267,America,Temperate
12268,America,Temperate
12269,America,Cold
12270,Africa,Temperate
12271,Europe,Hot
12272,America,Cold
12273,America,Cold
12274,Africa,Temperate
12275,Europe,Temperate
12276,Asia,Temperate
12277,America,Temperate
12278,Asia,Cold
12279,Africa,Hot
12280,Europe,Cold
12281,America,Hot
12282,Africa,Hot
12283,Africa,Temperate
12284,Asia,Hot
12285,Africa,Cold
12286,Africa,Temperate
12287,Europe,Cold
12288,Europe,Cold
12289,Europe,Temperate
12290,Africa,Hot
12291,America,Cold
12292,Europe,Hot
12293,America,Hot
12294,Africa,Cold
12295,Europe,Hot
12296,America,Temperate
12297,Europe,Cold
12298,Europe,Cold
12299,America,Hot
12300,America,Cold
12301,America,Hot
12302,Africa,Hot
12303,Asia,Cold
12304,Asia,Cold
12305,Africa,Cold
12306,America,Cold
12307,America,Hot
12308,Africa,Hot
12309,Asia,Hot
12310,Africa,Temperate
12311,America,Hot
12312,America,Hot
12313,Europe,Temperate
12314,Asia,Cold
12315,America,Cold
12316,Africa,Hot
12317,Africa,Hot
12318,Asia,Temperate
12319,Africa,Hot
12320,Asia,Cold
12321,Africa,Cold
12322,Africa,Hot
12323,America,Hot
12324,Asia,Temperate
12325,America,Temperate
12326,Asia,Hot
12327,America,Temperate
12328,America,Cold
12329,Europe,Cold
12330,America,Temperate
12331,America,Cold
12332,Africa,Cold
12333,Africa,Cold
12334,Asia,Cold
12335,Europe,Temperate
12336,Asia,Cold
12337,Africa,Hot
12338,Asia,Temperate
12339,Africa,Temperate
12340,Africa,Cold
12341,Asia,Hot
12342,Africa,Cold
12343,Africa,Cold
12344,Europe,Temperate
12345,Europe,Cold
12346,Africa,Hot
12347,Africa,Temperate
12348,America,Hot
12349,America,Cold
12350,Africa,Cold
12351,Europe,Hot
12352,Africa,Hot
12353,Europe,Cold
12354,Europe,Cold
12355,America,Cold
12356,Africa,Temperate
12357,Europe,Hot
12358,Africa,Temperate
12359,Asia,Hot
12360,Asia,Cold
12361,America,Cold
12362,Asia,Cold
12363,Asia,Cold
12364,Africa,Hot
12365,America,Cold
12366,America,Hot
12367,Asia,Temperate
12368,Africa,Cold
12369,Africa,Temperate
12370,America,Hot
12371,Africa,Hot
12372,Africa,Hot
12373,America,Temperate
12374,Africa,Hot
12375,Europe,Hot
12376,America,Temperate
12377,Asia,Cold
12378,Europe,Temperate
12379,Europe,Temperate
12380,America,Hot
12381,Asia,Temperate
12382,America,Hot
12383,Africa,Cold
12384,America,Hot
12385,Africa,Temperate
12386,Asia,Temperate
12387,America,Temperate
12388,Asia,Cold
12389,Asia,Cold
12390,Europe,Hot
12391,America,Temperate
12392,America,Cold
12393,Europe,Hot
12394,Asia,Hot
12395,America,Temperate
12396,Asia,Temperate
12397,Asia,Cold
12398,America,Temperate
12399,Asia,Cold
12400,Europe,Cold
12401,Asia,Cold
12402,Asia,Hot
12403,America,Cold
12404,Asia,Cold
12405,Asia,Cold
12406,America,Hot
12407,Africa,Temperate
12408,Africa,Cold
12409,Asia,Hot
12410,Europe,Temperate
12411,America,Hot
12412,America,Cold
12413,Africa,Hot
12414,Europe,Hot
12415,Africa,Temperate
12416,Africa,Temperate
12417,Asia,Hot
12418,America,Cold
12419,Asia,Hot
12420,Asia,Hot
12421,Europe,Temperate
12422,America,Temperate
12423,Europe,Temperate
12424,Europe,Temperate
12425,Asia,Temperate
12426,Africa,Cold
12427,America,Cold
12428,Africa,Hot
12429,America,Temperate
12430,Africa,Temperate
12431,Asia,Hot
12432,America,Temperate
12433,Africa,Hot
12434,Africa,Cold
12435,America,Cold
12436,Europe,Cold
12437,Europe,Cold
12438,America,Hot
12439,Asia,Temperate
12440,America,Hot
12441,America,Temperate
12442,Africa,Hot
12443,Asia,Cold
12444,Europe,Cold
12445,Africa,Cold
12446,Africa,Cold
12447,Europe,Hot
12448,Africa,Cold
12449,Asia,Temperate
12450,Africa,Temperate
12451,Europe,Cold
12452,Europe,Temperate
12453,Asia,Hot
12454,Asia,Hot
12455,America,Hot
12456,America,Hot
12457,Europe,Hot
12458,Asia,Cold
12459,Europe,Cold
12460,Asia,Temperate
12461,Europe,Hot
12462,Asia,Cold
12463,Asia,Temperate
12464,America,Cold
12465,America,Hot
12466,America,Hot
12467,Asia,Temperate
12468,Asia,Cold
12469,America,Temperate
12470,America,Temperate
12471,Africa,Hot
12472,Europe,Hot
12473,America,Temperate
12474,Europe,Hot
12475,Africa,Hot
12476,Asia,Cold
12477,Asia,Temperate
12478,Europe,Hot
12479,Europe,Hot
12480,Europe,Hot
12481,Africa,Hot
12482,Europe,Hot
12483,America,Hot
12484,America,Temperate
12485,Africa,Cold
12486,Africa,Cold
12487,Europe,Temperate
12488,Europe,Hot
12489,Europe,Hot
12490,Asia,Temperate
12491,Asia,Hot
12492,America,Cold
12493,Asia,Cold
12494,Europe,Temperate
12495,Africa,Hot
12496,Africa,Hot
12497,America,Hot
12498,Asia,Hot
12499,Africa,Cold
12500,Asia,Cold
12501,Africa,Hot
12502,Europe,Temperate
12503,Europe,Temperate
12504,Africa,Cold
12505,Asia,Temperate
12506,Europe,Cold
12507,Africa,Cold
12508,Asia,Temperate
12509,Africa,Hot
12510,Asia,Hot
12511,Africa,Cold
12512,Africa,Hot
12513,Europe,Cold
12514,America,Hot
12515,Asia,Cold
12516,Europe,Temperate
12517,Europe,Hot
12518,America,Cold
12519,Europe,Temperate
12520,Africa,Temperate
12521,America,Temperate
12522,Africa,Temperate
12523,Europe,Hot
12524,Asia,Hot
12525,Africa,Hot
12526,Europe,Hot
12527,America,Cold
12528,Africa,Temperate
12529,Europe,Cold
12530,Africa,Cold
12531,Europe,Hot
12532,America,Temperate
12533,Asia,Temperate
12534,Asia,Temperate
12535,Asia,Cold
12536,America,Hot
12537,Asia,Cold
12538,America,Hot
12539,Asia,Cold
12540,Europe,Hot
12541,America,Temperate
12542,Africa,Cold
12543,America,Hot
12544,Europe,Temperate
12545,Asia,Temperate
12546,Europe,Hot
12547,Europe,Temperate
12548,Europe,Temperate
12549,Europe,Cold
12550,Asia,Cold
12551,Europe,Hot
12552,Europe,Hot
12553,America,Hot
12554,Europe,Temperate
12555,Asia,Hot
12556,America,Cold
12557,America,Temperate
12558,Europe,Cold
12559,Africa,Cold
12560,Asia,Cold
12561,Asia,Temperate
12562,America,Hot
12563,Europe,Hot
12564,Asia,Cold
12565,Africa,Temperate
12566,Africa,Temperate
12567,Africa,Cold
12568,America,Hot
12569,America,Temperate
12570,Asia,Hot
12571,Asia,Hot
12572,Africa,Temperate
12573,Asia,Hot
12574,Asia,Temperate
12575,Asia,Cold
12576,Asia,Temperate
12577,Asia,Hot
12578,Europe,Hot
12579,America,Hot
12580,America,Cold
12581,Asia,Cold
12582,Europe,Hot
12583,Europe,Cold
12584,Africa,Temperate
12585,Asia,Temperate
12586,Asia,Hot
12587,Europe,Temperate
12588,Europe,Hot
12589,Africa,Cold
12590,America,Hot
12591,Europe,Hot
12592,Europe,Cold
12593,Asia,Cold
12594,Asia,Temperate
12595,Europe,Hot
12596,America,Hot
12597,Africa,Temperate
12598,Africa,Hot
12599,America,Cold
12600,Asia,Hot
12601,America,Cold
12602,Africa,Cold
12603,Europe,Cold
12604,Asia,Cold
12605,Asia,Hot
12606,America,Temperate
12607,Europe,Cold
12608,America,Temperate
12609,America,Temperate
12610,Asia,Cold
12611,Asia,Cold
12612,America,Temperate
12613,Africa,Temperate
12614,Asia,Hot
12615,America,Cold
12616,Africa,Hot
12617,America,Cold
12618,Africa,Temperate
12619,America,Temperate
12620,Asia,Temperate
12621,America,Temperate
12622,Asia,Hot
12623,America,Temperate
12624,Europe,Hot
12625,America,Temperate
12626,America,Hot
12627,Asia,Cold
12628,Asia,Cold
12629,America,Hot
12630,Asia,Hot
12631,Asia,Cold
12632,Europe,Cold
12633,Asia,Temperate
12634,Asia,Cold
12635,America,Temperate
12636,America,Hot
12637,Asia,Cold
12638,America,Temperate
12639,Africa,Cold
12640,Europe,Cold
12641,America,Hot
12642,Africa,Hot
12643,Asia,Hot
12644,Asia,Hot
12645,America,Cold
12646,America,Temperate
12647,Europe,Hot
12648,Africa,Cold
12649,America,Cold
12650,Africa,Hot
12651,Asia,Hot
12652,Africa,Cold
12653,Africa,Hot
12654,America,Cold
12655,Asia,Cold
12656,Asia,Hot
12657,Africa,Cold
12658,Asia,Hot
12659,Europe,Temperate
12660,Asia,Temperate
12661,Africa,Cold
12662,Africa,Cold
12663,Asia,Hot
12664,Europe,Hot
12665,Asia,Hot
12666,Europe,Cold
12667,America,Cold
12668,Europe,Hot
12669,America,Hot
12670,Europe,Cold
12671,Europe,Temperate
12672,Europe,Cold
12673,America,Temperate
12674,Europe,Cold
12675,Africa,Temperate
12676,Europe,Cold
12677,Europe,Hot
12678,Africa,Temperate
12679,Europe,Temperate
12680,Africa,Temperate
12681,Europe,Cold
12682,America,Cold
12683,America,Cold
12684,Africa,Temperate
12685,America,Hot
12686,Asia,Cold
12687,America,Temperate
12688,America,Hot
12689,Africa,Cold
12690,Asia,Temperate
12691,Africa,Temperate
12692,Asia,Cold
12693,Asia,Temperate
12694,Africa,Hot
12695,America,Hot
12696,Europe,Hot
12697,Asia,Hot
12698,Africa,Cold
12699,America,Temperate
12700,Asia,Cold
12701,Africa,Temperate
12702,Asia,Temperate
12703,Africa,Hot
12704,Europe,Hot
12705,Asia,Temperate
12706,Europe,Cold
12707,Africa,Hot
12708,Europe,Hot
12709,Europe,Cold
12710,Africa,Temperate
12711,Africa,Cold
12712,Europe,Hot
12713,Africa,Temperate
12714,America,Temperate
12715,Africa,Temperate
12716,Africa,Hot
12717,Europe,Hot
12718,America,Cold
12719,Asia,Temperate
12720,Europe,Hot
12721,America,Hot
12722,Asia,Temperate
12723,Asia,Cold
12724,America,Cold
12725,Asia,Temperate
12726,Asia,Cold
12727,America,Temperate
12728,America,Hot
12729,America,Hot
12730,Europe,Hot
12731,America,Cold
12732,Europe,Cold
12733,Europe,Cold
12734,America,Cold
12735,Asia,Temperate
12736,Europe,Cold
12737,Europe,Cold
12738,Asia,Cold
12739,Asia,Cold
12740,Africa,Cold
12741,Africa,Temperate
12742,Europe,Hot
12743,America,Cold
12744,Europe,Hot
12745,Europe,Cold
12746,Europe,Cold
12747,Asia,Temperate
12748,Asia,Hot
12749,America,Temperate
12750,Africa,Hot
12751,America,Temperate
12752,Asia,Temperate
12753,America,Hot
12754,Asia,Temperate
12755,Europe,Temperate
12756,Africa,Cold
12757,Asia,Hot
12758,Asia,Temperate
12759,Africa,Hot
12760,Europe,Temperate
12761,Europe,Temperate
12762,America,Cold
12763,Europe,Cold
12764,Asia,Cold
12765,Asia,Cold
12766,America,Temperate
12767,Africa,Hot
12768,Asia,Cold
12769,Europe,Temperate
12770,Europe,Cold
12771,Asia,Temperate
12772,Asia,Hot
12773,Europe,Temperate
12774,America,Cold
12775,Asia,Hot
12776,Asia,Temperate
12777,Africa,Temperate
12778,America,Temperate
12779,Africa,Hot
12780,Asia,Temperate
12781,Europe,Temperate
12782,Europe,Hot
12783,Asia,Temperate
12784,Asia,Cold
12785,Africa,Hot
12786,Europe,Temperate
12787,Europe,Temperate
12788,Africa,Hot
12789,America,Temperate
12790,Europe,Temperate
12791,Africa,Hot
12792,America,Hot
12793,Europe,Hot
12794,Asia,Temperate
12795,Africa,Temperate
12796,America,Cold
12797,Africa,Temperate
12798,America,Temperate
12799,America,Hot
12800,Europe,Hot
12801,America,Temperate
12802,Africa,Temperate
12803,Africa,Hot
12804,Europe,Hot
12805,Asia,Cold
12806,America,Hot
12807,America,Cold
12808,Europe,Temperate
12809,Europe,Cold
12810,Europe,Cold
12811,America,Hot
12812,Africa,Hot
12813,Asia,Hot
12814,Africa,Hot
12815,Europe,Hot
12816,America,Temperate
12817,Africa,Temperate
12818,Asia,Temperate
12819,Europe,Hot
12820,Asia,Cold
12821,America,Cold
12822,Europe,Cold
12823,Europe,Cold
12824,Europe,Hot
12825,Asia,Cold
12826,America,Cold
12827,Europe,Hot
12828,Africa,Cold
12829,Europe,Temperate
12830,Europe,Cold
12831,Europe,Temperate
12832,Africa,Temperate
12833,Africa,Hot
12834,America,Temperate
12835,Asia,Cold
12836,Europe,Hot
12837,Asia,Temperate
12838,Asia,Temperate
12839,Europe,Temperate
12840,Europe,Temperate
12841,Africa,Cold
12842,America,Cold
12843,Africa,Hot
12844,Asia,Hot
12845,Europe,Temperate
12846,Asia,Cold
12847,Africa,Cold
12848,Asia,Temperate
12849,Europe,Hot
12850,America,Temperate
12851,Asia,Hot
12852,America,Cold
12853,Asia,Temperate
12854,Europe,Hot
12855,Europe,Hot
12856,America,Hot
12857,Europe,Temperate
12858,America,Temperate
12859,Africa,Cold
12860,America,Hot
12861,Asia,Temperate
12862,America,Temperate
12863,America,Cold
12864,Asia,Hot
12865,Europe,Temperate
12866,Europe,Temperate
12867,Africa,Temperate
12868,Europe,Temperate
12869,Africa,Cold
12870,Africa,Cold
12871,Africa,Hot
12872,Europe,Cold
12873,Asia,Hot
12874,Europe,Hot
12875,Asia,Temperate
12876,Europe,Temperate
12877,Africa,Temperate
12878,Asia,Hot
12879,Europe,Temperate
12880,Europe,Temperate
12881,America,Cold
12882,Asia,Cold
12883,Africa,Cold
12884,Africa,Cold
12885,Asia,Hot
12886,Europe,Temperate
12887,Africa,Cold
12888,Europe,Hot
12889,America,Hot
12890,Africa,Temperate
12891,Europe,Hot
12892,Africa,Hot
12893,Europe,Hot
12894,America,Cold
12895,America,Cold
12896,America,Cold
12897,Europe,Temperate
12898,Africa,Temperate
12899,Africa,Temperate
12900,Europe,Cold
12901,America,Hot
12902,America,Hot
12903,Asia,Temperate
12904,Europe,Temperate
12905,America,Cold
12906,Asia,Temperate
12907,America,Cold
12908,Africa,Temperate
12909,Asia,Hot
12910,Europe,Hot
12911,Africa,Cold
12912,Africa,Hot
12913,Asia,Hot
12914,Africa,Hot
12915,Asia,Cold
12916,Europe,Temperate
12917,America,Temperate
12918,Africa,Cold
12919,Europe,Temperate
12920,America,Hot
12921,Asia,Hot
12922,Asia,Hot
12923,Europe,Cold
12924,America,Cold
12925,Asia,Hot
12926,America,Cold
12927,Asia,Cold
12928,America,Cold
12929,Europe,Hot
12930,Europe,Cold
12931,Africa,Cold
12932,Africa,Hot
12933,Europe,Temperate
12934,Africa,Hot
12935,Asia,Hot
12936,Africa,Cold
12937,Africa,Temperate
12938,America,Cold
12939,Asia,Cold
12940,Europe,Temperate
12941,Asia,Temperate
12942,America,Hot
12943,Africa,Hot
12944,Asia,Hot
12945,America,Cold
12946,Europe,Cold
12947,Africa,Temperate
12948,America,Temperate
12949,America,Hot
12950,America,Cold
12951,Europe,Temperate
12952,Europe,Hot
12953,America,Cold
12954,Asia,Hot
12955,Europe,Temperate
12956,Asia,Cold
12957,Asia,Hot
12958,America,Hot
12959,America,Hot
12960,Africa,Cold
12961,Europe,Hot
12962,Europe,Temperate
12963,Europe,Cold
12964,America,Temperate
12965,Europe,Hot
12966,America,Cold
12967,Europe,Cold
12968,Asia,Temperate
12969,America,Hot
12970,Africa,Cold
12971,Africa,Hot
12972,Europe,Hot
12973,Asia,Cold
12974,Asia,Hot
12975,Europe,Cold
12976,Africa,Temperate
12977,Europe,Temperate
12978,Asia,Cold
12979,Europe,Cold
12980,Europe,Hot
12981,Europe,Cold
12982,Asia,Temperate
12983,Africa,Hot
12984,America,Temperate
12985,Europe,Temperate
12986,America,Temperate
12987,America,Hot
12988,Africa,Temperate
12989,Africa,Temperate
12990,Asia,Temperate
12991,America,Cold
12992,America,Temperate
12993,Europe,Hot
12994,Europe,Cold
12995,Africa,Temperate
12996,Africa,Cold
12997,Africa,Hot
12998,Asia,Cold
12999,America,Hot
13000,Asia,Temperate
13001,America,Cold
13002,Africa,Cold
13003,Asia,Hot
13004,Asia,Temperate
13005,America,Hot
13006,America,Cold
13007,Asia,Hot
13008,Europe,Hot
13009,America,Temperate
13010,America,Cold
13011,Asia,Hot
13012,Africa,Temperate
13013,Europe,Cold
13014,Africa,Temperate
13015,Asia,Temperate
13016,Africa,Temperate
13017,Africa,Cold
13018,Asia,Cold
13019,America,Temperate
13020,Africa,Cold
13021,Asia,Temperate
13022,Asia,Temperate
13023,Asia,Hot
13024,Africa,Cold
13025,America,Temperate
13026,Africa,Temperate
13027,Africa,Hot
13028,Europe,Hot
13029,Africa,Temperate
13030,Asia,Temperate
13031,Asia,Hot
13032,Europe,Hot
13033,Europe,Cold
13034,Europe,Hot
13035,Europe,Cold
13036,Africa,Hot
13037,Africa,Temperate
13038,Asia,Cold
13039,Africa,Cold
13040,Europe,Temperate
13041,America,Temperate
13042,Europe,Hot
13043,Europe,Cold
13044,America,Temperate
13045,America,Cold
13046,Europe,Cold
13047,Africa,Hot
13048,Asia,Cold
13049,America,Hot
13050,Asia,Cold
13051,Africa,Cold
13052,Europe,Cold
13053,Africa,Hot
13054,Africa,Hot
13055,Asia,Cold
13056,Africa,Temperate
13057,America,Temperate
13058,Europe,Temperate
13059,America,Temperate
13060,Africa,Temperate
13061,Asia,Cold
13062,Asia,Temperate
13063,America,Temperate
13064,America,Cold
13065,Asia,Temperate
13066,America,Hot
13067,Africa,Temperate
13068,Europe,Temperate
13069,Europe,Cold
13070,Europe,Hot
13071,Asia,Cold
13072,Asia,Hot
13073,Asia,Cold
13074,Europe,Cold
13075,America,Hot
13076,Asia,Hot
13077,Asia,Hot
13078,Africa,Hot
13079,Asia,Temperate
13080,Asia,Temperate
13081,Europe,Temperate
13082,Europe,Hot
13083,Africa,Temperate
13084,Europe,Temperate
13085,America,Temperate
13086,America,Temperate
13087,Europe,Hot
13088,Asia,Cold
13089,Africa,Hot
13090,Asia,Cold
13091,Asia,Hot
13092,Africa,Hot
13093,Europe,Temperate
13094,Africa,Temperate
13095,America,Hot
13096,Asia,Temperate
13097,America,Cold
13098,Africa,Cold
13099,Europe,Temperate
13100,Africa,Temperate
13101,America,Hot
13102,America,Hot
13103,Asia,Hot
13104,Asia,Temperate
13105,Asia,Temperate
13106,Asia,Hot
13107,Europe,Temperate
13108,Africa,Cold
13109,Africa,Cold
13110,Africa,Cold
13111,Europe,Hot
13112,Africa,Hot
13113,Africa,Cold
13114,Europe,Cold
13115,Asia,Cold
13116,Asia,Temperate
13117,Europe,Cold
13118,Europe,Cold
13119,Asia,Hot
13120,Europe,Hot
13121,Africa,Temperate
13122,America,Cold
13123,America,Hot
13124,Africa,Temperate
13125,Europe,Temperate
13126,Asia,Temperate
13127,America,Hot
13128,America,Cold
13129,Africa,Cold
13130,Asia,Cold
13131,America,Temperate
13132,Africa,Hot
13133,Asia,Hot
13134,Europe,Cold
13135,Africa,Temperate
13136,America,Cold
13137,Africa,Cold
13138,Africa,Temperate
13139,America,Cold
13140,Europe,Temperate
13141,America,Hot
13142,America,Temperate
13143,Europe,Hot
13144,America,Cold
13145,Asia,Cold
13146,Asia,Cold
13147,America,Temperate
13148,Asia,Temperate
13149,Africa,Hot
13150,Asia,Cold
13151,Asia,Temperate
13152,Africa,Cold
13153,Asia,Cold
13154,America,Cold
13155,Africa,Cold
13156,Africa,Hot
13157,America,Hot
13158,America,Temperate
13159,America,Temperate
13160,Asia,Temperate
13161,Asia,Hot
13162,Asia,Cold
13163,America,Hot
13164,Europe,Temperate
13165,Asia,Hot
13166,Europe,Cold
13167,Africa,Cold
13168,America,Cold
13169,America,Cold
13170,Africa,Hot
13171,Asia,Cold
13172,Asia,Cold
13173,Asia,Cold
13174,Europe,Temperate
13175,Africa,Temperate
13176,Europe,Hot
13177,Asia,Cold
13178,Europe,Temperate
13179,Africa,Temperate
13180,Asia,Temperate
13181,Europe,Cold
13182,Africa,Hot
13183,Asia,Temperate
13184,Asia,Hot
13185,America,Cold
13186,Asia,Temperate
13187,America,Hot
13188,Asia,Cold
13189,Europe,Temperate
13190,Europe,Hot
13191,Asia,Hot
13192,Asia,Cold
13193,America,Temperate
13194,Europe,Hot
13195,Europe,Temperate
13196,Asia,Cold
13197,America,Hot
13198,Asia,Temperate
13199,Europe,Hot
13200,Europe,Temperate
13201,Europe,Hot
13202,Europe,Cold
13203,Asia,Temperate
13204,Europe,Temperate
13205,Asia,Hot
13206,Europe,Cold
13207,Europe,Cold
13208,Africa,Temperate
13209,America,Cold
13210,Africa,Cold
13211,Africa,Hot
13212,Europe,Cold
13213,America,Cold
13214,Africa,Hot
13215,Africa,Temperate
13216,Asia,Hot
13217,America,Temperate
13218,Africa,Hot
13219,Africa,Temperate
13220,Asia,Temperate
13221,Europe,Temperate
13222,Africa,Hot
13223,America,Temperate
13224,Asia,Hot
13225,America,Temperate
13226,America,Cold
13227,America,Temperate
13228,Asia,Temperate
13229,America,Hot
13230,Africa,Temperate
13231,Asia,Hot
13232,Africa,Temperate
13233,Europe,Hot
13234,Africa,Cold
13235,America,Hot
13236,Europe,Cold
13237,America,Cold
13238,Asia,Hot
13239,Asia,Cold
13240,Europe,Temperate
13241,Africa,Cold
13242,America,Temperate
13243,Africa,Temperate
13244,America,Temperate
13245,America,Cold
13246,Africa,Cold
13247,Asia,Hot
13248,Asia,Hot
13249,Europe,Temperate
13250,Africa,Hot
13251,Asia,Cold
13252,Asia,Temperate
13253,America,Temperate
13254,America,Cold
13255,Asia,Temperate
13256,Europe,Hot
13257,Asia,Cold
13258,Europe,Hot
13259,Europe,Temperate
13260,America,Hot
13261,Europe,Hot
13262,Africa,Cold
13263,Africa,Temperate
13264,America,Cold
13265,Asia,Hot
13266,Africa,Temperate
13267,Africa,Temperate
13268,Asia,Temperate
13269,America,Temperate
13270,Europe,Hot
13271,Europe,Cold
13272,Asia,Hot
13273,Asia,Hot
13274,Africa,Temperate
13275,Europe,Cold
13276,America,Temperate
13277,Africa,Hot
13278,Europe,Hot
13279,America,Cold
13280,Europe,Cold
13281,Africa,Hot
13282,America,Temperate
13283,Europe,Cold
13284,Europe,Temperate
13285,Europe,Hot
13286,Africa,Hot
13287,Africa,Cold
13288,America,Cold
13289,Asia,Temperate
13290,Europe,Hot
13291,Europe,Temperate
13292,Europe,Cold
13293,Africa,Hot
13294,Europe,Cold
13295,America,Hot
13296,Africa,Temperate
13297,Africa,Hot
13298,Africa,Temperate
13299,Africa,Cold
13300,Asia,Hot
13301,Africa,Cold
13302,Asia,Temperate
13303,Africa,Hot
13304,Africa,Cold
13305,Europe,Temperate
13306,Africa,Hot
13307,America,Hot
13308,America,Hot
13309,America,Cold
13310,Europe,Hot
13311,Africa,Temperate
13312,America,Temperate
13313,America,Cold
13314,America,Hot
13315,Asia,Temperate
13316,Asia,Temperate
13317,Asia,Hot
13318,America,Temperate
13319,America,Hot
13320,Africa,Temperate
13321,America,Cold
13322,America,Cold
13323,America,Cold
13324,America,Cold
13325,Europe,Temperate
13326,Africa,Temperate
13327,America,Hot
13328,Europe,Temperate
13329,Asia,Cold
13330,Europe,Cold
13331,Asia,Hot
13332,Europe,Hot
13333,Europe,Hot
13334,Europe,Hot
13335,Asia,Cold
13336,Asia,Temperate
13337,Asia,Temperate
13338,America,Temperate
13339,Asia,Temperate
13340,Europe,Hot
13341,Asia,Temperate
13342,Africa,Hot
13343,America,Hot
13344,Europe,Temperate
13345,Africa,Temperate
13346,Asia,Temperate
13347,Europe,Hot
13348,Asia,Hot
13349,Europe,Cold
13350,America,Cold
13351,Europe,Cold
13352,Asia,Hot
13353,Asia,Hot
13354,Europe,Temperate
13355,Africa,Cold
13356,America,Cold
13357,Europe,Hot
13358,America,Temperate
13359,Asia,Cold
13360,America,Cold
13361,America,Cold
13362,Asia,Cold
13363,America,Temperate
13364,Africa,Hot
13365,Africa,Hot
13366,Europe,Temperate
13367,Europe,Cold
13368,Africa,Cold
13369,Europe,Cold
13370,America,Temperate
13371,Asia,Hot
13372,Europe,Hot
13373,Europe,Cold
13374,Africa,Hot
13375,Asia,Temperate
13376,Europe,Temperate
13377,Europe,Temperate
13378,Asia,Temperate
13379,Asia,Cold
13380,Asia,Cold
13381,Europe,Hot
13382,Africa,Temperate
13383,America,Hot
13384,Europe,Temperate
13385,Europe,Hot
13386,Asia,Hot
13387,Asia,Temperate
13388,America,Hot
13389,Europe,Hot
13390,Asia,Hot
13391,Europe,Temperate
13392,Asia,Cold
13393,America,Hot
13394,Africa,Hot
13395,America,Hot
13396,Europe,Temperate
13397,Europe,Cold
13398,Asia,Temperate
13399,Europe,Temperate
13400,Europe,Temperate
13401,Europe,Temperate
13402,Asia,Temperate
13403,America,Temperate
13404,Asia,Cold
13405,Europe,Temperate
13406,Africa,Temperate
13407,Africa,Cold
13408,America,Cold
13409,America,Cold
13410,America,Temperate
13411,America,Cold
13412,America,Temperate
13413,Europe,Temperate
13414,Africa,Hot
13415,Europe,Temperate
13416,America,Hot
13417,Asia,Hot
13418,Africa,Cold
13419,Africa,Hot
13420,Europe,Hot
13421,Europe,Hot
13422,Asia,Temperate
13423,Africa,Cold
13424,Africa,Cold
13425,Africa,Cold
13426,America,Temperate
13427,Africa,Cold
13428,Europe,Temperate
13429,Asia,Cold
13430,America,Cold
13431,America,Cold
13432,Africa,Hot
13433,Asia,Hot
13434,Europe,Temperate
13435,Europe,Hot
13436,Europe,Temperate
13437,Asia,Temperate
13438,Asia,Hot
13439,Africa,Hot
13440,Asia,Cold
13441,Asia,Cold
13442,Africa,Temperate
13443,America,Cold
13444,Europe,Cold
13445,America,Temperate
13446,Europe,Temperate
13447,America,Hot
13448,Asia,Temperate
13449,America,Temperate
13450,America,Temperate
13451,Africa,Hot
13452,Asia,Hot
13453,Asia,Cold
13454,Europe,Cold
13455,Africa,Cold
13456,Asia,Hot
13457,America,Hot
13458,America,Temperate
13459,America,Temperate
13460,Asia,Hot
13461,Asia,Temperate
13462,Europe,Hot
13463,Europe,Cold
13464,Asia,Cold
13465,America,Cold
13466,Africa,Cold
13467,Europe,Hot
13468,Asia,Hot
13469,America,Temperate
13470,Europe,Hot
13471,Europe,Hot
13472,Asia,Hot
13473,America,Hot
13474,Europe,Cold
13475,Europe,Cold
13476,Asia,Cold
13477,Europe,Temperate
13478,Asia,Cold
13479,Asia,Cold
13480,Asia,Hot
13481,Europe,Hot
13482,Africa,Cold
13483,America,Temperate
13484,America,Cold
13485,America,Cold
13486,Africa,Cold
13487,Europe,Hot
13488,Europe,Temperate
13489,America,Temperate
13490,Asia,Hot
13491,America,Cold
13492,Africa,Temperate
13493,Africa,Temperate
13494,Europe,Temperate
13495,Asia,Hot
13496,Europe,Hot
13497,Europe,Cold
13498,Africa,Hot
13499,Europe,Cold
13500,Africa,Cold
13501,Europe,Cold
13502,Africa,Hot
13503,Africa,Cold
13504,America,Cold
13505,Africa,Temperate
13506,Africa,Cold
13507,Asia,Hot
13508,Africa,Cold
13509,Asia,Cold
13510,Asia,Hot
13511,Europe,Cold
13512,Africa,Temperate
13513,Europe,Cold
13514,Europe,Hot
13515,Africa,Hot
13516,Africa,Cold
13517,America,Hot
13518,Europe,Temperate
13519,Europe,Temperate
13520,America,Temperate
13521,Africa,Hot
13522,America,Cold
13523,Asia,Hot
13524,Asia,Temperate
13525,Europe,Hot
13526,America,Temperate
13527,Asia,Hot
13528,Europe,Cold
13529,Africa,Cold
13530,Europe,Cold
13531,Asia,Cold
13532,Asia,Temperate
13533,Asia,Temperate
13534,Africa,Temperate
13535,America,Hot
13536,Africa,Hot
13537,Africa,Cold
13538,Asia,Temperate
13539,Africa,Cold
13540,Africa,Cold
13541,Africa,Hot
13542,America,Temperate
13543,Europe,Temperate
13544,Asia,Cold
13545,Asia,Hot
13546,Asia,Hot
13547,Africa,Hot
13548,America,Hot
13549,Africa,Temperate
13550,Africa,Hot
13551,Europe,Hot
13552,Europe,Cold
13553,America,Cold
13554,Europe,Cold
13555,America,Cold
13556,Africa,Hot
13557,Africa,Cold
13558,Asia,Temperate
13559,Europe,Hot
13560,Africa,Hot
13561,Europe,Hot
13562,America,Cold
13563,Europe,Temperate
13564,Africa,Hot
13565,America,Temperate
13566,Europe,Temperate
13567,Europe,Temperate
13568,Africa,Cold
13569,Africa,Temperate
13570,America,Temperate
13571,Europe,Cold
13572,Asia,Cold
13573,America,Hot
13574,Asia,Temperate
13575,Asia,Hot
13576,America,Hot
13577,America,Temperate
13578,America,Cold
13579,America,Hot
13580,Africa,Cold
13581,Asia,Hot
13582,Africa,Temperate
13583,Europe,Hot
13584,Africa,Hot
13585,America,Hot
13586,Asia,Cold
13587,Asia,Temperate
13588,Asia,Cold
13589,Asia,Temperate
13590,America,Temperate
13591,Asia,Hot
13592,Europe,Cold
13593,Europe,Cold
13594,Europe,Temperate
13595,Europe,Hot
13596,Africa,Hot
13597,Asia,Temperate
13598,Asia,Hot
13599,Europe,Cold
13600,Europe,Hot
13601,America,Temperate
13602,America,Temperate
13603,America,Cold
13604,Europe,Hot
13605,America,Temperate
13606,Africa,Cold
13607,Africa,Cold
13608,Europe,Temperate
13609,Asia,Cold
13610,Africa,Cold
13611,America,Hot
13612,Europe,Temperate
13613,Europe,Temperate
13614,Europe,Hot
13615,Asia,Cold
13616,America,Temperate
13617,America,Temperate
13618,America,Temperate
13619,Africa,Temperate
13620,America,Cold
13621,America,Hot
13622,Asia,Hot
13623,America,Hot
13624,Africa,Cold
13625,Asia,Cold
13626,Africa,Temperate
13627,Asia,Cold
13628,America,Hot
13629,America,Hot
13630,Europe,Cold
13631,Asia,Temperate
13632,Europe,Hot
13633,America,Cold
13634,America,Hot
13635,Asia,Temperate
13636,Europe,Hot
13637,America,Hot
13638,Europe,Cold
13639,Asia,Hot
13640,Asia,Hot
13641,Asia,Cold
13642,Asia,Hot
13643,America,Cold
13644,America,Temperate
13645,Asia,Temperate
13646,Europe,Temperate
13647,Europe,Temperate
13648,America,Temperate
13649,Africa,Cold
13650,Africa,Cold
13651,Africa,Hot
13652,America,Hot
13653,Asia,Temperate
13654,America,Temperate
13655,Asia,Hot
13656,Asia,Temperate
13657,Asia,Cold
13658,America,Cold
13659,Europe,Temperate
13660,Europe,Cold
13661,America,Hot
13662,Europe,Cold
13663,Africa,Temperate
13664,Africa,Cold
13665,Europe,Temperate
13666,Europe,Temperate
13667,Europe,Cold
13668,Europe,Temperate
13669,Europe,Cold
13670,America,Hot
13671,Africa,Temperate
13672,Asia,Temperate
13673,America,Temperate
13674,Asia,Hot
13675,Europe,Cold
13676,Asia,Cold
13677,America,Hot
13678,Europe,Temperate
13679,Europe,Hot
13680,America,Cold
13681,Asia,Temperate
13682,America,Cold
13683,Asia,Hot
13684,Asia,Hot
13685,America,Temperate
13686,Europe,Hot
13687,Africa,Hot
13688,Europe,Temperate
13689,America,Hot
13690,America,Temperate
13691,America,Hot
13692,Asia,Hot
13693,Europe,Hot
13694,Africa,Hot
13695,America,Cold
13696,America,Temperate
13697,Africa,Hot
13698,Europe,Temperate
13699,Europe,Temperate
13700,America,Cold
13701,America,Hot
13702,Africa,Hot
13703,Asia,Cold
13704,Asia,Hot
13705,Europe,Cold
13706,America,Hot
13707,America,Cold
13708,Asia,Cold
13709,America,Temperate
13710,Asia,Cold
13711,Europe,Hot
13712,Asia,Hot
13713,Africa,Hot
13714,Europe,Cold
13715,Africa,Hot
13716,America,Cold
13717,Asia,Cold
13718,Africa,Cold
13719,America,Hot
13720,Africa,Cold
13721,Africa,Hot
13722,Africa,Hot
13723,Africa,Temperate
13724,Europe,Cold
13725,Europe,Hot
13726,Africa,Hot
13727,America,Cold
13728,Africa,Cold
13729,Asia,Temperate
13730,Europe,Hot
13731,Europe,Temperate
13732,Asia,Cold
13733,Asia,Cold
13734,Europe,Hot
13735,Asia,Temperate
13736,Europe,Temperate
13737,America,Temperate
13738,America,Temperate
13739,Africa,Cold
13740,Europe,Cold
13741,Asia,Hot
13742,Europe,Cold
13743,Africa,Cold
13744,Africa,Hot
13745,Europe,Cold
13746,Africa,Hot
13747,Africa,Cold
13748,Europe,Cold
13749,Africa,Temperate
13750,America,Hot
13751,Europe,Temperate
13752,Africa,Temperate
13753,Asia,Temperate
13754,Europe,Temperate
13755,America,Temperate
13756,Asia,Hot
13757,Asia,Temperate
13758,America,Hot
13759,Asia,Temperate
13760,America,Cold
13761,America,Cold
13762,Africa,Cold
13763,Europe,Cold
13764,Europe,Hot
13765,Asia,Temperate
13766,Asia,Hot
13767,Africa,Hot
13768,Europe,Hot
13769,Europe,Temperate
13770,Africa,Cold
13771,America,Cold
13772,America,Hot
13773,Europe,Cold
13774,Asia,Cold
13775,Asia,Temperate
13776,Europe,Hot
13777,Asia,Hot
13778,Europe,Hot
13779,Europe,Hot
13780,Africa,Cold
13781,Africa,Cold
13782,Europe,Cold
13783,Asia,Hot
13784,Africa,Temperate
13785,Asia,Cold
13786,Europe,Hot
13787,Asia,Hot
13788,Europe,Hot
13789,Asia,Cold
13790,Europe,Hot
13791,Africa,Temperate
13792,Africa,Cold
13793,Asia,Cold
13794,America,Hot
13795,Asia,Cold
13796,America,Hot
13797,Africa,Hot
13798,America,Hot
13799,Africa,Cold
13800,Europe,Hot
13801,Africa,Temperate
13802,Europe,Hot
13803,Africa,Hot
13804,America,Cold
13805,Europe,Hot
13806,America,Cold
13807,Europe,Cold
13808,Europe,Cold
13809,Asia,Temperate
13810,America,Temperate
13811,Europe,Temperate
13812,Africa,Temperate
13813,Africa,Cold
13814,Africa,Temperate
13815,Europe,Cold
13816,Asia,Temperate
13817,Europe,Temperate
13818,Asia,Temperate
13819,Asia,Hot
13820,Africa,Hot
13821,Africa,Hot
13822,Africa,Cold
13823,Europe,Temperate
13824,Africa,Hot
13825,Africa,Cold
13826,America,Hot
13827,Europe,Cold
13828,Europe,Cold
13829,Asia,Hot
13830,Asia,Cold
13831,Europe,Hot
13832,Europe,Temperate
13833,Asia,Temperate
13834,Africa,Cold
13835,America,Hot
13836,Asia,Temperate
13837,Africa,Cold
13838,Asia,Temperate
13839,America,Hot
13840,Africa,Cold
13841,Asia,Cold
13842,Africa,Cold
13843,Asia,Cold
13844,Europe,Cold
13845,America,Temperate
13846,Asia,Cold
13847,America,Temperate
13848,Europe,Temperate
13849,America,Cold
13850,America,Cold
13851,America,Hot
13852,Asia,Hot
13853,Europe,Hot
13854,Asia,Temperate
13855,Asia,Hot
13856,Europe,Temperate
13857,Europe,Temperate
13858,Europe,Temperate
13859,Africa,Cold
13860,Asia,Temperate
13861,America,Hot
13862,Africa,Hot
13863,Africa,Hot
13864,Africa,Hot
13865,Africa,Temperate
13866,Europe,Hot
13867,Europe,Temperate
13868,America,Cold
13869,Africa,Hot
13870,Africa,Temperate
13871,Europe,Temperate
13872,Europe,Temperate
13873,Africa,Hot
13874,Africa,Hot
13875,Europe,Hot
13876,Europe,Temperate
13877,Asia,Temperate
13878,Asia,Cold
13879,America,Temperate
13880,Asia,Temperate
13881,America,Cold
13882,America,Hot
13883,Asia,Temperate
13884,Africa,Cold
13885,Europe,Temperate
13886,America,Cold
13887,Africa,Hot
13888,Asia,Temperate
13889,Asia,Cold
13890,Africa,Hot
13891,America,Cold
13892,America,Cold
13893,Africa,Temperate
13894,America,Hot
13895,Europe,Temperate
13896,Asia,Hot
13897,Asia,Temperate
13898,America,Hot
13899,Africa,Cold
13900,Europe,Hot
13901,America,Cold
13902,Africa,Cold
13903,America,Temperate
13904,Africa,Hot
13905,Africa,Temperate
13906,Asia,Hot
13907,Europe,Hot
13908,Africa,Temperate
13909,America,Hot
13910,America,Temperate
13911,Africa,Cold
13912,Europe,Cold
13913,Asia,Hot
13914,Africa,Temperate
13915,America,Hot
13916,America,Cold
13917,Africa,Hot
13918,Asia,Cold
13919,America,Cold
13920,Asia,Cold
13921,America,Temperate
13922,Asia,Temperate
13923,Africa,Cold
13924,Asia,Cold
13925,Africa,Cold
13926,Asia,Cold
13927,Africa,Temperate
13928,America,Temperate
13929,Asia,Temperate
13930,Africa,Temperate
13931,Europe,Hot
13932,America,Hot
13933,Asia,Temperate
13934,Asia,Hot
13935,Europe,Cold
13936,Africa,Hot
13937,Europe,Temperate
13938,Europe,Temperate
13939,Africa,Cold
13940,Asia,Temperate
13941,Asia,Temperate
13942,Asia,Temperate
13943,Europe,Temperate
13944,Africa,Temperate
13945,Asia,Temperate
13946,Africa,Hot
13947,Europe,Temperate
13948,Asia,Cold
13949,America,Hot
13950,Europe,Temperate
13951,Africa,Hot
13952,America,Temperate
13953,America,Temperate
13954,America,Hot
13955,Asia,Hot
13956,Asia,Cold
13957,Asia,Hot
13958,America,Temperate
13959,Asia,Temperate
13960,America,Cold
13961,Europe,Hot
13962,Europe,Hot
13963,Africa,Cold
13964,Asia,Hot
13965,America,Hot
13966,America,Hot
13967,Africa,Hot
13968,Europe,Temperate
13969,Africa,Hot
13970,America,Cold
13971,America,Cold
13972,Europe,Cold
13973,Asia,Hot
13974,Africa,Temperate
13975,Asia,Cold
13976,Europe,Cold
13977,Africa,Temperate
13978,Africa,Cold
13979,Asia,Hot
13980,America,Cold
13981,Asia,Hot
13982,Asia,Temperate
13983,America,Temperate
13984,Africa,Cold
13985,America,Hot
13986,America,Temperate
13987,Europe,Cold
13988,Asia,Cold
13989,Asia,Cold
13990,Europe,Temperate
13991,America,Hot
13992,Africa,Hot
13993,Africa,Hot
13994,Europe,Cold
13995,America,Hot
13996,Asia,Temperate
13997,America,Cold
13998,Africa,Temperate
13999,Asia,Temperate
14000,America,Temperate
14001,Asia,Hot
14002,Europe,Cold
14003,America,Cold
14004,America,Temperate
14005,Africa,Cold
14006,Europe,Cold
14007,Africa,Hot
14008,Asia,Cold
14009,America,Temperate
14010,Asia,Cold
14011,Africa,Temperate
14012,America,Cold
14013,Africa,Temperate
14014,Asia,Temperate
14015,Asia,Cold
14016,Europe,Temperate
14017,Asia,Hot
14018,America,Hot
14019,Asia,Temperate
14020,Africa,Temperate
14021,America,Temperate
14022,America,Cold
14023,Europe,Hot
14024,Europe,Cold
14025,Africa,Cold
14026,America,Hot
14027,Africa,Cold
14028,Europe,Cold
14029,Africa,Hot
14030,Africa,Temperate
14031,Europe,Cold
14032,America,Cold
14033,Africa,Cold
14034,Africa,Hot
14035,America,Temperate
14036,Europe,Temperate
14037,America,Cold
14038,Europe,Cold
14039,Africa,Cold
14040,America,Hot
14041,Asia,Cold
14042,Asia,Cold
14043,Africa,Hot
14044,Africa,Temperate
14045,Asia,Temperate
14046,America,Cold
14047,America,Temperate
14048,America,Hot
14049,Europe,Hot
14050,Asia,Hot
14051,Asia,Hot
14052,Europe,Hot
14053,Africa,Temperate
14054,Europe,Temperate
14055,America,Temperate
14056,Africa,Temperate
14057,Africa,Cold
14058,Asia,Cold
14059,Europe,Hot
14060,Africa,Cold
14061,Europe,Cold
14062,Africa,Temperate
14063,America,Cold
14064,Europe,Hot
14065,America,Cold
14066,Europe,Temperate
14067,Africa,Cold
14068,Europe,Cold
14069,Africa,Cold
14070,Africa,Cold
14071,Europe,Temperate
14072,Asia,Temperate
14073,America,Hot
14074,Europe,Hot
14075,Africa,Temperate
14076,Africa,Hot
14077,America,Temperate
14078,Africa,Hot
14079,Europe,Hot
14080,Asia,Cold
14081,Asia,Temperate
14082,America,Hot
14083,Africa,Hot
14084,America,Cold
14085,America,Hot
14086,Africa,Hot
14087,Asia,Hot
14088,Africa,Hot
14089,America,Hot
14090,Africa,Cold
14091,America,Hot
14092,Africa,Hot
14093,Africa,Hot
14094,America,Temperate
14095,Asia,Temperate
14096,Asia,Hot
14097,Asia,Cold
14098,America,Hot
14099,America,Temperate
14100,Europe,Temperate
14101,Asia,Cold
14102,Africa,Hot
14103,Europe,Temperate
14104,America,Temperate
14105,Africa,Cold
14106,America,Temperate
14107,Africa,Temperate
14108,Europe,Cold
14109,Africa,Cold
14110,Africa,Cold
14111,Europe,Temperate
14112,America,Temperate
14113,Asia,Hot
14114,America,Hot
14115,America,Hot
14116,America,Cold
14117,Africa,Temperate
14118,Asia,Temperate
14119,Africa,Hot
14120,Africa,Cold
14121,America,Temperate
14122,Africa,Hot
14123,America,Cold
14124,Europe,Temperate
14125,Asia,Hot
14126,America,Cold
14127,America,Hot
14128,Africa,Hot
14129,America,Temperate
14130,Asia,Hot
14131,America,Temperate
14132,Africa,Temperate
14133,Europe,Cold
14134,Asia,Cold
14135,America,Cold
14136,Europe,Hot
14137,Asia,Temperate
14138,Asia,Temperate
14139,America,Cold
14140,Asia,Temperate
14141,Africa,Temperate
14142,Europe,Temperate
14143,America,Cold
14144,Africa,Cold
14145,Africa,Hot
14146,Europe,Hot
14147,Asia,Hot
14148,Europe,Cold
14149,Africa,Cold
14150,America,Temperate
14151,Africa,Hot
14152,Asia,Cold
14153,America,Temperate
14154,Africa,Hot
14155,Africa,Temperate
14156,America,Cold
14157,America,Hot
14158,Africa,Cold
14159,Africa,Temperate
14160,Africa,Hot
14161,America,Hot
14162,Africa,Hot
14163,Europe,Temperate
14164,Africa,Temperate
14165,Asia,Cold
14166,America,Temperate
14167,Asia,Temperate
14168,Europe,Hot
14169,Africa,Temperate
14170,America,Hot
14171,Europe,Temperate
14172,Europe,Cold
14173,Asia,Hot
14174,Asia,Temperate
14175,America,Temperate
14176,Europe,Cold
14177,Africa,Hot
14178,Asia,Cold
14179,Africa,Cold
14180,Africa,Cold
14181,America,Cold
14182,Europe,Temperate
14183,Europe,Temperate
14184,Africa,Cold
14185,America,Cold
14186,Asia,Temperate
14187,Asia,Hot
14188,Asia,Temperate
14189,Asia,Temperate
14190,Africa,Temperate
14191,Asia,Cold
14192,Asia,Cold
14193,Europe,Cold
14194,Asia,Cold
14195,Europe,Hot
14196,Asia,Temperate
14197,Europe,Hot
14198,Africa,Cold
14199,Asia,Temperate
14200,America,Cold
14201,America,Hot
14202,Europe,Hot
14203,Asia,Cold
14204,Africa,Hot
14205,Africa,Cold
14206,Africa,Cold
14207,Africa,Hot
14208,Asia,Hot
14209,Africa,Cold
14210,Asia,Cold
14211,Africa,Cold
14212,America,Temperate
14213,Asia,Hot
14214,Africa,Hot
14215,Africa,Hot
14216,Europe,Hot
14217,Africa,Hot
14218,America,Cold
14219,Asia,Cold
14220,Europe,Temperate
14221,Africa,Hot
14222,Africa,Cold
14223,Europe,Hot
14224,Asia,Temperate
14225,America,Temperate
14226,Europe,Temperate
14227,Europe,Cold
14228,Africa,Temperate
14229,America,Hot
14230,Asia,Temperate
14231,Asia,Temperate
14232,America,Temperate
14233,Europe,Hot
14234,America,Hot
14235,Europe,Temperate
14236,Africa,Cold
14237,America,Cold
14238,America,Cold
14239,Africa,Temperate
14240,Europe,Temperate
14241,Europe,Cold
14242,America,Cold
14243,America,Cold
14244,Asia,Hot
14245,Europe,Hot
14246,Africa,Cold
14247,Europe,Hot
14248,Asia,Hot
14249,Asia,Temperate
14250,America,Hot
14251,Asia,Temperate
14252,Asia,Temperate
14253,Asia,Cold
14254,Africa,Hot
14255,America,Cold
14256,Asia,Temperate
14257,Africa,Hot
14258,America,Cold
14259,America,Cold
14260,Africa,Cold
14261,Asia,Temperate
14262,Asia,Cold
14263,America,Cold
14264,Africa,Hot
14265,America,Temperate
14266,Africa,Temperate
14267,Asia,Hot
14268,America,Cold
14269,Africa,Cold
14270,Europe,Hot
14271,Europe,Hot
14272,Africa,Temperate
14273,Africa,Hot
14274,Africa,Cold
14275,Europe,Cold
14276,Africa,Cold
14277,Asia,Temperate
14278,Europe,Cold
14279,Africa,Hot
14280,Europe,Temperate
14281,Europe,Temperate
14282,Europe,Temperate
14283,Asia,Cold
14284,Asia,Hot
14285,America,Temperate
14286,Asia,Temperate
14287,Europe,Temperate
14288,Africa,Hot
14289,America,Hot
14290,Europe,Cold
14291,Africa,Hot
14292,America,Cold
14293,America,Hot
14294,Africa,Cold
14295,America,Cold
14296,Asia,Cold
14297,Africa,Temperate
14298,Africa,Cold
14299,Asia,Temperate
14300,Africa,Hot
14301,Asia,Temperate
14302,America,Cold
14303,Europe,Temperate
14304,Africa,Cold
14305,Asia,Temperate
14306,Europe,Hot
14307,Europe,Temperate
14308,Asia,Cold
14309,Africa,Temperate
14310,Africa,Cold
14311,Africa,Cold
14312,America,Hot
14313,Africa,Cold
14314,Asia,Cold
14315,Europe,Hot
14316,Africa,Cold
14317,America,Temperate
14318,Asia,Hot
14319,Asia,Hot
14320,America,Cold
14321,Africa,Cold
14322,Africa,Hot
14323,Europe,Temperate
14324,Asia,Cold
14325,Asia,Temperate
14326,Europe,Cold
14327,Africa,Cold
14328,Africa,Hot
14329,Africa,Hot
14330,Africa,Temperate
14331,Europe,Hot
14332,America,Temperate
14333,America,Temperate
14334,Asia,Hot
14335,Africa,Temperate
14336,Europe,Hot
14337,America,Temperate
14338,America,Temperate
14339,Europe,Cold
14340,Asia,Hot
14341,Europe,Hot
14342,Asia,Hot
14343,Africa,Hot
14344,Asia,Cold
14345,Africa,Cold
14346,Africa,Cold
14347,Africa,Cold
14348,Europe,Hot
14349,America,Temperate
14350,Europe,Hot
14351,Europe,Hot
14352,America,Cold
14353,America,Cold
14354,America,Hot
14355,America,Hot
14356,Africa,Temperate
14357,America,Cold
14358,Europe,Temperate
14359,Africa,Hot
14360,Europe,Cold
14361,Africa,Hot
14362,Africa,Cold
14363,Asia,Temperate
14364,Africa,Temperate
14365,Asia,Cold
14366,Asia,Temperate
14367,Africa,Temperate
14368,America,Hot
14369,America,Cold
14370,Europe,Hot
14371,Europe,Temperate
14372,Asia,Hot
14373,Africa,Temperate
14374,Africa,Temperate
14375,Africa,Hot
14376,Asia,Hot
14377,Africa,Cold
14378,Europe,Cold
14379,America,Hot
14380,Asia,Temperate
14381,America,Temperate
14382,Asia,Cold
14383,America,Hot
14384,Asia,Cold
14385,America,Cold
14386,Europe,Hot
14387,Europe,Temperate
14388,Asia,Cold
14389,Europe,Hot
14390,America,Hot
14391,Europe,Hot
14392,Europe,Temperate
14393,America,Hot
14394,America,Cold
14395,Africa,Cold
14396,Africa,Hot
14397,Asia,Temperate
14398,Asia,Temperate
14399,Africa,Hot
14400,America,Temperate
14401,Asia,Hot
14402,America,Temperate
14403,Africa,Temperate
14404,Africa,Hot
14405,Asia,Cold
14406,Africa,Cold
14407,Asia,Cold
14408,Europe,Cold
14409,America,Cold
14410,America,Cold
14411,America,Hot
14412,Europe,Temperate
14413,Africa,Cold
14414,Africa,Cold
14415,Europe,Temperate
14416,Europe,Hot
14417,Africa,Hot
14418,Europe,Hot
14419,Africa,Temperate
14420,Europe,Hot
14421,Europe,Cold
14422,Africa,Cold
14423,Africa,Hot
14424,Africa,Temperate
14425,Africa,Hot
14426,Asia,Temperate
14427,Asia,Cold
14428,Africa,Cold
14429,America,Hot
14430,America,Temperate
14431,Asia,Cold
14432,Europe,Temperate
14433,Africa,Cold
14434,Asia,Hot
14435,America,Hot
14436,Africa,Cold
14437,Europe,Cold
14438,Europe,Temperate
14439,America,Cold
14440,America,Hot
14441,Africa,Cold
14442,Asia,Hot
14443,Africa,Temperate
14444,Africa,Cold
14445,Europe,Hot
14446,Africa,Hot
14447,Asia,Hot
14448,Africa,Temperate
14449,America,Hot
14450,Africa,Temperate
14451,America,Temperate
14452,Europe,Cold
14453,Europe,Temperate
14454,Europe,Cold
14455,Europe,Cold
14456,Asia,Cold
14457,Europe,Hot
14458,Africa,Cold
14459,Europe,Hot
14460,America,Cold
14461,America,Cold
14462,Asia,Hot
14463,Asia,Cold
14464,Europe,Cold
14465,Europe,Hot
14466,America,Hot
14467,Europe,Hot
14468,Europe,Cold
14469,Africa,Temperate
14470,Africa,Hot
14471,Asia,Cold
14472,Europe,Temperate
14473,Europe,Temperate
14474,America,Cold
14475,Africa,Temperate
14476,Europe,Hot
14477,Africa,Cold
14478,Asia,Cold
14479,America,Hot
14480,Asia,Temperate
14481,Europe,Cold
14482,Europe,Cold
14483,Europe,Hot
14484,Africa,Cold
14485,Africa,Cold
14486,Asia,Cold
14487,Africa,Hot
14488,Europe,Cold
14489,Asia,Hot
14490,America,Cold
14491,Europe,Temperate
14492,Africa,Temperate
14493,Africa,Cold
14494,Europe,Cold
14495,Europe,Hot
14496,Asia,Temperate
14497,America,Temperate
14498,Africa,Cold
14499,Africa,Cold
14500,Asia,Hot
14501,Asia,Hot
14502,America,Hot
14503,America,Cold
14504,America,Cold
14505,Africa,Hot
14506,Asia,Temperate
14507,Africa,Cold
14508,Africa,Cold
14509,Asia,Cold
14510,America,Hot
14511,Asia,Cold
14512,Asia,Cold
14513,Africa,Temperate
14514,Asia,Hot
14515,Africa,Hot
14516,America,Hot
14517,America,Hot
14518,Europe,Cold
14519,Asia,Hot
14520,America,Cold
14521,Africa,Cold
14522,Africa,Hot
14523,Africa,Hot
14524,America,Cold
14525,Asia,Temperate
14526,Asia,Temperate
14527,America,Hot
14528,America,Cold
14529,Europe,Cold
14530,Asia,Hot
14531,Europe,Temperate
14532,Europe,Temperate
14533,Europe,Temperate
14534,Europe,Hot
14535,Asia,Hot
14536,Europe,Temperate
14537,Asia,Hot
14538,America,Cold
14539,Asia,Temperate
14540,America,Hot
14541,Asia,Cold
14542,Asia,Cold
14543,Asia,Temperate
14544,Africa,Cold
14545,Asia,Cold
14546,America,Hot
14547,Asia,Cold
14548,Europe,Temperate
14549,America,Temperate
14550,Europe,Hot
14551,America,Hot
14552,Europe,Hot
14553,America,Temperate
14554,Europe,Hot
14555,Europe,Temperate
14556,America,Temperate
14557,America,Hot
14558,America,Cold
14559,Europe,Hot
14560,Asia,Temperate
14561,America,Cold
14562,America,Hot
14563,Asia,Cold
14564,Europe,Temperate
14565,Africa,Hot
14566,Africa,Hot
14567,Asia,Cold
14568,Asia,Hot
14569,Africa,Cold
14570,Africa,Cold
14571,Europe,Temperate
14572,Africa,Hot
14573,Europe,Cold
14574,America,Cold
14575,Asia,Cold
14576,America,Cold
14577,Asia,Temperate
14578,America,Hot
14579,Europe,Hot
14580,Asia,Temperate
14581,America,Hot
14582,Asia,Temperate
14583,Europe,Hot
14584,Africa,Cold
14585,America,Temperate
14586,Asia,Hot
14587,Africa,Cold
14588,Africa,Temperate
14589,Asia,Cold
14590,Africa,Temperate
14591,Asia,Temperate
14592,Asia,Temperate
14593,Europe,Cold
14594,Asia,Hot
14595,America,Hot
14596,Europe,Temperate
14597,Europe,Temperate
14598,Europe,Hot
14599,Europe,Hot
14600,America,Hot
14601,America,Temperate
14602,Europe,Hot
14603,Africa,Hot
14604,America,Cold
14605,America,Temperate
14606,Europe,Hot
14607,America,Cold
14608,Europe,Cold
14609,Africa,Temperate
14610,Europe,Hot
14611,Africa,Hot
14612,America,Temperate
14613,Africa,Cold
14614,Europe,Temperate
14615,Asia,Cold
14616,America,Hot
14617,Asia,Temperate
14618,Europe,Temperate
14619,Asia,Hot
14620,America,Cold
14621,Europe,Cold
14622,Europe,Temperate
14623,Africa,Cold
14624,Europe,Cold
14625,Europe,Hot
14626,Asia,Cold
14627,Africa,Hot
14628,Africa,Cold
14629,Asia,Hot
14630,Europe,Temperate
14631,America,Temperate
14632,Africa,Temperate
14633,Africa,Cold
14634,America,Temperate
14635,America,Temperate
14636,Asia,Hot
14637,Africa,Hot
14638,Europe,Temperate
14639,Asia,Temperate
14640,America,Cold
14641,Europe,Cold
14642,America,Cold
14643,America,Cold
14644,Africa,Hot
14645,Asia,Cold
14646,Europe,Temperate
14647,Africa,Hot
14648,Europe,Hot
14649,Europe,Cold
14650,Asia,Cold
14651,Europe,Hot
14652,Africa,Temperate
14653,Africa,Temperate
14654,Africa,Temperate
14655,Africa,Cold
14656,Europe,Temperate
14657,Africa,Temperate
14658,Asia,Hot
14659,Europe,Cold
14660,Asia,Temperate
14661,Africa,Temperate
14662,Asia,Cold
14663,America,Temperate
14664,Africa,Hot
14665,Europe,Temperate
14666,Asia,Temperate
14667,Europe,Temperate
14668,Africa,Hot
14669,Europe,Hot
14670,Asia,Temperate
14671,Asia,Temperate
14672,America,Temperate
14673,America,Hot
14674,Asia,Hot
14675,America,Cold
14676,Africa,Temperate
14677,Asia,Temperate
14678,Asia,Hot
14679,Asia,Cold
14680,Europe,Temperate
14681,Africa,Temperate
14682,Africa,Cold
14683,Africa,Cold
14684,Africa,Hot
14685,Asia,Hot
14686,America,Temperate
14687,Africa,Cold
14688,Africa,Cold
14689,America,Hot
14690,Asia,Temperate
14691,Asia,Cold
14692,Asia,Temperate
14693,Asia,Hot
14694,America,Temperate
14695,Europe,Hot
14696,America,Temperate
14697,Africa,Cold
14698,Asia,Temperate
14699,Africa,Cold
14700,Europe,Cold
14701,Asia,Cold
14702,Europe,Hot
14703,Africa,Cold
14704,America,Temperate
14705,Europe,Hot
14706,America,Cold
14707,Africa,Cold
14708,Africa,Hot
14709,Africa,Hot
14710,Africa,Cold
14711,Africa,Hot
14712,Asia,Cold
14713,Asia,Cold
14714,America,Cold
14715,Europe,Hot
14716,Europe,Temperate
14717,Asia,Temperate
14718,Africa,Hot
14719,Africa,Hot
14720,Asia,Temperate
14721,Africa,Hot
14722,Europe,Temperate
14723,Africa,Cold
14724,Africa,Hot
14725,Europe,Cold
14726,Europe,Temperate
14727,Asia,Hot
14728,Africa,Cold
14729,America,Cold
14730,Europe,Hot
14731,Europe,Cold
14732,Europe,Hot
14733,Europe,Cold
14734,Europe,Cold
14735,Europe,Cold
14736,Asia,Temperate
14737,Africa,Hot
14738,America,Cold
14739,America,Hot
14740,America,Cold
14741,Africa,Temperate
14742,America,Temperate
14743,Africa,Temperate
14744,Africa,Temperate
14745,Africa,Hot
14746,Africa,Temperate
14747,America,Temperate
14748,Africa,Temperate
14749,Asia,Temperate
14750,Europe,Temperate
14751,Europe,Hot
14752,Europe,Temperate
14753,Asia,Temperate
14754,Europe,Temperate
14755,America,Hot
14756,America,Hot
14757,Asia,Temperate
14758,Asia,Temperate
14759,Asia,Cold
14760,Asia,Hot
14761,Europe,Hot
14762,Africa,Cold
14763,Europe,Cold
14764,Asia,Temperate
14765,America,Temperate
14766,Asia,Cold
14767,Asia,Hot
14768,Europe,Hot
14769,Africa,Temperate
14770,Europe,Hot
14771,Asia,Hot
14772,America,Cold
14773,Africa,Temperate
14774,Asia,Hot
14775,America,Hot
14776,America,Temperate
14777,America,Hot
14778,Africa,Temperate
14779,Africa,Cold
14780,Asia,Temperate
14781,Europe,Cold
14782,Europe,Hot
14783,Africa,Cold
14784,Asia,Hot
14785,Asia,Cold
14786,Asia,Temperate
14787,Europe,Hot
14788,Africa,Hot
14789,Asia,Cold
14790,Europe,Temperate
14791,Europe,Temperate
14792,Europe,Cold
14793,Asia,Cold
14794,Africa,Temperate
14795,America,Cold
14796,Asia,Temperate
14797,America,Hot
14798,Europe,Hot
14799,Europe,Temperate
14800,Africa,Cold
14801,Europe,Cold
14802,Europe,Cold
14803,Europe,Hot
14804,Africa,Hot
14805,Europe,Temperate
14806,Asia,Temperate
14807,Europe,Cold
14808,Europe,Hot
14809,Europe,Temperate
14810,Europe,Cold
14811,Asia,Temperate
14812,Asia,Hot
14813,Asia,Hot
14814,America,Hot
14815,Asia,Hot
14816,Asia,Temperate
14817,Africa,Cold
14818,America,Hot
14819,Asia,Cold
14820,Africa,Hot
14821,Asia,Temperate
14822,Africa,Hot
14823,America,Temperate
14824,Europe,Hot
14825,Asia,Hot
14826,Africa,Temperate
14827,Europe,Cold
14828,Asia,Cold
14829,Africa,Hot
14830,Europe,Hot
14831,Africa,Cold
14832,Asia,Temperate
14833,Europe,Hot
14834,Europe,Temperate
14835,Europe,Cold
14836,America,Hot
14837,Asia,Cold
14838,Europe,Cold
14839,Africa,Temperate
14840,America,Temperate
14841,Asia,Temperate
14842,Europe,Temperate
14843,Asia,Hot
14844,Asia,Hot
14845,Europe,Hot
14846,Europe,Temperate
14847,Europe,Cold
14848,Africa,Hot
14849,America,Temperate
14850,America,Hot
14851,America,Hot
14852,America,Hot
14853,Europe,Temperate
14854,Africa,Hot
14855,America,Cold
14856,America,Hot
14857,Europe,Temperate
14858,Asia,Temperate
14859,Asia,Hot
14860,America,Hot
14861,Europe,Cold
14862,Europe,Cold
14863,Europe,Cold
14864,Asia,Temperate
14865,Asia,Hot
14866,Asia,Hot
14867,Europe,Hot
14868,Europe,Temperate
14869,Asia,Cold
14870,America,Temperate
14871,Africa,Temperate
14872,Europe,Hot
14873,Europe,Temperate
14874,Africa,Cold
14875,America,Hot
14876,Asia,Hot
14877,Europe,Hot
14878,Africa,Cold
14879,America,Temperate
14880,Africa,Hot
14881,Asia,Temperate
14882,Africa,Hot
14883,America,Cold
14884,Asia,Temperate
14885,Africa,Temperate
14886,Europe,Temperate
14887,Asia,Cold
14888,Asia,Cold
14889,Africa,Cold
14890,Europe,Cold
14891,America,Hot
14892,Africa,Temperate
14893,Africa,Cold
14894,Africa,Hot
14895,Europe,Temperate
14896,Europe,Hot
14897,Africa,Cold
14898,Asia,Hot
14899,Asia,Temperate
14900,America,Cold
14901,Asia,Cold
14902,Asia,Hot
14903,Africa,Temperate
14904,Africa,Cold
14905,Europe,Hot
14906,Asia,Temperate
14907,Africa,Cold
14908,America,Cold
14909,Asia,Hot
14910,Asia,Hot
14911,Africa,Temperate
14912,America,Hot
14913,Africa,Cold
14914,America,Cold
14915,America,Temperate
14916,Africa,Temperate
14917,Asia,Temperate
14918,Europe,Hot
14919,Asia,Cold
14920,Africa,Hot
14921,America,Cold
14922,America,Temperate
14923,Asia,Cold
14924,Europe,Cold
14925,Africa,Temperate
14926,America,Temperate
14927,Africa,Cold
14928,Asia,Hot
14929,America,Temperate
14930,America,Temperate
14931,America,Hot
14932,Africa,Hot
14933,Europe,Hot
14934,America,Hot
14935,Africa,Temperate
14936,Asia,Hot
14937,Africa,Hot
14938,Asia,Hot
14939,Africa,Cold
14940,Africa,Temperate
14941,Asia,Temperate
14942,America,Hot
14943,Europe,Temperate
14944,Asia,Hot
14945,Europe,Temperate
14946,Asia,Hot
14947,Africa,Temperate
14948,America,Cold
14949,America,Cold
14950,Europe,Hot
14951,Asia,Hot
14952,Asia,Temperate
14953,Asia,Cold
14954,Asia,Hot
14955,Europe,Temperate
14956,Europe,Cold
14957,Europe,Cold
14958,Europe,Temperate
14959,Asia,Temperate
14960,Europe,Temperate
14961,Europe,Hot
14962,Africa,Cold
14963,Africa,Hot
14964,Europe,Temperate
14965,Africa,Hot
14966,Africa,Temperate
14967,Africa,Hot
14968,Africa,Hot
14969,America,Temperate
14970,Asia,Hot
14971,Africa,Temperate
14972,Asia,Cold
14973,Asia,Cold
14974,Africa,Cold
14975,Asia,Cold
14976,America,Cold
14977,Asia,Hot
14978,Asia,Cold
14979,Asia,Cold
14980,Africa,Hot
14981,Africa,Cold
14982,America,Cold
14983,Asia,Hot
14984,Africa,Hot
14985,Europe,Temperate
14986,Europe,Temperate
14987,Africa,Temperate
14988,Europe,Hot
14989,America,Temperate
14990,Africa,Hot
14991,Asia,Cold
14992,America,Temperate
14993,Africa,Cold
14994,America,Hot
14995,Asia,Hot
14996,Europe,Hot
14997,Asia,Cold
14998,Asia,Cold
14999,Europe,Cold
15000,America,Temperate
15001,Africa,Hot
15002,Africa,Cold
15003,America,Temperate
15004,Africa,Cold
15005,Africa,Hot
15006,Asia,Temperate
15007,Asia,Temperate
15008,America,Temperate
15009,Europe,Temperate
15010,Europe,Temperate
15011,Asia,Temperate
15012,Europe,Hot
15013,Africa,Hot
15014,Asia,Temperate
15015,Europe,Hot
15016,Europe,Hot
15017,Africa,Cold
15018,Asia,Cold
15019,Europe,Cold
15020,Europe,Temperate
15021,Europe,Cold
15022,America,Hot
15023,Africa,Cold
15024,America,Temperate
15025,Europe,Temperate
15026,Asia,Hot
15027,Africa,Hot
15028,Asia,Cold
15029,Africa,Cold
15030,America,Cold
15031,America,Temperate
15032,Europe,Cold
15033,America,Cold
15034,America,Hot
15035,Asia,Temperate
15036,Europe,Temperate
15037,Asia,Hot
15038,America,Temperate
15039,America,Hot
15040,Europe,Hot
15041,Europe,Hot
15042,Asia,Cold
15043,America,Cold
15044,Africa,Temperate
15045,Asia,Hot
15046,Africa,Cold
15047,Asia,Temperate
15048,America,Temperate
15049,America,Hot
15050,Asia,Hot
15051,Asia,Temperate
15052,Africa,Temperate
15053,America,Temperate
15054,Europe,Cold
15055,Africa,Cold
15056,Europe,Temperate
15057,Europe,Temperate
15058,Asia,Temperate
15059,Asia,Cold
15060,Europe,Hot
15061,Africa,Hot
15062,Asia,Temperate
15063,America,Cold
15064,Europe,Cold
15065,Asia,Temperate
15066,Africa,Temperate
15067,Asia,Temperate
15068,Europe,Cold
15069,Europe,Hot
15070,Asia,Cold
15071,America,Cold
15072,America,Cold
15073,Africa,Hot
15074,America,Hot
15075,Africa,Hot
15076,America,Temperate
15077,America,Hot
15078,Europe,Temperate
15079,Asia,Temperate
15080,Europe,Hot
15081,Africa,Temperate
15082,America,Cold
15083,Asia,Temperate
15084,Africa,Cold
15085,Europe,Temperate
15086,America,Temperate
15087,America,Hot
15088,Asia,Cold
15089,Africa,Cold
15090,Asia,Hot
15091,Asia,Cold
15092,Africa,Cold
15093,Europe,Cold
15094,Africa,Cold
15095,Africa,Hot
15096,Asia,Hot
15097,Asia,Temperate
15098,Africa,Hot
15099,Africa,Temperate
15100,Europe,Cold
15101,America,Hot
15102,Asia,Temperate
15103,Africa,Temperate
15104,Europe,Cold
15105,Asia,Temperate
15106,America,Cold
15107,Europe,Hot
15108,America,Cold
15109,Africa,Hot
15110,Asia,Hot
15111,Europe,Temperate
15112,Africa,Cold
15113,Europe,Cold
15114,Europe,Temperate
15115,Africa,Cold
15116,Asia,Cold
15117,Africa,Temperate
15118,Asia,Hot
15119,Europe,Cold
15120,Europe,Hot
15121,Africa,Temperate
15122,Europe,Temperate
15123,Europe,Hot
15124,America,Cold
15125,America,Hot
15126,America,Cold
15127,Asia,Hot
15128,America,Temperate
15129,Africa,Cold
15130,America,Cold
15131,Asia,Cold
15132,America,Temperate
15133,Africa,Temperate
15134,America,Cold
15135,America,Temperate
15136,Europe,Hot
15137,America,Hot
15138,America,Temperate
15139,Europe,Temperate
15140,America,Cold
15141,Africa,Temperate
15142,Africa,Cold
15143,America,Hot
15144,Africa,Cold
15145,Europe,Temperate
15146,America,Hot
15147,America,Cold
15148,Asia,Temperate
15149,Europe,Temperate
15150,Europe,Temperate
15151,America,Hot
15152,America,Temperate
15153,Europe,Hot
15154,Africa,Temperate
15155,Europe,Temperate
15156,Asia,Hot
15157,Africa,Hot
15158,Europe,Hot
15159,America,Cold
15160,Europe,Temperate
15161,America,Hot
15162,Europe,Cold
15163,America,Cold
15164,Europe,Hot
15165,Africa,Temperate
15166,America,Hot
15167,Africa,Hot
15168,Africa,Temperate
15169,Africa,Cold
15170,Africa,Cold
15171,Europe,Temperate
15172,Africa,Temperate
15173,America,Temperate
15174,America,Cold
15175,Europe,Temperate
15176,Asia,Hot
15177,Asia,Hot
15178,America,Temperate
15179,Europe,Hot
15180,Europe,Temperate
15181,Africa,Cold
15182,Africa,Cold
15183,America,Hot
15184,Asia,Cold
15185,Asia,Temperate
15186,Europe,Hot
15187,Asia,Temperate
15188,Europe,Temperate
15189,Europe,Temperate
15190,Asia,Cold
15191,Europe,Temperate
15192,Europe,Cold
15193,Europe,Temperate
15194,America,Temperate
15195,Europe,Cold
15196,America,Hot
15197,Africa,Hot
15198,Asia,Cold
15199,Asia,Hot
15200,Europe,Cold
15201,Asia,Temperate
15202,Asia,Temperate
15203,Africa,Cold
15204,Africa,Hot
15205,America,Hot
15206,Africa,Hot
15207,Africa,Temperate
15208,Africa,Hot
15209,Europe,Temperate
15210,America,Temperate
15211,Asia,Temperate
15212,Africa,Temperate
15213,America,Temperate
15214,America,Cold
15215,Africa,Temperate
15216,Asia,Temperate
15217,Europe,Temperate
15218,America,Cold
15219,Asia,Hot
15220,Africa,Cold
15221,America,Cold
15222,Europe,Temperate
15223,America,Hot
15224,America,Temperate
15225,America,Cold
15226,Europe,Hot
15227,Europe,Cold
15228,Asia,Cold
15229,Asia,Cold
15230,America,Hot
15231,Asia,Temperate
15232,Africa,Temperate
15233,Europe,Hot
15234,Africa,Hot
15235,Europe,Hot
15236,Europe,Cold
15237,Europe,Temperate
15238,Europe,Cold
15239,Europe,Hot
15240,Europe,Cold
15241,America,Cold
15242,Europe,Hot
15243,Asia,Hot
15244,America,Hot
15245,Asia,Temperate
15246,Africa,Hot
15247,Europe,Temperate
15248,Africa,Hot
15249,Asia,Cold
15250,America,Hot
15251,Africa,Cold
15252,Africa,Cold
15253,Europe,Temperate
15254,Africa,Cold
15255,Africa,Hot
15256,Africa,Cold
15257,Asia,Cold
15258,Europe,Cold
15259,Europe,Hot
15260,Europe,Hot
15261,America,Cold
15262,Europe,Cold
15263,Asia,Temperate
15264,Europe,Cold
15265,Africa,Cold
15266,Asia,Temperate
15267,Africa,Cold
15268,Asia,Hot
15269,Europe,Cold
15270,America,Cold
15271,Europe,Hot
15272,Asia,Hot
15273,Europe,Temperate
15274,Asia,Temperate
15275,Europe,Temperate
15276,Asia,Cold
15277,America,Cold
15278,Europe,Temperate
15279,Europe,Hot
15280,Asia,Temperate
15281,Africa,Hot
15282,Europe,Temperate
15283,America,Temperate
15284,Asia,Cold
15285,Europe,Hot
15286,Europe,Temperate
15287,Africa,Temperate
15288,America,Hot
15289,Asia,Cold
15290,Africa,Hot
15291,Europe,Temperate
15292,Asia,Hot
15293,Africa,Hot
15294,America,Hot
15295,America,Temperate
15296,America,Hot
15297,Asia,Cold
15298,Europe,Temperate
15299,Europe,Temperate
15300,Africa,Cold
15301,Europe,Cold
15302,America,Temperate
15303,America,Temperate
15304,America,Cold
15305,Asia,Temperate
15306,Europe,Cold
15307,America,Temperate
15308,Africa,Temperate
15309,Europe,Temperate
15310,Africa,Hot
15311,Africa,Temperate
15312,America,Hot
15313,America,Cold
15314,America,Temperate
15315,Africa,Temperate
15316,Africa,Hot
15317,America,Cold
15318,Asia,Cold
15319,Africa,Hot
15320,America,Cold
15321,America,Hot
15322,Asia,Temperate
15323,America,Hot
15324,America,Hot
15325,Asia,Cold
15326,Asia,Temperate
15327,Europe,Temperate
15328,Africa,Hot
15329,Africa,Cold
15330,Europe,Hot
15331,Africa,Temperate
15332,Europe,Temperate
15333,Africa,Cold
15334,America,Temperate
15335,Asia,Temperate
15336,Asia,Hot
15337,Asia,Hot
15338,Africa,Temperate
15339,America,Cold
15340,Asia,Cold
15341,Europe,Temperate
15342,Africa,Cold
15343,Africa,Temperate
15344,America,Temperate
15345,Africa,Hot
15346,Asia,Hot
15347,Asia,Cold
15348,Europe,Cold
15349,Europe,Temperate
15350,Africa,Hot
15351,Europe,Hot
15352,Africa,Hot
15353,Asia,Temperate
15354,America,Hot
15355,Asia,Hot
15356,Africa,Cold
15357,Asia,Hot
15358,Asia,Cold
15359,America,Cold
15360,Asia,Cold
15361,Africa,Temperate
15362,Europe,Cold
15363,America,Hot
15364,Africa,Hot
15365,Africa,Cold
15366,Asia,Temperate
15367,America,Hot
15368,America,Hot
15369,Asia,Cold
15370,Europe,Cold
15371,America,Temperate
15372,Africa,Cold
15373,Europe,Cold
15374,America,Hot
15375,Europe,Cold
15376,Africa,Hot
15377,Europe,Cold
15378,America,Temperate
15379,America,Hot
15380,Africa,Temperate
15381,Africa,Hot
15382,Europe,Hot
15383,Europe,Temperate
15384,Africa,Cold
15385,America,Cold
15386,Asia,Hot
15387,Asia,Temperate
15388,America,Cold
15389,America,Cold
15390,Africa,Cold
15391,Asia,Temperate
15392,America,Cold
15393,America,Cold
15394,America,Hot
15395,Europe,Hot
15396,America,Temperate
15397,Europe,Hot
15398,Asia,Cold
15399,America,Hot
15400,America,Hot
15401,Asia,Cold
15402,Africa,Cold
15403,America,Temperate
15404,America,Temperate
15405,Europe,Cold
15406,Asia,Hot
15407,America,Temperate
15408,Asia,Hot
15409,Asia,Hot
15410,America,Cold
15411,Asia,Temperate
15412,America,Temperate
15413,Europe,Cold
15414,Africa,Temperate
15415,Europe,Cold
15416,Africa,Cold
15417,Asia,Cold
15418,Asia,Hot
15419,Africa,Cold
15420,Asia,Cold
15421,Europe,Cold
15422,America,Cold
15423,Africa,Cold
15424,America,Cold
15425,America,Temperate
15426,Asia,Temperate
15427,Asia,Hot
15428,Asia,Cold
15429,America,Temperate
15430,Africa,Cold
15431,Europe,Cold
15432,Europe,Temperate
15433,Asia,Temperate
15434,America,Temperate
15435,Africa,Hot
15436,Africa,Temperate
15437,America,Cold
15438,America,Hot
15439,Africa,Temperate
15440,Asia,Hot
15441,America,Temperate
15442,Europe,Cold
15443,America,Temperate
15444,Africa,Temperate
15445,Europe,Hot
15446,Africa,Temperate
15447,Africa,Temperate
15448,Europe,Temperate
15449,America,Hot
15450,Africa,Temperate
15451,Europe,Temperate
15452,Africa,Hot
15453,Europe,Cold
15454,Asia,Hot
15455,Africa,Cold
15456,Africa,Cold
15457,Europe,Cold
15458,Europe,Cold
15459,Europe,Cold
15460,Europe,Temperate
15461,America,Hot
15462,America,Hot
15463,America,Temperate
15464,Asia,Hot
15465,Africa,Hot
15466,America,Hot
15467,America,Hot
15468,Africa,Hot
15469,America,Hot
15470,Africa,Hot
15471,Asia,Cold
15472,Europe,Hot
15473,Asia,Hot
15474,Africa,Temperate
15475,Africa,Cold
15476,America,Hot
15477,America,Temperate
15478,Europe,Temperate
15479,Europe,Temperate
15480,America,Temperate
15481,America,Hot
15482,Asia,Temperate
15483,Africa,Temperate
15484,Asia,Hot
15485,Africa,Temperate
15486,Europe,Temperate
15487,Europe,Cold
15488,Africa,Hot
15489,Europe,Temperate
15490,Africa,Hot
15491,America,Cold
15492,America,Cold
15493,Europe,Cold
15494,Europe,Hot
15495,Asia,Temperate
15496,Europe,Hot
15497,Africa,Hot
15498,Africa,Hot
15499,Africa,Cold
15500,Asia,Hot
15501,America,Temperate
15502,Africa,Temperate
15503,Asia,Cold
15504,Asia,Hot
15505,Europe,Temperate
15506,Europe,Cold
15507,America,Hot
15508,Asia,Cold
15509,Africa,Temperate
15510,Asia,Cold
15511,Europe,Cold
15512,Asia,Cold
15513,Africa,Temperate
15514,Asia,Hot
15515,America,Cold
15516,America,Temperate
15517,America,Cold
15518,Europe,Cold
15519,America,Temperate
15520,Asia,Cold
15521,Africa,Hot
15522,America,Temperate
15523,Africa,Hot
15524,Europe,Cold
15525,Europe,Temperate
15526,Europe,Hot
15527,Europe,Hot
15528,America,Cold
15529,Asia,Cold
15530,Europe,Cold
15531,Africa,Temperate
15532,Europe,Cold
15533,America,Cold
15534,Asia,Temperate
15535,Asia,Temperate
15536,America,Hot
15537,Asia,Temperate
15538,America,Cold
15539,America,Hot
15540,Asia,Cold
15541,America,Hot
15542,Africa,Temperate
15543,America,Hot
15544,Europe,Cold
15545,Europe,Temperate
15546,Europe,Temperate
15547,Europe,Cold
15548,America,Cold
15549,America,Cold
15550,America,Cold
15551,Europe,Cold
15552,Europe,Temperate
15553,Europe,Temperate
15554,Asia,Hot
15555,Asia,Hot
15556,Africa,Cold
15557,America,Hot
15558,Asia,Hot
15559,America,Cold
15560,America,Hot
15561,Africa,Temperate
15562,Europe,Temperate
15563,America,Temperate
15564,Europe,Cold
15565,America,Temperate
15566,Asia,Temperate
15567,Asia,Hot
15568,Europe,Hot
15569,Europe,Temperate
15570,Asia,Cold
15571,Europe,Hot
15572,Asia,Cold
15573,Europe,Hot
15574,America,Hot
15575,Asia,Cold
15576,America,Hot
15577,Asia,Temperate
15578,Europe,Temperate
15579,Europe,Temperate
15580,America,Temperate
15581,America,Temperate
15582,Asia,Cold
15583,Africa,Temperate
15584,Africa,Hot
15585,Africa,Temperate
15586,Africa,Cold
15587,Europe,Hot
15588,America,Hot
15589,Africa,Cold
15590,Africa,Hot
15591,America,Cold
15592,Asia,Cold
15593,Asia,Hot
15594,Europe,Cold
15595,Asia,Cold
15596,Africa,Temperate
15597,America,Hot
15598,Africa,Temperate
15599,America,Cold
15600,Europe,Hot
15601,Europe,Hot
15602,Africa,Hot
15603,Asia,Hot
15604,Asia,Hot
15605,Europe,Temperate
15606,America,Temperate
15607,America,Temperate
15608,Europe,Cold
15609,Europe,Hot
15610,Africa,Hot
15611,Asia,Temperate
15612,Asia,Cold
15613,Asia,Temperate
15614,Africa,Hot
15615,Europe,Cold
15616,Asia,Temperate
15617,Africa,Temperate
15618,America,Cold
15619,Asia,Cold
15620,America,Cold
15621,Africa,Hot
15622,Asia,Temperate
15623,Europe,Cold
15624,Asia,Hot
15625,Africa,Cold
15626,America,Hot
15627,Asia,Hot
15628,Africa,Cold
15629,Africa,Cold
15630,Asia,Hot
15631,Africa,Hot
15632,America,Cold
15633,America,Hot
15634,America,Temperate
15635,Africa,Hot
15636,America,Temperate
15637,Europe,Hot
15638,Europe,Temperate
15639,Europe,Temperate
15640,Africa,Hot
15641,Asia,Temperate
15642,Asia,Hot
15643,Europe,Cold
15644,Africa,Hot
15645,Europe,Hot
15646,Europe,Cold
15647,America,Temperate
15648,Africa,Hot
15649,Europe,Hot
15650,America,Temperate
15651,Africa,Cold
15652,Europe,Temperate
15653,Asia,Cold
15654,Europe,Temperate
15655,Asia,Temperate
15656,America,Cold
15657,Europe,Cold
15658,America,Temperate
15659,America,Temperate
15660,Europe,Cold
15661,America,Hot
15662,Asia,Temperate
15663,Europe,Temperate
15664,Africa,Hot
15665,Asia,Cold
15666,Africa,Temperate
15667,Africa,Cold
15668,Asia,Hot
15669,America,Cold
15670,America,Cold
15671,Europe,Hot
15672,Africa,Temperate
15673,America,Cold
15674,America,Temperate
15675,Europe,Hot
15676,Africa,Hot
15677,Asia,Temperate
15678,Asia,Hot
15679,Africa,Temperate
15680,America,Cold
15681,America,Hot
15682,Asia,Temperate
15683,Africa,Hot
15684,America,Hot
15685,Europe,Temperate
15686,Africa,Temperate
15687,Africa,Temperate
15688,Africa,Temperate
15689,Asia,Hot
15690,Asia,Temperate
15691,America,Temperate
15692,America,Temperate
15693,Asia,Cold
15694,America,Hot
15695,Africa,Cold
15696,Asia,Temperate
15697,America,Hot
15698,Asia,Temperate
15699,Asia,Cold
15700,Asia,Hot
15701,Asia,Temperate
15702,Africa,Hot
15703,Africa,Cold
15704,America,Hot
15705,Asia,Cold
15706,Asia,Cold
15707,Africa,Cold
15708,America,Hot
15709,Africa,Hot
15710,Asia,Hot
15711,Europe,Hot
15712,America,Temperate
15713,Asia,Temperate
15714,Europe,Temperate
15715,Asia,Hot
15716,America,Cold
15717,America,Cold
15718,America,Temperate
15719,Europe,Temperate
15720,Europe,Hot
15721,Asia,Hot
15722,America,Temperate
15723,Africa,Hot
15724,Africa,Temperate
15725,America,Temperate
15726,Africa,Hot
15727,Africa,Hot
15728,America,Temperate
15729,Asia,Temperate
15730,Europe,Cold
15731,Africa,Temperate
15732,America,Hot
15733,Asia,Hot
15734,America,Hot
15735,Asia,Cold
15736,Africa,Cold
15737,Africa,Hot
15738,Africa,Temperate
15739,Africa,Temperate
15740,Asia,Temperate
15741,America,Temperate
15742,Asia,Hot
15743,Europe,Cold
15744,Europe,Temperate
15745,Asia,Hot
15746,Europe,Hot
15747,Asia,Temperate
15748,Africa,Temperate
15749,Asia,Temperate
15750,Africa,Cold
15751,America,Temperate
15752,America,Temperate
15753,Africa,Hot
15754,Asia,Cold
15755,Asia,Hot
15756,Africa,Hot
15757,Europe,Hot
15758,Asia,Temperate
15759,Africa,Temperate
15760,Europe,Temperate
15761,Europe,Temperate
15762,Africa,Temperate
15763,Asia,Hot
15764,Europe,Cold
15765,Europe,Cold
15766,Europe,Cold
15767,America,Temperate
15768,Africa,Hot
15769,America,Cold
15770,Europe,Cold
15771,Europe,Cold
15772,Africa,Temperate
15773,Europe,Temperate
15774,Africa,Cold
15775,Europe,Temperate
15776,Africa,Temperate
15777,Africa,Cold
15778,Asia,Temperate
15779,Asia,Hot
15780,Africa,Hot
15781,Africa,Cold
15782,Europe,Temperate
15783,Europe,Cold
15784,Asia,Temperate
15785,Europe,Hot
15786,Africa,Temperate
15787,America,Hot
15788,Africa,Temperate
15789,Africa,Hot
15790,Europe,Cold
15791,Europe,Temperate
15792,Africa,Cold
15793,Europe,Temperate
15794,Africa,Cold
15795,Africa,Hot
15796,Africa,Cold
15797,Africa,Hot
15798,Asia,Cold
15799,Europe,Cold
15800,Africa,Hot
15801,Africa,Hot
15802,Africa,Temperate
15803,Europe,Temperate
15804,Europe,Temperate
15805,Asia,Cold
15806,America,Temperate
15807,Asia,Hot
15808,Africa,Temperate
15809,Asia,Temperate
15810,Europe,Hot
15811,Africa,Hot
15812,Europe,Temperate
15813,Asia,Hot
15814,America,Hot
15815,Africa,Temperate
15816,Africa,Temperate
15817,America,Cold
15818,Africa,Cold
15819,Europe,Hot
15820,Europe,Cold
15821,Asia,Hot
15822,Europe,Hot
15823,Asia,Temperate
15824,Africa,Cold
15825,Europe,Hot
15826,Europe,Cold
15827,Europe,Cold
15828,Europe,Hot
15829,Europe,Cold
15830,Africa,Temperate
15831,Africa,Cold
15832,America,Temperate
15833,Africa,Hot
15834,Africa,Cold
15835,Asia,Hot
15836,America,Hot
15837,Asia,Hot
15838,Asia,Hot
15839,Asia,Temperate
15840,Asia,Cold
15841,Africa,Hot
15842,America,Temperate
15843,Asia,Cold
15844,America,Cold
15845,Africa,Hot
15846,America,Cold
15847,America,Hot
15848,Africa,Temperate
15849,Europe,Cold
15850,Asia,Hot
15851,Asia,Temperate
15852,Africa,Hot
15853,America,Cold
15854,Africa,Temperate
15855,Europe,Hot
15856,America,Temperate
15857,Europe,Temperate
15858,Africa,Temperate
15859,Africa,Cold
15860,Africa,Cold
15861,Europe,Cold
15862,Asia,Cold
15863,Europe,Cold
15864,Europe,Temperate
15865,Europe,Temperate
15866,Africa,Cold
15867,Europe,Hot
15868,Asia,Hot
15869,Europe,Cold
15870,Asia,Cold
15871,America,Temperate
15872,Asia,Temperate
15873,Africa,Cold
15874,America,Cold
15875,Africa,Hot
15876,Africa,Hot
15877,America,Temperate
15878,Asia,Hot
15879,Africa,Temperate
15880,Asia,Hot
15881,Africa,Cold
15882,Africa,Hot
15883,America,Temperate
15884,America,Hot
15885,Asia,Temperate
15886,America,Temperate
15887,Africa,Temperate
15888,Europe,Temperate
15889,Europe,Cold
15890,Europe,Hot
15891,Europe,Hot
15892,Asia,Hot
15893,America,Cold
15894,Africa,Hot
15895,Europe,Cold
15896,Asia,Temperate
15897,Asia,Temperate
15898,Africa,Cold
15899,America,Cold
15900,Europe,Cold
15901,Europe,Cold
15902,Asia,Hot
15903,Asia,Hot
15904,Europe,Temperate
15905,Africa,Temperate
15906,Asia,Cold
15907,Asia,Hot
15908,America,Cold
15909,Africa,Cold
15910,Africa,Temperate
15911,Asia,Hot
15912,America,Temperate
15913,Asia,Cold
15914,Europe,Temperate
15915,Asia,Temperate
15916,Asia,Temperate
15917,Asia,Hot
15918,Europe,Temperate
15919,America,Cold
15920,America,Hot
15921,Africa,Cold
15922,Africa,Hot
15923,Africa,Hot
15924,Asia,Hot
15925,Asia,Temperate
15926,Africa,Hot
15927,Europe,Temperate
15928,Asia,Cold
15929,Europe,Hot
15930,Europe,Hot
15931,Asia,Hot
15932,Africa,Hot
15933,America,Cold
15934,America,Temperate
15935,America,Cold
15936,Europe,Temperate
15937,Africa,Temperate
15938,Asia,Hot
15939,Europe,Cold
15940,Asia,Temperate
15941,Asia,Temperate
15942,Europe,Hot
15943,Europe,Cold
15944,Africa,Hot
15945,Europe,Temperate
15946,Asia,Hot
15947,Africa,Cold
15948,Asia,Hot
15949,Africa,Cold
15950,Asia,Temperate
15951,Africa,Temperate
15952,Europe,Cold
15953,America,Hot
15954,Asia,Cold
15955,Asia,Cold
15956,Africa,Temperate
15957,Europe,Hot
15958,Europe,Cold
15959,Africa,Cold
15960,Europe,Hot
15961,Europe,Temperate
15962,Africa,Temperate
15963,Asia,Hot
15964,Africa,Temperate
15965,America,Temperate
15966,Africa,Hot
15967,Africa,Hot
15968,Europe,Temperate
15969,Asia,Temperate
15970,America,Cold
15971,Europe,Temperate
15972,Europe,Cold
15973,Europe,Hot
15974,Asia,Cold
15975,Africa,Temperate
15976,Africa,Cold
15977,America,Temperate
15978,Asia,Temperate
15979,Africa,Temperate
15980,America,Hot
15981,Asia,Cold
15982,America,Cold
15983,Europe,Cold
15984,Africa,Cold
15985,America,Temperate
15986,Asia,Cold
15987,Asia,Cold
15988,Asia,Hot
15989,Asia,Hot
15990,Africa,Cold
15991,Europe,Hot
15992,Africa,Hot
15993,Africa,Hot
15994,Asia,Temperate
15995,America,Hot
15996,Europe,Hot
15997,Asia,Cold
15998,Africa,Cold
15999,Europe,Temperate
16000,Africa,Hot
16001,America,Cold
16002,America,Temperate
16003,America,Cold
16004,America,Cold
16005,Europe,Hot
16006,America,Cold
16007,Europe,Hot
16008,Asia,Hot
16009,Asia,Cold
16010,Asia,Temperate
16011,Africa,Cold
16012,Europe,Temperate
16013,Asia,Cold
16014,Asia,Hot
16015,Asia,Temperate
16016,Asia,Cold
16017,Europe,Cold
16018,Europe,Hot
16019,Africa,Cold
16020,Asia,Hot
16021,America,Temperate
16022,Europe,Cold
16023,Europe,Cold
16024,Africa,Hot
16025,Asia,Hot
16026,America,Cold
16027,Africa,Temperate
16028,Asia,Hot
16029,America,Temperate
16030,America,Temperate
16031,Europe,Temperate
16032,America,Hot
16033,America,Hot
16034,Europe,Temperate
16035,America,Hot
16036,Asia,Cold
16037,Asia,Temperate
16038,Europe,Cold
16039,Europe,Hot
16040,Europe,Cold
16041,Africa,Temperate
16042,Africa,Cold
16043,America,Hot
16044,Africa,Cold
16045,Africa,Temperate
16046,Asia,Cold
16047,Asia,Hot
16048,America,Hot
16049,Europe,Cold
16050,Asia,Temperate
16051,Asia,Cold
16052,Asia,Temperate
16053,Africa,Cold
16054,Asia,Hot
16055,Asia,Temperate
16056,Europe,Temperate
16057,Africa,Temperate
16058,Europe,Hot
16059,Europe,Hot
16060,Africa,Hot
16061,Africa,Cold
16062,Africa,Cold
16063,Europe,Cold
16064,America,Temperate
16065,Europe,Temperate
16066,Africa,Temperate
16067,Europe,Temperate
16068,America,Hot
16069,America,Temperate
16070,America,Cold
16071,Asia,Cold
16072,Europe,Hot
16073,Africa,Temperate
16074,Europe,Hot
16075,America,Hot
16076,America,Cold
16077,America,Hot
16078,Europe,Hot
16079,Africa,Cold
16080,Asia,Cold
16081,America,Temperate
16082,Africa,Cold
16083,America,Hot
16084,America,Cold
16085,Europe,Hot
16086,Asia,Cold
16087,America,Temperate
16088,Asia,Temperate
16089,America,Hot
16090,Europe,Temperate
16091,America,Hot
16092,Africa,Cold
16093,Asia,Temperate
16094,Africa,Cold
16095,Europe,Cold
16096,Africa,Hot
16097,Africa,Hot
16098,Africa,Temperate
16099,Asia,Cold
16100,Europe,Cold
16101,America,Cold
16102,Asia,Temperate
16103,Asia,Cold
16104,Europe,Cold
16105,Asia,Cold
16106,America,Cold
16107,Asia,Temperate
16108,Africa,Temperate
16109,Asia,Cold
16110,Europe,Cold
16111,Europe,Temperate
16112,Asia,Temperate
16113,Asia,Temperate
16114,Africa,Hot
16115,Asia,Temperate
16116,America,Temperate
16117,Africa,Temperate
16118,America,Cold
16119,Africa,Temperate
16120,America,Cold
16121,America,Cold
16122,America,Cold
16123,America,Cold
16124,Asia,Temperate
16125,Asia,Hot
16126,Europe,Cold
16127,Asia,Temperate
16128,Europe,Temperate
16129,America,Hot
16130,Africa,Hot
16131,Africa,Cold
16132,Asia,Hot
16133,America,Hot
16134,Europe,Cold
16135,Europe,Temperate
16136,Europe,Hot
16137,Africa,Hot
16138,Europe,Temperate
16139,Africa,Hot
16140,America,Cold
16141,Africa,Temperate
16142,America,Hot
16143,Asia,Hot
16144,Asia,Cold
16145,Africa,Cold
16146,Asia,Temperate
16147,Asia,Cold
16148,America,Hot
16149,America,Cold
16150,Africa,Hot
16151,Africa,Temperate
16152,Europe,Cold
16153,Europe,Cold
16154,Asia,Hot
16155,Asia,Hot
16156,America,Temperate
16157,Africa,Hot
16158,Europe,Temperate
16159,Europe,Temperate
16160,Africa,Temperate
16161,Africa,Hot
16162,Africa,Hot
16163,Europe,Hot
16164,America,Cold
16165,Africa,Cold
16166,Asia,Cold
16167,Europe,Temperate
16168,America,Cold
16169,Africa,Cold
16170,Asia,Cold
16171,Europe,Cold
16172,Africa,Temperate
16173,Asia,Temperate
16174,Africa,Hot
16175,Asia,Hot
16176,America,Temperate
16177,Europe,Temperate
16178,America,Temperate
16179,Europe,Hot
16180,Europe,Cold
16181,Africa,Cold
16182,America,Temperate
16183,Europe,Hot
16184,Asia,Temperate
16185,Africa,Hot
16186,Asia,Cold
16187,Asia,Cold
16188,Asia,Temperate
16189,Africa,Cold
16190,America,Temperate
16191,Asia,Hot
16192,Asia,Temperate
16193,Europe,Hot
16194,Africa,Temperate
16195,America,Temperate
16196,Europe,Hot
16197,America,Cold
16198,Asia,Hot
16199,Asia,Temperate
16200,Africa,Cold
16201,Asia,Hot
16202,Africa,Hot
16203,Asia,Cold
16204,Asia,Cold
16205,Europe,Hot
16206,Asia,Hot
16207,America,Temperate
16208,America,Hot
16209,Europe,Cold
16210,Europe,Hot
16211,Asia,Cold
16212,Europe,Temperate
16213,Africa,Cold
16214,Europe,Cold
16215,America,Cold
16216,Africa,Hot
16217,America,Hot
16218,Europe,Hot
16219,Europe,Cold
16220,Europe,Hot
16221,Asia,Hot
16222,America,Cold
16223,Asia,Cold
16224,Asia,Hot
16225,Asia,Hot
16226,America,Hot
16227,Africa,Temperate
16228,Europe,Hot
16229,Asia,Cold
16230,America,Hot
16231,America,Temperate
16232,Europe,Temperate
16233,Asia,Temperate
16234,Africa,Hot
16235,Europe,Cold
16236,Africa,Cold
16237,Asia,Hot
16238,Europe,Hot
16239,Asia,Hot
16240,Asia,Hot
16241,America,Cold
16242,Africa,Temperate
16243,Africa,Temperate
16244,Europe,Cold
16245,Asia,Hot
16246,Europe,Hot
16247,Europe,Cold
16248,Asia,Cold
16249,Africa,Temperate
16250,Europe,Cold
16251,Europe,Hot
16252,Europe,Cold
16253,Asia,Cold
16254,Europe,Cold
16255,Africa,Hot
16256,America,Hot
16257,Africa,Temperate
16258,Asia,Cold
16259,America,Hot
16260,Asia,Temperate
16261,Asia,Hot
16262,America,Temperate
16263,Asia,Cold
16264,Africa,Temperate
16265,America,Cold
16266,Asia,Cold
16267,Europe,Cold
16268,Africa,Cold
16269,America,Temperate
16270,America,Temperate
16271,Asia,Hot
16272,America,Temperate
16273,America,Cold
16274,Asia,Hot
16275,Europe,Temperate
16276,Africa,Cold
16277,Africa,Hot
16278,America,Temperate
16279,America,Hot
16280,America,Temperate
16281,Europe,Temperate
16282,Europe,Hot
16283,Asia,Hot
16284,Europe,Hot
16285,Europe,Cold
16286,Europe,Cold
16287,Africa,Hot
16288,America,Temperate
16289,Africa,Hot
16290,Europe,Cold
16291,America,Hot
16292,Europe,Hot
16293,America,Cold
16294,Africa,Temperate
16295,Europe,Temperate
16296,Europe,Cold
16297,Africa,Cold
16298,Europe,Hot
16299,America,Temperate
16300,Europe,Temperate
16301,Africa,Cold
16302,Asia,Temperate
16303,Europe,Cold
16304,Europe,Temperate
16305,Europe,Temperate
16306,Asia,Cold
16307,America,Hot
16308,Africa,Hot
16309,America,Temperate
16310,America,Hot
16311,Africa,Temperate
16312,Africa,Hot
16313,America,Hot
16314,Africa,Temperate
16315,Europe,Hot
16316,America,Cold
16317,America,Hot
16318,Asia,Temperate
16319,Asia,Hot
16320,America,Cold
16321,Africa,Cold
16322,Africa,Hot
16323,Europe,Temperate
16324,America,Cold
16325,America,Cold
16326,Africa,Temperate
16327,America,Cold
16328,Africa,Cold
16329,America,Cold
16330,Africa,Temperate
16331,Africa,Cold
16332,Asia,Temperate
16333,Africa,Cold
16334,Africa,Cold
16335,Europe,Cold
16336,Africa,Temperate
16337,Africa,Cold
16338,Europe,Hot
16339,America,Temperate
16340,Europe,Temperate
16341,Africa,Hot
16342,America,Hot
16343,America,Cold
16344,Europe,Temperate
16345,Europe,Temperate
16346,Africa,Hot
16347,Asia,Hot
16348,America,Hot
16349,Europe,Hot
16350,Africa,Cold
16351,Europe,Hot
16352,Asia,Temperate
16353,Asia,Hot
16354,Africa,Cold
16355,Asia,Temperate
16356,America,Hot
16357,Africa,Cold
16358,Africa,Temperate
16359,America,Cold
16360,Europe,Hot
16361,Africa,Temperate
16362,Europe,Temperate
16363,America,Temperate
16364,America,Cold
16365,Europe,Temperate
16366,Europe,Hot
16367,Europe,Hot
16368,Africa,Cold
16369,Asia,Cold
16370,Africa,Temperate
16371,Asia,Hot
16372,Africa,Temperate
16373,Europe,Cold
16374,Europe,Hot
16375,Africa,Temperate
16376,America,Hot
16377,Asia,Hot
16378,Africa,Cold
16379,Africa,Temperate
16380,Asia,Cold
16381,Europe,Hot
16382,Europe,Cold
16383,Europe,Cold
16384,America,Temperate
16385,Asia,Temperate
16386,Europe,Temperate
16387,America,Hot
16388,Europe,Hot
16389,America,Temperate
16390,America,Hot
16391,Europe,Hot
16392,America,Temperate
16393,Asia,Hot
16394,Asia,Cold
16395,Europe,Temperate
16396,Africa,Cold
16397,America,Cold
16398,Africa,Cold
16399,Europe,Cold
16400,Asia,Cold
16401,Europe,Temperate
16402,Europe,Hot
16403,America,Hot
16404,America,Temperate
16405,Africa,Hot
16406,Africa,Hot
16407,Europe,Hot
16408,America,Hot
16409,Europe,Cold
16410,America,Hot
16411,Asia,Hot
16412,America,Hot
16413,Africa,Cold
16414,Europe,Hot
16415,America,Temperate
16416,Africa,Hot
16417,Africa,Temperate
16418,Europe,Cold
16419,Africa,Cold
16420,Europe,Hot
16421,Europe,Hot
16422,America,Hot
16423,Asia,Hot
16424,America,Cold
16425,Africa,Hot
16426,Asia,Hot
16427,Africa,Hot
16428,Asia,Hot
16429,Europe,Hot
16430,Africa,Cold
16431,Asia,Cold
16432,America,Hot
16433,Europe,Hot
16434,Europe,Temperate
16435,Africa,Temperate
16436,Africa,Hot
16437,Asia,Hot
16438,Europe,Temperate
16439,Europe,Temperate
16440,Africa,Hot
16441,Europe,Cold
16442,America,Cold
16443,Asia,Cold
16444,Europe,Temperate
16445,Europe,Temperate
16446,Europe,Hot
16447,Asia,Hot
16448,Africa,Hot
16449,America,Hot
16450,Africa,Cold
16451,Europe,Temperate
16452,America,Temperate
16453,Europe,Temperate
16454,Asia,Temperate
16455,Asia,Cold
16456,Asia,Hot
16457,Europe,Temperate
16458,Africa,Temperate
16459,Africa,Temperate
16460,Europe,Hot
16461,Europe,Temperate
16462,America,Hot
16463,Asia,Cold
16464,Africa,Temperate
16465,Africa,Hot
16466,America,Hot
16467,America,Temperate
16468,Europe,Temperate
16469,Europe,Hot
16470,Europe,Temperate
16471,Asia,Cold
16472,Africa,Hot
16473,America,Hot
16474,Africa,Temperate
16475,Europe,Hot
16476,Asia,Temperate
16477,Africa,Temperate
16478,Europe,Temperate
16479,America,Hot
16480,Europe,Temperate
16481,Europe,Temperate
16482,Africa,Temperate
16483,Asia,Temperate
16484,America,Temperate
16485,America,Hot
16486,America,Temperate
16487,Asia,Cold
16488,America,Cold
16489,Europe,Cold
16490,Asia,Hot
16491,America,Hot
16492,Asia,Hot
16493,Europe,Hot
16494,Africa,Temperate
16495,Asia,Cold
16496,Africa,Cold
16497,Asia,Temperate
16498,Europe,Hot
16499,Africa,Temperate
16500,America,Cold
16501,America,Hot
16502,Africa,Temperate
16503,Asia,Cold
16504,Africa,Cold
16505,America,Hot
16506,Asia,Cold
16507,Africa,Cold
16508,Asia,Temperate
16509,Asia,Cold
16510,Europe,Temperate
16511,Europe,Cold
16512,Asia,Hot
16513,America,Temperate
16514,America,Cold
16515,Asia,Hot
16516,Asia,Cold
16517,Europe,Temperate
16518,America,Hot
16519,Europe,Hot
16520,America,Cold
16521,America,Temperate
16522,Africa,Temperate
16523,Asia,Temperate
16524,Africa,Temperate
16525,America,Hot
16526,Europe,Temperate
16527,Asia,Cold
16528,Africa,Temperate
16529,America,Hot
16530,America,Cold
16531,Africa,Hot
16532,Asia,Temperate
16533,Africa,Hot
16534,Africa,Temperate
16535,Europe,Cold
16536,Europe,Cold
16537,Africa,Temperate
16538,Africa,Temperate
16539,America,Temperate
16540,Asia,Hot
16541,America,Hot
16542,Europe,Cold
16543,Asia,Cold
16544,Asia,Temperate
16545,Europe,Cold
16546,America,Cold
16547,Africa,Temperate
16548,Africa,Hot
16549,Asia,Hot
16550,Asia,Temperate
16551,Africa,Temperate
16552,Asia,Cold
16553,Africa,Cold
16554,Europe,Cold
16555,Europe,Hot
16556,Africa,Hot
16557,Asia,Cold
16558,Europe,Temperate
16559,Africa,Temperate
16560,Africa,Temperate
16561,Asia,Hot
16562,Asia,Cold
16563,America,Temperate
16564,Asia,Hot
16565,Europe,Temperate
16566,Europe,Hot
16567,Europe,Cold
16568,Africa,Temperate
16569,Africa,Hot
16570,Africa,Cold
16571,Europe,Hot
16572,America,Temperate
16573,Africa,Temperate
16574,America,Temperate
16575,Africa,Hot
16576,Europe,Temperate
16577,America,Temperate
16578,Africa,Temperate
16579,Europe,Temperate
16580,Africa,Temperate
16581,Asia,Hot
16582,Europe,Temperate
16583,Africa,Cold
16584,America,Temperate
16585,Africa,Hot
16586,America,Temperate
16587,Asia,Temperate
16588,Asia,Hot
16589,America,Hot
16590,Africa,Temperate
16591,America,Temperate
16592,Asia,Hot
16593,Asia,Hot
16594,Asia,Temperate
16595,America,Hot
16596,Asia,Temperate
16597,Africa,Temperate
16598,America,Cold
16599,Asia,Cold
16600,America,Temperate
16601,Asia,Hot
16602,Europe,Hot
16603,Asia,Cold
16604,Africa,Cold
16605,Europe,Temperate
16606,America,Temperate
16607,Asia,Hot
16608,Europe,Cold
16609,America,Cold
16610,Europe,Hot
16611,Africa,Hot
16612,America,Cold
16613,Africa,Temperate
16614,Asia,Temperate
16615,America,Temperate
16616,Europe,Hot
16617,Europe,Hot
16618,America,Cold
16619,Europe,Hot
16620,America,Cold
16621,Africa,Hot
16622,Africa,Cold
16623,Africa,Temperate
16624,Africa,Temperate
16625,Asia,Temperate
16626,America,Cold
16627,America,Cold
16628,Asia,Temperate
16629,Europe,Hot
16630,Asia,Cold
16631,Europe,Hot
16632,Europe,Temperate
16633,Africa,Temperate
16634,America,Hot
16635,Africa,Cold
16636,Asia,Hot
16637,Asia,Temperate
16638,Asia,Hot
16639,Europe,Cold
16640,Europe,Temperate
16641,Africa,Hot
16642,Asia,Hot
16643,America,Hot
16644,Africa,Cold
16645,Asia,Hot
16646,Asia,Hot
16647,Africa,Hot
16648,Europe,Cold
16649,Asia,Hot
16650,Africa,Cold
16651,Asia,Cold
16652,Europe,Temperate
16653,Africa,Temperate
16654,Europe,Cold
16655,Asia,Cold
16656,America,Temperate
16657,Europe,Cold
16658,America,Temperate
16659,Asia,Hot
16660,Asia,Temperate
16661,Asia,Hot
16662,Africa,Cold
16663,Europe,Hot
16664,Europe,Cold
16665,Africa,Hot
16666,Africa,Temperate
16667,Europe,Hot
16668,Asia,Cold
16669,Europe,Temperate
16670,Asia,Hot
16671,America,Temperate
16672,America,Hot
16673,Asia,Cold
16674,Europe,Hot
16675,Africa,Cold
16676,Africa,Temperate
16677,America,Temperate
16678,Asia,Cold
16679,Europe,Cold
16680,America,Temperate
16681,Europe,Cold
16682,Africa,Hot
16683,Europe,Temperate
16684,Africa,Cold
16685,Asia,Cold
16686,America,Hot
16687,Europe,Hot
16688,Europe,Hot
16689,Africa,Hot
16690,America,Hot
16691,Asia,Cold
16692,Asia,Temperate
16693,America,Temperate
16694,Africa,Cold
16695,Asia,Hot
16696,Europe,Hot
16697,Europe,Cold
16698,Africa,Temperate
16699,Asia,Temperate
16700,America,Cold
16701,Asia,Hot
16702,Europe,Temperate
16703,Africa,Hot
16704,America,Cold
16705,Africa,Temperate
16706,America,Cold
16707,America,Hot
16708,Europe,Hot
16709,Europe,Hot
16710,America,Cold
16711,Asia,Cold
16712,America,Temperate
16713,America,Hot
16714,America,Cold
16715,Africa,Hot
16716,Europe,Hot
16717,America,Hot
16718,Africa,Hot
16719,Africa,Hot
16720,Asia,Temperate
16721,Europe,Hot
16722,Asia,Cold
16723,America,Cold
16724,America,Hot
16725,Europe,Hot
16726,America,Temperate
16727,Europe,Cold
16728,Africa,Temperate
16729,Europe,Cold
16730,Africa,Hot
16731,Europe,Hot
16732,Europe,Hot
16733,Africa,Hot
16734,Asia,Hot
16735,Africa,Temperate
16736,Europe,Cold
16737,America,Temperate
16738,Asia,Cold
16739,America,Temperate
16740,Europe,Hot
16741,Asia,Cold
16742,Asia,Cold
16743,Europe,Temperate
16744,America,Temperate
16745,America,Hot
16746,Europe,Cold
16747,Asia,Hot
16748,Asia,Temperate
16749,Europe,Cold
16750,America,Hot
16751,America,Temperate
16752,America,Temperate
16753,Europe,Temperate
16754,Africa,Hot
16755,Europe,Cold
16756,Africa,Hot
16757,America,Temperate
16758,Europe,Temperate
16759,Africa,Temperate
16760,America,Hot
16761,America,Temperate
16762,America,Cold
16763,Europe,Hot
16764,America,Cold
16765,America,Temperate
16766,Asia,Hot
16767,Africa,Temperate
16768,America,Hot
16769,Europe,Temperate
16770,Africa,Hot
16771,America,Hot
16772,America,Hot
16773,Africa,Temperate
16774,Africa,Temperate
16775,Africa,Temperate
16776,Europe,Hot
16777,Africa,Temperate
16778,Europe,Cold
16779,America,Hot
16780,Africa,Cold
16781,Asia,Cold
16782,Europe,Cold
16783,America,Hot
16784,Europe,Hot
16785,Europe,Temperate
16786,Europe,Cold
16787,Africa,Hot
16788,Asia,Temperate
16789,Asia,Temperate
16790,America,Temperate
16791,America,Hot
16792,Asia,Cold
16793,Asia,Hot
16794,Europe,Hot
16795,America,Temperate
16796,Asia,Cold
16797,Asia,Hot
16798,Asia,Cold
16799,America,Hot
16800,Europe,Cold
16801,Europe,Temperate
16802,Africa,Temperate
16803,America,Cold
16804,Africa,Temperate
16805,Asia,Hot
16806,Europe,Hot
16807,America,Cold
16808,Europe,Cold
16809,Africa,Temperate
16810,Asia,Cold
16811,Europe,Temperate
16812,Africa,Hot
16813,Africa,Hot
16814,America,Cold
16815,Asia,Hot
16816,Asia,Temperate
16817,Europe,Cold
16818,Europe,Hot
16819,Africa,Hot
16820,Europe,Hot
16821,Asia,Hot
16822,America,Cold
16823,Europe,Temperate
16824,Europe,Cold
16825,Europe,Cold
16826,America,Hot
16827,Asia,Cold
16828,Europe,Temperate
16829,Europe,Cold
16830,America,Cold
16831,Asia,Temperate
16832,Asia,Temperate
16833,America,Hot
16834,America,Temperate
16835,Europe,Temperate
16836,Europe,Hot
16837,Asia,Hot
16838,Africa,Hot
16839,Africa,Temperate
16840,America,Cold
16841,Asia,Cold
16842,Africa,Cold
16843,Africa,Temperate
16844,America,Hot
16845,Asia,Cold
16846,Africa,Cold
16847,Asia,Cold
16848,America,Hot
16849,Africa,Temperate
16850,Europe,Hot
16851,Europe,Temperate
16852,Asia,Hot
16853,Asia,Hot
16854,Africa,Hot
16855,Asia,Cold
16856,Africa,Temperate
16857,Asia,Temperate
16858,Asia,Cold
16859,America,Hot
16860,Asia,Temperate
16861,Europe,Temperate
16862,Europe,Cold
16863,America,Hot
16864,America,Cold
16865,America,Cold
16866,America,Hot
16867,Africa,Cold
16868,Asia,Cold
16869,Asia,Cold
16870,Europe,Temperate
16871,Europe,Temperate
16872,Europe,Temperate
16873,Africa,Hot
16874,Asia,Hot
16875,America,Hot
16876,Africa,Hot
16877,Europe,Hot
16878,America,Hot
16879,Europe,Hot
16880,Africa,Cold
16881,Europe,Temperate
16882,Asia,Temperate
16883,America,Temperate
16884,Asia,Hot
16885,Asia,Temperate
16886,America,Temperate
16887,Europe,Hot
16888,Europe,Temperate
16889,Africa,Cold
16890,Europe,Cold
16891,Europe,Cold
16892,Asia,Hot
16893,Europe,Hot
16894,Europe,Cold
16895,Asia,Temperate
16896,America,Hot
16897,Africa,Cold
16898,America,Temperate
16899,America,Cold
16900,America,Cold
16901,America,Temperate
16902,America,Hot
16903,Asia,Temperate
16904,Europe,Temperate
16905,Europe,Temperate
16906,Africa,Temperate
16907,America,Hot
16908,Africa,Cold
16909,Asia,Hot
16910,Asia,Hot
16911,America,Cold
16912,Africa,Temperate
16913,America,Hot
16914,America,Hot
16915,Asia,Cold
16916,Asia,Temperate
16917,Europe,Cold
16918,Africa,Temperate
16919,Asia,Hot
16920,Africa,Temperate
16921,Africa,Temperate
16922,America,Hot
16923,Europe,Hot
16924,Africa,Hot
16925,Africa,Hot
16926,Africa,Hot
16927,Africa,Hot
16928,America,Hot
16929,Africa,Temperate
16930,Europe,Hot
16931,Africa,Cold
16932,Europe,Cold
16933,Europe,Hot
16934,Africa,Hot
16935,America,Temperate
16936,Europe,Cold
16937,Asia,Temperate
16938,Europe,Hot
16939,Africa,Cold
16940,America,Temperate
16941,Asia,Temperate
16942,Europe,Temperate
16943,Africa,Cold
16944,Asia,Temperate
16945,Africa,Temperate
16946,Africa,Cold
16947,Africa,Hot
16948,America,Temperate
16949,Asia,Hot
16950,Asia,Cold
16951,Asia,Cold
16952,America,Temperate
16953,Africa,Temperate
16954,Asia,Cold
16955,Europe,Temperate
16956,Europe,Temperate
16957,Africa,Hot
16958,Asia,Hot
16959,Africa,Cold
16960,America,Temperate
16961,America,Temperate
16962,Africa,Hot
16963,America,Temperate
16964,Asia,Hot
16965,America,Cold
16966,Africa,Cold
16967,Asia,Cold
16968,Africa,Cold
16969,Asia,Cold
16970,Africa,Temperate
16971,Europe,Temperate
16972,Europe,Temperate
16973,America,Hot
16974,Africa,Temperate
16975,Africa,Hot
16976,Europe,Temperate
16977,Europe,Cold
16978,Europe,Hot
16979,Africa,Hot
16980,America,Temperate
16981,Europe,Temperate
16982,Africa,Hot
16983,Asia,Temperate
16984,Africa,Hot
16985,Africa,Hot
16986,America,Cold
16987,Africa,Temperate
16988,Europe,Cold
16989,Africa,Temperate
16990,America,Hot
16991,Asia,Hot
16992,Africa,Cold
16993,Asia,Temperate
16994,Africa,Temperate
16995,Asia,Cold
16996,Asia,Hot
16997,Europe,Cold
16998,Asia,Cold
16999,America,Hot
17000,Africa,Cold
17001,Asia,Temperate
17002,Asia,Temperate
17003,Asia,Cold
17004,America,Hot
17005,Europe,Temperate
17006,Africa,Temperate
17007,Asia,Cold
17008,Africa,Hot
17009,Africa,Temperate
17010,Asia,Hot
17011,Europe,Temperate
17012,Europe,Hot
17013,Africa,Temperate
17014,Europe,Cold
17015,Europe,Hot
17016,Asia,Hot
17017,Europe,Temperate
17018,Asia,Hot
17019,Europe,Hot
17020,America,Temperate
17021,America,Cold
17022,Asia,Cold
17023,America,Cold
17024,Africa,Temperate
17025,Africa,Cold
17026,Asia,Hot
17027,Europe,Hot
17028,Asia,Cold
17029,Europe,Hot
17030,Europe,Hot
17031,Africa,Cold
17032,Africa,Temperate
17033,Europe,Cold
17034,Asia,Temperate
17035,America,Hot
17036,Asia,Cold
17037,Europe,Hot
17038,America,Hot
17039,Asia,Temperate
17040,Africa,Hot
17041,Europe,Temperate
17042,America,Cold
17043,Asia,Hot
17044,Europe,Temperate
17045,Europe,Cold
17046,Africa,Hot
17047,Asia,Cold
17048,Europe,Hot
17049,Europe,Hot
17050,Asia,Cold
17051,America,Hot
17052,Asia,Cold
17053,Asia,Hot
17054,Asia,Hot
17055,Europe,Hot
17056,Asia,Temperate
17057,Europe,Hot
17058,Europe,Hot
17059,Asia,Temperate
17060,Africa,Temperate
17061,Africa,Hot
17062,Africa,Hot
17063,Europe,Hot
17064,Europe,Cold
17065,America,Cold
17066,Africa,Cold
17067,Asia,Hot
17068,America,Hot
17069,America,Cold
17070,Europe,Temperate
17071,Asia,Temperate
17072,Europe,Hot
17073,Africa,Hot
17074,Africa,Hot
17075,Asia,Cold
17076,America,Cold
17077,Asia,Cold
17078,Europe,Hot
17079,Europe,Temperate
17080,America,Cold
17081,Europe,Temperate
17082,Europe,Temperate
17083,Asia,Temperate
17084,Africa,Temperate
17085,Asia,Temperate
17086,Asia,Cold
17087,America,Temperate
17088,America,Hot
17089,America,Cold
17090,Africa,Temperate
17091,Asia,Temperate
17092,Asia,Cold
17093,Europe,Temperate
17094,Asia,Hot
17095,America,Temperate
17096,America,Cold
17097,Asia,Cold
17098,Asia,Cold
17099,Asia,Hot
17100,Asia,Temperate
17101,Europe,Cold
17102,America,Hot
17103,Europe,Hot
17104,America,Cold
17105,America,Cold
17106,Africa,Hot
17107,America,Cold
17108,America,Cold
17109,Asia,Hot
17110,Asia,Temperate
17111,Europe,Cold
17112,Africa,Hot
17113,America,Cold
17114,America,Cold
17115,Asia,Temperate
17116,Europe,Cold
17117,Europe,Cold
17118,Asia,Cold
17119,Asia,Hot
17120,America,Cold
17121,Africa,Cold
17122,Europe,Hot
17123,Europe,Cold
17124,Asia,Cold
17125,Asia,Cold
17126,Europe,Temperate
17127,Africa,Hot
17128,America,Hot
17129,America,Hot
17130,Europe,Temperate
17131,Africa,Hot
17132,America,Hot
17133,America,Hot
17134,Africa,Cold
17135,Africa,Temperate
17136,Europe,Cold
17137,Asia,Hot
17138,Asia,Cold
17139,America,Hot
17140,Europe,Cold
17141,Africa,Cold
17142,Europe,Temperate
17143,Asia,Hot
17144,Africa,Temperate
17145,Europe,Hot
17146,America,Hot
17147,Europe,Hot
17148,Europe,Cold
17149,Africa,Temperate
17150,Africa,Hot
17151,America,Hot
17152,America,Cold
17153,Europe,Hot
17154,Asia,Hot
17155,Asia,Cold
17156,America,Cold
17157,Africa,Cold
17158,Asia,Temperate
17159,America,Temperate
17160,Europe,Temperate
17161,Africa,Hot
17162,Europe,Temperate
17163,Europe,Hot
17164,Africa,Temperate
17165,Europe,Hot
17166,Asia,Hot
17167,Europe,Cold
17168,Europe,Temperate
17169,Asia,Cold
17170,America,Hot
17171,Africa,Hot
17172,Africa,Temperate
17173,Asia,Hot
17174,Europe,Temperate
17175,Asia,Temperate
17176,Africa,Temperate
17177,Africa,Cold
17178,America,Temperate
17179,Europe,Temperate
17180,Asia,Temperate
17181,Europe,Temperate
17182,Africa,Temperate
17183,Africa,Cold
17184,Europe,Temperate
17185,Europe,Hot
17186,Africa,Hot
17187,Asia,Temperate
17188,Africa,Temperate
17189,Europe,Temperate
17190,Asia,Temperate
17191,America,Temperate
17192,Europe,Hot
17193,Europe,Temperate
17194,America,Temperate
17195,America,Temperate
17196,Asia,Hot
17197,Africa,Hot
17198,America,Temperate
17199,Europe,Hot
17200,Europe,Temperate
17201,Africa,Hot
17202,Africa,Temperate
17203,Asia,Cold
17204,Africa,Hot
17205,Africa,Cold
17206,Europe,Hot
17207,Europe,Cold
17208,Africa,Hot
17209,Asia,Hot
17210,America,Temperate
17211,America,Hot
17212,Asia,Hot
17213,Europe,Cold
17214,America,Cold
17215,Asia,Cold
17216,America,Cold
17217,Asia,Temperate
17218,Europe,Cold
17219,Africa,Temperate
17220,Africa,Temperate
17221,Europe,Cold
17222,Europe,Cold
17223,Europe,Cold
17224,Africa,Hot
17225,Asia,Cold
17226,Africa,Cold
17227,Africa,Temperate
17228,Europe,Cold
17229,Asia,Hot
17230,America,Cold
17231,Africa,Cold
17232,Asia,Temperate
17233,America,Hot
17234,Asia,Hot
17235,Europe,Cold
17236,Asia,Hot
17237,Africa,Cold
17238,America,Temperate
17239,America,Hot
17240,America,Cold
17241,Asia,Temperate
17242,America,Temperate
17243,America,Cold
17244,Europe,Temperate
17245,Africa,Temperate
17246,America,Cold
17247,Asia,Hot
17248,Africa,Hot
17249,America,Temperate
17250,Africa,Cold
17251,America,Hot
17252,America,Hot
17253,America,Temperate
17254,Europe,Temperate
17255,Africa,Hot
17256,Europe,Cold
17257,Europe,Cold
17258,Asia,Temperate
17259,America,Hot
17260,Europe,Hot
17261,Asia,Temperate
17262,Africa,Temperate
17263,Africa,Hot
17264,Europe,Cold
17265,Asia,Temperate
17266,America,Cold
17267,Africa,Cold
17268,Asia,Hot
17269,Africa,Cold
17270,America,Cold
17271,Asia,Hot
17272,America,Temperate
17273,Europe,Cold
17274,America,Temperate
17275,Africa,Hot
17276,Europe,Hot
17277,America,Hot
17278,Europe,Hot
17279,America,Hot
17280,Asia,Temperate
17281,Europe,Temperate
17282,America,Hot
17283,Europe,Cold
17284,America,Hot
17285,America,Hot
17286,Europe,Cold
17287,Europe,Cold
17288,Asia,Hot
17289,Asia,Hot
17290,Europe,Cold
17291,Africa,Cold
17292,America,Hot
17293,Europe,Hot
17294,Europe,Cold
17295,America,Hot
17296,Africa,Temperate
17297,Africa,Hot
17298,Europe,Cold
17299,Asia,Temperate
17300,Asia,Hot
17301,Africa,Cold
17302,America,Temperate
17303,Europe,Cold
17304,Europe,Hot
17305,Europe,Temperate
17306,America,Hot
17307,America,Temperate
17308,Europe,Hot
17309,Europe,Temperate
17310,America,Cold
17311,Africa,Hot
17312,Asia,Hot
17313,Africa,Cold
17314,Africa,Hot
17315,Europe,Temperate
17316,Africa,Cold
17317,Europe,Temperate
17318,America,Cold
17319,Africa,Temperate
17320,Europe,Hot
17321,Asia,Temperate
17322,Europe,Hot
17323,Europe,Cold
17324,Asia,Temperate
17325,Europe,Temperate
17326,Europe,Hot
17327,Asia,Cold
17328,Europe,Hot
17329,Africa,Cold
17330,Europe,Hot
17331,Africa,Hot
17332,Asia,Hot
17333,Africa,Temperate
17334,Asia,Temperate
17335,Europe,Hot
17336,Europe,Cold
17337,Asia,Temperate
17338,Africa,Hot
17339,Africa,Cold
17340,Africa,Cold
17341,Africa,Cold
17342,Europe,Hot
17343,Africa,Temperate
17344,America,Cold
17345,Asia,Hot
17346,Africa,Hot
17347,Asia,Hot
17348,Asia,Hot
17349,Europe,Hot
17350,Asia,Temperate
17351,Africa,Temperate
17352,America,Hot
17353,Africa,Temperate
17354,Europe,Hot
17355,Africa,Cold
17356,Asia,Temperate
17357,America,Temperate
17358,Africa,Hot
17359,Asia,Hot
17360,Africa,Temperate
17361,America,Cold
17362,Africa,Temperate
17363,Africa,Temperate
17364,Asia,Temperate
17365,America,Cold
17366,Asia,Cold
17367,Europe,Hot
17368,Asia,Temperate
17369,America,Hot
17370,Asia,Cold
17371,Africa,Temperate
17372,America,Temperate
17373,America,Temperate
17374,Africa,Temperate
17375,Europe,Hot
17376,Europe,Temperate
17377,Europe,Cold
17378,Africa,Hot
17379,Europe,Temperate
17380,Africa,Hot
17381,America,Hot
17382,Africa,Temperate
17383,Europe,Cold
17384,Asia,Temperate
17385,Europe,Temperate
17386,America,Cold
17387,America,Temperate
17388,America,Cold
17389,Europe,Hot
17390,Africa,Cold
17391,Africa,Hot
17392,Asia,Cold
17393,Africa,Hot
17394,Asia,Cold
17395,America,Hot
17396,Asia,Temperate
17397,Asia,Cold
17398,Asia,Cold
17399,Europe,Hot
17400,America,Cold
17401,Europe,Cold
17402,America,Cold
17403,Europe,Cold
17404,Europe,Cold
17405,America,Hot
17406,America,Cold
17407,Africa,Temperate
17408,Asia,Temperate
17409,America,Temperate
17410,Africa,Hot
17411,Europe,Cold
17412,Asia,Cold
17413,Asia,Cold
17414,Africa,Cold
17415,Europe,Hot
17416,America,Temperate
17417,Africa,Hot
17418,Asia,Cold
17419,Europe,Cold
17420,Europe,Cold
17421,Africa,Temperate
17422,Africa,Cold
17423,Africa,Cold
17424,Europe,Hot
17425,America,Cold
17426,America,Temperate
17427,Asia,Hot
17428,Europe,Cold
17429,America,Temperate
17430,Europe,Hot
17431,Europe,Cold
17432,Europe,Cold
17433,Africa,Hot
17434,America,Temperate
17435,Africa,Hot
17436,Asia,Hot
17437,Europe,Temperate
17438,Europe,Temperate
17439,Asia,Cold
17440,America,Hot
17441,Europe,Cold
17442,Europe,Temperate
17443,America,Hot
17444,Asia,Hot
17445,Asia,Hot
17446,America,Temperate
17447,America,Temperate
17448,Asia,Hot
17449,Asia,Hot
17450,Europe,Temperate
17451,Asia,Temperate
17452,Asia,Temperate
17453,Africa,Hot
17454,Africa,Cold
17455,Asia,Cold
17456,America,Hot
17457,Asia,Cold
17458,America,Hot
17459,Africa,Cold
17460,America,Hot
17461,Asia,Temperate
17462,Africa,Cold
17463,Africa,Cold
17464,Africa,Temperate
17465,Europe,Cold
17466,Africa,Hot
17467,America,Hot
17468,America,Temperate
17469,Asia,Cold
17470,Asia,Hot
17471,Africa,Temperate
17472,Europe,Cold
17473,Asia,Hot
17474,America,Cold
17475,America,Cold
17476,Africa,Hot
17477,Asia,Cold
17478,America,Hot
17479,Africa,Hot
17480,Asia,Hot
17481,Europe,Temperate
17482,Europe,Temperate
17483,Europe,Cold
17484,Europe,Hot
17485,Asia,Hot
17486,Asia,Hot
17487,Europe,Temperate
17488,America,Hot
17489,Asia,Cold
17490,Africa,Cold
17491,America,Hot
17492,America,Cold
17493,America,Cold
17494,Europe,Cold
17495,America,Hot
17496,Asia,Hot
17497,America,Hot
17498,America,Hot
17499,Africa,Cold
17500,Africa,Hot
17501,Asia,Temperate
17502,America,Temperate
17503,Europe,Temperate
17504,Africa,Hot
17505,Europe,Temperate
17506,Asia,Hot
17507,Asia,Cold
17508,America,Hot
17509,Asia,Hot
17510,America,Cold
17511,Europe,Cold
17512,Europe,Hot
17513,Africa,Hot
17514,Africa,Temperate
17515,America,Temperate
17516,Europe,Cold
17517,Asia,Hot
17518,Europe,Temperate
17519,Africa,Cold
17520,Asia,Hot
17521,Africa,Temperate
17522,Asia,Hot
17523,Europe,Cold
17524,Africa,Cold
17525,Asia,Cold
17526,Africa,Temperate
17527,Europe,Temperate
17528,Africa,Hot
17529,Africa,Cold
17530,America,Cold
17531,Asia,Cold
17532,America,Hot
17533,Asia,Temperate
17534,America,Hot
17535,Europe,Cold
17536,America,Cold
17537,America,Temperate
17538,Asia,Temperate
17539,America,Hot
17540,Asia,Hot
17541,Africa,Temperate
17542,Europe,Cold
17543,Europe,Cold
17544,Asia,Temperate
17545,Africa,Temperate
17546,Europe,Cold
17547,Europe,Cold
17548,Africa,Cold
17549,America,Temperate
17550,Asia,Hot
17551,Asia,Cold
17552,America,Temperate
17553,Asia,Temperate
17554,Africa,Cold
17555,Africa,Temperate
17556,Europe,Temperate
17557,America,Hot
17558,Africa,Hot
17559,Asia,Hot
17560,Europe,Temperate
17561,Africa,Cold
17562,America,Cold
17563,Africa,Hot
17564,Europe,Cold
17565,Asia,Temperate
17566,America,Hot
17567,Asia,Hot
17568,Africa,Temperate
17569,America,Temperate
17570,Europe,Hot
17571,Africa,Hot
17572,Europe,Cold
17573,Africa,Hot
17574,Asia,Temperate
17575,Europe,Hot
17576,Asia,Hot
17577,Asia,Cold
17578,Europe,Cold
17579,America,Cold
17580,Europe,Hot
17581,Africa,Temperate
17582,Europe,Temperate
17583,Africa,Cold
17584,Europe,Cold
17585,Asia,Temperate
17586,Europe,Cold
17587,America,Hot
17588,Europe,Cold
17589,Africa,Temperate
17590,Africa,Cold
17591,America,Cold
17592,America,Cold
17593,Asia,Hot
17594,America,Temperate
17595,Europe,Cold
17596,Africa,Hot
17597,America,Temperate
17598,America,Temperate
17599,Europe,Hot
17600,Asia,Hot
17601,Africa,Temperate
17602,Asia,Cold
17603,America,Hot
17604,Africa,Hot
17605,America,Hot
17606,Europe,Hot
17607,Africa,Hot
17608,Asia,Hot
17609,Africa,Temperate
17610,America,Cold
17611,Europe,Cold
17612,Europe,Cold
17613,Asia,Temperate
17614,Asia,Temperate
17615,America,Temperate
17616,Africa,Hot
17617,Europe,Hot
17618,Europe,Hot
17619,America,Temperate
17620,Africa,Cold
17621,Africa,Hot
17622,Asia,Temperate
17623,Asia,Hot
17624,Africa,Cold
17625,America,Cold
17626,Africa,Temperate
17627,Africa,Hot
17628,Europe,Hot
17629,America,Cold
17630,America,Temperate
17631,America,Temperate
17632,America,Hot
17633,Asia,Hot
17634,Asia,Temperate
17635,Europe,Cold
17636,Asia,Hot
17637,America,Temperate
17638,Africa,Temperate
17639,Europe,Temperate
17640,Africa,Temperate
17641,Asia,Temperate
17642,America,Cold
17643,Europe,Hot
17644,Asia,Cold
17645,Africa,Temperate
17646,Africa,Hot
17647,America,Hot
17648,Asia,Temperate
17649,Europe,Cold
17650,Europe,Cold
17651,Europe,Hot
17652,Africa,Hot
17653,Asia,Temperate
17654,Europe,Cold
17655,Europe,Cold
17656,Europe,Temperate
17657,Europe,Cold
17658,Europe,Cold
17659,Asia,Temperate
17660,Africa,Cold
17661,America,Hot
17662,Asia,Cold
17663,Africa,Hot
17664,Africa,Cold
17665,Asia,Temperate
17666,Africa,Temperate
17667,Africa,Hot
17668,Africa,Cold
17669,Africa,Cold
17670,Europe,Hot
17671,Asia,Hot
17672,Asia,Hot
17673,America,Temperate
17674,Europe,Cold
17675,Europe,Temperate
17676,Europe,Temperate
17677,America,Hot
17678,Asia,Hot
17679,Europe,Temperate
17680,Asia,Cold
17681,America,Hot
17682,Europe,Cold
17683,Asia,Hot
17684,Africa,Hot
17685,Europe,Cold
17686,Africa,Temperate
17687,Europe,Temperate
17688,Asia,Temperate
17689,Africa,Temperate
17690,Africa,Temperate
17691,Africa,Cold
17692,Europe,Hot
17693,Europe,Hot
17694,America,Hot
17695,Europe,Temperate
17696,Africa,Temperate
17697,America,Hot
17698,Asia,Cold
17699,Africa,Cold
17700,Africa,Temperate
17701,Asia,Hot
17702,Asia,Hot
17703,America,Hot
17704,Africa,Temperate
17705,Africa,Hot
17706,Asia,Temperate
17707,Africa,Hot
17708,Africa,Temperate
17709,America,Temperate
17710,Asia,Hot
17711,Europe,Cold
17712,Africa,Cold
17713,America,Cold
17714,Africa,Cold
17715,America,Temperate
17716,America,Cold
17717,Europe,Temperate
17718,America,Temperate
17719,Asia,Cold
17720,America,Hot
17721,Europe,Cold
17722,Africa,Temperate
17723,America,Cold
17724,Europe,Temperate
17725,Asia,Hot
17726,Africa,Hot
17727,Europe,Hot
17728,Africa,Temperate
17729,Asia,Hot
17730,America,Hot
17731,America,Cold
17732,Europe,Cold
17733,Asia,Temperate
17734,America,Cold
17735,Africa,Temperate
17736,Africa,Hot
17737,Asia,Cold
17738,Africa,Cold
17739,Asia,Cold
17740,Asia,Temperate
17741,America,Hot
17742,Asia,Temperate
17743,America,Temperate
17744,Africa,Cold
17745,Asia,Temperate
17746,Africa,Hot
17747,Asia,Temperate
17748,Africa,Cold
17749,Europe,Cold
17750,Asia,Hot
17751,America,Temperate
17752,Europe,Temperate
17753,Europe,Temperate
17754,America,Temperate
17755,Asia,Temperate
17756,Europe,Temperate
17757,America,Hot
17758,Europe,Hot
17759,Asia,Temperate
17760,Europe,Temperate
17761,Asia,Temperate
17762,Asia,Cold
17763,Europe,Cold
17764,Asia,Temperate
17765,Europe,Cold
17766,Asia,Temperate
17767,Asia,Temperate
17768,Asia,Temperate
17769,Europe,Temperate
17770,Africa,Temperate
17771,Europe,Temperate
17772,America,Cold
17773,Asia,Hot
17774,Europe,Temperate
17775,Asia,Cold
17776,Africa,Cold
17777,Africa,Temperate
17778,Europe,Cold
17779,Europe,Temperate
17780,America,Cold
17781,Africa,Cold
17782,America,Temperate
17783,Europe,Hot
17784,America,Temperate
17785,Asia,Hot
17786,Asia,Cold
17787,America,Hot
17788,Europe,Temperate
17789,America,Temperate
17790,Africa,Cold
17791,Asia,Hot
17792,Asia,Temperate
17793,Asia,Cold
17794,Asia,Hot
17795,Africa,Cold
17796,Asia,Temperate
17797,Africa,Cold
17798,Africa,Cold
17799,Africa,Temperate
17800,Asia,Temperate
17801,Asia,Cold
17802,Africa,Hot
17803,Asia,Hot
17804,America,Temperate
17805,Asia,Cold
17806,Asia,Temperate
17807,Africa,Hot
17808,America,Temperate
17809,America,Cold
17810,Africa,Temperate
17811,Asia,Hot
17812,Asia,Cold
17813,Africa,Hot
17814,Europe,Cold
17815,Africa,Hot
17816,America,Hot
17817,Asia,Cold
17818,Europe,Temperate
17819,America,Cold
17820,Asia,Hot
17821,America,Cold
17822,Africa,Cold
17823,Asia,Temperate
17824,America,Hot
17825,America,Cold
17826,America,Temperate
17827,Europe,Temperate
17828,Asia,Hot
17829,Africa,Hot
17830,Africa,Temperate
17831,Africa,Hot
17832,America,Hot
17833,America,Hot
17834,Africa,Temperate
17835,America,Cold
17836,Europe,Cold
17837,Asia,Hot
17838,Asia,Temperate
17839,Europe,Hot
17840,Asia,Cold
17841,Europe,Temperate
17842,Europe,Cold
17843,Europe,Cold
17844,Europe,Cold
17845,Africa,Temperate
17846,Europe,Temperate
17847,Europe,Cold
17848,America,Temperate
17849,America,Hot
17850,Africa,Temperate
17851,Europe,Temperate
17852,Europe,Cold
17853,Africa,Hot
17854,Europe,Hot
17855,Asia,Temperate
17856,Europe,Hot
17857,Africa,Temperate
17858,Europe,Cold
17859,Europe,Hot
17860,Africa,Hot
17861,Africa,Hot
17862,Asia,Hot
17863,Asia,Hot
17864,Asia,Cold
17865,Asia,Temperate
17866,Africa,Temperate
17867,Asia,Cold
17868,Asia,Cold
17869,Africa,Cold
17870,Europe,Temperate
17871,Europe,Cold
17872,Europe,Hot
17873,Europe,Temperate
17874,America,Cold
17875,Europe,Hot
17876,America,Temperate
17877,Africa,Hot
17878,Asia,Cold
17879,Asia,Cold
17880,America,Hot
17881,Asia,Cold
17882,Europe,Hot
17883,Africa,Cold
17884,Europe,Temperate
17885,America,Cold
17886,Africa,Temperate
17887,Africa,Temperate
17888,America,Hot
17889,Europe,Cold
17890,Africa,Hot
17891,America,Cold
17892,Europe,Temperate
17893,Asia,Cold
17894,America,Hot
17895,America,Hot
17896,Africa,Temperate
17897,Africa,Temperate
17898,Asia,Hot
17899,America,Temperate
17900,America,Temperate
17901,Asia,Hot
17902,Africa,Hot
17903,Asia,Hot
17904,Asia,Hot
17905,Africa,Hot
17906,America,Temperate
17907,Europe,Cold
17908,Africa,Cold
17909,Africa,Cold
17910,Europe,Temperate
17911,Asia,Hot
17912,Africa,Temperate
17913,Asia,Hot
17914,America,Temperate
17915,Asia,Temperate
17916,Europe,Temperate
17917,Africa,Cold
17918,America,Temperate
17919,Europe,Temperate
17920,Europe,Temperate
17921,America,Temperate
17922,Europe,Temperate
17923,Africa,Temperate
17924,America,Hot
17925,Africa,Temperate
17926,Europe,Hot
17927,Africa,Hot
17928,America,Temperate
17929,Africa,Temperate
17930,America,Cold
17931,Asia,Cold
17932,Asia,Hot
17933,Europe,Cold
17934,Europe,Cold
17935,Asia,Cold
17936,Asia,Cold
17937,Asia,Cold
17938,Africa,Cold
17939,Asia,Temperate
17940,Europe,Cold
17941,Asia,Hot
17942,America,Cold
17943,Asia,Cold
17944,Asia,Cold
17945,Europe,Cold
17946,Europe,Hot
17947,America,Temperate
17948,Europe,Hot
17949,Europe,Hot
17950,America,Temperate
17951,Asia,Hot
17952,Europe,Hot
17953,Asia,Cold
17954,Asia,Temperate
17955,Africa,Temperate
17956,Europe,Hot
17957,Europe,Temperate
17958,Africa,Temperate
17959,Asia,Temperate
17960,America,Temperate
17961,Europe,Temperate
17962,Asia,Cold
17963,America,Hot
17964,America,Temperate
17965,Africa,Hot
17966,Europe,Temperate
17967,Asia,Temperate
17968,Asia,Temperate
17969,Africa,Cold
17970,Asia,Temperate
17971,America,Cold
17972,Africa,Cold
17973,Africa,Cold
17974,America,Temperate
17975,Africa,Hot
17976,Europe,Hot
17977,Africa,Cold
17978,Europe,Cold
17979,Asia,Hot
17980,America,Hot
17981,Europe,Cold
17982,Asia,Temperate
17983,Africa,Hot
17984,Europe,Cold
17985,Europe,Hot
17986,Europe,Temperate
17987,America,Temperate
17988,Africa,Hot
17989,Africa,Hot
17990,America,Temperate
17991,Europe,Temperate
17992,Africa,Cold
17993,America,Hot
17994,Africa,Hot
17995,Europe,Cold
17996,Africa,Hot
17997,America,Cold
17998,Asia,Temperate
17999,Europe,Temperate
18000,Africa,Temperate
18001,America,Cold
18002,Asia,Cold
18003,Europe,Temperate
18004,America,Cold
18005,Asia,Cold
18006,Africa,Temperate
18007,Asia,Temperate
18008,Asia,Cold
18009,Europe,Hot
18010,Europe,Cold
18011,Asia,Hot
18012,Asia,Hot
18013,Asia,Temperate
18014,Africa,Cold
18015,America,Cold
18016,Africa,Hot
18017,Africa,Cold
18018,Europe,Temperate
18019,Europe,Cold
18020,America,Temperate
18021,Europe,Cold
18022,Europe,Temperate
18023,Asia,Hot
18024,Europe,Cold
18025,America,Hot
18026,America,Hot
18027,Europe,Cold
18028,Asia,Cold
18029,America,Hot
18030,Asia,Temperate
18031,Africa,Cold
18032,Asia,Temperate
18033,Asia,Temperate
18034,Europe,Temperate
18035,Asia,Cold
18036,Africa,Cold
18037,Asia,Hot
18038,Africa,Cold
18039,Europe,Cold
18040,America,Cold
18041,Asia,Hot
18042,Africa,Temperate
18043,Africa,Cold
18044,Europe,Temperate
18045,Asia,Cold
18046,Europe,Cold
18047,America,Cold
18048,America,Cold
18049,Africa,Hot
18050,Europe,Hot
18051,Africa,Temperate
18052,Asia,Cold
18053,Africa,Cold
18054,America,Cold
18055,Asia,Hot
18056,Africa,Temperate
18057,Europe,Temperate
18058,Europe,Cold
18059,Africa,Cold
18060,Africa,Cold
18061,America,Cold
18062,America,Temperate
18063,Europe,Cold
18064,Europe,Hot
18065,Africa,Cold
18066,America,Cold
18067,Africa,Temperate
18068,America,Cold
18069,Europe,Temperate
18070,Asia,Hot
18071,America,Cold
18072,America,Hot
18073,Asia,Hot
18074,America,Hot
18075,Asia,Temperate
18076,Asia,Cold
18077,Europe,Temperate
18078,Africa,Cold
18079,Asia,Temperate
18080,America,Cold
18081,America,Cold
18082,America,Temperate
18083,Europe,Temperate
18084,America,Cold
18085,Asia,Hot
18086,Africa,Hot
18087,Europe,Cold
18088,Africa,Hot
18089,Africa,Cold
18090,Europe,Hot
18091,Africa,Hot
18092,Africa,Hot
18093,Asia,Cold
18094,America,Hot
18095,America,Cold
18096,America,Hot
18097,America,Cold
18098,Africa,Hot
18099,America,Hot
18100,Africa,Temperate
18101,Africa,Temperate
18102,Asia,Cold
18103,Africa,Cold
18104,Africa,Cold
18105,Asia,Cold
18106,Asia,Temperate
18107,Europe,Cold
18108,Europe,Cold
18109,Africa,Hot
18110,Asia,Cold
18111,Europe,Temperate
18112,Europe,Cold
18113,Asia,Hot
18114,Africa,Hot
18115,Africa,Cold
18116,Asia,Temperate
18117,America,Hot
18118,Africa,Hot
18119,Asia,Temperate
18120,Africa,Hot
18121,America,Cold
18122,Europe,Cold
18123,America,Hot
18124,Asia,Temperate
18125,Africa,Hot
18126,Africa,Temperate
18127,Asia,Hot
18128,Africa,Cold
18129,Europe,Temperate
18130,Africa,Cold
18131,Europe,Hot
18132,Africa,Temperate
18133,Europe,Hot
18134,Europe,Hot
18135,Africa,Hot
18136,Africa,Hot
18137,America,Temperate
18138,Asia,Cold
18139,Europe,Hot
18140,America,Hot
18141,Asia,Temperate
18142,Africa,Temperate
18143,Asia,Hot
18144,Europe,Cold
18145,America,Hot
18146,America,Temperate
18147,Europe,Hot
18148,Asia,Temperate
18149,Europe,Hot
18150,Asia,Cold
18151,Europe,Hot
18152,Asia,Temperate
18153,America,Temperate
18154,Africa,Temperate
18155,Europe,Hot
18156,America,Temperate
18157,Europe,Hot
18158,Europe,Temperate
18159,Asia,Cold
18160,Europe,Temperate
18161,Africa,Temperate
18162,Africa,Hot
18163,Europe,Cold
18164,Africa,Temperate
18165,Europe,Temperate
18166,Asia,Temperate
18167,America,Hot
18168,Asia,Temperate
18169,Asia,Cold
18170,Europe,Cold
18171,America,Cold
18172,Asia,Temperate
18173,America,Temperate
18174,Africa,Cold
18175,Europe,Cold
18176,Africa,Cold
18177,Asia,Cold
18178,Europe,Temperate
18179,Africa,Hot
18180,America,Temperate
18181,Africa,Cold
18182,America,Temperate
18183,Asia,Hot
18184,America,Cold
18185,Asia,Hot
18186,Africa,Temperate
18187,Asia,Temperate
18188,Europe,Hot
18189,Europe,Cold
18190,Africa,Cold
18191,Europe,Cold
18192,Africa,Hot
18193,America,Temperate
18194,Africa,Cold
18195,Africa,Temperate
18196,Africa,Temperate
18197,America,Hot
18198,Asia,Temperate
18199,Europe,Temperate
18200,Europe,Temperate
18201,Asia,Cold
18202,America,Temperate
18203,Asia,Cold
18204,Asia,Cold
18205,America,Hot
18206,America,Cold
18207,Asia,Cold
18208,Africa,Hot
18209,America,Temperate
18210,America,Temperate
18211,Asia,Cold
18212,America,Hot
18213,Europe,Hot
18214,America,Hot
18215,Africa,Temperate
18216,Europe,Hot
18217,Europe,Hot
18218,Europe,Cold
18219,America,Hot
18220,Asia,Hot
18221,Europe,Cold
18222,America,Temperate
18223,America,Hot
18224,Europe,Hot
18225,Europe,Temperate
18226,Asia,Cold
18227,Europe,Hot
18228,Asia,Cold
18229,Africa,Hot
18230,Europe,Hot
18231,Asia,Cold
18232,Africa,Hot
18233,Europe,Hot
18234,Africa,Temperate
18235,Europe,Temperate
18236,Europe,Hot
18237,America,Cold
18238,Africa,Hot
18239,America,Hot
18240,Africa,Temperate
18241,Asia,Hot
18242,Europe,Cold
18243,Africa,Temperate
18244,Asia,Temperate
18245,America,Cold
18246,Europe,Hot
18247,Europe,Cold
18248,America,Cold
18249,America,Hot
18250,Africa,Temperate
18251,America,Temperate
18252,America,Cold
18253,America,Cold
18254,Africa,Hot
18255,America,Hot
18256,Africa,Temperate
18257,Europe,Hot
18258,America,Cold
18259,Africa,Cold
18260,Africa,Cold
18261,Asia,Temperate
18262,Africa,Temperate
18263,Asia,Cold
18264,Africa,Hot
18265,Africa,Temperate
18266,Asia,Cold
18267,Europe,Hot
18268,Europe,Temperate
18269,Europe,Cold
18270,Asia,Temperate
18271,America,Temperate
18272,Africa,Hot
18273,Asia,Hot
18274,America,Temperate
18275,America,Hot
18276,Europe,Cold
18277,America,Temperate
18278,Asia,Cold
18279,Asia,Hot
18280,Europe,Temperate
18281,Africa,Hot
18282,Africa,Hot
18283,Europe,Hot
18284,Africa,Temperate
18285,America,Cold
18286,Europe,Hot
18287,America,Temperate
18288,America,Cold
18289,Africa,Hot
18290,Europe,Cold
18291,Asia,Cold
18292,Asia,Cold
18293,Asia,Cold
18294,Europe,Temperate
18295,America,Temperate
18296,America,Temperate
18297,Asia,Cold
18298,America,Temperate
18299,Asia,Hot
18300,Africa,Hot
18301,Asia,Temperate
18302,Europe,Cold
18303,America,Temperate
18304,Europe,Temperate
18305,Asia,Cold
18306,Africa,Temperate
18307,Asia,Temperate
18308,America,Hot
18309,Europe,Hot
18310,Asia,Temperate
18311,Africa,Temperate
18312,Asia,Cold
18313,Europe,Temperate
18314,America,Temperate
18315,Europe,Hot
18316,Africa,Hot
18317,Africa,Temperate
18318,Africa,Temperate
18319,America,Hot
18320,Europe,Temperate
18321,America,Hot
18322,Asia,Temperate
18323,Africa,Hot
18324,America,Hot
18325,Africa,Temperate
18326,Asia,Temperate
18327,Asia,Cold
18328,America,Temperate
18329,Africa,Temperate
18330,America,Hot
18331,America,Cold
18332,Asia,Cold
18333,America,Cold
18334,America,Temperate
18335,Africa,Temperate
18336,Africa,Hot
18337,Africa,Hot
18338,Asia,Cold
18339,Africa,Hot
18340,Asia,Temperate
18341,America,Cold
18342,Europe,Hot
18343,America,Temperate
18344,Asia,Cold
18345,Asia,Cold
18346,America,Temperate
18347,Europe,Hot
18348,America,Hot
18349,Europe,Temperate
18350,Africa,Temperate
18351,Europe,Temperate
18352,America,Hot
18353,Asia,Hot
18354,Africa,Temperate
18355,Africa,Hot
18356,Europe,Temperate
18357,Europe,Cold
18358,Europe,Hot
18359,America,Temperate
18360,Africa,Hot
18361,Africa,Hot
18362,Europe,Temperate
18363,America,Temperate
18364,Africa,Cold
18365,Africa,Hot
18366,Africa,Temperate
18367,Africa,Temperate
18368,Africa,Temperate
18369,Asia,Temperate
18370,Africa,Temperate
18371,Europe,Hot
18372,Africa,Temperate
18373,Africa,Cold
18374,Europe,Cold
18375,Asia,Cold
18376,Europe,Cold
18377,Europe,Temperate
18378,Europe,Temperate
18379,America,Temperate
18380,Africa,Hot
18381,Africa,Cold
18382,Africa,Hot
18383,Europe,Hot
18384,Africa,Hot
18385,America,Cold
18386,Asia,Hot
18387,Africa,Hot
18388,Africa,Hot
18389,Europe,Temperate
18390,Asia,Hot
18391,Asia,Cold
18392,Asia,Temperate
18393,Africa,Cold
18394,Asia,Temperate
18395,Europe,Cold
18396,Asia,Hot
18397,Africa,Temperate
18398,Asia,Temperate
18399,Asia,Temperate
18400,Europe,Temperate
18401,Asia,Cold
18402,Africa,Temperate
18403,America,Hot
18404,Africa,Hot
18405,Asia,Cold
18406,Europe,Cold
18407,Europe,Temperate
18408,Africa,Temperate
18409,Europe,Hot
18410,Asia,Hot
18411,America,Cold
18412,Europe,Cold
18413,America,Temperate
18414,Europe,Hot
18415,Africa,Cold
18416,Asia,Temperate
18417,America,Cold
18418,America,Temperate
18419,Africa,Cold
18420,Europe,Temperate
18421,Africa,Cold
18422,America,Cold
18423,Europe,Hot
18424,Africa,Cold
18425,America,Temperate
18426,America,Hot
18427,Europe,Cold
18428,Africa,Temperate
18429,Europe,Hot
18430,Asia,Cold
18431,Africa,Cold
18432,Europe,Temperate
18433,Europe,Hot
18434,Asia,Hot
18435,Europe,Hot
18436,Africa,Hot
18437,Asia,Cold
18438,Africa,Temperate
18439,Africa,Hot
18440,Europe,Cold
18441,Europe,Hot
18442,Africa,Cold
18443,America,Hot
18444,Europe,Cold
18445,Africa,Hot
18446,Europe,Temperate
18447,Africa,Temperate
18448,Europe,Temperate
18449,Asia,Temperate
18450,America,Cold
18451,Africa,Temperate
18452,Europe,Hot
18453,Asia,Temperate
18454,Africa,Temperate
18455,America,Cold
18456,America,Hot
18457,America,Cold
18458,Asia,Cold
18459,Asia,Temperate
18460,Asia,Hot
18461,America,Hot
18462,Asia,Cold
18463,America,Cold
18464,Africa,Hot
18465,Africa,Cold
18466,Africa,Hot
18467,Europe,Hot
18468,America,Hot
18469,Asia,Cold
18470,America,Cold
18471,America,Hot
18472,Europe,Cold
18473,Asia,Temperate
18474,Europe,Temperate
18475,Europe,Cold
18476,Africa,Temperate
18477,America,Cold
18478,Asia,Temperate
18479,Africa,Cold
18480,Europe,Cold
18481,Europe,Hot
18482,Africa,Cold
18483,Africa,Cold
18484,Africa,Hot
18485,Africa,Cold
18486,Africa,Cold
18487,Asia,Temperate
18488,America,Temperate
18489,Asia,Cold
18490,America,Hot
18491,America,Hot
18492,Africa,Temperate
18493,Asia,Cold
18494,Asia,Temperate
18495,Europe,Hot
18496,Asia,Hot
18497,Asia,Hot
18498,Europe,Temperate
18499,America,Hot
18500,America,Cold
18501,Africa,Hot
18502,America,Hot
18503,America,Hot
18504,Asia,Cold
18505,Europe,Temperate
18506,Africa,Hot
18507,Asia,Hot
18508,Asia,Temperate
18509,Asia,Temperate
18510,Europe,Cold
18511,Africa,Temperate
18512,Africa,Temperate
18513,Asia,Cold
18514,America,Temperate
18515,Europe,Temperate
18516,Africa,Hot
18517,Africa,Temperate
18518,Africa,Hot
18519,America,Temperate
18520,America,Temperate
18521,Europe,Temperate
18522,America,Hot
18523,America,Hot
18524,Asia,Hot
18525,America,Temperate
18526,Africa,Hot
18527,Europe,Temperate
18528,Asia,Cold
18529,Asia,Hot
18530,Europe,Temperate
18531,Asia,Temperate
18532,Asia,Cold
18533,Europe,Temperate
18534,Asia,Cold
18535,America,Hot
18536,Europe,Cold
18537,Africa,Temperate
18538,Europe,Hot
18539,America,Temperate
18540,America,Temperate
18541,Africa,Hot
18542,America,Temperate
18543,Africa,Cold
18544,Africa,Hot
18545,Europe,Hot
18546,Europe,Hot
18547,Europe,Hot
18548,Africa,Hot
18549,Asia,Cold
18550,Asia,Hot
18551,Europe,Temperate
18552,Asia,Cold
18553,Africa,Temperate
18554,Africa,Cold
18555,America,Cold
18556,America,Hot
18557,Asia,Cold
18558,Asia,Temperate
18559,America,Hot
18560,Africa,Cold
18561,Europe,Hot
18562,Europe,Hot
18563,Asia,Temperate
18564,Asia,Cold
18565,America,Temperate
18566,Europe,Cold
18567,America,Cold
18568,America,Hot
18569,Asia,Hot
18570,Asia,Temperate
18571,America,Temperate
18572,Asia,Cold
18573,Africa,Hot
18574,America,Cold
18575,Europe,Temperate
18576,America,Cold
18577,Asia,Hot
18578,Asia,Temperate
18579,Asia,Hot
18580,Asia,Temperate
18581,Asia,Temperate
18582,America,Hot
18583,Asia,Hot
18584,Africa,Cold
18585,Africa,Temperate
18586,America,Hot
18587,America,Hot
18588,Africa,Cold
18589,Africa,Temperate
18590,Asia,Hot
18591,America,Cold
18592,America,Cold
18593,Asia,Temperate
18594,America,Cold
18595,Asia,Cold
18596,Africa,Temperate
18597,Africa,Cold
18598,Africa,Hot
18599,Europe,Hot
18600,Asia,Cold
18601,Africa,Cold
18602,Africa,Cold
18603,Asia,Cold
18604,Europe,Temperate
18605,America,Hot
18606,Africa,Hot
18607,Europe,Temperate
18608,Africa,Temperate
18609,Africa,Hot
18610,Asia,Temperate
18611,Europe,Cold
18612,Africa,Cold
18613,Asia,Temperate
18614,Africa,Hot
18615,Asia,Cold
18616,America,Cold
18617,Africa,Cold
18618,Asia,Hot
18619,Africa,Cold
18620,Asia,Cold
18621,America,Hot
18622,Asia,Cold
18623,Europe,Cold
18624,Asia,Temperate
18625,Europe,Cold
18626,Asia,Hot
18627,Asia,Hot
18628,Asia,Temperate
18629,Asia,Hot
18630,Europe,Temperate
18631,Asia,Hot
18632,Asia,Temperate
18633,Asia,Temperate
18634,Asia,Hot
18635,Asia,Temperate
18636,America,Temperate
18637,America,Cold
18638,America,Temperate
18639,America,Temperate
18640,Asia,Hot
18641,Africa,Hot
18642,America,Cold
18643,Europe,Hot
18644,Europe,Cold
18645,Asia,Temperate
18646,America,Cold
18647,Africa,Cold
18648,Africa,Temperate
18649,America,Hot
18650,Europe,Temperate
18651,America,Hot
18652,America,Cold
18653,Africa,Temperate
18654,Africa,Cold
18655,America,Temperate
18656,Europe,Hot
18657,Europe,Temperate
18658,Europe,Temperate
18659,America,Hot
18660,America,Cold
18661,Asia,Temperate
18662,America,Cold
18663,Europe,Hot
18664,Europe,Cold
18665,Africa,Cold
18666,Africa,Hot
18667,Europe,Temperate
18668,Europe,Cold
18669,America,Cold
18670,Africa,Hot
18671,Europe,Temperate
18672,America,Cold
18673,Asia,Temperate
18674,Europe,Cold
18675,Africa,Temperate
18676,Asia,Temperate
18677,America,Cold
18678,Europe,Hot
18679,Africa,Cold
18680,Africa,Cold
18681,Africa,Temperate
18682,Africa,Temperate
18683,Asia,Cold
18684,Europe,Temperate
18685,America,Hot
18686,Europe,Cold
18687,Europe,Hot
18688,Europe,Temperate
18689,Africa,Temperate
18690,Asia,Hot
18691,America,Cold
18692,America,Cold
18693,Africa,Hot
18694,Asia,Hot
18695,Europe,Cold
18696,America,Cold
18697,Africa,Temperate
18698,Africa,Temperate
18699,Europe,Cold
18700,Asia,Hot
18701,Asia,Cold
18702,Asia,Temperate
18703,Africa,Hot
18704,Africa,Hot
18705,Africa,Temperate
18706,Asia,Temperate
18707,Africa,Hot
18708,Asia,Hot
18709,Europe,Hot
18710,Africa,Temperate
18711,America,Temperate
18712,Africa,Hot
18713,America,Cold
18714,America,Hot
18715,Europe,Hot
18716,America,Hot
18717,America,Temperate
18718,Europe,Hot
18719,Asia,Hot
18720,America,Hot
18721,Europe,Temperate
18722,America,Cold
18723,Africa,Cold
18724,America,Temperate
18725,Europe,Temperate
18726,Europe,Hot
18727,Africa,Hot
18728,Asia,Cold
18729,America,Cold
18730,America,Hot
18731,Africa,Temperate
18732,Africa,Temperate
18733,Europe,Temperate
18734,Europe,Cold
18735,Africa,Cold
18736,Europe,Temperate
18737,Asia,Hot
18738,Europe,Hot
18739,Asia,Temperate
18740,Africa,Cold
18741,Europe,Hot
18742,America,Temperate
18743,Europe,Cold
18744,Asia,Temperate
18745,Asia,Cold
18746,Africa,Cold
18747,America,Hot
18748,Africa,Cold
18749,Africa,Temperate
18750,Africa,Cold
18751,America,Hot
18752,America,Cold
18753,Asia,Temperate
18754,Europe,Temperate
18755,Europe,Temperate
18756,Africa,Cold
18757,America,Cold
18758,Europe,Hot
18759,Africa,Cold
18760,America,Hot
18761,Europe,Temperate
18762,Europe,Hot
18763,Europe,Cold
18764,Europe,Temperate
18765,America,Hot
18766,America,Temperate
18767,Asia,Temperate
18768,Europe,Hot
18769,Asia,Cold
18770,America,Temperate
18771,America,Hot
18772,America,Temperate
18773,Asia,Cold
18774,Asia,Hot
18775,Europe,Hot
18776,Africa,Cold
18777,Africa,Hot
18778,Asia,Temperate
18779,America,Cold
18780,Asia,Cold
18781,America,Cold
18782,Europe,Temperate
18783,America,Hot
18784,Africa,Hot
18785,America,Cold
18786,Asia,Temperate
18787,Africa,Temperate
18788,America,Temperate
18789,Africa,Cold
18790,America,Hot
18791,Europe,Temperate
18792,Asia,Hot
18793,Europe,Temperate
18794,America,Temperate
18795,America,Cold
18796,Africa,Cold
18797,Africa,Cold
18798,America,Hot
18799,America,Cold
18800,Asia,Cold
18801,America,Temperate
18802,Asia,Cold
18803,Europe,Hot
18804,Europe,Cold
18805,America,Hot
18806,America,Cold
18807,Europe,Cold
18808,Asia,Temperate
18809,Asia,Cold
18810,America,Cold
18811,America,Cold
18812,Asia,Cold
18813,Africa,Cold
18814,Europe,Cold
18815,America,Cold
18816,Europe,Temperate
18817,Asia,Hot
18818,Asia,Hot
18819,Europe,Cold
18820,America,Hot
18821,America,Hot
18822,Africa,Temperate
18823,Europe,Hot
18824,America,Cold
18825,Asia,Temperate
18826,Europe,Temperate
18827,America,Temperate
18828,Europe,Temperate
18829,Europe,Temperate
18830,Africa,Cold
18831,America,Cold
18832,Asia,Cold
18833,Europe,Temperate
18834,Africa,Temperate
18835,Europe,Temperate
18836,Africa,Hot
18837,Asia,Cold
18838,Asia,Hot
18839,Africa,Temperate
18840,Africa,Hot
18841,Europe,Hot
18842,America,Cold
18843,Africa,Cold
18844,Asia,Cold
18845,Asia,Temperate
18846,Asia,Hot
18847,Asia,Hot
18848,Asia,Cold
18849,Asia,Hot
18850,Asia,Hot
18851,Europe,Temperate
18852,America,Hot
18853,America,Cold
18854,Asia,Cold
18855,Africa,Hot
18856,Africa,Cold
18857,America,Cold
18858,Europe,Hot
18859,Asia,Hot
18860,Asia,Hot
18861,Asia,Cold
18862,Asia,Temperate
18863,America,Temperate
18864,Asia,Hot
18865,Asia,Cold
18866,America,Cold
18867,Europe,Hot
18868,Europe,Temperate
18869,America,Hot
18870,America,Cold
18871,Africa,Cold
18872,Africa,Temperate
18873,Africa,Hot
18874,America,Temperate
18875,Asia,Temperate
18876,America,Hot
18877,America,Cold
18878,America,Temperate
18879,America,Hot
18880,Europe,Temperate
18881,America,Cold
18882,Europe,Cold
18883,America,Hot
18884,Asia,Cold
18885,Asia,Hot
18886,Europe,Hot
18887,Africa,Hot
18888,Africa,Cold
18889,Africa,Hot
18890,Africa,Hot
18891,Africa,Temperate
18892,Africa,Cold
18893,America,Hot
18894,Europe,Temperate
18895,America,Hot
18896,Asia,Temperate
18897,Europe,Temperate
18898,Europe,Temperate
18899,Asia,Cold
18900,Africa,Hot
18901,Africa,Cold
18902,Asia,Cold
18903,America,Temperate
18904,America,Temperate
18905,Europe,Hot
18906,America,Temperate
18907,America,Cold
18908,America,Hot
18909,Asia,Cold
18910,Europe,Cold
18911,Asia,Temperate
18912,America,Cold
18913,Asia,Temperate
18914,Europe,Cold
18915,Africa,Temperate
18916,Europe,Hot
18917,America,Temperate
18918,America,Temperate
18919,Europe,Temperate
18920,Africa,Temperate
18921,Africa,Cold
18922,Africa,Hot
18923,Europe,Hot
18924,America,Hot
18925,America,Cold
18926,America,Temperate
18927,Asia,Cold
18928,America,Temperate
18929,Africa,Cold
18930,Asia,Temperate
18931,Europe,Hot
18932,Africa,Hot
18933,Europe,Hot
18934,America,Hot
18935,Asia,Hot
18936,Europe,Hot
18937,Africa,Cold
18938,Africa,Hot
18939,Europe,Temperate
18940,America,Hot
18941,Asia,Hot
18942,America,Temperate
18943,America,Hot
18944,America,Cold
18945,Europe,Cold
18946,America,Temperate
18947,Europe,Hot
18948,Africa,Temperate
18949,Africa,Hot
18950,Africa,Hot
18951,Europe,Hot
18952,Europe,Temperate
18953,Asia,Cold
18954,America,Hot
18955,Europe,Temperate
18956,Europe,Cold
18957,America,Temperate
18958,Asia,Temperate
18959,America,Cold
18960,America,Cold
18961,Africa,Cold
18962,Africa,Temperate
18963,America,Hot
18964,Asia,Hot
18965,Asia,Hot
18966,Asia,Temperate
18967,Europe,Cold
18968,Africa,Temperate
18969,Asia,Hot
18970,Europe,Hot
18971,America,Hot
18972,America,Cold
18973,America,Cold
18974,Africa,Hot
18975,Europe,Hot
18976,America,Hot
18977,Asia,Hot
18978,Asia,Temperate
18979,Asia,Hot
18980,Asia,Temperate
18981,America,Hot
18982,Asia,Hot
18983,Asia,Cold
18984,America,Temperate
18985,Europe,Hot
18986,America,Cold
18987,Africa,Hot
18988,Africa,Temperate
18989,America,Cold
18990,Africa,Cold
18991,Europe,Hot
18992,Europe,Temperate
18993,Asia,Hot
18994,Africa,Cold
18995,Europe,Hot
18996,Europe,Hot
18997,Africa,Temperate
18998,America,Temperate
18999,Europe,Hot
19000,Asia,Temperate
19001,Africa,Cold
19002,Asia,Temperate
19003,Europe,Cold
19004,Europe,Hot
19005,Europe,Hot
19006,Africa,Hot
19007,Europe,Hot
19008,America,Hot
19009,Africa,Temperate
19010,America,Temperate
19011,Europe,Hot
19012,Asia,Cold
19013,Asia,Temperate
19014,Africa,Hot
19015,Europe,Hot
19016,Africa,Temperate
19017,Europe,Cold
19018,America,Temperate
19019,America,Hot
19020,Africa,Temperate
19021,America,Cold
19022,Asia,Temperate
19023,Africa,Cold
19024,America,Temperate
19025,Europe,Temperate
19026,Africa,Temperate
19027,Asia,Hot
19028,Europe,Temperate
19029,Asia,Temperate
19030,Europe,Temperate
19031,Europe,Hot
19032,Asia,Temperate
19033,Europe,Hot
19034,Africa,Temperate
19035,America,Cold
19036,Europe,Temperate
19037,Africa,Hot
19038,Europe,Hot
19039,Asia,Hot
19040,Africa,Hot
19041,Europe,Temperate
19042,Asia,Hot
19043,Europe,Temperate
19044,Africa,Cold
19045,Africa,Hot
19046,America,Hot
19047,Europe,Hot
19048,Africa,Temperate
19049,Asia,Cold
19050,Africa,Temperate
19051,Europe,Cold
19052,Africa,Hot
19053,Africa,Temperate
19054,America,Temperate
19055,Africa,Cold
19056,Europe,Temperate
19057,Europe,Hot
19058,Africa,Temperate
19059,Africa,Cold
19060,Africa,Temperate
19061,Asia,Hot
19062,Europe,Temperate
19063,Europe,Temperate
19064,Europe,Temperate
19065,Europe,Temperate
19066,Asia,Cold
19067,Europe,Hot
19068,America,Cold
19069,Africa,Temperate
19070,Europe,Hot
19071,Africa,Cold
19072,Europe,Temperate
19073,Asia,Cold
19074,Asia,Temperate
19075,America,Hot
19076,Asia,Temperate
19077,Asia,Cold
19078,Asia,Temperate
19079,Europe,Hot
19080,Africa,Cold
19081,America,Cold
19082,Africa,Cold
19083,America,Cold
19084,America,Cold
19085,Europe,Hot
19086,Africa,Cold
19087,Africa,Temperate
19088,Africa,Cold
19089,America,Cold
19090,America,Temperate
19091,America,Hot
19092,Europe,Cold
19093,America,Hot
19094,Europe,Temperate
19095,Africa,Hot
19096,Europe,Temperate
19097,Asia,Hot
19098,Asia,Hot
19099,Africa,Cold
19100,Asia,Temperate
19101,America,Temperate
19102,Asia,Cold
19103,Europe,Hot
19104,America,Hot
19105,Asia,Hot
19106,Africa,Hot
19107,Asia,Hot
19108,America,Temperate
19109,Asia,Hot
19110,Asia,Cold
19111,Europe,Cold
19112,Europe,Hot
19113,Europe,Hot
19114,Asia,Cold
19115,Europe,Temperate
19116,Europe,Cold
19117,Europe,Cold
19118,Africa,Temperate
19119,America,Hot
19120,Africa,Cold
19121,Asia,Temperate
19122,Asia,Cold
19123,Europe,Temperate
19124,America,Cold
19125,Africa,Cold
19126,America,Hot
19127,Asia,Cold
19128,Asia,Hot
19129,Europe,Cold
19130,Africa,Temperate
19131,Africa,Hot
19132,America,Hot
19133,America,Temperate
19134,Asia,Hot
19135,Europe,Temperate
19136,Asia,Cold
19137,America,Hot
19138,Europe,Temperate
19139,America,Cold
19140,Africa,Cold
19141,America,Hot
19142,Asia,Cold
19143,Europe,Temperate
19144,Europe,Hot
19145,Europe,Hot
19146,Asia,Hot
19147,Asia,Temperate
19148,Asia,Hot
19149,Africa,Cold
19150,Europe,Cold
19151,Europe,Cold
19152,Europe,Cold
19153,Europe,Temperate
19154,Africa,Temperate
19155,Europe,Temperate
19156,Africa,Temperate
19157,America,Hot
19158,Asia,Hot
19159,Asia,Cold
19160,Europe,Hot
19161,Asia,Temperate
19162,Europe,Hot
19163,Africa,Temperate
19164,Asia,Temperate
19165,Asia,Temperate
19166,Africa,Cold
19167,Africa,Hot
19168,America,Temperate
19169,Africa,Cold
19170,Europe,Cold
19171,Europe,Hot
19172,Asia,Hot
19173,Asia,Cold
19174,Africa,Hot
19175,Europe,Temperate
19176,Africa,Temperate
19177,Africa,Cold
19178,Europe,Temperate
19179,Asia,Temperate
19180,Asia,Temperate
19181,Asia,Cold
19182,Asia,Cold
19183,America,Cold
19184,America,Hot
19185,Asia,Temperate
19186,Europe,Hot
19187,Europe,Hot
19188,Africa,Hot
19189,America,Temperate
19190,Asia,Temperate
19191,Asia,Cold
19192,Europe,Cold
19193,Africa,Hot
19194,Europe,Hot
19195,America,Temperate
19196,Europe,Hot
19197,Asia,Hot
19198,Europe,Cold
19199,Europe,Cold
19200,Asia,Cold
19201,America,Temperate
19202,America,Hot
19203,America,Temperate
19204,America,Cold
19205,Asia,Hot
19206,America,Cold
19207,Asia,Hot
19208,Asia,Cold
19209,Europe,Temperate
19210,Europe,Temperate
19211,Asia,Hot
19212,Europe,Cold
19213,Europe,Cold
19214,Africa,Cold
19215,Africa,Temperate
19216,Africa,Hot
19217,America,Hot
19218,Europe,Cold
19219,America,Cold
19220,Asia,Cold
19221,America,Hot
19222,Europe,Hot
19223,Africa,Temperate
19224,America,Hot
19225,Europe,Hot
19226,Africa,Temperate
19227,Asia,Hot
19228,Asia,Hot
19229,Asia,Cold
19230,America,Temperate
19231,Asia,Cold
19232,America,Temperate
19233,America,Temperate
19234,America,Hot
19235,America,Cold
19236,Africa,Temperate
19237,Africa,Temperate
19238,America,Temperate
19239,Africa,Temperate
19240,Europe,Hot
19241,Africa,Hot
19242,Asia,Temperate
19243,America,Cold
19244,Africa,Cold
19245,Africa,Temperate
19246,America,Temperate
19247,America,Hot
19248,Europe,Cold
19249,Europe,Cold
19250,America,Cold
19251,America,Hot
19252,Europe,Temperate
19253,Europe,Hot
19254,Africa,Temperate
19255,Africa,Cold
19256,Asia,Temperate
19257,Asia,Cold
19258,Europe,Temperate
19259,America,Temperate
19260,America,Temperate
19261,Africa,Hot
19262,Asia,Cold
19263,Africa,Hot
19264,America,Temperate
19265,Africa,Cold
19266,Africa,Cold
19267,Africa,Hot
19268,Europe,Cold
19269,Asia,Cold
19270,Africa,Temperate
19271,Africa,Temperate
19272,Africa,Temperate
19273,Asia,Hot
19274,America,Hot
19275,Europe,Temperate
19276,Europe,Temperate
19277,Africa,Temperate
19278,America,Hot
19279,America,Temperate
19280,America,Cold
19281,America,Hot
19282,Africa,Temperate
19283,Europe,Temperate
19284,Asia,Temperate
19285,Africa,Hot
19286,Asia,Hot
19287,Europe,Cold
19288,Africa,Hot
19289,Africa,Hot
19290,America,Temperate
19291,Asia,Cold
19292,Asia,Cold
19293,Asia,Cold
19294,America,Temperate
19295,America,Hot
19296,America,Cold
19297,America,Cold
19298,Africa,Cold
19299,Europe,Cold
19300,Europe,Temperate
19301,Europe,Hot
19302,Asia,Cold
19303,Asia,Hot
19304,Europe,Hot
19305,Africa,Temperate
19306,America,Temperate
19307,Europe,Cold
19308,Asia,Cold
19309,Asia,Cold
19310,America,Temperate
19311,Asia,Temperate
19312,Asia,Hot
19313,America,Hot
19314,America,Hot
19315,Europe,Temperate
19316,Europe,Temperate
19317,America,Temperate
19318,Africa,Temperate
19319,Asia,Temperate
19320,Europe,Cold
19321,Asia,Hot
19322,Asia,Cold
19323,Asia,Hot
19324,Africa,Cold
19325,Asia,Cold
19326,Asia,Temperate
19327,Europe,Temperate
19328,Asia,Temperate
19329,Africa,Cold
19330,Africa,Cold
19331,Asia,Temperate
19332,Africa,Temperate
19333,America,Cold
19334,Africa,Cold
19335,America,Temperate
19336,Africa,Hot
19337,Africa,Hot
19338,Europe,Hot
19339,Asia,Cold
19340,Europe,Hot
19341,America,Hot
19342,Europe,Temperate
19343,Europe,Temperate
19344,Africa,Hot
19345,America,Hot
19346,Africa,Temperate
19347,America,Hot
19348,America,Temperate
19349,Africa,Temperate
19350,Asia,Cold
19351,Asia,Temperate
19352,America,Temperate
19353,Asia,Cold
19354,Africa,Cold
19355,Africa,Cold
19356,Africa,Cold
19357,Europe,Cold
19358,Europe,Hot
19359,Africa,Cold
19360,America,Temperate
19361,Europe,Temperate
19362,America,Cold
19363,Africa,Hot
19364,America,Hot
19365,Africa,Temperate
19366,America,Temperate
19367,Europe,Temperate
19368,America,Hot
19369,Africa,Hot
19370,Asia,Hot
19371,Asia,Hot
19372,Europe,Hot
19373,Africa,Cold
19374,America,Cold
19375,Africa,Hot
19376,Africa,Hot
19377,Europe,Hot
19378,America,Hot
19379,Africa,Hot
19380,Asia,Cold
19381,America,Cold
19382,Asia,Hot
19383,Asia,Cold
19384,Europe,Temperate
19385,Asia,Cold
19386,Asia,Temperate
19387,Europe,Temperate
19388,Africa,Hot
19389,Africa,Temperate
19390,Africa,Hot
19391,Asia,Cold
19392,Africa,Cold
19393,America,Temperate
19394,Asia,Cold
19395,Africa,Cold
19396,Asia,Hot
19397,America,Temperate
19398,Europe,Temperate
19399,Asia,Hot
19400,Europe,Temperate
19401,America,Temperate
19402,Europe,Cold
19403,America,Hot
19404,Europe,Temperate
19405,America,Hot
19406,Africa,Temperate
19407,Africa,Temperate
19408,Africa,Hot
19409,Europe,Hot
19410,Europe,Hot
19411,America,Hot
19412,America,Hot
19413,Asia,Cold
19414,Asia,Hot
19415,Europe,Temperate
19416,Europe,Temperate
19417,Africa,Temperate
19418,Africa,Cold
19419,Asia,Hot
19420,America,Cold
19421,America,Cold
19422,America,Temperate
19423,Europe,Temperate
19424,Africa,Temperate
19425,America,Temperate
19426,Africa,Temperate
19427,America,Cold
19428,Asia,Hot
19429,Africa,Temperate
19430,Asia,Hot
19431,Africa,Cold
19432,America,Temperate
19433,America,Hot
19434,America,Hot
19435,America,Temperate
19436,America,Cold
19437,America,Temperate
19438,America,Cold
19439,Europe,Cold
19440,Africa,Cold
19441,Asia,Hot
19442,Europe,Temperate
19443,Africa,Hot
19444,Asia,Cold
19445,Africa,Hot
19446,Asia,Hot
19447,Asia,Cold
19448,Asia,Cold
19449,Africa,Hot
19450,Africa,Cold
19451,Asia,Cold
19452,Asia,Cold
19453,America,Temperate
19454,Asia,Hot
19455,America,Hot
19456,America,Temperate
19457,America,Hot
19458,Asia,Hot
19459,Asia,Cold
19460,Asia,Temperate
19461,Asia,Hot
19462,America,Hot
19463,Asia,Temperate
19464,America,Hot
19465,America,Hot
19466,America,Cold
19467,Africa,Temperate
19468,Europe,Cold
19469,America,Cold
19470,America,Temperate
19471,Europe,Hot
19472,Africa,Temperate
19473,Asia,Hot
19474,Africa,Hot
19475,Asia,Temperate
19476,Europe,Cold
19477,Africa,Cold
19478,Europe,Temperate
19479,Africa,Temperate
19480,Africa,Hot
19481,Europe,Cold
19482,Europe,Temperate
19483,Europe,Hot
19484,Asia,Temperate
19485,Europe,Hot
19486,America,Cold
19487,America,Temperate
19488,Europe,Temperate
19489,Europe,Temperate
19490,Africa,Cold
19491,America,Hot
19492,Asia,Cold
19493,Africa,Temperate
19494,Asia,Cold
19495,Europe,Hot
19496,Africa,Cold
19497,America,Temperate
19498,Africa,Temperate
19499,Asia,Temperate
19500,America,Temperate
19501,Asia,Hot
19502,America,Cold
19503,Europe,Hot
19504,Europe,Cold
19505,Europe,Temperate
19506,America,Cold
19507,Africa,Cold
19508,Europe,Temperate
19509,America,Temperate
19510,America,Temperate
19511,Europe,Cold
19512,America,Temperate
19513,America,Hot
19514,Europe,Cold
19515,Africa,Temperate
19516,Asia,Hot
19517,Africa,Cold
19518,America,Hot
19519,America,Cold
19520,America,Temperate
19521,Europe,Hot
19522,Asia,Temperate
19523,America,Cold
19524,America,Cold
19525,Africa,Hot
19526,America,Temperate
19527,America,Cold
19528,Europe,Temperate
19529,Africa,Temperate
19530,Africa,Temperate
19531,America,Hot
19532,Europe,Temperate
19533,Europe,Hot
19534,Asia,Cold
19535,Asia,Temperate
19536,America,Hot
19537,Asia,Hot
19538,Europe,Hot
19539,Africa,Hot
19540,Asia,Hot
19541,America,Hot
19542,Europe,Hot
19543,Asia,Temperate
19544,Europe,Hot
19545,Africa,Cold
19546,Europe,Cold
19547,America,Hot
19548,Asia,Cold
19549,Europe,Cold
19550,Africa,Cold
19551,Asia,Cold
19552,Asia,Temperate
19553,America,Hot
19554,Africa,Hot
19555,Europe,Temperate
19556,Africa,Temperate
19557,Africa,Hot
19558,Africa,Cold
19559,Europe,Temperate
19560,Asia,Cold
19561,Africa,Temperate
19562,Europe,Cold
19563,Asia,Temperate
19564,America,Temperate
19565,Europe,Temperate
19566,Africa,Cold
19567,Africa,Temperate
19568,Europe,Hot
19569,Europe,Hot
19570,Africa,Cold
19571,Europe,Temperate
19572,Africa,Temperate
19573,Europe,Hot
19574,America,Cold
19575,Asia,Hot
19576,America,Cold
19577,Europe,Hot
19578,America,Cold
19579,America,Temperate
19580,Asia,Temperate
19581,Europe,Cold
19582,America,Cold
19583,America,Cold
19584,Europe,Cold
19585,Asia,Cold
19586,America,Hot
19587,Africa,Cold
19588,Asia,Temperate
19589,Europe,Cold
19590,Africa,Temperate
19591,Africa,Temperate
19592,America,Hot
19593,America,Temperate
19594,Europe,Cold
19595,America,Temperate
19596,Asia,Hot
19597,Africa,Cold
19598,Asia,Temperate
19599,Africa,Cold
19600,Europe,Temperate
19601,Africa,Cold
19602,America,Hot
19603,Europe,Hot
19604,Europe,Temperate
19605,Europe,Hot
19606,Africa,Temperate
19607,Asia,Hot
19608,America,Temperate
19609,Asia,Cold
19610,Africa,Temperate
19611,Asia,Temperate
19612,Asia,Temperate
19613,Asia,Cold
19614,Europe,Hot
19615,Africa,Hot
19616,Africa,Cold
19617,America,Hot
19618,America,Cold
19619,Europe,Hot
19620,Africa,Temperate
19621,America,Temperate
19622,America,Temperate
19623,Europe,Cold
19624,America,Cold
19625,America,Hot
19626,America,Cold
19627,America,Hot
19628,Asia,Temperate
19629,Europe,Hot
19630,Europe,Hot
19631,Asia,Temperate
19632,America,Temperate
19633,Africa,Cold
19634,America,Hot
19635,Asia,Cold
19636,America,Hot
19637,Europe,Hot
19638,America,Temperate
19639,Africa,Temperate
19640,Europe,Hot
19641,America,Cold
19642,America,Cold
19643,Africa,Hot
19644,America,Temperate
19645,Asia,Hot
19646,Africa,Temperate
19647,Asia,Temperate
19648,Africa,Hot
19649,Europe,Hot
19650,Africa,Cold
19651,Africa,Temperate
19652,Asia,Temperate
19653,Asia,Hot
19654,Africa,Cold
19655,Europe,Cold
19656,Africa,Hot
19657,America,Temperate
19658,Africa,Temperate
19659,Europe,Cold
19660,Asia,Cold
19661,America,Temperate
19662,Africa,Cold
19663,Africa,Hot
19664,Africa,Temperate
19665,Asia,Cold
19666,Europe,Cold
19667,America,Temperate
19668,Europe,Cold
19669,Europe,Cold
19670,Africa,Hot
19671,America,Cold
19672,America,Cold
19673,Asia,Hot
19674,America,Temperate
19675,Europe,Hot
19676,Africa,Hot
19677,Africa,Cold
19678,Africa,Temperate
19679,Europe,Hot
19680,Asia,Cold
19681,Asia,Cold
19682,America,Cold
19683,Africa,Temperate
19684,Africa,Cold
19685,Africa,Cold
19686,Africa,Cold
19687,Africa,Temperate
19688,America,Hot
19689,Asia,Cold
19690,Asia,Temperate
19691,Europe,Hot
19692,Africa,Temperate
19693,Asia,Hot
19694,Asia,Hot
19695,America,Temperate
19696,America,Temperate
19697,Europe,Temperate
19698,Europe,Cold
19699,Asia,Hot
19700,Europe,Temperate
19701,Asia,Temperate
19702,America,Cold
19703,Europe,Hot
19704,Asia,Hot
19705,Asia,Temperate
19706,America,Hot
19707,Asia,Cold
19708,Africa,Temperate
19709,Africa,Cold
19710,Asia,Temperate
19711,Europe,Hot
19712,Africa,Temperate
19713,Africa,Temperate
19714,Africa,Cold
19715,Africa,Cold
19716,Europe,Hot
19717,America,Cold
19718,Europe,Temperate
19719,America,Cold
19720,Africa,Cold
19721,Africa,Temperate
19722,Europe,Hot
19723,Europe,Hot
19724,America,Cold
19725,Europe,Temperate
19726,Asia,Hot
19727,Europe,Cold
19728,Africa,Hot
19729,Europe,Hot
19730,Africa,Cold
19731,Asia,Temperate
19732,Africa,Temperate
19733,Europe,Hot
19734,America,Cold
19735,Asia,Temperate
19736,Asia,Hot
19737,Europe,Temperate
19738,Asia,Cold
19739,Africa,Hot
19740,America,Hot
19741,Europe,Hot
19742,Asia,Temperate
19743,Africa,Temperate
19744,Africa,Temperate
19745,Asia,Temperate
19746,Europe,Cold
19747,Africa,Hot
19748,Asia,Hot
19749,Europe,Cold
19750,Europe,Cold
19751,Africa,Hot
19752,Europe,Temperate
19753,America,Temperate
19754,Africa,Hot
19755,Europe,Hot
19756,America,Cold
19757,America,Cold
19758,Africa,Hot
19759,Asia,Cold
19760,Europe,Temperate
19761,America,Hot
19762,Africa,Temperate
19763,Europe,Cold
19764,Asia,Cold
19765,Europe,Cold
19766,Asia,Hot
19767,Europe,Temperate
19768,Europe,Hot
19769,Asia,Temperate
19770,Asia,Cold
19771,Africa,Temperate
19772,Africa,Hot
19773,Asia,Hot
19774,America,Temperate
19775,Europe,Cold
19776,Asia,Temperate
19777,America,Cold
19778,America,Hot
19779,Africa,Hot
19780,Africa,Hot
19781,Europe,Hot
19782,Africa,Temperate
19783,Europe,Cold
19784,Asia,Cold
19785,Europe,Cold
19786,Africa,Temperate
19787,Africa,Hot
19788,America,Hot
19789,Africa,Cold
19790,America,Hot
19791,Africa,Hot
19792,America,Temperate
19793,Europe,Hot
19794,Europe,Temperate
19795,Europe,Temperate
19796,America,Cold
19797,Europe,Cold
19798,Asia,Cold
19799,Europe,Temperate
19800,Europe,Hot
19801,America,Hot
19802,Europe,Hot
19803,Africa,Temperate
19804,America,Cold
19805,Europe,Hot
19806,Asia,Temperate
19807,America,Temperate
19808,Europe,Cold
19809,Asia,Hot
19810,America,Hot
19811,Africa,Hot
19812,Africa,Hot
19813,Europe,Cold
19814,Asia,Hot
19815,Africa,Temperate
19816,Asia,Temperate
19817,Africa,Cold
19818,America,Cold
19819,Africa,Temperate
19820,Asia,Temperate
19821,Asia,Temperate
19822,Europe,Temperate
19823,America,Hot
19824,Africa,Hot
19825,America,Temperate
19826,America,Temperate
19827,Asia,Hot
19828,Europe,Cold
19829,America,Temperate
19830,Asia,Temperate
19831,Africa,Cold
19832,Asia,Hot
19833,Europe,Temperate
19834,Asia,Cold
19835,America,Cold
19836,Asia,Temperate
19837,Asia,Cold
19838,Asia,Cold
19839,America,Temperate
19840,Europe,Temperate
19841,Africa,Cold
19842,America,Temperate
19843,Africa,Temperate
19844,Africa,Cold
19845,America,Temperate
19846,America,Hot
19847,America,Temperate
19848,America,Hot
19849,Europe,Cold
19850,Europe,Cold
19851,Asia,Temperate
19852,Africa,Temperate
19853,Africa,Cold
19854,America,Temperate
19855,America,Temperate
19856,Africa,Cold
19857,America,Cold
19858,Europe,Hot
19859,Asia,Hot
19860,Asia,Cold
19861,Africa,Cold
19862,Europe,Hot
19863,Europe,Cold
19864,America,Cold
19865,America,Cold
19866,America,Temperate
19867,Asia,Hot
19868,Asia,Hot
19869,Europe,Hot
19870,Europe,Cold
19871,Europe,Cold
19872,America,Temperate
19873,Asia,Hot
19874,America,Cold
19875,America,Cold
19876,Asia,Temperate
19877,America,Cold
19878,Asia,Hot
19879,Africa,Hot
19880,Europe,Hot
19881,Africa,Hot
19882,Europe,Temperate
19883,Europe,Cold
19884,Africa,Temperate
19885,Asia,Temperate
19886,America,Hot
19887,Africa,Hot
19888,Europe,Cold
19889,Asia,Hot
19890,Africa,Temperate
19891,Asia,Temperate
19892,Africa,Temperate
19893,Africa,Cold
19894,Asia,Temperate
19895,Asia,Cold
19896,Asia,Hot
19897,Asia,Cold
19898,Africa,Hot
19899,America,Hot
19900,Asia,Hot
19901,Africa,Cold
19902,Asia,Cold
19903,America,Hot
19904,Africa,Temperate
19905,America,Temperate
19906,Africa,Hot
19907,Africa,Temperate
19908,Asia,Cold
19909,America,Hot
19910,Europe,Temperate
19911,America,Temperate
19912,Europe,Temperate
19913,America,Cold
19914,Asia,Cold
19915,America,Temperate
19916,America,Temperate
19917,Europe,Temperate
19918,Europe,Temperate
19919,America,Hot
19920,Asia,Temperate
19921,Europe,Temperate
19922,Asia,Hot
19923,Europe,Hot
19924,Africa,Temperate
19925,Africa,Temperate
19926,Africa,Hot
19927,Africa,Cold
19928,Africa,Cold
19929,Africa,Cold
19930,Asia,Hot
19931,Asia,Temperate
19932,Europe,Cold
19933,America,Cold
19934,America,Temperate
19935,America,Hot
19936,America,Cold
19937,Africa,Cold
19938,America,Temperate
19939,Africa,Temperate
19940,America,Hot
19941,Europe,Temperate
19942,Asia,Hot
19943,Africa,Hot
19944,Asia,Temperate
19945,America,Cold
19946,Asia,Cold
19947,America,Cold
19948,Asia,Temperate
19949,Asia,Hot
19950,America,Hot
19951,America,Temperate
19952,Africa,Temperate
19953,Asia,Temperate
19954,Africa,Temperate
19955,America,Cold
19956,America,Cold
19957,Europe,Cold
19958,Europe,Cold
19959,Europe,Hot
19960,America,Cold
19961,Asia,Temperate
19962,America,Temperate
19963,America,Temperate
19964,Europe,Cold
19965,Asia,Cold
19966,Africa,Temperate
19967,Europe,Temperate
19968,America,Cold
19969,America,Hot
19970,Asia,Temperate
19971,Africa,Cold
19972,Asia,Temperate
19973,Asia,Cold
19974,Africa,Cold
19975,Africa,Hot
19976,Europe,Hot
19977,Asia,Hot
19978,Europe,Hot
19979,Asia,Temperate
19980,Asia,Hot
19981,Europe,Hot
19982,Europe,Temperate
19983,Asia,Hot
19984,America,Hot
19985,Africa,Temperate
19986,Asia,Cold
19987,Europe,Temperate
19988,America,Cold
19989,Asia,Cold
19990,Asia,Temperate
19991,America,Temperate
19992,Africa,Hot
19993,Africa,Hot
19994,Africa,Temperate
19995,Europe,Hot
19996,Africa,Hot
19997,America,Temperate
19998,America,Cold
19999,Asia,Cold
20000,Africa,Cold
20001,Europe,Temperate
20002,America,Cold
20003,Europe,Cold
20004,America,Temperate
20005,America,Cold
20006,America,Cold
20007,Europe,Hot
20008,America,Cold
20009,America,Hot
20010,America,Cold
20011,Europe,Cold
20012,America,Hot
20013,America,Cold
20014,Africa,Hot
20015,America,Hot
20016,Asia,Temperate
20017,Asia,Cold
20018,America,Temperate
20019,America,Hot
20020,Asia,Cold
20021,Asia,Cold
20022,Europe,Hot
20023,Asia,Hot
20024,Europe,Cold
20025,Asia,Cold
20026,America,Temperate
20027,America,Cold
20028,Asia,Hot
20029,Asia,Temperate
20030,Asia,Temperate
20031,Asia,Hot
20032,America,Cold
20033,Europe,Cold
20034,Africa,Temperate
20035,Africa,Hot
20036,Europe,Temperate
20037,Asia,Temperate
20038,Europe,Cold
20039,America,Cold
20040,Europe,Hot
20041,Africa,Temperate
20042,Europe,Hot
20043,Asia,Hot
20044,Europe,Cold
20045,Africa,Temperate
20046,Asia,Temperate
20047,America,Hot
20048,Africa,Hot
20049,Asia,Hot
20050,Asia,Temperate
20051,America,Cold
20052,Africa,Hot
20053,Africa,Hot
20054,Europe,Temperate
20055,Europe,Cold
20056,Asia,Cold
20057,Asia,Cold
20058,Asia,Hot
20059,Asia,Temperate
20060,America,Temperate
20061,Europe,Cold
20062,America,Temperate
20063,America,Cold
20064,Europe,Hot
20065,Africa,Temperate
20066,Europe,Cold
20067,America,Temperate
20068,Asia,Hot
20069,Europe,Hot
20070,America,Temperate
20071,America,Temperate
20072,Asia,Hot
20073,Africa,Hot
20074,America,Temperate
20075,America,Cold
20076,Africa,Cold
20077,America,Cold
20078,Europe,Hot
20079,Europe,Hot
20080,America,Hot
20081,America,Cold
20082,Africa,Cold
20083,Asia,Cold
20084,Europe,Hot
20085,Africa,Hot
20086,Asia,Cold
20087,Europe,Temperate
20088,Europe,Hot
20089,America,Hot
20090,Asia,Temperate
20091,America,Hot
20092,Africa,Hot
20093,Asia,Temperate
20094,Asia,Temperate
20095,America,Hot
20096,Europe,Hot
20097,Europe,Temperate
20098,America,Temperate
20099,Africa,Temperate
20100,America,Cold
20101,Asia,Temperate
20102,Europe,Temperate
20103,Africa,Cold
20104,Asia,Cold
20105,America,Temperate
20106,Europe,Hot
20107,Africa,Cold
20108,Europe,Temperate
20109,Africa,Hot
20110,America,Hot
20111,Africa,Temperate
20112,Asia,Temperate
20113,Europe,Cold
20114,Africa,Hot
20115,Asia,Hot
20116,Europe,Hot
20117,America,Temperate
20118,Asia,Temperate
20119,Asia,Temperate
20120,Europe,Hot
20121,America,Cold
20122,Africa,Hot
20123,Asia,Temperate
20124,Europe,Hot
20125,Europe,Temperate
20126,Europe,Hot
20127,Africa,Hot
20128,Europe,Temperate
20129,Africa,Cold
20130,America,Hot
20131,Africa,Hot
20132,Europe,Temperate
20133,Europe,Temperate
20134,Asia,Temperate
20135,Africa,Hot
20136,Asia,Cold
20137,Africa,Temperate
20138,Europe,Temperate
20139,Asia,Temperate
20140,Asia,Hot
20141,America,Hot
20142,America,Cold
20143,Europe,Cold
20144,Europe,Cold
20145,Asia,Cold
20146,America,Hot
20147,Europe,Hot
20148,Europe,Cold
20149,America,Temperate
20150,America,Cold
20151,Africa,Hot
20152,Europe,Cold
20153,America,Cold
20154,Africa,Temperate
20155,America,Cold
20156,Africa,Hot
20157,Europe,Temperate
20158,America,Hot
20159,America,Temperate
20160,Europe,Cold
20161,Asia,Temperate
20162,Africa,Cold
20163,Africa,Temperate
20164,America,Cold
20165,Europe,Temperate
20166,Europe,Cold
20167,Asia,Hot
20168,Europe,Temperate
20169,Europe,Temperate
20170,Asia,Hot
20171,Africa,Hot
20172,Europe,Temperate
20173,Europe,Hot
20174,Africa,Hot
20175,Africa,Hot
20176,Asia,Hot
20177,Africa,Hot
20178,Europe,Cold
20179,Africa,Hot
20180,America,Hot
20181,Asia,Cold
20182,Europe,Hot
20183,Asia,Hot
20184,Asia,Temperate
20185,Asia,Temperate
20186,Asia,Temperate
20187,Asia,Cold
20188,Africa,Temperate
20189,Asia,Hot
20190,Asia,Temperate
20191,Asia,Hot
20192,America,Hot
20193,Europe,Hot
20194,Asia,Cold
20195,America,Cold
20196,Europe,Hot
20197,Africa,Hot
20198,Asia,Cold
20199,Asia,Temperate
20200,America,Temperate
20201,Asia,Temperate
20202,Africa,Temperate
20203,Europe,Hot
20204,America,Temperate
20205,America,Hot
20206,Asia,Hot
20207,Africa,Cold
20208,Africa,Temperate
20209,Asia,Temperate
20210,Europe,Cold
20211,Europe,Cold
20212,America,Hot
20213,Africa,Temperate
20214,Africa,Hot
20215,Europe,Temperate
20216,Europe,Temperate
20217,America,Hot
20218,America,Cold
20219,Africa,Temperate
20220,America,Temperate
20221,America,Cold
20222,Europe,Cold
20223,Asia,Hot
20224,Europe,Hot
20225,Europe,Cold
20226,Europe,Hot
20227,Asia,Hot
20228,Asia,Hot
20229,Asia,Temperate
20230,Africa,Temperate
20231,Asia,Cold
20232,Europe,Hot
20233,Europe,Temperate
20234,Africa,Temperate
20235,America,Hot
20236,Africa,Hot
20237,Europe,Hot
20238,Europe,Temperate
20239,Asia,Cold
20240,Africa,Temperate
20241,Asia,Cold
20242,America,Temperate
20243,Asia,Temperate
20244,Asia,Hot
20245,Asia,Hot
20246,America,Cold
20247,Asia,Temperate
20248,Europe,Temperate
20249,America,Cold
20250,Asia,Cold
20251,Africa,Temperate
20252,Africa,Cold
20253,Asia,Hot
20254,Africa,Cold
20255,Africa,Temperate
20256,America,Hot
20257,America,Hot
20258,Europe,Temperate
20259,America,Hot
20260,Europe,Hot
20261,Asia,Hot
20262,America,Hot
20263,Europe,Cold
20264,America,Cold
20265,Asia,Hot
20266,Africa,Temperate
20267,Africa,Temperate
20268,Europe,Cold
20269,America,Temperate
20270,Africa,Cold
20271,America,Cold
20272,Asia,Hot
20273,Asia,Cold
20274,Europe,Cold
20275,Africa,Temperate
20276,Africa,Temperate
20277,Asia,Cold
20278,Asia,Cold
20279,Europe,Hot
20280,Europe,Cold
20281,Europe,Temperate
20282,Europe,Cold
20283,America,Hot
20284,Asia,Cold
20285,America,Temperate
20286,Europe,Cold
20287,Asia,Hot
20288,Africa,Temperate
20289,Europe,Cold
20290,Asia,Cold
20291,Africa,Hot
20292,America,Temperate
20293,Europe,Cold
20294,America,Hot
20295,America,Temperate
20296,Europe,Cold
20297,Asia,Cold
20298,Asia,Hot
20299,America,Cold
20300,Asia,Temperate
20301,Europe,Temperate
20302,America,Hot
20303,Africa,Cold
20304,America,Temperate
20305,Europe,Hot
20306,Europe,Hot
20307,Asia,Hot
20308,Africa,Cold
20309,Europe,Hot
20310,America,Cold
20311,Asia,Hot
20312,America,Temperate
20313,Europe,Cold
20314,Asia,Temperate
20315,Europe,Hot
20316,Asia,Cold
20317,Europe,Temperate
20318,Asia,Cold
20319,Europe,Hot
20320,America,Cold
20321,America,Cold
20322,America,Cold
20323,Africa,Cold
20324,Africa,Hot
20325,Asia,Cold
20326,Africa,Hot
20327,Africa,Cold
20328,Europe,Temperate
20329,Africa,Cold
20330,Africa,Hot
20331,Africa,Temperate
20332,Africa,Temperate
20333,Asia,Temperate
20334,Africa,Hot
20335,Asia,Hot
20336,America,Temperate
20337,Africa,Hot
20338,America,Temperate
20339,Europe,Cold
20340,Africa,Temperate
20341,Europe,Hot
20342,America,Temperate
20343,America,Temperate
20344,Africa,Cold
20345,Africa,Hot
20346,Europe,Temperate
20347,Asia,Hot
20348,America,Hot
20349,America,Hot
20350,Europe,Cold
20351,Asia,Hot
20352,Europe,Hot
20353,America,Hot
20354,America,Cold
20355,Africa,Hot
20356,Asia,Hot
20357,Asia,Cold
20358,Africa,Cold
20359,Asia,Temperate
20360,Europe,Hot
20361,Asia,Temperate
20362,America,Cold
20363,Europe,Hot
20364,Europe,Temperate
20365,America,Cold
20366,Africa,Hot
20367,America,Cold
20368,Africa,Temperate
20369,Africa,Cold
20370,Europe,Temperate
20371,Asia,Cold
20372,Europe,Hot
20373,America,Temperate
20374,Asia,Cold
20375,Europe,Hot
20376,Africa,Cold
20377,Africa,Hot
20378,Europe,Temperate
20379,America,Hot
20380,Asia,Cold
20381,Europe,Cold
20382,Africa,Cold
20383,Africa,Temperate
20384,Africa,Cold
20385,America,Hot
20386,Asia,Cold
20387,Europe,Cold
20388,Asia,Hot
20389,Europe,Cold
20390,America,Cold
20391,Europe,Hot
20392,Africa,Temperate
20393,Africa,Temperate
20394,America,Hot
20395,Asia,Temperate
20396,Africa,Hot
20397,Europe,Hot
20398,Africa,Temperate
20399,Europe,Temperate
20400,Asia,Cold
20401,Africa,Cold
20402,Africa,Hot
20403,Europe,Cold
20404,America,Cold
20405,America,Cold
20406,Africa,Cold
20407,Asia,Cold
20408,Asia,Cold
20409,America,Hot
20410,Africa,Temperate
20411,America,Hot
20412,Europe,Temperate
20413,Asia,Hot
20414,America,Temperate
20415,Africa,Cold
20416,America,Temperate
20417,Africa,Hot
20418,America,Hot
20419,America,Hot
20420,Asia,Cold
20421,America,Hot
20422,Europe,Cold
20423,America,Cold
20424,Africa,Cold
20425,Africa,Hot
20426,Europe,Temperate
20427,Europe,Cold
20428,Africa,Hot
20429,America,Temperate
20430,Europe,Temperate
20431,America,Hot
20432,Europe,Hot
20433,America,Cold
20434,Europe,Hot
20435,Africa,Hot
20436,America,Cold
20437,Europe,Hot
20438,America,Cold
20439,Asia,Temperate
20440,Asia,Cold
20441,Europe,Temperate
20442,Asia,Temperate
20443,Europe,Temperate
20444,Europe,Cold
20445,Asia,Temperate
20446,Africa,Cold
20447,Europe,Cold
20448,Europe,Cold
20449,Asia,Cold
20450,America,Hot
20451,Asia,Cold
20452,Europe,Temperate
20453,America,Hot
20454,America,Hot
20455,Asia,Hot
20456,America,Cold
20457,Africa,Hot
20458,Africa,Temperate
20459,Africa,Hot
20460,Europe,Hot
20461,Asia,Hot
20462,Asia,Temperate
20463,Europe,Cold
20464,Europe,Cold
20465,Asia,Cold
20466,Europe,Temperate
20467,Asia,Hot
20468,America,Temperate
20469,America,Cold
20470,America,Temperate
20471,Asia,Cold
20472,Europe,Temperate
20473,Europe,Temperate
20474,Europe,Hot
20475,Europe,Hot
20476,Europe,Temperate
20477,Europe,Temperate
20478,Asia,Hot
20479,Africa,Hot
20480,Europe,Temperate
20481,Asia,Temperate
20482,Asia,Hot
20483,Asia,Cold
20484,Asia,Hot
20485,Europe,Cold
20486,America,Cold
20487,America,Temperate
20488,Asia,Cold
20489,Africa,Temperate
20490,Europe,Hot
20491,Africa,Temperate
20492,America,Temperate
20493,Africa,Cold
20494,Asia,Temperate
20495,Africa,Temperate
20496,Europe,Cold
20497,Asia,Hot
20498,Europe,Hot
20499,America,Hot
20500,America,Temperate
20501,Europe,Hot
20502,Africa,Hot
20503,Africa,Cold
20504,Europe,Hot
20505,Asia,Temperate
20506,Europe,Temperate
20507,Africa,Hot
20508,America,Cold
20509,America,Hot
20510,Europe,Cold
20511,Africa,Hot
20512,America,Temperate
20513,Europe,Temperate
20514,Africa,Hot
20515,Europe,Hot
20516,America,Cold
20517,Africa,Temperate
20518,Asia,Temperate
20519,America,Hot
20520,Asia,Cold
20521,America,Temperate
20522,Asia,Hot
20523,Asia,Hot
20524,Europe,Cold
20525,Europe,Hot
20526,Africa,Temperate
20527,Europe,Temperate
20528,Europe,Temperate
20529,Africa,Cold
20530,Europe,Cold
20531,America,Hot
20532,Asia,Temperate
20533,Asia,Cold
20534,Europe,Cold
20535,Europe,Temperate
20536,Africa,Cold
20537,Europe,Hot
20538,America,Hot
20539,Asia,Cold
20540,Africa,Hot
20541,Africa,Hot
20542,Africa,Cold
20543,Europe,Cold
20544,Europe,Temperate
20545,Europe,Hot
20546,Africa,Hot
20547,Africa,Cold
20548,Asia,Temperate
20549,Asia,Hot
20550,Europe,Hot
20551,Europe,Cold
20552,Asia,Temperate
20553,America,Hot
20554,Asia,Hot
20555,Europe,Hot
20556,Europe,Hot
20557,Europe,Temperate
20558,Europe,Cold
20559,Asia,Hot
20560,Europe,Temperate
20561,Europe,Hot
20562,Asia,Cold
20563,America,Cold
20564,Asia,Cold
20565,Europe,Hot
20566,Europe,Cold
20567,Africa,Temperate
20568,Europe,Temperate
20569,America,Hot
20570,Europe,Cold
20571,Asia,Hot
20572,Europe,Hot
20573,Europe,Hot
20574,Africa,Hot
20575,Europe,Temperate
20576,Europe,Hot
20577,Asia,Hot
20578,America,Hot
20579,Africa,Cold
20580,America,Temperate
20581,America,Hot
20582,Europe,Hot
20583,Africa,Temperate
20584,Europe,Cold
20585,Europe,Cold
20586,Asia,Cold
20587,Europe,Hot
20588,Africa,Hot
20589,Africa,Hot
20590,Europe,Hot
20591,Africa,Temperate
20592,America,Cold
20593,America,Cold
20594,America,Cold
20595,Asia,Temperate
20596,America,Temperate
20597,America,Cold
20598,Africa,Cold
20599,Africa,Cold
20600,America,Temperate
20601,Europe,Cold
20602,Africa,Cold
20603,Asia,Temperate
20604,Africa,Temperate
20605,Asia,Temperate
20606,America,Temperate
20607,America,Hot
20608,Asia,Cold
20609,Asia,Cold
20610,Asia,Temperate
20611,Africa,Cold
20612,America,Hot
20613,Africa,Cold
20614,Europe,Temperate
20615,Asia,Hot
20616,Europe,Temperate
20617,Asia,Temperate
20618,Asia,Hot
20619,America,Hot
20620,Asia,Cold
20621,Africa,Temperate
20622,Asia,Cold
20623,Asia,Cold
20624,Europe,Cold
20625,America,Temperate
20626,America,Temperate
20627,Asia,Cold
20628,Europe,Hot
20629,Africa,Hot
20630,Africa,Temperate
20631,Asia,Temperate
20632,Asia,Cold
20633,Europe,Cold
20634,America,Hot
20635,Europe,Temperate
20636,Africa,Temperate
20637,Asia,Cold
20638,Asia,Cold
20639,Europe,Hot
20640,America,Temperate
20641,Europe,Cold
20642,America,Cold
20643,America,Hot
20644,Africa,Temperate
20645,America,Hot
20646,Africa,Hot
20647,Asia,Hot
20648,Europe,Hot
20649,Africa,Hot
20650,Europe,Cold
20651,Africa,Hot
20652,Asia,Temperate
20653,Africa,Hot
20654,Africa,Hot
20655,Europe,Temperate
20656,Africa,Cold
20657,Europe,Temperate
20658,Asia,Cold
20659,Asia,Cold
20660,Africa,Cold
20661,America,Temperate
20662,Asia,Hot
20663,America,Hot
20664,America,Temperate
20665,Europe,Temperate
20666,America,Cold
20667,America,Hot
20668,America,Hot
20669,Europe,Temperate
20670,Africa,Hot
20671,America,Temperate
20672,Asia,Hot
20673,Europe,Hot
20674,America,Temperate
20675,America,Temperate
20676,Europe,Cold
20677,Europe,Temperate
20678,Europe,Temperate
20679,America,Cold
20680,Europe,Cold
20681,America,Cold
20682,Asia,Cold
20683,America,Hot
20684,Africa,Cold
20685,America,Hot
20686,America,Hot
20687,America,Hot
20688,Africa,Cold
20689,Europe,Cold
20690,America,Hot
20691,Asia,Hot
20692,Asia,Temperate
20693,Europe,Temperate
20694,Asia,Cold
20695,Africa,Temperate
20696,Europe,Temperate
20697,Europe,Cold
20698,Africa,Cold
20699,Africa,Hot
20700,Asia,Temperate
20701,Asia,Hot
20702,Africa,Temperate
20703,Asia,Hot
20704,America,Temperate
20705,Africa,Hot
20706,Asia,Cold
20707,Asia,Cold
20708,Europe,Hot
20709,Europe,Hot
20710,America,Temperate
20711,Africa,Cold
20712,America,Temperate
20713,Africa,Temperate
20714,Africa,Cold
20715,Asia,Temperate
20716,Europe,Hot
20717,Europe,Cold
20718,Africa,Hot
20719,Asia,Cold
20720,Africa,Hot
20721,Europe,Cold
20722,America,Hot
20723,Europe,Cold
20724,America,Hot
20725,Europe,Cold
20726,Europe,Temperate
20727,Africa,Temperate
20728,America,Hot
20729,America,Temperate
20730,Africa,Temperate
20731,Africa,Cold
20732,Asia,Temperate
20733,America,Cold
20734,Europe,Cold
20735,Africa,Hot
20736,America,Temperate
20737,Africa,Temperate
20738,America,Temperate
20739,Europe,Hot
20740,Africa,Hot
20741,Asia,Cold
20742,Europe,Hot
20743,Africa,Cold
20744,Asia,Hot
20745,Africa,Temperate
20746,Europe,Hot
20747,Europe,Hot
20748,Europe,Hot
20749,Asia,Cold
20750,America,Temperate
20751,Europe,Hot
20752,Europe,Cold
20753,America,Temperate
20754,Asia,Hot
20755,Asia,Hot
20756,America,Hot
20757,Europe,Hot
20758,Asia,Hot
20759,America,Temperate
20760,Asia,Cold
20761,Africa,Hot
20762,Africa,Temperate
20763,America,Temperate
20764,Europe,Hot
20765,Africa,Cold
20766,Europe,Hot
20767,Asia,Temperate
20768,America,Temperate
20769,Africa,Temperate
20770,America,Temperate
20771,America,Cold
20772,America,Cold
20773,America,Hot
20774,America,Cold
20775,Asia,Hot
20776,Africa,Temperate
20777,America,Hot
20778,Africa,Hot
20779,Africa,Hot
20780,Asia,Cold
20781,Africa,Cold
20782,Africa,Hot
20783,Africa,Temperate
20784,Asia,Hot
20785,Europe,Temperate
20786,Africa,Temperate
20787,Africa,Temperate
20788,Africa,Temperate
20789,Europe,Cold
20790,Europe,Cold
20791,Asia,Temperate
20792,America,Temperate
20793,Africa,Temperate
20794,America,Hot
20795,Europe,Cold
20796,America,Hot
20797,Asia,Temperate
20798,Europe,Cold
20799,Africa,Cold
20800,America,Hot
20801,Europe,Temperate
20802,Europe,Hot
20803,America,Cold
20804,America,Temperate
20805,America,Cold
20806,Europe,Hot
20807,Africa,Hot
20808,Europe,Cold
20809,Africa,Cold
20810,America,Temperate
20811,America,Hot
20812,Asia,Temperate
20813,Africa,Cold
20814,America,Temperate
20815,Africa,Hot
20816,Africa,Cold
20817,Africa,Temperate
20818,Africa,Temperate
20819,Europe,Temperate
20820,Asia,Cold
20821,Africa,Temperate
20822,Africa,Cold
20823,Asia,Hot
20824,America,Hot
20825,Africa,Temperate
20826,America,Hot
20827,Europe,Cold
20828,Asia,Temperate
20829,Europe,Temperate
20830,America,Cold
20831,Asia,Cold
20832,Europe,Hot
20833,America,Temperate
20834,America,Cold
20835,Asia,Temperate
20836,Asia,Hot
20837,America,Hot
20838,America,Temperate
20839,Europe,Cold
20840,Europe,Temperate
20841,America,Hot
20842,Africa,Hot
20843,Asia,Temperate
20844,Asia,Temperate
20845,Asia,Hot
20846,America,Cold
20847,Europe,Hot
20848,Europe,Hot
20849,Asia,Cold
20850,Africa,Temperate
20851,Asia,Cold
20852,Asia,Hot
20853,Asia,Cold
20854,Africa,Temperate
20855,Asia,Cold
20856,Europe,Cold
20857,Africa,Temperate
20858,Africa,Hot
20859,Europe,Hot
20860,America,Cold
20861,Africa,Cold
20862,Africa,Cold
20863,Africa,Temperate
20864,America,Cold
20865,Asia,Hot
20866,America,Temperate
20867,Europe,Hot
20868,Europe,Temperate
20869,Europe,Temperate
20870,Africa,Cold
20871,Asia,Cold
20872,Asia,Cold
20873,Africa,Cold
20874,Asia,Cold
20875,America,Hot
20876,Europe,Hot
20877,Europe,Cold
20878,Africa,Hot
20879,Africa,Cold
20880,Africa,Hot
20881,Africa,Hot
20882,Europe,Temperate
20883,Africa,Cold
20884,Europe,Temperate
20885,Asia,Cold
20886,America,Hot
20887,Asia,Hot
20888,America,Cold
20889,Africa,Hot
20890,Europe,Cold
20891,America,Temperate
20892,Europe,Temperate
20893,Asia,Cold
20894,Africa,Temperate
20895,Africa,Cold
20896,America,Cold
20897,Asia,Temperate
20898,Africa,Hot
20899,Asia,Temperate
20900,Asia,Temperate
20901,Europe,Cold
20902,Asia,Cold
20903,Asia,Cold
20904,Asia,Temperate
20905,Asia,Cold
20906,Africa,Hot
20907,Europe,Temperate
20908,America,Hot
20909,Europe,Temperate
20910,Africa,Temperate
20911,Africa,Temperate
20912,America,Temperate
20913,Africa,Hot
20914,Africa,Hot
20915,Europe,Temperate
20916,Europe,Temperate
20917,Europe,Temperate
20918,America,Temperate
20919,Europe,Temperate
20920,America,Cold
20921,Africa,Temperate
20922,America,Temperate
20923,America,Cold
20924,Asia,Hot
20925,Asia,Cold
20926,Africa,Hot
20927,Africa,Hot
20928,Europe,Cold
20929,America,Cold
20930,Asia,Hot
20931,Europe,Hot
20932,Asia,Hot
20933,Europe,Cold
20934,Asia,Temperate
20935,Europe,Hot
20936,America,Cold
20937,Europe,Hot
20938,Africa,Temperate
20939,Europe,Temperate
20940,Asia,Hot
20941,America,Cold
20942,Europe,Cold
20943,Europe,Hot
20944,Africa,Hot
20945,Asia,Temperate
20946,Africa,Temperate
20947,Europe,Cold
20948,America,Temperate
20949,Asia,Hot
20950,Europe,Hot
20951,Europe,Cold
20952,Asia,Cold
20953,Africa,Cold
20954,America,Hot
20955,Africa,Cold
20956,Africa,Cold
20957,America,Temperate
20958,Europe,Temperate
20959,Asia,Cold
20960,Asia,Hot
20961,Africa,Hot
20962,Africa,Hot
20963,Europe,Cold
20964,America,Cold
20965,America,Cold
20966,Asia,Temperate
20967,America,Cold
20968,Africa,Temperate
20969,Europe,Cold
20970,Europe,Cold
20971,Africa,Hot
20972,Asia,Temperate
20973,Africa,Temperate
20974,Europe,Cold
20975,Europe,Temperate
20976,Europe,Temperate
20977,America,Cold
20978,Africa,Cold
20979,Asia,Cold
20980,Africa,Hot
20981,Africa,Hot
20982,Africa,Hot
20983,America,Temperate
20984,Africa,Cold
20985,Europe,Cold
20986,Asia,Hot
20987,America,Hot
20988,America,Cold
20989,America,Cold
20990,America,Cold
20991,Europe,Hot
20992,Europe,Cold
20993,Asia,Hot
20994,Africa,Temperate
20995,America,Cold
20996,Africa,Hot
20997,Africa,Cold
20998,Asia,Hot
20999,America,Hot
21000,Africa,Cold
21001,Asia,Hot
21002,Africa,Temperate
21003,Asia,Hot
21004,Europe,Temperate
21005,Asia,Hot
21006,Asia,Hot
21007,Europe,Hot
21008,America,Cold
21009,Asia,Cold
21010,Asia,Temperate
21011,Africa,Temperate
21012,Asia,Hot
21013,Asia,Cold
21014,Africa,Cold
21015,America,Temperate
21016,Europe,Temperate
21017,Europe,Cold
21018,Asia,Cold
21019,America,Hot
21020,Europe,Hot
21021,Africa,Temperate
21022,Asia,Cold
21023,Asia,Hot
21024,America,Temperate
21025,Asia,Temperate
21026,America,Cold
21027,Europe,Hot
21028,Europe,Hot
21029,America,Temperate
21030,Europe,Cold
21031,Europe,Cold
21032,Europe,Temperate
21033,America,Cold
21034,Africa,Temperate
21035,Africa,Cold
21036,Europe,Hot
21037,Africa,Cold
21038,Europe,Cold
21039,Asia,Hot
21040,Africa,Hot
21041,Asia,Temperate
21042,Europe,Cold
21043,Africa,Cold
21044,Africa,Temperate
21045,Asia,Hot
21046,Europe,Cold
21047,Africa,Temperate
21048,America,Temperate
21049,Europe,Cold
21050,America,Temperate
21051,Africa,Temperate
21052,Africa,Temperate
21053,America,Temperate
21054,Africa,Cold
21055,Africa,Hot
21056,Europe,Temperate
21057,Europe,Hot
21058,Europe,Temperate
21059,Asia,Hot
21060,Europe,Cold
21061,Africa,Cold
21062,Africa,Cold
21063,Asia,Cold
21064,Africa,Hot
21065,Asia,Temperate
21066,Europe,Cold
21067,America,Temperate
21068,America,Hot
21069,America,Cold
21070,America,Cold
21071,America,Cold
21072,Asia,Hot
21073,Africa,Temperate
21074,Asia,Cold
21075,Africa,Cold
21076,Europe,Temperate
21077,Asia,Temperate
21078,Europe,Cold
21079,Africa,Cold
21080,Africa,Hot
21081,Africa,Cold
21082,Africa,Hot
21083,America,Hot
21084,Africa,Temperate
21085,Africa,Hot
21086,Europe,Hot
21087,Europe,Cold
21088,America,Cold
21089,America,Hot
21090,America,Hot
21091,America,Hot
21092,America,Hot
21093,Europe,Hot
21094,Europe,Hot
21095,Asia,Hot
21096,America,Hot
21097,Africa,Temperate
21098,America,Cold
21099,Asia,Temperate
21100,Asia,Cold
21101,Africa,Temperate
21102,Europe,Cold
21103,Asia,Hot
21104,Africa,Hot
21105,Africa,Cold
21106,Asia,Temperate
21107,Asia,Hot
21108,Europe,Cold
21109,Africa,Hot
21110,Africa,Hot
21111,Europe,Hot
21112,Asia,Cold
21113,Africa,Hot
21114,Europe,Cold
21115,Africa,Hot
21116,Africa,Hot
21117,Asia,Temperate
21118,Africa,Temperate
21119,Asia,Cold
21120,Africa,Temperate
21121,Africa,Cold
21122,Africa,Hot
21123,Europe,Hot
21124,Asia,Temperate
21125,Europe,Temperate
21126,America,Cold
21127,Africa,Cold
21128,America,Temperate
21129,Asia,Temperate
21130,Europe,Temperate
21131,Europe,Cold
21132,Asia,Hot
21133,Asia,Temperate
21134,Europe,Hot
21135,America,Hot
21136,Asia,Temperate
21137,Africa,Hot
21138,America,Hot
21139,Europe,Cold
21140,Asia,Temperate
21141,Asia,Cold
21142,America,Hot
21143,Asia,Hot
21144,Africa,Hot
21145,Europe,Temperate
21146,America,Hot
21147,America,Cold
21148,Africa,Temperate
21149,Asia,Cold
21150,America,Temperate
21151,Europe,Temperate
21152,Asia,Cold
21153,America,Temperate
21154,America,Cold
21155,Europe,Cold
21156,America,Hot
21157,Asia,Hot
21158,Africa,Hot
21159,America,Cold
21160,Africa,Temperate
21161,Europe,Hot
21162,Africa,Temperate
21163,America,Temperate
21164,Europe,Cold
21165,Asia,Temperate
21166,Africa,Cold
21167,America,Cold
21168,Asia,Cold
21169,Africa,Cold
21170,Asia,Cold
21171,America,Cold
21172,America,Temperate
21173,Africa,Hot
21174,Africa,Hot
21175,America,Hot
21176,Asia,Temperate
21177,Africa,Temperate
21178,America,Cold
21179,Europe,Hot
21180,Asia,Temperate
21181,Europe,Cold
21182,Europe,Hot
21183,Asia,Cold
21184,Europe,Hot
21185,Europe,Hot
21186,Europe,Hot
21187,America,Temperate
21188,Europe,Cold
21189,Europe,Cold
21190,Asia,Temperate
21191,Asia,Hot
21192,Europe,Hot
21193,Europe,Hot
21194,Europe,Cold
21195,America,Cold
21196,Europe,Cold
21197,Asia,Hot
21198,Asia,Hot
21199,Europe,Hot
21200,Europe,Cold
21201,Asia,Hot
21202,Europe,Hot
21203,Europe,Temperate
21204,America,Cold
21205,Europe,Cold
21206,America,Cold
21207,Africa,Cold
21208,America,Temperate
21209,Europe,Temperate
21210,Europe,Temperate
21211,Asia,Temperate
21212,Europe,Hot
21213,Europe,Hot
21214,Europe,Temperate
21215,America,Hot
21216,America,Cold
21217,Africa,Hot
21218,America,Hot
21219,Asia,Hot
21220,America,Hot
21221,Europe,Temperate
21222,America,Hot
21223,Europe,Hot
21224,Asia,Cold
21225,Africa,Temperate
21226,Africa,Cold
21227,Africa,Hot
21228,Africa,Hot
21229,Europe,Cold
21230,Europe,Cold
21231,America,Hot
21232,Europe,Cold
21233,Africa,Hot
21234,Europe,Hot
21235,Asia,Temperate
21236,Asia,Cold
21237,Asia,Temperate
21238,Africa,Hot
21239,America,Temperate
21240,Europe,Temperate
21241,America,Hot
21242,Europe,Hot
21243,Africa,Temperate
21244,Asia,Temperate
21245,Africa,Cold
21246,Asia,Temperate
21247,America,Cold
21248,America,Temperate
21249,Africa,Cold
21250,Africa,Temperate
21251,Europe,Hot
21252,America,Hot
21253,Asia,Temperate
21254,America,Temperate
21255,Europe,Temperate
21256,Africa,Hot
21257,Asia,Temperate
21258,Europe,Hot
21259,Africa,Temperate
21260,Asia,Temperate
21261,Europe,Temperate
21262,Africa,Hot
21263,America,Cold
21264,Africa,Temperate
21265,Africa,Hot
21266,Europe,Temperate
21267,Europe,Hot
21268,Europe,Hot
21269,Africa,Cold
21270,Africa,Temperate
21271,America,Temperate
21272,Europe,Hot
21273,America,Temperate
21274,Asia,Cold
21275,America,Temperate
21276,Europe,Hot
21277,Asia,Hot
21278,Africa,Hot
21279,Africa,Temperate
21280,Asia,Hot
21281,Europe,Hot
21282,America,Temperate
21283,Africa,Temperate
21284,Asia,Hot
21285,America,Hot
21286,America,Hot
21287,Africa,Hot
21288,Europe,Cold
21289,Europe,Cold
21290,Asia,Hot
21291,Asia,Temperate
21292,Europe,Temperate
21293,Asia,Cold
21294,Europe,Cold
21295,Africa,Cold
21296,America,Temperate
21297,Asia,Cold
21298,Africa,Temperate
21299,Europe,Temperate
21300,Asia,Cold
21301,Africa,Hot
21302,Asia,Hot
21303,Africa,Temperate
21304,Europe,Temperate
21305,America,Cold
21306,Africa,Hot
21307,Europe,Cold
21308,Asia,Hot
21309,America,Temperate
21310,America,Cold
21311,Asia,Temperate
21312,America,Cold
21313,Asia,Cold
21314,Asia,Temperate
21315,Europe,Temperate
21316,Asia,Cold
21317,Europe,Hot
21318,Africa,Cold
21319,Africa,Temperate
21320,Asia,Temperate
21321,Europe,Cold
21322,Africa,Temperate
21323,Europe,Cold
21324,Africa,Cold
21325,Asia,Temperate
21326,Africa,Cold
21327,Asia,Temperate
21328,Asia,Cold
21329,Africa,Hot
21330,Asia,Cold
21331,Europe,Temperate
21332,Europe,Hot
21333,Europe,Temperate
21334,America,Hot
21335,Africa,Cold
21336,Africa,Hot
21337,America,Temperate
21338,Africa,Cold
21339,Europe,Hot
21340,America,Hot
21341,America,Cold
21342,Europe,Temperate
21343,Africa,Cold
21344,Asia,Cold
21345,Asia,Temperate
21346,Africa,Hot
21347,Asia,Hot
21348,America,Cold
21349,Asia,Temperate
21350,Africa,Hot
21351,Africa,Hot
21352,Africa,Cold
21353,America,Cold
21354,Africa,Hot
21355,Asia,Temperate
21356,Africa,Temperate
21357,Africa,Cold
21358,Africa,Temperate
21359,America,Temperate
21360,America,Cold
21361,America,Hot
21362,America,Hot
21363,Europe,Cold
21364,Europe,Temperate
21365,Asia,Cold
21366,Africa,Hot
21367,America,Cold
21368,America,Cold
21369,Africa,Hot
21370,Africa,Cold
21371,Europe,Cold
21372,Africa,Hot
21373,Europe,Temperate
21374,Africa,Cold
21375,Africa,Temperate
21376,America,Temperate
21377,America,Temperate
21378,Europe,Temperate
21379,Africa,Cold
21380,America,Hot
21381,Europe,Cold
21382,America,Temperate
21383,Asia,Temperate
21384,Europe,Cold
21385,Asia,Temperate
21386,Africa,Temperate
21387,Europe,Cold
21388,Asia,Cold
21389,Africa,Hot
21390,Europe,Temperate
21391,Africa,Temperate
21392,Asia,Cold
21393,Europe,Cold
21394,Africa,Temperate
21395,Africa,Cold
21396,America,Cold
21397,Asia,Cold
21398,Europe,Temperate
21399,Europe,Temperate
21400,Africa,Hot
21401,Asia,Hot
21402,Africa,Hot
21403,Africa,Hot
21404,Europe,Temperate
21405,Africa,Cold
21406,Europe,Temperate
21407,Europe,Temperate
21408,America,Temperate
21409,Europe,Hot
21410,America,Cold
21411,Africa,Cold
21412,Europe,Temperate
21413,Europe,Hot
21414,America,Temperate
21415,America,Cold
21416,Europe,Cold
21417,Asia,Temperate
21418,Asia,Cold
21419,America,Hot
21420,Europe,Cold
21421,Africa,Temperate
21422,Africa,Cold
21423,Asia,Temperate
21424,Asia,Temperate
21425,Africa,Hot
21426,America,Temperate
21427,Europe,Temperate
21428,Asia,Cold
21429,Europe,Cold
21430,America,Cold
21431,America,Hot
21432,Asia,Hot
21433,America,Cold
21434,Africa,Hot
21435,America,Cold
21436,Asia,Hot
21437,America,Temperate
21438,America,Cold
21439,Asia,Cold
21440,Asia,Hot
21441,Europe,Hot
21442,Africa,Temperate
21443,Asia,Hot
21444,America,Cold
21445,Europe,Temperate
21446,America,Cold
21447,Africa,Hot
21448,America,Cold
21449,Europe,Temperate
21450,Africa,Cold
21451,America,Hot
21452,Europe,Cold
21453,America,Cold
21454,Africa,Temperate
21455,America,Hot
21456,America,Temperate
21457,Europe,Temperate
21458,America,Temperate
21459,Asia,Hot
21460,Africa,Cold
21461,Europe,Hot
21462,Asia,Cold
21463,Asia,Temperate
21464,Africa,Cold
21465,Europe,Hot
21466,Asia,Hot
21467,America,Hot
21468,Asia,Cold
21469,Africa,Cold
21470,Asia,Hot
21471,Europe,Hot
21472,Asia,Cold
21473,Asia,Temperate
21474,Africa,Hot
21475,Asia,Cold
21476,Asia,Hot
21477,Europe,Temperate
21478,Africa,Temperate
21479,Africa,Temperate
21480,Africa,Cold
21481,Africa,Temperate
21482,America,Hot
21483,America,Temperate
21484,America,Hot
21485,Africa,Hot
21486,Africa,Hot
21487,America,Hot
21488,Africa,Hot
21489,Asia,Temperate
21490,Europe,Cold
21491,Africa,Temperate
21492,Asia,Temperate
21493,Asia,Cold
21494,America,Temperate
21495,Europe,Cold
21496,Africa,Hot
21497,Africa,Temperate
21498,Europe,Hot
21499,Asia,Hot
21500,Africa,Cold
21501,Africa,Temperate
21502,Europe,Hot
21503,Asia,Hot
21504,Asia,Hot
21505,Asia,Cold
21506,Africa,Cold
21507,Asia,Hot
21508,Europe,Temperate
21509,America,Cold
21510,America,Hot
21511,Europe,Hot
21512,Europe,Cold
21513,Europe,Hot
21514,Asia,Temperate
21515,Europe,Cold
21516,Africa,Cold
21517,America,Temperate
21518,Africa,Hot
21519,Africa,Cold
21520,Asia,Temperate
21521,Asia,Temperate
21522,America,Hot
21523,Asia,Cold
21524,Asia,Cold
21525,America,Temperate
21526,Europe,Temperate
21527,America,Cold
21528,America,Hot
21529,Europe,Hot
21530,Europe,Hot
21531,America,Temperate
21532,Europe,Temperate
21533,Europe,Hot
21534,America,Cold
21535,Europe,Temperate
21536,Africa,Temperate
21537,Asia,Cold
21538,Asia,Temperate
21539,America,Temperate
21540,Europe,Hot
21541,Africa,Hot
21542,Europe,Cold
21543,Europe,Hot
21544,Europe,Temperate
21545,America,Hot
21546,Asia,Hot
21547,Asia,Temperate
21548,Africa,Temperate
21549,Africa,Temperate
21550,Europe,Hot
21551,Africa,Hot
21552,Africa,Hot
21553,Africa,Cold
21554,Europe,Hot
21555,Europe,Cold
21556,Asia,Temperate
21557,America,Temperate
21558,Europe,Cold
21559,Asia,Temperate
21560,Africa,Temperate
21561,Africa,Cold
21562,America,Cold
21563,Europe,Hot
21564,America,Hot
21565,Asia,Cold
21566,America,Cold
21567,America,Cold
21568,Africa,Cold
21569,Africa,Cold
21570,Africa,Hot
21571,Asia,Cold
21572,Asia,Temperate
21573,Europe,Hot
21574,Europe,Temperate
21575,Africa,Hot
21576,Africa,Temperate
21577,America,Temperate
21578,Europe,Cold
21579,America,Cold
21580,Asia,Hot
21581,Asia,Hot
21582,Asia,Cold
21583,Europe,Temperate
21584,Asia,Hot
21585,Europe,Hot
21586,Africa,Cold
21587,America,Cold
21588,America,Hot
21589,Asia,Temperate
21590,America,Hot
21591,Asia,Cold
21592,Europe,Hot
21593,Asia,Hot
21594,Asia,Temperate
21595,America,Hot
21596,America,Temperate
21597,Europe,Cold
21598,America,Cold
21599,Europe,Hot
21600,America,Cold
21601,Asia,Cold
21602,Africa,Hot
21603,America,Hot
21604,America,Hot
21605,America,Cold
21606,Europe,Temperate
21607,Europe,Cold
21608,America,Cold
21609,Europe,Temperate
21610,Europe,Temperate
21611,Europe,Temperate
21612,Europe,Temperate
21613,Europe,Cold
21614,Asia,Temperate
21615,America,Cold
21616,Africa,Cold
21617,America,Hot
21618,Africa,Hot
21619,Africa,Temperate
21620,Europe,Cold
21621,America,Hot
21622,America,Temperate
21623,Europe,Temperate
21624,Africa,Hot
21625,Asia,Cold
21626,Europe,Hot
21627,Africa,Temperate
21628,Africa,Temperate
21629,Africa,Hot
21630,Africa,Hot
21631,Asia,Temperate
21632,Europe,Temperate
21633,Asia,Hot
21634,America,Temperate
21635,Asia,Temperate
21636,America,Hot
21637,Europe,Hot
21638,Asia,Temperate
21639,America,Temperate
21640,Europe,Cold
21641,Europe,Cold
21642,Africa,Cold
21643,America,Hot
21644,Asia,Temperate
21645,Asia,Hot
21646,Europe,Cold
21647,Africa,Cold
21648,Africa,Hot
21649,Africa,Temperate
21650,Europe,Cold
21651,Europe,Hot
21652,America,Temperate
21653,Asia,Temperate
21654,Asia,Cold
21655,America,Temperate
21656,America,Temperate
21657,Europe,Cold
21658,Asia,Hot
21659,Asia,Hot
21660,Asia,Cold
21661,Europe,Temperate
21662,Europe,Cold
21663,America,Temperate
21664,Europe,Cold
21665,Europe,Cold
21666,Asia,Hot
21667,Asia,Cold
21668,America,Hot
21669,Europe,Cold
21670,Asia,Hot
21671,Asia,Temperate
21672,America,Temperate
21673,Asia,Temperate
21674,America,Cold
21675,Asia,Hot
21676,America,Hot
21677,America,Cold
21678,America,Hot
21679,Africa,Cold
21680,Africa,Hot
21681,Europe,Cold
21682,Europe,Hot
21683,Asia,Temperate
21684,Africa,Hot
21685,America,Cold
21686,Europe,Hot
21687,Europe,Hot
21688,America,Hot
21689,America,Cold
21690,Africa,Cold
21691,America,Hot
21692,Europe,Cold
21693,Europe,Cold
21694,Africa,Temperate
21695,Asia,Hot
21696,Africa,Temperate
21697,Europe,Cold
21698,Africa,Hot
21699,Asia,Cold
21700,Europe,Temperate
21701,America,Temperate
21702,Europe,Temperate
21703,America,Cold
21704,Europe,Hot
21705,Asia,Hot
21706,America,Temperate
21707,Europe,Hot
21708,America,Hot
21709,Europe,Temperate
21710,Asia,Hot
21711,Africa,Temperate
21712,Asia,Cold
21713,Africa,Cold
21714,Europe,Cold
21715,Asia,Temperate
21716,Asia,Hot
21717,Africa,Temperate
21718,Asia,Cold
21719,Africa,Hot
21720,Africa,Hot
21721,Africa,Hot
21722,Asia,Hot
21723,America,Cold
21724,Europe,Temperate
21725,Asia,Hot
21726,America,Hot
21727,Africa,Hot
21728,America,Cold
21729,America,Cold
21730,Europe,Temperate
21731,America,Temperate
21732,Asia,Hot
21733,Europe,Cold
21734,Europe,Hot
21735,Europe,Cold
21736,Africa,Cold
21737,Africa,Temperate
21738,Europe,Temperate
21739,Europe,Cold
21740,Africa,Hot
21741,Africa,Cold
21742,Africa,Cold
21743,Africa,Cold
21744,Africa,Temperate
21745,Africa,Cold
21746,Asia,Cold
21747,Africa,Temperate
21748,America,Temperate
21749,America,Cold
21750,Europe,Cold
21751,America,Hot
21752,America,Temperate
21753,Asia,Cold
21754,Africa,Temperate
21755,Africa,Temperate
21756,America,Temperate
21757,Africa,Cold
21758,Africa,Hot
21759,Europe,Temperate
21760,Europe,Cold
21761,Asia,Cold
21762,Europe,Hot
21763,Africa,Temperate
21764,Africa,Temperate
21765,Asia,Hot
21766,America,Temperate
21767,Asia,Temperate
21768,Africa,Cold
21769,America,Cold
21770,Europe,Cold
21771,Asia,Cold
21772,America,Cold
21773,Asia,Hot
21774,Europe,Cold
21775,America,Cold
21776,Asia,Hot
21777,Europe,Hot
21778,Africa,Hot
21779,America,Temperate
21780,Europe,Temperate
21781,Asia,Hot
21782,Africa,Cold
21783,Asia,Cold
21784,America,Hot
21785,Europe,Temperate
21786,Asia,Cold
21787,Asia,Cold
21788,Europe,Hot
21789,America,Temperate
21790,America,Temperate
21791,America,Cold
21792,Africa,Hot
21793,Africa,Cold
21794,America,Cold
21795,Asia,Hot
21796,Europe,Temperate
21797,Asia,Hot
21798,Africa,Temperate
21799,Europe,Hot
21800,Asia,Hot
21801,America,Temperate
21802,Asia,Hot
21803,Europe,Hot
21804,Asia,Temperate
21805,Africa,Hot
21806,Europe,Hot
21807,Asia,Temperate
21808,Africa,Temperate
21809,Africa,Cold
21810,Africa,Temperate
21811,Asia,Hot
21812,Asia,Temperate
21813,Europe,Temperate
21814,America,Hot
21815,America,Temperate
21816,Europe,Hot
21817,America,Cold
21818,America,Cold
21819,Europe,Hot
21820,Europe,Cold
21821,Europe,Temperate
21822,Africa,Hot
21823,Europe,Cold
21824,Africa,Temperate
21825,Asia,Temperate
21826,Europe,Cold
21827,America,Temperate
21828,America,Cold
21829,America,Temperate
21830,America,Temperate
21831,Africa,Temperate
21832,Asia,Hot
21833,Europe,Temperate
21834,Europe,Hot
21835,Asia,Cold
21836,America,Cold
21837,Europe,Hot
21838,Asia,Cold
21839,America,Hot
21840,Europe,Hot
21841,America,Temperate
21842,Asia,Hot
21843,Africa,Hot
21844,America,Cold
21845,America,Cold
21846,Africa,Temperate
21847,Asia,Temperate
21848,Asia,Cold
21849,Africa,Temperate
21850,America,Temperate
21851,Africa,Temperate
21852,Africa,Cold
21853,Africa,Temperate
21854,Europe,Hot
21855,Africa,Cold
21856,America,Hot
21857,America,Cold
21858,America,Temperate
21859,Africa,Hot
21860,Europe,Cold
21861,Europe,Cold
21862,Europe,Hot
21863,Africa,Cold
21864,Asia,Hot
21865,Africa,Cold
21866,Asia,Hot
21867,Europe,Temperate
21868,America,Hot
21869,Europe,Temperate
21870,America,Temperate
21871,America,Temperate
21872,Europe,Hot
21873,Africa,Temperate
21874,Asia,Cold
21875,America,Hot
21876,Africa,Hot
21877,Africa,Hot
21878,Europe,Cold
21879,Europe,Hot
21880,Europe,Temperate
21881,Europe,Cold
21882,America,Temperate
21883,Europe,Hot
21884,Europe,Temperate
21885,Africa,Temperate
21886,Africa,Cold
21887,Asia,Cold
21888,Africa,Cold
21889,Europe,Hot
21890,Europe,Cold
21891,Asia,Cold
21892,Europe,Cold
21893,Asia,Temperate
21894,Asia,Hot
21895,Europe,Cold
21896,Africa,Cold
21897,Africa,Hot
21898,Africa,Temperate
21899,Asia,Cold
21900,Africa,Cold
21901,Asia,Temperate
21902,America,Temperate
21903,Asia,Temperate
21904,Europe,Temperate
21905,Europe,Cold
21906,Africa,Cold
21907,Europe,Temperate
21908,Africa,Temperate
21909,America,Temperate
21910,Asia,Cold
21911,Europe,Hot
21912,Africa,Cold
21913,America,Temperate
21914,Europe,Hot
21915,Europe,Hot
21916,America,Temperate
21917,Asia,Hot
21918,Europe,Hot
21919,America,Temperate
21920,Africa,Cold
21921,Europe,Hot
21922,Asia,Temperate
21923,Asia,Cold
21924,America,Cold
21925,Asia,Hot
21926,Africa,Temperate
21927,America,Cold
21928,America,Cold
21929,Asia,Cold
21930,Asia,Cold
21931,America,Temperate
21932,Africa,Temperate
21933,Africa,Cold
21934,Africa,Cold
21935,Africa,Hot
21936,Africa,Temperate
21937,America,Temperate
21938,America,Cold
21939,Europe,Hot
21940,Asia,Temperate
21941,Africa,Hot
21942,Asia,Cold
21943,America,Temperate
21944,Europe,Hot
21945,America,Temperate
21946,Europe,Cold
21947,America,Temperate
21948,Africa,Cold
21949,Asia,Hot
21950,Asia,Hot
21951,Europe,Hot
21952,Europe,Cold
21953,America,Hot
21954,Europe,Cold
21955,Africa,Hot
21956,America,Cold
21957,Africa,Temperate
21958,Europe,Hot
21959,Asia,Temperate
21960,Africa,Cold
21961,America,Cold
21962,Asia,Hot
21963,Europe,Temperate
21964,Africa,Cold
21965,Europe,Hot
21966,Africa,Temperate
21967,Asia,Hot
21968,America,Temperate
21969,Europe,Cold
21970,Asia,Cold
21971,Asia,Cold
21972,America,Temperate
21973,America,Temperate
21974,Asia,Hot
21975,Africa,Cold
21976,Asia,Temperate
21977,Asia,Cold
21978,Africa,Temperate
21979,Europe,Temperate
21980,Asia,Temperate
21981,Africa,Hot
21982,Europe,Cold
21983,Africa,Temperate
21984,Africa,Temperate
21985,Africa,Hot
21986,Europe,Cold
21987,Europe,Temperate
21988,Asia,Cold
21989,Asia,Hot
21990,Asia,Hot
21991,Asia,Cold
21992,Asia,Cold
21993,Europe,Cold
21994,America,Cold
21995,Africa,Temperate
21996,Asia,Hot
21997,Africa,Temperate
21998,Africa,Temperate
21999,Asia,Temperate
22000,Africa,Temperate
22001,Africa,Hot
22002,America,Hot
22003,Africa,Temperate
22004,Africa,Temperate
22005,America,Hot
22006,Africa,Hot
22007,Africa,Hot
22008,Africa,Hot
22009,Africa,Temperate
22010,Africa,Hot
22011,Africa,Temperate
22012,Europe,Cold
22013,America,Temperate
22014,Europe,Hot
22015,Europe,Temperate
22016,America,Hot
22017,America,Cold
22018,Africa,Hot
22019,Asia,Hot
22020,Asia,Hot
22021,Europe,Hot
22022,Africa,Temperate
22023,Asia,Hot
22024,America,Cold
22025,America,Temperate
22026,Asia,Hot
22027,Africa,Cold
22028,Africa,Temperate
22029,Europe,Temperate
22030,America,Hot
22031,Africa,Cold
22032,America,Temperate
22033,Europe,Hot
22034,Africa,Hot
22035,Africa,Cold
22036,Asia,Hot
22037,America,Cold
22038,Africa,Temperate
22039,Europe,Temperate
22040,America,Hot
22041,Africa,Cold
22042,America,Temperate
22043,Europe,Cold
22044,Asia,Temperate
22045,Asia,Cold
22046,Europe,Temperate
22047,America,Cold
22048,Europe,Temperate
22049,Asia,Hot
22050,America,Cold
22051,America,Hot
22052,Africa,Temperate
22053,Africa,Cold
22054,Africa,Temperate
22055,Africa,Temperate
22056,Africa,Hot
22057,Europe,Hot
22058,Europe,Hot
22059,America,Temperate
22060,America,Hot
22061,Africa,Hot
22062,Asia,Cold
22063,Asia,Cold
22064,America,Hot
22065,America,Hot
22066,America,Hot
22067,Africa,Hot
22068,America,Temperate
22069,Africa,Temperate
22070,Europe,Cold
22071,America,Hot
22072,Asia,Cold
22073,Africa,Temperate
22074,Europe,Hot
22075,Europe,Hot
22076,Africa,Temperate
22077,Africa,Cold
22078,Europe,Temperate
22079,Europe,Cold
22080,Europe,Hot
22081,Africa,Temperate
22082,America,Temperate
22083,Europe,Temperate
22084,Europe,Hot
22085,Asia,Hot
22086,America,Cold
22087,Africa,Hot
22088,Europe,Hot
22089,Africa,Cold
22090,America,Temperate
22091,America,Temperate
22092,America,Hot
22093,Asia,Temperate
22094,Europe,Cold
22095,America,Temperate
22096,Africa,Hot
22097,Asia,Cold
22098,America,Temperate
22099,America,Temperate
22100,Africa,Temperate
22101,Asia,Cold
22102,Africa,Cold
22103,Europe,Cold
22104,America,Cold
22105,Africa,Temperate
22106,Asia,Hot
22107,Europe,Hot
22108,America,Temperate
22109,America,Temperate
22110,Asia,Cold
22111,Africa,Hot
22112,Africa,Cold
22113,America,Cold
22114,Europe,Temperate
22115,Africa,Cold
22116,Asia,Temperate
22117,America,Hot
22118,Europe,Hot
22119,Asia,Cold
22120,Europe,Cold
22121,Europe,Hot
22122,America,Hot
22123,Europe,Hot
22124,Africa,Temperate
22125,Africa,Temperate
22126,Europe,Cold
22127,America,Cold
22128,America,Cold
22129,Europe,Cold
22130,Africa,Hot
22131,Africa,Cold
22132,America,Cold
22133,America,Cold
22134,Asia,Hot
22135,Asia,Cold
22136,Europe,Cold
22137,Europe,Hot
22138,America,Temperate
22139,America,Cold
22140,Asia,Cold
22141,Europe,Temperate
22142,Asia,Temperate
22143,Asia,Cold
22144,Asia,Cold
22145,Africa,Temperate
22146,Europe,Cold
22147,Asia,Cold
22148,Africa,Temperate
22149,Africa,Hot
22150,Europe,Temperate
22151,Asia,Temperate
22152,America,Hot
22153,Europe,Cold
22154,Asia,Cold
22155,Asia,Cold
22156,Africa,Hot
22157,Asia,Temperate
22158,Africa,Hot
22159,Asia,Hot
22160,America,Temperate
22161,Europe,Temperate
22162,Asia,Temperate
22163,Africa,Hot
22164,Africa,Temperate
22165,Africa,Cold
22166,Africa,Temperate
22167,Africa,Hot
22168,Africa,Temperate
22169,Europe,Cold
22170,Asia,Hot
22171,Europe,Temperate
22172,Europe,Temperate
22173,Europe,Temperate
22174,America,Cold
22175,Asia,Temperate
22176,Europe,Temperate
22177,Africa,Hot
22178,Asia,Cold
22179,Europe,Temperate
22180,Europe,Hot
22181,America,Cold
22182,Asia,Hot
22183,Asia,Cold
22184,Africa,Hot
22185,Africa,Hot
22186,Asia,Temperate
22187,Africa,Hot
22188,Africa,Cold
22189,Europe,Cold
22190,Africa,Cold
22191,America,Temperate
22192,Europe,Temperate
22193,Africa,Cold
22194,Europe,Hot
22195,Africa,Cold
22196,Africa,Hot
22197,Africa,Hot
22198,Europe,Hot
22199,Asia,Hot
22200,Africa,Hot
22201,America,Cold
22202,Africa,Cold
22203,Asia,Temperate
22204,Europe,Cold
22205,Africa,Hot
22206,America,Cold
22207,Europe,Hot
22208,Africa,Temperate
22209,Europe,Cold
22210,Europe,Cold
22211,Asia,Cold
22212,Europe,Hot
22213,Africa,Temperate
22214,Asia,Hot
22215,Asia,Cold
22216,Europe,Temperate
22217,Europe,Hot
22218,Africa,Temperate
22219,America,Hot
22220,Asia,Temperate
22221,Asia,Hot
22222,Asia,Temperate
22223,Europe,Cold
22224,America,Cold
22225,Africa,Cold
22226,Africa,Hot
22227,Asia,Temperate
22228,Europe,Cold
22229,America,Hot
22230,Africa,Hot
22231,Africa,Hot
22232,Europe,Temperate
22233,Africa,Temperate
22234,Asia,Temperate
22235,Europe,Temperate
22236,Asia,Temperate
22237,Asia,Hot
22238,America,Hot
22239,Europe,Hot
22240,Africa,Cold
22241,Asia,Temperate
22242,America,Hot
22243,Africa,Temperate
22244,Africa,Cold
22245,Africa,Cold
22246,Africa,Hot
22247,America,Cold
22248,America,Temperate
22249,Africa,Temperate
22250,Europe,Hot
22251,America,Cold
22252,Africa,Hot
22253,America,Hot
22254,America,Temperate
22255,Africa,Hot
22256,Asia,Temperate
22257,Europe,Hot
22258,America,Temperate
22259,Africa,Temperate
22260,Africa,Hot
22261,Asia,Hot
22262,America,Hot
22263,Europe,Cold
22264,Europe,Hot
22265,Asia,Temperate
22266,Europe,Temperate
22267,Europe,Temperate
22268,Africa,Hot
22269,Asia,Cold
22270,America,Cold
22271,Asia,Temperate
22272,Europe,Cold
22273,Africa,Cold
22274,America,Hot
22275,Europe,Temperate
22276,Africa,Temperate
22277,Europe,Cold
22278,Europe,Temperate
22279,Asia,Hot
22280,Europe,Cold
22281,America,Cold
22282,Europe,Hot
22283,Asia,Hot
22284,Africa,Hot
22285,Europe,Hot
22286,Europe,Cold
22287,Asia,Temperate
22288,Africa,Hot
22289,Europe,Temperate
22290,Europe,Temperate
22291,America,Hot
22292,Asia,Temperate
22293,Africa,Temperate
22294,Europe,Temperate
22295,Asia,Temperate
22296,Asia,Cold
22297,Asia,Cold
22298,Africa,Hot
22299,Asia,Temperate
22300,Europe,Cold
22301,Europe,Hot
22302,Africa,Temperate
22303,Europe,Temperate
22304,Africa,Cold
22305,Europe,Hot
22306,Asia,Temperate
22307,Europe,Cold
22308,Asia,Cold
22309,Africa,Hot
22310,America,Cold
22311,Asia,Hot
22312,Asia,Hot
22313,America,Hot
22314,America,Hot
22315,Europe,Temperate
22316,Africa,Temperate
22317,Europe,Cold
22318,Africa,Cold
22319,America,Hot
22320,Asia,Temperate
22321,Africa,Cold
22322,Africa,Hot
22323,Africa,Cold
22324,America,Temperate
22325,America,Hot
22326,Europe,Cold
22327,Asia,Temperate
22328,Asia,Temperate
22329,Europe,Temperate
22330,Africa,Temperate
22331,America,Hot
22332,Asia,Temperate
22333,Asia,Hot
22334,Asia,Temperate
22335,Africa,Temperate
22336,Europe,Temperate
22337,Europe,Temperate
22338,Asia,Cold
22339,Africa,Temperate
22340,America,Hot
22341,Asia,Temperate
22342,Europe,Cold
22343,Africa,Hot
22344,Europe,Hot
22345,Asia,Cold
22346,America,Temperate
22347,Europe,Temperate
22348,Africa,Hot
22349,America,Hot
22350,Africa,Hot
22351,Africa,Hot
22352,Europe,Cold
22353,Africa,Hot
22354,Europe,Hot
22355,Africa,Hot
22356,Europe,Temperate
22357,Europe,Cold
22358,America,Temperate
22359,Europe,Temperate
22360,Africa,Cold
22361,Europe,Temperate
22362,America,Hot
22363,Africa,Hot
22364,America,Hot
22365,Asia,Cold
22366,Africa,Hot
22367,Asia,Hot
22368,Africa,Temperate
22369,Asia,Hot
22370,Europe,Cold
22371,Asia,Temperate
22372,America,Cold
22373,America,Cold
22374,Asia,Temperate
22375,Europe,Cold
22376,Asia,Hot
22377,Africa,Cold
22378,Africa,Temperate
22379,Asia,Temperate
22380,Asia,Hot
22381,Africa,Hot
22382,Africa,Cold
22383,Asia,Temperate
22384,Europe,Temperate
22385,Europe,Hot
22386,Africa,Cold
22387,America,Hot
22388,Europe,Hot
22389,Asia,Hot
22390,Africa,Temperate
22391,Europe,Temperate
22392,Europe,Temperate
22393,Europe,Temperate
22394,America,Cold
22395,Africa,Temperate
22396,Asia,Cold
22397,Asia,Temperate
22398,Africa,Temperate
22399,America,Temperate
22400,Europe,Temperate
22401,America,Cold
22402,Asia,Hot
22403,Europe,Hot
22404,Asia,Hot
22405,Asia,Temperate
22406,Asia,Hot
22407,America,Cold
22408,Europe,Cold
22409,Europe,Cold
22410,America,Hot
22411,Europe,Cold
22412,Europe,Temperate
22413,Europe,Cold
22414,America,Hot
22415,Africa,Hot
22416,Asia,Hot
22417,Asia,Hot
22418,America,Cold
22419,Africa,Cold
22420,Asia,Temperate
22421,Africa,Cold
22422,Africa,Temperate
22423,America,Hot
22424,Africa,Temperate
22425,Asia,Cold
22426,Africa,Hot
22427,Asia,Cold
22428,Europe,Hot
22429,America,Temperate
22430,Europe,Cold
22431,Africa,Hot
22432,Africa,Cold
22433,America,Hot
22434,Europe,Cold
22435,Europe,Temperate
22436,Europe,Cold
22437,America,Cold
22438,Africa,Hot
22439,Europe,Cold
22440,Africa,Temperate
22441,Africa,Cold
22442,Africa,Hot
22443,America,Cold
22444,Asia,Temperate
22445,America,Cold
22446,Africa,Hot
22447,America,Cold
22448,Europe,Temperate
22449,Europe,Cold
22450,America,Hot
22451,Africa,Temperate
22452,Asia,Cold
22453,Asia,Temperate
22454,Africa,Hot
22455,Asia,Temperate
22456,Africa,Temperate
22457,America,Temperate
22458,Europe,Hot
22459,America,Temperate
22460,Asia,Cold
22461,Africa,Temperate
22462,Asia,Cold
22463,Asia,Temperate
22464,Asia,Cold
22465,America,Hot
22466,America,Hot
22467,Europe,Temperate
22468,America,Cold
22469,Europe,Temperate
22470,Asia,Temperate
22471,Europe,Temperate
22472,Europe,Cold
22473,America,Cold
22474,America,Temperate
22475,Asia,Hot
22476,America,Hot
22477,America,Hot
22478,America,Cold
22479,Asia,Cold
22480,America,Temperate
22481,Asia,Cold
22482,Africa,Temperate
22483,Europe,Hot
22484,Africa,Temperate
22485,Africa,Cold
22486,Africa,Hot
22487,Europe,Cold
22488,America,Hot
22489,Asia,Cold
22490,America,Cold
22491,Europe,Hot
22492,Asia,Hot
22493,Africa,Hot
22494,Africa,Temperate
22495,Africa,Temperate
22496,America,Cold
22497,America,Cold
22498,Africa,Hot
22499,Africa,Cold
22500,Asia,Hot
22501,Africa,Hot
22502,Africa,Cold
22503,Asia,Hot
22504,Europe,Cold
22505,America,Hot
22506,Africa,Temperate
22507,Asia,Hot
22508,America,Cold
22509,Africa,Temperate
22510,Asia,Cold
22511,Europe,Hot
22512,America,Hot
22513,Africa,Cold
22514,Africa,Cold
22515,Europe,Temperate
22516,America,Temperate
22517,America,Temperate
22518,Europe,Cold
22519,Europe,Cold
22520,America,Cold
22521,Asia,Cold
22522,Africa,Cold
22523,America,Hot
22524,Asia,Hot
22525,Europe,Hot
22526,Africa,Temperate
22527,Europe,Hot
22528,Europe,Cold
22529,Asia,Hot
22530,Asia,Cold
22531,America,Hot
22532,America,Temperate
22533,Africa,Cold
22534,Asia,Cold
22535,Africa,Hot
22536,America,Hot
22537,Europe,Temperate
22538,Africa,Cold
22539,America,Hot
22540,Europe,Hot
22541,America,Cold
22542,America,Temperate
22543,Asia,Cold
22544,Europe,Cold
22545,Asia,Temperate
22546,America,Cold
22547,America,Cold
22548,Africa,Hot
22549,America,Temperate
22550,Africa,Temperate
22551,Africa,Temperate
22552,Europe,Hot
22553,Asia,Temperate
22554,Africa,Cold
22555,America,Cold
22556,America,Cold
22557,Europe,Temperate
22558,Europe,Temperate
22559,Europe,Temperate
22560,Africa,Hot
22561,Europe,Hot
22562,America,Cold
22563,Asia,Cold
22564,America,Temperate
22565,Asia,Temperate
22566,America,Temperate
22567,Africa,Hot
22568,Europe,Cold
22569,America,Cold
22570,America,Hot
22571,America,Temperate
22572,Africa,Temperate
22573,Europe,Temperate
22574,Africa,Cold
22575,America,Cold
22576,Africa,Temperate
22577,Asia,Hot
22578,Europe,Temperate
22579,Asia,Hot
22580,America,Cold
22581,Asia,Cold
22582,America,Cold
22583,Europe,Cold
22584,Africa,Temperate
22585,Europe,Cold
22586,Europe,Hot
22587,Asia,Temperate
22588,Asia,Temperate
22589,America,Temperate
22590,Europe,Temperate
22591,America,Hot
22592,Europe,Cold
22593,Africa,Hot
22594,Asia,Temperate
22595,Asia,Hot
22596,America,Hot
22597,Asia,Temperate
22598,Europe,Hot
22599,Europe,Temperate
22600,Africa,Cold
22601,Asia,Cold
22602,Asia,Temperate
22603,Africa,Hot
22604,Africa,Hot
22605,America,Temperate
22606,America,Temperate
22607,Africa,Temperate
22608,Asia,Cold
22609,Asia,Temperate
22610,Asia,Hot
22611,Asia,Temperate
22612,Africa,Temperate
22613,Africa,Hot
22614,America,Hot
22615,Africa,Hot
22616,Asia,Temperate
22617,Africa,Cold
22618,America,Temperate
22619,Asia,Cold
22620,Africa,Hot
22621,Africa,Temperate
22622,Europe,Hot
22623,Asia,Hot
22624,Asia,Temperate
22625,America,Hot
22626,America,Temperate
22627,America,Hot
22628,America,Temperate
22629,Europe,Temperate
22630,America,Temperate
22631,Europe,Hot
22632,America,Temperate
22633,Asia,Hot
22634,Europe,Hot
22635,Asia,Hot
22636,America,Temperate
22637,America,Temperate
22638,Europe,Hot
22639,America,Temperate
22640,America,Hot
22641,Asia,Hot
22642,Europe,Hot
22643,America,Cold
22644,America,Hot
22645,America,Temperate
22646,America,Hot
22647,America,Cold
22648,Asia,Cold
22649,Africa,Cold
22650,Europe,Hot
22651,Africa,Temperate
22652,Europe,Cold
22653,America,Hot
22654,America,Temperate
22655,America,Hot
22656,Europe,Cold
22657,Asia,Temperate
22658,Asia,Temperate
22659,Asia,Temperate
22660,Asia,Cold
22661,Europe,Temperate
22662,America,Temperate
22663,America,Temperate
22664,Asia,Hot
22665,Europe,Temperate
22666,America,Hot
22667,Asia,Temperate
22668,Europe,Temperate
22669,Africa,Hot
22670,America,Temperate
22671,Asia,Hot
22672,Asia,Cold
22673,Asia,Hot
22674,Asia,Cold
22675,Asia,Temperate
22676,Africa,Hot
22677,Europe,Cold
22678,Europe,Hot
22679,Asia,Hot
22680,America,Hot
22681,Africa,Cold
22682,Asia,Cold
22683,Asia,Cold
22684,Asia,Temperate
22685,Asia,Hot
22686,Europe,Temperate
22687,America,Cold
22688,America,Temperate
22689,Asia,Cold
22690,Asia,Temperate
22691,Asia,Hot
22692,Asia,Hot
22693,Africa,Hot
22694,America,Hot
22695,Africa,Cold
22696,Europe,Hot
22697,Africa,Temperate
22698,Africa,Hot
22699,Africa,Temperate
22700,Europe,Temperate
22701,America,Cold
22702,Africa,Cold
22703,America,Temperate
22704,America,Cold
22705,Europe,Cold
22706,America,Cold
22707,Europe,Cold
22708,Africa,Hot
22709,America,Hot
22710,Asia,Temperate
22711,Asia,Temperate
22712,Asia,Temperate
22713,Africa,Cold
22714,America,Hot
22715,America,Temperate
22716,America,Hot
22717,America,Temperate
22718,Asia,Cold
22719,Africa,Hot
22720,Africa,Temperate
22721,Africa,Hot
22722,America,Hot
22723,America,Cold
22724,Europe,Hot
22725,America,Cold
22726,America,Hot
22727,Africa,Cold
22728,Europe,Hot
22729,Europe,Temperate
22730,America,Cold
22731,Africa,Hot
22732,America,Cold
22733,Europe,Cold
22734,Europe,Cold
22735,Africa,Temperate
22736,Africa,Hot
22737,Asia,Temperate
22738,America,Cold
22739,America,Hot
22740,America,Cold
22741,Europe,Hot
22742,Africa,Cold
22743,America,Temperate
22744,Africa,Cold
22745,Africa,Cold
22746,America,Hot
22747,Africa,Temperate
22748,Africa,Cold
22749,Europe,Temperate
22750,America,Temperate
22751,America,Hot
22752,America,Hot
22753,Europe,Hot
22754,Africa,Temperate
22755,America,Cold
22756,Asia,Hot
22757,Asia,Temperate
22758,Europe,Temperate
22759,America,Cold
22760,Africa,Temperate
22761,Europe,Hot
22762,Africa,Hot
22763,Africa,Hot
22764,Asia,Hot
22765,America,Hot
22766,Africa,Temperate
22767,Africa,Hot
22768,Africa,Hot
22769,Africa,Hot
22770,Europe,Hot
22771,Africa,Cold
22772,Asia,Temperate
22773,Europe,Temperate
22774,Asia,Hot
22775,Africa,Cold
22776,America,Cold
22777,Asia,Cold
22778,America,Hot
22779,Europe,Cold
22780,Asia,Cold
22781,Africa,Hot
22782,Africa,Hot
22783,America,Cold
22784,America,Temperate
22785,Asia,Hot
22786,America,Temperate
22787,Africa,Temperate
22788,America,Temperate
22789,Europe,Hot
22790,Europe,Temperate
22791,Europe,Hot
22792,America,Hot
22793,Asia,Temperate
22794,Asia,Cold
22795,America,Cold
22796,America,Hot
22797,Europe,Temperate
22798,America,Temperate
22799,Asia,Cold
22800,Europe,Temperate
22801,America,Hot
22802,Africa,Hot
22803,Asia,Temperate
22804,Europe,Cold
22805,Europe,Temperate
22806,Europe,Hot
22807,Asia,Hot
22808,Africa,Hot
22809,America,Cold
22810,Asia,Hot
22811,Europe,Hot
22812,America,Temperate
22813,Asia,Temperate
22814,Africa,Cold
22815,Africa,Cold
22816,America,Temperate
22817,America,Hot
22818,Asia,Hot
22819,Africa,Hot
22820,Asia,Temperate
22821,Asia,Hot
22822,America,Temperate
22823,Africa,Cold
22824,Europe,Hot
22825,Asia,Temperate
22826,Europe,Hot
22827,Africa,Temperate
22828,Europe,Hot
22829,Asia,Cold
22830,Africa,Cold
22831,Asia,Temperate
22832,Africa,Temperate
22833,Asia,Cold
22834,Europe,Temperate
22835,Asia,Cold
22836,Europe,Hot
22837,Asia,Cold
22838,Asia,Hot
22839,Asia,Temperate
22840,Asia,Cold
22841,America,Hot
22842,Asia,Cold
22843,America,Hot
22844,Africa,Temperate
22845,Europe,Temperate
22846,Europe,Cold
22847,America,Hot
22848,Africa,Temperate
22849,Asia,Hot
22850,Europe,Temperate
22851,America,Hot
22852,Africa,Hot
22853,Africa,Hot
22854,America,Hot
22855,Africa,Temperate
22856,Europe,Hot
22857,America,Hot
22858,America,Cold
22859,Africa,Temperate
22860,America,Cold
22861,America,Cold
22862,Africa,Hot
22863,America,Cold
22864,Europe,Hot
22865,America,Cold
22866,Africa,Temperate
22867,America,Temperate
22868,Europe,Cold
22869,Asia,Cold
22870,Europe,Temperate
22871,America,Hot
22872,Europe,Cold
22873,Asia,Hot
22874,Africa,Hot
22875,Africa,Hot
22876,Africa,Temperate
22877,Europe,Temperate
22878,Asia,Cold
22879,Asia,Cold
22880,Africa,Temperate
22881,Africa,Hot
22882,Africa,Cold
22883,America,Cold
22884,America,Temperate
22885,Asia,Cold
22886,Africa,Cold
22887,Asia,Cold
22888,Europe,Hot
22889,America,Temperate
22890,Africa,Hot
22891,Europe,Temperate
22892,Asia,Hot
22893,Europe,Cold
22894,America,Hot
22895,Europe,Hot
22896,Africa,Temperate
22897,Africa,Cold
22898,America,Temperate
22899,Asia,Cold
22900,Asia,Cold
22901,Asia,Cold
22902,Asia,Hot
22903,Europe,Hot
22904,Asia,Cold
22905,America,Temperate
22906,Europe,Temperate
22907,Asia,Hot
22908,Africa,Temperate
22909,Asia,Cold
22910,Europe,Temperate
22911,Europe,Cold
22912,Europe,Temperate
22913,America,Hot
22914,Europe,Temperate
22915,America,Hot
22916,America,Temperate
22917,America,Hot
22918,Europe,Temperate
22919,America,Cold
22920,Europe,Temperate
22921,Europe,Temperate
22922,Asia,Temperate
22923,Asia,Cold
22924,America,Cold
22925,Asia,Hot
22926,Africa,Temperate
22927,Europe,Cold
22928,Asia,Hot
22929,Africa,Temperate
22930,Africa,Cold
22931,America,Cold
22932,Europe,Temperate
22933,Africa,Cold
22934,Asia,Hot
22935,Europe,Hot
22936,Asia,Cold
22937,Asia,Cold
22938,Africa,Cold
22939,America,Hot
22940,Europe,Hot
22941,America,Cold
22942,Africa,Hot
22943,America,Temperate
22944,Africa,Hot
22945,Asia,Cold
22946,Asia,Hot
22947,Africa,Temperate
22948,Asia,Cold
22949,Africa,Hot
22950,Europe,Temperate
22951,Asia,Hot
22952,Asia,Temperate
22953,Africa,Temperate
22954,Africa,Hot
22955,Asia,Cold
22956,Europe,Temperate
22957,Asia,Cold
22958,Africa,Temperate
22959,Europe,Temperate
22960,Europe,Temperate
22961,Europe,Cold
22962,America,Hot
22963,America,Temperate
22964,Africa,Hot
22965,Asia,Temperate
22966,Asia,Temperate
22967,America,Temperate
22968,Europe,Temperate
22969,America,Hot
22970,Asia,Hot
22971,Africa,Cold
22972,Asia,Temperate
22973,America,Hot
22974,Africa,Hot
22975,Europe,Hot
22976,Europe,Hot
22977,Africa,Cold
22978,Europe,Temperate
22979,Asia,Temperate
22980,Asia,Temperate
22981,Asia,Hot
22982,Africa,Temperate
22983,America,Cold
22984,Asia,Cold
22985,Europe,Hot
22986,Asia,Hot
22987,Asia,Temperate
22988,Africa,Cold
22989,Europe,Hot
22990,Asia,Temperate
22991,Europe,Cold
22992,Africa,Hot
22993,America,Hot
22994,Africa,Temperate
22995,Asia,Hot
22996,Asia,Hot
22997,Europe,Temperate
22998,Asia,Hot
22999,Africa,Hot
23000,Africa,Hot
23001,Africa,Hot
23002,Africa,Temperate
23003,Africa,Temperate
23004,Asia,Temperate
23005,Europe,Cold
23006,Asia,Hot
23007,Asia,Hot
23008,Europe,Cold
23009,America,Cold
23010,Asia,Cold
23011,Europe,Hot
23012,Africa,Cold
23013,Africa,Temperate
23014,Africa,Cold
23015,Africa,Temperate
23016,Africa,Cold
23017,Europe,Temperate
23018,Asia,Hot
23019,Europe,Hot
23020,America,Temperate
23021,Europe,Temperate
23022,Europe,Cold
23023,Europe,Temperate
23024,Europe,Hot
23025,America,Hot
23026,Africa,Hot
23027,America,Cold
23028,Asia,Cold
23029,Africa,Cold
23030,Europe,Temperate
23031,Asia,Temperate
23032,Europe,Cold
23033,America,Temperate
23034,Africa,Cold
23035,America,Cold
23036,Africa,Temperate
23037,Europe,Hot
23038,Asia,Temperate
23039,Europe,Cold
23040,Asia,Cold
23041,America,Hot
23042,America,Temperate
23043,America,Cold
23044,Europe,Hot
23045,Asia,Temperate
23046,Europe,Temperate
23047,America,Temperate
23048,Africa,Cold
23049,Europe,Cold
23050,Asia,Hot
23051,Asia,Hot
23052,America,Temperate
23053,America,Hot
23054,Africa,Cold
23055,Asia,Cold
23056,Asia,Cold
23057,America,Cold
23058,Asia,Hot
23059,Africa,Cold
23060,Europe,Cold
23061,Africa,Hot
23062,Africa,Cold
23063,Europe,Temperate
23064,Asia,Hot
23065,Europe,Cold
23066,Africa,Hot
23067,Europe,Cold
23068,Africa,Temperate
23069,Europe,Cold
23070,Africa,Temperate
23071,America,Temperate
23072,Asia,Temperate
23073,Europe,Hot
23074,Europe,Temperate
23075,Europe,Temperate
23076,America,Temperate
23077,Asia,Hot
23078,Europe,Temperate
23079,Europe,Temperate
23080,America,Cold
23081,Europe,Temperate
23082,America,Hot
23083,Africa,Cold
23084,America,Hot
23085,Africa,Cold
23086,America,Temperate
23087,Europe,Temperate
23088,Asia,Temperate
23089,Africa,Temperate
23090,Asia,Hot
23091,Asia,Temperate
23092,Asia,Cold
23093,America,Temperate
23094,Europe,Hot
23095,Asia,Hot
23096,Asia,Temperate
23097,Asia,Temperate
23098,Europe,Temperate
23099,Africa,Hot
23100,Africa,Hot
23101,Asia,Cold
23102,Africa,Temperate
23103,America,Hot
23104,America,Temperate
23105,Europe,Temperate
23106,America,Cold
23107,Europe,Cold
23108,Europe,Hot
23109,Africa,Cold
23110,Asia,Hot
23111,Asia,Temperate
23112,Asia,Hot
23113,Africa,Cold
23114,Asia,Hot
23115,Africa,Temperate
23116,Africa,Temperate
23117,America,Temperate
23118,Asia,Hot
23119,Europe,Temperate
23120,Asia,Cold
23121,America,Hot
23122,America,Hot
23123,America,Temperate
23124,Europe,Cold
23125,America,Hot
23126,America,Hot
23127,Europe,Hot
23128,Europe,Temperate
23129,Africa,Cold
23130,Africa,Hot
23131,Europe,Cold
23132,Europe,Temperate
23133,America,Temperate
23134,Europe,Cold
23135,Asia,Cold
23136,Europe,Temperate
23137,Africa,Cold
23138,America,Cold
23139,Europe,Hot
23140,America,Cold
23141,America,Temperate
23142,America,Temperate
23143,America,Temperate
23144,Asia,Cold
23145,Asia,Cold
23146,Europe,Hot
23147,Europe,Hot
23148,Asia,Cold
23149,America,Cold
23150,America,Cold
23151,America,Hot
23152,Europe,Temperate
23153,Asia,Temperate
23154,Asia,Hot
23155,Africa,Cold
23156,Europe,Cold
23157,America,Hot
23158,Africa,Temperate
23159,Africa,Hot
23160,America,Temperate
23161,Europe,Hot
23162,America,Hot
23163,Africa,Temperate
23164,America,Cold
23165,Africa,Hot
23166,America,Hot
23167,Africa,Cold
23168,America,Temperate
23169,Asia,Hot
23170,Africa,Cold
23171,Asia,Cold
23172,Europe,Cold
23173,Asia,Temperate
23174,Europe,Hot
23175,America,Hot
23176,Europe,Cold
23177,Africa,Cold
23178,Europe,Cold
23179,Asia,Temperate
23180,Asia,Hot
23181,Africa,Cold
23182,Africa,Hot
23183,Africa,Temperate
23184,Europe,Temperate
23185,Europe,Cold
23186,Europe,Hot
23187,Europe,Cold
23188,Africa,Hot
23189,Europe,Hot
23190,Asia,Cold
23191,Asia,Temperate
23192,Africa,Hot
23193,Africa,Hot
23194,Asia,Cold
23195,America,Hot
23196,America,Cold
23197,Europe,Cold
23198,America,Temperate
23199,Europe,Cold
23200,Africa,Temperate
23201,Africa,Hot
23202,Asia,Cold
23203,Asia,Cold
23204,Africa,Hot
23205,Europe,Hot
23206,Asia,Hot
23207,America,Hot
23208,America,Cold
23209,Europe,Temperate
23210,Europe,Temperate
23211,Africa,Temperate
23212,America,Hot
23213,Europe,Hot
23214,Africa,Hot
23215,Africa,Temperate
23216,America,Hot
23217,America,Cold
23218,America,Temperate
23219,Europe,Cold
23220,Asia,Hot
23221,Europe,Hot
23222,Africa,Hot
23223,Europe,Temperate
23224,Asia,Cold
23225,Europe,Cold
23226,America,Temperate
23227,Europe,Temperate
23228,America,Cold
23229,America,Temperate
23230,Africa,Temperate
23231,Europe,Temperate
23232,Europe,Hot
23233,Europe,Hot
23234,Asia,Hot
23235,Europe,Cold
23236,Europe,Temperate
23237,Europe,Hot
23238,Asia,Cold
23239,Europe,Hot
23240,America,Cold
23241,America,Temperate
23242,Europe,Temperate
23243,America,Temperate
23244,Europe,Hot
23245,Asia,Cold
23246,Africa,Temperate
23247,America,Cold
23248,Africa,Cold
23249,Africa,Cold
23250,Europe,Temperate
23251,Asia,Temperate
23252,Africa,Temperate
23253,America,Temperate
23254,Asia,Temperate
23255,America,Temperate
23256,America,Temperate
23257,Asia,Temperate
23258,America,Hot
23259,Europe,Cold
23260,Europe,Cold
23261,Asia,Hot
23262,America,Temperate
23263,Africa,Temperate
23264,Asia,Hot
23265,Africa,Cold
23266,Asia,Hot
23267,Africa,Temperate
23268,Africa,Cold
23269,Asia,Hot
23270,Asia,Cold
23271,Asia,Temperate
23272,Asia,Temperate
23273,America,Temperate
23274,Asia,Hot
23275,Africa,Temperate
23276,Africa,Cold
23277,America,Cold
23278,Asia,Hot
23279,America,Hot
23280,America,Hot
23281,America,Cold
23282,America,Hot
23283,America,Hot
23284,America,Cold
23285,America,Hot
23286,Africa,Temperate
23287,Africa,Cold
23288,Africa,Hot
23289,Africa,Cold
23290,Africa,Temperate
23291,America,Cold
23292,America,Temperate
23293,Africa,Hot
23294,Asia,Temperate
23295,Africa,Temperate
23296,America,Temperate
23297,Asia,Temperate
23298,Europe,Cold
23299,Africa,Cold
23300,Asia,Temperate
23301,Africa,Hot
23302,Europe,Cold
23303,Asia,Temperate
23304,Europe,Temperate
23305,Europe,Cold
23306,Europe,Hot
23307,Africa,Temperate
23308,Asia,Hot
23309,America,Temperate
23310,America,Temperate
23311,Africa,Hot
23312,Africa,Cold
23313,Europe,Hot
23314,Africa,Hot
23315,Asia,Temperate
23316,America,Cold
23317,Asia,Hot
23318,Europe,Cold
23319,Africa,Cold
23320,Africa,Cold
23321,Europe,Hot
23322,America,Temperate
23323,Africa,Cold
23324,Europe,Temperate
23325,America,Temperate
23326,America,Hot
23327,Africa,Hot
23328,Asia,Hot
23329,America,Hot
23330,America,Temperate
23331,America,Temperate
23332,Europe,Hot
23333,America,Temperate
23334,Europe,Hot
23335,America,Temperate
23336,Africa,Temperate
23337,Asia,Hot
23338,Asia,Hot
23339,America,Temperate
23340,Europe,Temperate
23341,Europe,Hot
23342,Asia,Temperate
23343,Africa,Cold
23344,Europe,Cold
23345,Africa,Cold
23346,America,Hot
23347,Africa,Hot
23348,Africa,Cold
23349,Asia,Temperate
23350,Africa,Temperate
23351,America,Hot
23352,Africa,Hot
23353,Europe,Hot
23354,Europe,Cold
23355,Asia,Cold
23356,America,Cold
23357,Europe,Hot
23358,Europe,Cold
23359,Africa,Temperate
23360,Asia,Cold
23361,Asia,Hot
23362,Europe,Cold
23363,Asia,Cold
23364,Asia,Temperate
23365,Europe,Cold
23366,Asia,Cold
23367,America,Hot
23368,Asia,Temperate
23369,Asia,Temperate
23370,Europe,Cold
23371,America,Temperate
23372,America,Hot
23373,Asia,Temperate
23374,Africa,Cold
23375,Africa,Cold
23376,Europe,Cold
23377,America,Hot
23378,Europe,Hot
23379,Africa,Temperate
23380,Asia,Cold
23381,Europe,Hot
23382,Europe,Hot
23383,Asia,Temperate
23384,Europe,Cold
23385,Asia,Temperate
23386,Europe,Cold
23387,America,Cold
23388,Africa,Temperate
23389,Africa,Hot
23390,Europe,Cold
23391,America,Cold
23392,America,Hot
23393,Asia,Hot
23394,Africa,Temperate
23395,Africa,Hot
23396,Europe,Hot
23397,Africa,Temperate
23398,America,Temperate
23399,Asia,Temperate
23400,America,Cold
23401,Asia,Cold
23402,Africa,Cold
23403,Europe,Hot
23404,Asia,Hot
23405,Asia,Temperate
23406,Asia,Temperate
23407,Africa,Cold
23408,America,Cold
23409,Asia,Hot
23410,Asia,Cold
23411,America,Temperate
23412,America,Cold
23413,Africa,Temperate
23414,Africa,Cold
23415,Africa,Temperate
23416,America,Temperate
23417,Europe,Temperate
23418,America,Hot
23419,America,Hot
23420,Europe,Hot
23421,Africa,Temperate
23422,Europe,Cold
23423,Asia,Hot
23424,America,Cold
23425,America,Hot
23426,Europe,Cold
23427,Europe,Cold
23428,Asia,Temperate
23429,Africa,Hot
23430,Asia,Temperate
23431,Asia,Temperate
23432,America,Cold
23433,America,Cold
23434,America,Cold
23435,America,Temperate
23436,Asia,Hot
23437,America,Temperate
23438,Africa,Hot
23439,America,Temperate
23440,Europe,Temperate
23441,America,Temperate
23442,America,Temperate
23443,Asia,Hot
23444,Asia,Cold
23445,Europe,Temperate
23446,Europe,Cold
23447,Asia,Hot
23448,Asia,Cold
23449,America,Cold
23450,Asia,Temperate
23451,Europe,Temperate
23452,Asia,Temperate
23453,Africa,Cold
23454,Europe,Cold
23455,Africa,Temperate
23456,Europe,Cold
23457,Asia,Hot
23458,Europe,Temperate
23459,Europe,Cold
23460,Asia,Hot
23461,Europe,Hot
23462,Asia,Hot
23463,America,Hot
23464,Asia,Hot
23465,Europe,Temperate
23466,Africa,Hot
23467,Asia,Cold
23468,Asia,Cold
23469,Asia,Hot
23470,Asia,Hot
23471,Africa,Temperate
23472,Asia,Hot
23473,Africa,Cold
23474,Africa,Temperate
23475,Asia,Cold
23476,Europe,Hot
23477,America,Hot
23478,Africa,Cold
23479,Europe,Temperate
23480,America,Temperate
23481,Asia,Temperate
23482,Europe,Temperate
23483,America,Temperate
23484,Europe,Temperate
23485,Asia,Hot
23486,America,Temperate
23487,Europe,Cold
23488,America,Hot
23489,Asia,Cold
23490,Europe,Temperate
23491,Africa,Temperate
23492,America,Hot
23493,America,Temperate
23494,America,Hot
23495,America,Hot
23496,America,Temperate
23497,America,Hot
23498,Asia,Hot
23499,Europe,Cold
23500,Africa,Cold
23501,America,Temperate
23502,Africa,Cold
23503,Europe,Temperate
23504,Europe,Temperate
23505,Europe,Hot
23506,Africa,Hot
23507,Asia,Temperate
23508,America,Cold
23509,Europe,Temperate
23510,Africa,Temperate
23511,America,Hot
23512,America,Hot
23513,Europe,Hot
23514,Africa,Cold
23515,Europe,Temperate
23516,Europe,Cold
23517,Europe,Hot
23518,Europe,Cold
23519,America,Cold
23520,America,Hot
23521,America,Temperate
23522,Europe,Cold
23523,America,Cold
23524,Asia,Temperate
23525,Africa,Cold
23526,Europe,Cold
23527,Europe,Temperate
23528,America,Temperate
23529,Europe,Cold
23530,Africa,Temperate
23531,America,Temperate
23532,Africa,Cold
23533,Asia,Hot
23534,Africa,Cold
23535,America,Cold
23536,Europe,Temperate
23537,Africa,Hot
23538,Europe,Hot
23539,Asia,Hot
23540,Asia,Temperate
23541,Asia,Temperate
23542,Asia,Hot
23543,Europe,Hot
23544,Africa,Temperate
23545,America,Temperate
23546,Europe,Cold
23547,Asia,Cold
23548,Europe,Temperate
23549,Asia,Hot
23550,Africa,Temperate
23551,Africa,Hot
23552,America,Temperate
23553,Asia,Cold
23554,Africa,Cold
23555,Africa,Cold
23556,Africa,Temperate
23557,Africa,Temperate
23558,America,Hot
23559,Europe,Temperate
23560,America,Temperate
23561,Africa,Cold
23562,Europe,Hot
23563,Asia,Cold
23564,America,Temperate
23565,Europe,Cold
23566,America,Cold
23567,America,Hot
23568,Africa,Temperate
23569,Europe,Hot
23570,Asia,Cold
23571,Europe,Hot
23572,Europe,Hot
23573,Africa,Temperate
23574,Europe,Hot
23575,Asia,Cold
23576,America,Hot
23577,Africa,Cold
23578,Africa,Hot
23579,Europe,Hot
23580,Europe,Hot
23581,America,Temperate
23582,Europe,Hot
23583,Africa,Cold
23584,Europe,Cold
23585,Africa,Temperate
23586,Asia,Hot
23587,Africa,Cold
23588,Africa,Hot
23589,Africa,Temperate
23590,America,Hot
23591,Asia,Hot
23592,Africa,Cold
23593,Europe,Temperate
23594,Europe,Temperate
23595,Africa,Temperate
23596,Europe,Hot
23597,Europe,Temperate
23598,America,Cold
23599,Asia,Cold
23600,Europe,Hot
23601,Asia,Temperate
23602,Europe,Temperate
23603,Africa,Cold
23604,Africa,Cold
23605,Asia,Hot
23606,Asia,Hot
23607,Asia,Cold
23608,Asia,Temperate
23609,Africa,Temperate
23610,Europe,Hot
23611,Africa,Cold
23612,Asia,Cold
23613,America,Cold
23614,Europe,Temperate
23615,Africa,Temperate
23616,America,Hot
23617,Europe,Cold
23618,Africa,Temperate
23619,Europe,Temperate
23620,America,Hot
23621,Asia,Cold
23622,Europe,Hot
23623,Asia,Temperate
23624,Africa,Temperate
23625,Africa,Hot
23626,Europe,Hot
23627,Europe,Hot
23628,America,Cold
23629,Asia,Hot
23630,Europe,Hot
23631,Europe,Hot
23632,Europe,Temperate
23633,Europe,Temperate
23634,Europe,Hot
23635,Europe,Temperate
23636,America,Hot
23637,Europe,Hot
23638,America,Hot
23639,Asia,Temperate
23640,Asia,Cold
23641,America,Cold
23642,Europe,Temperate
23643,Africa,Cold
23644,Africa,Cold
23645,Europe,Cold
23646,Europe,Hot
23647,Europe,Hot
23648,Asia,Cold
23649,Europe,Hot
23650,Asia,Temperate
23651,America,Hot
23652,Africa,Hot
23653,Asia,Hot
23654,Asia,Hot
23655,Africa,Hot
23656,Asia,Hot
23657,Asia,Cold
23658,Europe,Cold
23659,Africa,Hot
23660,Asia,Hot
23661,America,Hot
23662,Europe,Temperate
23663,Africa,Hot
23664,America,Temperate
23665,Africa,Hot
23666,Africa,Hot
23667,Africa,Cold
23668,Asia,Temperate
23669,Africa,Hot
23670,Africa,Hot
23671,Africa,Cold
23672,Asia,Cold
23673,Europe,Hot
23674,Asia,Temperate
23675,Asia,Cold
23676,Asia,Hot
23677,Africa,Hot
23678,Europe,Temperate
23679,America,Cold
23680,Africa,Temperate
23681,America,Hot
23682,America,Cold
23683,Europe,Hot
23684,Europe,Hot
23685,Asia,Hot
23686,America,Temperate
23687,Asia,Cold
23688,America,Cold
23689,Asia,Temperate
23690,Europe,Hot
23691,America,Cold
23692,America,Temperate
23693,Europe,Temperate
23694,America,Hot
23695,Asia,Cold
23696,Asia,Cold
23697,America,Temperate
23698,America,Cold
23699,Asia,Temperate
23700,Europe,Hot
23701,Europe,Hot
23702,Asia,Cold
23703,Europe,Hot
23704,Europe,Cold
23705,America,Temperate
23706,Africa,Cold
23707,Asia,Hot
23708,Africa,Hot
23709,Asia,Cold
23710,Europe,Hot
23711,Europe,Cold
23712,America,Cold
23713,America,Temperate
23714,Europe,Hot
23715,America,Hot
23716,America,Hot
23717,Asia,Cold
23718,America,Temperate
23719,Europe,Cold
23720,Europe,Hot
23721,Europe,Cold
23722,America,Hot
23723,America,Cold
23724,Africa,Cold
23725,Europe,Hot
23726,America,Cold
23727,Africa,Hot
23728,Europe,Cold
23729,Europe,Cold
23730,Europe,Hot
23731,Asia,Hot
23732,Europe,Hot
23733,Europe,Hot
23734,Africa,Hot
23735,Europe,Cold
23736,Asia,Cold
23737,America,Temperate
23738,Europe,Temperate
23739,America,Temperate
23740,Asia,Hot
23741,Africa,Hot
23742,Africa,Cold
23743,America,Cold
23744,America,Cold
23745,America,Hot
23746,Asia,Temperate
23747,America,Hot
23748,America,Temperate
23749,America,Cold
23750,Asia,Cold
23751,Asia,Temperate
23752,Asia,Hot
23753,Asia,Cold
23754,Asia,Temperate
23755,Europe,Hot
23756,America,Temperate
23757,Asia,Cold
23758,Europe,Hot
23759,America,Cold
23760,Africa,Hot
23761,Asia,Cold
23762,Africa,Hot
23763,Europe,Temperate
23764,Asia,Cold
23765,America,Cold
23766,Europe,Cold
23767,America,Cold
23768,Asia,Temperate
23769,Asia,Temperate
23770,Asia,Hot
23771,America,Hot
23772,Asia,Temperate
23773,America,Hot
23774,Europe,Cold
23775,Europe,Hot
23776,America,Hot
23777,America,Hot
23778,America,Temperate
23779,Africa,Hot
23780,Asia,Cold
23781,America,Cold
23782,Africa,Hot
23783,Africa,Cold
23784,Africa,Hot
23785,America,Hot
23786,Europe,Cold
23787,Africa,Temperate
23788,Asia,Cold
23789,America,Hot
23790,Asia,Hot
23791,Asia,Cold
23792,Africa,Cold
23793,Africa,Temperate
23794,Africa,Hot
23795,America,Cold
23796,Asia,Cold
23797,Europe,Temperate
23798,Africa,Cold
23799,Europe,Temperate
23800,Africa,Cold
23801,America,Temperate
23802,America,Hot
23803,Europe,Hot
23804,Asia,Temperate
23805,Asia,Hot
23806,Africa,Hot
23807,Africa,Cold
23808,Asia,Hot
23809,Europe,Temperate
23810,Europe,Temperate
23811,Asia,Hot
23812,Africa,Temperate
23813,Africa,Cold
23814,America,Cold
23815,Africa,Temperate
23816,Asia,Hot
23817,Africa,Cold
23818,Africa,Cold
23819,Europe,Hot
23820,America,Hot
23821,Asia,Cold
23822,Africa,Hot
23823,Asia,Temperate
23824,America,Cold
23825,Europe,Hot
23826,America,Hot
23827,Asia,Cold
23828,Asia,Hot
23829,Europe,Hot
23830,Asia,Hot
23831,Africa,Cold
23832,Asia,Temperate
23833,Africa,Hot
23834,America,Cold
23835,Europe,Cold
23836,Africa,Temperate
23837,Africa,Hot
23838,Europe,Cold
23839,Africa,Hot
23840,Africa,Hot
23841,Asia,Cold
23842,America,Temperate
23843,America,Cold
23844,Africa,Hot
23845,Europe,Temperate
23846,Asia,Cold
23847,Asia,Hot
23848,Africa,Hot
23849,Asia,Cold
23850,Europe,Temperate
23851,Europe,Cold
23852,Africa,Hot
23853,Africa,Hot
23854,Europe,Cold
23855,Europe,Cold
23856,America,Temperate
23857,Europe,Hot
23858,Asia,Hot
23859,America,Cold
23860,America,Hot
23861,Africa,Hot
23862,Africa,Cold
23863,Europe,Cold
23864,Europe,Hot
23865,Africa,Temperate
23866,Asia,Cold
23867,Africa,Cold
23868,Africa,Temperate
23869,America,Hot
23870,Africa,Hot
23871,America,Temperate
23872,America,Temperate
23873,Europe,Temperate
23874,America,Cold
23875,Africa,Cold
23876,Africa,Cold
23877,Africa,Temperate
23878,Africa,Temperate
23879,America,Hot
23880,America,Temperate
23881,Asia,Hot
23882,Asia,Cold
23883,Europe,Hot
23884,Africa,Temperate
23885,Europe,Cold
23886,America,Hot
23887,America,Hot
23888,Africa,Hot
23889,Europe,Hot
23890,America,Cold
23891,America,Cold
23892,America,Temperate
23893,Africa,Cold
23894,Asia,Temperate
23895,Asia,Temperate
23896,America,Cold
23897,Africa,Temperate
23898,Europe,Cold
23899,America,Hot
23900,Africa,Temperate
23901,America,Cold
23902,America,Hot
23903,Africa,Temperate
23904,Africa,Hot
23905,America,Hot
23906,Asia,Hot
23907,Europe,Cold
23908,Asia,Hot
23909,Africa,Hot
23910,Europe,Hot
23911,Europe,Hot
23912,America,Hot
23913,Asia,Temperate
23914,Africa,Hot
23915,Africa,Temperate
23916,Europe,Temperate
23917,Asia,Temperate
23918,Asia,Hot
23919,Africa,Hot
23920,Asia,Hot
23921,Europe,Temperate
23922,Africa,Hot
23923,America,Cold
23924,America,Cold
23925,Europe,Temperate
23926,Asia,Cold
23927,Africa,Cold
23928,Europe,Hot
23929,Africa,Cold
23930,Africa,Temperate
23931,Europe,Hot
23932,America,Cold
23933,Africa,Hot
23934,Africa,Cold
23935,Africa,Hot
23936,Europe,Cold
23937,Europe,Hot
23938,America,Temperate
23939,Africa,Cold
23940,Europe,Temperate
23941,Africa,Cold
23942,America,Temperate
23943,Asia,Hot
23944,Asia,Cold
23945,Asia,Hot
23946,America,Cold
23947,Europe,Cold
23948,Africa,Temperate
23949,Europe,Cold
23950,Asia,Temperate
23951,Asia,Cold
23952,Africa,Cold
23953,Africa,Cold
23954,America,Temperate
23955,Africa,Temperate
23956,Europe,Temperate
23957,Europe,Hot
23958,Africa,Cold
23959,Europe,Hot
23960,Europe,Temperate
23961,Asia,Hot
23962,Asia,Cold
23963,Africa,Temperate
23964,Africa,Cold
23965,Africa,Temperate
23966,Asia,Hot
23967,Europe,Temperate
23968,America,Temperate
23969,Europe,Temperate
23970,America,Temperate
23971,Asia,Cold
23972,America,Hot
23973,Africa,Cold
23974,Africa,Hot
23975,Africa,Hot
23976,Africa,Cold
23977,Europe,Cold
23978,Africa,Cold
23979,America,Hot
23980,Asia,Hot
23981,Africa,Cold
23982,Europe,Temperate
23983,Africa,Temperate
23984,Africa,Temperate
23985,Europe,Hot
23986,Asia,Hot
23987,Europe,Temperate
23988,America,Temperate
23989,Europe,Cold
23990,America,Cold
23991,Africa,Temperate
23992,Europe,Temperate
23993,Africa,Temperate
23994,Europe,Hot
23995,America,Hot
23996,Europe,Temperate
23997,America,Hot
23998,Africa,Hot
23999,Europe,Hot
24000,Europe,Temperate
24001,Africa,Cold
24002,Europe,Hot
24003,America,Temperate
24004,Europe,Cold
24005,Africa,Temperate
24006,Europe,Temperate
24007,Asia,Hot
24008,Europe,Temperate
24009,Europe,Hot
24010,Europe,Cold
24011,Africa,Cold
24012,Africa,Hot
24013,America,Cold
24014,Asia,Hot
24015,Africa,Hot
24016,Asia,Cold
24017,Europe,Cold
24018,Europe,Temperate
24019,Europe,Hot
24020,Europe,Cold
24021,Asia,Cold
24022,America,Cold
24023,Asia,Temperate
24024,Europe,Cold
24025,America,Cold
24026,America,Hot
24027,Europe,Cold
24028,America,Temperate
24029,Africa,Hot
24030,Europe,Cold
24031,America,Hot
24032,Asia,Temperate
24033,America,Temperate
24034,Asia,Temperate
24035,Africa,Cold
24036,Europe,Cold
24037,America,Temperate
24038,Africa,Temperate
24039,Asia,Cold
24040,Africa,Cold
24041,Africa,Temperate
24042,Asia,Temperate
24043,Europe,Hot
24044,Africa,Hot
24045,Africa,Cold
24046,Asia,Temperate
24047,Asia,Cold
24048,Africa,Hot
24049,America,Cold
24050,Asia,Cold
24051,Europe,Cold
24052,America,Cold
24053,America,Temperate
24054,Africa,Temperate
24055,Europe,Cold
24056,America,Hot
24057,Asia,Temperate
24058,Europe,Cold
24059,Europe,Temperate
24060,Africa,Cold
24061,America,Temperate
24062,Asia,Temperate
24063,America,Cold
24064,America,Temperate
24065,Asia,Temperate
24066,America,Cold
24067,Europe,Cold
24068,Africa,Cold
24069,Africa,Cold
24070,Europe,Hot
24071,America,Temperate
24072,America,Cold
24073,Africa,Cold
24074,Africa,Hot
24075,Asia,Temperate
24076,Asia,Hot
24077,Asia,Cold
24078,Asia,Temperate
24079,Africa,Temperate
24080,America,Temperate
24081,Europe,Temperate
24082,Africa,Cold
24083,Europe,Hot
24084,Europe,Temperate
24085,America,Hot
24086,America,Hot
24087,Europe,Hot
24088,Africa,Temperate
24089,Europe,Cold
24090,America,Temperate
24091,Asia,Hot
24092,America,Hot
24093,America,Hot
24094,Africa,Hot
24095,Europe,Cold
24096,Europe,Temperate
24097,Europe,Hot
24098,Asia,Cold
24099,Asia,Cold
24100,Asia,Temperate
24101,Asia,Hot
24102,Asia,Cold
24103,America,Temperate
24104,Africa,Temperate
24105,Africa,Cold
24106,America,Cold
24107,Asia,Hot
24108,America,Temperate
24109,America,Temperate
24110,America,Hot
24111,Europe,Hot
24112,Africa,Temperate
24113,America,Temperate
24114,Asia,Hot
24115,America,Cold
24116,Asia,Temperate
24117,Asia,Cold
24118,Europe,Temperate
24119,Africa,Temperate
24120,America,Cold
24121,Africa,Hot
24122,Asia,Hot
24123,America,Temperate
24124,America,Cold
24125,America,Cold
24126,Africa,Cold
24127,America,Temperate
24128,Europe,Temperate
24129,Europe,Cold
24130,Africa,Cold
24131,America,Cold
24132,Europe,Cold
24133,America,Temperate
24134,Asia,Hot
24135,Asia,Hot
24136,America,Hot
24137,America,Hot
24138,America,Hot
24139,Asia,Hot
24140,Europe,Cold
24141,Asia,Cold
24142,America,Hot
24143,Africa,Hot
24144,Europe,Temperate
24145,Africa,Temperate
24146,Asia,Temperate
24147,Europe,Hot
24148,Europe,Temperate
24149,Africa,Temperate
24150,Africa,Hot
24151,Africa,Hot
24152,Africa,Hot
24153,Europe,Cold
24154,Asia,Hot
24155,Africa,Temperate
24156,America,Hot
24157,Europe,Cold
24158,Africa,Cold
24159,America,Temperate
24160,Asia,Cold
24161,Asia,Temperate
24162,Africa,Cold
24163,America,Cold
24164,Africa,Hot
24165,Europe,Cold
24166,Europe,Cold
24167,Europe,Hot
24168,Africa,Hot
24169,Africa,Cold
24170,Africa,Hot
24171,Asia,Cold
24172,Asia,Cold
24173,America,Cold
24174,Africa,Hot
24175,Europe,Hot
24176,Europe,Cold
24177,Africa,Hot
24178,America,Temperate
24179,Europe,Hot
24180,America,Hot
24181,Africa,Hot
24182,Asia,Temperate
24183,Europe,Cold
24184,America,Cold
24185,Asia,Temperate
24186,America,Hot
24187,Asia,Hot
24188,Africa,Hot
24189,Asia,Temperate
24190,Europe,Hot
24191,Africa,Temperate
24192,Africa,Hot
24193,Europe,Cold
24194,Asia,Hot
24195,Africa,Temperate
24196,Africa,Cold
24197,Africa,Cold
24198,America,Cold
24199,Europe,Temperate
24200,Europe,Hot
24201,Africa,Hot
24202,Africa,Temperate
24203,Europe,Hot
24204,Asia,Temperate
24205,Africa,Hot
24206,America,Cold
24207,Europe,Cold
24208,Asia,Temperate
24209,Asia,Temperate
24210,Europe,Temperate
24211,America,Cold
24212,Africa,Hot
24213,Europe,Temperate
24214,America,Temperate
24215,Europe,Cold
24216,Asia,Cold
24217,Africa,Temperate
24218,Asia,Cold
24219,Europe,Cold
24220,America,Hot
24221,Europe,Hot
24222,Africa,Temperate
24223,Europe,Cold
24224,Europe,Hot
24225,Asia,Hot
24226,Africa,Temperate
24227,Europe,Cold
24228,Africa,Cold
24229,Africa,Temperate
24230,America,Temperate
24231,America,Hot
24232,Asia,Hot
24233,Asia,Temperate
24234,America,Temperate
24235,Europe,Temperate
24236,Europe,Cold
24237,Africa,Cold
24238,Asia,Hot
24239,America,Hot
24240,Europe,Temperate
24241,America,Temperate
24242,Africa,Temperate
24243,America,Hot
24244,Africa,Hot
24245,Asia,Hot
24246,Europe,Temperate
24247,Europe,Hot
24248,Europe,Hot
24249,Asia,Cold
24250,Africa,Cold
24251,Europe,Temperate
24252,Asia,Cold
24253,Europe,Hot
24254,Europe,Hot
24255,Asia,Cold
24256,Europe,Cold
24257,Europe,Cold
24258,America,Hot
24259,America,Hot
24260,Africa,Temperate
24261,Asia,Cold
24262,America,Temperate
24263,America,Temperate
24264,Europe,Hot
24265,America,Cold
24266,Africa,Temperate
24267,Europe,Temperate
24268,Europe,Cold
24269,Africa,Temperate
24270,Europe,Hot
24271,Africa,Cold
24272,Africa,Cold
24273,Africa,Cold
24274,America,Cold
24275,Europe,Temperate
24276,Asia,Hot
24277,America,Temperate
24278,Asia,Hot
24279,Europe,Hot
24280,Africa,Cold
24281,Asia,Hot
24282,America,Cold
24283,Africa,Temperate
24284,Asia,Cold
24285,Europe,Hot
24286,Asia,Hot
24287,America,Cold
24288,Europe,Temperate
24289,Africa,Temperate
24290,America,Cold
24291,Africa,Temperate
24292,Europe,Temperate
24293,Asia,Temperate
24294,America,Cold
24295,Africa,Cold
24296,Europe,Hot
24297,Europe,Hot
24298,Asia,Hot
24299,America,Cold
24300,Asia,Cold
24301,Europe,Cold
24302,Asia,Cold
24303,America,Cold
24304,Europe,Temperate
24305,Africa,Hot
24306,Europe,Cold
24307,Asia,Hot
24308,Asia,Cold
24309,Asia,Hot
24310,Asia,Cold
24311,Europe,Cold
24312,America,Hot
24313,Europe,Temperate
24314,America,Cold
24315,Europe,Temperate
24316,Europe,Temperate
24317,America,Hot
24318,Asia,Cold
24319,America,Hot
24320,America,Cold
24321,Africa,Temperate
24322,Africa,Temperate
24323,Asia,Temperate
24324,Africa,Cold
24325,Europe,Cold
24326,Africa,Temperate
24327,America,Temperate
24328,Europe,Temperate
24329,America,Temperate
24330,Europe,Cold
24331,America,Cold
24332,Europe,Cold
24333,Asia,Hot
24334,America,Temperate
24335,America,Hot
24336,Europe,Temperate
24337,America,Hot
24338,Asia,Cold
24339,America,Temperate
24340,Asia,Temperate
24341,Africa,Temperate
24342,Africa,Cold
24343,Africa,Cold
24344,Asia,Temperate
24345,Asia,Hot
24346,Europe,Cold
24347,America,Hot
24348,Asia,Hot
24349,Europe,Cold
24350,Africa,Cold
24351,America,Cold
24352,Asia,Cold
24353,Europe,Hot
24354,Europe,Temperate
24355,Asia,Temperate
24356,Africa,Temperate
24357,Europe,Hot
24358,Asia,Cold
24359,Asia,Hot
24360,Europe,Temperate
24361,America,Temperate
24362,America,Cold
24363,America,Hot
24364,Europe,Temperate
24365,Europe,Cold
24366,Asia,Temperate
24367,Asia,Cold
24368,Asia,Hot
24369,Africa,Cold
24370,Africa,Temperate
24371,America,Temperate
24372,Asia,Cold
24373,Europe,Temperate
24374,Asia,Temperate
24375,Asia,Temperate
24376,America,Temperate
24377,Africa,Cold
24378,Asia,Cold
24379,Europe,Hot
24380,America,Temperate
24381,Africa,Hot
24382,Asia,Cold
24383,Africa,Temperate
24384,Europe,Temperate
24385,Europe,Cold
24386,Asia,Cold
24387,America,Cold
24388,America,Hot
24389,America,Cold
24390,America,Hot
24391,America,Cold
24392,Asia,Hot
24393,Africa,Temperate
24394,Europe,Cold
24395,Asia,Hot
24396,Europe,Temperate
24397,Asia,Cold
24398,Asia,Hot
24399,Europe,Cold
24400,Asia,Temperate
24401,Asia,Temperate
24402,Asia,Cold
24403,Asia,Hot
24404,Asia,Hot
24405,America,Cold
24406,Asia,Hot
24407,Asia,Hot
24408,Asia,Temperate
24409,Africa,Hot
24410,Asia,Cold
24411,Asia,Temperate
24412,Africa,Cold
24413,Africa,Temperate
24414,Europe,Hot
24415,Europe,Cold
24416,Europe,Cold
24417,Europe,Hot
24418,Africa,Temperate
24419,Europe,Cold
24420,Asia,Cold
24421,Africa,Hot
24422,America,Cold
24423,Asia,Temperate
24424,America,Temperate
24425,Europe,Cold
24426,Europe,Hot
24427,Asia,Hot
24428,Europe,Hot
24429,Europe,Temperate
24430,Europe,Temperate
24431,Europe,Hot
24432,America,Hot
24433,Asia,Hot
24434,Europe,Cold
24435,America,Cold
24436,Africa,Temperate
24437,Asia,Hot
24438,Asia,Hot
24439,Africa,Temperate
24440,Europe,Hot
24441,Asia,Temperate
24442,Africa,Temperate
24443,Africa,Temperate
24444,America,Hot
24445,Africa,Cold
24446,Asia,Hot
24447,Africa,Hot
24448,Africa,Temperate
24449,Africa,Hot
24450,Asia,Temperate
24451,Africa,Cold
24452,America,Temperate
24453,Asia,Hot
24454,America,Cold
24455,America,Temperate
24456,Asia,Hot
24457,Africa,Hot
24458,Europe,Temperate
24459,Asia,Cold
24460,Africa,Hot
24461,Asia,Temperate
24462,Africa,Cold
24463,Africa,Hot
24464,Europe,Hot
24465,Asia,Cold
24466,Asia,Temperate
24467,Asia,Cold
24468,America,Cold
24469,Asia,Cold
24470,America,Cold
24471,America,Cold
24472,Africa,Temperate
24473,America,Temperate
24474,Asia,Hot
24475,Europe,Temperate
24476,Asia,Cold
24477,Africa,Cold
24478,Africa,Cold
24479,America,Hot
24480,Africa,Temperate
24481,Africa,Cold
24482,America,Hot
24483,America,Temperate
24484,Africa,Hot
24485,Asia,Temperate
24486,Asia,Hot
24487,America,Hot
24488,Africa,Temperate
24489,Africa,Hot
24490,Asia,Hot
24491,America,Cold
24492,Africa,Cold
24493,Africa,Cold
24494,Europe,Cold
24495,Europe,Temperate
24496,America,Cold
24497,Europe,Cold
24498,Europe,Cold
24499,Africa,Cold
24500,Africa,Temperate
24501,America,Hot
24502,America,Hot
24503,America,Temperate
24504,Africa,Temperate
24505,Africa,Hot
24506,Europe,Cold
24507,Asia,Cold
24508,Africa,Temperate
24509,America,Temperate
24510,America,Temperate
24511,Africa,Cold
24512,Asia,Hot
24513,Asia,Cold
24514,America,Hot
24515,America,Temperate
24516,America,Hot
24517,Asia,Hot
24518,America,Cold
24519,America,Cold
24520,Europe,Hot
24521,Africa,Temperate
24522,America,Cold
24523,Europe,Cold
24524,Europe,Cold
24525,Asia,Cold
24526,Asia,Cold
24527,Europe,Hot
24528,America,Hot
24529,America,Hot
24530,Asia,Temperate
24531,Asia,Cold
24532,Asia,Cold
24533,Europe,Temperate
24534,Europe,Temperate
24535,Africa,Cold
24536,America,Cold
24537,Asia,Hot
24538,Europe,Hot
24539,Asia,Cold
24540,Africa,Cold
24541,America,Cold
24542,America,Temperate
24543,Africa,Hot
24544,America,Cold
24545,America,Cold
24546,Africa,Temperate
24547,Africa,Cold
24548,Africa,Hot
24549,Asia,Hot
24550,America,Cold
24551,Africa,Cold
24552,Europe,Hot
24553,Asia,Temperate
24554,Asia,Cold
24555,America,Cold
24556,America,Temperate
24557,Africa,Cold
24558,Africa,Temperate
24559,Asia,Hot
24560,Europe,Temperate
24561,Asia,Cold
24562,Africa,Cold
24563,Africa,Cold
24564,America,Temperate
24565,Europe,Cold
24566,Europe,Cold
24567,America,Cold
24568,Europe,Temperate
24569,Africa,Hot
24570,Europe,Temperate
24571,Europe,Temperate
24572,Africa,Hot
24573,America,Cold
24574,Asia,Cold
24575,America,Temperate
24576,Europe,Cold
24577,Europe,Hot
24578,Africa,Cold
24579,Africa,Hot
24580,Europe,Hot
24581,Africa,Cold
24582,Europe,Temperate
24583,Africa,Cold
24584,Asia,Temperate
24585,America,Cold
24586,Africa,Cold
24587,America,Temperate
24588,America,Cold
24589,Asia,Temperate
24590,Africa,Hot
24591,Africa,Hot
24592,Africa,Cold
24593,America,Temperate
24594,America,Temperate
24595,America,Hot
24596,America,Hot
24597,Asia,Hot
24598,Asia,Hot
24599,Europe,Hot
24600,Africa,Temperate
24601,America,Hot
24602,Europe,Hot
24603,Asia,Hot
24604,Europe,Cold
24605,Europe,Temperate
24606,America,Temperate
24607,Africa,Temperate
24608,Africa,Cold
24609,Asia,Hot
24610,Europe,Hot
24611,Asia,Temperate
24612,America,Hot
24613,Africa,Hot
24614,Asia,Cold
24615,Africa,Temperate
24616,America,Temperate
24617,Asia,Hot
24618,Africa,Hot
24619,Africa,Hot
24620,Asia,Temperate
24621,Asia,Cold
24622,Africa,Hot
24623,Asia,Hot
24624,America,Hot
24625,Europe,Temperate
24626,America,Cold
24627,America,Hot
24628,America,Hot
24629,Europe,Hot
24630,Europe,Temperate
24631,Asia,Cold
24632,Africa,Hot
24633,Asia,Hot
24634,Europe,Temperate
24635,America,Hot
24636,America,Temperate
24637,America,Cold
24638,Asia,Temperate
24639,Africa,Cold
24640,America,Hot
24641,Europe,Cold
24642,Asia,Hot
24643,Africa,Temperate
24644,Africa,Cold
24645,Asia,Hot
24646,Asia,Temperate
24647,Africa,Temperate
24648,America,Hot
24649,Africa,Temperate
24650,Europe,Hot
24651,Africa,Temperate
24652,Asia,Temperate
24653,Europe,Cold
24654,Asia,Temperate
24655,America,Cold
24656,America,Hot
24657,Europe,Hot
24658,Asia,Hot
24659,Europe,Hot
24660,Europe,Temperate
24661,America,Hot
24662,Asia,Temperate
24663,Africa,Temperate
24664,America,Hot
24665,Europe,Hot
24666,Asia,Hot
24667,Europe,Temperate
24668,Europe,Temperate
24669,Europe,Hot
24670,Asia,Cold
24671,America,Cold
24672,Africa,Hot
24673,Europe,Hot
24674,Africa,Temperate
24675,America,Cold
24676,Europe,Temperate
24677,Asia,Hot
24678,Europe,Temperate
24679,Europe,Hot
24680,Europe,Hot
24681,Europe,Hot
24682,America,Hot
24683,America,Temperate
24684,Asia,Temperate
24685,Europe,Temperate
24686,Asia,Temperate
24687,Europe,Cold
24688,Asia,Cold
24689,Europe,Temperate
24690,America,Temperate
24691,Europe,Hot
24692,Europe,Cold
24693,America,Cold
24694,Asia,Temperate
24695,Africa,Temperate
24696,America,Temperate
24697,Asia,Hot
24698,Europe,Hot
24699,Africa,Cold
24700,Asia,Cold
24701,Asia,Hot
24702,Europe,Hot
24703,Europe,Temperate
24704,Asia,Hot
24705,Europe,Hot
24706,Africa,Temperate
24707,Europe,Hot
24708,Africa,Temperate
24709,Africa,Hot
24710,Europe,Temperate
24711,Asia,Cold
24712,Africa,Temperate
24713,Europe,Temperate
24714,America,Temperate
24715,Africa,Temperate
24716,Asia,Cold
24717,Asia,Hot
24718,Asia,Hot
24719,America,Temperate
24720,Africa,Temperate
24721,America,Hot
24722,America,Cold
24723,America,Temperate
24724,America,Temperate
24725,Africa,Cold
24726,Africa,Temperate
24727,Asia,Cold
24728,America,Cold
24729,America,Hot
24730,Europe,Cold
24731,Africa,Cold
24732,Europe,Cold
24733,Africa,Temperate
24734,America,Hot
24735,Europe,Temperate
24736,Africa,Temperate
24737,Europe,Hot
24738,Europe,Hot
24739,Asia,Cold
24740,Asia,Hot
24741,America,Temperate
24742,America,Cold
24743,America,Cold
24744,Africa,Hot
24745,America,Temperate
24746,Europe,Cold
24747,Asia,Hot
24748,Europe,Cold
24749,Europe,Hot
24750,Asia,Temperate
24751,Asia,Hot
24752,America,Hot
24753,Africa,Temperate
24754,America,Temperate
24755,America,Hot
24756,Africa,Hot
24757,Europe,Temperate
24758,America,Cold
24759,Asia,Cold
24760,America,Hot
24761,America,Temperate
24762,Europe,Cold
24763,America,Temperate
24764,Europe,Cold
24765,America,Hot
24766,Europe,Cold
24767,Africa,Temperate
24768,Asia,Cold
24769,Europe,Temperate
24770,Asia,Hot
24771,America,Hot
24772,America,Hot
24773,Europe,Temperate
24774,Africa,Temperate
24775,Asia,Cold
24776,Europe,Temperate
24777,Europe,Cold
24778,Asia,Cold
24779,Europe,Cold
24780,Asia,Hot
24781,America,Hot
24782,Asia,Cold
24783,Africa,Temperate
24784,Asia,Temperate
24785,America,Temperate
24786,Asia,Cold
24787,Asia,Cold
24788,Europe,Cold
24789,Asia,Temperate
24790,America,Hot
24791,America,Temperate
24792,Africa,Cold
24793,Asia,Hot
24794,Europe,Temperate
24795,America,Temperate
24796,Africa,Temperate
24797,Asia,Cold
24798,Europe,Cold
24799,Asia,Cold
24800,Asia,Hot
24801,Africa,Temperate
24802,America,Temperate
24803,Asia,Temperate
24804,Asia,Cold
24805,Africa,Temperate
24806,Europe,Hot
24807,Asia,Hot
24808,America,Hot
24809,Asia,Temperate
24810,Asia,Hot
24811,America,Temperate
24812,Africa,Hot
24813,Asia,Temperate
24814,America,Hot
24815,America,Hot
24816,Europe,Hot
24817,Africa,Temperate
24818,America,Hot
24819,Asia,Cold
24820,Africa,Hot
24821,America,Hot
24822,Africa,Hot
24823,Asia,Hot
24824,Europe,Hot
24825,Asia,Hot
24826,Africa,Temperate
24827,Asia,Temperate
24828,America,Cold
24829,Africa,Cold
24830,Asia,Temperate
24831,Asia,Cold
24832,Asia,Hot
24833,Europe,Temperate
24834,Europe,Hot
24835,Europe,Cold
24836,Europe,Hot
24837,Asia,Cold
24838,Europe,Temperate
24839,Asia,Hot
24840,America,Temperate
24841,America,Cold
24842,America,Hot
24843,Africa,Cold
24844,America,Hot
24845,Africa,Hot
24846,Europe,Cold
24847,America,Temperate
24848,America,Hot
24849,America,Temperate
24850,Europe,Temperate
24851,America,Temperate
24852,America,Temperate
24853,Asia,Hot
24854,Asia,Temperate
24855,Africa,Hot
24856,Asia,Temperate
24857,Europe,Temperate
24858,Europe,Cold
24859,America,Cold
24860,Asia,Cold
24861,Africa,Hot
24862,Africa,Temperate
24863,Africa,Cold
24864,America,Temperate
24865,Europe,Hot
24866,America,Hot
24867,Europe,Hot
24868,America,Cold
24869,Europe,Hot
24870,Africa,Cold
24871,Europe,Temperate
24872,Asia,Hot
24873,Asia,Cold
24874,Africa,Cold
24875,Africa,Cold
24876,America,Cold
24877,Asia,Temperate
24878,Africa,Hot
24879,America,Cold
24880,America,Hot
24881,Asia,Cold
24882,Europe,Cold
24883,America,Cold
24884,Asia,Cold
24885,America,Cold
24886,America,Hot
24887,Africa,Temperate
24888,Africa,Hot
24889,Africa,Hot
24890,Asia,Hot
24891,America,Cold
24892,Asia,Hot
24893,America,Temperate
24894,America,Cold
24895,Africa,Hot
24896,Africa,Temperate
24897,America,Temperate
24898,America,Hot
24899,Europe,Hot
24900,Europe,Cold
24901,America,Hot
24902,Asia,Cold
24903,Europe,Cold
24904,America,Hot
24905,America,Temperate
24906,Europe,Temperate
24907,America,Temperate
24908,Asia,Hot
24909,Europe,Cold
24910,Asia,Temperate
24911,America,Hot
24912,Africa,Temperate
24913,America,Temperate
24914,Europe,Temperate
24915,Asia,Hot
24916,America,Cold
24917,Asia,Temperate
24918,Asia,Hot
24919,Europe,Temperate
24920,Asia,Cold
24921,Asia,Cold
24922,Europe,Hot
24923,Asia,Hot
24924,America,Temperate
24925,America,Temperate
24926,Asia,Hot
24927,Europe,Temperate
24928,Europe,Hot
24929,America,Hot
24930,Africa,Cold
24931,Africa,Hot
24932,Asia,Cold
24933,Africa,Temperate
24934,Asia,Temperate
24935,Asia,Temperate
24936,Africa,Cold
24937,America,Hot
24938,America,Hot
24939,Europe,Temperate
24940,Europe,Hot
24941,America,Cold
24942,Africa,Temperate
24943,America,Cold
24944,America,Hot
24945,America,Cold
24946,Asia,Hot
24947,Europe,Cold
24948,Asia,Cold
24949,Europe,Temperate
24950,Africa,Hot
24951,America,Temperate
24952,Africa,Temperate
24953,America,Temperate
24954,America,Temperate
24955,Africa,Cold
24956,Asia,Hot
24957,Africa,Temperate
24958,Africa,Cold
24959,Africa,Cold
24960,Asia,Cold
24961,America,Temperate
24962,America,Hot
24963,Asia,Cold
24964,Asia,Hot
24965,Europe,Hot
24966,America,Cold
24967,America,Temperate
24968,Asia,Temperate
24969,America,Temperate
24970,America,Cold
24971,Africa,Hot
24972,Europe,Temperate
24973,Asia,Hot
24974,America,Cold
24975,Asia,Hot
24976,Asia,Cold
24977,America,Hot
24978,Europe,Cold
24979,Africa,Hot
24980,Africa,Cold
24981,Europe,Hot
24982,Africa,Temperate
24983,Asia,Cold
24984,Europe,Temperate
24985,Africa,Cold
24986,Europe,Cold
24987,America,Temperate
24988,America,Hot
24989,America,Hot
24990,Asia,Hot
24991,Africa,Hot
24992,Africa,Hot
24993,Asia,Hot
24994,Africa,Temperate
24995,Africa,Cold
24996,Africa,Cold
24997,Asia,Temperate
24998,Europe,Hot
24999,Europe,Hot
25000,Africa,Temperate
25001,America,Cold
25002,Europe,Temperate
25003,America,Hot
25004,Asia,Cold
25005,Africa,Temperate
25006,Asia,Hot
25007,Africa,Temperate
25008,Africa,Temperate
25009,Africa,Temperate
25010,America,Temperate
25011,Europe,Temperate
25012,Africa,Cold
25013,Asia,Cold
25014,Africa,Temperate
25015,America,Cold
25016,Europe,Hot
25017,Africa,Temperate
25018,Europe,Cold
25019,America,Temperate
25020,Europe,Temperate
25021,Africa,Hot
25022,America,Cold
25023,Europe,Cold
25024,Africa,Temperate
25025,America,Hot
25026,Europe,Hot
25027,Africa,Hot
25028,Africa,Temperate
25029,America,Hot
25030,America,Cold
25031,Africa,Hot
25032,Africa,Hot
25033,America,Cold
25034,America,Cold
25035,Africa,Cold
25036,America,Cold
25037,Asia,Hot
25038,Europe,Hot
25039,Africa,Cold
25040,Asia,Cold
25041,Africa,Hot
25042,Europe,Hot
25043,America,Temperate
25044,Asia,Cold
25045,America,Hot
25046,Asia,Hot
25047,Europe,Cold
25048,Africa,Cold
25049,America,Cold
25050,Asia,Temperate
25051,Asia,Temperate
25052,Asia,Temperate
25053,Europe,Temperate
25054,Africa,Cold
25055,Africa,Temperate
25056,Europe,Cold
25057,America,Cold
25058,Africa,Hot
25059,Europe,Hot
25060,Asia,Cold
25061,Asia,Temperate
25062,America,Temperate
25063,Asia,Cold
25064,Europe,Temperate
25065,Europe,Temperate
25066,Asia,Temperate
25067,Europe,Temperate
25068,Asia,Temperate
25069,Asia,Hot
25070,America,Cold
25071,Europe,Hot
25072,Europe,Temperate
25073,Asia,Temperate
25074,America,Cold
25075,America,Hot
25076,Asia,Cold
25077,Africa,Hot
25078,America,Hot
25079,Asia,Temperate
25080,Europe,Temperate
25081,Africa,Temperate
25082,Asia,Hot
25083,Asia,Cold
25084,Asia,Hot
25085,Europe,Hot
25086,Africa,Cold
25087,Asia,Hot
25088,America,Cold
25089,Europe,Temperate
25090,Africa,Cold
25091,America,Temperate
25092,Asia,Hot
25093,Africa,Hot
25094,America,Temperate
25095,America,Temperate
25096,Asia,Hot
25097,Africa,Temperate
25098,Europe,Cold
25099,Asia,Temperate
25100,Europe,Cold
25101,Africa,Cold
25102,America,Hot
25103,Asia,Hot
25104,Asia,Hot
25105,Europe,Temperate
25106,America,Hot
25107,Asia,Temperate
25108,America,Cold
25109,Asia,Temperate
25110,Europe,Cold
25111,Africa,Cold
25112,Europe,Hot
25113,Europe,Hot
25114,America,Temperate
25115,Africa,Hot
25116,America,Cold
25117,Asia,Temperate
25118,Asia,Temperate
25119,America,Cold
25120,Africa,Hot
25121,America,Temperate
25122,Asia,Temperate
25123,Africa,Temperate
25124,Europe,Hot
25125,Asia,Temperate
25126,Asia,Cold
25127,America,Hot
25128,America,Cold
25129,Africa,Temperate
25130,Africa,Hot
25131,Europe,Temperate
25132,Africa,Cold
25133,Africa,Temperate
25134,America,Hot
25135,Africa,Temperate
25136,America,Cold
25137,America,Hot
25138,America,Hot
25139,Asia,Hot
25140,America,Temperate
25141,America,Cold
25142,America,Temperate
25143,America,Hot
25144,Asia,Hot
25145,Asia,Temperate
25146,Asia,Cold
25147,Asia,Cold
25148,Asia,Hot
25149,Europe,Cold
25150,Asia,Temperate
25151,Africa,Hot
25152,Asia,Temperate
25153,Africa,Hot
25154,Africa,Hot
25155,America,Temperate
25156,Europe,Hot
25157,Africa,Cold
25158,Africa,Hot
25159,Europe,Cold
25160,Africa,Hot
25161,Europe,Cold
25162,Africa,Cold
25163,Asia,Temperate
25164,Africa,Cold
25165,Asia,Hot
25166,Europe,Temperate
25167,Asia,Hot
25168,America,Hot
25169,Asia,Temperate
25170,Africa,Temperate
25171,Asia,Hot
25172,Europe,Hot
25173,America,Cold
25174,Europe,Cold
25175,Africa,Temperate
25176,Africa,Cold
25177,Europe,Hot
25178,America,Cold
25179,Europe,Hot
25180,America,Cold
25181,Africa,Hot
25182,Africa,Temperate
25183,America,Hot
25184,Africa,Hot
25185,Africa,Temperate
25186,Africa,Hot
25187,Europe,Temperate
25188,Africa,Hot
25189,Asia,Hot
25190,Europe,Hot
25191,Asia,Temperate
25192,Africa,Cold
25193,America,Cold
25194,America,Temperate
25195,Europe,Temperate
25196,Africa,Hot
25197,Africa,Temperate
25198,Africa,Temperate
25199,Europe,Hot
25200,Europe,Cold
25201,Asia,Hot
25202,Europe,Hot
25203,America,Cold
25204,Africa,Cold
25205,Asia,Hot
25206,Europe,Temperate
25207,Asia,Temperate
25208,Africa,Cold
25209,Europe,Hot
25210,Africa,Temperate
25211,Africa,Hot
25212,America,Cold
25213,Asia,Hot
25214,America,Cold
25215,America,Cold
25216,Asia,Temperate
25217,Asia,Cold
25218,Asia,Cold
25219,Asia,Temperate
25220,America,Temperate
25221,Europe,Cold
25222,Asia,Temperate
25223,Europe,Hot
25224,Europe,Hot
25225,Africa,Cold
25226,Europe,Temperate
25227,Africa,Hot
25228,America,Temperate
25229,Africa,Hot
25230,Asia,Hot
25231,Asia,Cold
25232,Asia,Temperate
25233,Europe,Temperate
25234,Asia,Cold
25235,Africa,Temperate
25236,Asia,Temperate
25237,Asia,Hot
25238,Africa,Hot
25239,Europe,Temperate
25240,Europe,Temperate
25241,Europe,Temperate
25242,Africa,Hot
25243,America,Hot
25244,Africa,Hot
25245,Europe,Cold
25246,America,Cold
25247,America,Temperate
25248,Asia,Temperate
25249,Africa,Hot
25250,Europe,Temperate
25251,Europe,Cold
25252,Europe,Cold
25253,America,Temperate
25254,Europe,Hot
25255,America,Temperate
25256,Asia,Cold
25257,America,Temperate
25258,Asia,Cold
25259,Africa,Hot
25260,Africa,Hot
25261,America,Hot
25262,Europe,Hot
25263,Asia,Hot
25264,Africa,Temperate
25265,Asia,Cold
25266,America,Hot
25267,Africa,Hot
25268,America,Cold
25269,America,Temperate
25270,Europe,Cold
25271,Europe,Temperate
25272,Africa,Cold
25273,America,Temperate
25274,Asia,Hot
25275,Asia,Temperate
25276,America,Temperate
25277,America,Cold
25278,Europe,Hot
25279,Europe,Temperate
25280,Asia,Cold
25281,Asia,Cold
25282,America,Cold
25283,Europe,Cold
25284,Africa,Hot
25285,Africa,Cold
25286,Asia,Temperate
25287,Asia,Hot
25288,Africa,Cold
25289,Europe,Hot
25290,Europe,Hot
25291,Europe,Cold
25292,America,Hot
25293,America,Cold
25294,Africa,Cold
25295,Europe,Temperate
25296,Africa,Hot
25297,America,Hot
25298,America,Hot
25299,Africa,Hot
25300,America,Cold
25301,America,Cold
25302,Asia,Temperate
25303,Africa,Cold
25304,Africa,Cold
25305,Asia,Hot
25306,America,Hot
25307,America,Cold
25308,Asia,Temperate
25309,Africa,Temperate
25310,America,Temperate
25311,Asia,Temperate
25312,Europe,Hot
25313,Europe,Hot
25314,Africa,Temperate
25315,Asia,Temperate
25316,Asia,Cold
25317,Europe,Hot
25318,Africa,Cold
25319,Africa,Temperate
25320,America,Temperate
25321,Africa,Cold
25322,Europe,Cold
25323,Asia,Cold
25324,Africa,Temperate
25325,Asia,Hot
25326,Europe,Temperate
25327,America,Cold
25328,America,Temperate
25329,Africa,Cold
25330,Asia,Temperate
25331,Asia,Hot
25332,Europe,Hot
25333,America,Cold
25334,Europe,Hot
25335,Africa,Temperate
25336,Europe,Cold
25337,Asia,Hot
25338,Africa,Cold
25339,Africa,Cold
25340,America,Temperate
25341,Europe,Temperate
25342,Europe,Cold
25343,Africa,Cold
25344,Africa,Cold
25345,Europe,Cold
25346,Europe,Hot
25347,America,Temperate
25348,Asia,Temperate
25349,Africa,Cold
25350,Asia,Hot
25351,Africa,Cold
25352,Europe,Temperate
25353,Europe,Hot
25354,Europe,Hot
25355,Asia,Cold
25356,Asia,Temperate
25357,Asia,Hot
25358,Asia,Hot
25359,Europe,Temperate
25360,Asia,Hot
25361,Asia,Hot
25362,Europe,Cold
25363,America,Hot
25364,Asia,Hot
25365,Africa,Temperate
25366,Europe,Temperate
25367,America,Temperate
25368,Asia,Hot
25369,Asia,Hot
25370,Asia,Cold
25371,Europe,Temperate
25372,Asia,Cold
25373,America,Temperate
25374,America,Temperate
25375,America,Cold
25376,Asia,Temperate
25377,Asia,Temperate
25378,Europe,Temperate
25379,Europe,Hot
25380,Africa,Temperate
25381,America,Hot
25382,Asia,Temperate
25383,Africa,Temperate
25384,Europe,Hot
25385,Africa,Cold
25386,Europe,Hot
25387,Africa,Hot
25388,Europe,Hot
25389,Africa,Hot
25390,Asia,Cold
25391,America,Hot
25392,America,Cold
25393,America,Temperate
25394,Africa,Hot
25395,Asia,Temperate
25396,Asia,Temperate
25397,America,Cold
25398,America,Temperate
25399,America,Hot
25400,America,Cold
25401,Africa,Hot
25402,Europe,Temperate
25403,America,Temperate
25404,Asia,Hot
25405,Africa,Temperate
25406,Africa,Hot
25407,America,Temperate
25408,Asia,Hot
25409,Europe,Temperate
25410,Asia,Cold
25411,America,Cold
25412,America,Temperate
25413,Africa,Hot
25414,Africa,Hot
25415,Asia,Hot
25416,Europe,Hot
25417,Asia,Temperate
25418,Asia,Temperate
25419,Asia,Cold
25420,Europe,Temperate
25421,Asia,Cold
25422,America,Temperate
25423,America,Temperate
25424,Asia,Temperate
25425,Africa,Cold
25426,Africa,Cold
25427,Europe,Temperate
25428,America,Temperate
25429,Europe,Hot
25430,Africa,Cold
25431,Asia,Cold
25432,Europe,Temperate
25433,Europe,Cold
25434,Europe,Temperate
25435,Africa,Hot
25436,Asia,Temperate
25437,Europe,Temperate
25438,America,Hot
25439,Africa,Temperate
25440,Africa,Cold
25441,Africa,Temperate
25442,Europe,Cold
25443,Africa,Hot
25444,Africa,Cold
25445,Asia,Temperate
25446,Africa,Hot
25447,Europe,Hot
25448,Africa,Cold
25449,Asia,Cold
25450,Africa,Cold
25451,Europe,Hot
25452,America,Cold
25453,Africa,Temperate
25454,Europe,Hot
25455,Africa,Temperate
25456,Africa,Cold
25457,Europe,Cold
25458,Africa,Cold
25459,Europe,Cold
25460,America,Hot
25461,Africa,Temperate
25462,America,Cold
25463,Europe,Cold
25464,Africa,Hot
25465,Africa,Cold
25466,Africa,Hot
25467,Asia,Temperate
25468,Africa,Temperate
25469,Asia,Hot
25470,America,Temperate
25471,Europe,Cold
25472,Asia,Temperate
25473,Africa,Hot
25474,Africa,Temperate
25475,Asia,Temperate
25476,Asia,Temperate
25477,Asia,Hot
25478,America,Temperate
25479,Africa,Temperate
25480,Europe,Cold
25481,Asia,Temperate
25482,Europe,Cold
25483,Asia,Temperate
25484,Asia,Temperate
25485,America,Hot
25486,Asia,Cold
25487,Europe,Cold
25488,Africa,Temperate
25489,Africa,Cold
25490,America,Hot
25491,Africa,Temperate
25492,Africa,Temperate
25493,Asia,Cold
25494,America,Temperate
25495,Europe,Hot
25496,Asia,Temperate
25497,America,Temperate
25498,America,Cold
25499,Africa,Temperate
25500,Africa,Temperate
25501,America,Temperate
25502,Asia,Cold
25503,Asia,Hot
25504,Africa,Cold
25505,Asia,Hot
25506,Africa,Temperate
25507,Europe,Cold
25508,Europe,Hot
25509,America,Cold
25510,Asia,Hot
25511,Europe,Hot
25512,Africa,Hot
25513,Africa,Temperate
25514,America,Cold
25515,Europe,Cold
25516,Africa,Cold
25517,America,Hot
25518,Europe,Hot
25519,Asia,Cold
25520,Africa,Cold
25521,America,Hot
25522,Europe,Cold
25523,America,Cold
25524,Asia,Hot
25525,Asia,Hot
25526,Europe,Hot
25527,Asia,Temperate
25528,Asia,Temperate
25529,Europe,Temperate
25530,America,Cold
25531,America,Cold
25532,Asia,Temperate
25533,Africa,Cold
25534,Africa,Cold
25535,Europe,Hot
25536,Asia,Temperate
25537,Europe,Cold
25538,Asia,Hot
25539,Asia,Cold
25540,Europe,Hot
25541,Africa,Cold
25542,Asia,Hot
25543,America,Hot
25544,Asia,Cold
25545,Africa,Cold
25546,America,Cold
25547,America,Temperate
25548,America,Temperate
25549,Africa,Temperate
25550,America,Temperate
25551,Asia,Temperate
25552,Asia,Hot
25553,Asia,Temperate
25554,Africa,Cold
25555,Asia,Hot
25556,Asia,Temperate
25557,Asia,Cold
25558,Africa,Temperate
25559,America,Temperate
25560,Asia,Cold
25561,Africa,Hot
25562,America,Temperate
25563,America,Hot
25564,Europe,Hot
25565,Asia,Hot
25566,America,Hot
25567,Europe,Temperate
25568,America,Hot
25569,Africa,Hot
25570,Asia,Cold
25571,America,Hot
25572,Africa,Hot
25573,Africa,Temperate
25574,Asia,Hot
25575,America,Cold
25576,Asia,Cold
25577,Africa,Cold
25578,Europe,Hot
25579,America,Cold
25580,America,Temperate
25581,Asia,Hot
25582,America,Temperate
25583,Africa,Hot
25584,America,Hot
25585,Asia,Temperate
25586,Asia,Hot
25587,Africa,Temperate
25588,Africa,Cold
25589,Europe,Temperate
25590,Asia,Hot
25591,Europe,Cold
25592,Europe,Hot
25593,America,Hot
25594,Europe,Temperate
25595,Europe,Cold
25596,Europe,Cold
25597,Europe,Temperate
25598,Europe,Cold
25599,Africa,Hot
25600,Europe,Hot
25601,Africa,Cold
25602,Africa,Cold
25603,America,Temperate
25604,Africa,Temperate
25605,Africa,Hot
25606,Africa,Hot
25607,Asia,Hot
25608,Africa,Temperate
25609,Asia,Temperate
25610,Asia,Cold
25611,America,Temperate
25612,Africa,Hot
25613,Africa,Hot
25614,Africa,Temperate
25615,America,Hot
25616,Asia,Cold
25617,Asia,Hot
25618,America,Cold
25619,Europe,Hot
25620,Africa,Temperate
25621,Europe,Cold
25622,Asia,Cold
25623,Asia,Temperate
25624,Asia,Cold
25625,Europe,Hot
25626,Europe,Cold
25627,Africa,Cold
25628,Europe,Hot
25629,America,Cold
25630,America,Cold
25631,Africa,Temperate
25632,Africa,Hot
25633,Europe,Cold
25634,Europe,Cold
25635,Africa,Hot
25636,Europe,Temperate
25637,Africa,Cold
25638,Asia,Temperate
25639,Asia,Hot
25640,Africa,Hot
25641,Asia,Hot
25642,Europe,Temperate
25643,America,Temperate
25644,Africa,Cold
25645,Africa,Temperate
25646,Asia,Hot
25647,Africa,Hot
25648,Asia,Hot
25649,Africa,Cold
25650,Europe,Hot
25651,Asia,Cold
25652,America,Hot
25653,Europe,Cold
25654,Africa,Cold
25655,Asia,Temperate
25656,Europe,Hot
25657,Africa,Cold
25658,Asia,Cold
25659,Europe,Hot
25660,Asia,Hot
25661,Africa,Hot
25662,Europe,Hot
25663,Africa,Temperate
25664,Europe,Temperate
25665,Africa,Cold
25666,Africa,Cold
25667,Asia,Hot
25668,Asia,Temperate
25669,Europe,Temperate
25670,Europe,Temperate
25671,Africa,Cold
25672,Asia,Temperate
25673,Africa,Cold
25674,Africa,Hot
25675,Europe,Cold
25676,America,Temperate
25677,Africa,Hot
25678,Africa,Cold
25679,Asia,Temperate
25680,America,Cold
25681,America,Cold
25682,Africa,Hot
25683,Africa,Temperate
25684,America,Cold
25685,Africa,Hot
25686,America,Temperate
25687,Europe,Hot
25688,Asia,Cold
25689,Europe,Hot
25690,Europe,Cold
25691,Asia,Temperate
25692,Europe,Temperate
25693,Africa,Temperate
25694,Europe,Temperate
25695,Europe,Temperate
25696,Africa,Hot
25697,Africa,Temperate
25698,Europe,Hot
25699,Europe,Temperate
25700,Africa,Hot
25701,Asia,Cold
25702,Africa,Cold
25703,Asia,Temperate
25704,Africa,Cold
25705,Africa,Temperate
25706,Asia,Hot
25707,Asia,Cold
25708,Asia,Hot
25709,Europe,Cold
25710,Asia,Cold
25711,Africa,Temperate
25712,Africa,Cold
25713,America,Temperate
25714,Africa,Hot
25715,America,Hot
25716,Europe,Temperate
25717,Asia,Hot
25718,Asia,Temperate
25719,America,Cold
25720,Europe,Hot
25721,America,Temperate
25722,Asia,Temperate
25723,Africa,Cold
25724,Asia,Hot
25725,Europe,Cold
25726,Europe,Hot
25727,America,Hot
25728,Asia,Cold
25729,Europe,Temperate
25730,Asia,Cold
25731,Asia,Cold
25732,America,Temperate
25733,Africa,Hot
25734,Asia,Hot
25735,Asia,Cold
25736,Africa,Cold
25737,America,Temperate
25738,Africa,Cold
25739,Asia,Cold
25740,America,Hot
25741,Africa,Cold
25742,America,Hot
25743,Europe,Cold
25744,America,Temperate
25745,Asia,Cold
25746,Europe,Cold
25747,Asia,Temperate
25748,America,Temperate
25749,Africa,Temperate
25750,America,Temperate
25751,America,Temperate
25752,Africa,Cold
25753,America,Temperate
25754,Africa,Cold
25755,Asia,Cold
25756,Europe,Temperate
25757,Asia,Hot
25758,Europe,Cold
25759,Africa,Hot
25760,Europe,Temperate
25761,Asia,Temperate
25762,America,Temperate
25763,America,Cold
25764,Asia,Hot
25765,Africa,Cold
25766,Asia,Temperate
25767,America,Hot
25768,Europe,Hot
25769,Europe,Temperate
25770,Africa,Temperate
25771,Africa,Temperate
25772,Europe,Cold
25773,America,Hot
25774,Europe,Hot
25775,Asia,Hot
25776,Europe,Cold
25777,Asia,Cold
25778,Asia,Cold
25779,America,Cold
25780,Asia,Cold
25781,Asia,Hot
25782,Africa,Cold
25783,Asia,Temperate
25784,Asia,Temperate
25785,Asia,Temperate
25786,Asia,Hot
25787,America,Temperate
25788,Europe,Hot
25789,Europe,Temperate
25790,Europe,Cold
25791,Asia,Temperate
25792,Africa,Temperate
25793,Africa,Hot
25794,Asia,Hot
25795,America,Cold
25796,Africa,Temperate
25797,America,Temperate
25798,Europe,Temperate
25799,Europe,Cold
25800,Africa,Cold
25801,Africa,Cold
25802,Asia,Hot
25803,America,Hot
25804,Europe,Cold
25805,Africa,Hot
25806,America,Hot
25807,Africa,Cold
25808,Asia,Hot
25809,America,Hot
25810,Europe,Cold
25811,Africa,Cold
25812,America,Cold
25813,Asia,Temperate
25814,America,Cold
25815,Asia,Temperate
25816,Africa,Hot
25817,Asia,Temperate
25818,Europe,Cold
25819,America,Hot
25820,Europe,Cold
25821,Africa,Hot
25822,Europe,Hot
25823,Europe,Hot
25824,America,Temperate
25825,Europe,Cold
25826,America,Temperate
25827,Africa,Cold
25828,Europe,Hot
25829,America,Temperate
25830,Asia,Temperate
25831,America,Temperate
25832,Europe,Hot
25833,Europe,Hot
25834,America,Cold
25835,America,Cold
25836,America,Cold
25837,Europe,Hot
25838,Africa,Hot
25839,Africa,Temperate
25840,Asia,Hot
25841,Europe,Temperate
25842,Europe,Temperate
25843,Europe,Temperate
25844,America,Hot
25845,Europe,Cold
25846,America,Temperate
25847,Asia,Hot
25848,Asia,Cold
25849,Europe,Hot
25850,Europe,Hot
25851,Asia,Cold
25852,Europe,Temperate
25853,Europe,Temperate
25854,Europe,Temperate
25855,Africa,Cold
25856,Europe,Cold
25857,Africa,Hot
25858,America,Cold
25859,Europe,Cold
25860,Europe,Cold
25861,Africa,Temperate
25862,America,Hot
25863,Africa,Hot
25864,America,Cold
25865,Africa,Hot
25866,Africa,Hot
25867,Asia,Hot
25868,Africa,Hot
25869,Asia,Hot
25870,Europe,Temperate
25871,Europe,Hot
25872,Asia,Cold
25873,Europe,Temperate
25874,Europe,Hot
25875,America,Cold
25876,Asia,Temperate
25877,Europe,Temperate
25878,Africa,Temperate
25879,Africa,Hot
25880,America,Cold
25881,Africa,Hot
25882,Asia,Hot
25883,Europe,Cold
25884,Africa,Hot
25885,America,Hot
25886,America,Cold
25887,Asia,Temperate
25888,Asia,Temperate
25889,America,Temperate
25890,Africa,Hot
25891,Europe,Hot
25892,America,Cold
25893,Europe,Hot
25894,America,Cold
25895,Asia,Temperate
25896,Asia,Cold
25897,America,Temperate
25898,Asia,Temperate
25899,Africa,Hot
25900,America,Hot
25901,Europe,Temperate
25902,Africa,Temperate
25903,Europe,Cold
25904,America,Cold
25905,Asia,Hot
25906,Europe,Temperate
25907,Africa,Hot
25908,Asia,Cold
25909,Europe,Hot
25910,Africa,Temperate
25911,Asia,Temperate
25912,Europe,Temperate
25913,Europe,Temperate
25914,Africa,Temperate
25915,Asia,Cold
25916,America,Hot
25917,Europe,Hot
25918,Asia,Hot
25919,Asia,Cold
25920,Africa,Cold
25921,Asia,Hot
25922,Asia,Hot
25923,Europe,Cold
25924,Africa,Hot
25925,Asia,Hot
25926,Africa,Temperate
25927,America,Cold
25928,America,Hot
25929,Asia,Cold
25930,Europe,Hot
25931,Europe,Hot
25932,Africa,Temperate
25933,Africa,Cold
25934,Asia,Temperate
25935,Asia,Temperate
25936,America,Hot
25937,America,Cold
25938,Europe,Hot
25939,America,Cold
25940,Europe,Temperate
25941,Europe,Temperate
25942,Europe,Cold
25943,Asia,Cold
25944,Asia,Hot
25945,America,Temperate
25946,Asia,Temperate
25947,Europe,Cold
25948,Asia,Cold
25949,Africa,Temperate
25950,America,Hot
25951,Europe,Hot
25952,Asia,Hot
25953,Asia,Cold
25954,Europe,Cold
25955,America,Temperate
25956,Asia,Temperate
25957,Africa,Cold
25958,Africa,Hot
25959,Europe,Temperate
25960,Asia,Cold
25961,America,Hot
25962,Africa,Cold
25963,America,Cold
25964,Asia,Hot
25965,Africa,Temperate
25966,America,Hot
25967,Africa,Cold
25968,America,Hot
25969,Africa,Hot
25970,Europe,Cold
25971,Asia,Temperate
25972,Europe,Cold
25973,Africa,Cold
25974,America,Hot
25975,Europe,Cold
25976,Europe,Hot
25977,Asia,Hot
25978,Europe,Cold
25979,Asia,Temperate
25980,Africa,Temperate
25981,Europe,Hot
25982,Africa,Hot
25983,Africa,Hot
25984,America,Temperate
25985,Europe,Cold
25986,America,Cold
25987,Africa,Temperate
25988,America,Temperate
25989,Europe,Cold
25990,America,Hot
25991,Asia,Temperate
25992,America,Cold
25993,Africa,Temperate
25994,Asia,Cold
25995,Africa,Hot
25996,America,Hot
25997,Asia,Temperate
25998,Africa,Temperate
25999,Asia,Temperate
26000,America,Hot
26001,America,Temperate
26002,Africa,Temperate
26003,Europe,Cold
26004,America,Cold
26005,Africa,Hot
26006,America,Hot
26007,Africa,Cold
26008,Europe,Hot
26009,Asia,Temperate
26010,Asia,Temperate
26011,Africa,Hot
26012,Africa,Temperate
26013,America,Cold
26014,Europe,Temperate
26015,America,Cold
26016,Europe,Cold
26017,Europe,Hot
26018,Asia,Cold
26019,Europe,Temperate
26020,Africa,Cold
26021,Europe,Cold
26022,Europe,Temperate
26023,Africa,Cold
26024,Asia,Cold
26025,Asia,Temperate
26026,Europe,Hot
26027,Europe,Hot
26028,America,Temperate
26029,Africa,Temperate
26030,Asia,Hot
26031,America,Temperate
26032,Europe,Cold
26033,Europe,Cold
26034,America,Cold
26035,Europe,Temperate
26036,Africa,Hot
26037,America,Hot
26038,Europe,Hot
26039,America,Cold
26040,Africa,Hot
26041,Asia,Hot
26042,Africa,Temperate
26043,Asia,Temperate
26044,America,Cold
26045,America,Temperate
26046,Africa,Temperate
26047,Europe,Cold
26048,America,Temperate
26049,Europe,Cold
26050,Asia,Temperate
26051,Europe,Cold
26052,Europe,Hot
26053,Europe,Hot
26054,Asia,Hot
26055,America,Hot
26056,America,Hot
26057,Africa,Temperate
26058,Africa,Temperate
26059,Asia,Cold
26060,Asia,Temperate
26061,Europe,Hot
26062,America,Hot
26063,Africa,Temperate
26064,Asia,Temperate
26065,Africa,Hot
26066,America,Temperate
26067,America,Hot
26068,Asia,Hot
26069,Asia,Cold
26070,Europe,Hot
26071,America,Cold
26072,Africa,Temperate
26073,Africa,Cold
26074,Asia,Temperate
26075,America,Temperate
26076,Asia,Cold
26077,Asia,Temperate
26078,Asia,Temperate
26079,America,Hot
26080,Europe,Hot
26081,Europe,Hot
26082,Asia,Temperate
26083,Europe,Cold
26084,Africa,Cold
26085,Africa,Temperate
26086,Asia,Cold
26087,Europe,Temperate
26088,Europe,Hot
26089,Asia,Temperate
26090,Europe,Cold
26091,Africa,Cold
26092,Africa,Hot
26093,America,Cold
26094,Africa,Temperate
26095,Africa,Cold
26096,Asia,Hot
26097,Europe,Temperate
26098,Europe,Temperate
26099,America,Temperate
26100,Africa,Hot
26101,Europe,Cold
26102,Africa,Cold
26103,Asia,Hot
26104,Asia,Temperate
26105,Asia,Hot
26106,America,Cold
26107,Africa,Hot
26108,America,Hot
26109,Africa,Cold
26110,Asia,Cold
26111,Europe,Temperate
26112,Europe,Hot
26113,America,Temperate
26114,America,Temperate
26115,Europe,Cold
26116,Africa,Cold
26117,Africa,Hot
26118,America,Temperate
26119,Africa,Hot
26120,America,Cold
26121,America,Hot
26122,Europe,Temperate
26123,Asia,Cold
26124,America,Hot
26125,Europe,Hot
26126,Asia,Cold
26127,Asia,Temperate
26128,Africa,Cold
26129,Europe,Cold
26130,America,Cold
26131,Asia,Temperate
26132,America,Cold
26133,Africa,Temperate
26134,Africa,Cold
26135,Europe,Hot
26136,Africa,Temperate
26137,Europe,Cold
26138,Africa,Temperate
26139,Europe,Temperate
26140,Africa,Hot
26141,Asia,Hot
26142,America,Temperate
26143,America,Hot
26144,America,Hot
26145,Europe,Temperate
26146,Asia,Hot
26147,Europe,Temperate
26148,Europe,Cold
26149,Europe,Temperate
26150,Africa,Cold
26151,Asia,Cold
26152,Africa,Cold
26153,Europe,Hot
26154,Asia,Temperate
26155,America,Temperate
26156,Asia,Hot
26157,Europe,Temperate
26158,Africa,Temperate
26159,Asia,Temperate
26160,Asia,Hot
26161,Asia,Temperate
26162,America,Hot
26163,America,Cold
26164,Africa,Hot
26165,Asia,Temperate
26166,America,Hot
26167,Europe,Cold
26168,Africa,Temperate
26169,Europe,Temperate
26170,Asia,Cold
26171,Europe,Hot
26172,Europe,Cold
26173,America,Temperate
26174,Africa,Cold
26175,Africa,Temperate
26176,Africa,Temperate
26177,Asia,Cold
26178,Africa,Cold
26179,Africa,Cold
26180,America,Hot
26181,America,Temperate
26182,Europe,Temperate
26183,America,Temperate
26184,Europe,Cold
26185,America,Temperate
26186,America,Cold
26187,Europe,Cold
26188,America,Hot
26189,Africa,Temperate
26190,Africa,Hot
26191,Asia,Cold
26192,Europe,Temperate
26193,Asia,Temperate
26194,Africa,Temperate
26195,America,Temperate
26196,Asia,Cold
26197,Africa,Temperate
26198,Africa,Temperate
26199,Asia,Temperate
26200,America,Hot
26201,Europe,Temperate
26202,Asia,Hot
26203,America,Hot
26204,Europe,Temperate
26205,Europe,Cold
26206,Africa,Cold
26207,Asia,Temperate
26208,Europe,Cold
26209,Africa,Temperate
26210,Europe,Temperate
26211,Europe,Temperate
26212,Europe,Cold
26213,Africa,Cold
26214,Europe,Temperate
26215,Africa,Temperate
26216,Africa,Cold
26217,Europe,Temperate
26218,Europe,Hot
26219,Africa,Hot
26220,Europe,Cold
26221,Asia,Hot
26222,America,Cold
26223,Europe,Hot
26224,Europe,Cold
26225,America,Hot
26226,Asia,Cold
26227,Africa,Hot
26228,America,Temperate
26229,Africa,Cold
26230,America,Temperate
26231,Africa,Cold
26232,Africa,Cold
26233,Asia,Cold
26234,Africa,Temperate
26235,Asia,Cold
26236,Asia,Cold
26237,Europe,Cold
26238,Africa,Hot
26239,America,Temperate
26240,Africa,Cold
26241,Europe,Temperate
26242,Europe,Temperate
26243,Africa,Hot
26244,Asia,Temperate
26245,America,Hot
26246,America,Temperate
26247,Africa,Hot
26248,Europe,Hot
26249,Africa,Temperate
26250,Africa,Temperate
26251,Africa,Cold
26252,Asia,Hot
26253,Asia,Temperate
26254,Europe,Cold
26255,Asia,Temperate
26256,Asia,Hot
26257,Europe,Cold
26258,Asia,Temperate
26259,America,Cold
26260,America,Temperate
26261,Europe,Temperate
26262,Europe,Hot
26263,Asia,Cold
26264,America,Temperate
26265,Africa,Temperate
26266,Asia,Cold
26267,America,Cold
26268,Africa,Cold
26269,Asia,Cold
26270,Asia,Hot
26271,Asia,Hot
26272,America,Hot
26273,Africa,Cold
26274,America,Hot
26275,America,Temperate
26276,America,Hot
26277,America,Temperate
26278,Africa,Temperate
26279,Europe,Hot
26280,America,Temperate
26281,Africa,Temperate
26282,Africa,Hot
26283,America,Temperate
26284,Africa,Hot
26285,Asia,Cold
26286,America,Cold
26287,Africa,Temperate
26288,Asia,Temperate
26289,Asia,Temperate
26290,Asia,Hot
26291,Asia,Cold
26292,Africa,Cold
26293,Asia,Cold
26294,Africa,Cold
26295,America,Temperate
26296,America,Cold
26297,Europe,Cold
26298,Europe,Temperate
26299,Asia,Temperate
26300,Europe,Hot
26301,Europe,Temperate
26302,Europe,Cold
26303,Asia,Cold
26304,Europe,Cold
26305,Asia,Hot
26306,Africa,Hot
26307,Europe,Hot
26308,Asia,Temperate
26309,America,Cold
26310,America,Hot
26311,Africa,Cold
26312,Europe,Hot
26313,Europe,Temperate
26314,Asia,Temperate
26315,Europe,Cold
26316,Europe,Cold
26317,Asia,Hot
26318,Africa,Cold
26319,Africa,Cold
26320,Europe,Cold
26321,Asia,Cold
26322,Africa,Cold
26323,Africa,Cold
26324,Africa,Temperate
26325,Africa,Hot
26326,Asia,Temperate
26327,Africa,Cold
26328,America,Cold
26329,Africa,Cold
26330,America,Cold
26331,America,Hot
26332,Africa,Hot
26333,Europe,Cold
26334,Africa,Hot
26335,Europe,Temperate
26336,Africa,Hot
26337,Asia,Cold
26338,Asia,Cold
26339,America,Cold
26340,Asia,Temperate
26341,Europe,Cold
26342,Europe,Cold
26343,America,Temperate
26344,Africa,Temperate
26345,Asia,Temperate
26346,Africa,Temperate
26347,Africa,Hot
26348,Asia,Hot
26349,Africa,Hot
26350,Europe,Temperate
26351,America,Temperate
26352,Europe,Temperate
26353,Asia,Cold
26354,Asia,Cold
26355,Asia,Cold
26356,Asia,Hot
26357,Africa,Cold
26358,Africa,Temperate
26359,America,Hot
26360,Asia,Temperate
26361,Asia,Hot
26362,Africa,Cold
26363,Africa,Temperate
26364,Europe,Temperate
26365,America,Hot
26366,Africa,Hot
26367,America,Cold
26368,Asia,Temperate
26369,Asia,Hot
26370,Europe,Hot
26371,Europe,Cold
26372,Europe,Temperate
26373,Africa,Cold
26374,America,Cold
26375,Africa,Temperate
26376,Asia,Temperate
26377,Asia,Cold
26378,Europe,Temperate
26379,Europe,Hot
26380,America,Temperate
26381,Africa,Temperate
26382,Asia,Hot
26383,Asia,Hot
26384,Europe,Hot
26385,Africa,Cold
26386,Asia,Temperate
26387,Asia,Hot
26388,Africa,Hot
26389,Europe,Hot
26390,America,Cold
26391,Europe,Hot
26392,Africa,Temperate
26393,Africa,Hot
26394,Africa,Hot
26395,Asia,Cold
26396,Africa,Hot
26397,America,Hot
26398,Europe,Cold
26399,Asia,Cold
26400,Africa,Cold
26401,Africa,Temperate
26402,Africa,Hot
26403,America,Temperate
26404,America,Hot
26405,Europe,Cold
26406,Europe,Temperate
26407,America,Cold
26408,America,Cold
26409,America,Cold
26410,Europe,Cold
26411,Asia,Temperate
26412,Europe,Cold
26413,Africa,Cold
26414,Europe,Cold
26415,America,Hot
26416,Asia,Hot
26417,Europe,Temperate
26418,Asia,Cold
26419,Africa,Cold
26420,Asia,Temperate
26421,Europe,Temperate
26422,Africa,Hot
26423,Europe,Hot
26424,America,Temperate
26425,Europe,Cold
26426,America,Cold
26427,Africa,Cold
26428,Africa,Cold
26429,Europe,Hot
26430,Africa,Cold
26431,Europe,Temperate
26432,Asia,Cold
26433,Asia,Hot
26434,Europe,Cold
26435,Asia,Cold
26436,America,Hot
26437,America,Hot
26438,Europe,Hot
26439,Africa,Cold
26440,Asia,Temperate
26441,America,Temperate
26442,Africa,Hot
26443,America,Temperate
26444,America,Hot
26445,Europe,Temperate
26446,Europe,Cold
26447,Asia,Temperate
26448,America,Temperate
26449,America,Cold
26450,Africa,Temperate
26451,Europe,Hot
26452,Europe,Hot
26453,America,Temperate
26454,Africa,Hot
26455,Africa,Hot
26456,Europe,Cold
26457,Africa,Cold
26458,America,Hot
26459,Asia,Temperate
26460,Africa,Cold
26461,Asia,Temperate
26462,America,Cold
26463,Africa,Hot
26464,America,Cold
26465,Europe,Temperate
26466,Europe,Hot
26467,Africa,Cold
26468,Africa,Hot
26469,America,Temperate
26470,Europe,Temperate
26471,Africa,Temperate
26472,Europe,Hot
26473,Europe,Hot
26474,Europe,Cold
26475,Asia,Temperate
26476,America,Hot
26477,Asia,Hot
26478,Asia,Hot
26479,Europe,Cold
26480,Europe,Cold
26481,Africa,Temperate
26482,Asia,Temperate
26483,Europe,Hot
26484,Africa,Temperate
26485,America,Hot
26486,Africa,Hot
26487,Asia,Hot
26488,Asia,Temperate
26489,Asia,Hot
26490,Europe,Hot
26491,Europe,Cold
26492,America,Cold
26493,Asia,Hot
26494,Africa,Temperate
26495,Europe,Temperate
26496,Europe,Cold
26497,Asia,Cold
26498,Europe,Hot
26499,Asia,Temperate
26500,America,Cold
26501,Europe,Temperate
26502,Africa,Cold
26503,Europe,Temperate
26504,America,Cold
26505,Asia,Hot
26506,Africa,Temperate
26507,America,Temperate
26508,Africa,Temperate
26509,Asia,Temperate
26510,America,Hot
26511,Africa,Temperate
26512,Europe,Temperate
26513,Africa,Cold
26514,America,Cold
26515,Africa,Temperate
26516,Africa,Hot
26517,Europe,Hot
26518,America,Temperate
26519,America,Cold
26520,Africa,Cold
26521,Europe,Cold
26522,Africa,Hot
26523,Asia,Temperate
26524,America,Hot
26525,America,Hot
26526,Europe,Cold
26527,America,Hot
26528,Europe,Hot
26529,America,Temperate
26530,Europe,Cold
26531,Africa,Hot
26532,Europe,Temperate
26533,Asia,Hot
26534,Asia,Temperate
26535,Africa,Cold
26536,Europe,Temperate
26537,Africa,Hot
26538,Asia,Temperate
26539,America,Hot
26540,Africa,Hot
26541,Asia,Temperate
26542,Asia,Hot
26543,Africa,Cold
26544,Asia,Temperate
26545,Asia,Hot
26546,Asia,Temperate
26547,Europe,Cold
26548,Asia,Temperate
26549,Africa,Temperate
26550,America,Hot
26551,Europe,Temperate
26552,America,Temperate
26553,Europe,Hot
26554,Africa,Cold
26555,America,Temperate
26556,Asia,Cold
26557,Africa,Cold
26558,Africa,Hot
26559,America,Temperate
26560,Asia,Hot
26561,America,Cold
26562,Asia,Hot
26563,Europe,Temperate
26564,America,Hot
26565,Europe,Cold
26566,Asia,Cold
26567,Asia,Temperate
26568,Africa,Temperate
26569,Asia,Cold
26570,America,Cold
26571,America,Temperate
26572,Asia,Hot
26573,Asia,Temperate
26574,America,Hot
26575,America,Hot
26576,Asia,Temperate
26577,Asia,Temperate
26578,America,Temperate
26579,Africa,Hot
26580,Asia,Hot
26581,Africa,Temperate
26582,America,Hot
26583,Africa,Hot
26584,Europe,Hot
26585,Africa,Temperate
26586,Europe,Cold
26587,Asia,Temperate
26588,Europe,Hot
26589,America,Hot
26590,Asia,Hot
26591,Asia,Temperate
26592,Europe,Hot
26593,America,Hot
26594,America,Cold
26595,America,Cold
26596,America,Hot
26597,Africa,Temperate
26598,America,Hot
26599,America,Hot
26600,Asia,Hot
26601,Europe,Cold
26602,Africa,Temperate
26603,Africa,Temperate
26604,Asia,Cold
26605,Africa,Cold
26606,Africa,Cold
26607,Asia,Cold
26608,America,Cold
26609,Africa,Temperate
26610,Europe,Temperate
26611,America,Cold
26612,America,Cold
26613,America,Temperate
26614,Africa,Temperate
26615,Europe,Temperate
26616,Africa,Cold
26617,Asia,Temperate
26618,Africa,Temperate
26619,Europe,Cold
26620,Africa,Cold
26621,Asia,Cold
26622,America,Hot
26623,Africa,Temperate
26624,America,Hot
26625,Africa,Hot
26626,Europe,Cold
26627,America,Temperate
26628,Africa,Temperate
26629,Europe,Cold
26630,Asia,Temperate
26631,America,Hot
26632,America,Temperate
26633,Africa,Temperate
26634,America,Cold
26635,Asia,Hot
26636,America,Hot
26637,America,Cold
26638,Asia,Cold
26639,Europe,Temperate
26640,America,Cold
26641,Africa,Temperate
26642,Europe,Temperate
26643,America,Cold
26644,Europe,Cold
26645,America,Temperate
26646,Europe,Hot
26647,Africa,Hot
26648,Europe,Temperate
26649,Asia,Cold
26650,America,Hot
26651,America,Cold
26652,Africa,Cold
26653,Asia,Cold
26654,Europe,Hot
26655,Europe,Hot
26656,Asia,Cold
26657,Asia,Temperate
26658,Europe,Cold
26659,Africa,Cold
26660,Africa,Temperate
26661,Europe,Hot
26662,Europe,Temperate
26663,Asia,Temperate
26664,America,Temperate
26665,America,Cold
26666,Asia,Hot
26667,Europe,Hot
26668,America,Temperate
26669,Europe,Hot
26670,Europe,Temperate
26671,America,Temperate
26672,Asia,Cold
26673,Europe,Hot
26674,Europe,Temperate
26675,America,Hot
26676,Asia,Hot
26677,America,Hot
26678,Asia,Temperate
26679,Africa,Cold
26680,Asia,Temperate
26681,Africa,Cold
26682,Africa,Hot
26683,Europe,Hot
26684,Europe,Hot
26685,America,Hot
26686,America,Cold
26687,Asia,Temperate
26688,Europe,Cold
26689,America,Temperate
26690,Asia,Hot
26691,Europe,Hot
26692,Africa,Temperate
26693,Africa,Hot
26694,Europe,Cold
26695,Asia,Temperate
26696,Africa,Temperate
26697,Europe,Temperate
26698,Asia,Cold
26699,Europe,Temperate
26700,America,Temperate
26701,America,Hot
26702,Asia,Temperate
26703,Asia,Cold
26704,Africa,Cold
26705,Europe,Hot
26706,Africa,Cold
26707,Africa,Hot
26708,America,Hot
26709,Africa,Cold
26710,Asia,Temperate
26711,Africa,Cold
26712,America,Cold
26713,Africa,Cold
26714,Europe,Hot
26715,Africa,Hot
26716,Europe,Cold
26717,Africa,Cold
26718,Asia,Hot
26719,Asia,Cold
26720,Europe,Cold
26721,Europe,Hot
26722,America,Cold
26723,Africa,Hot
26724,America,Temperate
26725,America,Temperate
26726,Asia,Hot
26727,America,Cold
26728,Asia,Temperate
26729,America,Cold
26730,Europe,Cold
26731,America,Cold
26732,Africa,Hot
26733,Asia,Temperate
26734,Europe,Temperate
26735,Africa,Cold
26736,Europe,Cold
26737,Africa,Hot
26738,Asia,Temperate
26739,Europe,Temperate
26740,Asia,Hot
26741,Europe,Cold
26742,Europe,Temperate
26743,Asia,Cold
26744,Europe,Cold
26745,America,Temperate
26746,Africa,Temperate
26747,Africa,Temperate
26748,America,Temperate
26749,Africa,Temperate
26750,Europe,Cold
26751,Europe,Temperate
26752,Europe,Hot
26753,Asia,Hot
26754,Europe,Hot
26755,Europe,Temperate
26756,Asia,Hot
26757,Europe,Cold
26758,Asia,Temperate
26759,Asia,Cold
26760,Asia,Hot
26761,Asia,Hot
26762,Asia,Hot
26763,Africa,Temperate
26764,Africa,Cold
26765,Europe,Temperate
26766,America,Temperate
26767,Europe,Cold
26768,America,Temperate
26769,America,Hot
26770,America,Hot
26771,Europe,Hot
26772,Europe,Temperate
26773,America,Temperate
26774,Europe,Hot
26775,Asia,Temperate
26776,Africa,Hot
26777,Africa,Hot
26778,Africa,Temperate
26779,America,Cold
26780,Asia,Cold
26781,Africa,Hot
26782,Asia,Hot
26783,Africa,Temperate
26784,Asia,Temperate
26785,Europe,Temperate
26786,Europe,Hot
26787,Asia,Hot
26788,Asia,Temperate
26789,America,Cold
26790,Asia,Cold
26791,America,Cold
26792,Africa,Hot
26793,Europe,Temperate
26794,Africa,Cold
26795,America,Temperate
26796,Europe,Cold
26797,Africa,Temperate
26798,Africa,Cold
26799,Asia,Hot
26800,Europe,Hot
26801,Africa,Hot
26802,Asia,Cold
26803,Asia,Hot
26804,Asia,Temperate
26805,America,Hot
26806,America,Hot
26807,Asia,Hot
26808,Africa,Temperate
26809,Africa,Hot
26810,Europe,Temperate
26811,Africa,Cold
26812,Asia,Cold
26813,Europe,Temperate
26814,Europe,Hot
26815,Africa,Cold
26816,Europe,Temperate
26817,Africa,Temperate
26818,Asia,Cold
26819,Asia,Cold
26820,Africa,Temperate
26821,America,Temperate
26822,Asia,Hot
26823,America,Hot
26824,Africa,Cold
26825,Africa,Cold
26826,Asia,Cold
26827,Asia,Hot
26828,America,Temperate
26829,America,Temperate
26830,Europe,Cold
26831,Asia,Temperate
26832,Asia,Hot
26833,Africa,Temperate
26834,Africa,Hot
26835,America,Hot
26836,Asia,Hot
26837,America,Hot
26838,Europe,Hot
26839,Africa,Hot
26840,Africa,Cold
26841,Asia,Hot
26842,Asia,Temperate
26843,Asia,Temperate
26844,Asia,Cold
26845,Asia,Cold
26846,Europe,Hot
26847,Africa,Temperate
26848,Europe,Hot
26849,Europe,Hot
26850,America,Hot
26851,Asia,Cold
26852,Africa,Hot
26853,Asia,Hot
26854,Europe,Cold
26855,Africa,Temperate
26856,Africa,Temperate
26857,America,Cold
26858,America,Hot
26859,America,Hot
26860,Asia,Temperate
26861,Europe,Hot
26862,America,Hot
26863,America,Hot
26864,Asia,Cold
26865,Africa,Hot
26866,Asia,Hot
26867,Africa,Cold
26868,Asia,Temperate
26869,America,Cold
26870,Europe,Cold
26871,Europe,Cold
26872,Asia,Hot
26873,America,Temperate
26874,Europe,Hot
26875,Asia,Cold
26876,Africa,Hot
26877,America,Temperate
26878,America,Temperate
26879,America,Cold
26880,Europe,Cold
26881,Europe,Hot
26882,America,Hot
26883,Europe,Cold
26884,Africa,Cold
26885,Europe,Cold
26886,Europe,Temperate
26887,America,Cold
26888,America,Temperate
26889,Asia,Hot
26890,Asia,Cold
26891,Africa,Cold
26892,Africa,Temperate
26893,Asia,Cold
26894,Europe,Cold
26895,Asia,Temperate
26896,Asia,Hot
26897,Africa,Temperate
26898,Africa,Temperate
26899,Europe,Hot
26900,America,Cold
26901,America,Hot
26902,Asia,Cold
26903,Europe,Cold
26904,America,Cold
26905,America,Hot
26906,Africa,Cold
26907,America,Cold
26908,Africa,Cold
26909,America,Temperate
26910,Africa,Hot
26911,Europe,Temperate
26912,Europe,Cold
26913,Asia,Temperate
26914,Africa,Temperate
26915,Asia,Cold
26916,Africa,Cold
26917,Asia,Temperate
26918,Africa,Temperate
26919,Asia,Cold
26920,Europe,Temperate
26921,Europe,Cold
26922,America,Hot
26923,Asia,Hot
26924,Africa,Temperate
26925,Europe,Hot
26926,Asia,Hot
26927,Europe,Cold
26928,Asia,Cold
26929,Asia,Cold
26930,Europe,Temperate
26931,America,Hot
26932,Europe,Cold
26933,Asia,Temperate
26934,Asia,Cold
26935,Asia,Temperate
26936,Asia,Cold
26937,America,Hot
26938,Asia,Hot
26939,Europe,Hot
26940,Africa,Hot
26941,America,Hot
26942,Asia,Cold
26943,Africa,Temperate
26944,Africa,Cold
26945,America,Cold
26946,America,Hot
26947,Africa,Temperate
26948,Asia,Hot
26949,America,Hot
26950,Europe,Hot
26951,Africa,Cold
26952,America,Cold
26953,America,Temperate
26954,Asia,Cold
26955,Europe,Hot
26956,America,Temperate
26957,Europe,Temperate
26958,Africa,Temperate
26959,Africa,Hot
26960,Africa,Hot
26961,America,Temperate
26962,Europe,Temperate
26963,Europe,Cold
26964,America,Hot
26965,Europe,Cold
26966,Africa,Hot
26967,Africa,Hot
26968,America,Temperate
26969,Asia,Hot
26970,Asia,Temperate
26971,Africa,Temperate
26972,Europe,Cold
26973,America,Temperate
26974,Europe,Temperate
26975,Africa,Cold
26976,Asia,Hot
26977,Africa,Hot
26978,America,Hot
26979,America,Temperate
26980,Africa,Hot
26981,Europe,Cold
26982,Africa,Hot
26983,Africa,Temperate
26984,Europe,Cold
26985,Europe,Cold
26986,Europe,Temperate
26987,Europe,Temperate
26988,Asia,Hot
26989,America,Temperate
26990,Asia,Temperate
26991,Africa,Cold
26992,Europe,Hot
26993,America,Hot
26994,Europe,Cold
26995,Europe,Cold
26996,Asia,Cold
26997,Africa,Hot
26998,Africa,Temperate
26999,Africa,Hot
27000,Europe,Hot
27001,America,Hot
27002,Asia,Temperate
27003,Europe,Cold
27004,Europe,Cold
27005,Asia,Temperate
27006,Africa,Hot
27007,Asia,Hot
27008,Europe,Temperate
27009,America,Hot
27010,Europe,Hot
27011,Asia,Cold
27012,Asia,Cold
27013,Asia,Cold
27014,Africa,Hot
27015,Africa,Cold
27016,Asia,Cold
27017,America,Temperate
27018,Asia,Hot
27019,Europe,Temperate
27020,Asia,Hot
27021,Africa,Temperate
27022,Asia,Temperate
27023,Asia,Temperate
27024,Asia,Cold
27025,Europe,Cold
27026,Africa,Cold
27027,America,Hot
27028,Asia,Temperate
27029,Europe,Temperate
27030,Asia,Hot
27031,Africa,Hot
27032,Europe,Cold
27033,Europe,Temperate
27034,Europe,Temperate
27035,Africa,Cold
27036,America,Cold
27037,Asia,Cold
27038,Europe,Hot
27039,Africa,Temperate
27040,Europe,Hot
27041,America,Temperate
27042,Europe,Cold
27043,Europe,Hot
27044,America,Temperate
27045,Africa,Temperate
27046,Africa,Hot
27047,Asia,Temperate
27048,Europe,Hot
27049,Asia,Hot
27050,Asia,Cold
27051,Europe,Cold
27052,Europe,Cold
27053,America,Cold
27054,Asia,Hot
27055,Europe,Hot
27056,America,Cold
27057,Europe,Hot
27058,Asia,Cold
27059,Europe,Temperate
27060,Europe,Cold
27061,Africa,Temperate
27062,America,Temperate
27063,Europe,Hot
27064,Africa,Cold
27065,Europe,Temperate
27066,Asia,Cold
27067,Asia,Temperate
27068,Africa,Hot
27069,Europe,Hot
27070,Africa,Hot
27071,Europe,Temperate
27072,America,Cold
27073,America,Hot
27074,Europe,Temperate
27075,Europe,Cold
27076,America,Temperate
27077,Africa,Cold
27078,America,Temperate
27079,Africa,Temperate
27080,Africa,Temperate
27081,America,Hot
27082,America,Temperate
27083,Asia,Temperate
27084,Africa,Cold
27085,America,Temperate
27086,America,Hot
27087,Europe,Hot
27088,Africa,Temperate
27089,Asia,Temperate
27090,America,Cold
27091,Asia,Temperate
27092,Asia,Hot
27093,Africa,Hot
27094,Asia,Temperate
27095,America,Cold
27096,Asia,Temperate
27097,America,Temperate
27098,Asia,Cold
27099,Asia,Temperate
27100,Asia,Cold
27101,Africa,Cold
27102,Asia,Hot
27103,Africa,Temperate
27104,Europe,Temperate
27105,Africa,Cold
27106,Africa,Hot
27107,Asia,Hot
27108,Asia,Hot
27109,America,Temperate
27110,America,Temperate
27111,America,Temperate
27112,Asia,Cold
27113,Africa,Cold
27114,America,Temperate
27115,America,Temperate
27116,Africa,Cold
27117,America,Hot
27118,Asia,Cold
27119,Europe,Hot
27120,Europe,Hot
27121,America,Cold
27122,Europe,Temperate
27123,Europe,Cold
27124,Asia,Cold
27125,Asia,Hot
27126,Africa,Temperate
27127,America,Temperate
27128,Europe,Cold
27129,Africa,Cold
27130,America,Temperate
27131,Asia,Temperate
27132,Africa,Cold
27133,Africa,Temperate
27134,America,Hot
27135,America,Temperate
27136,Europe,Hot
27137,Europe,Cold
27138,America,Hot
27139,Europe,Temperate
27140,America,Hot
27141,Europe,Temperate
27142,Africa,Hot
27143,Asia,Temperate
27144,Europe,Cold
27145,Asia,Cold
27146,Africa,Temperate
27147,Africa,Hot
27148,America,Cold
27149,Europe,Hot
27150,America,Temperate
27151,Africa,Hot
27152,America,Cold
27153,Asia,Temperate
27154,Europe,Temperate
27155,America,Hot
27156,Asia,Temperate
27157,Europe,Hot
27158,Europe,Hot
27159,Africa,Hot
27160,America,Hot
27161,Africa,Cold
27162,Asia,Cold
27163,Europe,Hot
27164,Asia,Hot
27165,Europe,Cold
27166,Africa,Cold
27167,America,Cold
27168,Africa,Cold
27169,Europe,Hot
27170,Asia,Temperate
27171,Africa,Cold
27172,Europe,Hot
27173,Europe,Temperate
27174,Europe,Cold
27175,Europe,Cold
27176,Asia,Cold
27177,Europe,Hot
27178,Asia,Hot
27179,Asia,Temperate
27180,America,Temperate
27181,Asia,Hot
27182,America,Hot
27183,Asia,Cold
27184,Africa,Cold
27185,Asia,Cold
27186,Asia,Cold
27187,America,Cold
27188,Asia,Cold
27189,Europe,Cold
27190,America,Cold
27191,Africa,Cold
27192,America,Cold
27193,Asia,Cold
27194,Asia,Hot
27195,Africa,Cold
27196,Asia,Temperate
27197,Europe,Temperate
27198,Europe,Hot
27199,America,Hot
27200,Asia,Hot
27201,Europe,Temperate
27202,Africa,Hot
27203,America,Hot
27204,Africa,Cold
27205,Asia,Temperate
27206,Europe,Temperate
27207,America,Hot
27208,Europe,Hot
27209,Asia,Temperate
27210,Africa,Cold
27211,Asia,Cold
27212,Asia,Temperate
27213,Asia,Hot
27214,Europe,Hot
27215,Africa,Temperate
27216,Europe,Temperate
27217,Europe,Hot
27218,America,Temperate
27219,Europe,Temperate
27220,Asia,Temperate
27221,Europe,Temperate
27222,Africa,Hot
27223,Asia,Hot
27224,Africa,Hot
27225,Asia,Cold
27226,Europe,Hot
27227,America,Temperate
27228,America,Cold
27229,Europe,Cold
27230,Asia,Cold
27231,Africa,Temperate
27232,Asia,Temperate
27233,Africa,Cold
27234,Europe,Cold
27235,Europe,Cold
27236,Europe,Cold
27237,America,Temperate
27238,Asia,Hot
27239,Europe,Cold
27240,America,Cold
27241,America,Cold
27242,Europe,Cold
27243,Europe,Temperate
27244,Africa,Hot
27245,Europe,Cold
27246,Africa,Hot
27247,America,Cold
27248,America,Hot
27249,Europe,Hot
27250,America,Hot
27251,Europe,Temperate
27252,Africa,Cold
27253,America,Hot
27254,Africa,Cold
27255,America,Cold
27256,Europe,Temperate
27257,Asia,Temperate
27258,America,Temperate
27259,Africa,Hot
27260,Asia,Temperate
27261,Africa,Hot
27262,Africa,Cold
27263,Europe,Cold
27264,America,Temperate
27265,Asia,Cold
27266,Asia,Hot
27267,Europe,Hot
27268,Europe,Temperate
27269,America,Temperate
27270,Europe,Temperate
27271,Africa,Temperate
27272,Asia,Temperate
27273,Europe,Cold
27274,Africa,Temperate
27275,Africa,Cold
27276,Europe,Temperate
27277,Asia,Cold
27278,Europe,Temperate
27279,Europe,Cold
27280,Africa,Temperate
27281,America,Temperate
27282,Asia,Hot
27283,Asia,Hot
27284,Europe,Cold
27285,America,Cold
27286,Asia,Temperate
27287,Africa,Temperate
27288,Africa,Temperate
27289,America,Temperate
27290,America,Hot
27291,Africa,Temperate
27292,Europe,Hot
27293,Africa,Cold
27294,Europe,Cold
27295,Asia,Hot
27296,Asia,Cold
27297,Africa,Temperate
27298,Europe,Cold
27299,Asia,Cold
27300,Africa,Hot
27301,Africa,Cold
27302,Europe,Temperate
27303,Asia,Temperate
27304,Africa,Hot
27305,Asia,Hot
27306,Africa,Temperate
27307,America,Cold
27308,America,Cold
27309,Africa,Hot
27310,Asia,Temperate
27311,Europe,Temperate
27312,Europe,Temperate
27313,Europe,Temperate
27314,Europe,Cold
27315,Europe,Cold
27316,Europe,Hot
27317,Africa,Hot
27318,America,Hot
27319,Europe,Temperate
27320,Asia,Hot
27321,Asia,Hot
27322,Asia,Cold
27323,Africa,Temperate
27324,Asia,Hot
27325,America,Hot
27326,America,Temperate
27327,Africa,Hot
27328,Europe,Cold
27329,Europe,Hot
27330,Africa,Cold
27331,America,Cold
27332,America,Temperate
27333,Asia,Temperate
27334,Asia,Temperate
27335,Asia,Hot
27336,Asia,Temperate
27337,Europe,Cold
27338,Africa,Hot
27339,Asia,Cold
27340,Europe,Cold
27341,Europe,Temperate
27342,Asia,Cold
27343,Europe,Cold
27344,Asia,Temperate
27345,Africa,Cold
27346,America,Hot
27347,Africa,Cold
27348,Asia,Cold
27349,America,Cold
27350,Asia,Temperate
27351,America,Cold
27352,Asia,Cold
27353,Europe,Cold
27354,Asia,Cold
27355,Europe,Temperate
27356,America,Temperate
27357,Asia,Cold
27358,Africa,Cold
27359,Africa,Cold
27360,America,Temperate
27361,Asia,Cold
27362,Europe,Hot
27363,Africa,Temperate
27364,Europe,Temperate
27365,America,Cold
27366,America,Cold
27367,America,Cold
27368,America,Hot
27369,Asia,Cold
27370,Europe,Temperate
27371,America,Temperate
27372,Africa,Cold
27373,Africa,Temperate
27374,Europe,Hot
27375,America,Hot
27376,Europe,Hot
27377,Asia,Cold
27378,Africa,Temperate
27379,Asia,Temperate
27380,Asia,Temperate
27381,Asia,Temperate
27382,Africa,Cold
27383,Europe,Temperate
27384,Africa,Cold
27385,Africa,Temperate
27386,America,Hot
27387,Europe,Cold
27388,Asia,Cold
27389,America,Temperate
27390,Africa,Temperate
27391,Africa,Temperate
27392,Europe,Hot
27393,Asia,Hot
27394,Africa,Cold
27395,Asia,Cold
27396,Africa,Cold
27397,America,Hot
27398,Europe,Cold
27399,Africa,Cold
27400,Africa,Cold
27401,America,Temperate
27402,America,Hot
27403,Asia,Cold
27404,Asia,Cold
27405,Africa,Hot
27406,America,Temperate
27407,Asia,Cold
27408,Europe,Temperate
27409,Africa,Cold
27410,Africa,Cold
27411,America,Cold
27412,Africa,Temperate
27413,Africa,Hot
27414,Asia,Hot
27415,Europe,Temperate
27416,America,Cold
27417,Africa,Temperate
27418,Africa,Hot
27419,America,Hot
27420,Asia,Hot
27421,Asia,Cold
27422,Asia,Hot
27423,Africa,Temperate
27424,Asia,Cold
27425,America,Hot
27426,Africa,Hot
27427,America,Cold
27428,Asia,Hot
27429,Asia,Cold
27430,Europe,Cold
27431,Asia,Hot
27432,Africa,Cold
27433,America,Cold
27434,Europe,Temperate
27435,Europe,Hot
27436,Asia,Hot
27437,Asia,Cold
27438,America,Hot
27439,Europe,Temperate
27440,Europe,Temperate
27441,America,Temperate
27442,Asia,Temperate
27443,Europe,Hot
27444,America,Cold
27445,Africa,Cold
27446,Europe,Temperate
27447,Asia,Temperate
27448,America,Temperate
27449,Africa,Hot
27450,Africa,Cold
27451,Asia,Cold
27452,America,Cold
27453,Europe,Hot
27454,Asia,Temperate
27455,Africa,Temperate
27456,Europe,Temperate
27457,Africa,Cold
27458,America,Hot
27459,Europe,Hot
27460,Asia,Hot
27461,Africa,Cold
27462,Asia,Temperate
27463,Africa,Cold
27464,Europe,Hot
27465,Asia,Hot
27466,Asia,Temperate
27467,Africa,Temperate
27468,America,Cold
27469,America,Hot
27470,Asia,Cold
27471,America,Hot
27472,Asia,Hot
27473,Europe,Hot
27474,America,Cold
27475,Asia,Hot
27476,Asia,Temperate
27477,Europe,Temperate
27478,Africa,Cold
27479,Europe,Hot
27480,Africa,Temperate
27481,Asia,Temperate
27482,Europe,Hot
27483,Africa,Hot
27484,Europe,Temperate
27485,America,Temperate
27486,America,Temperate
27487,Asia,Temperate
27488,Africa,Hot
27489,Europe,Cold
27490,Africa,Hot
27491,Asia,Cold
27492,Europe,Hot
27493,America,Hot
27494,Africa,Cold
27495,Africa,Temperate
27496,Africa,Temperate
27497,Asia,Hot
27498,Africa,Cold
27499,America,Temperate
27500,Europe,Hot
27501,Europe,Hot
27502,Asia,Hot
27503,Asia,Temperate
27504,America,Hot
27505,Africa,Hot
27506,America,Temperate
27507,Asia,Cold
27508,Africa,Hot
27509,Africa,Hot
27510,Asia,Hot
27511,Africa,Cold
27512,America,Temperate
27513,America,Cold
27514,Africa,Temperate
27515,Africa,Hot
27516,Africa,Cold
27517,Europe,Hot
27518,Asia,Temperate
27519,America,Hot
27520,America,Temperate
27521,Europe,Temperate
27522,Africa,Hot
27523,Asia,Cold
27524,Asia,Hot
27525,America,Cold
27526,Asia,Temperate
27527,Africa,Hot
27528,Asia,Hot
27529,Asia,Cold
27530,Europe,Cold
27531,Asia,Temperate
27532,America,Cold
27533,America,Cold
27534,America,Cold
27535,Europe,Hot
27536,America,Cold
27537,Africa,Temperate
27538,Asia,Cold
27539,America,Hot
27540,Africa,Cold
27541,Africa,Cold
27542,America,Cold
27543,Asia,Cold
27544,Africa,Temperate
27545,Africa,Temperate
27546,Asia,Temperate
27547,Asia,Cold
27548,Asia,Cold
27549,Europe,Cold
27550,Africa,Temperate
27551,America,Cold
27552,Africa,Cold
27553,America,Temperate
27554,Europe,Cold
27555,Africa,Temperate
27556,Asia,Cold
27557,Asia,Temperate
27558,Africa,Temperate
27559,America,Cold
27560,America,Cold
27561,Africa,Cold
27562,America,Hot
27563,Africa,Temperate
27564,Asia,Temperate
27565,America,Temperate
27566,America,Temperate
27567,Africa,Hot
27568,America,Temperate
27569,Africa,Hot
27570,Asia,Temperate
27571,Asia,Hot
27572,Asia,Temperate
27573,Africa,Hot
27574,Africa,Temperate
27575,Europe,Hot
27576,Europe,Hot
27577,Asia,Cold
27578,America,Temperate
27579,America,Cold
27580,Asia,Hot
27581,Asia,Cold
27582,Africa,Cold
27583,Europe,Hot
27584,America,Cold
27585,Asia,Cold
27586,America,Cold
27587,Africa,Cold
27588,Africa,Hot
27589,Africa,Hot
27590,America,Cold
27591,Africa,Temperate
27592,America,Temperate
27593,Africa,Cold
27594,America,Hot
27595,Europe,Cold
27596,Africa,Hot
27597,Asia,Temperate
27598,Asia,Cold
27599,America,Cold
27600,Asia,Hot
27601,America,Hot
27602,Asia,Temperate
27603,Asia,Temperate
27604,Africa,Cold
27605,Europe,Cold
27606,Asia,Hot
27607,Europe,Temperate
27608,Africa,Temperate
27609,America,Cold
27610,Europe,Temperate
27611,Africa,Hot
27612,America,Hot
27613,Africa,Hot
27614,America,Temperate
27615,Asia,Hot
27616,Asia,Cold
27617,Asia,Temperate
27618,Asia,Temperate
27619,Europe,Hot
27620,Europe,Temperate
27621,Africa,Cold
27622,America,Cold
27623,America,Temperate
27624,Europe,Temperate
27625,Africa,Temperate
27626,Africa,Temperate
27627,Africa,Temperate
27628,Africa,Cold
27629,Asia,Cold
27630,America,Cold
27631,America,Temperate
27632,America,Cold
27633,Africa,Cold
27634,Asia,Temperate
27635,Africa,Hot
27636,Asia,Cold
27637,Asia,Temperate
27638,America,Temperate
27639,Europe,Cold
27640,Europe,Hot
27641,America,Cold
27642,Africa,Temperate
27643,Asia,Temperate
27644,America,Temperate
27645,America,Temperate
27646,Africa,Temperate
27647,America,Temperate
27648,Europe,Temperate
27649,Africa,Cold
27650,Europe,Hot
27651,America,Hot
27652,Asia,Hot
27653,America,Temperate
27654,America,Hot
27655,Asia,Temperate
27656,Asia,Cold
27657,Asia,Cold
27658,Africa,Temperate
27659,Asia,Hot
27660,Europe,Temperate
27661,Africa,Temperate
27662,America,Temperate
27663,Europe,Cold
27664,Europe,Hot
27665,Asia,Cold
27666,Africa,Hot
27667,Europe,Cold
27668,America,Temperate
27669,America,Hot
27670,America,Cold
27671,Asia,Cold
27672,America,Hot
27673,America,Cold
27674,America,Temperate
27675,Asia,Cold
27676,Africa,Temperate
27677,Africa,Hot
27678,Asia,Hot
27679,Africa,Temperate
27680,Africa,Hot
27681,Asia,Hot
27682,Africa,Cold
27683,Africa,Cold
27684,America,Temperate
27685,Asia,Hot
27686,Asia,Cold
27687,America,Temperate
27688,Europe,Hot
27689,Asia,Cold
27690,Europe,Temperate
27691,Africa,Hot
27692,Asia,Temperate
27693,Africa,Hot
27694,Asia,Temperate
27695,Asia,Cold
27696,Asia,Temperate
27697,Europe,Hot
27698,Asia,Hot
27699,America,Temperate
27700,Asia,Cold
27701,Europe,Hot
27702,Asia,Temperate
27703,Europe,Temperate
27704,Africa,Temperate
27705,America,Cold
27706,America,Temperate
27707,Europe,Temperate
27708,Africa,Cold
27709,America,Temperate
27710,Asia,Hot
27711,America,Temperate
27712,Europe,Temperate
27713,Africa,Hot
27714,Africa,Temperate
27715,Europe,Temperate
27716,Asia,Hot
27717,Africa,Temperate
27718,Europe,Hot
27719,Africa,Temperate
27720,Africa,Hot
27721,Europe,Hot
27722,Europe,Temperate
27723,Asia,Cold
27724,Asia,Hot
27725,Africa,Hot
27726,Asia,Hot
27727,Africa,Temperate
27728,Europe,Temperate
27729,Europe,Temperate
27730,Asia,Hot
27731,Africa,Cold
27732,Asia,Temperate
27733,America,Cold
27734,America,Temperate
27735,America,Hot
27736,America,Temperate
27737,Africa,Hot
27738,Africa,Cold
27739,Europe,Temperate
27740,Europe,Temperate
27741,Africa,Temperate
27742,America,Temperate
27743,Asia,Hot
27744,Asia,Cold
27745,Asia,Temperate
27746,America,Cold
27747,Africa,Cold
27748,America,Cold
27749,America,Cold
27750,Africa,Temperate
27751,America,Temperate
27752,Africa,Temperate
27753,Europe,Temperate
27754,Africa,Cold
27755,Asia,Cold
27756,Africa,Hot
27757,America,Hot
27758,Africa,Cold
27759,Europe,Hot
27760,Europe,Cold
27761,Europe,Hot
27762,Europe,Hot
27763,Asia,Hot
27764,Africa,Hot
27765,Africa,Cold
27766,America,Hot
27767,America,Cold
27768,Europe,Hot
27769,Asia,Hot
27770,Asia,Hot
27771,America,Cold
27772,Europe,Temperate
27773,America,Cold
27774,Europe,Temperate
27775,America,Temperate
27776,America,Cold
27777,America,Hot
27778,Europe,Hot
27779,Africa,Cold
27780,Europe,Temperate
27781,Africa,Cold
27782,Europe,Hot
27783,Europe,Temperate
27784,Asia,Temperate
27785,Asia,Temperate
27786,Africa,Cold
27787,America,Cold
27788,Africa,Temperate
27789,Asia,Hot
27790,Asia,Temperate
27791,America,Hot
27792,Africa,Cold
27793,America,Cold
27794,Asia,Hot
27795,America,Hot
27796,Africa,Cold
27797,America,Cold
27798,Europe,Cold
27799,America,Cold
27800,Asia,Hot
27801,Africa,Temperate
27802,America,Cold
27803,Europe,Hot
27804,Asia,Cold
27805,Africa,Temperate
27806,Africa,Hot
27807,America,Cold
27808,Africa,Temperate
27809,Africa,Hot
27810,Asia,Hot
27811,Europe,Temperate
27812,Africa,Temperate
27813,Africa,Cold
27814,Asia,Cold
27815,Europe,Temperate
27816,Asia,Temperate
27817,Asia,Cold
27818,Asia,Temperate
27819,Asia,Hot
27820,Africa,Temperate
27821,Africa,Temperate
27822,Asia,Temperate
27823,America,Cold
27824,America,Hot
27825,Europe,Hot
27826,Europe,Temperate
27827,Asia,Cold
27828,Africa,Cold
27829,America,Temperate
27830,America,Temperate
27831,Africa,Cold
27832,America,Cold
27833,America,Hot
27834,Europe,Temperate
27835,Europe,Cold
27836,Asia,Cold
27837,America,Hot
27838,America,Hot
27839,Europe,Temperate
27840,America,Hot
27841,Africa,Temperate
27842,Europe,Hot
27843,Europe,Temperate
27844,Africa,Temperate
27845,Asia,Temperate
27846,Europe,Cold
27847,America,Temperate
27848,America,Cold
27849,America,Hot
27850,Africa,Cold
27851,Asia,Cold
27852,Europe,Cold
27853,Europe,Hot
27854,Asia,Temperate
27855,Europe,Temperate
27856,America,Hot
27857,Asia,Temperate
27858,Africa,Temperate
27859,Asia,Temperate
27860,Asia,Temperate
27861,Europe,Hot
27862,Asia,Temperate
27863,America,Temperate
27864,Europe,Cold
27865,Asia,Cold
27866,Africa,Temperate
27867,Africa,Cold
27868,America,Temperate
27869,Asia,Temperate
27870,America,Cold
27871,Asia,Temperate
27872,Europe,Cold
27873,Africa,Hot
27874,Europe,Cold
27875,Europe,Hot
27876,America,Cold
27877,Europe,Hot
27878,Africa,Temperate
27879,Asia,Temperate
27880,America,Cold
27881,America,Temperate
27882,Africa,Cold
27883,Europe,Temperate
27884,Europe,Temperate
27885,Europe,Temperate
27886,America,Temperate
27887,America,Cold
27888,America,Temperate
27889,America,Cold
27890,Europe,Hot
27891,Asia,Temperate
27892,Europe,Temperate
27893,Asia,Hot
27894,Asia,Cold
27895,Europe,Cold
27896,America,Cold
27897,America,Cold
27898,Europe,Temperate
27899,Asia,Hot
27900,Asia,Hot
27901,America,Hot
27902,Europe,Hot
27903,America,Hot
27904,Africa,Temperate
27905,Europe,Temperate
27906,America,Cold
27907,Africa,Temperate
27908,Asia,Cold
27909,Africa,Temperate
27910,Europe,Temperate
27911,Asia,Hot
27912,Asia,Cold
27913,Asia,Cold
27914,Africa,Cold
27915,Africa,Cold
27916,Asia,Cold
27917,Africa,Temperate
27918,Europe,Hot
27919,Africa,Temperate
27920,Asia,Temperate
27921,America,Temperate
27922,America,Hot
27923,America,Cold
27924,Europe,Hot
27925,Asia,Cold
27926,Asia,Cold
27927,Europe,Hot
27928,Asia,Hot
27929,Europe,Cold
27930,Africa,Temperate
27931,Europe,Cold
27932,Africa,Hot
27933,Europe,Hot
27934,Europe,Temperate
27935,Asia,Temperate
27936,Africa,Cold
27937,Europe,Cold
27938,America,Cold
27939,Europe,Cold
27940,Asia,Cold
27941,Asia,Cold
27942,Africa,Temperate
27943,Asia,Cold
27944,Europe,Temperate
27945,Europe,Hot
27946,Europe,Temperate
27947,America,Cold
27948,America,Temperate
27949,Asia,Cold
27950,Africa,Temperate
27951,Europe,Temperate
27952,Asia,Cold
27953,Europe,Temperate
27954,America,Cold
27955,America,Cold
27956,Asia,Hot
27957,America,Cold
27958,Africa,Hot
27959,Asia,Hot
27960,Africa,Temperate
27961,America,Hot
27962,America,Hot
27963,Africa,Cold
27964,Asia,Hot
27965,America,Temperate
27966,Africa,Temperate
27967,Asia,Temperate
27968,Europe,Temperate
27969,Africa,Temperate
27970,America,Hot
27971,Europe,Hot
27972,Europe,Cold
27973,Africa,Temperate
27974,America,Temperate
27975,Asia,Hot
27976,Asia,Hot
27977,America,Cold
27978,Asia,Temperate
27979,America,Temperate
27980,Asia,Hot
27981,Europe,Cold
27982,Asia,Cold
27983,Africa,Temperate
27984,America,Cold
27985,Europe,Hot
27986,America,Cold
27987,Asia,Temperate
27988,Europe,Hot
27989,Africa,Cold
27990,America,Temperate
27991,Africa,Temperate
27992,Asia,Hot
27993,Africa,Cold
27994,Europe,Hot
27995,Africa,Cold
27996,Asia,Hot
27997,Europe,Hot
27998,Asia,Hot
27999,America,Cold
28000,Europe,Temperate
28001,Asia,Cold
28002,Africa,Cold
28003,Africa,Hot
28004,Asia,Cold
28005,America,Temperate
28006,Asia,Cold
28007,Asia,Hot
28008,Asia,Hot
28009,Asia,Hot
28010,America,Hot
28011,Africa,Cold
28012,Asia,Cold
28013,America,Cold
28014,Europe,Cold
28015,Europe,Cold
28016,America,Temperate
28017,Africa,Hot
28018,America,Cold
28019,Asia,Cold
28020,Africa,Temperate
28021,America,Temperate
28022,Africa,Hot
28023,America,Temperate
28024,Asia,Hot
28025,America,Temperate
28026,America,Temperate
28027,Europe,Temperate
28028,Europe,Cold
28029,Asia,Temperate
28030,Asia,Cold
28031,Asia,Hot
28032,Asia,Temperate
28033,America,Cold
28034,Asia,Hot
28035,America,Hot
28036,America,Cold
28037,America,Hot
28038,America,Cold
28039,Europe,Temperate
28040,Africa,Hot
28041,America,Cold
28042,Africa,Cold
28043,Europe,Hot
28044,Asia,Cold
28045,America,Temperate
28046,Asia,Temperate
28047,Africa,Cold
28048,Asia,Cold
28049,Africa,Hot
28050,Europe,Temperate
28051,Europe,Temperate
28052,Africa,Cold
28053,America,Cold
28054,America,Cold
28055,America,Cold
28056,Asia,Hot
28057,America,Cold
28058,Africa,Cold
28059,Africa,Temperate
28060,Europe,Cold
28061,Africa,Temperate
28062,America,Cold
28063,America,Hot
28064,Europe,Temperate
28065,America,Cold
28066,Europe,Cold
28067,Europe,Cold
28068,Africa,Cold
28069,Africa,Temperate
28070,America,Cold
28071,America,Cold
28072,Asia,Cold
28073,Asia,Temperate
28074,Europe,Hot
28075,Asia,Hot
28076,America,Cold
28077,America,Cold
28078,Asia,Hot
28079,America,Hot
28080,America,Hot
28081,Europe,Hot
28082,America,Temperate
28083,Europe,Cold
28084,America,Hot
28085,Africa,Temperate
28086,America,Temperate
28087,America,Temperate
28088,Europe,Hot
28089,Asia,Temperate
28090,America,Cold
28091,Asia,Cold
28092,Asia,Temperate
28093,Africa,Hot
28094,America,Hot
28095,America,Hot
28096,America,Cold
28097,America,Temperate
28098,Asia,Cold
28099,Africa,Cold
28100,America,Temperate
28101,America,Hot
28102,America,Hot
28103,Asia,Cold
28104,Africa,Hot
28105,Asia,Hot
28106,Africa,Cold
28107,Asia,Temperate
28108,America,Hot
28109,Europe,Cold
28110,Europe,Temperate
28111,Africa,Hot
28112,Africa,Hot
28113,Asia,Temperate
28114,Africa,Hot
28115,Africa,Temperate
28116,Africa,Temperate
28117,Asia,Temperate
28118,Asia,Cold
28119,Europe,Cold
28120,Europe,Cold
28121,Asia,Temperate
28122,Europe,Hot
28123,America,Temperate
28124,Europe,Cold
28125,Africa,Temperate
28126,America,Temperate
28127,Europe,Temperate
28128,Asia,Temperate
28129,Asia,Temperate
28130,Africa,Temperate
28131,Europe,Temperate
28132,Europe,Temperate
28133,America,Hot
28134,America,Cold
28135,Asia,Hot
28136,Europe,Temperate
28137,Africa,Cold
28138,America,Cold
28139,Africa,Hot
28140,Europe,Cold
28141,Africa,Temperate
28142,Europe,Cold
28143,Africa,Hot
28144,Europe,Hot
28145,Asia,Hot
28146,Africa,Hot
28147,Africa,Temperate
28148,Africa,Hot
28149,Europe,Temperate
28150,Asia,Cold
28151,Europe,Hot
28152,Europe,Cold
28153,Europe,Temperate
28154,America,Hot
28155,America,Hot
28156,America,Hot
28157,Africa,Temperate
28158,Europe,Hot
28159,Africa,Hot
28160,Europe,Hot
28161,Africa,Cold
28162,America,Temperate
28163,Asia,Hot
28164,Africa,Temperate
28165,Africa,Temperate
28166,Asia,Hot
28167,Europe,Hot
28168,Africa,Hot
28169,Africa,Cold
28170,Africa,Temperate
28171,Asia,Temperate
28172,Africa,Hot
28173,Africa,Cold
28174,Asia,Cold
28175,America,Hot
28176,Europe,Cold
28177,Asia,Cold
28178,America,Hot
28179,Europe,Cold
28180,Asia,Temperate
28181,Africa,Temperate
28182,Asia,Temperate
28183,Europe,Cold
28184,Europe,Hot
28185,Europe,Hot
28186,Africa,Temperate
28187,America,Cold
28188,America,Cold
28189,Asia,Temperate
28190,Africa,Hot
28191,America,Cold
28192,America,Temperate
28193,Africa,Hot
28194,Europe,Cold
28195,Europe,Temperate
28196,Asia,Cold
28197,Europe,Cold
28198,Europe,Hot
28199,America,Hot
28200,Africa,Cold
28201,America,Hot
28202,Asia,Temperate
28203,Europe,Hot
28204,America,Temperate
28205,Europe,Temperate
28206,Africa,Cold
28207,America,Hot
28208,Europe,Hot
28209,Europe,Temperate
28210,America,Hot
28211,Asia,Temperate
28212,Africa,Cold
28213,America,Hot
28214,Africa,Cold
28215,Europe,Cold
28216,Africa,Temperate
28217,America,Hot
28218,Africa,Hot
28219,Asia,Hot
28220,Africa,Temperate
28221,Asia,Cold
28222,Asia,Temperate
28223,Europe,Cold
28224,America,Temperate
28225,Africa,Hot
28226,Europe,Temperate
28227,Africa,Temperate
28228,Africa,Cold
28229,Africa,Temperate
28230,America,Temperate
28231,Asia,Hot
28232,Africa,Hot
28233,Africa,Cold
28234,Asia,Cold
28235,Europe,Temperate
28236,Europe,Hot
28237,America,Temperate
28238,Asia,Hot
28239,Africa,Cold
28240,America,Cold
28241,Europe,Hot
28242,Asia,Temperate
28243,Asia,Cold
28244,Africa,Cold
28245,Europe,Hot
28246,Asia,Temperate
28247,Africa,Hot
28248,Asia,Cold
28249,Asia,Temperate
28250,Asia,Temperate
28251,Europe,Hot
28252,Europe,Hot
28253,Europe,Cold
28254,America,Hot
28255,Europe,Temperate
28256,Africa,Hot
28257,Asia,Hot
28258,Asia,Hot
28259,Asia,Hot
28260,Asia,Cold
28261,Europe,Hot
28262,America,Temperate
28263,Europe,Hot
28264,Asia,Temperate
28265,Europe,Hot
28266,Europe,Hot
28267,Europe,Cold
28268,Europe,Temperate
28269,Asia,Hot
28270,Africa,Hot
28271,Asia,Temperate
28272,Africa,Temperate
28273,Asia,Hot
28274,Africa,Cold
28275,Europe,Cold
28276,America,Temperate
28277,America,Hot
28278,America,Cold
28279,Europe,Cold
28280,Asia,Hot
28281,Africa,Cold
28282,America,Cold
28283,Africa,Hot
28284,Asia,Hot
28285,Europe,Cold
28286,Europe,Cold
28287,Africa,Temperate
28288,Africa,Cold
28289,Africa,Cold
28290,America,Hot
28291,America,Hot
28292,America,Cold
28293,America,Cold
28294,Europe,Cold
28295,America,Cold
28296,Asia,Temperate
28297,Africa,Temperate
28298,Africa,Temperate
28299,America,Temperate
28300,America,Temperate
28301,Asia,Temperate
28302,Europe,Temperate
28303,Africa,Hot
28304,America,Cold
28305,Europe,Hot
28306,Africa,Temperate
28307,Asia,Cold
28308,Asia,Temperate
28309,America,Cold
28310,Africa,Cold
28311,Asia,Hot
28312,Asia,Cold
28313,Africa,Hot
28314,Africa,Temperate
28315,Europe,Hot
28316,Europe,Temperate
28317,Europe,Cold
28318,America,Cold
28319,Europe,Cold
28320,Asia,Hot
28321,Europe,Temperate
28322,Africa,Temperate
28323,Africa,Cold
28324,America,Temperate
28325,America,Cold
28326,Europe,Hot
28327,Africa,Cold
28328,Europe,Cold
28329,Africa,Temperate
28330,Africa,Hot
28331,Asia,Hot
28332,Asia,Hot
28333,Europe,Cold
28334,Asia,Temperate
28335,America,Hot
28336,Asia,Cold
28337,Asia,Cold
28338,Europe,Temperate
28339,America,Cold
28340,Europe,Cold
28341,Africa,Temperate
28342,Asia,Cold
28343,America,Cold
28344,Africa,Cold
28345,America,Hot
28346,Africa,Hot
28347,Africa,Cold
28348,Europe,Cold
28349,Europe,Cold
28350,Asia,Temperate
28351,Africa,Hot
28352,America,Cold
28353,Africa,Temperate
28354,Europe,Temperate
28355,America,Cold
28356,America,Hot
28357,Asia,Temperate
28358,Africa,Cold
28359,Asia,Cold
28360,Asia,Hot
28361,Africa,Hot
28362,Europe,Cold
28363,Europe,Temperate
28364,America,Hot
28365,Europe,Cold
28366,Asia,Hot
28367,Europe,Temperate
28368,America,Hot
28369,Europe,Temperate
28370,Africa,Temperate
28371,Asia,Cold
28372,Asia,Cold
28373,Asia,Temperate
28374,America,Cold
28375,Asia,Temperate
28376,America,Cold
28377,Asia,Temperate
28378,Europe,Temperate
28379,Africa,Cold
28380,Asia,Cold
28381,Europe,Cold
28382,Europe,Hot
28383,Africa,Cold
28384,Europe,Temperate
28385,America,Cold
28386,Asia,Temperate
28387,Europe,Cold
28388,Asia,Temperate
28389,Africa,Temperate
28390,Africa,Hot
28391,Africa,Hot
28392,Europe,Temperate
28393,Europe,Temperate
28394,Europe,Temperate
28395,America,Cold
28396,Europe,Cold
28397,Africa,Cold
28398,America,Temperate
28399,Africa,Temperate
28400,Africa,Cold
28401,America,Hot
28402,Asia,Hot
28403,Asia,Hot
28404,Asia,Hot
28405,America,Hot
28406,Europe,Hot
28407,Asia,Hot
28408,Africa,Hot
28409,Europe,Cold
28410,America,Temperate
28411,Europe,Cold
28412,Asia,Temperate
28413,Europe,Temperate
28414,America,Temperate
28415,America,Hot
28416,Europe,Temperate
28417,Asia,Cold
28418,America,Temperate
28419,Africa,Cold
28420,Africa,Cold
28421,Africa,Cold
28422,Asia,Hot
28423,Europe,Hot
28424,America,Hot
28425,Asia,Cold
28426,Europe,Cold
28427,America,Cold
28428,America,Cold
28429,Africa,Cold
28430,Africa,Cold
28431,Asia,Cold
28432,America,Hot
28433,America,Temperate
28434,Africa,Cold
28435,America,Hot
28436,America,Hot
28437,Asia,Cold
28438,Africa,Hot
28439,Africa,Cold
28440,Africa,Temperate
28441,America,Hot
28442,Asia,Hot
28443,America,Temperate
28444,Africa,Temperate
28445,America,Temperate
28446,Asia,Hot
28447,Asia,Temperate
28448,Europe,Cold
28449,Africa,Cold
28450,America,Hot
28451,Europe,Cold
28452,Europe,Temperate
28453,Asia,Cold
28454,Africa,Temperate
28455,Europe,Hot
28456,Africa,Temperate
28457,Africa,Cold
28458,Asia,Temperate
28459,Asia,Hot
28460,Europe,Temperate
28461,Europe,Cold
28462,Asia,Hot
28463,America,Cold
28464,America,Cold
28465,Europe,Cold
28466,America,Temperate
28467,Europe,Cold
28468,Africa,Hot
28469,Europe,Hot
28470,America,Cold
28471,Europe,Temperate
28472,America,Temperate
28473,Europe,Hot
28474,Asia,Temperate
28475,Africa,Hot
28476,Europe,Cold
28477,Asia,Cold
28478,Africa,Temperate
28479,America,Hot
28480,Asia,Hot
28481,Asia,Hot
28482,Africa,Hot
28483,Africa,Temperate
28484,Asia,Hot
28485,Asia,Hot
28486,Europe,Hot
28487,America,Hot
28488,Asia,Cold
28489,Africa,Cold
28490,Africa,Hot
28491,Africa,Cold
28492,America,Temperate
28493,Africa,Hot
28494,Asia,Temperate
28495,Asia,Temperate
28496,America,Cold
28497,America,Cold
28498,America,Cold
28499,Africa,Hot
28500,Africa,Temperate
28501,Africa,Temperate
28502,Europe,Cold
28503,Asia,Cold
28504,Africa,Hot
28505,Asia,Hot
28506,Europe,Cold
28507,Asia,Cold
28508,Europe,Cold
28509,Asia,Temperate
28510,Europe,Hot
28511,Asia,Temperate
28512,Europe,Cold
28513,Africa,Hot
28514,Africa,Cold
28515,America,Temperate
28516,Asia,Hot
28517,Europe,Hot
28518,Africa,Cold
28519,Asia,Cold
28520,Europe,Temperate
28521,Europe,Temperate
28522,Europe,Temperate
28523,Europe,Hot
28524,America,Cold
28525,Asia,Hot
28526,Europe,Hot
28527,Europe,Hot
28528,Africa,Hot
28529,Europe,Temperate
28530,Europe,Temperate
28531,America,Cold
28532,Europe,Cold
28533,Europe,Cold
28534,Asia,Temperate
28535,Asia,Hot
28536,Asia,Hot
28537,Africa,Hot
28538,Europe,Cold
28539,Asia,Cold
28540,Asia,Hot
28541,Africa,Hot
28542,Africa,Cold
28543,Europe,Temperate
28544,Europe,Cold
28545,Europe,Cold
28546,Asia,Hot
28547,America,Hot
28548,America,Hot
28549,Africa,Cold
28550,Asia,Hot
28551,Europe,Cold
28552,Asia,Temperate
28553,Africa,Cold
28554,Asia,Hot
28555,Europe,Hot
28556,Europe,Temperate
28557,Europe,Hot
28558,Europe,Hot
28559,Africa,Temperate
28560,Africa,Temperate
28561,America,Cold
28562,Europe,Hot
28563,Africa,Hot
28564,America,Temperate
28565,Europe,Hot
28566,America,Hot
28567,Asia,Hot
28568,Asia,Hot
28569,Asia,Cold
28570,America,Temperate
28571,Africa,Hot
28572,Europe,Hot
28573,Asia,Hot
28574,Africa,Temperate
28575,Africa,Temperate
28576,Africa,Hot
28577,America,Cold
28578,Africa,Cold
28579,Europe,Cold
28580,Africa,Cold
28581,Africa,Temperate
28582,Europe,Temperate
28583,Europe,Hot
28584,Asia,Temperate
28585,America,Cold
28586,Europe,Hot
28587,Africa,Temperate
28588,Asia,Hot
28589,Europe,Temperate
28590,Europe,Hot
28591,Asia,Cold
28592,America,Cold
28593,Europe,Cold
28594,Asia,Temperate
28595,Africa,Hot
28596,Europe,Cold
28597,Africa,Cold
28598,Asia,Hot
28599,America,Cold
28600,Europe,Hot
28601,America,Temperate
28602,Europe,Cold
28603,America,Hot
28604,Africa,Hot
28605,Asia,Hot
28606,America,Cold
28607,Europe,Temperate
28608,America,Hot
28609,Africa,Temperate
28610,Africa,Temperate
28611,Europe,Cold
28612,Europe,Temperate
28613,America,Hot
28614,Asia,Temperate
28615,America,Temperate
28616,Europe,Cold
28617,Asia,Temperate
28618,Asia,Hot
28619,Asia,Hot
28620,Asia,Hot
28621,Europe,Cold
28622,Europe,Cold
28623,Asia,Hot
28624,Asia,Temperate
28625,Europe,Cold
28626,Asia,Temperate
28627,Europe,Temperate
28628,Europe,Cold
28629,Europe,Temperate
28630,Africa,Temperate
28631,America,Hot
28632,America,Temperate
28633,Europe,Temperate
28634,America,Cold
28635,Asia,Cold
28636,Africa,Temperate
28637,Asia,Temperate
28638,America,Cold
28639,Europe,Temperate
28640,Africa,Hot
28641,America,Temperate
28642,America,Temperate
28643,America,Temperate
28644,Africa,Temperate
28645,Asia,Cold
28646,Asia,Temperate
28647,America,Hot
28648,America,Temperate
28649,Europe,Hot
28650,Africa,Cold
28651,Europe,Hot
28652,Africa,Cold
28653,America,Cold
28654,Africa,Cold
28655,America,Hot
28656,America,Hot
28657,Asia,Hot
28658,America,Cold
28659,America,Temperate
28660,America,Hot
28661,Asia,Hot
28662,Africa,Hot
28663,Africa,Temperate
28664,Africa,Cold
28665,America,Temperate
28666,Europe,Temperate
28667,Africa,Temperate
28668,Asia,Cold
28669,Africa,Hot
28670,America,Hot
28671,Asia,Hot
28672,America,Cold
28673,Europe,Temperate
28674,Europe,Cold
28675,Europe,Cold
28676,Europe,Temperate
28677,Africa,Cold
28678,Asia,Temperate
28679,America,Cold
28680,America,Cold
28681,America,Cold
28682,Asia,Temperate
28683,Europe,Cold
28684,Asia,Hot
28685,Europe,Hot
28686,Asia,Temperate
28687,Europe,Temperate
28688,Asia,Cold
28689,Africa,Hot
28690,Africa,Hot
28691,Africa,Hot
28692,Africa,Cold
28693,Europe,Hot
28694,Asia,Hot
28695,Asia,Hot
28696,America,Hot
28697,America,Cold
28698,Africa,Cold
28699,America,Temperate
28700,Africa,Cold
28701,America,Cold
28702,Africa,Hot
28703,Asia,Temperate
28704,Europe,Cold
28705,Africa,Temperate
28706,America,Cold
28707,America,Cold
28708,America,Cold
28709,Africa,Hot
28710,Asia,Cold
28711,Europe,Hot
28712,America,Cold
28713,America,Temperate
28714,Africa,Hot
28715,Europe,Cold
28716,Africa,Cold
28717,Asia,Cold
28718,Europe,Temperate
28719,Asia,Cold
28720,Africa,Temperate
28721,Asia,Cold
28722,Africa,Temperate
28723,America,Hot
28724,America,Temperate
28725,America,Cold
28726,Africa,Hot
28727,Africa,Cold
28728,Africa,Temperate
28729,Asia,Hot
28730,America,Cold
28731,Africa,Temperate
28732,America,Temperate
28733,America,Temperate
28734,Africa,Hot
28735,Africa,Cold
28736,Asia,Cold
28737,Asia,Cold
28738,America,Hot
28739,Africa,Cold
28740,Africa,Cold
28741,Africa,Cold
28742,America,Temperate
28743,Africa,Cold
28744,Asia,Temperate
28745,Europe,Temperate
28746,Europe,Temperate
28747,Asia,Temperate
28748,Europe,Cold
28749,Asia,Cold
28750,America,Temperate
28751,Europe,Cold
28752,America,Temperate
28753,America,Hot
28754,Asia,Cold
28755,America,Temperate
28756,Europe,Hot
28757,Europe,Cold
28758,Asia,Cold
28759,America,Hot
28760,Africa,Cold
28761,America,Hot
28762,Europe,Cold
28763,Europe,Hot
28764,Europe,Cold
28765,America,Temperate
28766,Africa,Cold
28767,Europe,Hot
28768,America,Hot
28769,Asia,Temperate
28770,America,Hot
28771,Europe,Temperate
28772,Europe,Hot
28773,Europe,Cold
28774,Europe,Cold
28775,Europe,Hot
28776,America,Temperate
28777,America,Hot
28778,Africa,Cold
28779,America,Hot
28780,Europe,Cold
28781,America,Cold
28782,America,Cold
28783,Africa,Hot
28784,Europe,Hot
28785,Africa,Cold
28786,Europe,Cold
28787,Europe,Hot
28788,Asia,Hot
28789,America,Temperate
28790,Europe,Hot
28791,Asia,Temperate
28792,Africa,Temperate
28793,America,Hot
28794,Europe,Cold
28795,Asia,Hot
28796,Africa,Temperate
28797,Africa,Temperate
28798,Asia,Temperate
28799,America,Cold
28800,Europe,Hot
28801,Asia,Hot
28802,Asia,Cold
28803,Africa,Cold
28804,Asia,Cold
28805,America,Cold
28806,Africa,Hot
28807,Asia,Cold
28808,Asia,Hot
28809,America,Cold
28810,Europe,Cold
28811,Europe,Cold
28812,Europe,Hot
28813,Africa,Temperate
28814,Europe,Cold
28815,Europe,Hot
28816,Africa,Hot
28817,Asia,Temperate
28818,Africa,Temperate
28819,Europe,Cold
28820,Africa,Temperate
28821,Africa,Temperate
28822,Europe,Cold
28823,Asia,Hot
28824,Europe,Hot
28825,Africa,Temperate
28826,Europe,Temperate
28827,Asia,Temperate
28828,America,Cold
28829,Africa,Hot
28830,Asia,Hot
28831,Europe,Hot
28832,Europe,Cold
28833,America,Temperate
28834,Africa,Hot
28835,Europe,Temperate
28836,Asia,Cold
28837,Africa,Temperate
28838,America,Cold
28839,Asia,Temperate
28840,America,Cold
28841,Asia,Temperate
28842,Africa,Hot
28843,Asia,Hot
28844,Africa,Cold
28845,Africa,Temperate
28846,Asia,Cold
28847,Asia,Hot
28848,Africa,Temperate
28849,Europe,Cold
28850,Europe,Hot
28851,Asia,Hot
28852,Europe,Hot
28853,Europe,Cold
28854,Africa,Temperate
28855,Africa,Cold
28856,Europe,Temperate
28857,America,Cold
28858,Asia,Cold
28859,America,Cold
28860,America,Temperate
28861,America,Cold
28862,Europe,Temperate
28863,Africa,Temperate
28864,Europe,Hot
28865,America,Temperate
28866,Europe,Hot
28867,Asia,Hot
28868,America,Hot
28869,Europe,Cold
28870,Africa,Temperate
28871,America,Hot
28872,Africa,Temperate
28873,Asia,Cold
28874,Asia,Hot
28875,Europe,Hot
28876,Europe,Hot
28877,Asia,Hot
28878,America,Hot
28879,America,Cold
28880,America,Hot
28881,Asia,Hot
28882,Africa,Hot
28883,Africa,Hot
28884,America,Cold
28885,Europe,Temperate
28886,Europe,Cold
28887,Asia,Cold
28888,Europe,Cold
28889,Asia,Hot
28890,Asia,Temperate
28891,Europe,Hot
28892,Europe,Hot
28893,America,Cold
28894,America,Hot
28895,Europe,Cold
28896,America,Temperate
28897,America,Temperate
28898,Africa,Temperate
28899,America,Temperate
28900,America,Temperate
28901,America,Cold
28902,Africa,Temperate
28903,America,Hot
28904,Africa,Temperate
28905,America,Cold
28906,Asia,Temperate
28907,Asia,Temperate
28908,America,Hot
28909,Africa,Cold
28910,Europe,Temperate
28911,Asia,Cold
28912,Europe,Hot
28913,Europe,Cold
28914,Asia,Hot
28915,Asia,Temperate
28916,Europe,Temperate
28917,Africa,Hot
28918,Asia,Cold
28919,America,Cold
28920,Asia,Temperate
28921,America,Temperate
28922,Asia,Cold
28923,America,Temperate
28924,America,Cold
28925,Africa,Temperate
28926,Africa,Hot
28927,Europe,Cold
28928,Asia,Hot
28929,Asia,Cold
28930,Asia,Hot
28931,Africa,Hot
28932,Asia,Temperate
28933,Asia,Cold
28934,Europe,Temperate
28935,Africa,Cold
28936,Europe,Hot
28937,Asia,Cold
28938,Europe,Temperate
28939,Asia,Temperate
28940,Asia,Cold
28941,Europe,Hot
28942,Europe,Temperate
28943,America,Cold
28944,Asia,Hot
28945,America,Temperate
28946,Africa,Temperate
28947,America,Hot
28948,Africa,Cold
28949,America,Hot
28950,America,Hot
28951,America,Hot
28952,Europe,Cold
28953,Africa,Cold
28954,America,Cold
28955,America,Hot
28956,Africa,Temperate
28957,America,Temperate
28958,Asia,Cold
28959,Europe,Temperate
28960,Europe,Temperate
28961,Europe,Cold
28962,America,Cold
28963,Europe,Hot
28964,Asia,Hot
28965,Asia,Cold
28966,Africa,Temperate
28967,America,Temperate
28968,Europe,Temperate
28969,Asia,Cold
28970,Asia,Hot
28971,America,Temperate
28972,Europe,Hot
28973,Africa,Hot
28974,Africa,Temperate
28975,America,Hot
28976,Asia,Hot
28977,Asia,Hot
28978,America,Hot
28979,America,Cold
28980,America,Hot
28981,Europe,Temperate
28982,Europe,Hot
28983,Africa,Cold
28984,America,Temperate
28985,America,Hot
28986,Asia,Cold
28987,Africa,Cold
28988,Africa,Cold
28989,America,Cold
28990,Africa,Temperate
28991,Africa,Temperate
28992,Asia,Cold
28993,Africa,Temperate
28994,America,Temperate
28995,Asia,Cold
28996,America,Temperate
28997,Asia,Cold
28998,Europe,Temperate
28999,America,Hot
29000,Africa,Hot
29001,Africa,Hot
29002,Asia,Temperate
29003,Africa,Hot
29004,Africa,Temperate
29005,Africa,Hot
29006,Europe,Hot
29007,America,Cold
29008,Asia,Hot
29009,Asia,Temperate
29010,America,Hot
29011,Europe,Temperate
29012,America,Cold
29013,Asia,Temperate
29014,Africa,Cold
29015,Africa,Cold
29016,Africa,Cold
29017,Europe,Cold
29018,Europe,Hot
29019,Europe,Temperate
29020,Africa,Hot
29021,Asia,Cold
29022,Europe,Hot
29023,America,Cold
29024,Africa,Cold
29025,Africa,Temperate
29026,Africa,Hot
29027,Africa,Cold
29028,Asia,Temperate
29029,Africa,Temperate
29030,Africa,Cold
29031,Asia,Temperate
29032,America,Temperate
29033,America,Hot
29034,Asia,Temperate
29035,Africa,Hot
29036,Europe,Hot
29037,Europe,Cold
29038,Africa,Cold
29039,Asia,Temperate
29040,Africa,Temperate
29041,Africa,Hot
29042,Asia,Cold
29043,Asia,Hot
29044,Europe,Cold
29045,Europe,Cold
29046,Africa,Hot
29047,Asia,Cold
29048,America,Cold
29049,Africa,Temperate
29050,America,Temperate
29051,Africa,Temperate
29052,Asia,Cold
29053,Europe,Hot
29054,Africa,Hot
29055,Asia,Hot
29056,Europe,Hot
29057,Europe,Temperate
29058,Asia,Cold
29059,Asia,Temperate
29060,Asia,Hot
29061,America,Hot
29062,America,Hot
29063,Africa,Temperate
29064,Africa,Cold
29065,Asia,Hot
29066,Africa,Cold
29067,Africa,Cold
29068,America,Temperate
29069,Asia,Temperate
29070,Africa,Cold
29071,Asia,Cold
29072,Africa,Temperate
29073,America,Cold
29074,Asia,Cold
29075,Africa,Cold
29076,Europe,Hot
29077,America,Hot
29078,Europe,Temperate
29079,Asia,Hot
29080,America,Temperate
29081,America,Temperate
29082,Africa,Cold
29083,Asia,Temperate
29084,Europe,Hot
29085,Europe,Hot
29086,Europe,Temperate
29087,America,Hot
29088,Europe,Cold
29089,America,Cold
29090,Europe,Cold
29091,Africa,Temperate
29092,Asia,Hot
29093,Asia,Temperate
29094,Africa,Hot
29095,Africa,Temperate
29096,America,Hot
29097,Asia,Temperate
29098,Europe,Cold
29099,Africa,Temperate
29100,Africa,Hot
29101,America,Hot
29102,America,Temperate
29103,Asia,Temperate
29104,Europe,Hot
29105,Africa,Cold
29106,Africa,Temperate
29107,America,Hot
29108,Europe,Temperate
29109,Africa,Cold
29110,Asia,Hot
29111,America,Hot
29112,America,Hot
29113,Asia,Temperate
29114,America,Hot
29115,America,Hot
29116,Europe,Hot
29117,Asia,Hot
29118,Africa,Hot
29119,America,Temperate
29120,Asia,Cold
29121,Europe,Cold
29122,Asia,Cold
29123,Africa,Hot
29124,Africa,Temperate
29125,America,Cold
29126,Asia,Temperate
29127,America,Hot
29128,Europe,Hot
29129,Europe,Temperate
29130,America,Hot
29131,Asia,Cold
29132,Europe,Temperate
29133,Africa,Cold
29134,America,Cold
29135,Europe,Hot
29136,Asia,Cold
29137,Africa,Cold
29138,America,Hot
29139,Africa,Temperate
29140,America,Hot
29141,America,Cold
29142,Asia,Hot
29143,Europe,Temperate
29144,Europe,Cold
29145,America,Hot
29146,Africa,Hot
29147,Africa,Hot
29148,Asia,Hot
29149,Europe,Hot
29150,Africa,Temperate
29151,Europe,Hot
29152,Asia,Hot
29153,America,Hot
29154,Africa,Temperate
29155,Asia,Cold
29156,Europe,Temperate
29157,Europe,Cold
29158,America,Cold
29159,America,Temperate
29160,Africa,Hot
29161,Africa,Temperate
29162,Asia,Hot
29163,Africa,Cold
29164,America,Cold
29165,Europe,Cold
29166,America,Hot
29167,Africa,Cold
29168,Europe,Cold
29169,America,Cold
29170,Africa,Cold
29171,America,Hot
29172,America,Cold
29173,America,Hot
29174,America,Hot
29175,America,Hot
29176,America,Temperate
29177,America,Temperate
29178,America,Cold
29179,Asia,Cold
29180,America,Temperate
29181,America,Hot
29182,Asia,Hot
29183,Europe,Cold
29184,Asia,Hot
29185,Africa,Hot
29186,Europe,Cold
29187,Africa,Cold
29188,Europe,Cold
29189,America,Cold
29190,Europe,Cold
29191,America,Temperate
29192,Europe,Cold
29193,America,Cold
29194,Asia,Cold
29195,Asia,Cold
29196,Asia,Hot
29197,Europe,Temperate
29198,America,Hot
29199,America,Temperate
29200,America,Cold
29201,Asia,Hot
29202,Asia,Temperate
29203,Europe,Hot
29204,Asia,Temperate
29205,Europe,Temperate
29206,Asia,Temperate
29207,Europe,Hot
29208,Europe,Hot
29209,Europe,Hot
29210,Asia,Hot
29211,Europe,Cold
29212,Europe,Cold
29213,Africa,Cold
29214,Africa,Hot
29215,Europe,Cold
29216,Europe,Cold
29217,Asia,Cold
29218,America,Hot
29219,Asia,Cold
29220,Europe,Cold
29221,Asia,Cold
29222,Asia,Temperate
29223,Europe,Hot
29224,Asia,Temperate
29225,America,Temperate
29226,Africa,Hot
29227,America,Temperate
29228,Asia,Temperate
29229,Asia,Cold
29230,America,Cold
29231,Europe,Cold
29232,Asia,Hot
29233,America,Temperate
29234,Africa,Hot
29235,Europe,Temperate
29236,Africa,Hot
29237,Asia,Temperate
29238,America,Temperate
29239,Europe,Temperate
29240,Europe,Cold
29241,Europe,Cold
29242,Africa,Temperate
29243,Europe,Temperate
29244,America,Temperate
29245,Asia,Cold
29246,America,Temperate
29247,Europe,Hot
29248,Europe,Temperate
29249,America,Cold
29250,Asia,Cold
29251,America,Hot
29252,Europe,Hot
29253,Europe,Hot
29254,Africa,Cold
29255,Asia,Temperate
29256,Asia,Temperate
29257,Europe,Hot
29258,Africa,Hot
29259,Africa,Cold
29260,Africa,Hot
29261,Africa,Hot
29262,America,Cold
29263,Africa,Temperate
29264,Asia,Temperate
29265,America,Temperate
29266,Europe,Hot
29267,Asia,Cold
29268,America,Hot
29269,Asia,Cold
29270,America,Cold
29271,Asia,Temperate
29272,Africa,Temperate
29273,Africa,Cold
29274,Asia,Hot
29275,Asia,Cold
29276,Europe,Cold
29277,Africa,Temperate
29278,Europe,Temperate
29279,Europe,Hot
29280,Africa,Temperate
29281,Europe,Cold
29282,Africa,Hot
29283,Europe,Hot
29284,America,Hot
29285,Europe,Hot
29286,America,Temperate
29287,Africa,Temperate
29288,Asia,Hot
29289,America,Temperate
29290,Asia,Temperate
29291,Asia,Temperate
29292,Asia,Cold
29293,Africa,Cold
29294,America,Hot
29295,Europe,Temperate
29296,Africa,Hot
29297,Africa,Hot
29298,Africa,Cold
29299,Europe,Temperate
29300,America,Temperate
29301,Asia,Cold
29302,Africa,Cold
29303,America,Hot
29304,America,Temperate
29305,Africa,Temperate
29306,Europe,Temperate
29307,Europe,Temperate
29308,Africa,Cold
29309,America,Temperate
29310,Europe,Hot
29311,Africa,Temperate
29312,Africa,Temperate
29313,Africa,Hot
29314,Europe,Temperate
29315,Asia,Cold
29316,Africa,Hot
29317,America,Cold
29318,Africa,Temperate
29319,Africa,Temperate
29320,Africa,Cold
29321,America,Temperate
29322,Africa,Hot
29323,America,Cold
29324,Asia,Cold
29325,Africa,Hot
29326,Europe,Cold
29327,Asia,Cold
29328,America,Cold
29329,America,Temperate
29330,America,Temperate
29331,Africa,Cold
29332,Asia,Temperate
29333,America,Hot
29334,Africa,Cold
29335,America,Hot
29336,Asia,Cold
29337,Africa,Hot
29338,Europe,Cold
29339,Africa,Hot
29340,Asia,Temperate
29341,Europe,Cold
29342,America,Cold
29343,Asia,Cold
29344,America,Temperate
29345,Asia,Hot
29346,America,Cold
29347,Africa,Hot
29348,Europe,Cold
29349,Africa,Hot
29350,Asia,Cold
29351,Europe,Temperate
29352,Africa,Temperate
29353,Asia,Hot
29354,Europe,Hot
29355,Africa,Hot
29356,America,Temperate
29357,Europe,Temperate
29358,America,Cold
29359,Europe,Temperate
29360,Africa,Hot
29361,Asia,Temperate
29362,Africa,Cold
29363,Africa,Cold
29364,Europe,Hot
29365,America,Hot
29366,Africa,Temperate
29367,America,Hot
29368,Europe,Temperate
29369,Asia,Hot
29370,Europe,Hot
29371,America,Hot
29372,America,Cold
29373,America,Hot
29374,Africa,Hot
29375,America,Hot
29376,America,Hot
29377,Africa,Hot
29378,America,Temperate
29379,Africa,Cold
29380,Asia,Temperate
29381,Africa,Temperate
29382,Africa,Hot
29383,America,Temperate
29384,Europe,Hot
29385,Africa,Temperate
29386,Europe,Temperate
29387,Asia,Temperate
29388,Africa,Hot
29389,America,Cold
29390,Asia,Cold
29391,Africa,Cold
29392,Africa,Cold
29393,America,Hot
29394,America,Temperate
29395,America,Hot
29396,Africa,Cold
29397,Europe,Hot
29398,America,Hot
29399,Europe,Hot
29400,America,Cold
29401,Europe,Temperate
29402,Africa,Temperate
29403,Africa,Temperate
29404,Africa,Hot
29405,Europe,Temperate
29406,Europe,Temperate
29407,Asia,Cold
29408,America,Hot
29409,Europe,Hot
29410,America,Cold
29411,Asia,Temperate
29412,Asia,Cold
29413,Europe,Cold
29414,Africa,Hot
29415,Europe,Hot
29416,Asia,Temperate
29417,Africa,Cold
29418,Europe,Temperate
29419,Africa,Temperate
29420,Asia,Cold
29421,Europe,Cold
29422,Africa,Cold
29423,Asia,Cold
29424,Europe,Cold
29425,Europe,Temperate
29426,Africa,Hot
29427,Africa,Temperate
29428,Africa,Cold
29429,Europe,Hot
29430,Africa,Hot
29431,Africa,Hot
29432,America,Temperate
29433,Africa,Hot
29434,Europe,Hot
29435,Europe,Cold
29436,America,Temperate
29437,Asia,Temperate
29438,Europe,Hot
29439,America,Hot
29440,Europe,Temperate
29441,Africa,Hot
29442,Africa,Temperate
29443,Europe,Temperate
29444,America,Hot
29445,Europe,Cold
29446,Africa,Cold
29447,Africa,Cold
29448,America,Cold
29449,America,Temperate
29450,Africa,Cold
29451,Asia,Cold
29452,Africa,Temperate
29453,Asia,Cold
29454,America,Hot
29455,Europe,Cold
29456,Africa,Cold
29457,Asia,Cold
29458,Africa,Hot
29459,Africa,Hot
29460,Europe,Hot
29461,Asia,Hot
29462,America,Temperate
29463,Asia,Cold
29464,Africa,Cold
29465,Europe,Hot
29466,America,Hot
29467,Europe,Cold
29468,Europe,Cold
29469,Africa,Cold
29470,America,Hot
29471,Europe,Hot
29472,America,Temperate
29473,America,Temperate
29474,America,Temperate
29475,Europe,Temperate
29476,Europe,Cold
29477,Asia,Temperate
29478,America,Temperate
29479,Europe,Temperate
29480,Europe,Temperate
29481,Africa,Hot
29482,Asia,Hot
29483,America,Cold
29484,Europe,Hot
29485,Europe,Cold
29486,Asia,Temperate
29487,Asia,Temperate
29488,America,Temperate
29489,Europe,Temperate
29490,Asia,Hot
29491,Europe,Hot
29492,Asia,Hot
29493,Europe,Cold
29494,Asia,Cold
29495,Europe,Cold
29496,Asia,Cold
29497,Asia,Temperate
29498,America,Temperate
29499,Europe,Hot
29500,Africa,Temperate
29501,Asia,Hot
29502,Europe,Cold
29503,Africa,Temperate
29504,America,Temperate
29505,America,Temperate
29506,Africa,Temperate
29507,America,Hot
29508,America,Cold
29509,Europe,Cold
29510,Asia,Hot
29511,Europe,Hot
29512,Asia,Temperate
29513,Africa,Cold
29514,Asia,Temperate
29515,Europe,Temperate
29516,Europe,Temperate
29517,America,Cold
29518,Africa,Temperate
29519,Europe,Temperate
29520,Asia,Temperate
29521,Europe,Temperate
29522,Europe,Hot
29523,Europe,Hot
29524,America,Temperate
29525,America,Temperate
29526,Asia,Temperate
29527,America,Temperate
29528,Asia,Temperate
29529,America,Temperate
29530,America,Temperate
29531,Africa,Cold
29532,Asia,Cold
29533,America,Hot
29534,Europe,Hot
29535,Europe,Temperate
29536,America,Cold
29537,Asia,Temperate
29538,America,Cold
29539,Asia,Cold
29540,America,Temperate
29541,Africa,Cold
29542,Asia,Hot
29543,America,Temperate
29544,Africa,Cold
29545,Africa,Temperate
29546,Asia,Cold
29547,America,Temperate
29548,Africa,Hot
29549,Africa,Cold
29550,Europe,Hot
29551,Europe,Cold
29552,Europe,Temperate
29553,Asia,Cold
29554,Europe,Cold
29555,America,Cold
29556,Africa,Temperate
29557,Europe,Cold
29558,America,Hot
29559,America,Hot
29560,Europe,Cold
29561,Asia,Temperate
29562,America,Cold
29563,Asia,Temperate
29564,Asia,Hot
29565,Asia,Cold
29566,America,Cold
29567,Europe,Cold
29568,America,Hot
29569,Africa,Hot
29570,Africa,Hot
29571,Europe,Temperate
29572,America,Cold
29573,America,Temperate
29574,Africa,Cold
29575,Africa,Temperate
29576,America,Temperate
29577,America,Hot
29578,Europe,Temperate
29579,America,Temperate
29580,Asia,Temperate
29581,Europe,Temperate
29582,Asia,Temperate
29583,Africa,Cold
29584,Asia,Temperate
29585,Asia,Temperate
29586,Africa,Cold
29587,Asia,Hot
29588,America,Hot
29589,Africa,Hot
29590,Africa,Cold
29591,America,Temperate
29592,Europe,Temperate
29593,Europe,Cold
29594,Europe,Cold
29595,Africa,Cold
29596,Asia,Hot
29597,America,Hot
29598,Asia,Hot
29599,America,Cold
29600,Europe,Hot
29601,Europe,Cold
29602,Europe,Hot
29603,America,Temperate
29604,Africa,Cold
29605,America,Temperate
29606,Africa,Cold
29607,Europe,Hot
29608,Africa,Temperate
29609,Europe,Hot
29610,Asia,Cold
29611,America,Temperate
29612,Africa,Cold
29613,Africa,Hot
29614,Africa,Cold
29615,Africa,Hot
29616,Asia,Cold
29617,Asia,Cold
29618,Africa,Cold
29619,Asia,Hot
29620,Europe,Cold
29621,Asia,Cold
29622,America,Temperate
29623,America,Cold
29624,Europe,Temperate
29625,Africa,Cold
29626,Europe,Temperate
29627,Europe,Cold
29628,Asia,Hot
29629,Africa,Cold
29630,Asia,Hot
29631,Asia,Temperate
29632,Africa,Temperate
29633,Africa,Cold
29634,Asia,Temperate
29635,Asia,Cold
29636,America,Temperate
29637,Europe,Temperate
29638,Europe,Hot
29639,Asia,Cold
29640,Asia,Cold
29641,Asia,Cold
29642,America,Cold
29643,Asia,Cold
29644,America,Cold
29645,Asia,Cold
29646,Africa,Hot
29647,America,Hot
29648,Asia,Temperate
29649,Asia,Cold
29650,Europe,Hot
29651,Africa,Cold
29652,Europe,Temperate
29653,Asia,Cold
29654,Asia,Cold
29655,Asia,Cold
29656,America,Cold
29657,Asia,Hot
29658,America,Hot
29659,Asia,Cold
29660,Africa,Cold
29661,Africa,Cold
29662,America,Cold
29663,Africa,Temperate
29664,Africa,Cold
29665,Africa,Hot
29666,Europe,Cold
29667,Europe,Cold
29668,Africa,Temperate
29669,Asia,Cold
29670,Asia,Temperate
29671,Asia,Cold
29672,Africa,Hot
29673,Africa,Temperate
29674,Asia,Cold
29675,Europe,Cold
29676,Europe,Hot
29677,Europe,Hot
29678,Europe,Hot
29679,America,Cold
29680,America,Hot
29681,Asia,Hot
29682,America,Temperate
29683,America,Temperate
29684,Europe,Cold
29685,America,Hot
29686,Africa,Hot
29687,Africa,Cold
29688,Africa,Hot
29689,Europe,Hot
29690,Africa,Temperate
29691,Africa,Hot
29692,Africa,Hot
29693,Africa,Cold
29694,Asia,Hot
29695,Europe,Cold
29696,Europe,Cold
29697,America,Cold
29698,Europe,Hot
29699,Asia,Hot
29700,Europe,Cold
29701,Asia,Temperate
29702,Africa,Hot
29703,Asia,Temperate
29704,Europe,Cold
29705,Asia,Temperate
29706,Asia,Cold
29707,Africa,Hot
29708,Asia,Cold
29709,Asia,Temperate
29710,America,Temperate
29711,America,Hot
29712,Asia,Cold
29713,Asia,Cold
29714,Europe,Hot
29715,Africa,Cold
29716,Asia,Cold
29717,Africa,Hot
29718,America,Temperate
29719,Africa,Cold
29720,Europe,Cold
29721,Asia,Hot
29722,America,Cold
29723,Asia,Temperate
29724,Europe,Temperate
29725,America,Hot
29726,America,Hot
29727,America,Cold
29728,Europe,Cold
29729,America,Hot
29730,Europe,Cold
29731,Africa,Hot
29732,Asia,Temperate
29733,Asia,Temperate
29734,America,Temperate
29735,Asia,Cold
29736,America,Hot
29737,Europe,Temperate
29738,Africa,Cold
29739,Africa,Hot
29740,Europe,Cold
29741,America,Temperate
29742,Asia,Hot
29743,Asia,Hot
29744,America,Cold
29745,America,Hot
29746,America,Hot
29747,Africa,Cold
29748,Africa,Hot
29749,Asia,Temperate
29750,America,Temperate
29751,Europe,Cold
29752,America,Temperate
29753,Europe,Temperate
29754,America,Temperate
29755,America,Hot
29756,Africa,Temperate
29757,Europe,Temperate
29758,America,Hot
29759,America,Temperate
29760,Europe,Hot
29761,Asia,Hot
29762,Asia,Temperate
29763,Europe,Temperate
29764,America,Hot
29765,America,Temperate
29766,Africa,Hot
29767,America,Hot
29768,Asia,Cold
29769,Asia,Temperate
29770,America,Cold
29771,Asia,Cold
29772,America,Hot
29773,Africa,Hot
29774,America,Cold
29775,Asia,Temperate
29776,Asia,Cold
29777,Europe,Cold
29778,Africa,Temperate
29779,Europe,Hot
29780,America,Cold
29781,America,Temperate
29782,Europe,Temperate
29783,Europe,Temperate
29784,Europe,Hot
29785,Europe,Temperate
29786,Europe,Cold
29787,Asia,Temperate
29788,Africa,Temperate
29789,Europe,Cold
29790,Africa,Temperate
29791,Africa,Cold
29792,America,Hot
29793,Asia,Hot
29794,Africa,Temperate
29795,Africa,Hot
29796,Africa,Hot
29797,Africa,Temperate
29798,Asia,Cold
29799,Asia,Cold
29800,America,Cold
29801,Europe,Cold
29802,America,Cold
29803,Africa,Temperate
29804,America,Hot
29805,Africa,Cold
29806,America,Hot
29807,America,Cold
29808,America,Temperate
29809,Asia,Temperate
29810,America,Hot
29811,Asia,Hot
29812,Asia,Hot
29813,America,Hot
29814,Africa,Temperate
29815,Asia,Hot
29816,America,Cold
29817,America,Temperate
29818,Africa,Cold
29819,Asia,Temperate
29820,Africa,Temperate
29821,Europe,Cold
29822,Asia,Temperate
29823,Europe,Hot
29824,America,Cold
29825,Asia,Temperate
29826,Asia,Temperate
29827,Africa,Cold
29828,Europe,Cold
29829,Africa,Hot
29830,America,Hot
29831,Africa,Hot
29832,Africa,Hot
29833,Africa,Hot
29834,Asia,Cold
29835,America,Cold
29836,America,Cold
29837,Africa,Cold
29838,Asia,Hot
29839,Asia,Temperate
29840,Africa,Hot
29841,America,Cold
29842,Asia,Cold
29843,Europe,Hot
29844,Europe,Temperate
29845,America,Temperate
29846,America,Hot
29847,America,Cold
29848,Europe,Temperate
29849,Europe,Temperate
29850,Asia,Cold
29851,America,Hot
29852,Asia,Hot
29853,Europe,Hot
29854,Europe,Cold
29855,Europe,Temperate
29856,Europe,Cold
29857,Asia,Temperate
29858,Europe,Temperate
29859,Europe,Hot
29860,America,Cold
29861,Africa,Hot
29862,Africa,Temperate
29863,Asia,Temperate
29864,Europe,Hot
29865,Europe,Cold
29866,Africa,Cold
29867,Europe,Cold
29868,America,Hot
29869,Europe,Hot
29870,Europe,Temperate
29871,Africa,Cold
29872,Africa,Hot
29873,Europe,Temperate
29874,Europe,Hot
29875,Europe,Temperate
29876,Europe,Cold
29877,Asia,Temperate
29878,Africa,Hot
29879,America,Hot
29880,Asia,Cold
29881,Asia,Cold
29882,Asia,Hot
29883,Asia,Hot
29884,Europe,Cold
29885,Europe,Hot
29886,America,Cold
29887,America,Temperate
29888,Europe,Hot
29889,Europe,Cold
29890,Africa,Hot
29891,America,Hot
29892,Africa,Temperate
29893,America,Cold
29894,Europe,Temperate
29895,America,Temperate
29896,Europe,Temperate
29897,Europe,Temperate
29898,Europe,Hot
29899,Europe,Cold
29900,Africa,Temperate
29901,Africa,Hot
29902,Europe,Cold
29903,Africa,Cold
29904,Africa,Hot
29905,America,Temperate
29906,Asia,Hot
29907,Europe,Cold
29908,Europe,Temperate
29909,America,Cold
29910,Africa,Temperate
29911,America,Temperate
29912,Africa,Hot
29913,America,Temperate
29914,Africa,Temperate
29915,Africa,Hot
29916,America,Temperate
29917,Europe,Hot
29918,America,Cold
29919,Africa,Cold
29920,Africa,Hot
29921,Europe,Temperate
29922,Africa,Cold
29923,America,Cold
29924,Asia,Temperate
29925,Europe,Temperate
29926,America,Hot
29927,Africa,Hot
29928,Africa,Cold
29929,Europe,Temperate
29930,America,Temperate
29931,Africa,Temperate
29932,America,Hot
29933,America,Hot
29934,Asia,Hot
29935,America,Cold
29936,Asia,Temperate
29937,Europe,Hot
29938,Asia,Temperate
29939,America,Hot
29940,Europe,Temperate
29941,Asia,Cold
29942,Europe,Cold
29943,Africa,Cold
29944,America,Hot
29945,Africa,Temperate
29946,Europe,Temperate
29947,Asia,Hot
29948,Europe,Temperate
29949,Africa,Hot
29950,America,Temperate
29951,Europe,Cold
29952,Africa,Temperate
29953,Europe,Temperate
29954,Europe,Temperate
29955,America,Hot
29956,Asia,Temperate
29957,Africa,Hot
29958,Europe,Temperate
29959,America,Temperate
29960,Europe,Hot
29961,Asia,Cold
29962,America,Cold
29963,America,Cold
29964,Europe,Hot
29965,America,Cold
29966,Europe,Hot
29967,America,Hot
29968,Europe,Temperate
29969,America,Cold
29970,Asia,Cold
29971,Asia,Temperate
29972,Asia,Hot
29973,Europe,Temperate
29974,Europe,Temperate
29975,Europe,Cold
29976,Asia,Cold
29977,America,Hot
29978,Europe,Hot
29979,Europe,Temperate
29980,Europe,Temperate
29981,America,Hot
29982,Europe,Hot
29983,Africa,Cold
29984,America,Cold
29985,Asia,Temperate
29986,America,Hot
29987,Europe,Cold
29988,Europe,Hot
29989,Asia,Temperate
29990,Europe,Temperate
29991,Europe,Cold
29992,Europe,Hot
29993,Africa,Hot
29994,Africa,Cold
29995,Asia,Cold
29996,Asia,Temperate
29997,America,Temperate
29998,Europe,Hot
29999,America,Hot
30000,Europe,Cold
30001,America,Temperate
30002,Europe,Temperate
30003,America,Cold
30004,Europe,Temperate
30005,Africa,Hot
30006,Europe,Temperate
30007,Asia,Hot
30008,Asia,Hot
30009,America,Temperate
30010,America,Cold
30011,Africa,Hot
30012,America,Hot
30013,Asia,Hot
30014,America,Hot
30015,Asia,Cold
30016,Asia,Cold
30017,Africa,Temperate
30018,Africa,Hot
30019,Europe,Hot
30020,Asia,Hot
30021,America,Hot
30022,Asia,Cold
30023,Asia,Hot
30024,Europe,Hot
30025,Africa,Temperate
30026,Europe,Cold
30027,Europe,Temperate
30028,Asia,Cold
30029,Europe,Temperate
30030,Asia,Hot
30031,Africa,Cold
30032,Europe,Cold
30033,Asia,Cold
30034,America,Cold
30035,Europe,Hot
30036,Asia,Hot
30037,America,Hot
30038,Europe,Temperate
30039,Asia,Hot
30040,Asia,Cold
30041,Asia,Hot
30042,Asia,Hot
30043,Africa,Temperate
30044,America,Cold
30045,America,Temperate
30046,Africa,Hot
30047,Africa,Temperate
30048,America,Temperate
30049,America,Cold
30050,America,Cold
30051,Africa,Cold
30052,Asia,Cold
30053,Africa,Temperate
30054,America,Hot
30055,Africa,Temperate
30056,America,Cold
30057,Europe,Cold
30058,Asia,Cold
30059,America,Cold
30060,Europe,Temperate
30061,America,Temperate
30062,Africa,Hot
30063,Africa,Cold
30064,Africa,Temperate
30065,America,Hot
30066,America,Hot
30067,Africa,Hot
30068,Asia,Hot
30069,Asia,Cold
30070,Africa,Hot
30071,America,Cold
30072,Asia,Hot
30073,Africa,Hot
30074,Africa,Temperate
30075,Europe,Cold
30076,Africa,Cold
30077,America,Hot
30078,Europe,Cold
30079,Europe,Temperate
30080,Asia,Hot
30081,Europe,Temperate
30082,America,Hot
30083,Asia,Cold
30084,Asia,Hot
30085,Africa,Hot
30086,America,Cold
30087,America,Temperate
30088,Europe,Cold
30089,America,Hot
30090,Asia,Hot
30091,Asia,Hot
30092,America,Temperate
30093,Europe,Cold
30094,Africa,Cold
30095,America,Cold
30096,Europe,Cold
30097,Europe,Cold
30098,Europe,Cold
30099,Africa,Cold
30100,Africa,Cold
30101,Africa,Cold
30102,Europe,Hot
30103,Africa,Cold
30104,Europe,Hot
30105,America,Cold
30106,Europe,Cold
30107,America,Hot
30108,America,Cold
30109,Africa,Temperate
30110,Africa,Cold
30111,Europe,Hot
30112,America,Hot
30113,America,Hot
30114,Asia,Cold
30115,America,Temperate
30116,Africa,Temperate
30117,Africa,Cold
30118,America,Hot
30119,America,Hot
30120,Europe,Temperate
30121,Asia,Cold
30122,Asia,Temperate
30123,Europe,Cold
30124,Europe,Temperate
30125,Asia,Hot
30126,Asia,Temperate
30127,Europe,Cold
30128,America,Hot
30129,America,Temperate
30130,Africa,Temperate
30131,Asia,Temperate
30132,Asia,Cold
30133,Asia,Cold
30134,Asia,Temperate
30135,Europe,Temperate
30136,America,Temperate
30137,America,Hot
30138,Africa,Hot
30139,Asia,Temperate
30140,Africa,Hot
30141,America,Hot
30142,Europe,Cold
30143,America,Hot
30144,America,Temperate
30145,Europe,Hot
30146,Europe,Hot
30147,America,Cold
30148,America,Hot
30149,Africa,Hot
30150,Asia,Temperate
30151,Europe,Hot
30152,Asia,Cold
30153,Africa,Cold
30154,Europe,Cold
30155,Europe,Temperate
30156,Asia,Hot
30157,Europe,Hot
30158,America,Hot
30159,Africa,Cold
30160,Africa,Cold
30161,Europe,Cold
30162,Europe,Temperate
30163,Asia,Cold
30164,Africa,Cold
30165,America,Temperate
30166,America,Temperate
30167,Asia,Temperate
30168,Africa,Hot
30169,Africa,Cold
30170,America,Hot
30171,Africa,Cold
30172,Africa,Temperate
30173,Africa,Hot
30174,America,Cold
30175,Europe,Temperate
30176,Africa,Cold
30177,Europe,Temperate
30178,Europe,Temperate
30179,Asia,Cold
30180,Europe,Hot
30181,Asia,Temperate
30182,Africa,Cold
30183,America,Temperate
30184,Europe,Temperate
30185,Europe,Hot
30186,America,Hot
30187,Asia,Temperate
30188,Asia,Cold
30189,Asia,Cold
30190,Europe,Hot
30191,Africa,Temperate
30192,Asia,Cold
30193,Asia,Cold
30194,America,Cold
30195,Africa,Cold
30196,Africa,Cold
30197,Africa,Temperate
30198,Africa,Temperate
30199,Africa,Temperate
30200,Asia,Cold
30201,America,Temperate
30202,Asia,Hot
30203,Africa,Temperate
30204,America,Cold
30205,Europe,Temperate
30206,Europe,Hot
30207,Africa,Hot
30208,Asia,Cold
30209,America,Temperate
30210,America,Hot
30211,Asia,Cold
30212,Africa,Hot
30213,Europe,Cold
30214,Europe,Hot
30215,Africa,Cold
30216,America,Temperate
30217,Asia,Temperate
30218,Africa,Cold
30219,America,Hot
30220,Asia,Hot
30221,America,Temperate
30222,America,Temperate
30223,Europe,Cold
30224,Africa,Hot
30225,America,Cold
30226,Europe,Temperate
30227,Africa,Cold
30228,Africa,Cold
30229,Asia,Cold
30230,Africa,Hot
30231,Europe,Cold
30232,Europe,Cold
30233,Africa,Temperate
30234,Europe,Hot
30235,America,Temperate
30236,America,Temperate
30237,Asia,Hot
30238,America,Temperate
30239,Africa,Temperate
30240,America,Temperate
30241,Asia,Temperate
30242,Europe,Hot
30243,Africa,Hot
30244,Asia,Cold
30245,America,Temperate
30246,Africa,Cold
30247,Africa,Cold
30248,Europe,Temperate
30249,America,Hot
30250,America,Cold
30251,America,Temperate
30252,America,Cold
30253,Asia,Cold
30254,Europe,Cold
30255,Africa,Hot
30256,America,Cold
30257,Europe,Temperate
30258,Africa,Hot
30259,America,Temperate
30260,Africa,Temperate
30261,America,Temperate
30262,America,Cold
30263,Africa,Hot
30264,America,Cold
30265,Asia,Temperate
30266,Asia,Cold
30267,Africa,Cold
30268,America,Hot
30269,Africa,Temperate
30270,Europe,Temperate
30271,Europe,Temperate
30272,Europe,Cold
30273,America,Cold
30274,Africa,Hot
30275,Europe,Hot
30276,America,Temperate
30277,America,Cold
30278,Europe,Cold
30279,Asia,Temperate
30280,Asia,Hot
30281,Asia,Hot
30282,Asia,Hot
30283,Africa,Cold
30284,Africa,Cold
30285,Europe,Temperate
30286,America,Hot
30287,Asia,Hot
30288,America,Hot
30289,America,Hot
30290,Africa,Temperate
30291,America,Temperate
30292,America,Temperate
30293,Asia,Cold
30294,Europe,Hot
30295,Africa,Cold
30296,Asia,Temperate
30297,Europe,Temperate
30298,Asia,Cold
30299,Europe,Cold
30300,Asia,Cold
30301,Asia,Cold
30302,Europe,Temperate
30303,Asia,Cold
30304,Europe,Cold
30305,America,Cold
30306,America,Cold
30307,Europe,Cold
30308,Asia,Temperate
30309,America,Cold
30310,Europe,Temperate
30311,Africa,Temperate
30312,America,Hot
30313,Europe,Hot
30314,Europe,Temperate
30315,America,Temperate
30316,Asia,Temperate
30317,Africa,Cold
30318,Europe,Temperate
30319,Asia,Hot
30320,Asia,Temperate
30321,Europe,Temperate
30322,Africa,Hot
30323,America,Cold
30324,Africa,Temperate
30325,Asia,Hot
30326,Europe,Cold
30327,Europe,Cold
30328,Africa,Hot
30329,Africa,Hot
30330,Africa,Temperate
30331,Europe,Hot
30332,Europe,Hot
30333,Asia,Cold
30334,Africa,Hot
30335,Asia,Cold
30336,Asia,Temperate
30337,Africa,Hot
30338,America,Hot
30339,Europe,Temperate
30340,America,Hot
30341,Europe,Hot
30342,Europe,Hot
30343,Europe,Hot
30344,Africa,Hot
30345,Africa,Hot
30346,Africa,Cold
30347,Europe,Hot
30348,Africa,Hot
30349,Asia,Temperate
30350,America,Hot
30351,Asia,Temperate
30352,Europe,Temperate
30353,Africa,Temperate
30354,Asia,Temperate
30355,America,Cold
30356,Europe,Cold
30357,Europe,Hot
30358,Asia,Temperate
30359,Europe,Cold
30360,Asia,Cold
30361,Africa,Cold
30362,Europe,Hot
30363,Asia,Hot
30364,Africa,Cold
30365,America,Hot
30366,Asia,Temperate
30367,America,Hot
30368,America,Temperate
30369,Europe,Hot
30370,Asia,Temperate
30371,Africa,Hot
30372,Asia,Hot
30373,Asia,Temperate
30374,Europe,Temperate
30375,Europe,Temperate
30376,Africa,Cold
30377,Europe,Hot
30378,Africa,Hot
30379,Africa,Cold
30380,Africa,Hot
30381,Asia,Temperate
30382,America,Temperate
30383,America,Cold
30384,Europe,Hot
30385,Asia,Hot
30386,Asia,Cold
30387,America,Temperate
30388,America,Temperate
30389,Asia,Hot
30390,Asia,Temperate
30391,Asia,Hot
30392,Europe,Temperate
30393,America,Temperate
30394,Europe,Hot
30395,Africa,Hot
30396,America,Temperate
30397,Europe,Hot
30398,Asia,Temperate
30399,America,Hot
30400,Asia,Cold
30401,America,Hot
30402,Africa,Temperate
30403,Europe,Temperate
30404,Europe,Temperate
30405,Africa,Cold
30406,Asia,Temperate
30407,Asia,Hot
30408,America,Hot
30409,America,Temperate
30410,America,Hot
30411,America,Temperate
30412,Asia,Cold
30413,Asia,Temperate
30414,Asia,Cold
30415,Europe,Temperate
30416,Africa,Cold
30417,Africa,Cold
30418,Europe,Cold
30419,Europe,Hot
30420,Europe,Hot
30421,Asia,Hot
30422,America,Cold
30423,America,Hot
30424,America,Hot
30425,Africa,Hot
30426,America,Hot
30427,Europe,Temperate
30428,Europe,Cold
30429,Africa,Temperate
30430,Europe,Cold
30431,Asia,Temperate
30432,Europe,Hot
30433,Europe,Hot
30434,Europe,Temperate
30435,Africa,Temperate
30436,Asia,Hot
30437,Europe,Hot
30438,Asia,Temperate
30439,Asia,Cold
30440,America,Temperate
30441,Asia,Temperate
30442,Asia,Temperate
30443,Asia,Temperate
30444,Africa,Temperate
30445,America,Hot
30446,Africa,Temperate
30447,Asia,Hot
30448,Africa,Hot
30449,Europe,Temperate
30450,Africa,Temperate
30451,Africa,Temperate
30452,Africa,Cold
30453,Africa,Cold
30454,Europe,Hot
30455,Europe,Temperate
30456,America,Hot
30457,Africa,Temperate
30458,Africa,Temperate
30459,America,Temperate
30460,America,Hot
30461,America,Cold
30462,Europe,Hot
30463,Asia,Hot
30464,Asia,Cold
30465,Europe,Temperate
30466,America,Hot
30467,Africa,Temperate
30468,Africa,Temperate
30469,Europe,Cold
30470,Africa,Hot
30471,Europe,Cold
30472,America,Hot
30473,Asia,Cold
30474,America,Temperate
30475,Africa,Cold
30476,Asia,Temperate
30477,Africa,Hot
30478,Europe,Hot
30479,Africa,Cold
30480,Africa,Cold
30481,Asia,Temperate
30482,Asia,Hot
30483,Africa,Temperate
30484,Asia,Cold
30485,America,Cold
30486,America,Cold
30487,Europe,Cold
30488,Africa,Hot
30489,Asia,Temperate
30490,America,Hot
30491,America,Hot
30492,Asia,Hot
30493,Africa,Cold
30494,Asia,Cold
30495,Europe,Temperate
30496,Europe,Hot
30497,America,Cold
30498,Europe,Hot
30499,Africa,Hot
30500,America,Hot
30501,Asia,Cold
30502,Europe,Hot
30503,Africa,Temperate
30504,Africa,Cold
30505,America,Temperate
30506,Asia,Cold
30507,Asia,Hot
30508,America,Hot
30509,America,Hot
30510,America,Cold
30511,Asia,Temperate
30512,Africa,Temperate
30513,Asia,Hot
30514,Europe,Temperate
30515,Asia,Temperate
30516,Asia,Temperate
30517,Europe,Hot
30518,America,Cold
30519,Europe,Hot
30520,America,Hot
30521,Europe,Temperate
30522,Europe,Hot
30523,America,Temperate
30524,Europe,Hot
30525,Africa,Hot
30526,Europe,Cold
30527,Asia,Temperate
30528,America,Hot
30529,America,Hot
30530,America,Cold
30531,Africa,Temperate
30532,Asia,Hot
30533,Europe,Temperate
30534,Asia,Hot
30535,America,Temperate
30536,Asia,Temperate
30537,America,Hot
30538,America,Cold
30539,Africa,Hot
30540,America,Cold
30541,Asia,Cold
30542,Africa,Hot
30543,Asia,Hot
30544,Asia,Cold
30545,Europe,Hot
30546,Asia,Hot
30547,Africa,Cold
30548,Europe,Hot
30549,America,Hot
30550,Europe,Temperate
30551,Europe,Cold
30552,Europe,Temperate
30553,Europe,Temperate
30554,Asia,Hot
30555,Europe,Cold
30556,Asia,Cold
30557,Asia,Hot
30558,America,Temperate
30559,Asia,Cold
30560,Africa,Temperate
30561,America,Hot
30562,America,Hot
30563,Asia,Temperate
30564,Asia,Temperate
30565,Europe,Cold
30566,Asia,Cold
30567,Europe,Hot
30568,Africa,Temperate
30569,America,Temperate
30570,America,Hot
30571,Asia,Temperate
30572,America,Temperate
30573,America,Temperate
30574,Africa,Hot
30575,America,Temperate
30576,Europe,Cold
30577,America,Cold
30578,Europe,Hot
30579,Europe,Hot
30580,Europe,Cold
30581,Europe,Temperate
30582,Africa,Temperate
30583,Africa,Hot
30584,America,Temperate
30585,Africa,Cold
30586,Europe,Temperate
30587,Africa,Temperate
30588,Asia,Cold
30589,Asia,Hot
30590,Africa,Temperate
30591,Asia,Temperate
30592,America,Temperate
30593,Asia,Temperate
30594,America,Temperate
30595,Africa,Hot
30596,Europe,Temperate
30597,Africa,Cold
30598,America,Hot
30599,Asia,Cold
30600,Africa,Temperate
30601,Africa,Hot
30602,Africa,Temperate
30603,America,Cold
30604,Asia,Cold
30605,Africa,Temperate
30606,Europe,Temperate
30607,America,Hot
30608,America,Hot
30609,Asia,Temperate
30610,Europe,Hot
30611,Africa,Hot
30612,Asia,Hot
30613,America,Cold
30614,Europe,Cold
30615,Africa,Temperate
30616,America,Hot
30617,Africa,Temperate
30618,Asia,Cold
30619,Europe,Hot
30620,Asia,Hot
30621,Africa,Cold
30622,Africa,Hot
30623,America,Hot
30624,Europe,Temperate
30625,Europe,Temperate
30626,Africa,Cold
30627,Africa,Temperate
30628,Africa,Temperate
30629,America,Hot
30630,Africa,Temperate
30631,Europe,Temperate
30632,Europe,Hot
30633,America,Temperate
30634,Europe,Temperate
30635,America,Cold
30636,Asia,Hot
30637,Africa,Temperate
30638,Africa,Temperate
30639,Europe,Temperate
30640,Africa,Temperate
30641,Europe,Hot
30642,Africa,Temperate
30643,America,Cold
30644,Africa,Cold
30645,America,Temperate
30646,Africa,Temperate
30647,America,Hot
30648,America,Hot
30649,Asia,Hot
30650,Europe,Cold
30651,Africa,Cold
30652,Africa,Temperate
30653,Europe,Temperate
30654,America,Cold
30655,Asia,Cold
30656,Europe,Temperate
30657,Africa,Cold
30658,Europe,Temperate
30659,Asia,Hot
30660,Asia,Temperate
30661,America,Hot
30662,Africa,Hot
30663,Africa,Cold
30664,America,Cold
30665,America,Hot
30666,Europe,Hot
30667,Europe,Cold
30668,Europe,Temperate
30669,Europe,Cold
30670,America,Cold
30671,Asia,Hot
30672,Asia,Cold
30673,Europe,Hot
30674,Europe,Hot
30675,America,Temperate
30676,Europe,Cold
30677,Africa,Cold
30678,Asia,Temperate
30679,Europe,Cold
30680,Europe,Temperate
30681,Asia,Cold
30682,Asia,Cold
30683,Africa,Hot
30684,Africa,Temperate
30685,America,Cold
30686,Africa,Cold
30687,Africa,Temperate
30688,Europe,Hot
30689,Europe,Cold
30690,Africa,Cold
30691,America,Cold
30692,America,Hot
30693,Asia,Hot
30694,Africa,Temperate
30695,Asia,Cold
30696,Africa,Hot
30697,Africa,Cold
30698,Europe,Temperate
30699,Africa,Temperate
30700,Europe,Temperate
30701,America,Temperate
30702,America,Hot
30703,Africa,Temperate
30704,America,Temperate
30705,Africa,Hot
30706,Asia,Cold
30707,America,Cold
30708,Africa,Hot
30709,Asia,Temperate
30710,Asia,Temperate
30711,Africa,Hot
30712,America,Cold
30713,America,Temperate
30714,Africa,Cold
30715,Europe,Cold
30716,America,Hot
30717,America,Temperate
30718,America,Hot
30719,Africa,Temperate
30720,Africa,Cold
30721,Africa,Hot
30722,Asia,Temperate
30723,America,Hot
30724,Europe,Hot
30725,America,Hot
30726,Asia,Temperate
30727,America,Cold
30728,Africa,Temperate
30729,America,Cold
30730,Europe,Hot
30731,America,Cold
30732,Africa,Hot
30733,America,Temperate
30734,Africa,Hot
30735,Asia,Cold
30736,Asia,Cold
30737,Asia,Hot
30738,America,Cold
30739,America,Temperate
30740,Asia,Cold
30741,Asia,Hot
30742,Africa,Hot
30743,Africa,Cold
30744,Europe,Hot
30745,Africa,Hot
30746,America,Hot
30747,Asia,Hot
30748,Europe,Hot
30749,Asia,Temperate
30750,Asia,Hot
30751,Asia,Hot
30752,America,Temperate
30753,Africa,Cold
30754,Africa,Hot
30755,Africa,Hot
30756,America,Hot
30757,Africa,Temperate
30758,Asia,Hot
30759,America,Temperate
30760,Europe,Hot
30761,Africa,Cold
30762,America,Temperate
30763,Europe,Cold
30764,Asia,Temperate
30765,Asia,Temperate
30766,Europe,Temperate
30767,Asia,Temperate
30768,America,Cold
30769,Africa,Hot
30770,Asia,Cold
30771,America,Hot
30772,Africa,Cold
30773,America,Cold
30774,Asia,Temperate
30775,America,Temperate
30776,Africa,Temperate
30777,Europe,Cold
30778,Asia,Temperate
30779,Asia,Temperate
30780,Africa,Cold
30781,America,Cold
30782,Africa,Hot
30783,Europe,Temperate
30784,Africa,Temperate
30785,Europe,Temperate
30786,Asia,Hot
30787,Africa,Temperate
30788,Africa,Cold
30789,Asia,Hot
30790,Europe,Hot
30791,Europe,Cold
30792,America,Temperate
30793,Africa,Temperate
30794,America,Cold
30795,Asia,Cold
30796,Africa,Temperate
30797,Europe,Cold
30798,Europe,Cold
30799,Europe,Temperate
30800,Asia,Hot
30801,Asia,Cold
30802,America,Temperate
30803,Asia,Temperate
30804,Asia,Temperate
30805,America,Hot
30806,Africa,Cold
30807,America,Cold
30808,Europe,Hot
30809,Europe,Temperate
30810,Africa,Hot
30811,Africa,Hot
30812,Africa,Cold
30813,Africa,Cold
30814,Africa,Temperate
30815,Asia,Cold
30816,Africa,Hot
30817,Asia,Hot
30818,America,Temperate
30819,America,Hot
30820,Africa,Hot
30821,Africa,Hot
30822,America,Temperate
30823,Asia,Temperate
30824,Africa,Cold
30825,Africa,Cold
30826,Africa,Hot
30827,America,Hot
30828,Africa,Cold
30829,America,Hot
30830,Africa,Cold
30831,America,Cold
30832,Asia,Temperate
30833,Africa,Cold
30834,Asia,Temperate
30835,America,Temperate
30836,America,Temperate
30837,Africa,Temperate
30838,Asia,Temperate
30839,America,Cold
30840,Asia,Hot
30841,America,Cold
30842,Asia,Temperate
30843,America,Hot
30844,America,Temperate
30845,Asia,Cold
30846,Europe,Cold
30847,Europe,Temperate
30848,Africa,Temperate
30849,Africa,Cold
30850,Europe,Hot
30851,America,Temperate
30852,America,Cold
30853,Europe,Temperate
30854,Asia,Hot
30855,Asia,Hot
30856,America,Hot
30857,Asia,Temperate
30858,Asia,Cold
30859,Africa,Temperate
30860,Asia,Temperate
30861,Africa,Temperate
30862,Europe,Hot
30863,Europe,Hot
30864,America,Temperate
30865,Asia,Temperate
30866,America,Temperate
30867,Asia,Cold
30868,America,Temperate
30869,America,Hot
30870,Africa,Hot
30871,Africa,Cold
30872,Asia,Cold
30873,Europe,Cold
30874,America,Hot
30875,America,Hot
30876,Asia,Temperate
30877,Europe,Temperate
30878,Europe,Hot
30879,America,Cold
30880,Asia,Hot
30881,Asia,Hot
30882,America,Cold
30883,Europe,Hot
30884,Africa,Hot
30885,Africa,Cold
30886,Africa,Hot
30887,America,Temperate
30888,Europe,Hot
30889,Europe,Cold
30890,Africa,Cold
30891,Asia,Temperate
30892,Asia,Cold
30893,America,Cold
30894,Asia,Hot
30895,Europe,Temperate
30896,Europe,Hot
30897,America,Hot
30898,Asia,Temperate
30899,Europe,Cold
30900,America,Temperate
30901,Asia,Cold
30902,Africa,Cold
30903,America,Hot
30904,Africa,Hot
30905,America,Hot
30906,Asia,Cold
30907,America,Temperate
30908,Europe,Temperate
30909,Africa,Cold
30910,Asia,Hot
30911,Africa,Cold
30912,America,Temperate
30913,America,Hot
30914,America,Temperate
30915,America,Temperate
30916,America,Hot
30917,America,Hot
30918,Europe,Temperate
30919,Africa,Hot
30920,America,Hot
30921,Africa,Cold
30922,Asia,Cold
30923,Africa,Cold
30924,Africa,Hot
30925,Europe,Cold
30926,Europe,Temperate
30927,Africa,Cold
30928,Africa,Temperate
30929,Asia,Temperate
30930,Africa,Cold
30931,Asia,Cold
30932,Europe,Hot
30933,Europe,Hot
30934,Africa,Cold
30935,Asia,Temperate
30936,Asia,Cold
30937,Africa,Hot
30938,Asia,Hot
30939,Africa,Temperate
30940,Europe,Hot
30941,America,Cold
30942,America,Temperate
30943,Africa,Cold
30944,America,Temperate
30945,Europe,Temperate
30946,Europe,Cold
30947,Europe,Hot
30948,Asia,Hot
30949,Asia,Temperate
30950,Africa,Temperate
30951,Asia,Hot
30952,America,Temperate
30953,America,Hot
30954,Asia,Hot
30955,Asia,Cold
30956,Europe,Cold
30957,Europe,Hot
30958,Europe,Hot
30959,Europe,Cold
30960,Europe,Hot
30961,America,Hot
30962,Asia,Temperate
30963,Africa,Cold
30964,Asia,Cold
30965,America,Cold
30966,Africa,Temperate
30967,America,Cold
30968,Europe,Cold
30969,Africa,Cold
30970,America,Hot
30971,Asia,Temperate
30972,America,Hot
30973,America,Cold
30974,Asia,Temperate
30975,Asia,Hot
30976,Europe,Temperate
30977,Asia,Cold
30978,Asia,Temperate
30979,Europe,Cold
30980,America,Temperate
30981,America,Cold
30982,Asia,Cold
30983,Europe,Temperate
30984,America,Hot
30985,America,Cold
30986,America,Cold
30987,America,Cold
30988,Asia,Hot
30989,America,Cold
30990,Europe,Hot
30991,Europe,Cold
30992,Asia,Temperate
30993,Africa,Temperate
30994,America,Cold
30995,Asia,Cold
30996,Africa,Temperate
30997,Asia,Hot
30998,Asia,Hot
30999,Africa,Cold
31000,Europe,Hot
31001,Africa,Hot
31002,America,Cold
31003,Africa,Cold
31004,America,Hot
31005,America,Temperate
31006,Europe,Hot
31007,Asia,Temperate
31008,Africa,Hot
31009,America,Temperate
31010,Africa,Cold
31011,Africa,Hot
31012,America,Cold
31013,America,Temperate
31014,Asia,Cold
31015,Africa,Cold
31016,America,Temperate
31017,Asia,Temperate
31018,Africa,Hot
31019,Africa,Temperate
31020,America,Temperate
31021,Europe,Temperate
31022,America,Temperate
31023,Africa,Cold
31024,Europe,Cold
31025,America,Temperate
31026,Europe,Cold
31027,Asia,Hot
31028,America,Cold
31029,Africa,Temperate
31030,Africa,Temperate
31031,Europe,Cold
31032,Europe,Hot
31033,Asia,Hot
31034,America,Temperate
31035,Asia,Hot
31036,Europe,Temperate
31037,Africa,Temperate
31038,Asia,Hot
31039,America,Temperate
31040,Africa,Cold
31041,America,Cold
31042,Europe,Cold
31043,Europe,Cold
31044,America,Cold
31045,America,Cold
31046,Europe,Cold
31047,Asia,Temperate
31048,Asia,Temperate
31049,America,Cold
31050,America,Hot
31051,Europe,Hot
31052,America,Hot
31053,America,Temperate
31054,Africa,Hot
31055,America,Cold
31056,America,Hot
31057,America,Temperate
31058,Asia,Hot
31059,Europe,Hot
31060,Europe,Cold
31061,Africa,Hot
31062,Asia,Cold
31063,Asia,Temperate
31064,Europe,Hot
31065,America,Temperate
31066,Europe,Temperate
31067,America,Temperate
31068,America,Cold
31069,Asia,Hot
31070,Europe,Temperate
31071,Africa,Temperate
31072,Europe,Hot
31073,Africa,Temperate
31074,Asia,Cold
31075,America,Temperate
31076,Europe,Hot
31077,Asia,Hot
31078,Asia,Hot
31079,America,Temperate
31080,Africa,Hot
31081,America,Temperate
31082,Europe,Cold
31083,Asia,Temperate
31084,America,Cold
31085,Africa,Hot
31086,Africa,Cold
31087,Africa,Temperate
31088,Asia,Cold
31089,America,Cold
31090,Asia,Hot
31091,Africa,Cold
31092,America,Temperate
31093,Europe,Cold
31094,Africa,Temperate
31095,America,Temperate
31096,Asia,Cold
31097,Europe,Temperate
31098,America,Temperate
31099,America,Cold
31100,Africa,Hot
31101,America,Temperate
31102,Asia,Hot
31103,Asia,Cold
31104,Africa,Hot
31105,Europe,Hot
31106,Europe,Hot
31107,America,Temperate
31108,Africa,Hot
31109,Asia,Temperate
31110,Africa,Temperate
31111,America,Temperate
31112,Asia,Temperate
31113,America,Cold
31114,Asia,Hot
31115,Asia,Temperate
31116,Asia,Temperate
31117,Africa,Temperate
31118,Asia,Hot
31119,Europe,Cold
31120,Europe,Hot
31121,America,Temperate
31122,America,Hot
31123,Africa,Hot
31124,Asia,Hot
31125,Asia,Cold
31126,Asia,Temperate
31127,Africa,Cold
31128,Europe,Cold
31129,Asia,Hot
31130,America,Temperate
31131,Europe,Temperate
31132,Asia,Temperate
31133,Asia,Temperate
31134,Europe,Cold
31135,Africa,Temperate
31136,Asia,Temperate
31137,Africa,Cold
31138,America,Temperate
31139,Asia,Temperate
31140,Asia,Hot
31141,Asia,Temperate
31142,Asia,Hot
31143,Africa,Cold
31144,Africa,Hot
31145,Europe,Cold
31146,Africa,Temperate
31147,Africa,Hot
31148,America,Hot
31149,Europe,Hot
31150,America,Cold
31151,Europe,Hot
31152,Asia,Temperate
31153,America,Temperate
31154,Europe,Hot
31155,Africa,Temperate
31156,America,Cold
31157,Europe,Hot
31158,America,Hot
31159,Asia,Temperate
31160,Africa,Cold
31161,Asia,Hot
31162,Africa,Hot
31163,Europe,Temperate
31164,Europe,Cold
31165,Europe,Cold
31166,Europe,Temperate
31167,America,Temperate
31168,Europe,Cold
31169,Africa,Cold
31170,Asia,Cold
31171,America,Hot
31172,Asia,Temperate
31173,Asia,Cold
31174,America,Cold
31175,Asia,Cold
31176,Europe,Temperate
31177,Asia,Hot
31178,Asia,Hot
31179,Africa,Temperate
31180,America,Hot
31181,America,Cold
31182,Africa,Cold
31183,Europe,Cold
31184,Africa,Hot
31185,Europe,Hot
31186,Asia,Temperate
31187,Asia,Temperate
31188,Europe,Cold
31189,Asia,Temperate
31190,Europe,Temperate
31191,Africa,Hot
31192,Africa,Cold
31193,Asia,Temperate
31194,America,Temperate
31195,Africa,Hot
31196,America,Cold
31197,America,Hot
31198,Europe,Hot
31199,Africa,Cold
31200,Asia,Temperate
31201,Asia,Hot
31202,Europe,Cold
31203,America,Hot
31204,America,Temperate
31205,Africa,Temperate
31206,Africa,Hot
31207,Europe,Temperate
31208,Europe,Hot
31209,Europe,Hot
31210,Asia,Cold
31211,America,Cold
31212,Asia,Hot
31213,Europe,Hot
31214,Africa,Hot
31215,Europe,Hot
31216,America,Hot
31217,Europe,Cold
31218,Europe,Hot
31219,Europe,Cold
31220,Asia,Temperate
31221,Asia,Hot
31222,Africa,Cold
31223,Asia,Cold
31224,America,Temperate
31225,Europe,Temperate
31226,Europe,Temperate
31227,Europe,Hot
31228,Africa,Hot
31229,Asia,Hot
31230,Europe,Temperate
31231,Europe,Cold
31232,Europe,Cold
31233,Africa,Temperate
31234,America,Hot
31235,Asia,Cold
31236,Africa,Cold
31237,Asia,Cold
31238,America,Cold
31239,Europe,Hot
31240,America,Hot
31241,Africa,Hot
31242,America,Cold
31243,Africa,Hot
31244,Africa,Cold
31245,Asia,Hot
31246,America,Cold
31247,Africa,Temperate
31248,America,Hot
31249,Africa,Temperate
31250,Europe,Hot
31251,America,Temperate
31252,Africa,Temperate
31253,Europe,Temperate
31254,America,Hot
31255,Europe,Cold
31256,Africa,Cold
31257,Europe,Cold
31258,Asia,Hot
31259,Asia,Cold
31260,Asia,Hot
31261,America,Cold
31262,America,Temperate
31263,Europe,Temperate
31264,America,Temperate
31265,America,Hot
31266,Asia,Temperate
31267,America,Temperate
31268,Asia,Cold
31269,Europe,Hot
31270,Africa,Cold
31271,Europe,Temperate
31272,Europe,Temperate
31273,Africa,Cold
31274,Asia,Hot
31275,America,Hot
31276,Asia,Cold
31277,America,Cold
31278,Europe,Hot
31279,Asia,Temperate
31280,Europe,Temperate
31281,Europe,Hot
31282,America,Cold
31283,Asia,Temperate
31284,Europe,Hot
31285,America,Temperate
31286,Asia,Cold
31287,Africa,Temperate
31288,Europe,Hot
31289,Asia,Cold
31290,Africa,Hot
31291,Europe,Hot
31292,Africa,Temperate
31293,Europe,Hot
31294,Asia,Hot
31295,Africa,Temperate
31296,Africa,Temperate
31297,Africa,Temperate
31298,Asia,Cold
31299,Europe,Temperate
31300,Asia,Temperate
31301,Africa,Cold
31302,Africa,Cold
31303,Africa,Temperate
31304,America,Temperate
31305,Asia,Temperate
31306,Africa,Hot
31307,Europe,Temperate
31308,Europe,Temperate
31309,Asia,Temperate
31310,Europe,Cold
31311,Asia,Hot
31312,Asia,Temperate
31313,Africa,Temperate
31314,Asia,Temperate
31315,Africa,Cold
31316,Europe,Temperate
31317,Europe,Temperate
31318,Africa,Cold
31319,Africa,Cold
31320,Europe,Cold
31321,Asia,Cold
31322,America,Cold
31323,Africa,Cold
31324,Africa,Cold
31325,America,Cold
31326,Africa,Cold
31327,Asia,Temperate
31328,Asia,Hot
31329,America,Temperate
31330,America,Cold
31331,America,Temperate
31332,Africa,Cold
31333,America,Hot
31334,Europe,Hot
31335,Asia,Cold
31336,Africa,Cold
31337,Asia,Temperate
31338,Europe,Temperate
31339,America,Cold
31340,Asia,Hot
31341,Europe,Temperate
31342,America,Temperate
31343,America,Hot
31344,America,Hot
31345,Asia,Temperate
31346,Africa,Cold
31347,Africa,Hot
31348,Africa,Temperate
31349,Europe,Cold
31350,America,Cold
31351,Europe,Cold
31352,Asia,Temperate
31353,Africa,Temperate
31354,Asia,Hot
31355,Europe,Hot
31356,Africa,Cold
31357,Asia,Cold
31358,Asia,Temperate
31359,Asia,Temperate
31360,Asia,Hot
31361,Europe,Hot
31362,Europe,Temperate
31363,America,Cold
31364,Asia,Cold
31365,Europe,Hot
31366,Africa,Hot
31367,Africa,Cold
31368,America,Temperate
31369,Asia,Cold
31370,America,Cold
31371,Africa,Cold
31372,Africa,Hot
31373,America,Cold
31374,Asia,Cold
31375,Europe,Cold
31376,America,Cold
31377,America,Temperate
31378,America,Temperate
31379,Asia,Hot
31380,America,Cold
31381,Asia,Temperate
31382,Europe,Hot
31383,Europe,Cold
31384,America,Cold
31385,Europe,Cold
31386,America,Cold
31387,Africa,Temperate
31388,Europe,Temperate
31389,Africa,Cold
31390,Europe,Cold
31391,America,Hot
31392,Asia,Temperate
31393,Europe,Cold
31394,Asia,Hot
31395,America,Hot
31396,America,Cold
31397,Asia,Temperate
31398,Europe,Hot
31399,Africa,Hot
31400,Africa,Hot
31401,America,Hot
31402,America,Hot
31403,America,Cold
31404,Africa,Hot
31405,America,Temperate
31406,America,Temperate
31407,America,Hot
31408,Asia,Hot
31409,America,Hot
31410,Africa,Cold
31411,Asia,Hot
31412,Europe,Cold
31413,Africa,Hot
31414,America,Cold
31415,Europe,Cold
31416,Europe,Hot
31417,Asia,Hot
31418,America,Hot
31419,Asia,Hot
31420,America,Cold
31421,America,Hot
31422,Asia,Temperate
31423,America,Temperate
31424,Asia,Hot
31425,Africa,Cold
31426,Asia,Temperate
31427,Europe,Cold
31428,Africa,Hot
31429,Africa,Hot
31430,America,Hot
31431,Africa,Temperate
31432,Africa,Hot
31433,Asia,Cold
31434,Africa,Cold
31435,Africa,Cold
31436,Africa,Hot
31437,Asia,Cold
31438,Asia,Temperate
31439,Africa,Temperate
31440,Africa,Cold
31441,America,Temperate
31442,Europe,Cold
31443,Africa,Temperate
31444,Europe,Temperate
31445,Europe,Hot
31446,America,Cold
31447,Africa,Cold
31448,Asia,Temperate
31449,Asia,Temperate
31450,Africa,Hot
31451,Europe,Cold
31452,Asia,Hot
31453,Asia,Temperate
31454,Europe,Temperate
31455,America,Hot
31456,America,Temperate
31457,Asia,Temperate
31458,Europe,Cold
31459,Africa,Temperate
31460,Europe,Cold
31461,Asia,Temperate
31462,America,Cold
31463,Africa,Temperate
31464,Africa,Cold
31465,Asia,Cold
31466,America,Cold
31467,Asia,Cold
31468,Europe,Hot
31469,America,Cold
31470,America,Temperate
31471,Europe,Hot
31472,America,Temperate
31473,Africa,Temperate
31474,Africa,Hot
31475,Asia,Cold
31476,Europe,Hot
31477,Africa,Temperate
31478,America,Hot
31479,America,Cold
31480,Asia,Cold
31481,America,Hot
31482,Europe,Temperate
31483,Africa,Cold
31484,Asia,Cold
31485,Asia,Temperate
31486,Africa,Hot
31487,Africa,Cold
31488,Europe,Temperate
31489,America,Hot
31490,America,Temperate
31491,Africa,Temperate
31492,America,Temperate
31493,Africa,Hot
31494,America,Hot
31495,Africa,Temperate
31496,America,Hot
31497,Europe,Temperate
31498,Asia,Hot
31499,America,Temperate
31500,Africa,Cold
31501,Europe,Temperate
31502,Europe,Hot
31503,Asia,Cold
31504,Europe,Cold
31505,Asia,Temperate
31506,America,Cold
31507,America,Cold
31508,America,Temperate
31509,Africa,Cold
31510,America,Temperate
31511,Asia,Cold
31512,America,Hot
31513,Europe,Temperate
31514,Asia,Hot
31515,America,Hot
31516,Africa,Temperate
31517,Asia,Cold
31518,Asia,Temperate
31519,Asia,Cold
31520,Africa,Temperate
31521,America,Temperate
31522,Europe,Hot
31523,Europe,Temperate
31524,Africa,Hot
31525,Europe,Hot
31526,Asia,Hot
31527,Asia,Hot
31528,Europe,Temperate
31529,Asia,Hot
31530,Africa,Cold
31531,Asia,Cold
31532,Africa,Hot
31533,America,Cold
31534,Asia,Cold
31535,America,Cold
31536,Europe,Hot
31537,Europe,Cold
31538,Asia,Temperate
31539,Africa,Temperate
31540,Africa,Cold
31541,Africa,Temperate
31542,Africa,Temperate
31543,Africa,Temperate
31544,Africa,Hot
31545,Africa,Hot
31546,Europe,Cold
31547,America,Temperate
31548,America,Temperate
31549,Europe,Hot
31550,Europe,Hot
31551,Europe,Cold
31552,Asia,Cold
31553,Africa,Cold
31554,America,Cold
31555,Europe,Hot
31556,Africa,Hot
31557,Africa,Temperate
31558,Africa,Hot
31559,Africa,Hot
31560,Asia,Temperate
31561,America,Temperate
31562,Africa,Temperate
31563,Europe,Temperate
31564,Europe,Hot
31565,Asia,Temperate
31566,Asia,Temperate
31567,America,Temperate
31568,Africa,Hot
31569,Asia,Temperate
31570,Asia,Cold
31571,Europe,Temperate
31572,Asia,Hot
31573,Europe,Temperate
31574,America,Temperate
31575,America,Temperate
31576,Europe,Temperate
31577,Europe,Hot
31578,America,Hot
31579,Africa,Temperate
31580,Europe,Temperate
31581,Asia,Hot
31582,America,Cold
31583,Asia,Temperate
31584,America,Temperate
31585,Europe,Hot
31586,Europe,Temperate
31587,Europe,Cold
31588,Europe,Cold
31589,Europe,Hot
31590,America,Cold
31591,Asia,Cold
31592,Africa,Hot
31593,America,Temperate
31594,Europe,Hot
31595,Europe,Temperate
31596,Africa,Hot
31597,Europe,Hot
31598,Asia,Hot
31599,Asia,Temperate
31600,Africa,Temperate
31601,Europe,Hot
31602,Europe,Cold
31603,Asia,Temperate
31604,Asia,Hot
31605,Europe,Temperate
31606,Europe,Cold
31607,Europe,Temperate
31608,Europe,Hot
31609,Europe,Cold
31610,Asia,Cold
31611,America,Temperate
31612,Asia,Hot
31613,Asia,Cold
31614,America,Cold
31615,Asia,Hot
31616,Africa,Hot
31617,Asia,Cold
31618,America,Hot
31619,Europe,Cold
31620,Asia,Hot
31621,Asia,Hot
31622,America,Cold
31623,Asia,Cold
31624,Africa,Cold
31625,Asia,Hot
31626,Asia,Temperate
31627,Europe,Hot
31628,Europe,Cold
31629,America,Cold
31630,Europe,Cold
31631,Europe,Temperate
31632,Africa,Temperate
31633,Asia,Temperate
31634,Africa,Temperate
31635,Asia,Hot
31636,Europe,Cold
31637,Asia,Hot
31638,Asia,Hot
31639,Asia,Temperate
31640,Africa,Hot
31641,Europe,Hot
31642,America,Hot
31643,Europe,Temperate
31644,Africa,Hot
31645,Africa,Cold
31646,Africa,Hot
31647,America,Hot
31648,America,Hot
31649,America,Cold
31650,Europe,Temperate
31651,Europe,Cold
31652,Europe,Cold
31653,Africa,Cold
31654,America,Hot
31655,America,Cold
31656,Africa,Temperate
31657,Europe,Hot
31658,Asia,Hot
31659,Asia,Hot
31660,Europe,Cold
31661,America,Temperate
31662,Asia,Hot
31663,Africa,Hot
31664,America,Temperate
31665,Europe,Temperate
31666,Africa,Cold
31667,Asia,Temperate
31668,Europe,Hot
31669,America,Cold
31670,Asia,Temperate
31671,Africa,Cold
31672,Europe,Cold
31673,America,Temperate
31674,Africa,Hot
31675,Africa,Temperate
31676,Africa,Cold
31677,Africa,Hot
31678,Europe,Hot
31679,Asia,Temperate
31680,America,Cold
31681,America,Hot
31682,Asia,Cold
31683,Africa,Cold
31684,Africa,Hot
31685,Africa,Temperate
31686,America,Hot
31687,Asia,Hot
31688,Europe,Temperate
31689,Asia,Temperate
31690,Asia,Cold
31691,Africa,Cold
31692,Africa,Cold
31693,America,Cold
31694,Europe,Cold
31695,Africa,Cold
31696,America,Temperate
31697,America,Hot
31698,America,Cold
31699,America,Temperate
31700,America,Hot
31701,Africa,Cold
31702,Africa,Temperate
31703,Asia,Temperate
31704,Europe,Hot
31705,America,Hot
31706,Europe,Temperate
31707,America,Cold
31708,Asia,Cold
31709,America,Temperate
31710,America,Hot
31711,Asia,Temperate
31712,Africa,Cold
31713,Europe,Temperate
31714,Asia,Temperate
31715,Asia,Cold
31716,Africa,Temperate
31717,America,Hot
31718,Africa,Cold
31719,America,Cold
31720,Europe,Cold
31721,Europe,Temperate
31722,Europe,Cold
31723,Africa,Hot
31724,Europe,Temperate
31725,Africa,Temperate
31726,Europe,Hot
31727,Africa,Hot
31728,Europe,Cold
31729,Asia,Temperate
31730,Africa,Cold
31731,Asia,Temperate
31732,Europe,Temperate
31733,Africa,Hot
31734,Europe,Cold
31735,Africa,Temperate
31736,America,Cold
31737,Asia,Temperate
31738,America,Cold
31739,Europe,Temperate
31740,Africa,Cold
31741,Asia,Cold
31742,Asia,Hot
31743,Asia,Cold
31744,Europe,Hot
31745,Europe,Hot
31746,Asia,Cold
31747,Africa,Temperate
31748,Europe,Hot
31749,Europe,Cold
31750,Europe,Cold
31751,America,Cold
31752,Asia,Temperate
31753,Africa,Hot
31754,Europe,Hot
31755,Africa,Temperate
31756,Europe,Hot
31757,Europe,Temperate
31758,Africa,Cold
31759,Africa,Hot
31760,Africa,Temperate
31761,Asia,Hot
31762,Africa,Temperate
31763,Africa,Hot
31764,Africa,Cold
31765,Africa,Hot
31766,Africa,Hot
31767,Africa,Temperate
31768,Africa,Hot
31769,Europe,Hot
31770,Africa,Temperate
31771,Africa,Temperate
31772,America,Hot
31773,Africa,Temperate
31774,America,Temperate
31775,Africa,Temperate
31776,Africa,Cold
31777,Europe,Temperate
31778,America,Temperate
31779,Asia,Hot
31780,Africa,Temperate
31781,Europe,Temperate
31782,Asia,Temperate
31783,America,Temperate
31784,Africa,Cold
31785,Europe,Temperate
31786,Asia,Hot
31787,Asia,Cold
31788,Asia,Cold
31789,Asia,Temperate
31790,Asia,Hot
31791,Europe,Cold
31792,Africa,Temperate
31793,America,Temperate
31794,Asia,Temperate
31795,Europe,Hot
31796,Africa,Cold
31797,Europe,Cold
31798,America,Temperate
31799,Europe,Temperate
31800,Asia,Cold
31801,Africa,Temperate
31802,Europe,Temperate
31803,Africa,Hot
31804,Asia,Cold
31805,America,Hot
31806,America,Temperate
31807,Africa,Temperate
31808,Asia,Cold
31809,America,Hot
31810,Europe,Temperate
31811,Africa,Cold
31812,Africa,Temperate
31813,Asia,Hot
31814,Asia,Hot
31815,America,Cold
31816,Africa,Cold
31817,Europe,Temperate
31818,Europe,Hot
31819,Europe,Temperate
31820,Europe,Hot
31821,Asia,Hot
31822,America,Temperate
31823,Asia,Temperate
31824,Europe,Temperate
31825,Europe,Hot
31826,America,Hot
31827,Africa,Cold
31828,Asia,Hot
31829,America,Cold
31830,Europe,Hot
31831,Europe,Cold
31832,Africa,Hot
31833,America,Temperate
31834,America,Temperate
31835,Europe,Temperate
31836,Africa,Cold
31837,Asia,Cold
31838,Europe,Temperate
31839,Europe,Temperate
31840,Africa,Hot
31841,Africa,Cold
31842,America,Cold
31843,Europe,Cold
31844,Asia,Hot
31845,Europe,Cold
31846,Africa,Cold
31847,Asia,Temperate
31848,Europe,Temperate
31849,America,Cold
31850,Asia,Temperate
31851,Africa,Hot
31852,America,Temperate
31853,America,Cold
31854,America,Cold
31855,Africa,Temperate
31856,Africa,Temperate
31857,Europe,Temperate
31858,America,Temperate
31859,Asia,Cold
31860,Asia,Temperate
31861,America,Cold
31862,Africa,Cold
31863,Europe,Cold
31864,Africa,Temperate
31865,Africa,Temperate
31866,America,Cold
31867,America,Temperate
31868,Europe,Temperate
31869,America,Temperate
31870,Africa,Temperate
31871,Asia,Temperate
31872,America,Hot
31873,Europe,Hot
31874,Europe,Hot
31875,Africa,Temperate
31876,America,Temperate
31877,Europe,Hot
31878,Africa,Hot
31879,Africa,Hot
31880,America,Cold
31881,America,Temperate
31882,America,Cold
31883,Africa,Hot
31884,Africa,Cold
31885,Asia,Hot
31886,Africa,Cold
31887,Europe,Temperate
31888,Africa,Cold
31889,America,Temperate
31890,Africa,Hot
31891,America,Cold
31892,Africa,Temperate
31893,Asia,Temperate
31894,Africa,Temperate
31895,Africa,Cold
31896,Europe,Hot
31897,Asia,Temperate
31898,America,Temperate
31899,Europe,Cold
31900,Africa,Temperate
31901,Europe,Temperate
31902,America,Cold
31903,America,Hot
31904,Europe,Cold
31905,Asia,Cold
31906,America,Cold
31907,Asia,Cold
31908,America,Temperate
31909,Asia,Hot
31910,America,Temperate
31911,Europe,Hot
31912,Asia,Temperate
31913,Europe,Temperate
31914,Europe,Cold
31915,America,Cold
31916,Africa,Temperate
31917,Europe,Cold
31918,Africa,Hot
31919,America,Cold
31920,Europe,Temperate
31921,Africa,Temperate
31922,Asia,Temperate
31923,Africa,Temperate
31924,Europe,Hot
31925,Africa,Temperate
31926,America,Cold
31927,Africa,Temperate
31928,Asia,Temperate
31929,Africa,Cold
31930,Asia,Hot
31931,Africa,Cold
31932,America,Hot
31933,America,Temperate
31934,Africa,Hot
31935,Europe,Temperate
31936,Europe,Hot
31937,Asia,Temperate
31938,Asia,Cold
31939,Europe,Temperate
31940,Asia,Temperate
31941,Europe,Temperate
31942,Africa,Temperate
31943,Asia,Hot
31944,Africa,Hot
31945,Europe,Cold
31946,Asia,Hot
31947,Asia,Cold
31948,Asia,Temperate
31949,Asia,Hot
31950,Africa,Cold
31951,Asia,Temperate
31952,Asia,Cold
31953,America,Cold
31954,Asia,Cold
31955,Asia,Hot
31956,America,Hot
31957,Europe,Cold
31958,Africa,Cold
31959,Europe,Cold
31960,America,Cold
31961,America,Cold
31962,Africa,Hot
31963,Asia,Cold
31964,Asia,Cold
31965,Europe,Cold
31966,America,Cold
31967,Africa,Temperate
31968,America,Cold
31969,Asia,Temperate
31970,America,Temperate
31971,Africa,Cold
31972,America,Cold
31973,Africa,Temperate
31974,Africa,Cold
31975,Africa,Temperate
31976,Europe,Temperate
31977,Asia,Hot
31978,Asia,Cold
31979,Asia,Temperate
31980,Africa,Temperate
31981,Africa,Cold
31982,America,Temperate
31983,Africa,Cold
31984,Africa,Hot
31985,Europe,Cold
31986,Africa,Hot
31987,Africa,Cold
31988,Africa,Hot
31989,Africa,Temperate
31990,America,Hot
31991,Europe,Cold
31992,Africa,Temperate
31993,Asia,Temperate
31994,Africa,Cold
31995,Europe,Cold
31996,Africa,Temperate
31997,Asia,Temperate
31998,America,Cold
31999,Africa,Temperate
32000,Europe,Temperate
32001,Africa,Cold
32002,Europe,Hot
32003,Africa,Cold
32004,Africa,Temperate
32005,America,Temperate
32006,America,Temperate
32007,Africa,Temperate
32008,Europe,Temperate
32009,Asia,Temperate
32010,America,Hot
32011,Africa,Temperate
32012,Europe,Cold
32013,Africa,Hot
32014,Africa,Temperate
32015,America,Cold
32016,Europe,Hot
32017,Africa,Cold
32018,America,Temperate
32019,Europe,Cold
32020,Europe,Hot
32021,Africa,Cold
32022,Africa,Cold
32023,Europe,Temperate
32024,Europe,Cold
32025,America,Hot
32026,Asia,Hot
32027,Europe,Temperate
32028,Africa,Temperate
32029,Europe,Cold
32030,Africa,Hot
32031,Asia,Temperate
32032,Europe,Hot
32033,Africa,Cold
32034,Africa,Temperate
32035,Africa,Hot
32036,America,Hot
32037,Africa,Hot
32038,Asia,Cold
32039,Africa,Hot
32040,Europe,Temperate
32041,Asia,Cold
32042,Africa,Cold
32043,Asia,Temperate
32044,Europe,Temperate
32045,Asia,Cold
32046,America,Hot
32047,America,Cold
32048,Asia,Temperate
32049,Africa,Cold
32050,Africa,Temperate
32051,Africa,Cold
32052,Africa,Temperate
32053,Europe,Cold
32054,Europe,Hot
32055,America,Temperate
32056,Asia,Temperate
32057,Europe,Hot
32058,America,Hot
32059,Africa,Hot
32060,America,Hot
32061,Europe,Hot
32062,Asia,Hot
32063,Europe,Cold
32064,Asia,Cold
32065,Asia,Cold
32066,Africa,Temperate
32067,Asia,Temperate
32068,Asia,Hot
32069,Africa,Temperate
32070,America,Cold
32071,Asia,Cold
32072,Europe,Temperate
32073,Europe,Cold
32074,America,Cold
32075,America,Temperate
32076,Europe,Cold
32077,Asia,Cold
32078,Asia,Temperate
32079,Africa,Temperate
32080,America,Temperate
32081,Asia,Hot
32082,America,Cold
32083,Asia,Cold
32084,America,Cold
32085,Europe,Temperate
32086,Europe,Cold
32087,Asia,Hot
32088,Africa,Cold
32089,America,Cold
32090,Europe,Cold
32091,America,Temperate
32092,Asia,Temperate
32093,Africa,Temperate
32094,Africa,Temperate
32095,Asia,Temperate
32096,Europe,Hot
32097,Africa,Cold
32098,Africa,Hot
32099,Africa,Temperate
32100,America,Hot
32101,America,Cold
32102,Europe,Temperate
32103,Asia,Temperate
32104,America,Cold
32105,Africa,Temperate
32106,Europe,Hot
32107,America,Cold
32108,Europe,Temperate
32109,Africa,Temperate
32110,Europe,Cold
32111,Africa,Temperate
32112,Europe,Hot
32113,Asia,Temperate
32114,Europe,Cold
32115,Asia,Temperate
32116,Asia,Temperate
32117,Africa,Temperate
32118,Europe,Cold
32119,America,Temperate
32120,Asia,Temperate
32121,Africa,Hot
32122,America,Hot
32123,Europe,Cold
32124,Asia,Hot
32125,Europe,Cold
32126,Europe,Cold
32127,America,Temperate
32128,Africa,Hot
32129,Africa,Hot
32130,America,Hot
32131,Africa,Hot
32132,Europe,Hot
32133,America,Temperate
32134,Asia,Hot
32135,America,Temperate
32136,America,Temperate
32137,America,Hot
32138,Europe,Cold
32139,America,Cold
32140,Europe,Hot
32141,Africa,Cold
32142,Europe,Cold
32143,Asia,Temperate
32144,Africa,Hot
32145,America,Hot
32146,Europe,Temperate
32147,Asia,Hot
32148,America,Temperate
32149,Europe,Cold
32150,Africa,Cold
32151,Europe,Temperate
32152,Asia,Hot
32153,Europe,Hot
32154,Asia,Cold
32155,Europe,Hot
32156,Asia,Temperate
32157,Europe,Hot
32158,Europe,Temperate
32159,Europe,Cold
32160,Asia,Hot
32161,America,Cold
32162,Europe,Cold
32163,Europe,Hot
32164,Africa,Cold
32165,Europe,Cold
32166,Europe,Temperate
32167,America,Cold
32168,Asia,Hot
32169,Africa,Hot
32170,Africa,Cold
32171,Africa,Temperate
32172,America,Cold
32173,Africa,Cold
32174,Asia,Cold
32175,Europe,Temperate
32176,Europe,Temperate
32177,Asia,Temperate
32178,Asia,Hot
32179,Asia,Cold
32180,America,Temperate
32181,Europe,Hot
32182,America,Cold
32183,Europe,Cold
32184,Asia,Temperate
32185,Africa,Temperate
32186,Asia,Temperate
32187,Asia,Temperate
32188,America,Temperate
32189,Africa,Hot
32190,America,Hot
32191,Africa,Cold
32192,Africa,Temperate
32193,Africa,Cold
32194,Asia,Temperate
32195,America,Hot
32196,Asia,Cold
32197,Europe,Hot
32198,America,Cold
32199,Europe,Temperate
32200,Asia,Cold
32201,Europe,Cold
32202,Europe,Cold
32203,Europe,Cold
32204,America,Hot
32205,Africa,Hot
32206,Africa,Temperate
32207,America,Cold
32208,Africa,Hot
32209,Asia,Temperate
32210,America,Hot
32211,America,Hot
32212,Africa,Hot
32213,America,Temperate
32214,Europe,Cold
32215,America,Hot
32216,America,Cold
32217,America,Cold
32218,Asia,Hot
32219,Asia,Cold
32220,Europe,Cold
32221,Europe,Cold
32222,Africa,Temperate
32223,Europe,Temperate
32224,America,Hot
32225,Africa,Hot
32226,Asia,Hot
32227,Africa,Hot
32228,Asia,Hot
32229,America,Temperate
32230,America,Hot
32231,Asia,Hot
32232,Africa,Hot
32233,Asia,Temperate
32234,Europe,Cold
32235,America,Hot
32236,Asia,Temperate
32237,Africa,Cold
32238,Asia,Temperate
32239,Africa,Cold
32240,America,Temperate
32241,Africa,Hot
32242,America,Cold
32243,America,Temperate
32244,Africa,Cold
32245,Asia,Hot
32246,Europe,Hot
32247,Asia,Temperate
32248,Africa,Hot
32249,America,Temperate
32250,Africa,Hot
32251,Asia,Temperate
32252,Africa,Hot
32253,America,Cold
32254,Africa,Cold
32255,America,Hot
32256,America,Cold
32257,Africa,Cold
32258,Asia,Temperate
32259,Asia,Hot
32260,Europe,Hot
32261,Europe,Temperate
32262,Asia,Cold
32263,America,Cold
32264,Africa,Temperate
32265,Africa,Temperate
32266,Africa,Cold
32267,America,Hot
32268,Asia,Temperate
32269,Asia,Hot
32270,America,Cold
32271,America,Cold
32272,Asia,Temperate
32273,Africa,Cold
32274,Africa,Hot
32275,Africa,Temperate
32276,Asia,Temperate
32277,Africa,Cold
32278,America,Hot
32279,Asia,Cold
32280,Asia,Hot
32281,Africa,Hot
32282,Europe,Temperate
32283,Asia,Cold
32284,America,Cold
32285,Asia,Temperate
32286,Africa,Cold
32287,America,Hot
32288,Europe,Hot
32289,Europe,Cold
32290,Africa,Temperate
32291,America,Hot
32292,America,Cold
32293,Europe,Cold
32294,Africa,Hot
32295,Africa,Hot
32296,Europe,Cold
32297,Asia,Hot
32298,Europe,Temperate
32299,America,Hot
32300,Asia,Temperate
32301,Asia,Temperate
32302,Asia,Hot
32303,America,Temperate
32304,Europe,Cold
32305,Asia,Cold
32306,Africa,Cold
32307,Africa,Cold
32308,Asia,Cold
32309,Europe,Hot
32310,America,Cold
32311,Asia,Hot
32312,America,Cold
32313,Africa,Cold
32314,Africa,Temperate
32315,Asia,Temperate
32316,America,Cold
32317,Europe,Temperate
32318,Africa,Temperate
32319,America,Hot
32320,Europe,Cold
32321,America,Hot
32322,Africa,Temperate
32323,Africa,Temperate
32324,Asia,Hot
32325,America,Hot
32326,Africa,Temperate
32327,America,Temperate
32328,Asia,Cold
32329,Africa,Temperate
32330,Africa,Hot
32331,Europe,Hot
32332,Asia,Hot
32333,America,Hot
32334,America,Temperate
32335,Europe,Hot
32336,Asia,Temperate
32337,America,Temperate
32338,America,Cold
32339,Europe,Cold
32340,Africa,Hot
32341,America,Cold
32342,Asia,Cold
32343,America,Temperate
32344,America,Temperate
32345,Asia,Cold
32346,Asia,Cold
32347,Africa,Cold
32348,America,Cold
32349,Africa,Cold
32350,Asia,Cold
32351,Europe,Hot
32352,Europe,Cold
32353,Africa,Temperate
32354,America,Temperate
32355,Africa,Hot
32356,America,Cold
32357,Europe,Hot
32358,Europe,Hot
32359,Africa,Cold
32360,America,Temperate
32361,America,Hot
32362,America,Hot
32363,America,Hot
32364,Europe,Hot
32365,Europe,Hot
32366,Europe,Temperate
32367,Africa,Cold
32368,Europe,Temperate
32369,Asia,Temperate
32370,Africa,Cold
32371,Asia,Hot
32372,America,Cold
32373,Asia,Hot
32374,America,Cold
32375,Europe,Temperate
32376,Asia,Cold
32377,Africa,Temperate
32378,America,Cold
32379,Africa,Cold
32380,Africa,Hot
32381,Africa,Cold
32382,Europe,Hot
32383,Africa,Temperate
32384,Asia,Hot
32385,Europe,Hot
32386,America,Hot
32387,America,Cold
32388,Africa,Cold
32389,America,Temperate
32390,America,Temperate
32391,Asia,Temperate
32392,Asia,Temperate
32393,Africa,Temperate
32394,Africa,Temperate
32395,Asia,Cold
32396,Asia,Cold
32397,Africa,Cold
32398,Asia,Cold
32399,Africa,Temperate
32400,Europe,Hot
32401,Europe,Cold
32402,America,Cold
32403,America,Temperate
32404,Africa,Temperate
32405,Africa,Cold
32406,Africa,Temperate
32407,America,Temperate
32408,Asia,Temperate
32409,Asia,Temperate
32410,America,Temperate
32411,Europe,Cold
32412,Africa,Temperate
32413,Africa,Hot
32414,America,Hot
32415,Africa,Temperate
32416,Asia,Hot
32417,Africa,Hot
32418,Asia,Temperate
32419,America,Cold
32420,Europe,Cold
32421,Africa,Cold
32422,America,Temperate
32423,Africa,Hot
32424,Asia,Cold
32425,Africa,Hot
32426,America,Temperate
32427,America,Cold
32428,Asia,Cold
32429,Africa,Hot
32430,Europe,Hot
32431,America,Cold
32432,Africa,Cold
32433,Asia,Hot
32434,America,Hot
32435,Africa,Temperate
32436,Asia,Cold
32437,Africa,Hot
32438,Asia,Hot
32439,Africa,Hot
32440,Europe,Cold
32441,Africa,Hot
32442,Asia,Cold
32443,Europe,Temperate
32444,Europe,Cold
32445,America,Hot
32446,America,Temperate
32447,America,Hot
32448,Asia,Cold
32449,Asia,Temperate
32450,Africa,Temperate
32451,Europe,Cold
32452,Asia,Temperate
32453,Africa,Cold
32454,Africa,Temperate
32455,Asia,Hot
32456,Europe,Temperate
32457,Asia,Cold
32458,Africa,Temperate
32459,Asia,Cold
32460,America,Cold
32461,Africa,Hot
32462,Asia,Cold
32463,Asia,Cold
32464,Europe,Cold
32465,Europe,Cold
32466,America,Hot
32467,Africa,Hot
32468,America,Temperate
32469,America,Temperate
32470,America,Hot
32471,Europe,Hot
32472,Asia,Temperate
32473,America,Cold
32474,Europe,Hot
32475,Asia,Temperate
32476,Asia,Temperate
32477,Africa,Temperate
32478,Europe,Hot
32479,America,Temperate
32480,Africa,Hot
32481,Asia,Hot
32482,America,Temperate
32483,America,Cold
32484,Asia,Cold
32485,Africa,Hot
32486,Africa,Cold
32487,Africa,Cold
32488,Asia,Temperate
32489,Europe,Cold
32490,Asia,Temperate
32491,Asia,Cold
32492,America,Hot
32493,Asia,Cold
32494,Asia,Temperate
32495,Europe,Temperate
32496,Asia,Cold
32497,America,Hot
32498,Africa,Hot
32499,America,Hot
32500,Europe,Hot
32501,America,Hot
32502,Africa,Cold
32503,Africa,Hot
32504,Asia,Cold
32505,America,Hot
32506,America,Temperate
32507,America,Temperate
32508,Europe,Temperate
32509,Asia,Hot
32510,Europe,Cold
32511,Europe,Temperate
32512,Africa,Cold
32513,Europe,Cold
32514,Africa,Temperate
32515,America,Hot
32516,Asia,Temperate
32517,Africa,Temperate
32518,Africa,Cold
32519,Europe,Hot
32520,America,Temperate
32521,Europe,Cold
32522,Africa,Hot
32523,Asia,Temperate
32524,America,Hot
32525,America,Cold
32526,Africa,Hot
32527,Asia,Hot
32528,Asia,Temperate
32529,Europe,Cold
32530,Asia,Hot
32531,Africa,Cold
32532,Europe,Hot
32533,America,Cold
32534,Europe,Temperate
32535,Europe,Hot
32536,Asia,Cold
32537,Africa,Hot
32538,America,Hot
32539,Africa,Temperate
32540,Europe,Temperate
32541,Asia,Cold
32542,Africa,Hot
32543,America,Temperate
32544,Asia,Temperate
32545,America,Cold
32546,America,Cold
32547,Europe,Hot
32548,Africa,Temperate
32549,Africa,Hot
32550,America,Cold
32551,Asia,Hot
32552,Asia,Temperate
32553,Europe,Hot
32554,Europe,Temperate
32555,Africa,Hot
32556,America,Hot
32557,Africa,Hot
32558,Europe,Cold
32559,Africa,Hot
32560,America,Cold
32561,Africa,Hot
32562,America,Cold
32563,Asia,Temperate
32564,Africa,Hot
32565,Asia,Temperate
32566,Europe,Temperate
32567,Europe,Temperate
32568,America,Hot
32569,Europe,Hot
32570,Asia,Cold
32571,America,Temperate
32572,America,Temperate
32573,America,Cold
32574,Europe,Cold
32575,America,Hot
32576,America,Temperate
32577,Asia,Hot
32578,America,Cold
32579,Africa,Temperate
32580,America,Cold
32581,America,Hot
32582,Asia,Cold
32583,Africa,Cold
32584,Europe,Hot
32585,Africa,Hot
32586,America,Cold
32587,Africa,Hot
32588,Europe,Hot
32589,Africa,Temperate
32590,Africa,Temperate
32591,America,Temperate
32592,Asia,Temperate
32593,America,Cold
32594,America,Hot
32595,Africa,Temperate
32596,Europe,Temperate
32597,Asia,Temperate
32598,America,Hot
32599,Africa,Cold
32600,America,Hot
32601,Europe,Cold
32602,America,Hot
32603,Asia,Temperate
32604,Asia,Hot
32605,Africa,Cold
32606,America,Cold
32607,Asia,Cold
32608,America,Hot
32609,Asia,Cold
32610,Europe,Hot
32611,Europe,Cold
32612,Asia,Cold
32613,Asia,Cold
32614,America,Hot
32615,America,Cold
32616,Asia,Temperate
32617,Asia,Cold
32618,America,Cold
32619,Asia,Hot
32620,Europe,Cold
32621,America,Hot
32622,Europe,Temperate
32623,America,Temperate
32624,Asia,Hot
32625,Africa,Cold
32626,America,Hot
32627,America,Temperate
32628,Africa,Cold
32629,Africa,Hot
32630,Europe,Hot
32631,Asia,Cold
32632,Africa,Cold
32633,America,Hot
32634,Africa,Cold
32635,Africa,Hot
32636,Asia,Hot
32637,Asia,Hot
32638,Europe,Cold
32639,Asia,Temperate
32640,Europe,Cold
32641,Africa,Hot
32642,Europe,Cold
32643,Europe,Temperate
32644,Asia,Temperate
32645,Africa,Hot
32646,Europe,Cold
32647,Africa,Temperate
32648,America,Hot
32649,America,Temperate
32650,America,Temperate
32651,Africa,Hot
32652,America,Cold
32653,Asia,Hot
32654,Africa,Cold
32655,America,Hot
32656,America,Hot
32657,Europe,Hot
32658,Africa,Cold
32659,America,Cold
32660,Africa,Temperate
32661,Africa,Hot
32662,Asia,Temperate
32663,America,Hot
32664,Asia,Temperate
32665,America,Cold
32666,Africa,Cold
32667,Africa,Hot
32668,Africa,Cold
32669,Africa,Temperate
32670,America,Cold
32671,Europe,Cold
32672,Africa,Temperate
32673,America,Cold
32674,Africa,Temperate
32675,Europe,Cold
32676,America,Hot
32677,Africa,Cold
32678,Asia,Hot
32679,Europe,Cold
32680,Asia,Temperate
32681,Asia,Temperate
32682,Africa,Cold
32683,Asia,Hot
32684,America,Temperate
32685,Europe,Hot
32686,America,Temperate
32687,Asia,Temperate
32688,America,Temperate
32689,Europe,Temperate
32690,Asia,Cold
32691,Europe,Hot
32692,Africa,Temperate
32693,Africa,Hot
32694,America,Temperate
32695,America,Cold
32696,Asia,Cold
32697,Asia,Temperate
32698,Africa,Hot
32699,Africa,Cold
32700,Europe,Hot
32701,Africa,Temperate
32702,Africa,Hot
32703,Europe,Hot
32704,Africa,Hot
32705,America,Cold
32706,Europe,Cold
32707,Africa,Temperate
32708,Europe,Hot
32709,Africa,Hot
32710,Africa,Hot
32711,Asia,Hot
32712,Europe,Temperate
32713,America,Temperate
32714,Africa,Cold
32715,America,Cold
32716,Asia,Hot
32717,America,Cold
32718,Asia,Hot
32719,Europe,Temperate
32720,Asia,Hot
32721,Africa,Cold
32722,Asia,Hot
32723,Europe,Temperate
32724,Europe,Hot
32725,Africa,Hot
32726,Africa,Cold
32727,America,Cold
32728,Africa,Temperate
32729,Asia,Cold
32730,Africa,Temperate
32731,America,Temperate
32732,Africa,Hot
32733,America,Temperate
32734,Africa,Hot
32735,Europe,Temperate
32736,Africa,Hot
32737,Asia,Temperate
32738,Europe,Cold
32739,Africa,Hot
32740,Africa,Cold
32741,Europe,Cold
32742,Europe,Cold
32743,Europe,Cold
32744,Asia,Temperate
32745,Africa,Hot
32746,America,Hot
32747,Africa,Hot
32748,Africa,Cold
32749,Europe,Hot
32750,America,Temperate
32751,Africa,Hot
32752,Africa,Hot
32753,Europe,Temperate
32754,Africa,Cold
32755,Asia,Temperate
32756,Africa,Hot
32757,Asia,Hot
32758,Europe,Cold
32759,Africa,Hot
32760,Asia,Temperate
32761,Africa,Hot
32762,Europe,Hot
32763,Europe,Temperate
32764,Africa,Cold
32765,Europe,Hot
32766,Asia,Temperate
32767,Europe,Hot
32768,Europe,Cold
32769,Asia,Temperate
32770,Africa,Hot
32771,Europe,Cold
32772,Africa,Temperate
32773,Asia,Hot
32774,Africa,Cold
32775,Europe,Cold
32776,Europe,Cold
32777,Europe,Cold
32778,Asia,Hot
32779,Europe,Temperate
32780,Africa,Temperate
32781,America,Hot
32782,America,Cold
32783,Europe,Cold
32784,Asia,Hot
32785,Africa,Hot
32786,Africa,Cold
32787,Asia,Temperate
32788,Africa,Hot
32789,Europe,Cold
32790,Africa,Hot
32791,America,Hot
32792,Asia,Cold
32793,Africa,Hot
32794,Africa,Hot
32795,Asia,Cold
32796,Africa,Temperate
32797,Asia,Hot
32798,Europe,Hot
32799,Asia,Hot
32800,Africa,Hot
32801,Africa,Hot
32802,Europe,Temperate
32803,Africa,Cold
32804,America,Cold
32805,America,Temperate
32806,Africa,Cold
32807,Africa,Temperate
32808,Africa,Temperate
32809,Asia,Cold
32810,Africa,Hot
32811,Asia,Cold
32812,Africa,Cold
32813,Africa,Temperate
32814,Africa,Cold
32815,Europe,Temperate
32816,Asia,Cold
32817,Europe,Temperate
32818,Africa,Temperate
32819,Europe,Cold
32820,Europe,Temperate
32821,America,Hot
32822,Europe,Cold
32823,Asia,Cold
32824,Africa,Cold
32825,Africa,Temperate
32826,America,Hot
32827,America,Hot
32828,Asia,Hot
32829,Asia,Cold
32830,Africa,Temperate
32831,Africa,Hot
32832,Europe,Cold
32833,Asia,Cold
32834,America,Hot
32835,Africa,Cold
32836,Africa,Hot
32837,Europe,Temperate
32838,America,Cold
32839,Africa,Cold
32840,Asia,Temperate
32841,Asia,Temperate
32842,Asia,Temperate
32843,Europe,Hot
32844,Europe,Temperate
32845,Asia,Hot
32846,America,Cold
32847,Africa,Hot
32848,Africa,Temperate
32849,Africa,Temperate
32850,Asia,Temperate
32851,Asia,Cold
32852,Asia,Cold
32853,Europe,Temperate
32854,Europe,Temperate
32855,Asia,Hot
32856,Asia,Cold
32857,America,Cold
32858,Africa,Temperate
32859,Europe,Hot
32860,Africa,Temperate
32861,Asia,Cold
32862,Asia,Temperate
32863,America,Cold
32864,America,Cold
32865,Europe,Hot
32866,Europe,Hot
32867,Africa,Hot
32868,Africa,Temperate
32869,Europe,Hot
32870,Asia,Temperate
32871,Europe,Cold
32872,Africa,Temperate
32873,Europe,Hot
32874,Africa,Hot
32875,Africa,Temperate
32876,Africa,Hot
32877,America,Hot
32878,Asia,Cold
32879,Africa,Hot
32880,Asia,Hot
32881,Asia,Hot
32882,Europe,Temperate
32883,America,Temperate
32884,America,Hot
32885,Asia,Hot
32886,Asia,Cold
32887,Europe,Cold
32888,Europe,Hot
32889,Africa,Hot
32890,America,Hot
32891,America,Cold
32892,Asia,Temperate
32893,Africa,Temperate
32894,Asia,Cold
32895,Asia,Cold
32896,Africa,Temperate
32897,America,Temperate
32898,Asia,Cold
32899,Asia,Hot
32900,Europe,Cold
32901,America,Hot
32902,Asia,Temperate
32903,Africa,Temperate
32904,Asia,Temperate
32905,Europe,Hot
32906,America,Hot
32907,America,Cold
32908,Europe,Hot
32909,Europe,Temperate
32910,Africa,Temperate
32911,Europe,Hot
32912,Asia,Temperate
32913,America,Cold
32914,America,Cold
32915,Asia,Cold
32916,Asia,Hot
32917,Asia,Hot
32918,Africa,Temperate
32919,Africa,Temperate
32920,Asia,Cold
32921,America,Temperate
32922,America,Temperate
32923,Asia,Cold
32924,America,Cold
32925,Europe,Cold
32926,Africa,Temperate
32927,Asia,Hot
32928,Europe,Temperate
32929,Africa,Cold
32930,Asia,Hot
32931,Europe,Cold
32932,Africa,Hot
32933,America,Cold
32934,Africa,Cold
32935,Africa,Cold
32936,Asia,Hot
32937,Africa,Hot
32938,Asia,Hot
32939,America,Temperate
32940,Asia,Temperate
32941,Africa,Cold
32942,Asia,Cold
32943,America,Cold
32944,Asia,Temperate
32945,Europe,Temperate
32946,Africa,Temperate
32947,Europe,Temperate
32948,Europe,Hot
32949,Africa,Hot
32950,Asia,Cold
32951,America,Temperate
32952,Europe,Temperate
32953,America,Cold
32954,Asia,Cold
32955,Asia,Hot
32956,Europe,Hot
32957,America,Cold
32958,Asia,Cold
32959,Africa,Hot
32960,Europe,Cold
32961,Asia,Cold
32962,Europe,Hot
32963,Europe,Hot
32964,Africa,Hot
32965,Asia,Cold
32966,Africa,Hot
32967,Europe,Hot
32968,Asia,Hot
32969,America,Cold
32970,Europe,Hot
32971,Asia,Cold
32972,Africa,Hot
32973,Europe,Cold
32974,Asia,Temperate
32975,Africa,Temperate
32976,America,Cold
32977,Africa,Temperate
32978,Europe,Cold
32979,Africa,Hot
32980,Asia,Temperate
32981,Europe,Temperate
32982,Europe,Temperate
32983,Asia,Cold
32984,Africa,Hot
32985,Asia,Cold
32986,Asia,Cold
32987,Europe,Cold
32988,Europe,Temperate
32989,Asia,Cold
32990,America,Cold
32991,America,Hot
32992,America,Hot
32993,America,Cold
32994,Africa,Temperate
32995,Europe,Temperate
32996,America,Cold
32997,Asia,Cold
32998,Europe,Temperate
32999,Africa,Hot
33000,Europe,Hot
33001,America,Cold
33002,Africa,Hot
33003,Africa,Temperate
33004,Asia,Hot
33005,Asia,Cold
33006,Africa,Hot
33007,Europe,Hot
33008,Asia,Hot
33009,America,Temperate
33010,Africa,Hot
33011,Europe,Hot
33012,Europe,Temperate
33013,Asia,Hot
33014,Europe,Cold
33015,Asia,Hot
33016,Europe,Hot
33017,Europe,Cold
33018,Africa,Cold
33019,Europe,Hot
33020,Europe,Temperate
33021,Europe,Cold
33022,America,Cold
33023,Asia,Hot
33024,America,Temperate
33025,Africa,Cold
33026,Africa,Temperate
33027,America,Cold
33028,Europe,Cold
33029,Africa,Hot
33030,Europe,Hot
33031,Asia,Temperate
33032,Europe,Hot
33033,America,Cold
33034,Europe,Hot
33035,Europe,Hot
33036,Europe,Temperate
33037,Asia,Temperate
33038,Africa,Hot
33039,Europe,Temperate
33040,Africa,Cold
33041,Europe,Temperate
33042,Africa,Cold
33043,Asia,Hot
33044,Africa,Hot
33045,Africa,Temperate
33046,Asia,Cold
33047,Africa,Hot
33048,Europe,Hot
33049,America,Cold
33050,Europe,Hot
33051,Asia,Hot
33052,Asia,Cold
33053,Asia,Hot
33054,Europe,Temperate
33055,America,Hot
33056,Africa,Temperate
33057,America,Cold
33058,Asia,Cold
33059,America,Cold
33060,America,Temperate
33061,Europe,Hot
33062,America,Cold
33063,Africa,Temperate
33064,Europe,Temperate
33065,Africa,Temperate
33066,America,Hot
33067,Asia,Cold
33068,Asia,Temperate
33069,Europe,Hot
33070,Africa,Temperate
33071,America,Hot
33072,Europe,Temperate
33073,Africa,Temperate
33074,Europe,Temperate
33075,Africa,Cold
33076,Asia,Hot
33077,Europe,Hot
33078,America,Hot
33079,Africa,Hot
33080,America,Hot
33081,Europe,Cold
33082,Europe,Temperate
33083,Africa,Cold
33084,Africa,Temperate
33085,Europe,Hot
33086,Europe,Temperate
33087,Africa,Temperate
33088,Asia,Temperate
33089,America,Temperate
33090,America,Temperate
33091,Europe,Cold
33092,Europe,Hot
33093,Africa,Cold
33094,America,Hot
33095,America,Temperate
33096,Europe,Hot
33097,Asia,Temperate
33098,Europe,Temperate
33099,Europe,Temperate
33100,Europe,Cold
33101,America,Temperate
33102,Asia,Cold
33103,Asia,Cold
33104,America,Temperate
33105,Asia,Cold
33106,America,Cold
33107,Africa,Cold
33108,Africa,Temperate
33109,America,Temperate
33110,America,Temperate
33111,America,Cold
33112,America,Hot
33113,America,Cold
33114,America,Hot
33115,Asia,Temperate
33116,Africa,Temperate
33117,Africa,Hot
33118,Europe,Hot
33119,Africa,Cold
33120,Africa,Temperate
33121,Europe,Hot
33122,Europe,Cold
33123,America,Temperate
33124,America,Cold
33125,Africa,Cold
33126,Europe,Hot
33127,America,Cold
33128,Asia,Hot
33129,America,Cold
33130,America,Hot
33131,Europe,Cold
33132,Africa,Cold
33133,Africa,Cold
33134,Asia,Hot
33135,Africa,Cold
33136,Europe,Temperate
33137,Asia,Hot
33138,Africa,Cold
33139,Europe,Temperate
33140,Europe,Hot
33141,America,Cold
33142,Africa,Hot
33143,America,Hot
33144,Africa,Cold
33145,Africa,Temperate
33146,America,Hot
33147,America,Cold
33148,America,Cold
33149,Africa,Hot
33150,Europe,Hot
33151,Africa,Temperate
33152,America,Temperate
33153,Europe,Temperate
33154,Europe,Hot
33155,Europe,Cold
33156,America,Hot
33157,Africa,Hot
33158,Europe,Hot
33159,Asia,Hot
33160,Africa,Temperate
33161,Asia,Cold
33162,Africa,Temperate
33163,Africa,Cold
33164,Asia,Temperate
33165,Africa,Hot
33166,America,Temperate
33167,Africa,Hot
33168,Europe,Cold
33169,America,Temperate
33170,Africa,Temperate
33171,Asia,Hot
33172,Asia,Hot
33173,Africa,Hot
33174,Europe,Cold
33175,Asia,Hot
33176,America,Cold
33177,America,Temperate
33178,Africa,Temperate
33179,Africa,Cold
33180,Asia,Cold
33181,Europe,Hot
33182,America,Hot
33183,Europe,Cold
33184,Asia,Hot
33185,Asia,Cold
33186,Asia,Temperate
33187,Asia,Temperate
33188,America,Temperate
33189,Europe,Cold
33190,Asia,Temperate
33191,America,Hot
33192,Europe,Temperate
33193,Europe,Temperate
33194,Europe,Cold
33195,America,Hot
33196,Africa,Temperate
33197,Africa,Cold
33198,Africa,Cold
33199,Asia,Temperate
33200,Africa,Hot
33201,Africa,Cold
33202,America,Temperate
33203,Asia,Hot
33204,America,Hot
33205,America,Temperate
33206,Africa,Cold
33207,Europe,Temperate
33208,Europe,Hot
33209,Asia,Cold
33210,America,Temperate
33211,Asia,Temperate
33212,Europe,Hot
33213,America,Temperate
33214,America,Cold
33215,Asia,Cold
33216,America,Cold
33217,America,Temperate
33218,Asia,Hot
33219,Asia,Cold
33220,America,Cold
33221,America,Cold
33222,Asia,Hot
33223,Europe,Hot
33224,America,Hot
33225,Asia,Hot
33226,Africa,Hot
33227,Asia,Temperate
33228,Asia,Hot
33229,Europe,Cold
33230,Africa,Temperate
33231,America,Hot
33232,Asia,Cold
33233,Asia,Hot
33234,Europe,Cold
33235,Asia,Cold
33236,Asia,Temperate
33237,America,Hot
33238,Asia,Cold
33239,Europe,Hot
33240,Asia,Hot
33241,Africa,Cold
33242,Asia,Hot
33243,Europe,Temperate
33244,Africa,Temperate
33245,Europe,Temperate
33246,Asia,Cold
33247,Asia,Hot
33248,Europe,Cold
33249,America,Cold
33250,Asia,Hot
33251,Africa,Temperate
33252,Europe,Hot
33253,Asia,Hot
33254,Africa,Cold
33255,Asia,Temperate
33256,Asia,Temperate
33257,America,Temperate
33258,America,Cold
33259,Europe,Hot
33260,Africa,Hot
33261,Africa,Temperate
33262,Africa,Temperate
33263,Asia,Hot
33264,Asia,Cold
33265,Europe,Temperate
33266,Europe,Temperate
33267,Asia,Temperate
33268,Asia,Cold
33269,Africa,Hot
33270,Asia,Cold
33271,Africa,Hot
33272,Europe,Hot
33273,Asia,Cold
33274,Asia,Cold
33275,Africa,Hot
33276,Europe,Cold
33277,America,Cold
33278,Asia,Cold
33279,Africa,Cold
33280,Asia,Temperate
33281,America,Cold
33282,America,Hot
33283,Europe,Cold
33284,Africa,Temperate
33285,America,Hot
33286,Africa,Temperate
33287,Africa,Hot
33288,Europe,Temperate
33289,America,Temperate
33290,Africa,Temperate
33291,Europe,Cold
33292,Asia,Hot
33293,Asia,Hot
33294,America,Hot
33295,Africa,Cold
33296,Asia,Temperate
33297,Asia,Cold
33298,Asia,Cold
33299,America,Cold
33300,Africa,Hot
33301,Africa,Cold
33302,America,Temperate
33303,Europe,Hot
33304,America,Cold
33305,America,Cold
33306,Asia,Hot
33307,Europe,Cold
33308,Europe,Cold
33309,America,Cold
33310,Asia,Temperate
33311,America,Hot
33312,Europe,Temperate
33313,Africa,Temperate
33314,Asia,Cold
33315,Asia,Temperate
33316,Asia,Cold
33317,America,Hot
33318,Africa,Temperate
33319,Europe,Temperate
33320,Africa,Hot
33321,Europe,Cold
33322,Africa,Cold
33323,Africa,Temperate
33324,Asia,Hot
33325,Africa,Hot
33326,Africa,Temperate
33327,Europe,Cold
33328,Europe,Temperate
33329,Africa,Temperate
33330,Asia,Hot
33331,Asia,Temperate
33332,Europe,Cold
33333,America,Temperate
33334,Europe,Cold
33335,Asia,Cold
33336,America,Hot
33337,Europe,Temperate
33338,Europe,Cold
33339,America,Hot
33340,Europe,Temperate
33341,Asia,Hot
33342,America,Cold
33343,Asia,Hot
33344,Africa,Temperate
33345,Europe,Hot
33346,Africa,Hot
33347,Africa,Temperate
33348,Africa,Hot
33349,Europe,Temperate
33350,America,Temperate
33351,Asia,Cold
33352,Europe,Cold
33353,Asia,Cold
33354,America,Hot
33355,Europe,Cold
33356,Asia,Hot
33357,Africa,Temperate
33358,Europe,Cold
33359,Asia,Temperate
33360,Africa,Cold
33361,America,Cold
33362,Africa,Cold
33363,Africa,Hot
33364,Africa,Hot
33365,Asia,Hot
33366,Asia,Temperate
33367,America,Cold
33368,Africa,Temperate
33369,Africa,Temperate
33370,Africa,Temperate
33371,Africa,Temperate
33372,Africa,Hot
33373,Europe,Hot
33374,America,Hot
33375,Asia,Hot
33376,Asia,Cold
33377,Europe,Hot
33378,Asia,Hot
33379,Africa,Cold
33380,Asia,Hot
33381,Africa,Temperate
33382,America,Hot
33383,Asia,Temperate
33384,Europe,Hot
33385,Asia,Temperate
33386,Africa,Hot
33387,Europe,Cold
33388,Africa,Temperate
33389,America,Hot
33390,Asia,Temperate
33391,America,Temperate
33392,America,Hot
33393,Europe,Hot
33394,Africa,Cold
33395,Asia,Hot
33396,Europe,Hot
33397,Asia,Hot
33398,America,Temperate
33399,Europe,Hot
33400,America,Cold
33401,Asia,Cold
33402,America,Hot
33403,America,Temperate
33404,Europe,Cold
33405,America,Hot
33406,America,Temperate
33407,Africa,Cold
33408,Asia,Temperate
33409,Asia,Cold
33410,America,Hot
33411,Asia,Hot
33412,Europe,Hot
33413,Europe,Temperate
33414,Asia,Cold
33415,Europe,Cold
33416,Africa,Hot
33417,America,Cold
33418,Asia,Hot
33419,Africa,Hot
33420,Asia,Hot
33421,Asia,Temperate
33422,Asia,Temperate
33423,Africa,Temperate
33424,Europe,Cold
33425,Africa,Hot
33426,Africa,Temperate
33427,Africa,Temperate
33428,America,Cold
33429,Asia,Temperate
33430,America,Temperate
33431,Europe,Temperate
33432,Europe,Temperate
33433,Europe,Hot
33434,Europe,Hot
33435,Africa,Hot
33436,America,Temperate
33437,America,Hot
33438,Europe,Cold
33439,America,Hot
33440,America,Temperate
33441,America,Hot
33442,America,Hot
33443,America,Cold
33444,Africa,Cold
33445,Africa,Temperate
33446,America,Hot
33447,America,Cold
33448,America,Hot
33449,Europe,Cold
33450,Europe,Hot
33451,America,Cold
33452,Africa,Cold
33453,Europe,Hot
33454,Asia,Temperate
33455,Europe,Cold
33456,Europe,Temperate
33457,Asia,Cold
33458,America,Temperate
33459,Europe,Temperate
33460,Europe,Cold
33461,America,Cold
33462,Europe,Hot
33463,Europe,Cold
33464,America,Temperate
33465,Europe,Hot
33466,America,Hot
33467,Europe,Hot
33468,America,Hot
33469,Asia,Temperate
33470,Europe,Cold
33471,Asia,Temperate
33472,Africa,Temperate
33473,Africa,Cold
33474,Asia,Hot
33475,Europe,Temperate
33476,Asia,Hot
33477,Asia,Cold
33478,America,Hot
33479,Asia,Cold
33480,Asia,Hot
33481,America,Cold
33482,America,Cold
33483,America,Cold
33484,Asia,Hot
33485,Europe,Temperate
33486,Africa,Hot
33487,Asia,Hot
33488,Europe,Hot
33489,America,Hot
33490,Asia,Temperate
33491,Asia,Temperate
33492,Asia,Cold
33493,America,Temperate
33494,America,Cold
33495,Africa,Temperate
33496,America,Cold
33497,America,Hot
33498,America,Temperate
33499,America,Cold
33500,Europe,Temperate
33501,Europe,Temperate
33502,Asia,Hot
33503,Europe,Temperate
33504,America,Temperate
33505,America,Hot
33506,Africa,Temperate
33507,America,Hot
33508,America,Cold
33509,Asia,Temperate
33510,America,Hot
33511,Asia,Temperate
33512,America,Hot
33513,Asia,Hot
33514,Asia,Cold
33515,Asia,Temperate
33516,Europe,Temperate
33517,America,Hot
33518,America,Cold
33519,Africa,Temperate
33520,Asia,Temperate
33521,America,Hot
33522,Africa,Temperate
33523,America,Cold
33524,Asia,Temperate
33525,Europe,Temperate
33526,Africa,Hot
33527,Africa,Hot
33528,Asia,Cold
33529,Asia,Temperate
33530,Africa,Hot
33531,America,Cold
33532,Europe,Cold
33533,America,Temperate
33534,Asia,Cold
33535,Asia,Temperate
33536,America,Hot
33537,Asia,Temperate
33538,Asia,Cold
33539,Africa,Temperate
33540,Africa,Hot
33541,America,Hot
33542,Asia,Cold
33543,Asia,Hot
33544,Europe,Temperate
33545,Asia,Temperate
33546,America,Hot
33547,Europe,Cold
33548,Europe,Cold
33549,Asia,Hot
33550,America,Cold
33551,Asia,Temperate
33552,Asia,Cold
33553,Europe,Cold
33554,Africa,Hot
33555,Europe,Hot
33556,Asia,Temperate
33557,America,Hot
33558,Europe,Hot
33559,Africa,Cold
33560,America,Temperate
33561,Africa,Cold
33562,Europe,Cold
33563,America,Hot
33564,Europe,Hot
33565,Asia,Cold
33566,Africa,Temperate
33567,Europe,Temperate
33568,America,Hot
33569,Europe,Temperate
33570,Europe,Hot
33571,Europe,Cold
33572,Asia,Temperate
33573,Asia,Hot
33574,Europe,Temperate
33575,America,Hot
33576,America,Temperate
33577,America,Temperate
33578,Asia,Hot
33579,Europe,Cold
33580,America,Hot
33581,Europe,Cold
33582,Africa,Hot
33583,Africa,Cold
33584,America,Cold
33585,America,Hot
33586,America,Cold
33587,Asia,Cold
33588,America,Hot
33589,Europe,Cold
33590,America,Cold
33591,America,Cold
33592,America,Hot
33593,Asia,Hot
33594,America,Cold
33595,Africa,Cold
33596,Asia,Temperate
33597,Europe,Temperate
33598,Asia,Cold
33599,Europe,Temperate
33600,Africa,Temperate
33601,America,Hot
33602,Africa,Hot
33603,Asia,Temperate
33604,Asia,Cold
33605,Europe,Temperate
33606,Asia,Hot
33607,Asia,Temperate
33608,Europe,Temperate
33609,Africa,Temperate
33610,Asia,Hot
33611,America,Temperate
33612,Asia,Cold
33613,Africa,Temperate
33614,Europe,Temperate
33615,Asia,Temperate
33616,Europe,Temperate
33617,Asia,Hot
33618,America,Temperate
33619,Europe,Hot
33620,America,Hot
33621,Asia,Cold
33622,Europe,Temperate
33623,Europe,Hot
33624,Asia,Hot
33625,Asia,Hot
33626,America,Temperate
33627,Asia,Temperate
33628,Asia,Cold
33629,Africa,Hot
33630,Asia,Hot
33631,Europe,Cold
33632,Asia,Cold
33633,America,Cold
33634,Asia,Hot
33635,Africa,Cold
33636,Africa,Temperate
33637,Africa,Cold
33638,Europe,Hot
33639,Africa,Temperate
33640,America,Hot
33641,Africa,Cold
33642,America,Cold
33643,Asia,Cold
33644,Europe,Cold
33645,Asia,Temperate
33646,America,Temperate
33647,Europe,Hot
33648,America,Hot
33649,Europe,Temperate
33650,Africa,Hot
33651,Asia,Hot
33652,Africa,Cold
33653,Europe,Hot
33654,America,Hot
33655,Europe,Cold
33656,Europe,Cold
33657,Africa,Hot
33658,Europe,Temperate
33659,Asia,Hot
33660,Asia,Hot
33661,Africa,Temperate
33662,Africa,Cold
33663,Asia,Hot
33664,Africa,Cold
33665,Asia,Hot
33666,Asia,Temperate
33667,Africa,Hot
33668,America,Temperate
33669,Africa,Temperate
33670,America,Temperate
33671,Africa,Cold
33672,Asia,Hot
33673,America,Hot
33674,Africa,Temperate
33675,Africa,Temperate
33676,Asia,Temperate
33677,America,Cold
33678,Africa,Hot
33679,Europe,Hot
33680,Europe,Hot
33681,Africa,Hot
33682,Asia,Temperate
33683,Asia,Temperate
33684,Africa,Cold
33685,Africa,Temperate
33686,Asia,Hot
33687,Asia,Temperate
33688,Asia,Temperate
33689,Africa,Cold
33690,Asia,Hot
33691,Africa,Cold
33692,America,Cold
33693,Europe,Cold
33694,America,Cold
33695,Europe,Temperate
33696,Africa,Hot
33697,Africa,Temperate
33698,America,Hot
33699,Africa,Hot
33700,Africa,Temperate
33701,Asia,Hot
33702,America,Hot
33703,Europe,Temperate
33704,America,Cold
33705,Africa,Hot
33706,Africa,Hot
33707,America,Hot
33708,Africa,Cold
33709,Africa,Temperate
33710,Africa,Cold
33711,Asia,Hot
33712,Africa,Cold
33713,Africa,Temperate
33714,Africa,Cold
33715,Africa,Hot
33716,Africa,Cold
33717,Africa,Temperate
33718,Africa,Hot
33719,Europe,Temperate
33720,America,Cold
33721,Europe,Cold
33722,Africa,Temperate
33723,America,Cold
33724,Europe,Temperate
33725,America,Cold
33726,Africa,Temperate
33727,America,Temperate
33728,America,Cold
33729,America,Cold
33730,America,Temperate
33731,Africa,Temperate
33732,Asia,Temperate
33733,Asia,Hot
33734,America,Cold
33735,Africa,Cold
33736,Africa,Temperate
33737,Asia,Temperate
33738,Africa,Cold
33739,America,Temperate
33740,America,Temperate
33741,Asia,Hot
33742,Africa,Cold
33743,America,Hot
33744,Asia,Hot
33745,Europe,Temperate
33746,Asia,Temperate
33747,Africa,Hot
33748,Europe,Temperate
33749,America,Hot
33750,Africa,Hot
33751,America,Hot
33752,Asia,Hot
33753,Africa,Cold
33754,Europe,Cold
33755,Europe,Cold
33756,America,Hot
33757,America,Hot
33758,Asia,Temperate
33759,America,Cold
33760,Africa,Temperate
33761,Europe,Cold
33762,Africa,Temperate
33763,Asia,Temperate
33764,Europe,Cold
33765,America,Cold
33766,Europe,Temperate
33767,Asia,Temperate
33768,America,Temperate
33769,Europe,Cold
33770,Europe,Hot
33771,Europe,Temperate
33772,America,Hot
33773,Asia,Cold
33774,Europe,Temperate
33775,Africa,Cold
33776,America,Hot
33777,America,Cold
33778,Europe,Temperate
33779,Europe,Temperate
33780,Europe,Cold
33781,Asia,Cold
33782,America,Temperate
33783,Africa,Cold
33784,Asia,Cold
33785,Asia,Temperate
33786,America,Cold
33787,Europe,Cold
33788,Asia,Temperate
33789,Europe,Hot
33790,America,Cold
33791,Africa,Hot
33792,Africa,Cold
33793,Africa,Temperate
33794,Europe,Temperate
33795,Asia,Cold
33796,Africa,Cold
33797,Asia,Hot
33798,Africa,Temperate
33799,Europe,Hot
33800,Europe,Temperate
33801,Europe,Temperate
33802,Africa,Hot
33803,Asia,Hot
33804,Europe,Temperate
33805,Asia,Cold
33806,Asia,Cold
33807,Africa,Cold
33808,Asia,Temperate
33809,Europe,Temperate
33810,America,Temperate
33811,America,Cold
33812,Europe,Hot
33813,Asia,Cold
33814,America,Temperate
33815,America,Cold
33816,Europe,Temperate
33817,America,Temperate
33818,Africa,Hot
33819,Europe,Hot
33820,Asia,Temperate
33821,America,Cold
33822,Asia,Cold
33823,Asia,Hot
33824,Asia,Temperate
33825,Africa,Hot
33826,America,Hot
33827,America,Temperate
33828,America,Hot
33829,Asia,Cold
33830,Europe,Hot
33831,America,Temperate
33832,America,Cold
33833,Africa,Cold
33834,Europe,Cold
33835,America,Hot
33836,Asia,Cold
33837,Africa,Temperate
33838,Africa,Cold
33839,Europe,Temperate
33840,America,Temperate
33841,America,Hot
33842,America,Cold
33843,Europe,Temperate
33844,Asia,Cold
33845,Africa,Temperate
33846,America,Hot
33847,America,Cold
33848,America,Cold
33849,Asia,Temperate
33850,Africa,Temperate
33851,America,Hot
33852,Europe,Hot
33853,America,Hot
33854,Asia,Cold
33855,America,Temperate
33856,Africa,Temperate
33857,Europe,Cold
33858,Europe,Cold
33859,Asia,Temperate
33860,Asia,Temperate
33861,Africa,Cold
33862,America,Cold
33863,Asia,Hot
33864,Europe,Hot
33865,Asia,Hot
33866,America,Hot
33867,America,Cold
33868,America,Hot
33869,America,Temperate
33870,Asia,Hot
33871,America,Temperate
33872,America,Hot
33873,Africa,Temperate
33874,Africa,Temperate
33875,Europe,Hot
33876,America,Temperate
33877,Europe,Cold
33878,Asia,Cold
33879,Africa,Cold
33880,Africa,Cold
33881,America,Cold
33882,Europe,Temperate
33883,Africa,Temperate
33884,Asia,Temperate
33885,Africa,Hot
33886,Europe,Cold
33887,Africa,Temperate
33888,Africa,Hot
33889,Europe,Hot
33890,Asia,Cold
33891,America,Temperate
33892,Asia,Cold
33893,Europe,Hot
33894,America,Hot
33895,Africa,Temperate
33896,Africa,Hot
33897,Europe,Temperate
33898,Asia,Temperate
33899,Asia,Cold
33900,Asia,Temperate
33901,America,Hot
33902,Asia,Cold
33903,Asia,Hot
33904,Asia,Cold
33905,America,Temperate
33906,Asia,Hot
33907,America,Temperate
33908,America,Hot
33909,Europe,Cold
33910,Africa,Hot
33911,Asia,Hot
33912,Africa,Hot
33913,America,Cold
33914,America,Cold
33915,Europe,Cold
33916,America,Cold
33917,Europe,Temperate
33918,Africa,Cold
33919,America,Cold
33920,Europe,Temperate
33921,America,Cold
33922,Europe,Temperate
33923,Europe,Hot
33924,Africa,Hot
33925,Asia,Temperate
33926,Africa,Temperate
33927,America,Temperate
33928,Asia,Temperate
33929,America,Temperate
33930,Africa,Cold
33931,America,Temperate
33932,Asia,Temperate
33933,Europe,Hot
33934,Europe,Cold
33935,America,Hot
33936,Africa,Cold
33937,Asia,Temperate
33938,America,Cold
33939,Europe,Cold
33940,America,Hot
33941,Europe,Hot
33942,America,Temperate
33943,Africa,Hot
33944,Africa,Cold
33945,Europe,Hot
33946,Africa,Cold
33947,America,Hot
33948,Europe,Temperate
33949,Europe,Temperate
33950,Europe,Cold
33951,Africa,Hot
33952,Africa,Hot
33953,Asia,Hot
33954,America,Cold
33955,Asia,Temperate
33956,Europe,Temperate
33957,America,Hot
33958,Africa,Cold
33959,Asia,Hot
33960,Asia,Cold
33961,Europe,Cold
33962,America,Hot
33963,America,Cold
33964,Europe,Hot
33965,Africa,Cold
33966,America,Temperate
33967,Asia,Cold
33968,Europe,Hot
33969,Asia,Hot
33970,Africa,Hot
33971,Africa,Cold
33972,America,Temperate
33973,Asia,Cold
33974,Africa,Cold
33975,Europe,Cold
33976,Africa,Temperate
33977,Africa,Cold
33978,America,Cold
33979,Europe,Temperate
33980,Africa,Cold
33981,Asia,Cold
33982,Europe,Cold
33983,Europe,Hot
33984,Asia,Temperate
33985,Asia,Hot
33986,America,Temperate
33987,Europe,Cold
33988,Asia,Temperate
33989,Europe,Cold
33990,Europe,Hot
33991,Europe,Cold
33992,Europe,Cold
33993,Europe,Hot
33994,America,Temperate
33995,Europe,Hot
33996,Europe,Temperate
33997,America,Temperate
33998,Asia,Cold
33999,Asia,Hot
34000,America,Temperate
34001,Asia,Hot
34002,Europe,Hot
34003,Asia,Hot
34004,Africa,Hot
34005,Asia,Cold
34006,America,Cold
34007,Asia,Cold
34008,Asia,Temperate
34009,America,Hot
34010,America,Cold
34011,Europe,Cold
34012,America,Cold
34013,Africa,Temperate
34014,Africa,Hot
34015,America,Hot
34016,Africa,Cold
34017,Europe,Hot
34018,America,Temperate
34019,Asia,Cold
34020,Europe,Hot
34021,Africa,Temperate
34022,Europe,Cold
34023,Africa,Hot
34024,Africa,Temperate
34025,Africa,Hot
34026,Europe,Temperate
34027,Asia,Cold
34028,Asia,Cold
34029,Asia,Hot
34030,Asia,Cold
34031,Asia,Temperate
34032,Africa,Temperate
34033,Asia,Cold
34034,America,Cold
34035,Africa,Temperate
34036,Asia,Temperate
34037,Europe,Temperate
34038,Europe,Hot
34039,America,Hot
34040,Africa,Hot
34041,Africa,Temperate
34042,Africa,Cold
34043,Africa,Temperate
34044,Asia,Hot
34045,Africa,Hot
34046,Africa,Cold
34047,Europe,Temperate
34048,Asia,Hot
34049,Asia,Temperate
34050,Asia,Cold
34051,America,Cold
34052,Asia,Cold
34053,Europe,Temperate
34054,Europe,Temperate
34055,America,Cold
34056,Europe,Temperate
34057,Europe,Cold
34058,Asia,Temperate
34059,Asia,Temperate
34060,Europe,Cold
34061,Asia,Cold
34062,Europe,Cold
34063,Africa,Temperate
34064,Africa,Cold
34065,Europe,Hot
34066,Asia,Temperate
34067,Africa,Temperate
34068,Africa,Cold
34069,Africa,Temperate
34070,America,Temperate
34071,Europe,Temperate
34072,Africa,Hot
34073,Asia,Hot
34074,Europe,Cold
34075,Europe,Temperate
34076,Africa,Hot
34077,Africa,Cold
34078,Europe,Cold
34079,Asia,Cold
34080,America,Temperate
34081,Europe,Cold
34082,Europe,Temperate
34083,Europe,Cold
34084,Asia,Cold
34085,America,Temperate
34086,America,Temperate
34087,Europe,Hot
34088,Africa,Cold
34089,Africa,Temperate
34090,Asia,Cold
34091,Africa,Cold
34092,Asia,Hot
34093,Africa,Hot
34094,Europe,Cold
34095,Asia,Temperate
34096,Africa,Cold
34097,Europe,Cold
34098,Asia,Temperate
34099,Asia,Cold
34100,Africa,Temperate
34101,Africa,Temperate
34102,Europe,Temperate
34103,America,Temperate
34104,Asia,Hot
34105,Europe,Temperate
34106,Europe,Temperate
34107,Africa,Cold
34108,Africa,Temperate
34109,America,Hot
34110,Africa,Cold
34111,Africa,Hot
34112,Asia,Cold
34113,Europe,Hot
34114,Asia,Cold
34115,Europe,Cold
34116,Asia,Temperate
34117,Europe,Hot
34118,Asia,Temperate
34119,Africa,Cold
34120,Africa,Temperate
34121,Europe,Temperate
34122,Europe,Hot
34123,Europe,Temperate
34124,Africa,Hot
34125,America,Temperate
34126,Europe,Cold
34127,Europe,Temperate
34128,Africa,Temperate
34129,Asia,Cold
34130,Europe,Temperate
34131,Europe,Temperate
34132,Europe,Cold
34133,Africa,Temperate
34134,Asia,Temperate
34135,Africa,Cold
34136,America,Cold
34137,America,Cold
34138,Africa,Cold
34139,Asia,Cold
34140,Africa,Temperate
34141,Europe,Hot
34142,Europe,Cold
34143,Africa,Temperate
34144,Asia,Cold
34145,Europe,Hot
34146,Asia,Cold
34147,America,Cold
34148,America,Hot
34149,Asia,Temperate
34150,America,Temperate
34151,Europe,Temperate
34152,Europe,Cold
34153,America,Temperate
34154,Europe,Cold
34155,Europe,Cold
34156,Europe,Hot
34157,America,Hot
34158,America,Cold
34159,Africa,Cold
34160,America,Cold
34161,America,Hot
34162,Africa,Cold
34163,Africa,Temperate
34164,Europe,Temperate
34165,Asia,Temperate
34166,Africa,Cold
34167,Asia,Cold
34168,America,Temperate
34169,Europe,Hot
34170,Europe,Temperate
34171,Africa,Hot
34172,Asia,Cold
34173,Asia,Temperate
34174,Asia,Cold
34175,Asia,Cold
34176,Asia,Cold
34177,Europe,Cold
34178,Asia,Hot
34179,Asia,Cold
34180,Asia,Hot
34181,Africa,Temperate
34182,America,Cold
34183,Europe,Cold
34184,America,Temperate
34185,Africa,Hot
34186,America,Temperate
34187,Africa,Temperate
34188,Africa,Temperate
34189,America,Temperate
34190,Africa,Hot
34191,Africa,Cold
34192,Europe,Cold
34193,America,Hot
34194,Asia,Temperate
34195,Africa,Hot
34196,Europe,Hot
34197,Africa,Cold
34198,America,Cold
34199,Asia,Temperate
34200,Africa,Hot
34201,Europe,Cold
34202,America,Cold
34203,America,Temperate
34204,Asia,Hot
34205,Asia,Temperate
34206,Asia,Hot
34207,America,Hot
34208,Asia,Temperate
34209,Asia,Hot
34210,America,Cold
34211,Africa,Temperate
34212,Europe,Cold
34213,Europe,Temperate
34214,Europe,Cold
34215,Africa,Cold
34216,America,Hot
34217,America,Temperate
34218,Europe,Hot
34219,Africa,Hot
34220,Asia,Temperate
34221,Asia,Temperate
34222,Asia,Temperate
34223,Europe,Cold
34224,Europe,Cold
34225,America,Hot
34226,Europe,Temperate
34227,Europe,Hot
34228,Asia,Hot
34229,Africa,Temperate
34230,America,Hot
34231,Africa,Cold
34232,Europe,Temperate
34233,Asia,Temperate
34234,America,Cold
34235,Asia,Temperate
34236,Africa,Temperate
34237,Asia,Cold
34238,Europe,Hot
34239,Asia,Hot
34240,Africa,Cold
34241,Africa,Cold
34242,Europe,Hot
34243,Europe,Cold
34244,America,Temperate
34245,Africa,Hot
34246,Europe,Cold
34247,America,Temperate
34248,America,Cold
34249,America,Cold
34250,America,Hot
34251,Africa,Cold
34252,Africa,Temperate
34253,Europe,Cold
34254,Asia,Hot
34255,Africa,Temperate
34256,Africa,Hot
34257,America,Hot
34258,Africa,Hot
34259,Europe,Cold
34260,Asia,Cold
34261,Europe,Cold
34262,Africa,Temperate
34263,America,Hot
34264,Europe,Temperate
34265,Asia,Cold
34266,America,Temperate
34267,America,Hot
34268,Europe,Temperate
34269,Europe,Temperate
34270,America,Temperate
34271,Asia,Cold
34272,Africa,Cold
34273,Africa,Hot
34274,Europe,Hot
34275,Europe,Cold
34276,Europe,Cold
34277,Europe,Temperate
34278,Asia,Temperate
34279,Africa,Cold
34280,America,Temperate
34281,Africa,Hot
34282,Europe,Cold
34283,America,Temperate
34284,Asia,Hot
34285,Asia,Cold
34286,Europe,Cold
34287,Europe,Cold
34288,Africa,Temperate
34289,Europe,Temperate
34290,Europe,Cold
34291,America,Cold
34292,America,Temperate
34293,Africa,Temperate
34294,Africa,Temperate
34295,Asia,Cold
34296,America,Temperate
34297,America,Cold
34298,Africa,Cold
34299,Europe,Cold
34300,Asia,Hot
34301,Europe,Cold
34302,America,Cold
34303,Africa,Cold
34304,Asia,Temperate
34305,Asia,Temperate
34306,America,Hot
34307,Asia,Cold
34308,Africa,Temperate
34309,America,Hot
34310,Africa,Hot
34311,Africa,Cold
34312,America,Cold
34313,Asia,Temperate
34314,America,Cold
34315,Africa,Temperate
34316,Africa,Cold
34317,Europe,Temperate
34318,Africa,Hot
34319,Africa,Hot
34320,Africa,Hot
34321,America,Hot
34322,Africa,Cold
34323,America,Hot
34324,America,Hot
34325,Europe,Temperate
34326,Africa,Temperate
34327,Africa,Cold
34328,Africa,Cold
34329,Africa,Temperate
34330,Asia,Temperate
34331,Africa,Cold
34332,Europe,Temperate
34333,America,Hot
34334,Asia,Cold
34335,Africa,Temperate
34336,Europe,Cold
34337,Africa,Temperate
34338,Asia,Cold
34339,Asia,Hot
34340,Europe,Hot
34341,America,Temperate
34342,Europe,Hot
34343,Asia,Hot
34344,Africa,Temperate
34345,Asia,Hot
34346,Africa,Temperate
34347,Europe,Temperate
34348,Asia,Hot
34349,Africa,Cold
34350,America,Cold
34351,America,Temperate
34352,America,Temperate
34353,Africa,Temperate
34354,Asia,Cold
34355,Asia,Hot
34356,Africa,Temperate
34357,Africa,Hot
34358,Europe,Cold
34359,Africa,Hot
34360,Asia,Temperate
34361,Asia,Temperate
34362,Africa,Temperate
34363,Africa,Temperate
34364,Africa,Hot
34365,Europe,Temperate
34366,Asia,Cold
34367,Asia,Cold
34368,America,Hot
34369,Africa,Temperate
34370,Europe,Hot
34371,America,Temperate
34372,Europe,Cold
34373,Africa,Hot
34374,Asia,Cold
34375,Europe,Hot
34376,Africa,Cold
34377,America,Cold
34378,Asia,Temperate
34379,Asia,Cold
34380,Africa,Cold
34381,Asia,Hot
34382,Europe,Hot
34383,Asia,Temperate
34384,Europe,Hot
34385,America,Hot
34386,Europe,Hot
34387,Africa,Hot
34388,Africa,Hot
34389,Asia,Temperate
34390,Europe,Temperate
34391,America,Hot
34392,Europe,Cold
34393,Europe,Temperate
34394,Europe,Hot
34395,Europe,Cold
34396,Asia,Cold
34397,Europe,Temperate
34398,America,Cold
34399,Africa,Cold
34400,Africa,Hot
34401,Europe,Hot
34402,Asia,Hot
34403,Africa,Hot
34404,Asia,Hot
34405,Africa,Hot
34406,Europe,Cold
34407,Africa,Hot
34408,America,Cold
34409,Europe,Hot
34410,Europe,Temperate
34411,America,Cold
34412,Europe,Hot
34413,Africa,Cold
34414,America,Cold
34415,Asia,Hot
34416,America,Hot
34417,Africa,Cold
34418,Asia,Hot
34419,Europe,Temperate
34420,Asia,Cold
34421,America,Temperate
34422,Europe,Cold
34423,America,Temperate
34424,America,Cold
34425,America,Cold
34426,America,Hot
34427,Africa,Cold
34428,Asia,Temperate
34429,America,Cold
34430,Asia,Cold
34431,Asia,Hot
34432,Africa,Hot
34433,America,Temperate
34434,America,Temperate
34435,Asia,Hot
34436,America,Temperate
34437,Europe,Cold
34438,Africa,Temperate
34439,Europe,Temperate
34440,Europe,Temperate
34441,Africa,Temperate
34442,America,Temperate
34443,America,Hot
34444,Europe,Temperate
34445,America,Temperate
34446,America,Temperate
34447,America,Cold
34448,Asia,Hot
34449,Europe,Temperate
34450,Asia,Hot
34451,America,Hot
34452,Africa,Temperate
34453,America,Hot
34454,Europe,Hot
34455,Europe,Hot
34456,Asia,Cold
34457,Europe,Hot
34458,America,Temperate
34459,Asia,Hot
34460,America,Cold
34461,America,Hot
34462,Europe,Cold
34463,Africa,Temperate
34464,Asia,Cold
34465,America,Temperate
34466,Europe,Hot
34467,Europe,Hot
34468,Asia,Temperate
34469,America,Cold
34470,Europe,Hot
34471,Europe,Hot
34472,Asia,Cold
34473,America,Hot
34474,Asia,Temperate
34475,Africa,Temperate
34476,Africa,Temperate
34477,Asia,Hot
34478,Europe,Temperate
34479,Asia,Cold
34480,Europe,Temperate
34481,Africa,Hot
34482,America,Cold
34483,Asia,Hot
34484,America,Cold
34485,Asia,Temperate
34486,Africa,Temperate
34487,Asia,Cold
34488,Asia,Cold
34489,Asia,Temperate
34490,America,Hot
34491,Asia,Temperate
34492,Africa,Hot
34493,Europe,Temperate
34494,Africa,Cold
34495,Africa,Hot
34496,Asia,Temperate
34497,Africa,Temperate
34498,Asia,Hot
34499,Asia,Cold
34500,Europe,Cold
34501,Africa,Temperate
34502,Africa,Cold
34503,Asia,Temperate
34504,Asia,Cold
34505,Europe,Hot
34506,America,Temperate
34507,Asia,Cold
34508,Europe,Temperate
34509,Asia,Cold
34510,Asia,Hot
34511,Asia,Hot
34512,America,Hot
34513,America,Temperate
34514,Asia,Temperate
34515,Africa,Hot
34516,Europe,Hot
34517,Africa,Temperate
34518,Africa,Hot
34519,Europe,Temperate
34520,Asia,Hot
34521,America,Cold
34522,Asia,Temperate
34523,America,Hot
34524,Asia,Temperate
34525,Europe,Hot
34526,Africa,Temperate
34527,Africa,Hot
34528,Africa,Temperate
34529,Africa,Hot
34530,Europe,Cold
34531,Africa,Temperate
34532,America,Hot
34533,Europe,Hot
34534,Africa,Hot
34535,America,Cold
34536,Europe,Cold
34537,Africa,Cold
34538,Africa,Cold
34539,Africa,Temperate
34540,Europe,Hot
34541,Europe,Temperate
34542,Africa,Cold
34543,Asia,Hot
34544,Europe,Cold
34545,America,Temperate
34546,America,Hot
34547,Asia,Cold
34548,America,Cold
34549,America,Cold
34550,America,Hot
34551,Europe,Temperate
34552,America,Temperate
34553,Asia,Cold
34554,Africa,Temperate
34555,Europe,Temperate
34556,Europe,Cold
34557,Asia,Cold
34558,Africa,Temperate
34559,Europe,Temperate
34560,Africa,Hot
34561,Europe,Cold
34562,Asia,Hot
34563,Africa,Temperate
34564,Asia,Hot
34565,Africa,Cold
34566,Europe,Hot
34567,Europe,Temperate
34568,America,Cold
34569,America,Temperate
34570,Asia,Temperate
34571,America,Hot
34572,Africa,Cold
34573,Asia,Temperate
34574,Africa,Cold
34575,Europe,Hot
34576,America,Hot
34577,Europe,Cold
34578,America,Temperate
34579,Europe,Hot
34580,America,Hot
34581,Africa,Hot
34582,Europe,Cold
34583,America,Cold
34584,Europe,Hot
34585,Africa,Temperate
34586,America,Cold
34587,Europe,Temperate
34588,Africa,Cold
34589,Europe,Cold
34590,Africa,Cold
34591,America,Temperate
34592,Asia,Temperate
34593,Africa,Hot
34594,Africa,Cold
34595,Europe,Cold
34596,America,Cold
34597,America,Cold
34598,Europe,Cold
34599,Europe,Temperate
34600,America,Hot
34601,Europe,Temperate
34602,Asia,Temperate
34603,Europe,Temperate
34604,Asia,Cold
34605,Europe,Cold
34606,Africa,Temperate
34607,America,Hot
34608,Africa,Temperate
34609,Africa,Temperate
34610,Europe,Temperate
34611,America,Temperate
34612,Asia,Temperate
34613,Africa,Temperate
34614,America,Temperate
34615,Africa,Cold
34616,Asia,Temperate
34617,Asia,Hot
34618,Asia,Cold
34619,Africa,Cold
34620,America,Cold
34621,Asia,Hot
34622,Europe,Hot
34623,America,Cold
34624,Europe,Cold
34625,Europe,Cold
34626,America,Temperate
34627,America,Temperate
34628,Europe,Temperate
34629,Europe,Temperate
34630,Europe,Cold
34631,America,Hot
34632,Europe,Hot
34633,Africa,Hot
34634,Europe,Hot
34635,Asia,Cold
34636,Africa,Temperate
34637,America,Temperate
34638,America,Temperate
34639,Africa,Cold
34640,Europe,Cold
34641,Europe,Cold
34642,America,Cold
34643,Africa,Cold
34644,Europe,Temperate
34645,Asia,Temperate
34646,Africa,Cold
34647,America,Hot
34648,Europe,Hot
34649,Europe,Hot
34650,Europe,Hot
34651,America,Hot
34652,America,Cold
34653,Africa,Hot
34654,Asia,Hot
34655,Asia,Temperate
34656,America,Hot
34657,Africa,Temperate
34658,Africa,Hot
34659,America,Temperate
34660,America,Cold
34661,Europe,Cold
34662,Asia,Hot
34663,Europe,Cold
34664,America,Cold
34665,Africa,Cold
34666,Asia,Temperate
34667,Africa,Hot
34668,America,Temperate
34669,Asia,Hot
34670,America,Hot
34671,Africa,Cold
34672,America,Cold
34673,Europe,Temperate
34674,Asia,Cold
34675,America,Temperate
34676,Asia,Hot
34677,Asia,Temperate
34678,Africa,Temperate
34679,Europe,Temperate
34680,Europe,Temperate
34681,America,Cold
34682,Asia,Hot
34683,Europe,Cold
34684,America,Cold
34685,America,Temperate
34686,Africa,Temperate
34687,Asia,Cold
34688,Africa,Hot
34689,America,Temperate
34690,Africa,Temperate
34691,Europe,Temperate
34692,Asia,Hot
34693,Africa,Cold
34694,Asia,Hot
34695,Asia,Temperate
34696,Africa,Temperate
34697,America,Cold
34698,America,Temperate
34699,America,Temperate
34700,Europe,Temperate
34701,America,Cold
34702,Europe,Cold
34703,Asia,Cold
34704,Europe,Cold
34705,Asia,Temperate
34706,Asia,Cold
34707,Africa,Temperate
34708,Asia,Hot
34709,Africa,Temperate
34710,Europe,Hot
34711,America,Temperate
34712,Africa,Temperate
34713,America,Hot
34714,America,Hot
34715,Europe,Temperate
34716,America,Hot
34717,Africa,Hot
34718,America,Temperate
34719,Europe,Temperate
34720,Asia,Hot
34721,Africa,Cold
34722,Europe,Temperate
34723,Africa,Cold
34724,Asia,Cold
34725,America,Temperate
34726,Europe,Cold
34727,Asia,Cold
34728,Africa,Cold
34729,America,Hot
34730,Asia,Hot
34731,America,Hot
34732,Europe,Hot
34733,Asia,Temperate
34734,Asia,Hot
34735,America,Cold
34736,America,Cold
34737,America,Cold
34738,Europe,Hot
34739,Europe,Temperate
34740,America,Temperate
34741,Asia,Temperate
34742,Africa,Cold
34743,Asia,Cold
34744,Asia,Cold
34745,Europe,Hot
34746,Europe,Hot
34747,Europe,Hot
34748,Europe,Temperate
34749,Asia,Temperate
34750,Europe,Temperate
34751,America,Hot
34752,Europe,Temperate
34753,America,Temperate
34754,America,Temperate
34755,America,Temperate
34756,Africa,Temperate
34757,Africa,Hot
34758,Africa,Temperate
34759,Africa,Temperate
34760,Asia,Hot
34761,Africa,Cold
34762,Africa,Temperate
34763,Africa,Cold
34764,America,Hot
34765,Asia,Temperate
34766,America,Cold
34767,America,Cold
34768,America,Hot
34769,Asia,Hot
34770,Asia,Cold
34771,Africa,Temperate
34772,America,Temperate
34773,America,Hot
34774,Asia,Temperate
34775,Asia,Hot
34776,America,Hot
34777,Africa,Hot
34778,Asia,Temperate
34779,Asia,Hot
34780,Asia,Cold
34781,America,Hot
34782,America,Cold
34783,America,Temperate
34784,Africa,Cold
34785,America,Hot
34786,America,Hot
34787,America,Hot
34788,Asia,Temperate
34789,Europe,Temperate
34790,Asia,Hot
34791,Africa,Temperate
34792,Europe,Cold
34793,Europe,Cold
34794,Africa,Temperate
34795,America,Temperate
34796,Asia,Hot
34797,Africa,Hot
34798,Africa,Cold
34799,Africa,Hot
34800,Europe,Temperate
34801,Asia,Cold
34802,Africa,Hot
34803,Asia,Temperate
34804,Europe,Temperate
34805,Asia,Hot
34806,Africa,Cold
34807,Europe,Temperate
34808,Europe,Cold
34809,Europe,Cold
34810,Europe,Hot
34811,Africa,Temperate
34812,Africa,Hot
34813,America,Cold
34814,Asia,Hot
34815,Europe,Temperate
34816,Asia,Temperate
34817,Europe,Cold
34818,Asia,Cold
34819,Asia,Cold
34820,Africa,Cold
34821,America,Temperate
34822,Europe,Cold
34823,America,Hot
34824,Asia,Cold
34825,Asia,Cold
34826,Europe,Hot
34827,America,Hot
34828,Asia,Cold
34829,Europe,Cold
34830,America,Temperate
34831,Asia,Cold
34832,Africa,Temperate
34833,Africa,Hot
34834,America,Hot
34835,Asia,Hot
34836,Africa,Cold
34837,Asia,Cold
34838,Africa,Temperate
34839,Africa,Cold
34840,Europe,Cold
34841,Europe,Temperate
34842,Africa,Hot
34843,Asia,Hot
34844,America,Temperate
34845,Asia,Temperate
34846,Europe,Temperate
34847,Europe,Temperate
34848,Africa,Cold
34849,Asia,Temperate
34850,Asia,Cold
34851,Africa,Hot
34852,America,Hot
34853,Europe,Hot
34854,America,Cold
34855,Asia,Cold
34856,Africa,Temperate
34857,Africa,Hot
34858,Asia,Cold
34859,Africa,Hot
34860,Africa,Hot
34861,Europe,Hot
34862,Europe,Hot
34863,Europe,Cold
34864,America,Hot
34865,Europe,Hot
34866,America,Temperate
34867,Asia,Temperate
34868,America,Hot
34869,Europe,Temperate
34870,Asia,Hot
34871,Asia,Cold
34872,Asia,Hot
34873,Asia,Temperate
34874,Asia,Cold
34875,Europe,Hot
34876,America,Cold
34877,Asia,Hot
34878,America,Temperate
34879,Asia,Cold
34880,America,Hot
34881,Africa,Temperate
34882,Europe,Temperate
34883,Africa,Cold
34884,Europe,Hot
34885,Europe,Cold
34886,Asia,Temperate
34887,Africa,Cold
34888,Africa,Temperate
34889,America,Cold
34890,Asia,Temperate
34891,Africa,Temperate
34892,Europe,Temperate
34893,America,Hot
34894,Europe,Cold
34895,Europe,Temperate
34896,America,Cold
34897,Europe,Hot
34898,America,Cold
34899,America,Cold
34900,Asia,Hot
34901,America,Cold
34902,Asia,Hot
34903,America,Cold
34904,Asia,Hot
34905,Africa,Hot
34906,America,Cold
34907,Africa,Hot
34908,Africa,Cold
34909,America,Temperate
34910,America,Cold
34911,Africa,Temperate
34912,America,Hot
34913,Asia,Temperate
34914,Africa,Hot
34915,America,Cold
34916,Africa,Cold
34917,Africa,Cold
34918,Europe,Temperate
34919,America,Temperate
34920,Asia,Hot
34921,Asia,Temperate
34922,Asia,Hot
34923,Europe,Cold
34924,Asia,Temperate
34925,Asia,Hot
34926,Asia,Temperate
34927,America,Temperate
34928,Africa,Cold
34929,Africa,Hot
34930,Asia,Cold
34931,America,Hot
34932,America,Cold
34933,America,Temperate
34934,Europe,Hot
34935,America,Cold
34936,Africa,Hot
34937,Europe,Hot
34938,America,Hot
34939,Europe,Hot
34940,Europe,Hot
34941,Asia,Cold
34942,America,Cold
34943,Africa,Cold
34944,America,Hot
34945,Asia,Cold
34946,Asia,Temperate
34947,America,Temperate
34948,Africa,Hot
34949,America,Cold
34950,Europe,Temperate
34951,Asia,Hot
34952,Europe,Cold
34953,America,Cold
34954,Europe,Cold
34955,Europe,Cold
34956,America,Cold
34957,Africa,Temperate
34958,America,Hot
34959,Europe,Cold
34960,Africa,Temperate
34961,Africa,Temperate
34962,Asia,Cold
34963,Europe,Hot
34964,America,Cold
34965,America,Cold
34966,Asia,Hot
34967,America,Temperate
34968,Asia,Cold
34969,Africa,Cold
34970,Asia,Cold
34971,Europe,Cold
34972,America,Temperate
34973,Europe,Temperate
34974,Africa,Hot
34975,Europe,Temperate
34976,Africa,Cold
34977,Africa,Temperate
34978,Africa,Hot
34979,Europe,Cold
34980,Asia,Temperate
34981,America,Hot
34982,Africa,Temperate
34983,Africa,Cold
34984,Asia,Hot
34985,Africa,Temperate
34986,Asia,Cold
34987,Africa,Hot
34988,Asia,Cold
34989,America,Cold
34990,Africa,Cold
34991,Africa,Cold
34992,Africa,Hot
34993,Africa,Cold
34994,Europe,Temperate
34995,Europe,Cold
34996,Africa,Temperate
34997,Asia,Temperate
34998,Africa,Temperate
34999,Asia,Cold
35000,Asia,Cold
