vehicle_id,vehicle_type,engine_type,vehicle_age
1,Bus,Electric,4
2,Truck,Electric,7
3,Bus,Electric,9
4,Bus,Hybrid,6
5,Truck,Diesel,10
6,Truck,Hybrid,8
7,Bus,Electric,6
8,Car,Hybrid,1
9,Bus,Diesel,2
10,Bus,Electric,5
11,Bus,Diesel,0
12,Bus,Diesel,7
13,Truck,Diesel,6
14,Bus,Electric,5
15,Car,Hybrid,4
16,Truck,Electric,13
17,Car,Electric,14
18,Car,Hybrid,9
19,Car,Hybrid,4
20,Car,Hybrid,12
21,Truck,Hybrid,7
22,Truck,Diesel,7
23,Car,Electric,14
24,Car,Electric,12
25,Truck,Electric,2
26,Truck,Hybrid,8
27,Truck,Electric,2
28,Bus,Diesel,12
29,Bus,Electric,14
30,Bus,Electric,9
31,Car,Diesel,13
32,Bus,Diesel,7
33,Car,Electric,6
34,Car,Hybrid,12
35,Bus,Hybrid,8
36,Car,Electric,10
37,Bus,Electric,8
38,Bus,Electric,10
39,Truck,Electric,13
40,Bus,Hybrid,14
41,Truck,Electric,0
42,Bus,Diesel,0
43,Bus,Hybrid,2
44,Truck,Hybrid,6
45,Truck,Diesel,2
46,Bus,Electric,2
47,Car,Electric,3
48,Truck,Electric,7
49,Car,Electric,13
50,Car,Electric,0
51,Car,Diesel,3
52,Truck,Electric,3
53,Car,Diesel,12
54,Truck,Diesel,7
55,Car,Diesel,6
56,Bus,Electric,3
57,Bus,Electric,11
58,Truck,Hybrid,7
59,Bus,Hybrid,10
60,Bus,Diesel,2
61,Car,Hybrid,9
62,Truck,Diesel,13
63,Car,Hybrid,6
64,Car,Electric,8
65,Car,Electric,5
66,Car,Diesel,3
67,Car,Diesel,3
68,Car,Electric,0
69,Car,Electric,5
70,Truck,Electric,2
71,Bus,Hybrid,2
72,Car,Hybrid,0
73,Car,Hybrid,6
74,Car,Hybrid,8
75,Car,Diesel,2
76,Car,Diesel,6
77,Car,Hybrid,8
78,Bus,Diesel,14
79,Bus,Hybrid,13
80,Car,Hybrid,2
81,Bus,Electric,8
82,Truck,Hybrid,10
83,Car,Diesel,1
84,Truck,Hybrid,2
85,Truck,Electric,10
86,Car,Diesel,3
87,Bus,Electric,13
88,Truck,Hybrid,6
89,Car,Hybrid,10
90,Truck,Hybrid,8
91,Truck,Hybrid,12
92,Truck,Diesel,0
93,Truck,Hybrid,11
94,Bus,Electric,8
95,Truck,Diesel,9
96,Truck,Diesel,12
97,Truck,Diesel,4
98,Bus,Electric,14
99,Truck,Electric,13
100,Truck,Electric,3
101,Bus,Electric,13
102,Bus,Hybrid,12
103,Bus,Hybrid,10
104,Truck,Electric,11
105,Bus,Electric,5
106,Bus,Hybrid,9
107,Truck,Hybrid,4
108,Bus,Electric,4
109,Truck,Diesel,11
110,Car,Diesel,4
111,Bus,Electric,14
112,Car,Diesel,7
113,Truck,Hybrid,12
114,Bus,Diesel,9
115,Truck,Electric,7
116,Car,Diesel,9
117,Truck,Diesel,3
118,Bus,Diesel,12
119,Bus,Hybrid,13
120,Car,Hybrid,14
121,Truck,Hybrid,8
122,Bus,Electric,7
123,Car,Diesel,11
124,Bus,Hybrid,5
125,Bus,Hybrid,1
126,Truck,Diesel,8
127,Bus,Electric,5
128,Truck,Diesel,7
129,Bus,Electric,5
130,Car,Diesel,4
131,Bus,Hybrid,6
132,Truck,Hybrid,11
133,Truck,Hybrid,3
134,Car,Electric,9
135,Bus,Diesel,10
136,Bus,Electric,2
137,Car,Hybrid,10
138,Bus,Electric,11
139,Bus,Electric,14
140,Truck,Electric,6
141,Bus,Diesel,1
142,Bus,Electric,9
143,Car,Electric,2
144,Car,Electric,0
145,Truck,Hybrid,10
146,Bus,Hybrid,11
147,Bus,Diesel,0
148,Bus,Hybrid,1
149,Truck,Diesel,12
150,Truck,Hybrid,13
151,Car,Diesel,0
152,Truck,Diesel,14
153,Bus,Diesel,1
154,Bus,Hybrid,0
155,Truck,Electric,2
156,Bus,Hybrid,8
157,Bus,Electric,8
158,Truck,Hybrid,7
159,Truck,Electric,8
160,Bus,Hybrid,11
161,Bus,Diesel,13
162,Bus,Diesel,3
163,Car,Diesel,13
164,Car,Electric,7
165,Car,Electric,10
166,Truck,Diesel,4
167,Car,Electric,3
168,Truck,Diesel,12
169,Truck,Hybrid,3
170,Car,Electric,1
171,Car,Electric,9
172,Car,Hybrid,8
173,Bus,Electric,12
174,Car,Electric,8
175,Bus,Electric,13
176,Truck,Hybrid,0
177,Bus,Diesel,11
178,Car,Diesel,3
179,Truck,Hybrid,8
180,Truck,Hybrid,13
181,Truck,Hybrid,3
182,Bus,Diesel,13
183,Car,Hybrid,1
184,Truck,Diesel,1
185,Truck,Hybrid,12
186,Truck,Electric,9
187,Bus,Diesel,13
188,Bus,Diesel,8
189,Car,Hybrid,10
190,Bus,Electric,3
191,Truck,Diesel,0
192,Car,Hybrid,11
193,Truck,Electric,12
194,Truck,Diesel,0
195,Bus,Hybrid,0
196,Car,Electric,7
197,Bus,Diesel,0
198,Bus,Diesel,4
199,Car,Electric,8
200,Truck,Hybrid,3
201,Truck,Hybrid,10
202,Car,Electric,8
203,Truck,Diesel,4
204,Car,Electric,12
205,Car,Electric,8
206,Bus,Electric,12
207,Car,Diesel,14
208,Bus,Electric,1
209,Truck,Electric,13
210,Truck,Diesel,12
211,Truck,Diesel,7
212,Truck,Electric,6
213,Bus,Hybrid,6
214,Truck,Electric,2
215,Car,Diesel,9
216,Car,Diesel,11
217,Car,Diesel,1
218,Bus,Hybrid,10
219,Truck,Diesel,13
220,Truck,Hybrid,9
221,Truck,Diesel,0
222,Bus,Diesel,12
223,Car,Electric,0
224,Car,Hybrid,6
225,Truck,Electric,8
226,Car,Hybrid,14
227,Car,Diesel,0
228,Bus,Diesel,14
229,Bus,Hybrid,9
230,Bus,Electric,3
231,Bus,Hybrid,14
232,Truck,Hybrid,13
233,Bus,Hybrid,12
234,Car,Diesel,1
235,Truck,Hybrid,13
236,Car,Diesel,7
237,Car,Electric,8
238,Car,Diesel,2
239,Bus,Electric,2
240,Bus,Electric,6
241,Truck,Electric,8
242,Truck,Diesel,6
243,Bus,Hybrid,11
244,Car,Diesel,13
245,Truck,Electric,12
246,Bus,Hybrid,6
247,Bus,Diesel,13
248,Bus,Electric,1
249,Car,Electric,11
250,Bus,Hybrid,10
251,Bus,Diesel,0
252,Bus,Hybrid,1
253,Bus,Hybrid,11
254,Truck,Hybrid,5
255,Truck,Hybrid,11
256,Bus,Diesel,11
257,Car,Hybrid,13
258,Truck,Electric,9
259,Bus,Electric,14
260,Truck,Electric,12
261,Truck,Hybrid,7
262,Car,Electric,7
263,Bus,Diesel,5
264,Bus,Hybrid,1
265,Car,Hybrid,13
266,Car,Hybrid,8
267,Bus,Diesel,9
268,Bus,Hybrid,3
269,Car,Hybrid,12
270,Truck,Electric,4
271,Truck,Electric,0
272,Car,Hybrid,8
273,Truck,Diesel,10
274,Car,Electric,10
275,Truck,Hybrid,10
276,Truck,Electric,9
277,Bus,Electric,12
278,Bus,Diesel,0
279,Truck,Hybrid,6
280,Truck,Electric,10
281,Bus,Hybrid,8
282,Bus,Diesel,2
283,Bus,Diesel,1
284,Car,Electric,13
285,Truck,Diesel,9
286,Bus,Electric,7
287,Truck,Hybrid,3
288,Car,Electric,0
289,Car,Electric,7
290,Bus,Diesel,14
291,Car,Hybrid,5
292,Truck,Hybrid,5
293,Bus,Electric,3
294,Truck,Hybrid,5
295,Truck,Hybrid,1
296,Car,Electric,5
297,Car,Electric,14
298,Car,Hybrid,1
299,Car,Electric,5
300,Car,Diesel,13
301,Bus,Hybrid,8
302,Truck,Electric,6
303,Truck,Hybrid,11
304,Truck,Hybrid,13
305,Truck,Diesel,14
306,Car,Diesel,13
307,Truck,Hybrid,11
308,Bus,Diesel,3
309,Bus,Electric,0
310,Truck,Hybrid,8
311,Truck,Diesel,0
312,Bus,Hybrid,4
313,Bus,Hybrid,13
314,Car,Electric,6
315,Bus,Electric,9
316,Car,Electric,12
317,Car,Diesel,12
318,Car,Diesel,9
319,Car,Diesel,5
320,Car,Electric,2
321,Truck,Hybrid,10
322,Bus,Electric,7
323,Car,Diesel,10
324,Bus,Diesel,6
325,Bus,Diesel,8
326,Car,Electric,0
327,Truck,Diesel,7
328,Car,Electric,3
329,Truck,Hybrid,6
330,Bus,Electric,6
331,Truck,Diesel,3
332,Truck,Hybrid,7
333,Truck,Diesel,12
334,Bus,Hybrid,11
335,Bus,Diesel,0
336,Truck,Electric,4
337,Truck,Diesel,3
338,Car,Electric,3
339,Truck,Electric,14
340,Car,Hybrid,2
341,Truck,Electric,0
342,Car,Electric,4
343,Bus,Electric,7
344,Truck,Hybrid,9
345,Truck,Diesel,5
346,Truck,Diesel,11
347,Truck,Electric,0
348,Car,Electric,4
349,Truck,Diesel,5
350,Bus,Electric,14
351,Bus,Diesel,8
352,Truck,Hybrid,8
353,Bus,Electric,4
354,Truck,Electric,2
355,Truck,Diesel,5
356,Bus,Diesel,10
357,Truck,Hybrid,7
358,Bus,Electric,11
359,Car,Diesel,10
360,Truck,Hybrid,11
361,Car,Diesel,11
362,Bus,Diesel,4
363,Car,Hybrid,7
364,Car,Hybrid,0
365,Bus,Hybrid,7
366,Car,Hybrid,1
367,Car,Hybrid,6
368,Bus,Hybrid,1
369,Car,Electric,2
370,Bus,Hybrid,4
371,Car,Electric,9
372,Bus,Diesel,6
373,Bus,Diesel,8
374,Car,Hybrid,11
375,Car,Diesel,11
376,Car,Hybrid,4
377,Truck,Hybrid,10
378,Truck,Electric,0
379,Truck,Diesel,14
380,Bus,Hybrid,10
381,Car,Diesel,14
382,Bus,Electric,2
383,Truck,Diesel,4
384,Car,Electric,11
385,Bus,Electric,2
386,Car,Electric,7
387,Bus,Hybrid,7
388,Car,Hybrid,14
389,Truck,Diesel,10
390,Truck,Hybrid,0
391,Car,Hybrid,7
392,Bus,Diesel,13
393,Truck,Electric,3
394,Truck,Electric,10
395,Truck,Diesel,5
396,Car,Hybrid,9
397,Car,Diesel,14
398,Bus,Diesel,7
399,Bus,Hybrid,13
400,Bus,Diesel,1
401,Car,Hybrid,7
402,Car,Hybrid,6
403,Bus,Diesel,3
404,Bus,Electric,11
405,Car,Hybrid,4
406,Bus,Electric,5
407,Truck,Hybrid,14
408,Car,Electric,2
409,Bus,Diesel,1
410,Car,Hybrid,13
411,Truck,Diesel,1
412,Car,Diesel,14
413,Car,Diesel,3
414,Car,Hybrid,6
415,Car,Diesel,11
416,Truck,Diesel,0
417,Car,Hybrid,0
418,Car,Diesel,14
419,Bus,Hybrid,3
420,Car,Diesel,8
421,Bus,Electric,11
422,Truck,Diesel,13
423,Truck,Electric,11
424,Truck,Hybrid,4
425,Truck,Electric,0
426,Bus,Hybrid,2
427,Car,Diesel,10
428,Truck,Electric,5
429,Car,Diesel,12
430,Bus,Electric,14
431,Bus,Hybrid,2
432,Bus,Hybrid,10
433,Truck,Hybrid,5
434,Car,Hybrid,5
435,Car,Diesel,4
436,Car,Diesel,9
437,Bus,Diesel,12
438,Truck,Diesel,4
439,Bus,Diesel,8
440,Bus,Hybrid,2
441,Car,Diesel,14
442,Bus,Diesel,10
443,Car,Diesel,9
444,Truck,Hybrid,6
445,Car,Hybrid,12
446,Truck,Hybrid,3
447,Car,Hybrid,1
448,Bus,Diesel,9
449,Bus,Diesel,2
450,Truck,Electric,2
451,Truck,Diesel,2
452,Truck,Hybrid,2
453,Car,Hybrid,9
454,Car,Diesel,5
455,Truck,Electric,12
456,Bus,Hybrid,13
457,Car,Electric,5
458,Car,Hybrid,10
459,Car,Hybrid,8
460,Truck,Diesel,7
461,Truck,Hybrid,9
462,Truck,Electric,6
463,Truck,Electric,14
464,Truck,Diesel,11
465,Bus,Hybrid,11
466,Bus,Electric,12
467,Truck,Diesel,1
468,Car,Electric,9
469,Truck,Diesel,1
470,Bus,Electric,13
471,Bus,Hybrid,0
472,Car,Electric,6
473,Bus,Electric,6
474,Truck,Diesel,0
475,Car,Diesel,5
476,Truck,Diesel,10
477,Truck,Electric,13
478,Car,Diesel,11
479,Truck,Hybrid,6
480,Bus,Diesel,13
481,Truck,Diesel,0
482,Car,Hybrid,11
483,Car,Diesel,5
484,Car,Diesel,9
485,Truck,Electric,8
486,Car,Electric,11
487,Car,Diesel,0
488,Truck,Hybrid,1
489,Bus,Diesel,1
490,Truck,Diesel,9
491,Car,Diesel,2
492,Car,Electric,13
493,Truck,Hybrid,3
494,Bus,Hybrid,6
495,Car,Hybrid,2
496,Car,Electric,6
497,Car,Electric,4
498,Truck,Diesel,4
499,Car,Electric,6
500,Bus,Diesel,6
501,Car,Electric,6
502,Car,Diesel,8
503,Bus,Electric,0
504,Car,Hybrid,0
505,Truck,Diesel,14
506,Truck,Electric,2
507,Truck,Electric,5
508,Bus,Diesel,1
509,Car,Electric,8
510,Truck,Hybrid,0
511,Bus,Diesel,13
512,Car,Diesel,4
513,Bus,Diesel,6
514,Truck,Diesel,9
515,Truck,Diesel,2
516,Truck,Hybrid,13
517,Bus,Diesel,1
518,Bus,Hybrid,12
519,Truck,Hybrid,2
520,Bus,Hybrid,14
521,Truck,Diesel,11
522,Truck,Hybrid,6
523,Car,Diesel,14
524,Bus,Hybrid,0
525,Truck,Diesel,7
526,Truck,Electric,2
527,Bus,Electric,4
528,Car,Hybrid,9
529,Car,Electric,10
530,Truck,Hybrid,4
531,Bus,Hybrid,5
532,Car,Hybrid,6
533,Bus,Electric,10
534,Bus,Hybrid,0
535,Truck,Electric,5
536,Car,Electric,1
537,Truck,Diesel,13
538,Car,Electric,9
539,Car,Diesel,2
540,Car,Hybrid,13
541,Car,Hybrid,4
542,Car,Diesel,0
543,Bus,Hybrid,6
544,Truck,Diesel,0
545,Bus,Diesel,7
546,Car,Hybrid,10
547,Truck,Diesel,11
548,Car,Diesel,5
549,Truck,Diesel,10
550,Bus,Hybrid,13
551,Truck,Hybrid,0
552,Truck,Hybrid,14
553,Truck,Hybrid,13
554,Truck,Hybrid,6
555,Truck,Electric,9
556,Car,Electric,2
557,Truck,Diesel,6
558,Truck,Electric,14
559,Bus,Hybrid,10
560,Truck,Hybrid,7
561,Bus,Hybrid,9
562,Car,Diesel,13
563,Truck,Diesel,14
564,Bus,Diesel,2
565,Bus,Diesel,4
566,Car,Diesel,9
567,Truck,Diesel,1
568,Truck,Electric,13
569,Bus,Hybrid,1
570,Truck,Electric,0
571,Bus,Diesel,2
572,Truck,Hybrid,3
573,Bus,Hybrid,2
574,Truck,Hybrid,10
575,Car,Electric,7
576,Truck,Hybrid,0
577,Truck,Diesel,4
578,Car,Diesel,6
579,Truck,Electric,12
580,Car,Electric,8
581,Truck,Diesel,0
582,Bus,Electric,8
583,Bus,Hybrid,10
584,Truck,Electric,8
585,Truck,Hybrid,3
586,Truck,Hybrid,14
587,Bus,Hybrid,9
588,Truck,Hybrid,4
589,Bus,Hybrid,5
590,Car,Diesel,3
591,Bus,Diesel,5
592,Bus,Diesel,4
593,Car,Hybrid,14
594,Bus,Electric,2
595,Truck,Electric,2
596,Truck,Hybrid,8
597,Bus,Electric,4
598,Truck,Hybrid,10
599,Bus,Electric,2
600,Truck,Hybrid,7
601,Truck,Electric,7
602,Bus,Electric,13
603,Truck,Diesel,13
604,Bus,Electric,12
605,Truck,Electric,2
606,Truck,Hybrid,6
607,Car,Electric,8
608,Car,Electric,2
609,Bus,Electric,7
610,Car,Electric,11
611,Bus,Electric,11
612,Car,Diesel,0
613,Truck,Electric,11
614,Bus,Hybrid,13
615,Bus,Hybrid,2
616,Truck,Electric,11
617,Bus,Electric,3
618,Bus,Electric,2
619,Car,Diesel,12
620,Bus,Hybrid,8
621,Truck,Diesel,12
622,Car,Diesel,12
623,Car,Electric,11
624,Truck,Electric,9
625,Truck,Hybrid,4
626,Car,Electric,14
627,Bus,Hybrid,2
628,Car,Diesel,2
629,Truck,Hybrid,10
630,Car,Hybrid,1
631,Truck,Hybrid,9
632,Car,Diesel,5
633,Bus,Diesel,8
634,Car,Electric,6
635,Car,Electric,14
636,Truck,Hybrid,1
637,Truck,Hybrid,8
638,Truck,Diesel,13
639,Car,Diesel,2
640,Bus,Diesel,6
641,Truck,Hybrid,9
642,Truck,Hybrid,6
643,Car,Diesel,3
644,Truck,Hybrid,13
645,Bus,Diesel,3
646,Bus,Electric,11
647,Truck,Diesel,1
648,Truck,Hybrid,1
649,Car,Hybrid,1
650,Bus,Hybrid,11
651,Bus,Hybrid,10
652,Truck,Diesel,4
653,Car,Diesel,2
654,Bus,Electric,9
655,Bus,Diesel,6
656,Car,Electric,12
657,Car,Diesel,6
658,Bus,Diesel,5
659,Bus,Hybrid,12
660,Car,Electric,7
661,Bus,Hybrid,10
662,Truck,Hybrid,3
663,Truck,Diesel,8
664,Car,Diesel,11
665,Car,Electric,11
666,Car,Electric,14
667,Truck,Diesel,12
668,Bus,Electric,9
669,Truck,Diesel,9
670,Bus,Diesel,4
671,Truck,Diesel,3
672,Bus,Electric,2
673,Truck,Hybrid,13
674,Car,Electric,14
675,Truck,Hybrid,8
676,Bus,Electric,11
677,Truck,Hybrid,14
678,Truck,Hybrid,3
679,Truck,Electric,8
680,Car,Electric,10
681,Truck,Hybrid,0
682,Car,Diesel,4
683,Car,Hybrid,0
684,Truck,Hybrid,8
685,Truck,Diesel,11
686,Truck,Hybrid,6
687,Bus,Diesel,11
688,Truck,Diesel,9
689,Car,Electric,8
690,Truck,Hybrid,4
691,Bus,Hybrid,9
692,Truck,Diesel,13
693,Bus,Hybrid,8
694,Bus,Diesel,3
695,Truck,Hybrid,12
696,Car,Hybrid,2
697,Bus,Diesel,1
698,Truck,Diesel,3
699,Truck,Hybrid,2
700,Car,Hybrid,8
701,Bus,Diesel,12
702,Bus,Electric,11
703,Truck,Electric,11
704,Truck,Hybrid,12
705,Car,Hybrid,11
706,Car,Hybrid,7
707,Bus,Diesel,11
708,Bus,Hybrid,0
709,Truck,Hybrid,1
710,Bus,Hybrid,2
711,Car,Electric,5
712,Car,Hybrid,4
713,Truck,Hybrid,10
714,Car,Diesel,4
715,Car,Electric,5
716,Car,Diesel,12
717,Car,Hybrid,11
718,Truck,Hybrid,13
719,Truck,Hybrid,7
720,Bus,Hybrid,13
721,Car,Hybrid,0
722,Bus,Diesel,4
723,Truck,Hybrid,5
724,Truck,Hybrid,10
725,Truck,Electric,9
726,Truck,Electric,10
727,Truck,Hybrid,5
728,Truck,Hybrid,8
729,Truck,Hybrid,9
730,Car,Hybrid,6
731,Bus,Hybrid,3
732,Truck,Hybrid,6
733,Car,Diesel,6
734,Car,Diesel,10
735,Bus,Diesel,10
736,Truck,Electric,5
737,Bus,Hybrid,7
738,Truck,Electric,7
739,Car,Electric,12
740,Car,Electric,12
741,Car,Diesel,9
742,Car,Hybrid,11
743,Bus,Hybrid,12
744,Truck,Electric,5
745,Truck,Diesel,10
746,Bus,Electric,1
747,Truck,Electric,4
748,Car,Hybrid,12
749,Truck,Diesel,0
750,Car,Hybrid,9
751,Bus,Electric,9
752,Truck,Hybrid,13
753,Bus,Electric,11
754,Truck,Diesel,12
755,Car,Hybrid,9
756,Bus,Hybrid,13
757,Truck,Hybrid,11
758,Car,Hybrid,12
759,Bus,Hybrid,14
760,Bus,Diesel,10
761,Truck,Diesel,8
762,Truck,Hybrid,3
763,Truck,Electric,0
764,Car,Electric,2
765,Truck,Hybrid,9
766,Bus,Hybrid,12
767,Bus,Diesel,14
768,Truck,Diesel,1
769,Truck,Hybrid,8
770,Bus,Hybrid,6
771,Car,Electric,9
772,Truck,Diesel,9
773,Truck,Hybrid,11
774,Bus,Diesel,14
775,Truck,Hybrid,5
776,Car,Hybrid,3
777,Bus,Hybrid,10
778,Truck,Hybrid,3
779,Bus,Electric,11
780,Truck,Hybrid,11
781,Truck,Electric,6
782,Truck,Electric,7
783,Car,Hybrid,3
784,Car,Diesel,13
785,Bus,Diesel,6
786,Truck,Hybrid,2
787,Truck,Hybrid,11
788,Car,Hybrid,11
789,Truck,Diesel,8
790,Car,Diesel,11
791,Truck,Hybrid,2
792,Bus,Diesel,13
793,Truck,Electric,2
794,Truck,Diesel,9
795,Car,Diesel,11
796,Truck,Hybrid,12
797,Truck,Electric,1
798,Car,Hybrid,2
799,Bus,Diesel,7
800,Bus,Electric,1
801,Car,Hybrid,12
802,Car,Diesel,0
803,Car,Electric,4
804,Car,Hybrid,7
805,Car,Electric,5
806,Bus,Diesel,13
807,Bus,Hybrid,1
808,Car,Diesel,11
809,Truck,Electric,8
810,Car,Diesel,13
811,Truck,Electric,12
812,Car,Hybrid,3
813,Car,Diesel,12
814,Bus,Hybrid,2
815,Truck,Hybrid,3
816,Truck,Hybrid,2
817,Bus,Hybrid,7
818,Bus,Diesel,0
819,Bus,Diesel,0
820,Bus,Hybrid,8
821,Truck,Hybrid,6
822,Truck,Electric,8
823,Car,Hybrid,2
824,Car,Electric,2
825,Bus,Electric,13
826,Bus,Hybrid,1
827,Bus,Diesel,1
828,Car,Electric,10
829,Car,Diesel,8
830,Car,Hybrid,1
831,Car,Hybrid,3
832,Car,Hybrid,10
833,Car,Hybrid,3
834,Car,Electric,8
835,Bus,Electric,13
836,Bus,Diesel,2
837,Bus,Diesel,9
838,Bus,Electric,13
839,Car,Hybrid,14
840,Truck,Diesel,1
841,Car,Electric,11
842,Truck,Diesel,14
843,Bus,Electric,2
844,Car,Hybrid,13
845,Bus,Electric,8
846,Car,Diesel,4
847,Bus,Electric,4
848,Truck,Diesel,6
849,Truck,Diesel,13
850,Truck,Diesel,0
851,Car,Hybrid,9
852,Truck,Hybrid,4
853,Car,Electric,8
854,Truck,Electric,13
855,Truck,Diesel,13
856,Car,Hybrid,5
857,Car,Electric,11
858,Truck,Electric,7
859,Car,Hybrid,9
860,Truck,Diesel,7
861,Car,Electric,0
862,Bus,Diesel,7
863,Bus,Hybrid,5
864,Bus,Hybrid,3
865,Bus,Electric,2
866,Bus,Electric,4
867,Truck,Hybrid,14
868,Bus,Diesel,12
869,Bus,Diesel,4
870,Bus,Hybrid,6
871,Bus,Electric,8
872,Car,Hybrid,10
873,Truck,Electric,0
874,Bus,Diesel,13
875,Bus,Electric,8
876,Bus,Diesel,2
877,Truck,Hybrid,5
878,Car,Electric,5
879,Truck,Diesel,3
880,Car,Electric,13
881,Bus,Diesel,1
882,Bus,Diesel,4
883,Truck,Hybrid,2
884,Truck,Hybrid,3
885,Car,Electric,5
886,Car,Diesel,10
887,Truck,Hybrid,6
888,Car,Electric,1
889,Truck,Hybrid,10
890,Car,Electric,14
891,Truck,Hybrid,2
892,Truck,Hybrid,11
893,Truck,Diesel,6
894,Car,Diesel,12
895,Car,Hybrid,4
896,Car,Diesel,3
897,Truck,Hybrid,3
898,Car,Electric,8
899,Car,Hybrid,14
900,Truck,Hybrid,8
901,Bus,Electric,9
902,Truck,Electric,6
903,Car,Diesel,0
904,Truck,Electric,0
905,Bus,Diesel,2
906,Truck,Hybrid,2
907,Car,Electric,6
908,Bus,Hybrid,11
909,Car,Diesel,13
910,Bus,Electric,12
911,Bus,Diesel,1
912,Truck,Diesel,7
913,Truck,Electric,0
914,Car,Electric,10
915,Truck,Diesel,12
916,Truck,Electric,14
917,Bus,Diesel,7
918,Truck,Hybrid,8
919,Bus,Hybrid,13
920,Bus,Electric,4
921,Bus,Electric,10
922,Car,Hybrid,3
923,Car,Diesel,5
924,Car,Diesel,5
925,Bus,Diesel,7
926,Car,Electric,7
927,Car,Diesel,0
928,Truck,Electric,8
929,Car,Electric,9
930,Car,Electric,0
931,Bus,Hybrid,2
932,Bus,Diesel,6
933,Bus,Electric,4
934,Bus,Diesel,5
935,Bus,Hybrid,12
936,Bus,Diesel,7
937,Car,Hybrid,3
938,Bus,Electric,13
939,Bus,Electric,13
940,Truck,Hybrid,3
941,Car,Electric,7
942,Car,Diesel,2
943,Car,Diesel,12
944,Bus,Hybrid,5
945,Bus,Diesel,3
946,Bus,Electric,5
947,Truck,Electric,3
948,Bus,Electric,1
949,Truck,Diesel,9
950,Car,Electric,14
951,Bus,Diesel,10
952,Truck,Hybrid,10
953,Truck,Electric,2
954,Bus,Hybrid,10
955,Car,Diesel,7
956,Car,Diesel,12
957,Car,Hybrid,0
958,Truck,Electric,10
959,Truck,Electric,9
960,Truck,Electric,5
961,Truck,Hybrid,8
962,Car,Diesel,0
963,Bus,Hybrid,12
964,Truck,Diesel,3
965,Truck,Electric,6
966,Car,Electric,5
967,Bus,Diesel,5
968,Bus,Electric,8
969,Car,Hybrid,7
970,Car,Diesel,12
971,Bus,Electric,12
972,Truck,Electric,4
973,Bus,Electric,10
974,Car,Electric,13
975,Truck,Diesel,11
976,Truck,Diesel,10
977,Car,Electric,1
978,Car,Hybrid,11
979,Car,Hybrid,2
980,Bus,Hybrid,11
981,Bus,Hybrid,9
982,Truck,Diesel,2
983,Car,Diesel,3
984,Truck,Hybrid,1
985,Truck,Diesel,7
986,Truck,Hybrid,14
987,Truck,Electric,7
988,Car,Electric,13
989,Truck,Hybrid,12
990,Car,Diesel,11
991,Car,Hybrid,7
992,Bus,Diesel,9
993,Car,Electric,13
994,Bus,Diesel,14
995,Car,Hybrid,4
996,Car,Electric,14
997,Car,Electric,9
998,Bus,Diesel,5
999,Bus,Electric,13
1000,Truck,Electric,5
1001,Bus,Diesel,6
1002,Bus,Electric,0
1003,Bus,Hybrid,9
1004,Bus,Diesel,2
1005,Truck,Diesel,10
1006,Bus,Diesel,2
1007,Car,Diesel,10
1008,Car,Hybrid,6
1009,Bus,Diesel,13
1010,Bus,Hybrid,5
1011,Car,Diesel,8
1012,Car,Diesel,8
1013,Truck,Electric,8
1014,Car,Electric,12
1015,Car,Hybrid,3
1016,Bus,Electric,14
1017,Car,Diesel,2
1018,Truck,Hybrid,14
1019,Car,Electric,3
1020,Bus,Diesel,2
1021,Bus,Electric,6
1022,Car,Electric,10
1023,Bus,Electric,2
1024,Truck,Electric,14
1025,Truck,Diesel,0
1026,Car,Electric,7
1027,Car,Hybrid,5
1028,Car,Hybrid,4
1029,Bus,Electric,7
1030,Truck,Hybrid,10
1031,Truck,Electric,7
1032,Bus,Diesel,2
1033,Truck,Diesel,2
1034,Car,Hybrid,9
1035,Car,Hybrid,6
1036,Car,Electric,2
1037,Truck,Electric,8
1038,Car,Electric,7
1039,Bus,Diesel,7
1040,Bus,Electric,8
1041,Truck,Diesel,7
1042,Bus,Hybrid,3
1043,Bus,Diesel,6
1044,Truck,Hybrid,13
1045,Car,Diesel,5
1046,Car,Diesel,0
1047,Car,Electric,11
1048,Truck,Hybrid,4
1049,Bus,Diesel,1
1050,Car,Diesel,8
1051,Car,Hybrid,14
1052,Truck,Diesel,10
1053,Car,Hybrid,14
1054,Truck,Hybrid,14
1055,Bus,Hybrid,12
1056,Truck,Diesel,2
1057,Truck,Diesel,11
1058,Truck,Electric,14
1059,Truck,Hybrid,14
1060,Bus,Diesel,11
1061,Bus,Diesel,6
1062,Car,Hybrid,1
1063,Bus,Hybrid,6
1064,Bus,Hybrid,12
1065,Car,Electric,3
1066,Bus,Electric,10
1067,Truck,Electric,5
1068,Truck,Hybrid,14
1069,Car,Diesel,8
1070,Car,Hybrid,7
1071,Car,Diesel,8
1072,Truck,Electric,13
1073,Bus,Electric,4
1074,Truck,Electric,4
1075,Car,Diesel,3
1076,Bus,Diesel,8
1077,Bus,Hybrid,13
1078,Truck,Hybrid,9
1079,Car,Hybrid,7
1080,Truck,Electric,5
1081,Bus,Hybrid,9
1082,Truck,Electric,13
1083,Truck,Diesel,13
1084,Car,Electric,5
1085,Car,Electric,5
1086,Bus,Electric,5
1087,Truck,Diesel,6
1088,Truck,Diesel,5
1089,Truck,Hybrid,7
1090,Bus,Hybrid,6
1091,Bus,Hybrid,1
1092,Car,Diesel,9
1093,Car,Diesel,3
1094,Car,Diesel,13
1095,Truck,Diesel,10
1096,Truck,Diesel,6
1097,Car,Electric,1
1098,Truck,Hybrid,3
1099,Car,Electric,1
1100,Bus,Hybrid,14
1101,Car,Electric,1
1102,Bus,Diesel,13
1103,Truck,Hybrid,6
1104,Car,Electric,10
1105,Truck,Hybrid,14
1106,Bus,Diesel,1
1107,Bus,Diesel,3
1108,Bus,Hybrid,6
1109,Truck,Hybrid,5
1110,Truck,Diesel,3
1111,Truck,Diesel,8
1112,Truck,Diesel,4
1113,Bus,Electric,1
1114,Bus,Hybrid,13
1115,Car,Diesel,6
1116,Car,Hybrid,9
1117,Truck,Electric,11
1118,Bus,Electric,1
1119,Bus,Diesel,7
1120,Bus,Hybrid,6
1121,Car,Electric,13
1122,Car,Hybrid,11
1123,Bus,Hybrid,8
1124,Bus,Diesel,5
1125,Bus,Electric,6
1126,Car,Electric,9
1127,Bus,Electric,13
1128,Bus,Hybrid,13
1129,Truck,Electric,8
1130,Truck,Electric,6
1131,Car,Hybrid,8
1132,Bus,Electric,7
1133,Bus,Electric,4
1134,Truck,Hybrid,6
1135,Car,Electric,11
1136,Truck,Diesel,6
1137,Truck,Hybrid,0
1138,Truck,Electric,3
1139,Truck,Diesel,4
1140,Bus,Hybrid,11
1141,Bus,Electric,5
1142,Truck,Hybrid,6
1143,Car,Diesel,4
1144,Car,Hybrid,1
1145,Car,Electric,4
1146,Car,Diesel,4
1147,Truck,Hybrid,6
1148,Bus,Electric,12
1149,Car,Electric,2
1150,Truck,Diesel,0
1151,Car,Diesel,11
1152,Car,Hybrid,5
1153,Truck,Electric,11
1154,Bus,Diesel,6
1155,Bus,Electric,10
1156,Truck,Hybrid,9
1157,Bus,Diesel,14
1158,Truck,Hybrid,7
1159,Truck,Hybrid,13
1160,Truck,Diesel,6
1161,Bus,Hybrid,14
1162,Truck,Electric,6
1163,Car,Diesel,6
1164,Bus,Electric,0
1165,Bus,Hybrid,8
1166,Bus,Diesel,8
1167,Bus,Electric,6
1168,Car,Electric,8
1169,Bus,Electric,10
1170,Bus,Electric,3
1171,Truck,Electric,6
1172,Bus,Hybrid,1
1173,Car,Hybrid,13
1174,Car,Hybrid,5
1175,Car,Hybrid,14
1176,Car,Hybrid,1
1177,Bus,Hybrid,9
1178,Bus,Hybrid,2
1179,Car,Electric,10
1180,Car,Hybrid,12
1181,Bus,Electric,10
1182,Car,Diesel,0
1183,Truck,Hybrid,6
1184,Car,Electric,11
1185,Car,Diesel,1
1186,Truck,Diesel,2
1187,Truck,Electric,11
1188,Bus,Electric,0
1189,Bus,Electric,2
1190,Truck,Hybrid,10
1191,Truck,Diesel,3
1192,Bus,Hybrid,13
1193,Car,Hybrid,6
1194,Truck,Hybrid,5
1195,Bus,Diesel,0
1196,Car,Diesel,10
1197,Truck,Diesel,3
1198,Car,Electric,8
1199,Bus,Hybrid,2
1200,Truck,Electric,5
1201,Car,Electric,10
1202,Truck,Hybrid,1
1203,Car,Diesel,4
1204,Bus,Hybrid,8
1205,Bus,Electric,11
1206,Truck,Diesel,1
1207,Car,Diesel,2
1208,Truck,Electric,11
1209,Truck,Diesel,1
1210,Car,Diesel,1
1211,Car,Hybrid,5
1212,Car,Hybrid,5
1213,Bus,Electric,4
1214,Truck,Electric,13
1215,Truck,Electric,1
1216,Bus,Diesel,0
1217,Car,Electric,12
1218,Bus,Hybrid,12
1219,Bus,Diesel,2
1220,Bus,Electric,2
1221,Truck,Diesel,8
1222,Bus,Diesel,3
1223,Truck,Diesel,13
1224,Truck,Electric,13
1225,Truck,Diesel,8
1226,Car,Diesel,12
1227,Truck,Diesel,10
1228,Truck,Hybrid,0
1229,Car,Electric,2
1230,Truck,Hybrid,0
1231,Bus,Diesel,5
1232,Bus,Diesel,0
1233,Truck,Hybrid,1
1234,Car,Diesel,8
1235,Bus,Hybrid,10
1236,Car,Diesel,0
1237,Car,Diesel,3
1238,Bus,Diesel,5
1239,Car,Diesel,13
1240,Bus,Electric,1
1241,Car,Electric,0
1242,Bus,Electric,3
1243,Truck,Hybrid,2
1244,Bus,Hybrid,6
1245,Bus,Hybrid,6
1246,Bus,Hybrid,11
1247,Bus,Electric,13
1248,Car,Hybrid,9
1249,Truck,Hybrid,10
1250,Bus,Hybrid,6
1251,Car,Diesel,8
1252,Truck,Hybrid,8
1253,Truck,Diesel,3
1254,Truck,Hybrid,8
1255,Truck,Hybrid,14
1256,Bus,Diesel,10
1257,Bus,Hybrid,6
1258,Car,Diesel,5
1259,Car,Hybrid,10
1260,Car,Hybrid,8
1261,Truck,Diesel,3
1262,Truck,Electric,0
1263,Bus,Diesel,5
1264,Truck,Electric,12
1265,Truck,Diesel,0
1266,Truck,Electric,9
1267,Car,Hybrid,8
1268,Car,Electric,13
1269,Bus,Hybrid,4
1270,Truck,Diesel,1
1271,Truck,Electric,11
1272,Bus,Hybrid,7
1273,Truck,Diesel,9
1274,Truck,Electric,10
1275,Car,Hybrid,5
1276,Bus,Electric,12
1277,Bus,Electric,2
1278,Bus,Hybrid,10
1279,Bus,Hybrid,14
1280,Car,Diesel,1
1281,Car,Hybrid,9
1282,Truck,Hybrid,10
1283,Truck,Electric,13
1284,Truck,Hybrid,3
1285,Truck,Electric,0
1286,Car,Electric,0
1287,Bus,Hybrid,4
1288,Car,Hybrid,9
1289,Truck,Hybrid,8
1290,Car,Hybrid,11
1291,Bus,Diesel,4
1292,Bus,Electric,5
1293,Car,Diesel,9
1294,Car,Diesel,8
1295,Car,Electric,2
1296,Truck,Diesel,11
1297,Car,Hybrid,14
1298,Car,Hybrid,3
1299,Car,Hybrid,1
1300,Bus,Hybrid,13
1301,Bus,Electric,3
1302,Truck,Hybrid,7
1303,Truck,Electric,1
1304,Bus,Electric,3
1305,Bus,Electric,7
1306,Bus,Electric,6
1307,Car,Diesel,8
1308,Car,Diesel,14
1309,Bus,Hybrid,13
1310,Car,Electric,14
1311,Car,Hybrid,1
1312,Truck,Hybrid,3
1313,Bus,Hybrid,8
1314,Bus,Hybrid,5
1315,Car,Electric,8
1316,Bus,Electric,8
1317,Truck,Diesel,6
1318,Truck,Electric,13
1319,Truck,Electric,6
1320,Bus,Hybrid,7
1321,Bus,Electric,1
1322,Bus,Hybrid,9
1323,Bus,Electric,11
1324,Bus,Diesel,13
1325,Truck,Hybrid,6
1326,Car,Electric,14
1327,Truck,Electric,5
1328,Bus,Hybrid,6
1329,Truck,Diesel,5
1330,Bus,Diesel,10
1331,Bus,Electric,2
1332,Truck,Electric,4
1333,Bus,Electric,2
1334,Car,Hybrid,5
1335,Bus,Hybrid,14
1336,Car,Hybrid,2
1337,Car,Electric,11
1338,Bus,Diesel,1
1339,Truck,Hybrid,10
1340,Car,Diesel,12
1341,Truck,Electric,3
1342,Car,Hybrid,8
1343,Bus,Hybrid,0
1344,Bus,Hybrid,7
1345,Car,Electric,4
1346,Bus,Electric,1
1347,Car,Electric,13
1348,Bus,Diesel,8
1349,Truck,Diesel,1
1350,Bus,Hybrid,10
1351,Truck,Hybrid,10
1352,Bus,Electric,2
1353,Truck,Electric,0
1354,Bus,Electric,0
1355,Truck,Hybrid,1
1356,Car,Electric,1
1357,Car,Diesel,13
1358,Truck,Diesel,12
1359,Bus,Hybrid,5
1360,Truck,Hybrid,14
1361,Bus,Diesel,10
1362,Car,Electric,7
1363,Bus,Hybrid,11
1364,Car,Hybrid,3
1365,Bus,Hybrid,2
1366,Bus,Diesel,12
1367,Bus,Hybrid,13
1368,Truck,Diesel,1
1369,Truck,Diesel,0
1370,Car,Electric,7
1371,Car,Electric,12
1372,Truck,Electric,6
1373,Car,Hybrid,12
1374,Truck,Diesel,14
1375,Bus,Hybrid,10
1376,Car,Diesel,1
1377,Car,Hybrid,11
1378,Truck,Diesel,6
1379,Car,Electric,11
1380,Car,Electric,5
1381,Bus,Hybrid,7
1382,Car,Diesel,14
1383,Bus,Electric,5
1384,Truck,Diesel,3
1385,Car,Hybrid,12
1386,Bus,Electric,13
1387,Truck,Hybrid,7
1388,Car,Hybrid,0
1389,Truck,Diesel,9
1390,Car,Hybrid,0
1391,Truck,Hybrid,3
1392,Truck,Diesel,0
1393,Bus,Diesel,4
1394,Truck,Hybrid,10
1395,Car,Electric,8
1396,Car,Electric,13
1397,Bus,Diesel,8
1398,Car,Hybrid,8
1399,Car,Electric,5
1400,Car,Diesel,11
1401,Truck,Diesel,0
1402,Truck,Diesel,9
1403,Car,Hybrid,4
1404,Bus,Diesel,9
1405,Truck,Electric,1
1406,Bus,Hybrid,11
1407,Car,Electric,0
1408,Car,Electric,12
1409,Truck,Electric,4
1410,Car,Hybrid,4
1411,Truck,Electric,0
1412,Car,Diesel,12
1413,Car,Diesel,14
1414,Truck,Electric,12
1415,Truck,Diesel,6
1416,Truck,Hybrid,2
1417,Car,Hybrid,10
1418,Car,Diesel,12
1419,Bus,Diesel,5
1420,Truck,Hybrid,1
1421,Car,Electric,13
1422,Car,Hybrid,8
1423,Truck,Electric,1
1424,Bus,Diesel,1
1425,Truck,Diesel,0
1426,Bus,Electric,0
1427,Car,Electric,11
1428,Bus,Hybrid,3
1429,Car,Electric,6
1430,Truck,Diesel,3
1431,Truck,Diesel,4
1432,Truck,Diesel,5
1433,Bus,Electric,4
1434,Car,Electric,4
1435,Truck,Diesel,13
1436,Truck,Electric,3
1437,Car,Hybrid,13
1438,Truck,Hybrid,8
1439,Car,Electric,4
1440,Car,Electric,8
1441,Car,Diesel,13
1442,Car,Electric,14
1443,Car,Diesel,3
1444,Bus,Hybrid,8
1445,Truck,Electric,4
1446,Bus,Hybrid,7
1447,Truck,Electric,0
1448,Bus,Electric,14
1449,Car,Diesel,3
1450,Truck,Diesel,12
1451,Truck,Electric,14
1452,Bus,Electric,12
1453,Bus,Diesel,3
1454,Truck,Hybrid,1
1455,Bus,Electric,2
1456,Bus,Diesel,7
1457,Bus,Electric,11
1458,Car,Diesel,7
1459,Car,Hybrid,13
1460,Bus,Electric,0
1461,Bus,Electric,1
1462,Car,Hybrid,3
1463,Car,Electric,10
1464,Truck,Electric,12
1465,Truck,Electric,5
1466,Car,Diesel,2
1467,Bus,Diesel,6
1468,Bus,Electric,2
1469,Bus,Hybrid,7
1470,Bus,Hybrid,5
1471,Truck,Electric,7
1472,Car,Diesel,6
1473,Bus,Diesel,11
1474,Truck,Electric,4
1475,Bus,Diesel,4
1476,Car,Diesel,2
1477,Truck,Hybrid,3
1478,Car,Electric,14
1479,Car,Diesel,7
1480,Truck,Diesel,4
1481,Truck,Diesel,12
1482,Truck,Electric,14
1483,Truck,Electric,8
1484,Truck,Diesel,2
1485,Truck,Hybrid,9
1486,Truck,Hybrid,2
1487,Bus,Electric,7
1488,Car,Hybrid,7
1489,Truck,Diesel,11
1490,Bus,Electric,6
1491,Bus,Electric,5
1492,Bus,Hybrid,6
1493,Car,Electric,6
1494,Truck,Hybrid,5
1495,Bus,Hybrid,12
1496,Car,Diesel,12
1497,Car,Hybrid,8
1498,Car,Hybrid,4
1499,Bus,Electric,4
1500,Truck,Diesel,5
1501,Bus,Diesel,9
1502,Bus,Hybrid,10
1503,Truck,Electric,12
1504,Truck,Electric,3
1505,Truck,Electric,9
1506,Car,Diesel,9
1507,Truck,Diesel,8
1508,Bus,Hybrid,11
1509,Truck,Hybrid,1
1510,Bus,Electric,10
1511,Car,Hybrid,11
1512,Bus,Electric,2
1513,Bus,Diesel,8
1514,Truck,Hybrid,0
1515,Truck,Electric,4
1516,Bus,Diesel,2
1517,Truck,Electric,13
1518,Car,Hybrid,2
1519,Car,Electric,0
1520,Truck,Diesel,7
1521,Car,Hybrid,13
1522,Truck,Diesel,2
1523,Bus,Hybrid,3
1524,Bus,Electric,4
1525,Car,Diesel,4
1526,Truck,Diesel,11
1527,Truck,Electric,1
1528,Car,Diesel,6
1529,Bus,Diesel,5
1530,Car,Diesel,13
1531,Bus,Diesel,10
1532,Truck,Electric,6
1533,Bus,Diesel,14
1534,Car,Diesel,9
1535,Truck,Diesel,9
1536,Car,Hybrid,2
1537,Car,Hybrid,7
1538,Bus,Electric,14
1539,Car,Electric,5
1540,Bus,Electric,6
1541,Truck,Diesel,8
1542,Bus,Hybrid,7
1543,Truck,Hybrid,7
1544,Bus,Electric,2
1545,Car,Hybrid,0
1546,Bus,Electric,11
1547,Bus,Diesel,0
1548,Truck,Hybrid,9
1549,Car,Diesel,1
1550,Bus,Diesel,7
1551,Car,Hybrid,9
1552,Bus,Electric,14
1553,Bus,Hybrid,5
1554,Car,Diesel,14
1555,Bus,Electric,5
1556,Car,Diesel,0
1557,Bus,Electric,1
1558,Truck,Hybrid,4
1559,Car,Diesel,2
1560,Bus,Electric,1
1561,Bus,Electric,13
1562,Truck,Hybrid,8
1563,Car,Electric,9
1564,Bus,Electric,6
1565,Truck,Diesel,0
1566,Bus,Hybrid,14
1567,Car,Hybrid,10
1568,Bus,Diesel,0
1569,Bus,Diesel,2
1570,Bus,Diesel,9
1571,Bus,Electric,14
1572,Truck,Hybrid,5
1573,Truck,Hybrid,12
1574,Car,Hybrid,1
1575,Truck,Electric,10
1576,Truck,Hybrid,7
1577,Car,Hybrid,13
1578,Truck,Hybrid,11
1579,Truck,Hybrid,3
1580,Car,Diesel,7
1581,Car,Electric,11
1582,Car,Hybrid,6
1583,Bus,Hybrid,1
1584,Bus,Hybrid,8
1585,Car,Hybrid,4
1586,Car,Hybrid,5
1587,Car,Diesel,12
1588,Bus,Diesel,13
1589,Bus,Electric,14
1590,Truck,Electric,1
1591,Truck,Hybrid,2
1592,Car,Hybrid,9
1593,Bus,Diesel,11
1594,Bus,Electric,7
1595,Bus,Hybrid,10
1596,Car,Hybrid,4
1597,Truck,Hybrid,9
1598,Car,Electric,0
1599,Truck,Diesel,8
1600,Truck,Diesel,14
1601,Car,Hybrid,12
1602,Truck,Hybrid,10
1603,Truck,Hybrid,11
1604,Bus,Hybrid,0
1605,Truck,Hybrid,8
1606,Car,Electric,9
1607,Car,Diesel,5
1608,Truck,Electric,6
1609,Bus,Electric,12
1610,Bus,Hybrid,0
1611,Truck,Electric,9
1612,Truck,Diesel,10
1613,Car,Hybrid,13
1614,Truck,Diesel,0
1615,Bus,Electric,14
1616,Truck,Hybrid,4
1617,Car,Diesel,1
1618,Car,Diesel,10
1619,Car,Hybrid,9
1620,Car,Diesel,11
1621,Car,Hybrid,4
1622,Truck,Hybrid,4
1623,Truck,Electric,5
1624,Truck,Diesel,8
1625,Truck,Hybrid,5
1626,Car,Electric,9
1627,Bus,Electric,10
1628,Truck,Hybrid,0
1629,Bus,Hybrid,4
1630,Truck,Diesel,1
1631,Truck,Diesel,10
1632,Bus,Diesel,13
1633,Car,Hybrid,7
1634,Truck,Electric,12
1635,Truck,Electric,6
1636,Truck,Hybrid,10
1637,Bus,Diesel,5
1638,Car,Electric,1
1639,Bus,Electric,2
1640,Bus,Diesel,8
1641,Car,Electric,8
1642,Bus,Diesel,6
1643,Car,Electric,1
1644,Truck,Electric,13
1645,Car,Electric,12
1646,Truck,Diesel,11
1647,Bus,Electric,11
1648,Bus,Electric,11
1649,Truck,Electric,12
1650,Bus,Hybrid,6
1651,Car,Electric,0
1652,Truck,Electric,8
1653,Bus,Diesel,13
1654,Truck,Diesel,13
1655,Car,Hybrid,8
1656,Car,Diesel,5
1657,Bus,Diesel,9
1658,Car,Diesel,13
1659,Truck,Hybrid,0
1660,Car,Hybrid,7
1661,Truck,Electric,5
1662,Truck,Electric,8
1663,Car,Diesel,8
1664,Bus,Electric,14
1665,Car,Electric,6
1666,Truck,Hybrid,3
1667,Truck,Hybrid,10
1668,Car,Electric,0
1669,Bus,Electric,2
1670,Bus,Electric,5
1671,Truck,Diesel,14
1672,Truck,Hybrid,0
1673,Bus,Electric,3
1674,Car,Electric,7
1675,Truck,Diesel,11
1676,Truck,Hybrid,7
1677,Bus,Diesel,5
1678,Car,Diesel,13
1679,Bus,Electric,5
1680,Car,Diesel,2
1681,Car,Diesel,6
1682,Car,Electric,14
1683,Truck,Hybrid,11
1684,Bus,Electric,7
1685,Bus,Hybrid,14
1686,Car,Diesel,1
1687,Truck,Diesel,12
1688,Truck,Electric,14
1689,Bus,Electric,4
1690,Truck,Electric,5
1691,Truck,Diesel,0
1692,Car,Diesel,11
1693,Truck,Hybrid,4
1694,Car,Electric,2
1695,Bus,Diesel,2
1696,Truck,Hybrid,5
1697,Bus,Electric,10
1698,Bus,Electric,0
1699,Truck,Hybrid,4
1700,Truck,Hybrid,4
1701,Bus,Hybrid,4
1702,Truck,Diesel,2
1703,Car,Electric,5
1704,Car,Electric,10
1705,Truck,Hybrid,0
1706,Bus,Diesel,13
1707,Truck,Hybrid,9
1708,Truck,Diesel,12
1709,Bus,Electric,0
1710,Bus,Electric,10
1711,Car,Diesel,1
1712,Bus,Electric,3
1713,Car,Electric,9
1714,Bus,Hybrid,14
1715,Truck,Diesel,8
1716,Car,Electric,9
1717,Car,Electric,7
1718,Car,Diesel,10
1719,Truck,Electric,9
1720,Truck,Diesel,10
1721,Truck,Diesel,1
1722,Truck,Hybrid,0
1723,Truck,Diesel,3
1724,Car,Hybrid,4
1725,Truck,Electric,1
1726,Car,Diesel,11
1727,Truck,Hybrid,9
1728,Bus,Diesel,5
1729,Car,Electric,7
1730,Bus,Hybrid,11
1731,Car,Hybrid,10
1732,Bus,Hybrid,11
1733,Truck,Electric,4
1734,Truck,Hybrid,3
1735,Truck,Electric,6
1736,Car,Electric,12
1737,Bus,Diesel,4
1738,Truck,Electric,11
1739,Bus,Hybrid,7
1740,Bus,Hybrid,6
1741,Truck,Electric,4
1742,Truck,Electric,12
1743,Bus,Diesel,13
1744,Truck,Diesel,10
1745,Truck,Hybrid,14
1746,Truck,Electric,7
1747,Car,Hybrid,0
1748,Bus,Electric,7
1749,Bus,Hybrid,2
1750,Car,Hybrid,0
1751,Bus,Hybrid,8
1752,Truck,Electric,10
1753,Bus,Diesel,12
1754,Truck,Diesel,5
1755,Car,Electric,14
1756,Truck,Diesel,10
1757,Bus,Hybrid,12
1758,Bus,Electric,10
1759,Bus,Electric,7
1760,Car,Diesel,10
1761,Car,Diesel,13
1762,Bus,Hybrid,9
1763,Truck,Electric,11
1764,Car,Diesel,10
1765,Bus,Electric,3
1766,Bus,Hybrid,12
1767,Car,Hybrid,1
1768,Car,Hybrid,5
1769,Car,Electric,1
1770,Truck,Electric,0
1771,Truck,Electric,14
1772,Bus,Electric,6
1773,Car,Electric,13
1774,Truck,Hybrid,6
1775,Car,Hybrid,5
1776,Bus,Hybrid,11
1777,Truck,Diesel,1
1778,Truck,Hybrid,4
1779,Truck,Electric,0
1780,Bus,Hybrid,1
1781,Car,Diesel,12
1782,Truck,Diesel,11
1783,Bus,Diesel,4
1784,Car,Diesel,4
1785,Bus,Diesel,6
1786,Car,Electric,14
1787,Bus,Hybrid,4
1788,Car,Electric,10
1789,Truck,Electric,5
1790,Car,Diesel,1
1791,Bus,Hybrid,4
1792,Bus,Hybrid,7
1793,Car,Hybrid,0
1794,Truck,Diesel,10
1795,Truck,Electric,12
1796,Car,Hybrid,12
1797,Car,Electric,13
1798,Bus,Hybrid,9
1799,Truck,Hybrid,6
1800,Car,Hybrid,7
1801,Truck,Hybrid,14
1802,Car,Diesel,10
1803,Car,Diesel,12
1804,Truck,Electric,4
1805,Car,Diesel,3
1806,Car,Hybrid,0
1807,Bus,Electric,8
1808,Car,Electric,1
1809,Car,Electric,14
1810,Car,Hybrid,10
1811,Bus,Hybrid,13
1812,Truck,Electric,13
1813,Bus,Diesel,4
1814,Bus,Hybrid,6
1815,Truck,Hybrid,7
1816,Bus,Diesel,14
1817,Truck,Electric,13
1818,Bus,Diesel,10
1819,Truck,Hybrid,9
1820,Car,Electric,14
1821,Bus,Electric,3
1822,Bus,Diesel,9
1823,Bus,Hybrid,0
1824,Bus,Hybrid,6
1825,Car,Electric,11
1826,Bus,Hybrid,12
1827,Car,Electric,9
1828,Car,Electric,10
1829,Car,Electric,10
1830,Car,Hybrid,8
1831,Truck,Diesel,0
1832,Truck,Electric,13
1833,Bus,Diesel,0
1834,Truck,Diesel,14
1835,Truck,Diesel,14
1836,Bus,Diesel,14
1837,Bus,Diesel,6
1838,Bus,Electric,8
1839,Truck,Hybrid,4
1840,Truck,Diesel,3
1841,Bus,Hybrid,5
1842,Car,Hybrid,8
1843,Bus,Electric,1
1844,Car,Diesel,4
1845,Car,Hybrid,3
1846,Bus,Hybrid,12
1847,Bus,Diesel,2
1848,Bus,Electric,4
1849,Truck,Electric,13
1850,Car,Diesel,6
1851,Truck,Hybrid,12
1852,Truck,Electric,10
1853,Bus,Electric,2
1854,Truck,Hybrid,2
1855,Bus,Hybrid,13
1856,Car,Hybrid,5
1857,Bus,Hybrid,4
1858,Truck,Diesel,2
1859,Truck,Hybrid,0
1860,Bus,Electric,9
1861,Bus,Hybrid,14
1862,Truck,Hybrid,1
1863,Car,Diesel,14
1864,Car,Diesel,2
1865,Bus,Hybrid,3
1866,Car,Diesel,14
1867,Truck,Diesel,4
1868,Bus,Diesel,9
1869,Truck,Diesel,13
1870,Truck,Hybrid,13
1871,Car,Diesel,14
1872,Bus,Diesel,8
1873,Bus,Electric,3
1874,Car,Hybrid,11
1875,Truck,Diesel,8
1876,Truck,Electric,4
1877,Truck,Diesel,12
1878,Truck,Hybrid,2
1879,Bus,Electric,6
1880,Bus,Electric,7
1881,Car,Hybrid,8
1882,Car,Electric,8
1883,Bus,Electric,5
1884,Bus,Diesel,14
1885,Truck,Electric,8
1886,Truck,Hybrid,2
1887,Car,Diesel,1
1888,Bus,Electric,4
1889,Car,Diesel,6
1890,Bus,Hybrid,10
1891,Truck,Electric,14
1892,Car,Hybrid,6
1893,Car,Hybrid,14
1894,Bus,Electric,10
1895,Truck,Electric,5
1896,Car,Diesel,2
1897,Truck,Hybrid,13
1898,Car,Electric,5
1899,Truck,Hybrid,14
1900,Bus,Electric,0
1901,Car,Hybrid,2
1902,Car,Diesel,1
1903,Truck,Hybrid,14
1904,Truck,Electric,3
1905,Car,Diesel,7
1906,Bus,Diesel,2
1907,Truck,Electric,14
1908,Truck,Diesel,5
1909,Truck,Hybrid,9
1910,Car,Hybrid,13
1911,Car,Electric,0
1912,Car,Hybrid,3
1913,Car,Electric,4
1914,Bus,Diesel,4
1915,Bus,Hybrid,0
1916,Car,Electric,14
1917,Bus,Hybrid,8
1918,Truck,Diesel,4
1919,Truck,Diesel,8
1920,Truck,Hybrid,6
1921,Car,Diesel,4
1922,Truck,Electric,8
1923,Bus,Hybrid,4
1924,Car,Hybrid,9
1925,Bus,Diesel,8
1926,Truck,Electric,4
1927,Truck,Hybrid,0
1928,Truck,Hybrid,6
1929,Car,Diesel,4
1930,Bus,Diesel,4
1931,Car,Electric,5
1932,Car,Electric,5
1933,Truck,Diesel,6
1934,Car,Electric,11
1935,Car,Diesel,14
1936,Truck,Hybrid,7
1937,Car,Diesel,0
1938,Truck,Diesel,9
1939,Truck,Diesel,10
1940,Truck,Hybrid,2
1941,Truck,Electric,5
1942,Car,Electric,0
1943,Truck,Electric,13
1944,Truck,Diesel,4
1945,Car,Diesel,4
1946,Car,Electric,9
1947,Bus,Hybrid,8
1948,Car,Hybrid,10
1949,Car,Hybrid,1
1950,Bus,Hybrid,6
1951,Car,Diesel,8
1952,Car,Electric,7
1953,Car,Hybrid,0
1954,Car,Diesel,13
1955,Bus,Diesel,13
1956,Car,Diesel,0
1957,Car,Electric,11
1958,Bus,Diesel,1
1959,Truck,Electric,0
1960,Bus,Electric,7
1961,Truck,Electric,6
1962,Bus,Electric,5
1963,Bus,Diesel,14
1964,Car,Diesel,1
1965,Truck,Diesel,10
1966,Car,Hybrid,8
1967,Truck,Hybrid,12
1968,Bus,Electric,0
1969,Bus,Electric,0
1970,Truck,Electric,1
1971,Car,Electric,6
1972,Car,Electric,9
1973,Car,Hybrid,13
1974,Car,Electric,11
1975,Bus,Diesel,0
1976,Bus,Electric,13
1977,Bus,Diesel,2
1978,Bus,Diesel,9
1979,Bus,Diesel,7
1980,Car,Diesel,11
1981,Car,Electric,6
1982,Car,Electric,7
1983,Car,Electric,12
1984,Bus,Electric,12
1985,Bus,Electric,11
1986,Bus,Hybrid,5
1987,Truck,Diesel,7
1988,Car,Diesel,14
1989,Car,Hybrid,4
1990,Bus,Hybrid,8
1991,Car,Electric,9
1992,Car,Electric,10
1993,Bus,Diesel,12
1994,Truck,Electric,0
1995,Truck,Diesel,6
1996,Truck,Electric,5
1997,Bus,Electric,7
1998,Car,Diesel,1
1999,Bus,Hybrid,0
2000,Bus,Hybrid,0
2001,Car,Electric,13
2002,Truck,Hybrid,1
2003,Truck,Electric,4
2004,Bus,Hybrid,6
2005,Truck,Hybrid,14
2006,Bus,Diesel,12
2007,Bus,Hybrid,8
2008,Car,Electric,3
2009,Car,Diesel,12
2010,Car,Hybrid,8
2011,Bus,Diesel,13
2012,Car,Hybrid,10
2013,Truck,Electric,14
2014,Truck,Electric,2
2015,Bus,Diesel,11
2016,Bus,Hybrid,5
2017,Car,Hybrid,8
2018,Bus,Diesel,10
2019,Bus,Diesel,14
2020,Truck,Electric,13
2021,Truck,Diesel,12
2022,Car,Hybrid,0
2023,Bus,Diesel,11
2024,Bus,Electric,3
2025,Truck,Diesel,4
2026,Bus,Hybrid,10
2027,Truck,Diesel,5
2028,Car,Diesel,10
2029,Truck,Diesel,7
2030,Bus,Electric,11
2031,Car,Electric,1
2032,Truck,Electric,5
2033,Truck,Electric,6
2034,Car,Hybrid,5
2035,Car,Hybrid,13
2036,Truck,Electric,3
2037,Bus,Electric,5
2038,Truck,Electric,3
2039,Car,Diesel,8
2040,Truck,Hybrid,12
2041,Car,Diesel,0
2042,Car,Electric,11
2043,Bus,Hybrid,8
2044,Car,Electric,10
2045,Car,Diesel,3
2046,Bus,Hybrid,2
2047,Car,Diesel,10
2048,Bus,Hybrid,4
2049,Bus,Electric,2
2050,Car,Hybrid,0
2051,Car,Diesel,7
2052,Truck,Diesel,8
2053,Bus,Diesel,5
2054,Truck,Diesel,1
2055,Car,Electric,12
2056,Truck,Diesel,5
2057,Bus,Electric,5
2058,Truck,Hybrid,5
2059,Bus,Diesel,9
2060,Car,Hybrid,10
2061,Car,Hybrid,13
2062,Bus,Electric,11
2063,Car,Diesel,8
2064,Car,Electric,3
2065,Car,Diesel,1
2066,Car,Hybrid,7
2067,Bus,Electric,5
2068,Truck,Diesel,14
2069,Truck,Hybrid,14
2070,Car,Electric,14
2071,Truck,Electric,9
2072,Truck,Electric,0
2073,Car,Electric,14
2074,Car,Hybrid,5
2075,Truck,Hybrid,1
2076,Bus,Hybrid,3
2077,Car,Hybrid,1
2078,Bus,Diesel,3
2079,Truck,Hybrid,6
2080,Car,Electric,7
2081,Bus,Electric,13
2082,Car,Electric,2
2083,Truck,Electric,13
2084,Bus,Diesel,12
2085,Truck,Electric,0
2086,Truck,Electric,9
2087,Car,Electric,14
2088,Bus,Hybrid,13
2089,Truck,Hybrid,0
2090,Truck,Diesel,9
2091,Bus,Diesel,14
2092,Truck,Diesel,10
2093,Truck,Electric,6
2094,Bus,Diesel,14
2095,Bus,Hybrid,11
2096,Bus,Hybrid,0
2097,Bus,Hybrid,2
2098,Car,Electric,10
2099,Bus,Electric,4
2100,Car,Diesel,10
2101,Car,Diesel,4
2102,Car,Diesel,14
2103,Truck,Diesel,10
2104,Car,Electric,14
2105,Car,Hybrid,3
2106,Truck,Electric,7
2107,Truck,Diesel,2
2108,Truck,Electric,7
2109,Bus,Hybrid,5
2110,Truck,Electric,3
2111,Truck,Hybrid,9
2112,Car,Diesel,10
2113,Truck,Electric,14
2114,Bus,Diesel,2
2115,Truck,Diesel,9
2116,Bus,Hybrid,14
2117,Truck,Hybrid,12
2118,Truck,Diesel,11
2119,Truck,Hybrid,9
2120,Truck,Hybrid,1
2121,Bus,Diesel,5
2122,Bus,Diesel,14
2123,Car,Hybrid,0
2124,Bus,Diesel,9
2125,Truck,Diesel,7
2126,Car,Hybrid,12
2127,Car,Electric,4
2128,Car,Electric,12
2129,Truck,Diesel,6
2130,Bus,Hybrid,11
2131,Truck,Diesel,11
2132,Car,Hybrid,6
2133,Truck,Diesel,10
2134,Truck,Diesel,9
2135,Bus,Hybrid,5
2136,Bus,Diesel,4
2137,Car,Electric,1
2138,Truck,Electric,14
2139,Truck,Hybrid,2
2140,Bus,Diesel,14
2141,Truck,Electric,2
2142,Truck,Hybrid,4
2143,Truck,Hybrid,1
2144,Bus,Hybrid,10
2145,Car,Electric,0
2146,Car,Electric,3
2147,Truck,Electric,9
2148,Car,Electric,12
2149,Bus,Diesel,2
2150,Bus,Electric,10
2151,Car,Hybrid,2
2152,Car,Diesel,11
2153,Truck,Electric,9
2154,Car,Diesel,10
2155,Truck,Hybrid,5
2156,Truck,Electric,11
2157,Bus,Diesel,8
2158,Bus,Electric,9
2159,Bus,Diesel,12
2160,Bus,Diesel,9
2161,Car,Hybrid,10
2162,Bus,Hybrid,14
2163,Car,Electric,12
2164,Bus,Electric,13
2165,Car,Diesel,1
2166,Truck,Hybrid,4
2167,Car,Hybrid,1
2168,Car,Diesel,5
2169,Bus,Hybrid,0
2170,Car,Hybrid,0
2171,Truck,Diesel,8
2172,Truck,Electric,9
2173,Bus,Electric,4
2174,Truck,Electric,8
2175,Car,Diesel,11
2176,Truck,Electric,11
2177,Bus,Diesel,7
2178,Car,Diesel,8
2179,Bus,Hybrid,8
2180,Car,Hybrid,7
2181,Truck,Electric,2
2182,Bus,Diesel,6
2183,Bus,Electric,3
2184,Car,Electric,7
2185,Bus,Hybrid,6
2186,Car,Electric,11
2187,Car,Electric,8
2188,Car,Hybrid,7
2189,Car,Electric,13
2190,Truck,Electric,2
2191,Car,Diesel,4
2192,Bus,Electric,2
2193,Truck,Hybrid,10
2194,Bus,Hybrid,11
2195,Truck,Diesel,8
2196,Car,Hybrid,0
2197,Truck,Hybrid,6
2198,Truck,Hybrid,8
2199,Bus,Electric,2
2200,Bus,Diesel,6
2201,Car,Diesel,6
2202,Truck,Diesel,10
2203,Truck,Diesel,13
2204,Truck,Hybrid,1
2205,Car,Electric,4
2206,Car,Hybrid,9
2207,Car,Hybrid,13
2208,Car,Hybrid,12
2209,Car,Hybrid,6
2210,Bus,Diesel,1
2211,Truck,Diesel,9
2212,Truck,Electric,9
2213,Truck,Hybrid,1
2214,Truck,Diesel,10
2215,Truck,Electric,12
2216,Truck,Hybrid,5
2217,Truck,Hybrid,1
2218,Truck,Diesel,9
2219,Bus,Hybrid,13
2220,Truck,Hybrid,0
2221,Bus,Diesel,2
2222,Car,Electric,11
2223,Truck,Electric,0
2224,Car,Diesel,5
2225,Car,Diesel,3
2226,Car,Electric,1
2227,Bus,Electric,12
2228,Car,Diesel,14
2229,Car,Diesel,11
2230,Car,Diesel,6
2231,Truck,Hybrid,6
2232,Truck,Diesel,7
2233,Bus,Hybrid,11
2234,Bus,Electric,11
2235,Truck,Electric,6
2236,Bus,Diesel,12
2237,Truck,Diesel,0
2238,Car,Electric,2
2239,Car,Electric,12
2240,Bus,Electric,0
2241,Truck,Electric,1
2242,Truck,Diesel,0
2243,Bus,Hybrid,11
2244,Truck,Electric,8
2245,Car,Electric,6
2246,Bus,Hybrid,8
2247,Bus,Diesel,14
2248,Truck,Hybrid,7
2249,Bus,Diesel,9
2250,Truck,Diesel,1
2251,Truck,Diesel,0
2252,Truck,Diesel,4
2253,Truck,Diesel,6
2254,Truck,Electric,1
2255,Bus,Diesel,3
2256,Car,Electric,6
2257,Car,Diesel,12
2258,Bus,Electric,13
2259,Bus,Hybrid,8
2260,Car,Hybrid,5
2261,Car,Electric,6
2262,Car,Diesel,7
2263,Car,Electric,11
2264,Car,Electric,11
2265,Truck,Diesel,7
2266,Bus,Hybrid,12
2267,Truck,Electric,8
2268,Car,Hybrid,11
2269,Car,Hybrid,13
2270,Car,Hybrid,14
2271,Truck,Electric,13
2272,Truck,Electric,9
2273,Car,Diesel,1
2274,Truck,Diesel,12
2275,Truck,Electric,14
2276,Car,Diesel,14
2277,Truck,Hybrid,6
2278,Bus,Hybrid,1
2279,Bus,Electric,6
2280,Bus,Hybrid,10
2281,Bus,Electric,8
2282,Car,Electric,3
2283,Car,Electric,11
2284,Car,Hybrid,4
2285,Bus,Electric,4
2286,Bus,Electric,11
2287,Truck,Diesel,1
2288,Truck,Hybrid,12
2289,Bus,Electric,2
2290,Bus,Diesel,12
2291,Bus,Electric,9
2292,Bus,Hybrid,0
2293,Truck,Diesel,2
2294,Bus,Diesel,4
2295,Truck,Electric,8
2296,Bus,Electric,0
2297,Bus,Hybrid,5
2298,Bus,Hybrid,11
2299,Truck,Electric,1
2300,Truck,Diesel,11
2301,Car,Hybrid,5
2302,Bus,Hybrid,9
2303,Car,Diesel,5
2304,Car,Electric,0
2305,Truck,Hybrid,4
2306,Truck,Diesel,9
2307,Car,Hybrid,1
2308,Bus,Diesel,0
2309,Truck,Hybrid,10
2310,Bus,Electric,8
2311,Bus,Diesel,5
2312,Car,Hybrid,0
2313,Car,Hybrid,9
2314,Car,Diesel,8
2315,Car,Diesel,11
2316,Truck,Electric,8
2317,Truck,Diesel,12
2318,Car,Hybrid,6
2319,Truck,Electric,8
2320,Car,Diesel,0
2321,Bus,Hybrid,14
2322,Bus,Diesel,12
2323,Bus,Hybrid,2
2324,Car,Hybrid,7
2325,Bus,Electric,2
2326,Truck,Electric,7
2327,Bus,Diesel,2
2328,Bus,Electric,3
2329,Bus,Diesel,12
2330,Truck,Electric,11
2331,Car,Electric,11
2332,Truck,Diesel,13
2333,Car,Electric,3
2334,Car,Electric,4
2335,Bus,Electric,9
2336,Car,Electric,9
2337,Truck,Diesel,10
2338,Truck,Hybrid,3
2339,Car,Diesel,6
2340,Bus,Diesel,10
2341,Bus,Diesel,3
2342,Truck,Electric,10
2343,Bus,Electric,0
2344,Car,Hybrid,4
2345,Car,Electric,11
2346,Truck,Hybrid,7
2347,Car,Hybrid,5
2348,Truck,Electric,3
2349,Car,Hybrid,3
2350,Truck,Diesel,12
2351,Bus,Diesel,0
2352,Car,Diesel,9
2353,Car,Hybrid,12
2354,Truck,Hybrid,0
2355,Truck,Diesel,2
2356,Car,Electric,3
2357,Truck,Diesel,14
2358,Car,Electric,3
2359,Bus,Electric,1
2360,Truck,Hybrid,10
2361,Car,Hybrid,8
2362,Bus,Electric,7
2363,Bus,Electric,2
2364,Car,Electric,10
2365,Truck,Hybrid,1
2366,Car,Diesel,0
2367,Bus,Electric,9
2368,Car,Hybrid,8
2369,Truck,Diesel,4
2370,Bus,Hybrid,7
2371,Car,Diesel,12
2372,Truck,Hybrid,14
2373,Bus,Diesel,3
2374,Truck,Electric,1
2375,Bus,Hybrid,4
2376,Car,Diesel,7
2377,Truck,Diesel,14
2378,Bus,Diesel,5
2379,Truck,Electric,7
2380,Truck,Hybrid,10
2381,Car,Diesel,2
2382,Truck,Electric,4
2383,Bus,Electric,1
2384,Bus,Electric,11
2385,Bus,Electric,14
2386,Bus,Electric,10
2387,Car,Electric,11
2388,Truck,Electric,2
2389,Car,Hybrid,6
2390,Truck,Hybrid,0
2391,Truck,Electric,7
2392,Truck,Diesel,4
2393,Car,Diesel,1
2394,Truck,Diesel,2
2395,Car,Electric,12
2396,Bus,Diesel,3
2397,Bus,Hybrid,1
2398,Truck,Hybrid,9
2399,Car,Hybrid,12
2400,Bus,Hybrid,4
2401,Car,Electric,6
2402,Car,Hybrid,12
2403,Truck,Diesel,8
2404,Bus,Diesel,0
2405,Truck,Hybrid,9
2406,Truck,Hybrid,12
2407,Bus,Hybrid,5
2408,Bus,Diesel,5
2409,Car,Diesel,0
2410,Bus,Hybrid,1
2411,Car,Diesel,10
2412,Car,Diesel,14
2413,Car,Electric,7
2414,Bus,Hybrid,5
2415,Truck,Hybrid,12
2416,Car,Electric,0
2417,Truck,Electric,9
2418,Truck,Diesel,12
2419,Bus,Electric,9
2420,Truck,Hybrid,10
2421,Truck,Hybrid,5
2422,Bus,Hybrid,9
2423,Car,Diesel,14
2424,Truck,Diesel,6
2425,Bus,Hybrid,1
2426,Truck,Hybrid,10
2427,Truck,Diesel,3
2428,Car,Diesel,6
2429,Truck,Electric,12
2430,Bus,Diesel,10
2431,Truck,Diesel,14
2432,Car,Hybrid,5
2433,Car,Hybrid,10
2434,Bus,Hybrid,7
2435,Car,Electric,13
2436,Truck,Diesel,12
2437,Car,Electric,5
2438,Bus,Diesel,1
2439,Car,Diesel,0
2440,Car,Hybrid,4
2441,Car,Diesel,10
2442,Bus,Electric,9
2443,Car,Hybrid,13
2444,Car,Electric,11
2445,Truck,Electric,9
2446,Bus,Hybrid,8
2447,Car,Diesel,1
2448,Bus,Electric,6
2449,Car,Diesel,8
2450,Car,Hybrid,3
2451,Car,Diesel,3
2452,Truck,Diesel,9
2453,Truck,Hybrid,4
2454,Truck,Diesel,12
2455,Bus,Electric,12
2456,Bus,Electric,13
2457,Truck,Electric,5
2458,Bus,Diesel,11
2459,Car,Electric,6
2460,Car,Diesel,8
2461,Car,Diesel,5
2462,Truck,Diesel,13
2463,Bus,Diesel,2
2464,Truck,Hybrid,1
2465,Bus,Electric,5
2466,Car,Electric,13
2467,Truck,Diesel,8
2468,Bus,Hybrid,2
2469,Bus,Diesel,3
2470,Car,Electric,2
2471,Truck,Electric,6
2472,Truck,Hybrid,3
2473,Truck,Diesel,11
2474,Car,Hybrid,13
2475,Truck,Diesel,5
2476,Car,Hybrid,5
2477,Car,Electric,8
2478,Car,Hybrid,4
2479,Bus,Electric,6
2480,Truck,Electric,12
2481,Truck,Diesel,0
2482,Car,Hybrid,7
2483,Car,Hybrid,1
2484,Truck,Hybrid,3
2485,Car,Hybrid,9
2486,Truck,Diesel,6
2487,Bus,Diesel,11
2488,Car,Diesel,5
2489,Truck,Electric,3
2490,Car,Electric,7
2491,Truck,Electric,13
2492,Truck,Diesel,12
2493,Car,Electric,14
2494,Bus,Hybrid,12
2495,Truck,Electric,11
2496,Truck,Diesel,6
2497,Truck,Diesel,14
2498,Bus,Diesel,5
2499,Bus,Diesel,4
2500,Car,Hybrid,4
2501,Bus,Electric,13
2502,Car,Electric,10
2503,Car,Diesel,14
2504,Bus,Electric,6
2505,Car,Hybrid,10
2506,Bus,Diesel,5
2507,Car,Electric,3
2508,Bus,Electric,6
2509,Bus,Electric,4
2510,Car,Electric,6
2511,Truck,Diesel,6
2512,Car,Diesel,10
2513,Bus,Hybrid,1
2514,Truck,Diesel,11
2515,Car,Electric,3
2516,Car,Electric,14
2517,Car,Electric,9
2518,Truck,Hybrid,3
2519,Bus,Diesel,12
2520,Car,Diesel,6
2521,Car,Diesel,7
2522,Car,Electric,10
2523,Car,Electric,0
2524,Car,Electric,6
2525,Bus,Hybrid,10
2526,Bus,Hybrid,5
2527,Car,Electric,9
2528,Truck,Hybrid,0
2529,Bus,Hybrid,13
2530,Truck,Hybrid,13
2531,Bus,Diesel,7
2532,Car,Hybrid,4
2533,Bus,Electric,12
2534,Car,Diesel,6
2535,Bus,Hybrid,7
2536,Car,Electric,6
2537,Car,Hybrid,10
2538,Car,Electric,14
2539,Car,Electric,11
2540,Truck,Hybrid,13
2541,Car,Hybrid,11
2542,Truck,Diesel,9
2543,Truck,Hybrid,11
2544,Car,Electric,12
2545,Truck,Diesel,0
2546,Bus,Electric,5
2547,Car,Electric,10
2548,Truck,Hybrid,14
2549,Car,Electric,10
2550,Car,Hybrid,10
2551,Car,Electric,11
2552,Truck,Diesel,0
2553,Bus,Hybrid,3
2554,Bus,Diesel,3
2555,Truck,Hybrid,7
2556,Car,Diesel,5
2557,Truck,Hybrid,12
2558,Truck,Diesel,13
2559,Truck,Diesel,6
2560,Car,Hybrid,12
2561,Truck,Hybrid,13
2562,Car,Electric,13
2563,Truck,Electric,11
2564,Bus,Hybrid,13
2565,Truck,Hybrid,9
2566,Truck,Diesel,6
2567,Bus,Diesel,6
2568,Car,Electric,9
2569,Car,Electric,1
2570,Truck,Electric,5
2571,Bus,Diesel,7
2572,Car,Diesel,7
2573,Truck,Diesel,3
2574,Bus,Electric,6
2575,Car,Hybrid,8
2576,Car,Electric,7
2577,Bus,Diesel,1
2578,Bus,Electric,12
2579,Bus,Electric,10
2580,Bus,Electric,7
2581,Truck,Electric,2
2582,Bus,Diesel,3
2583,Car,Electric,2
2584,Car,Diesel,14
2585,Truck,Electric,7
2586,Car,Diesel,3
2587,Car,Hybrid,10
2588,Bus,Diesel,0
2589,Car,Diesel,8
2590,Truck,Hybrid,8
2591,Bus,Hybrid,0
2592,Bus,Hybrid,7
2593,Truck,Hybrid,1
2594,Bus,Hybrid,6
2595,Bus,Hybrid,12
2596,Truck,Electric,0
2597,Bus,Electric,5
2598,Truck,Hybrid,9
2599,Truck,Diesel,11
2600,Car,Diesel,10
2601,Car,Hybrid,10
2602,Bus,Electric,9
2603,Bus,Electric,13
2604,Truck,Diesel,13
2605,Bus,Hybrid,7
2606,Truck,Electric,10
2607,Truck,Hybrid,5
2608,Bus,Hybrid,8
2609,Truck,Diesel,14
2610,Car,Hybrid,10
2611,Bus,Hybrid,0
2612,Car,Diesel,8
2613,Bus,Electric,2
2614,Truck,Hybrid,14
2615,Bus,Diesel,1
2616,Car,Electric,11
2617,Truck,Hybrid,7
2618,Bus,Electric,9
2619,Bus,Diesel,4
2620,Bus,Hybrid,12
2621,Car,Diesel,0
2622,Car,Diesel,0
2623,Bus,Hybrid,1
2624,Truck,Diesel,6
2625,Truck,Electric,1
2626,Car,Diesel,8
2627,Truck,Hybrid,5
2628,Car,Hybrid,3
2629,Bus,Electric,11
2630,Car,Hybrid,12
2631,Car,Diesel,13
2632,Bus,Diesel,3
2633,Truck,Hybrid,2
2634,Car,Electric,8
2635,Car,Electric,1
2636,Bus,Hybrid,8
2637,Truck,Diesel,2
2638,Car,Hybrid,3
2639,Bus,Hybrid,8
2640,Car,Electric,2
2641,Bus,Diesel,5
2642,Truck,Electric,11
2643,Truck,Electric,14
2644,Truck,Diesel,4
2645,Truck,Diesel,5
2646,Car,Diesel,4
2647,Car,Hybrid,12
2648,Truck,Diesel,13
2649,Truck,Hybrid,10
2650,Truck,Electric,2
2651,Car,Diesel,1
2652,Truck,Hybrid,9
2653,Truck,Hybrid,12
2654,Truck,Hybrid,8
2655,Bus,Hybrid,3
2656,Truck,Electric,9
2657,Bus,Diesel,11
2658,Bus,Diesel,5
2659,Truck,Diesel,8
2660,Bus,Diesel,4
2661,Truck,Diesel,6
2662,Car,Diesel,11
2663,Car,Hybrid,13
2664,Car,Diesel,4
2665,Car,Hybrid,14
2666,Bus,Electric,11
2667,Truck,Hybrid,8
2668,Truck,Electric,1
2669,Truck,Diesel,2
2670,Car,Electric,4
2671,Car,Electric,1
2672,Truck,Hybrid,11
2673,Car,Hybrid,13
2674,Truck,Electric,5
2675,Truck,Electric,9
2676,Truck,Diesel,2
2677,Truck,Hybrid,4
2678,Truck,Electric,4
2679,Truck,Hybrid,9
2680,Truck,Diesel,7
2681,Car,Diesel,8
2682,Truck,Electric,3
2683,Truck,Diesel,9
2684,Car,Electric,0
2685,Car,Hybrid,4
2686,Car,Hybrid,3
2687,Truck,Electric,4
2688,Bus,Electric,10
2689,Bus,Electric,13
2690,Car,Hybrid,14
2691,Bus,Hybrid,8
2692,Car,Diesel,7
2693,Truck,Diesel,10
2694,Bus,Hybrid,10
2695,Truck,Hybrid,10
2696,Bus,Electric,7
2697,Truck,Hybrid,7
2698,Bus,Hybrid,0
2699,Truck,Diesel,11
2700,Truck,Diesel,6
2701,Bus,Electric,12
2702,Truck,Diesel,3
2703,Truck,Electric,5
2704,Truck,Hybrid,3
2705,Bus,Hybrid,11
2706,Bus,Electric,4
2707,Truck,Diesel,4
2708,Truck,Diesel,0
2709,Bus,Hybrid,5
2710,Bus,Diesel,9
2711,Truck,Electric,7
2712,Truck,Hybrid,12
2713,Truck,Diesel,4
2714,Car,Hybrid,13
2715,Bus,Hybrid,9
2716,Car,Diesel,12
2717,Bus,Electric,11
2718,Bus,Diesel,5
2719,Bus,Diesel,4
2720,Bus,Diesel,0
2721,Bus,Diesel,4
2722,Bus,Diesel,1
2723,Bus,Diesel,3
2724,Car,Electric,1
2725,Truck,Hybrid,7
2726,Truck,Electric,13
2727,Car,Diesel,12
2728,Car,Electric,12
2729,Car,Hybrid,6
2730,Car,Electric,8
2731,Bus,Diesel,3
2732,Truck,Hybrid,4
2733,Bus,Diesel,14
2734,Truck,Diesel,8
2735,Truck,Hybrid,8
2736,Car,Hybrid,1
2737,Bus,Diesel,11
2738,Car,Electric,10
2739,Bus,Hybrid,13
2740,Truck,Electric,14
2741,Car,Electric,0
2742,Car,Hybrid,2
2743,Truck,Electric,9
2744,Truck,Hybrid,0
2745,Truck,Hybrid,5
2746,Car,Hybrid,7
2747,Bus,Hybrid,3
2748,Car,Electric,10
2749,Bus,Electric,3
2750,Car,Hybrid,10
2751,Car,Hybrid,14
2752,Truck,Hybrid,9
2753,Bus,Hybrid,0
2754,Car,Diesel,8
2755,Car,Electric,9
2756,Truck,Electric,7
2757,Truck,Hybrid,13
2758,Bus,Diesel,13
2759,Car,Diesel,12
2760,Bus,Diesel,2
2761,Car,Hybrid,13
2762,Bus,Diesel,13
2763,Truck,Hybrid,2
2764,Car,Diesel,12
2765,Bus,Hybrid,9
2766,Truck,Hybrid,3
2767,Truck,Electric,3
2768,Bus,Hybrid,1
2769,Car,Diesel,3
2770,Car,Electric,1
2771,Truck,Diesel,10
2772,Car,Hybrid,14
2773,Car,Electric,10
2774,Car,Hybrid,6
2775,Truck,Hybrid,4
2776,Bus,Diesel,6
2777,Car,Diesel,5
2778,Truck,Diesel,1
2779,Truck,Electric,13
2780,Bus,Diesel,11
2781,Car,Hybrid,1
2782,Car,Electric,0
2783,Bus,Diesel,12
2784,Bus,Diesel,0
2785,Truck,Diesel,12
2786,Truck,Hybrid,4
2787,Bus,Diesel,4
2788,Car,Hybrid,6
2789,Truck,Electric,0
2790,Truck,Diesel,4
2791,Car,Hybrid,1
2792,Truck,Diesel,9
2793,Car,Diesel,0
2794,Car,Electric,6
2795,Car,Electric,14
2796,Bus,Hybrid,2
2797,Bus,Hybrid,10
2798,Bus,Hybrid,8
2799,Car,Electric,14
2800,Car,Hybrid,4
2801,Bus,Electric,4
2802,Truck,Electric,4
2803,Car,Diesel,8
2804,Truck,Diesel,12
2805,Truck,Hybrid,9
2806,Car,Electric,12
2807,Car,Electric,0
2808,Truck,Electric,4
2809,Truck,Diesel,9
2810,Bus,Electric,5
2811,Bus,Hybrid,8
2812,Car,Hybrid,2
2813,Bus,Diesel,0
2814,Bus,Hybrid,11
2815,Bus,Electric,10
2816,Bus,Electric,10
2817,Truck,Hybrid,7
2818,Car,Diesel,8
2819,Bus,Electric,11
2820,Truck,Electric,10
2821,Truck,Diesel,5
2822,Truck,Electric,4
2823,Bus,Hybrid,11
2824,Bus,Hybrid,7
2825,Car,Diesel,11
2826,Bus,Diesel,5
2827,Bus,Hybrid,5
2828,Truck,Diesel,8
2829,Car,Hybrid,8
2830,Bus,Diesel,0
2831,Bus,Hybrid,11
2832,Truck,Electric,1
2833,Truck,Electric,0
2834,Bus,Hybrid,1
2835,Car,Electric,2
2836,Car,Hybrid,12
2837,Truck,Diesel,13
2838,Truck,Electric,12
2839,Bus,Electric,1
2840,Truck,Electric,5
2841,Bus,Hybrid,3
2842,Car,Electric,14
2843,Car,Diesel,4
2844,Bus,Electric,9
2845,Truck,Diesel,8
2846,Car,Electric,1
2847,Truck,Electric,2
2848,Car,Diesel,13
2849,Bus,Electric,9
2850,Bus,Diesel,0
2851,Bus,Diesel,14
2852,Car,Diesel,1
2853,Truck,Electric,0
2854,Truck,Electric,13
2855,Truck,Diesel,8
2856,Car,Electric,2
2857,Car,Hybrid,2
2858,Car,Diesel,12
2859,Car,Diesel,6
2860,Car,Hybrid,0
2861,Truck,Hybrid,8
2862,Car,Diesel,6
2863,Car,Hybrid,14
2864,Truck,Diesel,8
2865,Car,Electric,7
2866,Truck,Hybrid,4
2867,Truck,Diesel,11
2868,Bus,Diesel,2
2869,Bus,Diesel,10
2870,Bus,Hybrid,8
2871,Bus,Electric,4
2872,Car,Electric,8
2873,Bus,Hybrid,2
2874,Truck,Diesel,5
2875,Car,Diesel,12
2876,Bus,Diesel,1
2877,Truck,Hybrid,2
2878,Car,Hybrid,1
2879,Car,Diesel,11
2880,Bus,Diesel,1
2881,Car,Diesel,4
2882,Truck,Hybrid,9
2883,Car,Hybrid,3
2884,Truck,Electric,10
2885,Car,Diesel,3
2886,Bus,Diesel,12
2887,Truck,Electric,7
2888,Car,Diesel,13
2889,Car,Electric,5
2890,Car,Hybrid,9
2891,Truck,Electric,1
2892,Truck,Electric,12
2893,Truck,Hybrid,0
2894,Bus,Diesel,4
2895,Bus,Electric,14
2896,Truck,Electric,6
2897,Car,Diesel,4
2898,Bus,Electric,11
2899,Truck,Hybrid,3
2900,Car,Electric,4
2901,Bus,Diesel,10
2902,Car,Diesel,9
2903,Car,Electric,7
2904,Car,Diesel,4
2905,Car,Diesel,8
2906,Bus,Electric,9
2907,Bus,Electric,6
2908,Bus,Diesel,10
2909,Truck,Electric,12
2910,Bus,Hybrid,13
2911,Car,Electric,10
2912,Bus,Diesel,13
2913,Car,Hybrid,1
2914,Truck,Diesel,8
2915,Car,Diesel,1
2916,Car,Hybrid,5
2917,Car,Electric,13
2918,Truck,Diesel,7
2919,Bus,Electric,1
2920,Bus,Electric,5
2921,Truck,Hybrid,4
2922,Car,Diesel,14
2923,Bus,Hybrid,6
2924,Truck,Hybrid,9
2925,Bus,Diesel,12
2926,Truck,Diesel,4
2927,Car,Hybrid,13
2928,Bus,Hybrid,13
2929,Truck,Hybrid,14
2930,Bus,Diesel,14
2931,Bus,Diesel,2
2932,Bus,Hybrid,5
2933,Bus,Diesel,6
2934,Truck,Diesel,0
2935,Car,Diesel,7
2936,Truck,Electric,7
2937,Truck,Electric,12
2938,Truck,Hybrid,3
2939,Car,Electric,13
2940,Bus,Hybrid,13
2941,Bus,Hybrid,7
2942,Bus,Diesel,2
2943,Car,Hybrid,12
2944,Bus,Hybrid,14
2945,Car,Hybrid,4
2946,Bus,Hybrid,2
2947,Bus,Diesel,1
2948,Truck,Diesel,4
2949,Car,Hybrid,7
2950,Truck,Electric,8
2951,Truck,Electric,4
2952,Truck,Hybrid,2
2953,Car,Diesel,11
2954,Car,Hybrid,2
2955,Bus,Hybrid,7
2956,Truck,Diesel,2
2957,Bus,Electric,8
2958,Truck,Hybrid,9
2959,Car,Diesel,14
2960,Car,Diesel,0
2961,Car,Hybrid,14
2962,Truck,Diesel,0
2963,Car,Hybrid,4
2964,Truck,Electric,3
2965,Bus,Hybrid,2
2966,Truck,Electric,0
2967,Bus,Diesel,6
2968,Truck,Hybrid,0
2969,Bus,Diesel,5
2970,Car,Hybrid,9
2971,Bus,Diesel,1
2972,Car,Electric,13
2973,Car,Hybrid,3
2974,Bus,Diesel,7
2975,Truck,Hybrid,2
2976,Truck,Hybrid,8
2977,Truck,Electric,4
2978,Truck,Diesel,5
2979,Truck,Hybrid,1
2980,Car,Hybrid,0
2981,Truck,Hybrid,4
2982,Car,Hybrid,0
2983,Car,Hybrid,3
2984,Car,Diesel,7
2985,Bus,Hybrid,13
2986,Bus,Hybrid,11
2987,Car,Hybrid,12
2988,Bus,Diesel,1
2989,Truck,Hybrid,5
2990,Truck,Hybrid,11
2991,Car,Electric,9
2992,Truck,Electric,12
2993,Car,Hybrid,13
2994,Car,Hybrid,14
2995,Truck,Electric,4
2996,Bus,Diesel,0
2997,Truck,Diesel,7
2998,Truck,Electric,4
2999,Car,Hybrid,8
3000,Car,Electric,1
3001,Car,Diesel,14
3002,Car,Electric,5
3003,Bus,Diesel,6
3004,Bus,Hybrid,0
3005,Bus,Hybrid,13
3006,Car,Hybrid,9
3007,Car,Diesel,3
3008,Car,Electric,1
3009,Bus,Hybrid,6
3010,Car,Diesel,2
3011,Truck,Hybrid,8
3012,Truck,Electric,7
3013,Car,Hybrid,11
3014,Truck,Diesel,9
3015,Truck,Diesel,12
3016,Bus,Hybrid,6
3017,Car,Hybrid,7
3018,Car,Diesel,0
3019,Bus,Hybrid,9
3020,Truck,Hybrid,11
3021,Truck,Hybrid,5
3022,Car,Electric,6
3023,Truck,Electric,6
3024,Bus,Electric,12
3025,Bus,Hybrid,13
3026,Car,Diesel,8
3027,Bus,Hybrid,6
3028,Bus,Hybrid,11
3029,Car,Electric,6
3030,Bus,Diesel,12
3031,Bus,Electric,5
3032,Bus,Diesel,2
3033,Truck,Hybrid,12
3034,Car,Hybrid,5
3035,Car,Hybrid,8
3036,Car,Diesel,10
3037,Truck,Electric,9
3038,Truck,Electric,2
3039,Car,Electric,2
3040,Truck,Diesel,10
3041,Car,Diesel,6
3042,Truck,Hybrid,6
3043,Bus,Electric,4
3044,Bus,Diesel,7
3045,Car,Electric,7
3046,Truck,Electric,10
3047,Truck,Diesel,10
3048,Bus,Diesel,14
3049,Bus,Hybrid,1
3050,Truck,Hybrid,10
3051,Truck,Hybrid,5
3052,Truck,Electric,4
3053,Truck,Electric,3
3054,Truck,Hybrid,6
3055,Truck,Electric,3
3056,Car,Electric,4
3057,Truck,Electric,7
3058,Bus,Electric,4
3059,Car,Diesel,10
3060,Truck,Diesel,12
3061,Bus,Hybrid,10
3062,Car,Hybrid,8
3063,Bus,Electric,9
3064,Truck,Electric,1
3065,Truck,Diesel,1
3066,Truck,Electric,14
3067,Truck,Electric,8
3068,Car,Hybrid,1
3069,Car,Electric,2
3070,Bus,Diesel,5
3071,Truck,Electric,3
3072,Bus,Electric,7
3073,Car,Electric,7
3074,Truck,Electric,1
3075,Truck,Electric,14
3076,Car,Diesel,1
3077,Car,Hybrid,2
3078,Car,Electric,13
3079,Car,Hybrid,10
3080,Car,Hybrid,1
3081,Truck,Diesel,4
3082,Car,Hybrid,0
3083,Truck,Electric,6
3084,Truck,Electric,7
3085,Car,Electric,11
3086,Car,Electric,3
3087,Truck,Diesel,6
3088,Car,Hybrid,8
3089,Car,Diesel,6
3090,Car,Hybrid,1
3091,Bus,Diesel,1
3092,Truck,Diesel,9
3093,Bus,Diesel,9
3094,Car,Electric,9
3095,Bus,Electric,5
3096,Car,Diesel,7
3097,Bus,Hybrid,11
3098,Car,Hybrid,9
3099,Bus,Electric,10
3100,Bus,Diesel,12
3101,Bus,Electric,9
3102,Truck,Electric,13
3103,Bus,Electric,10
3104,Truck,Diesel,11
3105,Car,Diesel,2
3106,Bus,Electric,0
3107,Car,Diesel,0
3108,Car,Hybrid,10
3109,Bus,Hybrid,1
3110,Truck,Electric,9
3111,Bus,Hybrid,5
3112,Car,Electric,1
3113,Car,Electric,5
3114,Bus,Electric,10
3115,Truck,Diesel,0
3116,Truck,Diesel,8
3117,Car,Diesel,11
3118,Car,Diesel,14
3119,Truck,Electric,13
3120,Bus,Diesel,6
3121,Car,Hybrid,0
3122,Truck,Hybrid,8
3123,Car,Diesel,12
3124,Bus,Hybrid,8
3125,Truck,Hybrid,10
3126,Car,Diesel,13
3127,Bus,Electric,9
3128,Car,Electric,10
3129,Bus,Electric,5
3130,Bus,Diesel,1
3131,Truck,Electric,1
3132,Bus,Electric,11
3133,Car,Hybrid,13
3134,Bus,Electric,7
3135,Bus,Diesel,8
3136,Truck,Electric,3
3137,Bus,Hybrid,1
3138,Bus,Hybrid,14
3139,Car,Hybrid,4
3140,Truck,Hybrid,12
3141,Truck,Electric,6
3142,Truck,Hybrid,13
3143,Bus,Hybrid,3
3144,Truck,Hybrid,11
3145,Bus,Electric,8
3146,Bus,Diesel,11
3147,Car,Hybrid,14
3148,Car,Hybrid,3
3149,Car,Hybrid,7
3150,Car,Electric,2
3151,Car,Electric,11
3152,Bus,Hybrid,13
3153,Bus,Diesel,11
3154,Truck,Hybrid,5
3155,Bus,Diesel,14
3156,Bus,Diesel,5
3157,Car,Electric,2
3158,Bus,Electric,1
3159,Car,Electric,5
3160,Truck,Diesel,6
3161,Truck,Diesel,6
3162,Bus,Diesel,9
3163,Truck,Electric,10
3164,Bus,Electric,0
3165,Truck,Electric,11
3166,Car,Hybrid,5
3167,Car,Diesel,8
3168,Car,Diesel,12
3169,Car,Hybrid,8
3170,Bus,Diesel,14
3171,Truck,Diesel,11
3172,Bus,Hybrid,1
3173,Car,Diesel,3
3174,Bus,Electric,5
3175,Truck,Hybrid,3
3176,Bus,Diesel,11
3177,Truck,Electric,8
3178,Bus,Diesel,14
3179,Truck,Hybrid,1
3180,Truck,Electric,9
3181,Car,Diesel,5
3182,Truck,Hybrid,0
3183,Car,Diesel,8
3184,Car,Diesel,0
3185,Car,Electric,12
3186,Bus,Diesel,12
3187,Bus,Hybrid,11
3188,Bus,Hybrid,13
3189,Bus,Electric,7
3190,Truck,Electric,12
3191,Truck,Diesel,14
3192,Bus,Hybrid,8
3193,Truck,Electric,0
3194,Truck,Diesel,0
3195,Car,Diesel,9
3196,Car,Hybrid,13
3197,Car,Hybrid,6
3198,Car,Diesel,9
3199,Truck,Hybrid,4
3200,Bus,Diesel,14
3201,Truck,Diesel,10
3202,Truck,Hybrid,2
3203,Truck,Electric,8
3204,Car,Diesel,1
3205,Car,Hybrid,5
3206,Car,Diesel,3
3207,Bus,Diesel,4
3208,Truck,Diesel,1
3209,Bus,Hybrid,0
3210,Car,Hybrid,8
3211,Bus,Hybrid,2
3212,Truck,Electric,5
3213,Truck,Diesel,14
3214,Car,Electric,13
3215,Car,Diesel,8
3216,Bus,Hybrid,14
3217,Car,Diesel,0
3218,Car,Diesel,11
3219,Truck,Diesel,4
3220,Car,Electric,3
3221,Car,Hybrid,14
3222,Truck,Hybrid,2
3223,Truck,Diesel,1
3224,Bus,Hybrid,13
3225,Car,Electric,2
3226,Truck,Electric,13
3227,Bus,Hybrid,0
3228,Bus,Electric,12
3229,Car,Electric,0
3230,Car,Hybrid,12
3231,Bus,Hybrid,12
3232,Truck,Diesel,7
3233,Bus,Diesel,4
3234,Car,Electric,1
3235,Truck,Hybrid,2
3236,Truck,Electric,14
3237,Bus,Hybrid,13
3238,Car,Electric,13
3239,Bus,Electric,1
3240,Bus,Electric,14
3241,Bus,Diesel,9
3242,Truck,Hybrid,1
3243,Truck,Electric,3
3244,Car,Diesel,11
3245,Car,Electric,3
3246,Bus,Electric,6
3247,Bus,Hybrid,1
3248,Bus,Electric,8
3249,Car,Hybrid,6
3250,Truck,Diesel,3
3251,Truck,Diesel,11
3252,Bus,Electric,6
3253,Bus,Diesel,14
3254,Bus,Hybrid,9
3255,Bus,Hybrid,10
3256,Car,Diesel,0
3257,Truck,Hybrid,12
3258,Bus,Hybrid,6
3259,Car,Electric,12
3260,Bus,Electric,5
3261,Bus,Hybrid,14
3262,Truck,Diesel,8
3263,Bus,Hybrid,7
3264,Truck,Electric,1
3265,Truck,Diesel,14
3266,Truck,Hybrid,10
3267,Car,Diesel,2
3268,Car,Diesel,12
3269,Truck,Diesel,2
3270,Bus,Hybrid,12
3271,Truck,Electric,13
3272,Bus,Diesel,11
3273,Truck,Diesel,5
3274,Bus,Hybrid,1
3275,Car,Electric,10
3276,Bus,Electric,1
3277,Truck,Hybrid,3
3278,Car,Diesel,0
3279,Bus,Hybrid,0
3280,Bus,Electric,0
3281,Bus,Diesel,4
3282,Bus,Diesel,12
3283,Bus,Electric,8
3284,Car,Diesel,3
3285,Car,Hybrid,13
3286,Car,Electric,7
3287,Car,Electric,6
3288,Truck,Diesel,12
3289,Car,Electric,5
3290,Bus,Hybrid,13
3291,Bus,Electric,8
3292,Car,Diesel,9
3293,Bus,Electric,0
3294,Car,Diesel,6
3295,Bus,Diesel,8
3296,Truck,Hybrid,14
3297,Truck,Electric,9
3298,Car,Hybrid,13
3299,Car,Hybrid,12
3300,Car,Electric,13
3301,Bus,Hybrid,1
3302,Car,Hybrid,14
3303,Truck,Diesel,12
3304,Bus,Hybrid,3
3305,Car,Electric,4
3306,Bus,Diesel,14
3307,Bus,Hybrid,14
3308,Car,Hybrid,10
3309,Bus,Electric,4
3310,Truck,Hybrid,10
3311,Truck,Electric,12
3312,Bus,Hybrid,6
3313,Car,Hybrid,9
3314,Bus,Electric,7
3315,Truck,Diesel,12
3316,Bus,Electric,8
3317,Bus,Diesel,4
3318,Truck,Diesel,1
3319,Bus,Electric,1
3320,Bus,Electric,4
3321,Car,Hybrid,14
3322,Car,Hybrid,4
3323,Truck,Diesel,4
3324,Truck,Hybrid,13
3325,Truck,Electric,5
3326,Car,Diesel,11
3327,Truck,Hybrid,14
3328,Truck,Hybrid,7
3329,Truck,Electric,10
3330,Car,Electric,4
3331,Bus,Hybrid,12
3332,Truck,Diesel,2
3333,Bus,Diesel,8
3334,Truck,Electric,3
3335,Bus,Electric,11
3336,Car,Electric,7
3337,Car,Hybrid,8
3338,Truck,Hybrid,10
3339,Bus,Electric,6
3340,Car,Diesel,2
3341,Truck,Electric,9
3342,Truck,Electric,10
3343,Car,Diesel,5
3344,Car,Diesel,6
3345,Truck,Diesel,11
3346,Bus,Diesel,6
3347,Bus,Hybrid,13
3348,Bus,Hybrid,7
3349,Truck,Electric,9
3350,Car,Hybrid,4
3351,Truck,Electric,4
3352,Car,Electric,12
3353,Bus,Diesel,1
3354,Bus,Diesel,11
3355,Car,Hybrid,10
3356,Car,Hybrid,1
3357,Truck,Hybrid,14
3358,Bus,Hybrid,3
3359,Truck,Diesel,6
3360,Truck,Diesel,7
3361,Truck,Hybrid,2
3362,Bus,Electric,0
3363,Truck,Diesel,3
3364,Truck,Diesel,5
3365,Truck,Diesel,5
3366,Truck,Diesel,8
3367,Truck,Hybrid,14
3368,Truck,Hybrid,12
3369,Bus,Electric,6
3370,Truck,Diesel,12
3371,Car,Hybrid,11
3372,Truck,Hybrid,13
3373,Truck,Diesel,8
3374,Bus,Hybrid,9
3375,Bus,Hybrid,10
3376,Car,Hybrid,4
3377,Car,Electric,4
3378,Bus,Hybrid,4
3379,Bus,Diesel,4
3380,Truck,Diesel,13
3381,Bus,Diesel,3
3382,Car,Hybrid,5
3383,Truck,Electric,11
3384,Car,Hybrid,0
3385,Truck,Diesel,1
3386,Bus,Electric,8
3387,Car,Electric,5
3388,Truck,Hybrid,5
3389,Truck,Diesel,9
3390,Bus,Hybrid,3
3391,Bus,Diesel,4
3392,Bus,Electric,8
3393,Car,Hybrid,1
3394,Truck,Electric,2
3395,Bus,Diesel,9
3396,Car,Electric,7
3397,Car,Electric,8
3398,Car,Electric,14
3399,Bus,Hybrid,11
3400,Bus,Diesel,4
3401,Truck,Electric,2
3402,Truck,Electric,14
3403,Bus,Electric,0
3404,Car,Electric,11
3405,Car,Diesel,1
3406,Car,Diesel,3
3407,Truck,Hybrid,3
3408,Car,Diesel,4
3409,Truck,Diesel,8
3410,Truck,Electric,13
3411,Car,Hybrid,11
3412,Car,Hybrid,1
3413,Bus,Electric,14
3414,Bus,Hybrid,14
3415,Car,Diesel,1
3416,Truck,Hybrid,4
3417,Truck,Electric,11
3418,Truck,Hybrid,1
3419,Truck,Hybrid,13
3420,Truck,Hybrid,9
3421,Bus,Electric,4
3422,Car,Diesel,11
3423,Bus,Hybrid,4
3424,Truck,Diesel,6
3425,Truck,Diesel,3
3426,Truck,Diesel,1
3427,Truck,Hybrid,7
3428,Car,Diesel,13
3429,Truck,Hybrid,0
3430,Car,Hybrid,9
3431,Truck,Hybrid,0
3432,Car,Diesel,11
3433,Bus,Hybrid,11
3434,Truck,Electric,10
3435,Car,Electric,11
3436,Bus,Electric,6
3437,Truck,Hybrid,3
3438,Truck,Electric,2
3439,Truck,Hybrid,0
3440,Car,Hybrid,11
3441,Car,Hybrid,12
3442,Bus,Diesel,7
3443,Car,Electric,7
3444,Car,Hybrid,11
3445,Truck,Electric,3
3446,Truck,Electric,1
3447,Truck,Diesel,3
3448,Truck,Electric,6
3449,Truck,Hybrid,3
3450,Truck,Hybrid,12
3451,Truck,Electric,10
3452,Bus,Electric,10
3453,Bus,Diesel,2
3454,Bus,Hybrid,9
3455,Bus,Electric,11
3456,Truck,Electric,0
3457,Bus,Hybrid,8
3458,Truck,Electric,4
3459,Bus,Diesel,1
3460,Car,Electric,5
3461,Bus,Electric,1
3462,Bus,Diesel,11
3463,Truck,Diesel,5
3464,Bus,Diesel,8
3465,Car,Hybrid,1
3466,Truck,Electric,12
3467,Truck,Electric,14
3468,Bus,Diesel,0
3469,Truck,Hybrid,6
3470,Truck,Diesel,7
3471,Truck,Electric,1
3472,Truck,Hybrid,3
3473,Truck,Hybrid,7
3474,Truck,Electric,11
3475,Car,Hybrid,14
3476,Bus,Hybrid,13
3477,Car,Diesel,3
3478,Truck,Hybrid,11
3479,Truck,Diesel,8
3480,Bus,Hybrid,0
3481,Car,Diesel,9
3482,Bus,Diesel,12
3483,Car,Hybrid,6
3484,Truck,Diesel,2
3485,Bus,Electric,10
3486,Bus,Electric,11
3487,Truck,Hybrid,9
3488,Bus,Hybrid,10
3489,Car,Hybrid,10
3490,Car,Electric,2
3491,Car,Hybrid,10
3492,Car,Hybrid,6
3493,Truck,Diesel,14
3494,Bus,Hybrid,5
3495,Car,Electric,2
3496,Truck,Electric,13
3497,Bus,Hybrid,13
3498,Bus,Electric,1
3499,Truck,Diesel,10
3500,Truck,Diesel,10
3501,Car,Hybrid,5
3502,Bus,Hybrid,9
3503,Bus,Diesel,6
3504,Truck,Diesel,8
3505,Bus,Hybrid,8
3506,Car,Electric,8
3507,Bus,Hybrid,10
3508,Truck,Hybrid,9
3509,Truck,Hybrid,0
3510,Car,Hybrid,3
3511,Car,Hybrid,3
3512,Bus,Hybrid,9
3513,Bus,Hybrid,7
3514,Truck,Electric,2
3515,Car,Hybrid,13
3516,Car,Diesel,0
3517,Car,Hybrid,2
3518,Bus,Electric,5
3519,Car,Diesel,6
3520,Truck,Hybrid,8
3521,Truck,Hybrid,4
3522,Bus,Diesel,4
3523,Bus,Hybrid,2
3524,Car,Electric,11
3525,Bus,Hybrid,2
3526,Truck,Electric,8
3527,Car,Hybrid,2
3528,Truck,Diesel,2
3529,Car,Electric,8
3530,Bus,Hybrid,3
3531,Car,Hybrid,12
3532,Car,Diesel,5
3533,Truck,Diesel,0
3534,Truck,Electric,10
3535,Car,Electric,1
3536,Bus,Electric,10
3537,Bus,Hybrid,13
3538,Truck,Hybrid,2
3539,Bus,Electric,1
3540,Truck,Hybrid,13
3541,Bus,Diesel,10
3542,Car,Hybrid,9
3543,Truck,Electric,14
3544,Truck,Hybrid,2
3545,Car,Diesel,11
3546,Truck,Electric,13
3547,Bus,Electric,4
3548,Bus,Electric,11
3549,Truck,Electric,0
3550,Bus,Hybrid,0
3551,Truck,Diesel,10
3552,Car,Hybrid,6
3553,Truck,Hybrid,8
3554,Car,Electric,14
3555,Bus,Diesel,8
3556,Car,Hybrid,6
3557,Bus,Diesel,10
3558,Truck,Diesel,10
3559,Bus,Diesel,12
3560,Truck,Diesel,1
3561,Truck,Hybrid,10
3562,Car,Diesel,6
3563,Car,Hybrid,12
3564,Car,Diesel,11
3565,Car,Diesel,8
3566,Bus,Hybrid,14
3567,Bus,Electric,6
3568,Bus,Hybrid,1
3569,Truck,Diesel,14
3570,Bus,Hybrid,14
3571,Bus,Diesel,6
3572,Bus,Hybrid,13
3573,Car,Hybrid,3
3574,Bus,Hybrid,7
3575,Truck,Electric,2
3576,Car,Hybrid,11
3577,Truck,Hybrid,13
3578,Bus,Electric,4
3579,Car,Electric,2
3580,Truck,Diesel,6
3581,Bus,Diesel,14
3582,Truck,Hybrid,2
3583,Truck,Diesel,9
3584,Truck,Hybrid,4
3585,Bus,Electric,0
3586,Bus,Electric,3
3587,Truck,Hybrid,5
3588,Car,Diesel,1
3589,Car,Diesel,5
3590,Bus,Diesel,9
3591,Bus,Hybrid,6
3592,Bus,Diesel,7
3593,Bus,Electric,2
3594,Bus,Electric,11
3595,Car,Electric,9
3596,Bus,Electric,10
3597,Truck,Electric,2
3598,Truck,Electric,4
3599,Car,Electric,2
3600,Truck,Electric,8
3601,Car,Electric,6
3602,Car,Hybrid,4
3603,Truck,Hybrid,4
3604,Bus,Electric,0
3605,Truck,Electric,8
3606,Truck,Electric,13
3607,Car,Diesel,14
3608,Truck,Hybrid,1
3609,Car,Electric,6
3610,Bus,Hybrid,13
3611,Bus,Electric,6
3612,Bus,Diesel,1
3613,Truck,Electric,7
3614,Car,Hybrid,13
3615,Bus,Hybrid,7
3616,Car,Hybrid,8
3617,Car,Hybrid,1
3618,Bus,Electric,0
3619,Bus,Diesel,8
3620,Car,Diesel,13
3621,Bus,Electric,2
3622,Car,Electric,9
3623,Car,Hybrid,12
3624,Bus,Electric,12
3625,Truck,Diesel,1
3626,Bus,Electric,9
3627,Truck,Electric,1
3628,Car,Diesel,1
3629,Car,Diesel,7
3630,Truck,Electric,2
3631,Car,Hybrid,0
3632,Truck,Hybrid,7
3633,Truck,Hybrid,1
3634,Car,Diesel,5
3635,Truck,Diesel,7
3636,Bus,Hybrid,9
3637,Bus,Electric,8
3638,Car,Electric,0
3639,Car,Electric,8
3640,Truck,Diesel,7
3641,Truck,Diesel,5
3642,Truck,Hybrid,11
3643,Truck,Electric,4
3644,Bus,Diesel,5
3645,Bus,Diesel,1
3646,Car,Hybrid,10
3647,Truck,Electric,2
3648,Truck,Diesel,14
3649,Car,Diesel,8
3650,Truck,Diesel,2
3651,Truck,Diesel,12
3652,Truck,Electric,9
3653,Truck,Hybrid,6
3654,Truck,Electric,10
3655,Car,Hybrid,12
3656,Truck,Diesel,12
3657,Car,Electric,3
3658,Truck,Hybrid,11
3659,Bus,Hybrid,10
3660,Bus,Diesel,12
3661,Bus,Hybrid,8
3662,Bus,Hybrid,11
3663,Car,Hybrid,12
3664,Car,Diesel,3
3665,Truck,Electric,9
3666,Bus,Diesel,14
3667,Car,Hybrid,12
3668,Truck,Hybrid,12
3669,Truck,Electric,13
3670,Car,Hybrid,9
3671,Bus,Electric,5
3672,Truck,Hybrid,11
3673,Bus,Hybrid,1
3674,Bus,Diesel,6
3675,Bus,Diesel,2
3676,Truck,Electric,0
3677,Bus,Diesel,11
3678,Truck,Electric,6
3679,Bus,Diesel,4
3680,Truck,Electric,10
3681,Bus,Hybrid,11
3682,Car,Electric,6
3683,Bus,Diesel,14
3684,Bus,Electric,0
3685,Truck,Diesel,4
3686,Truck,Hybrid,1
3687,Bus,Diesel,0
3688,Car,Hybrid,5
3689,Car,Hybrid,11
3690,Truck,Diesel,4
3691,Car,Hybrid,3
3692,Bus,Diesel,0
3693,Truck,Electric,14
3694,Bus,Hybrid,4
3695,Truck,Electric,6
3696,Truck,Electric,0
3697,Truck,Diesel,3
3698,Truck,Diesel,5
3699,Car,Hybrid,12
3700,Bus,Diesel,7
3701,Bus,Electric,6
3702,Bus,Electric,14
3703,Truck,Electric,6
3704,Car,Hybrid,14
3705,Bus,Diesel,7
3706,Car,Electric,12
3707,Truck,Hybrid,14
3708,Bus,Diesel,6
3709,Car,Diesel,12
3710,Truck,Electric,3
3711,Car,Hybrid,10
3712,Bus,Electric,5
3713,Bus,Electric,11
3714,Truck,Hybrid,1
3715,Truck,Electric,7
3716,Truck,Hybrid,2
3717,Car,Hybrid,3
3718,Car,Electric,1
3719,Car,Electric,14
3720,Truck,Diesel,8
3721,Bus,Diesel,1
3722,Bus,Hybrid,13
3723,Car,Hybrid,12
3724,Car,Hybrid,5
3725,Bus,Diesel,2
3726,Bus,Electric,11
3727,Car,Electric,14
3728,Car,Diesel,5
3729,Bus,Electric,3
3730,Truck,Electric,12
3731,Car,Electric,7
3732,Bus,Diesel,2
3733,Bus,Hybrid,7
3734,Bus,Electric,2
3735,Bus,Electric,13
3736,Truck,Hybrid,4
3737,Bus,Electric,10
3738,Car,Electric,12
3739,Truck,Hybrid,1
3740,Bus,Diesel,5
3741,Truck,Diesel,6
3742,Car,Electric,7
3743,Bus,Electric,12
3744,Car,Hybrid,3
3745,Bus,Hybrid,8
3746,Bus,Electric,1
3747,Bus,Electric,13
3748,Bus,Diesel,13
3749,Bus,Diesel,7
3750,Truck,Diesel,5
3751,Bus,Diesel,3
3752,Bus,Hybrid,1
3753,Truck,Diesel,3
3754,Truck,Diesel,14
3755,Truck,Electric,2
3756,Truck,Diesel,12
3757,Truck,Electric,3
3758,Truck,Electric,3
3759,Bus,Diesel,14
3760,Bus,Diesel,10
3761,Car,Electric,6
3762,Bus,Hybrid,0
3763,Bus,Electric,14
3764,Truck,Hybrid,8
3765,Truck,Hybrid,4
3766,Bus,Diesel,2
3767,Car,Diesel,6
3768,Truck,Diesel,6
3769,Bus,Diesel,7
3770,Bus,Electric,9
3771,Car,Hybrid,3
3772,Car,Electric,12
3773,Truck,Hybrid,8
3774,Car,Electric,1
3775,Bus,Hybrid,5
3776,Bus,Diesel,2
3777,Car,Hybrid,7
3778,Car,Diesel,7
3779,Car,Hybrid,5
3780,Car,Electric,3
3781,Truck,Hybrid,13
3782,Car,Electric,7
3783,Truck,Electric,5
3784,Bus,Diesel,11
3785,Car,Hybrid,8
3786,Truck,Electric,13
3787,Car,Hybrid,6
3788,Bus,Diesel,8
3789,Bus,Diesel,12
3790,Bus,Hybrid,13
3791,Car,Electric,7
3792,Car,Electric,13
3793,Truck,Electric,3
3794,Bus,Hybrid,11
3795,Car,Electric,5
3796,Bus,Electric,13
3797,Bus,Electric,6
3798,Truck,Diesel,3
3799,Truck,Electric,3
3800,Truck,Hybrid,9
3801,Truck,Hybrid,2
3802,Bus,Electric,9
3803,Truck,Hybrid,5
3804,Truck,Hybrid,10
3805,Truck,Electric,1
3806,Truck,Diesel,12
3807,Bus,Electric,10
3808,Truck,Hybrid,3
3809,Bus,Hybrid,7
3810,Car,Electric,2
3811,Bus,Hybrid,11
3812,Bus,Diesel,12
3813,Truck,Electric,7
3814,Car,Hybrid,6
3815,Car,Diesel,13
3816,Car,Hybrid,6
3817,Car,Diesel,10
3818,Bus,Hybrid,8
3819,Car,Electric,3
3820,Bus,Hybrid,10
3821,Bus,Electric,7
3822,Bus,Diesel,1
3823,Car,Diesel,14
3824,Truck,Hybrid,2
3825,Truck,Electric,3
3826,Car,Electric,8
3827,Truck,Diesel,0
3828,Truck,Diesel,6
3829,Bus,Hybrid,1
3830,Bus,Diesel,4
3831,Car,Diesel,0
3832,Car,Electric,5
3833,Truck,Electric,12
3834,Bus,Electric,11
3835,Car,Diesel,2
3836,Car,Hybrid,12
3837,Car,Hybrid,5
3838,Car,Diesel,7
3839,Car,Hybrid,7
3840,Car,Diesel,11
3841,Truck,Hybrid,3
3842,Bus,Diesel,6
3843,Bus,Electric,11
3844,Car,Hybrid,5
3845,Bus,Electric,1
3846,Bus,Electric,5
3847,Bus,Hybrid,1
3848,Car,Diesel,12
3849,Car,Electric,3
3850,Bus,Electric,4
3851,Bus,Diesel,8
3852,Car,Diesel,12
3853,Truck,Hybrid,2
3854,Bus,Hybrid,11
3855,Truck,Diesel,4
3856,Bus,Electric,1
3857,Truck,Diesel,2
3858,Truck,Hybrid,12
3859,Truck,Electric,4
3860,Car,Electric,6
3861,Truck,Hybrid,12
3862,Truck,Electric,5
3863,Truck,Diesel,13
3864,Bus,Hybrid,13
3865,Truck,Electric,1
3866,Bus,Hybrid,12
3867,Truck,Electric,13
3868,Truck,Diesel,8
3869,Car,Hybrid,7
3870,Bus,Electric,8
3871,Truck,Diesel,8
3872,Bus,Diesel,4
3873,Bus,Diesel,10
3874,Car,Electric,6
3875,Car,Electric,6
3876,Car,Diesel,9
3877,Car,Diesel,8
3878,Car,Diesel,8
3879,Car,Diesel,5
3880,Car,Diesel,2
3881,Car,Electric,7
3882,Truck,Hybrid,0
3883,Bus,Hybrid,9
3884,Car,Hybrid,10
3885,Car,Electric,3
3886,Bus,Hybrid,9
3887,Truck,Hybrid,1
3888,Bus,Hybrid,4
3889,Bus,Hybrid,11
3890,Car,Diesel,11
3891,Bus,Electric,6
3892,Bus,Hybrid,10
3893,Car,Diesel,0
3894,Car,Hybrid,3
3895,Car,Hybrid,2
3896,Car,Hybrid,3
3897,Bus,Hybrid,5
3898,Bus,Hybrid,9
3899,Truck,Diesel,5
3900,Truck,Hybrid,11
3901,Bus,Diesel,0
3902,Truck,Hybrid,2
3903,Bus,Electric,0
3904,Truck,Diesel,12
3905,Car,Hybrid,0
3906,Truck,Diesel,0
3907,Car,Hybrid,2
3908,Car,Hybrid,13
3909,Car,Diesel,1
3910,Car,Hybrid,13
3911,Truck,Hybrid,11
3912,Bus,Hybrid,3
3913,Car,Hybrid,6
3914,Truck,Hybrid,10
3915,Car,Hybrid,10
3916,Truck,Diesel,13
3917,Truck,Electric,14
3918,Truck,Hybrid,1
3919,Bus,Diesel,1
3920,Truck,Electric,12
3921,Truck,Diesel,11
3922,Bus,Electric,11
3923,Bus,Electric,14
3924,Truck,Electric,12
3925,Bus,Diesel,10
3926,Car,Electric,6
3927,Car,Hybrid,11
3928,Bus,Hybrid,8
3929,Bus,Electric,10
3930,Truck,Electric,14
3931,Bus,Hybrid,2
3932,Truck,Diesel,9
3933,Car,Diesel,7
3934,Bus,Hybrid,5
3935,Truck,Diesel,14
3936,Truck,Diesel,12
3937,Car,Electric,13
3938,Bus,Diesel,5
3939,Car,Hybrid,2
3940,Truck,Diesel,9
3941,Truck,Electric,8
3942,Bus,Hybrid,8
3943,Truck,Hybrid,3
3944,Bus,Hybrid,12
3945,Car,Electric,12
3946,Bus,Hybrid,9
3947,Bus,Electric,11
3948,Truck,Electric,5
3949,Truck,Diesel,4
3950,Bus,Hybrid,3
3951,Truck,Diesel,1
3952,Truck,Diesel,3
3953,Truck,Electric,6
3954,Bus,Diesel,2
3955,Truck,Diesel,2
3956,Bus,Diesel,10
3957,Truck,Hybrid,2
3958,Car,Diesel,8
3959,Truck,Electric,13
3960,Truck,Hybrid,0
3961,Bus,Electric,4
3962,Bus,Hybrid,8
3963,Truck,Hybrid,13
3964,Car,Hybrid,6
3965,Truck,Electric,11
3966,Truck,Diesel,11
3967,Car,Hybrid,0
3968,Bus,Electric,3
3969,Truck,Hybrid,5
3970,Bus,Diesel,4
3971,Bus,Hybrid,1
3972,Car,Electric,0
3973,Car,Hybrid,10
3974,Bus,Electric,3
3975,Truck,Diesel,11
3976,Bus,Diesel,9
3977,Truck,Hybrid,4
3978,Truck,Diesel,14
3979,Car,Electric,3
3980,Truck,Hybrid,2
3981,Truck,Electric,9
3982,Bus,Hybrid,14
3983,Car,Electric,7
3984,Truck,Hybrid,11
3985,Truck,Electric,13
3986,Car,Electric,5
3987,Bus,Hybrid,10
3988,Car,Electric,14
3989,Car,Diesel,13
3990,Truck,Electric,11
3991,Truck,Hybrid,2
3992,Bus,Diesel,5
3993,Truck,Diesel,14
3994,Truck,Electric,9
3995,Car,Electric,7
3996,Truck,Electric,6
3997,Bus,Diesel,14
3998,Car,Diesel,12
3999,Bus,Diesel,0
4000,Car,Hybrid,5
4001,Truck,Hybrid,0
4002,Car,Electric,12
4003,Car,Hybrid,3
4004,Truck,Hybrid,9
4005,Truck,Electric,2
4006,Bus,Electric,6
4007,Bus,Diesel,1
4008,Truck,Diesel,12
4009,Truck,Electric,11
4010,Truck,Electric,3
4011,Car,Hybrid,14
4012,Car,Hybrid,4
4013,Car,Hybrid,1
4014,Truck,Electric,8
4015,Bus,Electric,1
4016,Truck,Diesel,5
4017,Car,Hybrid,11
4018,Car,Diesel,7
4019,Truck,Electric,11
4020,Truck,Hybrid,6
4021,Car,Diesel,13
4022,Car,Electric,14
4023,Car,Diesel,5
4024,Truck,Hybrid,14
4025,Car,Diesel,7
4026,Car,Diesel,4
4027,Bus,Electric,9
4028,Truck,Hybrid,8
4029,Bus,Diesel,1
4030,Bus,Electric,5
4031,Car,Hybrid,11
4032,Truck,Electric,9
4033,Car,Hybrid,11
4034,Truck,Electric,11
4035,Bus,Electric,10
4036,Truck,Electric,6
4037,Car,Diesel,8
4038,Car,Diesel,4
4039,Car,Electric,5
4040,Truck,Hybrid,8
4041,Bus,Electric,9
4042,Bus,Diesel,5
4043,Truck,Hybrid,13
4044,Car,Diesel,10
4045,Bus,Electric,11
4046,Car,Diesel,0
4047,Truck,Diesel,3
4048,Car,Diesel,3
4049,Bus,Electric,2
4050,Bus,Diesel,13
4051,Car,Electric,7
4052,Truck,Electric,5
4053,Car,Diesel,6
4054,Truck,Hybrid,8
4055,Car,Diesel,7
4056,Bus,Diesel,2
4057,Truck,Diesel,14
4058,Truck,Hybrid,3
4059,Truck,Hybrid,0
4060,Bus,Electric,13
4061,Car,Hybrid,3
4062,Bus,Hybrid,11
4063,Truck,Diesel,8
4064,Car,Electric,4
4065,Bus,Electric,2
4066,Truck,Hybrid,1
4067,Truck,Hybrid,5
4068,Bus,Diesel,3
4069,Bus,Hybrid,5
4070,Bus,Hybrid,2
4071,Truck,Electric,2
4072,Bus,Hybrid,0
4073,Truck,Diesel,8
4074,Bus,Electric,6
4075,Truck,Electric,8
4076,Truck,Hybrid,10
4077,Car,Diesel,0
4078,Bus,Electric,7
4079,Bus,Diesel,1
4080,Truck,Diesel,2
4081,Truck,Hybrid,0
4082,Truck,Diesel,6
4083,Car,Electric,11
4084,Car,Hybrid,10
4085,Truck,Electric,4
4086,Bus,Diesel,12
4087,Bus,Diesel,10
4088,Car,Hybrid,2
4089,Car,Hybrid,12
4090,Truck,Electric,3
4091,Bus,Electric,11
4092,Truck,Diesel,11
4093,Car,Hybrid,9
4094,Bus,Diesel,5
4095,Bus,Diesel,5
4096,Car,Electric,14
4097,Truck,Electric,1
4098,Truck,Electric,6
4099,Bus,Hybrid,11
4100,Car,Electric,12
4101,Bus,Hybrid,1
4102,Car,Diesel,8
4103,Truck,Hybrid,13
4104,Car,Electric,1
4105,Truck,Hybrid,4
4106,Car,Hybrid,7
4107,Bus,Electric,7
4108,Truck,Electric,12
4109,Bus,Diesel,10
4110,Bus,Hybrid,12
4111,Truck,Diesel,14
4112,Truck,Diesel,3
4113,Bus,Hybrid,6
4114,Bus,Diesel,7
4115,Bus,Hybrid,7
4116,Bus,Diesel,4
4117,Truck,Diesel,9
4118,Truck,Hybrid,1
4119,Bus,Electric,1
4120,Car,Hybrid,4
4121,Car,Electric,3
4122,Truck,Hybrid,13
4123,Bus,Hybrid,3
4124,Bus,Electric,2
4125,Truck,Electric,8
4126,Car,Hybrid,7
4127,Car,Hybrid,3
4128,Car,Hybrid,6
4129,Truck,Electric,7
4130,Car,Hybrid,13
4131,Truck,Electric,5
4132,Truck,Diesel,1
4133,Bus,Electric,7
4134,Car,Diesel,2
4135,Truck,Hybrid,13
4136,Car,Hybrid,3
4137,Car,Electric,3
4138,Bus,Diesel,6
4139,Car,Hybrid,7
4140,Bus,Hybrid,8
4141,Truck,Diesel,0
4142,Car,Hybrid,0
4143,Truck,Hybrid,11
4144,Car,Electric,13
4145,Truck,Hybrid,6
4146,Car,Diesel,3
4147,Car,Hybrid,9
4148,Car,Electric,7
4149,Car,Hybrid,4
4150,Car,Diesel,0
4151,Car,Hybrid,1
4152,Car,Diesel,9
4153,Car,Electric,13
4154,Car,Hybrid,2
4155,Truck,Hybrid,1
4156,Bus,Electric,8
4157,Car,Diesel,12
4158,Bus,Diesel,6
4159,Car,Hybrid,1
4160,Car,Diesel,6
4161,Truck,Diesel,11
4162,Truck,Hybrid,11
4163,Bus,Diesel,9
4164,Truck,Diesel,0
4165,Truck,Hybrid,13
4166,Bus,Hybrid,13
4167,Truck,Diesel,4
4168,Car,Hybrid,4
4169,Bus,Diesel,8
4170,Bus,Diesel,3
4171,Car,Diesel,3
4172,Truck,Diesel,5
4173,Bus,Hybrid,14
4174,Bus,Hybrid,13
4175,Car,Electric,10
4176,Car,Hybrid,1
4177,Truck,Electric,13
4178,Bus,Diesel,9
4179,Truck,Hybrid,5
4180,Truck,Diesel,6
4181,Car,Electric,3
4182,Bus,Hybrid,9
4183,Bus,Hybrid,8
4184,Bus,Hybrid,4
4185,Car,Hybrid,13
4186,Car,Diesel,2
4187,Car,Hybrid,8
4188,Car,Electric,0
4189,Car,Hybrid,7
4190,Bus,Electric,0
4191,Truck,Electric,9
4192,Bus,Diesel,7
4193,Truck,Hybrid,4
4194,Car,Electric,6
4195,Truck,Hybrid,7
4196,Bus,Diesel,14
4197,Bus,Diesel,10
4198,Truck,Hybrid,11
4199,Car,Electric,0
4200,Car,Diesel,0
4201,Bus,Electric,6
4202,Truck,Electric,0
4203,Car,Hybrid,3
4204,Car,Diesel,14
4205,Bus,Hybrid,5
4206,Car,Hybrid,1
4207,Truck,Hybrid,9
4208,Bus,Electric,4
4209,Bus,Hybrid,9
4210,Truck,Diesel,9
4211,Bus,Electric,10
4212,Car,Hybrid,10
4213,Car,Diesel,14
4214,Truck,Hybrid,9
4215,Car,Hybrid,10
4216,Truck,Hybrid,5
4217,Truck,Electric,4
4218,Car,Hybrid,9
4219,Truck,Diesel,7
4220,Car,Hybrid,10
4221,Bus,Hybrid,3
4222,Bus,Electric,7
4223,Truck,Hybrid,10
4224,Car,Diesel,2
4225,Car,Diesel,6
4226,Bus,Hybrid,11
4227,Bus,Diesel,4
4228,Car,Diesel,11
4229,Truck,Hybrid,4
4230,Bus,Diesel,5
4231,Truck,Diesel,14
4232,Truck,Hybrid,11
4233,Bus,Electric,4
4234,Truck,Electric,12
4235,Truck,Hybrid,0
4236,Car,Electric,14
4237,Truck,Electric,8
4238,Car,Electric,10
4239,Bus,Electric,3
4240,Bus,Hybrid,4
4241,Car,Electric,0
4242,Bus,Electric,2
4243,Truck,Hybrid,2
4244,Truck,Hybrid,7
4245,Truck,Electric,10
4246,Bus,Diesel,7
4247,Truck,Hybrid,8
4248,Bus,Hybrid,13
4249,Truck,Electric,9
4250,Car,Diesel,14
4251,Bus,Hybrid,6
4252,Bus,Hybrid,5
4253,Truck,Hybrid,13
4254,Bus,Diesel,7
4255,Bus,Hybrid,2
4256,Car,Hybrid,14
4257,Car,Diesel,14
4258,Truck,Hybrid,9
4259,Car,Diesel,9
4260,Truck,Diesel,9
4261,Truck,Diesel,7
4262,Truck,Electric,2
4263,Bus,Hybrid,12
4264,Car,Hybrid,1
4265,Truck,Hybrid,8
4266,Car,Diesel,0
4267,Truck,Electric,9
4268,Car,Diesel,9
4269,Car,Hybrid,1
4270,Truck,Diesel,6
4271,Bus,Electric,0
4272,Car,Hybrid,11
4273,Bus,Diesel,4
4274,Bus,Electric,11
4275,Truck,Diesel,8
4276,Truck,Diesel,8
4277,Truck,Hybrid,10
4278,Car,Electric,3
4279,Truck,Diesel,9
4280,Truck,Electric,13
4281,Car,Hybrid,14
4282,Car,Hybrid,1
4283,Truck,Hybrid,8
4284,Truck,Electric,10
4285,Truck,Electric,3
4286,Truck,Diesel,2
4287,Bus,Electric,12
4288,Bus,Hybrid,2
4289,Truck,Diesel,12
4290,Bus,Electric,6
4291,Car,Hybrid,11
4292,Bus,Hybrid,1
4293,Bus,Diesel,4
4294,Truck,Hybrid,1
4295,Bus,Electric,6
4296,Bus,Hybrid,6
4297,Bus,Diesel,2
4298,Bus,Hybrid,2
4299,Car,Hybrid,7
4300,Truck,Electric,6
4301,Truck,Electric,3
4302,Car,Electric,1
4303,Bus,Electric,11
4304,Car,Hybrid,12
4305,Bus,Electric,2
4306,Car,Hybrid,10
4307,Truck,Electric,10
4308,Truck,Electric,13
4309,Truck,Electric,10
4310,Bus,Hybrid,14
4311,Bus,Electric,2
4312,Car,Hybrid,4
4313,Car,Electric,12
4314,Truck,Electric,6
4315,Bus,Diesel,3
4316,Car,Electric,0
4317,Bus,Hybrid,2
4318,Bus,Diesel,2
4319,Truck,Hybrid,0
4320,Truck,Hybrid,7
4321,Bus,Diesel,3
4322,Bus,Electric,4
4323,Bus,Diesel,2
4324,Bus,Hybrid,3
4325,Truck,Electric,0
4326,Car,Diesel,12
4327,Truck,Hybrid,12
4328,Car,Electric,3
4329,Bus,Hybrid,1
4330,Car,Electric,9
4331,Truck,Electric,13
4332,Truck,Diesel,5
4333,Bus,Electric,1
4334,Truck,Hybrid,14
4335,Bus,Electric,8
4336,Truck,Hybrid,1
4337,Truck,Electric,3
4338,Bus,Electric,12
4339,Car,Diesel,3
4340,Truck,Electric,11
4341,Car,Electric,10
4342,Truck,Hybrid,0
4343,Truck,Hybrid,12
4344,Truck,Hybrid,10
4345,Truck,Electric,6
4346,Car,Hybrid,0
4347,Car,Hybrid,12
4348,Truck,Electric,7
4349,Truck,Hybrid,2
4350,Car,Diesel,13
4351,Bus,Diesel,7
4352,Bus,Hybrid,7
4353,Car,Hybrid,9
4354,Truck,Hybrid,11
4355,Truck,Electric,13
4356,Bus,Diesel,9
4357,Bus,Diesel,4
4358,Car,Hybrid,13
4359,Bus,Hybrid,13
4360,Car,Electric,2
4361,Bus,Electric,10
4362,Bus,Diesel,10
4363,Bus,Electric,11
4364,Truck,Diesel,10
4365,Truck,Hybrid,8
4366,Truck,Hybrid,0
4367,Bus,Diesel,0
4368,Car,Hybrid,13
4369,Car,Electric,1
4370,Car,Hybrid,12
4371,Car,Hybrid,9
4372,Truck,Diesel,5
4373,Truck,Electric,1
4374,Bus,Electric,3
4375,Bus,Hybrid,5
4376,Car,Hybrid,1
4377,Truck,Electric,3
4378,Car,Electric,6
4379,Bus,Diesel,0
4380,Bus,Hybrid,8
4381,Car,Hybrid,9
4382,Bus,Electric,9
4383,Car,Diesel,6
4384,Truck,Electric,8
4385,Car,Hybrid,6
4386,Truck,Hybrid,10
4387,Truck,Hybrid,0
4388,Bus,Hybrid,6
4389,Bus,Diesel,10
4390,Bus,Hybrid,8
4391,Car,Electric,12
4392,Car,Diesel,7
4393,Bus,Diesel,11
4394,Car,Hybrid,3
4395,Bus,Diesel,4
4396,Car,Hybrid,2
4397,Truck,Diesel,9
4398,Truck,Diesel,9
4399,Bus,Electric,11
4400,Car,Electric,1
4401,Car,Electric,2
4402,Truck,Diesel,6
4403,Truck,Electric,7
4404,Bus,Electric,1
4405,Truck,Electric,8
4406,Bus,Diesel,12
4407,Truck,Hybrid,3
4408,Truck,Electric,14
4409,Car,Diesel,1
4410,Truck,Diesel,6
4411,Truck,Hybrid,10
4412,Bus,Electric,1
4413,Truck,Diesel,6
4414,Bus,Diesel,7
4415,Truck,Diesel,12
4416,Truck,Hybrid,8
4417,Bus,Electric,13
4418,Car,Diesel,11
4419,Bus,Diesel,11
4420,Bus,Diesel,10
4421,Bus,Diesel,0
4422,Car,Electric,1
4423,Truck,Electric,1
4424,Bus,Diesel,13
4425,Bus,Diesel,6
4426,Car,Diesel,5
4427,Bus,Hybrid,14
4428,Truck,Hybrid,13
4429,Car,Hybrid,10
4430,Truck,Diesel,8
4431,Truck,Hybrid,2
4432,Car,Electric,7
4433,Bus,Hybrid,4
4434,Truck,Diesel,4
4435,Truck,Electric,9
4436,Truck,Diesel,12
4437,Truck,Electric,10
4438,Car,Hybrid,11
4439,Car,Hybrid,4
4440,Truck,Electric,7
4441,Bus,Electric,6
4442,Truck,Diesel,10
4443,Bus,Electric,11
4444,Truck,Diesel,6
4445,Bus,Electric,3
4446,Truck,Electric,13
4447,Bus,Hybrid,14
4448,Truck,Hybrid,5
4449,Truck,Diesel,12
4450,Bus,Diesel,0
4451,Car,Diesel,5
4452,Bus,Electric,4
4453,Car,Electric,12
4454,Truck,Diesel,0
4455,Bus,Electric,12
4456,Bus,Hybrid,10
4457,Bus,Electric,0
4458,Car,Hybrid,2
4459,Car,Diesel,3
4460,Truck,Electric,0
4461,Car,Diesel,11
4462,Car,Hybrid,13
4463,Truck,Diesel,9
4464,Bus,Hybrid,6
4465,Bus,Hybrid,1
4466,Truck,Diesel,10
4467,Bus,Hybrid,3
4468,Car,Diesel,11
4469,Truck,Diesel,8
4470,Truck,Diesel,7
4471,Truck,Hybrid,1
4472,Bus,Hybrid,10
4473,Truck,Electric,10
4474,Truck,Diesel,8
4475,Truck,Diesel,0
4476,Bus,Diesel,5
4477,Car,Diesel,2
4478,Truck,Diesel,0
4479,Car,Diesel,7
4480,Bus,Diesel,5
4481,Bus,Electric,3
4482,Bus,Electric,2
4483,Bus,Diesel,12
4484,Car,Diesel,9
4485,Truck,Electric,1
4486,Bus,Electric,12
4487,Bus,Diesel,4
4488,Car,Diesel,14
4489,Car,Electric,7
4490,Bus,Electric,11
4491,Truck,Diesel,7
4492,Truck,Electric,2
4493,Bus,Diesel,8
4494,Car,Hybrid,9
4495,Bus,Diesel,4
4496,Bus,Diesel,6
4497,Car,Diesel,10
4498,Bus,Electric,8
4499,Bus,Diesel,6
4500,Bus,Diesel,9
4501,Car,Electric,2
4502,Truck,Hybrid,1
4503,Truck,Hybrid,11
4504,Car,Electric,6
4505,Truck,Diesel,9
4506,Bus,Hybrid,7
4507,Truck,Hybrid,11
4508,Bus,Electric,11
4509,Truck,Hybrid,3
4510,Car,Hybrid,0
4511,Truck,Electric,5
4512,Truck,Hybrid,8
4513,Truck,Diesel,3
4514,Car,Electric,2
4515,Truck,Diesel,5
4516,Car,Diesel,5
4517,Bus,Electric,3
4518,Truck,Hybrid,6
4519,Car,Electric,10
4520,Car,Hybrid,1
4521,Truck,Diesel,0
4522,Bus,Hybrid,10
4523,Car,Diesel,5
4524,Truck,Diesel,2
4525,Bus,Diesel,2
4526,Car,Electric,12
4527,Car,Hybrid,0
4528,Bus,Hybrid,12
4529,Bus,Hybrid,1
4530,Truck,Diesel,2
4531,Truck,Electric,0
4532,Car,Hybrid,7
4533,Bus,Hybrid,5
4534,Bus,Electric,8
4535,Bus,Hybrid,0
4536,Car,Electric,10
4537,Bus,Electric,13
4538,Bus,Hybrid,11
4539,Car,Electric,14
4540,Truck,Electric,3
4541,Truck,Hybrid,3
4542,Car,Diesel,4
4543,Bus,Hybrid,10
4544,Car,Hybrid,1
4545,Truck,Diesel,12
4546,Truck,Electric,0
4547,Car,Hybrid,11
4548,Car,Diesel,8
4549,Truck,Diesel,4
4550,Car,Hybrid,7
4551,Truck,Hybrid,13
4552,Car,Diesel,11
4553,Car,Hybrid,2
4554,Car,Diesel,3
4555,Truck,Hybrid,3
4556,Car,Diesel,5
4557,Truck,Hybrid,3
4558,Truck,Hybrid,4
4559,Car,Hybrid,11
4560,Car,Electric,13
4561,Truck,Hybrid,4
4562,Truck,Diesel,7
4563,Bus,Diesel,8
4564,Truck,Electric,10
4565,Bus,Electric,7
4566,Bus,Electric,11
4567,Bus,Hybrid,4
4568,Car,Hybrid,11
4569,Car,Diesel,11
4570,Truck,Diesel,5
4571,Bus,Hybrid,3
4572,Car,Diesel,1
4573,Car,Hybrid,10
4574,Car,Electric,10
4575,Car,Hybrid,4
4576,Car,Hybrid,0
4577,Bus,Hybrid,0
4578,Bus,Diesel,0
4579,Bus,Hybrid,3
4580,Bus,Hybrid,13
4581,Truck,Hybrid,4
4582,Bus,Electric,14
4583,Car,Hybrid,3
4584,Bus,Hybrid,5
4585,Truck,Hybrid,1
4586,Car,Diesel,4
4587,Bus,Electric,12
4588,Bus,Electric,5
4589,Bus,Hybrid,14
4590,Car,Hybrid,4
4591,Car,Diesel,5
4592,Truck,Hybrid,7
4593,Car,Diesel,1
4594,Car,Hybrid,12
4595,Bus,Diesel,6
4596,Car,Electric,13
4597,Bus,Hybrid,5
4598,Bus,Diesel,9
4599,Car,Diesel,7
4600,Truck,Hybrid,8
4601,Truck,Diesel,13
4602,Car,Hybrid,7
4603,Truck,Hybrid,13
4604,Bus,Diesel,4
4605,Bus,Diesel,3
4606,Car,Diesel,2
4607,Truck,Electric,9
4608,Truck,Hybrid,8
4609,Bus,Hybrid,6
4610,Car,Electric,0
4611,Truck,Electric,2
4612,Car,Diesel,12
4613,Truck,Hybrid,14
4614,Bus,Electric,11
4615,Bus,Electric,2
4616,Car,Hybrid,12
4617,Bus,Hybrid,5
4618,Truck,Hybrid,14
4619,Bus,Diesel,12
4620,Car,Electric,1
4621,Car,Diesel,3
4622,Car,Hybrid,11
4623,Truck,Hybrid,1
4624,Truck,Electric,4
4625,Truck,Diesel,12
4626,Truck,Diesel,14
4627,Truck,Diesel,3
4628,Bus,Hybrid,3
4629,Truck,Electric,11
4630,Truck,Diesel,3
4631,Bus,Hybrid,12
4632,Truck,Hybrid,3
4633,Car,Diesel,13
4634,Truck,Electric,4
4635,Truck,Electric,1
4636,Car,Diesel,5
4637,Car,Hybrid,0
4638,Car,Hybrid,9
4639,Car,Diesel,1
4640,Truck,Hybrid,2
4641,Car,Hybrid,1
4642,Car,Diesel,14
4643,Bus,Hybrid,2
4644,Car,Diesel,7
4645,Car,Diesel,2
4646,Bus,Diesel,10
4647,Bus,Hybrid,13
4648,Truck,Diesel,9
4649,Bus,Hybrid,0
4650,Truck,Diesel,14
4651,Bus,Electric,13
4652,Bus,Hybrid,10
4653,Truck,Hybrid,7
4654,Bus,Hybrid,7
4655,Truck,Electric,6
4656,Bus,Diesel,3
4657,Car,Electric,11
4658,Bus,Diesel,4
4659,Truck,Diesel,11
4660,Bus,Diesel,11
4661,Truck,Diesel,10
4662,Truck,Diesel,13
4663,Car,Electric,9
4664,Car,Hybrid,5
4665,Truck,Electric,5
4666,Bus,Hybrid,6
4667,Truck,Hybrid,3
4668,Truck,Hybrid,7
4669,Bus,Electric,1
4670,Bus,Diesel,8
4671,Bus,Diesel,14
4672,Bus,Hybrid,5
4673,Truck,Diesel,13
4674,Truck,Diesel,11
4675,Car,Electric,0
4676,Truck,Diesel,14
4677,Bus,Diesel,0
4678,Car,Electric,12
4679,Bus,Diesel,7
4680,Truck,Hybrid,9
4681,Car,Electric,9
4682,Bus,Diesel,12
4683,Car,Diesel,6
4684,Car,Electric,2
4685,Truck,Hybrid,7
4686,Bus,Electric,14
4687,Car,Hybrid,7
4688,Car,Electric,12
4689,Bus,Diesel,6
4690,Car,Electric,13
4691,Car,Electric,4
4692,Car,Hybrid,7
4693,Bus,Electric,4
4694,Bus,Hybrid,0
4695,Bus,Electric,7
4696,Bus,Diesel,6
4697,Truck,Electric,6
4698,Car,Diesel,1
4699,Bus,Hybrid,10
4700,Car,Hybrid,11
4701,Car,Hybrid,11
4702,Truck,Hybrid,11
4703,Bus,Electric,2
4704,Bus,Electric,11
4705,Car,Electric,2
4706,Bus,Diesel,11
4707,Car,Electric,11
4708,Car,Diesel,10
4709,Truck,Diesel,9
4710,Truck,Electric,5
4711,Truck,Diesel,5
4712,Car,Hybrid,2
4713,Bus,Electric,10
4714,Truck,Electric,4
4715,Bus,Diesel,8
4716,Truck,Electric,6
4717,Truck,Electric,8
4718,Car,Diesel,1
4719,Truck,Electric,9
4720,Truck,Electric,9
4721,Car,Electric,0
4722,Bus,Diesel,1
4723,Truck,Electric,5
4724,Car,Electric,9
4725,Truck,Electric,6
4726,Car,Hybrid,7
4727,Bus,Electric,10
4728,Bus,Diesel,5
4729,Car,Hybrid,5
4730,Car,Diesel,2
4731,Car,Electric,14
4732,Bus,Electric,8
4733,Truck,Electric,10
4734,Bus,Hybrid,1
4735,Car,Electric,10
4736,Car,Diesel,13
4737,Bus,Hybrid,4
4738,Car,Diesel,2
4739,Bus,Diesel,0
4740,Car,Diesel,1
4741,Truck,Diesel,5
4742,Truck,Diesel,13
4743,Car,Electric,9
4744,Bus,Diesel,0
4745,Truck,Diesel,10
4746,Bus,Electric,14
4747,Car,Hybrid,1
4748,Bus,Electric,9
4749,Truck,Hybrid,4
4750,Bus,Diesel,0
4751,Bus,Electric,13
4752,Car,Hybrid,13
4753,Car,Hybrid,14
4754,Car,Electric,10
4755,Truck,Electric,10
4756,Truck,Electric,9
4757,Car,Electric,3
4758,Car,Electric,4
4759,Truck,Diesel,4
4760,Truck,Diesel,4
4761,Truck,Electric,13
4762,Truck,Electric,9
4763,Car,Diesel,8
4764,Truck,Hybrid,8
4765,Car,Diesel,4
4766,Bus,Electric,5
4767,Bus,Hybrid,7
4768,Truck,Electric,11
4769,Bus,Hybrid,6
4770,Bus,Electric,14
4771,Bus,Diesel,5
4772,Truck,Electric,3
4773,Truck,Diesel,2
4774,Bus,Hybrid,3
4775,Car,Diesel,12
4776,Bus,Hybrid,2
4777,Truck,Electric,12
4778,Truck,Diesel,7
4779,Truck,Hybrid,5
4780,Bus,Hybrid,5
4781,Car,Hybrid,0
4782,Truck,Hybrid,4
4783,Truck,Electric,7
4784,Bus,Electric,10
4785,Car,Electric,12
4786,Bus,Hybrid,1
4787,Truck,Electric,13
4788,Car,Hybrid,2
4789,Car,Hybrid,11
4790,Truck,Hybrid,8
4791,Car,Diesel,11
4792,Car,Electric,12
4793,Bus,Electric,3
4794,Truck,Diesel,10
4795,Truck,Diesel,9
4796,Truck,Diesel,11
4797,Truck,Diesel,4
4798,Truck,Hybrid,11
4799,Car,Electric,11
4800,Bus,Electric,14
4801,Truck,Electric,10
4802,Bus,Hybrid,14
4803,Bus,Electric,6
4804,Car,Diesel,12
4805,Truck,Electric,14
4806,Car,Electric,4
4807,Truck,Hybrid,1
4808,Car,Diesel,6
4809,Bus,Diesel,10
4810,Truck,Diesel,5
4811,Bus,Electric,10
4812,Bus,Diesel,8
4813,Car,Diesel,1
4814,Truck,Electric,1
4815,Bus,Hybrid,12
4816,Car,Electric,12
4817,Truck,Hybrid,7
4818,Truck,Hybrid,9
4819,Bus,Diesel,10
4820,Truck,Diesel,0
4821,Bus,Electric,7
4822,Truck,Hybrid,4
4823,Car,Electric,0
4824,Bus,Diesel,9
4825,Bus,Hybrid,10
4826,Truck,Diesel,0
4827,Truck,Diesel,5
4828,Bus,Diesel,11
4829,Truck,Hybrid,9
4830,Car,Hybrid,10
4831,Truck,Diesel,1
4832,Car,Hybrid,1
4833,Car,Diesel,0
4834,Car,Diesel,0
4835,Car,Diesel,3
4836,Car,Hybrid,4
4837,Truck,Electric,3
4838,Car,Electric,5
4839,Truck,Hybrid,7
4840,Car,Hybrid,10
4841,Bus,Diesel,14
4842,Car,Diesel,10
4843,Bus,Electric,1
4844,Car,Diesel,0
4845,Car,Electric,1
4846,Car,Electric,12
4847,Bus,Hybrid,9
4848,Bus,Hybrid,13
4849,Car,Hybrid,10
4850,Truck,Electric,5
4851,Car,Hybrid,10
4852,Bus,Electric,13
4853,Car,Hybrid,3
4854,Bus,Electric,6
4855,Bus,Diesel,13
4856,Bus,Diesel,1
4857,Car,Electric,0
4858,Bus,Electric,12
4859,Bus,Diesel,4
4860,Car,Electric,13
4861,Bus,Electric,8
4862,Car,Diesel,12
4863,Bus,Electric,5
4864,Truck,Hybrid,5
4865,Truck,Diesel,0
4866,Bus,Hybrid,0
4867,Truck,Electric,3
4868,Car,Electric,13
4869,Truck,Hybrid,1
4870,Bus,Electric,2
4871,Bus,Electric,10
4872,Car,Hybrid,5
4873,Bus,Electric,9
4874,Car,Diesel,12
4875,Truck,Hybrid,14
4876,Truck,Hybrid,0
4877,Car,Hybrid,10
4878,Car,Hybrid,11
4879,Bus,Diesel,12
4880,Truck,Hybrid,11
4881,Car,Hybrid,10
4882,Truck,Electric,9
4883,Car,Hybrid,1
4884,Truck,Electric,3
4885,Bus,Hybrid,5
4886,Truck,Hybrid,12
4887,Truck,Diesel,2
4888,Truck,Electric,8
4889,Truck,Diesel,9
4890,Truck,Electric,3
4891,Bus,Hybrid,6
4892,Car,Diesel,10
4893,Truck,Electric,4
4894,Bus,Electric,5
4895,Truck,Diesel,8
4896,Truck,Electric,8
4897,Car,Hybrid,5
4898,Truck,Electric,1
4899,Bus,Hybrid,8
4900,Bus,Electric,10
4901,Car,Diesel,1
4902,Truck,Hybrid,1
4903,Bus,Electric,1
4904,Truck,Hybrid,13
4905,Truck,Diesel,6
4906,Truck,Electric,10
4907,Car,Electric,3
4908,Truck,Hybrid,7
4909,Bus,Diesel,7
4910,Truck,Diesel,0
4911,Bus,Electric,0
4912,Truck,Hybrid,3
4913,Bus,Electric,1
4914,Bus,Electric,12
4915,Truck,Hybrid,2
4916,Truck,Diesel,9
4917,Bus,Electric,1
4918,Car,Electric,9
4919,Truck,Hybrid,8
4920,Car,Hybrid,13
4921,Truck,Electric,5
4922,Truck,Diesel,6
4923,Truck,Hybrid,5
4924,Truck,Electric,0
4925,Car,Diesel,13
4926,Truck,Hybrid,4
4927,Bus,Hybrid,2
4928,Bus,Electric,14
4929,Car,Hybrid,9
4930,Truck,Electric,7
4931,Bus,Hybrid,14
4932,Car,Diesel,13
4933,Truck,Diesel,14
4934,Bus,Hybrid,6
4935,Bus,Electric,8
4936,Car,Hybrid,11
4937,Truck,Electric,0
4938,Truck,Hybrid,1
4939,Bus,Diesel,1
4940,Bus,Electric,0
4941,Bus,Diesel,7
4942,Truck,Diesel,11
4943,Car,Diesel,3
4944,Car,Hybrid,6
4945,Truck,Electric,9
4946,Car,Diesel,14
4947,Bus,Electric,0
4948,Car,Electric,7
4949,Car,Diesel,10
4950,Car,Hybrid,7
4951,Bus,Diesel,10
4952,Truck,Diesel,9
4953,Bus,Electric,11
4954,Truck,Hybrid,2
4955,Truck,Electric,8
4956,Truck,Hybrid,14
4957,Car,Diesel,4
4958,Car,Hybrid,4
4959,Truck,Electric,11
4960,Truck,Diesel,13
4961,Car,Hybrid,4
4962,Bus,Hybrid,0
4963,Truck,Electric,13
4964,Bus,Hybrid,9
4965,Car,Diesel,1
4966,Truck,Hybrid,0
4967,Bus,Electric,1
4968,Bus,Hybrid,8
4969,Bus,Diesel,8
4970,Car,Diesel,12
4971,Car,Hybrid,13
4972,Bus,Hybrid,4
4973,Bus,Diesel,3
4974,Car,Electric,12
4975,Bus,Diesel,1
4976,Bus,Hybrid,5
4977,Car,Hybrid,12
4978,Bus,Electric,8
4979,Bus,Diesel,12
4980,Bus,Diesel,7
4981,Car,Electric,9
4982,Bus,Diesel,3
4983,Car,Electric,5
4984,Car,Diesel,10
4985,Truck,Electric,13
4986,Truck,Electric,8
4987,Bus,Electric,9
4988,Car,Hybrid,9
4989,Truck,Hybrid,14
4990,Bus,Hybrid,10
4991,Truck,Diesel,3
4992,Truck,Electric,8
4993,Car,Diesel,11
4994,Car,Diesel,7
4995,Truck,Electric,2
4996,Truck,Hybrid,8
4997,Car,Diesel,12
4998,Bus,Diesel,11
4999,Car,Diesel,4
5000,Truck,Hybrid,0
5001,Bus,Electric,10
5002,Truck,Electric,7
5003,Bus,Diesel,4
5004,Truck,Electric,4
5005,Bus,Hybrid,1
5006,Bus,Electric,8
5007,Truck,Diesel,5
5008,Bus,Diesel,10
5009,Car,Electric,9
5010,Truck,Diesel,11
5011,Car,Hybrid,2
5012,Truck,Hybrid,6
5013,Bus,Hybrid,1
5014,Bus,Hybrid,6
5015,Bus,Diesel,11
5016,Truck,Diesel,14
5017,Car,Electric,10
5018,Car,Diesel,1
5019,Truck,Electric,10
5020,Truck,Diesel,4
5021,Car,Electric,9
5022,Car,Electric,12
5023,Car,Hybrid,9
5024,Car,Electric,12
5025,Truck,Electric,14
5026,Truck,Electric,8
5027,Bus,Electric,12
5028,Car,Electric,8
5029,Bus,Hybrid,5
5030,Truck,Electric,2
5031,Truck,Electric,14
5032,Bus,Electric,11
5033,Car,Diesel,3
5034,Car,Diesel,3
5035,Car,Hybrid,8
5036,Car,Electric,3
5037,Bus,Electric,3
5038,Bus,Diesel,4
5039,Truck,Electric,5
5040,Car,Hybrid,7
5041,Car,Electric,11
5042,Car,Hybrid,0
5043,Bus,Diesel,4
5044,Car,Hybrid,8
5045,Bus,Hybrid,9
5046,Car,Hybrid,3
5047,Car,Hybrid,7
5048,Truck,Hybrid,8
5049,Car,Hybrid,0
5050,Car,Hybrid,7
5051,Truck,Hybrid,7
5052,Bus,Hybrid,4
5053,Bus,Diesel,9
5054,Car,Hybrid,1
5055,Bus,Hybrid,11
5056,Car,Electric,6
5057,Truck,Electric,13
5058,Truck,Electric,10
5059,Car,Hybrid,10
5060,Truck,Diesel,4
5061,Truck,Diesel,14
5062,Car,Electric,11
5063,Car,Electric,4
5064,Truck,Hybrid,5
5065,Bus,Diesel,11
5066,Bus,Diesel,9
5067,Car,Electric,7
5068,Car,Diesel,10
5069,Bus,Electric,0
5070,Truck,Electric,2
5071,Bus,Hybrid,11
5072,Bus,Electric,6
5073,Bus,Hybrid,13
5074,Bus,Diesel,10
5075,Car,Diesel,8
5076,Car,Electric,9
5077,Truck,Electric,1
5078,Truck,Hybrid,3
5079,Truck,Hybrid,10
5080,Truck,Diesel,3
5081,Bus,Diesel,10
5082,Car,Electric,6
5083,Car,Electric,4
5084,Truck,Hybrid,11
5085,Truck,Electric,10
5086,Bus,Hybrid,4
5087,Bus,Diesel,6
5088,Truck,Diesel,11
5089,Car,Electric,14
5090,Car,Hybrid,1
5091,Car,Electric,7
5092,Truck,Electric,5
5093,Car,Hybrid,4
5094,Bus,Electric,14
5095,Bus,Hybrid,11
5096,Truck,Hybrid,0
5097,Bus,Electric,13
5098,Truck,Hybrid,1
5099,Car,Diesel,5
5100,Car,Diesel,5
5101,Car,Diesel,12
5102,Bus,Diesel,10
5103,Truck,Electric,8
5104,Car,Diesel,10
5105,Truck,Diesel,5
5106,Car,Diesel,0
5107,Bus,Diesel,11
5108,Bus,Electric,6
5109,Truck,Diesel,11
5110,Bus,Hybrid,2
5111,Bus,Hybrid,7
5112,Truck,Electric,5
5113,Car,Electric,2
5114,Bus,Electric,2
5115,Truck,Diesel,12
5116,Bus,Electric,7
5117,Bus,Diesel,5
5118,Bus,Electric,1
5119,Bus,Hybrid,2
5120,Truck,Hybrid,11
5121,Truck,Diesel,14
5122,Truck,Electric,5
5123,Bus,Hybrid,13
5124,Bus,Diesel,13
5125,Bus,Hybrid,6
5126,Truck,Electric,3
5127,Bus,Diesel,7
5128,Car,Hybrid,2
5129,Bus,Electric,13
5130,Car,Diesel,5
5131,Bus,Hybrid,6
5132,Truck,Hybrid,7
5133,Bus,Diesel,10
5134,Car,Electric,14
5135,Car,Diesel,3
5136,Bus,Hybrid,4
5137,Car,Hybrid,5
5138,Car,Hybrid,0
5139,Truck,Electric,11
5140,Bus,Hybrid,8
5141,Bus,Hybrid,2
5142,Bus,Diesel,1
5143,Car,Hybrid,10
5144,Bus,Diesel,6
5145,Bus,Hybrid,10
5146,Truck,Diesel,10
5147,Truck,Diesel,13
5148,Truck,Diesel,3
5149,Car,Diesel,3
5150,Bus,Electric,9
5151,Truck,Hybrid,14
5152,Truck,Electric,8
5153,Truck,Hybrid,6
5154,Bus,Diesel,8
5155,Bus,Hybrid,0
5156,Bus,Diesel,2
5157,Car,Hybrid,9
5158,Car,Diesel,10
5159,Truck,Hybrid,9
5160,Bus,Hybrid,12
5161,Truck,Hybrid,11
5162,Bus,Diesel,13
5163,Bus,Hybrid,5
5164,Bus,Diesel,13
5165,Car,Electric,10
5166,Car,Hybrid,12
5167,Bus,Diesel,0
5168,Truck,Diesel,13
5169,Bus,Diesel,4
5170,Bus,Electric,13
5171,Truck,Diesel,3
5172,Bus,Electric,13
5173,Truck,Electric,3
5174,Car,Diesel,13
5175,Car,Hybrid,13
5176,Truck,Electric,11
5177,Car,Diesel,6
5178,Car,Electric,13
5179,Truck,Diesel,4
5180,Car,Diesel,6
5181,Bus,Electric,0
5182,Bus,Diesel,10
5183,Truck,Electric,13
5184,Car,Diesel,14
5185,Bus,Hybrid,8
5186,Bus,Hybrid,7
5187,Car,Electric,6
5188,Car,Electric,14
5189,Bus,Electric,9
5190,Bus,Electric,1
5191,Truck,Hybrid,10
5192,Truck,Electric,5
5193,Bus,Diesel,13
5194,Truck,Diesel,3
5195,Bus,Electric,2
5196,Bus,Diesel,12
5197,Truck,Electric,7
5198,Truck,Diesel,13
5199,Car,Diesel,3
5200,Car,Electric,2
5201,Car,Electric,10
5202,Bus,Hybrid,14
5203,Truck,Electric,4
5204,Bus,Hybrid,12
5205,Truck,Electric,8
5206,Bus,Diesel,9
5207,Car,Hybrid,2
5208,Car,Diesel,14
5209,Car,Electric,8
5210,Bus,Electric,3
5211,Truck,Electric,11
5212,Truck,Electric,9
5213,Car,Hybrid,3
5214,Car,Hybrid,1
5215,Car,Electric,11
5216,Car,Diesel,7
5217,Truck,Hybrid,3
5218,Bus,Diesel,2
5219,Bus,Electric,12
5220,Bus,Hybrid,2
5221,Bus,Hybrid,0
5222,Car,Hybrid,7
5223,Car,Diesel,12
5224,Car,Electric,10
5225,Bus,Electric,4
5226,Car,Hybrid,4
5227,Car,Hybrid,12
5228,Truck,Electric,3
5229,Truck,Diesel,12
5230,Car,Hybrid,11
5231,Truck,Diesel,13
5232,Truck,Diesel,4
5233,Car,Electric,11
5234,Car,Electric,4
5235,Car,Diesel,8
5236,Car,Diesel,10
5237,Bus,Electric,5
5238,Bus,Hybrid,12
5239,Car,Diesel,8
5240,Truck,Hybrid,7
5241,Car,Diesel,2
5242,Car,Electric,1
5243,Truck,Hybrid,5
5244,Bus,Electric,13
5245,Car,Diesel,12
5246,Car,Electric,1
5247,Bus,Hybrid,2
5248,Bus,Electric,2
5249,Truck,Hybrid,12
5250,Bus,Electric,0
5251,Bus,Electric,4
5252,Bus,Hybrid,7
5253,Truck,Hybrid,8
5254,Bus,Hybrid,6
5255,Bus,Diesel,4
5256,Truck,Electric,7
5257,Bus,Hybrid,8
5258,Bus,Diesel,11
5259,Truck,Diesel,8
5260,Car,Hybrid,8
5261,Truck,Hybrid,10
5262,Bus,Hybrid,1
5263,Bus,Diesel,12
5264,Bus,Diesel,2
5265,Truck,Electric,1
5266,Bus,Diesel,10
5267,Bus,Hybrid,13
5268,Truck,Electric,10
5269,Car,Electric,4
5270,Car,Electric,13
5271,Bus,Electric,11
5272,Truck,Hybrid,2
5273,Bus,Electric,12
5274,Truck,Hybrid,8
5275,Truck,Diesel,1
5276,Car,Hybrid,14
5277,Car,Electric,4
5278,Truck,Diesel,11
5279,Bus,Diesel,14
5280,Car,Diesel,4
5281,Bus,Electric,4
5282,Car,Hybrid,0
5283,Car,Hybrid,9
5284,Bus,Electric,6
5285,Car,Electric,13
5286,Car,Diesel,1
5287,Bus,Hybrid,11
5288,Car,Electric,13
5289,Car,Electric,13
5290,Car,Hybrid,1
5291,Bus,Diesel,8
5292,Truck,Diesel,11
5293,Bus,Diesel,0
5294,Truck,Hybrid,8
5295,Car,Electric,5
5296,Truck,Electric,4
5297,Bus,Electric,4
5298,Bus,Electric,4
5299,Car,Hybrid,5
5300,Truck,Diesel,6
5301,Car,Diesel,10
5302,Car,Diesel,8
5303,Bus,Diesel,1
5304,Truck,Electric,3
5305,Truck,Electric,10
5306,Truck,Hybrid,4
5307,Truck,Diesel,5
5308,Car,Electric,6
5309,Car,Electric,2
5310,Bus,Electric,13
5311,Car,Diesel,2
5312,Car,Electric,8
5313,Bus,Diesel,8
5314,Bus,Diesel,13
5315,Bus,Hybrid,1
5316,Car,Hybrid,3
5317,Car,Diesel,3
5318,Bus,Diesel,4
5319,Bus,Diesel,1
5320,Bus,Electric,11
5321,Car,Electric,14
5322,Car,Electric,10
5323,Truck,Hybrid,10
5324,Car,Diesel,3
5325,Car,Electric,10
5326,Car,Electric,13
5327,Bus,Hybrid,2
5328,Car,Hybrid,13
5329,Bus,Diesel,12
5330,Truck,Diesel,10
5331,Truck,Electric,5
5332,Bus,Electric,3
5333,Bus,Electric,0
5334,Bus,Electric,2
5335,Car,Electric,7
5336,Truck,Hybrid,11
5337,Bus,Diesel,2
5338,Car,Hybrid,6
5339,Truck,Diesel,1
5340,Car,Diesel,13
5341,Truck,Diesel,4
5342,Car,Hybrid,6
5343,Truck,Electric,0
5344,Truck,Diesel,13
5345,Car,Diesel,10
5346,Bus,Hybrid,11
5347,Truck,Hybrid,0
5348,Bus,Electric,10
5349,Car,Electric,7
5350,Bus,Diesel,1
5351,Bus,Hybrid,11
5352,Bus,Electric,12
5353,Bus,Electric,10
5354,Bus,Electric,3
5355,Truck,Hybrid,14
5356,Truck,Hybrid,2
5357,Truck,Hybrid,4
5358,Car,Hybrid,1
5359,Bus,Hybrid,5
5360,Truck,Diesel,7
5361,Car,Diesel,4
5362,Truck,Hybrid,6
5363,Truck,Diesel,4
5364,Bus,Hybrid,12
5365,Car,Diesel,5
5366,Bus,Diesel,8
5367,Bus,Electric,11
5368,Truck,Hybrid,10
5369,Bus,Diesel,13
5370,Car,Diesel,9
5371,Bus,Electric,10
5372,Bus,Diesel,0
5373,Bus,Electric,9
5374,Truck,Diesel,8
5375,Car,Electric,2
5376,Truck,Electric,9
5377,Truck,Hybrid,14
5378,Truck,Hybrid,13
5379,Truck,Diesel,2
5380,Truck,Hybrid,3
5381,Car,Hybrid,7
5382,Bus,Hybrid,0
5383,Truck,Diesel,3
5384,Truck,Diesel,14
5385,Car,Hybrid,6
5386,Car,Hybrid,11
5387,Bus,Diesel,2
5388,Car,Hybrid,6
5389,Bus,Electric,10
5390,Truck,Diesel,4
5391,Truck,Diesel,12
5392,Bus,Electric,9
5393,Car,Hybrid,10
5394,Bus,Electric,8
5395,Car,Hybrid,7
5396,Truck,Hybrid,10
5397,Car,Diesel,2
5398,Bus,Diesel,13
5399,Bus,Hybrid,11
5400,Truck,Electric,3
5401,Car,Diesel,6
5402,Car,Hybrid,12
5403,Car,Diesel,13
5404,Truck,Diesel,1
5405,Car,Diesel,9
5406,Bus,Electric,10
5407,Car,Electric,5
5408,Truck,Hybrid,8
5409,Car,Electric,11
5410,Car,Hybrid,8
5411,Bus,Hybrid,5
5412,Car,Diesel,11
5413,Bus,Diesel,5
5414,Bus,Electric,5
5415,Truck,Hybrid,10
5416,Bus,Hybrid,9
5417,Bus,Diesel,5
5418,Truck,Diesel,2
5419,Bus,Diesel,3
5420,Truck,Electric,5
5421,Car,Hybrid,9
5422,Truck,Hybrid,0
5423,Bus,Hybrid,0
5424,Truck,Diesel,12
5425,Bus,Electric,6
5426,Car,Electric,0
5427,Truck,Diesel,4
5428,Car,Electric,9
5429,Bus,Electric,10
5430,Bus,Hybrid,7
5431,Car,Diesel,5
5432,Truck,Diesel,13
5433,Truck,Diesel,14
5434,Bus,Diesel,2
5435,Car,Hybrid,13
5436,Car,Electric,1
5437,Truck,Electric,13
5438,Truck,Hybrid,14
5439,Truck,Electric,13
5440,Car,Diesel,1
5441,Truck,Hybrid,3
5442,Truck,Hybrid,8
5443,Bus,Diesel,8
5444,Truck,Diesel,0
5445,Truck,Diesel,4
5446,Car,Electric,8
5447,Car,Diesel,13
5448,Bus,Hybrid,13
5449,Truck,Electric,3
5450,Bus,Electric,10
5451,Car,Hybrid,6
5452,Bus,Electric,10
5453,Car,Diesel,5
5454,Bus,Diesel,12
5455,Bus,Diesel,3
5456,Truck,Diesel,9
5457,Bus,Electric,13
5458,Truck,Hybrid,10
5459,Truck,Electric,14
5460,Truck,Hybrid,11
5461,Truck,Hybrid,6
5462,Bus,Diesel,6
5463,Car,Electric,1
5464,Car,Diesel,6
5465,Car,Electric,12
5466,Bus,Electric,13
5467,Truck,Diesel,8
5468,Car,Electric,5
5469,Bus,Diesel,11
5470,Truck,Hybrid,5
5471,Car,Diesel,10
5472,Truck,Electric,12
5473,Car,Electric,5
5474,Car,Hybrid,11
5475,Car,Hybrid,12
5476,Truck,Hybrid,1
5477,Bus,Diesel,11
5478,Truck,Diesel,5
5479,Car,Electric,5
5480,Truck,Hybrid,8
5481,Bus,Hybrid,1
5482,Truck,Diesel,8
5483,Bus,Electric,4
5484,Bus,Hybrid,14
5485,Truck,Diesel,8
5486,Car,Diesel,9
5487,Bus,Hybrid,9
5488,Truck,Hybrid,1
5489,Bus,Electric,13
5490,Car,Hybrid,4
5491,Truck,Diesel,10
5492,Truck,Hybrid,12
5493,Truck,Hybrid,1
5494,Car,Electric,4
5495,Bus,Diesel,6
5496,Truck,Hybrid,11
5497,Bus,Diesel,14
5498,Bus,Electric,6
5499,Car,Diesel,11
5500,Truck,Hybrid,10
5501,Bus,Hybrid,6
5502,Truck,Electric,4
5503,Truck,Electric,14
5504,Car,Electric,6
5505,Truck,Diesel,5
5506,Truck,Diesel,6
5507,Bus,Diesel,4
5508,Car,Diesel,11
5509,Truck,Electric,1
5510,Bus,Diesel,8
5511,Car,Diesel,1
5512,Car,Diesel,2
5513,Bus,Diesel,8
5514,Bus,Electric,1
5515,Bus,Electric,12
5516,Bus,Hybrid,13
5517,Bus,Hybrid,14
5518,Truck,Diesel,7
5519,Truck,Diesel,12
5520,Car,Electric,11
5521,Truck,Hybrid,12
5522,Truck,Diesel,12
5523,Truck,Hybrid,2
5524,Bus,Hybrid,14
5525,Car,Hybrid,5
5526,Car,Electric,8
5527,Car,Diesel,9
5528,Car,Diesel,9
5529,Truck,Electric,2
5530,Truck,Electric,8
5531,Bus,Electric,6
5532,Car,Hybrid,4
5533,Truck,Hybrid,7
5534,Truck,Diesel,5
5535,Bus,Diesel,6
5536,Bus,Hybrid,2
5537,Bus,Hybrid,12
5538,Truck,Electric,9
5539,Truck,Hybrid,10
5540,Bus,Diesel,5
5541,Car,Diesel,10
5542,Bus,Electric,2
5543,Bus,Electric,6
5544,Bus,Diesel,9
5545,Bus,Hybrid,5
5546,Truck,Hybrid,9
5547,Car,Diesel,11
5548,Bus,Hybrid,7
5549,Car,Hybrid,7
5550,Car,Diesel,5
5551,Car,Diesel,1
5552,Bus,Electric,13
5553,Truck,Diesel,9
5554,Bus,Electric,12
5555,Car,Electric,9
5556,Car,Hybrid,5
5557,Truck,Diesel,0
5558,Bus,Hybrid,12
5559,Car,Diesel,5
5560,Truck,Diesel,5
5561,Car,Hybrid,5
5562,Truck,Electric,11
5563,Truck,Diesel,8
5564,Bus,Electric,3
5565,Car,Hybrid,10
5566,Bus,Hybrid,6
5567,Car,Diesel,10
5568,Bus,Hybrid,2
5569,Car,Diesel,7
5570,Bus,Diesel,14
5571,Truck,Diesel,1
5572,Car,Diesel,14
5573,Car,Diesel,1
5574,Truck,Hybrid,4
5575,Bus,Diesel,0
5576,Car,Electric,14
5577,Car,Diesel,0
5578,Bus,Diesel,13
5579,Truck,Diesel,10
5580,Bus,Hybrid,2
5581,Bus,Electric,5
5582,Bus,Electric,9
5583,Car,Electric,11
5584,Truck,Hybrid,5
5585,Truck,Hybrid,7
5586,Bus,Diesel,6
5587,Car,Hybrid,0
5588,Bus,Electric,0
5589,Car,Electric,3
5590,Car,Hybrid,0
5591,Car,Hybrid,0
5592,Car,Electric,14
5593,Truck,Electric,9
5594,Car,Electric,0
5595,Car,Electric,10
5596,Bus,Electric,2
5597,Bus,Hybrid,12
5598,Truck,Hybrid,9
5599,Bus,Diesel,1
5600,Car,Diesel,10
5601,Bus,Diesel,9
5602,Truck,Hybrid,7
5603,Bus,Diesel,6
5604,Bus,Diesel,9
5605,Truck,Hybrid,12
5606,Truck,Electric,7
5607,Car,Hybrid,3
5608,Bus,Hybrid,13
5609,Car,Electric,8
5610,Bus,Diesel,4
5611,Bus,Hybrid,6
5612,Car,Hybrid,3
5613,Bus,Electric,0
5614,Bus,Hybrid,10
5615,Bus,Diesel,11
5616,Truck,Electric,7
5617,Car,Hybrid,8
5618,Truck,Diesel,12
5619,Car,Diesel,8
5620,Car,Hybrid,9
5621,Bus,Diesel,13
5622,Car,Electric,7
5623,Truck,Diesel,0
5624,Truck,Electric,2
5625,Truck,Electric,4
5626,Car,Electric,6
5627,Truck,Hybrid,11
5628,Car,Diesel,7
5629,Truck,Hybrid,0
5630,Truck,Hybrid,4
5631,Car,Electric,2
5632,Truck,Hybrid,6
5633,Bus,Diesel,5
5634,Car,Hybrid,11
5635,Car,Hybrid,14
5636,Car,Electric,0
5637,Bus,Electric,10
5638,Car,Hybrid,1
5639,Truck,Electric,4
5640,Truck,Hybrid,4
5641,Truck,Diesel,0
5642,Car,Diesel,10
5643,Truck,Electric,11
5644,Car,Diesel,11
5645,Truck,Diesel,3
5646,Bus,Hybrid,11
5647,Bus,Electric,8
5648,Bus,Diesel,8
5649,Bus,Electric,14
5650,Car,Electric,4
5651,Truck,Electric,6
5652,Bus,Diesel,10
5653,Car,Electric,1
5654,Bus,Electric,0
5655,Bus,Hybrid,14
5656,Car,Hybrid,11
5657,Car,Hybrid,1
5658,Truck,Hybrid,14
5659,Truck,Electric,12
5660,Bus,Hybrid,3
5661,Bus,Hybrid,5
5662,Truck,Diesel,2
5663,Truck,Hybrid,1
5664,Car,Hybrid,12
5665,Truck,Diesel,6
5666,Truck,Electric,7
5667,Bus,Electric,8
5668,Truck,Diesel,10
5669,Bus,Diesel,11
5670,Truck,Electric,9
5671,Car,Hybrid,12
5672,Truck,Diesel,7
5673,Truck,Diesel,1
5674,Truck,Diesel,2
5675,Bus,Electric,14
5676,Car,Electric,0
5677,Truck,Electric,0
5678,Bus,Electric,14
5679,Car,Electric,5
5680,Bus,Hybrid,2
5681,Bus,Hybrid,3
5682,Car,Electric,9
5683,Truck,Electric,11
5684,Bus,Electric,7
5685,Bus,Diesel,4
5686,Truck,Diesel,11
5687,Truck,Electric,13
5688,Car,Electric,10
5689,Car,Diesel,5
5690,Car,Diesel,8
5691,Truck,Diesel,13
5692,Bus,Diesel,10
5693,Bus,Diesel,10
5694,Car,Electric,1
5695,Truck,Electric,2
5696,Bus,Diesel,4
5697,Car,Electric,1
5698,Bus,Diesel,7
5699,Bus,Diesel,1
5700,Truck,Diesel,3
5701,Truck,Electric,13
5702,Bus,Electric,2
5703,Car,Electric,3
5704,Truck,Electric,3
5705,Bus,Hybrid,5
5706,Truck,Diesel,9
5707,Truck,Diesel,11
5708,Truck,Electric,11
5709,Bus,Electric,9
5710,Car,Hybrid,9
5711,Car,Diesel,8
5712,Car,Diesel,2
5713,Truck,Electric,0
5714,Bus,Electric,13
5715,Truck,Hybrid,7
5716,Car,Diesel,6
5717,Car,Hybrid,1
5718,Bus,Diesel,4
5719,Truck,Electric,11
5720,Car,Hybrid,11
5721,Bus,Electric,9
5722,Truck,Diesel,3
5723,Truck,Diesel,8
5724,Car,Hybrid,3
5725,Car,Electric,4
5726,Truck,Diesel,7
5727,Truck,Diesel,2
5728,Car,Hybrid,5
5729,Truck,Hybrid,5
5730,Car,Electric,13
5731,Truck,Hybrid,6
5732,Car,Diesel,8
5733,Bus,Electric,10
5734,Car,Electric,2
5735,Car,Electric,12
5736,Bus,Diesel,13
5737,Truck,Hybrid,4
5738,Bus,Electric,4
5739,Car,Diesel,4
5740,Truck,Hybrid,5
5741,Bus,Electric,0
5742,Truck,Hybrid,14
5743,Truck,Hybrid,12
5744,Bus,Hybrid,8
5745,Truck,Diesel,11
5746,Bus,Electric,2
5747,Car,Electric,5
5748,Truck,Electric,3
5749,Car,Diesel,6
5750,Car,Hybrid,7
5751,Truck,Diesel,3
5752,Bus,Electric,9
5753,Truck,Hybrid,5
5754,Car,Diesel,11
5755,Car,Diesel,11
5756,Bus,Diesel,9
5757,Truck,Diesel,13
5758,Car,Hybrid,6
5759,Car,Diesel,11
5760,Car,Hybrid,9
5761,Bus,Diesel,6
5762,Car,Electric,8
5763,Car,Diesel,7
5764,Truck,Diesel,2
5765,Truck,Electric,12
5766,Car,Hybrid,3
5767,Car,Diesel,14
5768,Truck,Diesel,8
5769,Bus,Electric,10
5770,Bus,Hybrid,6
5771,Bus,Electric,6
5772,Bus,Diesel,14
5773,Bus,Hybrid,0
5774,Bus,Diesel,1
5775,Bus,Electric,14
5776,Bus,Diesel,0
5777,Truck,Electric,14
5778,Bus,Electric,3
5779,Bus,Hybrid,3
5780,Bus,Electric,13
5781,Car,Hybrid,4
5782,Truck,Hybrid,4
5783,Truck,Hybrid,11
5784,Truck,Hybrid,0
5785,Bus,Hybrid,14
5786,Bus,Electric,6
5787,Car,Electric,5
5788,Truck,Hybrid,7
5789,Bus,Electric,13
5790,Truck,Hybrid,14
5791,Car,Electric,14
5792,Car,Hybrid,3
5793,Car,Diesel,0
5794,Truck,Diesel,11
5795,Bus,Hybrid,2
5796,Bus,Electric,8
5797,Car,Hybrid,9
5798,Bus,Electric,6
5799,Car,Hybrid,1
5800,Truck,Hybrid,14
5801,Car,Electric,14
5802,Truck,Electric,12
5803,Car,Hybrid,2
5804,Bus,Diesel,1
5805,Bus,Diesel,14
5806,Car,Diesel,3
5807,Bus,Diesel,1
5808,Bus,Diesel,3
5809,Bus,Electric,10
5810,Truck,Diesel,13
5811,Bus,Electric,13
5812,Truck,Diesel,13
5813,Car,Electric,6
5814,Bus,Diesel,12
5815,Bus,Diesel,7
5816,Bus,Electric,13
5817,Car,Electric,9
5818,Truck,Hybrid,12
5819,Truck,Diesel,5
5820,Bus,Diesel,13
5821,Car,Electric,10
5822,Car,Electric,8
5823,Car,Diesel,5
5824,Car,Diesel,10
5825,Car,Electric,10
5826,Truck,Electric,14
5827,Truck,Diesel,2
5828,Truck,Electric,0
5829,Bus,Electric,8
5830,Car,Diesel,2
5831,Bus,Hybrid,0
5832,Car,Electric,11
5833,Truck,Hybrid,10
5834,Bus,Electric,13
5835,Truck,Hybrid,1
5836,Car,Electric,11
5837,Car,Hybrid,2
5838,Car,Hybrid,7
5839,Truck,Electric,7
5840,Car,Hybrid,1
5841,Truck,Diesel,14
5842,Bus,Diesel,5
5843,Car,Diesel,1
5844,Car,Hybrid,12
5845,Car,Electric,6
5846,Bus,Hybrid,12
5847,Car,Electric,14
5848,Truck,Hybrid,9
5849,Truck,Electric,10
5850,Car,Hybrid,10
5851,Car,Hybrid,2
5852,Bus,Diesel,7
5853,Bus,Hybrid,2
5854,Bus,Diesel,9
5855,Car,Electric,5
5856,Bus,Electric,0
5857,Bus,Diesel,7
5858,Truck,Hybrid,6
5859,Bus,Electric,0
5860,Truck,Hybrid,13
5861,Truck,Hybrid,13
5862,Bus,Hybrid,6
5863,Truck,Electric,10
5864,Car,Electric,4
5865,Car,Hybrid,1
5866,Bus,Diesel,0
5867,Car,Diesel,13
5868,Truck,Diesel,1
5869,Car,Hybrid,12
5870,Bus,Diesel,5
5871,Bus,Electric,1
5872,Truck,Diesel,12
5873,Bus,Diesel,5
5874,Car,Hybrid,12
5875,Bus,Electric,14
5876,Truck,Electric,11
5877,Bus,Diesel,7
5878,Car,Hybrid,7
5879,Truck,Hybrid,5
5880,Car,Diesel,4
5881,Truck,Electric,3
5882,Bus,Electric,13
5883,Truck,Electric,5
5884,Truck,Hybrid,12
5885,Bus,Diesel,14
5886,Car,Hybrid,4
5887,Bus,Electric,9
5888,Truck,Hybrid,14
5889,Bus,Electric,14
5890,Truck,Diesel,3
5891,Bus,Electric,5
5892,Bus,Diesel,8
5893,Car,Hybrid,8
5894,Truck,Hybrid,7
5895,Car,Hybrid,9
5896,Truck,Electric,0
5897,Bus,Diesel,8
5898,Truck,Hybrid,4
5899,Car,Hybrid,10
5900,Car,Diesel,2
5901,Car,Electric,7
5902,Truck,Hybrid,7
5903,Car,Electric,8
5904,Car,Electric,1
5905,Car,Electric,9
5906,Bus,Hybrid,3
5907,Bus,Hybrid,9
5908,Truck,Diesel,1
5909,Truck,Diesel,12
5910,Car,Electric,12
5911,Bus,Hybrid,5
5912,Car,Electric,0
5913,Car,Diesel,13
5914,Bus,Electric,9
5915,Bus,Electric,2
5916,Bus,Hybrid,1
5917,Truck,Electric,6
5918,Truck,Electric,7
5919,Car,Hybrid,1
5920,Truck,Hybrid,8
5921,Bus,Diesel,10
5922,Bus,Hybrid,0
5923,Truck,Electric,1
5924,Car,Diesel,2
5925,Car,Diesel,1
5926,Truck,Diesel,13
5927,Car,Diesel,0
5928,Car,Electric,7
5929,Car,Electric,14
5930,Bus,Electric,0
5931,Bus,Electric,4
5932,Truck,Diesel,10
5933,Bus,Electric,12
5934,Car,Diesel,5
5935,Bus,Hybrid,6
5936,Truck,Electric,2
5937,Bus,Hybrid,11
5938,Car,Hybrid,14
5939,Car,Electric,10
5940,Truck,Diesel,14
5941,Bus,Hybrid,6
5942,Bus,Electric,7
5943,Bus,Hybrid,9
5944,Car,Hybrid,2
5945,Truck,Electric,4
5946,Bus,Hybrid,0
5947,Car,Diesel,8
5948,Car,Diesel,7
5949,Car,Hybrid,2
5950,Bus,Hybrid,3
5951,Bus,Electric,0
5952,Bus,Diesel,13
5953,Bus,Hybrid,0
5954,Bus,Diesel,14
5955,Bus,Hybrid,13
5956,Bus,Electric,5
5957,Bus,Electric,5
5958,Bus,Diesel,8
5959,Car,Diesel,11
5960,Bus,Hybrid,4
5961,Truck,Hybrid,2
5962,Car,Hybrid,5
5963,Bus,Diesel,7
5964,Truck,Electric,11
5965,Bus,Electric,14
5966,Truck,Diesel,6
5967,Truck,Electric,10
5968,Truck,Diesel,9
5969,Truck,Hybrid,13
5970,Car,Diesel,2
5971,Car,Electric,13
5972,Truck,Diesel,0
5973,Bus,Diesel,3
5974,Truck,Diesel,5
5975,Car,Diesel,3
5976,Bus,Electric,4
5977,Car,Hybrid,9
5978,Car,Electric,6
5979,Bus,Electric,14
5980,Truck,Hybrid,4
5981,Truck,Electric,4
5982,Truck,Hybrid,1
5983,Truck,Hybrid,0
5984,Bus,Diesel,3
5985,Bus,Electric,10
5986,Bus,Hybrid,9
5987,Car,Electric,12
5988,Bus,Electric,7
5989,Truck,Hybrid,14
5990,Car,Diesel,2
5991,Truck,Hybrid,5
5992,Truck,Diesel,9
5993,Bus,Hybrid,13
5994,Bus,Hybrid,1
5995,Truck,Diesel,8
5996,Truck,Diesel,13
5997,Car,Electric,8
5998,Bus,Hybrid,3
5999,Car,Electric,11
6000,Car,Electric,10
6001,Car,Diesel,11
6002,Truck,Diesel,7
6003,Car,Electric,13
6004,Car,Diesel,13
6005,Truck,Hybrid,1
6006,Bus,Diesel,9
6007,Bus,Diesel,1
6008,Car,Hybrid,5
6009,Truck,Diesel,1
6010,Bus,Electric,0
6011,Car,Electric,9
6012,Car,Electric,1
6013,Truck,Diesel,1
6014,Car,Diesel,4
6015,Bus,Diesel,13
6016,Truck,Electric,5
6017,Bus,Diesel,10
6018,Bus,Hybrid,13
6019,Bus,Diesel,14
6020,Car,Electric,2
6021,Car,Hybrid,7
6022,Bus,Hybrid,1
6023,Bus,Electric,13
6024,Truck,Hybrid,9
6025,Truck,Hybrid,2
6026,Car,Hybrid,3
6027,Car,Hybrid,4
6028,Truck,Hybrid,4
6029,Bus,Diesel,5
6030,Car,Electric,3
6031,Bus,Electric,9
6032,Truck,Diesel,10
6033,Car,Diesel,6
6034,Car,Electric,12
6035,Truck,Electric,11
6036,Car,Diesel,7
6037,Truck,Diesel,14
6038,Car,Hybrid,3
6039,Truck,Diesel,8
6040,Car,Diesel,5
6041,Bus,Hybrid,11
6042,Bus,Hybrid,7
6043,Bus,Electric,8
6044,Car,Electric,0
6045,Car,Diesel,13
6046,Bus,Hybrid,4
6047,Bus,Hybrid,14
6048,Truck,Electric,6
6049,Truck,Electric,9
6050,Truck,Diesel,1
6051,Bus,Hybrid,11
6052,Bus,Electric,10
6053,Bus,Diesel,6
6054,Truck,Diesel,6
6055,Car,Diesel,2
6056,Bus,Electric,8
6057,Car,Electric,6
6058,Car,Electric,13
6059,Car,Electric,11
6060,Truck,Electric,11
6061,Car,Hybrid,9
6062,Bus,Hybrid,10
6063,Truck,Hybrid,4
6064,Bus,Hybrid,6
6065,Bus,Diesel,6
6066,Truck,Diesel,5
6067,Bus,Hybrid,3
6068,Bus,Electric,7
6069,Truck,Hybrid,11
6070,Bus,Hybrid,1
6071,Car,Diesel,12
6072,Bus,Electric,12
6073,Car,Diesel,7
6074,Bus,Electric,12
6075,Truck,Diesel,13
6076,Truck,Hybrid,4
6077,Bus,Electric,6
6078,Truck,Diesel,2
6079,Bus,Hybrid,13
6080,Truck,Diesel,6
6081,Car,Diesel,8
6082,Bus,Diesel,6
6083,Car,Hybrid,12
6084,Car,Electric,0
6085,Bus,Diesel,8
6086,Car,Hybrid,6
6087,Bus,Diesel,1
6088,Car,Electric,4
6089,Bus,Diesel,10
6090,Bus,Hybrid,9
6091,Truck,Diesel,14
6092,Bus,Diesel,1
6093,Bus,Electric,6
6094,Car,Electric,8
6095,Bus,Electric,3
6096,Truck,Diesel,2
6097,Car,Hybrid,5
6098,Car,Diesel,7
6099,Truck,Diesel,7
6100,Car,Diesel,7
6101,Car,Diesel,4
6102,Car,Electric,12
6103,Car,Electric,10
6104,Truck,Electric,12
6105,Truck,Electric,11
6106,Car,Hybrid,5
6107,Car,Diesel,11
6108,Truck,Diesel,12
6109,Truck,Diesel,1
6110,Truck,Hybrid,5
6111,Car,Hybrid,13
6112,Car,Electric,12
6113,Bus,Diesel,4
6114,Truck,Diesel,2
6115,Car,Hybrid,7
6116,Truck,Diesel,3
6117,Car,Hybrid,13
6118,Truck,Electric,1
6119,Car,Hybrid,10
6120,Bus,Diesel,2
6121,Bus,Hybrid,1
6122,Truck,Hybrid,1
6123,Car,Electric,2
6124,Car,Diesel,12
6125,Truck,Diesel,6
6126,Car,Electric,9
6127,Truck,Hybrid,13
6128,Car,Hybrid,0
6129,Truck,Diesel,9
6130,Car,Hybrid,5
6131,Truck,Electric,10
6132,Car,Diesel,0
6133,Bus,Hybrid,2
6134,Car,Electric,11
6135,Truck,Electric,3
6136,Bus,Diesel,12
6137,Car,Diesel,7
6138,Bus,Hybrid,1
6139,Car,Hybrid,14
6140,Bus,Hybrid,6
6141,Truck,Electric,2
6142,Car,Electric,0
6143,Car,Hybrid,5
6144,Truck,Diesel,1
6145,Bus,Electric,12
6146,Truck,Electric,2
6147,Truck,Hybrid,13
6148,Bus,Diesel,5
6149,Truck,Electric,2
6150,Car,Diesel,11
6151,Car,Electric,4
6152,Car,Diesel,13
6153,Truck,Diesel,2
6154,Car,Electric,11
6155,Car,Diesel,6
6156,Car,Electric,6
6157,Car,Electric,11
6158,Car,Diesel,0
6159,Car,Electric,5
6160,Truck,Diesel,12
6161,Car,Electric,12
6162,Car,Diesel,14
6163,Bus,Electric,2
6164,Truck,Electric,6
6165,Truck,Hybrid,0
6166,Truck,Electric,9
6167,Truck,Electric,2
6168,Car,Diesel,11
6169,Car,Diesel,9
6170,Bus,Diesel,1
6171,Bus,Diesel,13
6172,Truck,Hybrid,7
6173,Bus,Hybrid,7
6174,Bus,Diesel,10
6175,Truck,Diesel,13
6176,Truck,Diesel,8
6177,Bus,Diesel,12
6178,Car,Electric,8
6179,Bus,Diesel,10
6180,Bus,Electric,12
6181,Car,Diesel,1
6182,Car,Hybrid,6
6183,Truck,Hybrid,6
6184,Truck,Diesel,3
6185,Bus,Hybrid,5
6186,Car,Hybrid,0
6187,Truck,Hybrid,13
6188,Bus,Hybrid,5
6189,Car,Electric,14
6190,Bus,Electric,12
6191,Truck,Electric,0
6192,Truck,Electric,4
6193,Car,Diesel,3
6194,Bus,Hybrid,5
6195,Car,Hybrid,10
6196,Truck,Diesel,14
6197,Truck,Diesel,10
6198,Bus,Electric,4
6199,Bus,Electric,4
6200,Bus,Hybrid,2
6201,Car,Diesel,9
6202,Bus,Hybrid,14
6203,Bus,Diesel,1
6204,Truck,Electric,6
6205,Truck,Hybrid,9
6206,Bus,Hybrid,14
6207,Bus,Diesel,11
6208,Truck,Hybrid,7
6209,Bus,Electric,4
6210,Car,Hybrid,8
6211,Car,Diesel,0
6212,Car,Hybrid,12
6213,Bus,Electric,2
6214,Truck,Diesel,7
6215,Bus,Diesel,4
6216,Bus,Electric,1
6217,Truck,Diesel,9
6218,Truck,Diesel,8
6219,Truck,Hybrid,12
6220,Car,Diesel,0
6221,Bus,Hybrid,2
6222,Truck,Electric,13
6223,Bus,Electric,13
6224,Car,Electric,13
6225,Car,Electric,3
6226,Truck,Diesel,6
6227,Truck,Diesel,3
6228,Bus,Hybrid,10
6229,Truck,Hybrid,1
6230,Bus,Hybrid,1
6231,Truck,Diesel,9
6232,Bus,Hybrid,0
6233,Bus,Diesel,6
6234,Bus,Electric,13
6235,Bus,Diesel,8
6236,Car,Electric,11
6237,Bus,Hybrid,9
6238,Truck,Diesel,1
6239,Car,Hybrid,6
6240,Car,Hybrid,13
6241,Bus,Electric,14
6242,Car,Hybrid,7
6243,Bus,Diesel,2
6244,Truck,Hybrid,3
6245,Bus,Electric,13
6246,Car,Electric,8
6247,Truck,Hybrid,3
6248,Bus,Electric,5
6249,Truck,Hybrid,7
6250,Truck,Electric,9
6251,Car,Hybrid,1
6252,Truck,Hybrid,0
6253,Car,Diesel,6
6254,Truck,Diesel,0
6255,Bus,Hybrid,3
6256,Truck,Diesel,4
6257,Bus,Diesel,1
6258,Bus,Electric,9
6259,Truck,Diesel,12
6260,Bus,Electric,3
6261,Truck,Diesel,10
6262,Truck,Diesel,10
6263,Bus,Hybrid,9
6264,Bus,Diesel,10
6265,Car,Hybrid,6
6266,Bus,Hybrid,3
6267,Car,Hybrid,10
6268,Bus,Hybrid,0
6269,Truck,Diesel,11
6270,Bus,Hybrid,12
6271,Truck,Diesel,9
6272,Truck,Diesel,3
6273,Truck,Electric,10
6274,Car,Electric,11
6275,Bus,Electric,5
6276,Truck,Hybrid,12
6277,Truck,Diesel,13
6278,Car,Diesel,11
6279,Bus,Hybrid,4
6280,Bus,Electric,12
6281,Car,Electric,3
6282,Car,Diesel,1
6283,Bus,Diesel,14
6284,Car,Diesel,9
6285,Bus,Electric,10
6286,Bus,Diesel,5
6287,Truck,Electric,11
6288,Truck,Electric,5
6289,Bus,Electric,5
6290,Bus,Hybrid,3
6291,Bus,Hybrid,7
6292,Bus,Diesel,0
6293,Bus,Electric,9
6294,Bus,Diesel,7
6295,Car,Electric,7
6296,Bus,Diesel,4
6297,Car,Diesel,8
6298,Car,Hybrid,11
6299,Bus,Hybrid,8
6300,Bus,Hybrid,9
6301,Car,Hybrid,3
6302,Car,Electric,13
6303,Bus,Diesel,13
6304,Bus,Diesel,1
6305,Car,Electric,0
6306,Car,Electric,7
6307,Car,Diesel,7
6308,Truck,Hybrid,10
6309,Car,Hybrid,6
6310,Truck,Hybrid,12
6311,Bus,Electric,12
6312,Bus,Diesel,14
6313,Car,Electric,14
6314,Bus,Diesel,10
6315,Bus,Hybrid,2
6316,Bus,Hybrid,2
6317,Bus,Hybrid,9
6318,Truck,Diesel,7
6319,Truck,Hybrid,11
6320,Car,Diesel,10
6321,Car,Electric,7
6322,Car,Hybrid,1
6323,Bus,Electric,13
6324,Bus,Electric,0
6325,Truck,Diesel,0
6326,Truck,Electric,10
6327,Car,Diesel,0
6328,Truck,Diesel,2
6329,Truck,Electric,0
6330,Truck,Diesel,7
6331,Truck,Diesel,7
6332,Truck,Diesel,8
6333,Car,Electric,3
6334,Car,Diesel,7
6335,Truck,Hybrid,6
6336,Car,Electric,3
6337,Bus,Electric,0
6338,Truck,Diesel,11
6339,Bus,Electric,10
6340,Car,Hybrid,12
6341,Car,Electric,2
6342,Bus,Electric,7
6343,Car,Electric,7
6344,Truck,Diesel,11
6345,Bus,Hybrid,1
6346,Truck,Hybrid,6
6347,Bus,Hybrid,0
6348,Car,Electric,3
6349,Bus,Hybrid,13
6350,Bus,Diesel,13
6351,Truck,Electric,14
6352,Car,Diesel,6
6353,Truck,Electric,3
6354,Car,Diesel,3
6355,Truck,Electric,13
6356,Bus,Diesel,14
6357,Truck,Hybrid,10
6358,Car,Electric,6
6359,Car,Electric,0
6360,Bus,Diesel,4
6361,Car,Diesel,13
6362,Truck,Diesel,13
6363,Bus,Electric,5
6364,Car,Diesel,6
6365,Car,Hybrid,6
6366,Truck,Diesel,11
6367,Truck,Diesel,6
6368,Bus,Diesel,1
6369,Car,Hybrid,5
6370,Truck,Diesel,8
6371,Bus,Diesel,6
6372,Car,Electric,6
6373,Car,Electric,12
6374,Bus,Diesel,13
6375,Bus,Electric,1
6376,Truck,Diesel,13
6377,Car,Diesel,14
6378,Car,Hybrid,12
6379,Car,Diesel,12
6380,Bus,Electric,13
6381,Truck,Electric,6
6382,Car,Electric,8
6383,Bus,Electric,2
6384,Car,Diesel,1
6385,Truck,Hybrid,5
6386,Car,Hybrid,11
6387,Truck,Diesel,12
6388,Truck,Electric,1
6389,Car,Hybrid,0
6390,Car,Hybrid,9
6391,Truck,Diesel,11
6392,Bus,Electric,3
6393,Truck,Hybrid,8
6394,Car,Diesel,9
6395,Car,Hybrid,13
6396,Bus,Hybrid,2
6397,Truck,Electric,2
6398,Truck,Electric,5
6399,Truck,Hybrid,12
6400,Car,Electric,5
6401,Truck,Hybrid,14
6402,Bus,Hybrid,7
6403,Car,Hybrid,12
6404,Car,Diesel,9
6405,Truck,Electric,5
6406,Bus,Electric,7
6407,Car,Hybrid,7
6408,Car,Electric,6
6409,Truck,Hybrid,4
6410,Truck,Electric,3
6411,Bus,Electric,0
6412,Truck,Hybrid,12
6413,Bus,Electric,5
6414,Car,Hybrid,7
6415,Bus,Diesel,10
6416,Bus,Hybrid,13
6417,Bus,Electric,3
6418,Car,Diesel,6
6419,Truck,Diesel,2
6420,Car,Hybrid,12
6421,Truck,Diesel,13
6422,Bus,Hybrid,4
6423,Bus,Electric,6
6424,Bus,Hybrid,11
6425,Bus,Diesel,10
6426,Bus,Hybrid,8
6427,Truck,Hybrid,8
6428,Truck,Electric,6
6429,Bus,Hybrid,3
6430,Car,Electric,5
6431,Car,Diesel,12
6432,Bus,Diesel,13
6433,Truck,Hybrid,3
6434,Car,Hybrid,2
6435,Car,Diesel,8
6436,Car,Diesel,4
6437,Bus,Diesel,7
6438,Car,Hybrid,2
6439,Car,Diesel,8
6440,Car,Hybrid,0
6441,Car,Diesel,1
6442,Truck,Diesel,12
6443,Bus,Hybrid,3
6444,Bus,Electric,1
6445,Truck,Hybrid,8
6446,Truck,Electric,12
6447,Bus,Hybrid,6
6448,Car,Electric,14
6449,Car,Electric,12
6450,Bus,Electric,1
6451,Car,Hybrid,10
6452,Truck,Hybrid,10
6453,Car,Hybrid,14
6454,Car,Electric,3
6455,Car,Electric,12
6456,Bus,Hybrid,5
6457,Truck,Hybrid,1
6458,Car,Diesel,8
6459,Bus,Diesel,2
6460,Car,Diesel,1
6461,Truck,Diesel,11
6462,Car,Diesel,3
6463,Truck,Hybrid,13
6464,Car,Electric,4
6465,Truck,Electric,3
6466,Car,Hybrid,11
6467,Truck,Hybrid,13
6468,Car,Hybrid,13
6469,Car,Diesel,2
6470,Bus,Diesel,2
6471,Bus,Diesel,11
6472,Truck,Hybrid,14
6473,Car,Hybrid,13
6474,Truck,Electric,14
6475,Bus,Hybrid,12
6476,Truck,Diesel,2
6477,Truck,Electric,2
6478,Bus,Hybrid,5
6479,Car,Electric,14
6480,Truck,Electric,3
6481,Bus,Hybrid,12
6482,Car,Diesel,6
6483,Bus,Diesel,6
6484,Truck,Electric,3
6485,Car,Hybrid,0
6486,Car,Hybrid,8
6487,Bus,Diesel,6
6488,Bus,Hybrid,5
6489,Bus,Hybrid,4
6490,Car,Electric,8
6491,Car,Hybrid,13
6492,Truck,Hybrid,12
6493,Car,Hybrid,8
6494,Truck,Diesel,9
6495,Bus,Diesel,10
6496,Bus,Electric,5
6497,Car,Diesel,7
6498,Bus,Diesel,6
6499,Bus,Diesel,11
6500,Car,Diesel,12
6501,Truck,Electric,0
6502,Car,Hybrid,14
6503,Truck,Hybrid,1
6504,Car,Hybrid,8
6505,Car,Electric,9
6506,Bus,Diesel,3
6507,Car,Electric,10
6508,Car,Electric,14
6509,Truck,Electric,2
6510,Bus,Hybrid,1
6511,Truck,Diesel,7
6512,Truck,Hybrid,13
6513,Bus,Electric,6
6514,Bus,Electric,8
6515,Bus,Hybrid,2
6516,Car,Hybrid,0
6517,Bus,Hybrid,12
6518,Bus,Diesel,8
6519,Bus,Hybrid,13
6520,Truck,Diesel,4
6521,Truck,Diesel,4
6522,Car,Hybrid,2
6523,Truck,Electric,12
6524,Car,Electric,7
6525,Truck,Diesel,7
6526,Bus,Diesel,0
6527,Truck,Diesel,14
6528,Car,Electric,3
6529,Truck,Diesel,5
6530,Bus,Diesel,8
6531,Car,Electric,1
6532,Bus,Hybrid,6
6533,Bus,Electric,9
6534,Car,Hybrid,0
6535,Bus,Hybrid,9
6536,Bus,Diesel,3
6537,Truck,Diesel,9
6538,Bus,Hybrid,10
6539,Bus,Diesel,14
6540,Bus,Hybrid,14
6541,Bus,Diesel,14
6542,Car,Electric,11
6543,Truck,Hybrid,6
6544,Bus,Hybrid,2
6545,Bus,Diesel,2
6546,Car,Electric,14
6547,Bus,Diesel,3
6548,Car,Electric,7
6549,Truck,Diesel,13
6550,Truck,Hybrid,2
6551,Bus,Electric,7
6552,Bus,Electric,9
6553,Bus,Diesel,8
6554,Car,Electric,11
6555,Bus,Diesel,7
6556,Bus,Electric,14
6557,Truck,Diesel,7
6558,Bus,Diesel,8
6559,Truck,Diesel,3
6560,Bus,Hybrid,11
6561,Truck,Electric,2
6562,Bus,Hybrid,7
6563,Truck,Hybrid,0
6564,Car,Hybrid,13
6565,Truck,Hybrid,14
6566,Truck,Electric,9
6567,Truck,Electric,0
6568,Bus,Hybrid,3
6569,Bus,Electric,9
6570,Bus,Electric,2
6571,Car,Diesel,9
6572,Car,Electric,1
6573,Truck,Hybrid,8
6574,Car,Electric,11
6575,Truck,Hybrid,11
6576,Truck,Electric,11
6577,Truck,Hybrid,4
6578,Car,Electric,2
6579,Bus,Electric,8
6580,Car,Electric,7
6581,Truck,Hybrid,3
6582,Truck,Diesel,9
6583,Car,Hybrid,4
6584,Truck,Electric,10
6585,Truck,Hybrid,11
6586,Car,Electric,4
6587,Car,Electric,7
6588,Car,Diesel,6
6589,Truck,Electric,2
6590,Truck,Electric,5
6591,Bus,Electric,5
6592,Bus,Diesel,1
6593,Car,Hybrid,14
6594,Bus,Diesel,12
6595,Truck,Hybrid,0
6596,Bus,Electric,6
6597,Truck,Hybrid,2
6598,Car,Hybrid,4
6599,Car,Hybrid,7
6600,Truck,Hybrid,4
6601,Bus,Electric,10
6602,Car,Diesel,4
6603,Car,Hybrid,4
6604,Bus,Electric,10
6605,Bus,Electric,6
6606,Truck,Electric,1
6607,Bus,Electric,13
6608,Bus,Hybrid,0
6609,Bus,Diesel,10
6610,Truck,Electric,3
6611,Truck,Diesel,4
6612,Car,Diesel,6
6613,Truck,Diesel,0
6614,Car,Electric,8
6615,Bus,Electric,10
6616,Car,Electric,11
6617,Car,Diesel,11
6618,Bus,Electric,9
6619,Car,Electric,3
6620,Truck,Diesel,5
6621,Truck,Electric,10
6622,Truck,Hybrid,0
6623,Truck,Hybrid,8
6624,Car,Hybrid,3
6625,Car,Hybrid,4
6626,Bus,Diesel,14
6627,Car,Electric,7
6628,Car,Hybrid,5
6629,Car,Hybrid,14
6630,Bus,Electric,9
6631,Truck,Diesel,11
6632,Car,Hybrid,13
6633,Bus,Electric,2
6634,Bus,Electric,9
6635,Bus,Hybrid,7
6636,Truck,Hybrid,5
6637,Car,Electric,11
6638,Bus,Electric,1
6639,Truck,Hybrid,4
6640,Bus,Hybrid,2
6641,Bus,Hybrid,3
6642,Bus,Hybrid,8
6643,Bus,Diesel,2
6644,Bus,Electric,4
6645,Truck,Hybrid,13
6646,Car,Electric,7
6647,Car,Hybrid,12
6648,Car,Diesel,8
6649,Car,Electric,6
6650,Truck,Diesel,10
6651,Truck,Electric,3
6652,Truck,Diesel,8
6653,Bus,Hybrid,14
6654,Bus,Hybrid,11
6655,Bus,Diesel,1
6656,Car,Hybrid,11
6657,Bus,Diesel,1
6658,Car,Diesel,3
6659,Bus,Electric,1
6660,Car,Diesel,2
6661,Bus,Electric,14
6662,Bus,Diesel,4
6663,Truck,Electric,2
6664,Bus,Electric,0
6665,Bus,Hybrid,10
6666,Truck,Electric,2
6667,Car,Electric,12
6668,Truck,Diesel,5
6669,Truck,Electric,2
6670,Car,Hybrid,8
6671,Bus,Diesel,2
6672,Car,Electric,10
6673,Bus,Diesel,2
6674,Bus,Diesel,14
6675,Car,Diesel,2
6676,Truck,Diesel,4
6677,Car,Diesel,6
6678,Bus,Electric,4
6679,Car,Diesel,8
6680,Car,Diesel,5
6681,Bus,Hybrid,0
6682,Truck,Hybrid,8
6683,Car,Diesel,13
6684,Bus,Electric,2
6685,Bus,Hybrid,7
6686,Car,Hybrid,13
6687,Truck,Diesel,11
6688,Car,Electric,14
6689,Truck,Electric,2
6690,Truck,Hybrid,7
6691,Truck,Hybrid,3
6692,Truck,Hybrid,0
6693,Car,Hybrid,10
6694,Bus,Hybrid,13
6695,Bus,Diesel,5
6696,Bus,Diesel,6
6697,Bus,Diesel,7
6698,Bus,Hybrid,5
6699,Bus,Diesel,13
6700,Car,Hybrid,0
6701,Truck,Electric,4
6702,Bus,Electric,8
6703,Car,Diesel,2
6704,Bus,Electric,4
6705,Bus,Electric,5
6706,Truck,Electric,4
6707,Truck,Diesel,3
6708,Truck,Electric,1
6709,Bus,Diesel,4
6710,Bus,Hybrid,9
6711,Bus,Hybrid,0
6712,Truck,Diesel,0
6713,Car,Diesel,7
6714,Bus,Electric,12
6715,Bus,Hybrid,3
6716,Bus,Electric,0
6717,Car,Hybrid,1
6718,Bus,Electric,4
6719,Car,Electric,6
6720,Bus,Hybrid,12
6721,Car,Electric,11
6722,Bus,Hybrid,4
6723,Truck,Diesel,10
6724,Truck,Electric,9
6725,Truck,Hybrid,14
6726,Truck,Hybrid,5
6727,Bus,Electric,6
6728,Truck,Hybrid,2
6729,Car,Electric,10
6730,Truck,Electric,9
6731,Truck,Diesel,4
6732,Truck,Diesel,7
6733,Bus,Diesel,12
6734,Truck,Electric,10
6735,Car,Electric,5
6736,Truck,Hybrid,1
6737,Truck,Diesel,8
6738,Truck,Diesel,1
6739,Car,Hybrid,5
6740,Truck,Diesel,10
6741,Car,Diesel,1
6742,Car,Diesel,9
6743,Truck,Hybrid,6
6744,Car,Diesel,0
6745,Bus,Electric,3
6746,Truck,Diesel,11
6747,Truck,Electric,7
6748,Car,Diesel,8
6749,Car,Electric,9
6750,Truck,Diesel,2
6751,Bus,Electric,8
6752,Car,Electric,11
6753,Car,Diesel,13
6754,Bus,Hybrid,7
6755,Bus,Diesel,3
6756,Truck,Hybrid,0
6757,Bus,Hybrid,9
6758,Truck,Hybrid,4
6759,Bus,Hybrid,10
6760,Car,Hybrid,6
6761,Truck,Hybrid,4
6762,Truck,Diesel,10
6763,Truck,Electric,4
6764,Bus,Electric,4
6765,Car,Diesel,2
6766,Truck,Diesel,5
6767,Truck,Diesel,10
6768,Truck,Hybrid,3
6769,Truck,Hybrid,9
6770,Car,Electric,1
6771,Bus,Diesel,3
6772,Car,Electric,5
6773,Truck,Electric,12
6774,Car,Hybrid,5
6775,Truck,Hybrid,13
6776,Bus,Electric,10
6777,Bus,Hybrid,8
6778,Bus,Hybrid,7
6779,Truck,Hybrid,4
6780,Car,Electric,9
6781,Bus,Electric,2
6782,Truck,Electric,3
6783,Truck,Diesel,13
6784,Car,Electric,4
6785,Bus,Hybrid,14
6786,Truck,Electric,0
6787,Car,Diesel,12
6788,Bus,Hybrid,11
6789,Car,Electric,8
6790,Car,Electric,12
6791,Truck,Hybrid,3
6792,Truck,Electric,7
6793,Truck,Diesel,4
6794,Car,Hybrid,14
6795,Truck,Electric,10
6796,Car,Hybrid,4
6797,Car,Electric,13
6798,Truck,Electric,11
6799,Bus,Hybrid,1
6800,Bus,Electric,7
6801,Bus,Electric,11
6802,Car,Hybrid,12
6803,Car,Electric,10
6804,Car,Electric,9
6805,Truck,Hybrid,14
6806,Car,Diesel,6
6807,Truck,Diesel,13
6808,Truck,Diesel,11
6809,Bus,Diesel,1
6810,Bus,Diesel,10
6811,Bus,Diesel,5
6812,Truck,Hybrid,8
6813,Truck,Hybrid,7
6814,Truck,Hybrid,9
6815,Car,Electric,11
6816,Truck,Diesel,2
6817,Bus,Diesel,6
6818,Bus,Hybrid,3
6819,Truck,Electric,10
6820,Truck,Electric,3
6821,Bus,Hybrid,6
6822,Truck,Diesel,10
6823,Bus,Electric,14
6824,Car,Diesel,12
6825,Bus,Electric,6
6826,Car,Diesel,11
6827,Truck,Electric,10
6828,Truck,Diesel,0
6829,Car,Diesel,14
6830,Truck,Diesel,10
6831,Car,Hybrid,0
6832,Truck,Diesel,5
6833,Bus,Diesel,1
6834,Truck,Electric,2
6835,Bus,Electric,1
6836,Bus,Hybrid,1
6837,Car,Electric,7
6838,Truck,Diesel,7
6839,Car,Hybrid,12
6840,Truck,Hybrid,5
6841,Bus,Hybrid,2
6842,Bus,Diesel,4
6843,Truck,Diesel,13
6844,Truck,Electric,6
6845,Car,Electric,4
6846,Truck,Electric,6
6847,Truck,Hybrid,9
6848,Truck,Diesel,6
6849,Car,Electric,3
6850,Truck,Diesel,9
6851,Bus,Hybrid,13
6852,Car,Diesel,13
6853,Car,Diesel,9
6854,Bus,Hybrid,5
6855,Bus,Electric,8
6856,Bus,Diesel,3
6857,Truck,Diesel,9
6858,Bus,Hybrid,11
6859,Truck,Diesel,0
6860,Car,Diesel,14
6861,Car,Diesel,7
6862,Bus,Hybrid,3
6863,Truck,Diesel,7
6864,Bus,Hybrid,10
6865,Bus,Electric,8
6866,Truck,Diesel,11
6867,Bus,Hybrid,12
6868,Car,Hybrid,11
6869,Bus,Diesel,7
6870,Truck,Hybrid,14
6871,Truck,Electric,0
6872,Car,Electric,12
6873,Truck,Electric,13
6874,Truck,Electric,11
6875,Car,Hybrid,14
6876,Bus,Hybrid,11
6877,Car,Electric,8
6878,Bus,Electric,4
6879,Car,Electric,7
6880,Bus,Electric,12
6881,Car,Electric,11
6882,Bus,Hybrid,5
6883,Car,Electric,6
6884,Bus,Electric,2
6885,Car,Diesel,8
6886,Truck,Hybrid,8
6887,Bus,Electric,9
6888,Car,Hybrid,12
6889,Bus,Diesel,12
6890,Bus,Diesel,1
6891,Car,Electric,3
6892,Bus,Electric,3
6893,Car,Electric,0
6894,Truck,Electric,3
6895,Bus,Diesel,2
6896,Truck,Hybrid,10
6897,Bus,Electric,10
6898,Bus,Hybrid,1
6899,Bus,Electric,5
6900,Car,Electric,14
6901,Truck,Diesel,2
6902,Bus,Electric,9
6903,Car,Electric,8
6904,Bus,Electric,8
6905,Car,Diesel,13
6906,Bus,Hybrid,10
6907,Truck,Diesel,7
6908,Truck,Electric,7
6909,Bus,Electric,1
6910,Car,Electric,10
6911,Bus,Hybrid,5
6912,Car,Hybrid,13
6913,Bus,Electric,3
6914,Car,Electric,9
6915,Truck,Hybrid,1
6916,Bus,Diesel,1
6917,Truck,Diesel,9
6918,Truck,Hybrid,11
6919,Bus,Hybrid,6
6920,Bus,Electric,10
6921,Car,Hybrid,0
6922,Car,Hybrid,13
6923,Truck,Electric,7
6924,Car,Hybrid,12
6925,Car,Electric,4
6926,Bus,Diesel,9
6927,Car,Diesel,7
6928,Truck,Diesel,1
6929,Car,Electric,0
6930,Truck,Diesel,12
6931,Bus,Diesel,1
6932,Truck,Electric,13
6933,Car,Electric,5
6934,Bus,Diesel,14
6935,Car,Diesel,3
6936,Bus,Diesel,12
6937,Bus,Hybrid,7
6938,Car,Electric,11
6939,Car,Electric,8
6940,Bus,Electric,8
6941,Bus,Electric,14
6942,Car,Diesel,4
6943,Truck,Electric,5
6944,Car,Hybrid,10
6945,Bus,Hybrid,12
6946,Car,Diesel,11
6947,Truck,Diesel,10
6948,Car,Electric,6
6949,Bus,Diesel,11
6950,Car,Diesel,3
6951,Bus,Diesel,11
6952,Bus,Hybrid,9
6953,Car,Electric,2
6954,Bus,Diesel,1
6955,Bus,Electric,9
6956,Truck,Electric,3
6957,Truck,Electric,8
6958,Truck,Hybrid,13
6959,Truck,Electric,4
6960,Bus,Electric,0
6961,Car,Diesel,11
6962,Bus,Diesel,4
6963,Bus,Hybrid,5
6964,Bus,Electric,12
6965,Car,Hybrid,13
6966,Truck,Electric,11
6967,Bus,Hybrid,9
6968,Bus,Electric,12
6969,Truck,Diesel,5
6970,Bus,Hybrid,12
6971,Car,Diesel,4
6972,Bus,Electric,7
6973,Bus,Hybrid,4
6974,Truck,Diesel,10
6975,Bus,Diesel,9
6976,Bus,Diesel,2
6977,Car,Electric,2
6978,Truck,Hybrid,13
6979,Truck,Diesel,3
6980,Car,Electric,9
6981,Bus,Electric,7
6982,Truck,Electric,8
6983,Truck,Hybrid,6
6984,Bus,Electric,1
6985,Bus,Electric,8
6986,Truck,Hybrid,5
6987,Bus,Hybrid,5
6988,Truck,Electric,12
6989,Bus,Electric,5
6990,Bus,Diesel,0
6991,Car,Hybrid,14
6992,Bus,Hybrid,8
6993,Car,Diesel,5
6994,Bus,Electric,6
6995,Truck,Electric,14
6996,Truck,Electric,0
6997,Bus,Electric,12
6998,Bus,Diesel,4
6999,Truck,Hybrid,2
7000,Bus,Hybrid,8
7001,Car,Electric,1
7002,Car,Diesel,3
7003,Car,Electric,2
7004,Car,Electric,8
7005,Car,Diesel,2
7006,Bus,Diesel,13
7007,Bus,Hybrid,13
7008,Car,Hybrid,13
7009,Bus,Electric,0
7010,Bus,Electric,7
7011,Car,Hybrid,0
7012,Bus,Diesel,10
7013,Bus,Electric,0
7014,Bus,Electric,6
7015,Car,Diesel,8
7016,Bus,Electric,3
7017,Truck,Diesel,9
7018,Truck,Hybrid,12
7019,Car,Hybrid,3
7020,Truck,Hybrid,4
7021,Car,Hybrid,4
7022,Truck,Hybrid,1
7023,Truck,Electric,14
7024,Truck,Hybrid,11
7025,Car,Electric,8
7026,Car,Electric,9
7027,Bus,Diesel,8
7028,Car,Electric,8
7029,Truck,Electric,13
7030,Truck,Hybrid,8
7031,Car,Hybrid,0
7032,Car,Diesel,7
7033,Car,Diesel,7
7034,Bus,Electric,11
7035,Truck,Diesel,12
7036,Bus,Hybrid,12
7037,Bus,Hybrid,3
7038,Truck,Hybrid,12
7039,Truck,Electric,13
7040,Car,Electric,9
7041,Car,Diesel,0
7042,Bus,Hybrid,0
7043,Car,Electric,14
7044,Car,Electric,13
7045,Truck,Diesel,0
7046,Truck,Hybrid,2
7047,Car,Hybrid,9
7048,Truck,Diesel,2
7049,Car,Diesel,3
7050,Truck,Diesel,10
7051,Truck,Diesel,12
7052,Truck,Hybrid,12
7053,Truck,Hybrid,1
7054,Car,Diesel,10
7055,Bus,Electric,10
7056,Truck,Electric,8
7057,Car,Hybrid,9
7058,Car,Hybrid,8
7059,Truck,Diesel,9
7060,Bus,Electric,6
7061,Truck,Hybrid,1
7062,Car,Electric,2
7063,Bus,Diesel,13
7064,Car,Hybrid,7
7065,Truck,Hybrid,8
7066,Bus,Electric,3
7067,Car,Electric,8
7068,Car,Hybrid,3
7069,Car,Electric,12
7070,Truck,Electric,1
7071,Bus,Diesel,6
7072,Truck,Electric,8
7073,Truck,Hybrid,1
7074,Truck,Diesel,7
7075,Bus,Hybrid,5
7076,Truck,Diesel,8
7077,Truck,Diesel,4
7078,Truck,Electric,0
7079,Truck,Electric,4
7080,Car,Hybrid,9
7081,Truck,Electric,6
7082,Car,Diesel,10
7083,Truck,Electric,13
7084,Bus,Hybrid,6
7085,Car,Diesel,3
7086,Car,Hybrid,9
7087,Car,Electric,5
7088,Car,Diesel,5
7089,Bus,Hybrid,10
7090,Truck,Electric,9
7091,Car,Electric,9
7092,Bus,Hybrid,0
7093,Car,Diesel,4
7094,Truck,Hybrid,6
7095,Car,Electric,4
7096,Bus,Hybrid,7
7097,Truck,Electric,0
7098,Bus,Diesel,8
7099,Truck,Hybrid,1
7100,Truck,Diesel,7
7101,Truck,Hybrid,4
7102,Car,Electric,14
7103,Bus,Diesel,9
7104,Bus,Electric,14
7105,Bus,Hybrid,6
7106,Truck,Electric,10
7107,Car,Hybrid,10
7108,Truck,Diesel,6
7109,Bus,Electric,0
7110,Car,Electric,7
7111,Car,Hybrid,12
7112,Car,Hybrid,2
7113,Bus,Hybrid,14
7114,Car,Diesel,12
7115,Car,Electric,14
7116,Truck,Hybrid,12
7117,Truck,Hybrid,3
7118,Car,Electric,2
7119,Car,Diesel,10
7120,Truck,Electric,1
7121,Truck,Hybrid,6
7122,Truck,Electric,9
7123,Bus,Hybrid,14
7124,Bus,Hybrid,13
7125,Truck,Electric,4
7126,Car,Electric,6
7127,Truck,Diesel,0
7128,Bus,Hybrid,9
7129,Car,Hybrid,1
7130,Bus,Hybrid,13
7131,Car,Hybrid,5
7132,Bus,Hybrid,12
7133,Car,Electric,5
7134,Car,Hybrid,2
7135,Car,Electric,9
7136,Car,Diesel,0
7137,Bus,Hybrid,12
7138,Bus,Diesel,2
7139,Car,Electric,3
7140,Car,Electric,0
7141,Bus,Diesel,13
7142,Car,Hybrid,6
7143,Car,Electric,2
7144,Car,Electric,7
7145,Truck,Electric,12
7146,Car,Electric,6
7147,Truck,Electric,11
7148,Car,Electric,13
7149,Bus,Diesel,5
7150,Truck,Hybrid,7
7151,Truck,Hybrid,8
7152,Car,Hybrid,1
7153,Car,Hybrid,9
7154,Truck,Diesel,8
7155,Bus,Diesel,9
7156,Bus,Hybrid,4
7157,Car,Electric,0
7158,Bus,Hybrid,0
7159,Bus,Electric,6
7160,Car,Electric,5
7161,Bus,Diesel,9
7162,Car,Electric,13
7163,Truck,Diesel,8
7164,Car,Hybrid,11
7165,Truck,Diesel,0
7166,Truck,Electric,9
7167,Bus,Electric,9
7168,Bus,Electric,9
7169,Bus,Hybrid,9
7170,Car,Diesel,6
7171,Bus,Hybrid,12
7172,Truck,Diesel,7
7173,Bus,Hybrid,14
7174,Bus,Hybrid,9
7175,Car,Electric,3
7176,Car,Hybrid,0
7177,Truck,Hybrid,10
7178,Car,Diesel,10
7179,Bus,Hybrid,12
7180,Car,Electric,2
7181,Truck,Hybrid,1
7182,Bus,Diesel,2
7183,Truck,Diesel,14
7184,Car,Hybrid,11
7185,Car,Hybrid,5
7186,Truck,Diesel,9
7187,Bus,Electric,2
7188,Car,Hybrid,9
7189,Car,Electric,12
7190,Bus,Electric,3
7191,Car,Hybrid,0
7192,Truck,Electric,5
7193,Car,Diesel,1
7194,Car,Electric,3
7195,Bus,Diesel,4
7196,Truck,Hybrid,4
7197,Bus,Electric,3
7198,Car,Diesel,2
7199,Car,Diesel,3
7200,Bus,Hybrid,14
7201,Bus,Electric,2
7202,Bus,Diesel,2
7203,Truck,Diesel,3
7204,Car,Hybrid,12
7205,Bus,Electric,8
7206,Car,Electric,8
7207,Truck,Diesel,7
7208,Truck,Electric,3
7209,Truck,Electric,1
7210,Truck,Electric,11
7211,Car,Electric,8
7212,Truck,Electric,5
7213,Truck,Electric,7
7214,Bus,Electric,3
7215,Truck,Diesel,7
7216,Bus,Diesel,5
7217,Truck,Electric,5
7218,Truck,Electric,14
7219,Bus,Hybrid,5
7220,Truck,Diesel,12
7221,Car,Hybrid,8
7222,Car,Diesel,0
7223,Truck,Hybrid,0
7224,Car,Hybrid,4
7225,Bus,Hybrid,0
7226,Truck,Diesel,9
7227,Truck,Diesel,8
7228,Bus,Electric,3
7229,Bus,Diesel,1
7230,Bus,Diesel,2
7231,Truck,Diesel,8
7232,Bus,Diesel,14
7233,Bus,Electric,10
7234,Car,Electric,7
7235,Car,Diesel,2
7236,Truck,Hybrid,12
7237,Car,Hybrid,7
7238,Car,Diesel,3
7239,Bus,Electric,5
7240,Bus,Hybrid,3
7241,Car,Electric,10
7242,Car,Electric,4
7243,Car,Hybrid,9
7244,Truck,Diesel,14
7245,Truck,Electric,8
7246,Truck,Hybrid,13
7247,Car,Electric,1
7248,Car,Hybrid,8
7249,Truck,Diesel,2
7250,Truck,Diesel,4
7251,Car,Diesel,6
7252,Bus,Electric,12
7253,Truck,Diesel,13
7254,Car,Diesel,13
7255,Car,Diesel,11
7256,Bus,Diesel,13
7257,Car,Hybrid,11
7258,Car,Hybrid,1
7259,Truck,Electric,13
7260,Truck,Hybrid,3
7261,Bus,Hybrid,0
7262,Bus,Hybrid,12
7263,Car,Hybrid,12
7264,Truck,Hybrid,10
7265,Bus,Diesel,2
7266,Bus,Electric,13
7267,Bus,Hybrid,5
7268,Car,Hybrid,1
7269,Truck,Electric,7
7270,Bus,Hybrid,6
7271,Truck,Hybrid,2
7272,Bus,Electric,0
7273,Bus,Diesel,14
7274,Truck,Diesel,11
7275,Truck,Electric,11
7276,Truck,Diesel,9
7277,Car,Diesel,3
7278,Bus,Diesel,12
7279,Car,Diesel,3
7280,Truck,Hybrid,10
7281,Bus,Electric,4
7282,Car,Diesel,2
7283,Bus,Diesel,14
7284,Car,Electric,10
7285,Truck,Hybrid,1
7286,Car,Diesel,14
7287,Bus,Diesel,1
7288,Bus,Hybrid,7
7289,Bus,Electric,12
7290,Bus,Diesel,6
7291,Truck,Diesel,11
7292,Car,Electric,13
7293,Truck,Hybrid,13
7294,Truck,Electric,0
7295,Truck,Diesel,11
7296,Bus,Hybrid,12
7297,Bus,Hybrid,8
7298,Bus,Hybrid,2
7299,Car,Electric,2
7300,Bus,Electric,0
7301,Car,Electric,10
7302,Bus,Diesel,3
7303,Bus,Electric,9
7304,Truck,Hybrid,13
7305,Truck,Diesel,14
7306,Truck,Diesel,11
7307,Car,Diesel,10
7308,Car,Hybrid,1
7309,Bus,Electric,11
7310,Car,Hybrid,13
7311,Bus,Electric,2
7312,Car,Diesel,11
7313,Car,Diesel,10
7314,Car,Hybrid,12
7315,Truck,Electric,0
7316,Car,Diesel,2
7317,Truck,Hybrid,13
7318,Truck,Hybrid,3
7319,Car,Electric,14
7320,Bus,Electric,5
7321,Bus,Electric,2
7322,Bus,Diesel,10
7323,Car,Hybrid,5
7324,Bus,Electric,11
7325,Truck,Hybrid,11
7326,Bus,Diesel,1
7327,Car,Diesel,14
7328,Bus,Electric,13
7329,Truck,Diesel,13
7330,Car,Hybrid,10
7331,Bus,Hybrid,7
7332,Car,Diesel,4
7333,Car,Diesel,0
7334,Car,Diesel,5
7335,Bus,Hybrid,2
7336,Car,Diesel,3
7337,Bus,Electric,9
7338,Truck,Electric,7
7339,Bus,Hybrid,7
7340,Truck,Diesel,10
7341,Bus,Diesel,12
7342,Car,Diesel,7
7343,Bus,Electric,11
7344,Car,Electric,4
7345,Truck,Electric,12
7346,Bus,Electric,13
7347,Car,Electric,0
7348,Truck,Hybrid,8
7349,Truck,Hybrid,13
7350,Bus,Diesel,10
7351,Truck,Diesel,8
7352,Car,Electric,7
7353,Truck,Diesel,10
7354,Truck,Hybrid,2
7355,Car,Hybrid,5
7356,Truck,Diesel,6
7357,Truck,Electric,3
7358,Truck,Hybrid,14
7359,Truck,Diesel,11
7360,Car,Electric,9
7361,Truck,Diesel,6
7362,Car,Electric,8
7363,Truck,Electric,5
7364,Truck,Hybrid,1
7365,Truck,Hybrid,5
7366,Truck,Diesel,12
7367,Car,Diesel,2
7368,Car,Electric,6
7369,Car,Hybrid,2
7370,Bus,Electric,11
7371,Truck,Electric,12
7372,Truck,Electric,7
7373,Car,Electric,10
7374,Bus,Electric,10
7375,Truck,Electric,4
7376,Car,Diesel,12
7377,Truck,Hybrid,2
7378,Truck,Hybrid,12
7379,Car,Electric,0
7380,Car,Electric,4
7381,Truck,Electric,9
7382,Truck,Hybrid,9
7383,Car,Hybrid,10
7384,Truck,Electric,2
7385,Truck,Hybrid,3
7386,Car,Electric,12
7387,Truck,Electric,14
7388,Truck,Electric,9
7389,Bus,Diesel,3
7390,Car,Hybrid,2
7391,Bus,Hybrid,14
7392,Bus,Hybrid,5
7393,Bus,Electric,5
7394,Truck,Diesel,0
7395,Truck,Electric,12
7396,Bus,Electric,3
7397,Bus,Electric,0
7398,Bus,Diesel,14
7399,Truck,Electric,6
7400,Bus,Electric,6
7401,Bus,Diesel,5
7402,Car,Electric,10
7403,Car,Electric,1
7404,Truck,Hybrid,3
7405,Car,Diesel,11
7406,Car,Hybrid,2
7407,Car,Electric,10
7408,Truck,Diesel,7
7409,Car,Diesel,1
7410,Truck,Electric,9
7411,Bus,Hybrid,1
7412,Car,Electric,0
7413,Truck,Diesel,8
7414,Car,Diesel,2
7415,Bus,Electric,14
7416,Truck,Electric,7
7417,Truck,Electric,6
7418,Truck,Electric,11
7419,Bus,Hybrid,0
7420,Bus,Hybrid,10
7421,Bus,Hybrid,5
7422,Truck,Hybrid,7
7423,Bus,Diesel,5
7424,Car,Diesel,8
7425,Bus,Hybrid,9
7426,Truck,Electric,13
7427,Car,Diesel,2
7428,Bus,Electric,5
7429,Car,Hybrid,9
7430,Car,Diesel,12
7431,Truck,Diesel,13
7432,Car,Diesel,3
7433,Car,Diesel,9
7434,Truck,Hybrid,11
7435,Truck,Diesel,2
7436,Truck,Hybrid,7
7437,Car,Diesel,6
7438,Car,Hybrid,6
7439,Car,Hybrid,4
7440,Truck,Electric,11
7441,Bus,Hybrid,14
7442,Car,Electric,13
7443,Bus,Diesel,0
7444,Truck,Electric,5
7445,Car,Hybrid,5
7446,Bus,Electric,2
7447,Car,Diesel,4
7448,Car,Electric,8
7449,Car,Hybrid,6
7450,Bus,Hybrid,7
7451,Truck,Diesel,8
7452,Car,Diesel,5
7453,Truck,Electric,4
7454,Truck,Diesel,9
7455,Bus,Hybrid,4
7456,Bus,Electric,4
7457,Truck,Electric,14
7458,Car,Electric,14
7459,Bus,Electric,12
7460,Car,Diesel,3
7461,Car,Electric,1
7462,Car,Electric,6
7463,Truck,Electric,6
7464,Car,Hybrid,7
7465,Truck,Hybrid,7
7466,Truck,Diesel,10
7467,Car,Hybrid,7
7468,Car,Hybrid,8
7469,Car,Diesel,5
7470,Car,Diesel,3
7471,Truck,Electric,1
7472,Car,Electric,4
7473,Car,Diesel,5
7474,Truck,Electric,6
7475,Bus,Electric,5
7476,Bus,Electric,3
7477,Truck,Diesel,3
7478,Bus,Hybrid,14
7479,Truck,Hybrid,6
7480,Car,Diesel,0
7481,Car,Diesel,2
7482,Bus,Electric,9
7483,Car,Diesel,13
7484,Bus,Diesel,13
7485,Bus,Diesel,1
7486,Car,Diesel,1
7487,Car,Electric,6
7488,Bus,Electric,4
7489,Car,Diesel,12
7490,Truck,Diesel,11
7491,Car,Hybrid,13
7492,Car,Hybrid,2
7493,Truck,Diesel,8
7494,Car,Hybrid,13
7495,Car,Hybrid,14
7496,Bus,Electric,8
7497,Car,Electric,2
7498,Car,Electric,1
7499,Truck,Hybrid,2
7500,Bus,Diesel,8
7501,Bus,Electric,12
7502,Bus,Hybrid,7
7503,Car,Diesel,2
7504,Bus,Electric,3
7505,Truck,Hybrid,4
7506,Bus,Electric,3
7507,Truck,Hybrid,11
7508,Bus,Electric,14
7509,Bus,Hybrid,10
7510,Truck,Diesel,11
7511,Bus,Electric,13
7512,Bus,Electric,1
7513,Bus,Hybrid,10
7514,Car,Diesel,8
7515,Truck,Diesel,1
7516,Bus,Electric,4
7517,Truck,Hybrid,10
7518,Truck,Electric,8
7519,Truck,Hybrid,7
7520,Bus,Diesel,0
7521,Bus,Electric,2
7522,Truck,Hybrid,9
7523,Car,Diesel,13
7524,Truck,Hybrid,8
7525,Car,Electric,2
7526,Truck,Hybrid,10
7527,Truck,Electric,13
7528,Truck,Diesel,3
7529,Bus,Hybrid,2
7530,Car,Diesel,6
7531,Car,Diesel,8
7532,Truck,Electric,3
7533,Bus,Electric,8
7534,Bus,Diesel,1
7535,Car,Electric,1
7536,Bus,Diesel,8
7537,Car,Electric,14
7538,Car,Electric,6
7539,Car,Hybrid,4
7540,Bus,Hybrid,4
7541,Car,Electric,12
7542,Car,Diesel,8
7543,Truck,Diesel,10
7544,Car,Diesel,3
7545,Car,Electric,10
7546,Truck,Electric,13
7547,Truck,Diesel,0
7548,Bus,Hybrid,5
7549,Car,Hybrid,14
7550,Bus,Diesel,13
7551,Bus,Electric,2
7552,Truck,Electric,14
7553,Bus,Diesel,13
7554,Car,Hybrid,1
7555,Truck,Diesel,3
7556,Car,Diesel,8
7557,Car,Diesel,7
7558,Truck,Hybrid,11
7559,Car,Diesel,14
7560,Truck,Hybrid,12
7561,Car,Electric,12
7562,Truck,Hybrid,6
7563,Bus,Hybrid,1
7564,Car,Diesel,0
7565,Truck,Electric,12
7566,Car,Diesel,11
7567,Car,Hybrid,6
7568,Car,Hybrid,11
7569,Truck,Diesel,9
7570,Bus,Electric,13
7571,Bus,Hybrid,4
7572,Bus,Hybrid,10
7573,Truck,Hybrid,7
7574,Bus,Electric,4
7575,Truck,Diesel,9
7576,Car,Electric,4
7577,Car,Electric,14
7578,Bus,Hybrid,7
7579,Truck,Electric,8
7580,Car,Hybrid,1
7581,Truck,Electric,7
7582,Truck,Electric,6
7583,Car,Diesel,7
7584,Truck,Electric,14
7585,Car,Diesel,14
7586,Car,Hybrid,2
7587,Car,Hybrid,3
7588,Truck,Diesel,6
7589,Car,Hybrid,4
7590,Truck,Hybrid,6
7591,Car,Electric,5
7592,Car,Diesel,3
7593,Bus,Hybrid,14
7594,Bus,Diesel,1
7595,Bus,Electric,11
7596,Truck,Hybrid,5
7597,Truck,Hybrid,5
7598,Car,Diesel,13
7599,Car,Hybrid,5
7600,Car,Diesel,0
7601,Car,Hybrid,5
7602,Truck,Electric,1
7603,Car,Electric,9
7604,Car,Diesel,4
7605,Bus,Hybrid,6
7606,Car,Hybrid,9
7607,Car,Diesel,0
7608,Car,Electric,4
7609,Truck,Electric,8
7610,Bus,Electric,2
7611,Car,Diesel,12
7612,Car,Electric,1
7613,Bus,Diesel,9
7614,Car,Electric,1
7615,Truck,Electric,2
7616,Car,Diesel,0
7617,Truck,Hybrid,1
7618,Truck,Hybrid,5
7619,Car,Hybrid,7
7620,Bus,Electric,3
7621,Truck,Electric,13
7622,Bus,Hybrid,14
7623,Car,Electric,1
7624,Truck,Electric,4
7625,Car,Hybrid,12
7626,Bus,Diesel,11
7627,Car,Hybrid,14
7628,Car,Hybrid,14
7629,Truck,Diesel,2
7630,Car,Electric,4
7631,Car,Hybrid,2
7632,Car,Hybrid,10
7633,Truck,Electric,3
7634,Bus,Electric,4
7635,Bus,Diesel,13
7636,Car,Electric,6
7637,Truck,Hybrid,1
7638,Car,Electric,5
7639,Bus,Electric,5
7640,Truck,Diesel,5
7641,Bus,Diesel,6
7642,Bus,Hybrid,10
7643,Truck,Hybrid,2
7644,Truck,Electric,12
7645,Car,Hybrid,4
7646,Car,Hybrid,13
7647,Bus,Electric,11
7648,Truck,Electric,8
7649,Truck,Electric,13
7650,Car,Diesel,13
7651,Bus,Diesel,14
7652,Bus,Electric,14
7653,Car,Diesel,8
7654,Truck,Diesel,6
7655,Car,Diesel,8
7656,Car,Hybrid,2
7657,Car,Electric,11
7658,Car,Electric,6
7659,Truck,Hybrid,0
7660,Car,Diesel,13
7661,Truck,Electric,12
7662,Car,Diesel,14
7663,Bus,Hybrid,13
7664,Truck,Diesel,6
7665,Bus,Hybrid,2
7666,Car,Hybrid,2
7667,Car,Diesel,13
7668,Car,Diesel,6
7669,Truck,Electric,7
7670,Bus,Hybrid,12
7671,Truck,Diesel,3
7672,Truck,Diesel,11
7673,Car,Electric,0
7674,Bus,Electric,4
7675,Car,Electric,9
7676,Truck,Hybrid,3
7677,Car,Electric,8
7678,Bus,Hybrid,2
7679,Car,Electric,3
7680,Bus,Hybrid,9
7681,Bus,Electric,2
7682,Car,Hybrid,2
7683,Truck,Electric,6
7684,Car,Electric,4
7685,Truck,Diesel,4
7686,Truck,Hybrid,13
7687,Car,Diesel,3
7688,Truck,Hybrid,9
7689,Truck,Diesel,12
7690,Car,Electric,7
7691,Car,Diesel,0
7692,Car,Electric,10
7693,Truck,Hybrid,8
7694,Bus,Electric,10
7695,Truck,Diesel,8
7696,Bus,Hybrid,10
7697,Car,Diesel,4
7698,Bus,Electric,0
7699,Car,Electric,11
7700,Car,Diesel,11
7701,Bus,Hybrid,1
7702,Car,Diesel,1
7703,Bus,Electric,14
7704,Car,Hybrid,5
7705,Truck,Diesel,9
7706,Truck,Electric,8
7707,Car,Hybrid,2
7708,Car,Diesel,13
7709,Bus,Hybrid,7
7710,Truck,Electric,1
7711,Bus,Diesel,4
7712,Car,Diesel,11
7713,Car,Electric,3
7714,Bus,Electric,4
7715,Car,Electric,3
7716,Truck,Diesel,0
7717,Bus,Electric,14
7718,Truck,Diesel,12
7719,Truck,Diesel,14
7720,Truck,Hybrid,0
7721,Bus,Electric,5
7722,Car,Electric,7
7723,Truck,Hybrid,6
7724,Truck,Diesel,3
7725,Truck,Diesel,12
7726,Car,Diesel,4
7727,Car,Electric,7
7728,Bus,Diesel,13
7729,Car,Hybrid,5
7730,Bus,Diesel,7
7731,Bus,Electric,5
7732,Bus,Electric,12
7733,Bus,Diesel,7
7734,Bus,Diesel,11
7735,Truck,Electric,11
7736,Car,Diesel,3
7737,Truck,Hybrid,9
7738,Bus,Electric,1
7739,Car,Diesel,14
7740,Truck,Diesel,2
7741,Truck,Diesel,14
7742,Bus,Hybrid,4
7743,Truck,Electric,14
7744,Truck,Hybrid,3
7745,Truck,Diesel,4
7746,Truck,Hybrid,13
7747,Truck,Diesel,0
7748,Bus,Diesel,0
7749,Bus,Electric,11
7750,Truck,Electric,1
7751,Bus,Diesel,14
7752,Bus,Diesel,10
7753,Car,Diesel,14
7754,Truck,Electric,1
7755,Bus,Electric,12
7756,Bus,Diesel,7
7757,Truck,Electric,9
7758,Car,Diesel,3
7759,Truck,Hybrid,13
7760,Car,Electric,5
7761,Truck,Diesel,1
7762,Truck,Hybrid,0
7763,Truck,Diesel,11
7764,Truck,Hybrid,6
7765,Car,Electric,3
7766,Car,Electric,14
7767,Bus,Diesel,3
7768,Truck,Electric,1
7769,Car,Electric,8
7770,Car,Hybrid,1
7771,Car,Electric,4
7772,Truck,Hybrid,5
7773,Bus,Hybrid,2
7774,Car,Hybrid,10
7775,Truck,Electric,13
7776,Car,Diesel,2
7777,Car,Diesel,5
7778,Bus,Electric,4
7779,Car,Hybrid,4
7780,Car,Electric,4
7781,Truck,Diesel,8
7782,Truck,Hybrid,7
7783,Bus,Electric,3
7784,Truck,Hybrid,5
7785,Truck,Hybrid,14
7786,Bus,Diesel,4
7787,Car,Hybrid,10
7788,Bus,Electric,5
7789,Truck,Hybrid,14
7790,Bus,Hybrid,14
7791,Car,Electric,10
7792,Bus,Diesel,7
7793,Truck,Diesel,5
7794,Truck,Electric,5
7795,Bus,Hybrid,1
7796,Car,Electric,6
7797,Bus,Electric,11
7798,Car,Electric,12
7799,Car,Diesel,11
7800,Bus,Hybrid,12
7801,Car,Electric,2
7802,Truck,Diesel,11
7803,Bus,Diesel,11
7804,Car,Hybrid,12
7805,Truck,Electric,12
7806,Bus,Hybrid,6
7807,Truck,Electric,11
7808,Truck,Diesel,13
7809,Truck,Diesel,4
7810,Car,Hybrid,3
7811,Bus,Electric,9
7812,Bus,Hybrid,11
7813,Car,Electric,0
7814,Bus,Hybrid,11
7815,Truck,Diesel,14
7816,Bus,Hybrid,14
7817,Car,Electric,7
7818,Truck,Hybrid,13
7819,Car,Electric,1
7820,Truck,Hybrid,9
7821,Truck,Electric,7
7822,Bus,Electric,13
7823,Truck,Electric,6
7824,Car,Hybrid,14
7825,Bus,Hybrid,2
7826,Car,Diesel,13
7827,Truck,Electric,10
7828,Car,Diesel,6
7829,Car,Diesel,0
7830,Truck,Electric,4
7831,Bus,Diesel,12
7832,Car,Hybrid,1
7833,Truck,Diesel,1
7834,Bus,Hybrid,2
7835,Bus,Electric,6
7836,Bus,Electric,1
7837,Car,Electric,3
7838,Car,Diesel,3
7839,Car,Electric,0
7840,Bus,Electric,6
7841,Car,Hybrid,3
7842,Truck,Diesel,0
7843,Car,Diesel,2
7844,Car,Electric,7
7845,Bus,Diesel,3
7846,Car,Electric,0
7847,Truck,Hybrid,6
7848,Bus,Diesel,7
7849,Truck,Diesel,4
7850,Bus,Hybrid,8
7851,Bus,Diesel,13
7852,Car,Electric,6
7853,Truck,Diesel,3
7854,Bus,Diesel,8
7855,Car,Hybrid,5
7856,Bus,Hybrid,10
7857,Bus,Electric,7
7858,Bus,Diesel,1
7859,Bus,Diesel,4
7860,Bus,Hybrid,2
7861,Bus,Electric,4
7862,Car,Diesel,7
7863,Bus,Electric,12
7864,Truck,Diesel,5
7865,Car,Hybrid,0
7866,Truck,Hybrid,6
7867,Bus,Hybrid,9
7868,Truck,Hybrid,0
7869,Bus,Hybrid,0
7870,Bus,Hybrid,3
7871,Car,Electric,8
7872,Car,Hybrid,7
7873,Bus,Electric,9
7874,Car,Hybrid,2
7875,Truck,Diesel,5
7876,Car,Diesel,0
7877,Car,Diesel,9
7878,Truck,Electric,0
7879,Car,Hybrid,5
7880,Bus,Electric,4
7881,Truck,Hybrid,5
7882,Bus,Diesel,8
7883,Truck,Electric,11
7884,Bus,Hybrid,4
7885,Bus,Electric,1
7886,Car,Electric,13
7887,Bus,Diesel,0
7888,Car,Diesel,14
7889,Truck,Diesel,12
7890,Bus,Diesel,12
7891,Bus,Diesel,10
7892,Truck,Hybrid,12
7893,Truck,Hybrid,13
7894,Bus,Diesel,1
7895,Truck,Diesel,7
7896,Car,Diesel,14
7897,Truck,Electric,0
7898,Truck,Diesel,5
7899,Bus,Hybrid,4
7900,Car,Hybrid,14
7901,Truck,Electric,9
7902,Car,Hybrid,10
7903,Car,Diesel,8
7904,Car,Electric,3
7905,Bus,Electric,4
7906,Truck,Hybrid,4
7907,Bus,Diesel,10
7908,Truck,Diesel,1
7909,Truck,Diesel,10
7910,Bus,Electric,1
7911,Car,Hybrid,8
7912,Car,Hybrid,12
7913,Truck,Hybrid,11
7914,Bus,Diesel,2
7915,Car,Electric,5
7916,Car,Electric,3
7917,Truck,Hybrid,3
7918,Truck,Hybrid,4
7919,Bus,Electric,4
7920,Truck,Hybrid,6
7921,Car,Electric,6
7922,Car,Electric,13
7923,Car,Hybrid,11
7924,Car,Electric,0
7925,Bus,Electric,5
7926,Bus,Hybrid,3
7927,Truck,Hybrid,1
7928,Truck,Hybrid,5
7929,Truck,Electric,6
7930,Bus,Hybrid,1
7931,Car,Hybrid,1
7932,Truck,Electric,9
7933,Car,Electric,10
7934,Truck,Hybrid,6
7935,Truck,Hybrid,8
7936,Truck,Electric,2
7937,Truck,Electric,2
7938,Truck,Diesel,7
7939,Car,Electric,1
7940,Truck,Electric,8
7941,Car,Diesel,6
7942,Bus,Hybrid,7
7943,Truck,Diesel,8
7944,Car,Electric,11
7945,Bus,Diesel,13
7946,Bus,Diesel,2
7947,Bus,Diesel,5
7948,Car,Diesel,13
7949,Truck,Diesel,7
7950,Truck,Diesel,0
7951,Car,Hybrid,14
7952,Truck,Diesel,12
7953,Car,Diesel,5
7954,Truck,Diesel,2
7955,Bus,Diesel,13
7956,Truck,Electric,7
7957,Car,Diesel,8
7958,Car,Diesel,12
7959,Bus,Diesel,13
7960,Car,Hybrid,12
7961,Truck,Diesel,4
7962,Truck,Electric,1
7963,Bus,Hybrid,14
7964,Car,Electric,6
7965,Bus,Hybrid,14
7966,Truck,Hybrid,11
7967,Bus,Diesel,5
7968,Car,Diesel,5
7969,Bus,Hybrid,11
7970,Car,Diesel,0
7971,Car,Diesel,14
7972,Truck,Hybrid,0
7973,Truck,Hybrid,5
7974,Truck,Electric,14
7975,Car,Hybrid,5
7976,Bus,Electric,3
7977,Car,Electric,7
7978,Truck,Diesel,12
7979,Truck,Diesel,8
7980,Bus,Hybrid,5
7981,Truck,Hybrid,9
7982,Truck,Electric,7
7983,Truck,Electric,14
7984,Bus,Diesel,7
7985,Car,Hybrid,1
7986,Truck,Hybrid,3
7987,Bus,Hybrid,0
7988,Truck,Hybrid,0
7989,Bus,Diesel,13
7990,Truck,Diesel,5
7991,Bus,Electric,6
7992,Truck,Diesel,4
7993,Car,Electric,7
7994,Truck,Diesel,8
7995,Bus,Diesel,3
7996,Truck,Hybrid,0
7997,Car,Electric,5
7998,Truck,Electric,0
7999,Bus,Electric,1
8000,Bus,Diesel,11
8001,Car,Hybrid,10
8002,Bus,Diesel,3
8003,Truck,Hybrid,3
8004,Truck,Diesel,5
8005,Truck,Electric,7
8006,Bus,Diesel,2
8007,Truck,Electric,14
8008,Truck,Hybrid,5
8009,Truck,Electric,2
8010,Car,Electric,1
8011,Bus,Electric,12
8012,Bus,Electric,11
8013,Bus,Hybrid,3
8014,Car,Diesel,3
8015,Bus,Diesel,11
8016,Car,Diesel,1
8017,Car,Diesel,11
8018,Bus,Electric,10
8019,Truck,Hybrid,2
8020,Truck,Hybrid,8
8021,Bus,Diesel,9
8022,Bus,Diesel,8
8023,Car,Hybrid,11
8024,Bus,Hybrid,14
8025,Car,Electric,9
8026,Bus,Hybrid,6
8027,Truck,Hybrid,1
8028,Truck,Electric,12
8029,Bus,Electric,4
8030,Car,Electric,7
8031,Truck,Hybrid,14
8032,Car,Hybrid,0
8033,Bus,Hybrid,0
8034,Bus,Electric,10
8035,Truck,Hybrid,14
8036,Bus,Hybrid,10
8037,Truck,Electric,5
8038,Car,Diesel,6
8039,Truck,Diesel,13
8040,Truck,Hybrid,6
8041,Car,Electric,13
8042,Truck,Electric,2
8043,Truck,Hybrid,9
8044,Bus,Hybrid,3
8045,Car,Diesel,8
8046,Truck,Electric,10
8047,Car,Hybrid,14
8048,Car,Electric,9
8049,Truck,Hybrid,12
8050,Bus,Diesel,3
8051,Car,Hybrid,4
8052,Truck,Diesel,5
8053,Car,Diesel,6
8054,Bus,Hybrid,4
8055,Bus,Hybrid,6
8056,Bus,Diesel,11
8057,Truck,Electric,1
8058,Truck,Electric,6
8059,Bus,Diesel,4
8060,Truck,Diesel,9
8061,Bus,Hybrid,4
8062,Truck,Hybrid,10
8063,Bus,Diesel,14
8064,Car,Diesel,5
8065,Bus,Electric,11
8066,Bus,Electric,8
8067,Truck,Electric,3
8068,Truck,Diesel,4
8069,Truck,Diesel,4
8070,Truck,Electric,13
8071,Truck,Electric,14
8072,Truck,Hybrid,2
8073,Car,Hybrid,2
8074,Bus,Diesel,11
8075,Bus,Hybrid,0
8076,Bus,Diesel,13
8077,Car,Diesel,3
8078,Bus,Diesel,8
8079,Car,Electric,1
8080,Car,Hybrid,12
8081,Car,Hybrid,9
8082,Bus,Hybrid,3
8083,Car,Hybrid,8
8084,Bus,Electric,8
8085,Bus,Hybrid,7
8086,Truck,Hybrid,1
8087,Truck,Electric,10
8088,Car,Hybrid,2
8089,Car,Hybrid,5
8090,Bus,Electric,1
8091,Car,Electric,2
8092,Car,Electric,0
8093,Bus,Electric,3
8094,Car,Diesel,10
8095,Car,Electric,5
8096,Bus,Hybrid,0
8097,Bus,Hybrid,13
8098,Truck,Hybrid,14
8099,Bus,Hybrid,11
8100,Truck,Diesel,0
8101,Car,Diesel,7
8102,Bus,Diesel,6
8103,Bus,Hybrid,6
8104,Bus,Hybrid,6
8105,Car,Electric,4
8106,Truck,Electric,14
8107,Car,Hybrid,3
8108,Car,Electric,12
8109,Bus,Electric,6
8110,Truck,Hybrid,10
8111,Car,Diesel,13
8112,Bus,Hybrid,2
8113,Car,Hybrid,8
8114,Car,Electric,1
8115,Bus,Electric,0
8116,Bus,Hybrid,14
8117,Truck,Diesel,7
8118,Car,Hybrid,13
8119,Bus,Diesel,5
8120,Bus,Diesel,13
8121,Truck,Hybrid,12
8122,Truck,Hybrid,13
8123,Bus,Hybrid,3
8124,Truck,Diesel,9
8125,Bus,Electric,8
8126,Car,Diesel,4
8127,Truck,Diesel,12
8128,Car,Diesel,10
8129,Car,Electric,0
8130,Car,Diesel,0
8131,Bus,Diesel,13
8132,Car,Diesel,6
8133,Car,Electric,13
8134,Car,Diesel,12
8135,Bus,Electric,0
8136,Car,Electric,5
8137,Car,Hybrid,6
8138,Truck,Hybrid,10
8139,Bus,Hybrid,9
8140,Car,Electric,4
8141,Truck,Hybrid,2
8142,Bus,Hybrid,2
8143,Bus,Hybrid,11
8144,Bus,Electric,1
8145,Bus,Diesel,10
8146,Bus,Hybrid,11
8147,Bus,Hybrid,11
8148,Car,Hybrid,0
8149,Car,Hybrid,13
8150,Car,Electric,10
8151,Car,Diesel,7
8152,Truck,Diesel,12
8153,Car,Hybrid,8
8154,Bus,Diesel,1
8155,Car,Hybrid,13
8156,Car,Hybrid,12
8157,Bus,Diesel,12
8158,Car,Diesel,3
8159,Car,Electric,2
8160,Car,Hybrid,3
8161,Truck,Diesel,3
8162,Car,Electric,7
8163,Bus,Diesel,10
8164,Bus,Diesel,2
8165,Car,Hybrid,14
8166,Car,Electric,2
8167,Car,Hybrid,11
8168,Bus,Diesel,5
8169,Bus,Electric,14
8170,Truck,Hybrid,10
8171,Truck,Electric,2
8172,Truck,Diesel,4
8173,Bus,Electric,3
8174,Truck,Diesel,10
8175,Car,Hybrid,3
8176,Car,Diesel,1
8177,Bus,Diesel,8
8178,Truck,Electric,4
8179,Car,Electric,14
8180,Bus,Hybrid,4
8181,Truck,Electric,6
8182,Car,Hybrid,11
8183,Truck,Diesel,2
8184,Bus,Diesel,14
8185,Truck,Electric,11
8186,Bus,Diesel,5
8187,Truck,Diesel,0
8188,Car,Hybrid,4
8189,Bus,Electric,4
8190,Bus,Hybrid,8
8191,Bus,Diesel,11
8192,Truck,Diesel,4
8193,Truck,Diesel,7
8194,Car,Electric,2
8195,Bus,Diesel,11
8196,Bus,Diesel,10
8197,Truck,Hybrid,14
8198,Truck,Electric,5
8199,Car,Diesel,13
8200,Car,Hybrid,13
8201,Truck,Diesel,1
8202,Bus,Hybrid,8
8203,Car,Diesel,5
8204,Truck,Electric,4
8205,Truck,Electric,8
8206,Bus,Hybrid,0
8207,Truck,Diesel,2
8208,Truck,Electric,14
8209,Car,Diesel,12
8210,Truck,Electric,1
8211,Truck,Hybrid,8
8212,Car,Electric,10
8213,Bus,Diesel,5
8214,Bus,Diesel,10
8215,Car,Diesel,5
8216,Car,Hybrid,14
8217,Bus,Hybrid,4
8218,Bus,Diesel,3
8219,Bus,Diesel,3
8220,Bus,Electric,14
8221,Bus,Electric,1
8222,Car,Electric,6
8223,Truck,Diesel,5
8224,Bus,Electric,2
8225,Bus,Diesel,11
8226,Truck,Hybrid,6
8227,Truck,Electric,8
8228,Truck,Diesel,9
8229,Truck,Diesel,13
8230,Truck,Hybrid,0
8231,Truck,Hybrid,11
8232,Car,Hybrid,10
8233,Truck,Hybrid,11
8234,Truck,Electric,9
8235,Car,Hybrid,7
8236,Truck,Diesel,13
8237,Bus,Diesel,1
8238,Bus,Diesel,0
8239,Truck,Diesel,8
8240,Car,Diesel,1
8241,Bus,Hybrid,6
8242,Car,Diesel,6
8243,Bus,Hybrid,0
8244,Truck,Hybrid,14
8245,Car,Hybrid,12
8246,Car,Hybrid,13
8247,Car,Electric,9
8248,Bus,Electric,13
8249,Bus,Electric,0
8250,Bus,Electric,6
8251,Truck,Electric,5
8252,Bus,Diesel,3
8253,Truck,Electric,2
8254,Car,Diesel,14
8255,Car,Diesel,4
8256,Truck,Hybrid,4
8257,Bus,Hybrid,10
8258,Truck,Hybrid,2
8259,Car,Electric,13
8260,Car,Diesel,5
8261,Truck,Electric,11
8262,Bus,Hybrid,13
8263,Bus,Hybrid,2
8264,Truck,Diesel,12
8265,Truck,Diesel,3
8266,Bus,Hybrid,2
8267,Car,Electric,11
8268,Truck,Electric,11
8269,Bus,Diesel,5
8270,Bus,Hybrid,13
8271,Car,Electric,8
8272,Car,Diesel,2
8273,Car,Diesel,13
8274,Car,Diesel,0
8275,Car,Electric,13
8276,Truck,Diesel,12
8277,Bus,Electric,6
8278,Truck,Diesel,11
8279,Truck,Electric,4
8280,Truck,Hybrid,3
8281,Truck,Electric,2
8282,Truck,Hybrid,6
8283,Car,Diesel,1
8284,Car,Electric,10
8285,Bus,Diesel,3
8286,Truck,Hybrid,1
8287,Bus,Diesel,9
8288,Car,Diesel,7
8289,Car,Diesel,2
8290,Car,Hybrid,4
8291,Truck,Hybrid,10
8292,Truck,Electric,3
8293,Car,Electric,14
8294,Bus,Electric,4
8295,Bus,Electric,3
8296,Car,Diesel,7
8297,Bus,Hybrid,5
8298,Car,Hybrid,13
8299,Bus,Diesel,14
8300,Car,Electric,12
8301,Bus,Hybrid,0
8302,Truck,Diesel,4
8303,Car,Diesel,0
8304,Car,Electric,11
8305,Bus,Electric,2
8306,Car,Hybrid,11
8307,Car,Hybrid,10
8308,Car,Electric,5
8309,Truck,Hybrid,8
8310,Truck,Electric,2
8311,Bus,Diesel,11
8312,Truck,Diesel,11
8313,Bus,Diesel,11
8314,Truck,Hybrid,14
8315,Bus,Electric,12
8316,Truck,Diesel,3
8317,Truck,Diesel,12
8318,Bus,Hybrid,9
8319,Car,Hybrid,0
8320,Car,Diesel,9
8321,Truck,Hybrid,1
8322,Bus,Hybrid,12
8323,Car,Hybrid,12
8324,Bus,Hybrid,6
8325,Car,Electric,7
8326,Bus,Hybrid,0
8327,Truck,Hybrid,8
8328,Bus,Electric,5
8329,Car,Hybrid,0
8330,Truck,Hybrid,14
8331,Bus,Diesel,3
8332,Car,Diesel,3
8333,Truck,Diesel,6
8334,Bus,Electric,0
8335,Car,Hybrid,12
8336,Bus,Electric,9
8337,Bus,Electric,8
8338,Truck,Hybrid,13
8339,Truck,Hybrid,0
8340,Car,Diesel,9
8341,Truck,Hybrid,2
8342,Car,Electric,0
8343,Bus,Diesel,0
8344,Bus,Electric,3
8345,Car,Hybrid,1
8346,Bus,Diesel,13
8347,Truck,Hybrid,8
8348,Bus,Diesel,13
8349,Truck,Diesel,0
8350,Car,Diesel,2
8351,Car,Hybrid,1
8352,Bus,Diesel,0
8353,Bus,Diesel,10
8354,Truck,Hybrid,8
8355,Truck,Electric,4
8356,Bus,Hybrid,10
8357,Bus,Hybrid,5
8358,Car,Diesel,7
8359,Car,Hybrid,6
8360,Car,Hybrid,12
8361,Bus,Hybrid,6
8362,Bus,Diesel,8
8363,Bus,Hybrid,2
8364,Car,Diesel,9
8365,Bus,Hybrid,14
8366,Truck,Diesel,14
8367,Bus,Diesel,7
8368,Bus,Hybrid,5
8369,Bus,Electric,7
8370,Bus,Hybrid,3
8371,Bus,Electric,0
8372,Truck,Diesel,10
8373,Truck,Electric,12
8374,Bus,Electric,2
8375,Car,Diesel,9
8376,Bus,Electric,2
8377,Bus,Hybrid,12
8378,Bus,Electric,0
8379,Car,Diesel,13
8380,Car,Electric,12
8381,Car,Diesel,13
8382,Truck,Diesel,13
8383,Car,Hybrid,4
8384,Truck,Diesel,12
8385,Truck,Electric,11
8386,Car,Hybrid,5
8387,Car,Hybrid,8
8388,Car,Electric,7
8389,Truck,Electric,3
8390,Bus,Hybrid,5
8391,Car,Diesel,2
8392,Car,Hybrid,0
8393,Car,Hybrid,8
8394,Truck,Hybrid,7
8395,Truck,Diesel,5
8396,Bus,Electric,2
8397,Car,Electric,10
8398,Truck,Electric,4
8399,Bus,Diesel,13
8400,Car,Diesel,13
8401,Truck,Electric,8
8402,Car,Electric,6
8403,Car,Electric,1
8404,Truck,Electric,5
8405,Truck,Diesel,12
8406,Truck,Electric,8
8407,Car,Hybrid,10
8408,Car,Electric,10
8409,Bus,Diesel,9
8410,Car,Hybrid,0
8411,Truck,Hybrid,11
8412,Car,Hybrid,4
8413,Bus,Diesel,8
8414,Bus,Electric,11
8415,Truck,Diesel,2
8416,Truck,Diesel,2
8417,Bus,Hybrid,11
8418,Bus,Hybrid,11
8419,Bus,Diesel,9
8420,Truck,Hybrid,8
8421,Bus,Diesel,2
8422,Bus,Hybrid,12
8423,Truck,Electric,10
8424,Car,Electric,8
8425,Car,Electric,11
8426,Bus,Hybrid,9
8427,Car,Hybrid,14
8428,Car,Electric,2
8429,Car,Diesel,7
8430,Car,Diesel,9
8431,Bus,Electric,11
8432,Car,Hybrid,13
8433,Car,Diesel,8
8434,Truck,Diesel,2
8435,Bus,Diesel,0
8436,Truck,Hybrid,12
8437,Truck,Diesel,8
8438,Bus,Diesel,6
8439,Car,Electric,5
8440,Truck,Hybrid,11
8441,Bus,Electric,3
8442,Car,Diesel,4
8443,Bus,Hybrid,6
8444,Truck,Hybrid,8
8445,Car,Electric,5
8446,Car,Electric,11
8447,Bus,Hybrid,3
8448,Car,Hybrid,11
8449,Truck,Electric,3
8450,Truck,Diesel,9
8451,Truck,Hybrid,14
8452,Bus,Diesel,2
8453,Car,Electric,1
8454,Car,Hybrid,3
8455,Car,Electric,14
8456,Truck,Hybrid,5
8457,Car,Hybrid,0
8458,Truck,Electric,1
8459,Car,Electric,7
8460,Truck,Diesel,12
8461,Car,Electric,2
8462,Bus,Electric,0
8463,Bus,Diesel,1
8464,Truck,Electric,2
8465,Truck,Diesel,14
8466,Car,Diesel,13
8467,Car,Electric,14
8468,Bus,Diesel,1
8469,Car,Diesel,12
8470,Truck,Diesel,3
8471,Truck,Electric,12
8472,Truck,Electric,3
8473,Truck,Diesel,10
8474,Truck,Electric,9
8475,Bus,Hybrid,1
8476,Bus,Diesel,12
8477,Truck,Hybrid,0
8478,Car,Electric,2
8479,Truck,Hybrid,13
8480,Bus,Electric,3
8481,Truck,Electric,14
8482,Bus,Diesel,10
8483,Bus,Hybrid,14
8484,Truck,Diesel,5
8485,Truck,Hybrid,4
8486,Car,Electric,13
8487,Bus,Electric,1
8488,Car,Diesel,3
8489,Truck,Hybrid,11
8490,Bus,Hybrid,5
8491,Car,Electric,11
8492,Car,Diesel,3
8493,Car,Electric,10
8494,Truck,Electric,10
8495,Truck,Diesel,13
8496,Truck,Hybrid,14
8497,Bus,Hybrid,6
8498,Truck,Electric,12
8499,Bus,Hybrid,5
8500,Car,Diesel,5
8501,Car,Hybrid,14
8502,Truck,Hybrid,9
8503,Car,Electric,13
8504,Truck,Hybrid,13
8505,Bus,Diesel,1
8506,Car,Electric,10
8507,Truck,Diesel,12
8508,Car,Hybrid,6
8509,Car,Hybrid,8
8510,Truck,Electric,5
8511,Car,Diesel,7
8512,Car,Hybrid,5
8513,Car,Hybrid,5
8514,Car,Electric,3
8515,Bus,Hybrid,5
8516,Car,Hybrid,9
8517,Car,Hybrid,3
8518,Truck,Diesel,9
8519,Bus,Diesel,5
8520,Truck,Diesel,0
8521,Truck,Hybrid,6
8522,Truck,Electric,13
8523,Bus,Electric,1
8524,Truck,Electric,5
8525,Truck,Diesel,8
8526,Truck,Diesel,9
8527,Car,Diesel,2
8528,Truck,Diesel,3
8529,Bus,Hybrid,4
8530,Bus,Electric,7
8531,Car,Electric,12
8532,Bus,Diesel,9
8533,Bus,Electric,12
8534,Car,Electric,5
8535,Truck,Diesel,11
8536,Car,Diesel,7
8537,Truck,Diesel,2
8538,Truck,Diesel,2
8539,Bus,Hybrid,8
8540,Car,Electric,12
8541,Bus,Hybrid,5
8542,Bus,Electric,7
8543,Truck,Hybrid,3
8544,Bus,Diesel,4
8545,Car,Hybrid,11
8546,Bus,Diesel,14
8547,Bus,Diesel,8
8548,Truck,Hybrid,6
8549,Car,Electric,13
8550,Bus,Hybrid,14
8551,Truck,Diesel,4
8552,Bus,Diesel,6
8553,Car,Electric,10
8554,Bus,Electric,8
8555,Bus,Electric,13
8556,Truck,Diesel,14
8557,Bus,Hybrid,12
8558,Truck,Electric,2
8559,Car,Diesel,2
8560,Bus,Hybrid,3
8561,Car,Electric,10
8562,Car,Hybrid,9
8563,Bus,Hybrid,6
8564,Truck,Diesel,4
8565,Car,Diesel,4
8566,Car,Diesel,3
8567,Bus,Hybrid,7
8568,Bus,Electric,2
8569,Bus,Electric,11
8570,Bus,Electric,1
8571,Bus,Diesel,3
8572,Bus,Electric,12
8573,Truck,Electric,7
8574,Car,Diesel,13
8575,Truck,Electric,13
8576,Truck,Electric,3
8577,Bus,Electric,7
8578,Car,Hybrid,4
8579,Truck,Hybrid,8
8580,Bus,Diesel,1
8581,Bus,Diesel,7
8582,Car,Hybrid,6
8583,Truck,Diesel,1
8584,Truck,Diesel,4
8585,Truck,Electric,5
8586,Bus,Diesel,8
8587,Car,Diesel,10
8588,Car,Electric,11
8589,Truck,Electric,7
8590,Bus,Hybrid,14
8591,Truck,Diesel,6
8592,Car,Electric,10
8593,Bus,Diesel,14
8594,Truck,Diesel,0
8595,Truck,Hybrid,9
8596,Bus,Hybrid,2
8597,Car,Hybrid,0
8598,Bus,Hybrid,9
8599,Truck,Hybrid,5
8600,Truck,Electric,2
8601,Truck,Hybrid,14
8602,Truck,Electric,13
8603,Car,Hybrid,1
8604,Car,Electric,12
8605,Truck,Diesel,14
8606,Car,Hybrid,9
8607,Car,Electric,1
8608,Car,Hybrid,7
8609,Truck,Electric,14
8610,Bus,Electric,0
8611,Bus,Hybrid,8
8612,Bus,Electric,11
8613,Truck,Diesel,6
8614,Car,Hybrid,0
8615,Car,Diesel,4
8616,Truck,Electric,4
8617,Truck,Electric,13
8618,Bus,Hybrid,1
8619,Bus,Diesel,0
8620,Truck,Diesel,6
8621,Bus,Hybrid,14
8622,Car,Diesel,14
8623,Truck,Hybrid,11
8624,Truck,Hybrid,8
8625,Car,Electric,7
8626,Car,Electric,6
8627,Car,Diesel,3
8628,Bus,Hybrid,9
8629,Truck,Hybrid,6
8630,Bus,Hybrid,14
8631,Car,Hybrid,13
8632,Bus,Electric,13
8633,Car,Diesel,12
8634,Bus,Electric,7
8635,Bus,Hybrid,8
8636,Car,Diesel,8
8637,Bus,Diesel,4
8638,Truck,Hybrid,4
8639,Bus,Hybrid,5
8640,Bus,Electric,13
8641,Truck,Electric,7
8642,Car,Hybrid,13
8643,Truck,Hybrid,2
8644,Bus,Electric,2
8645,Car,Diesel,10
8646,Bus,Diesel,4
8647,Bus,Diesel,10
8648,Truck,Electric,0
8649,Truck,Hybrid,4
8650,Car,Diesel,8
8651,Car,Hybrid,4
8652,Car,Electric,6
8653,Bus,Electric,9
8654,Truck,Hybrid,8
8655,Truck,Hybrid,7
8656,Truck,Hybrid,14
8657,Car,Hybrid,4
8658,Truck,Diesel,11
8659,Truck,Hybrid,12
8660,Truck,Diesel,1
8661,Car,Electric,4
8662,Truck,Diesel,9
8663,Car,Hybrid,7
8664,Truck,Diesel,10
8665,Truck,Electric,0
8666,Truck,Hybrid,9
8667,Car,Electric,3
8668,Car,Electric,0
8669,Truck,Hybrid,4
8670,Bus,Diesel,12
8671,Car,Electric,1
8672,Car,Hybrid,14
8673,Truck,Electric,11
8674,Bus,Diesel,1
8675,Truck,Electric,6
8676,Car,Electric,3
8677,Car,Electric,13
8678,Truck,Electric,1
8679,Truck,Diesel,10
8680,Bus,Hybrid,2
8681,Bus,Electric,2
8682,Car,Diesel,1
8683,Bus,Electric,6
8684,Bus,Electric,0
8685,Car,Electric,12
8686,Car,Diesel,8
8687,Car,Electric,4
8688,Car,Electric,3
8689,Truck,Hybrid,2
8690,Car,Diesel,2
8691,Car,Hybrid,12
8692,Car,Hybrid,2
8693,Bus,Hybrid,0
8694,Car,Hybrid,1
8695,Truck,Electric,10
8696,Truck,Hybrid,13
8697,Car,Diesel,14
8698,Truck,Electric,6
8699,Bus,Hybrid,2
8700,Car,Hybrid,5
8701,Truck,Diesel,3
8702,Truck,Diesel,9
8703,Car,Hybrid,4
8704,Truck,Hybrid,7
8705,Car,Hybrid,1
8706,Truck,Hybrid,9
8707,Bus,Hybrid,4
8708,Truck,Diesel,1
8709,Truck,Diesel,11
8710,Car,Electric,13
8711,Truck,Electric,8
8712,Car,Diesel,1
8713,Bus,Electric,0
8714,Car,Hybrid,3
8715,Car,Electric,11
8716,Truck,Hybrid,6
8717,Bus,Hybrid,14
8718,Car,Electric,1
8719,Truck,Electric,10
8720,Truck,Hybrid,9
8721,Car,Diesel,8
8722,Truck,Electric,11
8723,Car,Electric,0
8724,Car,Diesel,0
8725,Car,Electric,14
8726,Bus,Hybrid,7
8727,Car,Diesel,4
8728,Truck,Diesel,11
8729,Bus,Hybrid,11
8730,Truck,Hybrid,8
8731,Bus,Hybrid,7
8732,Bus,Diesel,5
8733,Bus,Hybrid,3
8734,Bus,Electric,13
8735,Truck,Electric,5
8736,Car,Hybrid,1
8737,Truck,Electric,4
8738,Car,Electric,9
8739,Truck,Diesel,14
8740,Bus,Hybrid,2
8741,Bus,Electric,2
8742,Car,Hybrid,13
8743,Car,Hybrid,0
8744,Truck,Electric,13
8745,Car,Electric,10
8746,Truck,Diesel,7
8747,Car,Diesel,9
8748,Car,Diesel,2
8749,Car,Electric,0
8750,Bus,Diesel,3
8751,Bus,Hybrid,12
8752,Truck,Diesel,0
8753,Car,Diesel,0
8754,Truck,Diesel,0
8755,Car,Hybrid,1
8756,Bus,Hybrid,11
8757,Bus,Electric,0
8758,Car,Diesel,11
8759,Car,Hybrid,5
8760,Bus,Hybrid,14
8761,Bus,Hybrid,6
8762,Truck,Electric,0
8763,Bus,Electric,9
8764,Car,Electric,0
8765,Truck,Diesel,14
8766,Car,Hybrid,13
8767,Truck,Electric,10
8768,Car,Electric,9
8769,Bus,Hybrid,14
8770,Car,Hybrid,8
8771,Truck,Diesel,8
8772,Car,Diesel,0
8773,Truck,Diesel,10
8774,Car,Electric,7
8775,Bus,Electric,2
8776,Bus,Hybrid,6
8777,Car,Diesel,0
8778,Car,Hybrid,6
8779,Car,Diesel,10
8780,Truck,Diesel,0
8781,Car,Diesel,2
8782,Car,Diesel,11
8783,Truck,Hybrid,13
8784,Bus,Hybrid,6
8785,Car,Electric,0
8786,Car,Diesel,13
8787,Bus,Hybrid,8
8788,Bus,Diesel,4
8789,Truck,Diesel,12
8790,Car,Electric,1
8791,Car,Electric,3
8792,Truck,Hybrid,7
8793,Bus,Hybrid,3
8794,Truck,Electric,9
8795,Bus,Hybrid,4
8796,Truck,Hybrid,14
8797,Bus,Electric,1
8798,Truck,Diesel,4
8799,Bus,Diesel,6
8800,Bus,Electric,8
8801,Bus,Diesel,7
8802,Bus,Diesel,13
8803,Bus,Electric,9
8804,Car,Hybrid,10
8805,Bus,Electric,5
8806,Car,Electric,12
8807,Bus,Diesel,8
8808,Car,Electric,6
8809,Car,Diesel,2
8810,Truck,Electric,10
8811,Bus,Hybrid,14
8812,Truck,Diesel,11
8813,Truck,Electric,12
8814,Bus,Diesel,0
8815,Truck,Electric,4
8816,Bus,Electric,8
8817,Truck,Electric,7
8818,Bus,Diesel,14
8819,Bus,Diesel,5
8820,Bus,Hybrid,12
8821,Car,Hybrid,13
8822,Truck,Hybrid,7
8823,Car,Hybrid,7
8824,Truck,Electric,2
8825,Truck,Diesel,11
8826,Truck,Electric,14
8827,Car,Diesel,5
8828,Truck,Diesel,6
8829,Car,Electric,1
8830,Bus,Electric,12
8831,Truck,Diesel,10
8832,Truck,Hybrid,6
8833,Bus,Hybrid,9
8834,Bus,Diesel,5
8835,Truck,Electric,1
8836,Bus,Electric,1
8837,Car,Diesel,5
8838,Car,Electric,2
8839,Truck,Diesel,5
8840,Car,Diesel,8
8841,Car,Diesel,9
8842,Truck,Electric,11
8843,Bus,Hybrid,14
8844,Truck,Diesel,0
8845,Car,Electric,2
8846,Truck,Hybrid,1
8847,Truck,Diesel,10
8848,Car,Hybrid,2
8849,Car,Electric,1
8850,Truck,Hybrid,2
8851,Car,Hybrid,14
8852,Car,Electric,14
8853,Car,Diesel,11
8854,Car,Electric,3
8855,Car,Electric,12
8856,Car,Diesel,6
8857,Bus,Diesel,1
8858,Truck,Electric,1
8859,Car,Diesel,14
8860,Truck,Diesel,1
8861,Bus,Electric,12
8862,Car,Electric,5
8863,Truck,Electric,7
8864,Car,Electric,3
8865,Car,Hybrid,11
8866,Car,Hybrid,9
8867,Car,Diesel,2
8868,Car,Hybrid,8
8869,Car,Hybrid,0
8870,Car,Hybrid,9
8871,Bus,Diesel,1
8872,Bus,Hybrid,11
8873,Car,Electric,6
8874,Car,Electric,11
8875,Bus,Diesel,2
8876,Bus,Diesel,11
8877,Bus,Diesel,8
8878,Car,Hybrid,14
8879,Truck,Diesel,0
8880,Truck,Diesel,11
8881,Truck,Diesel,8
8882,Truck,Electric,5
8883,Car,Diesel,0
8884,Truck,Electric,8
8885,Bus,Electric,8
8886,Bus,Diesel,12
8887,Truck,Diesel,9
8888,Bus,Hybrid,14
8889,Car,Diesel,10
8890,Truck,Diesel,4
8891,Truck,Diesel,6
8892,Car,Diesel,2
8893,Bus,Diesel,12
8894,Car,Diesel,7
8895,Car,Hybrid,12
8896,Bus,Hybrid,2
8897,Car,Diesel,9
8898,Bus,Hybrid,6
8899,Bus,Electric,3
8900,Car,Hybrid,4
8901,Bus,Electric,6
8902,Car,Diesel,14
8903,Bus,Electric,1
8904,Truck,Diesel,3
8905,Bus,Hybrid,6
8906,Bus,Electric,2
8907,Car,Electric,12
8908,Bus,Electric,3
8909,Truck,Diesel,9
8910,Truck,Diesel,14
8911,Bus,Hybrid,11
8912,Bus,Hybrid,7
8913,Truck,Diesel,2
8914,Car,Hybrid,11
8915,Truck,Electric,8
8916,Truck,Electric,4
8917,Bus,Electric,1
8918,Bus,Hybrid,13
8919,Truck,Electric,7
8920,Car,Electric,9
8921,Truck,Diesel,7
8922,Truck,Diesel,12
8923,Car,Hybrid,12
8924,Truck,Diesel,0
8925,Truck,Hybrid,8
8926,Bus,Hybrid,1
8927,Car,Diesel,13
8928,Bus,Diesel,3
8929,Bus,Hybrid,5
8930,Car,Hybrid,12
8931,Car,Hybrid,8
8932,Truck,Electric,0
8933,Bus,Electric,8
8934,Car,Diesel,7
8935,Bus,Electric,11
8936,Bus,Electric,6
8937,Car,Hybrid,1
8938,Truck,Electric,13
8939,Bus,Diesel,6
8940,Car,Electric,1
8941,Truck,Electric,8
8942,Bus,Electric,11
8943,Car,Diesel,3
8944,Bus,Diesel,1
8945,Car,Hybrid,4
8946,Car,Electric,8
8947,Bus,Hybrid,3
8948,Bus,Hybrid,4
8949,Car,Diesel,7
8950,Truck,Hybrid,2
8951,Bus,Electric,5
8952,Car,Hybrid,0
8953,Car,Diesel,13
8954,Truck,Diesel,2
8955,Truck,Diesel,7
8956,Truck,Electric,9
8957,Bus,Hybrid,9
8958,Car,Electric,5
8959,Car,Diesel,9
8960,Car,Electric,14
8961,Truck,Diesel,13
8962,Car,Electric,3
8963,Bus,Electric,11
8964,Truck,Hybrid,7
8965,Truck,Hybrid,12
8966,Truck,Diesel,2
8967,Truck,Hybrid,1
8968,Bus,Hybrid,9
8969,Car,Electric,7
8970,Bus,Diesel,11
8971,Car,Electric,3
8972,Bus,Electric,11
8973,Truck,Hybrid,8
8974,Truck,Hybrid,10
8975,Bus,Diesel,2
8976,Bus,Hybrid,8
8977,Car,Electric,9
8978,Bus,Hybrid,5
8979,Bus,Diesel,14
8980,Car,Diesel,14
8981,Car,Electric,13
8982,Car,Electric,4
8983,Bus,Hybrid,12
8984,Car,Diesel,1
8985,Truck,Electric,12
8986,Truck,Hybrid,11
8987,Truck,Hybrid,10
8988,Bus,Hybrid,5
8989,Truck,Electric,3
8990,Bus,Electric,4
8991,Bus,Hybrid,12
8992,Truck,Hybrid,10
8993,Car,Electric,14
8994,Bus,Diesel,5
8995,Truck,Hybrid,6
8996,Bus,Diesel,3
8997,Car,Diesel,10
8998,Car,Electric,7
8999,Truck,Electric,13
9000,Bus,Diesel,4
9001,Bus,Electric,6
9002,Bus,Diesel,5
9003,Bus,Diesel,10
9004,Truck,Electric,10
9005,Car,Electric,4
9006,Truck,Hybrid,6
9007,Bus,Electric,10
9008,Bus,Hybrid,3
9009,Car,Electric,6
9010,Bus,Electric,12
9011,Truck,Electric,2
9012,Truck,Electric,7
9013,Car,Diesel,9
9014,Truck,Electric,3
9015,Truck,Diesel,3
9016,Truck,Electric,11
9017,Truck,Electric,13
9018,Bus,Diesel,0
9019,Truck,Electric,7
9020,Car,Hybrid,4
9021,Car,Hybrid,8
9022,Truck,Electric,2
9023,Car,Hybrid,4
9024,Truck,Hybrid,13
9025,Car,Hybrid,11
9026,Car,Hybrid,11
9027,Truck,Diesel,13
9028,Truck,Diesel,14
9029,Bus,Diesel,3
9030,Truck,Hybrid,11
9031,Truck,Hybrid,10
9032,Bus,Diesel,14
9033,Truck,Hybrid,6
9034,Truck,Diesel,9
9035,Bus,Diesel,13
9036,Truck,Diesel,4
9037,Truck,Hybrid,14
9038,Bus,Diesel,1
9039,Bus,Electric,5
9040,Car,Diesel,12
9041,Truck,Diesel,13
9042,Car,Electric,3
9043,Car,Hybrid,5
9044,Bus,Diesel,14
9045,Truck,Electric,0
9046,Truck,Hybrid,14
9047,Bus,Electric,10
9048,Car,Diesel,12
9049,Bus,Electric,11
9050,Truck,Hybrid,0
9051,Bus,Diesel,3
9052,Truck,Electric,6
9053,Car,Hybrid,10
9054,Truck,Hybrid,14
9055,Car,Diesel,6
9056,Car,Diesel,0
9057,Truck,Diesel,13
9058,Truck,Diesel,4
9059,Car,Electric,5
9060,Bus,Hybrid,4
9061,Truck,Diesel,6
9062,Car,Diesel,5
9063,Car,Diesel,4
9064,Bus,Electric,4
9065,Truck,Hybrid,8
9066,Car,Hybrid,2
9067,Bus,Diesel,8
9068,Car,Hybrid,12
9069,Truck,Electric,10
9070,Bus,Hybrid,1
9071,Car,Diesel,9
9072,Bus,Hybrid,6
9073,Truck,Electric,5
9074,Bus,Electric,7
9075,Truck,Hybrid,8
9076,Car,Hybrid,12
9077,Truck,Diesel,5
9078,Car,Diesel,1
9079,Car,Diesel,9
9080,Truck,Hybrid,14
9081,Car,Electric,11
9082,Bus,Electric,3
9083,Car,Hybrid,13
9084,Truck,Electric,14
9085,Bus,Electric,13
9086,Bus,Hybrid,2
9087,Car,Electric,2
9088,Car,Hybrid,4
9089,Truck,Diesel,9
9090,Bus,Electric,0
9091,Truck,Hybrid,8
9092,Car,Electric,3
9093,Bus,Electric,6
9094,Truck,Diesel,6
9095,Truck,Hybrid,6
9096,Truck,Diesel,10
9097,Truck,Electric,4
9098,Truck,Electric,14
9099,Bus,Electric,3
9100,Truck,Hybrid,3
9101,Bus,Diesel,12
9102,Truck,Hybrid,4
9103,Car,Electric,5
9104,Car,Diesel,9
9105,Truck,Electric,6
9106,Car,Diesel,4
9107,Bus,Hybrid,12
9108,Truck,Hybrid,11
9109,Bus,Hybrid,11
9110,Truck,Hybrid,8
9111,Car,Hybrid,13
9112,Bus,Diesel,8
9113,Car,Diesel,0
9114,Car,Electric,4
9115,Truck,Diesel,1
9116,Bus,Electric,3
9117,Car,Hybrid,10
9118,Truck,Diesel,14
9119,Truck,Diesel,6
9120,Truck,Hybrid,9
9121,Car,Hybrid,5
9122,Truck,Hybrid,6
9123,Bus,Electric,2
9124,Bus,Electric,13
9125,Car,Diesel,14
9126,Bus,Hybrid,4
9127,Truck,Diesel,5
9128,Car,Hybrid,14
9129,Truck,Hybrid,10
9130,Car,Hybrid,5
9131,Car,Hybrid,5
9132,Truck,Hybrid,8
9133,Bus,Electric,5
9134,Bus,Diesel,11
9135,Car,Hybrid,1
9136,Truck,Electric,8
9137,Truck,Electric,3
9138,Car,Hybrid,6
9139,Bus,Hybrid,5
9140,Truck,Electric,14
9141,Bus,Hybrid,8
9142,Bus,Electric,9
9143,Car,Hybrid,12
9144,Car,Electric,2
9145,Bus,Hybrid,7
9146,Truck,Electric,4
9147,Truck,Diesel,5
9148,Car,Hybrid,13
9149,Bus,Hybrid,14
9150,Truck,Electric,2
9151,Truck,Hybrid,2
9152,Car,Diesel,6
9153,Bus,Diesel,5
9154,Truck,Electric,1
9155,Car,Electric,9
9156,Truck,Hybrid,12
9157,Truck,Electric,11
9158,Truck,Diesel,7
9159,Car,Diesel,11
9160,Bus,Hybrid,4
9161,Car,Diesel,6
9162,Bus,Electric,2
9163,Truck,Hybrid,14
9164,Bus,Hybrid,9
9165,Truck,Hybrid,4
9166,Truck,Electric,11
9167,Car,Hybrid,2
9168,Truck,Hybrid,11
9169,Car,Diesel,2
9170,Bus,Diesel,11
9171,Bus,Hybrid,13
9172,Truck,Electric,0
9173,Car,Electric,10
9174,Truck,Electric,2
9175,Car,Electric,6
9176,Car,Diesel,10
9177,Car,Electric,8
9178,Bus,Electric,0
9179,Car,Hybrid,14
9180,Bus,Electric,3
9181,Car,Electric,9
9182,Bus,Electric,6
9183,Bus,Electric,5
9184,Bus,Diesel,3
9185,Truck,Hybrid,10
9186,Car,Diesel,2
9187,Truck,Hybrid,5
9188,Car,Hybrid,14
9189,Car,Hybrid,3
9190,Truck,Hybrid,4
9191,Bus,Diesel,1
9192,Car,Hybrid,8
9193,Bus,Electric,1
9194,Truck,Electric,12
9195,Bus,Hybrid,3
9196,Car,Electric,7
9197,Car,Electric,6
9198,Car,Hybrid,3
9199,Truck,Hybrid,7
9200,Car,Hybrid,10
9201,Truck,Diesel,5
9202,Bus,Hybrid,7
9203,Car,Hybrid,3
9204,Car,Diesel,4
9205,Car,Electric,3
9206,Bus,Diesel,6
9207,Car,Electric,3
9208,Truck,Diesel,4
9209,Bus,Hybrid,8
9210,Bus,Diesel,7
9211,Bus,Hybrid,1
9212,Bus,Electric,6
9213,Bus,Hybrid,11
9214,Truck,Diesel,1
9215,Bus,Diesel,9
9216,Car,Electric,2
9217,Bus,Hybrid,0
9218,Bus,Electric,1
9219,Bus,Hybrid,2
9220,Bus,Hybrid,4
9221,Bus,Electric,12
9222,Truck,Electric,12
9223,Truck,Hybrid,5
9224,Bus,Electric,13
9225,Truck,Hybrid,6
9226,Car,Electric,4
9227,Bus,Electric,4
9228,Car,Electric,10
9229,Car,Diesel,7
9230,Bus,Electric,0
9231,Car,Diesel,8
9232,Car,Hybrid,2
9233,Car,Hybrid,10
9234,Bus,Electric,5
9235,Bus,Diesel,3
9236,Car,Hybrid,1
9237,Bus,Diesel,13
9238,Bus,Diesel,14
9239,Car,Hybrid,13
9240,Bus,Diesel,12
9241,Truck,Diesel,5
9242,Bus,Hybrid,13
9243,Truck,Electric,9
9244,Car,Electric,7
9245,Bus,Diesel,3
9246,Car,Electric,7
9247,Car,Hybrid,6
9248,Car,Hybrid,0
9249,Car,Hybrid,14
9250,Car,Diesel,4
9251,Bus,Hybrid,13
9252,Truck,Diesel,7
9253,Bus,Diesel,5
9254,Bus,Hybrid,8
9255,Bus,Hybrid,10
9256,Bus,Diesel,6
9257,Truck,Hybrid,1
9258,Bus,Electric,0
9259,Car,Diesel,11
9260,Bus,Diesel,8
9261,Bus,Hybrid,12
9262,Truck,Hybrid,4
9263,Truck,Diesel,1
9264,Car,Diesel,10
9265,Bus,Diesel,13
9266,Bus,Hybrid,12
9267,Bus,Diesel,3
9268,Car,Electric,14
9269,Truck,Electric,9
9270,Car,Hybrid,12
9271,Bus,Diesel,11
9272,Truck,Diesel,5
9273,Truck,Electric,8
9274,Car,Diesel,7
9275,Truck,Hybrid,5
9276,Truck,Hybrid,3
9277,Bus,Hybrid,13
9278,Bus,Diesel,9
9279,Truck,Diesel,4
9280,Truck,Electric,10
9281,Car,Electric,10
9282,Car,Hybrid,3
9283,Truck,Diesel,3
9284,Bus,Diesel,7
9285,Truck,Hybrid,3
9286,Truck,Hybrid,12
9287,Bus,Electric,10
9288,Bus,Electric,2
9289,Car,Hybrid,1
9290,Car,Diesel,9
9291,Car,Electric,0
9292,Car,Hybrid,4
9293,Bus,Diesel,3
9294,Truck,Hybrid,9
9295,Car,Diesel,8
9296,Car,Electric,8
9297,Bus,Diesel,10
9298,Bus,Diesel,4
9299,Truck,Hybrid,4
9300,Truck,Diesel,5
9301,Bus,Electric,3
9302,Car,Hybrid,12
9303,Car,Hybrid,5
9304,Car,Hybrid,7
9305,Truck,Hybrid,11
9306,Car,Hybrid,4
9307,Car,Hybrid,7
9308,Bus,Hybrid,7
9309,Car,Electric,2
9310,Bus,Electric,5
9311,Car,Hybrid,0
9312,Truck,Diesel,4
9313,Car,Hybrid,6
9314,Car,Hybrid,4
9315,Bus,Hybrid,2
9316,Bus,Diesel,1
9317,Bus,Electric,11
9318,Car,Diesel,1
9319,Car,Diesel,8
9320,Truck,Diesel,1
9321,Car,Diesel,6
9322,Truck,Hybrid,14
9323,Bus,Electric,8
9324,Bus,Diesel,11
9325,Bus,Electric,2
9326,Truck,Hybrid,14
9327,Car,Hybrid,6
9328,Bus,Electric,0
9329,Car,Hybrid,11
9330,Car,Electric,5
9331,Bus,Diesel,10
9332,Truck,Hybrid,1
9333,Car,Hybrid,9
9334,Bus,Electric,0
9335,Car,Hybrid,4
9336,Car,Diesel,13
9337,Car,Hybrid,12
9338,Car,Hybrid,5
9339,Car,Hybrid,10
9340,Truck,Electric,1
9341,Truck,Diesel,3
9342,Bus,Diesel,13
9343,Truck,Hybrid,2
9344,Truck,Hybrid,0
9345,Truck,Electric,13
9346,Car,Diesel,0
9347,Car,Hybrid,2
9348,Bus,Diesel,11
9349,Bus,Hybrid,1
9350,Bus,Hybrid,1
9351,Car,Electric,11
9352,Truck,Diesel,9
9353,Truck,Diesel,13
9354,Car,Hybrid,4
9355,Bus,Hybrid,4
9356,Bus,Electric,11
9357,Bus,Hybrid,6
9358,Car,Diesel,4
9359,Bus,Electric,13
9360,Bus,Diesel,2
9361,Car,Electric,9
9362,Truck,Diesel,5
9363,Car,Hybrid,2
9364,Car,Diesel,11
9365,Car,Diesel,7
9366,Car,Electric,5
9367,Truck,Diesel,13
9368,Bus,Hybrid,6
9369,Car,Electric,12
9370,Truck,Electric,2
9371,Bus,Diesel,10
9372,Bus,Electric,6
9373,Bus,Hybrid,8
9374,Car,Diesel,7
9375,Car,Hybrid,10
9376,Bus,Diesel,12
9377,Bus,Diesel,1
9378,Bus,Electric,14
9379,Bus,Electric,9
9380,Bus,Electric,9
9381,Bus,Diesel,12
9382,Truck,Electric,1
9383,Bus,Hybrid,13
9384,Car,Electric,6
9385,Car,Hybrid,13
9386,Car,Electric,14
9387,Bus,Diesel,9
9388,Car,Electric,11
9389,Truck,Hybrid,3
9390,Bus,Hybrid,8
9391,Car,Electric,5
9392,Truck,Hybrid,8
9393,Truck,Diesel,10
9394,Car,Electric,2
9395,Truck,Hybrid,5
9396,Car,Electric,5
9397,Truck,Electric,7
9398,Bus,Electric,6
9399,Bus,Electric,2
9400,Bus,Electric,14
9401,Bus,Diesel,0
9402,Bus,Electric,1
9403,Car,Diesel,14
9404,Bus,Electric,10
9405,Bus,Hybrid,9
9406,Bus,Electric,1
9407,Bus,Electric,0
9408,Truck,Hybrid,14
9409,Bus,Diesel,3
9410,Bus,Diesel,5
9411,Car,Diesel,3
9412,Truck,Diesel,12
9413,Car,Hybrid,3
9414,Bus,Diesel,10
9415,Car,Diesel,8
9416,Car,Diesel,1
9417,Bus,Diesel,0
9418,Truck,Diesel,6
9419,Truck,Electric,13
9420,Car,Electric,14
9421,Bus,Diesel,4
9422,Car,Hybrid,12
9423,Car,Hybrid,4
9424,Car,Electric,1
9425,Bus,Hybrid,12
9426,Bus,Electric,5
9427,Truck,Diesel,4
9428,Bus,Diesel,4
9429,Car,Hybrid,5
9430,Car,Hybrid,13
9431,Truck,Hybrid,1
9432,Bus,Diesel,14
9433,Car,Diesel,4
9434,Truck,Hybrid,10
9435,Truck,Hybrid,0
9436,Car,Hybrid,12
9437,Car,Hybrid,12
9438,Bus,Electric,7
9439,Truck,Hybrid,0
9440,Car,Hybrid,6
9441,Truck,Electric,12
9442,Bus,Electric,14
9443,Car,Electric,5
9444,Bus,Electric,7
9445,Truck,Hybrid,14
9446,Bus,Diesel,4
9447,Bus,Diesel,10
9448,Truck,Diesel,14
9449,Bus,Diesel,5
9450,Truck,Diesel,3
9451,Car,Diesel,9
9452,Truck,Electric,9
9453,Truck,Electric,0
9454,Car,Diesel,10
9455,Truck,Hybrid,6
9456,Car,Hybrid,1
9457,Car,Diesel,0
9458,Truck,Hybrid,0
9459,Bus,Electric,0
9460,Bus,Electric,1
9461,Car,Hybrid,11
9462,Bus,Diesel,0
9463,Bus,Electric,12
9464,Truck,Hybrid,3
9465,Car,Hybrid,11
9466,Car,Electric,12
9467,Truck,Electric,9
9468,Bus,Diesel,9
9469,Car,Hybrid,14
9470,Bus,Diesel,10
9471,Car,Electric,6
9472,Car,Hybrid,9
9473,Car,Electric,2
9474,Car,Electric,8
9475,Bus,Electric,1
9476,Bus,Diesel,1
9477,Bus,Electric,6
9478,Bus,Diesel,12
9479,Truck,Electric,8
9480,Car,Electric,13
9481,Car,Hybrid,5
9482,Car,Electric,10
9483,Truck,Hybrid,0
9484,Bus,Hybrid,5
9485,Car,Diesel,3
9486,Bus,Hybrid,4
9487,Bus,Hybrid,3
9488,Truck,Electric,13
9489,Truck,Electric,2
9490,Bus,Diesel,1
9491,Car,Hybrid,1
9492,Car,Hybrid,9
9493,Truck,Diesel,10
9494,Truck,Electric,3
9495,Truck,Hybrid,2
9496,Truck,Diesel,10
9497,Truck,Electric,11
9498,Truck,Diesel,5
9499,Truck,Diesel,9
9500,Car,Hybrid,12
9501,Truck,Electric,2
9502,Truck,Hybrid,2
9503,Car,Hybrid,3
9504,Car,Electric,13
9505,Bus,Electric,14
9506,Truck,Electric,4
9507,Truck,Hybrid,14
9508,Truck,Electric,10
9509,Truck,Electric,14
9510,Bus,Electric,8
9511,Car,Diesel,12
9512,Car,Electric,10
9513,Truck,Hybrid,4
9514,Truck,Diesel,13
9515,Truck,Hybrid,14
9516,Bus,Diesel,0
9517,Bus,Electric,8
9518,Car,Diesel,12
9519,Truck,Hybrid,1
9520,Truck,Diesel,12
9521,Truck,Electric,3
9522,Truck,Electric,9
9523,Bus,Hybrid,5
9524,Car,Diesel,8
9525,Car,Hybrid,1
9526,Bus,Hybrid,8
9527,Truck,Hybrid,8
9528,Car,Electric,0
9529,Car,Diesel,11
9530,Bus,Electric,11
9531,Truck,Electric,10
9532,Car,Electric,5
9533,Truck,Diesel,11
9534,Car,Electric,5
9535,Bus,Electric,8
9536,Truck,Electric,5
9537,Bus,Diesel,12
9538,Car,Diesel,13
9539,Bus,Hybrid,1
9540,Bus,Electric,12
9541,Bus,Electric,7
9542,Car,Diesel,0
9543,Truck,Diesel,4
9544,Bus,Electric,9
9545,Truck,Hybrid,2
9546,Car,Hybrid,10
9547,Truck,Electric,5
9548,Bus,Hybrid,13
9549,Bus,Hybrid,11
9550,Bus,Electric,4
9551,Bus,Hybrid,11
9552,Bus,Diesel,11
9553,Bus,Electric,12
9554,Car,Diesel,12
9555,Car,Electric,9
9556,Car,Diesel,12
9557,Truck,Hybrid,12
9558,Truck,Diesel,13
9559,Car,Diesel,3
9560,Truck,Diesel,2
9561,Truck,Diesel,0
9562,Bus,Diesel,7
9563,Bus,Electric,10
9564,Truck,Diesel,4
9565,Truck,Diesel,7
9566,Car,Electric,8
9567,Truck,Electric,12
9568,Bus,Hybrid,7
9569,Truck,Diesel,5
9570,Car,Diesel,9
9571,Bus,Hybrid,7
9572,Bus,Diesel,4
9573,Bus,Hybrid,8
9574,Bus,Electric,5
9575,Truck,Diesel,1
9576,Car,Diesel,6
9577,Truck,Electric,13
9578,Truck,Diesel,0
9579,Bus,Electric,9
9580,Car,Electric,11
9581,Bus,Hybrid,14
9582,Truck,Electric,14
9583,Truck,Hybrid,0
9584,Bus,Electric,11
9585,Truck,Hybrid,13
9586,Truck,Hybrid,14
9587,Bus,Hybrid,14
9588,Truck,Hybrid,7
9589,Car,Diesel,14
9590,Bus,Electric,11
9591,Car,Electric,4
9592,Truck,Electric,10
9593,Truck,Electric,9
9594,Bus,Hybrid,8
9595,Truck,Diesel,13
9596,Bus,Electric,11
9597,Bus,Electric,5
9598,Bus,Electric,14
9599,Bus,Hybrid,12
9600,Bus,Electric,0
9601,Car,Electric,5
9602,Bus,Diesel,12
9603,Car,Hybrid,0
9604,Truck,Diesel,12
9605,Bus,Electric,4
9606,Truck,Hybrid,2
9607,Bus,Electric,11
9608,Car,Electric,9
9609,Car,Hybrid,9
9610,Car,Diesel,8
9611,Truck,Hybrid,0
9612,Bus,Hybrid,5
9613,Truck,Diesel,13
9614,Car,Hybrid,2
9615,Truck,Diesel,8
9616,Car,Diesel,1
9617,Car,Hybrid,11
9618,Car,Hybrid,10
9619,Bus,Diesel,6
9620,Bus,Diesel,8
9621,Car,Diesel,14
9622,Truck,Diesel,14
9623,Truck,Diesel,2
9624,Bus,Hybrid,2
9625,Car,Electric,2
9626,Truck,Hybrid,0
9627,Car,Electric,12
9628,Truck,Diesel,8
9629,Bus,Hybrid,8
9630,Car,Electric,5
9631,Car,Diesel,8
9632,Truck,Hybrid,8
9633,Truck,Electric,0
9634,Truck,Hybrid,2
9635,Car,Electric,14
9636,Bus,Hybrid,2
9637,Bus,Hybrid,0
9638,Truck,Electric,5
9639,Bus,Hybrid,3
9640,Truck,Hybrid,7
9641,Bus,Diesel,5
9642,Car,Electric,3
9643,Truck,Hybrid,4
9644,Bus,Electric,11
9645,Car,Hybrid,1
9646,Bus,Electric,9
9647,Car,Electric,11
9648,Car,Diesel,0
9649,Bus,Diesel,11
9650,Bus,Electric,6
9651,Car,Hybrid,9
9652,Car,Electric,11
9653,Car,Hybrid,2
9654,Truck,Electric,12
9655,Car,Diesel,2
9656,Truck,Diesel,5
9657,Car,Hybrid,2
9658,Truck,Electric,6
9659,Car,Hybrid,6
9660,Car,Diesel,4
9661,Car,Electric,0
9662,Bus,Diesel,12
9663,Bus,Diesel,8
9664,Car,Electric,14
9665,Truck,Hybrid,1
9666,Truck,Electric,14
9667,Car,Diesel,3
9668,Bus,Diesel,14
9669,Truck,Diesel,14
9670,Bus,Diesel,9
9671,Truck,Hybrid,9
9672,Car,Electric,1
9673,Bus,Electric,14
9674,Truck,Hybrid,11
9675,Car,Hybrid,0
9676,Car,Diesel,12
9677,Car,Electric,14
9678,Bus,Electric,0
9679,Bus,Electric,0
9680,Car,Hybrid,6
9681,Bus,Diesel,10
9682,Truck,Diesel,11
9683,Car,Electric,8
9684,Car,Diesel,14
9685,Bus,Hybrid,0
9686,Car,Hybrid,9
9687,Truck,Electric,5
9688,Bus,Diesel,10
9689,Bus,Hybrid,4
9690,Car,Hybrid,13
9691,Car,Hybrid,2
9692,Car,Hybrid,1
9693,Bus,Diesel,1
9694,Car,Hybrid,14
9695,Truck,Hybrid,1
9696,Car,Diesel,6
9697,Car,Electric,3
9698,Bus,Electric,6
9699,Car,Hybrid,13
9700,Bus,Electric,9
9701,Car,Diesel,0
9702,Truck,Hybrid,11
9703,Truck,Diesel,9
9704,Bus,Electric,3
9705,Bus,Electric,8
9706,Car,Hybrid,6
9707,Car,Electric,9
9708,Truck,Hybrid,5
9709,Car,Hybrid,6
9710,Truck,Diesel,1
9711,Bus,Electric,0
9712,Car,Electric,9
9713,Bus,Hybrid,8
9714,Car,Hybrid,1
9715,Truck,Hybrid,1
9716,Bus,Hybrid,2
9717,Bus,Diesel,11
9718,Car,Electric,12
9719,Bus,Diesel,2
9720,Truck,Electric,2
9721,Bus,Diesel,3
9722,Bus,Hybrid,10
9723,Car,Diesel,0
9724,Bus,Diesel,10
9725,Car,Hybrid,12
9726,Car,Hybrid,0
9727,Bus,Electric,13
9728,Truck,Electric,11
9729,Car,Diesel,11
9730,Bus,Diesel,3
9731,Car,Diesel,0
9732,Truck,Hybrid,11
9733,Truck,Electric,3
9734,Car,Diesel,12
9735,Truck,Electric,1
9736,Bus,Electric,6
9737,Bus,Hybrid,5
9738,Car,Hybrid,1
9739,Truck,Diesel,1
9740,Bus,Diesel,11
9741,Bus,Diesel,0
9742,Bus,Diesel,3
9743,Car,Diesel,1
9744,Car,Electric,4
9745,Bus,Electric,11
9746,Bus,Hybrid,11
9747,Truck,Hybrid,3
9748,Truck,Electric,0
9749,Truck,Hybrid,4
9750,Car,Hybrid,4
9751,Bus,Diesel,14
9752,Car,Hybrid,12
9753,Bus,Hybrid,4
9754,Truck,Hybrid,1
9755,Truck,Electric,3
9756,Truck,Electric,13
9757,Truck,Diesel,4
9758,Bus,Hybrid,10
9759,Truck,Electric,10
9760,Bus,Diesel,5
9761,Bus,Hybrid,6
9762,Car,Diesel,9
9763,Truck,Diesel,10
9764,Truck,Hybrid,2
9765,Car,Electric,2
9766,Bus,Hybrid,9
9767,Truck,Hybrid,11
9768,Bus,Hybrid,1
9769,Car,Electric,8
9770,Bus,Hybrid,0
9771,Truck,Electric,2
9772,Bus,Diesel,2
9773,Bus,Electric,7
9774,Truck,Diesel,11
9775,Truck,Diesel,14
9776,Bus,Hybrid,5
9777,Bus,Electric,2
9778,Car,Diesel,0
9779,Truck,Diesel,2
9780,Bus,Electric,3
9781,Truck,Electric,0
9782,Car,Diesel,2
9783,Bus,Diesel,3
9784,Bus,Electric,14
9785,Bus,Electric,6
9786,Truck,Diesel,3
9787,Car,Hybrid,0
9788,Truck,Electric,8
9789,Bus,Diesel,5
9790,Car,Diesel,8
9791,Bus,Hybrid,6
9792,Bus,Electric,3
9793,Truck,Diesel,0
9794,Bus,Hybrid,14
9795,Car,Electric,6
9796,Bus,Hybrid,8
9797,Bus,Diesel,11
9798,Truck,Hybrid,5
9799,Car,Diesel,11
9800,Truck,Diesel,0
9801,Bus,Hybrid,8
9802,Truck,Hybrid,6
9803,Truck,Diesel,0
9804,Truck,Hybrid,13
9805,Truck,Electric,14
9806,Bus,Electric,3
9807,Bus,Hybrid,4
9808,Car,Hybrid,1
9809,Truck,Electric,2
9810,Truck,Diesel,1
9811,Car,Diesel,13
9812,Truck,Electric,3
9813,Car,Diesel,6
9814,Bus,Hybrid,4
9815,Car,Hybrid,13
9816,Truck,Electric,6
9817,Car,Electric,11
9818,Bus,Electric,0
9819,Truck,Electric,13
9820,Bus,Diesel,2
9821,Bus,Diesel,1
9822,Car,Diesel,11
9823,Bus,Hybrid,12
9824,Truck,Hybrid,0
9825,Bus,Electric,4
9826,Bus,Electric,2
9827,Car,Diesel,7
9828,Bus,Diesel,4
9829,Car,Diesel,4
9830,Car,Electric,6
9831,Truck,Diesel,7
9832,Truck,Electric,0
9833,Truck,Electric,4
9834,Truck,Hybrid,8
9835,Car,Hybrid,10
9836,Bus,Electric,11
9837,Truck,Diesel,8
9838,Truck,Electric,13
9839,Truck,Electric,6
9840,Bus,Electric,13
9841,Truck,Electric,3
9842,Bus,Hybrid,14
9843,Car,Hybrid,14
9844,Car,Electric,14
9845,Car,Hybrid,1
9846,Bus,Hybrid,4
9847,Truck,Diesel,3
9848,Truck,Hybrid,12
9849,Truck,Hybrid,0
9850,Truck,Electric,12
9851,Truck,Hybrid,6
9852,Bus,Hybrid,2
9853,Car,Hybrid,5
9854,Truck,Electric,11
9855,Car,Electric,4
9856,Bus,Hybrid,11
9857,Bus,Electric,3
9858,Truck,Electric,2
9859,Bus,Diesel,8
9860,Car,Hybrid,4
9861,Truck,Diesel,9
9862,Truck,Hybrid,6
9863,Car,Hybrid,3
9864,Truck,Diesel,0
9865,Truck,Diesel,1
9866,Car,Hybrid,11
9867,Truck,Diesel,9
9868,Truck,Diesel,12
9869,Car,Electric,4
9870,Bus,Hybrid,13
9871,Car,Electric,11
9872,Truck,Hybrid,7
9873,Car,Electric,7
9874,Truck,Hybrid,11
9875,Truck,Electric,13
9876,Car,Hybrid,7
9877,Truck,Electric,12
9878,Bus,Diesel,8
9879,Truck,Hybrid,1
9880,Car,Diesel,3
9881,Bus,Electric,11
9882,Bus,Hybrid,10
9883,Truck,Electric,9
9884,Car,Electric,5
9885,Truck,Diesel,14
9886,Truck,Hybrid,12
9887,Car,Electric,5
9888,Car,Diesel,11
9889,Truck,Diesel,11
9890,Bus,Diesel,4
9891,Truck,Diesel,14
9892,Bus,Electric,1
9893,Truck,Electric,7
9894,Car,Electric,0
9895,Bus,Hybrid,12
9896,Car,Hybrid,0
9897,Car,Diesel,11
9898,Car,Electric,0
9899,Car,Diesel,8
9900,Car,Electric,4
9901,Truck,Hybrid,13
9902,Bus,Diesel,11
9903,Truck,Electric,1
9904,Truck,Electric,10
9905,Truck,Electric,0
9906,Car,Diesel,3
9907,Truck,Hybrid,10
9908,Bus,Electric,1
9909,Truck,Diesel,2
9910,Car,Electric,1
9911,Bus,Diesel,7
9912,Bus,Hybrid,13
9913,Bus,Electric,2
9914,Bus,Diesel,1
9915,Truck,Electric,5
9916,Car,Diesel,6
9917,Bus,Hybrid,14
9918,Bus,Hybrid,8
9919,Car,Diesel,10
9920,Truck,Hybrid,9
9921,Bus,Electric,3
9922,Truck,Hybrid,4
9923,Truck,Electric,13
9924,Truck,Hybrid,10
9925,Truck,Hybrid,5
9926,Bus,Electric,2
9927,Bus,Hybrid,2
9928,Truck,Electric,2
9929,Truck,Electric,4
9930,Car,Hybrid,10
9931,Car,Hybrid,5
9932,Car,Electric,8
9933,Bus,Diesel,8
9934,Car,Hybrid,11
9935,Bus,Hybrid,4
9936,Bus,Diesel,13
9937,Bus,Diesel,7
9938,Bus,Hybrid,6
9939,Car,Hybrid,3
9940,Truck,Hybrid,0
9941,Truck,Diesel,2
9942,Truck,Hybrid,10
9943,Car,Diesel,9
9944,Truck,Diesel,4
9945,Car,Electric,9
9946,Car,Diesel,12
9947,Car,Electric,12
9948,Truck,Diesel,2
9949,Truck,Diesel,10
9950,Truck,Electric,3
9951,Bus,Electric,8
9952,Car,Electric,8
9953,Bus,Electric,10
9954,Car,Electric,8
9955,Truck,Electric,12
9956,Car,Electric,8
9957,Car,Diesel,13
9958,Bus,Diesel,11
9959,Car,Electric,0
9960,Truck,Hybrid,8
9961,Car,Electric,14
9962,Car,Hybrid,11
9963,Car,Diesel,11
9964,Bus,Diesel,10
9965,Car,Hybrid,11
9966,Car,Diesel,13
9967,Bus,Electric,10
9968,Bus,Hybrid,12
9969,Bus,Hybrid,1
9970,Bus,Diesel,7
9971,Truck,Hybrid,8
9972,Truck,Hybrid,11
9973,Car,Hybrid,7
9974,Truck,Diesel,8
9975,Car,Hybrid,4
9976,Truck,Hybrid,9
9977,Bus,Electric,11
9978,Bus,Electric,6
9979,Truck,Hybrid,10
9980,Truck,Diesel,2
9981,Car,Hybrid,3
9982,Car,Diesel,3
9983,Car,Electric,12
9984,Bus,Electric,9
9985,Bus,Hybrid,3
9986,Bus,Diesel,10
9987,Bus,Diesel,7
9988,Car,Diesel,1
9989,Bus,Hybrid,11
9990,Bus,Diesel,1
9991,Bus,Electric,4
9992,Bus,Diesel,5
9993,Truck,Diesel,14
9994,Car,Hybrid,3
9995,Car,Hybrid,11
9996,Bus,Hybrid,6
9997,Truck,Hybrid,9
9998,Car,Hybrid,3
9999,Car,Diesel,7
10000,Bus,Diesel,1
10001,Bus,Hybrid,13
10002,Car,Hybrid,9
10003,Car,Diesel,3
10004,Truck,Hybrid,10
10005,Car,Electric,6
10006,Car,Diesel,4
10007,Bus,Electric,9
10008,Car,Diesel,10
10009,Bus,Diesel,1
10010,Car,Diesel,2
10011,Car,Diesel,3
10012,Car,Diesel,4
10013,Truck,Diesel,6
10014,Bus,Diesel,2
10015,Truck,Hybrid,8
10016,Car,Hybrid,9
10017,Truck,Hybrid,2
10018,Bus,Electric,4
10019,Car,Diesel,12
10020,Truck,Hybrid,4
10021,Truck,Hybrid,6
10022,Bus,Hybrid,5
10023,Truck,Diesel,10
10024,Bus,Diesel,2
10025,Car,Electric,11
10026,Car,Electric,14
10027,Truck,Diesel,0
10028,Car,Electric,5
10029,Car,Hybrid,10
10030,Truck,Electric,5
10031,Car,Hybrid,3
10032,Truck,Electric,14
10033,Bus,Hybrid,1
10034,Bus,Electric,8
10035,Bus,Electric,5
10036,Truck,Diesel,12
10037,Truck,Diesel,0
10038,Car,Hybrid,7
10039,Car,Diesel,9
10040,Car,Hybrid,14
10041,Car,Diesel,6
10042,Car,Diesel,10
10043,Truck,Hybrid,10
10044,Truck,Electric,5
10045,Bus,Hybrid,11
10046,Bus,Hybrid,10
10047,Bus,Hybrid,10
10048,Bus,Diesel,0
10049,Truck,Diesel,9
10050,Truck,Diesel,12
10051,Truck,Hybrid,4
10052,Car,Electric,3
10053,Car,Electric,6
10054,Bus,Hybrid,14
10055,Car,Hybrid,1
10056,Truck,Electric,0
10057,Bus,Diesel,6
10058,Bus,Hybrid,7
10059,Car,Electric,4
10060,Bus,Electric,7
10061,Car,Electric,14
10062,Car,Diesel,3
10063,Bus,Electric,7
10064,Car,Electric,10
10065,Car,Electric,2
10066,Car,Hybrid,6
10067,Car,Hybrid,5
10068,Bus,Hybrid,0
10069,Truck,Electric,4
10070,Truck,Electric,13
10071,Car,Diesel,13
10072,Car,Electric,13
10073,Car,Diesel,10
10074,Truck,Electric,11
10075,Car,Diesel,14
10076,Bus,Hybrid,3
10077,Bus,Electric,12
10078,Bus,Diesel,5
10079,Truck,Hybrid,8
10080,Car,Hybrid,3
10081,Car,Electric,1
10082,Car,Diesel,11
10083,Truck,Diesel,7
10084,Truck,Diesel,0
10085,Truck,Hybrid,5
10086,Truck,Diesel,3
10087,Bus,Hybrid,5
10088,Truck,Diesel,2
10089,Truck,Hybrid,8
10090,Truck,Electric,2
10091,Car,Hybrid,2
10092,Car,Diesel,4
10093,Car,Hybrid,6
10094,Bus,Diesel,13
10095,Bus,Electric,13
10096,Truck,Hybrid,5
10097,Car,Electric,13
10098,Bus,Hybrid,6
10099,Car,Hybrid,8
10100,Bus,Electric,2
10101,Bus,Electric,4
10102,Truck,Hybrid,4
10103,Truck,Hybrid,2
10104,Bus,Hybrid,10
10105,Truck,Electric,9
10106,Bus,Diesel,8
10107,Bus,Electric,12
10108,Car,Hybrid,8
10109,Truck,Hybrid,5
10110,Truck,Electric,4
10111,Truck,Hybrid,3
10112,Car,Hybrid,3
10113,Car,Hybrid,4
10114,Car,Hybrid,1
10115,Truck,Hybrid,7
10116,Truck,Diesel,11
10117,Truck,Electric,6
10118,Car,Electric,13
10119,Car,Electric,13
10120,Bus,Diesel,6
10121,Car,Diesel,0
10122,Bus,Electric,7
10123,Truck,Electric,10
10124,Car,Electric,0
10125,Truck,Hybrid,13
10126,Truck,Diesel,8
10127,Truck,Diesel,5
10128,Truck,Hybrid,7
10129,Car,Diesel,0
10130,Truck,Electric,5
10131,Bus,Diesel,12
10132,Car,Hybrid,12
10133,Truck,Electric,0
10134,Car,Diesel,2
10135,Bus,Electric,1
10136,Truck,Diesel,13
10137,Bus,Electric,1
10138,Truck,Hybrid,3
10139,Bus,Hybrid,6
10140,Truck,Diesel,11
10141,Car,Diesel,2
10142,Truck,Electric,14
10143,Car,Hybrid,6
10144,Truck,Electric,8
10145,Truck,Hybrid,13
10146,Bus,Electric,12
10147,Bus,Electric,3
10148,Bus,Electric,6
10149,Truck,Diesel,14
10150,Truck,Hybrid,0
10151,Truck,Diesel,1
10152,Car,Diesel,7
10153,Car,Electric,2
10154,Truck,Hybrid,4
10155,Bus,Diesel,7
10156,Bus,Electric,4
10157,Bus,Hybrid,11
10158,Truck,Hybrid,0
10159,Bus,Diesel,12
10160,Truck,Electric,1
10161,Car,Diesel,9
10162,Bus,Hybrid,10
10163,Car,Diesel,2
10164,Bus,Electric,9
10165,Truck,Hybrid,1
10166,Truck,Electric,8
10167,Truck,Electric,4
10168,Truck,Hybrid,0
10169,Bus,Electric,10
10170,Car,Electric,10
10171,Truck,Electric,10
10172,Bus,Hybrid,14
10173,Car,Electric,12
10174,Truck,Diesel,11
10175,Car,Diesel,7
10176,Truck,Electric,2
10177,Car,Diesel,10
10178,Car,Diesel,8
10179,Truck,Hybrid,8
10180,Bus,Electric,11
10181,Car,Hybrid,5
10182,Truck,Electric,3
10183,Car,Diesel,11
10184,Car,Hybrid,11
10185,Bus,Hybrid,8
10186,Car,Diesel,10
10187,Car,Diesel,8
10188,Truck,Electric,14
10189,Truck,Electric,1
10190,Bus,Diesel,9
10191,Car,Diesel,5
10192,Car,Hybrid,10
10193,Car,Hybrid,3
10194,Bus,Electric,2
10195,Car,Hybrid,9
10196,Truck,Diesel,5
10197,Bus,Diesel,10
10198,Truck,Diesel,11
10199,Truck,Diesel,14
10200,Bus,Electric,14
10201,Truck,Diesel,14
10202,Car,Diesel,13
10203,Bus,Diesel,13
10204,Truck,Diesel,7
10205,Car,Electric,8
10206,Car,Electric,11
10207,Truck,Hybrid,8
10208,Car,Electric,14
10209,Bus,Electric,1
10210,Truck,Electric,14
10211,Car,Hybrid,12
10212,Car,Diesel,7
10213,Truck,Hybrid,10
10214,Truck,Diesel,7
10215,Truck,Electric,4
10216,Truck,Diesel,3
10217,Bus,Hybrid,8
10218,Truck,Diesel,3
10219,Bus,Diesel,11
10220,Bus,Electric,9
10221,Truck,Diesel,3
10222,Bus,Diesel,2
10223,Truck,Electric,9
10224,Truck,Hybrid,12
10225,Car,Electric,11
10226,Truck,Diesel,12
10227,Car,Electric,2
10228,Bus,Electric,2
10229,Car,Diesel,10
10230,Bus,Hybrid,6
10231,Truck,Electric,12
10232,Bus,Hybrid,4
10233,Bus,Electric,8
10234,Truck,Diesel,1
10235,Bus,Diesel,13
10236,Truck,Electric,3
10237,Car,Electric,1
10238,Truck,Electric,10
10239,Truck,Diesel,7
10240,Bus,Electric,3
10241,Car,Diesel,0
10242,Truck,Electric,9
10243,Car,Diesel,2
10244,Car,Electric,11
10245,Bus,Hybrid,6
10246,Truck,Hybrid,11
10247,Bus,Diesel,2
10248,Truck,Electric,4
10249,Car,Hybrid,14
10250,Truck,Electric,1
10251,Truck,Electric,14
10252,Car,Electric,7
10253,Car,Hybrid,3
10254,Truck,Diesel,12
10255,Bus,Hybrid,0
10256,Truck,Diesel,11
10257,Car,Hybrid,3
10258,Bus,Electric,14
10259,Car,Electric,7
10260,Car,Electric,8
10261,Bus,Hybrid,0
10262,Car,Hybrid,13
10263,Car,Diesel,5
10264,Car,Hybrid,3
10265,Car,Diesel,10
10266,Car,Hybrid,7
10267,Car,Electric,0
10268,Car,Hybrid,4
10269,Car,Electric,0
10270,Car,Hybrid,3
10271,Truck,Diesel,11
10272,Truck,Hybrid,1
10273,Car,Electric,12
10274,Truck,Hybrid,9
10275,Bus,Diesel,8
10276,Truck,Diesel,1
10277,Car,Diesel,3
10278,Car,Diesel,14
10279,Truck,Hybrid,2
10280,Car,Diesel,0
10281,Bus,Hybrid,11
10282,Bus,Hybrid,0
10283,Car,Hybrid,1
10284,Bus,Diesel,7
10285,Bus,Diesel,1
10286,Truck,Hybrid,13
10287,Bus,Hybrid,0
10288,Truck,Hybrid,5
10289,Car,Electric,0
10290,Truck,Electric,9
10291,Car,Diesel,8
10292,Car,Electric,5
10293,Car,Hybrid,9
10294,Car,Hybrid,5
10295,Car,Diesel,0
10296,Truck,Diesel,6
10297,Car,Electric,2
10298,Bus,Hybrid,0
10299,Bus,Diesel,8
10300,Car,Diesel,14
10301,Bus,Electric,7
10302,Truck,Diesel,3
10303,Truck,Electric,2
10304,Car,Hybrid,1
10305,Car,Electric,1
10306,Car,Diesel,12
10307,Bus,Electric,10
10308,Bus,Electric,2
10309,Truck,Hybrid,0
10310,Bus,Electric,11
10311,Truck,Diesel,14
10312,Bus,Diesel,9
10313,Truck,Hybrid,6
10314,Car,Hybrid,14
10315,Bus,Hybrid,1
10316,Truck,Diesel,14
10317,Bus,Electric,11
10318,Car,Diesel,5
10319,Truck,Diesel,11
10320,Bus,Hybrid,13
10321,Bus,Hybrid,5
10322,Car,Electric,10
10323,Car,Electric,13
10324,Truck,Electric,3
10325,Bus,Electric,3
10326,Bus,Diesel,0
10327,Car,Electric,10
10328,Car,Diesel,5
10329,Truck,Diesel,7
10330,Bus,Electric,12
10331,Bus,Electric,12
10332,Truck,Diesel,9
10333,Truck,Hybrid,3
10334,Car,Electric,0
10335,Car,Hybrid,3
10336,Truck,Diesel,1
10337,Truck,Hybrid,3
10338,Bus,Diesel,7
10339,Truck,Hybrid,12
10340,Truck,Hybrid,2
10341,Bus,Hybrid,11
10342,Truck,Diesel,13
10343,Car,Diesel,12
10344,Car,Diesel,4
10345,Bus,Electric,9
10346,Truck,Diesel,10
10347,Car,Electric,1
10348,Car,Diesel,8
10349,Car,Electric,13
10350,Car,Hybrid,2
10351,Truck,Hybrid,0
10352,Truck,Diesel,6
10353,Truck,Electric,10
10354,Truck,Hybrid,4
10355,Car,Hybrid,14
10356,Bus,Electric,8
10357,Bus,Diesel,2
10358,Car,Hybrid,10
10359,Car,Diesel,0
10360,Bus,Diesel,14
10361,Bus,Electric,6
10362,Car,Electric,7
10363,Car,Hybrid,10
10364,Truck,Electric,1
10365,Truck,Hybrid,14
10366,Bus,Hybrid,1
10367,Car,Hybrid,8
10368,Bus,Diesel,12
10369,Truck,Diesel,3
10370,Truck,Electric,0
10371,Bus,Electric,13
10372,Truck,Hybrid,8
10373,Car,Hybrid,8
10374,Bus,Diesel,14
10375,Car,Diesel,5
10376,Car,Hybrid,5
10377,Truck,Hybrid,13
10378,Car,Electric,8
10379,Bus,Hybrid,1
10380,Car,Hybrid,8
10381,Car,Hybrid,12
10382,Car,Diesel,3
10383,Car,Diesel,3
10384,Car,Electric,12
10385,Truck,Electric,8
10386,Bus,Electric,6
10387,Truck,Hybrid,11
10388,Bus,Hybrid,9
10389,Bus,Diesel,11
10390,Bus,Hybrid,13
10391,Bus,Hybrid,4
10392,Bus,Diesel,7
10393,Car,Electric,11
10394,Truck,Hybrid,12
10395,Truck,Diesel,0
10396,Car,Diesel,6
10397,Bus,Electric,3
10398,Truck,Diesel,12
10399,Car,Electric,1
10400,Car,Electric,1
10401,Truck,Electric,10
10402,Truck,Electric,11
10403,Bus,Electric,8
10404,Bus,Diesel,5
10405,Truck,Hybrid,10
10406,Bus,Electric,3
10407,Car,Electric,1
10408,Bus,Hybrid,6
10409,Bus,Hybrid,8
10410,Car,Electric,1
10411,Bus,Hybrid,3
10412,Car,Electric,13
10413,Bus,Diesel,0
10414,Truck,Hybrid,0
10415,Bus,Hybrid,2
10416,Truck,Diesel,0
10417,Truck,Hybrid,3
10418,Truck,Diesel,13
10419,Truck,Electric,5
10420,Truck,Hybrid,12
10421,Car,Hybrid,4
10422,Car,Diesel,8
10423,Car,Electric,12
10424,Truck,Electric,13
10425,Bus,Diesel,11
10426,Car,Hybrid,10
10427,Bus,Hybrid,1
10428,Bus,Diesel,1
10429,Truck,Diesel,11
10430,Truck,Diesel,2
10431,Truck,Hybrid,3
10432,Car,Diesel,8
10433,Truck,Electric,10
10434,Car,Diesel,5
10435,Car,Electric,12
10436,Car,Electric,8
10437,Car,Diesel,4
10438,Truck,Electric,8
10439,Car,Hybrid,8
10440,Truck,Diesel,0
10441,Truck,Hybrid,14
10442,Car,Hybrid,8
10443,Truck,Electric,6
10444,Bus,Hybrid,10
10445,Truck,Hybrid,7
10446,Truck,Diesel,2
10447,Car,Diesel,0
10448,Car,Hybrid,3
10449,Truck,Electric,0
10450,Car,Electric,0
10451,Bus,Diesel,3
10452,Bus,Diesel,7
10453,Car,Diesel,11
10454,Truck,Electric,0
10455,Bus,Diesel,9
10456,Bus,Hybrid,9
10457,Truck,Electric,11
10458,Car,Hybrid,8
10459,Bus,Diesel,5
10460,Truck,Electric,12
10461,Truck,Diesel,4
10462,Bus,Electric,8
10463,Car,Diesel,8
10464,Bus,Electric,8
10465,Truck,Electric,12
10466,Bus,Electric,12
10467,Car,Hybrid,11
10468,Truck,Diesel,2
10469,Car,Diesel,11
10470,Bus,Electric,11
10471,Bus,Hybrid,14
10472,Car,Electric,7
10473,Bus,Diesel,9
10474,Car,Diesel,13
10475,Bus,Electric,3
10476,Car,Electric,3
10477,Car,Electric,11
10478,Truck,Diesel,6
10479,Truck,Electric,14
10480,Car,Electric,7
10481,Bus,Diesel,3
10482,Bus,Electric,10
10483,Bus,Hybrid,9
10484,Car,Diesel,12
10485,Car,Electric,5
10486,Car,Electric,0
10487,Car,Diesel,12
10488,Truck,Diesel,1
10489,Car,Hybrid,11
10490,Bus,Electric,4
10491,Truck,Electric,3
10492,Bus,Electric,13
10493,Car,Diesel,2
10494,Truck,Diesel,10
10495,Car,Diesel,13
10496,Truck,Electric,5
10497,Bus,Electric,9
10498,Car,Diesel,5
10499,Car,Hybrid,12
10500,Truck,Electric,10
10501,Truck,Hybrid,13
10502,Car,Diesel,9
10503,Truck,Electric,7
10504,Car,Hybrid,14
10505,Truck,Electric,1
10506,Bus,Hybrid,6
10507,Truck,Electric,6
10508,Bus,Hybrid,1
10509,Truck,Hybrid,12
10510,Truck,Diesel,5
10511,Car,Diesel,4
10512,Truck,Hybrid,1
10513,Truck,Electric,8
10514,Bus,Hybrid,7
10515,Truck,Electric,6
10516,Car,Electric,14
10517,Bus,Electric,13
10518,Car,Electric,5
10519,Car,Diesel,4
10520,Car,Hybrid,12
10521,Car,Electric,8
10522,Bus,Diesel,4
10523,Truck,Electric,12
10524,Car,Electric,5
10525,Bus,Diesel,2
10526,Car,Diesel,8
10527,Truck,Electric,14
10528,Bus,Hybrid,10
10529,Bus,Diesel,13
10530,Truck,Hybrid,7
10531,Bus,Electric,8
10532,Truck,Electric,0
10533,Bus,Electric,0
10534,Bus,Electric,12
10535,Truck,Electric,1
10536,Truck,Electric,3
10537,Bus,Hybrid,9
10538,Bus,Diesel,4
10539,Truck,Electric,12
10540,Truck,Diesel,14
10541,Bus,Hybrid,6
10542,Bus,Electric,3
10543,Bus,Electric,12
10544,Truck,Diesel,0
10545,Bus,Diesel,7
10546,Car,Diesel,10
10547,Truck,Electric,2
10548,Bus,Diesel,8
10549,Truck,Diesel,14
10550,Car,Hybrid,1
10551,Truck,Electric,10
10552,Bus,Electric,0
10553,Car,Electric,9
10554,Car,Diesel,7
10555,Bus,Hybrid,13
10556,Bus,Diesel,2
10557,Bus,Electric,0
10558,Truck,Diesel,10
10559,Truck,Electric,2
10560,Truck,Diesel,7
10561,Bus,Diesel,10
10562,Bus,Electric,3
10563,Truck,Diesel,9
10564,Car,Electric,10
10565,Truck,Diesel,6
10566,Car,Diesel,7
10567,Bus,Diesel,14
10568,Bus,Electric,6
10569,Truck,Diesel,0
10570,Truck,Diesel,3
10571,Bus,Hybrid,12
10572,Truck,Hybrid,12
10573,Bus,Electric,9
10574,Bus,Electric,8
10575,Car,Electric,6
10576,Truck,Electric,11
10577,Bus,Diesel,14
10578,Truck,Diesel,0
10579,Car,Electric,7
10580,Car,Electric,3
10581,Truck,Hybrid,13
10582,Truck,Electric,13
10583,Bus,Hybrid,13
10584,Car,Electric,11
10585,Car,Electric,6
10586,Car,Diesel,12
10587,Truck,Electric,5
10588,Bus,Hybrid,6
10589,Truck,Diesel,9
10590,Truck,Hybrid,9
10591,Truck,Electric,0
10592,Bus,Diesel,11
10593,Truck,Hybrid,14
10594,Car,Electric,5
10595,Car,Hybrid,11
10596,Car,Electric,2
10597,Bus,Hybrid,9
10598,Truck,Electric,3
10599,Bus,Hybrid,0
10600,Truck,Diesel,13
10601,Car,Electric,12
10602,Truck,Electric,13
10603,Truck,Hybrid,12
10604,Truck,Electric,9
10605,Bus,Diesel,7
10606,Truck,Hybrid,13
10607,Truck,Hybrid,1
10608,Truck,Hybrid,2
10609,Bus,Diesel,6
10610,Bus,Diesel,1
10611,Bus,Electric,11
10612,Truck,Hybrid,3
10613,Car,Diesel,11
10614,Car,Electric,6
10615,Car,Diesel,11
10616,Truck,Diesel,2
10617,Car,Diesel,1
10618,Car,Electric,7
10619,Car,Diesel,1
10620,Truck,Diesel,9
10621,Car,Diesel,6
10622,Car,Hybrid,10
10623,Truck,Diesel,2
10624,Bus,Hybrid,3
10625,Car,Diesel,5
10626,Bus,Hybrid,10
10627,Car,Diesel,2
10628,Truck,Hybrid,0
10629,Bus,Hybrid,11
10630,Bus,Hybrid,7
10631,Bus,Diesel,3
10632,Bus,Electric,0
10633,Car,Hybrid,1
10634,Car,Hybrid,5
10635,Bus,Hybrid,14
10636,Car,Hybrid,0
10637,Bus,Hybrid,8
10638,Bus,Electric,13
10639,Truck,Diesel,6
10640,Bus,Electric,7
10641,Car,Diesel,7
10642,Bus,Electric,5
10643,Truck,Diesel,7
10644,Car,Hybrid,6
10645,Truck,Diesel,0
10646,Truck,Diesel,2
10647,Bus,Hybrid,8
10648,Truck,Hybrid,7
10649,Truck,Diesel,4
10650,Car,Diesel,0
10651,Truck,Hybrid,1
10652,Bus,Electric,9
10653,Bus,Hybrid,13
10654,Bus,Diesel,14
10655,Truck,Diesel,9
10656,Car,Diesel,8
10657,Bus,Hybrid,11
10658,Truck,Hybrid,9
10659,Bus,Electric,7
10660,Bus,Diesel,8
10661,Car,Diesel,1
10662,Bus,Hybrid,2
10663,Car,Diesel,2
10664,Truck,Electric,0
10665,Bus,Hybrid,1
10666,Truck,Diesel,9
10667,Truck,Hybrid,4
10668,Truck,Hybrid,6
10669,Bus,Electric,5
10670,Car,Hybrid,13
10671,Bus,Diesel,1
10672,Truck,Electric,7
10673,Car,Hybrid,3
10674,Truck,Diesel,10
10675,Car,Hybrid,1
10676,Bus,Hybrid,14
10677,Car,Electric,3
10678,Bus,Electric,7
10679,Truck,Electric,13
10680,Car,Electric,14
10681,Truck,Diesel,0
10682,Car,Hybrid,10
10683,Bus,Electric,8
10684,Car,Diesel,13
10685,Car,Electric,7
10686,Bus,Hybrid,13
10687,Bus,Electric,7
10688,Bus,Hybrid,9
10689,Car,Hybrid,8
10690,Truck,Diesel,13
10691,Car,Electric,6
10692,Car,Electric,10
10693,Truck,Hybrid,8
10694,Bus,Electric,14
10695,Car,Hybrid,0
10696,Truck,Diesel,0
10697,Bus,Electric,11
10698,Bus,Hybrid,3
10699,Car,Electric,1
10700,Bus,Electric,7
10701,Bus,Diesel,0
10702,Truck,Hybrid,3
10703,Truck,Diesel,10
10704,Bus,Diesel,10
10705,Truck,Diesel,13
10706,Bus,Hybrid,8
10707,Car,Hybrid,1
10708,Truck,Electric,5
10709,Bus,Hybrid,3
10710,Bus,Diesel,13
10711,Truck,Hybrid,11
10712,Truck,Electric,3
10713,Car,Diesel,5
10714,Bus,Electric,9
10715,Car,Hybrid,12
10716,Car,Electric,3
10717,Car,Electric,14
10718,Truck,Hybrid,8
10719,Car,Electric,11
10720,Truck,Hybrid,11
10721,Truck,Diesel,7
10722,Car,Electric,7
10723,Car,Diesel,4
10724,Bus,Hybrid,5
10725,Car,Hybrid,14
10726,Bus,Electric,0
10727,Car,Electric,0
10728,Car,Hybrid,14
10729,Car,Hybrid,8
10730,Car,Diesel,11
10731,Bus,Diesel,3
10732,Bus,Electric,2
10733,Car,Electric,4
10734,Car,Electric,13
10735,Bus,Electric,14
10736,Truck,Electric,8
10737,Truck,Electric,8
10738,Truck,Electric,2
10739,Bus,Electric,11
10740,Bus,Diesel,6
10741,Truck,Hybrid,14
10742,Truck,Hybrid,2
10743,Car,Electric,14
10744,Bus,Hybrid,2
10745,Bus,Electric,3
10746,Truck,Diesel,1
10747,Truck,Electric,5
10748,Bus,Diesel,14
10749,Car,Diesel,4
10750,Truck,Diesel,9
10751,Bus,Electric,9
10752,Bus,Diesel,12
10753,Car,Electric,1
10754,Car,Diesel,11
10755,Truck,Diesel,9
10756,Truck,Hybrid,14
10757,Truck,Electric,1
10758,Bus,Hybrid,13
10759,Truck,Diesel,1
10760,Bus,Hybrid,3
10761,Truck,Diesel,2
10762,Car,Hybrid,8
10763,Car,Hybrid,12
10764,Bus,Electric,4
10765,Car,Electric,11
10766,Bus,Hybrid,0
10767,Bus,Hybrid,1
10768,Car,Electric,14
10769,Bus,Diesel,6
10770,Car,Diesel,7
10771,Truck,Diesel,5
10772,Truck,Diesel,12
10773,Car,Hybrid,6
10774,Car,Diesel,1
10775,Car,Hybrid,13
10776,Car,Hybrid,11
10777,Truck,Diesel,5
10778,Bus,Diesel,11
10779,Bus,Diesel,5
10780,Truck,Electric,3
10781,Bus,Hybrid,10
10782,Truck,Diesel,3
10783,Bus,Electric,1
10784,Car,Hybrid,2
10785,Car,Hybrid,9
10786,Car,Hybrid,5
10787,Truck,Diesel,3
10788,Truck,Diesel,2
10789,Bus,Hybrid,13
10790,Bus,Hybrid,0
10791,Bus,Electric,11
10792,Truck,Electric,14
10793,Bus,Hybrid,10
10794,Car,Electric,13
10795,Bus,Hybrid,10
10796,Car,Electric,10
10797,Truck,Hybrid,12
10798,Car,Diesel,2
10799,Car,Hybrid,0
10800,Car,Diesel,3
10801,Truck,Hybrid,11
10802,Truck,Diesel,3
10803,Truck,Electric,10
10804,Truck,Diesel,11
10805,Bus,Electric,0
10806,Truck,Hybrid,14
10807,Car,Electric,6
10808,Truck,Electric,4
10809,Bus,Electric,0
10810,Bus,Hybrid,4
10811,Bus,Diesel,11
10812,Car,Electric,6
10813,Truck,Hybrid,5
10814,Truck,Electric,9
10815,Truck,Diesel,14
10816,Car,Electric,14
10817,Car,Electric,4
10818,Bus,Electric,7
10819,Bus,Diesel,8
10820,Truck,Diesel,0
10821,Car,Hybrid,5
10822,Car,Electric,14
10823,Truck,Electric,14
10824,Truck,Electric,1
10825,Bus,Electric,12
10826,Bus,Diesel,7
10827,Bus,Diesel,4
10828,Truck,Electric,0
10829,Truck,Electric,4
10830,Bus,Electric,9
10831,Bus,Electric,12
10832,Car,Hybrid,4
10833,Car,Hybrid,1
10834,Bus,Electric,3
10835,Bus,Electric,12
10836,Car,Electric,5
10837,Bus,Hybrid,0
10838,Car,Diesel,10
10839,Car,Hybrid,8
10840,Car,Hybrid,6
10841,Truck,Electric,5
10842,Truck,Electric,0
10843,Bus,Diesel,7
10844,Car,Electric,7
10845,Truck,Electric,3
10846,Bus,Diesel,3
10847,Bus,Electric,0
10848,Bus,Electric,12
10849,Bus,Electric,14
10850,Bus,Hybrid,8
10851,Car,Electric,13
10852,Bus,Hybrid,7
10853,Car,Electric,12
10854,Truck,Electric,9
10855,Bus,Hybrid,6
10856,Truck,Hybrid,1
10857,Car,Electric,6
10858,Car,Diesel,3
10859,Truck,Electric,2
10860,Bus,Hybrid,10
10861,Bus,Electric,13
10862,Truck,Electric,11
10863,Truck,Hybrid,9
10864,Truck,Diesel,3
10865,Bus,Diesel,9
10866,Bus,Hybrid,12
10867,Bus,Hybrid,5
10868,Truck,Electric,6
10869,Bus,Hybrid,1
10870,Car,Hybrid,6
10871,Truck,Electric,9
10872,Bus,Electric,1
10873,Truck,Electric,10
10874,Car,Diesel,1
10875,Car,Diesel,0
10876,Truck,Hybrid,12
10877,Truck,Electric,14
10878,Car,Hybrid,10
10879,Truck,Hybrid,6
10880,Car,Diesel,0
10881,Car,Diesel,2
10882,Bus,Hybrid,10
10883,Truck,Electric,7
10884,Truck,Diesel,0
10885,Bus,Diesel,14
10886,Car,Diesel,11
10887,Truck,Hybrid,13
10888,Bus,Diesel,13
10889,Bus,Electric,5
10890,Truck,Diesel,11
10891,Bus,Hybrid,1
10892,Car,Hybrid,8
10893,Bus,Hybrid,1
10894,Car,Hybrid,5
10895,Car,Electric,3
10896,Truck,Hybrid,8
10897,Bus,Diesel,0
10898,Car,Electric,0
10899,Car,Hybrid,9
10900,Bus,Hybrid,2
10901,Car,Electric,10
10902,Bus,Diesel,5
10903,Truck,Electric,2
10904,Car,Diesel,6
10905,Car,Diesel,8
10906,Bus,Hybrid,11
10907,Bus,Electric,9
10908,Bus,Electric,1
10909,Bus,Hybrid,3
10910,Car,Hybrid,2
10911,Truck,Diesel,5
10912,Truck,Hybrid,4
10913,Truck,Electric,11
10914,Truck,Hybrid,2
10915,Bus,Hybrid,8
10916,Car,Hybrid,11
10917,Car,Hybrid,7
10918,Car,Hybrid,2
10919,Bus,Diesel,9
10920,Car,Hybrid,4
10921,Bus,Hybrid,4
10922,Car,Electric,4
10923,Truck,Hybrid,7
10924,Bus,Electric,2
10925,Car,Electric,2
10926,Truck,Electric,7
10927,Truck,Electric,8
10928,Truck,Diesel,4
10929,Bus,Diesel,14
10930,Bus,Electric,9
10931,Car,Diesel,7
10932,Truck,Diesel,13
10933,Car,Hybrid,4
10934,Car,Diesel,11
10935,Truck,Electric,3
10936,Car,Electric,1
10937,Bus,Electric,10
10938,Car,Electric,13
10939,Truck,Hybrid,14
10940,Bus,Diesel,12
10941,Bus,Electric,13
10942,Car,Hybrid,3
10943,Car,Electric,1
10944,Bus,Diesel,6
10945,Car,Hybrid,6
10946,Truck,Diesel,8
10947,Car,Hybrid,11
10948,Car,Electric,3
10949,Bus,Electric,4
10950,Car,Diesel,10
10951,Car,Diesel,3
10952,Car,Hybrid,3
10953,Truck,Diesel,14
10954,Car,Diesel,4
10955,Truck,Electric,2
10956,Truck,Electric,13
10957,Truck,Electric,8
10958,Truck,Electric,13
10959,Bus,Electric,6
10960,Truck,Electric,0
10961,Car,Electric,0
10962,Truck,Hybrid,0
10963,Car,Electric,2
10964,Truck,Electric,8
10965,Bus,Electric,12
10966,Truck,Electric,12
10967,Truck,Electric,7
10968,Bus,Diesel,12
10969,Truck,Diesel,14
10970,Car,Electric,8
10971,Truck,Electric,4
10972,Truck,Electric,6
10973,Truck,Hybrid,12
10974,Bus,Electric,9
10975,Truck,Hybrid,8
10976,Truck,Hybrid,4
10977,Car,Electric,7
10978,Truck,Diesel,7
10979,Truck,Electric,13
10980,Truck,Electric,2
10981,Truck,Diesel,4
10982,Car,Diesel,7
10983,Car,Electric,9
10984,Bus,Electric,2
10985,Truck,Hybrid,2
10986,Bus,Diesel,5
10987,Bus,Hybrid,6
10988,Truck,Hybrid,6
10989,Car,Hybrid,5
10990,Car,Hybrid,6
10991,Truck,Diesel,13
10992,Truck,Diesel,6
10993,Car,Diesel,3
10994,Truck,Electric,7
10995,Truck,Hybrid,7
10996,Truck,Electric,1
10997,Car,Diesel,14
10998,Bus,Diesel,9
10999,Bus,Electric,4
11000,Truck,Hybrid,14
11001,Car,Diesel,1
11002,Truck,Hybrid,2
11003,Car,Hybrid,2
11004,Truck,Diesel,4
11005,Car,Electric,7
11006,Car,Hybrid,2
11007,Bus,Electric,6
11008,Truck,Hybrid,4
11009,Bus,Hybrid,13
11010,Bus,Diesel,11
11011,Car,Electric,9
11012,Truck,Hybrid,9
11013,Car,Electric,9
11014,Car,Hybrid,3
11015,Car,Electric,1
11016,Truck,Electric,5
11017,Truck,Diesel,3
11018,Car,Hybrid,3
11019,Truck,Hybrid,4
11020,Car,Hybrid,13
11021,Truck,Hybrid,8
11022,Truck,Diesel,14
11023,Bus,Diesel,0
11024,Car,Hybrid,4
11025,Bus,Electric,4
11026,Bus,Diesel,12
11027,Car,Electric,1
11028,Car,Electric,14
11029,Truck,Electric,14
11030,Car,Hybrid,2
11031,Bus,Diesel,12
11032,Bus,Hybrid,3
11033,Car,Electric,0
11034,Bus,Hybrid,9
11035,Truck,Electric,13
11036,Bus,Hybrid,2
11037,Truck,Hybrid,0
11038,Bus,Diesel,0
11039,Truck,Diesel,8
11040,Truck,Electric,3
11041,Car,Electric,3
11042,Truck,Electric,3
11043,Car,Hybrid,10
11044,Bus,Electric,14
11045,Bus,Diesel,8
11046,Bus,Electric,12
11047,Truck,Electric,10
11048,Bus,Hybrid,11
11049,Bus,Diesel,7
11050,Car,Electric,3
11051,Car,Diesel,11
11052,Bus,Electric,14
11053,Bus,Diesel,5
11054,Truck,Electric,1
11055,Truck,Electric,5
11056,Bus,Hybrid,0
11057,Car,Hybrid,4
11058,Bus,Diesel,7
11059,Truck,Diesel,0
11060,Car,Diesel,10
11061,Car,Diesel,1
11062,Truck,Hybrid,2
11063,Bus,Diesel,6
11064,Bus,Electric,14
11065,Bus,Electric,11
11066,Truck,Electric,7
11067,Car,Hybrid,3
11068,Truck,Diesel,12
11069,Bus,Electric,7
11070,Truck,Electric,0
11071,Car,Hybrid,2
11072,Truck,Hybrid,13
11073,Bus,Hybrid,3
11074,Car,Electric,4
11075,Truck,Hybrid,12
11076,Truck,Electric,10
11077,Car,Diesel,8
11078,Car,Electric,1
11079,Bus,Diesel,14
11080,Car,Electric,12
11081,Bus,Diesel,6
11082,Truck,Electric,2
11083,Bus,Electric,11
11084,Truck,Electric,9
11085,Car,Electric,1
11086,Truck,Hybrid,8
11087,Car,Electric,2
11088,Truck,Electric,7
11089,Truck,Hybrid,0
11090,Truck,Hybrid,4
11091,Truck,Hybrid,4
11092,Bus,Hybrid,5
11093,Truck,Hybrid,6
11094,Bus,Hybrid,2
11095,Car,Hybrid,11
11096,Car,Hybrid,13
11097,Bus,Hybrid,13
11098,Car,Hybrid,12
11099,Car,Hybrid,4
11100,Truck,Diesel,11
11101,Truck,Electric,7
11102,Truck,Electric,5
11103,Bus,Hybrid,1
11104,Bus,Hybrid,6
11105,Car,Diesel,2
11106,Truck,Hybrid,14
11107,Bus,Diesel,9
11108,Bus,Electric,8
11109,Truck,Electric,3
11110,Bus,Hybrid,10
11111,Truck,Diesel,3
11112,Car,Diesel,3
11113,Car,Electric,9
11114,Car,Electric,9
11115,Truck,Diesel,7
11116,Bus,Diesel,0
11117,Car,Electric,2
11118,Car,Diesel,7
11119,Car,Electric,11
11120,Bus,Diesel,6
11121,Bus,Hybrid,5
11122,Truck,Electric,6
11123,Car,Diesel,0
11124,Bus,Electric,7
11125,Truck,Diesel,3
11126,Car,Hybrid,14
11127,Bus,Hybrid,0
11128,Bus,Hybrid,3
11129,Truck,Electric,1
11130,Car,Hybrid,4
11131,Car,Electric,0
11132,Bus,Hybrid,0
11133,Car,Electric,4
11134,Truck,Hybrid,1
11135,Bus,Diesel,8
11136,Bus,Diesel,9
11137,Truck,Electric,14
11138,Bus,Hybrid,6
11139,Car,Hybrid,14
11140,Car,Diesel,14
11141,Bus,Hybrid,13
11142,Truck,Hybrid,3
11143,Truck,Electric,13
11144,Car,Diesel,6
11145,Truck,Hybrid,7
11146,Bus,Hybrid,7
11147,Bus,Electric,7
11148,Car,Electric,11
11149,Car,Electric,4
11150,Car,Electric,6
11151,Truck,Hybrid,10
11152,Bus,Hybrid,6
11153,Bus,Hybrid,1
11154,Bus,Electric,14
11155,Car,Hybrid,2
11156,Bus,Diesel,10
11157,Truck,Diesel,1
11158,Truck,Hybrid,14
11159,Bus,Electric,2
11160,Car,Diesel,8
11161,Bus,Hybrid,6
11162,Truck,Diesel,3
11163,Truck,Diesel,13
11164,Truck,Diesel,7
11165,Bus,Diesel,12
11166,Truck,Hybrid,6
11167,Car,Diesel,9
11168,Bus,Hybrid,12
11169,Bus,Diesel,5
11170,Truck,Diesel,3
11171,Truck,Diesel,4
11172,Car,Hybrid,9
11173,Bus,Diesel,7
11174,Truck,Diesel,12
11175,Car,Electric,2
11176,Truck,Diesel,10
11177,Bus,Electric,11
11178,Truck,Hybrid,14
11179,Bus,Diesel,2
11180,Truck,Diesel,4
11181,Bus,Electric,8
11182,Car,Electric,4
11183,Bus,Diesel,0
11184,Car,Hybrid,4
11185,Bus,Electric,8
11186,Car,Diesel,6
11187,Truck,Electric,8
11188,Bus,Hybrid,9
11189,Truck,Electric,9
11190,Car,Diesel,13
11191,Bus,Electric,4
11192,Bus,Hybrid,2
11193,Truck,Diesel,1
11194,Bus,Diesel,8
11195,Bus,Diesel,4
11196,Truck,Diesel,10
11197,Bus,Hybrid,12
11198,Truck,Diesel,0
11199,Truck,Hybrid,1
11200,Truck,Hybrid,1
11201,Truck,Electric,11
11202,Truck,Electric,3
11203,Car,Diesel,13
11204,Car,Diesel,5
11205,Truck,Hybrid,7
11206,Car,Electric,13
11207,Car,Diesel,12
11208,Bus,Diesel,12
11209,Truck,Hybrid,2
11210,Car,Electric,13
11211,Bus,Diesel,9
11212,Bus,Diesel,13
11213,Truck,Diesel,9
11214,Truck,Diesel,5
11215,Bus,Diesel,3
11216,Truck,Diesel,7
11217,Truck,Electric,8
11218,Bus,Hybrid,8
11219,Bus,Hybrid,13
11220,Truck,Hybrid,11
11221,Car,Diesel,12
11222,Truck,Hybrid,5
11223,Car,Electric,14
11224,Bus,Diesel,13
11225,Car,Electric,14
11226,Bus,Diesel,14
11227,Truck,Diesel,1
11228,Truck,Hybrid,1
11229,Bus,Electric,13
11230,Bus,Hybrid,9
11231,Bus,Diesel,8
11232,Truck,Electric,4
11233,Truck,Electric,6
11234,Car,Diesel,5
11235,Bus,Hybrid,8
11236,Car,Diesel,4
11237,Truck,Electric,7
11238,Car,Electric,3
11239,Car,Electric,12
11240,Truck,Diesel,6
11241,Truck,Electric,8
11242,Bus,Electric,1
11243,Car,Hybrid,8
11244,Truck,Hybrid,11
11245,Truck,Electric,7
11246,Car,Hybrid,9
11247,Truck,Diesel,0
11248,Bus,Hybrid,9
11249,Bus,Hybrid,6
11250,Car,Hybrid,11
11251,Bus,Hybrid,4
11252,Truck,Diesel,4
11253,Truck,Hybrid,6
11254,Truck,Electric,14
11255,Truck,Hybrid,10
11256,Car,Hybrid,9
11257,Bus,Electric,13
11258,Bus,Diesel,3
11259,Truck,Electric,0
11260,Car,Electric,5
11261,Truck,Electric,0
11262,Truck,Electric,10
11263,Car,Hybrid,0
11264,Car,Hybrid,14
11265,Truck,Hybrid,11
11266,Bus,Hybrid,7
11267,Truck,Diesel,3
11268,Bus,Hybrid,14
11269,Bus,Hybrid,4
11270,Car,Diesel,9
11271,Car,Electric,9
11272,Truck,Hybrid,0
11273,Bus,Hybrid,9
11274,Bus,Electric,6
11275,Truck,Hybrid,10
11276,Truck,Electric,1
11277,Truck,Electric,5
11278,Car,Electric,14
11279,Truck,Hybrid,8
11280,Truck,Electric,1
11281,Bus,Hybrid,5
11282,Truck,Diesel,11
11283,Bus,Electric,11
11284,Bus,Hybrid,4
11285,Car,Electric,14
11286,Truck,Hybrid,12
11287,Truck,Hybrid,12
11288,Bus,Diesel,12
11289,Car,Electric,1
11290,Car,Hybrid,14
11291,Truck,Diesel,14
11292,Bus,Hybrid,13
11293,Truck,Hybrid,8
11294,Truck,Diesel,1
11295,Truck,Electric,0
11296,Truck,Diesel,8
11297,Bus,Electric,8
11298,Car,Hybrid,8
11299,Truck,Hybrid,7
11300,Truck,Diesel,3
11301,Truck,Diesel,13
11302,Truck,Diesel,8
11303,Car,Hybrid,1
11304,Car,Electric,0
11305,Car,Diesel,11
11306,Car,Electric,9
11307,Truck,Diesel,6
11308,Bus,Diesel,5
11309,Car,Diesel,2
11310,Car,Diesel,1
11311,Truck,Hybrid,7
11312,Truck,Hybrid,14
11313,Truck,Diesel,3
11314,Truck,Hybrid,5
11315,Bus,Hybrid,3
11316,Bus,Hybrid,12
11317,Car,Hybrid,10
11318,Bus,Electric,8
11319,Car,Electric,14
11320,Car,Hybrid,11
11321,Bus,Electric,12
11322,Car,Diesel,4
11323,Truck,Electric,5
11324,Car,Diesel,8
11325,Truck,Electric,14
11326,Bus,Electric,14
11327,Bus,Diesel,14
11328,Car,Diesel,5
11329,Truck,Hybrid,1
11330,Car,Electric,10
11331,Bus,Diesel,0
11332,Car,Hybrid,13
11333,Car,Diesel,8
11334,Truck,Hybrid,1
11335,Bus,Hybrid,1
11336,Car,Diesel,3
11337,Truck,Diesel,9
11338,Car,Electric,9
11339,Truck,Electric,2
11340,Truck,Hybrid,13
11341,Car,Diesel,13
11342,Bus,Electric,6
11343,Bus,Hybrid,6
11344,Truck,Electric,2
11345,Bus,Hybrid,2
11346,Truck,Electric,8
11347,Bus,Diesel,6
11348,Car,Hybrid,2
11349,Bus,Hybrid,2
11350,Truck,Electric,12
11351,Truck,Electric,2
11352,Bus,Electric,8
11353,Car,Diesel,13
11354,Truck,Electric,7
11355,Truck,Electric,12
11356,Truck,Diesel,6
11357,Truck,Electric,7
11358,Truck,Diesel,0
11359,Car,Diesel,8
11360,Bus,Electric,4
11361,Car,Diesel,12
11362,Car,Electric,4
11363,Truck,Diesel,4
11364,Car,Hybrid,8
11365,Truck,Electric,4
11366,Car,Hybrid,1
11367,Truck,Hybrid,5
11368,Truck,Hybrid,6
11369,Car,Hybrid,10
11370,Car,Electric,14
11371,Bus,Diesel,6
11372,Bus,Electric,6
11373,Bus,Electric,10
11374,Car,Diesel,13
11375,Car,Hybrid,1
11376,Truck,Diesel,5
11377,Bus,Hybrid,8
11378,Truck,Electric,0
11379,Truck,Diesel,2
11380,Truck,Diesel,11
11381,Truck,Hybrid,5
11382,Bus,Diesel,6
11383,Truck,Electric,1
11384,Car,Diesel,9
11385,Car,Diesel,7
11386,Car,Electric,10
11387,Bus,Hybrid,14
11388,Truck,Diesel,12
11389,Bus,Hybrid,5
11390,Truck,Diesel,11
11391,Bus,Electric,8
11392,Bus,Hybrid,8
11393,Truck,Diesel,8
11394,Bus,Hybrid,8
11395,Truck,Diesel,1
11396,Car,Electric,9
11397,Car,Electric,12
11398,Car,Diesel,9
11399,Bus,Diesel,12
11400,Car,Hybrid,6
11401,Truck,Diesel,4
11402,Car,Hybrid,14
11403,Car,Diesel,8
11404,Bus,Electric,0
11405,Truck,Hybrid,9
11406,Bus,Hybrid,6
11407,Bus,Electric,9
11408,Truck,Hybrid,4
11409,Bus,Electric,10
11410,Truck,Electric,8
11411,Car,Electric,6
11412,Truck,Diesel,3
11413,Truck,Electric,10
11414,Truck,Hybrid,7
11415,Bus,Diesel,8
11416,Truck,Electric,8
11417,Truck,Electric,9
11418,Truck,Electric,3
11419,Car,Hybrid,5
11420,Truck,Diesel,3
11421,Bus,Diesel,0
11422,Truck,Diesel,5
11423,Truck,Hybrid,7
11424,Car,Electric,5
11425,Truck,Diesel,12
11426,Bus,Electric,11
11427,Truck,Hybrid,2
11428,Bus,Diesel,12
11429,Car,Hybrid,7
11430,Truck,Diesel,9
11431,Car,Diesel,8
11432,Truck,Electric,0
11433,Bus,Hybrid,10
11434,Car,Diesel,10
11435,Truck,Diesel,5
11436,Bus,Hybrid,9
11437,Car,Electric,7
11438,Truck,Hybrid,1
11439,Car,Diesel,13
11440,Truck,Hybrid,13
11441,Bus,Electric,3
11442,Bus,Electric,12
11443,Car,Electric,0
11444,Car,Electric,3
11445,Truck,Electric,1
11446,Bus,Electric,2
11447,Truck,Electric,3
11448,Bus,Diesel,2
11449,Car,Hybrid,5
11450,Truck,Electric,12
11451,Truck,Hybrid,6
11452,Bus,Hybrid,10
11453,Bus,Diesel,14
11454,Bus,Hybrid,6
11455,Car,Hybrid,0
11456,Truck,Electric,4
11457,Bus,Electric,2
11458,Car,Hybrid,11
11459,Bus,Electric,0
11460,Truck,Diesel,0
11461,Bus,Hybrid,1
11462,Truck,Hybrid,9
11463,Car,Diesel,7
11464,Car,Diesel,3
11465,Bus,Diesel,13
11466,Truck,Diesel,9
11467,Truck,Hybrid,2
11468,Truck,Electric,13
11469,Bus,Electric,7
11470,Truck,Electric,1
11471,Truck,Electric,8
11472,Truck,Diesel,3
11473,Truck,Electric,10
11474,Bus,Electric,8
11475,Bus,Hybrid,0
11476,Truck,Hybrid,4
11477,Truck,Electric,9
11478,Car,Diesel,6
11479,Car,Electric,13
11480,Truck,Diesel,10
11481,Truck,Hybrid,3
11482,Car,Diesel,11
11483,Car,Electric,11
11484,Truck,Hybrid,4
11485,Bus,Electric,10
11486,Bus,Electric,8
11487,Truck,Diesel,5
11488,Truck,Electric,12
11489,Car,Electric,13
11490,Car,Hybrid,5
11491,Bus,Diesel,1
11492,Truck,Diesel,0
11493,Car,Hybrid,3
11494,Bus,Hybrid,9
11495,Bus,Diesel,2
11496,Bus,Hybrid,10
11497,Car,Diesel,6
11498,Car,Hybrid,6
11499,Truck,Diesel,5
11500,Truck,Diesel,14
11501,Bus,Hybrid,4
11502,Bus,Electric,2
11503,Car,Electric,14
11504,Car,Hybrid,3
11505,Truck,Diesel,12
11506,Truck,Hybrid,4
11507,Truck,Electric,3
11508,Car,Diesel,2
11509,Bus,Diesel,1
11510,Truck,Diesel,4
11511,Truck,Electric,1
11512,Car,Electric,1
11513,Truck,Diesel,14
11514,Bus,Diesel,1
11515,Car,Electric,13
11516,Truck,Electric,1
11517,Truck,Diesel,7
11518,Car,Hybrid,11
11519,Car,Hybrid,6
11520,Truck,Hybrid,8
11521,Bus,Electric,2
11522,Car,Hybrid,0
11523,Bus,Hybrid,5
11524,Truck,Electric,8
11525,Bus,Hybrid,12
11526,Truck,Diesel,0
11527,Truck,Electric,0
11528,Truck,Diesel,3
11529,Truck,Hybrid,9
11530,Bus,Diesel,0
11531,Truck,Electric,8
11532,Truck,Hybrid,5
11533,Bus,Electric,4
11534,Car,Hybrid,10
11535,Bus,Electric,4
11536,Bus,Electric,10
11537,Bus,Diesel,10
11538,Truck,Electric,10
11539,Truck,Electric,11
11540,Truck,Diesel,11
11541,Car,Hybrid,1
11542,Truck,Hybrid,2
11543,Car,Electric,11
11544,Truck,Diesel,6
11545,Bus,Hybrid,3
11546,Truck,Diesel,13
11547,Car,Electric,5
11548,Car,Diesel,7
11549,Truck,Electric,14
11550,Bus,Hybrid,13
11551,Truck,Hybrid,0
11552,Truck,Hybrid,14
11553,Truck,Hybrid,10
11554,Bus,Diesel,12
11555,Car,Diesel,5
11556,Bus,Diesel,0
11557,Car,Electric,11
11558,Car,Hybrid,11
11559,Car,Hybrid,11
11560,Bus,Hybrid,7
11561,Truck,Diesel,3
11562,Truck,Diesel,4
11563,Truck,Hybrid,9
11564,Truck,Electric,1
11565,Truck,Diesel,2
11566,Bus,Hybrid,6
11567,Bus,Hybrid,6
11568,Bus,Hybrid,13
11569,Bus,Electric,11
11570,Bus,Hybrid,10
11571,Bus,Diesel,7
11572,Bus,Electric,12
11573,Truck,Electric,2
11574,Car,Hybrid,1
11575,Bus,Diesel,1
11576,Car,Diesel,14
11577,Bus,Hybrid,5
11578,Bus,Hybrid,1
11579,Truck,Diesel,10
11580,Car,Electric,14
11581,Truck,Electric,3
11582,Truck,Hybrid,8
11583,Car,Hybrid,9
11584,Truck,Diesel,2
11585,Bus,Diesel,0
11586,Bus,Diesel,1
11587,Bus,Diesel,9
11588,Bus,Hybrid,12
11589,Bus,Hybrid,9
11590,Truck,Diesel,6
11591,Truck,Hybrid,8
11592,Bus,Hybrid,8
11593,Bus,Diesel,3
11594,Truck,Electric,14
11595,Car,Electric,7
11596,Truck,Diesel,0
11597,Truck,Electric,10
11598,Truck,Hybrid,10
11599,Truck,Electric,13
11600,Truck,Diesel,5
11601,Car,Diesel,13
11602,Bus,Electric,7
11603,Bus,Electric,1
11604,Car,Hybrid,7
11605,Bus,Electric,3
11606,Bus,Electric,1
11607,Bus,Electric,3
11608,Car,Hybrid,7
11609,Car,Electric,14
11610,Bus,Hybrid,12
11611,Bus,Hybrid,3
11612,Bus,Diesel,12
11613,Truck,Diesel,13
11614,Truck,Hybrid,14
11615,Truck,Hybrid,14
11616,Car,Hybrid,7
11617,Bus,Diesel,6
11618,Car,Hybrid,4
11619,Car,Diesel,7
11620,Car,Diesel,14
11621,Bus,Hybrid,1
11622,Truck,Hybrid,2
11623,Bus,Hybrid,3
11624,Bus,Diesel,9
11625,Car,Electric,4
11626,Car,Hybrid,4
11627,Car,Electric,14
11628,Truck,Electric,0
11629,Truck,Electric,0
11630,Truck,Electric,11
11631,Bus,Electric,10
11632,Car,Diesel,0
11633,Bus,Diesel,13
11634,Truck,Diesel,14
11635,Car,Electric,13
11636,Truck,Diesel,4
11637,Car,Hybrid,14
11638,Car,Electric,1
11639,Bus,Hybrid,2
11640,Bus,Electric,7
11641,Truck,Electric,11
11642,Bus,Electric,9
11643,Bus,Electric,7
11644,Bus,Hybrid,11
11645,Car,Electric,9
11646,Bus,Electric,14
11647,Truck,Diesel,1
11648,Car,Electric,7
11649,Car,Electric,10
11650,Bus,Electric,11
11651,Car,Electric,8
11652,Truck,Electric,9
11653,Truck,Electric,13
11654,Car,Hybrid,9
11655,Bus,Hybrid,5
11656,Bus,Electric,0
11657,Car,Hybrid,10
11658,Truck,Diesel,10
11659,Car,Diesel,2
11660,Bus,Electric,4
11661,Bus,Electric,12
11662,Car,Hybrid,2
11663,Truck,Diesel,2
11664,Car,Electric,8
11665,Truck,Diesel,4
11666,Truck,Hybrid,13
11667,Car,Electric,14
11668,Car,Electric,7
11669,Truck,Electric,6
11670,Truck,Diesel,3
11671,Truck,Hybrid,2
11672,Truck,Diesel,2
11673,Bus,Diesel,10
11674,Car,Electric,1
11675,Truck,Hybrid,4
11676,Car,Hybrid,11
11677,Truck,Electric,1
11678,Car,Hybrid,1
11679,Car,Electric,14
11680,Truck,Electric,11
11681,Truck,Hybrid,11
11682,Car,Hybrid,11
11683,Car,Hybrid,3
11684,Car,Hybrid,5
11685,Bus,Diesel,11
11686,Truck,Electric,5
11687,Bus,Electric,7
11688,Bus,Electric,10
11689,Truck,Electric,5
11690,Truck,Diesel,5
11691,Bus,Hybrid,3
11692,Truck,Hybrid,11
11693,Car,Hybrid,4
11694,Car,Electric,10
11695,Bus,Diesel,6
11696,Bus,Diesel,9
11697,Truck,Hybrid,10
11698,Truck,Electric,8
11699,Bus,Hybrid,3
11700,Bus,Electric,9
11701,Car,Hybrid,0
11702,Car,Hybrid,5
11703,Truck,Diesel,1
11704,Car,Electric,10
11705,Truck,Diesel,6
11706,Truck,Diesel,5
11707,Truck,Hybrid,8
11708,Car,Electric,5
11709,Bus,Electric,13
11710,Bus,Hybrid,5
11711,Car,Hybrid,3
11712,Bus,Hybrid,11
11713,Truck,Electric,8
11714,Bus,Hybrid,2
11715,Car,Hybrid,14
11716,Bus,Diesel,0
11717,Truck,Hybrid,10
11718,Truck,Hybrid,9
11719,Car,Electric,7
11720,Car,Hybrid,7
11721,Car,Electric,14
11722,Truck,Diesel,10
11723,Bus,Diesel,0
11724,Bus,Electric,8
11725,Car,Hybrid,1
11726,Bus,Electric,5
11727,Bus,Hybrid,14
11728,Car,Hybrid,8
11729,Car,Hybrid,12
11730,Truck,Electric,5
11731,Truck,Diesel,6
11732,Truck,Electric,14
11733,Truck,Hybrid,8
11734,Bus,Electric,4
11735,Bus,Diesel,0
11736,Truck,Electric,8
11737,Truck,Diesel,9
11738,Car,Diesel,13
11739,Bus,Hybrid,12
11740,Bus,Diesel,6
11741,Truck,Electric,7
11742,Bus,Electric,1
11743,Car,Hybrid,4
11744,Car,Electric,12
11745,Bus,Hybrid,7
11746,Truck,Electric,6
11747,Bus,Electric,6
11748,Car,Diesel,3
11749,Truck,Diesel,12
11750,Bus,Diesel,1
11751,Truck,Electric,9
11752,Truck,Hybrid,2
11753,Car,Hybrid,13
11754,Truck,Hybrid,13
11755,Bus,Diesel,13
11756,Truck,Electric,8
11757,Truck,Diesel,3
11758,Bus,Electric,0
11759,Car,Electric,9
11760,Car,Electric,3
11761,Bus,Diesel,12
11762,Bus,Electric,14
11763,Car,Diesel,7
11764,Truck,Diesel,13
11765,Bus,Electric,7
11766,Truck,Electric,9
11767,Bus,Electric,14
11768,Car,Diesel,9
11769,Truck,Electric,1
11770,Truck,Electric,9
11771,Bus,Hybrid,3
11772,Truck,Hybrid,6
11773,Bus,Hybrid,7
11774,Car,Electric,0
11775,Truck,Diesel,7
11776,Bus,Hybrid,0
11777,Truck,Diesel,5
11778,Bus,Hybrid,4
11779,Bus,Hybrid,9
11780,Bus,Diesel,14
11781,Car,Hybrid,6
11782,Truck,Diesel,5
11783,Car,Electric,9
11784,Bus,Electric,13
11785,Bus,Diesel,0
11786,Car,Diesel,14
11787,Car,Electric,5
11788,Truck,Diesel,12
11789,Bus,Electric,13
11790,Car,Electric,2
11791,Bus,Diesel,11
11792,Bus,Hybrid,14
11793,Truck,Diesel,14
11794,Truck,Electric,5
11795,Truck,Hybrid,6
11796,Car,Hybrid,5
11797,Bus,Electric,8
11798,Car,Hybrid,11
11799,Car,Hybrid,8
11800,Truck,Diesel,7
11801,Bus,Electric,4
11802,Bus,Hybrid,9
11803,Truck,Electric,2
11804,Bus,Diesel,3
11805,Truck,Diesel,10
11806,Car,Diesel,9
11807,Car,Hybrid,7
11808,Truck,Diesel,8
11809,Car,Electric,12
11810,Car,Diesel,7
11811,Truck,Hybrid,9
11812,Car,Diesel,2
11813,Bus,Hybrid,6
11814,Car,Electric,10
11815,Truck,Diesel,7
11816,Bus,Diesel,2
11817,Bus,Electric,0
11818,Car,Electric,6
11819,Bus,Hybrid,13
11820,Truck,Diesel,2
11821,Bus,Diesel,0
11822,Car,Diesel,6
11823,Car,Diesel,10
11824,Bus,Electric,11
11825,Truck,Diesel,13
11826,Truck,Diesel,14
11827,Car,Diesel,6
11828,Car,Hybrid,3
11829,Truck,Hybrid,13
11830,Bus,Hybrid,1
11831,Bus,Electric,9
11832,Bus,Electric,13
11833,Bus,Electric,4
11834,Truck,Diesel,10
11835,Car,Diesel,10
11836,Car,Electric,8
11837,Bus,Hybrid,5
11838,Truck,Diesel,14
11839,Truck,Hybrid,9
11840,Bus,Diesel,13
11841,Bus,Diesel,11
11842,Bus,Hybrid,8
11843,Car,Electric,11
11844,Bus,Hybrid,0
11845,Car,Electric,1
11846,Truck,Electric,10
11847,Truck,Diesel,5
11848,Car,Diesel,2
11849,Car,Diesel,1
11850,Car,Electric,5
11851,Car,Electric,6
11852,Bus,Hybrid,3
11853,Truck,Diesel,12
11854,Bus,Diesel,12
11855,Car,Electric,9
11856,Bus,Diesel,14
11857,Bus,Electric,8
11858,Truck,Hybrid,10
11859,Bus,Hybrid,11
11860,Truck,Diesel,12
11861,Car,Hybrid,2
11862,Bus,Diesel,1
11863,Car,Diesel,10
11864,Truck,Electric,13
11865,Car,Electric,4
11866,Car,Diesel,14
11867,Truck,Hybrid,11
11868,Car,Hybrid,8
11869,Car,Diesel,0
11870,Car,Diesel,5
11871,Bus,Hybrid,7
11872,Car,Hybrid,6
11873,Truck,Electric,5
11874,Bus,Electric,2
11875,Bus,Hybrid,8
11876,Truck,Electric,4
11877,Car,Electric,14
11878,Bus,Diesel,11
11879,Bus,Electric,0
11880,Bus,Electric,8
11881,Car,Diesel,9
11882,Bus,Hybrid,8
11883,Truck,Electric,0
11884,Car,Electric,12
11885,Truck,Hybrid,6
11886,Truck,Electric,8
11887,Bus,Hybrid,1
11888,Bus,Diesel,9
11889,Bus,Hybrid,5
11890,Truck,Hybrid,9
11891,Car,Hybrid,0
11892,Bus,Diesel,13
11893,Bus,Hybrid,2
11894,Truck,Hybrid,10
11895,Car,Diesel,4
11896,Truck,Electric,6
11897,Bus,Electric,10
11898,Truck,Hybrid,4
11899,Bus,Diesel,7
11900,Car,Diesel,4
11901,Truck,Hybrid,5
11902,Bus,Hybrid,1
11903,Bus,Electric,11
11904,Bus,Electric,4
11905,Bus,Hybrid,6
11906,Truck,Diesel,0
11907,Bus,Hybrid,9
11908,Truck,Diesel,8
11909,Bus,Electric,8
11910,Truck,Hybrid,7
11911,Truck,Diesel,10
11912,Bus,Electric,8
11913,Bus,Hybrid,13
11914,Bus,Hybrid,4
11915,Bus,Electric,6
11916,Car,Hybrid,0
11917,Bus,Electric,6
11918,Bus,Diesel,8
11919,Bus,Hybrid,2
11920,Truck,Electric,8
11921,Bus,Electric,4
11922,Truck,Diesel,12
11923,Truck,Hybrid,8
11924,Truck,Electric,12
11925,Truck,Electric,13
11926,Car,Electric,7
11927,Bus,Hybrid,13
11928,Truck,Hybrid,12
11929,Bus,Diesel,10
11930,Truck,Diesel,6
11931,Car,Diesel,9
11932,Truck,Hybrid,5
11933,Bus,Electric,1
11934,Bus,Hybrid,11
11935,Car,Hybrid,6
11936,Bus,Hybrid,1
11937,Bus,Diesel,5
11938,Truck,Electric,5
11939,Bus,Hybrid,8
11940,Truck,Diesel,12
11941,Car,Hybrid,9
11942,Bus,Electric,10
11943,Truck,Diesel,3
11944,Bus,Hybrid,8
11945,Truck,Diesel,1
11946,Car,Electric,4
11947,Truck,Electric,2
11948,Bus,Diesel,5
11949,Truck,Hybrid,1
11950,Bus,Electric,12
11951,Car,Electric,9
11952,Truck,Hybrid,8
11953,Bus,Diesel,3
11954,Bus,Diesel,6
11955,Bus,Hybrid,4
11956,Truck,Electric,7
11957,Truck,Electric,11
11958,Truck,Hybrid,3
11959,Car,Hybrid,13
11960,Bus,Diesel,6
11961,Bus,Diesel,10
11962,Car,Hybrid,14
11963,Car,Electric,4
11964,Truck,Diesel,2
11965,Truck,Hybrid,7
11966,Truck,Electric,5
11967,Truck,Diesel,14
11968,Truck,Hybrid,3
11969,Truck,Hybrid,14
11970,Car,Electric,8
11971,Car,Electric,8
11972,Car,Hybrid,1
11973,Bus,Electric,9
11974,Bus,Hybrid,12
11975,Truck,Electric,14
11976,Car,Electric,8
11977,Bus,Diesel,3
11978,Bus,Diesel,8
11979,Car,Electric,12
11980,Bus,Hybrid,9
11981,Bus,Electric,7
11982,Car,Diesel,13
11983,Bus,Hybrid,9
11984,Car,Electric,13
11985,Bus,Electric,2
11986,Car,Electric,13
11987,Bus,Electric,9
11988,Bus,Diesel,6
11989,Car,Diesel,11
11990,Bus,Diesel,14
11991,Car,Diesel,12
11992,Car,Hybrid,14
11993,Bus,Hybrid,14
11994,Truck,Hybrid,1
11995,Bus,Electric,1
11996,Truck,Hybrid,13
11997,Truck,Diesel,3
11998,Bus,Diesel,9
11999,Truck,Electric,6
12000,Car,Hybrid,3
12001,Car,Electric,1
12002,Truck,Electric,11
12003,Car,Hybrid,1
12004,Bus,Electric,4
12005,Car,Hybrid,2
12006,Truck,Hybrid,2
12007,Bus,Electric,14
12008,Car,Diesel,0
12009,Bus,Hybrid,2
12010,Truck,Diesel,14
12011,Car,Diesel,3
12012,Bus,Hybrid,11
12013,Bus,Diesel,5
12014,Car,Electric,10
12015,Bus,Electric,5
12016,Bus,Diesel,11
12017,Truck,Electric,4
12018,Truck,Hybrid,3
12019,Truck,Hybrid,5
12020,Truck,Diesel,12
12021,Truck,Electric,12
12022,Truck,Diesel,4
12023,Car,Electric,9
12024,Truck,Hybrid,0
12025,Bus,Electric,13
12026,Car,Electric,11
12027,Bus,Diesel,1
12028,Truck,Hybrid,13
12029,Truck,Electric,8
12030,Bus,Hybrid,9
12031,Bus,Electric,3
12032,Bus,Hybrid,5
12033,Car,Electric,4
12034,Truck,Hybrid,1
12035,Bus,Electric,0
12036,Truck,Hybrid,0
12037,Bus,Electric,0
12038,Truck,Electric,5
12039,Car,Hybrid,9
12040,Truck,Diesel,6
12041,Bus,Electric,6
12042,Truck,Electric,14
12043,Car,Diesel,8
12044,Car,Electric,2
12045,Truck,Hybrid,13
12046,Bus,Diesel,8
12047,Car,Electric,0
12048,Car,Hybrid,1
12049,Truck,Hybrid,14
12050,Car,Diesel,6
12051,Car,Diesel,11
12052,Bus,Diesel,1
12053,Bus,Hybrid,9
12054,Bus,Electric,10
12055,Truck,Hybrid,3
12056,Car,Hybrid,1
12057,Truck,Diesel,10
12058,Car,Electric,1
12059,Car,Hybrid,10
12060,Car,Diesel,13
12061,Bus,Diesel,12
12062,Truck,Electric,0
12063,Truck,Electric,8
12064,Car,Diesel,9
12065,Truck,Electric,14
12066,Bus,Electric,2
12067,Truck,Hybrid,14
12068,Car,Electric,12
12069,Bus,Diesel,0
12070,Bus,Electric,14
12071,Car,Hybrid,9
12072,Truck,Electric,5
12073,Car,Hybrid,7
12074,Truck,Electric,6
12075,Truck,Electric,6
12076,Bus,Diesel,1
12077,Car,Diesel,10
12078,Bus,Electric,3
12079,Car,Electric,5
12080,Car,Hybrid,1
12081,Bus,Hybrid,12
12082,Car,Diesel,4
12083,Car,Electric,11
12084,Truck,Electric,4
12085,Car,Hybrid,2
12086,Car,Electric,1
12087,Bus,Electric,10
12088,Bus,Electric,6
12089,Car,Hybrid,7
12090,Truck,Hybrid,3
12091,Truck,Hybrid,3
12092,Bus,Electric,10
12093,Car,Hybrid,13
12094,Car,Diesel,8
12095,Truck,Diesel,3
12096,Truck,Hybrid,9
12097,Truck,Hybrid,13
12098,Bus,Electric,11
12099,Car,Hybrid,2
12100,Bus,Hybrid,10
12101,Car,Diesel,12
12102,Bus,Diesel,13
12103,Car,Diesel,0
12104,Truck,Diesel,2
12105,Truck,Hybrid,14
12106,Truck,Diesel,4
12107,Bus,Electric,12
12108,Truck,Electric,1
12109,Car,Hybrid,4
12110,Bus,Electric,8
12111,Car,Diesel,9
12112,Bus,Diesel,10
12113,Car,Electric,5
12114,Car,Hybrid,14
12115,Bus,Diesel,2
12116,Bus,Diesel,4
12117,Truck,Electric,11
12118,Truck,Hybrid,0
12119,Car,Hybrid,7
12120,Car,Electric,8
12121,Car,Diesel,4
12122,Bus,Electric,8
12123,Bus,Electric,7
12124,Truck,Electric,14
12125,Car,Diesel,7
12126,Truck,Diesel,1
12127,Bus,Electric,4
12128,Bus,Hybrid,11
12129,Bus,Electric,7
12130,Truck,Diesel,2
12131,Bus,Hybrid,0
12132,Car,Hybrid,13
12133,Truck,Diesel,10
12134,Bus,Diesel,3
12135,Truck,Electric,3
12136,Truck,Diesel,9
12137,Bus,Hybrid,3
12138,Bus,Electric,3
12139,Truck,Electric,8
12140,Truck,Hybrid,10
12141,Bus,Diesel,13
12142,Car,Electric,0
12143,Truck,Hybrid,8
12144,Truck,Hybrid,6
12145,Car,Hybrid,12
12146,Bus,Diesel,13
12147,Bus,Diesel,4
12148,Car,Diesel,1
12149,Bus,Diesel,13
12150,Bus,Hybrid,9
12151,Truck,Electric,11
12152,Truck,Hybrid,9
12153,Truck,Electric,14
12154,Car,Electric,9
12155,Bus,Electric,3
12156,Bus,Diesel,10
12157,Truck,Hybrid,14
12158,Truck,Electric,3
12159,Car,Hybrid,3
12160,Bus,Diesel,10
12161,Car,Electric,11
12162,Bus,Diesel,12
12163,Car,Diesel,1
12164,Truck,Hybrid,7
12165,Car,Electric,3
12166,Car,Diesel,8
12167,Truck,Hybrid,1
12168,Bus,Electric,6
12169,Bus,Electric,4
12170,Truck,Diesel,4
12171,Car,Diesel,6
12172,Car,Diesel,14
12173,Car,Diesel,3
12174,Bus,Electric,2
12175,Car,Diesel,8
12176,Bus,Diesel,11
12177,Car,Diesel,2
12178,Truck,Electric,4
12179,Truck,Hybrid,1
12180,Bus,Hybrid,6
12181,Bus,Electric,12
12182,Truck,Hybrid,11
12183,Truck,Electric,10
12184,Car,Diesel,6
12185,Truck,Hybrid,11
12186,Bus,Electric,4
12187,Truck,Electric,7
12188,Bus,Diesel,8
12189,Bus,Electric,12
12190,Car,Hybrid,3
12191,Car,Diesel,10
12192,Car,Electric,11
12193,Car,Diesel,1
12194,Truck,Electric,1
12195,Car,Hybrid,10
12196,Truck,Hybrid,14
12197,Car,Diesel,12
12198,Car,Electric,3
12199,Bus,Diesel,5
12200,Truck,Diesel,5
12201,Bus,Hybrid,1
12202,Car,Diesel,0
12203,Truck,Electric,1
12204,Car,Hybrid,7
12205,Bus,Electric,4
12206,Truck,Diesel,2
12207,Bus,Hybrid,8
12208,Car,Electric,11
12209,Car,Electric,11
12210,Car,Diesel,6
12211,Truck,Electric,7
12212,Bus,Diesel,5
12213,Bus,Diesel,6
12214,Car,Diesel,14
12215,Bus,Diesel,2
12216,Truck,Hybrid,0
12217,Car,Electric,0
12218,Car,Electric,0
12219,Car,Hybrid,10
12220,Truck,Diesel,10
12221,Car,Diesel,11
12222,Car,Diesel,6
12223,Car,Diesel,1
12224,Car,Hybrid,12
12225,Bus,Electric,11
12226,Car,Diesel,5
12227,Truck,Diesel,13
12228,Car,Diesel,13
12229,Car,Electric,14
12230,Bus,Electric,0
12231,Car,Hybrid,9
12232,Bus,Electric,7
12233,Truck,Electric,4
12234,Bus,Diesel,8
12235,Car,Electric,2
12236,Truck,Diesel,1
12237,Car,Hybrid,7
12238,Bus,Diesel,10
12239,Truck,Hybrid,4
12240,Truck,Electric,13
12241,Bus,Hybrid,12
12242,Bus,Diesel,0
12243,Truck,Electric,10
12244,Truck,Electric,11
12245,Bus,Diesel,5
12246,Car,Electric,14
12247,Truck,Diesel,11
12248,Bus,Hybrid,2
12249,Car,Hybrid,7
12250,Truck,Electric,12
12251,Truck,Diesel,5
12252,Bus,Diesel,1
12253,Car,Hybrid,5
12254,Truck,Diesel,2
12255,Car,Electric,6
12256,Car,Electric,14
12257,Truck,Hybrid,0
12258,Car,Diesel,11
12259,Truck,Electric,14
12260,Car,Electric,13
12261,Truck,Electric,0
12262,Bus,Diesel,9
12263,Truck,Hybrid,11
12264,Truck,Hybrid,3
12265,Truck,Electric,6
12266,Car,Hybrid,3
12267,Bus,Electric,13
12268,Car,Electric,8
12269,Car,Diesel,14
12270,Truck,Electric,7
12271,Car,Electric,4
12272,Truck,Diesel,14
12273,Bus,Diesel,0
12274,Car,Hybrid,12
12275,Car,Diesel,13
12276,Car,Electric,2
12277,Truck,Diesel,7
12278,Truck,Diesel,11
12279,Car,Hybrid,14
12280,Car,Diesel,6
12281,Bus,Electric,7
12282,Bus,Electric,0
12283,Bus,Electric,1
12284,Bus,Diesel,9
12285,Bus,Diesel,14
12286,Truck,Electric,6
12287,Bus,Diesel,4
12288,Bus,Hybrid,4
12289,Car,Hybrid,11
12290,Truck,Hybrid,12
12291,Bus,Hybrid,9
12292,Bus,Electric,8
12293,Bus,Diesel,0
12294,Car,Hybrid,4
12295,Car,Electric,6
12296,Car,Hybrid,4
12297,Bus,Diesel,14
12298,Car,Hybrid,13
12299,Bus,Hybrid,9
12300,Truck,Hybrid,10
12301,Bus,Hybrid,6
12302,Car,Diesel,0
12303,Truck,Electric,4
12304,Bus,Hybrid,13
12305,Truck,Electric,13
12306,Truck,Diesel,5
12307,Truck,Diesel,5
12308,Bus,Hybrid,3
12309,Car,Electric,12
12310,Bus,Hybrid,4
12311,Car,Diesel,7
12312,Bus,Hybrid,5
12313,Bus,Hybrid,0
12314,Bus,Electric,4
12315,Car,Diesel,14
12316,Bus,Hybrid,11
12317,Truck,Hybrid,6
12318,Bus,Hybrid,11
12319,Truck,Electric,7
12320,Car,Diesel,13
12321,Car,Hybrid,3
12322,Bus,Hybrid,1
12323,Bus,Hybrid,3
12324,Bus,Diesel,5
12325,Truck,Electric,5
12326,Car,Electric,5
12327,Truck,Hybrid,0
12328,Truck,Hybrid,10
12329,Bus,Electric,6
12330,Bus,Electric,6
12331,Truck,Electric,12
12332,Truck,Hybrid,4
12333,Bus,Hybrid,12
12334,Bus,Electric,11
12335,Truck,Electric,3
12336,Bus,Diesel,11
12337,Bus,Hybrid,10
12338,Truck,Diesel,2
12339,Truck,Electric,10
12340,Car,Hybrid,10
12341,Truck,Hybrid,10
12342,Bus,Diesel,12
12343,Truck,Diesel,12
12344,Truck,Diesel,7
12345,Truck,Diesel,10
12346,Car,Hybrid,12
12347,Car,Electric,7
12348,Bus,Electric,2
12349,Car,Electric,10
12350,Truck,Diesel,10
12351,Car,Electric,4
12352,Truck,Diesel,7
12353,Car,Diesel,9
12354,Car,Electric,9
12355,Car,Electric,13
12356,Truck,Electric,5
12357,Car,Hybrid,1
12358,Truck,Diesel,0
12359,Truck,Hybrid,6
12360,Bus,Electric,1
12361,Car,Hybrid,9
12362,Bus,Hybrid,9
12363,Bus,Electric,3
12364,Truck,Electric,10
12365,Car,Diesel,5
12366,Truck,Diesel,12
12367,Truck,Hybrid,6
12368,Car,Electric,6
12369,Truck,Diesel,6
12370,Car,Diesel,3
12371,Car,Hybrid,10
12372,Truck,Hybrid,9
12373,Truck,Hybrid,9
12374,Bus,Electric,11
12375,Truck,Diesel,12
12376,Car,Diesel,11
12377,Bus,Diesel,11
12378,Car,Hybrid,5
12379,Bus,Electric,2
12380,Truck,Hybrid,7
12381,Truck,Hybrid,0
12382,Truck,Electric,13
12383,Car,Electric,14
12384,Bus,Hybrid,12
12385,Car,Electric,7
12386,Bus,Hybrid,4
12387,Truck,Diesel,7
12388,Car,Electric,11
12389,Truck,Diesel,3
12390,Car,Electric,1
12391,Truck,Hybrid,3
12392,Car,Hybrid,10
12393,Car,Hybrid,7
12394,Bus,Hybrid,9
12395,Truck,Hybrid,0
12396,Bus,Hybrid,10
12397,Bus,Electric,12
12398,Truck,Electric,4
12399,Car,Diesel,10
12400,Bus,Electric,5
12401,Truck,Electric,3
12402,Car,Diesel,3
12403,Bus,Diesel,3
12404,Bus,Hybrid,12
12405,Bus,Diesel,2
12406,Car,Diesel,11
12407,Bus,Electric,13
12408,Car,Hybrid,9
12409,Bus,Diesel,4
12410,Truck,Hybrid,14
12411,Bus,Hybrid,5
12412,Truck,Diesel,2
12413,Truck,Diesel,13
12414,Truck,Diesel,10
12415,Car,Diesel,10
12416,Truck,Hybrid,2
12417,Bus,Electric,8
12418,Car,Hybrid,1
12419,Truck,Hybrid,5
12420,Car,Hybrid,7
12421,Car,Diesel,7
12422,Car,Diesel,0
12423,Bus,Electric,13
12424,Truck,Electric,11
12425,Car,Electric,13
12426,Car,Hybrid,0
12427,Car,Electric,7
12428,Truck,Hybrid,0
12429,Car,Diesel,12
12430,Car,Hybrid,2
12431,Bus,Diesel,8
12432,Truck,Diesel,2
12433,Bus,Electric,1
12434,Truck,Diesel,0
12435,Truck,Electric,12
12436,Truck,Electric,12
12437,Bus,Electric,11
12438,Bus,Hybrid,0
12439,Bus,Electric,9
12440,Bus,Electric,2
12441,Car,Diesel,5
12442,Car,Hybrid,6
12443,Car,Electric,13
12444,Truck,Electric,5
12445,Car,Electric,5
12446,Truck,Diesel,8
12447,Bus,Diesel,3
12448,Truck,Diesel,4
12449,Truck,Electric,14
12450,Car,Electric,13
12451,Bus,Electric,0
12452,Bus,Electric,3
12453,Car,Electric,9
12454,Bus,Diesel,5
12455,Bus,Electric,6
12456,Bus,Hybrid,10
12457,Car,Electric,1
12458,Bus,Diesel,9
12459,Truck,Electric,5
12460,Truck,Hybrid,2
12461,Bus,Electric,6
12462,Car,Hybrid,8
12463,Car,Hybrid,10
12464,Car,Diesel,3
12465,Bus,Hybrid,7
12466,Bus,Electric,9
12467,Truck,Hybrid,5
12468,Car,Electric,2
12469,Truck,Electric,12
12470,Truck,Electric,2
12471,Car,Electric,2
12472,Bus,Diesel,3
12473,Bus,Electric,13
12474,Truck,Diesel,1
12475,Truck,Hybrid,11
12476,Truck,Electric,11
12477,Truck,Hybrid,4
12478,Car,Diesel,11
12479,Truck,Electric,13
12480,Truck,Electric,7
12481,Bus,Diesel,11
12482,Bus,Hybrid,12
12483,Bus,Diesel,6
12484,Car,Hybrid,8
12485,Car,Hybrid,11
12486,Bus,Hybrid,2
12487,Bus,Electric,3
12488,Truck,Diesel,14
12489,Truck,Electric,7
12490,Car,Diesel,9
12491,Car,Hybrid,10
12492,Truck,Electric,2
12493,Bus,Electric,0
12494,Truck,Electric,1
12495,Car,Hybrid,9
12496,Car,Diesel,9
12497,Truck,Hybrid,7
12498,Truck,Electric,11
12499,Truck,Electric,6
12500,Car,Hybrid,3
12501,Bus,Electric,7
12502,Truck,Electric,2
12503,Car,Diesel,0
12504,Car,Diesel,3
12505,Car,Diesel,5
12506,Truck,Diesel,5
12507,Truck,Diesel,3
12508,Bus,Diesel,14
12509,Car,Electric,7
12510,Truck,Electric,8
12511,Car,Diesel,14
12512,Car,Hybrid,1
12513,Bus,Diesel,2
12514,Truck,Electric,11
12515,Truck,Hybrid,7
12516,Car,Hybrid,0
12517,Car,Hybrid,0
12518,Bus,Electric,6
12519,Bus,Hybrid,9
12520,Bus,Electric,14
12521,Bus,Electric,6
12522,Bus,Diesel,12
12523,Bus,Electric,6
12524,Car,Hybrid,12
12525,Bus,Electric,12
12526,Car,Electric,14
12527,Car,Diesel,4
12528,Truck,Diesel,11
12529,Car,Electric,6
12530,Car,Electric,13
12531,Bus,Electric,13
12532,Car,Diesel,8
12533,Bus,Diesel,5
12534,Bus,Hybrid,5
12535,Bus,Hybrid,2
12536,Truck,Hybrid,14
12537,Bus,Hybrid,13
12538,Car,Diesel,13
12539,Bus,Diesel,6
12540,Bus,Electric,14
12541,Bus,Hybrid,5
12542,Truck,Electric,11
12543,Car,Electric,4
12544,Truck,Diesel,2
12545,Car,Electric,2
12546,Truck,Electric,5
12547,Car,Diesel,5
12548,Truck,Diesel,4
12549,Bus,Diesel,2
12550,Truck,Diesel,11
12551,Truck,Hybrid,1
12552,Bus,Hybrid,3
12553,Bus,Hybrid,3
12554,Car,Electric,9
12555,Car,Hybrid,12
12556,Car,Diesel,12
12557,Truck,Hybrid,14
12558,Car,Diesel,1
12559,Truck,Hybrid,13
12560,Truck,Hybrid,14
12561,Car,Diesel,11
12562,Car,Diesel,8
12563,Truck,Electric,10
12564,Bus,Electric,10
12565,Bus,Electric,2
12566,Truck,Hybrid,0
12567,Car,Hybrid,11
12568,Truck,Diesel,4
12569,Truck,Diesel,13
12570,Car,Electric,9
12571,Bus,Diesel,2
12572,Truck,Hybrid,5
12573,Bus,Diesel,0
12574,Bus,Diesel,13
12575,Car,Diesel,9
12576,Truck,Diesel,3
12577,Truck,Diesel,0
12578,Bus,Electric,13
12579,Bus,Electric,0
12580,Car,Hybrid,9
12581,Bus,Electric,7
12582,Car,Diesel,9
12583,Truck,Electric,10
12584,Car,Hybrid,3
12585,Bus,Electric,9
12586,Truck,Hybrid,2
12587,Car,Hybrid,5
12588,Truck,Hybrid,10
12589,Car,Diesel,9
12590,Bus,Hybrid,8
12591,Bus,Electric,5
12592,Truck,Electric,0
12593,Truck,Electric,7
12594,Truck,Hybrid,0
12595,Car,Hybrid,2
12596,Bus,Diesel,8
12597,Truck,Hybrid,3
12598,Truck,Electric,7
12599,Truck,Diesel,8
12600,Car,Electric,14
12601,Truck,Diesel,13
12602,Truck,Hybrid,7
12603,Car,Diesel,5
12604,Car,Hybrid,8
12605,Truck,Hybrid,10
12606,Truck,Electric,5
12607,Car,Hybrid,14
12608,Bus,Hybrid,14
12609,Car,Hybrid,4
12610,Bus,Electric,7
12611,Truck,Hybrid,3
12612,Truck,Electric,2
12613,Bus,Diesel,3
12614,Car,Electric,11
12615,Truck,Electric,8
12616,Bus,Hybrid,3
12617,Car,Electric,6
12618,Bus,Diesel,0
12619,Car,Electric,11
12620,Car,Hybrid,5
12621,Car,Diesel,7
12622,Car,Hybrid,6
12623,Bus,Hybrid,4
12624,Bus,Electric,3
12625,Bus,Hybrid,1
12626,Bus,Diesel,0
12627,Bus,Diesel,12
12628,Car,Diesel,0
12629,Truck,Diesel,4
12630,Truck,Electric,8
12631,Bus,Diesel,6
12632,Bus,Electric,1
12633,Truck,Hybrid,5
12634,Car,Hybrid,9
12635,Bus,Electric,6
12636,Car,Hybrid,12
12637,Truck,Hybrid,7
12638,Truck,Diesel,10
12639,Bus,Hybrid,8
12640,Car,Hybrid,2
12641,Bus,Electric,11
12642,Truck,Diesel,1
12643,Car,Hybrid,6
12644,Bus,Hybrid,7
12645,Bus,Electric,8
12646,Bus,Hybrid,9
12647,Truck,Diesel,11
12648,Bus,Diesel,13
12649,Car,Diesel,4
12650,Bus,Electric,8
12651,Truck,Diesel,14
12652,Bus,Diesel,0
12653,Truck,Diesel,8
12654,Truck,Diesel,12
12655,Car,Diesel,9
12656,Car,Diesel,4
12657,Bus,Electric,13
12658,Truck,Diesel,1
12659,Truck,Hybrid,5
12660,Car,Electric,0
12661,Car,Hybrid,12
12662,Bus,Hybrid,13
12663,Truck,Diesel,6
12664,Car,Hybrid,6
12665,Bus,Hybrid,14
12666,Truck,Hybrid,11
12667,Truck,Diesel,12
12668,Car,Diesel,9
12669,Bus,Diesel,7
12670,Car,Electric,0
12671,Bus,Diesel,1
12672,Truck,Diesel,10
12673,Bus,Hybrid,0
12674,Bus,Diesel,7
12675,Bus,Hybrid,11
12676,Bus,Diesel,7
12677,Bus,Diesel,11
12678,Car,Diesel,2
12679,Bus,Diesel,9
12680,Bus,Diesel,14
12681,Truck,Diesel,11
12682,Bus,Diesel,1
12683,Truck,Hybrid,8
12684,Car,Electric,4
12685,Car,Electric,14
12686,Bus,Diesel,8
12687,Car,Electric,1
12688,Bus,Hybrid,5
12689,Car,Hybrid,10
12690,Bus,Hybrid,13
12691,Bus,Electric,0
12692,Truck,Electric,6
12693,Truck,Electric,3
12694,Truck,Diesel,6
12695,Truck,Hybrid,8
12696,Bus,Hybrid,0
12697,Car,Diesel,0
12698,Bus,Electric,10
12699,Truck,Hybrid,6
12700,Truck,Electric,9
12701,Car,Diesel,10
12702,Truck,Electric,11
12703,Bus,Diesel,14
12704,Bus,Electric,1
12705,Bus,Diesel,7
12706,Bus,Hybrid,3
12707,Bus,Diesel,6
12708,Car,Electric,9
12709,Bus,Hybrid,1
12710,Truck,Electric,7
12711,Truck,Electric,5
12712,Truck,Diesel,0
12713,Truck,Diesel,8
12714,Car,Electric,10
12715,Truck,Diesel,1
12716,Car,Electric,3
12717,Truck,Diesel,8
12718,Car,Diesel,7
12719,Car,Electric,7
12720,Car,Hybrid,13
12721,Truck,Diesel,3
12722,Car,Electric,13
12723,Bus,Hybrid,0
12724,Bus,Diesel,9
12725,Truck,Diesel,3
12726,Bus,Electric,2
12727,Bus,Diesel,14
12728,Bus,Electric,10
12729,Truck,Electric,2
12730,Truck,Diesel,0
12731,Bus,Hybrid,8
12732,Truck,Diesel,2
12733,Car,Hybrid,3
12734,Bus,Diesel,0
12735,Truck,Hybrid,2
12736,Truck,Diesel,0
12737,Bus,Hybrid,12
12738,Truck,Hybrid,3
12739,Bus,Diesel,9
12740,Truck,Diesel,11
12741,Car,Electric,6
12742,Bus,Hybrid,9
12743,Car,Diesel,10
12744,Bus,Electric,7
12745,Truck,Diesel,7
12746,Car,Hybrid,0
12747,Truck,Diesel,10
12748,Bus,Diesel,5
12749,Bus,Electric,7
12750,Bus,Diesel,9
12751,Bus,Electric,12
12752,Bus,Hybrid,9
12753,Car,Hybrid,7
12754,Bus,Diesel,8
12755,Truck,Electric,7
12756,Car,Hybrid,4
12757,Truck,Diesel,0
12758,Bus,Diesel,12
12759,Truck,Diesel,8
12760,Car,Diesel,9
12761,Car,Diesel,9
12762,Car,Electric,9
12763,Truck,Diesel,9
12764,Car,Diesel,4
12765,Truck,Diesel,6
12766,Bus,Diesel,11
12767,Bus,Diesel,11
12768,Truck,Diesel,6
12769,Car,Diesel,10
12770,Truck,Hybrid,3
12771,Truck,Hybrid,7
12772,Truck,Diesel,10
12773,Bus,Electric,9
12774,Truck,Diesel,8
12775,Bus,Electric,11
12776,Truck,Electric,3
12777,Bus,Electric,1
12778,Truck,Electric,9
12779,Truck,Electric,3
12780,Car,Hybrid,1
12781,Car,Diesel,11
12782,Truck,Hybrid,0
12783,Truck,Hybrid,13
12784,Truck,Diesel,0
12785,Truck,Hybrid,10
12786,Car,Diesel,3
12787,Bus,Diesel,13
12788,Truck,Diesel,8
12789,Car,Diesel,13
12790,Truck,Electric,14
12791,Truck,Electric,8
12792,Bus,Hybrid,14
12793,Truck,Diesel,6
12794,Truck,Diesel,4
12795,Bus,Diesel,5
12796,Bus,Diesel,0
12797,Bus,Electric,2
12798,Bus,Electric,0
12799,Car,Electric,9
12800,Car,Hybrid,4
12801,Car,Diesel,3
12802,Truck,Electric,2
12803,Bus,Electric,5
12804,Bus,Diesel,5
12805,Car,Electric,8
12806,Truck,Diesel,3
12807,Truck,Diesel,8
12808,Truck,Electric,12
12809,Car,Hybrid,14
12810,Truck,Diesel,3
12811,Truck,Hybrid,7
12812,Truck,Electric,7
12813,Bus,Diesel,1
12814,Car,Diesel,13
12815,Bus,Electric,9
12816,Bus,Hybrid,13
12817,Car,Electric,11
12818,Bus,Electric,7
12819,Truck,Electric,1
12820,Truck,Hybrid,10
12821,Truck,Diesel,7
12822,Truck,Diesel,5
12823,Car,Electric,12
12824,Bus,Electric,2
12825,Bus,Hybrid,11
12826,Truck,Electric,10
12827,Truck,Hybrid,13
12828,Bus,Hybrid,12
12829,Car,Hybrid,12
12830,Bus,Electric,13
12831,Truck,Diesel,6
12832,Truck,Hybrid,11
12833,Car,Diesel,5
12834,Bus,Hybrid,2
12835,Car,Electric,13
12836,Car,Hybrid,4
12837,Truck,Hybrid,3
12838,Bus,Diesel,13
12839,Truck,Electric,12
12840,Bus,Hybrid,5
12841,Truck,Electric,0
12842,Truck,Diesel,0
12843,Bus,Electric,7
12844,Bus,Electric,12
12845,Truck,Diesel,7
12846,Bus,Hybrid,11
12847,Truck,Hybrid,8
12848,Bus,Electric,12
12849,Truck,Hybrid,7
12850,Truck,Diesel,13
12851,Truck,Electric,1
12852,Car,Electric,13
12853,Bus,Hybrid,10
12854,Truck,Hybrid,4
12855,Car,Hybrid,7
12856,Truck,Electric,14
12857,Car,Hybrid,8
12858,Truck,Electric,12
12859,Truck,Hybrid,5
12860,Car,Electric,14
12861,Car,Electric,3
12862,Bus,Electric,8
12863,Bus,Hybrid,11
12864,Car,Hybrid,3
12865,Bus,Diesel,5
12866,Car,Electric,11
12867,Bus,Hybrid,14
12868,Truck,Diesel,14
12869,Bus,Diesel,4
12870,Truck,Hybrid,0
12871,Truck,Electric,3
12872,Bus,Diesel,9
12873,Car,Diesel,2
12874,Truck,Electric,7
12875,Truck,Hybrid,6
12876,Bus,Electric,12
12877,Car,Electric,9
12878,Car,Hybrid,14
12879,Bus,Diesel,0
12880,Car,Electric,10
12881,Bus,Diesel,7
12882,Bus,Diesel,6
12883,Bus,Diesel,14
12884,Truck,Hybrid,11
12885,Truck,Diesel,1
12886,Truck,Electric,9
12887,Bus,Electric,11
12888,Truck,Electric,13
12889,Truck,Hybrid,13
12890,Truck,Electric,3
12891,Bus,Hybrid,14
12892,Bus,Diesel,1
12893,Bus,Diesel,8
12894,Truck,Hybrid,12
12895,Car,Hybrid,7
12896,Truck,Hybrid,0
12897,Truck,Diesel,0
12898,Bus,Hybrid,7
12899,Bus,Diesel,4
12900,Truck,Diesel,0
12901,Truck,Electric,10
12902,Car,Diesel,3
12903,Car,Hybrid,1
12904,Bus,Hybrid,12
12905,Car,Hybrid,8
12906,Car,Diesel,9
12907,Bus,Diesel,5
12908,Car,Electric,10
12909,Truck,Electric,8
12910,Car,Hybrid,0
12911,Bus,Diesel,0
12912,Truck,Hybrid,10
12913,Car,Hybrid,3
12914,Truck,Hybrid,1
12915,Truck,Electric,14
12916,Car,Hybrid,14
12917,Car,Electric,0
12918,Bus,Diesel,5
12919,Bus,Hybrid,7
12920,Truck,Electric,0
12921,Bus,Diesel,10
12922,Truck,Electric,10
12923,Truck,Hybrid,9
12924,Bus,Diesel,9
12925,Bus,Diesel,5
12926,Bus,Diesel,0
12927,Car,Electric,14
12928,Truck,Electric,13
12929,Truck,Electric,7
12930,Truck,Diesel,5
12931,Bus,Hybrid,13
12932,Bus,Hybrid,0
12933,Bus,Diesel,8
12934,Bus,Hybrid,0
12935,Bus,Diesel,8
12936,Car,Hybrid,13
12937,Bus,Hybrid,2
12938,Truck,Hybrid,7
12939,Bus,Electric,7
12940,Truck,Electric,6
12941,Bus,Diesel,11
12942,Bus,Electric,1
12943,Truck,Diesel,2
12944,Truck,Electric,4
12945,Truck,Hybrid,12
12946,Truck,Electric,4
12947,Car,Electric,1
12948,Truck,Electric,0
12949,Bus,Diesel,4
12950,Bus,Diesel,4
12951,Car,Hybrid,11
12952,Truck,Hybrid,2
12953,Bus,Hybrid,7
12954,Car,Electric,5
12955,Bus,Hybrid,1
12956,Car,Diesel,1
12957,Car,Hybrid,3
12958,Truck,Hybrid,14
12959,Car,Hybrid,12
12960,Bus,Hybrid,13
12961,Bus,Hybrid,5
12962,Truck,Diesel,11
12963,Truck,Electric,8
12964,Car,Hybrid,12
12965,Truck,Electric,7
12966,Bus,Hybrid,7
12967,Bus,Electric,14
12968,Truck,Diesel,13
12969,Truck,Electric,1
12970,Truck,Hybrid,13
12971,Car,Electric,10
12972,Car,Electric,3
12973,Bus,Hybrid,5
12974,Car,Electric,13
12975,Car,Hybrid,5
12976,Car,Diesel,14
12977,Car,Hybrid,11
12978,Bus,Diesel,9
12979,Truck,Electric,5
12980,Bus,Hybrid,14
12981,Car,Electric,7
12982,Truck,Diesel,7
12983,Truck,Diesel,13
12984,Truck,Electric,12
12985,Bus,Hybrid,6
12986,Truck,Hybrid,12
12987,Bus,Hybrid,4
12988,Bus,Hybrid,5
12989,Car,Diesel,5
12990,Car,Hybrid,13
12991,Truck,Electric,2
12992,Truck,Diesel,14
12993,Car,Electric,10
12994,Bus,Electric,12
12995,Bus,Electric,2
12996,Car,Diesel,11
12997,Bus,Hybrid,6
12998,Car,Electric,5
12999,Car,Electric,4
13000,Truck,Hybrid,10
13001,Truck,Hybrid,5
13002,Car,Hybrid,5
13003,Truck,Hybrid,3
13004,Car,Electric,11
13005,Bus,Diesel,10
13006,Bus,Hybrid,4
13007,Bus,Hybrid,12
13008,Bus,Electric,6
13009,Car,Hybrid,10
13010,Bus,Electric,10
13011,Bus,Electric,0
13012,Bus,Electric,11
13013,Bus,Electric,12
13014,Car,Hybrid,9
13015,Bus,Diesel,11
13016,Truck,Hybrid,5
13017,Truck,Diesel,4
13018,Truck,Hybrid,5
13019,Truck,Electric,0
13020,Truck,Hybrid,3
13021,Truck,Electric,7
13022,Car,Hybrid,3
13023,Truck,Electric,13
13024,Bus,Diesel,14
13025,Truck,Electric,12
13026,Car,Hybrid,9
13027,Truck,Electric,7
13028,Bus,Diesel,10
13029,Bus,Diesel,7
13030,Car,Hybrid,1
13031,Car,Electric,5
13032,Car,Hybrid,6
13033,Car,Electric,6
13034,Truck,Diesel,0
13035,Truck,Hybrid,3
13036,Bus,Diesel,13
13037,Car,Electric,6
13038,Car,Diesel,5
13039,Truck,Electric,14
13040,Car,Hybrid,12
13041,Bus,Electric,11
13042,Bus,Electric,2
13043,Car,Hybrid,9
13044,Bus,Hybrid,9
13045,Bus,Diesel,0
13046,Truck,Electric,4
13047,Bus,Electric,10
13048,Car,Diesel,7
13049,Car,Electric,14
13050,Bus,Electric,13
13051,Car,Hybrid,2
13052,Truck,Hybrid,4
13053,Bus,Hybrid,14
13054,Bus,Diesel,8
13055,Bus,Hybrid,13
13056,Car,Diesel,7
13057,Car,Hybrid,10
13058,Bus,Electric,8
13059,Car,Electric,14
13060,Car,Hybrid,12
13061,Bus,Hybrid,4
13062,Bus,Diesel,12
13063,Car,Electric,2
13064,Bus,Hybrid,12
13065,Bus,Hybrid,10
13066,Bus,Electric,8
13067,Bus,Hybrid,3
13068,Car,Electric,0
13069,Bus,Hybrid,14
13070,Truck,Electric,10
13071,Bus,Diesel,14
13072,Truck,Hybrid,1
13073,Bus,Hybrid,7
13074,Truck,Hybrid,1
13075,Truck,Diesel,5
13076,Bus,Hybrid,11
13077,Bus,Hybrid,4
13078,Bus,Electric,8
13079,Truck,Hybrid,7
13080,Car,Hybrid,0
13081,Car,Electric,2
13082,Bus,Diesel,13
13083,Car,Diesel,11
13084,Car,Electric,4
13085,Bus,Diesel,11
13086,Truck,Diesel,7
13087,Bus,Hybrid,6
13088,Car,Hybrid,1
13089,Truck,Hybrid,13
13090,Car,Diesel,11
13091,Truck,Hybrid,6
13092,Car,Diesel,4
13093,Bus,Hybrid,5
13094,Car,Diesel,7
13095,Car,Electric,4
13096,Truck,Electric,8
13097,Car,Hybrid,0
13098,Bus,Diesel,4
13099,Bus,Electric,0
13100,Bus,Electric,0
13101,Truck,Hybrid,0
13102,Truck,Hybrid,14
13103,Car,Diesel,4
13104,Car,Electric,8
13105,Car,Diesel,1
13106,Truck,Diesel,5
13107,Truck,Hybrid,4
13108,Car,Diesel,11
13109,Truck,Diesel,13
13110,Truck,Electric,6
13111,Bus,Diesel,6
13112,Bus,Electric,2
13113,Car,Electric,5
13114,Car,Diesel,14
13115,Bus,Diesel,2
13116,Truck,Electric,1
13117,Car,Diesel,4
13118,Car,Electric,3
13119,Car,Diesel,12
13120,Truck,Electric,3
13121,Bus,Electric,3
13122,Car,Hybrid,7
13123,Bus,Diesel,12
13124,Bus,Electric,13
13125,Truck,Electric,0
13126,Truck,Diesel,2
13127,Truck,Diesel,8
13128,Truck,Diesel,2
13129,Truck,Hybrid,0
13130,Truck,Diesel,12
13131,Car,Hybrid,4
13132,Bus,Diesel,3
13133,Truck,Hybrid,9
13134,Car,Diesel,12
13135,Bus,Hybrid,7
13136,Truck,Electric,10
13137,Truck,Hybrid,11
13138,Car,Hybrid,10
13139,Bus,Electric,8
13140,Truck,Diesel,9
13141,Bus,Electric,4
13142,Car,Electric,0
13143,Truck,Electric,3
13144,Bus,Hybrid,2
13145,Car,Electric,5
13146,Car,Diesel,14
13147,Truck,Hybrid,1
13148,Bus,Hybrid,4
13149,Truck,Electric,7
13150,Truck,Hybrid,10
13151,Bus,Diesel,4
13152,Bus,Hybrid,4
13153,Bus,Electric,7
13154,Car,Electric,10
13155,Car,Electric,4
13156,Bus,Hybrid,3
13157,Car,Electric,9
13158,Truck,Hybrid,8
13159,Bus,Electric,1
13160,Truck,Electric,0
13161,Bus,Electric,3
13162,Truck,Diesel,9
13163,Bus,Diesel,11
13164,Truck,Electric,2
13165,Bus,Electric,8
13166,Bus,Hybrid,2
13167,Car,Hybrid,2
13168,Truck,Diesel,9
13169,Car,Hybrid,12
13170,Truck,Hybrid,6
13171,Car,Hybrid,12
13172,Bus,Hybrid,11
13173,Car,Diesel,1
13174,Car,Diesel,10
13175,Bus,Hybrid,7
13176,Car,Hybrid,5
13177,Bus,Diesel,11
13178,Truck,Electric,10
13179,Car,Hybrid,11
13180,Bus,Electric,13
13181,Bus,Hybrid,8
13182,Car,Diesel,7
13183,Truck,Hybrid,3
13184,Car,Electric,7
13185,Bus,Diesel,3
13186,Truck,Hybrid,10
13187,Car,Hybrid,14
13188,Bus,Diesel,4
13189,Car,Hybrid,10
13190,Truck,Diesel,9
13191,Truck,Hybrid,10
13192,Truck,Diesel,14
13193,Truck,Hybrid,6
13194,Truck,Diesel,5
13195,Car,Diesel,4
13196,Truck,Hybrid,1
13197,Truck,Diesel,13
13198,Bus,Hybrid,14
13199,Truck,Hybrid,14
13200,Bus,Hybrid,4
13201,Bus,Diesel,14
13202,Bus,Hybrid,9
13203,Car,Diesel,6
13204,Car,Electric,10
13205,Bus,Electric,12
13206,Car,Electric,5
13207,Truck,Hybrid,5
13208,Car,Diesel,4
13209,Truck,Hybrid,13
13210,Truck,Diesel,13
13211,Car,Electric,14
13212,Car,Electric,8
13213,Bus,Electric,0
13214,Car,Hybrid,3
13215,Car,Hybrid,6
13216,Car,Diesel,0
13217,Truck,Diesel,12
13218,Truck,Electric,11
13219,Truck,Hybrid,10
13220,Bus,Hybrid,14
13221,Bus,Diesel,3
13222,Bus,Diesel,5
13223,Truck,Hybrid,9
13224,Car,Hybrid,7
13225,Bus,Diesel,6
13226,Bus,Hybrid,11
13227,Truck,Hybrid,8
13228,Bus,Electric,14
13229,Car,Hybrid,6
13230,Truck,Hybrid,2
13231,Truck,Hybrid,9
13232,Car,Diesel,3
13233,Car,Electric,2
13234,Car,Diesel,8
13235,Bus,Electric,14
13236,Car,Electric,10
13237,Truck,Hybrid,10
13238,Car,Electric,7
13239,Truck,Electric,9
13240,Truck,Hybrid,12
13241,Bus,Hybrid,8
13242,Car,Electric,9
13243,Bus,Diesel,9
13244,Car,Electric,1
13245,Car,Diesel,4
13246,Car,Diesel,4
13247,Car,Electric,6
13248,Car,Diesel,3
13249,Truck,Electric,3
13250,Truck,Diesel,7
13251,Car,Diesel,0
13252,Truck,Electric,5
13253,Bus,Hybrid,8
13254,Bus,Hybrid,12
13255,Bus,Electric,12
13256,Car,Electric,12
13257,Car,Hybrid,14
13258,Truck,Hybrid,1
13259,Truck,Diesel,4
13260,Truck,Diesel,9
13261,Bus,Diesel,9
13262,Bus,Hybrid,8
13263,Bus,Electric,14
13264,Bus,Diesel,10
13265,Truck,Electric,11
13266,Car,Hybrid,3
13267,Car,Diesel,14
13268,Bus,Hybrid,8
13269,Car,Electric,7
13270,Car,Diesel,8
13271,Car,Electric,12
13272,Bus,Electric,12
13273,Truck,Diesel,12
13274,Truck,Diesel,1
13275,Car,Hybrid,9
13276,Truck,Diesel,4
13277,Truck,Diesel,14
13278,Bus,Diesel,9
13279,Bus,Diesel,8
13280,Car,Diesel,4
13281,Car,Hybrid,11
13282,Car,Electric,3
13283,Bus,Hybrid,7
13284,Truck,Electric,5
13285,Bus,Diesel,1
13286,Bus,Hybrid,7
13287,Truck,Electric,11
13288,Truck,Electric,4
13289,Car,Diesel,6
13290,Truck,Diesel,3
13291,Truck,Electric,8
13292,Truck,Hybrid,1
13293,Truck,Electric,11
13294,Car,Hybrid,9
13295,Car,Hybrid,8
13296,Truck,Electric,3
13297,Truck,Hybrid,5
13298,Car,Electric,4
13299,Car,Electric,2
13300,Truck,Diesel,6
13301,Bus,Electric,3
13302,Car,Electric,0
13303,Car,Diesel,13
13304,Car,Diesel,13
13305,Truck,Hybrid,7
13306,Truck,Hybrid,2
13307,Car,Diesel,5
13308,Truck,Diesel,11
13309,Truck,Diesel,1
13310,Car,Electric,8
13311,Truck,Electric,3
13312,Bus,Electric,6
13313,Truck,Diesel,14
13314,Truck,Hybrid,8
13315,Car,Hybrid,12
13316,Car,Electric,10
13317,Bus,Electric,2
13318,Truck,Diesel,12
13319,Bus,Diesel,2
13320,Bus,Hybrid,2
13321,Car,Hybrid,13
13322,Truck,Diesel,14
13323,Car,Hybrid,4
13324,Bus,Hybrid,9
13325,Bus,Electric,5
13326,Car,Diesel,2
13327,Car,Diesel,9
13328,Car,Diesel,8
13329,Car,Electric,0
13330,Car,Diesel,6
13331,Bus,Hybrid,10
13332,Car,Electric,8
13333,Truck,Electric,4
13334,Bus,Diesel,2
13335,Bus,Hybrid,12
13336,Truck,Diesel,14
13337,Truck,Hybrid,9
13338,Bus,Diesel,3
13339,Car,Hybrid,7
13340,Bus,Hybrid,11
13341,Bus,Hybrid,13
13342,Truck,Electric,14
13343,Bus,Diesel,2
13344,Car,Diesel,14
13345,Truck,Diesel,4
13346,Bus,Electric,11
13347,Bus,Hybrid,2
13348,Car,Electric,14
13349,Bus,Electric,13
13350,Bus,Hybrid,14
13351,Bus,Diesel,11
13352,Bus,Electric,14
13353,Car,Hybrid,5
13354,Bus,Hybrid,11
13355,Bus,Diesel,0
13356,Bus,Hybrid,6
13357,Truck,Hybrid,14
13358,Car,Hybrid,14
13359,Truck,Diesel,10
13360,Truck,Diesel,13
13361,Car,Hybrid,5
13362,Truck,Hybrid,11
13363,Truck,Diesel,5
13364,Truck,Diesel,2
13365,Car,Diesel,0
13366,Bus,Electric,10
13367,Car,Diesel,14
13368,Car,Hybrid,0
13369,Car,Diesel,6
13370,Truck,Hybrid,3
13371,Bus,Hybrid,13
13372,Car,Hybrid,5
13373,Car,Diesel,3
13374,Bus,Diesel,7
13375,Bus,Diesel,11
13376,Bus,Diesel,8
13377,Truck,Diesel,1
13378,Bus,Electric,0
13379,Truck,Diesel,0
13380,Car,Electric,14
13381,Truck,Hybrid,13
13382,Bus,Hybrid,12
13383,Truck,Hybrid,11
13384,Bus,Hybrid,11
13385,Truck,Electric,6
13386,Car,Electric,12
13387,Truck,Hybrid,13
13388,Car,Diesel,1
13389,Bus,Hybrid,2
13390,Car,Hybrid,11
13391,Bus,Electric,3
13392,Bus,Hybrid,8
13393,Car,Electric,9
13394,Car,Electric,1
13395,Truck,Hybrid,13
13396,Truck,Diesel,9
13397,Car,Electric,1
13398,Car,Electric,12
13399,Car,Electric,0
13400,Car,Hybrid,14
13401,Bus,Hybrid,7
13402,Car,Electric,13
13403,Car,Diesel,14
13404,Car,Hybrid,12
13405,Car,Diesel,7
13406,Bus,Diesel,4
13407,Truck,Hybrid,2
13408,Truck,Electric,0
13409,Truck,Diesel,1
13410,Truck,Electric,13
13411,Truck,Diesel,8
13412,Bus,Electric,7
13413,Truck,Hybrid,9
13414,Bus,Diesel,10
13415,Bus,Diesel,3
13416,Truck,Diesel,12
13417,Truck,Electric,2
13418,Truck,Diesel,4
13419,Car,Diesel,7
13420,Bus,Electric,13
13421,Truck,Electric,9
13422,Car,Hybrid,5
13423,Bus,Electric,9
13424,Car,Diesel,14
13425,Car,Diesel,10
13426,Truck,Hybrid,3
13427,Bus,Hybrid,7
13428,Car,Diesel,3
13429,Bus,Electric,4
13430,Truck,Diesel,1
13431,Bus,Hybrid,9
13432,Car,Diesel,3
13433,Car,Diesel,14
13434,Bus,Diesel,9
13435,Car,Hybrid,13
13436,Car,Hybrid,9
13437,Car,Hybrid,2
13438,Truck,Electric,11
13439,Truck,Hybrid,14
13440,Car,Electric,11
13441,Bus,Electric,7
13442,Truck,Hybrid,7
13443,Bus,Electric,13
13444,Car,Electric,6
13445,Car,Diesel,5
13446,Bus,Electric,8
13447,Truck,Electric,13
13448,Bus,Hybrid,3
13449,Bus,Diesel,3
13450,Car,Electric,5
13451,Truck,Electric,0
13452,Bus,Electric,1
13453,Truck,Hybrid,1
13454,Car,Hybrid,12
13455,Truck,Diesel,9
13456,Car,Electric,3
13457,Truck,Diesel,4
13458,Bus,Hybrid,12
13459,Car,Electric,13
13460,Bus,Electric,13
13461,Car,Diesel,1
13462,Truck,Electric,7
13463,Truck,Hybrid,4
13464,Car,Diesel,7
13465,Car,Diesel,8
13466,Car,Electric,14
13467,Truck,Hybrid,12
13468,Car,Electric,10
13469,Car,Diesel,8
13470,Bus,Diesel,3
13471,Car,Hybrid,9
13472,Bus,Diesel,1
13473,Bus,Hybrid,13
13474,Bus,Electric,10
13475,Truck,Hybrid,1
13476,Bus,Electric,11
13477,Car,Electric,4
13478,Truck,Diesel,9
13479,Truck,Electric,3
13480,Truck,Diesel,5
13481,Truck,Hybrid,8
13482,Truck,Hybrid,6
13483,Truck,Electric,11
13484,Truck,Hybrid,13
13485,Bus,Electric,10
13486,Car,Hybrid,3
13487,Car,Electric,6
13488,Bus,Electric,1
13489,Bus,Hybrid,4
13490,Truck,Hybrid,11
13491,Truck,Hybrid,10
13492,Bus,Hybrid,8
13493,Truck,Electric,10
13494,Car,Electric,13
13495,Car,Hybrid,8
13496,Truck,Hybrid,3
13497,Truck,Diesel,7
13498,Truck,Electric,4
13499,Car,Electric,2
13500,Truck,Hybrid,12
13501,Bus,Diesel,5
13502,Truck,Hybrid,3
13503,Bus,Electric,12
13504,Truck,Electric,12
13505,Truck,Diesel,2
13506,Car,Hybrid,3
13507,Bus,Diesel,12
13508,Bus,Hybrid,0
13509,Bus,Diesel,9
13510,Car,Hybrid,7
13511,Bus,Hybrid,8
13512,Car,Hybrid,5
13513,Truck,Electric,4
13514,Truck,Hybrid,11
13515,Bus,Electric,8
13516,Truck,Diesel,3
13517,Truck,Hybrid,13
13518,Bus,Electric,0
13519,Truck,Diesel,11
13520,Bus,Hybrid,12
13521,Bus,Diesel,10
13522,Truck,Electric,6
13523,Truck,Electric,0
13524,Truck,Hybrid,13
13525,Truck,Electric,14
13526,Truck,Electric,11
13527,Car,Diesel,8
13528,Truck,Hybrid,3
13529,Car,Hybrid,11
13530,Bus,Hybrid,2
13531,Truck,Diesel,3
13532,Truck,Electric,0
13533,Truck,Hybrid,5
13534,Bus,Hybrid,6
13535,Car,Diesel,6
13536,Car,Diesel,4
13537,Truck,Hybrid,13
13538,Truck,Hybrid,9
13539,Truck,Diesel,11
13540,Truck,Diesel,9
13541,Bus,Diesel,4
13542,Truck,Diesel,5
13543,Bus,Electric,9
13544,Truck,Electric,11
13545,Car,Hybrid,7
13546,Car,Electric,8
13547,Truck,Diesel,13
13548,Truck,Hybrid,5
13549,Bus,Diesel,2
13550,Truck,Electric,5
13551,Truck,Diesel,14
13552,Truck,Hybrid,3
13553,Car,Electric,3
13554,Bus,Hybrid,10
13555,Car,Electric,10
13556,Bus,Diesel,6
13557,Car,Hybrid,5
13558,Truck,Electric,7
13559,Car,Electric,10
13560,Car,Electric,7
13561,Bus,Electric,2
13562,Bus,Diesel,10
13563,Car,Diesel,3
13564,Bus,Electric,1
13565,Bus,Diesel,0
13566,Bus,Diesel,6
13567,Bus,Electric,7
13568,Bus,Diesel,11
13569,Car,Hybrid,14
13570,Bus,Hybrid,7
13571,Truck,Diesel,12
13572,Car,Electric,5
13573,Car,Hybrid,6
13574,Car,Diesel,7
13575,Bus,Diesel,3
13576,Truck,Electric,7
13577,Bus,Electric,5
13578,Car,Diesel,11
13579,Car,Electric,6
13580,Car,Hybrid,9
13581,Car,Hybrid,13
13582,Bus,Diesel,6
13583,Truck,Diesel,7
13584,Truck,Electric,10
13585,Car,Hybrid,13
13586,Truck,Electric,14
13587,Car,Diesel,4
13588,Car,Diesel,1
13589,Truck,Diesel,7
13590,Car,Diesel,0
13591,Truck,Diesel,14
13592,Car,Diesel,12
13593,Truck,Electric,12
13594,Car,Electric,1
13595,Truck,Electric,4
13596,Car,Hybrid,3
13597,Car,Electric,11
13598,Car,Diesel,10
13599,Truck,Electric,1
13600,Bus,Electric,14
13601,Car,Hybrid,3
13602,Car,Diesel,6
13603,Truck,Hybrid,4
13604,Car,Hybrid,14
13605,Car,Hybrid,12
13606,Car,Electric,3
13607,Car,Diesel,1
13608,Bus,Diesel,1
13609,Bus,Hybrid,0
13610,Car,Diesel,9
13611,Car,Diesel,13
13612,Car,Hybrid,5
13613,Bus,Electric,5
13614,Bus,Hybrid,3
13615,Truck,Hybrid,8
13616,Truck,Electric,12
13617,Car,Electric,3
13618,Car,Electric,2
13619,Bus,Electric,10
13620,Car,Hybrid,9
13621,Car,Electric,8
13622,Bus,Diesel,0
13623,Bus,Hybrid,12
13624,Bus,Hybrid,14
13625,Bus,Electric,1
13626,Truck,Electric,0
13627,Bus,Diesel,6
13628,Bus,Electric,11
13629,Car,Hybrid,12
13630,Car,Electric,0
13631,Car,Diesel,10
13632,Truck,Hybrid,10
13633,Bus,Hybrid,0
13634,Bus,Electric,5
13635,Truck,Diesel,5
13636,Bus,Diesel,10
13637,Car,Electric,11
13638,Truck,Hybrid,4
13639,Bus,Hybrid,3
13640,Truck,Hybrid,7
13641,Truck,Electric,2
13642,Bus,Hybrid,0
13643,Car,Hybrid,0
13644,Bus,Electric,4
13645,Bus,Hybrid,2
13646,Car,Electric,2
13647,Bus,Diesel,10
13648,Bus,Diesel,14
13649,Bus,Electric,1
13650,Truck,Electric,8
13651,Truck,Electric,10
13652,Truck,Hybrid,12
13653,Bus,Hybrid,5
13654,Car,Electric,6
13655,Truck,Electric,1
13656,Car,Hybrid,10
13657,Bus,Hybrid,0
13658,Truck,Electric,7
13659,Bus,Hybrid,13
13660,Car,Hybrid,9
13661,Truck,Diesel,14
13662,Truck,Electric,3
13663,Truck,Electric,12
13664,Truck,Hybrid,8
13665,Car,Diesel,11
13666,Truck,Electric,8
13667,Bus,Electric,12
13668,Truck,Hybrid,10
13669,Car,Electric,11
13670,Truck,Hybrid,3
13671,Car,Diesel,9
13672,Car,Diesel,2
13673,Bus,Electric,4
13674,Truck,Hybrid,5
13675,Truck,Diesel,9
13676,Truck,Electric,3
13677,Bus,Electric,0
13678,Bus,Electric,6
13679,Car,Hybrid,14
13680,Car,Hybrid,4
13681,Car,Diesel,1
13682,Bus,Hybrid,13
13683,Bus,Hybrid,10
13684,Bus,Electric,13
13685,Car,Electric,8
13686,Bus,Diesel,7
13687,Car,Electric,9
13688,Car,Electric,6
13689,Truck,Electric,14
13690,Truck,Hybrid,12
13691,Truck,Electric,14
13692,Car,Diesel,8
13693,Truck,Diesel,9
13694,Truck,Electric,1
13695,Truck,Electric,13
13696,Bus,Diesel,12
13697,Car,Hybrid,2
13698,Truck,Electric,8
13699,Bus,Diesel,5
13700,Bus,Hybrid,1
13701,Bus,Diesel,5
13702,Truck,Hybrid,13
13703,Bus,Diesel,13
13704,Car,Diesel,4
13705,Bus,Hybrid,9
13706,Bus,Electric,4
13707,Bus,Diesel,4
13708,Bus,Electric,1
13709,Car,Diesel,13
13710,Truck,Hybrid,5
13711,Car,Electric,12
13712,Car,Hybrid,6
13713,Truck,Hybrid,8
13714,Bus,Electric,13
13715,Truck,Electric,4
13716,Truck,Electric,10
13717,Car,Hybrid,14
13718,Truck,Hybrid,10
13719,Bus,Hybrid,4
13720,Car,Electric,14
13721,Bus,Diesel,14
13722,Car,Electric,8
13723,Bus,Diesel,5
13724,Truck,Hybrid,6
13725,Truck,Diesel,3
13726,Truck,Electric,3
13727,Bus,Electric,0
13728,Car,Electric,10
13729,Car,Diesel,4
13730,Car,Electric,1
13731,Truck,Diesel,4
13732,Bus,Hybrid,4
13733,Car,Diesel,3
13734,Bus,Hybrid,14
13735,Car,Diesel,12
13736,Truck,Hybrid,11
13737,Bus,Electric,9
13738,Car,Diesel,12
13739,Car,Hybrid,8
13740,Car,Electric,4
13741,Car,Electric,5
13742,Truck,Hybrid,13
13743,Car,Hybrid,0
13744,Car,Diesel,11
13745,Truck,Hybrid,4
13746,Car,Hybrid,11
13747,Bus,Electric,8
13748,Bus,Hybrid,11
13749,Car,Hybrid,10
13750,Truck,Hybrid,5
13751,Truck,Electric,8
13752,Truck,Electric,11
13753,Car,Electric,12
13754,Car,Electric,3
13755,Bus,Diesel,1
13756,Truck,Electric,14
13757,Car,Electric,8
13758,Car,Diesel,3
13759,Car,Diesel,13
13760,Truck,Diesel,10
13761,Truck,Hybrid,13
13762,Bus,Electric,1
13763,Truck,Hybrid,0
13764,Car,Diesel,1
13765,Bus,Diesel,4
13766,Truck,Diesel,2
13767,Truck,Diesel,12
13768,Truck,Hybrid,5
13769,Truck,Diesel,13
13770,Car,Electric,3
13771,Truck,Electric,1
13772,Car,Electric,12
13773,Car,Hybrid,6
13774,Car,Diesel,11
13775,Bus,Hybrid,10
13776,Car,Electric,5
13777,Truck,Diesel,7
13778,Bus,Hybrid,12
13779,Truck,Diesel,9
13780,Car,Diesel,4
13781,Truck,Hybrid,2
13782,Bus,Electric,3
13783,Bus,Hybrid,4
13784,Truck,Hybrid,4
13785,Truck,Electric,5
13786,Truck,Hybrid,8
13787,Bus,Diesel,3
13788,Car,Electric,6
13789,Truck,Hybrid,6
13790,Car,Diesel,14
13791,Bus,Electric,5
13792,Truck,Hybrid,0
13793,Truck,Electric,8
13794,Bus,Diesel,5
13795,Truck,Diesel,2
13796,Car,Electric,10
13797,Bus,Diesel,1
13798,Bus,Diesel,13
13799,Truck,Electric,11
13800,Bus,Electric,11
13801,Truck,Hybrid,2
13802,Truck,Hybrid,10
13803,Bus,Electric,0
13804,Truck,Diesel,2
13805,Car,Diesel,14
13806,Car,Electric,4
13807,Truck,Electric,3
13808,Car,Electric,9
13809,Truck,Diesel,0
13810,Car,Hybrid,4
13811,Bus,Hybrid,2
13812,Truck,Diesel,9
13813,Truck,Hybrid,10
13814,Truck,Electric,13
13815,Truck,Electric,12
13816,Truck,Diesel,13
13817,Truck,Diesel,6
13818,Bus,Electric,13
13819,Bus,Electric,9
13820,Car,Diesel,13
13821,Truck,Diesel,10
13822,Car,Electric,12
13823,Car,Electric,7
13824,Bus,Hybrid,4
13825,Car,Hybrid,9
13826,Bus,Electric,7
13827,Car,Diesel,5
13828,Truck,Hybrid,5
13829,Car,Hybrid,4
13830,Bus,Electric,10
13831,Bus,Diesel,9
13832,Bus,Diesel,5
13833,Car,Electric,13
13834,Car,Diesel,0
13835,Bus,Electric,7
13836,Truck,Diesel,4
13837,Truck,Electric,7
13838,Car,Diesel,2
13839,Car,Electric,9
13840,Bus,Electric,5
13841,Car,Diesel,0
13842,Car,Electric,0
13843,Bus,Hybrid,3
13844,Bus,Diesel,13
13845,Car,Electric,11
13846,Truck,Diesel,13
13847,Car,Diesel,9
13848,Truck,Electric,12
13849,Truck,Hybrid,5
13850,Truck,Diesel,2
13851,Bus,Hybrid,12
13852,Bus,Hybrid,10
13853,Bus,Electric,10
13854,Car,Electric,11
13855,Bus,Diesel,11
13856,Bus,Electric,4
13857,Car,Diesel,9
13858,Car,Diesel,10
13859,Truck,Hybrid,3
13860,Car,Electric,9
13861,Car,Electric,11
13862,Bus,Diesel,2
13863,Truck,Hybrid,8
13864,Truck,Electric,3
13865,Car,Hybrid,9
13866,Bus,Hybrid,14
13867,Bus,Diesel,6
13868,Bus,Electric,4
13869,Bus,Electric,6
13870,Car,Electric,4
13871,Bus,Hybrid,2
13872,Truck,Electric,5
13873,Truck,Diesel,8
13874,Car,Hybrid,14
13875,Bus,Electric,14
13876,Bus,Hybrid,11
13877,Bus,Hybrid,5
13878,Bus,Hybrid,3
13879,Car,Diesel,14
13880,Bus,Electric,0
13881,Car,Electric,2
13882,Bus,Hybrid,2
13883,Bus,Electric,1
13884,Truck,Hybrid,9
13885,Car,Hybrid,14
13886,Truck,Hybrid,1
13887,Car,Diesel,7
13888,Bus,Electric,14
13889,Bus,Hybrid,7
13890,Car,Electric,2
13891,Truck,Diesel,3
13892,Car,Diesel,4
13893,Car,Hybrid,10
13894,Bus,Diesel,8
13895,Truck,Diesel,4
13896,Car,Diesel,10
13897,Truck,Diesel,5
13898,Truck,Diesel,6
13899,Car,Diesel,10
13900,Truck,Electric,1
13901,Bus,Diesel,3
13902,Bus,Electric,5
13903,Bus,Hybrid,3
13904,Bus,Diesel,4
13905,Truck,Diesel,2
13906,Bus,Electric,1
13907,Car,Diesel,13
13908,Bus,Electric,0
13909,Car,Electric,2
13910,Car,Diesel,9
13911,Bus,Hybrid,8
13912,Bus,Hybrid,0
13913,Truck,Hybrid,7
13914,Car,Electric,4
13915,Bus,Electric,11
13916,Truck,Diesel,3
13917,Bus,Electric,4
13918,Bus,Hybrid,10
13919,Bus,Diesel,6
13920,Car,Hybrid,13
13921,Bus,Diesel,7
13922,Truck,Hybrid,1
13923,Bus,Diesel,5
13924,Bus,Hybrid,13
13925,Truck,Electric,3
13926,Truck,Hybrid,13
13927,Car,Diesel,7
13928,Car,Hybrid,12
13929,Car,Electric,11
13930,Car,Diesel,3
13931,Truck,Electric,11
13932,Bus,Hybrid,2
13933,Bus,Diesel,4
13934,Bus,Hybrid,3
13935,Car,Diesel,14
13936,Truck,Electric,11
13937,Truck,Electric,4
13938,Truck,Electric,8
13939,Bus,Hybrid,13
13940,Car,Diesel,10
13941,Truck,Electric,2
13942,Car,Hybrid,14
13943,Truck,Hybrid,13
13944,Car,Diesel,1
13945,Truck,Electric,1
13946,Car,Hybrid,13
13947,Truck,Electric,8
13948,Truck,Diesel,6
13949,Car,Electric,9
13950,Car,Electric,11
13951,Bus,Hybrid,3
13952,Car,Hybrid,5
13953,Truck,Diesel,9
13954,Truck,Diesel,5
13955,Car,Diesel,2
13956,Bus,Hybrid,8
13957,Car,Diesel,3
13958,Truck,Diesel,0
13959,Truck,Hybrid,1
13960,Bus,Diesel,4
13961,Car,Hybrid,13
13962,Truck,Diesel,13
13963,Truck,Hybrid,7
13964,Truck,Electric,6
13965,Car,Hybrid,8
13966,Car,Hybrid,0
13967,Bus,Hybrid,1
13968,Truck,Diesel,14
13969,Truck,Hybrid,9
13970,Bus,Hybrid,3
13971,Truck,Diesel,6
13972,Bus,Electric,12
13973,Bus,Hybrid,14
13974,Truck,Diesel,12
13975,Car,Electric,0
13976,Car,Hybrid,4
13977,Car,Electric,1
13978,Car,Hybrid,13
13979,Truck,Hybrid,14
13980,Bus,Electric,1
13981,Bus,Electric,1
13982,Truck,Electric,14
13983,Car,Hybrid,8
13984,Bus,Hybrid,10
13985,Truck,Diesel,9
13986,Truck,Diesel,4
13987,Car,Diesel,14
13988,Truck,Hybrid,7
13989,Bus,Electric,12
13990,Bus,Diesel,9
13991,Truck,Hybrid,5
13992,Bus,Electric,10
13993,Truck,Diesel,0
13994,Bus,Electric,9
13995,Car,Electric,8
13996,Bus,Diesel,14
13997,Car,Diesel,6
13998,Car,Hybrid,10
13999,Truck,Electric,1
14000,Car,Diesel,13
14001,Bus,Diesel,7
14002,Bus,Electric,1
14003,Car,Electric,1
14004,Truck,Electric,3
14005,Car,Diesel,7
14006,Bus,Diesel,6
14007,Bus,Hybrid,1
14008,Car,Electric,9
14009,Car,Diesel,5
14010,Car,Diesel,10
14011,Bus,Electric,10
14012,Bus,Diesel,3
14013,Bus,Electric,9
14014,Truck,Diesel,12
14015,Bus,Electric,0
14016,Bus,Electric,7
14017,Truck,Diesel,7
14018,Truck,Electric,5
14019,Truck,Hybrid,9
14020,Truck,Hybrid,13
14021,Truck,Electric,6
14022,Truck,Hybrid,11
14023,Car,Diesel,12
14024,Car,Diesel,2
14025,Car,Electric,8
14026,Car,Diesel,3
14027,Bus,Diesel,10
14028,Truck,Hybrid,14
14029,Bus,Diesel,1
14030,Truck,Diesel,3
14031,Truck,Hybrid,1
14032,Bus,Electric,11
14033,Car,Electric,3
14034,Bus,Hybrid,1
14035,Bus,Hybrid,11
14036,Truck,Diesel,14
14037,Truck,Diesel,13
14038,Truck,Electric,10
14039,Car,Electric,14
14040,Bus,Hybrid,7
14041,Bus,Diesel,5
14042,Car,Hybrid,13
14043,Bus,Electric,7
14044,Bus,Electric,10
14045,Truck,Hybrid,0
14046,Car,Diesel,8
14047,Truck,Diesel,11
14048,Car,Hybrid,10
14049,Truck,Electric,13
14050,Bus,Hybrid,1
14051,Car,Hybrid,7
14052,Car,Diesel,3
14053,Truck,Electric,13
14054,Car,Electric,14
14055,Bus,Diesel,1
14056,Bus,Electric,12
14057,Bus,Electric,0
14058,Truck,Diesel,11
14059,Car,Electric,3
14060,Truck,Electric,9
14061,Bus,Hybrid,14
14062,Car,Electric,0
14063,Bus,Hybrid,7
14064,Car,Hybrid,1
14065,Car,Hybrid,7
14066,Truck,Diesel,9
14067,Car,Diesel,0
14068,Bus,Electric,6
14069,Car,Hybrid,6
14070,Bus,Electric,4
14071,Truck,Electric,2
14072,Bus,Electric,5
14073,Car,Electric,10
14074,Bus,Electric,4
14075,Bus,Hybrid,8
14076,Car,Hybrid,3
14077,Bus,Hybrid,8
14078,Car,Hybrid,13
14079,Truck,Diesel,9
14080,Bus,Hybrid,5
14081,Truck,Hybrid,8
14082,Bus,Hybrid,2
14083,Bus,Diesel,11
14084,Truck,Electric,13
14085,Bus,Diesel,12
14086,Bus,Hybrid,0
14087,Truck,Hybrid,11
14088,Bus,Diesel,5
14089,Car,Electric,3
14090,Bus,Diesel,10
14091,Bus,Diesel,9
14092,Bus,Hybrid,14
14093,Truck,Diesel,3
14094,Car,Diesel,3
14095,Car,Diesel,0
14096,Bus,Diesel,4
14097,Truck,Diesel,8
14098,Truck,Diesel,2
14099,Car,Hybrid,11
14100,Truck,Hybrid,1
14101,Bus,Hybrid,11
14102,Bus,Hybrid,1
14103,Truck,Diesel,14
14104,Bus,Diesel,9
14105,Car,Diesel,6
14106,Bus,Diesel,13
14107,Truck,Hybrid,5
14108,Car,Hybrid,14
14109,Bus,Diesel,1
14110,Car,Diesel,12
14111,Truck,Diesel,0
14112,Bus,Diesel,6
14113,Bus,Electric,13
14114,Car,Electric,14
14115,Bus,Electric,10
14116,Bus,Electric,5
14117,Bus,Diesel,4
14118,Bus,Diesel,4
14119,Truck,Diesel,9
14120,Bus,Electric,12
14121,Car,Electric,2
14122,Truck,Diesel,10
14123,Car,Electric,14
14124,Car,Hybrid,11
14125,Car,Electric,4
14126,Truck,Electric,13
14127,Truck,Electric,11
14128,Truck,Electric,5
14129,Bus,Diesel,10
14130,Car,Hybrid,6
14131,Truck,Diesel,6
14132,Car,Electric,12
14133,Truck,Electric,9
14134,Truck,Electric,9
14135,Truck,Electric,7
14136,Car,Electric,4
14137,Bus,Hybrid,13
14138,Truck,Diesel,3
14139,Truck,Electric,11
14140,Truck,Hybrid,6
14141,Bus,Diesel,1
14142,Car,Diesel,7
14143,Car,Diesel,3
14144,Car,Electric,9
14145,Car,Electric,0
14146,Truck,Hybrid,1
14147,Bus,Hybrid,14
14148,Truck,Diesel,0
14149,Bus,Electric,4
14150,Car,Diesel,0
14151,Bus,Diesel,10
14152,Truck,Hybrid,13
14153,Truck,Electric,11
14154,Car,Hybrid,8
14155,Truck,Electric,10
14156,Truck,Diesel,14
14157,Bus,Diesel,10
14158,Truck,Diesel,3
14159,Car,Electric,9
14160,Car,Diesel,2
14161,Truck,Electric,13
14162,Car,Electric,8
14163,Bus,Hybrid,3
14164,Bus,Diesel,0
14165,Truck,Hybrid,1
14166,Truck,Electric,3
14167,Bus,Diesel,10
14168,Car,Diesel,0
14169,Truck,Electric,5
14170,Truck,Diesel,6
14171,Car,Electric,0
14172,Truck,Diesel,5
14173,Car,Diesel,2
14174,Car,Electric,6
14175,Car,Hybrid,10
14176,Car,Electric,1
14177,Car,Diesel,1
14178,Bus,Electric,14
14179,Car,Electric,10
14180,Bus,Electric,14
14181,Car,Diesel,3
14182,Truck,Hybrid,10
14183,Bus,Hybrid,7
14184,Truck,Diesel,2
14185,Car,Hybrid,7
14186,Car,Electric,6
14187,Truck,Electric,4
14188,Car,Hybrid,14
14189,Truck,Hybrid,11
14190,Car,Hybrid,3
14191,Car,Electric,13
14192,Bus,Electric,9
14193,Truck,Diesel,9
14194,Car,Diesel,1
14195,Truck,Electric,8
14196,Bus,Electric,3
14197,Truck,Diesel,4
14198,Bus,Diesel,1
14199,Truck,Electric,1
14200,Truck,Hybrid,1
14201,Bus,Electric,9
14202,Car,Hybrid,1
14203,Car,Electric,8
14204,Car,Diesel,12
14205,Truck,Diesel,11
14206,Truck,Diesel,4
14207,Car,Electric,10
14208,Truck,Electric,5
14209,Truck,Electric,3
14210,Car,Hybrid,1
14211,Bus,Electric,2
14212,Truck,Hybrid,13
14213,Truck,Hybrid,2
14214,Truck,Hybrid,14
14215,Truck,Diesel,10
14216,Bus,Hybrid,10
14217,Car,Hybrid,9
14218,Truck,Diesel,7
14219,Car,Hybrid,7
14220,Truck,Electric,14
14221,Bus,Electric,5
14222,Car,Diesel,10
14223,Bus,Diesel,12
14224,Truck,Hybrid,9
14225,Bus,Hybrid,10
14226,Bus,Hybrid,7
14227,Truck,Diesel,2
14228,Truck,Hybrid,6
14229,Car,Electric,4
14230,Truck,Electric,13
14231,Car,Hybrid,8
14232,Bus,Diesel,8
14233,Bus,Electric,4
14234,Car,Diesel,5
14235,Truck,Electric,0
14236,Truck,Hybrid,11
14237,Bus,Hybrid,13
14238,Car,Diesel,11
14239,Bus,Hybrid,13
14240,Bus,Diesel,3
14241,Truck,Diesel,14
14242,Car,Electric,0
14243,Bus,Electric,3
14244,Truck,Hybrid,11
14245,Bus,Diesel,0
14246,Bus,Electric,12
14247,Truck,Hybrid,13
14248,Truck,Hybrid,9
14249,Car,Electric,3
14250,Bus,Hybrid,5
14251,Car,Electric,8
14252,Truck,Diesel,1
14253,Truck,Hybrid,1
14254,Bus,Diesel,5
14255,Car,Electric,10
14256,Car,Diesel,9
14257,Bus,Electric,11
14258,Bus,Hybrid,12
14259,Car,Hybrid,5
14260,Truck,Hybrid,11
14261,Truck,Diesel,2
14262,Bus,Diesel,1
14263,Car,Diesel,13
14264,Car,Electric,2
14265,Car,Hybrid,11
14266,Truck,Diesel,11
14267,Truck,Electric,3
14268,Car,Diesel,12
14269,Car,Electric,3
14270,Bus,Hybrid,6
14271,Bus,Diesel,3
14272,Car,Hybrid,9
14273,Car,Diesel,13
14274,Truck,Electric,5
14275,Car,Hybrid,5
14276,Bus,Diesel,12
14277,Truck,Diesel,13
14278,Bus,Hybrid,9
14279,Bus,Electric,2
14280,Truck,Hybrid,8
14281,Bus,Diesel,14
14282,Car,Hybrid,13
14283,Bus,Hybrid,9
14284,Truck,Electric,13
14285,Truck,Electric,4
14286,Truck,Hybrid,9
14287,Bus,Electric,14
14288,Car,Electric,14
14289,Truck,Diesel,8
14290,Car,Electric,9
14291,Truck,Hybrid,5
14292,Car,Hybrid,5
14293,Car,Diesel,8
14294,Car,Diesel,12
14295,Truck,Diesel,9
14296,Bus,Hybrid,14
14297,Bus,Hybrid,12
14298,Bus,Electric,4
14299,Car,Diesel,2
14300,Truck,Electric,2
14301,Car,Electric,1
14302,Truck,Hybrid,1
14303,Car,Electric,13
14304,Truck,Diesel,5
14305,Truck,Diesel,7
14306,Truck,Hybrid,12
14307,Car,Hybrid,10
14308,Bus,Hybrid,7
14309,Car,Diesel,7
14310,Car,Hybrid,9
14311,Truck,Diesel,6
14312,Truck,Electric,1
14313,Bus,Hybrid,14
14314,Bus,Hybrid,9
14315,Truck,Hybrid,10
14316,Bus,Diesel,1
14317,Bus,Electric,12
14318,Truck,Hybrid,9
14319,Car,Electric,6
14320,Bus,Hybrid,3
14321,Truck,Diesel,5
14322,Bus,Electric,8
14323,Bus,Electric,4
14324,Truck,Hybrid,9
14325,Bus,Electric,3
14326,Bus,Diesel,2
14327,Bus,Electric,6
14328,Car,Electric,6
14329,Car,Electric,6
14330,Bus,Electric,4
14331,Truck,Hybrid,12
14332,Bus,Hybrid,9
14333,Bus,Electric,7
14334,Car,Electric,10
14335,Car,Diesel,1
14336,Car,Hybrid,3
14337,Bus,Hybrid,0
14338,Bus,Hybrid,5
14339,Truck,Electric,5
14340,Bus,Hybrid,2
14341,Bus,Diesel,0
14342,Car,Diesel,11
14343,Car,Diesel,4
14344,Car,Diesel,11
14345,Car,Diesel,13
14346,Car,Hybrid,0
14347,Truck,Electric,2
14348,Truck,Electric,7
14349,Truck,Electric,9
14350,Car,Electric,8
14351,Car,Hybrid,2
14352,Car,Hybrid,8
14353,Truck,Hybrid,6
14354,Car,Diesel,7
14355,Truck,Electric,5
14356,Car,Hybrid,14
14357,Bus,Hybrid,12
14358,Truck,Hybrid,13
14359,Bus,Electric,4
14360,Truck,Electric,9
14361,Car,Diesel,12
14362,Car,Diesel,7
14363,Bus,Diesel,11
14364,Car,Electric,13
14365,Truck,Diesel,13
14366,Car,Diesel,14
14367,Car,Hybrid,13
14368,Truck,Electric,1
14369,Bus,Diesel,6
14370,Bus,Diesel,13
14371,Car,Electric,0
14372,Truck,Diesel,6
14373,Bus,Electric,14
14374,Bus,Electric,5
14375,Car,Electric,3
14376,Truck,Diesel,2
14377,Bus,Diesel,8
14378,Car,Diesel,5
14379,Car,Electric,13
14380,Car,Diesel,5
14381,Car,Hybrid,12
14382,Bus,Electric,0
14383,Truck,Diesel,4
14384,Car,Electric,14
14385,Car,Diesel,11
14386,Bus,Electric,6
14387,Car,Hybrid,13
14388,Car,Electric,3
14389,Truck,Electric,11
14390,Car,Electric,13
14391,Bus,Diesel,1
14392,Truck,Electric,14
14393,Bus,Diesel,12
14394,Truck,Electric,8
14395,Truck,Diesel,5
14396,Car,Diesel,8
14397,Car,Diesel,7
14398,Car,Diesel,14
14399,Bus,Electric,0
14400,Car,Electric,1
14401,Car,Diesel,1
14402,Truck,Diesel,12
14403,Car,Diesel,1
14404,Car,Hybrid,13
14405,Car,Hybrid,3
14406,Car,Electric,6
14407,Truck,Hybrid,6
14408,Car,Hybrid,0
14409,Truck,Diesel,7
14410,Bus,Diesel,3
14411,Car,Hybrid,7
14412,Car,Hybrid,9
14413,Car,Hybrid,8
14414,Truck,Diesel,6
14415,Car,Electric,2
14416,Car,Hybrid,11
14417,Bus,Electric,2
14418,Truck,Electric,4
14419,Truck,Hybrid,6
14420,Bus,Electric,13
14421,Truck,Diesel,11
14422,Car,Hybrid,6
14423,Car,Hybrid,8
14424,Bus,Hybrid,14
14425,Truck,Hybrid,0
14426,Truck,Diesel,13
14427,Truck,Diesel,2
14428,Bus,Electric,0
14429,Car,Hybrid,5
14430,Bus,Hybrid,11
14431,Car,Electric,9
14432,Bus,Diesel,6
14433,Car,Hybrid,1
14434,Truck,Electric,13
14435,Truck,Diesel,8
14436,Truck,Electric,12
14437,Bus,Electric,11
14438,Bus,Diesel,4
14439,Bus,Hybrid,2
14440,Truck,Diesel,13
14441,Car,Hybrid,6
14442,Truck,Diesel,6
14443,Truck,Hybrid,0
14444,Car,Hybrid,5
14445,Car,Electric,14
14446,Car,Electric,2
14447,Car,Hybrid,14
14448,Truck,Diesel,6
14449,Bus,Hybrid,4
14450,Truck,Diesel,14
14451,Car,Hybrid,3
14452,Bus,Diesel,12
14453,Bus,Electric,9
14454,Truck,Diesel,6
14455,Truck,Electric,12
14456,Truck,Diesel,12
14457,Bus,Electric,14
14458,Bus,Diesel,12
14459,Bus,Hybrid,6
14460,Car,Diesel,7
14461,Car,Electric,4
14462,Truck,Electric,3
14463,Bus,Diesel,0
14464,Truck,Hybrid,3
14465,Bus,Diesel,13
14466,Truck,Diesel,10
14467,Car,Electric,9
14468,Bus,Hybrid,0
14469,Car,Hybrid,6
14470,Bus,Hybrid,5
14471,Truck,Hybrid,6
14472,Bus,Diesel,7
14473,Car,Hybrid,14
14474,Bus,Hybrid,5
14475,Truck,Hybrid,1
14476,Bus,Electric,1
14477,Car,Electric,8
14478,Truck,Electric,5
14479,Car,Hybrid,5
14480,Bus,Diesel,0
14481,Car,Diesel,7
14482,Bus,Electric,13
14483,Truck,Electric,10
14484,Car,Hybrid,7
14485,Car,Electric,3
14486,Bus,Electric,6
14487,Car,Electric,14
14488,Car,Electric,8
14489,Truck,Diesel,13
14490,Bus,Hybrid,10
14491,Bus,Diesel,12
14492,Truck,Electric,0
14493,Truck,Hybrid,11
14494,Bus,Hybrid,12
14495,Truck,Diesel,4
14496,Truck,Diesel,12
14497,Truck,Electric,7
14498,Bus,Diesel,6
14499,Truck,Electric,12
14500,Car,Electric,9
14501,Car,Electric,3
14502,Bus,Hybrid,2
14503,Truck,Hybrid,0
14504,Car,Diesel,2
14505,Bus,Diesel,14
14506,Car,Hybrid,1
14507,Truck,Diesel,4
14508,Bus,Electric,13
14509,Car,Electric,0
14510,Bus,Hybrid,3
14511,Car,Diesel,7
14512,Car,Diesel,8
14513,Truck,Hybrid,14
14514,Truck,Electric,0
14515,Car,Electric,2
14516,Bus,Diesel,5
14517,Bus,Hybrid,4
14518,Truck,Hybrid,11
14519,Car,Electric,0
14520,Truck,Electric,1
14521,Car,Diesel,1
14522,Car,Hybrid,6
14523,Truck,Diesel,5
14524,Bus,Diesel,12
14525,Truck,Hybrid,14
14526,Car,Hybrid,5
14527,Truck,Electric,0
14528,Bus,Hybrid,12
14529,Bus,Diesel,0
14530,Car,Diesel,3
14531,Truck,Hybrid,9
14532,Bus,Diesel,14
14533,Truck,Hybrid,5
14534,Bus,Electric,10
14535,Car,Electric,5
14536,Car,Hybrid,4
14537,Truck,Diesel,3
14538,Car,Hybrid,1
14539,Bus,Hybrid,6
14540,Car,Electric,11
14541,Bus,Hybrid,5
14542,Bus,Electric,6
14543,Car,Electric,13
14544,Bus,Hybrid,2
14545,Bus,Hybrid,0
14546,Truck,Hybrid,0
14547,Truck,Hybrid,3
14548,Truck,Electric,3
14549,Car,Hybrid,6
14550,Truck,Electric,12
14551,Bus,Electric,6
14552,Car,Diesel,3
14553,Car,Electric,6
14554,Car,Diesel,7
14555,Car,Hybrid,8
14556,Bus,Diesel,5
14557,Bus,Hybrid,14
14558,Truck,Electric,3
14559,Car,Diesel,9
14560,Truck,Hybrid,1
14561,Bus,Hybrid,8
14562,Car,Diesel,11
14563,Bus,Diesel,6
14564,Truck,Hybrid,5
14565,Bus,Hybrid,3
14566,Car,Electric,3
14567,Car,Hybrid,1
14568,Truck,Diesel,0
14569,Car,Hybrid,4
14570,Bus,Hybrid,5
14571,Bus,Diesel,9
14572,Bus,Electric,8
14573,Bus,Hybrid,0
14574,Truck,Diesel,4
14575,Bus,Diesel,10
14576,Truck,Diesel,12
14577,Bus,Diesel,4
14578,Truck,Electric,8
14579,Bus,Diesel,10
14580,Bus,Hybrid,10
14581,Truck,Electric,3
14582,Car,Diesel,12
14583,Car,Hybrid,12
14584,Car,Electric,2
14585,Truck,Hybrid,2
14586,Car,Electric,5
14587,Car,Diesel,14
14588,Truck,Hybrid,10
14589,Car,Diesel,0
14590,Car,Electric,0
14591,Car,Diesel,0
14592,Truck,Diesel,6
14593,Truck,Hybrid,13
14594,Car,Diesel,4
14595,Car,Diesel,13
14596,Truck,Diesel,13
14597,Car,Electric,10
14598,Truck,Hybrid,14
14599,Car,Hybrid,8
14600,Truck,Diesel,11
14601,Bus,Hybrid,10
14602,Bus,Electric,13
14603,Truck,Electric,14
14604,Bus,Diesel,2
14605,Car,Diesel,5
14606,Truck,Electric,6
14607,Truck,Electric,2
14608,Car,Electric,8
14609,Car,Diesel,1
14610,Truck,Electric,11
14611,Car,Diesel,11
14612,Truck,Electric,6
14613,Car,Electric,9
14614,Truck,Hybrid,3
14615,Car,Electric,14
14616,Car,Diesel,8
14617,Bus,Electric,6
14618,Bus,Hybrid,7
14619,Bus,Electric,10
14620,Car,Electric,9
14621,Truck,Electric,2
14622,Car,Diesel,5
14623,Bus,Electric,3
14624,Car,Electric,12
14625,Bus,Electric,3
14626,Bus,Hybrid,11
14627,Truck,Diesel,1
14628,Truck,Diesel,10
14629,Bus,Hybrid,9
14630,Bus,Diesel,8
14631,Car,Hybrid,10
14632,Bus,Electric,0
14633,Car,Diesel,0
14634,Bus,Electric,6
14635,Truck,Electric,14
14636,Truck,Diesel,9
14637,Bus,Electric,6
14638,Car,Electric,3
14639,Car,Hybrid,13
14640,Car,Diesel,7
14641,Bus,Electric,4
14642,Bus,Hybrid,5
14643,Truck,Diesel,11
14644,Truck,Electric,3
14645,Bus,Electric,2
14646,Truck,Electric,1
14647,Car,Electric,7
14648,Car,Electric,10
14649,Bus,Diesel,4
14650,Car,Diesel,9
14651,Bus,Hybrid,5
14652,Car,Hybrid,13
14653,Bus,Hybrid,5
14654,Car,Diesel,3
14655,Car,Diesel,8
14656,Truck,Diesel,6
14657,Truck,Electric,11
14658,Truck,Diesel,11
14659,Truck,Diesel,9
14660,Truck,Electric,11
14661,Truck,Hybrid,12
14662,Bus,Hybrid,7
14663,Bus,Hybrid,6
14664,Truck,Electric,3
14665,Bus,Electric,8
14666,Truck,Electric,1
14667,Bus,Diesel,13
14668,Car,Hybrid,4
14669,Bus,Electric,13
14670,Bus,Electric,1
14671,Bus,Hybrid,7
14672,Car,Hybrid,8
14673,Truck,Diesel,2
14674,Bus,Hybrid,4
14675,Bus,Electric,8
14676,Car,Diesel,5
14677,Truck,Hybrid,2
14678,Bus,Diesel,5
14679,Car,Electric,8
14680,Truck,Electric,10
14681,Truck,Electric,10
14682,Bus,Electric,9
14683,Bus,Diesel,6
14684,Bus,Diesel,3
14685,Bus,Electric,3
14686,Car,Diesel,0
14687,Car,Electric,2
14688,Bus,Electric,11
14689,Truck,Hybrid,8
14690,Bus,Diesel,0
14691,Truck,Hybrid,12
14692,Truck,Electric,1
14693,Truck,Hybrid,1
14694,Car,Electric,7
14695,Truck,Electric,5
14696,Truck,Electric,6
14697,Car,Diesel,10
14698,Truck,Electric,3
14699,Truck,Electric,10
14700,Bus,Diesel,3
14701,Truck,Diesel,3
14702,Truck,Electric,11
14703,Truck,Diesel,5
14704,Truck,Electric,11
14705,Truck,Hybrid,11
14706,Car,Diesel,12
14707,Truck,Hybrid,12
14708,Truck,Electric,3
14709,Car,Diesel,13
14710,Car,Diesel,0
14711,Truck,Electric,0
14712,Truck,Diesel,7
14713,Truck,Diesel,1
14714,Bus,Diesel,11
14715,Bus,Hybrid,8
14716,Truck,Electric,9
14717,Car,Electric,7
14718,Truck,Electric,14
14719,Car,Diesel,0
14720,Car,Diesel,9
14721,Car,Diesel,10
14722,Truck,Electric,7
14723,Truck,Hybrid,8
14724,Car,Electric,3
14725,Bus,Electric,6
14726,Bus,Hybrid,3
14727,Bus,Diesel,12
14728,Car,Diesel,2
14729,Truck,Electric,10
14730,Car,Hybrid,0
14731,Bus,Electric,1
14732,Truck,Electric,6
14733,Car,Hybrid,5
14734,Car,Hybrid,14
14735,Bus,Diesel,14
14736,Car,Electric,12
14737,Truck,Hybrid,7
14738,Bus,Hybrid,10
14739,Bus,Hybrid,2
14740,Truck,Hybrid,5
14741,Bus,Electric,11
14742,Car,Electric,5
14743,Car,Electric,11
14744,Bus,Hybrid,1
14745,Truck,Diesel,0
14746,Car,Hybrid,1
14747,Truck,Electric,8
14748,Car,Electric,12
14749,Car,Electric,5
14750,Bus,Diesel,2
14751,Bus,Diesel,14
14752,Truck,Electric,9
14753,Bus,Hybrid,6
14754,Car,Electric,0
14755,Car,Electric,13
14756,Truck,Diesel,12
14757,Truck,Diesel,7
14758,Car,Diesel,9
14759,Bus,Diesel,6
14760,Bus,Electric,2
14761,Truck,Hybrid,12
14762,Truck,Electric,3
14763,Car,Electric,10
14764,Car,Hybrid,6
14765,Truck,Electric,3
14766,Car,Hybrid,4
14767,Truck,Diesel,12
14768,Truck,Diesel,11
14769,Bus,Diesel,0
14770,Truck,Hybrid,13
14771,Car,Electric,4
14772,Bus,Diesel,9
14773,Bus,Diesel,13
14774,Car,Electric,9
14775,Car,Diesel,12
14776,Car,Diesel,13
14777,Truck,Hybrid,11
14778,Bus,Electric,3
14779,Truck,Hybrid,2
14780,Truck,Diesel,11
14781,Truck,Diesel,8
14782,Truck,Electric,0
14783,Bus,Diesel,9
14784,Bus,Hybrid,4
14785,Truck,Hybrid,9
14786,Car,Electric,12
14787,Bus,Electric,1
14788,Truck,Diesel,4
14789,Car,Electric,4
14790,Car,Electric,9
14791,Truck,Diesel,10
14792,Bus,Diesel,0
14793,Car,Hybrid,3
14794,Bus,Hybrid,6
14795,Bus,Electric,14
14796,Car,Diesel,0
14797,Truck,Electric,11
14798,Car,Hybrid,12
14799,Car,Electric,13
14800,Bus,Hybrid,9
14801,Truck,Hybrid,14
14802,Bus,Electric,1
14803,Car,Hybrid,3
14804,Truck,Hybrid,9
14805,Truck,Diesel,1
14806,Truck,Electric,1
14807,Truck,Electric,0
14808,Truck,Electric,1
14809,Car,Hybrid,2
14810,Car,Hybrid,3
14811,Car,Hybrid,0
14812,Bus,Electric,0
14813,Truck,Diesel,6
14814,Truck,Electric,4
14815,Car,Electric,12
14816,Truck,Electric,6
14817,Bus,Diesel,9
14818,Truck,Electric,8
14819,Truck,Diesel,13
14820,Bus,Diesel,14
14821,Car,Electric,0
14822,Car,Electric,7
14823,Truck,Electric,9
14824,Bus,Hybrid,14
14825,Car,Diesel,3
14826,Car,Electric,8
14827,Car,Diesel,12
14828,Truck,Hybrid,1
14829,Bus,Hybrid,8
14830,Truck,Electric,7
14831,Car,Diesel,13
14832,Bus,Hybrid,5
14833,Truck,Hybrid,4
14834,Car,Diesel,2
14835,Car,Hybrid,0
14836,Truck,Diesel,14
14837,Car,Electric,5
14838,Car,Diesel,9
14839,Bus,Electric,4
14840,Car,Diesel,7
14841,Truck,Hybrid,0
14842,Bus,Electric,12
14843,Truck,Diesel,9
14844,Car,Electric,0
14845,Bus,Diesel,6
14846,Bus,Diesel,14
14847,Bus,Electric,7
14848,Bus,Electric,13
14849,Truck,Electric,9
14850,Car,Hybrid,11
14851,Car,Diesel,0
14852,Bus,Diesel,8
14853,Car,Electric,6
14854,Truck,Diesel,6
14855,Car,Diesel,7
14856,Truck,Diesel,13
14857,Truck,Electric,7
14858,Car,Diesel,12
14859,Truck,Diesel,0
14860,Truck,Hybrid,3
14861,Truck,Hybrid,12
14862,Truck,Electric,12
14863,Bus,Diesel,10
14864,Car,Diesel,8
14865,Bus,Hybrid,2
14866,Truck,Electric,5
14867,Car,Electric,3
14868,Truck,Diesel,0
14869,Car,Hybrid,2
14870,Bus,Hybrid,2
14871,Car,Hybrid,14
14872,Truck,Diesel,12
14873,Car,Diesel,2
14874,Car,Diesel,10
14875,Bus,Hybrid,5
14876,Truck,Electric,8
14877,Car,Diesel,6
14878,Bus,Diesel,6
14879,Car,Electric,0
14880,Truck,Electric,12
14881,Car,Hybrid,14
14882,Car,Diesel,8
14883,Car,Hybrid,3
14884,Car,Diesel,12
14885,Truck,Hybrid,7
14886,Bus,Hybrid,11
14887,Bus,Electric,0
14888,Car,Diesel,7
14889,Truck,Electric,8
14890,Truck,Electric,4
14891,Truck,Electric,6
14892,Truck,Diesel,10
14893,Truck,Hybrid,9
14894,Truck,Hybrid,1
14895,Car,Diesel,0
14896,Bus,Diesel,11
14897,Bus,Hybrid,12
14898,Car,Hybrid,10
14899,Bus,Electric,5
14900,Truck,Hybrid,8
14901,Truck,Electric,11
14902,Bus,Hybrid,0
14903,Truck,Hybrid,13
14904,Truck,Hybrid,9
14905,Bus,Electric,0
14906,Car,Electric,3
14907,Bus,Hybrid,9
14908,Bus,Electric,5
14909,Bus,Electric,13
14910,Bus,Electric,14
14911,Car,Electric,8
14912,Car,Diesel,1
14913,Truck,Electric,13
14914,Truck,Hybrid,4
14915,Bus,Electric,6
14916,Truck,Hybrid,11
14917,Car,Electric,3
14918,Truck,Hybrid,12
14919,Truck,Diesel,5
14920,Truck,Hybrid,5
14921,Bus,Electric,3
14922,Truck,Electric,3
14923,Car,Hybrid,8
14924,Car,Diesel,10
14925,Car,Electric,0
14926,Car,Electric,12
14927,Truck,Hybrid,4
14928,Bus,Hybrid,10
14929,Car,Diesel,8
14930,Car,Hybrid,8
14931,Bus,Electric,8
14932,Bus,Hybrid,1
14933,Car,Diesel,6
14934,Car,Diesel,13
14935,Bus,Electric,9
14936,Car,Hybrid,7
14937,Car,Electric,0
14938,Truck,Diesel,1
14939,Bus,Diesel,0
14940,Truck,Hybrid,12
14941,Truck,Hybrid,8
14942,Bus,Electric,9
14943,Truck,Diesel,10
14944,Car,Electric,4
14945,Truck,Electric,3
14946,Bus,Electric,7
14947,Car,Diesel,2
14948,Car,Hybrid,7
14949,Car,Diesel,2
14950,Car,Electric,5
14951,Truck,Diesel,3
14952,Truck,Electric,12
14953,Car,Electric,13
14954,Bus,Hybrid,14
14955,Car,Electric,14
14956,Truck,Diesel,7
14957,Car,Hybrid,6
14958,Truck,Hybrid,11
14959,Car,Hybrid,4
14960,Bus,Hybrid,12
14961,Car,Hybrid,13
14962,Bus,Diesel,14
14963,Bus,Electric,12
14964,Car,Electric,2
14965,Bus,Electric,4
14966,Bus,Electric,13
14967,Truck,Hybrid,3
14968,Truck,Electric,7
14969,Bus,Electric,10
14970,Car,Hybrid,4
14971,Bus,Hybrid,9
14972,Car,Hybrid,9
14973,Truck,Electric,4
14974,Car,Hybrid,1
14975,Bus,Hybrid,8
14976,Bus,Diesel,14
14977,Bus,Diesel,5
14978,Bus,Electric,10
14979,Bus,Hybrid,0
14980,Car,Electric,2
14981,Bus,Diesel,3
14982,Truck,Diesel,9
14983,Bus,Hybrid,9
14984,Car,Electric,13
14985,Bus,Diesel,1
14986,Bus,Hybrid,12
14987,Car,Electric,10
14988,Bus,Hybrid,12
14989,Car,Hybrid,9
14990,Bus,Diesel,14
14991,Truck,Electric,3
14992,Bus,Diesel,1
14993,Car,Electric,14
14994,Truck,Electric,14
14995,Car,Hybrid,5
14996,Bus,Hybrid,12
14997,Truck,Electric,9
14998,Car,Hybrid,14
14999,Truck,Diesel,8
15000,Truck,Electric,0
15001,Car,Diesel,4
15002,Truck,Hybrid,8
15003,Car,Electric,10
15004,Truck,Hybrid,6
15005,Truck,Diesel,13
15006,Truck,Electric,10
15007,Bus,Hybrid,5
15008,Bus,Diesel,6
15009,Car,Diesel,13
15010,Truck,Hybrid,12
15011,Car,Electric,8
15012,Bus,Hybrid,2
15013,Bus,Electric,7
15014,Bus,Diesel,0
15015,Bus,Diesel,9
15016,Car,Diesel,5
15017,Truck,Hybrid,8
15018,Car,Hybrid,0
15019,Truck,Hybrid,4
15020,Bus,Diesel,7
15021,Truck,Electric,14
15022,Bus,Hybrid,9
15023,Car,Hybrid,14
15024,Truck,Hybrid,10
15025,Car,Diesel,5
15026,Bus,Electric,5
15027,Car,Electric,13
15028,Bus,Electric,2
15029,Bus,Hybrid,7
15030,Bus,Hybrid,13
15031,Car,Electric,0
15032,Car,Diesel,11
15033,Truck,Electric,3
15034,Truck,Hybrid,7
15035,Car,Electric,5
15036,Car,Electric,10
15037,Car,Electric,8
15038,Car,Diesel,0
15039,Bus,Hybrid,14
15040,Bus,Hybrid,14
15041,Bus,Electric,1
15042,Car,Hybrid,12
15043,Bus,Diesel,11
15044,Bus,Electric,13
15045,Truck,Diesel,0
15046,Truck,Electric,10
15047,Bus,Electric,3
15048,Bus,Electric,12
15049,Bus,Diesel,8
15050,Car,Hybrid,3
15051,Truck,Hybrid,8
15052,Truck,Hybrid,5
15053,Truck,Hybrid,4
15054,Bus,Diesel,9
15055,Car,Hybrid,3
15056,Truck,Hybrid,12
15057,Truck,Electric,9
15058,Car,Diesel,1
15059,Bus,Electric,12
15060,Bus,Hybrid,7
15061,Truck,Electric,2
15062,Truck,Hybrid,14
15063,Car,Electric,12
15064,Truck,Diesel,0
15065,Car,Electric,10
15066,Truck,Electric,9
15067,Truck,Electric,6
15068,Truck,Electric,14
15069,Bus,Hybrid,7
15070,Car,Electric,6
15071,Car,Diesel,3
15072,Bus,Electric,7
15073,Bus,Diesel,9
15074,Bus,Electric,3
15075,Car,Hybrid,14
15076,Truck,Diesel,11
15077,Bus,Diesel,4
15078,Bus,Electric,7
15079,Bus,Hybrid,12
15080,Truck,Hybrid,1
15081,Truck,Diesel,12
15082,Bus,Electric,9
15083,Truck,Hybrid,14
15084,Bus,Hybrid,7
15085,Truck,Hybrid,14
15086,Car,Electric,4
15087,Car,Electric,4
15088,Truck,Diesel,6
15089,Car,Electric,3
15090,Car,Hybrid,2
15091,Car,Diesel,12
15092,Bus,Electric,5
15093,Truck,Hybrid,13
15094,Truck,Hybrid,5
15095,Truck,Diesel,12
15096,Car,Diesel,9
15097,Bus,Electric,11
15098,Truck,Electric,5
15099,Car,Diesel,6
15100,Bus,Diesel,3
15101,Bus,Hybrid,2
15102,Truck,Electric,2
15103,Truck,Hybrid,2
15104,Car,Diesel,14
15105,Truck,Diesel,12
15106,Car,Diesel,1
15107,Bus,Electric,5
15108,Bus,Diesel,0
15109,Bus,Diesel,5
15110,Bus,Electric,7
15111,Truck,Diesel,5
15112,Truck,Electric,1
15113,Car,Diesel,6
15114,Car,Electric,11
15115,Car,Electric,2
15116,Car,Electric,8
15117,Car,Electric,11
15118,Bus,Hybrid,10
15119,Bus,Electric,7
15120,Bus,Electric,5
15121,Car,Electric,0
15122,Bus,Electric,1
15123,Bus,Diesel,13
15124,Bus,Diesel,11
15125,Bus,Electric,12
15126,Truck,Electric,7
15127,Car,Hybrid,5
15128,Car,Electric,0
15129,Truck,Electric,8
15130,Bus,Electric,13
15131,Bus,Diesel,7
15132,Bus,Electric,13
15133,Car,Electric,1
15134,Car,Hybrid,9
15135,Car,Diesel,11
15136,Car,Hybrid,4
15137,Car,Electric,2
15138,Truck,Hybrid,13
15139,Car,Electric,0
15140,Bus,Electric,6
15141,Car,Diesel,8
15142,Truck,Hybrid,11
15143,Bus,Electric,10
15144,Truck,Hybrid,6
15145,Bus,Diesel,2
15146,Car,Electric,5
15147,Truck,Diesel,2
15148,Bus,Hybrid,3
15149,Car,Hybrid,14
15150,Bus,Hybrid,0
15151,Truck,Electric,1
15152,Truck,Electric,0
15153,Truck,Electric,9
15154,Truck,Diesel,1
15155,Car,Hybrid,3
15156,Bus,Hybrid,5
15157,Car,Hybrid,10
15158,Truck,Diesel,13
15159,Bus,Electric,11
15160,Truck,Diesel,7
15161,Car,Hybrid,13
15162,Car,Hybrid,13
15163,Car,Diesel,9
15164,Bus,Electric,8
15165,Bus,Electric,14
15166,Truck,Hybrid,9
15167,Bus,Diesel,6
15168,Bus,Electric,3
15169,Car,Diesel,14
15170,Truck,Hybrid,13
15171,Car,Hybrid,13
15172,Truck,Hybrid,14
15173,Truck,Hybrid,6
15174,Bus,Electric,0
15175,Car,Hybrid,10
15176,Bus,Electric,11
15177,Bus,Electric,13
15178,Bus,Diesel,14
15179,Truck,Hybrid,13
15180,Car,Electric,12
15181,Car,Diesel,13
15182,Bus,Diesel,9
15183,Truck,Hybrid,10
15184,Car,Hybrid,10
15185,Car,Diesel,5
15186,Bus,Electric,0
15187,Truck,Hybrid,7
15188,Bus,Diesel,3
15189,Car,Diesel,7
15190,Truck,Electric,7
15191,Bus,Electric,13
15192,Car,Diesel,13
15193,Bus,Electric,1
15194,Bus,Hybrid,5
15195,Bus,Diesel,12
15196,Truck,Electric,9
15197,Car,Electric,13
15198,Car,Electric,13
15199,Car,Electric,14
15200,Car,Diesel,3
15201,Truck,Electric,2
15202,Bus,Hybrid,12
15203,Car,Hybrid,8
15204,Truck,Diesel,11
15205,Bus,Diesel,9
15206,Truck,Hybrid,11
15207,Truck,Hybrid,8
15208,Car,Diesel,1
15209,Car,Hybrid,4
15210,Bus,Hybrid,14
15211,Bus,Diesel,9
15212,Car,Diesel,9
15213,Truck,Electric,6
15214,Car,Electric,8
15215,Bus,Hybrid,7
15216,Truck,Diesel,9
15217,Truck,Electric,3
15218,Truck,Hybrid,2
15219,Car,Hybrid,0
15220,Car,Hybrid,0
15221,Bus,Hybrid,8
15222,Truck,Diesel,3
15223,Truck,Hybrid,7
15224,Car,Electric,3
15225,Bus,Diesel,11
15226,Bus,Hybrid,5
15227,Truck,Electric,3
15228,Car,Electric,14
15229,Truck,Diesel,1
15230,Car,Diesel,0
15231,Bus,Diesel,7
15232,Truck,Electric,5
15233,Truck,Electric,0
15234,Truck,Hybrid,4
15235,Bus,Diesel,2
15236,Truck,Diesel,1
15237,Bus,Diesel,2
15238,Car,Diesel,1
15239,Bus,Electric,9
15240,Car,Diesel,1
15241,Bus,Electric,0
15242,Bus,Electric,2
15243,Truck,Diesel,2
15244,Bus,Electric,3
15245,Truck,Electric,2
15246,Car,Diesel,7
15247,Car,Diesel,11
15248,Truck,Hybrid,12
15249,Car,Electric,3
15250,Bus,Electric,13
15251,Truck,Hybrid,9
15252,Truck,Hybrid,0
15253,Truck,Diesel,13
15254,Car,Hybrid,1
15255,Car,Diesel,6
15256,Bus,Diesel,12
15257,Bus,Diesel,5
15258,Truck,Electric,8
15259,Bus,Electric,12
15260,Car,Diesel,5
15261,Bus,Hybrid,1
15262,Car,Electric,7
15263,Bus,Electric,8
15264,Car,Hybrid,4
15265,Car,Electric,5
15266,Bus,Hybrid,3
15267,Bus,Hybrid,10
15268,Car,Electric,1
15269,Truck,Hybrid,11
15270,Bus,Hybrid,4
15271,Car,Diesel,4
15272,Bus,Diesel,13
15273,Bus,Electric,13
15274,Bus,Hybrid,0
15275,Bus,Electric,11
15276,Bus,Electric,4
15277,Truck,Diesel,0
15278,Truck,Hybrid,2
15279,Truck,Electric,10
15280,Car,Electric,8
15281,Truck,Diesel,3
15282,Truck,Diesel,8
15283,Car,Diesel,5
15284,Truck,Electric,0
15285,Bus,Hybrid,11
15286,Truck,Diesel,2
15287,Truck,Diesel,12
15288,Truck,Hybrid,2
15289,Bus,Electric,13
15290,Bus,Electric,3
15291,Bus,Hybrid,14
15292,Bus,Diesel,9
15293,Car,Hybrid,3
15294,Bus,Electric,7
15295,Bus,Electric,2
15296,Bus,Diesel,10
15297,Bus,Diesel,14
15298,Car,Hybrid,3
15299,Truck,Electric,11
15300,Truck,Electric,11
15301,Bus,Hybrid,2
15302,Bus,Diesel,6
15303,Bus,Electric,5
15304,Truck,Electric,0
15305,Truck,Diesel,9
15306,Bus,Electric,0
15307,Truck,Diesel,5
15308,Car,Hybrid,2
15309,Bus,Diesel,8
15310,Bus,Diesel,11
15311,Car,Hybrid,12
15312,Car,Electric,11
15313,Truck,Electric,1
15314,Car,Diesel,11
15315,Bus,Diesel,12
15316,Truck,Hybrid,2
15317,Car,Hybrid,8
15318,Truck,Electric,11
15319,Truck,Electric,5
15320,Truck,Hybrid,0
15321,Truck,Diesel,1
15322,Car,Hybrid,6
15323,Bus,Electric,5
15324,Bus,Diesel,13
15325,Car,Hybrid,0
15326,Bus,Electric,9
15327,Truck,Diesel,1
15328,Truck,Diesel,5
15329,Truck,Diesel,11
15330,Car,Diesel,5
15331,Truck,Diesel,5
15332,Truck,Hybrid,13
15333,Car,Diesel,12
15334,Truck,Hybrid,8
15335,Truck,Diesel,1
15336,Bus,Electric,9
15337,Car,Diesel,9
15338,Truck,Hybrid,10
15339,Truck,Electric,13
15340,Truck,Electric,8
15341,Truck,Hybrid,8
15342,Bus,Electric,9
15343,Bus,Hybrid,8
15344,Bus,Diesel,8
15345,Bus,Diesel,2
15346,Car,Hybrid,9
15347,Truck,Diesel,8
15348,Bus,Electric,12
15349,Truck,Diesel,9
15350,Car,Diesel,8
15351,Truck,Electric,2
15352,Truck,Electric,13
15353,Bus,Diesel,12
15354,Bus,Diesel,3
15355,Car,Diesel,3
15356,Truck,Hybrid,13
15357,Bus,Hybrid,12
15358,Bus,Diesel,3
15359,Bus,Diesel,6
15360,Car,Electric,4
15361,Truck,Diesel,6
15362,Bus,Diesel,5
15363,Truck,Hybrid,6
15364,Car,Hybrid,7
15365,Truck,Hybrid,5
15366,Bus,Electric,8
15367,Truck,Diesel,3
15368,Truck,Hybrid,11
15369,Car,Electric,4
15370,Car,Diesel,8
15371,Truck,Diesel,8
15372,Truck,Electric,1
15373,Truck,Diesel,1
15374,Car,Electric,8
15375,Car,Electric,5
15376,Truck,Hybrid,7
15377,Car,Electric,13
15378,Bus,Hybrid,7
15379,Car,Diesel,7
15380,Car,Hybrid,13
15381,Car,Electric,4
15382,Bus,Hybrid,10
15383,Bus,Diesel,10
15384,Bus,Hybrid,9
15385,Truck,Diesel,3
15386,Truck,Electric,2
15387,Bus,Hybrid,3
15388,Truck,Diesel,7
15389,Truck,Diesel,3
15390,Truck,Hybrid,14
15391,Bus,Hybrid,13
15392,Car,Hybrid,13
15393,Bus,Hybrid,7
15394,Bus,Hybrid,7
15395,Truck,Diesel,13
15396,Truck,Electric,0
15397,Car,Diesel,10
15398,Car,Hybrid,10
15399,Car,Hybrid,11
15400,Car,Electric,11
15401,Bus,Hybrid,13
15402,Car,Electric,8
15403,Bus,Hybrid,13
15404,Truck,Diesel,12
15405,Car,Electric,2
15406,Truck,Diesel,5
15407,Truck,Hybrid,13
15408,Bus,Diesel,2
15409,Car,Diesel,8
15410,Bus,Diesel,0
15411,Truck,Electric,6
15412,Car,Electric,4
15413,Truck,Electric,11
15414,Truck,Diesel,2
15415,Car,Diesel,11
15416,Car,Hybrid,10
15417,Car,Electric,6
15418,Bus,Hybrid,0
15419,Bus,Diesel,5
15420,Truck,Electric,6
15421,Car,Hybrid,8
15422,Truck,Diesel,14
15423,Truck,Diesel,8
15424,Truck,Diesel,6
15425,Truck,Electric,4
15426,Truck,Electric,6
15427,Car,Hybrid,10
15428,Bus,Diesel,14
15429,Car,Electric,0
15430,Car,Electric,13
15431,Car,Diesel,6
15432,Bus,Diesel,12
15433,Bus,Hybrid,11
15434,Bus,Hybrid,12
15435,Car,Hybrid,12
15436,Bus,Electric,9
15437,Truck,Electric,3
15438,Bus,Electric,1
15439,Car,Electric,5
15440,Car,Electric,6
15441,Truck,Diesel,10
15442,Bus,Hybrid,12
15443,Bus,Hybrid,12
15444,Truck,Hybrid,6
15445,Car,Hybrid,7
15446,Car,Diesel,4
15447,Bus,Electric,12
15448,Bus,Electric,9
15449,Bus,Electric,10
15450,Bus,Hybrid,9
15451,Bus,Hybrid,12
15452,Car,Diesel,10
15453,Car,Diesel,7
15454,Car,Electric,3
15455,Car,Electric,9
15456,Truck,Electric,14
15457,Car,Electric,0
15458,Truck,Electric,11
15459,Car,Electric,7
15460,Bus,Hybrid,3
15461,Bus,Diesel,4
15462,Bus,Diesel,12
15463,Truck,Hybrid,3
15464,Car,Electric,14
15465,Car,Electric,6
15466,Truck,Electric,9
15467,Truck,Diesel,2
15468,Truck,Diesel,1
15469,Truck,Electric,9
15470,Truck,Electric,11
15471,Bus,Hybrid,1
15472,Car,Electric,6
15473,Truck,Hybrid,10
15474,Bus,Electric,14
15475,Truck,Electric,11
15476,Bus,Electric,9
15477,Truck,Hybrid,12
15478,Car,Hybrid,5
15479,Truck,Hybrid,1
15480,Truck,Diesel,7
15481,Car,Diesel,13
15482,Car,Electric,14
15483,Truck,Hybrid,5
15484,Car,Hybrid,7
15485,Car,Electric,5
15486,Bus,Electric,3
15487,Car,Electric,7
15488,Car,Electric,3
15489,Truck,Hybrid,5
15490,Truck,Diesel,4
15491,Bus,Hybrid,3
15492,Truck,Diesel,6
15493,Car,Electric,7
15494,Car,Diesel,13
15495,Car,Hybrid,5
15496,Truck,Hybrid,0
15497,Car,Hybrid,6
15498,Car,Hybrid,3
15499,Bus,Hybrid,1
15500,Bus,Hybrid,2
15501,Bus,Electric,9
15502,Truck,Diesel,3
15503,Car,Electric,13
15504,Car,Diesel,6
15505,Car,Diesel,8
15506,Bus,Diesel,9
15507,Car,Hybrid,10
15508,Car,Hybrid,5
15509,Car,Hybrid,9
15510,Car,Diesel,4
15511,Car,Diesel,8
15512,Truck,Diesel,11
15513,Car,Electric,7
15514,Truck,Hybrid,7
15515,Car,Hybrid,7
15516,Truck,Hybrid,14
15517,Car,Electric,7
15518,Car,Electric,7
15519,Car,Electric,9
15520,Car,Diesel,9
15521,Bus,Electric,6
15522,Car,Diesel,1
15523,Truck,Diesel,1
15524,Bus,Hybrid,10
15525,Bus,Hybrid,4
15526,Car,Electric,5
15527,Truck,Diesel,12
15528,Truck,Diesel,8
15529,Bus,Diesel,0
15530,Truck,Hybrid,10
15531,Car,Hybrid,6
15532,Car,Hybrid,6
15533,Car,Hybrid,7
15534,Car,Hybrid,12
15535,Car,Hybrid,0
15536,Bus,Electric,11
15537,Car,Electric,12
15538,Car,Electric,9
15539,Bus,Electric,12
15540,Bus,Diesel,3
15541,Bus,Hybrid,9
15542,Truck,Hybrid,4
15543,Truck,Electric,1
15544,Car,Diesel,1
15545,Car,Electric,10
15546,Car,Hybrid,3
15547,Truck,Electric,2
15548,Car,Diesel,12
15549,Car,Hybrid,6
15550,Truck,Diesel,13
15551,Bus,Electric,6
15552,Truck,Hybrid,14
15553,Car,Diesel,1
15554,Truck,Diesel,4
15555,Bus,Diesel,4
15556,Bus,Hybrid,13
15557,Bus,Hybrid,7
15558,Bus,Electric,7
15559,Bus,Electric,10
15560,Bus,Hybrid,12
15561,Car,Diesel,3
15562,Car,Hybrid,9
15563,Truck,Hybrid,0
15564,Car,Hybrid,5
15565,Bus,Hybrid,11
15566,Car,Electric,6
15567,Truck,Electric,0
15568,Bus,Diesel,7
15569,Car,Hybrid,13
15570,Car,Hybrid,8
15571,Truck,Electric,7
15572,Bus,Electric,2
15573,Truck,Hybrid,8
15574,Bus,Electric,9
15575,Bus,Hybrid,2
15576,Car,Diesel,11
15577,Truck,Diesel,3
15578,Truck,Diesel,11
15579,Truck,Hybrid,5
15580,Bus,Electric,6
15581,Truck,Diesel,12
15582,Bus,Hybrid,7
15583,Truck,Diesel,6
15584,Truck,Diesel,2
15585,Car,Electric,10
15586,Truck,Hybrid,10
15587,Car,Electric,1
15588,Car,Electric,10
15589,Bus,Electric,1
15590,Truck,Diesel,13
15591,Truck,Diesel,11
15592,Truck,Diesel,12
15593,Car,Hybrid,8
15594,Truck,Electric,6
15595,Bus,Diesel,6
15596,Bus,Electric,4
15597,Truck,Electric,12
15598,Car,Electric,5
15599,Bus,Electric,6
15600,Bus,Electric,12
15601,Car,Diesel,8
15602,Bus,Hybrid,9
15603,Car,Hybrid,3
15604,Bus,Hybrid,5
15605,Car,Hybrid,0
15606,Bus,Electric,6
15607,Truck,Diesel,3
15608,Bus,Diesel,1
15609,Bus,Electric,3
15610,Truck,Electric,7
15611,Truck,Diesel,1
15612,Truck,Diesel,14
15613,Truck,Hybrid,0
15614,Car,Hybrid,0
15615,Car,Hybrid,6
15616,Bus,Diesel,6
15617,Bus,Hybrid,3
15618,Bus,Diesel,13
15619,Car,Diesel,11
15620,Bus,Electric,4
15621,Bus,Diesel,12
15622,Car,Electric,11
15623,Bus,Electric,4
15624,Car,Diesel,6
15625,Car,Diesel,11
15626,Truck,Hybrid,2
15627,Truck,Diesel,4
15628,Car,Hybrid,6
15629,Car,Hybrid,11
15630,Truck,Diesel,10
15631,Bus,Hybrid,6
15632,Bus,Electric,12
15633,Bus,Electric,8
15634,Car,Diesel,3
15635,Truck,Diesel,0
15636,Bus,Diesel,13
15637,Truck,Electric,4
15638,Truck,Hybrid,13
15639,Car,Electric,10
15640,Bus,Hybrid,3
15641,Truck,Hybrid,2
15642,Car,Diesel,6
15643,Car,Diesel,8
15644,Car,Diesel,3
15645,Bus,Electric,5
15646,Bus,Electric,0
15647,Car,Electric,0
15648,Bus,Diesel,2
15649,Bus,Diesel,13
15650,Truck,Hybrid,4
15651,Car,Hybrid,5
15652,Car,Diesel,8
15653,Bus,Electric,14
15654,Car,Diesel,8
15655,Car,Electric,9
15656,Car,Diesel,10
15657,Bus,Diesel,0
15658,Bus,Hybrid,13
15659,Bus,Electric,1
15660,Truck,Electric,14
15661,Car,Diesel,10
15662,Truck,Hybrid,11
15663,Bus,Diesel,7
15664,Truck,Diesel,4
15665,Car,Electric,2
15666,Car,Diesel,8
15667,Bus,Hybrid,1
15668,Bus,Diesel,6
15669,Truck,Hybrid,9
15670,Bus,Electric,7
15671,Truck,Electric,11
15672,Car,Diesel,1
15673,Car,Hybrid,0
15674,Car,Electric,2
15675,Car,Hybrid,7
15676,Car,Electric,3
15677,Truck,Electric,12
15678,Car,Hybrid,14
15679,Truck,Hybrid,4
15680,Car,Hybrid,8
15681,Truck,Electric,3
15682,Truck,Hybrid,11
15683,Truck,Diesel,8
15684,Bus,Hybrid,5
15685,Truck,Electric,11
15686,Truck,Hybrid,6
15687,Car,Hybrid,7
15688,Truck,Hybrid,9
15689,Truck,Diesel,9
15690,Bus,Electric,0
15691,Car,Diesel,8
15692,Bus,Diesel,1
15693,Bus,Electric,2
15694,Bus,Electric,0
15695,Truck,Hybrid,9
15696,Bus,Electric,10
15697,Bus,Hybrid,2
15698,Car,Diesel,13
15699,Car,Hybrid,1
15700,Car,Electric,6
15701,Car,Hybrid,6
15702,Bus,Diesel,5
15703,Car,Electric,9
15704,Truck,Electric,11
15705,Bus,Hybrid,10
15706,Car,Hybrid,12
15707,Bus,Hybrid,3
15708,Car,Diesel,11
15709,Bus,Diesel,2
15710,Car,Electric,6
15711,Truck,Electric,10
15712,Car,Diesel,2
15713,Bus,Hybrid,8
15714,Bus,Hybrid,9
15715,Truck,Diesel,7
15716,Bus,Hybrid,6
15717,Truck,Diesel,13
15718,Bus,Hybrid,1
15719,Bus,Hybrid,9
15720,Truck,Electric,2
15721,Bus,Hybrid,7
15722,Bus,Hybrid,11
15723,Truck,Diesel,10
15724,Car,Diesel,2
15725,Truck,Diesel,7
15726,Bus,Diesel,3
15727,Car,Hybrid,4
15728,Car,Diesel,13
15729,Car,Electric,8
15730,Truck,Diesel,12
15731,Car,Hybrid,10
15732,Car,Electric,9
15733,Car,Hybrid,1
15734,Bus,Electric,11
15735,Truck,Electric,2
15736,Truck,Electric,14
15737,Bus,Hybrid,11
15738,Car,Electric,11
15739,Bus,Hybrid,0
15740,Bus,Electric,7
15741,Car,Diesel,11
15742,Car,Diesel,10
15743,Truck,Electric,8
15744,Car,Electric,9
15745,Bus,Diesel,8
15746,Bus,Diesel,2
15747,Car,Hybrid,13
15748,Truck,Diesel,4
15749,Bus,Hybrid,8
15750,Car,Electric,13
15751,Truck,Hybrid,4
15752,Truck,Electric,0
15753,Bus,Hybrid,0
15754,Bus,Hybrid,3
15755,Truck,Hybrid,6
15756,Truck,Electric,6
15757,Truck,Electric,6
15758,Car,Hybrid,12
15759,Bus,Electric,5
15760,Truck,Hybrid,12
15761,Bus,Electric,0
15762,Bus,Hybrid,10
15763,Bus,Diesel,2
15764,Truck,Diesel,4
15765,Car,Hybrid,11
15766,Truck,Electric,3
15767,Bus,Hybrid,10
15768,Truck,Diesel,3
15769,Truck,Diesel,8
15770,Bus,Hybrid,6
15771,Bus,Diesel,8
15772,Truck,Hybrid,12
15773,Truck,Diesel,13
15774,Truck,Electric,6
15775,Truck,Electric,9
15776,Car,Electric,2
15777,Truck,Hybrid,14
15778,Car,Hybrid,10
15779,Bus,Electric,9
15780,Car,Electric,3
15781,Bus,Electric,14
15782,Car,Diesel,8
15783,Bus,Electric,0
15784,Truck,Diesel,2
15785,Car,Electric,14
15786,Car,Hybrid,10
15787,Bus,Electric,3
15788,Bus,Diesel,14
15789,Car,Electric,3
15790,Bus,Diesel,6
15791,Truck,Electric,10
15792,Car,Diesel,3
15793,Truck,Diesel,9
15794,Car,Electric,7
15795,Truck,Electric,0
15796,Car,Hybrid,2
15797,Bus,Hybrid,9
15798,Car,Hybrid,9
15799,Truck,Diesel,14
15800,Car,Diesel,5
15801,Truck,Hybrid,12
15802,Truck,Hybrid,2
15803,Truck,Electric,7
15804,Bus,Hybrid,6
15805,Car,Diesel,4
15806,Truck,Electric,1
15807,Bus,Hybrid,10
15808,Truck,Hybrid,4
15809,Car,Hybrid,8
15810,Bus,Electric,10
15811,Truck,Electric,4
15812,Truck,Electric,11
15813,Truck,Hybrid,2
15814,Car,Electric,13
15815,Bus,Electric,6
15816,Bus,Electric,11
15817,Bus,Electric,2
15818,Truck,Diesel,7
15819,Bus,Hybrid,4
15820,Truck,Electric,4
15821,Car,Diesel,5
15822,Bus,Diesel,10
15823,Truck,Hybrid,9
15824,Bus,Hybrid,12
15825,Bus,Electric,5
15826,Car,Hybrid,2
15827,Bus,Hybrid,10
15828,Car,Hybrid,6
15829,Bus,Hybrid,8
15830,Bus,Electric,11
15831,Bus,Diesel,0
15832,Bus,Hybrid,3
15833,Bus,Diesel,3
15834,Bus,Diesel,14
15835,Car,Diesel,0
15836,Car,Hybrid,5
15837,Truck,Hybrid,1
15838,Bus,Electric,10
15839,Car,Hybrid,12
15840,Bus,Hybrid,10
15841,Bus,Hybrid,13
15842,Car,Diesel,5
15843,Bus,Electric,0
15844,Car,Diesel,9
15845,Car,Electric,12
15846,Truck,Hybrid,4
15847,Truck,Hybrid,5
15848,Truck,Diesel,9
15849,Truck,Diesel,14
15850,Bus,Diesel,12
15851,Bus,Electric,14
15852,Truck,Diesel,12
15853,Car,Hybrid,1
15854,Car,Electric,0
15855,Car,Electric,6
15856,Car,Hybrid,0
15857,Bus,Diesel,13
15858,Car,Diesel,6
15859,Car,Hybrid,12
15860,Truck,Hybrid,0
15861,Car,Hybrid,8
15862,Bus,Hybrid,12
15863,Car,Electric,4
15864,Car,Electric,5
15865,Bus,Diesel,13
15866,Truck,Electric,6
15867,Bus,Electric,0
15868,Truck,Electric,7
15869,Car,Hybrid,5
15870,Truck,Electric,11
15871,Truck,Diesel,1
15872,Truck,Electric,0
15873,Car,Hybrid,14
15874,Truck,Electric,0
15875,Truck,Diesel,3
15876,Car,Electric,2
15877,Bus,Diesel,14
15878,Bus,Hybrid,13
15879,Bus,Diesel,10
15880,Car,Diesel,5
15881,Car,Hybrid,9
15882,Bus,Diesel,12
15883,Truck,Electric,7
15884,Bus,Electric,0
15885,Car,Diesel,11
15886,Truck,Electric,6
15887,Truck,Electric,7
15888,Car,Hybrid,4
15889,Truck,Diesel,7
15890,Bus,Electric,12
15891,Car,Diesel,10
15892,Car,Diesel,0
15893,Car,Electric,1
15894,Car,Hybrid,3
15895,Truck,Hybrid,0
15896,Car,Diesel,12
15897,Car,Hybrid,4
15898,Truck,Electric,9
15899,Car,Electric,2
15900,Truck,Hybrid,1
15901,Truck,Hybrid,6
15902,Car,Diesel,1
15903,Bus,Hybrid,8
15904,Car,Diesel,5
15905,Bus,Electric,7
15906,Truck,Hybrid,2
15907,Bus,Diesel,4
15908,Car,Diesel,2
15909,Car,Diesel,8
15910,Bus,Diesel,0
15911,Car,Electric,7
15912,Bus,Hybrid,5
15913,Truck,Diesel,6
15914,Bus,Hybrid,1
15915,Bus,Hybrid,6
15916,Bus,Electric,13
15917,Bus,Hybrid,0
15918,Truck,Electric,6
15919,Truck,Electric,10
15920,Truck,Diesel,7
15921,Bus,Electric,1
15922,Truck,Diesel,14
15923,Car,Electric,9
15924,Truck,Electric,1
15925,Bus,Hybrid,2
15926,Car,Diesel,9
15927,Bus,Hybrid,3
15928,Car,Electric,7
15929,Bus,Diesel,11
15930,Bus,Electric,2
15931,Car,Electric,12
15932,Truck,Hybrid,5
15933,Car,Diesel,12
15934,Car,Diesel,9
15935,Car,Diesel,10
15936,Car,Electric,7
15937,Car,Diesel,9
15938,Bus,Electric,1
15939,Bus,Electric,3
15940,Truck,Electric,14
15941,Truck,Diesel,0
15942,Car,Hybrid,10
15943,Truck,Electric,7
15944,Truck,Hybrid,0
15945,Car,Diesel,11
15946,Bus,Diesel,8
15947,Bus,Diesel,5
15948,Truck,Diesel,11
15949,Bus,Diesel,13
15950,Bus,Hybrid,12
15951,Truck,Diesel,11
15952,Car,Diesel,2
15953,Truck,Diesel,12
15954,Truck,Diesel,7
15955,Truck,Diesel,1
15956,Car,Electric,10
15957,Car,Electric,2
15958,Car,Hybrid,13
15959,Car,Diesel,6
15960,Truck,Hybrid,10
15961,Bus,Hybrid,0
15962,Truck,Diesel,8
15963,Car,Diesel,9
15964,Bus,Electric,8
15965,Truck,Diesel,2
15966,Bus,Electric,13
15967,Car,Hybrid,3
15968,Bus,Hybrid,1
15969,Bus,Electric,9
15970,Car,Electric,10
15971,Bus,Diesel,12
15972,Truck,Electric,14
15973,Bus,Electric,14
15974,Truck,Diesel,0
15975,Bus,Hybrid,12
15976,Bus,Electric,10
15977,Car,Diesel,12
15978,Car,Diesel,7
15979,Truck,Electric,10
15980,Car,Hybrid,8
15981,Car,Diesel,14
15982,Car,Electric,8
15983,Car,Hybrid,9
15984,Car,Electric,12
15985,Truck,Diesel,14
15986,Truck,Diesel,4
15987,Car,Diesel,4
15988,Car,Electric,14
15989,Truck,Diesel,4
15990,Bus,Electric,5
15991,Truck,Hybrid,3
15992,Bus,Hybrid,1
15993,Car,Hybrid,1
15994,Car,Hybrid,11
15995,Truck,Diesel,5
15996,Car,Diesel,4
15997,Bus,Electric,3
15998,Bus,Hybrid,5
15999,Truck,Hybrid,12
16000,Bus,Electric,3
16001,Truck,Electric,9
16002,Truck,Electric,3
16003,Bus,Electric,5
16004,Bus,Hybrid,10
16005,Bus,Diesel,12
16006,Bus,Hybrid,3
16007,Bus,Electric,12
16008,Bus,Diesel,8
16009,Bus,Hybrid,14
16010,Car,Electric,12
16011,Truck,Diesel,6
16012,Truck,Diesel,11
16013,Bus,Electric,12
16014,Truck,Diesel,5
16015,Bus,Hybrid,14
16016,Car,Hybrid,2
16017,Truck,Hybrid,10
16018,Truck,Diesel,11
16019,Car,Diesel,3
16020,Car,Electric,12
16021,Car,Electric,1
16022,Truck,Diesel,2
16023,Truck,Hybrid,10
16024,Car,Diesel,0
16025,Car,Hybrid,8
16026,Car,Electric,9
16027,Car,Diesel,2
16028,Car,Diesel,7
16029,Bus,Diesel,3
16030,Car,Hybrid,10
16031,Bus,Electric,7
16032,Truck,Hybrid,6
16033,Truck,Electric,3
16034,Bus,Hybrid,14
16035,Car,Electric,6
16036,Truck,Hybrid,11
16037,Car,Diesel,7
16038,Car,Hybrid,9
16039,Bus,Diesel,2
16040,Truck,Diesel,4
16041,Truck,Diesel,14
16042,Bus,Hybrid,10
16043,Car,Diesel,14
16044,Car,Hybrid,2
16045,Truck,Electric,6
16046,Bus,Hybrid,5
16047,Bus,Hybrid,0
16048,Car,Hybrid,9
16049,Car,Electric,4
16050,Bus,Electric,12
16051,Truck,Electric,12
16052,Car,Diesel,3
16053,Bus,Hybrid,14
16054,Bus,Hybrid,1
16055,Bus,Diesel,0
16056,Truck,Diesel,11
16057,Car,Hybrid,12
16058,Car,Diesel,11
16059,Car,Diesel,11
16060,Truck,Electric,6
16061,Car,Diesel,6
16062,Car,Diesel,5
16063,Car,Hybrid,12
16064,Car,Diesel,4
16065,Truck,Diesel,8
16066,Bus,Diesel,1
16067,Bus,Electric,10
16068,Car,Hybrid,10
16069,Car,Electric,13
16070,Car,Diesel,2
16071,Truck,Hybrid,8
16072,Car,Hybrid,11
16073,Truck,Diesel,12
16074,Car,Electric,1
16075,Car,Diesel,2
16076,Bus,Electric,5
16077,Car,Diesel,9
16078,Truck,Hybrid,6
16079,Bus,Hybrid,1
16080,Truck,Electric,12
16081,Bus,Diesel,13
16082,Truck,Electric,7
16083,Bus,Hybrid,8
16084,Truck,Hybrid,12
16085,Truck,Electric,13
16086,Car,Electric,0
16087,Bus,Electric,5
16088,Bus,Electric,3
16089,Car,Electric,9
16090,Truck,Diesel,10
16091,Truck,Electric,9
16092,Bus,Electric,4
16093,Truck,Hybrid,5
16094,Bus,Hybrid,5
16095,Bus,Diesel,14
16096,Truck,Electric,6
16097,Truck,Electric,8
16098,Truck,Hybrid,11
16099,Car,Hybrid,3
16100,Bus,Hybrid,8
16101,Truck,Electric,0
16102,Car,Electric,8
16103,Truck,Diesel,11
16104,Bus,Hybrid,7
16105,Car,Hybrid,14
16106,Bus,Hybrid,1
16107,Truck,Hybrid,14
16108,Truck,Hybrid,6
16109,Truck,Electric,6
16110,Car,Electric,1
16111,Car,Hybrid,7
16112,Car,Hybrid,5
16113,Car,Electric,14
16114,Truck,Electric,5
16115,Truck,Diesel,11
16116,Truck,Electric,10
16117,Car,Diesel,14
16118,Car,Hybrid,4
16119,Truck,Hybrid,11
16120,Truck,Hybrid,10
16121,Car,Electric,14
16122,Bus,Electric,7
16123,Truck,Hybrid,14
16124,Truck,Hybrid,12
16125,Truck,Diesel,9
16126,Car,Electric,8
16127,Truck,Electric,13
16128,Truck,Diesel,4
16129,Truck,Hybrid,13
16130,Truck,Hybrid,0
16131,Truck,Electric,10
16132,Bus,Electric,5
16133,Bus,Hybrid,11
16134,Truck,Diesel,11
16135,Truck,Diesel,0
16136,Truck,Diesel,12
16137,Truck,Electric,4
16138,Car,Diesel,5
16139,Car,Electric,2
16140,Car,Electric,11
16141,Bus,Hybrid,0
16142,Truck,Hybrid,1
16143,Car,Diesel,13
16144,Truck,Diesel,11
16145,Truck,Electric,11
16146,Bus,Hybrid,10
16147,Bus,Hybrid,11
16148,Car,Electric,2
16149,Car,Diesel,2
16150,Bus,Diesel,1
16151,Bus,Electric,5
16152,Truck,Hybrid,6
16153,Truck,Electric,4
16154,Car,Electric,6
16155,Car,Diesel,11
16156,Bus,Hybrid,2
16157,Car,Diesel,14
16158,Truck,Diesel,10
16159,Bus,Hybrid,4
16160,Truck,Diesel,12
16161,Bus,Electric,2
16162,Bus,Electric,3
16163,Truck,Hybrid,5
16164,Car,Electric,11
16165,Car,Electric,13
16166,Car,Electric,3
16167,Car,Electric,12
16168,Truck,Diesel,3
16169,Bus,Electric,6
16170,Truck,Hybrid,5
16171,Car,Diesel,11
16172,Car,Electric,11
16173,Truck,Electric,12
16174,Bus,Hybrid,0
16175,Truck,Diesel,7
16176,Truck,Electric,0
16177,Truck,Hybrid,11
16178,Bus,Diesel,8
16179,Truck,Diesel,3
16180,Truck,Electric,6
16181,Car,Hybrid,4
16182,Truck,Hybrid,11
16183,Car,Electric,9
16184,Car,Electric,2
16185,Car,Electric,12
16186,Bus,Hybrid,7
16187,Car,Diesel,13
16188,Truck,Electric,9
16189,Truck,Electric,1
16190,Car,Diesel,14
16191,Car,Diesel,10
16192,Truck,Hybrid,9
16193,Car,Electric,2
16194,Bus,Hybrid,11
16195,Car,Diesel,4
16196,Bus,Electric,4
16197,Bus,Hybrid,4
16198,Bus,Hybrid,6
16199,Car,Diesel,7
16200,Bus,Electric,7
16201,Bus,Hybrid,10
16202,Car,Hybrid,2
16203,Bus,Diesel,7
16204,Car,Electric,9
16205,Truck,Diesel,12
16206,Bus,Hybrid,1
16207,Car,Electric,3
16208,Truck,Diesel,1
16209,Bus,Electric,4
16210,Bus,Electric,2
16211,Car,Electric,9
16212,Truck,Hybrid,9
16213,Car,Electric,10
16214,Bus,Diesel,2
16215,Bus,Electric,4
16216,Bus,Electric,3
16217,Bus,Hybrid,5
16218,Truck,Diesel,4
16219,Truck,Electric,9
16220,Car,Hybrid,12
16221,Car,Hybrid,4
16222,Car,Electric,2
16223,Bus,Electric,3
16224,Car,Electric,13
16225,Truck,Hybrid,11
16226,Car,Electric,12
16227,Car,Hybrid,2
16228,Truck,Diesel,2
16229,Truck,Electric,14
16230,Bus,Diesel,9
16231,Truck,Diesel,8
16232,Truck,Diesel,9
16233,Car,Hybrid,5
16234,Truck,Hybrid,14
16235,Bus,Hybrid,9
16236,Car,Hybrid,1
16237,Bus,Diesel,0
16238,Truck,Hybrid,2
16239,Bus,Diesel,2
16240,Bus,Diesel,3
16241,Truck,Hybrid,3
16242,Truck,Diesel,12
16243,Car,Hybrid,13
16244,Car,Diesel,4
16245,Car,Electric,12
16246,Truck,Hybrid,3
16247,Bus,Diesel,11
16248,Bus,Hybrid,1
16249,Car,Diesel,10
16250,Car,Hybrid,11
16251,Truck,Electric,0
16252,Bus,Electric,9
16253,Car,Hybrid,6
16254,Truck,Hybrid,8
16255,Car,Diesel,8
16256,Truck,Diesel,10
16257,Bus,Hybrid,0
16258,Truck,Electric,8
16259,Car,Electric,13
16260,Car,Hybrid,0
16261,Bus,Diesel,0
16262,Bus,Hybrid,1
16263,Car,Hybrid,9
16264,Car,Electric,10
16265,Car,Electric,14
16266,Bus,Diesel,10
16267,Car,Diesel,5
16268,Bus,Hybrid,8
16269,Car,Hybrid,4
16270,Truck,Hybrid,8
16271,Truck,Hybrid,8
16272,Car,Electric,13
16273,Truck,Diesel,7
16274,Bus,Diesel,10
16275,Truck,Diesel,11
16276,Truck,Diesel,6
16277,Bus,Electric,2
16278,Truck,Hybrid,9
16279,Truck,Diesel,2
16280,Car,Diesel,13
16281,Bus,Hybrid,3
16282,Bus,Electric,8
16283,Car,Electric,11
16284,Car,Diesel,13
16285,Truck,Diesel,13
16286,Truck,Diesel,2
16287,Truck,Electric,12
16288,Car,Diesel,7
16289,Bus,Hybrid,7
16290,Truck,Electric,5
16291,Car,Electric,1
16292,Bus,Hybrid,5
16293,Car,Hybrid,3
16294,Truck,Electric,13
16295,Car,Diesel,14
16296,Car,Electric,6
16297,Car,Diesel,10
16298,Car,Hybrid,0
16299,Bus,Diesel,2
16300,Truck,Hybrid,13
16301,Bus,Diesel,13
16302,Car,Diesel,7
16303,Car,Hybrid,0
16304,Truck,Diesel,12
16305,Truck,Electric,9
16306,Bus,Diesel,11
16307,Bus,Electric,2
16308,Truck,Hybrid,2
16309,Bus,Diesel,11
16310,Car,Diesel,7
16311,Car,Electric,13
16312,Truck,Electric,0
16313,Bus,Hybrid,9
16314,Car,Electric,4
16315,Truck,Electric,6
16316,Bus,Electric,3
16317,Car,Diesel,14
16318,Bus,Diesel,9
16319,Bus,Diesel,2
16320,Bus,Diesel,9
16321,Truck,Diesel,5
16322,Car,Electric,4
16323,Truck,Electric,1
16324,Car,Diesel,5
16325,Car,Diesel,10
16326,Truck,Hybrid,12
16327,Truck,Hybrid,12
16328,Car,Electric,12
16329,Car,Hybrid,2
16330,Car,Electric,8
16331,Bus,Hybrid,2
16332,Car,Diesel,8
16333,Truck,Diesel,5
16334,Truck,Electric,7
16335,Truck,Electric,8
16336,Car,Electric,14
16337,Car,Electric,7
16338,Bus,Hybrid,10
16339,Bus,Diesel,13
16340,Truck,Hybrid,1
16341,Bus,Diesel,2
16342,Bus,Diesel,7
16343,Truck,Hybrid,4
16344,Car,Electric,9
16345,Bus,Hybrid,3
16346,Car,Hybrid,5
16347,Truck,Hybrid,11
16348,Truck,Diesel,11
16349,Bus,Electric,12
16350,Truck,Diesel,14
16351,Truck,Hybrid,5
16352,Truck,Hybrid,13
16353,Bus,Diesel,6
16354,Bus,Diesel,4
16355,Bus,Electric,0
16356,Truck,Hybrid,13
16357,Car,Diesel,14
16358,Truck,Diesel,12
16359,Bus,Diesel,14
16360,Car,Diesel,7
16361,Car,Hybrid,13
16362,Bus,Electric,0
16363,Car,Diesel,3
16364,Car,Diesel,2
16365,Bus,Electric,2
16366,Car,Hybrid,5
16367,Car,Diesel,7
16368,Bus,Electric,4
16369,Car,Electric,5
16370,Car,Hybrid,11
16371,Car,Electric,5
16372,Car,Hybrid,11
16373,Bus,Electric,0
16374,Truck,Diesel,14
16375,Truck,Hybrid,14
16376,Car,Electric,6
16377,Bus,Diesel,0
16378,Bus,Electric,11
16379,Car,Diesel,13
16380,Truck,Hybrid,14
16381,Car,Diesel,6
16382,Bus,Electric,12
16383,Bus,Diesel,12
16384,Truck,Diesel,7
16385,Bus,Hybrid,3
16386,Bus,Diesel,7
16387,Bus,Diesel,5
16388,Truck,Electric,5
16389,Bus,Electric,10
16390,Car,Hybrid,10
16391,Truck,Hybrid,8
16392,Car,Hybrid,5
16393,Car,Electric,11
16394,Truck,Diesel,10
16395,Car,Hybrid,4
16396,Truck,Electric,9
16397,Car,Electric,9
16398,Truck,Hybrid,5
16399,Bus,Electric,11
16400,Bus,Diesel,7
16401,Car,Electric,8
16402,Bus,Electric,9
16403,Truck,Diesel,12
16404,Car,Hybrid,12
16405,Bus,Electric,12
16406,Bus,Diesel,9
16407,Car,Hybrid,10
16408,Bus,Diesel,7
16409,Bus,Electric,7
16410,Car,Diesel,6
16411,Bus,Hybrid,12
16412,Bus,Hybrid,0
16413,Bus,Hybrid,3
16414,Bus,Diesel,3
16415,Car,Diesel,11
16416,Truck,Hybrid,2
16417,Truck,Hybrid,3
16418,Bus,Hybrid,11
16419,Bus,Electric,1
16420,Truck,Electric,2
16421,Bus,Electric,2
16422,Truck,Hybrid,9
16423,Car,Electric,0
16424,Car,Hybrid,6
16425,Car,Diesel,3
16426,Car,Hybrid,7
16427,Car,Hybrid,8
16428,Car,Electric,1
16429,Truck,Diesel,1
16430,Bus,Diesel,1
16431,Truck,Diesel,7
16432,Car,Electric,1
16433,Bus,Electric,5
16434,Bus,Electric,4
16435,Car,Electric,9
16436,Car,Electric,8
16437,Car,Hybrid,1
16438,Car,Diesel,0
16439,Car,Electric,1
16440,Car,Diesel,9
16441,Bus,Electric,4
16442,Car,Hybrid,14
16443,Car,Diesel,7
16444,Bus,Electric,7
16445,Truck,Hybrid,1
16446,Car,Hybrid,11
16447,Bus,Diesel,12
16448,Bus,Electric,4
16449,Truck,Hybrid,11
16450,Car,Hybrid,14
16451,Car,Hybrid,13
16452,Car,Diesel,14
16453,Bus,Diesel,12
16454,Car,Electric,1
16455,Car,Electric,11
16456,Car,Diesel,6
16457,Car,Diesel,9
16458,Truck,Diesel,7
16459,Truck,Hybrid,4
16460,Truck,Diesel,10
16461,Car,Electric,11
16462,Car,Hybrid,0
16463,Bus,Diesel,12
16464,Bus,Electric,6
16465,Bus,Diesel,14
16466,Car,Electric,2
16467,Truck,Hybrid,12
16468,Truck,Hybrid,1
16469,Truck,Electric,13
16470,Car,Electric,5
16471,Truck,Hybrid,1
16472,Bus,Hybrid,13
16473,Bus,Electric,9
16474,Truck,Electric,7
16475,Bus,Diesel,2
16476,Truck,Diesel,1
16477,Truck,Hybrid,7
16478,Bus,Hybrid,12
16479,Bus,Diesel,12
16480,Bus,Diesel,5
16481,Bus,Hybrid,12
16482,Truck,Hybrid,3
16483,Bus,Electric,4
16484,Bus,Electric,9
16485,Car,Hybrid,14
16486,Bus,Diesel,6
16487,Bus,Electric,11
16488,Truck,Hybrid,11
16489,Truck,Diesel,3
16490,Car,Diesel,11
16491,Bus,Hybrid,13
16492,Bus,Electric,10
16493,Bus,Electric,6
16494,Bus,Hybrid,5
16495,Bus,Diesel,4
16496,Bus,Electric,2
16497,Car,Hybrid,13
16498,Bus,Electric,0
16499,Bus,Hybrid,7
16500,Bus,Electric,10
16501,Car,Electric,13
16502,Bus,Electric,6
16503,Car,Hybrid,14
16504,Truck,Hybrid,5
16505,Bus,Diesel,3
16506,Car,Electric,4
16507,Truck,Electric,13
16508,Car,Hybrid,4
16509,Car,Electric,1
16510,Truck,Hybrid,5
16511,Bus,Diesel,10
16512,Bus,Electric,4
16513,Car,Hybrid,0
16514,Truck,Hybrid,8
16515,Bus,Electric,6
16516,Car,Diesel,13
16517,Truck,Hybrid,10
16518,Car,Electric,13
16519,Truck,Diesel,13
16520,Bus,Hybrid,1
16521,Bus,Diesel,5
16522,Car,Hybrid,13
16523,Bus,Electric,14
16524,Bus,Electric,0
16525,Truck,Electric,1
16526,Bus,Diesel,14
16527,Truck,Diesel,14
16528,Truck,Electric,6
16529,Car,Hybrid,2
16530,Truck,Diesel,6
16531,Bus,Diesel,5
16532,Truck,Hybrid,4
16533,Truck,Hybrid,9
16534,Car,Electric,13
16535,Bus,Diesel,8
16536,Bus,Hybrid,9
16537,Bus,Hybrid,4
16538,Truck,Electric,13
16539,Bus,Electric,4
16540,Bus,Diesel,7
16541,Truck,Hybrid,6
16542,Car,Electric,0
16543,Car,Diesel,9
16544,Truck,Electric,1
16545,Car,Diesel,3
16546,Car,Hybrid,8
16547,Car,Electric,6
16548,Bus,Diesel,1
16549,Car,Diesel,10
16550,Bus,Hybrid,11
16551,Car,Electric,7
16552,Bus,Diesel,0
16553,Truck,Diesel,7
16554,Truck,Diesel,4
16555,Car,Diesel,0
16556,Bus,Electric,2
16557,Truck,Electric,10
16558,Truck,Diesel,12
16559,Truck,Electric,12
16560,Truck,Electric,12
16561,Car,Hybrid,6
16562,Bus,Hybrid,11
16563,Truck,Diesel,6
16564,Car,Hybrid,7
16565,Truck,Electric,10
16566,Truck,Diesel,12
16567,Truck,Hybrid,10
16568,Truck,Diesel,3
16569,Car,Diesel,5
16570,Bus,Hybrid,14
16571,Car,Electric,11
16572,Car,Electric,6
16573,Car,Hybrid,7
16574,Truck,Hybrid,13
16575,Bus,Hybrid,2
16576,Truck,Hybrid,4
16577,Car,Diesel,7
16578,Truck,Electric,5
16579,Bus,Electric,0
16580,Bus,Hybrid,1
16581,Truck,Electric,2
16582,Car,Electric,13
16583,Truck,Electric,11
16584,Car,Hybrid,14
16585,Bus,Hybrid,6
16586,Truck,Electric,12
16587,Bus,Hybrid,13
16588,Car,Electric,9
16589,Car,Hybrid,2
16590,Truck,Electric,8
16591,Truck,Hybrid,8
16592,Truck,Electric,11
16593,Bus,Hybrid,11
16594,Car,Hybrid,11
16595,Car,Electric,10
16596,Bus,Diesel,7
16597,Truck,Electric,8
16598,Truck,Electric,7
16599,Bus,Diesel,8
16600,Car,Hybrid,3
16601,Car,Diesel,3
16602,Car,Electric,14
16603,Car,Diesel,4
16604,Bus,Hybrid,6
16605,Car,Electric,8
16606,Bus,Electric,3
16607,Truck,Hybrid,6
16608,Bus,Hybrid,11
16609,Car,Electric,11
16610,Truck,Hybrid,5
16611,Bus,Diesel,12
16612,Bus,Diesel,8
16613,Bus,Diesel,8
16614,Truck,Diesel,8
16615,Bus,Hybrid,4
16616,Car,Diesel,2
16617,Truck,Diesel,12
16618,Truck,Electric,14
16619,Bus,Hybrid,5
16620,Car,Hybrid,1
16621,Truck,Hybrid,6
16622,Bus,Electric,13
16623,Car,Electric,14
16624,Bus,Hybrid,12
16625,Bus,Diesel,6
16626,Truck,Electric,1
16627,Truck,Electric,14
16628,Bus,Electric,5
16629,Truck,Hybrid,3
16630,Truck,Diesel,6
16631,Car,Electric,7
16632,Car,Electric,9
16633,Bus,Hybrid,12
16634,Bus,Diesel,10
16635,Bus,Electric,0
16636,Bus,Hybrid,4
16637,Car,Hybrid,8
16638,Truck,Electric,13
16639,Car,Hybrid,1
16640,Bus,Hybrid,3
16641,Bus,Electric,7
16642,Car,Hybrid,11
16643,Car,Diesel,4
16644,Bus,Diesel,7
16645,Truck,Electric,14
16646,Bus,Diesel,9
16647,Car,Diesel,9
16648,Bus,Electric,0
16649,Bus,Hybrid,13
16650,Truck,Diesel,6
16651,Bus,Hybrid,5
16652,Bus,Electric,1
16653,Bus,Diesel,6
16654,Car,Electric,2
16655,Car,Hybrid,3
16656,Truck,Electric,13
16657,Bus,Diesel,10
16658,Car,Electric,5
16659,Truck,Electric,2
16660,Bus,Electric,0
16661,Truck,Hybrid,9
16662,Truck,Hybrid,0
16663,Truck,Hybrid,5
16664,Truck,Hybrid,3
16665,Truck,Diesel,6
16666,Truck,Hybrid,8
16667,Truck,Hybrid,13
16668,Bus,Diesel,7
16669,Bus,Hybrid,2
16670,Truck,Electric,6
16671,Bus,Hybrid,0
16672,Truck,Diesel,1
16673,Bus,Electric,8
16674,Car,Diesel,9
16675,Truck,Electric,7
16676,Car,Electric,14
16677,Truck,Electric,6
16678,Truck,Diesel,10
16679,Car,Electric,9
16680,Car,Electric,1
16681,Car,Electric,14
16682,Truck,Electric,13
16683,Car,Electric,1
16684,Car,Hybrid,6
16685,Bus,Diesel,6
16686,Bus,Electric,5
16687,Car,Electric,9
16688,Car,Electric,11
16689,Car,Electric,4
16690,Car,Electric,5
16691,Bus,Hybrid,11
16692,Truck,Hybrid,8
16693,Car,Electric,3
16694,Car,Electric,11
16695,Bus,Electric,9
16696,Car,Diesel,0
16697,Car,Diesel,8
16698,Bus,Hybrid,7
16699,Car,Hybrid,10
16700,Car,Diesel,1
16701,Bus,Electric,3
16702,Truck,Hybrid,2
16703,Car,Electric,2
16704,Car,Electric,5
16705,Truck,Hybrid,6
16706,Bus,Diesel,7
16707,Truck,Diesel,6
16708,Car,Diesel,14
16709,Truck,Electric,11
16710,Bus,Electric,14
16711,Car,Electric,8
16712,Bus,Diesel,1
16713,Bus,Electric,9
16714,Truck,Hybrid,3
16715,Truck,Electric,14
16716,Bus,Hybrid,1
16717,Bus,Diesel,12
16718,Car,Electric,14
16719,Bus,Electric,10
16720,Bus,Diesel,2
16721,Truck,Electric,12
16722,Bus,Hybrid,9
16723,Bus,Diesel,0
16724,Truck,Hybrid,13
16725,Car,Diesel,7
16726,Truck,Hybrid,4
16727,Truck,Hybrid,4
16728,Bus,Hybrid,7
16729,Bus,Electric,14
16730,Car,Electric,14
16731,Bus,Electric,10
16732,Car,Electric,8
16733,Car,Electric,8
16734,Car,Hybrid,9
16735,Car,Electric,8
16736,Bus,Hybrid,1
16737,Truck,Diesel,6
16738,Truck,Hybrid,6
16739,Bus,Electric,3
16740,Bus,Diesel,4
16741,Car,Electric,13
16742,Bus,Diesel,5
16743,Truck,Hybrid,6
16744,Bus,Diesel,12
16745,Bus,Electric,1
16746,Car,Diesel,9
16747,Car,Hybrid,1
16748,Car,Diesel,14
16749,Car,Hybrid,12
16750,Truck,Diesel,1
16751,Bus,Hybrid,12
16752,Bus,Hybrid,13
16753,Car,Hybrid,14
16754,Truck,Hybrid,4
16755,Truck,Electric,5
16756,Bus,Hybrid,14
16757,Car,Electric,10
16758,Bus,Hybrid,14
16759,Bus,Diesel,5
16760,Truck,Diesel,2
16761,Truck,Electric,11
16762,Bus,Diesel,14
16763,Car,Hybrid,3
16764,Car,Diesel,6
16765,Bus,Electric,6
16766,Bus,Diesel,14
16767,Car,Electric,5
16768,Car,Hybrid,0
16769,Car,Hybrid,9
16770,Bus,Diesel,5
16771,Truck,Diesel,13
16772,Car,Diesel,12
16773,Car,Hybrid,0
16774,Car,Diesel,10
16775,Bus,Hybrid,4
16776,Truck,Electric,5
16777,Truck,Diesel,6
16778,Car,Diesel,7
16779,Bus,Electric,8
16780,Truck,Electric,5
16781,Bus,Electric,10
16782,Truck,Electric,6
16783,Car,Hybrid,14
16784,Bus,Diesel,3
16785,Car,Hybrid,9
16786,Truck,Hybrid,6
16787,Truck,Electric,9
16788,Car,Diesel,0
16789,Truck,Hybrid,2
16790,Car,Hybrid,0
16791,Car,Electric,10
16792,Car,Diesel,7
16793,Truck,Diesel,2
16794,Bus,Diesel,6
16795,Car,Hybrid,1
16796,Bus,Electric,11
16797,Truck,Diesel,11
16798,Truck,Hybrid,4
16799,Bus,Hybrid,14
16800,Car,Diesel,2
16801,Truck,Electric,9
16802,Car,Electric,2
16803,Car,Diesel,13
16804,Bus,Hybrid,14
16805,Truck,Electric,4
16806,Bus,Hybrid,13
16807,Truck,Hybrid,7
16808,Bus,Electric,1
16809,Truck,Hybrid,10
16810,Truck,Hybrid,3
16811,Truck,Diesel,3
16812,Car,Electric,12
16813,Car,Hybrid,14
16814,Bus,Electric,13
16815,Bus,Electric,11
16816,Truck,Hybrid,10
16817,Truck,Electric,4
16818,Car,Diesel,5
16819,Car,Diesel,8
16820,Car,Hybrid,4
16821,Bus,Electric,11
16822,Car,Hybrid,9
16823,Bus,Electric,7
16824,Car,Hybrid,4
16825,Car,Hybrid,2
16826,Truck,Electric,5
16827,Bus,Diesel,12
16828,Car,Hybrid,3
16829,Truck,Diesel,4
16830,Bus,Electric,7
16831,Bus,Hybrid,10
16832,Car,Electric,10
16833,Bus,Diesel,3
16834,Truck,Electric,6
16835,Truck,Hybrid,2
16836,Bus,Diesel,3
16837,Truck,Hybrid,7
16838,Bus,Diesel,7
16839,Truck,Electric,12
16840,Bus,Electric,12
16841,Bus,Hybrid,8
16842,Bus,Hybrid,3
16843,Truck,Hybrid,9
16844,Bus,Diesel,3
16845,Bus,Diesel,4
16846,Car,Hybrid,13
16847,Car,Diesel,4
16848,Bus,Diesel,2
16849,Car,Electric,0
16850,Bus,Electric,9
16851,Car,Electric,14
16852,Truck,Hybrid,0
16853,Truck,Electric,11
16854,Bus,Electric,13
16855,Bus,Diesel,7
16856,Truck,Electric,3
16857,Truck,Diesel,12
16858,Car,Electric,10
16859,Bus,Hybrid,9
16860,Truck,Hybrid,14
16861,Truck,Electric,13
16862,Bus,Electric,10
16863,Car,Electric,1
16864,Car,Hybrid,5
16865,Car,Diesel,8
16866,Car,Diesel,14
16867,Truck,Electric,4
16868,Bus,Hybrid,2
16869,Bus,Diesel,3
16870,Truck,Electric,14
16871,Truck,Hybrid,12
16872,Truck,Hybrid,1
16873,Bus,Diesel,14
16874,Bus,Hybrid,13
16875,Bus,Electric,6
16876,Car,Electric,12
16877,Truck,Diesel,3
16878,Truck,Hybrid,3
16879,Truck,Diesel,7
16880,Bus,Diesel,9
16881,Truck,Hybrid,4
16882,Truck,Diesel,2
16883,Car,Hybrid,12
16884,Bus,Electric,14
16885,Truck,Diesel,11
16886,Bus,Hybrid,5
16887,Bus,Hybrid,7
16888,Bus,Hybrid,9
16889,Car,Diesel,0
16890,Bus,Electric,8
16891,Bus,Diesel,13
16892,Bus,Electric,12
16893,Truck,Diesel,3
16894,Car,Diesel,4
16895,Truck,Diesel,9
16896,Car,Electric,2
16897,Car,Hybrid,8
16898,Bus,Diesel,12
16899,Bus,Diesel,11
16900,Truck,Electric,5
16901,Car,Diesel,14
16902,Bus,Hybrid,14
16903,Bus,Hybrid,0
16904,Bus,Electric,8
16905,Bus,Electric,10
16906,Truck,Hybrid,4
16907,Truck,Hybrid,2
16908,Bus,Hybrid,3
16909,Bus,Electric,11
16910,Bus,Hybrid,4
16911,Bus,Hybrid,0
16912,Bus,Hybrid,9
16913,Car,Diesel,2
16914,Car,Electric,6
16915,Car,Electric,8
16916,Car,Electric,5
16917,Bus,Electric,3
16918,Car,Diesel,14
16919,Car,Diesel,3
16920,Truck,Diesel,8
16921,Car,Diesel,0
16922,Car,Diesel,5
16923,Bus,Electric,3
16924,Car,Electric,2
16925,Car,Electric,10
16926,Bus,Diesel,0
16927,Car,Hybrid,4
16928,Bus,Electric,3
16929,Car,Electric,9
16930,Truck,Hybrid,3
16931,Truck,Diesel,7
16932,Car,Hybrid,10
16933,Truck,Hybrid,10
16934,Bus,Electric,1
16935,Car,Electric,10
16936,Bus,Diesel,9
16937,Truck,Hybrid,10
16938,Bus,Diesel,13
16939,Truck,Hybrid,9
16940,Truck,Electric,12
16941,Truck,Hybrid,3
16942,Bus,Diesel,10
16943,Truck,Hybrid,0
16944,Car,Diesel,1
16945,Truck,Hybrid,9
16946,Car,Electric,9
16947,Car,Electric,2
16948,Car,Diesel,11
16949,Car,Electric,0
16950,Bus,Hybrid,1
16951,Car,Hybrid,6
16952,Truck,Electric,9
16953,Car,Diesel,9
16954,Truck,Hybrid,5
16955,Bus,Diesel,1
16956,Car,Hybrid,0
16957,Truck,Diesel,9
16958,Bus,Diesel,13
16959,Bus,Hybrid,8
16960,Truck,Hybrid,0
16961,Car,Diesel,9
16962,Bus,Hybrid,4
16963,Truck,Electric,8
16964,Car,Hybrid,12
16965,Bus,Diesel,8
16966,Truck,Hybrid,5
16967,Bus,Hybrid,14
16968,Bus,Diesel,2
16969,Truck,Hybrid,1
16970,Bus,Diesel,2
16971,Truck,Diesel,0
16972,Car,Diesel,2
16973,Truck,Diesel,1
16974,Car,Electric,7
16975,Bus,Electric,14
16976,Truck,Diesel,9
16977,Truck,Hybrid,6
16978,Truck,Electric,0
16979,Truck,Diesel,0
16980,Car,Electric,4
16981,Car,Diesel,3
16982,Bus,Electric,14
16983,Bus,Diesel,7
16984,Bus,Electric,7
16985,Bus,Electric,14
16986,Truck,Hybrid,2
16987,Car,Electric,4
16988,Car,Hybrid,6
16989,Car,Electric,7
16990,Car,Diesel,2
16991,Bus,Hybrid,7
16992,Truck,Electric,9
16993,Car,Hybrid,8
16994,Truck,Diesel,2
16995,Truck,Diesel,11
16996,Truck,Diesel,1
16997,Truck,Diesel,13
16998,Car,Diesel,1
16999,Car,Hybrid,4
17000,Car,Hybrid,11
17001,Bus,Electric,9
17002,Car,Electric,11
17003,Bus,Diesel,0
17004,Bus,Diesel,5
17005,Bus,Hybrid,6
17006,Car,Diesel,11
17007,Car,Diesel,12
17008,Car,Diesel,4
17009,Bus,Electric,10
17010,Bus,Hybrid,7
17011,Truck,Electric,5
17012,Bus,Diesel,0
17013,Bus,Diesel,8
17014,Car,Electric,11
17015,Truck,Electric,4
17016,Truck,Hybrid,12
17017,Truck,Diesel,4
17018,Car,Diesel,14
17019,Truck,Electric,0
17020,Truck,Hybrid,4
17021,Car,Hybrid,2
17022,Truck,Diesel,9
17023,Bus,Diesel,12
17024,Bus,Electric,2
17025,Bus,Diesel,10
17026,Bus,Electric,9
17027,Bus,Diesel,7
17028,Bus,Diesel,8
17029,Bus,Diesel,12
17030,Bus,Hybrid,5
17031,Bus,Diesel,2
17032,Car,Diesel,7
17033,Car,Hybrid,2
17034,Bus,Hybrid,6
17035,Car,Diesel,1
17036,Car,Hybrid,5
17037,Bus,Hybrid,7
17038,Bus,Hybrid,2
17039,Car,Hybrid,12
17040,Bus,Electric,8
17041,Bus,Diesel,10
17042,Bus,Electric,8
17043,Bus,Diesel,2
17044,Car,Hybrid,2
17045,Truck,Electric,4
17046,Car,Hybrid,8
17047,Truck,Hybrid,13
17048,Truck,Hybrid,11
17049,Truck,Diesel,12
17050,Car,Hybrid,0
17051,Car,Diesel,0
17052,Car,Diesel,0
17053,Car,Hybrid,14
17054,Car,Diesel,3
17055,Truck,Electric,12
17056,Car,Diesel,6
17057,Truck,Hybrid,11
17058,Car,Hybrid,10
17059,Car,Electric,1
17060,Bus,Electric,11
17061,Truck,Diesel,2
17062,Car,Diesel,3
17063,Car,Electric,0
17064,Car,Hybrid,1
17065,Bus,Hybrid,1
17066,Truck,Electric,13
17067,Car,Electric,10
17068,Car,Hybrid,14
17069,Car,Hybrid,14
17070,Bus,Diesel,5
17071,Car,Electric,3
17072,Truck,Electric,11
17073,Truck,Electric,6
17074,Truck,Hybrid,11
17075,Truck,Diesel,10
17076,Car,Hybrid,11
17077,Bus,Electric,7
17078,Bus,Electric,1
17079,Bus,Electric,1
17080,Car,Electric,4
17081,Bus,Electric,3
17082,Truck,Hybrid,11
17083,Car,Diesel,13
17084,Bus,Electric,9
17085,Truck,Electric,1
17086,Truck,Electric,8
17087,Car,Hybrid,8
17088,Car,Hybrid,12
17089,Bus,Electric,9
17090,Bus,Electric,12
17091,Bus,Electric,11
17092,Car,Electric,3
17093,Bus,Electric,1
17094,Bus,Hybrid,2
17095,Truck,Electric,7
17096,Truck,Electric,12
17097,Truck,Electric,10
17098,Bus,Hybrid,7
17099,Car,Electric,11
17100,Truck,Hybrid,13
17101,Car,Diesel,6
17102,Bus,Hybrid,12
17103,Bus,Electric,3
17104,Truck,Hybrid,0
17105,Car,Electric,9
17106,Truck,Hybrid,8
17107,Bus,Hybrid,14
17108,Car,Diesel,6
17109,Truck,Hybrid,12
17110,Bus,Diesel,0
17111,Truck,Diesel,13
17112,Car,Hybrid,14
17113,Car,Hybrid,4
17114,Car,Hybrid,2
17115,Car,Diesel,1
17116,Car,Electric,2
17117,Truck,Electric,5
17118,Truck,Diesel,11
17119,Truck,Diesel,6
17120,Truck,Hybrid,9
17121,Bus,Hybrid,8
17122,Bus,Electric,12
17123,Truck,Electric,9
17124,Bus,Electric,11
17125,Bus,Hybrid,14
17126,Car,Hybrid,10
17127,Truck,Diesel,6
17128,Bus,Hybrid,11
17129,Bus,Electric,0
17130,Truck,Diesel,12
17131,Car,Hybrid,6
17132,Truck,Electric,12
17133,Car,Hybrid,0
17134,Bus,Diesel,12
17135,Car,Hybrid,7
17136,Car,Electric,1
17137,Truck,Diesel,1
17138,Bus,Electric,0
17139,Truck,Diesel,8
17140,Truck,Hybrid,11
17141,Bus,Hybrid,12
17142,Truck,Electric,14
17143,Truck,Hybrid,13
17144,Car,Diesel,10
17145,Truck,Hybrid,7
17146,Bus,Hybrid,8
17147,Truck,Hybrid,7
17148,Car,Hybrid,3
17149,Truck,Hybrid,8
17150,Truck,Hybrid,14
17151,Truck,Hybrid,7
17152,Car,Hybrid,0
17153,Bus,Electric,9
17154,Bus,Electric,13
17155,Car,Hybrid,4
17156,Car,Electric,13
17157,Truck,Hybrid,8
17158,Bus,Hybrid,12
17159,Car,Hybrid,11
17160,Bus,Electric,7
17161,Truck,Diesel,0
17162,Car,Hybrid,5
17163,Bus,Hybrid,10
17164,Bus,Diesel,5
17165,Truck,Electric,1
17166,Car,Diesel,10
17167,Bus,Hybrid,1
17168,Truck,Diesel,0
17169,Bus,Hybrid,5
17170,Truck,Electric,8
17171,Bus,Electric,7
17172,Bus,Electric,4
17173,Truck,Hybrid,7
17174,Car,Electric,1
17175,Truck,Diesel,11
17176,Car,Electric,10
17177,Bus,Hybrid,5
17178,Bus,Diesel,11
17179,Truck,Diesel,1
17180,Truck,Diesel,7
17181,Car,Diesel,11
17182,Car,Hybrid,1
17183,Car,Electric,4
17184,Truck,Diesel,12
17185,Bus,Electric,11
17186,Truck,Electric,6
17187,Bus,Electric,6
17188,Truck,Electric,3
17189,Truck,Hybrid,7
17190,Car,Diesel,13
17191,Bus,Diesel,6
17192,Truck,Electric,9
17193,Truck,Diesel,4
17194,Bus,Electric,13
17195,Truck,Hybrid,3
17196,Bus,Diesel,13
17197,Car,Electric,1
17198,Car,Diesel,1
17199,Bus,Electric,3
17200,Car,Diesel,7
17201,Bus,Hybrid,10
17202,Truck,Diesel,5
17203,Truck,Hybrid,8
17204,Bus,Hybrid,1
17205,Truck,Electric,12
17206,Car,Electric,6
17207,Truck,Diesel,13
17208,Truck,Hybrid,0
17209,Bus,Electric,1
17210,Car,Hybrid,13
17211,Truck,Hybrid,10
17212,Truck,Hybrid,8
17213,Bus,Diesel,12
17214,Bus,Hybrid,7
17215,Car,Hybrid,8
17216,Truck,Diesel,13
17217,Bus,Diesel,6
17218,Bus,Electric,11
17219,Bus,Hybrid,9
17220,Car,Hybrid,14
17221,Bus,Diesel,11
17222,Car,Diesel,10
17223,Car,Electric,8
17224,Truck,Diesel,3
17225,Truck,Diesel,2
17226,Car,Diesel,3
17227,Truck,Diesel,4
17228,Truck,Electric,11
17229,Bus,Hybrid,9
17230,Truck,Hybrid,13
17231,Car,Hybrid,3
17232,Truck,Hybrid,3
17233,Bus,Hybrid,11
17234,Car,Diesel,6
17235,Truck,Hybrid,3
17236,Car,Diesel,3
17237,Truck,Hybrid,8
17238,Bus,Hybrid,8
17239,Truck,Diesel,13
17240,Car,Hybrid,14
17241,Car,Diesel,4
17242,Car,Electric,8
17243,Truck,Electric,10
17244,Truck,Electric,1
17245,Truck,Hybrid,11
17246,Bus,Hybrid,11
17247,Bus,Hybrid,11
17248,Bus,Hybrid,12
17249,Car,Diesel,4
17250,Car,Electric,10
17251,Car,Diesel,6
17252,Car,Electric,7
17253,Car,Electric,11
17254,Truck,Diesel,4
17255,Car,Diesel,11
17256,Truck,Diesel,8
17257,Bus,Electric,11
17258,Bus,Diesel,10
17259,Bus,Hybrid,2
17260,Bus,Diesel,12
17261,Bus,Electric,11
17262,Car,Electric,7
17263,Car,Diesel,10
17264,Car,Diesel,8
17265,Bus,Electric,6
17266,Bus,Electric,4
17267,Truck,Diesel,8
17268,Car,Hybrid,10
17269,Bus,Hybrid,13
17270,Bus,Hybrid,12
17271,Bus,Electric,7
17272,Truck,Hybrid,11
17273,Bus,Hybrid,7
17274,Truck,Diesel,5
17275,Truck,Diesel,1
17276,Car,Hybrid,3
17277,Bus,Electric,14
17278,Truck,Hybrid,11
17279,Bus,Diesel,0
17280,Car,Diesel,11
17281,Car,Diesel,9
17282,Truck,Hybrid,4
17283,Car,Electric,12
17284,Car,Hybrid,13
17285,Car,Diesel,9
17286,Bus,Diesel,0
17287,Bus,Diesel,5
17288,Truck,Diesel,9
17289,Truck,Hybrid,7
17290,Car,Hybrid,12
17291,Car,Electric,13
17292,Truck,Diesel,9
17293,Car,Hybrid,0
17294,Truck,Hybrid,5
17295,Bus,Diesel,11
17296,Car,Hybrid,3
17297,Car,Diesel,14
17298,Car,Electric,12
17299,Bus,Diesel,14
17300,Bus,Diesel,8
17301,Car,Hybrid,11
17302,Truck,Electric,7
17303,Bus,Electric,11
17304,Car,Hybrid,3
17305,Car,Electric,10
17306,Bus,Electric,11
17307,Truck,Diesel,10
17308,Car,Hybrid,1
17309,Truck,Electric,12
17310,Truck,Electric,12
17311,Bus,Electric,5
17312,Car,Diesel,13
17313,Car,Diesel,2
17314,Truck,Hybrid,0
17315,Bus,Hybrid,13
17316,Bus,Diesel,13
17317,Bus,Hybrid,10
17318,Truck,Hybrid,6
17319,Truck,Hybrid,3
17320,Car,Diesel,13
17321,Bus,Diesel,14
17322,Truck,Electric,8
17323,Bus,Electric,14
17324,Truck,Electric,12
17325,Car,Electric,9
17326,Bus,Hybrid,9
17327,Truck,Hybrid,10
17328,Bus,Diesel,13
17329,Truck,Hybrid,10
17330,Truck,Hybrid,10
17331,Truck,Hybrid,2
17332,Bus,Electric,14
17333,Truck,Diesel,12
17334,Car,Electric,11
17335,Bus,Hybrid,12
17336,Car,Hybrid,9
17337,Car,Diesel,14
17338,Bus,Electric,9
17339,Truck,Hybrid,14
17340,Car,Diesel,9
17341,Bus,Hybrid,11
17342,Truck,Hybrid,11
17343,Bus,Diesel,0
17344,Bus,Diesel,11
17345,Bus,Hybrid,1
17346,Truck,Diesel,3
17347,Car,Hybrid,11
17348,Car,Electric,11
17349,Bus,Hybrid,10
17350,Bus,Diesel,6
17351,Truck,Electric,13
17352,Bus,Diesel,7
17353,Bus,Hybrid,13
17354,Bus,Diesel,3
17355,Car,Hybrid,2
17356,Bus,Diesel,9
17357,Car,Diesel,8
17358,Truck,Hybrid,14
17359,Truck,Electric,14
17360,Car,Hybrid,7
17361,Car,Electric,12
17362,Car,Electric,5
17363,Car,Electric,8
17364,Bus,Electric,7
17365,Car,Hybrid,6
17366,Car,Hybrid,12
17367,Car,Electric,5
17368,Bus,Electric,9
17369,Bus,Electric,2
17370,Bus,Electric,11
17371,Truck,Electric,10
17372,Bus,Electric,12
17373,Car,Diesel,5
17374,Bus,Electric,3
17375,Bus,Diesel,4
17376,Car,Hybrid,6
17377,Bus,Hybrid,12
17378,Truck,Electric,13
17379,Bus,Hybrid,6
17380,Truck,Hybrid,11
17381,Truck,Electric,8
17382,Truck,Hybrid,8
17383,Car,Hybrid,5
17384,Bus,Electric,5
17385,Truck,Electric,12
17386,Truck,Electric,1
17387,Bus,Diesel,7
17388,Car,Electric,2
17389,Car,Hybrid,0
17390,Truck,Electric,3
17391,Car,Diesel,4
17392,Bus,Hybrid,2
17393,Car,Diesel,13
17394,Bus,Hybrid,6
17395,Truck,Electric,10
17396,Bus,Diesel,4
17397,Truck,Electric,10
17398,Bus,Hybrid,9
17399,Bus,Electric,4
17400,Car,Electric,5
17401,Bus,Hybrid,10
17402,Truck,Diesel,10
17403,Bus,Hybrid,5
17404,Truck,Hybrid,8
17405,Truck,Electric,2
17406,Bus,Hybrid,7
17407,Car,Diesel,10
17408,Bus,Hybrid,6
17409,Bus,Hybrid,8
17410,Car,Electric,4
17411,Truck,Diesel,6
17412,Bus,Electric,7
17413,Car,Electric,8
17414,Car,Diesel,7
17415,Truck,Diesel,11
17416,Car,Hybrid,11
17417,Truck,Diesel,1
17418,Bus,Electric,10
17419,Car,Diesel,5
17420,Bus,Diesel,3
17421,Car,Diesel,12
17422,Car,Electric,12
17423,Bus,Hybrid,13
17424,Car,Hybrid,3
17425,Bus,Electric,8
17426,Bus,Hybrid,6
17427,Truck,Hybrid,5
17428,Bus,Electric,1
17429,Truck,Electric,14
17430,Bus,Hybrid,0
17431,Car,Diesel,9
17432,Bus,Hybrid,13
17433,Car,Diesel,3
17434,Truck,Electric,14
17435,Car,Diesel,8
17436,Bus,Diesel,3
17437,Car,Diesel,1
17438,Truck,Electric,12
17439,Car,Hybrid,7
17440,Car,Hybrid,5
17441,Bus,Diesel,0
17442,Bus,Hybrid,3
17443,Car,Electric,9
17444,Truck,Electric,4
17445,Car,Electric,0
17446,Truck,Electric,1
17447,Truck,Hybrid,8
17448,Truck,Diesel,0
17449,Car,Diesel,14
17450,Truck,Diesel,10
17451,Car,Electric,14
17452,Truck,Hybrid,7
17453,Truck,Hybrid,11
17454,Car,Hybrid,10
17455,Bus,Hybrid,8
17456,Bus,Hybrid,1
17457,Car,Hybrid,11
17458,Car,Diesel,1
17459,Bus,Electric,6
17460,Bus,Diesel,9
17461,Bus,Hybrid,13
17462,Car,Electric,12
17463,Truck,Electric,8
17464,Car,Electric,9
17465,Bus,Electric,8
17466,Truck,Hybrid,2
17467,Car,Hybrid,6
17468,Bus,Electric,5
17469,Car,Hybrid,7
17470,Truck,Electric,13
17471,Bus,Hybrid,7
17472,Car,Electric,7
17473,Truck,Hybrid,7
17474,Truck,Diesel,10
17475,Car,Diesel,9
17476,Truck,Hybrid,5
17477,Bus,Hybrid,8
17478,Truck,Diesel,4
17479,Car,Hybrid,3
17480,Bus,Electric,6
17481,Truck,Hybrid,2
17482,Truck,Hybrid,7
17483,Bus,Diesel,14
17484,Bus,Diesel,14
17485,Truck,Hybrid,7
17486,Bus,Electric,10
17487,Car,Hybrid,4
17488,Truck,Electric,9
17489,Car,Electric,7
17490,Truck,Hybrid,2
17491,Car,Electric,2
17492,Car,Diesel,3
17493,Bus,Electric,12
17494,Truck,Electric,12
17495,Bus,Electric,8
17496,Bus,Diesel,4
17497,Truck,Diesel,5
17498,Car,Hybrid,3
17499,Truck,Electric,13
17500,Truck,Diesel,12
17501,Truck,Electric,8
17502,Bus,Electric,3
17503,Truck,Hybrid,2
17504,Truck,Electric,1
17505,Truck,Diesel,2
17506,Car,Hybrid,0
17507,Car,Hybrid,11
17508,Car,Electric,10
17509,Car,Electric,7
17510,Bus,Diesel,0
17511,Bus,Electric,5
17512,Truck,Diesel,14
17513,Bus,Electric,10
17514,Car,Diesel,14
17515,Truck,Electric,1
17516,Truck,Hybrid,13
17517,Car,Diesel,10
17518,Car,Hybrid,10
17519,Car,Hybrid,2
17520,Bus,Hybrid,8
17521,Truck,Hybrid,11
17522,Car,Diesel,12
17523,Truck,Electric,8
17524,Truck,Hybrid,5
17525,Bus,Electric,6
17526,Truck,Diesel,4
17527,Car,Electric,6
17528,Car,Diesel,5
17529,Truck,Electric,4
17530,Truck,Diesel,2
17531,Bus,Diesel,13
17532,Car,Electric,1
17533,Car,Hybrid,4
17534,Truck,Hybrid,13
17535,Truck,Electric,7
17536,Truck,Hybrid,13
17537,Car,Hybrid,4
17538,Truck,Diesel,2
17539,Bus,Electric,9
17540,Bus,Hybrid,14
17541,Truck,Hybrid,2
17542,Bus,Hybrid,14
17543,Bus,Electric,4
17544,Bus,Hybrid,13
17545,Bus,Hybrid,8
17546,Bus,Hybrid,14
17547,Car,Diesel,13
17548,Truck,Electric,14
17549,Bus,Hybrid,7
17550,Truck,Diesel,6
17551,Bus,Electric,4
17552,Car,Diesel,8
17553,Car,Diesel,11
17554,Bus,Electric,1
17555,Bus,Hybrid,5
17556,Bus,Hybrid,6
17557,Car,Diesel,6
17558,Car,Electric,11
17559,Truck,Electric,10
17560,Car,Hybrid,12
17561,Bus,Diesel,3
17562,Truck,Hybrid,1
17563,Car,Electric,0
17564,Car,Electric,0
17565,Bus,Hybrid,2
17566,Truck,Hybrid,6
17567,Car,Electric,10
17568,Car,Diesel,4
17569,Bus,Electric,6
17570,Truck,Diesel,11
17571,Truck,Hybrid,12
17572,Truck,Hybrid,8
17573,Truck,Diesel,7
17574,Bus,Electric,0
17575,Car,Electric,13
17576,Car,Diesel,3
17577,Truck,Diesel,4
17578,Truck,Diesel,6
17579,Truck,Diesel,10
17580,Car,Electric,7
17581,Car,Hybrid,7
17582,Truck,Electric,3
17583,Bus,Diesel,13
17584,Car,Electric,10
17585,Car,Diesel,6
17586,Truck,Diesel,11
17587,Bus,Diesel,10
17588,Truck,Diesel,1
17589,Truck,Electric,8
17590,Bus,Diesel,5
17591,Bus,Electric,3
17592,Bus,Electric,5
17593,Car,Hybrid,14
17594,Truck,Electric,6
17595,Car,Hybrid,9
17596,Bus,Hybrid,7
17597,Car,Hybrid,3
17598,Bus,Electric,8
17599,Bus,Hybrid,5
17600,Truck,Diesel,0
17601,Truck,Electric,2
17602,Truck,Diesel,13
17603,Car,Electric,0
17604,Truck,Hybrid,5
17605,Bus,Hybrid,5
17606,Truck,Electric,6
17607,Car,Hybrid,0
17608,Truck,Diesel,0
17609,Truck,Diesel,4
17610,Truck,Hybrid,4
17611,Car,Electric,0
17612,Bus,Electric,6
17613,Bus,Diesel,13
17614,Bus,Hybrid,6
17615,Truck,Hybrid,5
17616,Truck,Diesel,12
17617,Car,Electric,6
17618,Bus,Hybrid,11
17619,Truck,Electric,5
17620,Truck,Electric,9
17621,Truck,Diesel,1
17622,Car,Electric,4
17623,Bus,Diesel,6
17624,Car,Hybrid,1
17625,Bus,Electric,4
17626,Bus,Diesel,2
17627,Truck,Diesel,13
17628,Truck,Electric,8
17629,Truck,Diesel,9
17630,Truck,Hybrid,0
17631,Truck,Electric,6
17632,Bus,Hybrid,9
17633,Truck,Diesel,3
17634,Truck,Hybrid,11
17635,Car,Diesel,4
17636,Car,Diesel,0
17637,Bus,Hybrid,4
17638,Bus,Electric,10
17639,Car,Electric,7
17640,Car,Electric,12
17641,Truck,Hybrid,13
17642,Truck,Hybrid,14
17643,Bus,Hybrid,5
17644,Car,Hybrid,12
17645,Bus,Electric,12
17646,Truck,Electric,1
17647,Bus,Diesel,1
17648,Bus,Hybrid,10
17649,Bus,Electric,8
17650,Truck,Electric,11
17651,Bus,Electric,14
17652,Truck,Electric,0
17653,Car,Electric,11
17654,Bus,Electric,1
17655,Bus,Hybrid,7
17656,Truck,Diesel,14
17657,Bus,Diesel,12
17658,Truck,Hybrid,5
17659,Bus,Electric,2
17660,Car,Hybrid,14
17661,Car,Electric,2
17662,Car,Electric,13
17663,Bus,Electric,10
17664,Bus,Electric,8
17665,Car,Electric,1
17666,Car,Hybrid,14
17667,Truck,Hybrid,9
17668,Truck,Diesel,4
17669,Car,Electric,6
17670,Car,Hybrid,5
17671,Bus,Hybrid,13
17672,Car,Electric,0
17673,Truck,Electric,12
17674,Truck,Hybrid,11
17675,Truck,Electric,9
17676,Truck,Hybrid,2
17677,Truck,Diesel,14
17678,Truck,Electric,13
17679,Car,Diesel,4
17680,Truck,Diesel,11
17681,Truck,Diesel,2
17682,Truck,Electric,2
17683,Truck,Diesel,4
17684,Car,Hybrid,12
17685,Bus,Hybrid,12
17686,Bus,Electric,7
17687,Bus,Electric,9
17688,Bus,Diesel,7
17689,Truck,Electric,13
17690,Bus,Hybrid,7
17691,Bus,Hybrid,5
17692,Car,Hybrid,8
17693,Car,Electric,13
17694,Car,Hybrid,4
17695,Truck,Electric,13
17696,Truck,Diesel,9
17697,Truck,Hybrid,6
17698,Car,Diesel,0
17699,Bus,Hybrid,14
17700,Car,Hybrid,3
17701,Truck,Hybrid,0
17702,Car,Diesel,9
17703,Bus,Hybrid,1
17704,Truck,Diesel,5
17705,Bus,Electric,0
17706,Bus,Hybrid,8
17707,Truck,Hybrid,5
17708,Bus,Diesel,7
17709,Car,Hybrid,14
17710,Bus,Electric,9
17711,Bus,Hybrid,9
17712,Bus,Electric,7
17713,Car,Electric,11
17714,Bus,Hybrid,1
17715,Bus,Hybrid,1
17716,Car,Electric,2
17717,Truck,Electric,10
17718,Truck,Electric,7
17719,Truck,Hybrid,10
17720,Bus,Diesel,7
17721,Truck,Hybrid,4
17722,Car,Diesel,13
17723,Bus,Diesel,12
17724,Bus,Hybrid,1
17725,Bus,Diesel,10
17726,Truck,Electric,13
17727,Truck,Hybrid,3
17728,Truck,Diesel,3
17729,Bus,Electric,6
17730,Car,Diesel,3
17731,Bus,Diesel,9
17732,Car,Electric,5
17733,Bus,Electric,10
17734,Car,Hybrid,1
17735,Bus,Diesel,14
17736,Bus,Hybrid,14
17737,Car,Hybrid,1
17738,Car,Diesel,11
17739,Car,Diesel,10
17740,Car,Hybrid,4
17741,Car,Electric,0
17742,Car,Hybrid,1
17743,Car,Diesel,2
17744,Car,Electric,8
17745,Bus,Hybrid,8
17746,Car,Diesel,6
17747,Car,Electric,12
17748,Bus,Electric,4
17749,Bus,Electric,1
17750,Truck,Diesel,1
17751,Truck,Hybrid,7
17752,Car,Diesel,2
17753,Car,Diesel,6
17754,Truck,Electric,12
17755,Truck,Hybrid,5
17756,Car,Electric,14
17757,Truck,Diesel,12
17758,Car,Electric,5
17759,Bus,Diesel,2
17760,Bus,Diesel,5
17761,Truck,Diesel,12
17762,Bus,Electric,3
17763,Bus,Hybrid,0
17764,Bus,Electric,11
17765,Bus,Diesel,7
17766,Car,Electric,8
17767,Car,Diesel,13
17768,Truck,Hybrid,2
17769,Bus,Hybrid,10
17770,Bus,Diesel,0
17771,Bus,Hybrid,0
17772,Truck,Diesel,0
17773,Car,Electric,8
17774,Bus,Electric,9
17775,Car,Hybrid,12
17776,Truck,Hybrid,4
17777,Car,Diesel,2
17778,Bus,Hybrid,9
17779,Car,Hybrid,8
17780,Car,Hybrid,9
17781,Truck,Diesel,8
17782,Truck,Electric,5
17783,Truck,Diesel,4
17784,Truck,Diesel,0
17785,Car,Hybrid,5
17786,Car,Electric,4
17787,Truck,Diesel,8
17788,Truck,Hybrid,13
17789,Bus,Diesel,6
17790,Bus,Hybrid,2
17791,Truck,Electric,4
17792,Car,Electric,5
17793,Truck,Hybrid,10
17794,Car,Diesel,1
17795,Car,Diesel,6
17796,Bus,Electric,8
17797,Truck,Diesel,9
17798,Truck,Hybrid,8
17799,Car,Hybrid,4
17800,Truck,Hybrid,7
17801,Bus,Electric,8
17802,Bus,Electric,5
17803,Truck,Electric,11
17804,Truck,Hybrid,3
17805,Bus,Electric,3
17806,Truck,Hybrid,2
17807,Car,Diesel,11
17808,Truck,Electric,8
17809,Car,Diesel,9
17810,Truck,Diesel,10
17811,Truck,Electric,12
17812,Bus,Electric,14
17813,Car,Diesel,10
17814,Bus,Diesel,5
17815,Truck,Diesel,7
17816,Bus,Hybrid,13
17817,Truck,Diesel,1
17818,Truck,Hybrid,14
17819,Truck,Electric,3
17820,Car,Diesel,14
17821,Car,Electric,1
17822,Car,Diesel,10
17823,Bus,Electric,10
17824,Truck,Diesel,2
17825,Bus,Hybrid,1
17826,Bus,Electric,8
17827,Truck,Electric,8
17828,Bus,Diesel,5
17829,Truck,Hybrid,11
17830,Truck,Hybrid,6
17831,Truck,Hybrid,13
17832,Truck,Diesel,4
17833,Bus,Electric,9
17834,Bus,Diesel,0
17835,Bus,Hybrid,3
17836,Car,Hybrid,12
17837,Bus,Electric,3
17838,Bus,Diesel,11
17839,Car,Diesel,13
17840,Truck,Hybrid,13
17841,Truck,Electric,7
17842,Truck,Electric,4
17843,Car,Hybrid,14
17844,Bus,Diesel,2
17845,Bus,Diesel,0
17846,Bus,Electric,14
17847,Bus,Electric,0
17848,Car,Hybrid,4
17849,Bus,Electric,7
17850,Truck,Diesel,8
17851,Car,Diesel,9
17852,Car,Electric,9
17853,Truck,Hybrid,1
17854,Truck,Diesel,4
17855,Bus,Diesel,13
17856,Truck,Hybrid,3
17857,Car,Electric,11
17858,Car,Diesel,2
17859,Car,Diesel,10
17860,Bus,Hybrid,7
17861,Bus,Electric,1
17862,Truck,Hybrid,1
17863,Bus,Hybrid,4
17864,Bus,Electric,9
17865,Car,Diesel,9
17866,Car,Hybrid,9
17867,Truck,Diesel,0
17868,Car,Diesel,11
17869,Bus,Diesel,6
17870,Truck,Diesel,8
17871,Truck,Hybrid,13
17872,Car,Electric,1
17873,Car,Diesel,14
17874,Car,Diesel,9
17875,Truck,Diesel,0
17876,Car,Electric,8
17877,Bus,Diesel,12
17878,Truck,Electric,12
17879,Car,Hybrid,1
17880,Bus,Electric,8
17881,Bus,Diesel,13
17882,Car,Hybrid,12
17883,Bus,Electric,7
17884,Truck,Diesel,6
17885,Truck,Hybrid,10
17886,Bus,Hybrid,0
17887,Truck,Electric,3
17888,Car,Diesel,14
17889,Bus,Electric,10
17890,Truck,Hybrid,10
17891,Car,Hybrid,6
17892,Car,Diesel,5
17893,Truck,Hybrid,0
17894,Bus,Diesel,6
17895,Car,Electric,13
17896,Car,Hybrid,14
17897,Car,Hybrid,1
17898,Car,Diesel,11
17899,Bus,Diesel,12
17900,Truck,Electric,13
17901,Truck,Diesel,12
17902,Truck,Hybrid,7
17903,Car,Electric,1
17904,Bus,Electric,3
17905,Truck,Electric,5
17906,Bus,Diesel,7
17907,Truck,Diesel,11
17908,Car,Hybrid,10
17909,Truck,Electric,2
17910,Car,Electric,11
17911,Car,Electric,5
17912,Truck,Hybrid,13
17913,Bus,Diesel,5
17914,Car,Electric,0
17915,Bus,Diesel,5
17916,Truck,Diesel,0
17917,Car,Diesel,8
17918,Bus,Diesel,3
17919,Car,Diesel,4
17920,Truck,Hybrid,0
17921,Car,Diesel,12
17922,Truck,Electric,0
17923,Bus,Electric,11
17924,Car,Electric,8
17925,Bus,Hybrid,5
17926,Truck,Diesel,12
17927,Truck,Electric,9
17928,Bus,Electric,13
17929,Bus,Electric,12
17930,Truck,Diesel,9
17931,Bus,Electric,5
17932,Truck,Diesel,4
17933,Bus,Electric,5
17934,Truck,Electric,13
17935,Truck,Diesel,7
17936,Car,Electric,6
17937,Truck,Hybrid,6
17938,Truck,Diesel,8
17939,Car,Electric,8
17940,Car,Hybrid,12
17941,Bus,Hybrid,8
17942,Bus,Diesel,0
17943,Truck,Electric,11
17944,Bus,Diesel,10
17945,Bus,Hybrid,10
17946,Truck,Hybrid,5
17947,Car,Diesel,14
17948,Car,Diesel,4
17949,Truck,Electric,7
17950,Truck,Hybrid,10
17951,Truck,Diesel,9
17952,Truck,Hybrid,12
17953,Truck,Diesel,7
17954,Truck,Electric,7
17955,Bus,Hybrid,4
17956,Bus,Electric,9
17957,Bus,Electric,10
17958,Car,Hybrid,9
17959,Truck,Diesel,0
17960,Truck,Electric,12
17961,Bus,Electric,3
17962,Car,Hybrid,6
17963,Bus,Hybrid,1
17964,Truck,Hybrid,6
17965,Truck,Electric,4
17966,Bus,Diesel,5
17967,Bus,Diesel,5
17968,Truck,Hybrid,14
17969,Bus,Electric,4
17970,Truck,Electric,9
17971,Bus,Electric,6
17972,Car,Hybrid,3
17973,Truck,Electric,12
17974,Car,Electric,0
17975,Bus,Diesel,8
17976,Car,Hybrid,6
17977,Bus,Hybrid,8
17978,Car,Hybrid,11
17979,Car,Electric,10
17980,Car,Electric,8
17981,Truck,Diesel,6
17982,Car,Hybrid,14
17983,Bus,Electric,1
17984,Bus,Diesel,10
17985,Truck,Electric,1
17986,Truck,Electric,3
17987,Bus,Hybrid,8
17988,Car,Hybrid,12
17989,Bus,Electric,6
17990,Truck,Electric,8
17991,Truck,Electric,3
17992,Bus,Electric,8
17993,Car,Electric,6
17994,Car,Hybrid,7
17995,Truck,Hybrid,0
17996,Bus,Electric,8
17997,Bus,Electric,11
17998,Truck,Hybrid,7
17999,Bus,Electric,0
18000,Truck,Hybrid,13
18001,Car,Hybrid,12
18002,Car,Hybrid,7
18003,Bus,Hybrid,14
18004,Car,Diesel,14
18005,Car,Electric,4
18006,Truck,Electric,2
18007,Truck,Electric,7
18008,Bus,Hybrid,10
18009,Truck,Hybrid,10
18010,Bus,Hybrid,2
18011,Bus,Electric,7
18012,Truck,Hybrid,4
18013,Car,Diesel,7
18014,Car,Electric,2
18015,Car,Diesel,9
18016,Car,Diesel,5
18017,Bus,Electric,11
18018,Car,Diesel,5
18019,Bus,Diesel,3
18020,Truck,Hybrid,4
18021,Truck,Diesel,11
18022,Bus,Hybrid,11
18023,Car,Diesel,6
18024,Bus,Electric,0
18025,Car,Electric,7
18026,Car,Electric,10
18027,Bus,Electric,14
18028,Bus,Hybrid,2
18029,Car,Diesel,6
18030,Bus,Diesel,14
18031,Car,Electric,8
18032,Bus,Hybrid,12
18033,Truck,Hybrid,1
18034,Car,Electric,12
18035,Truck,Diesel,9
18036,Bus,Electric,9
18037,Truck,Diesel,6
18038,Bus,Electric,0
18039,Car,Diesel,4
18040,Bus,Hybrid,10
18041,Bus,Electric,6
18042,Car,Diesel,13
18043,Bus,Diesel,4
18044,Car,Diesel,4
18045,Bus,Diesel,5
18046,Car,Hybrid,9
18047,Truck,Diesel,9
18048,Bus,Hybrid,10
18049,Bus,Diesel,13
18050,Bus,Hybrid,13
18051,Car,Hybrid,10
18052,Bus,Diesel,5
18053,Car,Hybrid,9
18054,Bus,Electric,12
18055,Truck,Diesel,1
18056,Bus,Electric,11
18057,Truck,Hybrid,11
18058,Car,Hybrid,9
18059,Truck,Electric,10
18060,Bus,Diesel,9
18061,Bus,Electric,12
18062,Car,Hybrid,11
18063,Bus,Diesel,8
18064,Bus,Electric,2
18065,Car,Electric,0
18066,Car,Diesel,10
18067,Truck,Electric,0
18068,Car,Diesel,8
18069,Bus,Diesel,5
18070,Car,Electric,6
18071,Bus,Diesel,1
18072,Truck,Diesel,10
18073,Car,Hybrid,13
18074,Bus,Hybrid,11
18075,Car,Hybrid,0
18076,Car,Electric,1
18077,Car,Electric,12
18078,Car,Electric,2
18079,Truck,Electric,2
18080,Bus,Diesel,7
18081,Car,Diesel,3
18082,Bus,Hybrid,0
18083,Truck,Diesel,1
18084,Bus,Electric,8
18085,Bus,Diesel,1
18086,Truck,Hybrid,11
18087,Car,Electric,8
18088,Bus,Diesel,4
18089,Bus,Hybrid,3
18090,Car,Diesel,3
18091,Car,Hybrid,2
18092,Bus,Hybrid,1
18093,Truck,Hybrid,7
18094,Car,Electric,5
18095,Car,Diesel,8
18096,Truck,Diesel,1
18097,Bus,Electric,11
18098,Car,Electric,0
18099,Bus,Diesel,7
18100,Bus,Electric,7
18101,Bus,Electric,4
18102,Truck,Diesel,1
18103,Bus,Hybrid,9
18104,Bus,Electric,4
18105,Car,Diesel,7
18106,Car,Diesel,13
18107,Truck,Diesel,13
18108,Truck,Electric,3
18109,Car,Hybrid,13
18110,Car,Hybrid,1
18111,Truck,Diesel,2
18112,Bus,Electric,2
18113,Truck,Electric,8
18114,Bus,Hybrid,12
18115,Car,Hybrid,11
18116,Car,Electric,2
18117,Car,Hybrid,0
18118,Bus,Diesel,6
18119,Truck,Hybrid,0
18120,Bus,Electric,5
18121,Truck,Diesel,9
18122,Truck,Electric,3
18123,Truck,Hybrid,6
18124,Car,Hybrid,6
18125,Truck,Diesel,14
18126,Car,Diesel,6
18127,Truck,Diesel,13
18128,Truck,Diesel,5
18129,Car,Hybrid,6
18130,Car,Electric,7
18131,Bus,Hybrid,2
18132,Truck,Hybrid,4
18133,Car,Diesel,13
18134,Bus,Diesel,9
18135,Bus,Electric,10
18136,Car,Electric,8
18137,Truck,Hybrid,7
18138,Bus,Electric,5
18139,Truck,Diesel,12
18140,Truck,Diesel,8
18141,Bus,Diesel,13
18142,Car,Hybrid,9
18143,Truck,Electric,12
18144,Car,Diesel,4
18145,Bus,Hybrid,1
18146,Truck,Hybrid,14
18147,Car,Hybrid,8
18148,Car,Electric,13
18149,Truck,Electric,4
18150,Car,Electric,7
18151,Car,Hybrid,7
18152,Bus,Hybrid,3
18153,Bus,Electric,3
18154,Car,Diesel,13
18155,Car,Electric,0
18156,Truck,Hybrid,4
18157,Bus,Hybrid,14
18158,Truck,Hybrid,8
18159,Car,Hybrid,11
18160,Truck,Hybrid,4
18161,Car,Hybrid,4
18162,Bus,Electric,13
18163,Bus,Hybrid,5
18164,Car,Hybrid,5
18165,Bus,Hybrid,7
18166,Car,Hybrid,13
18167,Truck,Hybrid,0
18168,Car,Diesel,14
18169,Truck,Electric,4
18170,Car,Electric,8
18171,Bus,Diesel,14
18172,Car,Diesel,2
18173,Car,Hybrid,14
18174,Car,Electric,10
18175,Bus,Electric,6
18176,Car,Diesel,6
18177,Bus,Electric,11
18178,Car,Electric,11
18179,Truck,Hybrid,9
18180,Car,Hybrid,2
18181,Truck,Hybrid,14
18182,Bus,Electric,6
18183,Bus,Electric,2
18184,Car,Hybrid,14
18185,Bus,Hybrid,5
18186,Car,Electric,7
18187,Bus,Electric,7
18188,Truck,Diesel,5
18189,Bus,Hybrid,1
18190,Truck,Hybrid,0
18191,Car,Hybrid,2
18192,Car,Electric,13
18193,Car,Electric,2
18194,Truck,Diesel,6
18195,Car,Diesel,3
18196,Car,Hybrid,1
18197,Truck,Diesel,1
18198,Bus,Electric,11
18199,Car,Diesel,6
18200,Bus,Diesel,7
18201,Bus,Electric,10
18202,Car,Hybrid,4
18203,Car,Hybrid,1
18204,Truck,Diesel,2
18205,Truck,Electric,0
18206,Car,Electric,14
18207,Bus,Diesel,9
18208,Truck,Hybrid,3
18209,Truck,Hybrid,6
18210,Car,Hybrid,9
18211,Car,Electric,11
18212,Car,Electric,8
18213,Car,Electric,2
18214,Truck,Hybrid,3
18215,Truck,Diesel,11
18216,Truck,Electric,5
18217,Bus,Electric,0
18218,Truck,Diesel,4
18219,Truck,Hybrid,9
18220,Car,Electric,14
18221,Truck,Hybrid,13
18222,Truck,Electric,4
18223,Truck,Electric,9
18224,Car,Diesel,8
18225,Truck,Diesel,8
18226,Truck,Diesel,12
18227,Bus,Diesel,0
18228,Bus,Hybrid,2
18229,Bus,Hybrid,12
18230,Bus,Hybrid,3
18231,Car,Diesel,11
18232,Bus,Electric,0
18233,Truck,Hybrid,8
18234,Bus,Diesel,1
18235,Car,Diesel,14
18236,Bus,Diesel,4
18237,Bus,Hybrid,13
18238,Car,Electric,12
18239,Car,Hybrid,2
18240,Car,Diesel,14
18241,Car,Diesel,3
18242,Car,Diesel,14
18243,Car,Hybrid,3
18244,Truck,Electric,10
18245,Bus,Hybrid,1
18246,Bus,Diesel,10
18247,Car,Diesel,1
18248,Car,Diesel,7
18249,Truck,Hybrid,1
18250,Truck,Hybrid,14
18251,Car,Hybrid,13
18252,Truck,Diesel,9
18253,Truck,Hybrid,6
18254,Car,Electric,0
18255,Car,Electric,0
18256,Car,Electric,9
18257,Car,Hybrid,2
18258,Bus,Diesel,2
18259,Bus,Diesel,10
18260,Car,Diesel,8
18261,Truck,Diesel,13
18262,Car,Diesel,14
18263,Bus,Hybrid,1
18264,Truck,Electric,3
18265,Bus,Hybrid,2
18266,Car,Diesel,6
18267,Bus,Hybrid,14
18268,Bus,Hybrid,5
18269,Bus,Hybrid,8
18270,Truck,Diesel,12
18271,Bus,Diesel,7
18272,Truck,Diesel,1
18273,Car,Hybrid,2
18274,Car,Hybrid,0
18275,Bus,Electric,7
18276,Truck,Electric,12
18277,Car,Diesel,1
18278,Truck,Electric,3
18279,Truck,Diesel,1
18280,Bus,Diesel,1
18281,Bus,Hybrid,14
18282,Truck,Electric,2
18283,Truck,Diesel,13
18284,Bus,Diesel,9
18285,Truck,Electric,12
18286,Bus,Electric,4
18287,Truck,Electric,7
18288,Bus,Electric,9
18289,Truck,Electric,1
18290,Bus,Electric,13
18291,Truck,Electric,12
18292,Car,Diesel,4
18293,Car,Hybrid,10
18294,Truck,Diesel,11
18295,Car,Diesel,12
18296,Truck,Hybrid,3
18297,Truck,Hybrid,11
18298,Car,Hybrid,12
18299,Truck,Electric,13
18300,Bus,Electric,13
18301,Truck,Electric,2
18302,Truck,Diesel,9
18303,Car,Hybrid,5
18304,Bus,Hybrid,8
18305,Truck,Diesel,7
18306,Truck,Electric,1
18307,Truck,Hybrid,0
18308,Truck,Diesel,7
18309,Truck,Electric,4
18310,Truck,Diesel,1
18311,Bus,Electric,9
18312,Bus,Diesel,0
18313,Truck,Electric,10
18314,Truck,Diesel,7
18315,Car,Diesel,7
18316,Bus,Diesel,5
18317,Bus,Diesel,4
18318,Truck,Hybrid,4
18319,Bus,Hybrid,5
18320,Bus,Hybrid,4
18321,Car,Hybrid,1
18322,Car,Diesel,6
18323,Bus,Hybrid,3
18324,Bus,Hybrid,6
18325,Bus,Diesel,0
18326,Truck,Hybrid,5
18327,Car,Hybrid,1
18328,Truck,Electric,2
18329,Car,Hybrid,2
18330,Car,Electric,9
18331,Car,Hybrid,0
18332,Bus,Diesel,13
18333,Car,Hybrid,4
18334,Truck,Diesel,12
18335,Car,Hybrid,7
18336,Truck,Hybrid,11
18337,Car,Diesel,13
18338,Car,Diesel,7
18339,Bus,Diesel,9
18340,Truck,Diesel,11
18341,Car,Electric,10
18342,Car,Electric,6
18343,Truck,Diesel,6
18344,Car,Electric,7
18345,Bus,Hybrid,12
18346,Truck,Hybrid,7
18347,Bus,Hybrid,14
18348,Truck,Electric,13
18349,Truck,Electric,4
18350,Truck,Hybrid,6
18351,Car,Diesel,11
18352,Truck,Hybrid,1
18353,Truck,Electric,3
18354,Truck,Hybrid,5
18355,Bus,Hybrid,10
18356,Truck,Electric,13
18357,Car,Electric,9
18358,Truck,Electric,13
18359,Truck,Electric,2
18360,Bus,Hybrid,1
18361,Car,Electric,11
18362,Car,Diesel,0
18363,Car,Electric,3
18364,Truck,Electric,1
18365,Truck,Hybrid,13
18366,Car,Diesel,2
18367,Car,Diesel,11
18368,Bus,Diesel,9
18369,Car,Electric,10
18370,Truck,Hybrid,14
18371,Truck,Hybrid,10
18372,Truck,Electric,10
18373,Bus,Diesel,5
18374,Car,Diesel,9
18375,Truck,Hybrid,2
18376,Bus,Electric,2
18377,Bus,Diesel,3
18378,Truck,Electric,2
18379,Bus,Hybrid,14
18380,Bus,Electric,5
18381,Truck,Electric,8
18382,Bus,Electric,7
18383,Truck,Electric,1
18384,Truck,Diesel,2
18385,Bus,Hybrid,14
18386,Truck,Diesel,14
18387,Truck,Diesel,7
18388,Car,Diesel,2
18389,Truck,Diesel,4
18390,Car,Hybrid,11
18391,Car,Hybrid,10
18392,Car,Diesel,11
18393,Car,Electric,11
18394,Bus,Electric,8
18395,Bus,Electric,1
18396,Truck,Electric,8
18397,Truck,Electric,9
18398,Truck,Hybrid,4
18399,Bus,Electric,14
18400,Car,Hybrid,8
18401,Bus,Electric,3
18402,Bus,Electric,7
18403,Truck,Diesel,7
18404,Truck,Diesel,2
18405,Truck,Diesel,4
18406,Car,Hybrid,9
18407,Car,Hybrid,0
18408,Bus,Diesel,12
18409,Car,Diesel,5
18410,Truck,Electric,8
18411,Car,Hybrid,11
18412,Car,Electric,13
18413,Car,Electric,0
18414,Car,Diesel,1
18415,Truck,Electric,13
18416,Truck,Electric,6
18417,Bus,Diesel,5
18418,Bus,Diesel,9
18419,Bus,Electric,10
18420,Car,Electric,2
18421,Car,Electric,1
18422,Truck,Hybrid,6
18423,Bus,Electric,9
18424,Truck,Diesel,9
18425,Bus,Electric,4
18426,Bus,Hybrid,5
18427,Bus,Electric,14
18428,Car,Hybrid,8
18429,Bus,Hybrid,12
18430,Bus,Diesel,6
18431,Car,Electric,3
18432,Bus,Hybrid,10
18433,Car,Electric,8
18434,Car,Hybrid,2
18435,Truck,Diesel,14
18436,Car,Diesel,3
18437,Car,Electric,9
18438,Car,Electric,2
18439,Bus,Electric,9
18440,Truck,Electric,10
18441,Bus,Electric,14
18442,Car,Hybrid,11
18443,Car,Electric,2
18444,Truck,Hybrid,11
18445,Truck,Hybrid,14
18446,Car,Hybrid,0
18447,Car,Electric,4
18448,Bus,Diesel,3
18449,Car,Diesel,10
18450,Bus,Electric,8
18451,Truck,Electric,14
18452,Bus,Electric,3
18453,Car,Hybrid,2
18454,Bus,Diesel,5
18455,Bus,Diesel,11
18456,Truck,Diesel,11
18457,Bus,Diesel,9
18458,Car,Hybrid,10
18459,Bus,Electric,4
18460,Bus,Hybrid,3
18461,Bus,Electric,0
18462,Car,Electric,10
18463,Bus,Diesel,12
18464,Car,Diesel,2
18465,Bus,Electric,13
18466,Truck,Electric,12
18467,Truck,Diesel,12
18468,Truck,Diesel,3
18469,Car,Diesel,9
18470,Car,Diesel,10
18471,Car,Diesel,7
18472,Bus,Hybrid,8
18473,Car,Hybrid,13
18474,Car,Hybrid,7
18475,Car,Diesel,8
18476,Car,Electric,9
18477,Truck,Electric,0
18478,Bus,Diesel,10
18479,Truck,Hybrid,0
18480,Bus,Electric,13
18481,Bus,Diesel,2
18482,Truck,Hybrid,12
18483,Car,Hybrid,3
18484,Truck,Hybrid,1
18485,Bus,Hybrid,9
18486,Bus,Hybrid,6
18487,Car,Hybrid,8
18488,Truck,Hybrid,10
18489,Bus,Hybrid,5
18490,Truck,Hybrid,3
18491,Car,Hybrid,5
18492,Car,Diesel,0
18493,Bus,Electric,5
18494,Car,Diesel,3
18495,Bus,Electric,2
18496,Bus,Diesel,5
18497,Car,Electric,8
18498,Car,Electric,7
18499,Truck,Electric,7
18500,Truck,Diesel,8
18501,Bus,Electric,5
18502,Truck,Hybrid,7
18503,Bus,Electric,6
18504,Car,Diesel,11
18505,Car,Diesel,0
18506,Truck,Hybrid,5
18507,Bus,Electric,11
18508,Bus,Diesel,13
18509,Truck,Electric,13
18510,Bus,Hybrid,10
18511,Bus,Hybrid,3
18512,Car,Diesel,2
18513,Bus,Electric,2
18514,Bus,Hybrid,12
18515,Bus,Hybrid,11
18516,Truck,Diesel,9
18517,Truck,Hybrid,14
18518,Truck,Diesel,12
18519,Bus,Hybrid,12
18520,Bus,Hybrid,11
18521,Truck,Diesel,12
18522,Truck,Diesel,12
18523,Bus,Electric,7
18524,Bus,Hybrid,14
18525,Car,Electric,0
18526,Truck,Electric,14
18527,Bus,Diesel,6
18528,Truck,Hybrid,10
18529,Truck,Diesel,9
18530,Truck,Hybrid,3
18531,Car,Diesel,14
18532,Bus,Hybrid,0
18533,Bus,Electric,13
18534,Truck,Hybrid,13
18535,Bus,Hybrid,1
18536,Car,Diesel,14
18537,Truck,Hybrid,6
18538,Car,Hybrid,9
18539,Car,Hybrid,0
18540,Bus,Hybrid,5
18541,Bus,Electric,3
18542,Car,Diesel,2
18543,Bus,Hybrid,6
18544,Car,Diesel,8
18545,Car,Electric,4
18546,Truck,Electric,5
18547,Car,Hybrid,6
18548,Car,Diesel,9
18549,Bus,Diesel,12
18550,Truck,Diesel,11
18551,Bus,Electric,5
18552,Truck,Electric,5
18553,Bus,Hybrid,2
18554,Car,Diesel,10
18555,Truck,Diesel,2
18556,Truck,Electric,13
18557,Truck,Hybrid,14
18558,Truck,Hybrid,14
18559,Bus,Hybrid,4
18560,Bus,Electric,6
18561,Truck,Diesel,11
18562,Truck,Hybrid,12
18563,Truck,Hybrid,5
18564,Bus,Diesel,1
18565,Truck,Hybrid,2
18566,Truck,Electric,11
18567,Truck,Hybrid,4
18568,Bus,Diesel,14
18569,Car,Electric,12
18570,Car,Hybrid,6
18571,Bus,Diesel,12
18572,Car,Diesel,12
18573,Truck,Diesel,5
18574,Truck,Diesel,12
18575,Bus,Hybrid,9
18576,Bus,Hybrid,2
18577,Car,Electric,6
18578,Car,Electric,4
18579,Truck,Diesel,9
18580,Bus,Diesel,13
18581,Car,Electric,14
18582,Car,Hybrid,3
18583,Truck,Hybrid,11
18584,Truck,Hybrid,5
18585,Truck,Diesel,1
18586,Truck,Electric,6
18587,Car,Electric,1
18588,Bus,Electric,6
18589,Bus,Hybrid,7
18590,Truck,Electric,1
18591,Truck,Electric,7
18592,Car,Hybrid,11
18593,Truck,Diesel,12
18594,Bus,Diesel,6
18595,Truck,Hybrid,14
18596,Bus,Electric,2
18597,Truck,Diesel,12
18598,Truck,Diesel,6
18599,Bus,Diesel,0
18600,Car,Hybrid,1
18601,Car,Diesel,4
18602,Truck,Electric,10
18603,Truck,Hybrid,12
18604,Bus,Hybrid,8
18605,Bus,Diesel,0
18606,Truck,Electric,4
18607,Bus,Hybrid,5
18608,Car,Diesel,13
18609,Car,Electric,13
18610,Bus,Electric,2
18611,Bus,Hybrid,4
18612,Bus,Diesel,1
18613,Car,Electric,10
18614,Truck,Hybrid,7
18615,Bus,Hybrid,11
18616,Bus,Hybrid,2
18617,Bus,Hybrid,4
18618,Truck,Hybrid,12
18619,Bus,Electric,11
18620,Bus,Hybrid,0
18621,Car,Diesel,4
18622,Bus,Diesel,0
18623,Car,Electric,8
18624,Truck,Hybrid,1
18625,Bus,Hybrid,5
18626,Bus,Electric,8
18627,Car,Hybrid,2
18628,Truck,Hybrid,5
18629,Truck,Diesel,0
18630,Car,Hybrid,13
18631,Truck,Electric,14
18632,Truck,Diesel,6
18633,Truck,Electric,1
18634,Truck,Electric,4
18635,Truck,Hybrid,4
18636,Truck,Hybrid,11
18637,Truck,Diesel,0
18638,Truck,Electric,10
18639,Bus,Electric,14
18640,Car,Hybrid,6
18641,Truck,Electric,3
18642,Car,Electric,3
18643,Truck,Electric,6
18644,Truck,Electric,9
18645,Bus,Electric,12
18646,Car,Diesel,0
18647,Car,Electric,13
18648,Bus,Electric,5
18649,Bus,Diesel,0
18650,Car,Hybrid,12
18651,Truck,Hybrid,5
18652,Truck,Diesel,9
18653,Car,Diesel,14
18654,Truck,Hybrid,1
18655,Bus,Electric,9
18656,Bus,Electric,10
18657,Bus,Diesel,0
18658,Car,Electric,7
18659,Car,Diesel,6
18660,Car,Hybrid,1
18661,Truck,Electric,1
18662,Car,Hybrid,4
18663,Car,Electric,3
18664,Bus,Electric,11
18665,Truck,Electric,3
18666,Truck,Diesel,8
18667,Bus,Hybrid,10
18668,Truck,Diesel,0
18669,Car,Diesel,13
18670,Truck,Hybrid,12
18671,Bus,Hybrid,9
18672,Truck,Diesel,8
18673,Bus,Diesel,11
18674,Car,Diesel,2
18675,Car,Hybrid,7
18676,Bus,Diesel,4
18677,Car,Hybrid,9
18678,Car,Diesel,14
18679,Truck,Hybrid,2
18680,Car,Diesel,8
18681,Bus,Electric,8
18682,Car,Electric,7
18683,Truck,Hybrid,2
18684,Bus,Hybrid,2
18685,Car,Electric,9
18686,Car,Hybrid,14
18687,Car,Hybrid,11
18688,Bus,Electric,14
18689,Truck,Diesel,14
18690,Bus,Hybrid,10
18691,Bus,Hybrid,9
18692,Truck,Diesel,2
18693,Bus,Diesel,13
18694,Bus,Hybrid,10
18695,Car,Hybrid,5
18696,Bus,Diesel,11
18697,Car,Hybrid,1
18698,Bus,Diesel,8
18699,Car,Diesel,1
18700,Car,Hybrid,9
18701,Car,Hybrid,7
18702,Truck,Diesel,9
18703,Bus,Hybrid,3
18704,Bus,Diesel,3
18705,Bus,Electric,4
18706,Truck,Electric,13
18707,Car,Diesel,0
18708,Bus,Diesel,3
18709,Truck,Hybrid,5
18710,Truck,Diesel,11
18711,Bus,Diesel,9
18712,Car,Hybrid,1
18713,Truck,Hybrid,13
18714,Bus,Electric,10
18715,Car,Diesel,2
18716,Truck,Diesel,10
18717,Truck,Electric,13
18718,Bus,Diesel,3
18719,Bus,Hybrid,2
18720,Car,Diesel,8
18721,Bus,Hybrid,5
18722,Bus,Diesel,10
18723,Car,Electric,4
18724,Bus,Hybrid,4
18725,Car,Hybrid,1
18726,Car,Electric,11
18727,Car,Hybrid,13
18728,Bus,Electric,12
18729,Car,Diesel,8
18730,Bus,Electric,1
18731,Car,Diesel,4
18732,Bus,Hybrid,6
18733,Car,Hybrid,2
18734,Truck,Electric,12
18735,Truck,Diesel,7
18736,Truck,Electric,4
18737,Car,Hybrid,9
18738,Bus,Hybrid,11
18739,Car,Diesel,2
18740,Car,Diesel,2
18741,Car,Hybrid,14
18742,Car,Hybrid,2
18743,Bus,Diesel,10
18744,Car,Electric,11
18745,Truck,Electric,2
18746,Truck,Diesel,3
18747,Truck,Diesel,9
18748,Car,Diesel,0
18749,Bus,Hybrid,11
18750,Bus,Electric,2
18751,Bus,Diesel,9
18752,Car,Electric,9
18753,Bus,Hybrid,4
18754,Truck,Hybrid,12
18755,Bus,Diesel,7
18756,Car,Diesel,7
18757,Car,Diesel,8
18758,Bus,Diesel,8
18759,Car,Electric,12
18760,Bus,Diesel,5
18761,Bus,Electric,12
18762,Truck,Hybrid,9
18763,Car,Hybrid,14
18764,Truck,Electric,6
18765,Car,Electric,11
18766,Bus,Diesel,12
18767,Car,Diesel,10
18768,Bus,Diesel,11
18769,Car,Hybrid,13
18770,Truck,Electric,3
18771,Truck,Electric,2
18772,Bus,Electric,14
18773,Truck,Electric,10
18774,Bus,Diesel,2
18775,Bus,Diesel,1
18776,Bus,Electric,7
18777,Car,Diesel,6
18778,Bus,Hybrid,7
18779,Truck,Diesel,12
18780,Car,Hybrid,5
18781,Truck,Hybrid,12
18782,Bus,Electric,9
18783,Bus,Electric,14
18784,Truck,Diesel,11
18785,Car,Electric,9
18786,Truck,Hybrid,4
18787,Bus,Hybrid,0
18788,Car,Diesel,7
18789,Bus,Hybrid,1
18790,Bus,Electric,0
18791,Truck,Diesel,8
18792,Bus,Diesel,13
18793,Truck,Diesel,10
18794,Car,Electric,10
18795,Bus,Hybrid,7
18796,Bus,Electric,10
18797,Car,Diesel,8
18798,Truck,Hybrid,4
18799,Bus,Diesel,2
18800,Car,Electric,13
18801,Bus,Diesel,10
18802,Truck,Electric,7
18803,Truck,Diesel,3
18804,Truck,Diesel,13
18805,Truck,Diesel,0
18806,Car,Electric,8
18807,Bus,Electric,10
18808,Car,Electric,3
18809,Truck,Electric,11
18810,Truck,Electric,1
18811,Truck,Hybrid,9
18812,Truck,Diesel,2
18813,Bus,Electric,5
18814,Truck,Hybrid,8
18815,Bus,Hybrid,5
18816,Truck,Diesel,11
18817,Bus,Diesel,11
18818,Bus,Diesel,3
18819,Truck,Electric,0
18820,Car,Diesel,14
18821,Car,Diesel,1
18822,Car,Diesel,6
18823,Car,Hybrid,2
18824,Car,Electric,1
18825,Truck,Diesel,11
18826,Truck,Hybrid,5
18827,Truck,Electric,13
18828,Truck,Diesel,3
18829,Truck,Hybrid,0
18830,Truck,Electric,14
18831,Bus,Diesel,8
18832,Bus,Diesel,14
18833,Truck,Hybrid,14
18834,Truck,Diesel,8
18835,Bus,Hybrid,10
18836,Bus,Hybrid,4
18837,Truck,Hybrid,7
18838,Bus,Electric,5
18839,Car,Hybrid,6
18840,Car,Electric,12
18841,Car,Diesel,5
18842,Bus,Electric,14
18843,Truck,Hybrid,14
18844,Truck,Diesel,6
18845,Truck,Hybrid,2
18846,Bus,Hybrid,13
18847,Bus,Diesel,10
18848,Car,Hybrid,2
18849,Bus,Electric,9
18850,Car,Diesel,13
18851,Car,Diesel,2
18852,Truck,Diesel,9
18853,Bus,Hybrid,5
18854,Truck,Hybrid,0
18855,Truck,Diesel,13
18856,Bus,Electric,11
18857,Bus,Hybrid,12
18858,Car,Hybrid,11
18859,Car,Hybrid,12
18860,Car,Electric,8
18861,Car,Hybrid,12
18862,Truck,Hybrid,8
18863,Truck,Electric,13
18864,Bus,Electric,3
18865,Car,Hybrid,1
18866,Car,Diesel,13
18867,Car,Diesel,6
18868,Truck,Electric,13
18869,Bus,Hybrid,12
18870,Truck,Electric,6
18871,Bus,Electric,14
18872,Bus,Diesel,5
18873,Truck,Electric,7
18874,Truck,Electric,2
18875,Bus,Hybrid,1
18876,Truck,Hybrid,9
18877,Truck,Electric,0
18878,Bus,Electric,11
18879,Bus,Hybrid,2
18880,Car,Diesel,7
18881,Truck,Hybrid,11
18882,Bus,Hybrid,7
18883,Truck,Hybrid,14
18884,Truck,Hybrid,6
18885,Bus,Hybrid,11
18886,Car,Diesel,1
18887,Bus,Hybrid,2
18888,Bus,Hybrid,12
18889,Truck,Diesel,6
18890,Car,Electric,10
18891,Bus,Diesel,7
18892,Truck,Hybrid,8
18893,Bus,Electric,5
18894,Truck,Diesel,9
18895,Bus,Electric,2
18896,Car,Diesel,8
18897,Bus,Diesel,4
18898,Truck,Electric,11
18899,Bus,Electric,3
18900,Car,Electric,8
18901,Car,Electric,9
18902,Car,Hybrid,11
18903,Car,Diesel,1
18904,Truck,Hybrid,9
18905,Bus,Diesel,3
18906,Car,Hybrid,12
18907,Bus,Hybrid,5
18908,Truck,Diesel,10
18909,Bus,Hybrid,5
18910,Bus,Electric,11
18911,Car,Electric,10
18912,Car,Hybrid,9
18913,Truck,Hybrid,14
18914,Bus,Diesel,4
18915,Truck,Diesel,9
18916,Truck,Hybrid,6
18917,Truck,Diesel,4
18918,Car,Electric,14
18919,Car,Electric,5
18920,Bus,Electric,13
18921,Bus,Diesel,13
18922,Bus,Diesel,0
18923,Car,Diesel,7
18924,Car,Diesel,13
18925,Truck,Hybrid,4
18926,Car,Hybrid,4
18927,Truck,Hybrid,13
18928,Truck,Hybrid,9
18929,Car,Electric,5
18930,Truck,Diesel,5
18931,Truck,Electric,7
18932,Bus,Diesel,3
18933,Truck,Hybrid,14
18934,Car,Electric,3
18935,Car,Diesel,14
18936,Truck,Hybrid,2
18937,Bus,Diesel,8
18938,Car,Diesel,7
18939,Car,Hybrid,4
18940,Bus,Electric,10
18941,Truck,Diesel,7
18942,Car,Hybrid,5
18943,Truck,Diesel,4
18944,Truck,Diesel,12
18945,Truck,Diesel,8
18946,Truck,Electric,8
18947,Car,Electric,14
18948,Bus,Electric,10
18949,Car,Electric,7
18950,Bus,Hybrid,11
18951,Truck,Electric,12
18952,Bus,Diesel,9
18953,Truck,Hybrid,2
18954,Car,Diesel,12
18955,Car,Electric,14
18956,Bus,Diesel,8
18957,Truck,Diesel,5
18958,Truck,Diesel,8
18959,Bus,Diesel,0
18960,Truck,Electric,0
18961,Truck,Diesel,5
18962,Truck,Diesel,11
18963,Car,Diesel,3
18964,Car,Diesel,4
18965,Car,Electric,4
18966,Truck,Diesel,2
18967,Car,Hybrid,8
18968,Truck,Hybrid,14
18969,Truck,Diesel,0
18970,Bus,Diesel,5
18971,Truck,Electric,1
18972,Car,Hybrid,1
18973,Car,Electric,8
18974,Truck,Diesel,9
18975,Car,Hybrid,1
18976,Truck,Hybrid,8
18977,Bus,Electric,11
18978,Truck,Diesel,11
18979,Truck,Hybrid,7
18980,Bus,Electric,6
18981,Car,Hybrid,7
18982,Bus,Diesel,12
18983,Bus,Diesel,11
18984,Truck,Diesel,8
18985,Truck,Electric,14
18986,Bus,Diesel,9
18987,Car,Electric,8
18988,Bus,Hybrid,2
18989,Car,Diesel,14
18990,Bus,Electric,9
18991,Bus,Electric,0
18992,Car,Electric,14
18993,Bus,Diesel,7
18994,Truck,Electric,12
18995,Bus,Diesel,12
18996,Truck,Diesel,9
18997,Car,Hybrid,3
18998,Car,Hybrid,4
18999,Truck,Diesel,13
19000,Bus,Hybrid,10
19001,Truck,Electric,5
19002,Truck,Diesel,5
19003,Car,Hybrid,6
19004,Truck,Electric,13
19005,Bus,Diesel,9
19006,Truck,Electric,2
19007,Car,Diesel,1
19008,Bus,Hybrid,11
19009,Car,Electric,8
19010,Truck,Hybrid,13
19011,Truck,Electric,1
19012,Car,Electric,8
19013,Car,Electric,9
19014,Bus,Electric,14
19015,Car,Hybrid,3
19016,Car,Electric,10
19017,Truck,Hybrid,0
19018,Truck,Electric,2
19019,Car,Diesel,9
19020,Car,Diesel,14
19021,Truck,Electric,13
19022,Bus,Diesel,1
19023,Bus,Electric,3
19024,Bus,Hybrid,1
19025,Bus,Diesel,11
19026,Truck,Electric,9
19027,Car,Electric,5
19028,Bus,Hybrid,10
19029,Truck,Hybrid,9
19030,Car,Electric,0
19031,Bus,Electric,4
19032,Car,Electric,8
19033,Bus,Electric,14
19034,Car,Electric,0
19035,Bus,Electric,3
19036,Bus,Hybrid,1
19037,Car,Diesel,10
19038,Car,Electric,14
19039,Car,Electric,1
19040,Truck,Hybrid,4
19041,Truck,Diesel,1
19042,Car,Hybrid,12
19043,Truck,Hybrid,4
19044,Bus,Electric,0
19045,Car,Electric,4
19046,Truck,Hybrid,12
19047,Car,Electric,13
19048,Bus,Electric,14
19049,Bus,Electric,14
19050,Truck,Diesel,2
19051,Bus,Diesel,13
19052,Car,Electric,11
19053,Truck,Hybrid,1
19054,Car,Diesel,10
19055,Car,Hybrid,3
19056,Car,Electric,0
19057,Bus,Hybrid,2
19058,Car,Hybrid,10
19059,Bus,Diesel,0
19060,Car,Hybrid,7
19061,Bus,Hybrid,4
19062,Bus,Diesel,0
19063,Bus,Electric,1
19064,Car,Hybrid,8
19065,Car,Electric,6
19066,Bus,Electric,2
19067,Car,Electric,14
19068,Bus,Diesel,14
19069,Car,Electric,0
19070,Bus,Hybrid,1
19071,Bus,Electric,6
19072,Truck,Electric,7
19073,Car,Electric,4
19074,Car,Hybrid,12
19075,Truck,Electric,11
19076,Bus,Electric,13
19077,Bus,Electric,3
19078,Truck,Diesel,9
19079,Truck,Hybrid,3
19080,Bus,Diesel,4
19081,Car,Hybrid,14
19082,Truck,Electric,6
19083,Truck,Hybrid,13
19084,Truck,Hybrid,12
19085,Truck,Hybrid,6
19086,Truck,Hybrid,3
19087,Truck,Diesel,0
19088,Bus,Hybrid,4
19089,Bus,Diesel,6
19090,Truck,Diesel,11
19091,Bus,Electric,3
19092,Car,Hybrid,6
19093,Car,Electric,7
19094,Truck,Hybrid,14
19095,Car,Diesel,1
19096,Car,Diesel,1
19097,Bus,Diesel,4
19098,Bus,Hybrid,2
19099,Bus,Hybrid,3
19100,Bus,Hybrid,14
19101,Car,Hybrid,0
19102,Truck,Hybrid,10
19103,Bus,Electric,3
19104,Car,Hybrid,10
19105,Bus,Electric,3
19106,Car,Hybrid,3
19107,Bus,Hybrid,2
19108,Truck,Hybrid,1
19109,Bus,Hybrid,3
19110,Truck,Diesel,12
19111,Bus,Diesel,7
19112,Bus,Electric,2
19113,Bus,Electric,5
19114,Car,Hybrid,1
19115,Car,Hybrid,0
19116,Truck,Hybrid,6
19117,Truck,Hybrid,11
19118,Car,Diesel,13
19119,Truck,Electric,11
19120,Truck,Electric,5
19121,Car,Electric,12
19122,Car,Diesel,9
19123,Car,Hybrid,3
19124,Car,Diesel,6
19125,Bus,Diesel,5
19126,Car,Electric,1
19127,Truck,Diesel,14
19128,Bus,Electric,3
19129,Bus,Diesel,13
19130,Truck,Electric,8
19131,Bus,Electric,7
19132,Truck,Hybrid,5
19133,Bus,Electric,12
19134,Bus,Diesel,0
19135,Truck,Electric,6
19136,Truck,Diesel,0
19137,Truck,Electric,13
19138,Truck,Hybrid,7
19139,Car,Hybrid,2
19140,Car,Diesel,8
19141,Truck,Electric,12
19142,Car,Diesel,4
19143,Truck,Hybrid,5
19144,Truck,Diesel,3
19145,Bus,Diesel,5
19146,Truck,Electric,8
19147,Truck,Hybrid,6
19148,Truck,Hybrid,1
19149,Truck,Electric,10
19150,Bus,Electric,5
19151,Truck,Electric,10
19152,Bus,Hybrid,10
19153,Truck,Hybrid,12
19154,Bus,Electric,12
19155,Car,Diesel,11
19156,Bus,Hybrid,8
19157,Bus,Electric,7
19158,Truck,Electric,12
19159,Bus,Diesel,10
19160,Bus,Electric,12
19161,Truck,Diesel,13
19162,Car,Diesel,0
19163,Car,Hybrid,4
19164,Car,Electric,5
19165,Bus,Hybrid,8
19166,Truck,Hybrid,3
19167,Car,Hybrid,12
19168,Car,Electric,0
19169,Car,Electric,13
19170,Car,Electric,5
19171,Truck,Hybrid,8
19172,Car,Diesel,5
19173,Bus,Hybrid,6
19174,Bus,Diesel,9
19175,Truck,Electric,3
19176,Car,Electric,12
19177,Car,Hybrid,1
19178,Bus,Diesel,12
19179,Truck,Electric,2
19180,Bus,Electric,10
19181,Truck,Hybrid,0
19182,Truck,Hybrid,1
19183,Truck,Hybrid,6
19184,Bus,Diesel,8
19185,Truck,Diesel,8
19186,Bus,Electric,14
19187,Bus,Hybrid,8
19188,Car,Electric,10
19189,Bus,Diesel,14
19190,Bus,Electric,13
19191,Car,Electric,0
19192,Car,Hybrid,14
19193,Car,Electric,6
19194,Truck,Hybrid,13
19195,Truck,Electric,6
19196,Car,Electric,13
19197,Truck,Diesel,14
19198,Car,Diesel,8
19199,Truck,Electric,8
19200,Bus,Electric,0
19201,Truck,Hybrid,9
19202,Truck,Diesel,4
19203,Bus,Diesel,1
19204,Car,Electric,11
19205,Truck,Hybrid,5
19206,Truck,Diesel,1
19207,Bus,Electric,14
19208,Bus,Electric,5
19209,Bus,Electric,6
19210,Bus,Electric,13
19211,Car,Electric,5
19212,Truck,Diesel,11
19213,Truck,Diesel,10
19214,Truck,Hybrid,14
19215,Truck,Electric,12
19216,Car,Hybrid,0
19217,Truck,Electric,3
19218,Car,Electric,2
19219,Car,Electric,4
19220,Bus,Hybrid,6
19221,Bus,Electric,11
19222,Truck,Hybrid,2
19223,Car,Diesel,0
19224,Bus,Electric,10
19225,Car,Hybrid,10
19226,Bus,Diesel,8
19227,Car,Electric,5
19228,Truck,Diesel,5
19229,Truck,Electric,3
19230,Car,Hybrid,10
19231,Bus,Electric,0
19232,Bus,Electric,11
19233,Truck,Hybrid,8
19234,Truck,Hybrid,9
19235,Truck,Hybrid,6
19236,Bus,Electric,11
19237,Bus,Diesel,9
19238,Truck,Hybrid,13
19239,Car,Diesel,6
19240,Bus,Hybrid,10
19241,Truck,Hybrid,6
19242,Car,Electric,6
19243,Bus,Hybrid,7
19244,Car,Diesel,10
19245,Car,Electric,7
19246,Bus,Hybrid,2
19247,Truck,Diesel,7
19248,Car,Electric,3
19249,Truck,Diesel,6
19250,Bus,Electric,4
19251,Car,Electric,11
19252,Car,Electric,3
19253,Car,Hybrid,12
19254,Car,Electric,3
19255,Car,Hybrid,5
19256,Bus,Hybrid,1
19257,Car,Hybrid,12
19258,Bus,Hybrid,4
19259,Truck,Electric,14
19260,Bus,Hybrid,7
19261,Car,Diesel,1
19262,Truck,Diesel,4
19263,Bus,Electric,6
19264,Bus,Hybrid,4
19265,Bus,Diesel,9
19266,Car,Diesel,8
19267,Car,Hybrid,8
19268,Bus,Hybrid,7
19269,Bus,Electric,13
19270,Truck,Diesel,8
19271,Car,Electric,1
19272,Car,Diesel,2
19273,Truck,Hybrid,3
19274,Bus,Diesel,14
19275,Bus,Diesel,4
19276,Truck,Diesel,14
19277,Bus,Hybrid,9
19278,Bus,Hybrid,11
19279,Truck,Diesel,1
19280,Truck,Diesel,12
19281,Truck,Hybrid,10
19282,Bus,Hybrid,9
19283,Truck,Hybrid,3
19284,Bus,Diesel,13
19285,Car,Electric,3
19286,Car,Electric,4
19287,Truck,Hybrid,14
19288,Bus,Electric,5
19289,Bus,Diesel,0
19290,Bus,Electric,12
19291,Truck,Electric,13
19292,Bus,Electric,5
19293,Bus,Hybrid,12
19294,Bus,Diesel,14
19295,Car,Hybrid,8
19296,Bus,Electric,2
19297,Car,Hybrid,1
19298,Bus,Diesel,11
19299,Bus,Diesel,7
19300,Bus,Diesel,1
19301,Car,Diesel,7
19302,Bus,Electric,9
19303,Truck,Electric,3
19304,Bus,Electric,8
19305,Car,Electric,3
19306,Car,Electric,14
19307,Truck,Hybrid,0
19308,Truck,Diesel,7
19309,Truck,Electric,0
19310,Car,Diesel,4
19311,Bus,Diesel,6
19312,Bus,Electric,2
19313,Truck,Electric,5
19314,Truck,Diesel,12
19315,Bus,Diesel,10
19316,Truck,Diesel,0
19317,Bus,Hybrid,5
19318,Bus,Hybrid,13
19319,Bus,Diesel,4
19320,Bus,Hybrid,1
19321,Car,Diesel,3
19322,Bus,Diesel,11
19323,Truck,Electric,11
19324,Truck,Diesel,10
19325,Truck,Electric,11
19326,Truck,Electric,10
19327,Car,Diesel,10
19328,Bus,Hybrid,6
19329,Bus,Diesel,5
19330,Truck,Diesel,10
19331,Truck,Hybrid,9
19332,Truck,Electric,5
19333,Bus,Hybrid,8
19334,Car,Diesel,1
19335,Car,Diesel,0
19336,Car,Hybrid,1
19337,Car,Hybrid,2
19338,Truck,Hybrid,8
19339,Bus,Electric,13
19340,Truck,Hybrid,11
19341,Car,Diesel,9
19342,Truck,Hybrid,8
19343,Car,Diesel,11
19344,Bus,Electric,4
19345,Car,Electric,6
19346,Truck,Hybrid,2
19347,Bus,Diesel,9
19348,Car,Electric,1
19349,Car,Hybrid,5
19350,Bus,Electric,5
19351,Truck,Hybrid,4
19352,Bus,Diesel,0
19353,Truck,Hybrid,9
19354,Car,Diesel,1
19355,Car,Electric,6
19356,Bus,Diesel,9
19357,Car,Diesel,14
19358,Bus,Electric,14
19359,Car,Diesel,1
19360,Car,Diesel,4
19361,Truck,Hybrid,14
19362,Bus,Diesel,10
19363,Bus,Hybrid,9
19364,Car,Diesel,12
19365,Truck,Electric,3
19366,Truck,Diesel,14
19367,Bus,Diesel,9
19368,Bus,Diesel,0
19369,Car,Hybrid,4
19370,Bus,Electric,0
19371,Car,Electric,2
19372,Truck,Diesel,11
19373,Bus,Diesel,8
19374,Truck,Hybrid,6
19375,Truck,Electric,1
19376,Car,Diesel,4
19377,Truck,Diesel,14
19378,Car,Electric,3
19379,Car,Diesel,12
19380,Truck,Diesel,6
19381,Truck,Electric,13
19382,Car,Hybrid,14
19383,Car,Diesel,3
19384,Truck,Diesel,13
19385,Car,Electric,8
19386,Car,Electric,2
19387,Bus,Hybrid,5
19388,Bus,Hybrid,4
19389,Bus,Diesel,9
19390,Bus,Hybrid,7
19391,Bus,Hybrid,12
19392,Car,Hybrid,13
19393,Car,Diesel,10
19394,Bus,Hybrid,13
19395,Truck,Hybrid,0
19396,Bus,Hybrid,9
19397,Truck,Electric,1
19398,Car,Hybrid,6
19399,Truck,Hybrid,0
19400,Car,Electric,4
19401,Truck,Electric,7
19402,Car,Diesel,9
19403,Car,Diesel,4
19404,Bus,Electric,4
19405,Car,Diesel,8
19406,Bus,Hybrid,10
19407,Bus,Diesel,14
19408,Bus,Hybrid,10
19409,Truck,Hybrid,4
19410,Truck,Hybrid,14
19411,Car,Electric,0
19412,Bus,Diesel,2
19413,Bus,Diesel,13
19414,Car,Electric,4
19415,Bus,Electric,7
19416,Car,Diesel,9
19417,Bus,Electric,1
19418,Truck,Electric,13
19419,Car,Hybrid,3
19420,Car,Hybrid,11
19421,Truck,Hybrid,3
19422,Car,Electric,2
19423,Truck,Electric,14
19424,Bus,Hybrid,5
19425,Truck,Hybrid,9
19426,Truck,Diesel,1
19427,Car,Hybrid,2
19428,Bus,Hybrid,1
19429,Truck,Diesel,9
19430,Bus,Diesel,12
19431,Truck,Diesel,7
19432,Car,Diesel,1
19433,Truck,Electric,4
19434,Truck,Diesel,3
19435,Bus,Diesel,0
19436,Truck,Electric,12
19437,Car,Diesel,6
19438,Car,Diesel,5
19439,Truck,Diesel,9
19440,Truck,Electric,11
19441,Bus,Hybrid,0
19442,Bus,Diesel,8
19443,Car,Diesel,11
19444,Bus,Diesel,3
19445,Truck,Diesel,0
19446,Car,Electric,7
19447,Bus,Hybrid,0
19448,Car,Diesel,1
19449,Truck,Diesel,13
19450,Bus,Electric,4
19451,Truck,Hybrid,12
19452,Truck,Hybrid,0
19453,Car,Hybrid,0
19454,Car,Diesel,14
19455,Car,Diesel,5
19456,Bus,Diesel,13
19457,Bus,Electric,10
19458,Car,Electric,0
19459,Bus,Electric,4
19460,Bus,Diesel,9
19461,Car,Diesel,10
19462,Truck,Diesel,4
19463,Bus,Hybrid,1
19464,Bus,Electric,13
19465,Truck,Electric,13
19466,Truck,Hybrid,10
19467,Truck,Hybrid,2
19468,Car,Hybrid,2
19469,Truck,Diesel,2
19470,Car,Hybrid,2
19471,Truck,Diesel,10
19472,Truck,Diesel,3
19473,Car,Electric,13
19474,Car,Hybrid,9
19475,Truck,Diesel,12
19476,Truck,Diesel,0
19477,Truck,Hybrid,12
19478,Bus,Diesel,3
19479,Truck,Diesel,3
19480,Car,Diesel,14
19481,Bus,Hybrid,7
19482,Car,Diesel,10
19483,Bus,Electric,3
19484,Bus,Hybrid,4
19485,Car,Electric,3
19486,Bus,Electric,4
19487,Car,Electric,2
19488,Truck,Diesel,2
19489,Bus,Diesel,7
19490,Car,Electric,11
19491,Bus,Electric,13
19492,Car,Hybrid,0
19493,Truck,Electric,2
19494,Truck,Diesel,1
19495,Bus,Electric,9
19496,Bus,Electric,14
19497,Car,Hybrid,10
19498,Car,Electric,5
19499,Bus,Hybrid,7
19500,Car,Hybrid,5
19501,Car,Electric,3
19502,Car,Electric,2
19503,Bus,Diesel,3
19504,Truck,Diesel,12
19505,Truck,Hybrid,7
19506,Car,Hybrid,8
19507,Bus,Diesel,7
19508,Car,Hybrid,8
19509,Truck,Diesel,7
19510,Car,Hybrid,12
19511,Truck,Diesel,4
19512,Bus,Diesel,4
19513,Car,Hybrid,0
19514,Bus,Hybrid,7
19515,Car,Hybrid,10
19516,Car,Electric,1
19517,Car,Electric,5
19518,Car,Hybrid,5
19519,Car,Hybrid,11
19520,Bus,Hybrid,9
19521,Bus,Hybrid,3
19522,Truck,Diesel,8
19523,Car,Electric,2
19524,Truck,Hybrid,7
19525,Bus,Electric,1
19526,Truck,Electric,4
19527,Bus,Diesel,12
19528,Car,Hybrid,12
19529,Truck,Electric,14
19530,Truck,Diesel,14
19531,Truck,Hybrid,14
19532,Truck,Hybrid,5
19533,Car,Electric,1
19534,Bus,Diesel,6
19535,Bus,Diesel,14
19536,Car,Diesel,10
19537,Bus,Diesel,10
19538,Truck,Hybrid,4
19539,Car,Electric,9
19540,Bus,Electric,12
19541,Car,Diesel,3
19542,Car,Diesel,3
19543,Bus,Diesel,1
19544,Bus,Electric,11
19545,Car,Hybrid,8
19546,Car,Hybrid,0
19547,Bus,Diesel,0
19548,Car,Hybrid,3
19549,Bus,Hybrid,2
19550,Car,Electric,8
19551,Car,Diesel,12
19552,Car,Hybrid,6
19553,Bus,Diesel,10
19554,Truck,Diesel,1
19555,Bus,Hybrid,3
19556,Car,Electric,4
19557,Truck,Hybrid,9
19558,Truck,Electric,11
19559,Car,Hybrid,13
19560,Bus,Diesel,3
19561,Truck,Electric,12
19562,Truck,Electric,13
19563,Bus,Diesel,3
19564,Bus,Hybrid,3
19565,Truck,Electric,7
19566,Bus,Hybrid,6
19567,Truck,Hybrid,3
19568,Car,Hybrid,10
19569,Bus,Diesel,0
19570,Truck,Hybrid,5
19571,Bus,Diesel,4
19572,Bus,Electric,10
19573,Truck,Hybrid,4
19574,Car,Electric,10
19575,Truck,Hybrid,14
19576,Bus,Electric,11
19577,Truck,Diesel,14
19578,Bus,Electric,5
19579,Truck,Electric,11
19580,Car,Hybrid,7
19581,Car,Hybrid,5
19582,Car,Hybrid,13
19583,Car,Hybrid,5
19584,Truck,Diesel,6
19585,Car,Electric,10
19586,Truck,Electric,7
19587,Bus,Diesel,3
19588,Bus,Electric,6
19589,Bus,Hybrid,7
19590,Car,Hybrid,5
19591,Car,Hybrid,8
19592,Car,Electric,12
19593,Bus,Diesel,5
19594,Bus,Diesel,3
19595,Bus,Electric,13
19596,Bus,Diesel,5
19597,Truck,Diesel,1
19598,Truck,Hybrid,10
19599,Car,Electric,7
19600,Car,Diesel,13
19601,Bus,Electric,10
19602,Truck,Hybrid,5
19603,Truck,Hybrid,3
19604,Car,Diesel,6
19605,Truck,Electric,14
19606,Car,Electric,7
19607,Bus,Hybrid,2
19608,Bus,Hybrid,9
19609,Car,Hybrid,2
19610,Bus,Diesel,9
19611,Bus,Electric,2
19612,Truck,Diesel,2
19613,Truck,Electric,1
19614,Truck,Hybrid,4
19615,Truck,Diesel,5
19616,Truck,Diesel,0
19617,Car,Diesel,5
19618,Car,Hybrid,6
19619,Truck,Diesel,1
19620,Bus,Diesel,0
19621,Bus,Hybrid,6
19622,Car,Electric,5
19623,Car,Diesel,13
19624,Car,Hybrid,2
19625,Bus,Diesel,12
19626,Car,Diesel,1
19627,Bus,Electric,12
19628,Car,Hybrid,1
19629,Bus,Electric,13
19630,Car,Electric,11
19631,Car,Hybrid,1
19632,Bus,Electric,7
19633,Car,Diesel,0
19634,Truck,Hybrid,11
19635,Bus,Hybrid,2
19636,Car,Diesel,7
19637,Bus,Diesel,5
19638,Car,Diesel,6
19639,Truck,Electric,1
19640,Car,Electric,13
19641,Car,Electric,8
19642,Truck,Electric,6
19643,Bus,Electric,2
19644,Car,Electric,8
19645,Car,Hybrid,2
19646,Truck,Hybrid,13
19647,Bus,Hybrid,9
19648,Bus,Hybrid,7
19649,Truck,Hybrid,14
19650,Truck,Hybrid,6
19651,Car,Electric,14
19652,Truck,Hybrid,12
19653,Truck,Diesel,2
19654,Truck,Hybrid,14
19655,Bus,Diesel,13
19656,Truck,Diesel,4
19657,Car,Hybrid,6
19658,Car,Electric,2
19659,Car,Electric,12
19660,Truck,Diesel,1
19661,Bus,Electric,8
19662,Truck,Diesel,1
19663,Truck,Electric,2
19664,Car,Electric,14
19665,Truck,Electric,11
19666,Bus,Electric,0
19667,Car,Hybrid,14
19668,Bus,Hybrid,12
19669,Bus,Hybrid,0
19670,Bus,Diesel,0
19671,Truck,Hybrid,14
19672,Truck,Hybrid,9
19673,Truck,Hybrid,2
19674,Truck,Electric,13
19675,Car,Electric,5
19676,Truck,Electric,9
19677,Car,Electric,2
19678,Bus,Electric,3
19679,Car,Hybrid,1
19680,Truck,Hybrid,6
19681,Car,Electric,3
19682,Truck,Electric,10
19683,Truck,Hybrid,0
19684,Car,Hybrid,3
19685,Car,Electric,3
19686,Bus,Diesel,14
19687,Bus,Electric,10
19688,Bus,Hybrid,2
19689,Bus,Diesel,7
19690,Bus,Electric,6
19691,Car,Hybrid,9
19692,Bus,Hybrid,9
19693,Car,Hybrid,2
19694,Bus,Electric,3
19695,Truck,Electric,7
19696,Bus,Diesel,14
19697,Truck,Hybrid,12
19698,Car,Hybrid,9
19699,Bus,Diesel,2
19700,Car,Electric,4
19701,Bus,Hybrid,4
19702,Car,Diesel,14
19703,Bus,Hybrid,4
19704,Bus,Electric,4
19705,Truck,Electric,8
19706,Car,Diesel,9
19707,Car,Diesel,12
19708,Car,Hybrid,4
19709,Car,Electric,14
19710,Car,Electric,10
19711,Truck,Diesel,13
19712,Bus,Diesel,10
19713,Truck,Hybrid,13
19714,Car,Electric,8
19715,Car,Hybrid,12
19716,Bus,Hybrid,8
19717,Truck,Diesel,14
19718,Bus,Electric,13
19719,Bus,Diesel,14
19720,Truck,Hybrid,10
19721,Bus,Hybrid,13
19722,Truck,Electric,9
19723,Truck,Electric,11
19724,Car,Electric,3
19725,Bus,Electric,13
19726,Car,Diesel,8
19727,Bus,Diesel,10
19728,Bus,Diesel,14
19729,Car,Diesel,11
19730,Car,Hybrid,12
19731,Car,Diesel,1
19732,Truck,Diesel,2
19733,Bus,Electric,0
19734,Truck,Hybrid,14
19735,Bus,Diesel,10
19736,Bus,Hybrid,6
19737,Truck,Hybrid,9
19738,Truck,Hybrid,13
19739,Bus,Hybrid,10
19740,Car,Electric,13
19741,Car,Electric,8
19742,Car,Hybrid,12
19743,Car,Hybrid,2
19744,Bus,Hybrid,7
19745,Car,Electric,0
19746,Car,Electric,5
19747,Car,Hybrid,5
19748,Bus,Hybrid,4
19749,Truck,Hybrid,3
19750,Car,Hybrid,2
19751,Bus,Electric,12
19752,Bus,Diesel,13
19753,Car,Diesel,3
19754,Truck,Electric,6
19755,Truck,Electric,13
19756,Truck,Diesel,6
19757,Bus,Diesel,2
19758,Car,Diesel,10
19759,Car,Hybrid,9
19760,Bus,Diesel,2
19761,Car,Diesel,2
19762,Car,Hybrid,4
19763,Truck,Hybrid,0
19764,Car,Electric,9
19765,Car,Hybrid,10
19766,Bus,Diesel,12
19767,Bus,Hybrid,13
19768,Truck,Electric,14
19769,Bus,Diesel,13
19770,Truck,Electric,6
19771,Truck,Electric,12
19772,Car,Electric,7
19773,Truck,Hybrid,6
19774,Car,Hybrid,7
19775,Truck,Electric,8
19776,Bus,Electric,3
19777,Bus,Electric,2
19778,Bus,Electric,6
19779,Truck,Hybrid,11
19780,Truck,Hybrid,8
19781,Car,Electric,12
19782,Car,Hybrid,11
19783,Car,Diesel,8
19784,Car,Hybrid,11
19785,Truck,Electric,7
19786,Truck,Hybrid,13
19787,Car,Diesel,12
19788,Truck,Diesel,2
19789,Truck,Hybrid,5
19790,Truck,Diesel,13
19791,Truck,Diesel,1
19792,Car,Hybrid,5
19793,Car,Hybrid,4
19794,Truck,Hybrid,14
19795,Bus,Electric,3
19796,Car,Electric,2
19797,Car,Diesel,7
19798,Bus,Diesel,9
19799,Car,Hybrid,5
19800,Bus,Diesel,8
19801,Bus,Hybrid,2
19802,Truck,Electric,4
19803,Car,Hybrid,3
19804,Bus,Diesel,5
19805,Truck,Hybrid,1
19806,Car,Hybrid,5
19807,Truck,Hybrid,2
19808,Truck,Diesel,7
19809,Bus,Hybrid,14
19810,Car,Hybrid,9
19811,Truck,Diesel,14
19812,Bus,Electric,9
19813,Bus,Electric,10
19814,Truck,Diesel,14
19815,Truck,Electric,5
19816,Bus,Hybrid,11
19817,Truck,Diesel,7
19818,Truck,Hybrid,6
19819,Car,Hybrid,5
19820,Bus,Diesel,8
19821,Truck,Hybrid,10
19822,Bus,Diesel,8
19823,Car,Hybrid,9
19824,Bus,Electric,9
19825,Bus,Hybrid,14
19826,Bus,Hybrid,3
19827,Car,Diesel,14
19828,Car,Electric,7
19829,Bus,Hybrid,2
19830,Bus,Hybrid,13
19831,Car,Electric,10
19832,Truck,Electric,4
19833,Car,Electric,11
19834,Bus,Electric,2
19835,Truck,Electric,9
19836,Truck,Hybrid,3
19837,Truck,Electric,4
19838,Car,Electric,12
19839,Car,Hybrid,14
19840,Car,Diesel,7
19841,Car,Hybrid,13
19842,Bus,Diesel,9
19843,Truck,Electric,14
19844,Bus,Diesel,7
19845,Car,Hybrid,13
19846,Car,Diesel,2
19847,Bus,Diesel,7
19848,Truck,Diesel,9
19849,Truck,Electric,12
19850,Car,Hybrid,3
19851,Car,Diesel,10
19852,Car,Electric,1
19853,Car,Hybrid,13
19854,Truck,Hybrid,2
19855,Bus,Hybrid,7
19856,Truck,Hybrid,11
19857,Bus,Electric,4
19858,Car,Hybrid,1
19859,Car,Diesel,6
19860,Bus,Hybrid,4
19861,Car,Hybrid,5
19862,Truck,Electric,13
19863,Car,Diesel,1
19864,Car,Diesel,10
19865,Car,Electric,6
19866,Car,Electric,14
19867,Truck,Diesel,0
19868,Bus,Diesel,9
19869,Car,Hybrid,9
19870,Car,Electric,4
19871,Truck,Diesel,8
19872,Truck,Diesel,6
19873,Truck,Electric,13
19874,Car,Electric,8
19875,Bus,Diesel,8
19876,Truck,Electric,0
19877,Truck,Diesel,7
19878,Truck,Diesel,11
19879,Bus,Hybrid,6
19880,Car,Hybrid,10
19881,Car,Electric,1
19882,Car,Electric,2
19883,Truck,Diesel,5
19884,Car,Hybrid,10
19885,Truck,Electric,10
19886,Bus,Diesel,2
19887,Bus,Hybrid,7
19888,Car,Diesel,3
19889,Truck,Hybrid,12
19890,Truck,Diesel,6
19891,Car,Hybrid,3
19892,Bus,Diesel,1
19893,Bus,Diesel,6
19894,Bus,Electric,7
19895,Bus,Hybrid,0
19896,Bus,Hybrid,4
19897,Car,Electric,9
19898,Car,Electric,13
19899,Car,Diesel,7
19900,Bus,Hybrid,0
19901,Bus,Diesel,11
19902,Car,Diesel,2
19903,Car,Diesel,1
19904,Bus,Electric,13
19905,Truck,Hybrid,2
19906,Car,Electric,2
19907,Bus,Electric,2
19908,Bus,Hybrid,12
19909,Car,Hybrid,0
19910,Truck,Electric,2
19911,Bus,Electric,13
19912,Car,Electric,1
19913,Bus,Hybrid,12
19914,Bus,Hybrid,8
19915,Bus,Diesel,9
19916,Bus,Hybrid,7
19917,Truck,Electric,12
19918,Car,Hybrid,12
19919,Car,Hybrid,5
19920,Car,Hybrid,6
19921,Car,Electric,13
19922,Car,Diesel,0
19923,Truck,Diesel,6
19924,Bus,Electric,7
19925,Bus,Electric,14
19926,Car,Diesel,7
19927,Bus,Electric,5
19928,Bus,Hybrid,6
19929,Bus,Hybrid,10
19930,Car,Diesel,1
19931,Car,Hybrid,3
19932,Truck,Diesel,7
19933,Car,Electric,10
19934,Truck,Diesel,14
19935,Car,Diesel,3
19936,Bus,Hybrid,7
19937,Truck,Diesel,9
19938,Truck,Diesel,13
19939,Truck,Diesel,11
19940,Car,Electric,3
19941,Truck,Hybrid,8
19942,Car,Hybrid,0
19943,Truck,Diesel,5
19944,Car,Diesel,0
19945,Truck,Electric,11
19946,Bus,Hybrid,5
19947,Bus,Hybrid,3
19948,Truck,Diesel,7
19949,Car,Electric,12
19950,Car,Electric,7
19951,Car,Diesel,12
19952,Bus,Diesel,14
19953,Bus,Diesel,8
19954,Bus,Diesel,6
19955,Car,Diesel,12
19956,Car,Electric,10
19957,Car,Electric,12
19958,Truck,Diesel,7
19959,Truck,Diesel,12
19960,Truck,Hybrid,10
19961,Bus,Electric,2
19962,Bus,Electric,9
19963,Car,Diesel,3
19964,Truck,Electric,3
19965,Car,Electric,5
19966,Truck,Electric,6
19967,Truck,Hybrid,8
19968,Car,Electric,13
19969,Car,Diesel,9
19970,Truck,Electric,5
19971,Truck,Electric,1
19972,Bus,Hybrid,9
19973,Car,Electric,14
19974,Car,Hybrid,9
19975,Car,Hybrid,6
19976,Car,Hybrid,14
19977,Truck,Electric,12
19978,Bus,Diesel,9
19979,Car,Diesel,13
19980,Truck,Electric,8
19981,Truck,Hybrid,7
19982,Truck,Diesel,3
19983,Truck,Electric,1
19984,Truck,Diesel,7
19985,Car,Electric,5
19986,Car,Hybrid,11
19987,Bus,Diesel,14
19988,Car,Electric,7
19989,Truck,Electric,10
19990,Bus,Diesel,8
19991,Truck,Electric,2
19992,Truck,Diesel,7
19993,Car,Electric,13
19994,Truck,Diesel,9
19995,Car,Hybrid,7
19996,Truck,Diesel,4
19997,Bus,Electric,5
19998,Truck,Hybrid,4
19999,Car,Hybrid,5
20000,Truck,Diesel,0
20001,Car,Diesel,9
20002,Car,Diesel,9
20003,Bus,Hybrid,9
20004,Car,Hybrid,1
20005,Bus,Diesel,7
20006,Bus,Electric,13
20007,Truck,Hybrid,0
20008,Bus,Diesel,8
20009,Car,Electric,6
20010,Car,Diesel,0
20011,Bus,Hybrid,13
20012,Truck,Hybrid,4
20013,Bus,Diesel,1
20014,Bus,Electric,13
20015,Car,Hybrid,10
20016,Truck,Diesel,11
20017,Truck,Diesel,0
20018,Truck,Electric,0
20019,Truck,Electric,13
20020,Car,Hybrid,12
20021,Truck,Electric,4
20022,Truck,Electric,3
20023,Truck,Hybrid,4
20024,Car,Diesel,5
20025,Car,Hybrid,0
20026,Truck,Hybrid,1
20027,Car,Electric,1
20028,Bus,Electric,4
20029,Truck,Diesel,11
20030,Car,Electric,14
20031,Truck,Diesel,9
20032,Truck,Diesel,8
20033,Car,Diesel,6
20034,Bus,Hybrid,9
20035,Truck,Electric,3
20036,Bus,Electric,14
20037,Car,Diesel,4
20038,Truck,Electric,10
20039,Car,Diesel,6
20040,Car,Electric,13
20041,Car,Hybrid,9
20042,Car,Electric,8
20043,Truck,Diesel,11
20044,Bus,Hybrid,9
20045,Bus,Electric,6
20046,Truck,Hybrid,10
20047,Truck,Diesel,12
20048,Bus,Diesel,1
20049,Bus,Electric,3
20050,Truck,Diesel,9
20051,Car,Electric,12
20052,Truck,Diesel,3
20053,Bus,Diesel,13
20054,Car,Diesel,10
20055,Bus,Electric,8
20056,Car,Electric,7
20057,Bus,Electric,5
20058,Car,Electric,7
20059,Truck,Diesel,6
20060,Truck,Hybrid,7
20061,Car,Electric,12
20062,Car,Diesel,14
20063,Truck,Diesel,6
20064,Truck,Electric,1
20065,Car,Electric,10
20066,Car,Diesel,11
20067,Truck,Electric,5
20068,Bus,Electric,3
20069,Truck,Hybrid,3
20070,Car,Hybrid,14
20071,Car,Electric,9
20072,Bus,Hybrid,5
20073,Truck,Hybrid,7
20074,Car,Electric,4
20075,Truck,Diesel,13
20076,Car,Diesel,2
20077,Bus,Diesel,11
20078,Truck,Diesel,0
20079,Truck,Hybrid,4
20080,Bus,Hybrid,2
20081,Car,Electric,2
20082,Car,Electric,3
20083,Truck,Diesel,8
20084,Bus,Diesel,3
20085,Truck,Electric,4
20086,Truck,Electric,9
20087,Car,Diesel,4
20088,Car,Hybrid,14
20089,Car,Hybrid,0
20090,Car,Hybrid,6
20091,Car,Hybrid,14
20092,Bus,Hybrid,1
20093,Truck,Electric,5
20094,Bus,Electric,13
20095,Truck,Diesel,14
20096,Car,Electric,10
20097,Bus,Electric,3
20098,Truck,Electric,14
20099,Car,Electric,13
20100,Car,Diesel,4
20101,Bus,Electric,11
20102,Bus,Electric,4
20103,Bus,Diesel,3
20104,Car,Electric,13
20105,Truck,Diesel,1
20106,Truck,Hybrid,11
20107,Bus,Hybrid,7
20108,Truck,Electric,14
20109,Car,Electric,14
20110,Truck,Electric,14
20111,Car,Electric,0
20112,Bus,Hybrid,8
20113,Truck,Hybrid,5
20114,Car,Electric,3
20115,Bus,Diesel,5
20116,Bus,Diesel,10
20117,Bus,Hybrid,8
20118,Bus,Diesel,12
20119,Truck,Electric,13
20120,Car,Electric,11
20121,Truck,Electric,11
20122,Car,Electric,8
20123,Bus,Electric,2
20124,Truck,Diesel,12
20125,Bus,Diesel,14
20126,Car,Hybrid,14
20127,Bus,Hybrid,14
20128,Truck,Diesel,14
20129,Truck,Diesel,7
20130,Car,Hybrid,0
20131,Car,Electric,8
20132,Truck,Hybrid,6
20133,Truck,Hybrid,13
20134,Truck,Diesel,9
20135,Truck,Hybrid,14
20136,Car,Hybrid,6
20137,Truck,Diesel,5
20138,Car,Electric,0
20139,Truck,Electric,12
20140,Truck,Electric,1
20141,Bus,Diesel,10
20142,Bus,Hybrid,2
20143,Truck,Electric,0
20144,Car,Hybrid,4
20145,Truck,Diesel,10
20146,Bus,Electric,4
20147,Truck,Electric,5
20148,Bus,Hybrid,13
20149,Truck,Electric,12
20150,Truck,Diesel,6
20151,Car,Hybrid,9
20152,Bus,Hybrid,8
20153,Bus,Electric,12
20154,Bus,Electric,6
20155,Car,Electric,12
20156,Truck,Electric,5
20157,Car,Hybrid,12
20158,Truck,Hybrid,14
20159,Car,Electric,8
20160,Car,Hybrid,1
20161,Bus,Diesel,5
20162,Car,Hybrid,4
20163,Truck,Diesel,11
20164,Car,Diesel,14
20165,Car,Diesel,5
20166,Truck,Electric,14
20167,Bus,Hybrid,14
20168,Truck,Diesel,9
20169,Truck,Electric,0
20170,Truck,Hybrid,10
20171,Car,Hybrid,4
20172,Car,Electric,11
20173,Truck,Hybrid,7
20174,Truck,Electric,2
20175,Bus,Electric,13
20176,Car,Electric,2
20177,Car,Hybrid,12
20178,Car,Electric,12
20179,Car,Electric,10
20180,Truck,Hybrid,6
20181,Truck,Diesel,6
20182,Bus,Electric,11
20183,Car,Electric,1
20184,Car,Diesel,12
20185,Truck,Hybrid,7
20186,Bus,Hybrid,14
20187,Truck,Hybrid,4
20188,Car,Electric,8
20189,Car,Diesel,12
20190,Bus,Hybrid,0
20191,Truck,Diesel,10
20192,Car,Hybrid,3
20193,Car,Electric,7
20194,Bus,Hybrid,8
20195,Car,Diesel,8
20196,Car,Diesel,9
20197,Truck,Diesel,10
20198,Bus,Electric,0
20199,Bus,Hybrid,0
20200,Bus,Electric,6
20201,Truck,Electric,10
20202,Bus,Diesel,12
20203,Car,Diesel,11
20204,Bus,Electric,5
20205,Car,Electric,13
20206,Bus,Hybrid,6
20207,Bus,Diesel,7
20208,Truck,Diesel,10
20209,Bus,Diesel,5
20210,Bus,Hybrid,9
20211,Truck,Hybrid,13
20212,Car,Diesel,9
20213,Bus,Diesel,11
20214,Bus,Electric,9
20215,Car,Electric,6
20216,Truck,Hybrid,10
20217,Bus,Diesel,6
20218,Truck,Electric,6
20219,Car,Electric,12
20220,Car,Diesel,13
20221,Truck,Diesel,1
20222,Car,Electric,2
20223,Car,Diesel,9
20224,Bus,Diesel,8
20225,Truck,Hybrid,0
20226,Bus,Electric,12
20227,Truck,Electric,7
20228,Bus,Hybrid,6
20229,Car,Hybrid,5
20230,Truck,Electric,0
20231,Truck,Electric,8
20232,Truck,Diesel,1
20233,Truck,Diesel,9
20234,Car,Electric,11
20235,Car,Diesel,4
20236,Car,Diesel,8
20237,Bus,Diesel,11
20238,Car,Hybrid,7
20239,Bus,Electric,9
20240,Bus,Electric,14
20241,Car,Electric,13
20242,Car,Diesel,3
20243,Car,Diesel,14
20244,Bus,Hybrid,7
20245,Truck,Hybrid,8
20246,Car,Electric,11
20247,Bus,Hybrid,14
20248,Bus,Hybrid,10
20249,Car,Diesel,4
20250,Bus,Electric,0
20251,Car,Electric,10
20252,Bus,Hybrid,5
20253,Truck,Diesel,3
20254,Bus,Hybrid,5
20255,Car,Hybrid,0
20256,Truck,Electric,3
20257,Car,Diesel,4
20258,Bus,Hybrid,5
20259,Truck,Hybrid,13
20260,Truck,Diesel,4
20261,Bus,Hybrid,1
20262,Truck,Electric,2
20263,Truck,Hybrid,4
20264,Truck,Electric,10
20265,Car,Electric,14
20266,Car,Electric,6
20267,Truck,Electric,3
20268,Bus,Electric,10
20269,Bus,Electric,5
20270,Car,Hybrid,8
20271,Bus,Diesel,9
20272,Truck,Hybrid,6
20273,Bus,Diesel,2
20274,Car,Hybrid,14
20275,Car,Diesel,10
20276,Truck,Hybrid,4
20277,Car,Electric,8
20278,Car,Diesel,4
20279,Car,Hybrid,2
20280,Bus,Electric,7
20281,Car,Hybrid,6
20282,Bus,Diesel,11
20283,Car,Hybrid,4
20284,Car,Hybrid,4
20285,Bus,Electric,0
20286,Bus,Electric,7
20287,Truck,Electric,5
20288,Truck,Diesel,14
20289,Bus,Electric,4
20290,Car,Diesel,12
20291,Truck,Electric,6
20292,Bus,Electric,1
20293,Bus,Electric,2
20294,Car,Electric,8
20295,Bus,Diesel,4
20296,Truck,Diesel,5
20297,Car,Diesel,7
20298,Bus,Electric,13
20299,Bus,Electric,2
20300,Car,Electric,0
20301,Car,Diesel,13
20302,Car,Hybrid,12
20303,Truck,Hybrid,3
20304,Truck,Hybrid,13
20305,Bus,Diesel,1
20306,Bus,Hybrid,8
20307,Car,Diesel,3
20308,Bus,Diesel,8
20309,Bus,Electric,6
20310,Car,Electric,14
20311,Truck,Diesel,6
20312,Truck,Hybrid,0
20313,Truck,Diesel,1
20314,Bus,Diesel,6
20315,Car,Hybrid,11
20316,Truck,Electric,4
20317,Bus,Diesel,6
20318,Car,Electric,14
20319,Truck,Electric,2
20320,Truck,Electric,7
20321,Car,Diesel,3
20322,Bus,Hybrid,7
20323,Bus,Hybrid,5
20324,Truck,Electric,8
20325,Car,Electric,5
20326,Bus,Hybrid,3
20327,Car,Electric,2
20328,Car,Hybrid,14
20329,Truck,Hybrid,13
20330,Car,Diesel,3
20331,Car,Electric,10
20332,Car,Electric,6
20333,Bus,Diesel,7
20334,Truck,Hybrid,1
20335,Truck,Electric,8
20336,Car,Diesel,6
20337,Car,Hybrid,6
20338,Bus,Diesel,12
20339,Truck,Diesel,11
20340,Bus,Diesel,9
20341,Truck,Diesel,13
20342,Bus,Hybrid,14
20343,Car,Diesel,3
20344,Bus,Hybrid,6
20345,Car,Diesel,1
20346,Truck,Diesel,10
20347,Truck,Electric,9
20348,Car,Electric,13
20349,Truck,Electric,13
20350,Bus,Electric,2
20351,Car,Diesel,1
20352,Truck,Diesel,11
20353,Bus,Hybrid,4
20354,Bus,Diesel,0
20355,Truck,Hybrid,13
20356,Truck,Diesel,12
20357,Bus,Diesel,1
20358,Car,Hybrid,14
20359,Truck,Electric,14
20360,Truck,Diesel,10
20361,Car,Electric,5
20362,Car,Hybrid,5
20363,Truck,Diesel,11
20364,Car,Hybrid,7
20365,Bus,Diesel,8
20366,Bus,Hybrid,8
20367,Bus,Hybrid,6
20368,Truck,Electric,11
20369,Car,Electric,9
20370,Bus,Electric,0
20371,Car,Diesel,3
20372,Bus,Hybrid,6
20373,Car,Electric,1
20374,Bus,Diesel,11
20375,Bus,Electric,8
20376,Bus,Diesel,12
20377,Bus,Hybrid,0
20378,Bus,Hybrid,8
20379,Bus,Hybrid,14
20380,Bus,Diesel,6
20381,Bus,Hybrid,12
20382,Bus,Diesel,9
20383,Car,Diesel,5
20384,Car,Diesel,13
20385,Truck,Hybrid,11
20386,Bus,Hybrid,6
20387,Car,Hybrid,1
20388,Car,Diesel,9
20389,Car,Hybrid,11
20390,Car,Diesel,1
20391,Car,Hybrid,13
20392,Car,Diesel,2
20393,Truck,Electric,5
20394,Car,Hybrid,0
20395,Truck,Hybrid,10
20396,Truck,Diesel,3
20397,Bus,Diesel,7
20398,Bus,Diesel,7
20399,Bus,Electric,13
20400,Car,Hybrid,4
20401,Bus,Diesel,6
20402,Car,Electric,4
20403,Car,Electric,3
20404,Bus,Diesel,5
20405,Bus,Hybrid,13
20406,Truck,Diesel,7
20407,Truck,Diesel,11
20408,Car,Diesel,9
20409,Car,Electric,0
20410,Bus,Electric,2
20411,Bus,Hybrid,3
20412,Truck,Electric,4
20413,Bus,Diesel,0
20414,Car,Electric,8
20415,Bus,Hybrid,7
20416,Truck,Diesel,1
20417,Car,Diesel,4
20418,Truck,Electric,8
20419,Truck,Electric,12
20420,Car,Hybrid,2
20421,Truck,Diesel,4
20422,Bus,Hybrid,8
20423,Bus,Electric,5
20424,Truck,Diesel,12
20425,Bus,Electric,4
20426,Truck,Diesel,7
20427,Bus,Hybrid,13
20428,Truck,Diesel,4
20429,Bus,Electric,8
20430,Car,Diesel,14
20431,Car,Hybrid,10
20432,Bus,Electric,12
20433,Truck,Hybrid,2
20434,Bus,Diesel,0
20435,Truck,Diesel,3
20436,Bus,Diesel,6
20437,Bus,Diesel,12
20438,Car,Electric,2
20439,Truck,Diesel,12
20440,Truck,Electric,9
20441,Truck,Electric,7
20442,Truck,Electric,1
20443,Truck,Diesel,8
20444,Car,Diesel,14
20445,Bus,Hybrid,13
20446,Truck,Diesel,2
20447,Truck,Diesel,10
20448,Bus,Diesel,13
20449,Car,Electric,5
20450,Car,Hybrid,6
20451,Car,Diesel,4
20452,Bus,Hybrid,9
20453,Bus,Electric,12
20454,Car,Hybrid,4
20455,Car,Hybrid,13
20456,Bus,Hybrid,0
20457,Car,Hybrid,3
20458,Truck,Hybrid,0
20459,Bus,Electric,8
20460,Car,Diesel,8
20461,Truck,Hybrid,14
20462,Bus,Electric,4
20463,Bus,Electric,4
20464,Truck,Diesel,12
20465,Bus,Electric,4
20466,Car,Diesel,14
20467,Bus,Hybrid,6
20468,Car,Electric,14
20469,Truck,Electric,5
20470,Truck,Electric,1
20471,Bus,Hybrid,10
20472,Truck,Diesel,9
20473,Truck,Diesel,2
20474,Bus,Electric,4
20475,Car,Electric,6
20476,Bus,Hybrid,14
20477,Bus,Hybrid,1
20478,Car,Diesel,10
20479,Car,Electric,3
20480,Car,Electric,0
20481,Bus,Electric,6
20482,Car,Electric,14
20483,Truck,Hybrid,14
20484,Car,Hybrid,10
20485,Truck,Diesel,13
20486,Car,Electric,1
20487,Truck,Hybrid,7
20488,Truck,Electric,9
20489,Truck,Diesel,11
20490,Truck,Electric,10
20491,Truck,Hybrid,0
20492,Car,Hybrid,1
20493,Bus,Diesel,7
20494,Bus,Diesel,4
20495,Bus,Electric,13
20496,Bus,Electric,4
20497,Bus,Hybrid,10
20498,Truck,Hybrid,6
20499,Car,Hybrid,13
20500,Truck,Diesel,3
20501,Car,Diesel,8
20502,Car,Diesel,2
20503,Car,Electric,7
20504,Car,Diesel,2
20505,Bus,Electric,14
20506,Car,Electric,7
20507,Car,Electric,13
20508,Bus,Diesel,0
20509,Truck,Hybrid,9
20510,Truck,Diesel,12
20511,Truck,Diesel,9
20512,Truck,Diesel,6
20513,Car,Electric,11
20514,Bus,Hybrid,0
20515,Bus,Diesel,1
20516,Truck,Diesel,10
20517,Bus,Electric,10
20518,Car,Diesel,11
20519,Truck,Diesel,11
20520,Car,Electric,0
20521,Car,Diesel,9
20522,Car,Hybrid,2
20523,Car,Electric,8
20524,Car,Hybrid,0
20525,Truck,Diesel,2
20526,Car,Electric,1
20527,Truck,Electric,4
20528,Bus,Diesel,11
20529,Car,Hybrid,14
20530,Car,Diesel,6
20531,Bus,Electric,14
20532,Truck,Electric,5
20533,Car,Electric,9
20534,Bus,Diesel,4
20535,Bus,Diesel,12
20536,Car,Diesel,2
20537,Truck,Hybrid,12
20538,Truck,Hybrid,6
20539,Car,Hybrid,11
20540,Bus,Electric,8
20541,Car,Hybrid,1
20542,Truck,Electric,5
20543,Bus,Hybrid,14
20544,Car,Hybrid,11
20545,Bus,Electric,4
20546,Truck,Diesel,8
20547,Truck,Hybrid,7
20548,Truck,Electric,8
20549,Car,Diesel,6
20550,Bus,Diesel,4
20551,Car,Diesel,3
20552,Car,Electric,13
20553,Car,Hybrid,12
20554,Car,Hybrid,7
20555,Bus,Hybrid,1
20556,Bus,Diesel,0
20557,Car,Hybrid,2
20558,Car,Electric,6
20559,Truck,Hybrid,0
20560,Truck,Hybrid,4
20561,Bus,Hybrid,13
20562,Truck,Hybrid,14
20563,Bus,Electric,4
20564,Bus,Hybrid,2
20565,Bus,Diesel,10
20566,Truck,Hybrid,0
20567,Truck,Diesel,4
20568,Bus,Diesel,7
20569,Bus,Diesel,8
20570,Car,Electric,11
20571,Bus,Diesel,12
20572,Bus,Diesel,5
20573,Car,Hybrid,0
20574,Bus,Electric,13
20575,Bus,Electric,12
20576,Bus,Electric,14
20577,Car,Diesel,4
20578,Truck,Diesel,1
20579,Bus,Diesel,0
20580,Car,Hybrid,12
20581,Bus,Diesel,2
20582,Car,Electric,10
20583,Bus,Hybrid,9
20584,Car,Hybrid,4
20585,Truck,Electric,8
20586,Truck,Diesel,6
20587,Truck,Hybrid,5
20588,Bus,Electric,8
20589,Car,Diesel,13
20590,Bus,Hybrid,13
20591,Bus,Hybrid,5
20592,Car,Hybrid,10
20593,Bus,Hybrid,3
20594,Car,Hybrid,6
20595,Car,Diesel,12
20596,Truck,Electric,1
20597,Truck,Hybrid,1
20598,Truck,Electric,5
20599,Car,Electric,12
20600,Truck,Electric,4
20601,Car,Diesel,5
20602,Bus,Electric,1
20603,Truck,Electric,1
20604,Car,Electric,0
20605,Car,Hybrid,1
20606,Car,Hybrid,13
20607,Car,Electric,10
20608,Truck,Diesel,9
20609,Truck,Hybrid,6
20610,Truck,Hybrid,1
20611,Car,Electric,2
20612,Bus,Electric,10
20613,Car,Diesel,12
20614,Bus,Hybrid,5
20615,Truck,Electric,5
20616,Car,Hybrid,9
20617,Car,Electric,10
20618,Truck,Electric,8
20619,Car,Diesel,11
20620,Bus,Hybrid,10
20621,Bus,Hybrid,11
20622,Bus,Electric,14
20623,Car,Diesel,14
20624,Car,Diesel,1
20625,Bus,Diesel,14
20626,Car,Hybrid,6
20627,Bus,Electric,0
20628,Truck,Electric,5
20629,Bus,Diesel,8
20630,Truck,Diesel,7
20631,Truck,Diesel,5
20632,Truck,Hybrid,12
20633,Bus,Electric,5
20634,Bus,Diesel,5
20635,Car,Diesel,14
20636,Car,Electric,7
20637,Truck,Hybrid,12
20638,Bus,Hybrid,1
20639,Car,Hybrid,10
20640,Car,Electric,8
20641,Car,Hybrid,9
20642,Bus,Diesel,7
20643,Car,Hybrid,1
20644,Truck,Electric,13
20645,Bus,Hybrid,10
20646,Car,Electric,7
20647,Car,Electric,0
20648,Bus,Hybrid,5
20649,Car,Diesel,5
20650,Car,Electric,8
20651,Truck,Hybrid,8
20652,Bus,Electric,4
20653,Car,Hybrid,0
20654,Bus,Diesel,11
20655,Bus,Electric,13
20656,Truck,Diesel,10
20657,Truck,Diesel,0
20658,Bus,Diesel,6
20659,Truck,Diesel,10
20660,Truck,Diesel,10
20661,Car,Hybrid,3
20662,Truck,Diesel,8
20663,Truck,Hybrid,2
20664,Car,Diesel,14
20665,Car,Diesel,5
20666,Bus,Electric,8
20667,Truck,Hybrid,3
20668,Car,Diesel,4
20669,Truck,Diesel,4
20670,Bus,Diesel,12
20671,Truck,Hybrid,4
20672,Truck,Hybrid,1
20673,Truck,Hybrid,10
20674,Car,Electric,1
20675,Car,Electric,14
20676,Bus,Diesel,0
20677,Truck,Hybrid,13
20678,Bus,Hybrid,12
20679,Bus,Electric,0
20680,Car,Diesel,3
20681,Truck,Hybrid,2
20682,Truck,Hybrid,3
20683,Bus,Diesel,10
20684,Truck,Electric,11
20685,Car,Electric,14
20686,Bus,Hybrid,11
20687,Bus,Diesel,5
20688,Car,Diesel,10
20689,Car,Diesel,0
20690,Car,Hybrid,7
20691,Car,Electric,7
20692,Car,Electric,6
20693,Car,Electric,11
20694,Bus,Electric,14
20695,Truck,Electric,10
20696,Truck,Hybrid,10
20697,Bus,Hybrid,3
20698,Truck,Electric,7
20699,Truck,Electric,8
20700,Bus,Hybrid,14
20701,Truck,Electric,4
20702,Truck,Electric,5
20703,Bus,Electric,9
20704,Truck,Diesel,7
20705,Car,Electric,4
20706,Bus,Diesel,11
20707,Truck,Electric,3
20708,Truck,Electric,7
20709,Car,Hybrid,13
20710,Bus,Hybrid,14
20711,Bus,Hybrid,2
20712,Truck,Diesel,14
20713,Car,Diesel,5
20714,Car,Electric,8
20715,Car,Diesel,5
20716,Car,Hybrid,13
20717,Car,Diesel,8
20718,Car,Electric,7
20719,Bus,Diesel,11
20720,Truck,Hybrid,8
20721,Truck,Electric,9
20722,Car,Diesel,13
20723,Bus,Electric,8
20724,Bus,Electric,7
20725,Car,Diesel,8
20726,Truck,Electric,13
20727,Car,Diesel,6
20728,Bus,Hybrid,6
20729,Car,Hybrid,10
20730,Truck,Diesel,3
20731,Truck,Diesel,0
20732,Bus,Electric,14
20733,Car,Diesel,6
20734,Car,Electric,7
20735,Bus,Hybrid,11
20736,Car,Diesel,8
20737,Bus,Hybrid,0
20738,Car,Diesel,8
20739,Truck,Hybrid,14
20740,Bus,Diesel,6
20741,Car,Diesel,6
20742,Car,Electric,2
20743,Car,Electric,0
20744,Bus,Diesel,6
20745,Truck,Electric,12
20746,Car,Diesel,9
20747,Bus,Diesel,7
20748,Car,Hybrid,5
20749,Truck,Electric,13
20750,Truck,Electric,6
20751,Truck,Hybrid,8
20752,Bus,Diesel,7
20753,Car,Electric,13
20754,Bus,Diesel,4
20755,Car,Electric,11
20756,Bus,Electric,10
20757,Car,Diesel,3
20758,Bus,Diesel,10
20759,Car,Electric,3
20760,Bus,Hybrid,3
20761,Truck,Hybrid,1
20762,Bus,Hybrid,9
20763,Truck,Hybrid,9
20764,Truck,Hybrid,6
20765,Car,Diesel,7
20766,Truck,Electric,11
20767,Truck,Hybrid,6
20768,Car,Electric,13
20769,Bus,Diesel,14
20770,Bus,Electric,10
20771,Truck,Diesel,9
20772,Bus,Electric,7
20773,Truck,Electric,10
20774,Bus,Diesel,10
20775,Bus,Electric,8
20776,Bus,Diesel,7
20777,Truck,Electric,4
20778,Car,Electric,3
20779,Bus,Hybrid,4
20780,Bus,Electric,11
20781,Bus,Hybrid,10
20782,Truck,Hybrid,14
20783,Car,Diesel,12
20784,Truck,Diesel,0
20785,Bus,Electric,4
20786,Truck,Diesel,5
20787,Bus,Hybrid,12
20788,Bus,Electric,8
20789,Truck,Diesel,8
20790,Bus,Diesel,9
20791,Bus,Diesel,13
20792,Car,Hybrid,11
20793,Truck,Diesel,2
20794,Truck,Electric,12
20795,Bus,Electric,12
20796,Bus,Electric,10
20797,Truck,Hybrid,7
20798,Truck,Diesel,7
20799,Truck,Electric,8
20800,Bus,Diesel,14
20801,Car,Diesel,0
20802,Car,Electric,4
20803,Bus,Hybrid,4
20804,Bus,Electric,6
20805,Bus,Electric,10
20806,Truck,Hybrid,7
20807,Bus,Diesel,10
20808,Truck,Diesel,6
20809,Car,Hybrid,14
20810,Bus,Electric,5
20811,Bus,Hybrid,3
20812,Truck,Electric,14
20813,Truck,Hybrid,8
20814,Truck,Diesel,1
20815,Car,Hybrid,5
20816,Car,Hybrid,9
20817,Bus,Electric,5
20818,Bus,Electric,10
20819,Truck,Electric,3
20820,Car,Hybrid,12
20821,Bus,Hybrid,2
20822,Truck,Electric,10
20823,Truck,Diesel,13
20824,Car,Electric,2
20825,Car,Hybrid,1
20826,Bus,Hybrid,2
20827,Bus,Electric,3
20828,Truck,Electric,9
20829,Truck,Hybrid,3
20830,Truck,Hybrid,13
20831,Bus,Diesel,9
20832,Car,Electric,13
20833,Bus,Electric,14
20834,Car,Diesel,6
20835,Bus,Hybrid,3
20836,Bus,Hybrid,8
20837,Car,Diesel,7
20838,Bus,Electric,0
20839,Bus,Hybrid,9
20840,Truck,Diesel,0
20841,Car,Diesel,12
20842,Car,Diesel,5
20843,Truck,Hybrid,3
20844,Car,Hybrid,9
20845,Truck,Diesel,5
20846,Car,Diesel,8
20847,Car,Hybrid,9
20848,Car,Hybrid,4
20849,Car,Hybrid,7
20850,Truck,Hybrid,1
20851,Truck,Hybrid,7
20852,Car,Diesel,7
20853,Bus,Hybrid,1
20854,Truck,Hybrid,6
20855,Car,Diesel,7
20856,Truck,Diesel,6
20857,Bus,Electric,5
20858,Bus,Hybrid,2
20859,Bus,Electric,10
20860,Car,Electric,10
20861,Car,Diesel,2
20862,Bus,Diesel,7
20863,Truck,Electric,3
20864,Truck,Electric,12
20865,Bus,Electric,14
20866,Car,Electric,9
20867,Truck,Hybrid,7
20868,Truck,Electric,14
20869,Truck,Diesel,13
20870,Car,Electric,12
20871,Bus,Electric,9
20872,Car,Diesel,5
20873,Truck,Electric,2
20874,Bus,Diesel,11
20875,Car,Hybrid,9
20876,Bus,Hybrid,1
20877,Truck,Diesel,0
20878,Car,Hybrid,11
20879,Bus,Hybrid,3
20880,Car,Hybrid,7
20881,Truck,Diesel,3
20882,Bus,Electric,7
20883,Truck,Hybrid,12
20884,Bus,Electric,7
20885,Truck,Electric,10
20886,Truck,Hybrid,0
20887,Car,Hybrid,12
20888,Truck,Electric,5
20889,Car,Hybrid,10
20890,Truck,Diesel,14
20891,Truck,Diesel,9
20892,Truck,Hybrid,7
20893,Bus,Electric,7
20894,Car,Hybrid,0
20895,Bus,Diesel,7
20896,Car,Electric,12
20897,Truck,Hybrid,8
20898,Bus,Diesel,10
20899,Car,Electric,13
20900,Truck,Diesel,5
20901,Car,Hybrid,12
20902,Car,Hybrid,6
20903,Truck,Diesel,5
20904,Bus,Diesel,4
20905,Truck,Diesel,0
20906,Bus,Diesel,1
20907,Car,Diesel,9
20908,Car,Electric,1
20909,Car,Hybrid,10
20910,Bus,Electric,8
20911,Truck,Diesel,5
20912,Bus,Electric,2
20913,Car,Hybrid,2
20914,Car,Diesel,13
20915,Truck,Diesel,9
20916,Bus,Hybrid,9
20917,Car,Electric,1
20918,Bus,Hybrid,6
20919,Bus,Hybrid,13
20920,Truck,Electric,0
20921,Truck,Electric,0
20922,Car,Diesel,13
20923,Truck,Diesel,9
20924,Bus,Diesel,2
20925,Truck,Hybrid,0
20926,Bus,Electric,12
20927,Car,Electric,10
20928,Bus,Diesel,13
20929,Truck,Hybrid,2
20930,Truck,Hybrid,14
20931,Car,Electric,11
20932,Truck,Electric,8
20933,Car,Electric,6
20934,Car,Electric,12
20935,Truck,Hybrid,8
20936,Bus,Diesel,6
20937,Car,Electric,10
20938,Bus,Electric,13
20939,Truck,Electric,8
20940,Bus,Hybrid,10
20941,Bus,Diesel,12
20942,Bus,Hybrid,2
20943,Bus,Diesel,6
20944,Truck,Hybrid,5
20945,Truck,Electric,1
20946,Bus,Electric,5
20947,Truck,Diesel,2
20948,Truck,Hybrid,1
20949,Car,Diesel,4
20950,Truck,Hybrid,4
20951,Bus,Electric,10
20952,Truck,Diesel,1
20953,Truck,Diesel,2
20954,Truck,Electric,7
20955,Truck,Electric,14
20956,Car,Electric,4
20957,Bus,Electric,7
20958,Bus,Electric,9
20959,Truck,Electric,3
20960,Truck,Hybrid,3
20961,Car,Hybrid,12
20962,Truck,Diesel,5
20963,Car,Hybrid,9
20964,Bus,Diesel,10
20965,Bus,Hybrid,13
20966,Car,Hybrid,13
20967,Bus,Electric,14
20968,Truck,Hybrid,4
20969,Truck,Hybrid,4
20970,Car,Hybrid,8
20971,Bus,Electric,5
20972,Bus,Electric,13
20973,Car,Hybrid,14
20974,Car,Diesel,2
20975,Bus,Hybrid,10
20976,Car,Electric,3
20977,Truck,Electric,8
20978,Bus,Diesel,5
20979,Car,Electric,10
20980,Car,Electric,13
20981,Car,Hybrid,7
20982,Bus,Diesel,10
20983,Truck,Electric,6
20984,Truck,Electric,11
20985,Bus,Hybrid,0
20986,Car,Hybrid,0
20987,Bus,Hybrid,9
20988,Bus,Hybrid,13
20989,Car,Diesel,6
20990,Bus,Hybrid,12
20991,Truck,Diesel,1
20992,Bus,Electric,8
20993,Car,Electric,13
20994,Bus,Hybrid,11
20995,Truck,Hybrid,9
20996,Bus,Hybrid,11
20997,Bus,Electric,8
20998,Bus,Electric,13
20999,Bus,Electric,11
21000,Car,Diesel,1
21001,Truck,Electric,8
21002,Truck,Hybrid,8
21003,Truck,Diesel,9
21004,Bus,Diesel,5
21005,Truck,Diesel,4
21006,Car,Electric,9
21007,Bus,Electric,1
21008,Bus,Electric,5
21009,Truck,Electric,10
21010,Bus,Hybrid,8
21011,Bus,Diesel,2
21012,Truck,Diesel,2
21013,Car,Diesel,10
21014,Car,Diesel,3
21015,Truck,Diesel,14
21016,Car,Hybrid,9
21017,Car,Hybrid,10
21018,Car,Diesel,11
21019,Bus,Diesel,3
21020,Bus,Electric,14
21021,Bus,Diesel,0
21022,Car,Hybrid,1
21023,Bus,Electric,5
21024,Car,Hybrid,4
21025,Truck,Electric,9
21026,Car,Electric,3
21027,Bus,Diesel,9
21028,Car,Hybrid,8
21029,Bus,Hybrid,1
21030,Bus,Diesel,14
21031,Truck,Electric,11
21032,Truck,Electric,7
21033,Bus,Hybrid,14
21034,Car,Diesel,11
21035,Truck,Diesel,10
21036,Truck,Hybrid,3
21037,Bus,Electric,8
21038,Car,Electric,3
21039,Truck,Diesel,1
21040,Truck,Electric,13
21041,Car,Electric,13
21042,Truck,Electric,5
21043,Car,Hybrid,12
21044,Bus,Diesel,11
21045,Truck,Hybrid,13
21046,Bus,Hybrid,8
21047,Car,Electric,6
21048,Bus,Diesel,0
21049,Bus,Electric,13
21050,Bus,Diesel,8
21051,Car,Electric,5
21052,Car,Diesel,8
21053,Car,Diesel,1
21054,Car,Electric,10
21055,Car,Electric,6
21056,Truck,Hybrid,7
21057,Truck,Hybrid,7
21058,Truck,Diesel,4
21059,Bus,Electric,6
21060,Bus,Electric,13
21061,Car,Hybrid,6
21062,Car,Electric,2
21063,Truck,Diesel,10
21064,Car,Diesel,10
21065,Bus,Diesel,1
21066,Car,Hybrid,14
21067,Truck,Diesel,14
21068,Car,Hybrid,4
21069,Bus,Hybrid,3
21070,Truck,Diesel,7
21071,Car,Hybrid,11
21072,Bus,Hybrid,13
21073,Truck,Diesel,4
21074,Truck,Diesel,12
21075,Bus,Hybrid,8
21076,Car,Hybrid,6
21077,Car,Electric,10
21078,Car,Diesel,0
21079,Truck,Electric,1
21080,Truck,Hybrid,7
21081,Car,Electric,9
21082,Truck,Hybrid,12
21083,Truck,Electric,7
21084,Bus,Hybrid,1
21085,Car,Hybrid,12
21086,Car,Hybrid,6
21087,Car,Diesel,7
21088,Truck,Hybrid,3
21089,Truck,Diesel,2
21090,Truck,Hybrid,14
21091,Car,Electric,9
21092,Truck,Hybrid,8
21093,Car,Hybrid,1
21094,Truck,Electric,13
21095,Car,Hybrid,2
21096,Bus,Hybrid,7
21097,Truck,Hybrid,1
21098,Car,Electric,4
21099,Bus,Hybrid,9
21100,Bus,Diesel,11
21101,Truck,Diesel,7
21102,Car,Diesel,6
21103,Truck,Diesel,3
21104,Bus,Electric,9
21105,Truck,Hybrid,8
21106,Car,Diesel,1
21107,Bus,Hybrid,12
21108,Truck,Hybrid,12
21109,Truck,Electric,6
21110,Truck,Hybrid,6
21111,Truck,Diesel,14
21112,Truck,Diesel,6
21113,Bus,Electric,6
21114,Bus,Diesel,4
21115,Car,Diesel,0
21116,Truck,Electric,3
21117,Car,Electric,4
21118,Bus,Diesel,12
21119,Truck,Electric,9
21120,Car,Electric,3
21121,Truck,Diesel,12
21122,Truck,Diesel,6
21123,Car,Electric,12
21124,Bus,Hybrid,1
21125,Car,Hybrid,1
21126,Car,Diesel,10
21127,Car,Diesel,1
21128,Truck,Hybrid,9
21129,Bus,Electric,2
21130,Bus,Hybrid,4
21131,Truck,Hybrid,13
21132,Bus,Diesel,9
21133,Car,Electric,8
21134,Bus,Hybrid,2
21135,Truck,Electric,5
21136,Bus,Diesel,5
21137,Truck,Hybrid,10
21138,Car,Diesel,5
21139,Truck,Hybrid,4
21140,Bus,Electric,13
21141,Car,Diesel,13
21142,Bus,Electric,1
21143,Truck,Hybrid,0
21144,Car,Diesel,4
21145,Truck,Electric,7
21146,Bus,Electric,9
21147,Truck,Hybrid,4
21148,Bus,Diesel,13
21149,Bus,Electric,2
21150,Car,Diesel,2
21151,Car,Diesel,1
21152,Truck,Diesel,6
21153,Bus,Diesel,12
21154,Bus,Hybrid,13
21155,Car,Electric,1
21156,Car,Diesel,5
21157,Car,Electric,11
21158,Car,Electric,7
21159,Truck,Electric,7
21160,Truck,Hybrid,1
21161,Truck,Diesel,5
21162,Truck,Diesel,11
21163,Car,Electric,2
21164,Truck,Electric,8
21165,Truck,Hybrid,2
21166,Truck,Hybrid,0
21167,Car,Electric,12
21168,Bus,Diesel,8
21169,Car,Hybrid,12
21170,Bus,Diesel,7
21171,Bus,Hybrid,11
21172,Truck,Diesel,12
21173,Truck,Electric,1
21174,Truck,Hybrid,9
21175,Car,Electric,13
21176,Car,Hybrid,9
21177,Truck,Electric,2
21178,Car,Hybrid,6
21179,Car,Hybrid,5
21180,Bus,Hybrid,7
21181,Car,Diesel,9
21182,Bus,Diesel,12
21183,Truck,Hybrid,4
21184,Car,Electric,4
21185,Bus,Electric,1
21186,Car,Hybrid,5
21187,Bus,Diesel,11
21188,Bus,Diesel,11
21189,Car,Diesel,10
21190,Truck,Diesel,12
21191,Bus,Electric,12
21192,Truck,Hybrid,10
21193,Car,Hybrid,4
21194,Car,Hybrid,8
21195,Truck,Electric,13
21196,Car,Diesel,2
21197,Bus,Diesel,14
21198,Truck,Electric,4
21199,Car,Electric,2
21200,Car,Hybrid,8
21201,Truck,Hybrid,8
21202,Bus,Electric,13
21203,Truck,Electric,9
21204,Car,Electric,12
21205,Car,Diesel,6
21206,Truck,Hybrid,14
21207,Bus,Electric,13
21208,Bus,Electric,0
21209,Bus,Diesel,8
21210,Truck,Electric,13
21211,Bus,Hybrid,8
21212,Bus,Diesel,9
21213,Bus,Electric,4
21214,Bus,Hybrid,10
21215,Car,Hybrid,1
21216,Truck,Diesel,12
21217,Truck,Hybrid,0
21218,Bus,Diesel,1
21219,Truck,Hybrid,3
21220,Truck,Electric,3
21221,Car,Diesel,0
21222,Truck,Hybrid,12
21223,Car,Diesel,12
21224,Truck,Hybrid,7
21225,Car,Diesel,9
21226,Car,Electric,11
21227,Truck,Diesel,14
21228,Car,Diesel,7
21229,Car,Electric,7
21230,Truck,Hybrid,4
21231,Car,Electric,9
21232,Car,Diesel,1
21233,Car,Electric,3
21234,Car,Electric,0
21235,Car,Diesel,9
21236,Bus,Diesel,0
21237,Car,Electric,11
21238,Car,Diesel,9
21239,Car,Hybrid,2
21240,Car,Hybrid,3
21241,Truck,Hybrid,11
21242,Bus,Hybrid,10
21243,Truck,Electric,11
21244,Bus,Electric,10
21245,Car,Electric,2
21246,Car,Diesel,11
21247,Bus,Electric,10
21248,Bus,Electric,2
21249,Truck,Diesel,7
21250,Bus,Diesel,3
21251,Car,Diesel,2
21252,Truck,Hybrid,8
21253,Bus,Electric,11
21254,Bus,Electric,11
21255,Truck,Electric,0
21256,Bus,Diesel,7
21257,Car,Electric,4
21258,Truck,Hybrid,13
21259,Bus,Electric,7
21260,Car,Electric,9
21261,Bus,Diesel,2
21262,Truck,Hybrid,14
21263,Bus,Electric,5
21264,Bus,Diesel,10
21265,Bus,Hybrid,13
21266,Car,Hybrid,6
21267,Car,Diesel,7
21268,Bus,Diesel,6
21269,Bus,Diesel,6
21270,Truck,Diesel,1
21271,Bus,Diesel,2
21272,Truck,Diesel,5
21273,Car,Electric,2
21274,Bus,Diesel,8
21275,Truck,Diesel,8
21276,Car,Hybrid,5
21277,Truck,Hybrid,0
21278,Car,Hybrid,0
21279,Bus,Diesel,14
21280,Truck,Diesel,14
21281,Bus,Electric,3
21282,Truck,Electric,10
21283,Car,Electric,9
21284,Truck,Electric,7
21285,Truck,Diesel,2
21286,Bus,Hybrid,3
21287,Bus,Diesel,11
21288,Bus,Diesel,10
21289,Car,Diesel,5
21290,Bus,Diesel,10
21291,Truck,Hybrid,8
21292,Car,Hybrid,3
21293,Bus,Electric,2
21294,Truck,Diesel,9
21295,Truck,Electric,9
21296,Car,Hybrid,8
21297,Truck,Hybrid,6
21298,Bus,Electric,8
21299,Truck,Hybrid,10
21300,Bus,Hybrid,9
21301,Bus,Diesel,5
21302,Car,Diesel,3
21303,Truck,Hybrid,4
21304,Car,Hybrid,9
21305,Car,Electric,11
21306,Car,Electric,1
21307,Bus,Hybrid,2
21308,Bus,Diesel,4
21309,Bus,Diesel,12
21310,Bus,Electric,2
21311,Truck,Diesel,2
21312,Truck,Diesel,8
21313,Bus,Electric,3
21314,Bus,Electric,13
21315,Truck,Diesel,3
21316,Car,Electric,0
21317,Car,Hybrid,11
21318,Bus,Electric,6
21319,Car,Hybrid,12
21320,Bus,Hybrid,9
21321,Bus,Hybrid,12
21322,Bus,Electric,8
21323,Truck,Electric,11
21324,Car,Electric,7
21325,Truck,Hybrid,11
21326,Car,Electric,1
21327,Truck,Diesel,5
21328,Truck,Diesel,9
21329,Bus,Electric,9
21330,Bus,Hybrid,14
21331,Truck,Electric,4
21332,Car,Diesel,7
21333,Car,Hybrid,0
21334,Bus,Electric,8
21335,Bus,Electric,8
21336,Car,Hybrid,12
21337,Car,Hybrid,10
21338,Car,Diesel,11
21339,Bus,Electric,6
21340,Car,Diesel,7
21341,Bus,Diesel,12
21342,Truck,Hybrid,8
21343,Truck,Electric,12
21344,Truck,Diesel,14
21345,Car,Diesel,4
21346,Bus,Hybrid,13
21347,Car,Electric,10
21348,Bus,Electric,13
21349,Car,Diesel,1
21350,Truck,Hybrid,13
21351,Bus,Electric,14
21352,Car,Electric,13
21353,Bus,Diesel,0
21354,Bus,Electric,4
21355,Car,Electric,7
21356,Car,Electric,9
21357,Bus,Electric,14
21358,Bus,Diesel,3
21359,Truck,Electric,3
21360,Bus,Electric,3
21361,Truck,Hybrid,7
21362,Truck,Diesel,12
21363,Truck,Electric,6
21364,Bus,Hybrid,12
21365,Truck,Diesel,10
21366,Bus,Electric,0
21367,Bus,Hybrid,9
21368,Car,Diesel,5
21369,Bus,Electric,3
21370,Bus,Hybrid,1
21371,Truck,Diesel,2
21372,Bus,Hybrid,3
21373,Bus,Hybrid,9
21374,Car,Electric,6
21375,Car,Hybrid,0
21376,Truck,Electric,0
21377,Truck,Electric,2
21378,Car,Hybrid,1
21379,Car,Hybrid,2
21380,Bus,Hybrid,2
21381,Truck,Hybrid,10
21382,Truck,Diesel,12
21383,Bus,Electric,0
21384,Bus,Hybrid,12
21385,Truck,Diesel,5
21386,Car,Hybrid,7
21387,Car,Diesel,4
21388,Bus,Electric,0
21389,Truck,Hybrid,10
21390,Bus,Diesel,9
21391,Car,Diesel,10
21392,Car,Electric,6
21393,Bus,Hybrid,10
21394,Car,Hybrid,14
21395,Truck,Electric,12
21396,Bus,Electric,9
21397,Bus,Electric,8
21398,Bus,Diesel,11
21399,Car,Diesel,6
21400,Truck,Electric,8
21401,Bus,Hybrid,9
21402,Bus,Diesel,8
21403,Car,Electric,12
21404,Truck,Diesel,1
21405,Bus,Diesel,7
21406,Car,Electric,11
21407,Bus,Hybrid,14
21408,Car,Hybrid,6
21409,Truck,Diesel,11
21410,Car,Hybrid,6
21411,Bus,Hybrid,1
21412,Bus,Electric,0
21413,Car,Electric,3
21414,Truck,Electric,6
21415,Truck,Hybrid,5
21416,Bus,Hybrid,9
21417,Bus,Electric,1
21418,Car,Hybrid,6
21419,Car,Electric,9
21420,Car,Diesel,10
21421,Truck,Diesel,8
21422,Truck,Hybrid,1
21423,Bus,Hybrid,9
21424,Bus,Hybrid,14
21425,Bus,Hybrid,10
21426,Car,Diesel,14
21427,Truck,Electric,4
21428,Bus,Diesel,10
21429,Bus,Electric,1
21430,Bus,Hybrid,0
21431,Bus,Electric,10
21432,Bus,Electric,6
21433,Bus,Electric,1
21434,Truck,Electric,5
21435,Bus,Diesel,6
21436,Truck,Hybrid,0
21437,Car,Hybrid,10
21438,Truck,Electric,11
21439,Car,Hybrid,8
21440,Truck,Diesel,5
21441,Truck,Electric,1
21442,Bus,Hybrid,0
21443,Truck,Hybrid,0
21444,Truck,Electric,1
21445,Bus,Diesel,11
21446,Car,Electric,8
21447,Bus,Electric,1
21448,Bus,Hybrid,14
21449,Bus,Hybrid,0
21450,Car,Electric,12
21451,Truck,Electric,3
21452,Truck,Hybrid,13
21453,Bus,Electric,12
21454,Bus,Diesel,8
21455,Truck,Electric,11
21456,Truck,Diesel,7
21457,Truck,Electric,6
21458,Car,Electric,7
21459,Car,Electric,1
21460,Bus,Hybrid,4
21461,Car,Hybrid,11
21462,Bus,Hybrid,14
21463,Truck,Hybrid,14
21464,Truck,Hybrid,11
21465,Bus,Hybrid,6
21466,Truck,Electric,0
21467,Bus,Diesel,5
21468,Bus,Hybrid,6
21469,Bus,Hybrid,7
21470,Car,Electric,4
21471,Bus,Hybrid,13
21472,Bus,Electric,7
21473,Bus,Hybrid,9
21474,Car,Diesel,10
21475,Truck,Hybrid,0
21476,Car,Hybrid,14
21477,Bus,Electric,13
21478,Car,Hybrid,3
21479,Truck,Electric,12
21480,Truck,Diesel,10
21481,Bus,Hybrid,5
21482,Truck,Electric,3
21483,Car,Diesel,12
21484,Car,Diesel,4
21485,Truck,Electric,10
21486,Bus,Electric,11
21487,Bus,Hybrid,10
21488,Car,Diesel,1
21489,Truck,Diesel,6
21490,Car,Electric,8
21491,Car,Diesel,6
21492,Car,Electric,0
21493,Bus,Hybrid,1
21494,Truck,Electric,11
21495,Truck,Hybrid,10
21496,Bus,Electric,7
21497,Car,Hybrid,0
21498,Car,Diesel,1
21499,Bus,Electric,4
21500,Truck,Electric,13
21501,Bus,Electric,14
21502,Truck,Hybrid,5
21503,Truck,Electric,0
21504,Truck,Electric,0
21505,Car,Diesel,1
21506,Car,Electric,2
21507,Bus,Electric,8
21508,Bus,Electric,2
21509,Car,Electric,7
21510,Bus,Diesel,5
21511,Car,Electric,9
21512,Car,Electric,4
21513,Truck,Diesel,8
21514,Truck,Hybrid,14
21515,Car,Hybrid,7
21516,Truck,Diesel,13
21517,Car,Diesel,10
21518,Truck,Hybrid,2
21519,Bus,Electric,6
21520,Bus,Hybrid,13
21521,Car,Electric,13
21522,Car,Diesel,3
21523,Truck,Diesel,7
21524,Truck,Diesel,6
21525,Car,Hybrid,2
21526,Bus,Diesel,6
21527,Bus,Hybrid,5
21528,Car,Electric,5
21529,Bus,Electric,13
21530,Car,Electric,10
21531,Truck,Diesel,9
21532,Bus,Electric,2
21533,Bus,Diesel,3
21534,Truck,Hybrid,12
21535,Truck,Diesel,3
21536,Bus,Electric,14
21537,Bus,Diesel,5
21538,Car,Diesel,12
21539,Car,Hybrid,8
21540,Bus,Diesel,4
21541,Car,Electric,7
21542,Truck,Diesel,4
21543,Car,Diesel,14
21544,Car,Electric,14
21545,Bus,Diesel,5
21546,Car,Hybrid,5
21547,Bus,Electric,3
21548,Bus,Electric,9
21549,Bus,Diesel,9
21550,Truck,Hybrid,4
21551,Car,Hybrid,3
21552,Car,Electric,1
21553,Car,Electric,1
21554,Bus,Diesel,7
21555,Truck,Electric,14
21556,Bus,Hybrid,3
21557,Car,Diesel,12
21558,Bus,Diesel,13
21559,Bus,Hybrid,8
21560,Car,Hybrid,11
21561,Bus,Electric,5
21562,Bus,Hybrid,11
21563,Truck,Diesel,11
21564,Bus,Diesel,12
21565,Truck,Hybrid,4
21566,Car,Electric,6
21567,Truck,Diesel,5
21568,Bus,Electric,3
21569,Car,Hybrid,9
21570,Bus,Electric,8
21571,Bus,Diesel,5
21572,Truck,Hybrid,2
21573,Bus,Diesel,3
21574,Truck,Diesel,3
21575,Car,Hybrid,7
21576,Car,Electric,4
21577,Bus,Hybrid,7
21578,Truck,Diesel,12
21579,Bus,Diesel,10
21580,Bus,Diesel,7
21581,Bus,Hybrid,5
21582,Bus,Hybrid,12
21583,Truck,Hybrid,4
21584,Bus,Hybrid,13
21585,Car,Electric,1
21586,Truck,Diesel,14
21587,Bus,Electric,0
21588,Truck,Diesel,6
21589,Bus,Diesel,9
21590,Car,Electric,11
21591,Car,Hybrid,9
21592,Car,Diesel,13
21593,Truck,Hybrid,10
21594,Car,Electric,6
21595,Bus,Diesel,1
21596,Bus,Hybrid,14
21597,Bus,Electric,12
21598,Truck,Diesel,2
21599,Truck,Electric,10
21600,Car,Hybrid,7
21601,Truck,Diesel,11
21602,Bus,Diesel,3
21603,Bus,Diesel,4
21604,Bus,Electric,14
21605,Truck,Electric,6
21606,Bus,Electric,7
21607,Car,Electric,0
21608,Truck,Hybrid,6
21609,Bus,Electric,2
21610,Bus,Electric,14
21611,Truck,Electric,14
21612,Truck,Hybrid,4
21613,Car,Hybrid,11
21614,Truck,Diesel,11
21615,Bus,Electric,0
21616,Car,Diesel,10
21617,Bus,Diesel,2
21618,Bus,Hybrid,4
21619,Bus,Hybrid,0
21620,Truck,Diesel,1
21621,Truck,Diesel,12
21622,Bus,Electric,2
21623,Truck,Hybrid,12
21624,Bus,Hybrid,7
21625,Truck,Diesel,14
21626,Truck,Hybrid,4
21627,Truck,Diesel,4
21628,Car,Diesel,12
21629,Truck,Hybrid,2
21630,Car,Electric,8
21631,Car,Hybrid,8
21632,Car,Diesel,11
21633,Bus,Diesel,13
21634,Truck,Electric,11
21635,Bus,Diesel,1
21636,Car,Electric,7
21637,Truck,Hybrid,0
21638,Bus,Electric,4
21639,Car,Diesel,14
21640,Bus,Diesel,6
21641,Bus,Electric,7
21642,Truck,Hybrid,7
21643,Truck,Electric,5
21644,Bus,Diesel,6
21645,Truck,Hybrid,3
21646,Truck,Electric,12
21647,Bus,Electric,9
21648,Truck,Electric,6
21649,Truck,Diesel,6
21650,Car,Diesel,8
21651,Truck,Diesel,10
21652,Car,Hybrid,14
21653,Bus,Hybrid,1
21654,Car,Hybrid,10
21655,Bus,Diesel,7
21656,Truck,Hybrid,8
21657,Truck,Hybrid,2
21658,Car,Electric,7
21659,Bus,Diesel,0
21660,Truck,Electric,12
21661,Car,Diesel,9
21662,Car,Diesel,14
21663,Car,Hybrid,4
21664,Truck,Electric,0
21665,Bus,Electric,0
21666,Truck,Hybrid,12
21667,Truck,Electric,5
21668,Bus,Electric,4
21669,Car,Diesel,4
21670,Truck,Electric,1
21671,Car,Electric,9
21672,Car,Diesel,13
21673,Bus,Hybrid,8
21674,Bus,Diesel,11
21675,Bus,Hybrid,4
21676,Car,Hybrid,2
21677,Car,Diesel,10
21678,Truck,Diesel,6
21679,Car,Hybrid,5
21680,Bus,Diesel,14
21681,Bus,Diesel,10
21682,Bus,Electric,5
21683,Bus,Diesel,4
21684,Car,Diesel,3
21685,Bus,Electric,5
21686,Truck,Hybrid,6
21687,Car,Hybrid,14
21688,Bus,Diesel,11
21689,Truck,Diesel,13
21690,Bus,Hybrid,13
21691,Car,Diesel,7
21692,Car,Hybrid,14
21693,Truck,Hybrid,1
21694,Car,Electric,3
21695,Truck,Electric,10
21696,Bus,Diesel,6
21697,Car,Diesel,2
21698,Bus,Hybrid,4
21699,Bus,Diesel,9
21700,Car,Electric,13
21701,Bus,Hybrid,6
21702,Truck,Hybrid,8
21703,Truck,Diesel,5
21704,Truck,Hybrid,1
21705,Car,Hybrid,8
21706,Bus,Hybrid,5
21707,Bus,Electric,9
21708,Bus,Hybrid,11
21709,Bus,Electric,1
21710,Truck,Hybrid,12
21711,Car,Diesel,0
21712,Truck,Diesel,14
21713,Truck,Hybrid,14
21714,Car,Diesel,11
21715,Car,Electric,3
21716,Truck,Hybrid,14
21717,Bus,Electric,1
21718,Car,Hybrid,11
21719,Car,Electric,6
21720,Truck,Diesel,10
21721,Bus,Electric,6
21722,Car,Electric,2
21723,Truck,Diesel,10
21724,Car,Diesel,9
21725,Bus,Hybrid,0
21726,Truck,Hybrid,1
21727,Truck,Electric,12
21728,Bus,Hybrid,7
21729,Truck,Electric,3
21730,Bus,Hybrid,2
21731,Truck,Diesel,9
21732,Bus,Diesel,6
21733,Car,Diesel,9
21734,Car,Diesel,3
21735,Car,Electric,1
21736,Truck,Diesel,2
21737,Bus,Diesel,14
21738,Bus,Diesel,3
21739,Car,Diesel,0
21740,Car,Hybrid,7
21741,Car,Electric,10
21742,Bus,Electric,7
21743,Car,Hybrid,4
21744,Truck,Hybrid,14
21745,Car,Electric,12
21746,Car,Electric,13
21747,Bus,Hybrid,5
21748,Truck,Diesel,3
21749,Bus,Electric,10
21750,Truck,Hybrid,13
21751,Truck,Diesel,2
21752,Car,Diesel,2
21753,Car,Hybrid,14
21754,Bus,Electric,12
21755,Bus,Electric,3
21756,Bus,Diesel,12
21757,Truck,Hybrid,14
21758,Bus,Diesel,5
21759,Truck,Diesel,1
21760,Truck,Diesel,5
21761,Truck,Hybrid,7
21762,Truck,Electric,8
21763,Truck,Diesel,12
21764,Car,Electric,3
21765,Truck,Electric,4
21766,Truck,Hybrid,7
21767,Car,Electric,9
21768,Car,Electric,1
21769,Car,Diesel,9
21770,Bus,Hybrid,1
21771,Bus,Hybrid,8
21772,Truck,Diesel,10
21773,Truck,Diesel,5
21774,Truck,Electric,9
21775,Truck,Electric,8
21776,Car,Hybrid,12
21777,Bus,Hybrid,9
21778,Car,Electric,6
21779,Bus,Diesel,12
21780,Car,Hybrid,4
21781,Truck,Diesel,11
21782,Bus,Electric,8
21783,Truck,Hybrid,8
21784,Bus,Hybrid,1
21785,Bus,Electric,7
21786,Truck,Electric,7
21787,Truck,Diesel,1
21788,Truck,Diesel,9
21789,Car,Electric,6
21790,Bus,Electric,0
21791,Bus,Electric,4
21792,Bus,Hybrid,4
21793,Truck,Electric,9
21794,Bus,Hybrid,4
21795,Bus,Electric,1
21796,Truck,Hybrid,13
21797,Truck,Diesel,2
21798,Bus,Diesel,12
21799,Car,Hybrid,5
21800,Truck,Diesel,0
21801,Car,Diesel,13
21802,Car,Hybrid,11
21803,Car,Electric,5
21804,Car,Electric,13
21805,Truck,Hybrid,5
21806,Bus,Diesel,6
21807,Bus,Electric,8
21808,Truck,Electric,8
21809,Truck,Diesel,3
21810,Car,Hybrid,1
21811,Car,Hybrid,4
21812,Truck,Electric,0
21813,Bus,Hybrid,12
21814,Car,Diesel,14
21815,Truck,Hybrid,11
21816,Truck,Hybrid,13
21817,Truck,Hybrid,11
21818,Car,Hybrid,14
21819,Truck,Diesel,12
21820,Bus,Hybrid,4
21821,Truck,Electric,14
21822,Car,Hybrid,11
21823,Bus,Electric,9
21824,Bus,Diesel,12
21825,Truck,Hybrid,14
21826,Truck,Electric,2
21827,Bus,Hybrid,13
21828,Truck,Hybrid,6
21829,Car,Electric,6
21830,Bus,Diesel,2
21831,Truck,Diesel,4
21832,Bus,Diesel,8
21833,Truck,Diesel,3
21834,Truck,Diesel,1
21835,Car,Diesel,2
21836,Truck,Hybrid,10
21837,Truck,Hybrid,0
21838,Truck,Electric,4
21839,Car,Diesel,8
21840,Truck,Diesel,1
21841,Truck,Diesel,12
21842,Truck,Electric,2
21843,Bus,Hybrid,2
21844,Car,Hybrid,6
21845,Bus,Diesel,11
21846,Car,Hybrid,9
21847,Car,Hybrid,6
21848,Bus,Hybrid,14
21849,Car,Diesel,10
21850,Car,Hybrid,0
21851,Bus,Hybrid,2
21852,Truck,Electric,0
21853,Car,Diesel,8
21854,Bus,Hybrid,13
21855,Car,Diesel,13
21856,Bus,Hybrid,6
21857,Truck,Diesel,13
21858,Car,Hybrid,12
21859,Truck,Hybrid,4
21860,Truck,Electric,6
21861,Bus,Diesel,2
21862,Car,Hybrid,2
21863,Car,Electric,0
21864,Car,Electric,4
21865,Car,Diesel,6
21866,Car,Diesel,2
21867,Bus,Electric,4
21868,Car,Diesel,9
21869,Truck,Diesel,0
21870,Truck,Diesel,13
21871,Car,Hybrid,6
21872,Bus,Diesel,12
21873,Bus,Diesel,10
21874,Car,Electric,14
21875,Truck,Electric,14
21876,Car,Electric,7
21877,Car,Diesel,7
21878,Car,Diesel,0
21879,Bus,Electric,3
21880,Bus,Electric,8
21881,Truck,Hybrid,1
21882,Truck,Hybrid,0
21883,Car,Hybrid,5
21884,Truck,Diesel,13
21885,Car,Diesel,12
21886,Truck,Electric,12
21887,Car,Hybrid,10
21888,Bus,Diesel,10
21889,Car,Hybrid,0
21890,Bus,Hybrid,5
21891,Bus,Diesel,0
21892,Truck,Hybrid,14
21893,Truck,Electric,5
21894,Bus,Electric,14
21895,Car,Diesel,8
21896,Car,Hybrid,12
21897,Truck,Electric,4
21898,Car,Hybrid,3
21899,Car,Electric,7
21900,Car,Electric,3
21901,Bus,Hybrid,3
21902,Bus,Diesel,10
21903,Car,Diesel,12
21904,Truck,Diesel,8
21905,Car,Hybrid,0
21906,Truck,Hybrid,11
21907,Bus,Hybrid,2
21908,Car,Diesel,10
21909,Car,Hybrid,3
21910,Truck,Diesel,7
21911,Truck,Electric,0
21912,Car,Diesel,2
21913,Car,Diesel,13
21914,Truck,Diesel,13
21915,Bus,Hybrid,1
21916,Truck,Diesel,5
21917,Car,Electric,11
21918,Bus,Electric,8
21919,Bus,Electric,9
21920,Bus,Electric,12
21921,Bus,Electric,8
21922,Car,Electric,14
21923,Bus,Diesel,9
21924,Truck,Hybrid,4
21925,Truck,Hybrid,2
21926,Truck,Electric,7
21927,Car,Diesel,8
21928,Bus,Electric,8
21929,Truck,Electric,10
21930,Truck,Electric,0
21931,Truck,Electric,11
21932,Bus,Hybrid,14
21933,Truck,Hybrid,9
21934,Bus,Diesel,4
21935,Bus,Diesel,12
21936,Bus,Electric,9
21937,Car,Hybrid,11
21938,Car,Electric,8
21939,Bus,Hybrid,10
21940,Bus,Hybrid,2
21941,Car,Diesel,6
21942,Car,Diesel,8
21943,Bus,Hybrid,13
21944,Car,Diesel,12
21945,Truck,Electric,1
21946,Bus,Hybrid,1
21947,Bus,Hybrid,4
21948,Car,Hybrid,7
21949,Truck,Electric,9
21950,Car,Hybrid,4
21951,Truck,Diesel,7
21952,Truck,Electric,3
21953,Bus,Hybrid,8
21954,Truck,Electric,12
21955,Bus,Electric,3
21956,Truck,Diesel,4
21957,Bus,Diesel,11
21958,Truck,Diesel,11
21959,Car,Hybrid,11
21960,Truck,Hybrid,6
21961,Car,Diesel,8
21962,Truck,Diesel,14
21963,Truck,Hybrid,4
21964,Bus,Diesel,13
21965,Truck,Electric,6
21966,Truck,Electric,12
21967,Truck,Electric,12
21968,Car,Hybrid,3
21969,Bus,Diesel,1
21970,Bus,Electric,1
21971,Truck,Hybrid,4
21972,Truck,Diesel,1
21973,Car,Diesel,13
21974,Truck,Electric,14
21975,Bus,Diesel,1
21976,Bus,Diesel,1
21977,Car,Electric,3
21978,Car,Electric,7
21979,Bus,Diesel,6
21980,Car,Hybrid,4
21981,Truck,Hybrid,6
21982,Truck,Electric,5
21983,Car,Diesel,14
21984,Bus,Electric,7
21985,Car,Hybrid,13
21986,Bus,Hybrid,14
21987,Car,Diesel,7
21988,Car,Electric,6
21989,Car,Electric,4
21990,Truck,Hybrid,5
21991,Truck,Electric,10
21992,Bus,Electric,10
21993,Car,Electric,9
21994,Truck,Diesel,7
21995,Car,Hybrid,6
21996,Bus,Electric,4
21997,Truck,Diesel,9
21998,Bus,Electric,7
21999,Truck,Electric,3
22000,Car,Hybrid,12
22001,Bus,Diesel,5
22002,Truck,Electric,3
22003,Truck,Hybrid,11
22004,Car,Diesel,4
22005,Bus,Electric,9
22006,Bus,Hybrid,2
22007,Bus,Electric,1
22008,Car,Electric,10
22009,Truck,Diesel,0
22010,Truck,Hybrid,2
22011,Bus,Diesel,12
22012,Truck,Electric,10
22013,Bus,Hybrid,0
22014,Car,Electric,13
22015,Car,Electric,5
22016,Car,Electric,10
22017,Bus,Hybrid,1
22018,Truck,Electric,2
22019,Car,Hybrid,12
22020,Bus,Electric,7
22021,Bus,Diesel,4
22022,Car,Hybrid,11
22023,Car,Electric,1
22024,Car,Diesel,1
22025,Truck,Hybrid,2
22026,Truck,Diesel,2
22027,Bus,Electric,7
22028,Car,Diesel,4
22029,Car,Electric,7
22030,Truck,Electric,3
22031,Car,Hybrid,8
22032,Bus,Electric,2
22033,Car,Electric,1
22034,Truck,Hybrid,5
22035,Bus,Hybrid,10
22036,Bus,Electric,14
22037,Car,Electric,3
22038,Bus,Hybrid,1
22039,Car,Hybrid,13
22040,Car,Diesel,5
22041,Truck,Diesel,3
22042,Bus,Diesel,9
22043,Car,Hybrid,10
22044,Car,Hybrid,3
22045,Car,Hybrid,12
22046,Bus,Diesel,9
22047,Bus,Electric,3
22048,Bus,Electric,3
22049,Car,Electric,7
22050,Bus,Hybrid,0
22051,Car,Electric,8
22052,Bus,Electric,13
22053,Bus,Hybrid,2
22054,Car,Hybrid,4
22055,Bus,Hybrid,4
22056,Car,Hybrid,3
22057,Bus,Hybrid,3
22058,Bus,Diesel,6
22059,Bus,Hybrid,13
22060,Bus,Electric,3
22061,Truck,Electric,9
22062,Car,Diesel,2
22063,Truck,Hybrid,10
22064,Bus,Electric,8
22065,Bus,Electric,13
22066,Car,Hybrid,3
22067,Car,Diesel,3
22068,Car,Hybrid,9
22069,Car,Hybrid,11
22070,Bus,Hybrid,7
22071,Car,Hybrid,11
22072,Truck,Hybrid,10
22073,Car,Diesel,6
22074,Car,Electric,3
22075,Truck,Hybrid,13
22076,Truck,Electric,7
22077,Truck,Electric,9
22078,Truck,Hybrid,1
22079,Car,Electric,12
22080,Truck,Hybrid,12
22081,Bus,Hybrid,8
22082,Car,Hybrid,1
22083,Bus,Diesel,13
22084,Car,Hybrid,9
22085,Car,Hybrid,13
22086,Bus,Electric,13
22087,Truck,Diesel,2
22088,Truck,Electric,12
22089,Bus,Electric,5
22090,Truck,Hybrid,6
22091,Car,Diesel,8
22092,Car,Diesel,7
22093,Car,Hybrid,10
22094,Truck,Diesel,5
22095,Truck,Hybrid,14
22096,Bus,Diesel,14
22097,Car,Diesel,7
22098,Bus,Hybrid,10
22099,Truck,Diesel,12
22100,Bus,Diesel,10
22101,Truck,Diesel,4
22102,Car,Electric,9
22103,Car,Hybrid,9
22104,Truck,Electric,12
22105,Truck,Diesel,13
22106,Truck,Diesel,11
22107,Car,Electric,11
22108,Truck,Diesel,8
22109,Car,Diesel,3
22110,Bus,Hybrid,0
22111,Car,Diesel,14
22112,Bus,Hybrid,12
22113,Car,Hybrid,13
22114,Car,Electric,7
22115,Truck,Electric,4
22116,Car,Diesel,12
22117,Truck,Electric,8
22118,Truck,Hybrid,2
22119,Truck,Electric,8
22120,Car,Hybrid,7
22121,Truck,Electric,13
22122,Bus,Diesel,14
22123,Bus,Electric,5
22124,Car,Diesel,14
22125,Truck,Electric,10
22126,Bus,Hybrid,9
22127,Car,Electric,9
22128,Car,Electric,10
22129,Car,Hybrid,7
22130,Car,Hybrid,7
22131,Car,Electric,6
22132,Truck,Hybrid,13
22133,Truck,Hybrid,6
22134,Truck,Electric,2
22135,Truck,Diesel,6
22136,Car,Electric,11
22137,Car,Electric,2
22138,Bus,Diesel,10
22139,Bus,Electric,12
22140,Truck,Electric,8
22141,Car,Hybrid,10
22142,Bus,Electric,4
22143,Bus,Diesel,10
22144,Bus,Diesel,7
22145,Bus,Hybrid,11
22146,Truck,Electric,2
22147,Car,Electric,2
22148,Truck,Electric,12
22149,Bus,Electric,2
22150,Bus,Diesel,12
22151,Car,Diesel,14
22152,Car,Hybrid,7
22153,Truck,Electric,8
22154,Car,Diesel,12
22155,Truck,Electric,13
22156,Truck,Diesel,6
22157,Bus,Diesel,0
22158,Truck,Hybrid,5
22159,Bus,Electric,2
22160,Truck,Hybrid,0
22161,Truck,Hybrid,9
22162,Car,Hybrid,13
22163,Car,Hybrid,1
22164,Bus,Hybrid,12
22165,Car,Hybrid,11
22166,Truck,Hybrid,2
22167,Bus,Electric,6
22168,Bus,Hybrid,5
22169,Bus,Electric,14
22170,Truck,Electric,1
22171,Car,Diesel,11
22172,Bus,Hybrid,4
22173,Truck,Electric,0
22174,Car,Diesel,2
22175,Car,Diesel,13
22176,Bus,Hybrid,0
22177,Truck,Hybrid,2
22178,Car,Hybrid,1
22179,Truck,Hybrid,3
22180,Car,Electric,4
22181,Bus,Electric,2
22182,Bus,Hybrid,9
22183,Car,Hybrid,13
22184,Truck,Electric,4
22185,Car,Hybrid,10
22186,Truck,Diesel,6
22187,Car,Electric,9
22188,Bus,Diesel,12
22189,Truck,Diesel,8
22190,Bus,Diesel,7
22191,Truck,Diesel,14
22192,Car,Hybrid,11
22193,Bus,Hybrid,11
22194,Bus,Hybrid,5
22195,Truck,Hybrid,14
22196,Truck,Electric,14
22197,Truck,Hybrid,13
22198,Bus,Electric,8
22199,Car,Diesel,7
22200,Truck,Electric,11
22201,Car,Hybrid,3
22202,Truck,Diesel,10
22203,Car,Diesel,1
22204,Truck,Hybrid,8
22205,Car,Diesel,5
22206,Bus,Diesel,9
22207,Truck,Diesel,7
22208,Truck,Electric,7
22209,Bus,Diesel,3
22210,Truck,Diesel,9
22211,Truck,Electric,4
22212,Bus,Hybrid,0
22213,Bus,Electric,8
22214,Car,Electric,14
22215,Bus,Hybrid,6
22216,Bus,Hybrid,0
22217,Truck,Electric,10
22218,Bus,Diesel,9
22219,Truck,Hybrid,9
22220,Bus,Diesel,13
22221,Bus,Hybrid,2
22222,Car,Diesel,8
22223,Bus,Electric,10
22224,Bus,Electric,10
22225,Truck,Electric,11
22226,Truck,Electric,0
22227,Car,Hybrid,5
22228,Bus,Electric,4
22229,Truck,Diesel,13
22230,Bus,Electric,3
22231,Car,Electric,0
22232,Truck,Electric,6
22233,Truck,Electric,0
22234,Car,Hybrid,0
22235,Bus,Hybrid,1
22236,Truck,Hybrid,8
22237,Truck,Diesel,0
22238,Car,Diesel,7
22239,Car,Electric,12
22240,Car,Diesel,0
22241,Bus,Diesel,10
22242,Bus,Diesel,0
22243,Bus,Diesel,8
22244,Car,Hybrid,7
22245,Truck,Hybrid,13
22246,Bus,Diesel,0
22247,Car,Diesel,6
22248,Bus,Hybrid,7
22249,Truck,Electric,1
22250,Truck,Hybrid,3
22251,Car,Diesel,1
22252,Truck,Diesel,12
22253,Car,Diesel,13
22254,Car,Hybrid,5
22255,Car,Diesel,4
22256,Car,Hybrid,10
22257,Truck,Electric,10
22258,Truck,Diesel,4
22259,Truck,Diesel,11
22260,Truck,Electric,13
22261,Car,Hybrid,7
22262,Car,Diesel,11
22263,Truck,Diesel,12
22264,Bus,Diesel,0
22265,Bus,Diesel,9
22266,Bus,Electric,1
22267,Truck,Hybrid,0
22268,Car,Electric,3
22269,Car,Hybrid,1
22270,Bus,Electric,9
22271,Bus,Electric,10
22272,Car,Hybrid,6
22273,Bus,Diesel,11
22274,Bus,Diesel,4
22275,Car,Electric,4
22276,Bus,Electric,0
22277,Bus,Electric,14
22278,Truck,Diesel,1
22279,Bus,Hybrid,4
22280,Truck,Diesel,6
22281,Car,Electric,0
22282,Truck,Diesel,6
22283,Car,Diesel,10
22284,Truck,Diesel,11
22285,Truck,Hybrid,1
22286,Truck,Electric,14
22287,Bus,Diesel,1
22288,Bus,Diesel,8
22289,Bus,Electric,7
22290,Bus,Diesel,9
22291,Bus,Diesel,3
22292,Truck,Diesel,4
22293,Bus,Diesel,8
22294,Car,Electric,3
22295,Truck,Diesel,9
22296,Truck,Hybrid,12
22297,Car,Diesel,11
22298,Bus,Hybrid,7
22299,Car,Electric,12
22300,Truck,Diesel,4
22301,Truck,Hybrid,0
22302,Truck,Hybrid,14
22303,Car,Diesel,6
22304,Bus,Diesel,9
22305,Truck,Electric,10
22306,Bus,Electric,10
22307,Truck,Diesel,2
22308,Bus,Electric,6
22309,Car,Electric,7
22310,Truck,Electric,3
22311,Truck,Electric,10
22312,Truck,Diesel,14
22313,Car,Diesel,13
22314,Car,Hybrid,5
22315,Bus,Electric,9
22316,Car,Diesel,6
22317,Truck,Hybrid,7
22318,Bus,Electric,2
22319,Car,Hybrid,6
22320,Bus,Electric,4
22321,Bus,Diesel,6
22322,Bus,Hybrid,5
22323,Truck,Diesel,12
22324,Truck,Electric,4
22325,Car,Electric,14
22326,Truck,Electric,2
22327,Bus,Hybrid,9
22328,Bus,Hybrid,1
22329,Truck,Hybrid,2
22330,Bus,Diesel,1
22331,Truck,Hybrid,13
22332,Bus,Electric,2
22333,Car,Diesel,1
22334,Car,Electric,0
22335,Truck,Electric,8
22336,Truck,Hybrid,9
22337,Truck,Hybrid,4
22338,Truck,Hybrid,13
22339,Truck,Electric,8
22340,Bus,Diesel,7
22341,Car,Hybrid,13
22342,Bus,Hybrid,6
22343,Car,Diesel,11
22344,Bus,Electric,5
22345,Bus,Electric,10
22346,Bus,Diesel,3
22347,Truck,Hybrid,9
22348,Car,Diesel,9
22349,Truck,Hybrid,6
22350,Truck,Diesel,12
22351,Bus,Electric,6
22352,Car,Electric,0
22353,Car,Electric,13
22354,Car,Electric,8
22355,Car,Diesel,13
22356,Truck,Diesel,3
22357,Truck,Hybrid,6
22358,Car,Diesel,8
22359,Truck,Hybrid,1
22360,Car,Diesel,12
22361,Truck,Diesel,7
22362,Bus,Diesel,10
22363,Bus,Diesel,3
22364,Car,Electric,13
22365,Car,Diesel,3
22366,Truck,Hybrid,2
22367,Car,Electric,9
22368,Car,Diesel,3
22369,Truck,Diesel,8
22370,Car,Hybrid,0
22371,Car,Electric,8
22372,Bus,Electric,12
22373,Bus,Electric,10
22374,Bus,Electric,9
22375,Car,Hybrid,8
22376,Truck,Diesel,0
22377,Bus,Diesel,12
22378,Car,Electric,8
22379,Bus,Hybrid,5
22380,Truck,Diesel,7
22381,Truck,Electric,12
22382,Truck,Electric,7
22383,Truck,Hybrid,13
22384,Truck,Hybrid,7
22385,Truck,Hybrid,10
22386,Car,Electric,7
22387,Bus,Hybrid,11
22388,Truck,Electric,0
22389,Bus,Diesel,0
22390,Bus,Electric,6
22391,Car,Electric,10
22392,Truck,Diesel,11
22393,Truck,Hybrid,12
22394,Car,Hybrid,11
22395,Car,Electric,8
22396,Car,Electric,10
22397,Car,Diesel,13
22398,Car,Hybrid,9
22399,Bus,Diesel,7
22400,Car,Electric,10
22401,Truck,Electric,12
22402,Truck,Diesel,4
22403,Car,Diesel,7
22404,Car,Hybrid,8
22405,Car,Diesel,6
22406,Car,Hybrid,10
22407,Car,Hybrid,9
22408,Truck,Diesel,10
22409,Bus,Diesel,12
22410,Car,Hybrid,14
22411,Car,Diesel,2
22412,Car,Hybrid,8
22413,Truck,Hybrid,4
22414,Truck,Electric,10
22415,Bus,Hybrid,7
22416,Bus,Electric,10
22417,Bus,Diesel,0
22418,Bus,Hybrid,0
22419,Truck,Hybrid,2
22420,Bus,Diesel,14
22421,Car,Diesel,1
22422,Truck,Diesel,4
22423,Truck,Hybrid,10
22424,Truck,Diesel,8
22425,Car,Diesel,12
22426,Truck,Electric,8
22427,Car,Electric,7
22428,Bus,Hybrid,4
22429,Truck,Diesel,2
22430,Car,Diesel,5
22431,Truck,Electric,7
22432,Bus,Hybrid,5
22433,Truck,Diesel,6
22434,Bus,Hybrid,11
22435,Truck,Electric,13
22436,Car,Diesel,11
22437,Bus,Electric,12
22438,Truck,Electric,6
22439,Bus,Electric,14
22440,Bus,Diesel,6
22441,Car,Hybrid,8
22442,Car,Diesel,8
22443,Car,Electric,0
22444,Car,Hybrid,2
22445,Bus,Electric,4
22446,Bus,Diesel,10
22447,Truck,Hybrid,3
22448,Truck,Diesel,11
22449,Truck,Hybrid,0
22450,Car,Electric,0
22451,Bus,Electric,12
22452,Bus,Electric,3
22453,Truck,Diesel,4
22454,Truck,Diesel,3
22455,Bus,Electric,1
22456,Car,Electric,4
22457,Truck,Hybrid,9
22458,Truck,Hybrid,2
22459,Bus,Diesel,6
22460,Bus,Hybrid,3
22461,Truck,Diesel,1
22462,Truck,Diesel,10
22463,Car,Hybrid,7
22464,Car,Hybrid,12
22465,Car,Hybrid,9
22466,Car,Electric,1
22467,Truck,Electric,10
22468,Truck,Hybrid,6
22469,Truck,Electric,7
22470,Car,Diesel,9
22471,Truck,Electric,2
22472,Bus,Electric,5
22473,Car,Electric,11
22474,Bus,Diesel,3
22475,Car,Diesel,11
22476,Truck,Hybrid,1
22477,Car,Electric,7
22478,Bus,Electric,1
22479,Car,Diesel,8
22480,Bus,Electric,8
22481,Truck,Diesel,10
22482,Bus,Electric,7
22483,Truck,Hybrid,9
22484,Bus,Diesel,2
22485,Truck,Diesel,7
22486,Bus,Diesel,4
22487,Truck,Electric,14
22488,Truck,Hybrid,9
22489,Truck,Diesel,13
22490,Bus,Hybrid,4
22491,Bus,Diesel,1
22492,Truck,Hybrid,11
22493,Car,Electric,2
22494,Truck,Electric,7
22495,Car,Hybrid,13
22496,Truck,Hybrid,0
22497,Bus,Electric,3
22498,Car,Hybrid,5
22499,Bus,Hybrid,8
22500,Car,Hybrid,7
22501,Car,Diesel,9
22502,Car,Hybrid,4
22503,Car,Diesel,12
22504,Bus,Electric,13
22505,Car,Electric,6
22506,Truck,Electric,7
22507,Truck,Hybrid,11
22508,Car,Electric,8
22509,Bus,Diesel,13
22510,Bus,Diesel,2
22511,Car,Hybrid,10
22512,Bus,Diesel,7
22513,Bus,Diesel,14
22514,Bus,Electric,2
22515,Car,Diesel,0
22516,Truck,Electric,12
22517,Truck,Electric,12
22518,Truck,Diesel,3
22519,Truck,Diesel,6
22520,Truck,Hybrid,8
22521,Bus,Hybrid,9
22522,Bus,Diesel,6
22523,Bus,Electric,9
22524,Car,Electric,10
22525,Bus,Hybrid,13
22526,Truck,Electric,13
22527,Bus,Hybrid,13
22528,Truck,Electric,4
22529,Bus,Diesel,12
22530,Truck,Diesel,14
22531,Bus,Electric,0
22532,Truck,Hybrid,0
22533,Truck,Diesel,11
22534,Car,Hybrid,8
22535,Bus,Diesel,3
22536,Truck,Electric,2
22537,Bus,Diesel,10
22538,Truck,Electric,4
22539,Car,Hybrid,6
22540,Car,Diesel,6
22541,Car,Hybrid,14
22542,Car,Hybrid,4
22543,Truck,Electric,7
22544,Bus,Hybrid,4
22545,Car,Diesel,9
22546,Car,Electric,3
22547,Car,Electric,13
22548,Bus,Electric,5
22549,Truck,Hybrid,2
22550,Truck,Diesel,3
22551,Truck,Diesel,7
22552,Truck,Diesel,9
22553,Bus,Electric,9
22554,Bus,Electric,2
22555,Bus,Diesel,10
22556,Car,Hybrid,12
22557,Bus,Electric,9
22558,Truck,Diesel,12
22559,Bus,Hybrid,2
22560,Car,Electric,5
22561,Truck,Electric,7
22562,Bus,Electric,9
22563,Truck,Diesel,1
22564,Truck,Electric,0
22565,Bus,Electric,9
22566,Bus,Hybrid,12
22567,Car,Diesel,0
22568,Bus,Hybrid,6
22569,Bus,Electric,1
22570,Bus,Diesel,8
22571,Truck,Diesel,9
22572,Car,Electric,3
22573,Truck,Diesel,13
22574,Bus,Diesel,6
22575,Car,Hybrid,4
22576,Bus,Diesel,4
22577,Truck,Diesel,6
22578,Truck,Hybrid,8
22579,Bus,Electric,3
22580,Car,Hybrid,8
22581,Truck,Electric,8
22582,Bus,Electric,10
22583,Bus,Electric,7
22584,Bus,Hybrid,0
22585,Car,Electric,9
22586,Bus,Hybrid,10
22587,Bus,Hybrid,10
22588,Truck,Electric,14
22589,Bus,Electric,8
22590,Car,Hybrid,2
22591,Bus,Hybrid,7
22592,Car,Electric,4
22593,Bus,Electric,5
22594,Bus,Electric,2
22595,Bus,Hybrid,10
22596,Car,Hybrid,6
22597,Truck,Hybrid,1
22598,Car,Electric,12
22599,Truck,Diesel,2
22600,Car,Diesel,1
22601,Bus,Diesel,12
22602,Bus,Diesel,10
22603,Truck,Diesel,8
22604,Truck,Hybrid,10
22605,Car,Electric,13
22606,Car,Electric,12
22607,Truck,Electric,13
22608,Truck,Electric,2
22609,Car,Electric,7
22610,Truck,Diesel,5
22611,Truck,Electric,12
22612,Truck,Electric,0
22613,Truck,Diesel,10
22614,Bus,Electric,12
22615,Bus,Diesel,14
22616,Truck,Diesel,5
22617,Car,Hybrid,7
22618,Bus,Electric,9
22619,Car,Electric,13
22620,Car,Electric,2
22621,Bus,Diesel,13
22622,Car,Hybrid,6
22623,Car,Electric,13
22624,Truck,Diesel,5
22625,Truck,Diesel,0
22626,Truck,Diesel,1
22627,Bus,Diesel,13
22628,Truck,Hybrid,10
22629,Car,Hybrid,4
22630,Car,Diesel,6
22631,Car,Electric,3
22632,Car,Hybrid,5
22633,Car,Electric,1
22634,Bus,Electric,4
22635,Car,Hybrid,9
22636,Bus,Electric,14
22637,Car,Hybrid,2
22638,Bus,Hybrid,0
22639,Bus,Electric,5
22640,Car,Electric,8
22641,Car,Diesel,13
22642,Car,Hybrid,13
22643,Car,Electric,9
22644,Truck,Hybrid,7
22645,Truck,Diesel,3
22646,Bus,Diesel,7
22647,Bus,Diesel,10
22648,Truck,Diesel,4
22649,Bus,Diesel,2
22650,Car,Diesel,3
22651,Bus,Diesel,6
22652,Bus,Diesel,14
22653,Bus,Hybrid,4
22654,Truck,Electric,3
22655,Truck,Hybrid,2
22656,Bus,Hybrid,2
22657,Car,Electric,9
22658,Bus,Electric,5
22659,Truck,Diesel,7
22660,Car,Electric,14
22661,Bus,Hybrid,3
22662,Truck,Diesel,0
22663,Car,Hybrid,3
22664,Bus,Electric,11
22665,Truck,Hybrid,14
22666,Car,Hybrid,4
22667,Bus,Diesel,7
22668,Car,Diesel,13
22669,Car,Hybrid,12
22670,Car,Electric,6
22671,Truck,Diesel,1
22672,Bus,Hybrid,8
22673,Car,Diesel,14
22674,Car,Diesel,2
22675,Car,Electric,8
22676,Truck,Hybrid,0
22677,Car,Hybrid,8
22678,Truck,Hybrid,6
22679,Truck,Hybrid,1
22680,Car,Hybrid,9
22681,Car,Diesel,6
22682,Truck,Diesel,0
22683,Truck,Diesel,10
22684,Car,Diesel,2
22685,Truck,Electric,6
22686,Truck,Electric,2
22687,Car,Hybrid,1
22688,Car,Electric,4
22689,Bus,Diesel,14
22690,Car,Diesel,2
22691,Car,Diesel,12
22692,Car,Diesel,8
22693,Bus,Diesel,6
22694,Truck,Hybrid,10
22695,Car,Hybrid,0
22696,Car,Diesel,0
22697,Bus,Hybrid,5
22698,Bus,Electric,14
22699,Bus,Electric,3
22700,Truck,Diesel,0
22701,Bus,Hybrid,8
22702,Truck,Diesel,13
22703,Car,Hybrid,1
22704,Car,Diesel,0
22705,Car,Diesel,2
22706,Bus,Diesel,14
22707,Car,Electric,14
22708,Bus,Hybrid,9
22709,Truck,Hybrid,11
22710,Car,Electric,11
22711,Truck,Electric,0
22712,Bus,Hybrid,12
22713,Bus,Hybrid,3
22714,Car,Diesel,3
22715,Car,Diesel,5
22716,Bus,Hybrid,11
22717,Car,Hybrid,2
22718,Car,Diesel,12
22719,Truck,Electric,14
22720,Bus,Hybrid,8
22721,Truck,Hybrid,5
22722,Car,Electric,13
22723,Truck,Electric,6
22724,Bus,Electric,5
22725,Truck,Hybrid,8
22726,Truck,Hybrid,1
22727,Car,Hybrid,10
22728,Bus,Diesel,13
22729,Car,Electric,7
22730,Car,Electric,4
22731,Bus,Diesel,1
22732,Truck,Diesel,12
22733,Car,Diesel,6
22734,Truck,Diesel,11
22735,Bus,Electric,4
22736,Car,Diesel,7
22737,Truck,Diesel,13
22738,Truck,Electric,9
22739,Car,Electric,10
22740,Bus,Electric,5
22741,Truck,Electric,6
22742,Bus,Hybrid,10
22743,Car,Hybrid,11
22744,Truck,Hybrid,0
22745,Truck,Hybrid,1
22746,Truck,Electric,8
22747,Bus,Hybrid,14
22748,Truck,Diesel,6
22749,Truck,Diesel,6
22750,Car,Diesel,3
22751,Truck,Hybrid,12
22752,Bus,Hybrid,12
22753,Car,Diesel,3
22754,Car,Hybrid,2
22755,Truck,Electric,9
22756,Car,Hybrid,3
22757,Truck,Diesel,11
22758,Car,Diesel,9
22759,Bus,Hybrid,5
22760,Truck,Hybrid,10
22761,Bus,Diesel,2
22762,Truck,Diesel,9
22763,Bus,Hybrid,7
22764,Bus,Hybrid,0
22765,Car,Diesel,5
22766,Truck,Diesel,12
22767,Car,Diesel,1
22768,Bus,Diesel,10
22769,Truck,Diesel,13
22770,Bus,Diesel,0
22771,Bus,Diesel,11
22772,Bus,Hybrid,3
22773,Bus,Electric,11
22774,Car,Electric,12
22775,Bus,Hybrid,5
22776,Car,Electric,6
22777,Bus,Hybrid,10
22778,Truck,Hybrid,0
22779,Bus,Hybrid,2
22780,Bus,Hybrid,5
22781,Truck,Electric,12
22782,Truck,Hybrid,12
22783,Bus,Diesel,5
22784,Bus,Hybrid,9
22785,Car,Electric,5
22786,Truck,Electric,6
22787,Truck,Electric,10
22788,Car,Electric,6
22789,Bus,Diesel,11
22790,Bus,Hybrid,9
22791,Truck,Diesel,14
22792,Car,Hybrid,7
22793,Bus,Hybrid,10
22794,Truck,Diesel,1
22795,Bus,Diesel,9
22796,Bus,Electric,13
22797,Bus,Hybrid,0
22798,Truck,Hybrid,9
22799,Car,Hybrid,13
22800,Car,Hybrid,14
22801,Bus,Hybrid,12
22802,Car,Hybrid,6
22803,Bus,Electric,11
22804,Truck,Hybrid,0
22805,Truck,Electric,1
22806,Truck,Hybrid,0
22807,Bus,Hybrid,13
22808,Car,Diesel,11
22809,Truck,Hybrid,11
22810,Bus,Diesel,0
22811,Car,Diesel,2
22812,Car,Diesel,3
22813,Car,Electric,4
22814,Bus,Diesel,4
22815,Bus,Diesel,1
22816,Bus,Diesel,10
22817,Truck,Hybrid,2
22818,Bus,Electric,13
22819,Truck,Electric,7
22820,Truck,Electric,1
22821,Truck,Electric,3
22822,Bus,Hybrid,6
22823,Truck,Diesel,8
22824,Bus,Hybrid,2
22825,Bus,Electric,2
22826,Truck,Hybrid,6
22827,Truck,Hybrid,7
22828,Truck,Electric,13
22829,Bus,Diesel,3
22830,Bus,Hybrid,13
22831,Truck,Electric,0
22832,Truck,Hybrid,4
22833,Car,Hybrid,10
22834,Truck,Hybrid,13
22835,Car,Diesel,14
22836,Car,Hybrid,3
22837,Bus,Hybrid,13
22838,Bus,Diesel,10
22839,Car,Hybrid,7
22840,Car,Hybrid,12
22841,Truck,Diesel,6
22842,Car,Electric,1
22843,Truck,Hybrid,5
22844,Bus,Electric,3
22845,Truck,Electric,6
22846,Bus,Electric,8
22847,Car,Diesel,6
22848,Car,Diesel,14
22849,Car,Hybrid,1
22850,Truck,Electric,7
22851,Bus,Diesel,5
22852,Bus,Diesel,8
22853,Bus,Electric,6
22854,Bus,Diesel,4
22855,Bus,Electric,7
22856,Truck,Diesel,6
22857,Bus,Electric,0
22858,Car,Diesel,10
22859,Bus,Diesel,4
22860,Car,Diesel,6
22861,Truck,Diesel,9
22862,Truck,Electric,6
22863,Car,Hybrid,10
22864,Bus,Hybrid,13
22865,Truck,Diesel,2
22866,Truck,Hybrid,4
22867,Truck,Diesel,7
22868,Bus,Hybrid,14
22869,Car,Diesel,8
22870,Car,Hybrid,13
22871,Bus,Hybrid,8
22872,Truck,Diesel,9
22873,Bus,Hybrid,4
22874,Bus,Diesel,1
22875,Car,Hybrid,7
22876,Bus,Electric,6
22877,Bus,Electric,3
22878,Truck,Electric,4
22879,Truck,Diesel,11
22880,Car,Diesel,9
22881,Truck,Diesel,11
22882,Bus,Electric,11
22883,Bus,Hybrid,10
22884,Bus,Diesel,10
22885,Car,Electric,9
22886,Truck,Diesel,1
22887,Bus,Diesel,8
22888,Truck,Hybrid,13
22889,Truck,Diesel,11
22890,Truck,Diesel,14
22891,Truck,Hybrid,5
22892,Car,Diesel,8
22893,Car,Diesel,7
22894,Car,Hybrid,0
22895,Bus,Diesel,12
22896,Bus,Diesel,8
22897,Bus,Electric,8
22898,Car,Hybrid,3
22899,Truck,Electric,0
22900,Car,Hybrid,3
22901,Bus,Diesel,5
22902,Bus,Electric,3
22903,Truck,Electric,8
22904,Car,Electric,3
22905,Truck,Electric,9
22906,Car,Hybrid,7
22907,Bus,Diesel,1
22908,Truck,Diesel,11
22909,Truck,Electric,6
22910,Car,Diesel,7
22911,Car,Diesel,13
22912,Car,Hybrid,5
22913,Bus,Diesel,9
22914,Car,Diesel,12
22915,Bus,Diesel,5
22916,Car,Diesel,7
22917,Car,Electric,2
22918,Bus,Hybrid,1
22919,Car,Hybrid,8
22920,Bus,Hybrid,7
22921,Bus,Diesel,9
22922,Car,Electric,4
22923,Car,Hybrid,12
22924,Truck,Electric,4
22925,Car,Hybrid,5
22926,Truck,Electric,5
22927,Car,Diesel,1
22928,Bus,Diesel,6
22929,Bus,Hybrid,2
22930,Truck,Hybrid,7
22931,Car,Hybrid,8
22932,Truck,Diesel,2
22933,Car,Diesel,5
22934,Car,Hybrid,7
22935,Bus,Hybrid,5
22936,Truck,Diesel,9
22937,Bus,Hybrid,2
22938,Bus,Hybrid,3
22939,Bus,Hybrid,8
22940,Truck,Diesel,11
22941,Car,Diesel,11
22942,Car,Electric,10
22943,Truck,Electric,11
22944,Car,Electric,0
22945,Truck,Electric,3
22946,Truck,Hybrid,9
22947,Car,Diesel,0
22948,Bus,Diesel,7
22949,Truck,Electric,14
22950,Truck,Hybrid,6
22951,Truck,Diesel,6
22952,Truck,Diesel,1
22953,Car,Hybrid,9
22954,Car,Hybrid,14
22955,Truck,Electric,5
22956,Bus,Electric,7
22957,Car,Hybrid,7
22958,Bus,Diesel,14
22959,Bus,Hybrid,4
22960,Truck,Hybrid,7
22961,Car,Diesel,12
22962,Truck,Diesel,1
22963,Truck,Electric,13
22964,Bus,Hybrid,3
22965,Bus,Electric,9
22966,Bus,Hybrid,1
22967,Truck,Hybrid,4
22968,Truck,Diesel,10
22969,Truck,Hybrid,2
22970,Truck,Hybrid,5
22971,Truck,Diesel,6
22972,Truck,Diesel,5
22973,Truck,Diesel,10
22974,Truck,Hybrid,1
22975,Car,Diesel,1
22976,Car,Hybrid,14
22977,Car,Electric,3
22978,Car,Diesel,13
22979,Truck,Electric,6
22980,Truck,Electric,7
22981,Bus,Diesel,4
22982,Bus,Diesel,13
22983,Car,Hybrid,9
22984,Bus,Diesel,0
22985,Car,Electric,13
22986,Truck,Electric,8
22987,Truck,Electric,14
22988,Bus,Hybrid,12
22989,Truck,Hybrid,7
22990,Truck,Diesel,14
22991,Car,Diesel,0
22992,Bus,Diesel,8
22993,Truck,Electric,4
22994,Bus,Electric,13
22995,Truck,Electric,7
22996,Car,Diesel,9
22997,Truck,Diesel,9
22998,Bus,Electric,11
22999,Bus,Diesel,1
23000,Car,Hybrid,6
23001,Truck,Diesel,8
23002,Car,Electric,6
23003,Bus,Diesel,8
23004,Car,Hybrid,3
23005,Truck,Electric,4
23006,Truck,Diesel,6
23007,Car,Diesel,0
23008,Bus,Diesel,1
23009,Bus,Diesel,1
23010,Car,Hybrid,14
23011,Truck,Diesel,14
23012,Truck,Diesel,14
23013,Truck,Electric,9
23014,Truck,Hybrid,8
23015,Bus,Electric,2
23016,Truck,Hybrid,8
23017,Car,Diesel,0
23018,Car,Hybrid,10
23019,Car,Electric,2
23020,Car,Diesel,9
23021,Truck,Electric,14
23022,Bus,Electric,1
23023,Truck,Hybrid,1
23024,Bus,Diesel,0
23025,Truck,Electric,5
23026,Bus,Electric,4
23027,Car,Hybrid,13
23028,Car,Electric,14
23029,Bus,Diesel,11
23030,Bus,Diesel,4
23031,Bus,Hybrid,10
23032,Car,Electric,8
23033,Car,Hybrid,5
23034,Truck,Hybrid,8
23035,Bus,Electric,3
23036,Bus,Diesel,6
23037,Bus,Hybrid,12
23038,Car,Diesel,10
23039,Bus,Diesel,3
23040,Bus,Electric,0
23041,Car,Electric,3
23042,Bus,Diesel,1
23043,Truck,Diesel,4
23044,Car,Diesel,10
23045,Car,Hybrid,1
23046,Car,Diesel,12
23047,Truck,Hybrid,1
23048,Car,Electric,11
23049,Car,Electric,10
23050,Car,Diesel,13
23051,Car,Electric,11
23052,Truck,Diesel,3
23053,Bus,Hybrid,6
23054,Bus,Diesel,12
23055,Car,Electric,2
23056,Truck,Diesel,10
23057,Car,Electric,11
23058,Bus,Hybrid,6
23059,Bus,Electric,10
23060,Truck,Electric,8
23061,Bus,Electric,14
23062,Car,Electric,2
23063,Truck,Electric,3
23064,Bus,Electric,0
23065,Car,Diesel,6
23066,Truck,Hybrid,0
23067,Car,Diesel,12
23068,Bus,Hybrid,11
23069,Car,Diesel,2
23070,Truck,Hybrid,13
23071,Car,Hybrid,8
23072,Bus,Diesel,11
23073,Truck,Diesel,4
23074,Truck,Hybrid,9
23075,Bus,Electric,9
23076,Car,Hybrid,10
23077,Car,Electric,1
23078,Bus,Hybrid,8
23079,Truck,Electric,5
23080,Bus,Diesel,8
23081,Truck,Diesel,11
23082,Truck,Electric,10
23083,Car,Electric,13
23084,Bus,Electric,3
23085,Truck,Electric,5
23086,Car,Diesel,11
23087,Bus,Hybrid,6
23088,Bus,Diesel,10
23089,Truck,Hybrid,13
23090,Truck,Diesel,5
23091,Truck,Electric,3
23092,Bus,Diesel,7
23093,Truck,Diesel,5
23094,Bus,Electric,1
23095,Car,Electric,12
23096,Bus,Diesel,11
23097,Truck,Diesel,5
23098,Bus,Hybrid,0
23099,Truck,Hybrid,14
23100,Car,Diesel,8
23101,Truck,Hybrid,14
23102,Truck,Electric,9
23103,Truck,Diesel,11
23104,Truck,Diesel,6
23105,Truck,Hybrid,7
23106,Truck,Diesel,11
23107,Car,Diesel,10
23108,Car,Electric,3
23109,Bus,Diesel,7
23110,Truck,Hybrid,11
23111,Bus,Electric,0
23112,Car,Hybrid,10
23113,Car,Diesel,3
23114,Truck,Hybrid,5
23115,Truck,Hybrid,9
23116,Bus,Electric,6
23117,Car,Diesel,11
23118,Bus,Electric,2
23119,Bus,Diesel,9
23120,Bus,Electric,9
23121,Truck,Diesel,1
23122,Car,Electric,8
23123,Bus,Diesel,0
23124,Car,Electric,9
23125,Car,Hybrid,13
23126,Bus,Electric,0
23127,Bus,Hybrid,9
23128,Truck,Electric,1
23129,Car,Hybrid,4
23130,Bus,Diesel,0
23131,Bus,Hybrid,12
23132,Car,Diesel,5
23133,Bus,Hybrid,13
23134,Car,Diesel,7
23135,Bus,Hybrid,9
23136,Car,Electric,1
23137,Bus,Diesel,4
23138,Bus,Diesel,2
23139,Truck,Hybrid,1
23140,Car,Electric,13
23141,Truck,Diesel,5
23142,Bus,Diesel,0
23143,Car,Electric,11
23144,Car,Electric,7
23145,Bus,Electric,14
23146,Bus,Diesel,5
23147,Bus,Hybrid,3
23148,Bus,Hybrid,11
23149,Car,Diesel,4
23150,Truck,Diesel,1
23151,Car,Diesel,7
23152,Car,Diesel,5
23153,Car,Electric,5
23154,Car,Diesel,2
23155,Bus,Diesel,0
23156,Truck,Diesel,7
23157,Car,Electric,11
23158,Car,Electric,6
23159,Truck,Electric,11
23160,Bus,Diesel,0
23161,Car,Electric,11
23162,Bus,Diesel,12
23163,Car,Diesel,7
23164,Car,Hybrid,9
23165,Truck,Electric,1
23166,Truck,Hybrid,10
23167,Bus,Hybrid,7
23168,Car,Electric,4
23169,Bus,Electric,7
23170,Truck,Hybrid,10
23171,Truck,Diesel,11
23172,Truck,Hybrid,5
23173,Truck,Electric,14
23174,Truck,Diesel,1
23175,Bus,Hybrid,6
23176,Bus,Hybrid,10
23177,Truck,Hybrid,14
23178,Car,Electric,10
23179,Car,Hybrid,12
23180,Car,Electric,14
23181,Car,Diesel,5
23182,Car,Diesel,3
23183,Truck,Hybrid,8
23184,Bus,Electric,12
23185,Truck,Hybrid,12
23186,Car,Diesel,3
23187,Car,Electric,0
23188,Bus,Diesel,12
23189,Truck,Diesel,2
23190,Bus,Electric,10
23191,Car,Electric,7
23192,Car,Electric,2
23193,Bus,Hybrid,13
23194,Car,Hybrid,13
23195,Truck,Electric,6
23196,Car,Electric,10
23197,Car,Hybrid,0
23198,Truck,Electric,14
23199,Car,Diesel,13
23200,Bus,Electric,3
23201,Bus,Hybrid,3
23202,Car,Electric,8
23203,Truck,Electric,11
23204,Truck,Diesel,10
23205,Bus,Electric,0
23206,Car,Hybrid,10
23207,Truck,Hybrid,11
23208,Truck,Diesel,14
23209,Bus,Diesel,12
23210,Bus,Hybrid,8
23211,Truck,Electric,9
23212,Bus,Hybrid,7
23213,Truck,Diesel,14
23214,Car,Hybrid,9
23215,Bus,Diesel,5
23216,Bus,Hybrid,10
23217,Car,Electric,3
23218,Truck,Electric,10
23219,Truck,Diesel,5
23220,Bus,Electric,5
23221,Truck,Diesel,1
23222,Truck,Electric,6
23223,Car,Hybrid,8
23224,Car,Electric,7
23225,Car,Hybrid,2
23226,Bus,Diesel,7
23227,Car,Electric,3
23228,Car,Electric,9
23229,Truck,Hybrid,0
23230,Car,Diesel,2
23231,Bus,Electric,0
23232,Car,Diesel,4
23233,Bus,Diesel,9
23234,Truck,Electric,14
23235,Truck,Hybrid,10
23236,Car,Diesel,8
23237,Truck,Diesel,6
23238,Car,Electric,2
23239,Truck,Diesel,6
23240,Bus,Electric,11
23241,Truck,Diesel,7
23242,Car,Hybrid,3
23243,Car,Hybrid,2
23244,Car,Hybrid,1
23245,Bus,Hybrid,13
23246,Truck,Electric,7
23247,Car,Electric,2
23248,Bus,Electric,6
23249,Bus,Electric,10
23250,Bus,Electric,10
23251,Truck,Hybrid,10
23252,Truck,Diesel,1
23253,Truck,Diesel,4
23254,Bus,Hybrid,4
23255,Truck,Hybrid,8
23256,Car,Electric,7
23257,Bus,Electric,7
23258,Truck,Diesel,9
23259,Bus,Diesel,1
23260,Bus,Electric,14
23261,Truck,Electric,1
23262,Bus,Hybrid,11
23263,Truck,Electric,9
23264,Truck,Hybrid,6
23265,Truck,Electric,14
23266,Bus,Diesel,14
23267,Bus,Hybrid,11
23268,Truck,Diesel,12
23269,Bus,Hybrid,12
23270,Truck,Hybrid,3
23271,Car,Diesel,14
23272,Bus,Diesel,2
23273,Bus,Electric,12
23274,Car,Hybrid,2
23275,Car,Electric,6
23276,Car,Hybrid,0
23277,Truck,Electric,3
23278,Truck,Diesel,5
23279,Car,Diesel,14
23280,Truck,Electric,8
23281,Bus,Diesel,11
23282,Car,Electric,0
23283,Bus,Hybrid,0
23284,Truck,Hybrid,1
23285,Car,Diesel,6
23286,Truck,Diesel,6
23287,Bus,Diesel,14
23288,Truck,Hybrid,13
23289,Bus,Electric,4
23290,Truck,Diesel,3
23291,Bus,Electric,12
23292,Truck,Diesel,14
23293,Car,Diesel,9
23294,Car,Diesel,12
23295,Truck,Electric,5
23296,Bus,Electric,7
23297,Truck,Electric,11
23298,Car,Hybrid,6
23299,Bus,Hybrid,1
23300,Truck,Hybrid,10
23301,Truck,Electric,1
23302,Bus,Hybrid,5
23303,Truck,Diesel,11
23304,Car,Electric,0
23305,Car,Diesel,4
23306,Bus,Diesel,13
23307,Truck,Electric,0
23308,Truck,Diesel,6
23309,Car,Electric,2
23310,Bus,Hybrid,8
23311,Bus,Electric,4
23312,Bus,Electric,0
23313,Car,Diesel,9
23314,Car,Diesel,3
23315,Bus,Diesel,7
23316,Bus,Diesel,13
23317,Truck,Diesel,6
23318,Truck,Diesel,5
23319,Bus,Diesel,8
23320,Car,Diesel,11
23321,Car,Diesel,11
23322,Truck,Electric,13
23323,Bus,Diesel,3
23324,Car,Diesel,9
23325,Car,Electric,11
23326,Car,Hybrid,13
23327,Car,Hybrid,0
23328,Truck,Electric,13
23329,Car,Hybrid,11
23330,Car,Diesel,9
23331,Bus,Diesel,5
23332,Bus,Diesel,3
23333,Truck,Hybrid,0
23334,Truck,Electric,9
23335,Truck,Diesel,2
23336,Truck,Electric,10
23337,Car,Electric,0
23338,Bus,Diesel,4
23339,Car,Electric,7
23340,Car,Electric,11
23341,Car,Diesel,13
23342,Bus,Electric,12
23343,Truck,Hybrid,1
23344,Truck,Diesel,11
23345,Bus,Diesel,13
23346,Bus,Diesel,5
23347,Truck,Diesel,5
23348,Car,Diesel,4
23349,Truck,Diesel,6
23350,Bus,Diesel,0
23351,Truck,Hybrid,9
23352,Truck,Electric,3
23353,Truck,Hybrid,10
23354,Bus,Electric,5
23355,Bus,Diesel,13
23356,Truck,Hybrid,3
23357,Truck,Diesel,5
23358,Car,Electric,1
23359,Car,Hybrid,10
23360,Truck,Hybrid,8
23361,Bus,Electric,3
23362,Car,Electric,12
23363,Truck,Hybrid,4
23364,Car,Hybrid,14
23365,Car,Hybrid,6
23366,Car,Electric,7
23367,Bus,Diesel,0
23368,Truck,Hybrid,6
23369,Bus,Electric,9
23370,Bus,Hybrid,8
23371,Car,Electric,1
23372,Truck,Hybrid,10
23373,Car,Electric,1
23374,Bus,Electric,10
23375,Bus,Hybrid,3
23376,Truck,Electric,11
23377,Bus,Electric,0
23378,Bus,Electric,8
23379,Truck,Electric,11
23380,Car,Electric,4
23381,Truck,Electric,2
23382,Bus,Electric,5
23383,Truck,Electric,6
23384,Car,Hybrid,3
23385,Bus,Electric,13
23386,Car,Diesel,14
23387,Car,Hybrid,13
23388,Truck,Hybrid,12
23389,Car,Diesel,13
23390,Truck,Electric,1
23391,Truck,Diesel,11
23392,Car,Diesel,4
23393,Truck,Diesel,14
23394,Truck,Hybrid,11
23395,Car,Electric,13
23396,Bus,Hybrid,6
23397,Truck,Electric,9
23398,Truck,Diesel,9
23399,Car,Hybrid,2
23400,Truck,Electric,1
23401,Car,Electric,1
23402,Bus,Diesel,14
23403,Bus,Hybrid,10
23404,Car,Hybrid,11
23405,Bus,Hybrid,14
23406,Car,Hybrid,11
23407,Truck,Hybrid,10
23408,Bus,Hybrid,3
23409,Truck,Hybrid,3
23410,Truck,Diesel,13
23411,Car,Electric,4
23412,Bus,Diesel,2
23413,Bus,Electric,10
23414,Truck,Electric,13
23415,Truck,Electric,0
23416,Car,Hybrid,12
23417,Bus,Hybrid,14
23418,Car,Electric,14
23419,Car,Electric,3
23420,Car,Hybrid,0
23421,Bus,Hybrid,12
23422,Car,Electric,11
23423,Bus,Electric,7
23424,Car,Diesel,14
23425,Truck,Hybrid,4
23426,Car,Hybrid,1
23427,Car,Electric,11
23428,Bus,Diesel,4
23429,Truck,Hybrid,4
23430,Truck,Diesel,0
23431,Bus,Diesel,4
23432,Bus,Hybrid,7
23433,Truck,Electric,9
23434,Bus,Diesel,1
23435,Truck,Electric,7
23436,Car,Hybrid,12
23437,Car,Diesel,7
23438,Truck,Electric,11
23439,Truck,Diesel,0
23440,Car,Diesel,3
23441,Car,Diesel,4
23442,Truck,Hybrid,9
23443,Bus,Electric,7
23444,Bus,Diesel,2
23445,Truck,Electric,0
23446,Bus,Hybrid,6
23447,Car,Diesel,3
23448,Car,Diesel,9
23449,Bus,Diesel,11
23450,Truck,Electric,4
23451,Car,Electric,5
23452,Car,Diesel,3
23453,Car,Electric,0
23454,Bus,Electric,10
23455,Truck,Diesel,7
23456,Bus,Diesel,10
23457,Truck,Diesel,12
23458,Truck,Hybrid,8
23459,Bus,Diesel,2
23460,Car,Diesel,9
23461,Truck,Diesel,3
23462,Bus,Diesel,4
23463,Car,Diesel,9
23464,Truck,Diesel,12
23465,Truck,Diesel,8
23466,Car,Diesel,4
23467,Truck,Hybrid,6
23468,Bus,Electric,2
23469,Truck,Hybrid,0
23470,Truck,Hybrid,5
23471,Car,Diesel,12
23472,Bus,Diesel,9
23473,Car,Diesel,0
23474,Bus,Diesel,5
23475,Car,Electric,7
23476,Truck,Electric,13
23477,Bus,Hybrid,8
23478,Bus,Electric,7
23479,Truck,Hybrid,12
23480,Car,Diesel,4
23481,Bus,Hybrid,6
23482,Truck,Hybrid,5
23483,Truck,Electric,8
23484,Bus,Hybrid,3
23485,Bus,Diesel,7
23486,Bus,Diesel,11
23487,Truck,Diesel,10
23488,Car,Diesel,8
23489,Car,Electric,6
23490,Bus,Hybrid,11
23491,Truck,Hybrid,6
23492,Truck,Hybrid,1
23493,Bus,Hybrid,8
23494,Truck,Diesel,11
23495,Truck,Electric,14
23496,Truck,Hybrid,4
23497,Bus,Hybrid,9
23498,Bus,Electric,2
23499,Bus,Hybrid,3
23500,Car,Electric,12
23501,Car,Hybrid,9
23502,Bus,Electric,1
23503,Truck,Hybrid,2
23504,Truck,Diesel,5
23505,Bus,Hybrid,14
23506,Truck,Diesel,13
23507,Truck,Electric,12
23508,Car,Diesel,11
23509,Truck,Hybrid,0
23510,Truck,Diesel,1
23511,Bus,Diesel,3
23512,Car,Hybrid,0
23513,Car,Electric,5
23514,Truck,Diesel,11
23515,Bus,Hybrid,3
23516,Car,Diesel,1
23517,Car,Electric,9
23518,Truck,Electric,3
23519,Car,Electric,11
23520,Bus,Diesel,7
23521,Bus,Hybrid,5
23522,Car,Electric,10
23523,Bus,Hybrid,0
23524,Bus,Electric,12
23525,Truck,Diesel,4
23526,Car,Diesel,10
23527,Car,Electric,5
23528,Truck,Hybrid,3
23529,Truck,Hybrid,3
23530,Truck,Electric,2
23531,Truck,Diesel,12
23532,Bus,Hybrid,9
23533,Bus,Hybrid,9
23534,Truck,Diesel,5
23535,Car,Hybrid,11
23536,Car,Electric,8
23537,Car,Diesel,12
23538,Truck,Electric,6
23539,Bus,Diesel,8
23540,Bus,Electric,11
23541,Bus,Electric,13
23542,Bus,Electric,5
23543,Car,Hybrid,12
23544,Car,Hybrid,1
23545,Bus,Electric,5
23546,Truck,Electric,6
23547,Bus,Diesel,1
23548,Bus,Hybrid,13
23549,Truck,Electric,0
23550,Bus,Hybrid,12
23551,Car,Diesel,5
23552,Truck,Electric,14
23553,Truck,Hybrid,11
23554,Bus,Diesel,7
23555,Car,Electric,10
23556,Car,Hybrid,5
23557,Car,Diesel,7
23558,Bus,Diesel,5
23559,Bus,Hybrid,5
23560,Car,Electric,13
23561,Bus,Hybrid,7
23562,Car,Diesel,2
23563,Bus,Diesel,14
23564,Truck,Electric,14
23565,Truck,Hybrid,2
23566,Bus,Electric,5
23567,Bus,Electric,3
23568,Car,Diesel,6
23569,Truck,Hybrid,10
23570,Car,Hybrid,6
23571,Bus,Diesel,8
23572,Car,Diesel,1
23573,Car,Hybrid,10
23574,Bus,Electric,1
23575,Truck,Electric,5
23576,Car,Hybrid,13
23577,Bus,Electric,8
23578,Car,Electric,12
23579,Bus,Diesel,6
23580,Bus,Electric,5
23581,Bus,Diesel,4
23582,Truck,Electric,7
23583,Truck,Hybrid,11
23584,Bus,Diesel,1
23585,Truck,Hybrid,11
23586,Car,Diesel,2
23587,Truck,Electric,11
23588,Truck,Hybrid,5
23589,Car,Diesel,0
23590,Car,Hybrid,11
23591,Car,Hybrid,7
23592,Bus,Electric,13
23593,Car,Diesel,10
23594,Car,Electric,10
23595,Car,Hybrid,8
23596,Bus,Diesel,1
23597,Truck,Hybrid,12
23598,Bus,Hybrid,8
23599,Truck,Diesel,4
23600,Car,Hybrid,7
23601,Bus,Diesel,0
23602,Bus,Diesel,0
23603,Truck,Diesel,11
23604,Bus,Hybrid,11
23605,Bus,Electric,3
23606,Truck,Hybrid,0
23607,Bus,Hybrid,11
23608,Bus,Diesel,13
23609,Car,Electric,0
23610,Car,Diesel,11
23611,Car,Hybrid,4
23612,Car,Electric,1
23613,Car,Diesel,3
23614,Bus,Hybrid,7
23615,Bus,Hybrid,10
23616,Car,Electric,5
23617,Truck,Hybrid,1
23618,Car,Hybrid,2
23619,Bus,Hybrid,1
23620,Truck,Hybrid,3
23621,Car,Electric,14
23622,Truck,Hybrid,4
23623,Car,Hybrid,11
23624,Bus,Hybrid,13
23625,Car,Electric,14
23626,Truck,Electric,8
23627,Bus,Diesel,6
23628,Car,Electric,7
23629,Car,Hybrid,6
23630,Car,Electric,10
23631,Car,Electric,9
23632,Bus,Electric,7
23633,Bus,Hybrid,12
23634,Car,Diesel,10
23635,Bus,Diesel,4
23636,Truck,Diesel,2
23637,Bus,Diesel,11
23638,Truck,Electric,6
23639,Truck,Diesel,13
23640,Bus,Electric,0
23641,Car,Electric,2
23642,Bus,Diesel,6
23643,Truck,Hybrid,12
23644,Truck,Diesel,3
23645,Bus,Diesel,6
23646,Truck,Electric,9
23647,Bus,Electric,9
23648,Bus,Diesel,5
23649,Car,Diesel,3
23650,Truck,Hybrid,6
23651,Bus,Hybrid,7
23652,Truck,Hybrid,13
23653,Bus,Electric,7
23654,Bus,Hybrid,6
23655,Car,Electric,1
23656,Bus,Electric,7
23657,Car,Diesel,4
23658,Truck,Hybrid,13
23659,Car,Diesel,8
23660,Car,Diesel,5
23661,Truck,Electric,14
23662,Car,Hybrid,3
23663,Car,Diesel,8
23664,Bus,Electric,0
23665,Car,Diesel,3
23666,Bus,Hybrid,10
23667,Car,Electric,4
23668,Truck,Hybrid,3
23669,Truck,Diesel,12
23670,Car,Electric,14
23671,Bus,Diesel,8
23672,Car,Diesel,0
23673,Bus,Hybrid,2
23674,Car,Electric,8
23675,Truck,Diesel,11
23676,Truck,Hybrid,6
23677,Bus,Hybrid,4
23678,Car,Electric,10
23679,Bus,Diesel,5
23680,Truck,Electric,3
23681,Bus,Electric,4
23682,Car,Diesel,7
23683,Bus,Electric,4
23684,Car,Electric,9
23685,Car,Electric,1
23686,Truck,Hybrid,7
23687,Car,Diesel,11
23688,Car,Electric,2
23689,Car,Hybrid,4
23690,Bus,Hybrid,12
23691,Truck,Electric,11
23692,Bus,Diesel,10
23693,Bus,Hybrid,5
23694,Truck,Electric,0
23695,Bus,Diesel,13
23696,Bus,Diesel,2
23697,Car,Electric,0
23698,Bus,Hybrid,14
23699,Truck,Diesel,6
23700,Bus,Diesel,12
23701,Car,Diesel,1
23702,Bus,Diesel,9
23703,Truck,Hybrid,6
23704,Car,Hybrid,11
23705,Bus,Electric,14
23706,Truck,Electric,13
23707,Truck,Hybrid,2
23708,Bus,Electric,2
23709,Bus,Diesel,0
23710,Car,Hybrid,6
23711,Bus,Diesel,11
23712,Car,Hybrid,7
23713,Bus,Hybrid,10
23714,Truck,Electric,3
23715,Truck,Hybrid,8
23716,Truck,Electric,13
23717,Truck,Hybrid,12
23718,Car,Diesel,3
23719,Truck,Diesel,9
23720,Car,Diesel,4
23721,Car,Diesel,10
23722,Car,Diesel,5
23723,Bus,Diesel,8
23724,Car,Hybrid,8
23725,Bus,Electric,7
23726,Car,Hybrid,9
23727,Bus,Diesel,11
23728,Bus,Diesel,1
23729,Truck,Hybrid,11
23730,Car,Electric,9
23731,Bus,Electric,9
23732,Truck,Electric,0
23733,Car,Electric,11
23734,Truck,Diesel,1
23735,Bus,Diesel,13
23736,Truck,Electric,5
23737,Truck,Hybrid,10
23738,Car,Hybrid,13
23739,Bus,Diesel,6
23740,Car,Hybrid,13
23741,Car,Diesel,5
23742,Truck,Diesel,0
23743,Bus,Electric,0
23744,Car,Electric,0
23745,Bus,Electric,0
23746,Car,Electric,9
23747,Truck,Electric,14
23748,Car,Electric,13
23749,Car,Hybrid,9
23750,Car,Electric,13
23751,Bus,Electric,0
23752,Truck,Diesel,1
23753,Bus,Diesel,1
23754,Car,Electric,3
23755,Truck,Diesel,2
23756,Bus,Hybrid,3
23757,Car,Hybrid,4
23758,Truck,Hybrid,3
23759,Truck,Hybrid,2
23760,Car,Electric,2
23761,Truck,Hybrid,3
23762,Truck,Hybrid,5
23763,Bus,Hybrid,6
23764,Truck,Hybrid,3
23765,Bus,Diesel,7
23766,Bus,Hybrid,14
23767,Bus,Hybrid,5
23768,Bus,Diesel,4
23769,Truck,Diesel,7
23770,Truck,Electric,5
23771,Bus,Diesel,0
23772,Truck,Diesel,10
23773,Bus,Diesel,0
23774,Bus,Hybrid,13
23775,Bus,Electric,12
23776,Car,Electric,9
23777,Truck,Hybrid,9
23778,Truck,Electric,5
23779,Bus,Hybrid,7
23780,Truck,Diesel,8
23781,Bus,Hybrid,14
23782,Truck,Hybrid,3
23783,Bus,Diesel,10
23784,Bus,Diesel,6
23785,Car,Electric,8
23786,Bus,Hybrid,11
23787,Car,Diesel,12
23788,Truck,Electric,7
23789,Truck,Hybrid,11
23790,Car,Diesel,12
23791,Truck,Diesel,7
23792,Car,Hybrid,0
23793,Truck,Diesel,9
23794,Car,Hybrid,5
23795,Car,Hybrid,10
23796,Bus,Hybrid,8
23797,Truck,Diesel,14
23798,Bus,Diesel,7
23799,Car,Hybrid,1
23800,Bus,Electric,4
23801,Car,Hybrid,10
23802,Truck,Hybrid,3
23803,Truck,Hybrid,7
23804,Truck,Electric,8
23805,Car,Diesel,11
23806,Bus,Diesel,2
23807,Truck,Hybrid,8
23808,Car,Hybrid,14
23809,Bus,Diesel,0
23810,Car,Hybrid,6
23811,Car,Diesel,7
23812,Truck,Electric,5
23813,Car,Hybrid,3
23814,Car,Diesel,3
23815,Bus,Diesel,6
23816,Truck,Electric,14
23817,Car,Hybrid,9
23818,Car,Electric,5
23819,Bus,Diesel,14
23820,Car,Diesel,3
23821,Car,Electric,4
23822,Car,Electric,9
23823,Car,Electric,3
23824,Car,Hybrid,0
23825,Bus,Diesel,3
23826,Car,Hybrid,5
23827,Car,Hybrid,14
23828,Car,Electric,10
23829,Car,Hybrid,1
23830,Truck,Hybrid,6
23831,Truck,Electric,8
23832,Truck,Electric,11
23833,Truck,Electric,14
23834,Bus,Diesel,14
23835,Truck,Diesel,10
23836,Bus,Hybrid,9
23837,Truck,Hybrid,1
23838,Bus,Diesel,6
23839,Truck,Hybrid,1
23840,Car,Electric,8
23841,Truck,Diesel,11
23842,Truck,Hybrid,0
23843,Truck,Hybrid,12
23844,Car,Hybrid,3
23845,Bus,Diesel,12
23846,Bus,Diesel,11
23847,Car,Diesel,14
23848,Truck,Electric,1
23849,Truck,Hybrid,0
23850,Truck,Hybrid,14
23851,Bus,Electric,12
23852,Bus,Diesel,1
23853,Car,Diesel,9
23854,Car,Diesel,5
23855,Bus,Electric,4
23856,Truck,Hybrid,11
23857,Truck,Electric,12
23858,Truck,Hybrid,0
23859,Truck,Hybrid,14
23860,Car,Hybrid,2
23861,Car,Electric,11
23862,Bus,Diesel,9
23863,Car,Diesel,5
23864,Truck,Electric,4
23865,Bus,Hybrid,5
23866,Car,Electric,7
23867,Car,Diesel,5
23868,Car,Electric,10
23869,Car,Hybrid,13
23870,Car,Diesel,4
23871,Truck,Hybrid,10
23872,Truck,Electric,3
23873,Truck,Hybrid,4
23874,Car,Electric,12
23875,Bus,Diesel,10
23876,Truck,Diesel,8
23877,Truck,Diesel,13
23878,Car,Hybrid,9
23879,Bus,Electric,10
23880,Truck,Electric,5
23881,Truck,Electric,4
23882,Bus,Hybrid,10
23883,Car,Electric,10
23884,Bus,Diesel,7
23885,Car,Electric,4
23886,Truck,Hybrid,4
23887,Bus,Diesel,7
23888,Bus,Diesel,8
23889,Truck,Hybrid,7
23890,Truck,Diesel,14
23891,Car,Electric,14
23892,Truck,Hybrid,8
23893,Truck,Electric,14
23894,Bus,Hybrid,8
23895,Car,Hybrid,7
23896,Truck,Hybrid,13
23897,Bus,Electric,6
23898,Truck,Hybrid,14
23899,Truck,Diesel,14
23900,Truck,Electric,12
23901,Truck,Hybrid,6
23902,Car,Hybrid,11
23903,Bus,Electric,0
23904,Bus,Diesel,14
23905,Truck,Diesel,14
23906,Bus,Hybrid,6
23907,Truck,Hybrid,14
23908,Bus,Diesel,9
23909,Car,Hybrid,5
23910,Car,Diesel,13
23911,Bus,Diesel,11
23912,Truck,Diesel,0
23913,Truck,Diesel,9
23914,Truck,Hybrid,12
23915,Truck,Electric,9
23916,Car,Electric,7
23917,Truck,Diesel,8
23918,Truck,Hybrid,10
23919,Truck,Electric,10
23920,Truck,Electric,1
23921,Car,Diesel,12
23922,Bus,Diesel,3
23923,Bus,Hybrid,10
23924,Truck,Electric,6
23925,Truck,Diesel,13
23926,Bus,Diesel,11
23927,Car,Hybrid,12
23928,Car,Diesel,10
23929,Car,Diesel,12
23930,Car,Diesel,0
23931,Car,Diesel,7
23932,Car,Diesel,11
23933,Car,Hybrid,8
23934,Car,Diesel,12
23935,Car,Electric,12
23936,Truck,Diesel,7
23937,Car,Diesel,1
23938,Truck,Electric,7
23939,Bus,Electric,7
23940,Truck,Diesel,1
23941,Bus,Hybrid,10
23942,Truck,Electric,8
23943,Bus,Hybrid,0
23944,Truck,Diesel,6
23945,Truck,Diesel,12
23946,Bus,Electric,14
23947,Car,Electric,1
23948,Car,Hybrid,7
23949,Car,Diesel,7
23950,Car,Electric,3
23951,Car,Electric,7
23952,Truck,Electric,4
23953,Car,Hybrid,8
23954,Truck,Diesel,0
23955,Bus,Electric,12
23956,Car,Electric,4
23957,Car,Electric,13
23958,Car,Diesel,12
23959,Car,Hybrid,8
23960,Truck,Hybrid,14
23961,Truck,Diesel,5
23962,Truck,Hybrid,3
23963,Bus,Hybrid,0
23964,Truck,Electric,12
23965,Car,Hybrid,9
23966,Bus,Electric,14
23967,Bus,Hybrid,11
23968,Car,Electric,13
23969,Car,Diesel,5
23970,Car,Diesel,10
23971,Car,Hybrid,13
23972,Truck,Electric,6
23973,Bus,Diesel,6
23974,Car,Diesel,8
23975,Truck,Hybrid,3
23976,Car,Electric,3
23977,Truck,Electric,4
23978,Car,Diesel,11
23979,Car,Hybrid,13
23980,Car,Diesel,8
23981,Truck,Diesel,14
23982,Car,Hybrid,14
23983,Truck,Hybrid,1
23984,Truck,Hybrid,3
23985,Bus,Electric,13
23986,Truck,Hybrid,8
23987,Truck,Hybrid,5
23988,Truck,Diesel,13
23989,Truck,Hybrid,5
23990,Truck,Hybrid,6
23991,Bus,Diesel,4
23992,Car,Electric,3
23993,Bus,Hybrid,10
23994,Bus,Diesel,2
23995,Car,Electric,1
23996,Truck,Electric,6
23997,Car,Hybrid,4
23998,Truck,Electric,0
23999,Car,Hybrid,3
24000,Bus,Electric,8
24001,Truck,Electric,14
24002,Bus,Electric,7
24003,Truck,Hybrid,10
24004,Car,Electric,6
24005,Car,Diesel,4
24006,Car,Diesel,0
24007,Car,Electric,11
24008,Car,Hybrid,4
24009,Bus,Diesel,14
24010,Bus,Electric,7
24011,Truck,Diesel,3
24012,Bus,Diesel,11
24013,Truck,Diesel,4
24014,Truck,Diesel,7
24015,Bus,Diesel,4
24016,Bus,Electric,13
24017,Truck,Diesel,3
24018,Bus,Electric,10
24019,Bus,Diesel,14
24020,Bus,Hybrid,3
24021,Car,Electric,12
24022,Car,Hybrid,5
24023,Truck,Hybrid,9
24024,Bus,Diesel,0
24025,Truck,Diesel,3
24026,Bus,Diesel,13
24027,Car,Diesel,0
24028,Bus,Diesel,14
24029,Bus,Hybrid,11
24030,Bus,Hybrid,5
24031,Car,Diesel,7
24032,Car,Diesel,3
24033,Car,Electric,7
24034,Truck,Electric,13
24035,Bus,Hybrid,1
24036,Car,Hybrid,4
24037,Truck,Hybrid,14
24038,Car,Diesel,13
24039,Bus,Hybrid,14
24040,Truck,Hybrid,2
24041,Car,Hybrid,13
24042,Car,Electric,6
24043,Truck,Hybrid,12
24044,Truck,Hybrid,8
24045,Truck,Electric,0
24046,Truck,Hybrid,14
24047,Truck,Diesel,7
24048,Car,Electric,3
24049,Truck,Hybrid,12
24050,Truck,Electric,9
24051,Bus,Hybrid,10
24052,Car,Hybrid,4
24053,Bus,Electric,11
24054,Car,Diesel,0
24055,Car,Electric,4
24056,Car,Diesel,8
24057,Truck,Diesel,7
24058,Bus,Electric,7
24059,Car,Hybrid,5
24060,Car,Diesel,11
24061,Car,Electric,8
24062,Bus,Hybrid,3
24063,Car,Hybrid,5
24064,Bus,Hybrid,2
24065,Bus,Electric,1
24066,Truck,Electric,8
24067,Car,Hybrid,4
24068,Car,Hybrid,10
24069,Bus,Hybrid,1
24070,Bus,Hybrid,4
24071,Truck,Electric,5
24072,Car,Hybrid,7
24073,Bus,Diesel,4
24074,Car,Diesel,14
24075,Car,Electric,11
24076,Car,Diesel,1
24077,Bus,Diesel,12
24078,Car,Diesel,6
24079,Bus,Electric,4
24080,Truck,Diesel,12
24081,Truck,Hybrid,10
24082,Bus,Diesel,1
24083,Car,Diesel,11
24084,Truck,Diesel,5
24085,Truck,Hybrid,10
24086,Bus,Electric,6
24087,Bus,Electric,7
24088,Bus,Diesel,2
24089,Bus,Hybrid,10
24090,Bus,Diesel,3
24091,Bus,Electric,11
24092,Bus,Electric,5
24093,Car,Hybrid,2
24094,Car,Hybrid,10
24095,Car,Electric,5
24096,Car,Electric,8
24097,Truck,Electric,11
24098,Car,Diesel,4
24099,Truck,Electric,1
24100,Truck,Electric,9
24101,Truck,Hybrid,1
24102,Bus,Electric,13
24103,Truck,Electric,10
24104,Truck,Hybrid,6
24105,Truck,Electric,13
24106,Bus,Hybrid,3
24107,Car,Hybrid,8
24108,Car,Hybrid,8
24109,Truck,Hybrid,5
24110,Truck,Hybrid,9
24111,Car,Hybrid,12
24112,Car,Hybrid,4
24113,Car,Electric,6
24114,Car,Diesel,4
24115,Truck,Electric,12
24116,Truck,Hybrid,8
24117,Truck,Hybrid,8
24118,Car,Electric,14
24119,Bus,Diesel,6
24120,Car,Electric,14
24121,Car,Electric,3
24122,Bus,Electric,0
24123,Bus,Diesel,14
24124,Car,Hybrid,3
24125,Bus,Diesel,11
24126,Bus,Electric,13
24127,Bus,Electric,2
24128,Car,Diesel,0
24129,Car,Diesel,12
24130,Bus,Hybrid,9
24131,Truck,Hybrid,3
24132,Bus,Diesel,6
24133,Bus,Hybrid,1
24134,Car,Electric,12
24135,Truck,Diesel,11
24136,Bus,Hybrid,11
24137,Truck,Electric,14
24138,Car,Diesel,6
24139,Truck,Hybrid,14
24140,Car,Electric,5
24141,Bus,Diesel,8
24142,Car,Hybrid,10
24143,Truck,Electric,1
24144,Truck,Electric,13
24145,Truck,Electric,14
24146,Bus,Electric,5
24147,Truck,Diesel,12
24148,Truck,Electric,10
24149,Truck,Diesel,5
24150,Car,Diesel,5
24151,Truck,Hybrid,2
24152,Car,Diesel,5
24153,Truck,Electric,8
24154,Car,Diesel,13
24155,Car,Diesel,11
24156,Bus,Hybrid,12
24157,Bus,Diesel,10
24158,Car,Hybrid,2
24159,Car,Diesel,1
24160,Bus,Hybrid,7
24161,Car,Diesel,12
24162,Bus,Electric,13
24163,Bus,Diesel,12
24164,Truck,Hybrid,14
24165,Truck,Hybrid,2
24166,Bus,Electric,14
24167,Bus,Electric,11
24168,Car,Hybrid,14
24169,Bus,Electric,4
24170,Bus,Diesel,4
24171,Truck,Diesel,1
24172,Bus,Electric,1
24173,Car,Diesel,5
24174,Bus,Diesel,1
24175,Truck,Electric,13
24176,Truck,Hybrid,5
24177,Truck,Diesel,11
24178,Truck,Electric,11
24179,Bus,Hybrid,6
24180,Car,Diesel,12
24181,Car,Diesel,3
24182,Car,Electric,9
24183,Bus,Diesel,3
24184,Bus,Hybrid,12
24185,Bus,Electric,2
24186,Car,Electric,0
24187,Bus,Electric,3
24188,Bus,Electric,2
24189,Truck,Hybrid,7
24190,Truck,Hybrid,4
24191,Car,Hybrid,6
24192,Truck,Hybrid,2
24193,Truck,Hybrid,2
24194,Truck,Hybrid,10
24195,Bus,Electric,5
24196,Truck,Electric,9
24197,Truck,Electric,3
24198,Truck,Hybrid,7
24199,Bus,Electric,2
24200,Car,Hybrid,4
24201,Bus,Electric,0
24202,Bus,Hybrid,13
24203,Truck,Hybrid,0
24204,Car,Hybrid,14
24205,Truck,Diesel,7
24206,Truck,Diesel,6
24207,Car,Hybrid,0
24208,Car,Electric,5
24209,Bus,Hybrid,1
24210,Car,Hybrid,11
24211,Bus,Diesel,0
24212,Bus,Hybrid,9
24213,Truck,Diesel,4
24214,Truck,Electric,4
24215,Truck,Electric,1
24216,Car,Electric,11
24217,Car,Hybrid,4
24218,Bus,Diesel,13
24219,Bus,Hybrid,14
24220,Bus,Electric,6
24221,Car,Hybrid,3
24222,Bus,Diesel,1
24223,Bus,Diesel,12
24224,Car,Electric,14
24225,Truck,Electric,4
24226,Car,Electric,10
24227,Bus,Hybrid,5
24228,Truck,Diesel,12
24229,Car,Hybrid,7
24230,Truck,Electric,13
24231,Truck,Diesel,8
24232,Bus,Electric,10
24233,Car,Diesel,9
24234,Bus,Diesel,7
24235,Car,Electric,6
24236,Car,Diesel,8
24237,Car,Diesel,8
24238,Truck,Electric,5
24239,Truck,Diesel,11
24240,Bus,Electric,2
24241,Car,Hybrid,13
24242,Car,Hybrid,11
24243,Truck,Electric,10
24244,Car,Diesel,7
24245,Bus,Hybrid,2
24246,Car,Electric,0
24247,Car,Electric,12
24248,Truck,Diesel,11
24249,Car,Diesel,3
24250,Bus,Diesel,13
24251,Bus,Electric,8
24252,Bus,Hybrid,12
24253,Bus,Electric,7
24254,Truck,Diesel,13
24255,Car,Diesel,13
24256,Truck,Electric,5
24257,Bus,Diesel,2
24258,Car,Diesel,2
24259,Truck,Electric,6
24260,Car,Hybrid,13
24261,Bus,Diesel,4
24262,Bus,Hybrid,2
24263,Car,Hybrid,11
24264,Car,Hybrid,11
24265,Bus,Hybrid,11
24266,Truck,Diesel,0
24267,Bus,Diesel,10
24268,Car,Electric,8
24269,Truck,Diesel,10
24270,Bus,Electric,11
24271,Car,Hybrid,11
24272,Car,Electric,4
24273,Car,Electric,10
24274,Truck,Diesel,14
24275,Truck,Electric,6
24276,Truck,Hybrid,9
24277,Truck,Diesel,14
24278,Car,Diesel,8
24279,Car,Diesel,3
24280,Truck,Hybrid,12
24281,Truck,Electric,14
24282,Car,Diesel,12
24283,Bus,Electric,11
24284,Bus,Hybrid,10
24285,Car,Hybrid,4
24286,Truck,Hybrid,2
24287,Truck,Diesel,6
24288,Car,Diesel,12
24289,Bus,Electric,14
24290,Car,Electric,0
24291,Car,Diesel,7
24292,Car,Hybrid,2
24293,Truck,Hybrid,12
24294,Truck,Diesel,3
24295,Truck,Electric,9
24296,Bus,Hybrid,14
24297,Car,Diesel,3
24298,Car,Electric,10
24299,Bus,Electric,6
24300,Truck,Hybrid,13
24301,Car,Hybrid,11
24302,Bus,Hybrid,6
24303,Truck,Hybrid,3
24304,Truck,Electric,5
24305,Car,Diesel,7
24306,Truck,Electric,9
24307,Bus,Hybrid,13
24308,Truck,Diesel,3
24309,Car,Electric,12
24310,Bus,Diesel,0
24311,Truck,Electric,6
24312,Truck,Diesel,1
24313,Truck,Electric,10
24314,Bus,Electric,12
24315,Truck,Hybrid,2
24316,Car,Electric,7
24317,Bus,Hybrid,1
24318,Bus,Electric,1
24319,Truck,Diesel,3
24320,Bus,Diesel,5
24321,Car,Hybrid,9
24322,Bus,Electric,10
24323,Car,Hybrid,1
24324,Truck,Diesel,8
24325,Bus,Electric,11
24326,Car,Hybrid,1
24327,Truck,Diesel,8
24328,Car,Diesel,14
24329,Bus,Electric,6
24330,Bus,Electric,10
24331,Car,Electric,2
24332,Truck,Hybrid,8
24333,Truck,Hybrid,8
24334,Truck,Electric,5
24335,Truck,Electric,1
24336,Car,Electric,6
24337,Bus,Diesel,3
24338,Car,Electric,3
24339,Bus,Hybrid,6
24340,Bus,Diesel,4
24341,Car,Electric,0
24342,Car,Hybrid,2
24343,Truck,Diesel,6
24344,Bus,Diesel,12
24345,Truck,Hybrid,8
24346,Truck,Hybrid,8
24347,Car,Diesel,6
24348,Truck,Hybrid,4
24349,Truck,Diesel,3
24350,Truck,Diesel,8
24351,Car,Diesel,5
24352,Truck,Diesel,12
24353,Truck,Electric,9
24354,Car,Hybrid,1
24355,Car,Electric,2
24356,Car,Electric,6
24357,Bus,Electric,14
24358,Car,Electric,3
24359,Bus,Diesel,6
24360,Car,Diesel,12
24361,Car,Diesel,11
24362,Car,Diesel,11
24363,Bus,Electric,4
24364,Truck,Diesel,0
24365,Car,Electric,9
24366,Bus,Diesel,2
24367,Car,Hybrid,8
24368,Truck,Hybrid,3
24369,Bus,Hybrid,11
24370,Car,Hybrid,4
24371,Car,Diesel,14
24372,Car,Hybrid,1
24373,Truck,Hybrid,9
24374,Bus,Electric,14
24375,Car,Hybrid,10
24376,Car,Diesel,7
24377,Bus,Electric,0
24378,Truck,Diesel,13
24379,Truck,Electric,10
24380,Truck,Diesel,3
24381,Truck,Hybrid,5
24382,Truck,Electric,7
24383,Car,Hybrid,3
24384,Car,Diesel,1
24385,Car,Diesel,3
24386,Bus,Electric,0
24387,Truck,Diesel,7
24388,Bus,Diesel,8
24389,Truck,Electric,2
24390,Truck,Hybrid,13
24391,Bus,Electric,7
24392,Car,Diesel,8
24393,Bus,Diesel,11
24394,Car,Electric,12
24395,Truck,Electric,7
24396,Car,Hybrid,13
24397,Truck,Diesel,1
24398,Truck,Diesel,1
24399,Car,Hybrid,9
24400,Truck,Electric,12
24401,Car,Electric,3
24402,Bus,Hybrid,0
24403,Truck,Electric,11
24404,Truck,Hybrid,2
24405,Bus,Electric,3
24406,Truck,Electric,11
24407,Bus,Electric,1
24408,Bus,Hybrid,11
24409,Truck,Hybrid,6
24410,Bus,Hybrid,12
24411,Bus,Diesel,9
24412,Bus,Diesel,2
24413,Truck,Hybrid,6
24414,Bus,Diesel,6
24415,Car,Diesel,12
24416,Car,Electric,12
24417,Bus,Electric,10
24418,Car,Electric,8
24419,Truck,Diesel,3
24420,Bus,Diesel,3
24421,Truck,Hybrid,0
24422,Car,Diesel,14
24423,Car,Diesel,14
24424,Car,Hybrid,13
24425,Car,Hybrid,10
24426,Truck,Hybrid,5
24427,Bus,Electric,5
24428,Truck,Hybrid,6
24429,Bus,Electric,8
24430,Car,Diesel,9
24431,Car,Diesel,9
24432,Car,Electric,9
24433,Car,Electric,8
24434,Truck,Electric,4
24435,Bus,Diesel,1
24436,Bus,Diesel,0
24437,Car,Hybrid,1
24438,Truck,Hybrid,1
24439,Car,Diesel,11
24440,Bus,Hybrid,0
24441,Bus,Hybrid,11
24442,Truck,Electric,7
24443,Bus,Diesel,2
24444,Truck,Electric,9
24445,Car,Diesel,13
24446,Car,Diesel,13
24447,Truck,Electric,9
24448,Car,Diesel,11
24449,Truck,Electric,7
24450,Car,Electric,5
24451,Car,Diesel,0
24452,Bus,Diesel,12
24453,Bus,Electric,13
24454,Truck,Hybrid,12
24455,Car,Hybrid,6
24456,Car,Diesel,2
24457,Car,Diesel,8
24458,Bus,Hybrid,8
24459,Truck,Diesel,3
24460,Truck,Diesel,1
24461,Truck,Hybrid,9
24462,Car,Diesel,14
24463,Truck,Hybrid,8
24464,Bus,Hybrid,4
24465,Bus,Hybrid,10
24466,Truck,Diesel,14
24467,Car,Electric,11
24468,Bus,Electric,7
24469,Bus,Electric,8
24470,Car,Diesel,10
24471,Car,Diesel,0
24472,Truck,Diesel,10
24473,Bus,Diesel,2
24474,Bus,Electric,6
24475,Truck,Hybrid,13
24476,Truck,Diesel,1
24477,Bus,Diesel,13
24478,Bus,Diesel,3
24479,Car,Hybrid,3
24480,Car,Electric,6
24481,Bus,Diesel,13
24482,Bus,Electric,14
24483,Car,Diesel,1
24484,Truck,Electric,7
24485,Truck,Diesel,7
24486,Bus,Electric,12
24487,Bus,Diesel,14
24488,Car,Diesel,5
24489,Bus,Electric,3
24490,Truck,Electric,1
24491,Car,Hybrid,14
24492,Car,Hybrid,2
24493,Truck,Hybrid,2
24494,Truck,Hybrid,11
24495,Car,Electric,2
24496,Bus,Hybrid,3
24497,Truck,Diesel,14
24498,Car,Electric,14
24499,Bus,Diesel,6
24500,Bus,Hybrid,8
24501,Car,Hybrid,9
24502,Truck,Hybrid,12
24503,Bus,Electric,14
24504,Truck,Diesel,3
24505,Car,Diesel,12
24506,Truck,Electric,6
24507,Bus,Hybrid,9
24508,Car,Hybrid,5
24509,Bus,Electric,9
24510,Bus,Diesel,8
24511,Car,Diesel,7
24512,Car,Diesel,1
24513,Truck,Diesel,2
24514,Car,Hybrid,5
24515,Truck,Hybrid,4
24516,Car,Electric,1
24517,Bus,Electric,1
24518,Truck,Electric,4
24519,Car,Hybrid,4
24520,Truck,Hybrid,0
24521,Truck,Hybrid,14
24522,Truck,Electric,9
24523,Bus,Hybrid,10
24524,Car,Diesel,2
24525,Car,Hybrid,8
24526,Truck,Diesel,14
24527,Car,Diesel,9
24528,Bus,Diesel,12
24529,Truck,Hybrid,2
24530,Bus,Electric,5
24531,Bus,Diesel,5
24532,Car,Diesel,1
24533,Car,Hybrid,6
24534,Truck,Hybrid,8
24535,Bus,Diesel,8
24536,Car,Electric,7
24537,Truck,Hybrid,13
24538,Truck,Diesel,4
24539,Car,Electric,7
24540,Bus,Hybrid,8
24541,Truck,Electric,0
24542,Car,Diesel,0
24543,Truck,Electric,10
24544,Car,Diesel,12
24545,Truck,Hybrid,4
24546,Bus,Diesel,6
24547,Truck,Diesel,12
24548,Car,Hybrid,8
24549,Car,Diesel,8
24550,Car,Electric,13
24551,Bus,Hybrid,2
24552,Car,Electric,0
24553,Car,Hybrid,2
24554,Bus,Diesel,7
24555,Car,Electric,6
24556,Car,Hybrid,4
24557,Bus,Electric,10
24558,Truck,Hybrid,9
24559,Car,Hybrid,11
24560,Truck,Electric,14
24561,Bus,Electric,8
24562,Car,Electric,12
24563,Car,Electric,3
24564,Bus,Hybrid,5
24565,Car,Electric,11
24566,Truck,Electric,4
24567,Truck,Electric,5
24568,Bus,Electric,14
24569,Car,Electric,3
24570,Car,Electric,2
24571,Bus,Diesel,14
24572,Truck,Diesel,4
24573,Truck,Hybrid,4
24574,Bus,Electric,13
24575,Car,Electric,10
24576,Truck,Hybrid,1
24577,Car,Electric,9
24578,Truck,Electric,3
24579,Car,Electric,12
24580,Truck,Diesel,2
24581,Car,Electric,13
24582,Bus,Diesel,6
24583,Truck,Electric,4
24584,Bus,Electric,14
24585,Truck,Hybrid,5
24586,Truck,Hybrid,13
24587,Truck,Electric,10
24588,Car,Electric,14
24589,Truck,Electric,6
24590,Bus,Diesel,1
24591,Car,Electric,9
24592,Car,Hybrid,3
24593,Truck,Diesel,13
24594,Car,Electric,14
24595,Truck,Diesel,5
24596,Bus,Diesel,2
24597,Car,Diesel,5
24598,Car,Diesel,9
24599,Bus,Electric,14
24600,Bus,Hybrid,0
24601,Truck,Diesel,7
24602,Car,Hybrid,9
24603,Bus,Diesel,4
24604,Car,Hybrid,13
24605,Bus,Diesel,13
24606,Car,Diesel,13
24607,Bus,Electric,10
24608,Car,Electric,13
24609,Truck,Diesel,0
24610,Car,Hybrid,13
24611,Truck,Electric,9
24612,Truck,Electric,9
24613,Truck,Electric,14
24614,Car,Electric,10
24615,Car,Diesel,0
24616,Truck,Hybrid,10
24617,Bus,Electric,9
24618,Car,Electric,14
24619,Car,Hybrid,11
24620,Car,Electric,2
24621,Car,Hybrid,5
24622,Truck,Diesel,1
24623,Bus,Electric,7
24624,Bus,Hybrid,10
24625,Bus,Electric,9
24626,Bus,Diesel,6
24627,Truck,Hybrid,10
24628,Car,Hybrid,1
24629,Car,Hybrid,0
24630,Truck,Electric,6
24631,Car,Hybrid,12
24632,Truck,Hybrid,12
24633,Bus,Hybrid,6
24634,Truck,Diesel,2
24635,Car,Hybrid,13
24636,Car,Hybrid,9
24637,Car,Hybrid,12
24638,Bus,Diesel,7
24639,Truck,Hybrid,7
24640,Truck,Electric,4
24641,Car,Hybrid,6
24642,Truck,Electric,2
24643,Car,Diesel,5
24644,Truck,Diesel,2
24645,Bus,Hybrid,10
24646,Bus,Hybrid,11
24647,Truck,Diesel,8
24648,Bus,Diesel,6
24649,Bus,Diesel,0
24650,Bus,Electric,7
24651,Car,Electric,8
24652,Truck,Hybrid,9
24653,Truck,Electric,1
24654,Car,Diesel,0
24655,Car,Hybrid,14
24656,Bus,Electric,14
24657,Truck,Hybrid,10
24658,Car,Electric,3
24659,Bus,Hybrid,8
24660,Truck,Diesel,5
24661,Bus,Diesel,10
24662,Truck,Diesel,12
24663,Bus,Electric,11
24664,Truck,Hybrid,9
24665,Truck,Hybrid,7
24666,Truck,Hybrid,6
24667,Truck,Electric,4
24668,Bus,Diesel,4
24669,Car,Diesel,13
24670,Truck,Hybrid,5
24671,Truck,Hybrid,14
24672,Truck,Electric,5
24673,Truck,Hybrid,4
24674,Bus,Hybrid,7
24675,Car,Electric,2
24676,Car,Hybrid,8
24677,Car,Diesel,4
24678,Bus,Electric,8
24679,Car,Diesel,4
24680,Bus,Hybrid,2
24681,Bus,Hybrid,8
24682,Truck,Electric,1
24683,Bus,Electric,11
24684,Car,Electric,12
24685,Car,Electric,4
24686,Car,Hybrid,2
24687,Truck,Hybrid,6
24688,Truck,Diesel,3
24689,Truck,Diesel,14
24690,Bus,Electric,13
24691,Car,Hybrid,7
24692,Bus,Electric,0
24693,Bus,Electric,4
24694,Car,Electric,7
24695,Truck,Electric,1
24696,Car,Electric,5
24697,Bus,Hybrid,6
24698,Bus,Diesel,5
24699,Truck,Electric,9
24700,Bus,Hybrid,2
24701,Bus,Electric,5
24702,Car,Hybrid,6
24703,Truck,Diesel,12
24704,Car,Diesel,2
24705,Car,Hybrid,11
24706,Car,Electric,9
24707,Bus,Diesel,1
24708,Bus,Electric,2
24709,Truck,Electric,11
24710,Bus,Hybrid,13
24711,Truck,Electric,0
24712,Car,Hybrid,6
24713,Car,Hybrid,3
24714,Bus,Hybrid,2
24715,Bus,Diesel,13
24716,Truck,Electric,5
24717,Bus,Hybrid,13
24718,Bus,Hybrid,2
24719,Bus,Electric,11
24720,Car,Diesel,10
24721,Bus,Hybrid,9
24722,Bus,Hybrid,2
24723,Car,Hybrid,8
24724,Car,Hybrid,1
24725,Car,Electric,14
24726,Car,Hybrid,4
24727,Bus,Diesel,9
24728,Bus,Electric,14
24729,Bus,Diesel,9
24730,Truck,Electric,1
24731,Car,Electric,5
24732,Bus,Electric,3
24733,Bus,Diesel,6
24734,Bus,Diesel,12
24735,Car,Hybrid,0
24736,Car,Diesel,7
24737,Car,Hybrid,1
24738,Bus,Electric,14
24739,Car,Hybrid,14
24740,Bus,Diesel,3
24741,Truck,Electric,10
24742,Car,Electric,12
24743,Car,Hybrid,6
24744,Bus,Hybrid,13
24745,Car,Diesel,14
24746,Car,Electric,7
24747,Bus,Hybrid,8
24748,Bus,Electric,4
24749,Bus,Diesel,8
24750,Truck,Electric,8
24751,Bus,Hybrid,2
24752,Car,Diesel,6
24753,Truck,Diesel,7
24754,Bus,Electric,0
24755,Truck,Hybrid,10
24756,Truck,Electric,9
24757,Car,Electric,4
24758,Truck,Electric,0
24759,Bus,Hybrid,2
24760,Truck,Electric,1
24761,Truck,Electric,12
24762,Car,Diesel,1
24763,Car,Diesel,3
24764,Bus,Diesel,4
24765,Car,Hybrid,10
24766,Bus,Electric,0
24767,Bus,Electric,10
24768,Car,Diesel,5
24769,Truck,Electric,10
24770,Car,Hybrid,10
24771,Truck,Electric,4
24772,Truck,Diesel,12
24773,Bus,Hybrid,3
24774,Bus,Electric,5
24775,Car,Electric,1
24776,Truck,Electric,7
24777,Car,Hybrid,5
24778,Bus,Electric,14
24779,Truck,Diesel,2
24780,Car,Diesel,3
24781,Car,Diesel,11
24782,Bus,Diesel,12
24783,Bus,Hybrid,1
24784,Bus,Diesel,3
24785,Bus,Diesel,8
24786,Car,Diesel,3
24787,Bus,Hybrid,12
24788,Bus,Hybrid,7
24789,Car,Electric,2
24790,Car,Diesel,12
24791,Truck,Electric,14
24792,Car,Hybrid,4
24793,Truck,Electric,1
24794,Bus,Hybrid,13
24795,Truck,Electric,8
24796,Truck,Diesel,8
24797,Bus,Hybrid,13
24798,Bus,Hybrid,9
24799,Bus,Hybrid,6
24800,Truck,Diesel,1
24801,Car,Diesel,3
24802,Car,Hybrid,14
24803,Car,Hybrid,5
24804,Bus,Diesel,8
24805,Bus,Diesel,12
24806,Car,Diesel,5
24807,Bus,Diesel,3
24808,Truck,Diesel,0
24809,Truck,Diesel,14
24810,Bus,Electric,6
24811,Car,Diesel,6
24812,Car,Diesel,5
24813,Truck,Hybrid,2
24814,Bus,Hybrid,4
24815,Car,Electric,6
24816,Car,Diesel,5
24817,Bus,Hybrid,6
24818,Bus,Hybrid,4
24819,Car,Electric,11
24820,Bus,Diesel,0
24821,Bus,Hybrid,9
24822,Bus,Diesel,10
24823,Car,Electric,4
24824,Truck,Electric,1
24825,Bus,Diesel,9
24826,Car,Electric,9
24827,Truck,Hybrid,1
24828,Car,Electric,3
24829,Car,Electric,13
24830,Car,Diesel,5
24831,Truck,Hybrid,4
24832,Car,Diesel,6
24833,Truck,Diesel,9
24834,Bus,Diesel,14
24835,Truck,Electric,7
24836,Car,Electric,9
24837,Truck,Diesel,0
24838,Car,Electric,12
24839,Bus,Electric,14
24840,Truck,Diesel,7
24841,Bus,Hybrid,13
24842,Truck,Hybrid,2
24843,Car,Electric,9
24844,Truck,Hybrid,11
24845,Bus,Hybrid,13
24846,Truck,Electric,9
24847,Bus,Hybrid,1
24848,Bus,Electric,13
24849,Car,Diesel,1
24850,Truck,Hybrid,4
24851,Bus,Diesel,12
24852,Car,Diesel,1
24853,Car,Electric,3
24854,Car,Hybrid,2
24855,Bus,Hybrid,14
24856,Truck,Hybrid,7
24857,Bus,Hybrid,8
24858,Car,Electric,10
24859,Bus,Diesel,13
24860,Bus,Hybrid,11
24861,Car,Hybrid,13
24862,Truck,Electric,13
24863,Car,Hybrid,13
24864,Car,Hybrid,5
24865,Bus,Diesel,3
24866,Car,Hybrid,10
24867,Bus,Hybrid,10
24868,Car,Diesel,13
24869,Car,Hybrid,1
24870,Truck,Diesel,10
24871,Car,Electric,7
24872,Truck,Diesel,14
24873,Car,Diesel,13
24874,Car,Hybrid,2
24875,Car,Hybrid,1
24876,Truck,Hybrid,3
24877,Bus,Hybrid,12
24878,Truck,Diesel,1
24879,Car,Electric,2
24880,Bus,Hybrid,8
24881,Car,Diesel,6
24882,Truck,Electric,10
24883,Truck,Electric,14
24884,Bus,Electric,0
24885,Truck,Diesel,9
24886,Car,Hybrid,4
24887,Bus,Diesel,4
24888,Car,Hybrid,8
24889,Bus,Electric,11
24890,Bus,Electric,0
24891,Car,Diesel,0
24892,Truck,Electric,13
24893,Car,Diesel,9
24894,Truck,Hybrid,6
24895,Truck,Electric,6
24896,Car,Hybrid,10
24897,Bus,Electric,14
24898,Car,Hybrid,7
24899,Bus,Electric,3
24900,Truck,Hybrid,13
24901,Bus,Electric,6
24902,Car,Diesel,5
24903,Bus,Hybrid,14
24904,Truck,Hybrid,0
24905,Truck,Diesel,1
24906,Bus,Diesel,7
24907,Truck,Diesel,5
24908,Truck,Electric,6
24909,Bus,Diesel,7
24910,Truck,Electric,11
24911,Bus,Electric,14
24912,Bus,Diesel,4
24913,Truck,Diesel,4
24914,Bus,Electric,1
24915,Truck,Hybrid,3
24916,Truck,Hybrid,10
24917,Truck,Diesel,1
24918,Car,Hybrid,6
24919,Truck,Electric,13
24920,Bus,Hybrid,13
24921,Bus,Electric,14
24922,Bus,Diesel,10
24923,Car,Diesel,8
24924,Car,Hybrid,10
24925,Bus,Diesel,1
24926,Bus,Diesel,3
24927,Car,Electric,10
24928,Bus,Electric,14
24929,Truck,Electric,7
24930,Truck,Electric,8
24931,Bus,Diesel,3
24932,Truck,Electric,7
24933,Bus,Electric,6
24934,Car,Electric,12
24935,Bus,Hybrid,4
24936,Car,Electric,3
24937,Truck,Diesel,5
24938,Truck,Diesel,5
24939,Truck,Electric,1
24940,Bus,Hybrid,2
24941,Car,Hybrid,10
24942,Car,Hybrid,5
24943,Truck,Hybrid,3
24944,Truck,Electric,2
24945,Car,Electric,12
24946,Bus,Diesel,3
24947,Truck,Diesel,5
24948,Bus,Hybrid,14
24949,Truck,Hybrid,2
24950,Truck,Diesel,0
24951,Bus,Diesel,13
24952,Bus,Hybrid,5
24953,Bus,Diesel,14
24954,Bus,Hybrid,1
24955,Car,Electric,8
24956,Car,Hybrid,5
24957,Truck,Electric,0
24958,Truck,Electric,10
24959,Truck,Electric,3
24960,Car,Diesel,4
24961,Bus,Diesel,11
24962,Truck,Hybrid,7
24963,Car,Electric,2
24964,Truck,Hybrid,10
24965,Car,Electric,12
24966,Bus,Electric,8
24967,Car,Hybrid,8
24968,Bus,Hybrid,14
24969,Truck,Hybrid,11
24970,Bus,Hybrid,9
24971,Car,Diesel,10
24972,Truck,Electric,4
24973,Truck,Electric,3
24974,Car,Diesel,6
24975,Bus,Electric,12
24976,Car,Diesel,8
24977,Bus,Electric,5
24978,Bus,Diesel,6
24979,Truck,Diesel,0
24980,Bus,Electric,3
24981,Truck,Electric,14
24982,Car,Electric,1
24983,Car,Hybrid,0
24984,Truck,Electric,12
24985,Truck,Electric,10
24986,Bus,Electric,6
24987,Truck,Hybrid,10
24988,Car,Electric,9
24989,Truck,Diesel,3
24990,Truck,Diesel,1
24991,Truck,Hybrid,4
24992,Bus,Hybrid,6
24993,Truck,Hybrid,1
24994,Bus,Hybrid,6
24995,Bus,Hybrid,2
24996,Truck,Electric,13
24997,Bus,Diesel,7
24998,Truck,Diesel,6
24999,Car,Electric,0
25000,Car,Hybrid,8
25001,Bus,Electric,14
25002,Car,Hybrid,5
25003,Truck,Diesel,11
25004,Bus,Diesel,14
25005,Truck,Hybrid,12
25006,Bus,Electric,3
25007,Bus,Hybrid,14
25008,Bus,Hybrid,5
25009,Bus,Diesel,1
25010,Car,Hybrid,1
25011,Car,Electric,7
25012,Car,Hybrid,9
25013,Bus,Diesel,4
25014,Car,Electric,6
25015,Bus,Electric,0
25016,Car,Diesel,5
25017,Bus,Diesel,10
25018,Car,Hybrid,10
25019,Car,Diesel,9
25020,Car,Diesel,6
25021,Bus,Diesel,9
25022,Bus,Diesel,6
25023,Car,Electric,9
25024,Bus,Electric,12
25025,Truck,Electric,2
25026,Car,Diesel,11
25027,Car,Hybrid,8
25028,Truck,Hybrid,11
25029,Bus,Hybrid,8
25030,Bus,Hybrid,4
25031,Bus,Electric,8
25032,Car,Hybrid,12
25033,Car,Electric,10
25034,Car,Hybrid,6
25035,Car,Hybrid,6
25036,Car,Electric,8
25037,Bus,Electric,1
25038,Truck,Hybrid,9
25039,Bus,Diesel,14
25040,Bus,Hybrid,4
25041,Car,Hybrid,7
25042,Truck,Hybrid,7
25043,Truck,Electric,2
25044,Bus,Hybrid,4
25045,Truck,Diesel,11
25046,Bus,Hybrid,3
25047,Bus,Diesel,3
25048,Bus,Diesel,1
25049,Bus,Diesel,5
25050,Car,Hybrid,11
25051,Truck,Electric,0
25052,Car,Electric,7
25053,Car,Hybrid,11
25054,Car,Hybrid,9
25055,Bus,Diesel,8
25056,Bus,Hybrid,10
25057,Car,Electric,4
25058,Car,Hybrid,12
25059,Truck,Hybrid,5
25060,Car,Hybrid,0
25061,Bus,Diesel,5
25062,Car,Hybrid,0
25063,Truck,Hybrid,13
25064,Truck,Hybrid,4
25065,Car,Electric,12
25066,Truck,Diesel,8
25067,Truck,Diesel,4
25068,Bus,Electric,14
25069,Truck,Diesel,14
25070,Truck,Electric,13
25071,Car,Diesel,2
25072,Bus,Diesel,11
25073,Truck,Diesel,14
25074,Car,Hybrid,13
25075,Car,Diesel,3
25076,Car,Hybrid,2
25077,Car,Hybrid,3
25078,Car,Hybrid,11
25079,Car,Electric,11
25080,Truck,Diesel,9
25081,Bus,Diesel,14
25082,Bus,Diesel,13
25083,Car,Hybrid,5
25084,Car,Diesel,2
25085,Bus,Hybrid,13
25086,Truck,Hybrid,4
25087,Car,Hybrid,6
25088,Bus,Hybrid,0
25089,Bus,Diesel,2
25090,Car,Hybrid,10
25091,Bus,Electric,5
25092,Truck,Electric,9
25093,Bus,Electric,1
25094,Car,Hybrid,7
25095,Car,Diesel,6
25096,Bus,Diesel,11
25097,Bus,Hybrid,1
25098,Car,Hybrid,4
25099,Truck,Hybrid,12
25100,Bus,Electric,14
25101,Truck,Hybrid,3
25102,Truck,Hybrid,14
25103,Car,Diesel,1
25104,Car,Diesel,3
25105,Car,Electric,8
25106,Truck,Electric,9
25107,Car,Electric,1
25108,Car,Electric,9
25109,Truck,Hybrid,9
25110,Truck,Hybrid,12
25111,Truck,Electric,5
25112,Truck,Electric,3
25113,Bus,Diesel,7
25114,Car,Diesel,12
25115,Bus,Diesel,3
25116,Truck,Electric,8
25117,Truck,Diesel,14
25118,Truck,Electric,9
25119,Truck,Hybrid,2
25120,Truck,Electric,6
25121,Car,Hybrid,14
25122,Bus,Hybrid,4
25123,Bus,Electric,13
25124,Car,Diesel,10
25125,Car,Electric,0
25126,Car,Diesel,2
25127,Bus,Hybrid,8
25128,Bus,Hybrid,12
25129,Truck,Hybrid,8
25130,Bus,Hybrid,4
25131,Bus,Electric,13
25132,Car,Hybrid,4
25133,Bus,Diesel,10
25134,Truck,Diesel,3
25135,Bus,Hybrid,13
25136,Car,Electric,14
25137,Car,Hybrid,3
25138,Truck,Hybrid,3
25139,Truck,Diesel,1
25140,Bus,Electric,6
25141,Truck,Electric,2
25142,Truck,Diesel,0
25143,Car,Diesel,11
25144,Car,Diesel,10
25145,Bus,Electric,9
25146,Bus,Diesel,2
25147,Bus,Diesel,8
25148,Bus,Diesel,11
25149,Car,Hybrid,8
25150,Bus,Electric,9
25151,Bus,Electric,6
25152,Truck,Hybrid,0
25153,Bus,Electric,5
25154,Truck,Diesel,9
25155,Car,Hybrid,0
25156,Bus,Diesel,1
25157,Truck,Diesel,2
25158,Bus,Diesel,10
25159,Truck,Diesel,10
25160,Bus,Electric,13
25161,Car,Hybrid,5
25162,Car,Hybrid,10
25163,Truck,Diesel,6
25164,Truck,Hybrid,7
25165,Car,Hybrid,8
25166,Bus,Diesel,6
25167,Truck,Diesel,5
25168,Car,Electric,4
25169,Truck,Electric,9
25170,Car,Diesel,1
25171,Car,Electric,14
25172,Truck,Electric,7
25173,Truck,Hybrid,4
25174,Car,Diesel,9
25175,Bus,Hybrid,1
25176,Car,Hybrid,2
25177,Bus,Diesel,9
25178,Bus,Hybrid,9
25179,Bus,Electric,11
25180,Truck,Electric,14
25181,Car,Electric,14
25182,Car,Electric,6
25183,Bus,Electric,9
25184,Bus,Hybrid,7
25185,Bus,Diesel,4
25186,Car,Hybrid,9
25187,Bus,Hybrid,7
25188,Car,Electric,12
25189,Car,Electric,13
25190,Truck,Hybrid,9
25191,Bus,Hybrid,12
25192,Bus,Diesel,9
25193,Bus,Diesel,5
25194,Truck,Diesel,1
25195,Bus,Diesel,11
25196,Car,Diesel,13
25197,Bus,Electric,11
25198,Car,Diesel,1
25199,Car,Hybrid,7
25200,Car,Electric,3
25201,Car,Hybrid,7
25202,Bus,Electric,8
25203,Truck,Electric,5
25204,Truck,Diesel,8
25205,Car,Hybrid,5
25206,Bus,Diesel,10
25207,Truck,Hybrid,13
25208,Bus,Hybrid,2
25209,Truck,Diesel,7
25210,Car,Diesel,0
25211,Car,Electric,5
25212,Car,Electric,14
25213,Truck,Electric,14
25214,Bus,Hybrid,2
25215,Car,Diesel,9
25216,Bus,Electric,9
25217,Bus,Diesel,2
25218,Car,Electric,8
25219,Truck,Electric,6
25220,Car,Diesel,12
25221,Car,Electric,13
25222,Truck,Diesel,1
25223,Bus,Electric,5
25224,Truck,Diesel,11
25225,Truck,Electric,12
25226,Car,Electric,3
25227,Truck,Hybrid,9
25228,Truck,Diesel,10
25229,Truck,Electric,6
25230,Bus,Hybrid,3
25231,Bus,Diesel,6
25232,Car,Electric,5
25233,Car,Electric,7
25234,Bus,Electric,6
25235,Truck,Diesel,8
25236,Car,Hybrid,3
25237,Car,Electric,8
25238,Truck,Hybrid,4
25239,Truck,Diesel,12
25240,Truck,Diesel,10
25241,Truck,Electric,8
25242,Truck,Electric,14
25243,Bus,Electric,13
25244,Truck,Hybrid,10
25245,Car,Hybrid,3
25246,Bus,Electric,14
25247,Car,Diesel,2
25248,Truck,Diesel,14
25249,Car,Electric,13
25250,Truck,Hybrid,6
25251,Car,Diesel,3
25252,Car,Hybrid,4
25253,Truck,Electric,2
25254,Car,Hybrid,5
25255,Bus,Hybrid,12
25256,Car,Hybrid,3
25257,Bus,Diesel,0
25258,Bus,Hybrid,1
25259,Car,Hybrid,7
25260,Bus,Hybrid,14
25261,Bus,Electric,3
25262,Car,Hybrid,11
25263,Truck,Hybrid,14
25264,Truck,Diesel,14
25265,Bus,Electric,9
25266,Bus,Hybrid,1
25267,Truck,Diesel,12
25268,Bus,Diesel,11
25269,Truck,Hybrid,3
25270,Car,Diesel,6
25271,Bus,Diesel,10
25272,Car,Diesel,1
25273,Truck,Diesel,5
25274,Truck,Hybrid,0
25275,Car,Hybrid,11
25276,Bus,Diesel,2
25277,Car,Hybrid,8
25278,Car,Hybrid,4
25279,Bus,Diesel,13
25280,Truck,Diesel,10
25281,Car,Diesel,7
25282,Car,Hybrid,0
25283,Truck,Hybrid,3
25284,Car,Electric,2
25285,Truck,Electric,9
25286,Bus,Diesel,8
25287,Truck,Electric,14
25288,Truck,Hybrid,6
25289,Car,Electric,11
25290,Truck,Electric,2
25291,Truck,Diesel,13
25292,Car,Hybrid,0
25293,Truck,Hybrid,12
25294,Car,Hybrid,14
25295,Bus,Hybrid,4
25296,Truck,Electric,9
25297,Bus,Diesel,2
25298,Truck,Electric,10
25299,Truck,Hybrid,1
25300,Bus,Diesel,2
25301,Bus,Diesel,4
25302,Car,Hybrid,4
25303,Car,Hybrid,9
25304,Bus,Diesel,7
25305,Truck,Hybrid,3
25306,Car,Hybrid,1
25307,Truck,Hybrid,7
25308,Car,Hybrid,12
25309,Car,Diesel,14
25310,Car,Diesel,7
25311,Bus,Electric,9
25312,Truck,Electric,12
25313,Bus,Diesel,7
25314,Car,Electric,11
25315,Bus,Hybrid,12
25316,Bus,Hybrid,13
25317,Bus,Diesel,10
25318,Truck,Electric,0
25319,Bus,Hybrid,14
25320,Bus,Electric,11
25321,Bus,Diesel,8
25322,Bus,Diesel,3
25323,Bus,Electric,3
25324,Bus,Diesel,7
25325,Bus,Hybrid,11
25326,Car,Hybrid,7
25327,Bus,Electric,5
25328,Bus,Electric,3
25329,Truck,Diesel,12
25330,Car,Diesel,2
25331,Bus,Electric,4
25332,Truck,Diesel,12
25333,Bus,Electric,13
25334,Bus,Electric,7
25335,Bus,Hybrid,6
25336,Bus,Diesel,10
25337,Bus,Electric,7
25338,Truck,Hybrid,14
25339,Bus,Electric,13
25340,Truck,Diesel,11
25341,Bus,Hybrid,10
25342,Truck,Diesel,0
25343,Car,Hybrid,10
25344,Bus,Diesel,12
25345,Car,Electric,3
25346,Car,Electric,12
25347,Car,Electric,8
25348,Bus,Diesel,5
25349,Car,Hybrid,13
25350,Truck,Diesel,11
25351,Bus,Electric,9
25352,Car,Diesel,7
25353,Bus,Hybrid,13
25354,Car,Electric,12
25355,Truck,Diesel,7
25356,Bus,Electric,4
25357,Bus,Diesel,10
25358,Car,Diesel,7
25359,Truck,Electric,3
25360,Bus,Hybrid,5
25361,Car,Electric,6
25362,Truck,Hybrid,5
25363,Truck,Electric,5
25364,Truck,Electric,14
25365,Truck,Electric,7
25366,Bus,Diesel,13
25367,Bus,Diesel,14
25368,Truck,Hybrid,4
25369,Car,Electric,7
25370,Car,Diesel,8
25371,Truck,Diesel,11
25372,Truck,Electric,3
25373,Car,Electric,14
25374,Truck,Electric,2
25375,Truck,Hybrid,4
25376,Bus,Electric,12
25377,Bus,Diesel,9
25378,Truck,Diesel,9
25379,Truck,Electric,11
25380,Bus,Hybrid,4
25381,Truck,Hybrid,13
25382,Bus,Diesel,6
25383,Bus,Hybrid,2
25384,Car,Electric,12
25385,Bus,Hybrid,10
25386,Car,Hybrid,9
25387,Car,Diesel,13
25388,Bus,Diesel,8
25389,Truck,Diesel,13
25390,Bus,Hybrid,12
25391,Car,Diesel,5
25392,Bus,Diesel,13
25393,Bus,Hybrid,9
25394,Car,Hybrid,8
25395,Bus,Hybrid,0
25396,Bus,Electric,1
25397,Car,Electric,9
25398,Truck,Hybrid,1
25399,Car,Diesel,10
25400,Car,Hybrid,7
25401,Bus,Electric,3
25402,Car,Diesel,6
25403,Bus,Electric,3
25404,Bus,Electric,3
25405,Bus,Electric,7
25406,Car,Electric,13
25407,Car,Diesel,10
25408,Bus,Hybrid,9
25409,Truck,Diesel,3
25410,Truck,Hybrid,2
25411,Car,Hybrid,10
25412,Bus,Diesel,9
25413,Bus,Hybrid,8
25414,Car,Diesel,2
25415,Truck,Diesel,4
25416,Car,Hybrid,10
25417,Car,Hybrid,0
25418,Bus,Electric,8
25419,Car,Hybrid,5
25420,Truck,Hybrid,4
25421,Car,Hybrid,3
25422,Bus,Diesel,7
25423,Truck,Electric,10
25424,Bus,Electric,1
25425,Car,Diesel,13
25426,Car,Hybrid,9
25427,Car,Hybrid,4
25428,Bus,Diesel,7
25429,Car,Electric,0
25430,Truck,Diesel,11
25431,Truck,Diesel,2
25432,Bus,Hybrid,6
25433,Bus,Diesel,10
25434,Bus,Diesel,14
25435,Car,Diesel,10
25436,Truck,Hybrid,9
25437,Truck,Hybrid,11
25438,Truck,Electric,4
25439,Bus,Electric,9
25440,Bus,Electric,8
25441,Car,Hybrid,11
25442,Bus,Electric,13
25443,Truck,Diesel,0
25444,Car,Electric,10
25445,Bus,Diesel,13
25446,Bus,Electric,6
25447,Truck,Hybrid,9
25448,Car,Diesel,11
25449,Bus,Diesel,5
25450,Bus,Hybrid,9
25451,Car,Diesel,3
25452,Car,Electric,10
25453,Bus,Hybrid,11
25454,Bus,Diesel,10
25455,Truck,Hybrid,9
25456,Car,Diesel,9
25457,Bus,Diesel,5
25458,Bus,Hybrid,9
25459,Bus,Diesel,10
25460,Bus,Electric,8
25461,Truck,Electric,8
25462,Car,Diesel,11
25463,Bus,Diesel,1
25464,Car,Electric,13
25465,Car,Diesel,8
25466,Bus,Diesel,12
25467,Bus,Hybrid,1
25468,Bus,Hybrid,5
25469,Truck,Electric,12
25470,Bus,Electric,6
25471,Car,Hybrid,13
25472,Car,Hybrid,8
25473,Truck,Electric,10
25474,Bus,Electric,12
25475,Bus,Electric,5
25476,Truck,Hybrid,12
25477,Truck,Hybrid,7
25478,Bus,Diesel,9
25479,Bus,Electric,14
25480,Car,Diesel,11
25481,Bus,Electric,2
25482,Bus,Hybrid,9
25483,Car,Electric,5
25484,Car,Electric,1
25485,Car,Hybrid,14
25486,Car,Hybrid,0
25487,Truck,Electric,11
25488,Car,Electric,5
25489,Truck,Electric,11
25490,Car,Electric,2
25491,Car,Electric,10
25492,Car,Hybrid,11
25493,Bus,Electric,4
25494,Truck,Hybrid,5
25495,Car,Diesel,12
25496,Bus,Diesel,9
25497,Truck,Electric,5
25498,Truck,Diesel,11
25499,Bus,Hybrid,9
25500,Truck,Diesel,12
25501,Bus,Diesel,6
25502,Car,Hybrid,14
25503,Bus,Electric,6
25504,Truck,Hybrid,10
25505,Truck,Hybrid,5
25506,Car,Electric,11
25507,Bus,Hybrid,0
25508,Car,Electric,7
25509,Bus,Hybrid,9
25510,Bus,Diesel,13
25511,Bus,Electric,3
25512,Car,Electric,0
25513,Car,Diesel,9
25514,Truck,Diesel,12
25515,Car,Electric,1
25516,Bus,Diesel,2
25517,Bus,Hybrid,5
25518,Bus,Hybrid,1
25519,Car,Hybrid,1
25520,Truck,Diesel,13
25521,Car,Diesel,5
25522,Truck,Diesel,11
25523,Car,Electric,3
25524,Bus,Hybrid,4
25525,Truck,Electric,10
25526,Car,Electric,7
25527,Bus,Electric,2
25528,Truck,Hybrid,4
25529,Truck,Hybrid,0
25530,Bus,Hybrid,9
25531,Bus,Diesel,3
25532,Car,Hybrid,13
25533,Car,Diesel,13
25534,Bus,Diesel,4
25535,Car,Diesel,13
25536,Bus,Hybrid,12
25537,Bus,Hybrid,3
25538,Car,Hybrid,11
25539,Car,Hybrid,13
25540,Truck,Electric,8
25541,Truck,Hybrid,7
25542,Car,Hybrid,10
25543,Car,Hybrid,11
25544,Car,Hybrid,12
25545,Truck,Hybrid,1
25546,Car,Electric,8
25547,Truck,Electric,1
25548,Truck,Diesel,5
25549,Truck,Diesel,1
25550,Truck,Hybrid,5
25551,Bus,Diesel,5
25552,Car,Electric,10
25553,Car,Hybrid,6
25554,Bus,Diesel,9
25555,Car,Diesel,12
25556,Truck,Electric,4
25557,Bus,Hybrid,11
25558,Truck,Diesel,2
25559,Bus,Electric,11
25560,Truck,Hybrid,14
25561,Car,Electric,1
25562,Car,Hybrid,12
25563,Car,Hybrid,3
25564,Bus,Hybrid,12
25565,Car,Electric,13
25566,Bus,Hybrid,11
25567,Truck,Diesel,0
25568,Car,Hybrid,10
25569,Truck,Hybrid,11
25570,Car,Electric,1
25571,Truck,Hybrid,7
25572,Bus,Diesel,4
25573,Car,Diesel,4
25574,Bus,Hybrid,2
25575,Bus,Electric,13
25576,Truck,Diesel,10
25577,Car,Electric,0
25578,Bus,Hybrid,5
25579,Truck,Electric,14
25580,Truck,Hybrid,14
25581,Truck,Hybrid,13
25582,Car,Electric,11
25583,Car,Diesel,0
25584,Truck,Hybrid,3
25585,Car,Hybrid,13
25586,Truck,Hybrid,3
25587,Car,Diesel,10
25588,Car,Diesel,2
25589,Truck,Hybrid,3
25590,Truck,Diesel,13
25591,Car,Electric,5
25592,Truck,Electric,5
25593,Truck,Electric,13
25594,Truck,Electric,10
25595,Truck,Hybrid,5
25596,Car,Electric,5
25597,Bus,Diesel,3
25598,Car,Hybrid,10
25599,Truck,Diesel,6
25600,Truck,Electric,6
25601,Car,Hybrid,1
25602,Truck,Hybrid,11
25603,Car,Hybrid,5
25604,Bus,Electric,4
25605,Truck,Diesel,9
25606,Bus,Hybrid,0
25607,Bus,Diesel,13
25608,Truck,Electric,2
25609,Truck,Electric,8
25610,Car,Diesel,12
25611,Car,Hybrid,10
25612,Truck,Diesel,8
25613,Car,Hybrid,9
25614,Bus,Hybrid,8
25615,Bus,Diesel,10
25616,Truck,Hybrid,9
25617,Car,Hybrid,4
25618,Truck,Hybrid,5
25619,Bus,Electric,8
25620,Truck,Hybrid,3
25621,Truck,Diesel,10
25622,Truck,Electric,3
25623,Truck,Hybrid,11
25624,Bus,Electric,8
25625,Truck,Diesel,11
25626,Truck,Electric,6
25627,Car,Electric,5
25628,Truck,Hybrid,9
25629,Car,Diesel,5
25630,Truck,Diesel,12
25631,Car,Electric,14
25632,Truck,Hybrid,4
25633,Car,Electric,11
25634,Truck,Electric,10
25635,Truck,Electric,3
25636,Car,Hybrid,2
25637,Truck,Electric,13
25638,Truck,Hybrid,6
25639,Truck,Diesel,4
25640,Truck,Electric,1
25641,Bus,Diesel,2
25642,Truck,Electric,4
25643,Bus,Diesel,8
25644,Bus,Hybrid,11
25645,Truck,Electric,5
25646,Car,Electric,14
25647,Car,Hybrid,10
25648,Truck,Diesel,1
25649,Bus,Diesel,7
25650,Car,Hybrid,11
25651,Truck,Diesel,13
25652,Truck,Hybrid,5
25653,Bus,Diesel,5
25654,Car,Hybrid,12
25655,Truck,Hybrid,13
25656,Car,Hybrid,7
25657,Truck,Hybrid,14
25658,Truck,Diesel,6
25659,Truck,Electric,14
25660,Bus,Diesel,12
25661,Bus,Hybrid,14
25662,Bus,Electric,4
25663,Car,Electric,10
25664,Bus,Diesel,13
25665,Bus,Hybrid,8
25666,Car,Hybrid,0
25667,Car,Hybrid,12
25668,Car,Hybrid,3
25669,Car,Hybrid,14
25670,Bus,Electric,9
25671,Bus,Diesel,11
25672,Car,Diesel,10
25673,Bus,Diesel,8
25674,Truck,Electric,1
25675,Bus,Electric,12
25676,Truck,Diesel,12
25677,Car,Electric,2
25678,Car,Electric,2
25679,Bus,Diesel,5
25680,Car,Electric,14
25681,Bus,Hybrid,2
25682,Bus,Diesel,2
25683,Bus,Diesel,4
25684,Bus,Diesel,12
25685,Truck,Diesel,2
25686,Truck,Electric,4
25687,Car,Diesel,2
25688,Truck,Hybrid,1
25689,Car,Electric,7
25690,Car,Electric,2
25691,Bus,Diesel,5
25692,Bus,Electric,10
25693,Bus,Electric,1
25694,Bus,Electric,0
25695,Bus,Diesel,7
25696,Bus,Hybrid,11
25697,Truck,Diesel,2
25698,Car,Hybrid,1
25699,Car,Electric,1
25700,Bus,Hybrid,4
25701,Truck,Diesel,5
25702,Bus,Diesel,10
25703,Truck,Diesel,13
25704,Truck,Electric,1
25705,Car,Hybrid,5
25706,Car,Diesel,0
25707,Truck,Diesel,8
25708,Car,Diesel,3
25709,Truck,Electric,12
25710,Truck,Diesel,13
25711,Truck,Electric,12
25712,Car,Electric,4
25713,Bus,Diesel,2
25714,Car,Electric,5
25715,Bus,Electric,0
25716,Car,Diesel,6
25717,Car,Diesel,7
25718,Bus,Hybrid,2
25719,Truck,Diesel,1
25720,Bus,Hybrid,11
25721,Truck,Hybrid,13
25722,Truck,Hybrid,3
25723,Car,Diesel,7
25724,Car,Hybrid,10
25725,Car,Hybrid,7
25726,Car,Hybrid,13
25727,Car,Diesel,11
25728,Bus,Diesel,10
25729,Bus,Diesel,12
25730,Bus,Diesel,7
25731,Bus,Electric,1
25732,Car,Diesel,12
25733,Bus,Hybrid,3
25734,Bus,Diesel,9
25735,Truck,Electric,14
25736,Car,Electric,0
25737,Bus,Electric,10
25738,Bus,Diesel,6
25739,Bus,Electric,14
25740,Car,Electric,9
25741,Bus,Electric,5
25742,Truck,Diesel,10
25743,Car,Electric,6
25744,Truck,Electric,9
25745,Car,Hybrid,11
25746,Bus,Hybrid,4
25747,Car,Hybrid,5
25748,Car,Electric,11
25749,Car,Hybrid,5
25750,Truck,Diesel,5
25751,Car,Hybrid,8
25752,Bus,Diesel,13
25753,Car,Hybrid,3
25754,Car,Hybrid,1
25755,Bus,Hybrid,8
25756,Bus,Diesel,9
25757,Truck,Diesel,6
25758,Bus,Hybrid,4
25759,Bus,Diesel,5
25760,Bus,Hybrid,10
25761,Car,Electric,6
25762,Truck,Electric,4
25763,Bus,Electric,4
25764,Bus,Diesel,5
25765,Bus,Electric,7
25766,Car,Hybrid,12
25767,Car,Hybrid,1
25768,Truck,Diesel,14
25769,Truck,Hybrid,10
25770,Car,Electric,9
25771,Bus,Hybrid,8
25772,Bus,Diesel,13
25773,Truck,Hybrid,9
25774,Bus,Hybrid,4
25775,Car,Electric,3
25776,Truck,Diesel,7
25777,Car,Electric,3
25778,Car,Hybrid,1
25779,Bus,Diesel,4
25780,Car,Hybrid,4
25781,Car,Hybrid,3
25782,Bus,Electric,2
25783,Car,Hybrid,10
25784,Bus,Diesel,4
25785,Car,Diesel,8
25786,Bus,Electric,8
25787,Bus,Electric,8
25788,Truck,Diesel,5
25789,Car,Electric,7
25790,Car,Hybrid,0
25791,Truck,Diesel,14
25792,Bus,Electric,0
25793,Bus,Diesel,6
25794,Truck,Hybrid,11
25795,Truck,Electric,4
25796,Bus,Diesel,1
25797,Bus,Hybrid,3
25798,Truck,Electric,3
25799,Car,Diesel,5
25800,Bus,Hybrid,7
25801,Truck,Hybrid,12
25802,Car,Hybrid,2
25803,Car,Hybrid,11
25804,Car,Hybrid,11
25805,Car,Electric,13
25806,Truck,Hybrid,6
25807,Bus,Electric,14
25808,Car,Electric,1
25809,Car,Diesel,8
25810,Truck,Diesel,11
25811,Car,Electric,6
25812,Truck,Hybrid,14
25813,Truck,Hybrid,0
25814,Bus,Electric,12
25815,Car,Hybrid,3
25816,Bus,Electric,1
25817,Truck,Diesel,9
25818,Car,Hybrid,4
25819,Truck,Hybrid,8
25820,Truck,Hybrid,2
25821,Truck,Diesel,4
25822,Car,Hybrid,10
25823,Truck,Electric,9
25824,Truck,Hybrid,1
25825,Car,Electric,14
25826,Bus,Hybrid,3
25827,Truck,Electric,1
25828,Bus,Diesel,7
25829,Bus,Hybrid,6
25830,Bus,Diesel,6
25831,Bus,Diesel,6
25832,Bus,Hybrid,8
25833,Bus,Hybrid,1
25834,Car,Electric,5
25835,Car,Hybrid,14
25836,Bus,Hybrid,11
25837,Car,Electric,12
25838,Car,Electric,13
25839,Bus,Hybrid,3
25840,Bus,Hybrid,12
25841,Truck,Hybrid,11
25842,Car,Diesel,9
25843,Bus,Diesel,10
25844,Car,Hybrid,5
25845,Car,Electric,8
25846,Car,Hybrid,10
25847,Truck,Hybrid,0
25848,Bus,Diesel,1
25849,Car,Hybrid,5
25850,Bus,Hybrid,14
25851,Car,Diesel,11
25852,Bus,Diesel,11
25853,Bus,Electric,6
25854,Bus,Electric,12
25855,Car,Electric,2
25856,Truck,Hybrid,0
25857,Bus,Electric,6
25858,Truck,Diesel,11
25859,Bus,Electric,1
25860,Truck,Hybrid,11
25861,Bus,Hybrid,12
25862,Truck,Electric,5
25863,Bus,Hybrid,3
25864,Bus,Hybrid,9
25865,Truck,Hybrid,3
25866,Bus,Electric,8
25867,Car,Hybrid,6
25868,Bus,Electric,0
25869,Bus,Electric,3
25870,Car,Hybrid,9
25871,Car,Electric,5
25872,Car,Electric,1
25873,Truck,Hybrid,3
25874,Car,Hybrid,1
25875,Truck,Electric,0
25876,Car,Diesel,0
25877,Truck,Diesel,8
25878,Car,Diesel,12
25879,Car,Diesel,13
25880,Bus,Electric,10
25881,Car,Hybrid,8
25882,Bus,Diesel,3
25883,Car,Hybrid,13
25884,Car,Diesel,12
25885,Bus,Diesel,7
25886,Bus,Diesel,11
25887,Truck,Hybrid,9
25888,Bus,Hybrid,10
25889,Truck,Diesel,6
25890,Car,Hybrid,4
25891,Bus,Diesel,14
25892,Bus,Electric,9
25893,Car,Hybrid,1
25894,Car,Diesel,8
25895,Car,Electric,6
25896,Car,Electric,3
25897,Bus,Diesel,14
25898,Car,Electric,9
25899,Car,Electric,13
25900,Bus,Diesel,1
25901,Truck,Electric,1
25902,Bus,Electric,2
25903,Truck,Diesel,12
25904,Car,Diesel,14
25905,Bus,Electric,14
25906,Car,Hybrid,13
25907,Bus,Diesel,5
25908,Truck,Hybrid,13
25909,Bus,Diesel,0
25910,Car,Hybrid,4
25911,Bus,Diesel,9
25912,Car,Electric,13
25913,Bus,Electric,2
25914,Truck,Hybrid,6
25915,Bus,Hybrid,6
25916,Bus,Diesel,9
25917,Bus,Diesel,14
25918,Bus,Hybrid,11
25919,Truck,Hybrid,4
25920,Car,Electric,14
25921,Bus,Hybrid,8
25922,Bus,Electric,10
25923,Bus,Hybrid,12
25924,Truck,Electric,9
25925,Car,Electric,7
25926,Car,Electric,8
25927,Bus,Diesel,10
25928,Bus,Electric,5
25929,Car,Hybrid,7
25930,Bus,Hybrid,9
25931,Bus,Hybrid,1
25932,Bus,Diesel,4
25933,Truck,Electric,7
25934,Truck,Diesel,1
25935,Car,Electric,14
25936,Truck,Hybrid,1
25937,Truck,Electric,2
25938,Car,Diesel,1
25939,Truck,Diesel,3
25940,Car,Diesel,3
25941,Bus,Diesel,0
25942,Car,Hybrid,5
25943,Car,Diesel,11
25944,Car,Diesel,6
25945,Bus,Diesel,6
25946,Bus,Hybrid,13
25947,Bus,Electric,11
25948,Car,Hybrid,4
25949,Car,Hybrid,3
25950,Car,Hybrid,1
25951,Car,Electric,4
25952,Car,Diesel,14
25953,Car,Hybrid,3
25954,Car,Diesel,7
25955,Truck,Diesel,14
25956,Bus,Electric,9
25957,Truck,Electric,0
25958,Bus,Hybrid,6
25959,Car,Electric,4
25960,Truck,Electric,9
25961,Car,Electric,4
25962,Truck,Diesel,0
25963,Truck,Electric,14
25964,Car,Hybrid,8
25965,Truck,Electric,12
25966,Truck,Hybrid,14
25967,Bus,Hybrid,6
25968,Car,Electric,1
25969,Car,Diesel,10
25970,Truck,Hybrid,4
25971,Car,Hybrid,7
25972,Bus,Hybrid,13
25973,Bus,Electric,14
25974,Car,Hybrid,10
25975,Car,Electric,6
25976,Bus,Hybrid,13
25977,Car,Diesel,1
25978,Truck,Hybrid,6
25979,Car,Electric,5
25980,Truck,Electric,11
25981,Bus,Hybrid,12
25982,Car,Electric,7
25983,Bus,Diesel,8
25984,Car,Electric,13
25985,Truck,Hybrid,6
25986,Car,Diesel,13
25987,Bus,Electric,7
25988,Truck,Hybrid,11
25989,Car,Electric,9
25990,Bus,Hybrid,6
25991,Bus,Electric,6
25992,Car,Electric,0
25993,Bus,Diesel,4
25994,Truck,Diesel,9
25995,Car,Electric,4
25996,Truck,Hybrid,14
25997,Bus,Hybrid,3
25998,Bus,Electric,14
25999,Bus,Electric,12
26000,Truck,Diesel,13
26001,Bus,Electric,0
26002,Car,Electric,6
26003,Car,Hybrid,7
26004,Bus,Diesel,4
26005,Car,Diesel,3
26006,Truck,Electric,11
26007,Truck,Diesel,8
26008,Bus,Hybrid,2
26009,Car,Electric,13
26010,Car,Electric,2
26011,Bus,Hybrid,12
26012,Truck,Diesel,3
26013,Bus,Diesel,6
26014,Car,Hybrid,1
26015,Car,Hybrid,7
26016,Bus,Hybrid,1
26017,Truck,Hybrid,3
26018,Truck,Diesel,1
26019,Bus,Diesel,13
26020,Car,Hybrid,8
26021,Truck,Hybrid,12
26022,Bus,Electric,3
26023,Car,Electric,4
26024,Truck,Diesel,8
26025,Truck,Electric,1
26026,Bus,Electric,3
26027,Car,Electric,5
26028,Truck,Diesel,0
26029,Bus,Electric,0
26030,Truck,Hybrid,6
26031,Car,Diesel,5
26032,Truck,Electric,12
26033,Car,Diesel,3
26034,Truck,Electric,4
26035,Truck,Diesel,4
26036,Bus,Hybrid,8
26037,Truck,Electric,4
26038,Car,Electric,1
26039,Bus,Diesel,6
26040,Car,Hybrid,14
26041,Car,Electric,14
26042,Bus,Hybrid,9
26043,Car,Electric,8
26044,Truck,Hybrid,6
26045,Bus,Electric,7
26046,Truck,Diesel,12
26047,Truck,Diesel,14
26048,Car,Hybrid,9
26049,Car,Electric,2
26050,Truck,Electric,10
26051,Bus,Hybrid,12
26052,Truck,Electric,8
26053,Truck,Diesel,6
26054,Car,Electric,9
26055,Car,Diesel,3
26056,Truck,Hybrid,11
26057,Truck,Electric,9
26058,Car,Hybrid,12
26059,Truck,Diesel,6
26060,Car,Hybrid,2
26061,Truck,Hybrid,10
26062,Bus,Electric,9
26063,Bus,Hybrid,13
26064,Truck,Hybrid,6
26065,Car,Electric,2
26066,Truck,Hybrid,1
26067,Truck,Diesel,0
26068,Car,Electric,10
26069,Truck,Diesel,5
26070,Car,Electric,12
26071,Truck,Hybrid,13
26072,Car,Diesel,2
26073,Truck,Diesel,9
26074,Bus,Diesel,11
26075,Car,Hybrid,10
26076,Bus,Diesel,13
26077,Car,Diesel,1
26078,Car,Hybrid,10
26079,Car,Hybrid,2
26080,Car,Hybrid,7
26081,Truck,Diesel,2
26082,Truck,Diesel,3
26083,Car,Diesel,1
26084,Truck,Electric,14
26085,Car,Diesel,7
26086,Car,Diesel,5
26087,Bus,Electric,8
26088,Car,Electric,13
26089,Car,Diesel,14
26090,Truck,Electric,7
26091,Car,Diesel,12
26092,Car,Hybrid,3
26093,Bus,Hybrid,12
26094,Truck,Hybrid,12
26095,Truck,Hybrid,7
26096,Bus,Electric,14
26097,Car,Diesel,0
26098,Bus,Electric,10
26099,Truck,Hybrid,8
26100,Bus,Hybrid,4
26101,Truck,Diesel,3
26102,Bus,Electric,4
26103,Car,Hybrid,12
26104,Car,Electric,0
26105,Truck,Diesel,1
26106,Bus,Diesel,12
26107,Truck,Electric,1
26108,Car,Diesel,14
26109,Truck,Electric,10
26110,Car,Electric,12
26111,Truck,Electric,14
26112,Bus,Hybrid,8
26113,Car,Hybrid,5
26114,Truck,Electric,2
26115,Car,Diesel,3
26116,Bus,Diesel,12
26117,Car,Hybrid,0
26118,Bus,Electric,14
26119,Car,Hybrid,6
26120,Bus,Electric,6
26121,Car,Diesel,12
26122,Bus,Diesel,7
26123,Truck,Hybrid,0
26124,Truck,Diesel,8
26125,Car,Electric,1
26126,Bus,Diesel,12
26127,Truck,Diesel,0
26128,Car,Hybrid,0
26129,Truck,Electric,7
26130,Bus,Hybrid,2
26131,Car,Hybrid,12
26132,Bus,Diesel,5
26133,Bus,Electric,5
26134,Bus,Electric,10
26135,Truck,Hybrid,1
26136,Car,Hybrid,1
26137,Bus,Diesel,0
26138,Truck,Electric,8
26139,Bus,Electric,0
26140,Truck,Diesel,12
26141,Car,Hybrid,12
26142,Car,Electric,5
26143,Car,Diesel,11
26144,Car,Hybrid,8
26145,Bus,Diesel,5
26146,Truck,Electric,10
26147,Car,Hybrid,5
26148,Bus,Diesel,3
26149,Car,Diesel,4
26150,Car,Diesel,12
26151,Car,Electric,0
26152,Truck,Electric,2
26153,Truck,Electric,10
26154,Truck,Diesel,5
26155,Car,Electric,1
26156,Bus,Diesel,0
26157,Bus,Diesel,12
26158,Bus,Diesel,0
26159,Car,Hybrid,13
26160,Truck,Diesel,0
26161,Bus,Electric,9
26162,Car,Diesel,9
26163,Car,Electric,11
26164,Bus,Hybrid,0
26165,Bus,Hybrid,12
26166,Car,Diesel,5
26167,Bus,Electric,13
26168,Car,Hybrid,9
26169,Bus,Hybrid,3
26170,Truck,Hybrid,3
26171,Car,Electric,13
26172,Truck,Diesel,3
26173,Bus,Diesel,7
26174,Car,Hybrid,6
26175,Bus,Diesel,4
26176,Car,Hybrid,13
26177,Bus,Electric,14
26178,Truck,Diesel,6
26179,Truck,Electric,7
26180,Bus,Diesel,9
26181,Truck,Electric,7
26182,Truck,Electric,10
26183,Bus,Diesel,6
26184,Car,Hybrid,6
26185,Bus,Hybrid,12
26186,Car,Electric,13
26187,Truck,Electric,8
26188,Truck,Hybrid,10
26189,Truck,Diesel,14
26190,Truck,Diesel,14
26191,Truck,Electric,4
26192,Car,Diesel,7
26193,Car,Electric,1
26194,Car,Diesel,11
26195,Bus,Electric,14
26196,Truck,Diesel,12
26197,Truck,Electric,7
26198,Truck,Hybrid,0
26199,Bus,Hybrid,8
26200,Bus,Hybrid,0
26201,Bus,Hybrid,13
26202,Truck,Electric,7
26203,Car,Diesel,14
26204,Bus,Electric,2
26205,Bus,Electric,13
26206,Car,Electric,3
26207,Bus,Diesel,14
26208,Car,Electric,12
26209,Truck,Hybrid,10
26210,Car,Hybrid,12
26211,Car,Electric,9
26212,Truck,Hybrid,6
26213,Bus,Hybrid,14
26214,Truck,Diesel,9
26215,Bus,Electric,12
26216,Bus,Electric,2
26217,Car,Hybrid,8
26218,Truck,Electric,2
26219,Car,Electric,7
26220,Truck,Hybrid,7
26221,Truck,Hybrid,13
26222,Car,Electric,2
26223,Bus,Diesel,12
26224,Bus,Hybrid,2
26225,Truck,Electric,9
26226,Bus,Hybrid,4
26227,Car,Electric,7
26228,Car,Electric,5
26229,Car,Diesel,4
26230,Truck,Hybrid,4
26231,Truck,Diesel,10
26232,Bus,Hybrid,11
26233,Car,Diesel,5
26234,Car,Hybrid,7
26235,Truck,Diesel,5
26236,Truck,Diesel,6
26237,Truck,Hybrid,8
26238,Car,Diesel,6
26239,Car,Diesel,13
26240,Bus,Hybrid,8
26241,Car,Hybrid,9
26242,Bus,Electric,12
26243,Bus,Hybrid,0
26244,Car,Electric,2
26245,Bus,Diesel,5
26246,Bus,Hybrid,14
26247,Truck,Electric,2
26248,Car,Hybrid,10
26249,Bus,Electric,13
26250,Bus,Electric,1
26251,Bus,Hybrid,4
26252,Car,Diesel,0
26253,Truck,Diesel,4
26254,Truck,Electric,12
26255,Car,Electric,10
26256,Car,Diesel,7
26257,Car,Hybrid,8
26258,Car,Hybrid,9
26259,Truck,Diesel,12
26260,Bus,Diesel,5
26261,Bus,Diesel,3
26262,Car,Electric,2
26263,Car,Diesel,7
26264,Bus,Diesel,11
26265,Truck,Diesel,14
26266,Car,Diesel,1
26267,Car,Hybrid,7
26268,Truck,Hybrid,6
26269,Truck,Diesel,1
26270,Truck,Electric,1
26271,Car,Electric,1
26272,Truck,Hybrid,14
26273,Car,Electric,0
26274,Car,Electric,6
26275,Truck,Hybrid,7
26276,Bus,Diesel,6
26277,Truck,Diesel,14
26278,Bus,Hybrid,3
26279,Truck,Diesel,10
26280,Truck,Diesel,14
26281,Car,Hybrid,11
26282,Car,Hybrid,8
26283,Car,Hybrid,12
26284,Car,Electric,1
26285,Car,Hybrid,4
26286,Car,Hybrid,14
26287,Car,Hybrid,1
26288,Bus,Hybrid,2
26289,Bus,Diesel,1
26290,Car,Hybrid,7
26291,Bus,Hybrid,14
26292,Truck,Electric,9
26293,Bus,Electric,13
26294,Car,Diesel,12
26295,Bus,Hybrid,5
26296,Truck,Hybrid,4
26297,Bus,Hybrid,4
26298,Car,Electric,8
26299,Truck,Diesel,1
26300,Truck,Electric,12
26301,Bus,Hybrid,0
26302,Truck,Electric,5
26303,Truck,Hybrid,7
26304,Truck,Hybrid,7
26305,Car,Hybrid,5
26306,Truck,Diesel,2
26307,Bus,Electric,2
26308,Bus,Hybrid,1
26309,Truck,Hybrid,12
26310,Bus,Diesel,1
26311,Truck,Diesel,1
26312,Bus,Hybrid,6
26313,Truck,Hybrid,14
26314,Truck,Hybrid,9
26315,Truck,Hybrid,8
26316,Car,Diesel,9
26317,Bus,Electric,13
26318,Truck,Diesel,10
26319,Car,Diesel,12
26320,Car,Electric,6
26321,Truck,Hybrid,11
26322,Truck,Hybrid,7
26323,Truck,Electric,11
26324,Truck,Diesel,11
26325,Truck,Hybrid,4
26326,Bus,Electric,1
26327,Truck,Electric,13
26328,Truck,Electric,7
26329,Bus,Hybrid,4
26330,Car,Electric,12
26331,Bus,Diesel,13
26332,Car,Diesel,8
26333,Car,Electric,5
26334,Bus,Electric,12
26335,Truck,Electric,6
26336,Car,Diesel,0
26337,Truck,Hybrid,7
26338,Bus,Diesel,6
26339,Car,Electric,6
26340,Truck,Hybrid,6
26341,Car,Hybrid,14
26342,Car,Electric,6
26343,Bus,Electric,14
26344,Truck,Diesel,10
26345,Truck,Diesel,0
26346,Car,Diesel,11
26347,Truck,Electric,8
26348,Car,Hybrid,6
26349,Bus,Diesel,6
26350,Bus,Electric,10
26351,Truck,Hybrid,12
26352,Bus,Electric,11
26353,Bus,Electric,0
26354,Truck,Electric,5
26355,Car,Diesel,9
26356,Bus,Electric,7
26357,Truck,Electric,13
26358,Truck,Electric,4
26359,Truck,Diesel,11
26360,Bus,Electric,11
26361,Bus,Electric,0
26362,Car,Diesel,12
26363,Car,Electric,4
26364,Car,Hybrid,14
26365,Car,Electric,1
26366,Car,Electric,1
26367,Car,Diesel,3
26368,Truck,Diesel,13
26369,Car,Diesel,11
26370,Bus,Diesel,10
26371,Car,Hybrid,3
26372,Bus,Electric,14
26373,Car,Electric,9
26374,Truck,Hybrid,6
26375,Truck,Diesel,8
26376,Bus,Electric,10
26377,Car,Hybrid,11
26378,Truck,Electric,1
26379,Truck,Hybrid,7
26380,Car,Hybrid,13
26381,Bus,Electric,7
26382,Bus,Diesel,10
26383,Bus,Diesel,7
26384,Truck,Hybrid,8
26385,Car,Diesel,8
26386,Truck,Electric,13
26387,Truck,Hybrid,9
26388,Truck,Electric,6
26389,Truck,Electric,4
26390,Car,Diesel,6
26391,Truck,Electric,13
26392,Truck,Hybrid,6
26393,Bus,Hybrid,9
26394,Truck,Electric,9
26395,Car,Electric,6
26396,Truck,Hybrid,7
26397,Car,Diesel,14
26398,Car,Diesel,1
26399,Car,Diesel,12
26400,Bus,Electric,3
26401,Bus,Electric,11
26402,Truck,Hybrid,8
26403,Truck,Hybrid,3
26404,Truck,Hybrid,1
26405,Car,Hybrid,6
26406,Car,Diesel,5
26407,Car,Electric,3
26408,Truck,Electric,12
26409,Truck,Diesel,7
26410,Truck,Hybrid,5
26411,Truck,Hybrid,7
26412,Bus,Electric,3
26413,Bus,Hybrid,1
26414,Bus,Electric,11
26415,Truck,Diesel,5
26416,Bus,Electric,8
26417,Bus,Diesel,11
26418,Truck,Hybrid,8
26419,Bus,Electric,14
26420,Truck,Hybrid,10
26421,Truck,Hybrid,12
26422,Truck,Hybrid,8
26423,Car,Electric,13
26424,Truck,Hybrid,2
26425,Bus,Electric,2
26426,Bus,Hybrid,9
26427,Truck,Diesel,2
26428,Car,Electric,4
26429,Car,Diesel,4
26430,Car,Diesel,12
26431,Bus,Electric,4
26432,Car,Electric,7
26433,Car,Electric,9
26434,Truck,Hybrid,11
26435,Car,Hybrid,7
26436,Car,Diesel,14
26437,Car,Electric,13
26438,Truck,Diesel,7
26439,Truck,Hybrid,13
26440,Car,Diesel,8
26441,Bus,Diesel,9
26442,Bus,Electric,5
26443,Truck,Electric,1
26444,Car,Diesel,8
26445,Bus,Hybrid,5
26446,Car,Diesel,0
26447,Truck,Hybrid,11
26448,Bus,Diesel,11
26449,Truck,Diesel,4
26450,Car,Electric,6
26451,Truck,Diesel,13
26452,Truck,Hybrid,11
26453,Truck,Diesel,11
26454,Truck,Diesel,0
26455,Bus,Hybrid,14
26456,Car,Diesel,6
26457,Bus,Diesel,10
26458,Car,Diesel,4
26459,Car,Diesel,4
26460,Car,Hybrid,1
26461,Car,Hybrid,11
26462,Car,Hybrid,3
26463,Bus,Hybrid,8
26464,Car,Diesel,11
26465,Truck,Hybrid,1
26466,Bus,Diesel,8
26467,Bus,Electric,7
26468,Car,Diesel,14
26469,Truck,Diesel,12
26470,Truck,Hybrid,3
26471,Car,Hybrid,11
26472,Car,Hybrid,1
26473,Truck,Electric,5
26474,Bus,Diesel,14
26475,Bus,Electric,6
26476,Car,Diesel,14
26477,Bus,Diesel,1
26478,Bus,Electric,7
26479,Truck,Electric,8
26480,Bus,Diesel,4
26481,Truck,Electric,5
26482,Car,Hybrid,5
26483,Car,Diesel,9
26484,Truck,Hybrid,1
26485,Truck,Electric,12
26486,Car,Hybrid,10
26487,Truck,Electric,0
26488,Car,Hybrid,13
26489,Car,Electric,10
26490,Car,Diesel,4
26491,Car,Diesel,5
26492,Car,Diesel,13
26493,Car,Diesel,11
26494,Bus,Electric,13
26495,Bus,Hybrid,0
26496,Car,Diesel,7
26497,Bus,Electric,4
26498,Truck,Electric,4
26499,Truck,Diesel,7
26500,Car,Diesel,13
26501,Bus,Electric,7
26502,Truck,Hybrid,8
26503,Truck,Electric,10
26504,Truck,Diesel,3
26505,Truck,Diesel,2
26506,Bus,Diesel,9
26507,Truck,Hybrid,10
26508,Truck,Hybrid,1
26509,Truck,Hybrid,0
26510,Car,Electric,13
26511,Truck,Electric,9
26512,Truck,Hybrid,4
26513,Bus,Hybrid,5
26514,Truck,Diesel,7
26515,Truck,Diesel,13
26516,Truck,Electric,14
26517,Car,Hybrid,5
26518,Bus,Hybrid,14
26519,Bus,Electric,1
26520,Car,Hybrid,7
26521,Car,Diesel,4
26522,Bus,Hybrid,12
26523,Truck,Electric,2
26524,Bus,Electric,13
26525,Car,Hybrid,5
26526,Truck,Electric,11
26527,Bus,Diesel,5
26528,Truck,Diesel,2
26529,Truck,Diesel,6
26530,Car,Hybrid,6
26531,Bus,Electric,6
26532,Car,Diesel,7
26533,Bus,Electric,10
26534,Bus,Electric,6
26535,Truck,Electric,12
26536,Truck,Diesel,3
26537,Truck,Electric,4
26538,Car,Diesel,13
26539,Truck,Diesel,3
26540,Car,Diesel,1
26541,Truck,Hybrid,6
26542,Car,Electric,12
26543,Bus,Hybrid,2
26544,Car,Hybrid,12
26545,Car,Hybrid,0
26546,Car,Hybrid,0
26547,Bus,Diesel,8
26548,Car,Diesel,10
26549,Bus,Electric,2
26550,Truck,Electric,6
26551,Truck,Diesel,8
26552,Bus,Electric,13
26553,Car,Electric,6
26554,Truck,Hybrid,10
26555,Car,Hybrid,7
26556,Car,Hybrid,5
26557,Bus,Hybrid,10
26558,Truck,Hybrid,2
26559,Bus,Diesel,0
26560,Bus,Hybrid,9
26561,Bus,Hybrid,13
26562,Bus,Diesel,7
26563,Car,Hybrid,5
26564,Truck,Electric,14
26565,Truck,Diesel,1
26566,Truck,Electric,11
26567,Car,Electric,12
26568,Car,Diesel,9
26569,Bus,Diesel,7
26570,Bus,Hybrid,3
26571,Bus,Diesel,9
26572,Bus,Diesel,8
26573,Truck,Hybrid,14
26574,Bus,Hybrid,11
26575,Car,Diesel,8
26576,Car,Hybrid,8
26577,Car,Hybrid,3
26578,Bus,Hybrid,5
26579,Truck,Electric,13
26580,Truck,Hybrid,3
26581,Bus,Electric,9
26582,Bus,Diesel,9
26583,Car,Electric,4
26584,Car,Electric,6
26585,Truck,Electric,6
26586,Car,Electric,9
26587,Car,Electric,5
26588,Bus,Electric,11
26589,Truck,Diesel,9
26590,Bus,Diesel,3
26591,Truck,Diesel,14
26592,Bus,Electric,12
26593,Truck,Hybrid,11
26594,Car,Electric,12
26595,Truck,Diesel,14
26596,Truck,Electric,4
26597,Bus,Diesel,14
26598,Truck,Hybrid,4
26599,Truck,Hybrid,8
26600,Truck,Diesel,13
26601,Bus,Diesel,14
26602,Truck,Electric,10
26603,Bus,Electric,5
26604,Car,Electric,3
26605,Bus,Hybrid,5
26606,Truck,Hybrid,6
26607,Car,Hybrid,6
26608,Truck,Electric,9
26609,Bus,Diesel,2
26610,Car,Diesel,5
26611,Car,Electric,10
26612,Car,Electric,13
26613,Truck,Diesel,6
26614,Car,Diesel,14
26615,Car,Hybrid,0
26616,Car,Electric,3
26617,Car,Hybrid,6
26618,Bus,Hybrid,11
26619,Truck,Diesel,9
26620,Truck,Electric,0
26621,Car,Diesel,13
26622,Bus,Hybrid,7
26623,Car,Electric,5
26624,Truck,Hybrid,13
26625,Truck,Hybrid,5
26626,Truck,Diesel,2
26627,Car,Electric,5
26628,Car,Electric,3
26629,Bus,Electric,8
26630,Bus,Electric,12
26631,Truck,Hybrid,3
26632,Truck,Diesel,5
26633,Bus,Electric,10
26634,Truck,Hybrid,12
26635,Bus,Diesel,14
26636,Car,Diesel,12
26637,Truck,Diesel,13
26638,Truck,Electric,12
26639,Bus,Hybrid,5
26640,Car,Diesel,10
26641,Truck,Diesel,0
26642,Truck,Diesel,3
26643,Bus,Hybrid,8
26644,Car,Hybrid,13
26645,Bus,Electric,10
26646,Car,Electric,9
26647,Car,Hybrid,5
26648,Bus,Electric,11
26649,Bus,Hybrid,3
26650,Car,Electric,6
26651,Bus,Electric,13
26652,Truck,Hybrid,9
26653,Truck,Diesel,6
26654,Truck,Diesel,4
26655,Truck,Electric,3
26656,Truck,Diesel,14
26657,Bus,Diesel,3
26658,Car,Electric,14
26659,Bus,Diesel,6
26660,Truck,Hybrid,5
26661,Truck,Hybrid,3
26662,Bus,Diesel,2
26663,Bus,Hybrid,1
26664,Car,Hybrid,14
26665,Truck,Diesel,3
26666,Bus,Hybrid,6
26667,Car,Electric,13
26668,Truck,Electric,1
26669,Truck,Electric,12
26670,Truck,Diesel,11
26671,Bus,Hybrid,8
26672,Truck,Diesel,13
26673,Truck,Diesel,8
26674,Car,Hybrid,5
26675,Bus,Hybrid,8
26676,Car,Hybrid,0
26677,Bus,Diesel,5
26678,Truck,Diesel,2
26679,Car,Electric,5
26680,Bus,Diesel,4
26681,Bus,Hybrid,11
26682,Truck,Diesel,4
26683,Truck,Electric,13
26684,Car,Hybrid,0
26685,Car,Electric,13
26686,Bus,Diesel,4
26687,Car,Diesel,12
26688,Truck,Electric,10
26689,Car,Electric,5
26690,Car,Hybrid,14
26691,Bus,Hybrid,14
26692,Truck,Electric,0
26693,Bus,Hybrid,9
26694,Truck,Electric,12
26695,Truck,Electric,13
26696,Bus,Diesel,6
26697,Car,Electric,12
26698,Bus,Hybrid,0
26699,Car,Electric,6
26700,Bus,Diesel,10
26701,Bus,Hybrid,13
26702,Car,Electric,11
26703,Car,Diesel,8
26704,Car,Hybrid,6
26705,Bus,Diesel,13
26706,Car,Diesel,11
26707,Car,Hybrid,9
26708,Car,Diesel,14
26709,Truck,Diesel,11
26710,Car,Diesel,4
26711,Car,Hybrid,2
26712,Car,Diesel,6
26713,Truck,Electric,5
26714,Truck,Diesel,7
26715,Car,Electric,13
26716,Car,Diesel,7
26717,Car,Electric,9
26718,Car,Hybrid,10
26719,Truck,Diesel,5
26720,Car,Electric,6
26721,Truck,Hybrid,2
26722,Bus,Diesel,13
26723,Truck,Diesel,3
26724,Bus,Diesel,6
26725,Truck,Hybrid,5
26726,Truck,Hybrid,2
26727,Truck,Electric,14
26728,Car,Diesel,9
26729,Truck,Electric,6
26730,Car,Electric,2
26731,Truck,Electric,9
26732,Truck,Electric,12
26733,Bus,Electric,13
26734,Truck,Diesel,7
26735,Car,Hybrid,12
26736,Bus,Electric,6
26737,Bus,Hybrid,3
26738,Truck,Electric,0
26739,Truck,Diesel,5
26740,Bus,Electric,14
26741,Car,Electric,4
26742,Truck,Electric,13
26743,Bus,Diesel,8
26744,Car,Electric,9
26745,Truck,Diesel,14
26746,Bus,Hybrid,5
26747,Bus,Hybrid,0
26748,Truck,Hybrid,2
26749,Car,Diesel,14
26750,Car,Electric,1
26751,Bus,Hybrid,2
26752,Car,Hybrid,0
26753,Bus,Electric,10
26754,Truck,Hybrid,1
26755,Car,Hybrid,7
26756,Truck,Electric,13
26757,Bus,Diesel,2
26758,Truck,Diesel,8
26759,Car,Hybrid,10
26760,Truck,Hybrid,10
26761,Car,Diesel,3
26762,Car,Hybrid,1
26763,Car,Diesel,11
26764,Car,Hybrid,6
26765,Car,Hybrid,8
26766,Bus,Diesel,4
26767,Truck,Electric,0
26768,Bus,Hybrid,8
26769,Truck,Hybrid,8
26770,Truck,Electric,6
26771,Truck,Hybrid,0
26772,Bus,Electric,3
26773,Car,Electric,0
26774,Car,Diesel,2
26775,Bus,Electric,6
26776,Car,Diesel,0
26777,Truck,Diesel,7
26778,Car,Diesel,12
26779,Car,Hybrid,9
26780,Car,Hybrid,3
26781,Truck,Electric,3
26782,Car,Diesel,11
26783,Car,Hybrid,11
26784,Car,Hybrid,0
26785,Bus,Electric,4
26786,Bus,Hybrid,7
26787,Car,Hybrid,7
26788,Bus,Hybrid,13
26789,Bus,Hybrid,6
26790,Truck,Hybrid,6
26791,Bus,Hybrid,7
26792,Bus,Electric,7
26793,Car,Diesel,14
26794,Truck,Hybrid,0
26795,Truck,Diesel,1
26796,Truck,Electric,9
26797,Bus,Electric,7
26798,Car,Diesel,0
26799,Truck,Diesel,8
26800,Truck,Electric,8
26801,Bus,Hybrid,12
26802,Truck,Diesel,11
26803,Car,Diesel,14
26804,Truck,Hybrid,9
26805,Car,Diesel,1
26806,Car,Hybrid,11
26807,Car,Electric,5
26808,Bus,Diesel,14
26809,Bus,Hybrid,14
26810,Car,Hybrid,3
26811,Car,Electric,9
26812,Truck,Diesel,6
26813,Truck,Hybrid,14
26814,Truck,Diesel,1
26815,Bus,Hybrid,12
26816,Truck,Diesel,9
26817,Car,Diesel,0
26818,Car,Hybrid,14
26819,Bus,Hybrid,8
26820,Bus,Diesel,11
26821,Truck,Diesel,11
26822,Bus,Electric,8
26823,Car,Hybrid,11
26824,Car,Diesel,8
26825,Bus,Diesel,4
26826,Car,Hybrid,11
26827,Bus,Diesel,2
26828,Car,Diesel,5
26829,Truck,Electric,9
26830,Bus,Electric,0
26831,Bus,Hybrid,13
26832,Bus,Hybrid,9
26833,Car,Hybrid,7
26834,Truck,Electric,9
26835,Bus,Electric,3
26836,Car,Electric,1
26837,Bus,Diesel,10
26838,Car,Electric,3
26839,Truck,Electric,13
26840,Car,Hybrid,0
26841,Car,Electric,9
26842,Bus,Electric,14
26843,Car,Diesel,9
26844,Bus,Electric,12
26845,Car,Hybrid,7
26846,Truck,Diesel,14
26847,Car,Electric,5
26848,Bus,Electric,0
26849,Car,Electric,12
26850,Car,Diesel,0
26851,Truck,Diesel,1
26852,Bus,Electric,6
26853,Truck,Hybrid,1
26854,Car,Electric,2
26855,Truck,Diesel,11
26856,Car,Diesel,10
26857,Car,Diesel,8
26858,Truck,Hybrid,0
26859,Truck,Electric,8
26860,Car,Electric,5
26861,Truck,Diesel,14
26862,Truck,Electric,8
26863,Car,Hybrid,11
26864,Bus,Hybrid,9
26865,Truck,Electric,10
26866,Truck,Electric,7
26867,Bus,Electric,6
26868,Truck,Electric,9
26869,Car,Electric,6
26870,Truck,Electric,5
26871,Car,Diesel,12
26872,Bus,Diesel,10
26873,Bus,Diesel,13
26874,Bus,Hybrid,7
26875,Truck,Hybrid,8
26876,Bus,Hybrid,7
26877,Truck,Hybrid,8
26878,Truck,Diesel,4
26879,Truck,Electric,2
26880,Bus,Electric,3
26881,Bus,Electric,3
26882,Truck,Hybrid,8
26883,Bus,Diesel,8
26884,Truck,Electric,0
26885,Bus,Hybrid,13
26886,Car,Hybrid,14
26887,Bus,Hybrid,12
26888,Bus,Electric,14
26889,Bus,Diesel,4
26890,Truck,Electric,1
26891,Truck,Diesel,4
26892,Car,Diesel,10
26893,Car,Electric,4
26894,Car,Electric,2
26895,Truck,Hybrid,3
26896,Car,Hybrid,6
26897,Car,Electric,9
26898,Bus,Electric,12
26899,Car,Diesel,3
26900,Bus,Diesel,2
26901,Truck,Hybrid,9
26902,Truck,Diesel,3
26903,Bus,Electric,10
26904,Car,Diesel,1
26905,Truck,Diesel,0
26906,Bus,Diesel,4
26907,Truck,Electric,8
26908,Truck,Hybrid,8
26909,Car,Diesel,0
26910,Truck,Electric,11
26911,Bus,Diesel,0
26912,Car,Diesel,7
26913,Bus,Electric,6
26914,Bus,Diesel,6
26915,Bus,Electric,13
26916,Car,Hybrid,8
26917,Truck,Diesel,11
26918,Bus,Electric,4
26919,Truck,Diesel,7
26920,Truck,Diesel,6
26921,Bus,Diesel,13
26922,Truck,Electric,1
26923,Car,Electric,1
26924,Car,Electric,12
26925,Truck,Hybrid,3
26926,Truck,Diesel,0
26927,Car,Electric,9
26928,Truck,Diesel,4
26929,Truck,Diesel,4
26930,Truck,Diesel,0
26931,Truck,Electric,4
26932,Bus,Hybrid,3
26933,Truck,Hybrid,11
26934,Car,Hybrid,13
26935,Bus,Hybrid,9
26936,Bus,Electric,10
26937,Car,Hybrid,4
26938,Truck,Hybrid,3
26939,Bus,Electric,8
26940,Bus,Electric,8
26941,Truck,Diesel,2
26942,Truck,Diesel,2
26943,Car,Hybrid,2
26944,Bus,Diesel,6
26945,Truck,Electric,0
26946,Truck,Diesel,12
26947,Car,Diesel,3
26948,Bus,Electric,8
26949,Truck,Hybrid,11
26950,Car,Diesel,7
26951,Bus,Diesel,2
26952,Bus,Hybrid,7
26953,Bus,Diesel,5
26954,Bus,Hybrid,9
26955,Car,Electric,12
26956,Truck,Electric,13
26957,Bus,Hybrid,10
26958,Bus,Electric,2
26959,Truck,Electric,11
26960,Bus,Electric,8
26961,Bus,Electric,9
26962,Truck,Electric,12
26963,Truck,Electric,6
26964,Bus,Diesel,7
26965,Truck,Diesel,9
26966,Car,Diesel,10
26967,Car,Electric,1
26968,Bus,Diesel,12
26969,Bus,Hybrid,2
26970,Truck,Hybrid,12
26971,Truck,Hybrid,6
26972,Bus,Diesel,1
26973,Bus,Electric,5
26974,Car,Hybrid,6
26975,Truck,Diesel,10
26976,Bus,Diesel,10
26977,Bus,Electric,5
26978,Truck,Electric,4
26979,Truck,Diesel,8
26980,Bus,Electric,2
26981,Bus,Electric,4
26982,Bus,Electric,12
26983,Truck,Electric,4
26984,Bus,Electric,7
26985,Bus,Diesel,7
26986,Bus,Hybrid,0
26987,Car,Diesel,13
26988,Car,Diesel,5
26989,Truck,Diesel,11
26990,Bus,Diesel,5
26991,Bus,Diesel,14
26992,Truck,Electric,10
26993,Truck,Hybrid,9
26994,Truck,Electric,12
26995,Bus,Hybrid,1
26996,Car,Diesel,4
26997,Truck,Diesel,12
26998,Bus,Diesel,5
26999,Truck,Diesel,2
27000,Bus,Diesel,0
27001,Truck,Diesel,8
27002,Bus,Diesel,1
27003,Truck,Hybrid,3
27004,Car,Diesel,8
27005,Truck,Diesel,8
27006,Truck,Diesel,7
27007,Car,Hybrid,13
27008,Truck,Hybrid,3
27009,Car,Diesel,0
27010,Bus,Electric,10
27011,Car,Hybrid,10
27012,Car,Diesel,6
27013,Bus,Hybrid,1
27014,Car,Electric,7
27015,Car,Diesel,13
27016,Bus,Hybrid,14
27017,Truck,Electric,9
27018,Truck,Hybrid,9
27019,Car,Hybrid,13
27020,Truck,Diesel,10
27021,Truck,Diesel,1
27022,Car,Hybrid,9
27023,Bus,Electric,2
27024,Truck,Diesel,14
27025,Car,Hybrid,5
27026,Bus,Hybrid,3
27027,Truck,Diesel,1
27028,Bus,Diesel,0
27029,Car,Hybrid,2
27030,Bus,Diesel,3
27031,Bus,Hybrid,8
27032,Car,Electric,8
27033,Truck,Diesel,4
27034,Truck,Diesel,11
27035,Bus,Hybrid,4
27036,Bus,Diesel,6
27037,Bus,Electric,7
27038,Bus,Hybrid,2
27039,Truck,Electric,14
27040,Car,Electric,11
27041,Car,Electric,4
27042,Car,Electric,6
27043,Bus,Hybrid,14
27044,Bus,Diesel,10
27045,Car,Electric,1
27046,Truck,Electric,8
27047,Car,Hybrid,2
27048,Truck,Electric,6
27049,Bus,Electric,11
27050,Car,Electric,8
27051,Car,Electric,8
27052,Bus,Diesel,2
27053,Truck,Electric,1
27054,Car,Hybrid,10
27055,Car,Diesel,13
27056,Truck,Hybrid,4
27057,Car,Diesel,4
27058,Car,Diesel,13
27059,Bus,Electric,12
27060,Truck,Electric,7
27061,Car,Hybrid,5
27062,Car,Diesel,11
27063,Bus,Diesel,6
27064,Car,Electric,10
27065,Bus,Diesel,7
27066,Car,Electric,8
27067,Bus,Electric,3
27068,Truck,Hybrid,4
27069,Truck,Electric,3
27070,Car,Electric,8
27071,Car,Diesel,11
27072,Bus,Hybrid,1
27073,Bus,Hybrid,12
27074,Truck,Hybrid,14
27075,Car,Electric,14
27076,Bus,Hybrid,7
27077,Truck,Electric,10
27078,Truck,Electric,13
27079,Bus,Electric,6
27080,Car,Electric,14
27081,Truck,Hybrid,12
27082,Bus,Hybrid,6
27083,Truck,Diesel,7
27084,Car,Hybrid,12
27085,Bus,Diesel,10
27086,Car,Hybrid,10
27087,Car,Hybrid,0
27088,Truck,Hybrid,0
27089,Car,Electric,6
27090,Truck,Hybrid,1
27091,Bus,Hybrid,11
27092,Bus,Diesel,3
27093,Truck,Hybrid,11
27094,Truck,Electric,5
27095,Truck,Hybrid,4
27096,Car,Diesel,4
27097,Bus,Hybrid,10
27098,Bus,Hybrid,5
27099,Car,Diesel,9
27100,Truck,Hybrid,6
27101,Bus,Diesel,1
27102,Car,Diesel,11
27103,Truck,Electric,10
27104,Bus,Electric,3
27105,Truck,Diesel,6
27106,Car,Electric,4
27107,Bus,Electric,10
27108,Truck,Diesel,13
27109,Truck,Hybrid,11
27110,Truck,Hybrid,9
27111,Car,Hybrid,14
27112,Truck,Electric,8
27113,Bus,Electric,5
27114,Bus,Hybrid,12
27115,Truck,Diesel,3
27116,Car,Diesel,10
27117,Bus,Diesel,10
27118,Bus,Electric,11
27119,Bus,Hybrid,13
27120,Truck,Diesel,9
27121,Bus,Hybrid,3
27122,Truck,Hybrid,12
27123,Truck,Electric,2
27124,Truck,Diesel,12
27125,Truck,Electric,13
27126,Truck,Hybrid,5
27127,Bus,Hybrid,7
27128,Truck,Hybrid,0
27129,Truck,Diesel,14
27130,Truck,Diesel,1
27131,Truck,Diesel,3
27132,Truck,Hybrid,6
27133,Truck,Hybrid,11
27134,Bus,Diesel,1
27135,Truck,Hybrid,10
27136,Truck,Hybrid,11
27137,Bus,Hybrid,9
27138,Bus,Diesel,11
27139,Car,Electric,7
27140,Bus,Electric,2
27141,Bus,Electric,14
27142,Truck,Diesel,1
27143,Car,Hybrid,6
27144,Truck,Electric,10
27145,Car,Electric,11
27146,Truck,Diesel,9
27147,Bus,Hybrid,8
27148,Bus,Hybrid,3
27149,Car,Diesel,1
27150,Truck,Electric,8
27151,Truck,Hybrid,9
27152,Bus,Hybrid,4
27153,Bus,Electric,12
27154,Car,Diesel,9
27155,Bus,Electric,6
27156,Car,Hybrid,9
27157,Car,Diesel,4
27158,Car,Electric,11
27159,Car,Electric,12
27160,Bus,Diesel,4
27161,Car,Hybrid,5
27162,Bus,Diesel,4
27163,Car,Diesel,7
27164,Bus,Hybrid,10
27165,Car,Electric,11
27166,Bus,Diesel,10
27167,Truck,Diesel,3
27168,Car,Electric,2
27169,Car,Hybrid,13
27170,Truck,Electric,2
27171,Truck,Electric,1
27172,Car,Diesel,7
27173,Bus,Diesel,12
27174,Car,Hybrid,13
27175,Bus,Diesel,6
27176,Truck,Electric,5
27177,Bus,Electric,1
27178,Car,Hybrid,1
27179,Truck,Diesel,9
27180,Truck,Diesel,0
27181,Car,Hybrid,13
27182,Car,Hybrid,11
27183,Truck,Diesel,9
27184,Bus,Hybrid,1
27185,Bus,Electric,8
27186,Bus,Hybrid,0
27187,Car,Electric,12
27188,Truck,Electric,9
27189,Bus,Electric,3
27190,Truck,Diesel,1
27191,Bus,Electric,4
27192,Truck,Hybrid,13
27193,Car,Electric,9
27194,Car,Diesel,7
27195,Car,Diesel,0
27196,Bus,Diesel,8
27197,Car,Diesel,6
27198,Car,Hybrid,4
27199,Car,Diesel,4
27200,Truck,Hybrid,8
27201,Truck,Diesel,8
27202,Truck,Diesel,1
27203,Truck,Hybrid,7
27204,Truck,Electric,4
27205,Truck,Hybrid,13
27206,Truck,Electric,1
27207,Car,Hybrid,8
27208,Car,Electric,3
27209,Bus,Diesel,4
27210,Car,Electric,6
27211,Truck,Electric,1
27212,Truck,Diesel,4
27213,Bus,Diesel,7
27214,Car,Electric,11
27215,Car,Electric,13
27216,Bus,Hybrid,10
27217,Truck,Diesel,0
27218,Truck,Diesel,11
27219,Truck,Diesel,10
27220,Truck,Hybrid,7
27221,Bus,Hybrid,1
27222,Car,Electric,3
27223,Truck,Hybrid,10
27224,Car,Hybrid,11
27225,Car,Hybrid,2
27226,Truck,Diesel,1
27227,Truck,Electric,9
27228,Truck,Hybrid,9
27229,Car,Hybrid,1
27230,Bus,Hybrid,9
27231,Truck,Diesel,5
27232,Car,Electric,2
27233,Car,Electric,9
27234,Truck,Hybrid,3
27235,Bus,Electric,3
27236,Truck,Diesel,1
27237,Truck,Hybrid,3
27238,Bus,Electric,1
27239,Truck,Hybrid,13
27240,Truck,Diesel,3
27241,Bus,Hybrid,12
27242,Car,Diesel,7
27243,Car,Hybrid,14
27244,Car,Hybrid,14
27245,Car,Electric,8
27246,Car,Electric,14
27247,Truck,Diesel,3
27248,Bus,Diesel,3
27249,Car,Diesel,14
27250,Bus,Electric,13
27251,Car,Hybrid,6
27252,Truck,Diesel,0
27253,Car,Hybrid,6
27254,Car,Hybrid,12
27255,Bus,Electric,8
27256,Bus,Electric,3
27257,Truck,Hybrid,14
27258,Bus,Diesel,1
27259,Bus,Electric,12
27260,Bus,Hybrid,14
27261,Truck,Electric,14
27262,Truck,Hybrid,3
27263,Truck,Electric,1
27264,Bus,Diesel,9
27265,Bus,Diesel,6
27266,Truck,Electric,5
27267,Bus,Electric,12
27268,Bus,Electric,11
27269,Car,Diesel,10
27270,Truck,Electric,1
27271,Truck,Diesel,14
27272,Bus,Electric,5
27273,Bus,Electric,8
27274,Car,Hybrid,10
27275,Truck,Diesel,13
27276,Truck,Electric,7
27277,Bus,Diesel,8
27278,Truck,Hybrid,4
27279,Bus,Diesel,13
27280,Car,Diesel,14
27281,Bus,Diesel,9
27282,Car,Diesel,1
27283,Bus,Diesel,4
27284,Car,Diesel,9
27285,Car,Diesel,13
27286,Truck,Electric,2
27287,Bus,Electric,13
27288,Truck,Diesel,10
27289,Truck,Diesel,13
27290,Bus,Electric,12
27291,Truck,Hybrid,13
27292,Truck,Electric,14
27293,Truck,Hybrid,3
27294,Bus,Diesel,6
27295,Truck,Diesel,1
27296,Truck,Electric,13
27297,Truck,Electric,5
27298,Bus,Electric,14
27299,Car,Diesel,10
27300,Car,Electric,0
27301,Car,Electric,9
27302,Car,Hybrid,2
27303,Truck,Diesel,10
27304,Bus,Diesel,6
27305,Truck,Diesel,10
27306,Bus,Electric,11
27307,Truck,Diesel,4
27308,Car,Electric,11
27309,Car,Hybrid,7
27310,Bus,Diesel,6
27311,Truck,Hybrid,6
27312,Car,Hybrid,13
27313,Bus,Diesel,0
27314,Truck,Diesel,0
27315,Bus,Electric,12
27316,Truck,Hybrid,5
27317,Truck,Hybrid,12
27318,Truck,Electric,7
27319,Bus,Diesel,2
27320,Bus,Hybrid,7
27321,Truck,Electric,7
27322,Car,Hybrid,0
27323,Truck,Hybrid,10
27324,Bus,Electric,4
27325,Truck,Hybrid,8
27326,Bus,Electric,10
27327,Truck,Electric,9
27328,Truck,Hybrid,13
27329,Car,Hybrid,9
27330,Car,Diesel,10
27331,Bus,Diesel,11
27332,Truck,Hybrid,2
27333,Bus,Diesel,8
27334,Truck,Diesel,12
27335,Truck,Electric,10
27336,Truck,Hybrid,8
27337,Car,Diesel,0
27338,Bus,Diesel,1
27339,Truck,Diesel,2
27340,Truck,Hybrid,13
27341,Bus,Electric,3
27342,Bus,Hybrid,11
27343,Truck,Electric,4
27344,Car,Diesel,4
27345,Car,Hybrid,9
27346,Truck,Electric,10
27347,Car,Diesel,4
27348,Bus,Diesel,2
27349,Car,Hybrid,5
27350,Bus,Electric,3
27351,Bus,Diesel,8
27352,Bus,Diesel,11
27353,Bus,Diesel,1
27354,Car,Electric,10
27355,Bus,Electric,0
27356,Truck,Diesel,6
27357,Bus,Electric,14
27358,Truck,Diesel,8
27359,Bus,Diesel,9
27360,Bus,Electric,8
27361,Car,Electric,2
27362,Bus,Hybrid,11
27363,Bus,Hybrid,14
27364,Car,Electric,10
27365,Car,Electric,12
27366,Truck,Electric,14
27367,Car,Electric,0
27368,Truck,Diesel,8
27369,Bus,Diesel,6
27370,Truck,Hybrid,7
27371,Car,Electric,10
27372,Bus,Hybrid,14
27373,Truck,Electric,5
27374,Truck,Electric,9
27375,Truck,Electric,5
27376,Bus,Diesel,10
27377,Truck,Hybrid,14
27378,Truck,Electric,3
27379,Car,Hybrid,1
27380,Truck,Hybrid,0
27381,Bus,Diesel,13
27382,Car,Diesel,5
27383,Bus,Electric,8
27384,Car,Hybrid,9
27385,Car,Diesel,9
27386,Truck,Hybrid,1
27387,Bus,Hybrid,0
27388,Truck,Electric,0
27389,Car,Hybrid,13
27390,Truck,Diesel,6
27391,Car,Electric,13
27392,Car,Electric,0
27393,Bus,Electric,8
27394,Bus,Diesel,8
27395,Bus,Electric,10
27396,Bus,Hybrid,2
27397,Truck,Electric,10
27398,Bus,Diesel,1
27399,Bus,Diesel,8
27400,Bus,Electric,13
27401,Car,Hybrid,13
27402,Car,Diesel,2
27403,Bus,Diesel,1
27404,Car,Diesel,3
27405,Car,Electric,14
27406,Truck,Diesel,6
27407,Car,Diesel,12
27408,Truck,Diesel,3
27409,Car,Electric,7
27410,Bus,Diesel,11
27411,Car,Diesel,4
27412,Car,Electric,13
27413,Truck,Electric,1
27414,Bus,Hybrid,12
27415,Truck,Diesel,9
27416,Bus,Electric,3
27417,Bus,Hybrid,12
27418,Truck,Diesel,11
27419,Car,Electric,12
27420,Bus,Electric,6
27421,Car,Diesel,12
27422,Truck,Diesel,0
27423,Truck,Hybrid,6
27424,Truck,Diesel,2
27425,Truck,Diesel,6
27426,Bus,Diesel,2
27427,Truck,Electric,11
27428,Car,Hybrid,11
27429,Car,Hybrid,7
27430,Bus,Hybrid,3
27431,Truck,Electric,0
27432,Bus,Diesel,0
27433,Bus,Electric,3
27434,Bus,Hybrid,8
27435,Truck,Diesel,4
27436,Car,Diesel,12
27437,Car,Hybrid,4
27438,Bus,Diesel,2
27439,Bus,Electric,4
27440,Car,Hybrid,6
27441,Car,Electric,2
27442,Truck,Diesel,4
27443,Bus,Hybrid,11
27444,Truck,Diesel,2
27445,Car,Hybrid,0
27446,Car,Hybrid,5
27447,Car,Hybrid,2
27448,Car,Hybrid,1
27449,Truck,Hybrid,2
27450,Car,Diesel,12
27451,Bus,Hybrid,4
27452,Car,Electric,4
27453,Bus,Hybrid,8
27454,Car,Electric,11
27455,Truck,Diesel,10
27456,Bus,Hybrid,8
27457,Truck,Hybrid,1
27458,Car,Electric,10
27459,Truck,Hybrid,5
27460,Car,Diesel,12
27461,Truck,Diesel,8
27462,Truck,Hybrid,8
27463,Bus,Electric,10
27464,Car,Diesel,5
27465,Truck,Hybrid,0
27466,Car,Electric,0
27467,Bus,Electric,8
27468,Truck,Diesel,14
27469,Car,Hybrid,2
27470,Truck,Diesel,4
27471,Truck,Electric,5
27472,Truck,Diesel,0
27473,Truck,Hybrid,14
27474,Bus,Diesel,0
27475,Bus,Electric,3
27476,Car,Diesel,5
27477,Car,Electric,7
27478,Truck,Electric,6
27479,Truck,Electric,13
27480,Truck,Diesel,1
27481,Bus,Hybrid,3
27482,Truck,Electric,4
27483,Car,Diesel,7
27484,Truck,Electric,6
27485,Bus,Diesel,3
27486,Truck,Electric,7
27487,Bus,Diesel,10
27488,Bus,Electric,7
27489,Bus,Electric,3
27490,Bus,Electric,10
27491,Car,Hybrid,11
27492,Bus,Diesel,11
27493,Car,Hybrid,1
27494,Car,Diesel,14
27495,Truck,Electric,13
27496,Truck,Diesel,2
27497,Bus,Diesel,4
27498,Truck,Electric,13
27499,Bus,Electric,0
27500,Truck,Electric,4
27501,Bus,Diesel,3
27502,Truck,Electric,4
27503,Truck,Electric,11
27504,Car,Diesel,11
27505,Truck,Hybrid,0
27506,Truck,Diesel,9
27507,Bus,Diesel,6
27508,Car,Diesel,9
27509,Bus,Electric,8
27510,Truck,Diesel,4
27511,Bus,Hybrid,2
27512,Car,Diesel,8
27513,Bus,Diesel,5
27514,Truck,Electric,11
27515,Bus,Electric,5
27516,Truck,Hybrid,9
27517,Car,Diesel,9
27518,Car,Diesel,12
27519,Bus,Diesel,2
27520,Car,Diesel,13
27521,Bus,Diesel,0
27522,Truck,Diesel,3
27523,Bus,Electric,13
27524,Truck,Hybrid,3
27525,Car,Diesel,2
27526,Truck,Diesel,12
27527,Truck,Electric,13
27528,Truck,Diesel,10
27529,Truck,Electric,4
27530,Truck,Hybrid,12
27531,Bus,Diesel,13
27532,Truck,Hybrid,8
27533,Truck,Diesel,8
27534,Truck,Hybrid,7
27535,Truck,Hybrid,11
27536,Truck,Diesel,9
27537,Truck,Hybrid,5
27538,Car,Electric,12
27539,Bus,Electric,3
27540,Truck,Hybrid,13
27541,Bus,Hybrid,1
27542,Car,Electric,11
27543,Car,Diesel,12
27544,Truck,Electric,9
27545,Bus,Hybrid,2
27546,Truck,Electric,8
27547,Car,Diesel,0
27548,Car,Electric,6
27549,Bus,Diesel,9
27550,Truck,Hybrid,5
27551,Bus,Electric,1
27552,Bus,Electric,4
27553,Car,Diesel,1
27554,Bus,Electric,13
27555,Car,Electric,8
27556,Truck,Diesel,4
27557,Bus,Electric,5
27558,Bus,Diesel,3
27559,Truck,Hybrid,14
27560,Bus,Electric,0
27561,Truck,Diesel,14
27562,Car,Diesel,2
27563,Car,Electric,4
27564,Bus,Diesel,2
27565,Car,Hybrid,7
27566,Car,Hybrid,1
27567,Truck,Electric,11
27568,Car,Hybrid,14
27569,Car,Electric,1
27570,Car,Electric,0
27571,Truck,Diesel,11
27572,Bus,Diesel,13
27573,Truck,Diesel,0
27574,Bus,Diesel,3
27575,Bus,Electric,7
27576,Car,Diesel,7
27577,Car,Diesel,7
27578,Truck,Hybrid,10
27579,Truck,Electric,0
27580,Truck,Hybrid,13
27581,Car,Hybrid,0
27582,Bus,Hybrid,6
27583,Truck,Diesel,6
27584,Bus,Electric,9
27585,Car,Hybrid,13
27586,Car,Hybrid,4
27587,Car,Electric,7
27588,Car,Diesel,5
27589,Bus,Hybrid,0
27590,Bus,Electric,13
27591,Truck,Diesel,6
27592,Bus,Diesel,14
27593,Bus,Diesel,7
27594,Bus,Diesel,11
27595,Truck,Diesel,7
27596,Bus,Electric,9
27597,Bus,Diesel,12
27598,Bus,Hybrid,14
27599,Car,Electric,8
27600,Bus,Hybrid,2
27601,Truck,Hybrid,13
27602,Truck,Diesel,1
27603,Truck,Diesel,7
27604,Truck,Electric,13
27605,Car,Electric,10
27606,Truck,Hybrid,3
27607,Car,Diesel,1
27608,Car,Diesel,1
27609,Car,Hybrid,1
27610,Truck,Diesel,4
27611,Truck,Electric,13
27612,Car,Hybrid,12
27613,Car,Diesel,7
27614,Truck,Hybrid,8
27615,Bus,Diesel,10
27616,Bus,Diesel,5
27617,Bus,Diesel,7
27618,Truck,Electric,14
27619,Truck,Hybrid,5
27620,Car,Electric,0
27621,Truck,Electric,10
27622,Truck,Hybrid,8
27623,Truck,Hybrid,9
27624,Car,Diesel,6
27625,Car,Diesel,1
27626,Bus,Hybrid,2
27627,Bus,Diesel,1
27628,Truck,Diesel,8
27629,Truck,Hybrid,7
27630,Car,Electric,4
27631,Bus,Hybrid,3
27632,Bus,Hybrid,6
27633,Bus,Electric,13
27634,Truck,Diesel,13
27635,Truck,Electric,8
27636,Truck,Electric,7
27637,Car,Hybrid,7
27638,Bus,Diesel,10
27639,Car,Diesel,1
27640,Bus,Electric,11
27641,Truck,Hybrid,11
27642,Car,Electric,9
27643,Car,Diesel,8
27644,Truck,Diesel,1
27645,Bus,Hybrid,7
27646,Bus,Hybrid,4
27647,Bus,Electric,10
27648,Bus,Hybrid,5
27649,Truck,Electric,9
27650,Truck,Hybrid,8
27651,Truck,Electric,7
27652,Truck,Diesel,4
27653,Car,Diesel,5
27654,Car,Diesel,4
27655,Car,Diesel,8
27656,Truck,Diesel,10
27657,Bus,Diesel,11
27658,Car,Hybrid,4
27659,Car,Hybrid,5
27660,Truck,Hybrid,0
27661,Bus,Electric,7
27662,Bus,Hybrid,13
27663,Bus,Hybrid,7
27664,Truck,Electric,13
27665,Bus,Electric,7
27666,Car,Diesel,12
27667,Car,Hybrid,13
27668,Car,Hybrid,11
27669,Truck,Electric,6
27670,Bus,Diesel,6
27671,Truck,Hybrid,5
27672,Bus,Electric,6
27673,Truck,Electric,8
27674,Car,Hybrid,4
27675,Truck,Electric,8
27676,Truck,Electric,13
27677,Truck,Hybrid,8
27678,Car,Diesel,3
27679,Truck,Hybrid,8
27680,Truck,Diesel,7
27681,Car,Electric,13
27682,Bus,Hybrid,10
27683,Truck,Hybrid,4
27684,Car,Diesel,9
27685,Truck,Electric,14
27686,Car,Hybrid,10
27687,Bus,Hybrid,2
27688,Bus,Electric,8
27689,Truck,Diesel,2
27690,Car,Hybrid,2
27691,Bus,Electric,2
27692,Bus,Hybrid,0
27693,Car,Hybrid,5
27694,Truck,Hybrid,2
27695,Bus,Diesel,9
27696,Bus,Electric,14
27697,Bus,Hybrid,2
27698,Truck,Hybrid,8
27699,Bus,Hybrid,6
27700,Car,Diesel,14
27701,Truck,Hybrid,13
27702,Bus,Electric,7
27703,Car,Diesel,0
27704,Car,Electric,7
27705,Truck,Hybrid,7
27706,Car,Hybrid,11
27707,Truck,Diesel,11
27708,Truck,Hybrid,13
27709,Truck,Electric,7
27710,Car,Electric,5
27711,Truck,Electric,9
27712,Truck,Hybrid,13
27713,Car,Hybrid,4
27714,Truck,Diesel,3
27715,Bus,Diesel,10
27716,Car,Electric,8
27717,Car,Electric,6
27718,Car,Diesel,11
27719,Bus,Diesel,14
27720,Truck,Electric,13
27721,Car,Diesel,14
27722,Car,Hybrid,0
27723,Car,Hybrid,10
27724,Bus,Diesel,0
27725,Bus,Diesel,0
27726,Bus,Hybrid,3
27727,Truck,Hybrid,8
27728,Truck,Electric,2
27729,Bus,Diesel,9
27730,Truck,Hybrid,0
27731,Bus,Diesel,13
27732,Truck,Hybrid,0
27733,Truck,Hybrid,2
27734,Bus,Diesel,12
27735,Car,Electric,14
27736,Car,Hybrid,10
27737,Truck,Diesel,14
27738,Truck,Hybrid,6
27739,Truck,Diesel,7
27740,Truck,Diesel,3
27741,Truck,Hybrid,11
27742,Truck,Electric,1
27743,Bus,Hybrid,6
27744,Car,Hybrid,8
27745,Car,Electric,9
27746,Bus,Electric,5
27747,Bus,Diesel,13
27748,Car,Diesel,1
27749,Car,Electric,8
27750,Truck,Electric,6
27751,Car,Hybrid,8
27752,Truck,Electric,10
27753,Truck,Hybrid,1
27754,Car,Hybrid,9
27755,Truck,Hybrid,3
27756,Truck,Electric,5
27757,Bus,Electric,9
27758,Car,Hybrid,6
27759,Bus,Electric,13
27760,Truck,Diesel,2
27761,Truck,Diesel,13
27762,Bus,Hybrid,12
27763,Bus,Electric,9
27764,Bus,Diesel,10
27765,Truck,Hybrid,10
27766,Car,Diesel,4
27767,Truck,Hybrid,10
27768,Bus,Hybrid,3
27769,Car,Hybrid,4
27770,Bus,Diesel,5
27771,Truck,Hybrid,5
27772,Car,Hybrid,13
27773,Car,Diesel,6
27774,Truck,Hybrid,5
27775,Bus,Diesel,13
27776,Bus,Hybrid,5
27777,Bus,Electric,3
27778,Truck,Electric,1
27779,Bus,Diesel,9
27780,Car,Hybrid,6
27781,Bus,Diesel,6
27782,Bus,Hybrid,10
27783,Car,Diesel,2
27784,Car,Electric,13
27785,Bus,Diesel,14
27786,Car,Electric,4
27787,Truck,Electric,5
27788,Car,Electric,9
27789,Truck,Diesel,8
27790,Car,Diesel,2
27791,Truck,Electric,12
27792,Truck,Diesel,2
27793,Bus,Hybrid,4
27794,Car,Electric,1
27795,Car,Hybrid,2
27796,Car,Electric,14
27797,Truck,Hybrid,14
27798,Bus,Electric,5
27799,Car,Electric,2
27800,Bus,Electric,0
27801,Bus,Diesel,6
27802,Truck,Hybrid,6
27803,Car,Electric,1
27804,Bus,Diesel,4
27805,Car,Electric,8
27806,Car,Hybrid,12
27807,Car,Electric,2
27808,Bus,Diesel,7
27809,Truck,Electric,3
27810,Truck,Electric,2
27811,Bus,Electric,1
27812,Car,Electric,13
27813,Car,Diesel,14
27814,Truck,Electric,12
27815,Bus,Hybrid,8
27816,Bus,Hybrid,10
27817,Truck,Electric,4
27818,Bus,Diesel,8
27819,Bus,Hybrid,7
27820,Truck,Electric,2
27821,Truck,Electric,3
27822,Bus,Diesel,11
27823,Bus,Electric,5
27824,Truck,Diesel,10
27825,Truck,Hybrid,9
27826,Car,Electric,11
27827,Bus,Diesel,4
27828,Bus,Electric,9
27829,Truck,Electric,9
27830,Truck,Hybrid,2
27831,Car,Electric,4
27832,Car,Diesel,4
27833,Truck,Diesel,8
27834,Bus,Diesel,3
27835,Car,Electric,7
27836,Truck,Electric,3
27837,Truck,Hybrid,9
27838,Truck,Electric,1
27839,Bus,Diesel,2
27840,Truck,Diesel,12
27841,Truck,Hybrid,3
27842,Bus,Diesel,7
27843,Truck,Diesel,8
27844,Truck,Diesel,11
27845,Car,Hybrid,11
27846,Truck,Hybrid,5
27847,Bus,Diesel,13
27848,Car,Diesel,7
27849,Truck,Electric,11
27850,Bus,Electric,9
27851,Truck,Diesel,4
27852,Car,Electric,4
27853,Bus,Diesel,7
27854,Car,Diesel,14
27855,Bus,Electric,14
27856,Bus,Hybrid,3
27857,Truck,Hybrid,12
27858,Bus,Hybrid,2
27859,Bus,Diesel,9
27860,Truck,Diesel,14
27861,Bus,Hybrid,1
27862,Bus,Hybrid,14
27863,Bus,Hybrid,12
27864,Bus,Diesel,11
27865,Truck,Diesel,7
27866,Truck,Electric,11
27867,Car,Electric,13
27868,Bus,Electric,11
27869,Truck,Hybrid,14
27870,Bus,Diesel,4
27871,Truck,Electric,11
27872,Car,Electric,5
27873,Bus,Electric,13
27874,Car,Electric,12
27875,Car,Hybrid,8
27876,Car,Diesel,13
27877,Truck,Diesel,12
27878,Bus,Diesel,2
27879,Truck,Electric,14
27880,Truck,Hybrid,3
27881,Bus,Hybrid,11
27882,Bus,Hybrid,1
27883,Bus,Diesel,5
27884,Bus,Diesel,14
27885,Truck,Hybrid,12
27886,Bus,Electric,8
27887,Bus,Diesel,11
27888,Bus,Diesel,1
27889,Car,Electric,4
27890,Bus,Electric,9
27891,Bus,Diesel,0
27892,Truck,Electric,12
27893,Car,Electric,11
27894,Truck,Electric,12
27895,Car,Electric,3
27896,Truck,Electric,7
27897,Truck,Hybrid,2
27898,Bus,Diesel,3
27899,Bus,Hybrid,1
27900,Car,Hybrid,8
27901,Car,Hybrid,4
27902,Car,Diesel,2
27903,Bus,Diesel,10
27904,Truck,Diesel,10
27905,Car,Hybrid,9
27906,Bus,Diesel,11
27907,Bus,Hybrid,6
27908,Truck,Electric,10
27909,Truck,Diesel,0
27910,Bus,Electric,8
27911,Truck,Hybrid,6
27912,Truck,Diesel,12
27913,Bus,Diesel,0
27914,Car,Electric,3
27915,Car,Hybrid,14
27916,Bus,Hybrid,6
27917,Car,Diesel,3
27918,Bus,Diesel,6
27919,Bus,Diesel,2
27920,Truck,Diesel,3
27921,Car,Diesel,11
27922,Bus,Hybrid,2
27923,Car,Diesel,12
27924,Car,Electric,3
27925,Car,Diesel,11
27926,Bus,Diesel,9
27927,Truck,Hybrid,12
27928,Car,Hybrid,2
27929,Bus,Hybrid,9
27930,Car,Electric,13
27931,Truck,Hybrid,9
27932,Car,Diesel,4
27933,Bus,Hybrid,3
27934,Car,Electric,2
27935,Car,Diesel,4
27936,Car,Diesel,9
27937,Truck,Electric,8
27938,Car,Hybrid,10
27939,Bus,Hybrid,0
27940,Car,Hybrid,13
27941,Car,Hybrid,13
27942,Car,Electric,3
27943,Truck,Electric,12
27944,Bus,Hybrid,6
27945,Car,Electric,3
27946,Bus,Diesel,7
27947,Bus,Hybrid,14
27948,Truck,Diesel,6
27949,Bus,Diesel,4
27950,Car,Diesel,9
27951,Truck,Hybrid,3
27952,Truck,Hybrid,7
27953,Bus,Hybrid,0
27954,Truck,Electric,1
27955,Bus,Hybrid,4
27956,Bus,Diesel,9
27957,Truck,Hybrid,6
27958,Car,Electric,8
27959,Bus,Hybrid,2
27960,Truck,Electric,4
27961,Truck,Diesel,10
27962,Bus,Diesel,1
27963,Bus,Diesel,5
27964,Bus,Diesel,5
27965,Bus,Diesel,3
27966,Car,Diesel,13
27967,Car,Electric,12
27968,Car,Diesel,1
27969,Car,Hybrid,14
27970,Truck,Electric,7
27971,Bus,Electric,7
27972,Truck,Hybrid,14
27973,Truck,Hybrid,12
27974,Car,Hybrid,0
27975,Truck,Hybrid,1
27976,Car,Hybrid,3
27977,Bus,Diesel,12
27978,Car,Electric,13
27979,Bus,Hybrid,11
27980,Car,Hybrid,11
27981,Truck,Electric,0
27982,Truck,Electric,5
27983,Car,Diesel,10
27984,Bus,Electric,1
27985,Bus,Hybrid,2
27986,Car,Electric,10
27987,Truck,Hybrid,8
27988,Bus,Electric,6
27989,Car,Electric,3
27990,Bus,Diesel,11
27991,Truck,Hybrid,9
27992,Bus,Diesel,0
27993,Car,Diesel,12
27994,Bus,Hybrid,3
27995,Bus,Electric,9
27996,Truck,Diesel,12
27997,Truck,Electric,5
27998,Truck,Electric,7
27999,Truck,Diesel,10
28000,Car,Diesel,8
28001,Bus,Diesel,14
28002,Bus,Electric,12
28003,Bus,Hybrid,3
28004,Bus,Hybrid,5
28005,Car,Diesel,1
28006,Truck,Electric,1
28007,Bus,Diesel,5
28008,Bus,Electric,8
28009,Truck,Hybrid,2
28010,Truck,Hybrid,3
28011,Bus,Diesel,10
28012,Truck,Diesel,8
28013,Bus,Hybrid,8
28014,Bus,Electric,10
28015,Bus,Hybrid,14
28016,Bus,Electric,12
28017,Bus,Diesel,4
28018,Bus,Hybrid,8
28019,Truck,Diesel,4
28020,Car,Hybrid,4
28021,Car,Diesel,6
28022,Bus,Hybrid,14
28023,Truck,Hybrid,5
28024,Bus,Diesel,9
28025,Truck,Hybrid,10
28026,Bus,Hybrid,6
28027,Bus,Hybrid,9
28028,Car,Hybrid,1
28029,Truck,Diesel,13
28030,Truck,Diesel,8
28031,Car,Hybrid,5
28032,Car,Hybrid,8
28033,Car,Diesel,0
28034,Car,Hybrid,1
28035,Truck,Electric,6
28036,Truck,Diesel,11
28037,Car,Hybrid,1
28038,Bus,Electric,5
28039,Bus,Hybrid,1
28040,Bus,Hybrid,13
28041,Bus,Hybrid,9
28042,Truck,Electric,4
28043,Truck,Electric,5
28044,Truck,Diesel,6
28045,Bus,Hybrid,14
28046,Car,Hybrid,12
28047,Bus,Electric,0
28048,Truck,Hybrid,1
28049,Bus,Hybrid,1
28050,Car,Hybrid,0
28051,Car,Electric,2
28052,Bus,Hybrid,11
28053,Truck,Hybrid,5
28054,Truck,Diesel,11
28055,Truck,Hybrid,10
28056,Bus,Electric,8
28057,Truck,Electric,2
28058,Bus,Hybrid,11
28059,Truck,Diesel,14
28060,Car,Hybrid,2
28061,Car,Hybrid,1
28062,Truck,Hybrid,12
28063,Bus,Electric,1
28064,Truck,Hybrid,6
28065,Bus,Electric,3
28066,Car,Diesel,5
28067,Bus,Hybrid,7
28068,Truck,Electric,13
28069,Car,Electric,13
28070,Bus,Electric,4
28071,Bus,Hybrid,12
28072,Car,Diesel,2
28073,Truck,Electric,1
28074,Car,Hybrid,14
28075,Truck,Electric,5
28076,Truck,Electric,10
28077,Bus,Hybrid,11
28078,Truck,Electric,7
28079,Truck,Electric,12
28080,Car,Hybrid,10
28081,Car,Diesel,12
28082,Truck,Diesel,9
28083,Bus,Diesel,13
28084,Car,Diesel,3
28085,Bus,Hybrid,1
28086,Car,Hybrid,2
28087,Car,Diesel,2
28088,Truck,Hybrid,14
28089,Car,Diesel,8
28090,Car,Electric,9
28091,Bus,Electric,3
28092,Car,Electric,5
28093,Car,Diesel,12
28094,Bus,Electric,8
28095,Truck,Diesel,11
28096,Truck,Hybrid,13
28097,Car,Electric,9
28098,Car,Electric,7
28099,Bus,Electric,12
28100,Truck,Hybrid,11
28101,Truck,Diesel,8
28102,Truck,Electric,5
28103,Bus,Electric,13
28104,Bus,Diesel,12
28105,Bus,Electric,1
28106,Car,Electric,4
28107,Truck,Electric,9
28108,Car,Diesel,2
28109,Car,Electric,2
28110,Bus,Hybrid,9
28111,Truck,Diesel,11
28112,Car,Electric,0
28113,Truck,Hybrid,10
28114,Car,Hybrid,3
28115,Bus,Hybrid,12
28116,Car,Hybrid,6
28117,Bus,Hybrid,2
28118,Truck,Electric,6
28119,Car,Hybrid,5
28120,Car,Diesel,13
28121,Bus,Electric,11
28122,Bus,Electric,0
28123,Truck,Hybrid,13
28124,Bus,Hybrid,4
28125,Truck,Electric,10
28126,Car,Diesel,5
28127,Truck,Electric,10
28128,Truck,Electric,8
28129,Truck,Hybrid,9
28130,Car,Diesel,5
28131,Car,Hybrid,10
28132,Bus,Hybrid,7
28133,Truck,Hybrid,1
28134,Car,Hybrid,0
28135,Truck,Diesel,13
28136,Truck,Hybrid,14
28137,Truck,Hybrid,0
28138,Car,Diesel,13
28139,Truck,Electric,6
28140,Truck,Hybrid,14
28141,Bus,Electric,14
28142,Truck,Hybrid,14
28143,Bus,Hybrid,7
28144,Truck,Diesel,7
28145,Bus,Diesel,11
28146,Car,Electric,2
28147,Car,Hybrid,4
28148,Truck,Diesel,14
28149,Bus,Hybrid,6
28150,Car,Hybrid,13
28151,Truck,Electric,12
28152,Truck,Hybrid,14
28153,Bus,Diesel,13
28154,Bus,Electric,8
28155,Truck,Diesel,4
28156,Bus,Electric,14
28157,Bus,Electric,12
28158,Car,Hybrid,13
28159,Bus,Electric,12
28160,Truck,Electric,14
28161,Bus,Hybrid,3
28162,Truck,Electric,14
28163,Truck,Electric,3
28164,Bus,Diesel,5
28165,Bus,Diesel,8
28166,Bus,Hybrid,13
28167,Car,Electric,12
28168,Car,Hybrid,0
28169,Bus,Hybrid,0
28170,Truck,Hybrid,0
28171,Bus,Diesel,3
28172,Car,Hybrid,14
28173,Car,Electric,3
28174,Bus,Diesel,10
28175,Truck,Diesel,7
28176,Truck,Diesel,13
28177,Car,Electric,4
28178,Car,Hybrid,13
28179,Car,Hybrid,9
28180,Truck,Diesel,3
28181,Car,Diesel,7
28182,Car,Hybrid,6
28183,Truck,Electric,13
28184,Car,Diesel,5
28185,Car,Diesel,1
28186,Bus,Electric,4
28187,Car,Diesel,12
28188,Bus,Electric,11
28189,Car,Hybrid,1
28190,Car,Hybrid,5
28191,Bus,Diesel,8
28192,Car,Hybrid,8
28193,Bus,Electric,5
28194,Car,Diesel,3
28195,Bus,Electric,9
28196,Bus,Hybrid,11
28197,Car,Hybrid,8
28198,Car,Hybrid,4
28199,Bus,Diesel,7
28200,Truck,Electric,11
28201,Car,Diesel,8
28202,Car,Hybrid,4
28203,Truck,Hybrid,5
28204,Truck,Diesel,3
28205,Bus,Electric,11
28206,Car,Hybrid,0
28207,Bus,Electric,0
28208,Car,Hybrid,4
28209,Truck,Diesel,2
28210,Bus,Hybrid,6
28211,Car,Diesel,12
28212,Car,Diesel,3
28213,Truck,Diesel,3
28214,Truck,Hybrid,3
28215,Car,Electric,5
28216,Truck,Electric,8
28217,Truck,Hybrid,11
28218,Bus,Diesel,11
28219,Car,Electric,12
28220,Bus,Electric,8
28221,Truck,Hybrid,12
28222,Car,Diesel,10
28223,Truck,Electric,4
28224,Truck,Hybrid,12
28225,Car,Hybrid,10
28226,Truck,Diesel,12
28227,Bus,Hybrid,7
28228,Car,Diesel,3
28229,Truck,Electric,11
28230,Truck,Hybrid,7
28231,Truck,Electric,9
28232,Car,Diesel,14
28233,Bus,Diesel,8
28234,Truck,Diesel,11
28235,Truck,Hybrid,7
28236,Truck,Hybrid,7
28237,Car,Hybrid,13
28238,Truck,Electric,8
28239,Truck,Electric,12
28240,Truck,Hybrid,9
28241,Car,Electric,13
28242,Bus,Diesel,7
28243,Car,Hybrid,3
28244,Bus,Diesel,13
28245,Bus,Diesel,4
28246,Car,Diesel,9
28247,Truck,Electric,5
28248,Bus,Diesel,4
28249,Truck,Electric,8
28250,Bus,Diesel,12
28251,Truck,Hybrid,12
28252,Truck,Diesel,14
28253,Car,Diesel,12
28254,Truck,Hybrid,1
28255,Bus,Electric,5
28256,Truck,Hybrid,12
28257,Truck,Diesel,9
28258,Truck,Diesel,1
28259,Bus,Electric,10
28260,Bus,Diesel,14
28261,Bus,Diesel,7
28262,Truck,Electric,7
28263,Car,Electric,4
28264,Bus,Electric,14
28265,Truck,Electric,11
28266,Bus,Diesel,9
28267,Car,Electric,7
28268,Truck,Electric,4
28269,Bus,Diesel,3
28270,Bus,Electric,8
28271,Car,Diesel,7
28272,Bus,Electric,3
28273,Truck,Electric,1
28274,Truck,Hybrid,1
28275,Car,Diesel,1
28276,Car,Electric,13
28277,Car,Hybrid,10
28278,Truck,Hybrid,11
28279,Car,Diesel,13
28280,Bus,Hybrid,12
28281,Bus,Diesel,14
28282,Truck,Hybrid,12
28283,Bus,Diesel,9
28284,Car,Electric,11
28285,Bus,Diesel,7
28286,Car,Hybrid,5
28287,Bus,Diesel,0
28288,Truck,Electric,11
28289,Car,Electric,12
28290,Bus,Hybrid,9
28291,Truck,Hybrid,3
28292,Bus,Hybrid,2
28293,Truck,Electric,9
28294,Bus,Electric,10
28295,Car,Hybrid,13
28296,Car,Electric,6
28297,Car,Electric,9
28298,Car,Hybrid,4
28299,Car,Electric,0
28300,Bus,Hybrid,11
28301,Bus,Electric,5
28302,Bus,Diesel,3
28303,Bus,Diesel,9
28304,Car,Electric,14
28305,Truck,Electric,14
28306,Car,Diesel,5
28307,Bus,Hybrid,6
28308,Car,Hybrid,8
28309,Car,Diesel,0
28310,Car,Hybrid,5
28311,Truck,Hybrid,12
28312,Car,Diesel,10
28313,Car,Diesel,7
28314,Truck,Electric,3
28315,Car,Diesel,9
28316,Car,Diesel,8
28317,Car,Hybrid,3
28318,Car,Hybrid,3
28319,Car,Electric,11
28320,Bus,Hybrid,13
28321,Car,Hybrid,8
28322,Truck,Hybrid,12
28323,Car,Diesel,3
28324,Bus,Hybrid,8
28325,Truck,Diesel,0
28326,Truck,Hybrid,7
28327,Car,Diesel,1
28328,Bus,Hybrid,7
28329,Car,Electric,4
28330,Bus,Electric,12
28331,Bus,Electric,12
28332,Car,Hybrid,13
28333,Bus,Electric,0
28334,Car,Diesel,0
28335,Bus,Electric,12
28336,Truck,Electric,5
28337,Car,Electric,0
28338,Bus,Electric,12
28339,Truck,Diesel,1
28340,Truck,Electric,10
28341,Truck,Hybrid,13
28342,Truck,Electric,14
28343,Car,Hybrid,2
28344,Bus,Hybrid,14
28345,Truck,Electric,10
28346,Bus,Electric,10
28347,Bus,Hybrid,1
28348,Bus,Diesel,8
28349,Car,Diesel,9
28350,Car,Electric,11
28351,Truck,Diesel,5
28352,Bus,Diesel,8
28353,Car,Electric,4
28354,Car,Hybrid,3
28355,Car,Hybrid,11
28356,Truck,Diesel,13
28357,Car,Hybrid,1
28358,Bus,Electric,3
28359,Car,Diesel,7
28360,Car,Hybrid,1
28361,Truck,Diesel,11
28362,Bus,Hybrid,7
28363,Car,Diesel,1
28364,Bus,Hybrid,0
28365,Bus,Hybrid,3
28366,Car,Electric,6
28367,Truck,Electric,1
28368,Bus,Electric,10
28369,Car,Diesel,2
28370,Bus,Diesel,11
28371,Bus,Diesel,5
28372,Bus,Hybrid,1
28373,Car,Hybrid,8
28374,Bus,Hybrid,14
28375,Bus,Diesel,5
28376,Truck,Electric,5
28377,Car,Diesel,11
28378,Car,Diesel,7
28379,Bus,Electric,0
28380,Truck,Electric,9
28381,Bus,Diesel,2
28382,Bus,Hybrid,1
28383,Car,Hybrid,13
28384,Truck,Electric,0
28385,Bus,Diesel,10
28386,Car,Hybrid,11
28387,Bus,Hybrid,14
28388,Bus,Electric,10
28389,Truck,Diesel,5
28390,Truck,Electric,13
28391,Truck,Diesel,3
28392,Bus,Diesel,5
28393,Truck,Diesel,7
28394,Car,Diesel,6
28395,Bus,Diesel,14
28396,Truck,Diesel,11
28397,Bus,Hybrid,2
28398,Bus,Hybrid,2
28399,Car,Hybrid,5
28400,Car,Hybrid,0
28401,Car,Diesel,2
28402,Bus,Hybrid,7
28403,Bus,Diesel,12
28404,Car,Electric,2
28405,Bus,Electric,0
28406,Car,Hybrid,12
28407,Car,Diesel,12
28408,Truck,Hybrid,9
28409,Car,Diesel,12
28410,Truck,Hybrid,13
28411,Car,Electric,11
28412,Bus,Electric,8
28413,Truck,Hybrid,1
28414,Bus,Hybrid,6
28415,Bus,Diesel,7
28416,Car,Electric,2
28417,Car,Hybrid,12
28418,Bus,Diesel,13
28419,Car,Electric,6
28420,Car,Diesel,9
28421,Car,Electric,3
28422,Bus,Electric,1
28423,Truck,Diesel,3
28424,Truck,Diesel,7
28425,Bus,Electric,14
28426,Car,Electric,1
28427,Car,Diesel,5
28428,Truck,Hybrid,9
28429,Bus,Diesel,2
28430,Bus,Hybrid,13
28431,Car,Diesel,2
28432,Car,Hybrid,5
28433,Car,Hybrid,13
28434,Bus,Electric,14
28435,Truck,Diesel,2
28436,Bus,Diesel,13
28437,Bus,Diesel,1
28438,Bus,Hybrid,12
28439,Truck,Hybrid,1
28440,Car,Electric,2
28441,Car,Hybrid,1
28442,Bus,Diesel,12
28443,Bus,Hybrid,5
28444,Truck,Hybrid,3
28445,Truck,Electric,0
28446,Car,Hybrid,2
28447,Bus,Diesel,14
28448,Truck,Diesel,9
28449,Truck,Diesel,12
28450,Bus,Diesel,10
28451,Bus,Electric,13
28452,Bus,Electric,2
28453,Bus,Diesel,3
28454,Bus,Diesel,5
28455,Bus,Hybrid,0
28456,Truck,Hybrid,1
28457,Bus,Hybrid,14
28458,Car,Hybrid,9
28459,Bus,Hybrid,2
28460,Car,Diesel,4
28461,Car,Hybrid,10
28462,Car,Hybrid,11
28463,Bus,Hybrid,6
28464,Bus,Electric,0
28465,Car,Electric,11
28466,Bus,Electric,12
28467,Truck,Diesel,1
28468,Truck,Electric,12
28469,Truck,Hybrid,3
28470,Truck,Hybrid,14
28471,Bus,Hybrid,9
28472,Car,Diesel,0
28473,Bus,Electric,10
28474,Truck,Electric,0
28475,Bus,Hybrid,10
28476,Bus,Hybrid,8
28477,Truck,Electric,5
28478,Car,Electric,1
28479,Bus,Hybrid,9
28480,Bus,Electric,6
28481,Truck,Electric,9
28482,Car,Diesel,13
28483,Truck,Hybrid,5
28484,Truck,Electric,10
28485,Bus,Diesel,5
28486,Car,Diesel,7
28487,Truck,Diesel,9
28488,Bus,Diesel,12
28489,Truck,Diesel,2
28490,Bus,Diesel,9
28491,Car,Diesel,1
28492,Truck,Hybrid,13
28493,Car,Hybrid,8
28494,Car,Hybrid,4
28495,Bus,Diesel,12
28496,Truck,Electric,5
28497,Truck,Diesel,10
28498,Bus,Hybrid,6
28499,Bus,Hybrid,12
28500,Car,Diesel,1
28501,Truck,Hybrid,10
28502,Truck,Electric,5
28503,Bus,Electric,11
28504,Bus,Electric,0
28505,Bus,Diesel,8
28506,Truck,Hybrid,11
28507,Truck,Hybrid,5
28508,Car,Electric,10
28509,Bus,Hybrid,6
28510,Car,Diesel,11
28511,Truck,Electric,4
28512,Car,Diesel,1
28513,Car,Diesel,3
28514,Car,Hybrid,11
28515,Bus,Diesel,4
28516,Truck,Electric,10
28517,Bus,Diesel,9
28518,Car,Hybrid,1
28519,Bus,Diesel,8
28520,Truck,Diesel,1
28521,Truck,Hybrid,1
28522,Car,Hybrid,1
28523,Car,Hybrid,1
28524,Bus,Hybrid,4
28525,Truck,Hybrid,13
28526,Truck,Hybrid,6
28527,Bus,Hybrid,0
28528,Truck,Diesel,13
28529,Car,Diesel,11
28530,Car,Diesel,8
28531,Bus,Electric,10
28532,Bus,Hybrid,13
28533,Bus,Diesel,5
28534,Car,Hybrid,11
28535,Bus,Electric,0
28536,Truck,Hybrid,0
28537,Bus,Diesel,8
28538,Truck,Electric,8
28539,Car,Hybrid,0
28540,Truck,Electric,13
28541,Truck,Hybrid,0
28542,Truck,Electric,4
28543,Car,Diesel,4
28544,Truck,Hybrid,6
28545,Truck,Hybrid,3
28546,Bus,Hybrid,9
28547,Bus,Diesel,0
28548,Bus,Electric,5
28549,Truck,Diesel,9
28550,Truck,Electric,12
28551,Car,Hybrid,2
28552,Truck,Electric,6
28553,Truck,Electric,13
28554,Car,Hybrid,0
28555,Truck,Hybrid,13
28556,Car,Electric,3
28557,Car,Hybrid,9
28558,Bus,Hybrid,11
28559,Truck,Electric,8
28560,Bus,Diesel,14
28561,Truck,Diesel,9
28562,Bus,Hybrid,13
28563,Car,Electric,5
28564,Car,Hybrid,1
28565,Car,Diesel,5
28566,Car,Diesel,8
28567,Truck,Electric,10
28568,Truck,Electric,0
28569,Bus,Diesel,11
28570,Truck,Electric,4
28571,Truck,Diesel,12
28572,Bus,Hybrid,7
28573,Car,Diesel,14
28574,Bus,Diesel,12
28575,Bus,Electric,6
28576,Car,Electric,9
28577,Bus,Electric,1
28578,Bus,Hybrid,7
28579,Bus,Electric,8
28580,Truck,Hybrid,9
28581,Car,Electric,13
28582,Car,Electric,7
28583,Bus,Diesel,11
28584,Truck,Diesel,5
28585,Car,Diesel,8
28586,Car,Hybrid,7
28587,Bus,Electric,3
28588,Bus,Diesel,12
28589,Bus,Electric,14
28590,Car,Diesel,11
28591,Bus,Electric,5
28592,Bus,Diesel,4
28593,Bus,Diesel,9
28594,Truck,Diesel,8
28595,Bus,Diesel,10
28596,Car,Diesel,14
28597,Bus,Electric,3
28598,Car,Diesel,0
28599,Truck,Electric,13
28600,Truck,Diesel,10
28601,Bus,Electric,8
28602,Car,Diesel,10
28603,Bus,Diesel,8
28604,Bus,Diesel,6
28605,Car,Hybrid,4
28606,Car,Electric,10
28607,Car,Electric,6
28608,Car,Diesel,8
28609,Car,Diesel,2
28610,Truck,Diesel,4
28611,Truck,Hybrid,2
28612,Truck,Diesel,7
28613,Car,Diesel,10
28614,Car,Electric,0
28615,Car,Hybrid,3
28616,Bus,Electric,6
28617,Truck,Hybrid,14
28618,Truck,Hybrid,12
28619,Bus,Electric,13
28620,Bus,Electric,8
28621,Truck,Hybrid,9
28622,Car,Hybrid,10
28623,Truck,Diesel,1
28624,Car,Diesel,13
28625,Truck,Electric,8
28626,Truck,Hybrid,13
28627,Bus,Electric,5
28628,Bus,Diesel,6
28629,Car,Diesel,3
28630,Car,Diesel,4
28631,Truck,Hybrid,0
28632,Bus,Electric,3
28633,Car,Hybrid,7
28634,Car,Hybrid,5
28635,Car,Diesel,6
28636,Truck,Diesel,0
28637,Car,Electric,6
28638,Car,Hybrid,5
28639,Bus,Electric,3
28640,Bus,Electric,1
28641,Bus,Electric,11
28642,Truck,Electric,12
28643,Bus,Diesel,1
28644,Bus,Electric,6
28645,Bus,Diesel,2
28646,Bus,Electric,1
28647,Car,Diesel,9
28648,Truck,Electric,2
28649,Car,Hybrid,9
28650,Car,Hybrid,1
28651,Truck,Diesel,13
28652,Car,Diesel,10
28653,Bus,Electric,13
28654,Truck,Hybrid,2
28655,Car,Electric,4
28656,Car,Diesel,9
28657,Bus,Electric,9
28658,Car,Hybrid,9
28659,Car,Hybrid,4
28660,Car,Hybrid,13
28661,Truck,Hybrid,6
28662,Truck,Hybrid,9
28663,Car,Diesel,10
28664,Car,Electric,2
28665,Bus,Electric,10
28666,Truck,Electric,2
28667,Truck,Diesel,6
28668,Truck,Diesel,13
28669,Car,Diesel,5
28670,Bus,Diesel,5
28671,Bus,Electric,3
28672,Car,Hybrid,10
28673,Car,Hybrid,12
28674,Bus,Diesel,13
28675,Bus,Electric,13
28676,Truck,Electric,3
28677,Car,Diesel,13
28678,Truck,Electric,14
28679,Bus,Hybrid,1
28680,Truck,Diesel,10
28681,Bus,Electric,5
28682,Bus,Electric,9
28683,Truck,Electric,10
28684,Car,Diesel,2
28685,Truck,Hybrid,5
28686,Truck,Electric,14
28687,Car,Diesel,11
28688,Car,Diesel,2
28689,Truck,Electric,2
28690,Bus,Diesel,0
28691,Truck,Hybrid,14
28692,Bus,Hybrid,14
28693,Car,Diesel,12
28694,Car,Electric,14
28695,Bus,Hybrid,4
28696,Truck,Electric,1
28697,Car,Diesel,9
28698,Bus,Hybrid,11
28699,Bus,Electric,1
28700,Truck,Diesel,14
28701,Bus,Electric,8
28702,Bus,Hybrid,1
28703,Truck,Diesel,10
28704,Car,Diesel,1
28705,Car,Electric,5
28706,Car,Electric,9
28707,Bus,Diesel,10
28708,Bus,Hybrid,0
28709,Truck,Hybrid,7
28710,Bus,Electric,12
28711,Bus,Electric,0
28712,Car,Electric,8
28713,Bus,Hybrid,3
28714,Bus,Hybrid,11
28715,Bus,Electric,14
28716,Truck,Electric,2
28717,Bus,Diesel,6
28718,Truck,Diesel,7
28719,Car,Diesel,11
28720,Bus,Diesel,13
28721,Truck,Electric,4
28722,Car,Hybrid,2
28723,Bus,Hybrid,13
28724,Truck,Diesel,3
28725,Truck,Hybrid,9
28726,Car,Diesel,5
28727,Bus,Electric,11
28728,Bus,Diesel,4
28729,Bus,Hybrid,3
28730,Truck,Hybrid,2
28731,Bus,Hybrid,5
28732,Truck,Electric,6
28733,Truck,Diesel,1
28734,Car,Electric,5
28735,Truck,Electric,2
28736,Car,Diesel,9
28737,Car,Hybrid,7
28738,Bus,Hybrid,13
28739,Car,Hybrid,1
28740,Bus,Hybrid,4
28741,Car,Electric,13
28742,Truck,Diesel,7
28743,Bus,Diesel,8
28744,Truck,Diesel,12
28745,Bus,Electric,6
28746,Truck,Hybrid,8
28747,Car,Hybrid,13
28748,Bus,Diesel,8
28749,Bus,Hybrid,14
28750,Bus,Electric,7
28751,Car,Hybrid,6
28752,Truck,Hybrid,5
28753,Car,Hybrid,12
28754,Car,Diesel,11
28755,Car,Electric,12
28756,Truck,Diesel,10
28757,Car,Electric,2
28758,Bus,Diesel,7
28759,Car,Electric,2
28760,Truck,Electric,14
28761,Bus,Diesel,10
28762,Truck,Diesel,8
28763,Car,Hybrid,8
28764,Truck,Electric,12
28765,Bus,Electric,9
28766,Truck,Electric,9
28767,Bus,Electric,13
28768,Bus,Electric,8
28769,Car,Hybrid,3
28770,Car,Hybrid,8
28771,Bus,Hybrid,11
28772,Truck,Electric,1
28773,Bus,Diesel,0
28774,Car,Diesel,7
28775,Truck,Electric,14
28776,Bus,Hybrid,5
28777,Car,Diesel,12
28778,Bus,Diesel,10
28779,Bus,Hybrid,9
28780,Bus,Electric,8
28781,Truck,Electric,8
28782,Car,Electric,2
28783,Car,Electric,1
28784,Bus,Electric,12
28785,Bus,Diesel,6
28786,Bus,Hybrid,4
28787,Truck,Diesel,12
28788,Car,Diesel,9
28789,Bus,Diesel,5
28790,Car,Hybrid,4
28791,Bus,Diesel,3
28792,Car,Diesel,0
28793,Bus,Electric,3
28794,Truck,Hybrid,9
28795,Bus,Electric,12
28796,Bus,Electric,12
28797,Bus,Diesel,12
28798,Bus,Electric,2
28799,Bus,Diesel,2
28800,Car,Electric,13
28801,Car,Hybrid,4
28802,Truck,Hybrid,0
28803,Bus,Electric,10
28804,Car,Diesel,5
28805,Car,Diesel,1
28806,Bus,Diesel,12
28807,Bus,Electric,0
28808,Truck,Diesel,10
28809,Truck,Electric,7
28810,Car,Hybrid,14
28811,Truck,Diesel,9
28812,Car,Electric,14
28813,Truck,Diesel,2
28814,Bus,Electric,13
28815,Truck,Diesel,5
28816,Car,Hybrid,1
28817,Truck,Electric,4
28818,Car,Electric,8
28819,Car,Hybrid,6
28820,Truck,Hybrid,3
28821,Truck,Diesel,2
28822,Car,Electric,14
28823,Bus,Electric,8
28824,Truck,Diesel,3
28825,Car,Diesel,4
28826,Bus,Electric,5
28827,Car,Hybrid,9
28828,Truck,Diesel,4
28829,Car,Electric,8
28830,Car,Diesel,0
28831,Car,Hybrid,10
28832,Truck,Electric,5
28833,Bus,Electric,3
28834,Bus,Electric,3
28835,Bus,Hybrid,2
28836,Bus,Diesel,13
28837,Truck,Hybrid,4
28838,Car,Hybrid,7
28839,Bus,Hybrid,3
28840,Bus,Electric,6
28841,Truck,Hybrid,13
28842,Car,Electric,7
28843,Car,Electric,14
28844,Bus,Diesel,4
28845,Bus,Diesel,9
28846,Car,Hybrid,0
28847,Truck,Electric,7
28848,Car,Electric,9
28849,Car,Diesel,2
28850,Bus,Electric,3
28851,Truck,Hybrid,9
28852,Truck,Electric,6
28853,Truck,Hybrid,8
28854,Bus,Diesel,3
28855,Truck,Diesel,12
28856,Truck,Electric,3
28857,Bus,Electric,5
28858,Car,Diesel,8
28859,Truck,Hybrid,3
28860,Car,Hybrid,9
28861,Truck,Hybrid,7
28862,Car,Diesel,2
28863,Car,Diesel,1
28864,Bus,Diesel,13
28865,Bus,Electric,3
28866,Truck,Diesel,13
28867,Truck,Hybrid,12
28868,Bus,Hybrid,3
28869,Truck,Diesel,6
28870,Truck,Diesel,13
28871,Bus,Hybrid,6
28872,Car,Diesel,8
28873,Truck,Electric,9
28874,Bus,Diesel,1
28875,Truck,Hybrid,3
28876,Truck,Hybrid,2
28877,Bus,Diesel,11
28878,Bus,Hybrid,2
28879,Truck,Diesel,6
28880,Truck,Hybrid,11
28881,Car,Hybrid,9
28882,Car,Hybrid,5
28883,Bus,Diesel,2
28884,Truck,Diesel,7
28885,Bus,Diesel,14
28886,Bus,Electric,7
28887,Truck,Electric,6
28888,Car,Electric,8
28889,Bus,Hybrid,13
28890,Bus,Hybrid,2
28891,Truck,Diesel,4
28892,Car,Hybrid,5
28893,Car,Electric,8
28894,Truck,Electric,3
28895,Bus,Diesel,14
28896,Truck,Hybrid,4
28897,Truck,Hybrid,8
28898,Car,Electric,11
28899,Bus,Diesel,10
28900,Bus,Electric,3
28901,Car,Hybrid,14
28902,Bus,Electric,1
28903,Bus,Electric,8
28904,Truck,Hybrid,10
28905,Truck,Hybrid,11
28906,Truck,Hybrid,2
28907,Bus,Electric,10
28908,Bus,Electric,5
28909,Bus,Electric,8
28910,Bus,Diesel,2
28911,Car,Diesel,7
28912,Car,Hybrid,8
28913,Bus,Diesel,2
28914,Truck,Hybrid,2
28915,Truck,Electric,3
28916,Car,Hybrid,12
28917,Car,Electric,0
28918,Bus,Hybrid,1
28919,Bus,Diesel,13
28920,Bus,Electric,0
28921,Bus,Electric,2
28922,Bus,Electric,5
28923,Truck,Diesel,7
28924,Truck,Diesel,4
28925,Bus,Diesel,7
28926,Truck,Electric,5
28927,Bus,Hybrid,0
28928,Bus,Hybrid,2
28929,Car,Diesel,13
28930,Truck,Hybrid,1
28931,Truck,Electric,5
28932,Car,Electric,7
28933,Truck,Diesel,5
28934,Car,Diesel,3
28935,Truck,Hybrid,3
28936,Bus,Hybrid,8
28937,Car,Hybrid,0
28938,Bus,Diesel,1
28939,Bus,Diesel,3
28940,Truck,Diesel,2
28941,Car,Electric,8
28942,Bus,Hybrid,4
28943,Bus,Diesel,7
28944,Car,Diesel,3
28945,Truck,Diesel,10
28946,Bus,Hybrid,3
28947,Truck,Hybrid,13
28948,Car,Electric,9
28949,Truck,Electric,12
28950,Car,Electric,10
28951,Truck,Electric,2
28952,Truck,Diesel,8
28953,Bus,Electric,9
28954,Truck,Diesel,1
28955,Bus,Diesel,10
28956,Car,Hybrid,11
28957,Car,Diesel,10
28958,Bus,Hybrid,2
28959,Truck,Electric,14
28960,Car,Electric,2
28961,Car,Hybrid,10
28962,Car,Hybrid,10
28963,Bus,Electric,14
28964,Car,Diesel,2
28965,Car,Diesel,3
28966,Car,Hybrid,4
28967,Car,Diesel,5
28968,Bus,Diesel,4
28969,Bus,Electric,8
28970,Truck,Hybrid,6
28971,Car,Electric,6
28972,Bus,Diesel,6
28973,Truck,Diesel,12
28974,Truck,Electric,11
28975,Car,Diesel,10
28976,Truck,Diesel,6
28977,Bus,Electric,1
28978,Truck,Diesel,7
28979,Truck,Electric,14
28980,Bus,Hybrid,11
28981,Truck,Diesel,9
28982,Truck,Diesel,0
28983,Truck,Electric,5
28984,Truck,Hybrid,11
28985,Car,Diesel,10
28986,Car,Diesel,2
28987,Bus,Hybrid,5
28988,Truck,Diesel,5
28989,Bus,Electric,7
28990,Car,Hybrid,3
28991,Truck,Hybrid,11
28992,Truck,Diesel,2
28993,Car,Hybrid,1
28994,Truck,Hybrid,11
28995,Truck,Hybrid,5
28996,Car,Diesel,2
28997,Bus,Hybrid,12
28998,Bus,Diesel,3
28999,Truck,Hybrid,8
29000,Car,Electric,6
29001,Bus,Hybrid,13
29002,Bus,Hybrid,0
29003,Truck,Hybrid,13
29004,Bus,Electric,3
29005,Car,Hybrid,10
29006,Bus,Electric,7
29007,Car,Electric,9
29008,Car,Electric,3
29009,Truck,Diesel,0
29010,Bus,Diesel,9
29011,Truck,Electric,12
29012,Bus,Diesel,1
29013,Truck,Electric,4
29014,Truck,Diesel,5
29015,Truck,Diesel,0
29016,Bus,Hybrid,4
29017,Truck,Diesel,7
29018,Car,Diesel,14
29019,Bus,Hybrid,7
29020,Car,Electric,1
29021,Truck,Hybrid,8
29022,Truck,Diesel,1
29023,Car,Diesel,3
29024,Truck,Electric,9
29025,Bus,Diesel,3
29026,Car,Hybrid,3
29027,Bus,Electric,6
29028,Bus,Hybrid,7
29029,Bus,Diesel,12
29030,Truck,Electric,7
29031,Truck,Diesel,3
29032,Car,Diesel,12
29033,Car,Hybrid,3
29034,Bus,Diesel,5
29035,Truck,Hybrid,14
29036,Truck,Diesel,8
29037,Truck,Hybrid,4
29038,Car,Hybrid,1
29039,Truck,Electric,12
29040,Bus,Electric,13
29041,Bus,Diesel,8
29042,Bus,Diesel,11
29043,Truck,Electric,8
29044,Bus,Hybrid,10
29045,Bus,Hybrid,0
29046,Car,Electric,8
29047,Car,Electric,6
29048,Truck,Diesel,0
29049,Truck,Hybrid,1
29050,Truck,Electric,1
29051,Truck,Hybrid,14
29052,Truck,Hybrid,7
29053,Car,Electric,0
29054,Car,Hybrid,10
29055,Car,Diesel,2
29056,Bus,Electric,12
29057,Bus,Hybrid,0
29058,Car,Electric,4
29059,Car,Electric,14
29060,Truck,Hybrid,3
29061,Car,Diesel,2
29062,Truck,Electric,7
29063,Car,Hybrid,11
29064,Truck,Electric,6
29065,Car,Electric,3
29066,Truck,Hybrid,0
29067,Bus,Diesel,6
29068,Bus,Hybrid,2
29069,Truck,Electric,4
29070,Truck,Diesel,11
29071,Bus,Diesel,7
29072,Car,Diesel,8
29073,Truck,Diesel,14
29074,Car,Electric,9
29075,Bus,Hybrid,10
29076,Bus,Hybrid,9
29077,Truck,Diesel,6
29078,Car,Diesel,5
29079,Bus,Hybrid,4
29080,Car,Diesel,4
29081,Bus,Hybrid,14
29082,Truck,Hybrid,12
29083,Car,Diesel,10
29084,Car,Hybrid,3
29085,Truck,Hybrid,6
29086,Truck,Hybrid,0
29087,Truck,Diesel,13
29088,Truck,Electric,11
29089,Bus,Electric,2
29090,Car,Electric,5
29091,Bus,Electric,9
29092,Truck,Electric,0
29093,Bus,Diesel,14
29094,Bus,Diesel,12
29095,Car,Electric,6
29096,Car,Electric,1
29097,Car,Hybrid,6
29098,Truck,Hybrid,13
29099,Truck,Hybrid,3
29100,Car,Electric,8
29101,Bus,Electric,4
29102,Car,Diesel,0
29103,Truck,Hybrid,11
29104,Bus,Hybrid,10
29105,Truck,Diesel,3
29106,Car,Diesel,10
29107,Car,Diesel,12
29108,Bus,Hybrid,3
29109,Car,Diesel,11
29110,Truck,Electric,14
29111,Truck,Electric,3
29112,Truck,Electric,11
29113,Bus,Diesel,2
29114,Truck,Hybrid,2
29115,Car,Hybrid,9
29116,Bus,Diesel,14
29117,Truck,Diesel,4
29118,Truck,Hybrid,4
29119,Car,Electric,10
29120,Car,Electric,1
29121,Bus,Hybrid,9
29122,Truck,Diesel,11
29123,Truck,Electric,9
29124,Car,Electric,12
29125,Bus,Electric,8
29126,Car,Diesel,2
29127,Car,Diesel,14
29128,Bus,Electric,3
29129,Truck,Diesel,14
29130,Truck,Hybrid,1
29131,Truck,Diesel,7
29132,Bus,Hybrid,6
29133,Bus,Electric,2
29134,Bus,Electric,14
29135,Bus,Hybrid,10
29136,Bus,Electric,10
29137,Car,Electric,4
29138,Truck,Electric,11
29139,Bus,Diesel,0
29140,Truck,Diesel,11
29141,Bus,Hybrid,5
29142,Truck,Hybrid,9
29143,Car,Diesel,5
29144,Truck,Electric,11
29145,Truck,Diesel,4
29146,Bus,Electric,8
29147,Truck,Hybrid,14
29148,Car,Hybrid,3
29149,Car,Hybrid,1
29150,Car,Diesel,11
29151,Bus,Diesel,6
29152,Bus,Electric,4
29153,Bus,Hybrid,6
29154,Bus,Electric,6
29155,Bus,Electric,6
29156,Car,Diesel,2
29157,Truck,Diesel,12
29158,Car,Electric,4
29159,Bus,Electric,12
29160,Car,Electric,0
29161,Truck,Diesel,5
29162,Bus,Electric,3
29163,Car,Diesel,1
29164,Car,Hybrid,2
29165,Truck,Hybrid,14
29166,Bus,Electric,14
29167,Bus,Diesel,2
29168,Truck,Hybrid,13
29169,Truck,Diesel,0
29170,Truck,Diesel,6
29171,Truck,Hybrid,9
29172,Bus,Electric,13
29173,Bus,Electric,2
29174,Car,Hybrid,6
29175,Car,Diesel,9
29176,Car,Electric,9
29177,Bus,Diesel,11
29178,Bus,Hybrid,14
29179,Bus,Electric,8
29180,Car,Electric,12
29181,Truck,Electric,14
29182,Truck,Hybrid,14
29183,Truck,Hybrid,12
29184,Truck,Hybrid,5
29185,Truck,Diesel,7
29186,Bus,Diesel,10
29187,Car,Diesel,10
29188,Truck,Electric,0
29189,Truck,Electric,7
29190,Truck,Electric,7
29191,Bus,Hybrid,11
29192,Truck,Hybrid,2
29193,Car,Electric,5
29194,Bus,Hybrid,13
29195,Bus,Diesel,14
29196,Bus,Diesel,13
29197,Truck,Hybrid,13
29198,Truck,Diesel,5
29199,Truck,Diesel,6
29200,Truck,Diesel,2
29201,Car,Electric,14
29202,Bus,Hybrid,9
29203,Truck,Hybrid,0
29204,Car,Electric,12
29205,Bus,Diesel,8
29206,Bus,Electric,5
29207,Bus,Diesel,4
29208,Truck,Electric,14
29209,Bus,Diesel,1
29210,Truck,Electric,3
29211,Car,Electric,4
29212,Bus,Diesel,9
29213,Car,Diesel,3
29214,Truck,Hybrid,9
29215,Truck,Hybrid,3
29216,Truck,Electric,10
29217,Bus,Electric,5
29218,Bus,Hybrid,14
29219,Car,Hybrid,14
29220,Truck,Diesel,3
29221,Car,Hybrid,12
29222,Truck,Electric,11
29223,Truck,Hybrid,8
29224,Car,Hybrid,11
29225,Truck,Hybrid,1
29226,Car,Hybrid,4
29227,Bus,Electric,13
29228,Car,Hybrid,2
29229,Car,Hybrid,7
29230,Truck,Electric,13
29231,Car,Hybrid,14
29232,Bus,Electric,2
29233,Bus,Hybrid,7
29234,Bus,Hybrid,7
29235,Bus,Hybrid,1
29236,Car,Diesel,10
29237,Bus,Hybrid,12
29238,Car,Electric,9
29239,Car,Diesel,12
29240,Truck,Hybrid,6
29241,Car,Electric,10
29242,Car,Hybrid,5
29243,Truck,Electric,10
29244,Bus,Hybrid,0
29245,Bus,Electric,1
29246,Car,Electric,3
29247,Truck,Diesel,1
29248,Car,Diesel,4
29249,Car,Electric,2
29250,Bus,Electric,14
29251,Truck,Diesel,5
29252,Car,Electric,8
29253,Bus,Hybrid,13
29254,Car,Hybrid,9
29255,Bus,Electric,6
29256,Truck,Electric,13
29257,Car,Diesel,4
29258,Truck,Diesel,0
29259,Bus,Electric,0
29260,Truck,Hybrid,0
29261,Truck,Diesel,14
29262,Truck,Hybrid,2
29263,Car,Hybrid,6
29264,Bus,Hybrid,14
29265,Truck,Hybrid,12
29266,Car,Diesel,8
29267,Bus,Electric,13
29268,Bus,Electric,5
29269,Bus,Diesel,6
29270,Truck,Hybrid,13
29271,Truck,Electric,10
29272,Truck,Electric,2
29273,Bus,Electric,10
29274,Bus,Hybrid,7
29275,Truck,Electric,9
29276,Truck,Diesel,5
29277,Bus,Electric,2
29278,Bus,Electric,12
29279,Car,Diesel,11
29280,Car,Hybrid,1
29281,Truck,Electric,8
29282,Bus,Hybrid,10
29283,Bus,Hybrid,6
29284,Car,Hybrid,13
29285,Bus,Electric,9
29286,Truck,Electric,9
29287,Car,Diesel,14
29288,Bus,Hybrid,12
29289,Bus,Diesel,8
29290,Truck,Electric,3
29291,Bus,Electric,3
29292,Car,Diesel,5
29293,Car,Diesel,1
29294,Bus,Hybrid,9
29295,Bus,Electric,0
29296,Bus,Hybrid,13
29297,Bus,Hybrid,9
29298,Car,Electric,2
29299,Truck,Electric,11
29300,Car,Hybrid,13
29301,Bus,Diesel,10
29302,Bus,Electric,4
29303,Car,Hybrid,1
29304,Car,Diesel,8
29305,Bus,Hybrid,12
29306,Car,Electric,12
29307,Bus,Diesel,0
29308,Car,Diesel,12
29309,Bus,Diesel,2
29310,Car,Electric,14
29311,Bus,Electric,4
29312,Truck,Hybrid,0
29313,Truck,Hybrid,3
29314,Car,Electric,9
29315,Truck,Hybrid,0
29316,Bus,Diesel,10
29317,Car,Electric,10
29318,Car,Electric,11
29319,Bus,Hybrid,10
29320,Bus,Electric,6
29321,Bus,Diesel,0
29322,Car,Electric,2
29323,Bus,Diesel,14
29324,Truck,Electric,3
29325,Car,Electric,3
29326,Bus,Electric,14
29327,Car,Hybrid,13
29328,Truck,Hybrid,12
29329,Truck,Diesel,6
29330,Bus,Hybrid,14
29331,Car,Electric,4
29332,Bus,Hybrid,14
29333,Car,Hybrid,10
29334,Bus,Diesel,7
29335,Bus,Electric,2
29336,Car,Diesel,13
29337,Car,Hybrid,7
29338,Truck,Electric,10
29339,Truck,Diesel,10
29340,Car,Diesel,12
29341,Truck,Electric,8
29342,Truck,Diesel,13
29343,Car,Diesel,8
29344,Car,Diesel,8
29345,Car,Hybrid,13
29346,Bus,Diesel,14
29347,Car,Hybrid,12
29348,Car,Diesel,0
29349,Car,Diesel,13
29350,Truck,Diesel,8
29351,Car,Diesel,7
29352,Truck,Electric,12
29353,Bus,Hybrid,14
29354,Car,Electric,1
29355,Car,Electric,2
29356,Truck,Electric,6
29357,Bus,Electric,2
29358,Car,Diesel,1
29359,Bus,Diesel,3
29360,Bus,Electric,8
29361,Car,Electric,14
29362,Bus,Hybrid,1
29363,Bus,Electric,0
29364,Car,Diesel,9
29365,Truck,Hybrid,14
29366,Car,Electric,13
29367,Bus,Hybrid,6
29368,Car,Electric,13
29369,Truck,Hybrid,10
29370,Bus,Hybrid,0
29371,Bus,Diesel,5
29372,Truck,Hybrid,13
29373,Truck,Electric,4
29374,Bus,Hybrid,10
29375,Truck,Electric,7
29376,Car,Electric,2
29377,Truck,Diesel,2
29378,Car,Hybrid,0
29379,Bus,Diesel,3
29380,Bus,Electric,9
29381,Bus,Hybrid,9
29382,Bus,Hybrid,5
29383,Bus,Electric,4
29384,Truck,Diesel,6
29385,Truck,Diesel,14
29386,Bus,Hybrid,11
29387,Truck,Diesel,10
29388,Truck,Hybrid,9
29389,Bus,Diesel,0
29390,Truck,Electric,2
29391,Bus,Electric,10
29392,Bus,Electric,13
29393,Bus,Hybrid,3
29394,Bus,Hybrid,14
29395,Truck,Electric,5
29396,Truck,Electric,3
29397,Car,Diesel,6
29398,Car,Electric,13
29399,Bus,Electric,9
29400,Car,Electric,14
29401,Truck,Hybrid,9
29402,Truck,Hybrid,14
29403,Car,Electric,2
29404,Car,Diesel,7
29405,Truck,Diesel,12
29406,Car,Electric,6
29407,Truck,Hybrid,2
29408,Truck,Electric,8
29409,Car,Diesel,12
29410,Car,Hybrid,9
29411,Bus,Hybrid,12
29412,Bus,Hybrid,4
29413,Bus,Electric,1
29414,Bus,Electric,8
29415,Bus,Electric,7
29416,Truck,Diesel,14
29417,Car,Hybrid,7
29418,Truck,Hybrid,0
29419,Bus,Diesel,13
29420,Bus,Diesel,3
29421,Car,Hybrid,6
29422,Truck,Hybrid,5
29423,Bus,Diesel,11
29424,Bus,Electric,8
29425,Bus,Electric,14
29426,Bus,Electric,7
29427,Truck,Diesel,8
29428,Truck,Hybrid,3
29429,Bus,Diesel,7
29430,Truck,Electric,13
29431,Bus,Electric,11
29432,Car,Electric,5
29433,Car,Diesel,8
29434,Car,Diesel,9
29435,Truck,Electric,0
29436,Bus,Electric,5
29437,Car,Hybrid,9
29438,Car,Diesel,9
29439,Truck,Hybrid,1
29440,Truck,Electric,14
29441,Car,Electric,11
29442,Bus,Electric,2
29443,Bus,Hybrid,8
29444,Bus,Diesel,4
29445,Car,Diesel,4
29446,Truck,Hybrid,0
29447,Bus,Diesel,9
29448,Car,Hybrid,11
29449,Car,Hybrid,13
29450,Truck,Diesel,11
29451,Bus,Diesel,1
29452,Car,Hybrid,8
29453,Bus,Diesel,6
29454,Bus,Diesel,12
29455,Bus,Hybrid,3
29456,Car,Electric,6
29457,Bus,Hybrid,14
29458,Truck,Diesel,9
29459,Car,Electric,11
29460,Car,Diesel,1
29461,Bus,Hybrid,11
29462,Bus,Hybrid,4
29463,Bus,Hybrid,11
29464,Car,Electric,8
29465,Truck,Diesel,14
29466,Truck,Electric,10
29467,Car,Hybrid,1
29468,Truck,Diesel,14
29469,Bus,Hybrid,2
29470,Car,Diesel,4
29471,Truck,Electric,4
29472,Car,Electric,14
29473,Truck,Electric,7
29474,Car,Electric,6
29475,Truck,Diesel,2
29476,Car,Diesel,4
29477,Car,Electric,7
29478,Car,Electric,4
29479,Car,Diesel,13
29480,Car,Hybrid,1
29481,Bus,Electric,9
29482,Car,Diesel,1
29483,Car,Electric,0
29484,Car,Diesel,5
29485,Truck,Electric,0
29486,Car,Electric,7
29487,Bus,Hybrid,0
29488,Car,Hybrid,7
29489,Truck,Hybrid,5
29490,Truck,Hybrid,8
29491,Car,Electric,2
29492,Car,Electric,13
29493,Car,Hybrid,13
29494,Car,Hybrid,6
29495,Truck,Electric,1
29496,Car,Diesel,4
29497,Truck,Hybrid,11
29498,Truck,Diesel,0
29499,Bus,Electric,4
29500,Truck,Diesel,7
29501,Car,Hybrid,9
29502,Car,Hybrid,2
29503,Car,Hybrid,14
29504,Car,Hybrid,5
29505,Bus,Hybrid,12
29506,Bus,Electric,3
29507,Bus,Diesel,7
29508,Bus,Electric,12
29509,Truck,Electric,13
29510,Bus,Electric,1
29511,Truck,Diesel,4
29512,Car,Diesel,5
29513,Truck,Electric,10
29514,Truck,Diesel,14
29515,Bus,Electric,7
29516,Car,Electric,1
29517,Car,Hybrid,8
29518,Bus,Diesel,6
29519,Truck,Hybrid,9
29520,Bus,Electric,12
29521,Truck,Electric,13
29522,Bus,Electric,3
29523,Bus,Hybrid,9
29524,Car,Hybrid,1
29525,Car,Electric,7
29526,Car,Hybrid,1
29527,Bus,Electric,1
29528,Car,Electric,12
29529,Car,Hybrid,14
29530,Bus,Diesel,8
29531,Car,Electric,3
29532,Truck,Electric,6
29533,Car,Hybrid,9
29534,Truck,Hybrid,13
29535,Car,Hybrid,3
29536,Bus,Electric,4
29537,Bus,Diesel,0
29538,Car,Diesel,14
29539,Truck,Diesel,9
29540,Car,Electric,0
29541,Bus,Hybrid,9
29542,Car,Diesel,9
29543,Bus,Diesel,13
29544,Truck,Diesel,2
29545,Truck,Electric,5
29546,Bus,Hybrid,11
29547,Truck,Hybrid,14
29548,Bus,Hybrid,0
29549,Bus,Hybrid,11
29550,Bus,Diesel,11
29551,Car,Hybrid,3
29552,Truck,Diesel,8
29553,Car,Electric,1
29554,Car,Electric,1
29555,Truck,Electric,14
29556,Car,Hybrid,1
29557,Bus,Hybrid,9
29558,Car,Diesel,9
29559,Bus,Hybrid,6
29560,Truck,Electric,6
29561,Car,Hybrid,5
29562,Truck,Diesel,1
29563,Bus,Electric,4
29564,Car,Electric,14
29565,Bus,Diesel,12
29566,Bus,Electric,5
29567,Bus,Diesel,5
29568,Truck,Diesel,9
29569,Truck,Hybrid,5
29570,Truck,Electric,14
29571,Car,Hybrid,5
29572,Bus,Hybrid,0
29573,Truck,Diesel,11
29574,Bus,Diesel,3
29575,Truck,Hybrid,0
29576,Bus,Diesel,12
29577,Truck,Electric,11
29578,Truck,Electric,14
29579,Truck,Hybrid,12
29580,Truck,Electric,2
29581,Bus,Hybrid,11
29582,Truck,Electric,10
29583,Truck,Diesel,13
29584,Truck,Electric,10
29585,Bus,Diesel,10
29586,Truck,Hybrid,10
29587,Bus,Electric,1
29588,Car,Diesel,1
29589,Bus,Diesel,5
29590,Car,Hybrid,0
29591,Truck,Hybrid,3
29592,Truck,Electric,8
29593,Bus,Electric,2
29594,Truck,Electric,7
29595,Truck,Diesel,8
29596,Bus,Hybrid,1
29597,Truck,Electric,4
29598,Car,Electric,5
29599,Car,Diesel,4
29600,Truck,Electric,5
29601,Truck,Diesel,4
29602,Car,Diesel,6
29603,Truck,Hybrid,4
29604,Car,Diesel,4
29605,Bus,Hybrid,11
29606,Car,Diesel,6
29607,Truck,Hybrid,2
29608,Truck,Diesel,9
29609,Car,Electric,6
29610,Car,Hybrid,7
29611,Truck,Hybrid,4
29612,Truck,Diesel,3
29613,Truck,Electric,1
29614,Bus,Electric,4
29615,Bus,Hybrid,5
29616,Car,Electric,13
29617,Car,Electric,10
29618,Bus,Diesel,8
29619,Bus,Electric,5
29620,Car,Electric,5
29621,Bus,Electric,5
29622,Car,Electric,7
29623,Truck,Diesel,5
29624,Car,Diesel,10
29625,Bus,Electric,10
29626,Bus,Diesel,12
29627,Bus,Hybrid,13
29628,Car,Diesel,0
29629,Bus,Diesel,0
29630,Car,Diesel,14
29631,Truck,Hybrid,9
29632,Truck,Hybrid,14
29633,Bus,Hybrid,11
29634,Car,Diesel,13
29635,Car,Hybrid,1
29636,Bus,Hybrid,12
29637,Car,Diesel,0
29638,Bus,Electric,2
29639,Bus,Diesel,2
29640,Truck,Diesel,3
29641,Bus,Diesel,5
29642,Car,Electric,12
29643,Bus,Diesel,12
29644,Truck,Diesel,9
29645,Truck,Electric,6
29646,Car,Diesel,13
29647,Bus,Diesel,8
29648,Car,Diesel,7
29649,Car,Electric,14
29650,Bus,Diesel,5
29651,Truck,Electric,8
29652,Car,Electric,3
29653,Car,Hybrid,10
29654,Truck,Diesel,5
29655,Bus,Diesel,6
29656,Bus,Hybrid,1
29657,Bus,Hybrid,11
29658,Truck,Diesel,0
29659,Car,Diesel,13
29660,Truck,Hybrid,9
29661,Car,Diesel,7
29662,Car,Diesel,12
29663,Bus,Diesel,7
29664,Bus,Hybrid,10
29665,Bus,Hybrid,6
29666,Truck,Electric,8
29667,Bus,Electric,8
29668,Truck,Diesel,11
29669,Bus,Diesel,2
29670,Bus,Electric,0
29671,Bus,Electric,14
29672,Truck,Electric,8
29673,Car,Diesel,0
29674,Truck,Diesel,11
29675,Truck,Electric,0
29676,Truck,Hybrid,11
29677,Car,Electric,12
29678,Truck,Hybrid,12
29679,Bus,Hybrid,12
29680,Car,Diesel,14
29681,Truck,Hybrid,4
29682,Truck,Hybrid,1
29683,Car,Electric,14
29684,Truck,Electric,1
29685,Car,Hybrid,4
29686,Bus,Electric,6
29687,Truck,Electric,5
29688,Truck,Electric,4
29689,Bus,Electric,2
29690,Truck,Hybrid,8
29691,Truck,Hybrid,7
29692,Car,Hybrid,13
29693,Truck,Hybrid,10
29694,Bus,Hybrid,2
29695,Truck,Diesel,6
29696,Car,Electric,2
29697,Bus,Diesel,10
29698,Bus,Hybrid,5
29699,Bus,Electric,2
29700,Bus,Hybrid,7
29701,Car,Diesel,2
29702,Car,Hybrid,4
29703,Car,Electric,2
29704,Car,Hybrid,13
29705,Truck,Hybrid,7
29706,Car,Electric,9
29707,Truck,Diesel,13
29708,Bus,Diesel,8
29709,Truck,Electric,14
29710,Truck,Electric,5
29711,Truck,Diesel,14
29712,Car,Electric,13
29713,Car,Diesel,9
29714,Bus,Hybrid,3
29715,Car,Diesel,9
29716,Truck,Electric,3
29717,Car,Hybrid,4
29718,Car,Electric,11
29719,Truck,Diesel,10
29720,Bus,Hybrid,14
29721,Car,Diesel,2
29722,Bus,Hybrid,10
29723,Truck,Electric,3
29724,Car,Diesel,13
29725,Bus,Hybrid,11
29726,Bus,Hybrid,14
29727,Truck,Hybrid,3
29728,Car,Diesel,0
29729,Bus,Electric,0
29730,Bus,Electric,8
29731,Bus,Hybrid,2
29732,Bus,Electric,4
29733,Bus,Diesel,1
29734,Bus,Electric,0
29735,Bus,Electric,6
29736,Bus,Diesel,9
29737,Bus,Diesel,8
29738,Bus,Electric,3
29739,Car,Electric,3
29740,Truck,Electric,2
29741,Truck,Hybrid,14
29742,Truck,Diesel,2
29743,Bus,Hybrid,1
29744,Truck,Hybrid,2
29745,Bus,Hybrid,12
29746,Car,Hybrid,4
29747,Truck,Electric,7
29748,Car,Diesel,7
29749,Car,Electric,4
29750,Bus,Diesel,14
29751,Truck,Hybrid,10
29752,Car,Diesel,0
29753,Truck,Diesel,9
29754,Car,Diesel,13
29755,Car,Diesel,1
29756,Bus,Electric,7
29757,Truck,Hybrid,9
29758,Bus,Electric,14
29759,Bus,Hybrid,13
29760,Bus,Electric,8
29761,Bus,Electric,10
29762,Bus,Electric,6
29763,Car,Diesel,8
29764,Truck,Diesel,11
29765,Truck,Diesel,8
29766,Bus,Diesel,13
29767,Truck,Electric,10
29768,Car,Electric,5
29769,Bus,Hybrid,5
29770,Car,Diesel,6
29771,Car,Diesel,0
29772,Bus,Diesel,10
29773,Car,Diesel,8
29774,Bus,Diesel,0
29775,Car,Diesel,7
29776,Truck,Electric,9
29777,Truck,Diesel,1
29778,Truck,Diesel,9
29779,Bus,Electric,14
29780,Car,Hybrid,10
29781,Car,Electric,12
29782,Truck,Diesel,12
29783,Truck,Electric,14
29784,Bus,Diesel,6
29785,Bus,Electric,4
29786,Car,Hybrid,7
29787,Bus,Diesel,12
29788,Bus,Electric,10
29789,Bus,Electric,9
29790,Truck,Electric,6
29791,Truck,Diesel,7
29792,Car,Electric,1
29793,Bus,Diesel,9
29794,Truck,Diesel,10
29795,Bus,Hybrid,8
29796,Car,Hybrid,11
29797,Bus,Electric,5
29798,Car,Diesel,10
29799,Car,Electric,5
29800,Truck,Diesel,5
29801,Bus,Diesel,0
29802,Truck,Electric,13
29803,Bus,Diesel,6
29804,Bus,Electric,1
29805,Car,Diesel,14
29806,Car,Electric,1
29807,Bus,Electric,4
29808,Truck,Hybrid,12
29809,Car,Hybrid,5
29810,Car,Diesel,0
29811,Bus,Electric,11
29812,Bus,Electric,13
29813,Car,Electric,13
29814,Truck,Electric,0
29815,Car,Electric,0
29816,Bus,Diesel,13
29817,Car,Hybrid,14
29818,Bus,Electric,6
29819,Car,Electric,11
29820,Bus,Electric,0
29821,Bus,Diesel,8
29822,Truck,Hybrid,2
29823,Bus,Hybrid,14
29824,Car,Electric,11
29825,Bus,Diesel,9
29826,Car,Hybrid,12
29827,Truck,Hybrid,1
29828,Car,Diesel,5
29829,Truck,Hybrid,14
29830,Truck,Diesel,1
29831,Bus,Hybrid,4
29832,Truck,Diesel,4
29833,Car,Electric,8
29834,Truck,Hybrid,11
29835,Truck,Hybrid,13
29836,Bus,Hybrid,13
29837,Car,Diesel,12
29838,Truck,Hybrid,3
29839,Bus,Hybrid,7
29840,Bus,Diesel,6
29841,Car,Hybrid,6
29842,Bus,Hybrid,0
29843,Truck,Diesel,5
29844,Bus,Diesel,5
29845,Car,Diesel,9
29846,Car,Hybrid,7
29847,Bus,Electric,5
29848,Truck,Diesel,7
29849,Bus,Hybrid,12
29850,Car,Electric,5
29851,Bus,Electric,7
29852,Bus,Diesel,4
29853,Truck,Diesel,8
29854,Bus,Diesel,11
29855,Truck,Diesel,3
29856,Bus,Diesel,5
29857,Bus,Hybrid,10
29858,Truck,Hybrid,1
29859,Truck,Diesel,2
29860,Car,Hybrid,3
29861,Truck,Diesel,2
29862,Bus,Diesel,11
29863,Car,Electric,12
29864,Truck,Diesel,14
29865,Truck,Electric,6
29866,Car,Hybrid,8
29867,Bus,Diesel,5
29868,Bus,Electric,2
29869,Car,Electric,13
29870,Bus,Hybrid,12
29871,Truck,Electric,14
29872,Bus,Diesel,12
29873,Truck,Diesel,8
29874,Bus,Electric,0
29875,Truck,Diesel,14
29876,Car,Diesel,4
29877,Truck,Electric,13
29878,Bus,Hybrid,12
29879,Truck,Hybrid,10
29880,Bus,Diesel,10
29881,Bus,Electric,14
29882,Truck,Diesel,9
29883,Bus,Diesel,14
29884,Car,Electric,9
29885,Bus,Hybrid,4
29886,Car,Diesel,1
29887,Car,Hybrid,4
29888,Bus,Diesel,0
29889,Car,Electric,0
29890,Car,Electric,10
29891,Truck,Hybrid,13
29892,Car,Diesel,3
29893,Car,Electric,14
29894,Car,Diesel,14
29895,Car,Diesel,5
29896,Car,Hybrid,12
29897,Bus,Diesel,13
29898,Car,Diesel,10
29899,Bus,Hybrid,1
29900,Bus,Electric,4
29901,Bus,Diesel,10
29902,Truck,Diesel,9
29903,Truck,Electric,4
29904,Bus,Hybrid,2
29905,Truck,Electric,3
29906,Car,Diesel,10
29907,Bus,Diesel,12
29908,Bus,Hybrid,1
29909,Bus,Hybrid,12
29910,Truck,Electric,6
29911,Truck,Hybrid,12
29912,Truck,Electric,2
29913,Car,Electric,12
29914,Truck,Diesel,5
29915,Bus,Electric,8
29916,Truck,Electric,6
29917,Truck,Hybrid,3
29918,Truck,Hybrid,1
29919,Truck,Diesel,11
29920,Bus,Diesel,14
29921,Truck,Diesel,13
29922,Bus,Electric,6
29923,Truck,Hybrid,7
29924,Car,Electric,2
29925,Car,Diesel,10
29926,Bus,Hybrid,13
29927,Bus,Electric,6
29928,Car,Hybrid,0
29929,Car,Electric,10
29930,Truck,Diesel,7
29931,Car,Electric,6
29932,Bus,Electric,5
29933,Bus,Diesel,10
29934,Car,Diesel,14
29935,Bus,Electric,14
29936,Truck,Electric,14
29937,Truck,Electric,2
29938,Car,Diesel,3
29939,Bus,Diesel,7
29940,Car,Diesel,0
29941,Bus,Hybrid,12
29942,Bus,Hybrid,1
29943,Bus,Diesel,13
29944,Truck,Hybrid,0
29945,Bus,Hybrid,3
29946,Truck,Electric,5
29947,Bus,Electric,4
29948,Car,Electric,12
29949,Truck,Hybrid,5
29950,Truck,Hybrid,1
29951,Truck,Electric,14
29952,Car,Electric,4
29953,Truck,Diesel,0
29954,Car,Hybrid,12
29955,Bus,Electric,5
29956,Bus,Electric,3
29957,Car,Electric,12
29958,Truck,Hybrid,11
29959,Truck,Electric,12
29960,Car,Electric,9
29961,Bus,Electric,8
29962,Car,Electric,11
29963,Truck,Electric,12
29964,Truck,Diesel,2
29965,Truck,Electric,2
29966,Truck,Diesel,14
29967,Bus,Hybrid,8
29968,Bus,Hybrid,14
29969,Bus,Hybrid,13
29970,Truck,Hybrid,3
29971,Truck,Hybrid,6
29972,Truck,Electric,9
29973,Car,Electric,13
29974,Truck,Hybrid,1
29975,Bus,Electric,0
29976,Bus,Diesel,9
29977,Bus,Diesel,12
29978,Car,Electric,13
29979,Bus,Hybrid,0
29980,Car,Hybrid,5
29981,Car,Diesel,3
29982,Car,Electric,1
29983,Truck,Diesel,12
29984,Truck,Electric,6
29985,Bus,Hybrid,7
29986,Bus,Diesel,13
29987,Car,Electric,13
29988,Truck,Hybrid,6
29989,Bus,Electric,9
29990,Bus,Hybrid,8
29991,Truck,Electric,0
29992,Car,Diesel,9
29993,Bus,Electric,5
29994,Bus,Diesel,7
29995,Truck,Diesel,8
29996,Truck,Diesel,10
29997,Car,Hybrid,7
29998,Car,Diesel,5
29999,Bus,Diesel,7
30000,Car,Diesel,7
30001,Bus,Hybrid,0
30002,Bus,Electric,7
30003,Truck,Hybrid,6
30004,Bus,Hybrid,7
30005,Truck,Electric,7
30006,Bus,Electric,11
30007,Bus,Diesel,9
30008,Bus,Diesel,13
30009,Car,Electric,10
30010,Car,Electric,9
30011,Truck,Hybrid,5
30012,Bus,Hybrid,8
30013,Truck,Hybrid,2
30014,Truck,Electric,9
30015,Bus,Diesel,0
30016,Car,Hybrid,13
30017,Car,Hybrid,8
30018,Truck,Electric,13
30019,Car,Hybrid,9
30020,Bus,Electric,13
30021,Bus,Diesel,9
30022,Car,Hybrid,1
30023,Car,Hybrid,2
30024,Truck,Hybrid,10
30025,Car,Electric,3
30026,Truck,Electric,7
30027,Bus,Diesel,10
30028,Bus,Electric,8
30029,Bus,Hybrid,2
30030,Car,Hybrid,1
30031,Car,Electric,1
30032,Car,Diesel,10
30033,Truck,Electric,8
30034,Truck,Electric,11
30035,Truck,Hybrid,7
30036,Bus,Hybrid,1
30037,Truck,Hybrid,12
30038,Car,Electric,7
30039,Car,Electric,3
30040,Bus,Diesel,5
30041,Car,Hybrid,4
30042,Car,Diesel,4
30043,Car,Hybrid,12
30044,Truck,Diesel,9
30045,Truck,Hybrid,9
30046,Car,Electric,6
30047,Car,Hybrid,7
30048,Car,Diesel,4
30049,Car,Diesel,12
30050,Truck,Hybrid,3
30051,Bus,Electric,1
30052,Car,Hybrid,4
30053,Truck,Electric,7
30054,Car,Hybrid,0
30055,Bus,Electric,5
30056,Truck,Hybrid,1
30057,Truck,Hybrid,1
30058,Bus,Electric,7
30059,Bus,Electric,5
30060,Truck,Hybrid,5
30061,Bus,Diesel,5
30062,Car,Electric,8
30063,Bus,Diesel,13
30064,Bus,Diesel,14
30065,Truck,Diesel,12
30066,Bus,Diesel,2
30067,Truck,Hybrid,1
30068,Car,Electric,13
30069,Bus,Hybrid,4
30070,Bus,Hybrid,5
30071,Truck,Hybrid,8
30072,Truck,Hybrid,8
30073,Bus,Hybrid,1
30074,Truck,Electric,8
30075,Bus,Hybrid,8
30076,Car,Hybrid,12
30077,Bus,Hybrid,5
30078,Car,Diesel,0
30079,Car,Hybrid,10
30080,Truck,Electric,7
30081,Truck,Electric,7
30082,Truck,Electric,7
30083,Truck,Diesel,12
30084,Bus,Electric,12
30085,Car,Diesel,7
30086,Bus,Electric,9
30087,Car,Diesel,4
30088,Car,Electric,1
30089,Car,Hybrid,8
30090,Bus,Electric,11
30091,Truck,Electric,10
30092,Bus,Electric,5
30093,Car,Hybrid,2
30094,Bus,Diesel,0
30095,Car,Diesel,14
30096,Truck,Hybrid,11
30097,Truck,Hybrid,4
30098,Bus,Diesel,3
30099,Truck,Diesel,12
30100,Car,Diesel,12
30101,Car,Diesel,12
30102,Truck,Diesel,3
30103,Truck,Hybrid,8
30104,Truck,Diesel,12
30105,Bus,Diesel,5
30106,Bus,Electric,7
30107,Car,Hybrid,8
30108,Bus,Hybrid,12
30109,Bus,Diesel,0
30110,Car,Electric,6
30111,Car,Electric,6
30112,Truck,Diesel,13
30113,Truck,Electric,14
30114,Bus,Diesel,13
30115,Car,Hybrid,8
30116,Bus,Electric,0
30117,Bus,Diesel,1
30118,Car,Diesel,13
30119,Car,Diesel,5
30120,Car,Hybrid,3
30121,Car,Electric,4
30122,Bus,Hybrid,14
30123,Bus,Hybrid,4
30124,Bus,Electric,9
30125,Car,Hybrid,0
30126,Truck,Diesel,0
30127,Bus,Electric,12
30128,Truck,Hybrid,6
30129,Truck,Electric,2
30130,Truck,Hybrid,4
30131,Car,Diesel,7
30132,Car,Hybrid,4
30133,Bus,Electric,9
30134,Bus,Hybrid,8
30135,Car,Diesel,3
30136,Car,Diesel,14
30137,Truck,Diesel,6
30138,Car,Hybrid,12
30139,Car,Electric,14
30140,Car,Hybrid,7
30141,Car,Hybrid,6
30142,Truck,Hybrid,14
30143,Bus,Electric,12
30144,Truck,Diesel,3
30145,Car,Diesel,7
30146,Car,Diesel,9
30147,Bus,Electric,10
30148,Bus,Hybrid,9
30149,Bus,Hybrid,12
30150,Truck,Hybrid,9
30151,Bus,Electric,13
30152,Car,Hybrid,3
30153,Car,Electric,9
30154,Car,Diesel,12
30155,Truck,Diesel,11
30156,Bus,Electric,7
30157,Bus,Diesel,7
30158,Bus,Electric,3
30159,Bus,Hybrid,4
30160,Car,Diesel,4
30161,Truck,Diesel,4
30162,Bus,Hybrid,2
30163,Car,Hybrid,12
30164,Car,Electric,1
30165,Truck,Diesel,13
30166,Bus,Hybrid,0
30167,Truck,Diesel,10
30168,Bus,Diesel,2
30169,Truck,Diesel,8
30170,Bus,Diesel,6
30171,Bus,Electric,1
30172,Truck,Hybrid,10
30173,Bus,Diesel,7
30174,Truck,Hybrid,10
30175,Truck,Hybrid,12
30176,Bus,Electric,13
30177,Bus,Electric,7
30178,Truck,Diesel,6
30179,Car,Diesel,11
30180,Truck,Electric,10
30181,Car,Hybrid,5
30182,Car,Hybrid,14
30183,Truck,Electric,1
30184,Truck,Diesel,14
30185,Truck,Diesel,3
30186,Car,Diesel,0
30187,Truck,Electric,6
30188,Truck,Electric,14
30189,Bus,Hybrid,10
30190,Bus,Electric,1
30191,Bus,Diesel,5
30192,Truck,Hybrid,8
30193,Truck,Diesel,4
30194,Truck,Diesel,4
30195,Car,Hybrid,3
30196,Car,Diesel,0
30197,Bus,Hybrid,3
30198,Car,Diesel,8
30199,Car,Diesel,13
30200,Car,Hybrid,8
30201,Bus,Diesel,6
30202,Bus,Diesel,12
30203,Car,Hybrid,3
30204,Truck,Hybrid,12
30205,Bus,Hybrid,8
30206,Car,Electric,4
30207,Truck,Diesel,11
30208,Truck,Hybrid,11
30209,Bus,Diesel,9
30210,Truck,Hybrid,12
30211,Bus,Diesel,1
30212,Car,Diesel,8
30213,Bus,Hybrid,5
30214,Truck,Hybrid,4
30215,Bus,Electric,10
30216,Bus,Hybrid,9
30217,Car,Hybrid,11
30218,Truck,Hybrid,7
30219,Bus,Electric,1
30220,Car,Diesel,4
30221,Car,Electric,9
30222,Car,Diesel,7
30223,Car,Hybrid,3
30224,Car,Hybrid,9
30225,Bus,Hybrid,9
30226,Bus,Electric,10
30227,Truck,Electric,8
30228,Bus,Hybrid,6
30229,Truck,Electric,11
30230,Truck,Hybrid,6
30231,Truck,Electric,8
30232,Bus,Hybrid,2
30233,Car,Electric,14
30234,Truck,Diesel,13
30235,Car,Hybrid,13
30236,Truck,Electric,12
30237,Bus,Electric,12
30238,Truck,Hybrid,2
30239,Bus,Electric,12
30240,Car,Diesel,12
30241,Bus,Diesel,9
30242,Car,Electric,6
30243,Bus,Hybrid,1
30244,Truck,Electric,9
30245,Truck,Electric,13
30246,Bus,Diesel,14
30247,Car,Electric,14
30248,Car,Hybrid,2
30249,Car,Diesel,5
30250,Bus,Electric,12
30251,Bus,Hybrid,14
30252,Bus,Diesel,8
30253,Bus,Hybrid,13
30254,Car,Hybrid,3
30255,Car,Hybrid,14
30256,Bus,Electric,4
30257,Bus,Diesel,14
30258,Car,Electric,5
30259,Car,Diesel,2
30260,Truck,Hybrid,1
30261,Bus,Hybrid,3
30262,Truck,Electric,5
30263,Car,Hybrid,3
30264,Car,Hybrid,11
30265,Bus,Hybrid,7
30266,Truck,Diesel,8
30267,Car,Diesel,13
30268,Truck,Electric,7
30269,Truck,Diesel,13
30270,Truck,Hybrid,6
30271,Truck,Hybrid,1
30272,Truck,Hybrid,9
30273,Bus,Electric,1
30274,Bus,Hybrid,9
30275,Truck,Hybrid,4
30276,Bus,Electric,3
30277,Car,Diesel,3
30278,Truck,Diesel,3
30279,Bus,Diesel,6
30280,Bus,Electric,2
30281,Car,Electric,1
30282,Car,Hybrid,4
30283,Car,Hybrid,12
30284,Car,Electric,5
30285,Truck,Electric,13
30286,Bus,Hybrid,7
30287,Bus,Hybrid,10
30288,Car,Hybrid,14
30289,Bus,Diesel,14
30290,Bus,Diesel,2
30291,Bus,Hybrid,13
30292,Car,Electric,13
30293,Bus,Diesel,14
30294,Bus,Hybrid,3
30295,Bus,Diesel,3
30296,Truck,Electric,3
30297,Truck,Electric,6
30298,Bus,Electric,3
30299,Bus,Hybrid,13
30300,Bus,Hybrid,6
30301,Bus,Diesel,3
30302,Bus,Hybrid,13
30303,Bus,Hybrid,14
30304,Truck,Hybrid,9
30305,Car,Diesel,7
30306,Bus,Hybrid,4
30307,Bus,Electric,1
30308,Bus,Hybrid,12
30309,Car,Hybrid,8
30310,Bus,Electric,14
30311,Bus,Diesel,8
30312,Car,Hybrid,14
30313,Bus,Hybrid,0
30314,Car,Hybrid,4
30315,Car,Hybrid,2
30316,Bus,Electric,9
30317,Truck,Hybrid,10
30318,Truck,Diesel,4
30319,Bus,Electric,3
30320,Car,Electric,2
30321,Car,Diesel,6
30322,Car,Hybrid,4
30323,Bus,Hybrid,0
30324,Truck,Hybrid,3
30325,Car,Diesel,0
30326,Car,Electric,14
30327,Bus,Hybrid,2
30328,Truck,Diesel,10
30329,Truck,Diesel,9
30330,Bus,Hybrid,14
30331,Truck,Diesel,9
30332,Bus,Hybrid,4
30333,Car,Hybrid,5
30334,Bus,Hybrid,10
30335,Car,Electric,0
30336,Bus,Diesel,9
30337,Car,Electric,8
30338,Car,Hybrid,12
30339,Bus,Diesel,13
30340,Car,Hybrid,8
30341,Truck,Diesel,0
30342,Bus,Hybrid,6
30343,Truck,Diesel,3
30344,Car,Hybrid,12
30345,Car,Hybrid,13
30346,Car,Electric,1
30347,Bus,Electric,11
30348,Car,Diesel,10
30349,Truck,Diesel,10
30350,Truck,Electric,1
30351,Bus,Hybrid,5
30352,Truck,Hybrid,14
30353,Bus,Diesel,5
30354,Bus,Diesel,4
30355,Car,Hybrid,2
30356,Truck,Electric,10
30357,Truck,Diesel,6
30358,Truck,Hybrid,2
30359,Car,Diesel,12
30360,Bus,Electric,10
30361,Truck,Diesel,6
30362,Truck,Hybrid,1
30363,Truck,Electric,14
30364,Truck,Hybrid,7
30365,Car,Electric,1
30366,Bus,Hybrid,1
30367,Truck,Diesel,3
30368,Truck,Electric,9
30369,Bus,Electric,0
30370,Car,Electric,10
30371,Car,Diesel,6
30372,Car,Electric,1
30373,Car,Diesel,14
30374,Truck,Diesel,13
30375,Bus,Electric,14
30376,Bus,Hybrid,13
30377,Bus,Electric,5
30378,Car,Hybrid,13
30379,Car,Hybrid,4
30380,Bus,Electric,13
30381,Truck,Electric,4
30382,Car,Hybrid,12
30383,Truck,Electric,3
30384,Bus,Electric,13
30385,Car,Diesel,4
30386,Truck,Hybrid,11
30387,Car,Diesel,10
30388,Bus,Electric,8
30389,Bus,Electric,12
30390,Bus,Diesel,12
30391,Truck,Diesel,11
30392,Car,Electric,11
30393,Car,Hybrid,0
30394,Car,Diesel,1
30395,Bus,Hybrid,11
30396,Truck,Electric,14
30397,Bus,Hybrid,6
30398,Bus,Hybrid,8
30399,Truck,Electric,2
30400,Bus,Electric,5
30401,Bus,Electric,12
30402,Car,Hybrid,4
30403,Truck,Diesel,8
30404,Truck,Electric,14
30405,Car,Electric,8
30406,Truck,Diesel,12
30407,Car,Electric,14
30408,Bus,Electric,11
30409,Truck,Diesel,9
30410,Truck,Hybrid,2
30411,Bus,Hybrid,9
30412,Bus,Hybrid,9
30413,Truck,Electric,1
30414,Truck,Diesel,12
30415,Truck,Hybrid,9
30416,Car,Diesel,3
30417,Truck,Hybrid,11
30418,Truck,Hybrid,11
30419,Bus,Electric,8
30420,Bus,Hybrid,2
30421,Car,Hybrid,3
30422,Bus,Diesel,1
30423,Truck,Electric,0
30424,Truck,Electric,4
30425,Car,Hybrid,3
30426,Bus,Electric,9
30427,Bus,Diesel,1
30428,Bus,Electric,5
30429,Car,Hybrid,4
30430,Bus,Electric,0
30431,Bus,Electric,9
30432,Bus,Hybrid,2
30433,Truck,Electric,3
30434,Car,Electric,0
30435,Truck,Hybrid,11
30436,Car,Hybrid,11
30437,Bus,Diesel,12
30438,Truck,Hybrid,10
30439,Bus,Hybrid,7
30440,Bus,Electric,2
30441,Car,Hybrid,14
30442,Bus,Electric,4
30443,Truck,Hybrid,11
30444,Car,Diesel,2
30445,Car,Diesel,3
30446,Truck,Electric,14
30447,Bus,Electric,8
30448,Bus,Electric,12
30449,Bus,Diesel,12
30450,Bus,Diesel,2
30451,Bus,Hybrid,7
30452,Car,Hybrid,5
30453,Car,Electric,5
30454,Truck,Diesel,0
30455,Bus,Hybrid,11
30456,Bus,Diesel,10
30457,Bus,Diesel,6
30458,Truck,Electric,14
30459,Bus,Diesel,3
30460,Car,Electric,7
30461,Bus,Hybrid,8
30462,Truck,Diesel,1
30463,Car,Electric,7
30464,Car,Diesel,10
30465,Car,Diesel,7
30466,Bus,Hybrid,5
30467,Truck,Electric,13
30468,Truck,Diesel,2
30469,Bus,Diesel,4
30470,Truck,Hybrid,1
30471,Car,Diesel,13
30472,Car,Electric,13
30473,Truck,Electric,5
30474,Truck,Electric,13
30475,Bus,Diesel,2
30476,Bus,Diesel,3
30477,Bus,Electric,8
30478,Bus,Diesel,9
30479,Bus,Hybrid,4
30480,Bus,Electric,12
30481,Car,Hybrid,6
30482,Truck,Hybrid,11
30483,Bus,Diesel,8
30484,Car,Diesel,12
30485,Truck,Electric,4
30486,Truck,Diesel,0
30487,Truck,Hybrid,1
30488,Bus,Diesel,2
30489,Bus,Electric,2
30490,Bus,Diesel,14
30491,Truck,Hybrid,0
30492,Truck,Hybrid,8
30493,Car,Electric,13
30494,Car,Electric,8
30495,Car,Diesel,11
30496,Car,Diesel,3
30497,Truck,Electric,8
30498,Bus,Hybrid,3
30499,Bus,Diesel,7
30500,Bus,Electric,2
30501,Bus,Electric,8
30502,Car,Hybrid,10
30503,Truck,Electric,10
30504,Bus,Diesel,3
30505,Truck,Diesel,14
30506,Car,Electric,12
30507,Car,Electric,7
30508,Bus,Hybrid,12
30509,Bus,Hybrid,1
30510,Car,Electric,6
30511,Car,Diesel,1
30512,Truck,Hybrid,4
30513,Car,Electric,8
30514,Truck,Hybrid,4
30515,Car,Hybrid,13
30516,Truck,Hybrid,3
30517,Car,Hybrid,7
30518,Car,Hybrid,4
30519,Truck,Hybrid,8
30520,Truck,Diesel,8
30521,Bus,Hybrid,1
30522,Bus,Electric,9
30523,Car,Electric,8
30524,Car,Hybrid,10
30525,Truck,Hybrid,7
30526,Car,Electric,13
30527,Bus,Hybrid,9
30528,Truck,Electric,6
30529,Car,Electric,5
30530,Truck,Diesel,3
30531,Bus,Diesel,10
30532,Bus,Electric,14
30533,Bus,Hybrid,14
30534,Car,Electric,6
30535,Car,Electric,11
30536,Car,Hybrid,14
30537,Car,Diesel,11
30538,Car,Electric,5
30539,Car,Diesel,7
30540,Bus,Hybrid,0
30541,Bus,Diesel,2
30542,Car,Hybrid,7
30543,Bus,Hybrid,1
30544,Truck,Diesel,8
30545,Car,Electric,12
30546,Truck,Electric,1
30547,Car,Hybrid,12
30548,Car,Diesel,8
30549,Bus,Diesel,11
30550,Truck,Diesel,6
30551,Bus,Diesel,3
30552,Car,Hybrid,2
30553,Truck,Diesel,7
30554,Car,Diesel,9
30555,Bus,Electric,14
30556,Car,Hybrid,12
30557,Car,Diesel,12
30558,Bus,Diesel,10
30559,Car,Hybrid,13
30560,Truck,Hybrid,13
30561,Bus,Electric,6
30562,Car,Hybrid,9
30563,Bus,Diesel,11
30564,Car,Electric,13
30565,Bus,Diesel,0
30566,Bus,Hybrid,10
30567,Truck,Hybrid,6
30568,Bus,Hybrid,0
30569,Truck,Electric,0
30570,Bus,Diesel,14
30571,Bus,Diesel,10
30572,Car,Electric,4
30573,Car,Hybrid,9
30574,Car,Diesel,4
30575,Bus,Hybrid,11
30576,Bus,Hybrid,1
30577,Truck,Diesel,6
30578,Truck,Hybrid,2
30579,Truck,Diesel,14
30580,Car,Diesel,10
30581,Car,Electric,10
30582,Truck,Diesel,0
30583,Bus,Electric,6
30584,Car,Hybrid,10
30585,Car,Electric,3
30586,Truck,Hybrid,3
30587,Car,Electric,2
30588,Truck,Hybrid,6
30589,Car,Diesel,1
30590,Bus,Electric,6
30591,Bus,Diesel,11
30592,Car,Diesel,9
30593,Truck,Hybrid,7
30594,Car,Hybrid,1
30595,Truck,Hybrid,7
30596,Car,Hybrid,6
30597,Bus,Electric,9
30598,Bus,Diesel,7
30599,Car,Hybrid,2
30600,Car,Diesel,5
30601,Car,Electric,0
30602,Bus,Hybrid,6
30603,Bus,Electric,10
30604,Truck,Electric,3
30605,Car,Diesel,3
30606,Car,Diesel,11
30607,Bus,Electric,11
30608,Car,Electric,13
30609,Truck,Hybrid,8
30610,Car,Diesel,6
30611,Bus,Electric,7
30612,Car,Electric,5
30613,Bus,Diesel,1
30614,Truck,Electric,2
30615,Truck,Hybrid,3
30616,Car,Electric,1
30617,Car,Electric,10
30618,Bus,Diesel,0
30619,Truck,Diesel,12
30620,Truck,Hybrid,8
30621,Truck,Electric,12
30622,Truck,Hybrid,11
30623,Car,Electric,9
30624,Car,Electric,13
30625,Bus,Diesel,1
30626,Truck,Hybrid,10
30627,Car,Electric,4
30628,Car,Electric,6
30629,Truck,Diesel,12
30630,Car,Diesel,10
30631,Bus,Diesel,1
30632,Bus,Hybrid,5
30633,Truck,Hybrid,9
30634,Bus,Electric,10
30635,Car,Hybrid,7
30636,Bus,Diesel,13
30637,Car,Diesel,13
30638,Truck,Hybrid,12
30639,Truck,Electric,6
30640,Car,Electric,14
30641,Car,Electric,5
30642,Bus,Electric,11
30643,Car,Diesel,10
30644,Truck,Hybrid,7
30645,Car,Diesel,1
30646,Bus,Electric,3
30647,Bus,Electric,14
30648,Car,Diesel,3
30649,Bus,Electric,12
30650,Bus,Diesel,6
30651,Truck,Diesel,13
30652,Car,Diesel,6
30653,Truck,Diesel,2
30654,Truck,Electric,3
30655,Bus,Electric,0
30656,Truck,Electric,7
30657,Car,Hybrid,11
30658,Car,Diesel,11
30659,Car,Hybrid,3
30660,Truck,Diesel,10
30661,Car,Diesel,4
30662,Car,Electric,4
30663,Truck,Diesel,0
30664,Truck,Hybrid,13
30665,Truck,Electric,0
30666,Truck,Electric,6
30667,Bus,Diesel,11
30668,Truck,Electric,14
30669,Truck,Hybrid,11
30670,Car,Diesel,11
30671,Car,Hybrid,0
30672,Truck,Electric,12
30673,Truck,Hybrid,8
30674,Truck,Hybrid,5
30675,Car,Electric,12
30676,Car,Diesel,0
30677,Truck,Diesel,12
30678,Car,Electric,0
30679,Car,Diesel,4
30680,Truck,Hybrid,14
30681,Car,Electric,10
30682,Truck,Electric,2
30683,Bus,Diesel,7
30684,Bus,Diesel,7
30685,Bus,Electric,9
30686,Car,Electric,7
30687,Bus,Electric,5
30688,Car,Electric,14
30689,Truck,Hybrid,4
30690,Bus,Hybrid,4
30691,Car,Electric,5
30692,Bus,Electric,5
30693,Car,Electric,12
30694,Car,Hybrid,9
30695,Truck,Diesel,8
30696,Car,Hybrid,6
30697,Car,Electric,5
30698,Bus,Electric,10
30699,Truck,Electric,9
30700,Car,Electric,6
30701,Bus,Hybrid,2
30702,Truck,Diesel,11
30703,Car,Electric,1
30704,Bus,Electric,9
30705,Truck,Electric,6
30706,Truck,Diesel,2
30707,Truck,Hybrid,12
30708,Truck,Diesel,3
30709,Car,Hybrid,10
30710,Car,Electric,1
30711,Truck,Diesel,4
30712,Truck,Diesel,11
30713,Car,Electric,4
30714,Bus,Diesel,10
30715,Truck,Electric,12
30716,Car,Electric,9
30717,Car,Hybrid,9
30718,Bus,Hybrid,14
30719,Car,Electric,0
30720,Truck,Electric,14
30721,Car,Diesel,3
30722,Truck,Electric,2
30723,Car,Electric,6
30724,Truck,Diesel,4
30725,Truck,Electric,5
30726,Car,Electric,1
30727,Truck,Hybrid,0
30728,Car,Electric,2
30729,Car,Electric,9
30730,Car,Diesel,2
30731,Truck,Hybrid,9
30732,Car,Hybrid,6
30733,Bus,Electric,10
30734,Truck,Hybrid,6
30735,Bus,Hybrid,9
30736,Bus,Hybrid,14
30737,Bus,Diesel,13
30738,Bus,Diesel,5
30739,Car,Hybrid,13
30740,Bus,Hybrid,13
30741,Truck,Electric,12
30742,Bus,Hybrid,3
30743,Bus,Diesel,7
30744,Bus,Electric,9
30745,Car,Diesel,10
30746,Bus,Diesel,1
30747,Bus,Diesel,6
30748,Bus,Diesel,0
30749,Truck,Diesel,7
30750,Car,Electric,13
30751,Car,Diesel,4
30752,Car,Hybrid,5
30753,Truck,Electric,5
30754,Bus,Hybrid,0
30755,Truck,Electric,6
30756,Car,Hybrid,14
30757,Car,Diesel,2
30758,Car,Hybrid,1
30759,Truck,Diesel,14
30760,Car,Electric,6
30761,Bus,Diesel,9
30762,Truck,Hybrid,8
30763,Bus,Diesel,3
30764,Car,Diesel,6
30765,Car,Electric,4
30766,Truck,Diesel,9
30767,Bus,Electric,9
30768,Truck,Hybrid,10
30769,Bus,Electric,6
30770,Car,Hybrid,0
30771,Truck,Hybrid,10
30772,Truck,Diesel,12
30773,Bus,Electric,9
30774,Car,Hybrid,8
30775,Car,Diesel,5
30776,Bus,Diesel,14
30777,Bus,Hybrid,7
30778,Bus,Diesel,8
30779,Bus,Electric,0
30780,Bus,Hybrid,4
30781,Car,Hybrid,11
30782,Car,Diesel,6
30783,Truck,Hybrid,11
30784,Car,Hybrid,11
30785,Bus,Hybrid,10
30786,Car,Electric,7
30787,Car,Electric,2
30788,Car,Electric,7
30789,Truck,Electric,4
30790,Truck,Diesel,0
30791,Bus,Hybrid,3
30792,Bus,Electric,1
30793,Truck,Diesel,11
30794,Car,Electric,4
30795,Car,Diesel,3
30796,Truck,Electric,1
30797,Bus,Electric,6
30798,Car,Hybrid,1
30799,Bus,Electric,1
30800,Car,Electric,12
30801,Bus,Diesel,3
30802,Car,Hybrid,4
30803,Bus,Hybrid,13
30804,Bus,Diesel,9
30805,Bus,Electric,11
30806,Truck,Diesel,10
30807,Bus,Electric,12
30808,Truck,Electric,2
30809,Truck,Hybrid,13
30810,Bus,Electric,10
30811,Truck,Hybrid,8
30812,Truck,Hybrid,9
30813,Truck,Diesel,5
30814,Car,Electric,10
30815,Bus,Diesel,7
30816,Truck,Diesel,4
30817,Bus,Diesel,7
30818,Truck,Diesel,9
30819,Bus,Hybrid,5
30820,Truck,Hybrid,6
30821,Car,Hybrid,1
30822,Car,Hybrid,5
30823,Car,Electric,4
30824,Truck,Hybrid,11
30825,Bus,Electric,7
30826,Truck,Diesel,4
30827,Car,Electric,6
30828,Truck,Hybrid,3
30829,Bus,Hybrid,1
30830,Car,Hybrid,12
30831,Truck,Diesel,10
30832,Bus,Diesel,12
30833,Car,Hybrid,2
30834,Bus,Diesel,10
30835,Bus,Electric,9
30836,Car,Electric,11
30837,Truck,Electric,3
30838,Truck,Electric,2
30839,Truck,Hybrid,6
30840,Truck,Hybrid,11
30841,Bus,Electric,4
30842,Truck,Electric,2
30843,Truck,Hybrid,2
30844,Bus,Diesel,8
30845,Bus,Electric,12
30846,Car,Diesel,11
30847,Bus,Hybrid,11
30848,Car,Electric,8
30849,Car,Electric,4
30850,Truck,Diesel,1
30851,Truck,Diesel,9
30852,Truck,Diesel,14
30853,Bus,Diesel,4
30854,Bus,Electric,3
30855,Truck,Hybrid,5
30856,Truck,Diesel,14
30857,Bus,Diesel,9
30858,Car,Hybrid,5
30859,Car,Electric,5
30860,Truck,Hybrid,6
30861,Truck,Hybrid,1
30862,Truck,Diesel,3
30863,Car,Hybrid,14
30864,Truck,Hybrid,12
30865,Car,Electric,8
30866,Bus,Diesel,4
30867,Bus,Diesel,0
30868,Bus,Diesel,5
30869,Truck,Electric,13
30870,Bus,Electric,4
30871,Car,Electric,14
30872,Car,Electric,1
30873,Car,Diesel,13
30874,Truck,Diesel,2
30875,Truck,Hybrid,2
30876,Car,Electric,11
30877,Car,Hybrid,6
30878,Car,Electric,12
30879,Car,Hybrid,4
30880,Bus,Diesel,14
30881,Car,Diesel,11
30882,Truck,Electric,11
30883,Truck,Diesel,8
30884,Truck,Electric,0
30885,Truck,Hybrid,2
30886,Truck,Electric,9
30887,Car,Hybrid,7
30888,Car,Hybrid,12
30889,Bus,Electric,14
30890,Bus,Diesel,2
30891,Bus,Hybrid,2
30892,Car,Diesel,7
30893,Bus,Hybrid,9
30894,Car,Hybrid,2
30895,Truck,Hybrid,10
30896,Car,Hybrid,1
30897,Car,Electric,2
30898,Truck,Hybrid,12
30899,Truck,Diesel,11
30900,Truck,Diesel,1
30901,Bus,Electric,13
30902,Bus,Hybrid,7
30903,Bus,Electric,14
30904,Truck,Diesel,11
30905,Bus,Hybrid,4
30906,Truck,Diesel,13
30907,Truck,Electric,2
30908,Truck,Electric,10
30909,Bus,Diesel,13
30910,Bus,Hybrid,7
30911,Truck,Hybrid,13
30912,Bus,Diesel,7
30913,Car,Diesel,10
30914,Bus,Hybrid,3
30915,Truck,Diesel,13
30916,Truck,Electric,8
30917,Truck,Hybrid,11
30918,Car,Hybrid,0
30919,Truck,Electric,6
30920,Truck,Diesel,11
30921,Bus,Hybrid,4
30922,Car,Hybrid,11
30923,Bus,Hybrid,11
30924,Truck,Diesel,6
30925,Truck,Hybrid,9
30926,Car,Diesel,13
30927,Truck,Electric,10
30928,Car,Diesel,7
30929,Bus,Diesel,2
30930,Car,Electric,13
30931,Bus,Diesel,2
30932,Truck,Electric,0
30933,Bus,Hybrid,4
30934,Bus,Electric,7
30935,Bus,Electric,0
30936,Car,Hybrid,1
30937,Bus,Hybrid,1
30938,Car,Diesel,13
30939,Car,Diesel,14
30940,Car,Diesel,11
30941,Truck,Hybrid,9
30942,Truck,Hybrid,1
30943,Truck,Hybrid,4
30944,Car,Diesel,9
30945,Truck,Hybrid,6
30946,Bus,Hybrid,11
30947,Car,Electric,2
30948,Truck,Electric,0
30949,Car,Hybrid,8
30950,Truck,Diesel,14
30951,Bus,Electric,8
30952,Car,Hybrid,3
30953,Truck,Electric,4
30954,Truck,Electric,3
30955,Bus,Diesel,14
30956,Bus,Hybrid,7
30957,Truck,Hybrid,0
30958,Truck,Diesel,14
30959,Car,Diesel,3
30960,Car,Diesel,3
30961,Truck,Hybrid,11
30962,Bus,Electric,2
30963,Car,Hybrid,3
30964,Truck,Hybrid,6
30965,Bus,Diesel,4
30966,Bus,Diesel,2
30967,Truck,Diesel,13
30968,Truck,Hybrid,5
30969,Car,Diesel,11
30970,Truck,Diesel,9
30971,Car,Electric,8
30972,Bus,Electric,2
30973,Car,Diesel,1
30974,Truck,Electric,14
30975,Car,Hybrid,8
30976,Bus,Electric,4
30977,Bus,Diesel,9
30978,Truck,Hybrid,4
30979,Car,Hybrid,12
30980,Truck,Electric,6
30981,Truck,Diesel,14
30982,Bus,Diesel,1
30983,Car,Electric,9
30984,Truck,Electric,10
30985,Bus,Electric,4
30986,Truck,Diesel,7
30987,Car,Electric,7
30988,Truck,Electric,9
30989,Car,Electric,6
30990,Bus,Diesel,4
30991,Bus,Hybrid,11
30992,Truck,Diesel,3
30993,Bus,Diesel,11
30994,Truck,Hybrid,12
30995,Truck,Diesel,12
30996,Car,Hybrid,1
30997,Truck,Hybrid,1
30998,Car,Hybrid,10
30999,Truck,Hybrid,14
31000,Car,Diesel,2
31001,Bus,Hybrid,2
31002,Truck,Electric,6
31003,Car,Hybrid,5
31004,Truck,Hybrid,0
31005,Car,Diesel,11
31006,Car,Electric,12
31007,Truck,Hybrid,5
31008,Truck,Electric,11
31009,Bus,Hybrid,4
31010,Bus,Diesel,5
31011,Bus,Electric,7
31012,Truck,Electric,0
31013,Bus,Diesel,12
31014,Car,Diesel,10
31015,Truck,Diesel,5
31016,Car,Diesel,11
31017,Car,Electric,11
31018,Car,Diesel,3
31019,Truck,Electric,8
31020,Truck,Hybrid,13
31021,Bus,Hybrid,11
31022,Bus,Diesel,9
31023,Bus,Diesel,7
31024,Bus,Electric,6
31025,Car,Electric,2
31026,Truck,Hybrid,10
31027,Bus,Electric,12
31028,Car,Diesel,8
31029,Truck,Hybrid,12
31030,Truck,Hybrid,12
31031,Truck,Diesel,2
31032,Car,Electric,5
31033,Bus,Diesel,13
31034,Truck,Electric,1
31035,Car,Hybrid,7
31036,Truck,Diesel,0
31037,Car,Hybrid,0
31038,Bus,Hybrid,7
31039,Bus,Diesel,8
31040,Truck,Hybrid,9
31041,Bus,Electric,8
31042,Bus,Diesel,11
31043,Car,Electric,7
31044,Car,Electric,9
31045,Truck,Electric,12
31046,Car,Diesel,7
31047,Bus,Electric,3
31048,Car,Diesel,7
31049,Bus,Electric,13
31050,Truck,Diesel,12
31051,Bus,Electric,6
31052,Car,Hybrid,8
31053,Car,Electric,9
31054,Car,Hybrid,13
31055,Car,Hybrid,7
31056,Truck,Electric,11
31057,Bus,Electric,9
31058,Car,Hybrid,14
31059,Bus,Diesel,14
31060,Truck,Electric,1
31061,Bus,Hybrid,7
31062,Car,Diesel,13
31063,Bus,Electric,7
31064,Car,Diesel,9
31065,Car,Hybrid,12
31066,Truck,Electric,9
31067,Truck,Diesel,8
31068,Bus,Electric,14
31069,Bus,Diesel,11
31070,Car,Diesel,2
31071,Car,Electric,7
31072,Car,Electric,7
31073,Car,Electric,9
31074,Truck,Hybrid,3
31075,Car,Electric,14
31076,Truck,Diesel,4
31077,Bus,Electric,12
31078,Bus,Hybrid,1
31079,Truck,Hybrid,13
31080,Car,Electric,14
31081,Bus,Diesel,5
31082,Truck,Hybrid,9
31083,Bus,Diesel,13
31084,Car,Hybrid,8
31085,Truck,Hybrid,2
31086,Bus,Diesel,5
31087,Car,Diesel,7
31088,Truck,Hybrid,1
31089,Truck,Diesel,9
31090,Truck,Electric,0
31091,Truck,Electric,12
31092,Bus,Hybrid,5
31093,Truck,Electric,2
31094,Truck,Hybrid,12
31095,Truck,Diesel,1
31096,Truck,Diesel,10
31097,Truck,Electric,9
31098,Car,Diesel,14
31099,Bus,Electric,7
31100,Car,Hybrid,8
31101,Bus,Electric,6
31102,Truck,Electric,8
31103,Bus,Diesel,12
31104,Truck,Diesel,11
31105,Truck,Diesel,14
31106,Car,Electric,12
31107,Car,Diesel,6
31108,Car,Hybrid,2
31109,Bus,Electric,0
31110,Bus,Electric,12
31111,Car,Electric,0
31112,Car,Hybrid,11
31113,Truck,Hybrid,4
31114,Bus,Diesel,8
31115,Truck,Diesel,9
31116,Bus,Electric,13
31117,Car,Diesel,11
31118,Bus,Hybrid,5
31119,Bus,Diesel,1
31120,Truck,Diesel,5
31121,Car,Electric,10
31122,Car,Hybrid,3
31123,Car,Hybrid,8
31124,Truck,Hybrid,9
31125,Truck,Diesel,2
31126,Truck,Hybrid,6
31127,Bus,Diesel,9
31128,Bus,Electric,11
31129,Truck,Hybrid,13
31130,Truck,Electric,7
31131,Car,Diesel,1
31132,Bus,Hybrid,9
31133,Bus,Diesel,6
31134,Car,Hybrid,4
31135,Car,Diesel,0
31136,Car,Diesel,6
31137,Truck,Diesel,9
31138,Truck,Electric,7
31139,Truck,Hybrid,12
31140,Truck,Diesel,13
31141,Truck,Hybrid,0
31142,Bus,Diesel,3
31143,Bus,Hybrid,3
31144,Bus,Diesel,4
31145,Car,Diesel,4
31146,Bus,Electric,3
31147,Car,Hybrid,10
31148,Bus,Electric,13
31149,Truck,Diesel,0
31150,Bus,Electric,8
31151,Truck,Electric,4
31152,Truck,Electric,13
31153,Bus,Electric,0
31154,Bus,Hybrid,2
31155,Truck,Electric,0
31156,Car,Diesel,12
31157,Car,Diesel,6
31158,Bus,Electric,9
31159,Truck,Electric,9
31160,Car,Electric,12
31161,Bus,Diesel,9
31162,Bus,Electric,6
31163,Truck,Hybrid,5
31164,Car,Electric,8
31165,Bus,Hybrid,6
31166,Car,Electric,4
31167,Bus,Diesel,6
31168,Bus,Diesel,14
31169,Car,Electric,12
31170,Car,Hybrid,12
31171,Truck,Diesel,9
31172,Truck,Diesel,3
31173,Truck,Diesel,9
31174,Truck,Electric,12
31175,Car,Electric,8
31176,Truck,Electric,5
31177,Car,Hybrid,3
31178,Bus,Electric,4
31179,Car,Hybrid,7
31180,Truck,Electric,6
31181,Car,Hybrid,5
31182,Car,Hybrid,1
31183,Car,Electric,14
31184,Car,Hybrid,2
31185,Car,Diesel,12
31186,Truck,Diesel,0
31187,Car,Electric,2
31188,Truck,Diesel,10
31189,Bus,Electric,1
31190,Car,Hybrid,9
31191,Bus,Diesel,13
31192,Truck,Hybrid,11
31193,Car,Electric,12
31194,Bus,Electric,5
31195,Truck,Hybrid,3
31196,Bus,Electric,11
31197,Car,Diesel,10
31198,Car,Electric,9
31199,Car,Diesel,14
31200,Truck,Electric,2
31201,Bus,Diesel,7
31202,Truck,Electric,4
31203,Bus,Electric,3
31204,Truck,Hybrid,11
31205,Car,Hybrid,12
31206,Bus,Diesel,5
31207,Bus,Hybrid,3
31208,Bus,Hybrid,9
31209,Truck,Diesel,9
31210,Car,Hybrid,11
31211,Bus,Diesel,4
31212,Truck,Diesel,14
31213,Bus,Diesel,10
31214,Car,Diesel,3
31215,Bus,Electric,8
31216,Car,Electric,1
31217,Truck,Diesel,0
31218,Truck,Hybrid,6
31219,Car,Diesel,8
31220,Car,Diesel,8
31221,Truck,Hybrid,14
31222,Car,Diesel,3
31223,Car,Electric,3
31224,Bus,Diesel,0
31225,Truck,Electric,11
31226,Truck,Hybrid,0
31227,Car,Hybrid,0
31228,Car,Hybrid,5
31229,Car,Electric,10
31230,Truck,Diesel,5
31231,Bus,Hybrid,14
31232,Truck,Hybrid,10
31233,Bus,Hybrid,10
31234,Car,Diesel,4
31235,Truck,Diesel,9
31236,Bus,Electric,11
31237,Truck,Electric,10
31238,Bus,Diesel,9
31239,Bus,Diesel,1
31240,Truck,Hybrid,5
31241,Car,Hybrid,11
31242,Truck,Electric,13
31243,Car,Hybrid,12
31244,Bus,Diesel,0
31245,Bus,Diesel,2
31246,Truck,Electric,14
31247,Truck,Diesel,12
31248,Car,Electric,14
31249,Car,Hybrid,11
31250,Truck,Electric,4
31251,Car,Diesel,13
31252,Car,Hybrid,9
31253,Truck,Diesel,4
31254,Truck,Diesel,10
31255,Bus,Hybrid,6
31256,Bus,Diesel,4
31257,Truck,Diesel,12
31258,Bus,Hybrid,9
31259,Car,Diesel,14
31260,Truck,Electric,5
31261,Bus,Diesel,12
31262,Truck,Diesel,6
31263,Bus,Hybrid,1
31264,Truck,Electric,2
31265,Car,Diesel,2
31266,Bus,Hybrid,0
31267,Truck,Diesel,13
31268,Car,Diesel,8
31269,Bus,Diesel,9
31270,Bus,Electric,8
31271,Truck,Hybrid,8
31272,Car,Electric,11
31273,Truck,Diesel,8
31274,Bus,Electric,13
31275,Truck,Diesel,7
31276,Truck,Electric,4
31277,Car,Hybrid,10
31278,Car,Electric,8
31279,Bus,Hybrid,6
31280,Car,Diesel,1
31281,Truck,Hybrid,6
31282,Bus,Diesel,3
31283,Car,Electric,6
31284,Truck,Electric,6
31285,Truck,Hybrid,11
31286,Bus,Electric,2
31287,Bus,Electric,2
31288,Car,Diesel,9
31289,Car,Electric,9
31290,Car,Diesel,5
31291,Car,Hybrid,13
31292,Bus,Electric,1
31293,Truck,Hybrid,11
31294,Truck,Electric,7
31295,Car,Hybrid,7
31296,Bus,Hybrid,3
31297,Car,Diesel,1
31298,Car,Electric,8
31299,Bus,Hybrid,14
31300,Truck,Diesel,13
31301,Truck,Hybrid,8
31302,Car,Hybrid,1
31303,Bus,Hybrid,9
31304,Truck,Electric,3
31305,Truck,Electric,0
31306,Bus,Hybrid,5
31307,Bus,Hybrid,10
31308,Truck,Hybrid,10
31309,Car,Electric,12
31310,Car,Hybrid,13
31311,Truck,Hybrid,10
31312,Car,Hybrid,0
31313,Car,Hybrid,11
31314,Bus,Electric,6
31315,Bus,Diesel,8
31316,Bus,Diesel,8
31317,Car,Hybrid,10
31318,Bus,Diesel,1
31319,Bus,Diesel,12
31320,Truck,Electric,10
31321,Bus,Hybrid,7
31322,Truck,Electric,10
31323,Car,Diesel,2
31324,Bus,Diesel,4
31325,Truck,Hybrid,3
31326,Truck,Hybrid,5
31327,Truck,Electric,10
31328,Car,Hybrid,11
31329,Bus,Diesel,11
31330,Car,Electric,6
31331,Truck,Electric,8
31332,Car,Hybrid,9
31333,Car,Hybrid,4
31334,Truck,Diesel,1
31335,Bus,Electric,11
31336,Bus,Electric,3
31337,Car,Electric,12
31338,Bus,Electric,1
31339,Truck,Diesel,14
31340,Bus,Diesel,0
31341,Car,Diesel,1
31342,Truck,Hybrid,10
31343,Truck,Diesel,6
31344,Truck,Diesel,1
31345,Car,Diesel,3
31346,Car,Diesel,4
31347,Bus,Hybrid,2
31348,Car,Electric,3
31349,Truck,Electric,9
31350,Car,Hybrid,12
31351,Car,Diesel,2
31352,Bus,Electric,7
31353,Truck,Electric,9
31354,Bus,Electric,7
31355,Bus,Electric,2
31356,Bus,Diesel,8
31357,Truck,Electric,8
31358,Bus,Hybrid,6
31359,Truck,Hybrid,12
31360,Bus,Electric,0
31361,Bus,Diesel,11
31362,Truck,Electric,9
31363,Car,Electric,10
31364,Bus,Electric,2
31365,Car,Hybrid,7
31366,Bus,Hybrid,5
31367,Car,Diesel,8
31368,Car,Electric,10
31369,Car,Electric,10
31370,Car,Electric,9
31371,Car,Electric,12
31372,Truck,Hybrid,13
31373,Car,Diesel,10
31374,Truck,Hybrid,8
31375,Bus,Electric,0
31376,Truck,Hybrid,5
31377,Car,Diesel,12
31378,Truck,Electric,10
31379,Car,Electric,10
31380,Truck,Hybrid,2
31381,Bus,Hybrid,4
31382,Car,Hybrid,0
31383,Car,Diesel,10
31384,Truck,Diesel,13
31385,Truck,Diesel,10
31386,Truck,Electric,13
31387,Truck,Electric,6
31388,Truck,Hybrid,5
31389,Car,Electric,11
31390,Bus,Diesel,9
31391,Truck,Electric,4
31392,Car,Hybrid,1
31393,Bus,Hybrid,7
31394,Bus,Hybrid,4
31395,Truck,Hybrid,14
31396,Car,Electric,1
31397,Car,Hybrid,3
31398,Car,Electric,9
31399,Car,Hybrid,7
31400,Car,Hybrid,14
31401,Bus,Electric,7
31402,Bus,Diesel,2
31403,Bus,Diesel,9
31404,Car,Diesel,7
31405,Bus,Diesel,9
31406,Bus,Hybrid,8
31407,Truck,Electric,12
31408,Bus,Diesel,1
31409,Truck,Hybrid,5
31410,Car,Electric,10
31411,Car,Hybrid,2
31412,Car,Diesel,4
31413,Car,Electric,3
31414,Bus,Electric,12
31415,Truck,Hybrid,7
31416,Car,Hybrid,14
31417,Car,Electric,6
31418,Truck,Diesel,6
31419,Truck,Diesel,10
31420,Truck,Electric,11
31421,Truck,Electric,11
31422,Truck,Diesel,14
31423,Bus,Diesel,14
31424,Truck,Hybrid,0
31425,Bus,Hybrid,14
31426,Truck,Diesel,5
31427,Truck,Electric,1
31428,Car,Electric,7
31429,Car,Hybrid,5
31430,Car,Electric,13
31431,Car,Electric,8
31432,Car,Electric,9
31433,Car,Electric,0
31434,Truck,Hybrid,7
31435,Truck,Electric,11
31436,Car,Diesel,1
31437,Car,Hybrid,6
31438,Car,Electric,14
31439,Truck,Electric,10
31440,Car,Electric,11
31441,Car,Hybrid,14
31442,Truck,Electric,12
31443,Truck,Hybrid,11
31444,Bus,Diesel,2
31445,Car,Electric,6
31446,Truck,Hybrid,0
31447,Bus,Diesel,9
31448,Truck,Hybrid,8
31449,Bus,Electric,5
31450,Bus,Hybrid,6
31451,Car,Electric,8
31452,Car,Hybrid,9
31453,Bus,Diesel,0
31454,Car,Electric,13
31455,Truck,Diesel,14
31456,Truck,Electric,7
31457,Bus,Hybrid,10
31458,Bus,Diesel,14
31459,Truck,Electric,13
31460,Truck,Diesel,6
31461,Bus,Diesel,12
31462,Truck,Electric,1
31463,Truck,Hybrid,0
31464,Bus,Diesel,9
31465,Car,Electric,13
31466,Truck,Diesel,0
31467,Car,Diesel,10
31468,Car,Hybrid,3
31469,Truck,Electric,4
31470,Car,Electric,6
31471,Bus,Diesel,12
31472,Truck,Hybrid,7
31473,Truck,Hybrid,1
31474,Car,Hybrid,12
31475,Truck,Electric,8
31476,Truck,Electric,13
31477,Car,Diesel,10
31478,Car,Hybrid,6
31479,Truck,Hybrid,5
31480,Truck,Electric,10
31481,Bus,Diesel,14
31482,Bus,Electric,14
31483,Truck,Electric,13
31484,Truck,Diesel,7
31485,Bus,Hybrid,1
31486,Car,Hybrid,0
31487,Truck,Diesel,4
31488,Bus,Hybrid,8
31489,Bus,Diesel,6
31490,Truck,Diesel,12
31491,Truck,Electric,6
31492,Bus,Hybrid,14
31493,Truck,Hybrid,14
31494,Car,Diesel,8
31495,Truck,Electric,4
31496,Bus,Electric,4
31497,Bus,Hybrid,6
31498,Truck,Diesel,10
31499,Bus,Hybrid,11
31500,Car,Hybrid,11
31501,Truck,Electric,5
31502,Truck,Electric,9
31503,Bus,Electric,14
31504,Car,Electric,5
31505,Truck,Diesel,7
31506,Bus,Hybrid,3
31507,Truck,Electric,14
31508,Car,Hybrid,1
31509,Bus,Diesel,2
31510,Truck,Electric,9
31511,Bus,Diesel,14
31512,Bus,Electric,3
31513,Car,Hybrid,4
31514,Car,Diesel,1
31515,Truck,Electric,14
31516,Bus,Hybrid,7
31517,Bus,Hybrid,11
31518,Bus,Hybrid,11
31519,Truck,Electric,4
31520,Car,Hybrid,6
31521,Car,Hybrid,8
31522,Bus,Electric,6
31523,Truck,Diesel,3
31524,Bus,Hybrid,2
31525,Car,Electric,7
31526,Bus,Diesel,14
31527,Bus,Hybrid,13
31528,Bus,Electric,12
31529,Car,Electric,8
31530,Truck,Hybrid,4
31531,Bus,Diesel,5
31532,Car,Diesel,9
31533,Bus,Diesel,11
31534,Truck,Hybrid,11
31535,Bus,Hybrid,12
31536,Truck,Diesel,9
31537,Car,Diesel,5
31538,Truck,Diesel,12
31539,Truck,Diesel,2
31540,Car,Electric,11
31541,Truck,Hybrid,3
31542,Truck,Diesel,10
31543,Car,Electric,8
31544,Truck,Diesel,5
31545,Truck,Diesel,11
31546,Bus,Electric,13
31547,Truck,Diesel,4
31548,Truck,Diesel,8
31549,Truck,Electric,7
31550,Car,Electric,8
31551,Truck,Electric,12
31552,Car,Electric,13
31553,Car,Electric,10
31554,Truck,Diesel,8
31555,Truck,Hybrid,3
31556,Truck,Electric,7
31557,Truck,Hybrid,9
31558,Truck,Diesel,8
31559,Truck,Electric,10
31560,Truck,Hybrid,4
31561,Car,Hybrid,3
31562,Bus,Hybrid,9
31563,Car,Hybrid,0
31564,Truck,Hybrid,2
31565,Bus,Electric,9
31566,Bus,Electric,1
31567,Truck,Electric,11
31568,Truck,Hybrid,6
31569,Car,Hybrid,3
31570,Bus,Diesel,8
31571,Bus,Hybrid,8
31572,Truck,Diesel,1
31573,Truck,Diesel,2
31574,Bus,Electric,7
31575,Bus,Hybrid,9
31576,Truck,Hybrid,13
31577,Truck,Diesel,2
31578,Truck,Diesel,3
31579,Car,Hybrid,10
31580,Car,Diesel,2
31581,Truck,Hybrid,11
31582,Car,Hybrid,12
31583,Bus,Diesel,13
31584,Bus,Electric,1
31585,Truck,Hybrid,0
31586,Bus,Diesel,2
31587,Bus,Diesel,8
31588,Bus,Diesel,13
31589,Bus,Hybrid,7
31590,Bus,Hybrid,8
31591,Car,Hybrid,9
31592,Car,Diesel,4
31593,Truck,Electric,4
31594,Bus,Electric,13
31595,Car,Hybrid,7
31596,Car,Hybrid,13
31597,Car,Hybrid,12
31598,Bus,Electric,4
31599,Car,Electric,3
31600,Truck,Hybrid,8
31601,Truck,Diesel,0
31602,Bus,Electric,5
31603,Truck,Hybrid,6
31604,Car,Electric,13
31605,Bus,Diesel,14
31606,Truck,Diesel,5
31607,Bus,Electric,11
31608,Car,Hybrid,14
31609,Truck,Electric,9
31610,Car,Hybrid,7
31611,Truck,Electric,10
31612,Bus,Diesel,7
31613,Truck,Electric,4
31614,Truck,Hybrid,12
31615,Truck,Hybrid,11
31616,Bus,Diesel,14
31617,Truck,Hybrid,12
31618,Car,Hybrid,3
31619,Bus,Diesel,10
31620,Bus,Hybrid,6
31621,Car,Hybrid,8
31622,Bus,Electric,12
31623,Truck,Electric,1
31624,Bus,Electric,11
31625,Car,Electric,6
31626,Bus,Electric,5
31627,Car,Electric,2
31628,Bus,Electric,14
31629,Car,Diesel,1
31630,Bus,Electric,0
31631,Truck,Hybrid,1
31632,Car,Diesel,11
31633,Car,Electric,4
31634,Bus,Electric,0
31635,Bus,Hybrid,7
31636,Bus,Diesel,3
31637,Truck,Hybrid,2
31638,Bus,Hybrid,9
31639,Car,Diesel,1
31640,Bus,Hybrid,0
31641,Truck,Diesel,7
31642,Bus,Hybrid,8
31643,Bus,Diesel,2
31644,Car,Electric,2
31645,Bus,Diesel,8
31646,Truck,Hybrid,6
31647,Bus,Hybrid,11
31648,Bus,Electric,11
31649,Car,Electric,8
31650,Bus,Electric,1
31651,Car,Diesel,6
31652,Car,Diesel,13
31653,Bus,Diesel,12
31654,Car,Diesel,7
31655,Car,Diesel,10
31656,Bus,Hybrid,3
31657,Bus,Hybrid,12
31658,Truck,Hybrid,9
31659,Truck,Diesel,10
31660,Car,Electric,3
31661,Car,Hybrid,11
31662,Bus,Hybrid,1
31663,Truck,Diesel,1
31664,Truck,Diesel,3
31665,Bus,Diesel,3
31666,Bus,Hybrid,4
31667,Bus,Electric,9
31668,Bus,Diesel,13
31669,Truck,Diesel,9
31670,Bus,Electric,12
31671,Bus,Electric,9
31672,Truck,Electric,8
31673,Bus,Diesel,14
31674,Truck,Diesel,10
31675,Truck,Hybrid,8
31676,Bus,Hybrid,6
31677,Bus,Hybrid,5
31678,Car,Hybrid,9
31679,Car,Hybrid,4
31680,Truck,Hybrid,3
31681,Truck,Diesel,1
31682,Car,Hybrid,3
31683,Truck,Diesel,10
31684,Car,Diesel,6
31685,Bus,Electric,0
31686,Bus,Diesel,2
31687,Bus,Diesel,3
31688,Truck,Diesel,6
31689,Bus,Electric,2
31690,Truck,Diesel,3
31691,Bus,Electric,0
31692,Truck,Hybrid,11
31693,Truck,Diesel,0
31694,Car,Hybrid,9
31695,Car,Diesel,11
31696,Car,Electric,2
31697,Truck,Hybrid,6
31698,Car,Diesel,12
31699,Car,Diesel,10
31700,Car,Electric,5
31701,Truck,Diesel,14
31702,Truck,Hybrid,4
31703,Car,Electric,7
31704,Car,Hybrid,10
31705,Truck,Hybrid,7
31706,Truck,Diesel,3
31707,Car,Diesel,9
31708,Car,Electric,5
31709,Car,Electric,11
31710,Truck,Electric,0
31711,Car,Hybrid,9
31712,Truck,Hybrid,14
31713,Bus,Hybrid,13
31714,Car,Hybrid,11
31715,Bus,Diesel,9
31716,Truck,Electric,8
31717,Bus,Diesel,13
31718,Car,Diesel,4
31719,Bus,Hybrid,14
31720,Bus,Electric,13
31721,Bus,Hybrid,14
31722,Truck,Hybrid,7
31723,Car,Electric,14
31724,Truck,Electric,9
31725,Bus,Diesel,9
31726,Bus,Hybrid,0
31727,Truck,Hybrid,13
31728,Truck,Hybrid,3
31729,Bus,Electric,12
31730,Car,Hybrid,1
31731,Truck,Hybrid,1
31732,Bus,Hybrid,1
31733,Bus,Hybrid,1
31734,Car,Diesel,7
31735,Bus,Electric,5
31736,Truck,Diesel,8
31737,Bus,Electric,1
31738,Bus,Hybrid,12
31739,Bus,Electric,0
31740,Bus,Diesel,13
31741,Car,Hybrid,7
31742,Truck,Diesel,9
31743,Bus,Diesel,13
31744,Truck,Diesel,12
31745,Car,Electric,2
31746,Truck,Diesel,2
31747,Car,Electric,7
31748,Truck,Diesel,4
31749,Truck,Diesel,7
31750,Bus,Electric,1
31751,Truck,Electric,9
31752,Bus,Diesel,8
31753,Bus,Diesel,1
31754,Truck,Hybrid,8
31755,Bus,Diesel,9
31756,Truck,Diesel,5
31757,Bus,Hybrid,11
31758,Bus,Diesel,11
31759,Car,Diesel,4
31760,Car,Electric,14
31761,Truck,Electric,6
31762,Bus,Electric,14
31763,Car,Diesel,13
31764,Car,Electric,6
31765,Car,Diesel,3
31766,Bus,Hybrid,6
31767,Truck,Electric,2
31768,Bus,Hybrid,2
31769,Bus,Diesel,14
31770,Car,Diesel,6
31771,Bus,Hybrid,0
31772,Bus,Hybrid,7
31773,Car,Hybrid,10
31774,Car,Hybrid,1
31775,Bus,Electric,0
31776,Car,Hybrid,5
31777,Truck,Electric,3
31778,Truck,Hybrid,6
31779,Truck,Hybrid,11
31780,Truck,Electric,2
31781,Truck,Diesel,10
31782,Car,Diesel,1
31783,Car,Diesel,11
31784,Truck,Diesel,14
31785,Truck,Electric,10
31786,Truck,Diesel,3
31787,Car,Electric,3
31788,Car,Electric,10
31789,Bus,Electric,3
31790,Bus,Electric,2
31791,Bus,Electric,6
31792,Bus,Hybrid,14
31793,Car,Electric,4
31794,Car,Diesel,10
31795,Car,Electric,3
31796,Car,Diesel,4
31797,Truck,Electric,6
31798,Bus,Diesel,3
31799,Car,Electric,11
31800,Car,Hybrid,12
31801,Bus,Diesel,13
31802,Car,Diesel,9
31803,Truck,Electric,4
31804,Car,Diesel,14
31805,Bus,Electric,5
31806,Truck,Hybrid,5
31807,Truck,Hybrid,11
31808,Bus,Electric,11
31809,Bus,Electric,6
31810,Truck,Hybrid,9
31811,Car,Diesel,12
31812,Bus,Diesel,2
31813,Truck,Diesel,11
31814,Bus,Hybrid,7
31815,Car,Electric,4
31816,Car,Hybrid,0
31817,Truck,Diesel,3
31818,Car,Electric,10
31819,Car,Electric,3
31820,Car,Diesel,13
31821,Bus,Electric,7
31822,Truck,Diesel,12
31823,Truck,Hybrid,9
31824,Truck,Electric,8
31825,Car,Diesel,2
31826,Bus,Diesel,14
31827,Truck,Hybrid,11
31828,Bus,Electric,10
31829,Truck,Electric,9
31830,Car,Electric,0
31831,Truck,Electric,10
31832,Truck,Hybrid,12
31833,Car,Hybrid,12
31834,Car,Electric,10
31835,Truck,Diesel,7
31836,Bus,Electric,8
31837,Car,Electric,3
31838,Truck,Diesel,4
31839,Car,Electric,3
31840,Bus,Diesel,3
31841,Truck,Hybrid,10
31842,Truck,Diesel,12
31843,Bus,Hybrid,2
31844,Bus,Electric,9
31845,Truck,Diesel,3
31846,Bus,Diesel,8
31847,Bus,Electric,6
31848,Truck,Hybrid,5
31849,Car,Diesel,11
31850,Bus,Diesel,8
31851,Car,Electric,10
31852,Car,Hybrid,12
31853,Car,Electric,11
31854,Bus,Diesel,1
31855,Truck,Electric,3
31856,Truck,Electric,8
31857,Truck,Hybrid,7
31858,Truck,Hybrid,14
31859,Truck,Electric,0
31860,Truck,Electric,8
31861,Car,Electric,12
31862,Car,Diesel,9
31863,Car,Hybrid,1
31864,Bus,Diesel,0
31865,Bus,Hybrid,1
31866,Bus,Hybrid,9
31867,Truck,Diesel,10
31868,Car,Diesel,5
31869,Bus,Electric,1
31870,Car,Hybrid,13
31871,Truck,Hybrid,0
31872,Car,Hybrid,4
31873,Truck,Electric,13
31874,Bus,Hybrid,10
31875,Truck,Hybrid,1
31876,Truck,Diesel,10
31877,Car,Diesel,3
31878,Truck,Electric,10
31879,Bus,Hybrid,13
31880,Bus,Electric,14
31881,Truck,Diesel,10
31882,Car,Hybrid,10
31883,Bus,Hybrid,7
31884,Bus,Electric,9
31885,Truck,Hybrid,10
31886,Truck,Hybrid,5
31887,Bus,Diesel,7
31888,Truck,Electric,4
31889,Truck,Diesel,1
31890,Bus,Electric,0
31891,Car,Diesel,11
31892,Car,Electric,7
31893,Bus,Hybrid,0
31894,Truck,Hybrid,9
31895,Bus,Electric,8
31896,Bus,Electric,3
31897,Truck,Electric,5
31898,Car,Electric,5
31899,Car,Hybrid,2
31900,Truck,Electric,0
31901,Bus,Hybrid,5
31902,Truck,Hybrid,9
31903,Bus,Electric,4
31904,Truck,Hybrid,3
31905,Truck,Electric,8
31906,Car,Hybrid,12
31907,Car,Electric,3
31908,Truck,Electric,0
31909,Truck,Diesel,9
31910,Car,Diesel,12
31911,Bus,Electric,5
31912,Car,Diesel,12
31913,Bus,Hybrid,6
31914,Car,Electric,0
31915,Car,Electric,8
31916,Bus,Electric,9
31917,Truck,Diesel,1
31918,Car,Diesel,6
31919,Car,Hybrid,10
31920,Car,Diesel,7
31921,Truck,Diesel,7
31922,Car,Hybrid,0
31923,Truck,Electric,9
31924,Car,Electric,0
31925,Bus,Hybrid,9
31926,Car,Diesel,3
31927,Car,Hybrid,1
31928,Truck,Hybrid,9
31929,Truck,Electric,11
31930,Truck,Diesel,3
31931,Bus,Electric,5
31932,Bus,Electric,2
31933,Truck,Hybrid,9
31934,Bus,Electric,11
31935,Truck,Electric,2
31936,Bus,Electric,10
31937,Truck,Diesel,0
31938,Truck,Diesel,11
31939,Bus,Electric,4
31940,Car,Hybrid,11
31941,Truck,Hybrid,14
31942,Truck,Electric,6
31943,Car,Diesel,11
31944,Truck,Hybrid,10
31945,Truck,Hybrid,5
31946,Bus,Diesel,11
31947,Car,Diesel,3
31948,Truck,Hybrid,5
31949,Truck,Electric,2
31950,Car,Hybrid,2
31951,Car,Diesel,6
31952,Bus,Diesel,8
31953,Bus,Diesel,0
31954,Bus,Diesel,3
31955,Truck,Electric,11
31956,Car,Hybrid,13
31957,Bus,Diesel,9
31958,Car,Diesel,4
31959,Truck,Diesel,1
31960,Truck,Hybrid,9
31961,Car,Diesel,11
31962,Car,Hybrid,10
31963,Bus,Electric,2
31964,Car,Diesel,4
31965,Bus,Electric,7
31966,Car,Hybrid,2
31967,Car,Electric,11
31968,Car,Diesel,13
31969,Truck,Electric,2
31970,Truck,Electric,5
31971,Truck,Electric,7
31972,Bus,Electric,0
31973,Bus,Electric,6
31974,Truck,Hybrid,12
31975,Truck,Hybrid,6
31976,Car,Diesel,2
31977,Car,Hybrid,2
31978,Bus,Hybrid,8
31979,Bus,Diesel,14
31980,Car,Hybrid,9
31981,Bus,Diesel,11
31982,Truck,Diesel,10
31983,Car,Hybrid,14
31984,Car,Electric,13
31985,Bus,Diesel,0
31986,Car,Electric,0
31987,Car,Diesel,1
31988,Truck,Hybrid,14
31989,Car,Electric,5
31990,Car,Diesel,13
31991,Car,Hybrid,7
31992,Car,Electric,10
31993,Truck,Hybrid,9
31994,Car,Hybrid,12
31995,Truck,Electric,0
31996,Truck,Diesel,11
31997,Truck,Diesel,0
31998,Bus,Hybrid,1
31999,Bus,Diesel,11
32000,Car,Electric,6
32001,Truck,Electric,3
32002,Bus,Hybrid,0
32003,Car,Hybrid,7
32004,Bus,Electric,3
32005,Truck,Electric,6
32006,Car,Hybrid,10
32007,Truck,Hybrid,7
32008,Truck,Electric,0
32009,Bus,Hybrid,1
32010,Car,Diesel,12
32011,Car,Electric,1
32012,Car,Electric,10
32013,Bus,Hybrid,4
32014,Car,Hybrid,4
32015,Bus,Electric,5
32016,Car,Hybrid,1
32017,Bus,Diesel,14
32018,Car,Hybrid,7
32019,Bus,Electric,0
32020,Truck,Hybrid,8
32021,Truck,Electric,4
32022,Truck,Diesel,9
32023,Car,Electric,7
32024,Bus,Diesel,7
32025,Truck,Diesel,1
32026,Car,Diesel,8
32027,Bus,Diesel,5
32028,Truck,Diesel,2
32029,Truck,Hybrid,0
32030,Car,Diesel,8
32031,Bus,Hybrid,2
32032,Car,Hybrid,0
32033,Truck,Hybrid,4
32034,Car,Electric,7
32035,Car,Electric,12
32036,Truck,Diesel,12
32037,Truck,Hybrid,13
32038,Bus,Electric,6
32039,Bus,Hybrid,4
32040,Truck,Electric,13
32041,Truck,Hybrid,12
32042,Bus,Electric,1
32043,Car,Diesel,1
32044,Truck,Diesel,2
32045,Truck,Diesel,5
32046,Car,Hybrid,11
32047,Bus,Diesel,12
32048,Bus,Diesel,3
32049,Car,Electric,14
32050,Truck,Electric,11
32051,Car,Electric,14
32052,Truck,Diesel,12
32053,Bus,Electric,8
32054,Truck,Electric,2
32055,Truck,Diesel,5
32056,Truck,Electric,14
32057,Truck,Hybrid,14
32058,Truck,Electric,3
32059,Bus,Hybrid,0
32060,Car,Electric,0
32061,Bus,Electric,12
32062,Truck,Hybrid,10
32063,Car,Diesel,14
32064,Truck,Hybrid,12
32065,Bus,Diesel,10
32066,Bus,Electric,12
32067,Truck,Diesel,7
32068,Truck,Diesel,2
32069,Car,Hybrid,1
32070,Car,Diesel,0
32071,Truck,Diesel,7
32072,Car,Hybrid,13
32073,Truck,Diesel,8
32074,Truck,Diesel,0
32075,Truck,Hybrid,7
32076,Bus,Hybrid,10
32077,Truck,Hybrid,0
32078,Truck,Diesel,9
32079,Truck,Electric,1
32080,Car,Hybrid,14
32081,Truck,Hybrid,11
32082,Bus,Diesel,0
32083,Bus,Electric,12
32084,Truck,Electric,14
32085,Truck,Diesel,12
32086,Truck,Hybrid,12
32087,Bus,Diesel,13
32088,Car,Electric,1
32089,Car,Hybrid,11
32090,Truck,Electric,13
32091,Car,Electric,11
32092,Bus,Electric,1
32093,Truck,Electric,11
32094,Car,Hybrid,4
32095,Truck,Hybrid,12
32096,Truck,Hybrid,9
32097,Bus,Diesel,12
32098,Bus,Hybrid,2
32099,Car,Electric,14
32100,Bus,Electric,12
32101,Truck,Hybrid,0
32102,Bus,Hybrid,9
32103,Car,Diesel,1
32104,Car,Hybrid,11
32105,Car,Diesel,3
32106,Bus,Hybrid,6
32107,Bus,Diesel,11
32108,Bus,Hybrid,0
32109,Bus,Hybrid,4
32110,Bus,Hybrid,1
32111,Car,Diesel,12
32112,Car,Electric,11
32113,Bus,Diesel,7
32114,Truck,Hybrid,1
32115,Car,Electric,3
32116,Truck,Diesel,5
32117,Truck,Diesel,8
32118,Car,Electric,9
32119,Truck,Hybrid,3
32120,Truck,Electric,3
32121,Car,Hybrid,6
32122,Car,Electric,13
32123,Bus,Diesel,11
32124,Car,Diesel,14
32125,Truck,Diesel,0
32126,Car,Hybrid,4
32127,Bus,Hybrid,4
32128,Car,Electric,12
32129,Truck,Hybrid,0
32130,Car,Hybrid,5
32131,Truck,Electric,12
32132,Car,Hybrid,12
32133,Bus,Electric,8
32134,Bus,Hybrid,6
32135,Car,Hybrid,1
32136,Truck,Diesel,3
32137,Bus,Hybrid,11
32138,Truck,Electric,7
32139,Car,Electric,0
32140,Bus,Diesel,12
32141,Bus,Electric,5
32142,Truck,Diesel,2
32143,Bus,Hybrid,12
32144,Truck,Diesel,2
32145,Truck,Hybrid,11
32146,Car,Electric,13
32147,Truck,Diesel,0
32148,Bus,Electric,13
32149,Truck,Electric,7
32150,Bus,Electric,4
32151,Truck,Electric,0
32152,Car,Electric,12
32153,Car,Diesel,4
32154,Truck,Electric,13
32155,Truck,Diesel,4
32156,Truck,Diesel,10
32157,Car,Diesel,8
32158,Truck,Electric,11
32159,Truck,Electric,9
32160,Bus,Diesel,2
32161,Car,Electric,11
32162,Car,Diesel,8
32163,Truck,Electric,7
32164,Truck,Electric,9
32165,Bus,Diesel,1
32166,Truck,Electric,8
32167,Car,Diesel,10
32168,Bus,Diesel,13
32169,Car,Electric,13
32170,Truck,Electric,14
32171,Bus,Diesel,4
32172,Car,Diesel,7
32173,Car,Diesel,12
32174,Car,Hybrid,12
32175,Truck,Electric,7
32176,Truck,Hybrid,3
32177,Truck,Diesel,0
32178,Truck,Hybrid,10
32179,Car,Diesel,13
32180,Bus,Hybrid,8
32181,Truck,Hybrid,5
32182,Bus,Electric,1
32183,Car,Electric,3
32184,Truck,Hybrid,10
32185,Car,Diesel,9
32186,Truck,Electric,4
32187,Truck,Hybrid,5
32188,Bus,Diesel,4
32189,Car,Electric,12
32190,Car,Hybrid,8
32191,Car,Diesel,9
32192,Bus,Diesel,10
32193,Bus,Hybrid,1
32194,Car,Diesel,14
32195,Car,Hybrid,10
32196,Truck,Diesel,11
32197,Truck,Hybrid,11
32198,Bus,Electric,2
32199,Truck,Diesel,9
32200,Car,Hybrid,14
32201,Car,Hybrid,10
32202,Truck,Diesel,2
32203,Truck,Electric,12
32204,Bus,Hybrid,2
32205,Truck,Electric,12
32206,Bus,Diesel,14
32207,Truck,Electric,5
32208,Truck,Diesel,7
32209,Truck,Hybrid,4
32210,Truck,Electric,10
32211,Car,Diesel,5
32212,Car,Hybrid,0
32213,Car,Electric,9
32214,Truck,Diesel,2
32215,Bus,Electric,3
32216,Truck,Hybrid,10
32217,Car,Hybrid,6
32218,Bus,Diesel,10
32219,Bus,Electric,11
32220,Car,Electric,12
32221,Truck,Hybrid,4
32222,Bus,Electric,0
32223,Bus,Electric,2
32224,Car,Electric,10
32225,Bus,Diesel,1
32226,Bus,Hybrid,5
32227,Bus,Diesel,4
32228,Truck,Hybrid,2
32229,Truck,Diesel,14
32230,Car,Diesel,1
32231,Truck,Diesel,0
32232,Bus,Electric,14
32233,Truck,Hybrid,1
32234,Bus,Diesel,4
32235,Bus,Electric,4
32236,Truck,Diesel,8
32237,Truck,Electric,5
32238,Truck,Diesel,2
32239,Truck,Hybrid,9
32240,Car,Hybrid,10
32241,Truck,Diesel,2
32242,Car,Diesel,2
32243,Bus,Diesel,11
32244,Car,Diesel,7
32245,Bus,Electric,8
32246,Car,Hybrid,2
32247,Car,Electric,0
32248,Bus,Hybrid,13
32249,Car,Diesel,10
32250,Bus,Hybrid,7
32251,Truck,Diesel,9
32252,Bus,Diesel,1
32253,Car,Electric,6
32254,Truck,Hybrid,6
32255,Car,Electric,8
32256,Truck,Electric,7
32257,Bus,Electric,10
32258,Truck,Electric,8
32259,Truck,Hybrid,0
32260,Truck,Hybrid,11
32261,Car,Electric,2
32262,Truck,Hybrid,3
32263,Bus,Diesel,2
32264,Bus,Hybrid,7
32265,Bus,Electric,6
32266,Truck,Diesel,4
32267,Bus,Diesel,4
32268,Car,Diesel,3
32269,Bus,Diesel,4
32270,Truck,Diesel,11
32271,Bus,Electric,4
32272,Truck,Electric,3
32273,Truck,Diesel,4
32274,Bus,Electric,6
32275,Car,Hybrid,8
32276,Car,Electric,6
32277,Bus,Hybrid,0
32278,Truck,Electric,8
32279,Bus,Hybrid,2
32280,Truck,Hybrid,1
32281,Truck,Diesel,11
32282,Truck,Electric,9
32283,Car,Diesel,8
32284,Car,Hybrid,11
32285,Bus,Electric,11
32286,Car,Electric,10
32287,Truck,Diesel,1
32288,Truck,Electric,13
32289,Bus,Electric,14
32290,Truck,Electric,9
32291,Bus,Hybrid,12
32292,Bus,Diesel,11
32293,Truck,Hybrid,8
32294,Car,Diesel,4
32295,Truck,Hybrid,5
32296,Truck,Hybrid,6
32297,Bus,Hybrid,6
32298,Car,Hybrid,12
32299,Bus,Diesel,3
32300,Truck,Electric,12
32301,Bus,Diesel,3
32302,Bus,Electric,11
32303,Truck,Diesel,4
32304,Bus,Diesel,8
32305,Truck,Diesel,13
32306,Bus,Diesel,12
32307,Car,Hybrid,9
32308,Truck,Diesel,11
32309,Car,Diesel,0
32310,Bus,Electric,7
32311,Car,Hybrid,7
32312,Car,Hybrid,6
32313,Car,Diesel,5
32314,Bus,Diesel,10
32315,Truck,Hybrid,14
32316,Bus,Hybrid,2
32317,Bus,Diesel,12
32318,Bus,Diesel,14
32319,Truck,Diesel,10
32320,Bus,Electric,7
32321,Bus,Hybrid,6
32322,Truck,Electric,7
32323,Truck,Hybrid,1
32324,Truck,Hybrid,7
32325,Car,Hybrid,12
32326,Truck,Hybrid,6
32327,Car,Hybrid,12
32328,Car,Diesel,5
32329,Bus,Electric,8
32330,Car,Electric,11
32331,Bus,Hybrid,14
32332,Car,Electric,7
32333,Truck,Electric,12
32334,Bus,Diesel,4
32335,Car,Hybrid,4
32336,Bus,Diesel,8
32337,Truck,Electric,12
32338,Car,Hybrid,13
32339,Car,Hybrid,14
32340,Truck,Hybrid,7
32341,Car,Hybrid,11
32342,Car,Hybrid,3
32343,Bus,Hybrid,12
32344,Car,Diesel,8
32345,Truck,Diesel,10
32346,Car,Electric,14
32347,Bus,Hybrid,14
32348,Car,Hybrid,14
32349,Bus,Diesel,12
32350,Car,Electric,14
32351,Bus,Electric,5
32352,Bus,Hybrid,4
32353,Car,Electric,9
32354,Truck,Electric,6
32355,Truck,Hybrid,13
32356,Car,Hybrid,8
32357,Car,Hybrid,11
32358,Car,Diesel,0
32359,Car,Hybrid,8
32360,Car,Electric,12
32361,Truck,Diesel,9
32362,Bus,Electric,4
32363,Bus,Diesel,8
32364,Truck,Hybrid,4
32365,Truck,Electric,6
32366,Bus,Diesel,13
32367,Truck,Electric,6
32368,Car,Hybrid,8
32369,Truck,Diesel,14
32370,Truck,Electric,11
32371,Truck,Diesel,4
32372,Truck,Hybrid,6
32373,Bus,Diesel,4
32374,Bus,Diesel,3
32375,Bus,Electric,12
32376,Bus,Diesel,0
32377,Car,Hybrid,10
32378,Car,Electric,4
32379,Bus,Diesel,11
32380,Bus,Hybrid,3
32381,Bus,Hybrid,10
32382,Truck,Diesel,0
32383,Car,Diesel,9
32384,Car,Electric,0
32385,Truck,Hybrid,13
32386,Truck,Hybrid,4
32387,Truck,Hybrid,11
32388,Car,Diesel,11
32389,Truck,Diesel,8
32390,Truck,Diesel,0
32391,Truck,Electric,7
32392,Bus,Hybrid,12
32393,Truck,Hybrid,8
32394,Bus,Diesel,14
32395,Car,Electric,10
32396,Car,Electric,10
32397,Car,Electric,9
32398,Bus,Electric,3
32399,Truck,Electric,12
32400,Car,Diesel,7
32401,Truck,Diesel,12
32402,Bus,Diesel,0
32403,Car,Hybrid,3
32404,Truck,Electric,9
32405,Truck,Electric,1
32406,Car,Hybrid,9
32407,Truck,Electric,13
32408,Bus,Electric,14
32409,Car,Electric,3
32410,Car,Electric,13
32411,Car,Electric,1
32412,Car,Diesel,13
32413,Bus,Electric,13
32414,Bus,Diesel,2
32415,Truck,Diesel,0
32416,Bus,Diesel,9
32417,Truck,Diesel,2
32418,Truck,Hybrid,6
32419,Car,Diesel,10
32420,Truck,Hybrid,12
32421,Car,Hybrid,7
32422,Truck,Diesel,5
32423,Bus,Electric,0
32424,Car,Electric,6
32425,Truck,Diesel,12
32426,Bus,Diesel,14
32427,Bus,Hybrid,11
32428,Car,Hybrid,2
32429,Car,Electric,13
32430,Car,Hybrid,14
32431,Truck,Hybrid,12
32432,Car,Diesel,8
32433,Bus,Hybrid,10
32434,Bus,Hybrid,1
32435,Car,Hybrid,8
32436,Car,Electric,9
32437,Bus,Diesel,11
32438,Truck,Electric,1
32439,Bus,Diesel,1
32440,Bus,Diesel,11
32441,Bus,Hybrid,3
32442,Car,Electric,1
32443,Truck,Electric,6
32444,Truck,Hybrid,2
32445,Car,Electric,10
32446,Bus,Diesel,13
32447,Car,Diesel,12
32448,Car,Diesel,12
32449,Truck,Hybrid,3
32450,Truck,Electric,14
32451,Car,Diesel,0
32452,Car,Hybrid,14
32453,Truck,Diesel,9
32454,Truck,Diesel,3
32455,Bus,Electric,3
32456,Car,Hybrid,3
32457,Bus,Diesel,10
32458,Bus,Diesel,8
32459,Bus,Hybrid,2
32460,Truck,Hybrid,14
32461,Bus,Electric,12
32462,Truck,Diesel,6
32463,Truck,Electric,3
32464,Truck,Diesel,10
32465,Car,Electric,11
32466,Bus,Diesel,0
32467,Truck,Hybrid,14
32468,Car,Electric,9
32469,Car,Hybrid,2
32470,Car,Diesel,8
32471,Truck,Hybrid,9
32472,Truck,Electric,11
32473,Truck,Electric,5
32474,Car,Hybrid,7
32475,Truck,Diesel,8
32476,Bus,Electric,7
32477,Truck,Diesel,4
32478,Truck,Electric,14
32479,Bus,Diesel,5
32480,Truck,Diesel,9
32481,Truck,Hybrid,1
32482,Truck,Diesel,11
32483,Truck,Electric,12
32484,Car,Hybrid,10
32485,Truck,Electric,8
32486,Bus,Hybrid,5
32487,Bus,Hybrid,7
32488,Car,Diesel,6
32489,Truck,Diesel,14
32490,Bus,Electric,11
32491,Car,Electric,12
32492,Truck,Diesel,9
32493,Car,Electric,1
32494,Truck,Electric,13
32495,Car,Diesel,14
32496,Car,Hybrid,1
32497,Bus,Diesel,12
32498,Bus,Electric,14
32499,Car,Hybrid,4
32500,Truck,Diesel,2
32501,Truck,Hybrid,0
32502,Truck,Electric,9
32503,Truck,Hybrid,10
32504,Truck,Electric,12
32505,Bus,Diesel,2
32506,Car,Hybrid,6
32507,Bus,Hybrid,9
32508,Truck,Hybrid,14
32509,Car,Electric,8
32510,Truck,Diesel,10
32511,Truck,Diesel,12
32512,Car,Electric,3
32513,Truck,Hybrid,7
32514,Bus,Electric,5
32515,Bus,Electric,3
32516,Bus,Diesel,2
32517,Truck,Electric,4
32518,Bus,Hybrid,2
32519,Truck,Electric,7
32520,Truck,Electric,10
32521,Bus,Electric,11
32522,Bus,Hybrid,5
32523,Truck,Electric,14
32524,Truck,Diesel,10
32525,Truck,Electric,5
32526,Truck,Electric,6
32527,Bus,Diesel,11
32528,Truck,Diesel,13
32529,Truck,Diesel,6
32530,Truck,Diesel,7
32531,Truck,Diesel,4
32532,Truck,Diesel,12
32533,Car,Hybrid,4
32534,Car,Electric,5
32535,Car,Hybrid,3
32536,Bus,Hybrid,1
32537,Truck,Diesel,13
32538,Bus,Electric,1
32539,Truck,Hybrid,1
32540,Car,Electric,1
32541,Truck,Electric,14
32542,Bus,Diesel,4
32543,Bus,Electric,1
32544,Truck,Hybrid,6
32545,Bus,Hybrid,10
32546,Car,Diesel,3
32547,Truck,Hybrid,9
32548,Car,Diesel,4
32549,Car,Hybrid,1
32550,Bus,Hybrid,11
32551,Truck,Diesel,0
32552,Car,Electric,8
32553,Car,Diesel,5
32554,Truck,Electric,12
32555,Bus,Electric,4
32556,Car,Diesel,4
32557,Truck,Diesel,1
32558,Truck,Diesel,7
32559,Car,Electric,3
32560,Car,Electric,3
32561,Car,Electric,7
32562,Bus,Electric,3
32563,Bus,Diesel,0
32564,Truck,Diesel,3
32565,Truck,Electric,12
32566,Car,Hybrid,14
32567,Truck,Diesel,9
32568,Bus,Hybrid,0
32569,Truck,Hybrid,5
32570,Truck,Hybrid,1
32571,Car,Electric,10
32572,Car,Diesel,14
32573,Bus,Hybrid,12
32574,Truck,Electric,8
32575,Truck,Diesel,12
32576,Truck,Electric,9
32577,Car,Diesel,3
32578,Bus,Diesel,14
32579,Truck,Electric,10
32580,Truck,Hybrid,12
32581,Truck,Diesel,7
32582,Truck,Diesel,10
32583,Bus,Hybrid,1
32584,Bus,Diesel,4
32585,Bus,Hybrid,11
32586,Car,Diesel,10
32587,Truck,Hybrid,7
32588,Truck,Diesel,0
32589,Truck,Diesel,5
32590,Truck,Diesel,1
32591,Bus,Hybrid,4
32592,Car,Diesel,0
32593,Car,Electric,11
32594,Truck,Electric,3
32595,Bus,Electric,2
32596,Car,Diesel,9
32597,Car,Hybrid,13
32598,Truck,Hybrid,4
32599,Car,Diesel,14
32600,Truck,Electric,7
32601,Bus,Hybrid,8
32602,Truck,Diesel,4
32603,Car,Hybrid,8
32604,Truck,Electric,9
32605,Truck,Electric,3
32606,Truck,Hybrid,11
32607,Truck,Diesel,4
32608,Truck,Diesel,12
32609,Truck,Hybrid,10
32610,Car,Electric,8
32611,Truck,Diesel,10
32612,Car,Hybrid,8
32613,Truck,Hybrid,1
32614,Bus,Electric,4
32615,Truck,Electric,13
32616,Car,Diesel,7
32617,Car,Diesel,0
32618,Bus,Diesel,3
32619,Truck,Electric,7
32620,Bus,Hybrid,9
32621,Truck,Diesel,11
32622,Truck,Diesel,1
32623,Car,Diesel,0
32624,Bus,Hybrid,11
32625,Bus,Diesel,14
32626,Car,Diesel,5
32627,Car,Electric,5
32628,Bus,Electric,0
32629,Car,Electric,2
32630,Truck,Hybrid,9
32631,Bus,Electric,12
32632,Bus,Diesel,11
32633,Car,Diesel,7
32634,Truck,Hybrid,13
32635,Bus,Hybrid,8
32636,Bus,Diesel,11
32637,Truck,Hybrid,7
32638,Car,Diesel,0
32639,Car,Electric,10
32640,Car,Diesel,12
32641,Car,Hybrid,3
32642,Truck,Electric,14
32643,Truck,Diesel,11
32644,Bus,Hybrid,8
32645,Bus,Hybrid,0
32646,Truck,Electric,11
32647,Bus,Diesel,13
32648,Truck,Diesel,10
32649,Car,Hybrid,3
32650,Truck,Electric,9
32651,Truck,Diesel,6
32652,Bus,Electric,14
32653,Truck,Hybrid,13
32654,Car,Diesel,6
32655,Car,Hybrid,6
32656,Bus,Diesel,9
32657,Bus,Hybrid,3
32658,Truck,Diesel,7
32659,Bus,Electric,2
32660,Car,Diesel,13
32661,Bus,Diesel,8
32662,Bus,Hybrid,5
32663,Car,Diesel,6
32664,Truck,Diesel,8
32665,Truck,Diesel,3
32666,Bus,Hybrid,4
32667,Car,Diesel,0
32668,Car,Electric,9
32669,Car,Electric,7
32670,Truck,Hybrid,1
32671,Car,Diesel,4
32672,Car,Hybrid,14
32673,Truck,Diesel,14
32674,Car,Hybrid,4
32675,Truck,Diesel,14
32676,Bus,Diesel,14
32677,Bus,Hybrid,9
32678,Bus,Hybrid,3
32679,Bus,Hybrid,14
32680,Bus,Diesel,3
32681,Truck,Hybrid,11
32682,Truck,Diesel,1
32683,Truck,Electric,12
32684,Car,Electric,14
32685,Bus,Diesel,2
32686,Car,Diesel,9
32687,Car,Hybrid,1
32688,Car,Diesel,0
32689,Bus,Diesel,3
32690,Car,Electric,8
32691,Bus,Hybrid,14
32692,Bus,Hybrid,13
32693,Bus,Diesel,5
32694,Car,Hybrid,7
32695,Bus,Electric,14
32696,Bus,Electric,1
32697,Truck,Electric,13
32698,Car,Diesel,1
32699,Truck,Diesel,1
32700,Truck,Electric,10
32701,Car,Electric,7
32702,Truck,Hybrid,0
32703,Bus,Hybrid,4
32704,Truck,Hybrid,11
32705,Truck,Hybrid,3
32706,Bus,Electric,10
32707,Truck,Hybrid,0
32708,Bus,Electric,11
32709,Car,Electric,9
32710,Truck,Diesel,6
32711,Car,Hybrid,0
32712,Truck,Electric,5
32713,Bus,Diesel,11
32714,Truck,Diesel,0
32715,Car,Electric,10
32716,Bus,Electric,12
32717,Bus,Hybrid,12
32718,Car,Hybrid,8
32719,Car,Electric,2
32720,Truck,Electric,11
32721,Truck,Diesel,1
32722,Bus,Diesel,6
32723,Car,Diesel,0
32724,Car,Diesel,6
32725,Truck,Diesel,8
32726,Truck,Hybrid,3
32727,Bus,Diesel,9
32728,Car,Electric,1
32729,Car,Hybrid,3
32730,Car,Diesel,8
32731,Car,Diesel,14
32732,Truck,Diesel,7
32733,Truck,Electric,11
32734,Truck,Diesel,4
32735,Bus,Electric,7
32736,Car,Electric,6
32737,Truck,Diesel,3
32738,Car,Diesel,2
32739,Truck,Hybrid,0
32740,Bus,Hybrid,13
32741,Truck,Hybrid,13
32742,Bus,Electric,2
32743,Car,Diesel,7
32744,Truck,Hybrid,8
32745,Truck,Electric,8
32746,Truck,Hybrid,4
32747,Car,Hybrid,3
32748,Bus,Diesel,5
32749,Bus,Diesel,11
32750,Truck,Electric,13
32751,Car,Diesel,6
32752,Bus,Hybrid,13
32753,Bus,Electric,5
32754,Bus,Electric,4
32755,Bus,Electric,12
32756,Bus,Electric,1
32757,Truck,Diesel,2
32758,Truck,Hybrid,8
32759,Truck,Diesel,6
32760,Bus,Diesel,9
32761,Bus,Electric,11
32762,Bus,Diesel,1
32763,Truck,Diesel,11
32764,Bus,Hybrid,12
32765,Truck,Electric,0
32766,Bus,Diesel,0
32767,Truck,Electric,0
32768,Car,Hybrid,13
32769,Bus,Diesel,5
32770,Bus,Hybrid,4
32771,Truck,Hybrid,6
32772,Bus,Electric,11
32773,Truck,Electric,4
32774,Truck,Electric,8
32775,Car,Diesel,0
32776,Car,Electric,14
32777,Bus,Diesel,8
32778,Bus,Hybrid,11
32779,Truck,Electric,3
32780,Truck,Hybrid,9
32781,Truck,Electric,6
32782,Truck,Hybrid,1
32783,Bus,Diesel,14
32784,Car,Hybrid,2
32785,Bus,Diesel,3
32786,Bus,Electric,4
32787,Bus,Electric,11
32788,Car,Electric,1
32789,Bus,Diesel,6
32790,Car,Electric,5
32791,Truck,Diesel,14
32792,Bus,Diesel,8
32793,Truck,Hybrid,6
32794,Truck,Electric,9
32795,Truck,Hybrid,9
32796,Bus,Diesel,13
32797,Truck,Hybrid,1
32798,Bus,Electric,2
32799,Truck,Diesel,2
32800,Bus,Hybrid,7
32801,Bus,Electric,7
32802,Bus,Electric,2
32803,Truck,Hybrid,7
32804,Bus,Diesel,14
32805,Truck,Electric,4
32806,Car,Diesel,10
32807,Truck,Electric,12
32808,Truck,Diesel,3
32809,Bus,Diesel,14
32810,Truck,Electric,11
32811,Car,Hybrid,10
32812,Bus,Hybrid,3
32813,Truck,Hybrid,3
32814,Truck,Diesel,14
32815,Bus,Hybrid,0
32816,Bus,Hybrid,10
32817,Truck,Electric,6
32818,Truck,Diesel,10
32819,Bus,Hybrid,9
32820,Bus,Electric,9
32821,Car,Diesel,3
32822,Car,Electric,1
32823,Car,Hybrid,0
32824,Bus,Diesel,2
32825,Bus,Diesel,0
32826,Bus,Hybrid,10
32827,Truck,Electric,4
32828,Bus,Diesel,5
32829,Truck,Diesel,10
32830,Bus,Diesel,5
32831,Bus,Hybrid,5
32832,Truck,Electric,6
32833,Bus,Hybrid,0
32834,Bus,Diesel,3
32835,Bus,Electric,9
32836,Car,Electric,9
32837,Bus,Hybrid,14
32838,Truck,Hybrid,14
32839,Truck,Diesel,8
32840,Truck,Hybrid,9
32841,Bus,Hybrid,11
32842,Truck,Hybrid,1
32843,Car,Hybrid,12
32844,Truck,Hybrid,7
32845,Bus,Diesel,10
32846,Car,Electric,6
32847,Truck,Hybrid,6
32848,Car,Electric,12
32849,Truck,Electric,2
32850,Bus,Hybrid,14
32851,Car,Hybrid,12
32852,Truck,Electric,1
32853,Truck,Diesel,1
32854,Car,Electric,11
32855,Car,Diesel,12
32856,Car,Electric,14
32857,Car,Hybrid,2
32858,Truck,Diesel,13
32859,Truck,Electric,2
32860,Truck,Diesel,9
32861,Bus,Hybrid,1
32862,Car,Diesel,6
32863,Truck,Hybrid,1
32864,Car,Hybrid,5
32865,Car,Diesel,12
32866,Truck,Hybrid,10
32867,Car,Hybrid,4
32868,Car,Hybrid,6
32869,Car,Diesel,10
32870,Car,Hybrid,10
32871,Car,Electric,6
32872,Truck,Hybrid,7
32873,Truck,Electric,3
32874,Car,Diesel,9
32875,Car,Electric,12
32876,Car,Hybrid,4
32877,Bus,Hybrid,9
32878,Car,Hybrid,12
32879,Bus,Hybrid,3
32880,Bus,Hybrid,12
32881,Bus,Hybrid,14
32882,Truck,Diesel,6
32883,Bus,Hybrid,14
32884,Car,Electric,2
32885,Car,Electric,9
32886,Truck,Electric,1
32887,Truck,Diesel,3
32888,Car,Electric,13
32889,Truck,Electric,4
32890,Truck,Electric,10
32891,Bus,Diesel,0
32892,Bus,Electric,2
32893,Truck,Electric,7
32894,Car,Diesel,10
32895,Bus,Hybrid,4
32896,Car,Electric,0
32897,Truck,Hybrid,3
32898,Car,Electric,7
32899,Car,Diesel,12
32900,Car,Hybrid,7
32901,Car,Diesel,1
32902,Truck,Hybrid,8
32903,Truck,Diesel,9
32904,Bus,Hybrid,0
32905,Bus,Hybrid,9
32906,Bus,Hybrid,7
32907,Bus,Electric,7
32908,Car,Hybrid,12
32909,Bus,Hybrid,5
32910,Bus,Electric,0
32911,Car,Electric,14
32912,Truck,Diesel,11
32913,Bus,Diesel,12
32914,Truck,Electric,8
32915,Bus,Electric,14
32916,Truck,Electric,14
32917,Bus,Electric,9
32918,Truck,Electric,2
32919,Truck,Diesel,13
32920,Bus,Electric,0
32921,Truck,Electric,6
32922,Bus,Diesel,13
32923,Bus,Hybrid,12
32924,Car,Diesel,9
32925,Bus,Diesel,4
32926,Bus,Electric,1
32927,Bus,Hybrid,12
32928,Bus,Diesel,0
32929,Car,Hybrid,5
32930,Car,Diesel,0
32931,Car,Electric,5
32932,Car,Diesel,0
32933,Truck,Diesel,6
32934,Bus,Diesel,6
32935,Car,Hybrid,9
32936,Bus,Hybrid,3
32937,Car,Electric,6
32938,Bus,Hybrid,14
32939,Truck,Hybrid,12
32940,Car,Hybrid,7
32941,Truck,Electric,7
32942,Truck,Electric,11
32943,Bus,Electric,11
32944,Car,Electric,11
32945,Truck,Diesel,2
32946,Bus,Electric,13
32947,Bus,Electric,13
32948,Bus,Diesel,7
32949,Truck,Diesel,12
32950,Bus,Hybrid,2
32951,Bus,Hybrid,12
32952,Bus,Electric,10
32953,Truck,Hybrid,14
32954,Bus,Diesel,14
32955,Truck,Hybrid,4
32956,Bus,Hybrid,0
32957,Truck,Electric,11
32958,Truck,Diesel,6
32959,Car,Diesel,13
32960,Car,Hybrid,14
32961,Car,Hybrid,9
32962,Truck,Hybrid,7
32963,Bus,Electric,3
32964,Bus,Hybrid,6
32965,Truck,Hybrid,6
32966,Bus,Electric,5
32967,Truck,Diesel,13
32968,Bus,Electric,4
32969,Truck,Hybrid,9
32970,Car,Hybrid,3
32971,Car,Diesel,14
32972,Bus,Electric,4
32973,Bus,Hybrid,6
32974,Bus,Diesel,7
32975,Bus,Hybrid,3
32976,Car,Diesel,4
32977,Car,Hybrid,10
32978,Truck,Hybrid,5
32979,Bus,Diesel,14
32980,Car,Diesel,10
32981,Truck,Hybrid,8
32982,Truck,Diesel,9
32983,Truck,Hybrid,5
32984,Car,Hybrid,6
32985,Truck,Electric,7
32986,Bus,Hybrid,2
32987,Truck,Hybrid,4
32988,Truck,Diesel,3
32989,Car,Electric,0
32990,Truck,Diesel,11
32991,Car,Diesel,3
32992,Car,Hybrid,1
32993,Bus,Hybrid,3
32994,Truck,Hybrid,1
32995,Bus,Diesel,12
32996,Bus,Diesel,11
32997,Truck,Hybrid,3
32998,Truck,Diesel,3
32999,Car,Electric,12
33000,Truck,Electric,10
33001,Car,Electric,2
33002,Bus,Diesel,4
33003,Bus,Electric,8
33004,Car,Hybrid,0
33005,Truck,Hybrid,6
33006,Truck,Hybrid,9
33007,Car,Electric,12
33008,Bus,Electric,14
33009,Car,Diesel,13
33010,Truck,Hybrid,0
33011,Truck,Diesel,9
33012,Car,Electric,14
33013,Truck,Diesel,11
33014,Bus,Hybrid,14
33015,Car,Diesel,11
33016,Bus,Diesel,0
33017,Bus,Electric,13
33018,Car,Electric,1
33019,Car,Electric,9
33020,Truck,Electric,5
33021,Truck,Hybrid,10
33022,Car,Hybrid,13
33023,Car,Diesel,8
33024,Truck,Hybrid,2
33025,Truck,Diesel,4
33026,Truck,Electric,7
33027,Car,Diesel,9
33028,Car,Diesel,5
33029,Truck,Hybrid,2
33030,Bus,Diesel,1
33031,Bus,Hybrid,12
33032,Truck,Diesel,2
33033,Car,Hybrid,5
33034,Car,Electric,4
33035,Bus,Hybrid,7
33036,Truck,Electric,9
33037,Bus,Hybrid,1
33038,Bus,Electric,13
33039,Truck,Electric,11
33040,Bus,Hybrid,1
33041,Car,Electric,3
33042,Bus,Diesel,12
33043,Truck,Diesel,14
33044,Car,Electric,8
33045,Car,Electric,4
33046,Bus,Electric,6
33047,Car,Hybrid,6
33048,Truck,Diesel,5
33049,Bus,Electric,11
33050,Car,Electric,5
33051,Truck,Hybrid,8
33052,Bus,Diesel,3
33053,Truck,Electric,1
33054,Car,Diesel,6
33055,Bus,Hybrid,14
33056,Bus,Diesel,5
33057,Car,Electric,3
33058,Truck,Electric,0
33059,Car,Diesel,3
33060,Bus,Hybrid,5
33061,Bus,Hybrid,10
33062,Car,Hybrid,2
33063,Truck,Hybrid,12
33064,Car,Electric,14
33065,Truck,Diesel,12
33066,Truck,Electric,0
33067,Bus,Diesel,11
33068,Truck,Diesel,1
33069,Bus,Hybrid,5
33070,Truck,Hybrid,0
33071,Truck,Diesel,5
33072,Bus,Diesel,14
33073,Truck,Diesel,0
33074,Car,Electric,0
33075,Truck,Diesel,5
33076,Bus,Electric,12
33077,Bus,Diesel,0
33078,Car,Hybrid,11
33079,Truck,Diesel,8
33080,Car,Diesel,1
33081,Truck,Electric,8
33082,Car,Diesel,4
33083,Bus,Electric,4
33084,Bus,Electric,9
33085,Car,Hybrid,7
33086,Truck,Hybrid,0
33087,Truck,Hybrid,8
33088,Bus,Hybrid,13
33089,Truck,Electric,0
33090,Car,Diesel,4
33091,Car,Electric,7
33092,Truck,Hybrid,0
33093,Bus,Diesel,4
33094,Bus,Electric,12
33095,Bus,Diesel,11
33096,Bus,Electric,2
33097,Bus,Diesel,7
33098,Car,Diesel,12
33099,Truck,Hybrid,2
33100,Car,Hybrid,11
33101,Bus,Diesel,7
33102,Bus,Diesel,10
33103,Truck,Hybrid,10
33104,Truck,Electric,14
33105,Truck,Diesel,14
33106,Car,Electric,1
33107,Truck,Hybrid,9
33108,Car,Diesel,13
33109,Bus,Electric,2
33110,Car,Hybrid,12
33111,Truck,Diesel,0
33112,Car,Electric,0
33113,Car,Diesel,3
33114,Car,Electric,4
33115,Truck,Electric,13
33116,Car,Diesel,2
33117,Truck,Hybrid,1
33118,Car,Diesel,0
33119,Car,Hybrid,2
33120,Car,Electric,0
33121,Truck,Electric,9
33122,Truck,Electric,9
33123,Truck,Hybrid,5
33124,Bus,Electric,12
33125,Truck,Diesel,10
33126,Car,Electric,2
33127,Bus,Hybrid,11
33128,Truck,Hybrid,3
33129,Truck,Diesel,7
33130,Bus,Diesel,9
33131,Bus,Hybrid,14
33132,Truck,Hybrid,4
33133,Bus,Diesel,10
33134,Car,Diesel,4
33135,Car,Diesel,7
33136,Car,Diesel,9
33137,Truck,Hybrid,9
33138,Car,Electric,11
33139,Bus,Hybrid,13
33140,Car,Diesel,11
33141,Bus,Hybrid,10
33142,Car,Diesel,12
33143,Bus,Hybrid,9
33144,Car,Diesel,3
33145,Car,Diesel,12
33146,Car,Hybrid,7
33147,Bus,Diesel,9
33148,Bus,Electric,4
33149,Car,Diesel,5
33150,Bus,Diesel,0
33151,Bus,Diesel,8
33152,Truck,Electric,3
33153,Car,Hybrid,0
33154,Bus,Electric,6
33155,Bus,Electric,9
33156,Bus,Electric,3
33157,Bus,Hybrid,4
33158,Truck,Diesel,10
33159,Bus,Electric,6
33160,Bus,Diesel,6
33161,Truck,Electric,8
33162,Car,Electric,8
33163,Car,Electric,6
33164,Truck,Electric,11
33165,Car,Electric,9
33166,Car,Electric,8
33167,Truck,Hybrid,4
33168,Bus,Diesel,1
33169,Truck,Diesel,8
33170,Truck,Hybrid,5
33171,Truck,Electric,5
33172,Truck,Hybrid,8
33173,Truck,Hybrid,14
33174,Bus,Hybrid,12
33175,Car,Diesel,14
33176,Truck,Hybrid,0
33177,Bus,Electric,14
33178,Truck,Hybrid,1
33179,Bus,Diesel,10
33180,Car,Diesel,2
33181,Bus,Electric,0
33182,Bus,Hybrid,3
33183,Car,Electric,1
33184,Car,Hybrid,2
33185,Bus,Electric,11
33186,Truck,Electric,7
33187,Truck,Electric,10
33188,Car,Diesel,3
33189,Truck,Diesel,8
33190,Car,Hybrid,5
33191,Bus,Diesel,14
33192,Bus,Electric,11
33193,Truck,Diesel,0
33194,Car,Diesel,5
33195,Truck,Hybrid,6
33196,Truck,Electric,11
33197,Bus,Diesel,14
33198,Truck,Diesel,3
33199,Bus,Hybrid,7
33200,Car,Hybrid,14
33201,Truck,Electric,14
33202,Bus,Hybrid,11
33203,Truck,Electric,14
33204,Car,Electric,9
33205,Truck,Diesel,2
33206,Truck,Diesel,6
33207,Bus,Diesel,6
33208,Car,Diesel,14
33209,Car,Diesel,3
33210,Car,Electric,0
33211,Truck,Diesel,11
33212,Bus,Diesel,9
33213,Truck,Diesel,9
33214,Truck,Electric,5
33215,Truck,Hybrid,14
33216,Car,Hybrid,9
33217,Bus,Diesel,11
33218,Car,Hybrid,11
33219,Truck,Electric,11
33220,Truck,Diesel,6
33221,Bus,Electric,2
33222,Car,Electric,11
33223,Truck,Diesel,4
33224,Truck,Electric,7
33225,Bus,Diesel,6
33226,Truck,Electric,1
33227,Car,Hybrid,3
33228,Car,Hybrid,6
33229,Truck,Hybrid,13
33230,Truck,Electric,10
33231,Truck,Diesel,8
33232,Bus,Hybrid,6
33233,Bus,Diesel,7
33234,Car,Hybrid,9
33235,Car,Hybrid,11
33236,Truck,Electric,11
33237,Truck,Hybrid,8
33238,Truck,Diesel,10
33239,Bus,Diesel,12
33240,Bus,Hybrid,14
33241,Truck,Diesel,0
33242,Truck,Diesel,2
33243,Car,Diesel,5
33244,Bus,Diesel,7
33245,Truck,Diesel,10
33246,Bus,Hybrid,13
33247,Truck,Diesel,14
33248,Truck,Diesel,6
33249,Car,Hybrid,11
33250,Car,Electric,5
33251,Car,Diesel,3
33252,Truck,Electric,7
33253,Car,Electric,9
33254,Truck,Hybrid,3
33255,Bus,Electric,5
33256,Bus,Electric,13
33257,Truck,Electric,11
33258,Car,Hybrid,2
33259,Car,Diesel,11
33260,Bus,Hybrid,11
33261,Truck,Hybrid,6
33262,Truck,Hybrid,11
33263,Truck,Diesel,14
33264,Bus,Electric,5
33265,Bus,Diesel,6
33266,Car,Electric,14
33267,Truck,Diesel,4
33268,Truck,Hybrid,4
33269,Truck,Hybrid,1
33270,Truck,Electric,5
33271,Bus,Hybrid,0
33272,Car,Hybrid,6
33273,Bus,Diesel,2
33274,Car,Electric,1
33275,Truck,Diesel,10
33276,Truck,Diesel,6
33277,Truck,Hybrid,8
33278,Truck,Diesel,0
33279,Truck,Electric,5
33280,Bus,Hybrid,7
33281,Car,Electric,1
33282,Bus,Electric,4
33283,Truck,Electric,14
33284,Car,Electric,12
33285,Car,Diesel,12
33286,Truck,Hybrid,11
33287,Car,Diesel,3
33288,Bus,Hybrid,9
33289,Bus,Diesel,11
33290,Bus,Hybrid,2
33291,Bus,Electric,9
33292,Car,Electric,7
33293,Bus,Diesel,1
33294,Car,Diesel,0
33295,Truck,Electric,0
33296,Bus,Diesel,9
33297,Truck,Diesel,4
33298,Bus,Hybrid,8
33299,Truck,Hybrid,3
33300,Truck,Hybrid,14
33301,Truck,Diesel,6
33302,Truck,Electric,1
33303,Truck,Electric,2
33304,Car,Electric,9
33305,Car,Electric,10
33306,Bus,Hybrid,8
33307,Car,Hybrid,4
33308,Truck,Diesel,5
33309,Car,Electric,2
33310,Car,Diesel,12
33311,Truck,Electric,5
33312,Car,Electric,10
33313,Truck,Diesel,12
33314,Car,Hybrid,10
33315,Truck,Diesel,9
33316,Bus,Diesel,7
33317,Car,Electric,13
33318,Bus,Hybrid,9
33319,Truck,Diesel,0
33320,Truck,Hybrid,9
33321,Bus,Hybrid,7
33322,Truck,Hybrid,7
33323,Truck,Hybrid,6
33324,Truck,Electric,3
33325,Truck,Electric,0
33326,Truck,Electric,9
33327,Truck,Electric,1
33328,Truck,Electric,11
33329,Truck,Diesel,12
33330,Bus,Hybrid,9
33331,Car,Electric,2
33332,Truck,Hybrid,4
33333,Bus,Electric,2
33334,Truck,Electric,14
33335,Car,Diesel,13
33336,Truck,Hybrid,12
33337,Bus,Electric,7
33338,Bus,Electric,5
33339,Car,Diesel,2
33340,Truck,Hybrid,1
33341,Bus,Hybrid,13
33342,Car,Electric,2
33343,Car,Diesel,1
33344,Truck,Diesel,11
33345,Bus,Electric,2
33346,Truck,Hybrid,8
33347,Truck,Electric,14
33348,Truck,Hybrid,0
33349,Bus,Diesel,2
33350,Car,Electric,6
33351,Truck,Electric,1
33352,Truck,Electric,12
33353,Bus,Hybrid,11
33354,Truck,Hybrid,2
33355,Car,Diesel,5
33356,Truck,Hybrid,11
33357,Car,Hybrid,1
33358,Truck,Electric,0
33359,Truck,Diesel,9
33360,Truck,Diesel,1
33361,Car,Electric,10
33362,Truck,Hybrid,11
33363,Truck,Hybrid,12
33364,Truck,Electric,3
33365,Car,Electric,4
33366,Truck,Hybrid,0
33367,Bus,Diesel,3
33368,Car,Electric,4
33369,Bus,Hybrid,3
33370,Truck,Electric,1
33371,Car,Diesel,0
33372,Car,Diesel,3
33373,Truck,Hybrid,13
33374,Bus,Diesel,1
33375,Car,Electric,13
33376,Car,Diesel,9
33377,Car,Hybrid,8
33378,Car,Electric,3
33379,Car,Diesel,13
33380,Truck,Diesel,2
33381,Car,Diesel,14
33382,Bus,Hybrid,6
33383,Car,Hybrid,10
33384,Truck,Diesel,13
33385,Truck,Electric,14
33386,Bus,Diesel,2
33387,Car,Electric,9
33388,Bus,Electric,11
33389,Bus,Hybrid,7
33390,Bus,Diesel,4
33391,Bus,Hybrid,3
33392,Car,Diesel,0
33393,Truck,Electric,4
33394,Truck,Hybrid,8
33395,Car,Hybrid,7
33396,Bus,Hybrid,13
33397,Car,Electric,13
33398,Bus,Hybrid,3
33399,Bus,Diesel,8
33400,Car,Diesel,6
33401,Car,Electric,1
33402,Bus,Hybrid,10
33403,Bus,Diesel,6
33404,Bus,Hybrid,14
33405,Bus,Diesel,3
33406,Car,Electric,12
33407,Truck,Diesel,4
33408,Truck,Diesel,0
33409,Bus,Diesel,10
33410,Truck,Electric,14
33411,Truck,Diesel,13
33412,Truck,Electric,3
33413,Truck,Electric,1
33414,Truck,Diesel,8
33415,Truck,Hybrid,11
33416,Bus,Diesel,11
33417,Bus,Electric,13
33418,Bus,Hybrid,7
33419,Car,Diesel,2
33420,Truck,Diesel,6
33421,Truck,Diesel,6
33422,Car,Diesel,12
33423,Truck,Diesel,5
33424,Bus,Hybrid,2
33425,Bus,Diesel,8
33426,Car,Electric,8
33427,Bus,Electric,5
33428,Car,Hybrid,2
33429,Bus,Electric,3
33430,Truck,Hybrid,4
33431,Bus,Electric,8
33432,Car,Hybrid,2
33433,Truck,Diesel,8
33434,Car,Electric,4
33435,Truck,Electric,5
33436,Truck,Hybrid,1
33437,Bus,Hybrid,1
33438,Bus,Hybrid,13
33439,Truck,Electric,11
33440,Bus,Hybrid,11
33441,Bus,Diesel,1
33442,Car,Hybrid,6
33443,Bus,Diesel,12
33444,Truck,Diesel,10
33445,Bus,Hybrid,10
33446,Truck,Diesel,5
33447,Truck,Diesel,6
33448,Car,Diesel,12
33449,Truck,Hybrid,2
33450,Truck,Hybrid,3
33451,Car,Diesel,10
33452,Truck,Electric,5
33453,Car,Diesel,2
33454,Truck,Hybrid,14
33455,Bus,Diesel,11
33456,Car,Diesel,13
33457,Car,Hybrid,0
33458,Truck,Hybrid,5
33459,Car,Electric,9
33460,Truck,Diesel,10
33461,Car,Diesel,9
33462,Car,Diesel,1
33463,Bus,Electric,12
33464,Truck,Electric,6
33465,Bus,Diesel,12
33466,Car,Hybrid,4
33467,Truck,Diesel,13
33468,Bus,Diesel,0
33469,Car,Diesel,8
33470,Bus,Hybrid,1
33471,Car,Electric,1
33472,Car,Electric,14
33473,Truck,Diesel,9
33474,Truck,Diesel,9
33475,Truck,Diesel,3
33476,Car,Hybrid,1
33477,Bus,Diesel,14
33478,Truck,Hybrid,12
33479,Truck,Diesel,9
33480,Truck,Diesel,14
33481,Truck,Diesel,5
33482,Car,Electric,12
33483,Bus,Diesel,4
33484,Car,Diesel,9
33485,Car,Diesel,9
33486,Car,Diesel,2
33487,Truck,Hybrid,12
33488,Bus,Hybrid,1
33489,Car,Diesel,5
33490,Car,Hybrid,13
33491,Car,Diesel,1
33492,Truck,Diesel,10
33493,Truck,Hybrid,3
33494,Car,Hybrid,14
33495,Truck,Diesel,4
33496,Bus,Electric,12
33497,Truck,Diesel,10
33498,Car,Diesel,7
33499,Bus,Electric,11
33500,Truck,Hybrid,0
33501,Car,Electric,6
33502,Bus,Diesel,13
33503,Bus,Hybrid,5
33504,Bus,Electric,2
33505,Truck,Electric,9
33506,Bus,Diesel,9
33507,Truck,Electric,14
33508,Car,Diesel,9
33509,Truck,Hybrid,0
33510,Truck,Electric,1
33511,Car,Hybrid,0
33512,Truck,Hybrid,2
33513,Truck,Diesel,0
33514,Car,Electric,9
33515,Bus,Hybrid,4
33516,Car,Electric,9
33517,Bus,Electric,5
33518,Truck,Electric,0
33519,Car,Electric,13
33520,Bus,Hybrid,0
33521,Truck,Electric,11
33522,Truck,Diesel,3
33523,Truck,Diesel,3
33524,Bus,Electric,7
33525,Bus,Electric,9
33526,Bus,Diesel,6
33527,Truck,Electric,6
33528,Bus,Hybrid,8
33529,Car,Electric,7
33530,Bus,Electric,11
33531,Bus,Hybrid,12
33532,Truck,Electric,10
33533,Car,Hybrid,10
33534,Car,Hybrid,11
33535,Car,Diesel,11
33536,Bus,Diesel,14
33537,Truck,Electric,11
33538,Bus,Diesel,2
33539,Truck,Electric,3
33540,Car,Electric,7
33541,Bus,Diesel,13
33542,Truck,Diesel,4
33543,Bus,Electric,12
33544,Truck,Electric,14
33545,Car,Electric,4
33546,Bus,Hybrid,7
33547,Car,Electric,7
33548,Bus,Electric,12
33549,Bus,Electric,5
33550,Truck,Diesel,13
33551,Truck,Diesel,8
33552,Truck,Hybrid,3
33553,Car,Electric,9
33554,Car,Electric,14
33555,Bus,Electric,0
33556,Truck,Electric,9
33557,Car,Electric,1
33558,Bus,Electric,0
33559,Car,Diesel,3
33560,Bus,Hybrid,8
33561,Truck,Diesel,10
33562,Bus,Diesel,5
33563,Bus,Diesel,12
33564,Truck,Hybrid,13
33565,Truck,Electric,13
33566,Bus,Hybrid,5
33567,Car,Diesel,5
33568,Truck,Diesel,0
33569,Bus,Diesel,0
33570,Truck,Diesel,2
33571,Truck,Electric,4
33572,Car,Diesel,1
33573,Truck,Diesel,10
33574,Bus,Electric,11
33575,Bus,Diesel,0
33576,Truck,Electric,8
33577,Truck,Hybrid,10
33578,Car,Electric,0
33579,Car,Diesel,12
33580,Car,Electric,12
33581,Bus,Diesel,13
33582,Car,Diesel,10
33583,Bus,Hybrid,10
33584,Car,Diesel,13
33585,Bus,Diesel,10
33586,Truck,Diesel,3
33587,Bus,Electric,8
33588,Truck,Diesel,9
33589,Bus,Diesel,1
33590,Bus,Diesel,9
33591,Truck,Hybrid,2
33592,Bus,Hybrid,3
33593,Bus,Electric,11
33594,Car,Hybrid,1
33595,Truck,Hybrid,1
33596,Truck,Electric,11
33597,Car,Hybrid,5
33598,Car,Diesel,10
33599,Truck,Diesel,14
33600,Truck,Diesel,10
33601,Truck,Hybrid,9
33602,Car,Electric,4
33603,Car,Hybrid,10
33604,Bus,Electric,4
33605,Car,Diesel,8
33606,Bus,Electric,6
33607,Bus,Diesel,10
33608,Car,Hybrid,12
33609,Car,Hybrid,14
33610,Car,Electric,8
33611,Car,Hybrid,0
33612,Truck,Electric,1
33613,Car,Hybrid,4
33614,Bus,Hybrid,9
33615,Bus,Hybrid,13
33616,Truck,Electric,6
33617,Truck,Electric,7
33618,Car,Electric,6
33619,Truck,Hybrid,8
33620,Car,Diesel,14
33621,Car,Electric,10
33622,Truck,Diesel,2
33623,Truck,Electric,10
33624,Bus,Electric,4
33625,Truck,Diesel,11
33626,Truck,Diesel,5
33627,Truck,Hybrid,13
33628,Bus,Diesel,9
33629,Car,Electric,6
33630,Bus,Diesel,11
33631,Truck,Diesel,6
33632,Truck,Diesel,3
33633,Truck,Diesel,0
33634,Car,Hybrid,7
33635,Bus,Electric,9
33636,Bus,Electric,0
33637,Car,Electric,11
33638,Bus,Hybrid,13
33639,Car,Diesel,0
33640,Car,Electric,8
33641,Bus,Electric,12
33642,Bus,Diesel,9
33643,Car,Electric,14
33644,Bus,Diesel,9
33645,Car,Hybrid,11
33646,Bus,Electric,2
33647,Bus,Electric,8
33648,Bus,Diesel,9
33649,Bus,Hybrid,10
33650,Bus,Electric,9
33651,Truck,Diesel,13
33652,Truck,Hybrid,11
33653,Bus,Diesel,13
33654,Bus,Electric,0
33655,Bus,Electric,6
33656,Car,Electric,4
33657,Truck,Diesel,11
33658,Car,Hybrid,11
33659,Truck,Electric,3
33660,Truck,Electric,10
33661,Bus,Diesel,11
33662,Bus,Electric,4
33663,Car,Diesel,13
33664,Car,Electric,0
33665,Bus,Hybrid,9
33666,Bus,Electric,6
33667,Truck,Diesel,10
33668,Truck,Electric,11
33669,Bus,Diesel,1
33670,Truck,Diesel,13
33671,Car,Diesel,11
33672,Truck,Hybrid,8
33673,Bus,Hybrid,4
33674,Truck,Electric,4
33675,Bus,Diesel,14
33676,Truck,Hybrid,13
33677,Car,Diesel,2
33678,Car,Electric,9
33679,Bus,Diesel,1
33680,Bus,Hybrid,7
33681,Bus,Hybrid,14
33682,Truck,Diesel,12
33683,Truck,Diesel,8
33684,Truck,Diesel,2
33685,Car,Diesel,11
33686,Bus,Diesel,13
33687,Truck,Diesel,10
33688,Car,Electric,12
33689,Bus,Electric,7
33690,Car,Hybrid,5
33691,Bus,Diesel,11
33692,Truck,Electric,10
33693,Car,Diesel,8
33694,Car,Hybrid,9
33695,Car,Electric,3
33696,Bus,Diesel,2
33697,Bus,Diesel,6
33698,Car,Diesel,0
33699,Bus,Diesel,14
33700,Car,Diesel,2
33701,Truck,Diesel,6
33702,Car,Hybrid,11
33703,Car,Diesel,6
33704,Bus,Diesel,8
33705,Bus,Electric,13
33706,Bus,Diesel,9
33707,Truck,Diesel,14
33708,Truck,Electric,8
33709,Truck,Electric,10
33710,Bus,Diesel,10
33711,Car,Hybrid,6
33712,Car,Electric,10
33713,Car,Electric,13
33714,Bus,Diesel,2
33715,Bus,Electric,14
33716,Truck,Diesel,2
33717,Bus,Hybrid,13
33718,Car,Hybrid,4
33719,Truck,Diesel,8
33720,Truck,Hybrid,0
33721,Bus,Diesel,0
33722,Truck,Electric,8
33723,Truck,Electric,11
33724,Bus,Diesel,6
33725,Truck,Diesel,10
33726,Car,Electric,12
33727,Bus,Diesel,13
33728,Car,Electric,3
33729,Car,Diesel,14
33730,Car,Electric,0
33731,Car,Hybrid,5
33732,Truck,Hybrid,8
33733,Truck,Electric,5
33734,Bus,Electric,4
33735,Bus,Electric,14
33736,Car,Electric,0
33737,Car,Electric,8
33738,Bus,Hybrid,8
33739,Bus,Electric,0
33740,Bus,Diesel,11
33741,Bus,Hybrid,3
33742,Car,Electric,11
33743,Bus,Diesel,0
33744,Truck,Hybrid,9
33745,Car,Diesel,3
33746,Truck,Electric,6
33747,Bus,Diesel,7
33748,Truck,Diesel,2
33749,Bus,Hybrid,2
33750,Truck,Diesel,9
33751,Car,Diesel,4
33752,Truck,Hybrid,10
33753,Car,Electric,5
33754,Truck,Diesel,12
33755,Truck,Electric,2
33756,Car,Hybrid,5
33757,Car,Electric,9
33758,Bus,Diesel,11
33759,Car,Diesel,6
33760,Car,Electric,12
33761,Bus,Electric,5
33762,Car,Diesel,5
33763,Car,Hybrid,12
33764,Truck,Diesel,1
33765,Bus,Diesel,12
33766,Bus,Electric,10
33767,Truck,Diesel,3
33768,Bus,Electric,0
33769,Truck,Hybrid,9
33770,Car,Diesel,12
33771,Bus,Hybrid,4
33772,Car,Hybrid,12
33773,Bus,Diesel,12
33774,Car,Electric,9
33775,Bus,Electric,2
33776,Bus,Diesel,2
33777,Car,Electric,3
33778,Truck,Electric,11
33779,Bus,Hybrid,8
33780,Truck,Electric,10
33781,Truck,Electric,5
33782,Truck,Diesel,9
33783,Truck,Hybrid,10
33784,Truck,Electric,7
33785,Truck,Diesel,10
33786,Bus,Electric,11
33787,Truck,Hybrid,13
33788,Bus,Hybrid,4
33789,Bus,Hybrid,12
33790,Bus,Hybrid,5
33791,Car,Hybrid,2
33792,Truck,Hybrid,10
33793,Car,Diesel,10
33794,Truck,Hybrid,10
33795,Car,Electric,6
33796,Bus,Electric,11
33797,Car,Electric,10
33798,Bus,Electric,14
33799,Car,Hybrid,10
33800,Truck,Hybrid,8
33801,Truck,Diesel,8
33802,Car,Hybrid,6
33803,Car,Electric,2
33804,Truck,Diesel,4
33805,Car,Diesel,9
33806,Car,Diesel,8
33807,Truck,Diesel,10
33808,Bus,Hybrid,8
33809,Truck,Diesel,2
33810,Truck,Hybrid,12
33811,Car,Diesel,4
33812,Truck,Hybrid,0
33813,Truck,Hybrid,14
33814,Car,Electric,13
33815,Car,Hybrid,6
33816,Bus,Diesel,1
33817,Truck,Diesel,9
33818,Bus,Hybrid,9
33819,Bus,Hybrid,5
33820,Bus,Hybrid,9
33821,Bus,Hybrid,11
33822,Truck,Electric,5
33823,Truck,Electric,6
33824,Truck,Electric,2
33825,Bus,Electric,7
33826,Car,Electric,4
33827,Truck,Hybrid,9
33828,Bus,Electric,3
33829,Bus,Electric,14
33830,Bus,Hybrid,10
33831,Bus,Hybrid,14
33832,Bus,Diesel,14
33833,Bus,Diesel,11
33834,Truck,Diesel,8
33835,Car,Electric,14
33836,Truck,Hybrid,8
33837,Truck,Diesel,1
33838,Bus,Diesel,0
33839,Truck,Electric,2
33840,Car,Diesel,9
33841,Car,Hybrid,7
33842,Bus,Hybrid,3
33843,Car,Diesel,4
33844,Bus,Hybrid,12
33845,Car,Diesel,4
33846,Car,Diesel,10
33847,Truck,Hybrid,1
33848,Car,Hybrid,0
33849,Bus,Electric,14
33850,Car,Electric,7
33851,Car,Diesel,9
33852,Truck,Hybrid,11
33853,Bus,Diesel,4
33854,Bus,Electric,1
33855,Bus,Diesel,6
33856,Truck,Hybrid,13
33857,Car,Hybrid,1
33858,Bus,Electric,5
33859,Car,Diesel,8
33860,Car,Diesel,3
33861,Car,Hybrid,4
33862,Truck,Electric,0
33863,Car,Hybrid,12
33864,Truck,Hybrid,0
33865,Truck,Electric,8
33866,Truck,Hybrid,4
33867,Bus,Diesel,11
33868,Truck,Diesel,10
33869,Bus,Diesel,2
33870,Truck,Hybrid,1
33871,Truck,Electric,9
33872,Truck,Electric,6
33873,Truck,Electric,3
33874,Car,Electric,2
33875,Car,Electric,1
33876,Truck,Hybrid,10
33877,Car,Electric,10
33878,Bus,Diesel,10
33879,Car,Hybrid,9
33880,Car,Diesel,9
33881,Car,Electric,3
33882,Truck,Electric,8
33883,Bus,Diesel,9
33884,Truck,Diesel,12
33885,Bus,Hybrid,6
33886,Truck,Electric,0
33887,Car,Electric,2
33888,Bus,Electric,11
33889,Car,Diesel,4
33890,Bus,Electric,6
33891,Bus,Hybrid,13
33892,Truck,Hybrid,4
33893,Truck,Diesel,8
33894,Car,Diesel,6
33895,Car,Hybrid,14
33896,Bus,Diesel,11
33897,Bus,Diesel,13
33898,Truck,Electric,0
33899,Truck,Hybrid,5
33900,Truck,Electric,1
33901,Truck,Hybrid,5
33902,Truck,Electric,2
33903,Bus,Hybrid,13
33904,Bus,Hybrid,11
33905,Car,Hybrid,1
33906,Bus,Diesel,2
33907,Truck,Electric,10
33908,Bus,Diesel,9
33909,Bus,Diesel,3
33910,Bus,Hybrid,12
33911,Car,Hybrid,0
33912,Car,Diesel,3
33913,Bus,Diesel,14
33914,Bus,Diesel,5
33915,Truck,Hybrid,4
33916,Car,Hybrid,12
33917,Truck,Hybrid,13
33918,Truck,Electric,4
33919,Bus,Diesel,8
33920,Bus,Diesel,14
33921,Bus,Electric,8
33922,Truck,Diesel,8
33923,Truck,Diesel,6
33924,Truck,Diesel,12
33925,Bus,Electric,14
33926,Bus,Electric,9
33927,Bus,Diesel,8
33928,Truck,Hybrid,12
33929,Truck,Diesel,11
33930,Car,Diesel,7
33931,Bus,Hybrid,7
33932,Truck,Diesel,14
33933,Car,Diesel,4
33934,Truck,Electric,8
33935,Truck,Diesel,7
33936,Bus,Hybrid,6
33937,Car,Electric,7
33938,Truck,Electric,8
33939,Car,Hybrid,6
33940,Car,Hybrid,8
33941,Bus,Electric,7
33942,Car,Diesel,1
33943,Bus,Diesel,2
33944,Bus,Electric,5
33945,Bus,Diesel,5
33946,Car,Electric,6
33947,Truck,Hybrid,1
33948,Bus,Diesel,11
33949,Truck,Diesel,0
33950,Car,Electric,10
33951,Truck,Electric,11
33952,Truck,Diesel,4
33953,Bus,Diesel,13
33954,Bus,Diesel,10
33955,Bus,Hybrid,1
33956,Car,Diesel,8
33957,Truck,Diesel,2
33958,Car,Electric,11
33959,Car,Hybrid,1
33960,Car,Electric,11
33961,Car,Diesel,11
33962,Bus,Hybrid,6
33963,Truck,Diesel,5
33964,Bus,Hybrid,7
33965,Bus,Hybrid,8
33966,Car,Hybrid,2
33967,Bus,Hybrid,7
33968,Truck,Hybrid,3
33969,Car,Hybrid,1
33970,Bus,Electric,3
33971,Car,Electric,3
33972,Truck,Diesel,7
33973,Car,Hybrid,9
33974,Bus,Hybrid,7
33975,Bus,Electric,12
33976,Truck,Diesel,6
33977,Truck,Diesel,3
33978,Car,Electric,1
33979,Bus,Electric,0
33980,Truck,Hybrid,10
33981,Truck,Electric,1
33982,Bus,Hybrid,1
33983,Truck,Diesel,14
33984,Truck,Hybrid,2
33985,Bus,Electric,9
33986,Truck,Hybrid,4
33987,Bus,Hybrid,0
33988,Bus,Electric,4
33989,Car,Hybrid,6
33990,Bus,Diesel,11
33991,Truck,Hybrid,13
33992,Car,Electric,0
33993,Car,Electric,3
33994,Truck,Electric,10
33995,Car,Hybrid,1
33996,Truck,Diesel,7
33997,Car,Electric,1
33998,Truck,Electric,14
33999,Bus,Diesel,14
34000,Bus,Electric,0
34001,Car,Hybrid,13
34002,Car,Electric,13
34003,Bus,Electric,1
34004,Truck,Hybrid,9
34005,Car,Diesel,3
34006,Bus,Diesel,4
34007,Car,Electric,1
34008,Bus,Hybrid,3
34009,Bus,Hybrid,6
34010,Bus,Diesel,4
34011,Truck,Diesel,7
34012,Car,Diesel,9
34013,Truck,Hybrid,8
34014,Truck,Hybrid,0
34015,Bus,Hybrid,0
34016,Truck,Electric,2
34017,Car,Electric,7
34018,Car,Diesel,0
34019,Bus,Diesel,9
34020,Bus,Electric,1
34021,Car,Electric,13
34022,Car,Electric,0
34023,Bus,Electric,13
34024,Truck,Diesel,0
34025,Car,Electric,11
34026,Bus,Electric,12
34027,Bus,Hybrid,8
34028,Car,Diesel,11
34029,Bus,Diesel,9
34030,Car,Hybrid,0
34031,Bus,Diesel,3
34032,Bus,Diesel,6
34033,Truck,Electric,11
34034,Bus,Electric,14
34035,Car,Diesel,4
34036,Car,Hybrid,9
34037,Truck,Hybrid,12
34038,Car,Diesel,4
34039,Bus,Diesel,6
34040,Truck,Diesel,5
34041,Car,Diesel,5
34042,Bus,Electric,12
34043,Truck,Electric,7
34044,Bus,Diesel,9
34045,Car,Hybrid,8
34046,Car,Electric,12
34047,Car,Diesel,10
34048,Car,Hybrid,1
34049,Truck,Electric,11
34050,Car,Electric,11
34051,Truck,Diesel,9
34052,Truck,Hybrid,14
34053,Bus,Diesel,3
34054,Car,Electric,9
34055,Bus,Hybrid,8
34056,Bus,Electric,13
34057,Bus,Diesel,13
34058,Bus,Diesel,9
34059,Bus,Electric,0
34060,Car,Diesel,9
34061,Bus,Diesel,12
34062,Truck,Electric,7
34063,Truck,Hybrid,10
34064,Car,Electric,0
34065,Truck,Electric,10
34066,Bus,Hybrid,14
34067,Truck,Diesel,3
34068,Bus,Hybrid,8
34069,Car,Electric,3
34070,Truck,Hybrid,4
34071,Truck,Diesel,14
34072,Truck,Hybrid,14
34073,Car,Hybrid,13
34074,Car,Electric,12
34075,Truck,Hybrid,14
34076,Car,Electric,8
34077,Bus,Diesel,7
34078,Car,Hybrid,0
34079,Truck,Hybrid,2
34080,Bus,Electric,3
34081,Truck,Electric,2
34082,Truck,Diesel,8
34083,Truck,Electric,5
34084,Car,Electric,2
34085,Truck,Diesel,7
34086,Bus,Electric,8
34087,Bus,Electric,9
34088,Bus,Electric,3
34089,Truck,Electric,12
34090,Bus,Diesel,4
34091,Bus,Diesel,2
34092,Bus,Electric,13
34093,Bus,Hybrid,4
34094,Car,Diesel,1
34095,Truck,Hybrid,1
34096,Truck,Electric,10
34097,Bus,Electric,12
34098,Truck,Diesel,4
34099,Bus,Hybrid,14
34100,Bus,Diesel,6
34101,Bus,Diesel,0
34102,Truck,Diesel,2
34103,Car,Electric,0
34104,Truck,Hybrid,7
34105,Truck,Electric,1
34106,Car,Electric,5
34107,Truck,Electric,10
34108,Car,Diesel,5
34109,Bus,Electric,8
34110,Car,Electric,5
34111,Bus,Electric,9
34112,Car,Electric,5
34113,Bus,Electric,12
34114,Truck,Electric,10
34115,Car,Hybrid,0
34116,Truck,Diesel,6
34117,Bus,Electric,13
34118,Car,Diesel,13
34119,Car,Hybrid,11
34120,Car,Hybrid,5
34121,Truck,Diesel,12
34122,Bus,Hybrid,13
34123,Truck,Electric,7
34124,Car,Hybrid,0
34125,Bus,Electric,7
34126,Bus,Diesel,7
34127,Truck,Diesel,0
34128,Truck,Diesel,10
34129,Car,Diesel,6
34130,Car,Diesel,6
34131,Car,Diesel,6
34132,Car,Electric,11
34133,Bus,Diesel,12
34134,Car,Hybrid,12
34135,Car,Electric,14
34136,Car,Electric,14
34137,Truck,Electric,2
34138,Truck,Electric,2
34139,Truck,Diesel,10
34140,Car,Diesel,7
34141,Bus,Diesel,7
34142,Car,Hybrid,7
34143,Truck,Diesel,11
34144,Truck,Diesel,14
34145,Car,Hybrid,2
34146,Bus,Diesel,3
34147,Bus,Diesel,11
34148,Bus,Electric,1
34149,Truck,Diesel,10
34150,Truck,Hybrid,2
34151,Bus,Electric,4
34152,Car,Hybrid,2
34153,Bus,Hybrid,3
34154,Car,Diesel,6
34155,Truck,Electric,2
34156,Truck,Diesel,0
34157,Truck,Electric,12
34158,Bus,Electric,13
34159,Bus,Electric,0
34160,Truck,Hybrid,3
34161,Truck,Diesel,0
34162,Truck,Electric,5
34163,Bus,Electric,3
34164,Bus,Hybrid,4
34165,Truck,Electric,5
34166,Bus,Electric,1
34167,Bus,Diesel,0
34168,Bus,Hybrid,12
34169,Bus,Hybrid,9
34170,Truck,Electric,11
34171,Truck,Electric,11
34172,Bus,Hybrid,1
34173,Truck,Electric,13
34174,Truck,Electric,5
34175,Truck,Hybrid,12
34176,Car,Electric,14
34177,Truck,Diesel,9
34178,Truck,Electric,8
34179,Bus,Hybrid,7
34180,Bus,Diesel,9
34181,Car,Electric,10
34182,Car,Diesel,0
34183,Truck,Hybrid,4
34184,Truck,Diesel,6
34185,Bus,Electric,7
34186,Truck,Electric,6
34187,Truck,Hybrid,0
34188,Truck,Diesel,11
34189,Truck,Diesel,3
34190,Truck,Hybrid,3
34191,Truck,Hybrid,14
34192,Truck,Hybrid,8
34193,Truck,Hybrid,14
34194,Bus,Electric,11
34195,Car,Electric,5
34196,Truck,Hybrid,5
34197,Bus,Hybrid,4
34198,Truck,Diesel,4
34199,Truck,Electric,8
34200,Car,Diesel,1
34201,Bus,Diesel,9
34202,Truck,Electric,4
34203,Car,Hybrid,14
34204,Car,Electric,0
34205,Truck,Diesel,4
34206,Truck,Electric,3
34207,Bus,Hybrid,3
34208,Bus,Electric,12
34209,Truck,Hybrid,3
34210,Truck,Hybrid,2
34211,Car,Diesel,5
34212,Bus,Diesel,2
34213,Truck,Hybrid,5
34214,Truck,Hybrid,5
34215,Bus,Diesel,10
34216,Truck,Hybrid,9
34217,Car,Electric,14
34218,Car,Hybrid,1
34219,Truck,Hybrid,8
34220,Bus,Diesel,9
34221,Car,Diesel,14
34222,Bus,Diesel,7
34223,Bus,Electric,13
34224,Bus,Hybrid,12
34225,Car,Hybrid,6
34226,Car,Diesel,8
34227,Truck,Hybrid,7
34228,Bus,Hybrid,8
34229,Car,Electric,7
34230,Car,Hybrid,12
34231,Truck,Electric,2
34232,Car,Hybrid,9
34233,Car,Diesel,0
34234,Car,Diesel,10
34235,Truck,Hybrid,5
34236,Truck,Diesel,11
34237,Bus,Electric,13
34238,Car,Diesel,2
34239,Truck,Electric,2
34240,Truck,Hybrid,5
34241,Truck,Hybrid,9
34242,Bus,Diesel,11
34243,Bus,Hybrid,8
34244,Bus,Hybrid,13
34245,Bus,Electric,4
34246,Bus,Electric,0
34247,Car,Hybrid,9
34248,Car,Diesel,6
34249,Truck,Diesel,13
34250,Bus,Diesel,8
34251,Bus,Hybrid,9
34252,Truck,Diesel,1
34253,Car,Diesel,14
34254,Bus,Hybrid,8
34255,Bus,Electric,4
34256,Bus,Electric,12
34257,Car,Hybrid,0
34258,Car,Electric,14
34259,Bus,Diesel,3
34260,Bus,Hybrid,7
34261,Truck,Hybrid,2
34262,Truck,Electric,4
34263,Car,Hybrid,1
34264,Truck,Hybrid,4
34265,Bus,Diesel,13
34266,Car,Hybrid,11
34267,Truck,Hybrid,8
34268,Car,Hybrid,11
34269,Bus,Hybrid,2
34270,Truck,Electric,6
34271,Truck,Hybrid,12
34272,Truck,Diesel,5
34273,Bus,Electric,1
34274,Car,Hybrid,13
34275,Truck,Electric,6
34276,Car,Hybrid,9
34277,Car,Hybrid,3
34278,Car,Electric,13
34279,Bus,Electric,5
34280,Bus,Electric,6
34281,Truck,Electric,8
34282,Truck,Diesel,6
34283,Car,Electric,2
34284,Car,Diesel,8
34285,Car,Hybrid,12
34286,Bus,Hybrid,5
34287,Bus,Electric,3
34288,Truck,Hybrid,11
34289,Car,Diesel,9
34290,Car,Diesel,4
34291,Bus,Electric,9
34292,Truck,Electric,0
34293,Car,Electric,11
34294,Car,Diesel,3
34295,Truck,Electric,13
34296,Car,Diesel,2
34297,Bus,Diesel,5
34298,Truck,Hybrid,8
34299,Car,Hybrid,12
34300,Car,Electric,2
34301,Bus,Electric,13
34302,Bus,Electric,11
34303,Bus,Electric,4
34304,Car,Diesel,1
34305,Car,Electric,8
34306,Car,Hybrid,7
34307,Truck,Electric,9
34308,Bus,Diesel,3
34309,Truck,Hybrid,10
34310,Bus,Hybrid,7
34311,Car,Electric,9
34312,Truck,Hybrid,3
34313,Truck,Hybrid,1
34314,Bus,Electric,8
34315,Truck,Electric,1
34316,Truck,Diesel,0
34317,Car,Hybrid,0
34318,Bus,Electric,13
34319,Truck,Hybrid,12
34320,Car,Electric,2
34321,Truck,Diesel,9
34322,Car,Electric,6
34323,Truck,Electric,5
34324,Car,Diesel,11
34325,Car,Electric,12
34326,Bus,Diesel,14
34327,Car,Hybrid,2
34328,Truck,Hybrid,4
34329,Car,Hybrid,9
34330,Car,Electric,5
34331,Truck,Diesel,9
34332,Truck,Electric,1
34333,Car,Electric,2
34334,Truck,Electric,12
34335,Car,Diesel,3
34336,Car,Electric,7
34337,Car,Electric,12
34338,Truck,Diesel,10
34339,Bus,Diesel,0
34340,Bus,Hybrid,8
34341,Car,Diesel,0
34342,Car,Hybrid,11
34343,Truck,Hybrid,2
34344,Bus,Electric,2
34345,Bus,Electric,8
34346,Bus,Electric,2
34347,Truck,Electric,2
34348,Truck,Electric,14
34349,Truck,Electric,1
34350,Car,Electric,3
34351,Truck,Hybrid,10
34352,Car,Hybrid,7
34353,Car,Electric,5
34354,Car,Electric,0
34355,Car,Hybrid,4
34356,Truck,Hybrid,12
34357,Truck,Diesel,11
34358,Bus,Diesel,10
34359,Bus,Electric,9
34360,Car,Electric,10
34361,Bus,Electric,7
34362,Bus,Hybrid,0
34363,Bus,Electric,5
34364,Car,Electric,10
34365,Bus,Electric,6
34366,Truck,Diesel,12
34367,Car,Diesel,14
34368,Truck,Electric,14
34369,Car,Hybrid,4
34370,Truck,Diesel,3
34371,Bus,Electric,13
34372,Car,Diesel,6
34373,Truck,Hybrid,8
34374,Car,Hybrid,3
34375,Truck,Hybrid,2
34376,Bus,Hybrid,13
34377,Car,Electric,9
34378,Car,Hybrid,3
34379,Truck,Electric,4
34380,Truck,Hybrid,8
34381,Bus,Electric,10
34382,Truck,Hybrid,0
34383,Truck,Electric,8
34384,Truck,Diesel,8
34385,Bus,Electric,7
34386,Bus,Electric,14
34387,Car,Hybrid,12
34388,Bus,Hybrid,9
34389,Truck,Diesel,7
34390,Car,Hybrid,7
34391,Bus,Electric,3
34392,Bus,Hybrid,12
34393,Truck,Hybrid,6
34394,Truck,Electric,14
34395,Bus,Diesel,13
34396,Car,Hybrid,1
34397,Truck,Hybrid,2
34398,Bus,Electric,14
34399,Bus,Diesel,14
34400,Truck,Diesel,7
34401,Car,Hybrid,3
34402,Car,Electric,14
34403,Car,Hybrid,9
34404,Truck,Electric,10
34405,Truck,Electric,5
34406,Truck,Hybrid,11
34407,Car,Electric,14
34408,Car,Hybrid,13
34409,Truck,Diesel,10
34410,Truck,Diesel,7
34411,Truck,Hybrid,7
34412,Car,Diesel,4
34413,Bus,Diesel,10
34414,Bus,Diesel,13
34415,Car,Diesel,14
34416,Truck,Electric,6
34417,Truck,Hybrid,0
34418,Truck,Hybrid,14
34419,Truck,Diesel,4
34420,Car,Hybrid,2
34421,Bus,Hybrid,12
34422,Bus,Hybrid,3
34423,Car,Electric,0
34424,Truck,Diesel,0
34425,Bus,Hybrid,2
34426,Car,Electric,3
34427,Truck,Diesel,12
34428,Bus,Electric,2
34429,Car,Electric,1
34430,Bus,Electric,10
34431,Bus,Hybrid,6
34432,Car,Diesel,9
34433,Car,Diesel,8
34434,Bus,Hybrid,14
34435,Bus,Diesel,10
34436,Car,Diesel,2
34437,Truck,Electric,8
34438,Truck,Hybrid,7
34439,Truck,Electric,4
34440,Truck,Diesel,13
34441,Car,Diesel,10
34442,Truck,Hybrid,11
34443,Bus,Electric,5
34444,Truck,Electric,0
34445,Car,Electric,12
34446,Truck,Hybrid,5
34447,Truck,Electric,8
34448,Car,Electric,6
34449,Truck,Diesel,8
34450,Car,Diesel,4
34451,Truck,Electric,13
34452,Car,Electric,4
34453,Truck,Diesel,4
34454,Bus,Hybrid,5
34455,Bus,Diesel,14
34456,Car,Electric,13
34457,Car,Hybrid,14
34458,Car,Electric,14
34459,Bus,Electric,3
34460,Car,Electric,9
34461,Truck,Hybrid,13
34462,Car,Electric,13
34463,Car,Hybrid,8
34464,Truck,Diesel,6
34465,Truck,Hybrid,14
34466,Bus,Electric,2
34467,Truck,Electric,9
34468,Truck,Diesel,6
34469,Car,Diesel,10
34470,Bus,Diesel,2
34471,Truck,Hybrid,2
34472,Bus,Hybrid,3
34473,Truck,Hybrid,11
34474,Bus,Hybrid,1
34475,Truck,Diesel,7
34476,Car,Electric,12
34477,Bus,Electric,11
34478,Bus,Hybrid,0
34479,Truck,Diesel,9
34480,Bus,Diesel,0
34481,Truck,Diesel,10
34482,Bus,Electric,0
34483,Bus,Electric,3
34484,Car,Hybrid,0
34485,Car,Electric,2
34486,Bus,Diesel,6
34487,Car,Electric,2
34488,Bus,Electric,11
34489,Truck,Electric,1
34490,Bus,Hybrid,12
34491,Bus,Electric,13
34492,Car,Hybrid,9
34493,Car,Electric,14
34494,Truck,Hybrid,12
34495,Truck,Diesel,5
34496,Truck,Diesel,7
34497,Bus,Diesel,3
34498,Truck,Hybrid,11
34499,Truck,Diesel,3
34500,Car,Hybrid,10
34501,Car,Hybrid,1
34502,Truck,Hybrid,4
34503,Truck,Diesel,14
34504,Bus,Hybrid,9
34505,Bus,Electric,12
34506,Car,Diesel,7
34507,Truck,Electric,0
34508,Truck,Diesel,1
34509,Truck,Hybrid,0
34510,Truck,Hybrid,14
34511,Truck,Hybrid,3
34512,Bus,Diesel,6
34513,Bus,Diesel,10
34514,Truck,Hybrid,2
34515,Bus,Diesel,7
34516,Bus,Electric,5
34517,Truck,Hybrid,1
34518,Bus,Electric,8
34519,Truck,Electric,8
34520,Bus,Diesel,12
34521,Truck,Electric,6
34522,Truck,Hybrid,9
34523,Bus,Electric,7
34524,Bus,Diesel,9
34525,Car,Diesel,0
34526,Truck,Hybrid,13
34527,Truck,Hybrid,5
34528,Truck,Hybrid,8
34529,Truck,Hybrid,5
34530,Bus,Hybrid,2
34531,Bus,Electric,1
34532,Car,Electric,7
34533,Truck,Diesel,10
34534,Car,Electric,3
34535,Car,Hybrid,11
34536,Car,Hybrid,14
34537,Car,Diesel,0
34538,Car,Hybrid,7
34539,Bus,Diesel,12
34540,Bus,Electric,0
34541,Car,Electric,1
34542,Bus,Electric,0
34543,Bus,Diesel,7
34544,Car,Hybrid,2
34545,Bus,Diesel,8
34546,Bus,Electric,10
34547,Truck,Diesel,11
34548,Car,Hybrid,6
34549,Truck,Diesel,5
34550,Truck,Electric,10
34551,Car,Hybrid,5
34552,Truck,Electric,9
34553,Truck,Hybrid,0
34554,Bus,Hybrid,7
34555,Truck,Electric,9
34556,Car,Electric,10
34557,Bus,Electric,2
34558,Bus,Diesel,2
34559,Bus,Electric,2
34560,Car,Hybrid,10
34561,Car,Diesel,8
34562,Car,Diesel,4
34563,Truck,Diesel,1
34564,Truck,Diesel,3
34565,Bus,Diesel,6
34566,Bus,Diesel,11
34567,Car,Electric,14
34568,Car,Hybrid,9
34569,Truck,Electric,0
34570,Truck,Hybrid,1
34571,Car,Diesel,7
34572,Car,Electric,7
34573,Truck,Electric,2
34574,Bus,Electric,4
34575,Bus,Hybrid,7
34576,Truck,Diesel,9
34577,Truck,Diesel,13
34578,Bus,Diesel,14
34579,Truck,Hybrid,14
34580,Bus,Electric,8
34581,Bus,Hybrid,10
34582,Truck,Diesel,1
34583,Car,Hybrid,14
34584,Car,Hybrid,9
34585,Car,Hybrid,7
34586,Car,Diesel,2
34587,Car,Electric,8
34588,Car,Diesel,4
34589,Car,Hybrid,4
34590,Truck,Electric,10
34591,Truck,Electric,3
34592,Car,Diesel,7
34593,Truck,Diesel,0
34594,Bus,Electric,11
34595,Car,Hybrid,5
34596,Bus,Diesel,6
34597,Truck,Electric,7
34598,Car,Electric,3
34599,Bus,Hybrid,11
34600,Truck,Electric,8
34601,Car,Diesel,14
34602,Car,Electric,11
34603,Bus,Hybrid,2
34604,Bus,Hybrid,7
34605,Bus,Hybrid,9
34606,Truck,Diesel,14
34607,Bus,Diesel,14
34608,Bus,Diesel,10
34609,Bus,Electric,9
34610,Car,Hybrid,4
34611,Bus,Hybrid,11
34612,Bus,Hybrid,4
34613,Truck,Diesel,6
34614,Truck,Hybrid,4
34615,Bus,Electric,6
34616,Truck,Electric,8
34617,Truck,Diesel,11
34618,Truck,Diesel,4
34619,Car,Diesel,1
34620,Bus,Hybrid,9
34621,Bus,Hybrid,5
34622,Bus,Hybrid,8
34623,Truck,Electric,12
34624,Truck,Electric,12
34625,Truck,Hybrid,12
34626,Car,Electric,13
34627,Truck,Electric,13
34628,Car,Diesel,8
34629,Bus,Hybrid,11
34630,Truck,Electric,12
34631,Car,Electric,13
34632,Car,Hybrid,4
34633,Truck,Hybrid,10
34634,Car,Diesel,1
34635,Truck,Diesel,5
34636,Car,Hybrid,11
34637,Bus,Electric,3
34638,Bus,Diesel,3
34639,Bus,Hybrid,12
34640,Truck,Diesel,2
34641,Bus,Electric,11
34642,Bus,Electric,0
34643,Bus,Hybrid,14
34644,Truck,Diesel,8
34645,Car,Electric,5
34646,Truck,Electric,9
34647,Truck,Diesel,10
34648,Bus,Hybrid,11
34649,Car,Diesel,2
34650,Bus,Diesel,0
34651,Bus,Diesel,5
34652,Truck,Diesel,3
34653,Truck,Diesel,12
34654,Truck,Electric,0
34655,Bus,Hybrid,9
34656,Car,Hybrid,3
34657,Car,Electric,14
34658,Bus,Hybrid,1
34659,Car,Hybrid,13
34660,Bus,Diesel,2
34661,Car,Hybrid,9
34662,Bus,Diesel,14
34663,Car,Hybrid,9
34664,Truck,Electric,6
34665,Truck,Hybrid,6
34666,Truck,Electric,4
34667,Truck,Diesel,9
34668,Bus,Diesel,12
34669,Car,Diesel,1
34670,Bus,Diesel,12
34671,Truck,Electric,8
34672,Car,Hybrid,12
34673,Bus,Diesel,8
34674,Truck,Diesel,8
34675,Car,Diesel,5
34676,Car,Electric,11
34677,Truck,Electric,0
34678,Truck,Electric,11
34679,Car,Hybrid,12
34680,Truck,Hybrid,5
34681,Bus,Diesel,10
34682,Truck,Electric,7
34683,Truck,Hybrid,3
34684,Truck,Hybrid,5
34685,Car,Electric,10
34686,Car,Hybrid,7
34687,Truck,Electric,5
34688,Car,Electric,12
34689,Truck,Electric,3
34690,Bus,Diesel,6
34691,Car,Hybrid,4
34692,Truck,Diesel,10
34693,Car,Electric,12
34694,Bus,Hybrid,10
34695,Bus,Hybrid,0
34696,Truck,Diesel,2
34697,Car,Diesel,2
34698,Bus,Hybrid,0
34699,Car,Diesel,3
34700,Truck,Diesel,1
34701,Bus,Electric,11
34702,Bus,Hybrid,9
34703,Car,Electric,0
34704,Bus,Electric,11
34705,Truck,Hybrid,12
34706,Truck,Hybrid,5
34707,Bus,Electric,6
34708,Truck,Hybrid,12
34709,Bus,Electric,3
34710,Bus,Electric,4
34711,Bus,Diesel,8
34712,Bus,Electric,12
34713,Car,Hybrid,13
34714,Bus,Electric,7
34715,Truck,Electric,13
34716,Car,Hybrid,12
34717,Truck,Hybrid,1
34718,Bus,Diesel,13
34719,Truck,Hybrid,9
34720,Car,Electric,2
34721,Truck,Hybrid,8
34722,Car,Hybrid,4
34723,Bus,Diesel,0
34724,Bus,Electric,8
34725,Truck,Diesel,7
34726,Truck,Diesel,9
34727,Bus,Electric,13
34728,Bus,Hybrid,6
34729,Truck,Electric,12
34730,Bus,Diesel,6
34731,Car,Diesel,7
34732,Car,Electric,10
34733,Truck,Diesel,3
34734,Truck,Hybrid,6
34735,Bus,Hybrid,7
34736,Bus,Electric,10
34737,Car,Electric,9
34738,Truck,Hybrid,2
34739,Truck,Electric,1
34740,Truck,Hybrid,1
34741,Truck,Hybrid,6
34742,Car,Hybrid,8
34743,Car,Hybrid,13
34744,Truck,Electric,12
34745,Car,Hybrid,11
34746,Truck,Hybrid,7
34747,Car,Diesel,9
34748,Bus,Diesel,9
34749,Car,Diesel,6
34750,Truck,Diesel,14
34751,Bus,Electric,8
34752,Truck,Diesel,3
34753,Bus,Diesel,9
34754,Bus,Diesel,12
34755,Car,Electric,14
34756,Car,Hybrid,6
34757,Bus,Diesel,4
34758,Bus,Hybrid,0
34759,Bus,Diesel,9
34760,Truck,Electric,3
34761,Car,Electric,0
34762,Truck,Electric,0
34763,Car,Hybrid,6
34764,Truck,Electric,2
34765,Car,Hybrid,8
34766,Bus,Electric,10
34767,Bus,Diesel,14
34768,Car,Diesel,6
34769,Bus,Diesel,10
34770,Bus,Diesel,5
34771,Truck,Hybrid,1
34772,Car,Electric,4
34773,Bus,Hybrid,7
34774,Car,Hybrid,3
34775,Truck,Diesel,13
34776,Car,Electric,7
34777,Truck,Hybrid,8
34778,Truck,Hybrid,7
34779,Truck,Hybrid,5
34780,Bus,Hybrid,1
34781,Truck,Electric,7
34782,Car,Diesel,3
34783,Car,Diesel,0
34784,Bus,Hybrid,12
34785,Bus,Electric,4
34786,Truck,Electric,2
34787,Truck,Hybrid,2
34788,Truck,Electric,6
34789,Bus,Hybrid,11
34790,Bus,Diesel,0
34791,Car,Diesel,2
34792,Truck,Diesel,9
34793,Truck,Hybrid,5
34794,Car,Hybrid,13
34795,Car,Diesel,7
34796,Car,Hybrid,5
34797,Car,Electric,14
34798,Truck,Diesel,10
34799,Bus,Electric,3
34800,Truck,Electric,7
34801,Car,Hybrid,9
34802,Bus,Hybrid,4
34803,Truck,Diesel,9
34804,Car,Hybrid,5
34805,Bus,Hybrid,11
34806,Bus,Electric,12
34807,Bus,Hybrid,0
34808,Truck,Diesel,3
34809,Car,Hybrid,10
34810,Truck,Diesel,3
34811,Truck,Electric,11
34812,Truck,Electric,11
34813,Bus,Electric,4
34814,Car,Diesel,11
34815,Truck,Electric,0
34816,Car,Electric,3
34817,Bus,Hybrid,10
34818,Truck,Diesel,6
34819,Car,Electric,5
34820,Bus,Hybrid,9
34821,Truck,Hybrid,4
34822,Truck,Electric,10
34823,Car,Diesel,0
34824,Car,Electric,7
34825,Truck,Hybrid,11
34826,Truck,Diesel,4
34827,Bus,Hybrid,13
34828,Bus,Electric,12
34829,Truck,Diesel,12
34830,Car,Electric,13
34831,Car,Electric,7
34832,Truck,Electric,13
34833,Bus,Hybrid,10
34834,Truck,Diesel,5
34835,Car,Diesel,6
34836,Truck,Hybrid,14
34837,Truck,Diesel,9
34838,Bus,Diesel,9
34839,Car,Electric,13
34840,Car,Electric,0
34841,Truck,Hybrid,5
34842,Car,Diesel,2
34843,Car,Hybrid,2
34844,Car,Hybrid,2
34845,Car,Hybrid,5
34846,Bus,Hybrid,7
34847,Bus,Electric,11
34848,Bus,Hybrid,2
34849,Bus,Diesel,2
34850,Bus,Electric,4
34851,Car,Electric,5
34852,Truck,Hybrid,5
34853,Truck,Electric,6
34854,Bus,Electric,12
34855,Car,Electric,6
34856,Bus,Electric,12
34857,Truck,Electric,10
34858,Car,Electric,2
34859,Car,Diesel,13
34860,Car,Electric,4
34861,Truck,Electric,0
34862,Truck,Hybrid,0
34863,Bus,Electric,1
34864,Bus,Electric,11
34865,Truck,Hybrid,11
34866,Bus,Diesel,1
34867,Truck,Diesel,6
34868,Car,Electric,4
34869,Bus,Diesel,12
34870,Truck,Diesel,2
34871,Truck,Diesel,6
34872,Truck,Diesel,11
34873,Bus,Electric,2
34874,Bus,Electric,2
34875,Car,Hybrid,3
34876,Bus,Electric,4
34877,Bus,Electric,14
34878,Bus,Diesel,7
34879,Car,Diesel,8
34880,Car,Electric,12
34881,Car,Electric,4
34882,Bus,Diesel,7
34883,Truck,Electric,2
34884,Bus,Electric,10
34885,Car,Diesel,6
34886,Bus,Diesel,2
34887,Bus,Hybrid,11
34888,Truck,Electric,11
34889,Truck,Diesel,9
34890,Bus,Diesel,2
34891,Car,Electric,3
34892,Bus,Electric,1
34893,Bus,Diesel,6
34894,Bus,Electric,5
34895,Car,Hybrid,10
34896,Car,Diesel,2
34897,Car,Diesel,0
34898,Car,Electric,11
34899,Car,Diesel,9
34900,Bus,Electric,2
34901,Car,Hybrid,3
34902,Bus,Hybrid,9
34903,Bus,Hybrid,0
34904,Bus,Diesel,7
34905,Truck,Hybrid,1
34906,Car,Electric,2
34907,Car,Electric,12
34908,Bus,Hybrid,14
34909,Truck,Hybrid,4
34910,Car,Electric,8
34911,Bus,Hybrid,5
34912,Truck,Hybrid,2
34913,Bus,Hybrid,2
34914,Truck,Electric,7
34915,Bus,Electric,3
34916,Car,Hybrid,4
34917,Bus,Electric,3
34918,Bus,Hybrid,10
34919,Truck,Hybrid,8
34920,Truck,Hybrid,7
34921,Car,Diesel,13
34922,Bus,Diesel,12
34923,Truck,Hybrid,6
34924,Car,Diesel,3
34925,Car,Hybrid,8
34926,Truck,Diesel,10
34927,Truck,Hybrid,7
34928,Bus,Diesel,7
34929,Car,Electric,9
34930,Truck,Electric,1
34931,Car,Diesel,4
34932,Bus,Hybrid,5
34933,Truck,Diesel,5
34934,Car,Diesel,8
34935,Truck,Electric,3
34936,Bus,Electric,6
34937,Bus,Electric,8
34938,Bus,Diesel,4
34939,Bus,Electric,10
34940,Truck,Electric,5
34941,Truck,Electric,0
34942,Car,Hybrid,12
34943,Car,Hybrid,6
34944,Truck,Diesel,4
34945,Truck,Electric,3
34946,Car,Diesel,2
34947,Truck,Diesel,0
34948,Bus,Electric,4
34949,Bus,Diesel,2
34950,Bus,Electric,7
34951,Car,Electric,11
34952,Truck,Hybrid,14
34953,Car,Diesel,12
34954,Car,Diesel,3
34955,Truck,Electric,2
34956,Car,Hybrid,11
34957,Bus,Hybrid,0
34958,Truck,Diesel,11
34959,Bus,Hybrid,14
34960,Bus,Diesel,9
34961,Truck,Diesel,1
34962,Bus,Hybrid,9
34963,Bus,Electric,1
34964,Bus,Diesel,0
34965,Truck,Diesel,7
34966,Truck,Diesel,4
34967,Truck,Diesel,1
34968,Car,Hybrid,7
34969,Bus,Hybrid,13
34970,Car,Hybrid,9
34971,Car,Hybrid,14
34972,Bus,Diesel,4
34973,Truck,Electric,9
34974,Car,Electric,13
34975,Truck,Hybrid,4
34976,Truck,Diesel,1
34977,Bus,Hybrid,13
34978,Car,Electric,7
34979,Car,Hybrid,12
34980,Truck,Diesel,12
34981,Bus,Diesel,2
34982,Car,Diesel,3
34983,Truck,Hybrid,4
34984,Truck,Electric,9
34985,Truck,Diesel,8
34986,Bus,Electric,12
34987,Bus,Electric,1
34988,Truck,Hybrid,7
34989,Truck,Hybrid,4
34990,Bus,Electric,10
34991,Truck,Diesel,8
34992,Truck,Diesel,8
34993,Bus,Hybrid,9
34994,Truck,Diesel,11
34995,Truck,Electric,14
34996,Truck,Diesel,2
34997,Bus,Hybrid,11
34998,Bus,Electric,8
34999,Bus,Electric,6
35000,Car,Diesel,13
