warranty_event_id,vehicle_id,claim_cost,failure_confirmed
1,5310,721.66,0
2,33468,335.28,1
3,34925,3497.79,0
4,1418,4931.62,0
5,14442,2352.61,0
6,19948,865.68,0
7,34933,3546.44,1
8,13199,164.41,1
9,94,1754.46,0
10,16266,3087.96,0
11,11385,1826.7,0
12,2107,2516.16,0
13,15573,398.83,1
14,2973,847.9,1
15,31972,3263.91,1
16,8127,2843.41,1
17,15136,2157.01,1
18,27925,4281.85,1
19,15036,711.3,1
20,1023,560.91,1
21,8348,3826.84,0
22,1985,4923.49,1
23,9930,3815.41,0
24,13738,453.56,0
25,90,338.57,1
26,2469,4842.0,0
27,11933,1886.28,0
28,10125,2060.06,1
29,4401,1703.61,1
30,25456,3888.02,0
31,1249,115.77,0
32,4997,1610.19,1
33,22235,248.69,0
34,21686,1648.59,0
35,28705,4420.26,0
36,10102,1536.69,1
37,19659,3182.97,0
38,15704,4080.01,0
39,24509,2772.64,1
40,30218,1621.35,0
41,22570,1923.0,0
42,31262,4705.23,0
43,6706,550.47,0
44,33256,335.59,1
45,10682,3506.77,0
46,14574,829.35,0
47,23559,603.42,0
48,3201,4603.76,1
49,11965,4090.84,1
50,24059,2699.07,0
51,23914,4174.25,1
52,10158,3403.6,0
53,24027,3754.17,1
54,6397,3936.42,0
55,10185,2784.67,1
56,8186,2239.44,0
57,6238,3635.3,0
58,28506,4270.33,0
59,1682,4972.7,1
60,27333,2965.51,1
61,29839,1149.09,0
62,1642,2913.54,1
63,24098,2364.64,0
64,31189,2606.93,0
65,8315,1888.08,0
66,16133,3906.99,1
67,7222,3043.44,0
68,20721,3144.75,1
69,11056,4112.37,0
70,30156,397.63,0
71,110,2222.56,0
72,444,1263.1,1
73,992,2674.87,1
74,33429,3949.48,0
75,10019,4512.41,1
76,7571,3125.98,1
77,25344,2888.52,1
78,32322,1677.62,1
79,16669,3383.95,0
80,7826,663.68,1
81,14447,855.91,0
82,751,1222.93,0
83,6214,3593.79,0
84,20163,2060.45,0
85,12594,3493.37,0
86,27158,1787.96,0
87,3781,3739.48,1
88,11133,1031.92,1
89,5247,2704.33,1
90,33570,4551.08,1
91,22381,1823.03,1
92,11271,4906.45,1
93,24713,3776.26,1
94,33596,3984.91,1
95,25114,2309.31,1
96,1363,2759.55,0
97,27108,1931.45,1
98,12237,3274.87,1
99,16352,1837.43,0
100,3523,3084.77,1
101,25347,4121.81,1
102,3388,2172.91,1
103,8651,4607.27,0
104,11282,3994.78,0
105,30580,4187.71,1
106,32038,1118.03,1
107,1440,1086.86,0
108,25139,1467.04,0
109,1421,4410.16,0
110,26233,4436.41,1
111,8483,3953.56,1
112,3103,3108.37,1
113,28874,1303.67,0
114,9273,4862.53,0
115,24493,239.76,1
116,10623,4018.38,0
117,28780,2240.67,0
118,34401,3765.81,1
119,34729,837.83,0
120,17619,4393.2,1
121,1608,1017.94,1
122,7090,4410.44,1
123,34503,2610.37,1
124,16015,547.85,1
125,19826,926.96,1
126,10538,1813.22,0
127,10571,3449.11,1
128,1458,1925.03,1
129,20062,3321.9,1
130,32767,3297.61,0
131,20117,3367.1,0
132,20278,258.38,0
133,18869,4617.69,1
134,32261,3422.59,0
135,2747,3957.5,0
136,12570,2855.84,0
137,1341,233.83,0
138,17495,1322.87,1
139,6380,4592.51,1
140,29271,4119.5,1
141,10486,1011.99,0
142,27828,711.97,1
143,8677,1732.84,0
144,19866,2244.79,0
145,7873,771.24,1
146,34076,1663.9,0
147,24703,677.25,0
148,14479,1105.91,0
149,27344,2721.05,0
150,486,4629.68,1
151,23729,1655.35,0
152,5431,1521.11,1
153,32120,2273.77,0
154,15665,2703.0,1
155,15731,2327.17,0
156,22841,3031.6,0
157,5277,2727.38,1
158,5092,1729.66,1
159,10980,2222.49,0
160,17433,4537.88,1
161,32168,710.57,0
162,33570,1164.88,0
163,24442,3461.75,1
164,34689,3254.92,1
165,30491,244.21,0
166,31937,345.81,1
167,27352,3785.88,0
168,30198,128.38,1
169,22369,2408.81,0
170,19567,4282.71,0
171,2210,2807.69,1
172,26596,3811.79,1
173,27045,1353.23,1
174,18007,3757.6,1
175,18085,4552.18,1
176,18724,3282.31,0
177,33968,3026.34,1
178,62,2436.54,0
179,2875,534.01,1
180,25945,4549.43,0
181,3737,3323.22,1
182,15324,4856.57,0
183,14488,1073.1,0
184,13843,4420.82,1
185,22162,3783.44,1
186,11197,4781.36,1
187,27157,1339.36,1
188,16735,1358.97,1
189,24952,2426.18,1
190,24808,3275.84,0
191,4460,1660.79,0
192,30501,1648.63,0
193,9651,2472.85,1
194,16601,986.04,1
195,5383,3258.02,1
196,22576,2706.78,1
197,2018,3816.82,0
198,31466,961.15,1
199,24291,3745.59,0
200,31663,4032.59,1
201,7540,1944.46,1
202,11488,514.76,0
203,7679,4155.3,1
204,26914,1456.8,0
205,27163,763.64,0
206,17921,1221.96,1
207,31690,3741.22,0
208,24552,1072.28,1
209,12850,2172.6,1
210,31901,401.34,0
211,3433,2821.5,0
212,33912,655.68,1
213,9237,1392.4,1
214,16282,4307.66,1
215,32035,3596.51,0
216,5770,735.05,1
217,13358,2211.27,0
218,14190,4841.58,0
219,2694,1614.27,1
220,11502,140.79,1
221,23195,3945.65,1
222,12625,2368.34,0
223,1566,3103.11,0
224,19585,773.1,0
225,29563,3343.23,1
226,8022,4944.14,0
227,33243,2469.53,0
228,19133,2213.7,1
229,27923,1682.09,1
230,315,1684.38,1
231,22166,4705.45,0
232,25226,1876.14,1
233,3148,3306.63,1
234,3547,1406.81,0
235,1825,2681.34,1
236,27449,714.64,0
237,21528,1173.56,1
238,34545,1009.58,0
239,1964,1862.82,1
240,18244,3473.31,1
241,28401,2119.64,0
242,9071,4506.02,0
243,21488,3949.36,1
244,5680,419.84,0
245,30429,2719.07,0
246,33858,2277.32,0
247,17864,1200.93,0
248,13600,1530.81,1
249,17583,3845.28,0
250,15271,4245.34,1
251,3627,4876.99,0
252,22435,2730.16,0
253,31897,4075.14,0
254,27174,1300.59,1
255,21570,1294.19,1
256,32459,2372.22,1
257,23281,4537.98,0
258,20419,2796.79,0
259,24717,2629.08,0
260,845,2132.49,0
261,19799,2773.3,1
262,9928,4761.04,0
263,2253,3924.33,1
264,27345,4567.73,0
265,31706,3107.59,1
266,22279,608.81,1
267,15065,662.26,1
268,8000,560.63,0
269,10910,2197.3,0
270,30102,1993.96,0
271,29825,3039.57,1
272,21678,4917.39,0
273,8275,2947.31,1
274,26513,2509.66,1
275,6363,3740.4,0
276,24156,1684.37,1
277,7072,3934.69,0
278,34546,2668.64,0
279,4246,1086.81,1
280,19867,4804.65,1
281,28731,1852.69,1
282,11346,2258.62,1
283,14108,832.38,1
284,21000,3831.43,1
285,34566,403.96,0
286,27659,4933.26,0
287,22477,3355.92,0
288,5240,1604.66,1
289,3926,2992.25,0
290,4678,4198.24,1
291,8744,3424.44,1
292,27213,1019.39,1
293,1369,1037.17,1
294,17038,2108.52,0
295,23792,4429.26,1
296,26368,4845.13,1
297,5640,2241.92,0
298,29095,1839.77,0
299,8799,1771.6,0
300,2573,2932.48,1
301,24726,1382.4,1
302,24085,1760.14,1
303,6086,3937.43,0
304,20673,365.42,1
305,2994,2194.81,1
306,22589,4740.41,1
307,594,1804.62,1
308,12211,3591.41,1
309,3473,2698.86,0
310,7303,3247.25,0
311,22589,3120.53,0
312,6316,1845.41,1
313,30813,3743.74,1
314,22676,777.59,0
315,8676,4888.38,0
316,929,2103.91,0
317,12775,2308.3,0
318,33789,3006.2,1
319,23016,1390.35,0
320,28837,2150.07,0
321,5289,297.19,0
322,12140,3170.67,0
323,19913,2702.2,0
324,9535,4741.46,1
325,12650,670.71,0
326,19584,3211.36,0
327,28289,4798.01,1
328,14849,4262.92,1
329,2309,285.53,0
330,21789,2677.61,0
331,14193,3518.57,0
332,32314,4609.57,0
333,26559,2028.54,0
334,18539,2064.23,1
335,22605,4128.55,0
336,11582,1520.34,0
337,21487,1382.09,0
338,21418,1745.44,0
339,15660,2615.63,0
340,10097,3145.96,0
341,33232,4872.42,1
342,10611,2606.04,0
343,12892,2405.37,1
344,4486,2532.41,0
345,27912,3718.26,1
346,29938,1973.32,1
347,6896,3800.31,1
348,21100,829.23,1
349,599,2902.96,0
350,34357,1317.62,1
351,29831,3772.64,1
352,18102,2601.39,1
353,13613,4482.36,0
354,31869,2399.68,0
355,17227,289.0,0
356,33283,2057.75,0
357,19600,4306.5,0
358,18083,2049.23,1
359,8598,1854.6,0
360,11444,515.57,1
361,26471,3797.98,1
362,25041,2034.1,1
363,29496,615.23,0
364,32990,2884.94,1
365,28425,526.31,0
366,4593,2825.68,0
367,5743,3367.9,1
368,22111,4247.24,0
369,29095,4888.84,1
370,31277,4098.33,0
371,18614,4454.72,0
372,9082,786.95,0
373,10388,1517.32,0
374,20871,2565.51,1
375,7834,4346.42,0
376,32215,3743.24,1
377,26338,2247.86,0
378,5928,145.17,1
379,2635,796.55,1
380,28728,3484.36,1
381,10376,4682.1,0
382,24472,4549.7,0
383,9054,978.83,0
384,10432,1503.78,1
385,19182,2361.85,1
386,32597,1141.76,0
387,29718,3862.14,1
388,34986,1856.61,1
389,33311,4642.96,1
390,34285,1147.98,1
391,21161,2807.22,1
392,16982,2987.91,1
393,27035,683.73,0
394,34487,4720.86,1
395,21110,1914.08,1
396,28917,2625.16,1
397,16773,3596.26,0
398,17557,2471.44,1
399,11275,2082.85,1
400,7238,1046.18,0
401,27458,2943.73,1
402,12528,1980.07,0
403,6220,253.51,0
404,17600,725.35,0
405,15682,916.61,1
406,31493,3164.16,1
407,19553,4697.23,0
408,19147,659.77,1
409,26414,1901.28,1
410,5980,3986.94,0
411,31035,3718.52,1
412,17673,1116.04,1
413,22115,1668.76,1
414,21705,1894.73,0
415,24650,3955.35,0
416,1008,3864.99,1
417,29170,4614.46,1
418,33112,286.52,1
419,26594,1407.84,0
420,7263,3700.93,0
421,12124,3365.35,1
422,22452,330.27,1
423,21328,892.49,0
424,16373,194.49,1
425,27409,3957.29,1
426,16261,178.88,0
427,2153,305.43,0
428,25395,2209.62,0
429,15298,3991.59,1
430,16405,3840.7,0
431,30993,1740.51,1
432,2783,1596.17,1
433,2270,1668.1,1
434,18794,319.42,1
435,31189,3197.61,0
436,1884,4820.13,0
437,1700,4711.53,0
438,14042,2245.39,1
439,15006,2969.81,1
440,878,3828.25,0
441,28820,1960.26,1
442,18133,3184.66,0
443,27558,1312.97,0
444,15703,1724.48,0
445,26575,2191.22,0
446,12909,539.5,0
447,34989,4956.64,1
448,12603,1332.25,1
449,30862,4950.17,0
450,23084,4756.07,0
451,26033,2012.53,0
452,22308,699.9,0
453,10658,3522.29,1
454,89,3019.07,0
455,15256,4106.5,0
456,2495,4445.53,1
457,34985,1298.47,1
458,20702,3907.12,1
459,4167,767.01,0
460,8540,4491.96,0
461,12917,3214.52,1
462,14723,3467.24,1
463,9257,500.61,0
464,19330,1454.96,1
465,22780,1442.23,1
466,11013,3743.43,1
467,33354,4598.91,0
468,7651,2806.01,1
469,8661,464.51,1
470,16743,2233.22,1
471,22551,4432.79,1
472,29113,4838.31,0
473,11644,2880.21,0
474,24694,964.03,1
475,32721,884.09,1
476,24665,1861.68,0
477,28521,3172.49,0
478,477,4129.27,1
479,15125,931.04,1
480,1680,229.42,0
481,17679,2140.76,0
482,9078,403.83,0
483,11991,2007.81,1
484,3353,419.41,0
485,25229,2455.1,0
486,10401,4998.88,0
487,12108,4576.09,1
488,25219,1176.43,0
489,11036,3117.33,0
490,2347,2299.48,1
491,20975,3641.95,0
492,20594,2056.45,1
493,22665,3730.24,1
494,14106,3182.05,1
495,25845,3625.37,1
496,14656,1411.23,0
497,14623,4331.33,1
498,23839,3201.52,1
499,28520,125.41,0
500,14792,3881.7,1
501,31673,300.59,0
502,20634,4097.75,0
503,18838,1296.2,1
504,2899,4599.99,1
505,30187,579.76,0
506,17054,939.52,1
507,16317,3980.38,0
508,22998,2276.02,0
509,6258,585.14,0
510,6327,4386.46,1
511,11024,2643.58,0
512,15044,733.73,0
513,26271,2367.92,0
514,23394,3246.37,1
515,24158,621.7,1
516,20704,476.94,0
517,1900,3279.31,0
518,12172,2616.16,0
519,3572,1156.84,1
520,21204,3183.97,1
521,1127,2602.23,1
522,12470,4974.42,1
523,14106,3401.2,1
524,26811,1000.86,0
525,13142,3610.76,1
526,3426,2132.21,1
527,11332,2612.02,0
528,16339,4701.6,0
529,30232,398.9,1
530,13858,4202.35,1
531,31180,3323.89,0
532,27165,2905.73,1
533,31397,3054.51,1
534,25871,4038.19,0
535,28497,2954.43,1
536,11947,518.96,1
537,21848,415.4,0
538,2323,3026.16,0
539,3420,2182.96,1
540,21594,324.39,0
541,20847,3490.58,0
542,5275,206.73,0
543,21714,289.4,0
544,25792,4844.48,1
545,15018,3817.22,0
546,13746,2344.07,1
547,13554,1040.63,1
548,11029,1516.11,0
549,2097,3103.48,1
550,18406,3098.46,0
551,22290,4723.18,0
552,12592,4464.37,1
553,24457,4536.04,0
554,9097,4519.92,0
555,27047,4381.4,0
556,9002,3583.67,1
557,3720,512.19,0
558,5723,1205.48,0
559,30084,4292.11,0
560,16457,2680.62,1
561,33073,3691.15,1
562,5595,864.92,0
563,4248,4039.17,0
564,7321,4304.45,1
565,9741,1497.55,1
566,22854,2908.18,1
567,539,4337.7,1
568,34234,890.12,1
569,3120,3938.59,1
570,22556,444.8,0
571,6179,3206.89,1
572,13178,4572.91,1
573,19560,2326.07,0
574,1494,2547.69,1
575,1214,4947.02,1
576,9788,3451.72,0
577,21522,1237.44,0
578,11874,1198.13,1
579,30948,2280.48,0
580,21289,2747.53,1
581,25174,472.82,0
582,25949,2245.26,0
583,34172,4360.36,0
584,19207,363.42,0
585,13340,344.81,1
586,2073,923.85,1
587,28390,4459.18,0
588,11298,2919.54,1
589,11707,1743.05,0
590,23440,979.35,0
591,21935,1435.83,1
592,16595,2166.17,0
593,26229,1614.96,0
594,28738,4955.21,1
595,15470,4413.03,0
596,24624,3924.66,1
597,3675,1036.24,0
598,15674,2611.22,0
599,1913,1819.86,0
600,25463,2074.36,1
601,24056,1060.77,0
602,9545,2444.21,0
603,23551,1884.78,1
604,2689,1607.21,0
605,24323,3466.33,0
606,10389,3587.89,1
607,16562,527.64,0
608,14041,1117.62,1
609,31333,3453.48,1
610,24851,2272.73,1
611,30188,3358.82,1
612,22041,4309.31,0
613,17736,2763.11,0
614,4388,2204.12,1
615,3835,3270.74,0
616,9961,147.05,0
617,34578,4515.49,1
618,9829,2187.93,1
619,30471,4239.32,0
620,14317,1570.49,1
621,5384,166.44,0
622,32932,4805.31,0
623,28462,4040.32,0
624,30363,1481.52,1
625,194,2179.97,1
626,32716,1704.09,1
627,23989,1504.69,0
628,27905,694.63,0
629,3071,1474.09,0
630,21710,4225.3,1
631,22425,4397.36,1
632,12680,1963.73,0
633,27373,821.69,1
634,2477,1864.67,0
635,779,1291.92,0
636,12422,3694.89,1
637,3811,1217.5,0
638,28124,4758.97,1
639,28160,2348.52,1
640,24457,511.57,1
641,20138,1137.2,0
642,13486,4002.48,0
643,16172,2455.29,0
644,30373,1274.68,1
645,31060,2678.82,1
646,10723,4881.13,0
647,18114,2381.56,0
648,12746,690.5,0
649,34352,4209.19,1
650,8765,140.64,1
651,25177,776.81,1
652,23994,1360.08,1
653,12449,892.14,0
654,20052,1108.39,0
655,23159,3282.71,1
656,18790,2071.77,0
657,512,1943.12,1
658,31410,4221.17,0
659,16025,3286.56,0
660,7690,3860.98,1
661,28062,3377.16,0
662,4482,2637.49,1
663,19333,2409.14,0
664,22465,4709.03,1
665,23861,1126.96,1
666,32945,1018.29,0
667,1434,2242.99,1
668,4961,2376.41,0
669,1495,1962.81,1
670,14815,4619.27,0
671,22232,3039.88,0
672,25874,1692.5,0
673,2898,3634.87,0
674,31090,3809.63,0
675,2350,3974.49,1
676,6557,4749.54,0
677,2861,3143.18,0
678,29933,2249.3,0
679,22352,2919.93,1
680,3223,4192.58,1
681,30662,2100.61,1
682,21132,4877.48,1
683,21856,2897.68,1
684,14190,3470.23,0
685,33594,4290.66,0
686,20376,2290.04,1
687,9991,1318.64,1
688,22773,3708.19,0
689,26712,397.61,1
690,34110,4372.49,1
691,5282,627.79,0
692,10185,4802.8,0
693,14483,2180.69,1
694,28453,2686.76,1
695,9119,560.59,0
696,7400,1093.29,0
697,34489,2945.15,1
698,23088,3792.07,1
699,8598,1727.23,1
700,22178,257.57,0
701,2292,2891.29,0
702,30808,2184.24,0
703,24349,2734.46,1
704,26627,1629.2,1
705,2685,3532.41,0
706,29551,1084.39,0
707,28297,3708.82,0
708,9983,1977.08,0
709,23015,1305.3,0
710,26404,448.68,1
711,13649,4529.86,0
712,6014,672.12,0
713,31165,1747.41,1
714,28521,2636.58,1
715,27087,187.85,1
716,22643,3896.01,0
717,15703,1607.09,0
718,817,2055.5,0
719,18769,1711.55,0
720,25770,942.3,0
721,12547,3908.54,0
722,30735,4938.31,1
723,22401,3268.59,0
724,33881,4410.17,0
725,26208,4899.78,1
726,10363,3913.83,0
727,34288,1730.61,1
728,28001,3510.51,1
729,1363,854.46,0
730,16557,4050.75,1
731,21605,4167.52,0
732,28323,4026.83,0
733,25606,3442.88,1
734,30785,219.77,1
735,5711,870.4,1
736,13017,1037.31,1
737,29378,1579.65,1
738,7171,2540.03,0
739,29739,3069.81,1
740,18467,3182.41,1
741,10562,2409.38,0
742,33801,3982.85,0
743,3282,4882.62,1
744,16996,4650.46,1
745,29199,2480.42,0
746,12020,1363.15,0
747,4466,480.17,1
748,11242,3147.8,0
749,13452,3373.32,0
750,9448,931.21,0
751,7175,4855.64,0
752,5370,3625.41,1
753,3320,107.99,1
754,855,1551.64,0
755,6660,1414.47,0
756,4412,472.93,0
757,15059,1356.74,0
758,23961,2277.24,1
759,15560,3328.54,0
760,24037,2959.58,1
761,3897,3794.74,1
762,24723,3887.14,1
763,29963,553.17,1
764,9147,2705.42,0
765,15317,4249.79,0
766,14503,799.27,1
767,997,3770.36,0
768,29032,4206.86,1
769,8452,2994.19,1
770,28646,4467.89,1
771,9441,4000.14,1
772,20771,3428.91,1
773,7867,4175.13,0
774,15244,3882.97,0
775,4411,3026.12,1
776,32088,3813.33,1
777,27523,3290.75,0
778,30755,2625.97,1
779,16157,3199.2,0
780,11816,542.78,0
781,17120,2188.2,0
782,33612,2119.11,1
783,14817,2587.36,1
784,2620,906.0,0
785,21557,1954.98,1
786,28718,2785.71,1
787,34844,2081.91,1
788,37,2868.86,1
789,16947,2022.98,1
790,31664,2582.75,1
791,814,1130.84,1
792,28486,3544.0,1
793,33699,2649.49,1
794,8201,4391.75,0
795,16105,1252.01,0
796,33744,2037.01,0
797,12892,3190.69,0
798,12402,2264.08,1
799,18322,1484.35,0
800,11383,3680.6,0
801,5759,4155.82,0
802,30023,105.0,1
803,2237,4240.22,0
804,1462,561.18,1
805,17244,3316.3,0
806,1855,4637.3,0
807,31890,617.1,1
808,23281,4689.09,1
809,16423,4514.69,0
810,10769,1493.71,0
811,32697,2371.82,1
812,29274,739.88,1
813,2776,531.81,1
814,4715,349.24,0
815,3159,1817.37,1
816,27770,3334.54,1
817,21583,4947.43,0
818,281,1975.7,0
819,34253,2104.56,1
820,14076,919.35,0
821,12950,251.9,1
822,33579,3394.17,0
823,13852,1011.93,1
824,5424,463.27,1
825,5703,4668.58,1
826,7365,3753.05,0
827,13066,2979.32,0
828,17849,2346.94,0
829,26313,885.07,0
830,31003,3062.89,1
831,25891,3955.13,0
832,696,981.65,0
833,28834,4454.16,0
834,33426,2806.75,0
835,13980,2936.12,1
836,3783,697.66,0
837,3692,1821.98,0
838,3730,1404.1,0
839,20603,4404.58,0
840,24092,856.99,0
841,12292,1966.91,1
842,4603,4998.88,1
843,12204,980.96,1
844,28713,3645.47,0
845,25783,389.55,1
846,8766,2490.78,0
847,32221,1289.77,1
848,13294,2956.8,0
849,12147,2503.37,1
850,21820,2623.74,1
851,14505,3875.73,0
852,11730,1779.52,0
853,22755,2698.66,1
854,10998,3740.67,0
855,6867,2318.94,0
856,31849,3669.96,1
857,10512,2722.01,1
858,15665,2460.98,1
859,12995,4213.73,0
860,13409,582.49,0
861,4521,3210.26,0
862,858,1512.17,1
863,12274,3077.11,0
864,32939,3140.0,1
865,1586,3773.17,1
866,24034,3727.61,0
867,17915,1385.18,0
868,34917,3870.44,0
869,29863,4905.52,1
870,33202,820.91,1
871,16751,4863.03,1
872,21662,3530.74,1
873,17757,3245.57,0
874,27765,3000.09,1
875,20111,3292.12,0
876,1935,1720.82,1
877,8923,3423.0,1
878,25051,596.54,1
879,34542,2672.57,1
880,20995,1788.45,0
881,21092,4021.26,0
882,23749,3453.5,0
883,28480,4705.55,1
884,13571,3985.02,0
885,23933,3736.88,1
886,21713,434.36,0
887,7722,4884.48,1
888,25409,179.16,1
889,9734,2628.15,1
890,27308,3777.05,1
891,306,2449.29,0
892,19903,2823.84,0
893,15379,446.15,1
894,29244,2651.29,0
895,18410,211.6,0
896,26285,610.3,0
897,31629,1897.76,0
898,16703,1735.83,1
899,12213,1348.75,0
900,8784,810.07,0
901,11250,3476.19,1
902,32506,994.01,1
903,25188,418.11,0
904,32550,4611.28,0
905,8608,1796.61,0
906,15583,1539.61,1
907,29182,4553.68,0
908,23878,3805.95,0
909,10253,2276.42,1
910,12996,2281.25,1
911,21390,4829.41,0
912,5674,4756.03,0
913,14054,3605.45,0
914,24919,4578.8,1
915,1303,3059.06,1
916,31233,3313.78,0
917,1039,835.88,0
918,18449,493.78,1
919,22001,1510.65,1
920,32800,2148.08,1
921,23778,1753.83,0
922,32833,2405.52,0
923,8514,1254.94,1
924,22650,4740.26,1
925,9717,3073.02,1
926,34099,2698.53,0
927,22024,867.25,0
928,17512,1592.84,0
929,32223,2095.34,1
930,25942,1094.66,1
931,15211,3290.37,1
932,1388,3435.91,1
933,31221,1263.79,1
934,17957,1946.72,1
935,9197,1569.25,0
936,12944,3724.88,1
937,18540,584.75,1
938,34277,2437.04,1
939,22868,749.25,0
940,15028,1430.98,0
941,17492,1030.88,0
942,21626,2301.06,0
943,27286,4963.32,0
944,24519,374.09,1
945,9817,1610.59,1
946,26889,2255.43,1
947,24606,114.96,0
948,6918,1318.01,0
949,31944,2706.73,0
950,18612,2606.37,0
951,15918,656.57,0
952,14412,4033.55,1
953,32915,1912.47,1
954,9925,4073.07,0
955,19751,142.1,1
956,12771,2790.13,0
957,30970,4573.36,0
958,34737,827.63,1
959,9458,2929.83,0
960,10743,1437.11,0
961,34585,2607.8,1
962,6359,4575.99,0
963,19437,3609.38,1
964,17602,2691.65,0
965,15453,4498.54,1
966,8196,4709.26,0
967,4807,3127.67,1
968,10271,4713.35,0
969,31543,4142.52,1
970,28682,3355.36,1
971,4012,2264.23,0
972,30581,1744.67,1
973,31150,4640.67,0
974,5622,4740.01,0
975,22261,2084.29,0
976,30915,2159.57,1
977,11413,3688.54,0
978,1389,4987.3,0
979,3401,1665.56,0
980,11084,3264.0,0
981,7773,3490.01,1
982,8019,2007.81,1
983,25777,1617.68,1
984,33900,3144.9,1
985,1750,1582.86,0
986,25702,3868.06,1
987,2360,4605.15,1
988,3849,3066.61,0
989,29288,2083.24,1
990,34186,1835.61,1
991,553,2641.36,0
992,13326,1455.22,1
993,2532,618.69,0
994,1251,2299.02,0
995,9596,222.57,0
996,25807,3437.72,1
997,18804,560.13,0
998,132,2821.21,1
999,8841,2508.22,1
1000,17863,1772.33,1
1001,6573,3474.36,1
1002,30374,650.79,1
1003,19986,1683.82,0
1004,32164,203.81,1
1005,26012,3197.16,1
1006,22042,1805.93,0
1007,1533,2238.05,1
1008,26130,3626.84,0
1009,24396,4442.33,0
1010,576,4171.14,1
1011,1189,1655.41,1
1012,31291,3004.45,1
1013,16895,1512.53,1
1014,13288,4732.97,1
1015,34649,468.96,1
1016,1958,2279.22,1
1017,7572,164.94,1
1018,4317,4022.38,0
1019,218,1696.01,1
1020,19441,2752.42,1
1021,32687,2407.94,1
1022,10330,1534.85,1
1023,17677,3743.48,0
1024,13978,4256.45,0
1025,34549,202.85,1
1026,29466,4266.77,0
1027,30744,147.03,0
1028,21214,2626.11,1
1029,11783,1875.68,1
1030,2486,2000.87,1
1031,30706,284.13,0
1032,32718,188.47,1
1033,15901,3616.06,1
1034,20819,2902.72,0
1035,34943,2384.95,0
1036,3959,4842.58,0
1037,22369,3623.42,1
1038,25593,4326.32,0
1039,10773,3837.89,0
1040,29692,3779.07,0
1041,11070,4466.41,0
1042,32794,1485.19,1
1043,10533,4528.41,0
1044,34722,4170.63,1
1045,23201,1016.79,1
1046,22686,1803.99,0
1047,20067,4613.05,0
1048,19375,2076.4,0
1049,34926,409.02,0
1050,9268,1970.51,1
1051,34095,622.99,0
1052,20725,1721.65,1
1053,27024,4120.2,0
1054,7508,1067.5,0
1055,31697,994.74,1
1056,25265,4272.68,0
1057,25831,4490.21,1
1058,14921,4421.77,1
1059,22350,4445.69,0
1060,10889,2745.45,1
1061,22153,3201.3,0
1062,18283,4821.41,0
1063,11859,4651.89,1
1064,31037,4168.98,1
1065,7337,3678.05,1
1066,13595,2295.83,0
1067,1983,953.98,1
1068,19227,2191.26,1
1069,24926,4264.7,1
1070,25301,2249.31,1
1071,17430,847.24,1
1072,22276,2047.62,0
1073,31163,4842.67,0
1074,9899,2602.84,1
1075,30987,1060.28,1
1076,25609,3091.01,0
1077,21798,3497.19,0
1078,32619,4527.37,0
1079,18384,2408.32,0
1080,22247,4444.48,0
1081,16858,3458.22,1
1082,2905,3523.51,1
1083,26680,876.91,1
1084,18006,4454.34,1
1085,3089,2533.89,0
1086,2481,4086.73,1
1087,8626,136.85,1
1088,17674,2452.81,0
1089,21725,3336.08,0
1090,21128,2387.9,0
1091,8894,4792.39,0
1092,716,911.94,1
1093,363,2130.1,1
1094,16132,1188.7,1
1095,32915,127.48,1
1096,6927,3904.21,0
1097,17668,4126.53,1
1098,13043,317.93,1
1099,1500,1574.07,1
1100,31148,4433.46,1
1101,27782,3532.03,0
1102,16018,2833.35,1
1103,6214,4929.96,0
1104,20767,3677.91,0
1105,16995,2689.02,0
1106,6866,926.5,0
1107,12681,2185.33,0
1108,10673,4700.92,1
1109,16832,1198.78,1
1110,30851,1072.01,1
1111,8734,3164.87,1
1112,13592,4699.99,1
1113,17017,3005.31,0
1114,28997,4933.69,0
1115,26394,4442.09,1
1116,6096,1031.49,0
1117,34593,2469.98,1
1118,21140,705.84,1
1119,28399,1719.02,1
1120,24934,3093.81,1
1121,17855,1022.37,1
1122,10241,373.43,1
1123,15469,3070.2,1
1124,15815,2088.07,0
1125,26560,448.59,1
1126,15324,286.61,0
1127,8902,1332.3,0
1128,778,1320.14,0
1129,15753,3021.65,1
1130,815,197.03,1
1131,4699,4128.77,1
1132,29651,1147.69,1
1133,28606,1957.69,0
1134,30639,1666.71,1
1135,15200,1888.62,1
1136,17842,1312.68,0
1137,34541,1226.36,1
1138,30915,242.79,1
1139,19963,4417.24,1
1140,32519,914.65,1
1141,11229,3714.78,0
1142,28803,2139.19,1
1143,7909,4034.02,1
1144,16310,2931.67,0
1145,31895,4356.21,1
1146,10887,1161.35,0
1147,30185,3002.79,1
1148,2939,659.9,0
1149,20697,1399.09,0
1150,32595,1451.82,1
1151,2192,828.6,1
1152,27356,1701.49,1
1153,10306,3512.6,1
1154,13019,4226.43,0
1155,29677,1471.24,0
1156,19686,4690.76,0
1157,16317,1166.84,0
1158,20075,678.92,0
1159,11852,4798.79,1
1160,25679,4587.0,0
1161,27142,1550.08,0
1162,28136,2352.04,0
1163,21367,1231.94,0
1164,27833,207.07,0
1165,20125,1988.68,0
1166,1158,411.55,0
1167,34701,3146.37,0
1168,1411,4137.0,1
1169,480,2600.64,1
1170,32321,4095.18,1
1171,7671,2875.54,0
1172,9798,3942.91,0
1173,24448,2606.37,0
1174,29186,2175.16,1
1175,763,3946.91,0
1176,3048,4777.43,0
1177,25165,779.64,0
1178,12228,4970.36,1
1179,33634,3027.61,1
1180,21823,4647.27,0
1181,32577,4164.02,0
1182,14676,133.12,1
1183,10367,950.55,0
1184,25774,826.96,0
1185,27654,3129.23,1
1186,13359,3382.75,0
1187,24186,3896.91,0
1188,17608,1785.99,1
1189,30090,3192.1,0
1190,31464,4393.78,1
1191,29127,4446.3,0
1192,6963,218.4,1
1193,12136,4963.89,0
1194,20167,4327.35,1
1195,20883,756.86,1
1196,4568,3157.59,1
1197,708,2234.57,1
1198,30029,3280.23,0
1199,4549,1203.11,1
1200,4121,2710.52,0
1201,15514,1657.24,1
1202,29960,3221.38,1
1203,15165,2966.62,0
1204,30263,1060.5,1
1205,25525,4653.24,1
1206,2943,2450.88,1
1207,16032,2166.7,0
1208,4293,2573.24,0
1209,32047,3281.46,0
1210,6515,2403.47,0
1211,13831,1660.78,0
1212,22966,972.94,0
1213,2883,1556.01,1
1214,512,2195.54,1
1215,28696,1179.42,1
1216,20110,2487.97,0
1217,26659,1563.52,1
1218,27903,2659.64,0
1219,21870,600.0,0
1220,13164,365.91,0
1221,6633,2591.76,0
1222,18572,1139.48,0
1223,14350,1636.38,1
1224,22356,2203.01,1
1225,9453,727.02,1
1226,31486,2710.07,0
1227,1152,4659.0,1
1228,18523,3274.25,0
1229,13377,1050.52,0
1230,1622,2963.19,0
1231,26984,2906.33,1
1232,12641,4429.54,1
1233,21467,2598.54,0
1234,6284,243.08,1
1235,13901,4435.11,1
1236,12633,2473.6,0
1237,8369,4098.52,1
1238,11063,3096.05,0
1239,32502,2369.48,1
1240,23446,2364.49,0
1241,15999,110.82,0
1242,11618,3664.09,0
1243,12340,1320.94,1
1244,120,914.7,1
1245,32487,2045.25,1
1246,9451,4462.72,1
1247,20645,333.88,1
1248,2847,4135.17,1
1249,12367,1800.29,1
1250,961,2954.45,1
1251,6950,3344.54,1
1252,5089,2891.05,1
1253,12215,3399.1,1
1254,23565,468.74,1
1255,11016,409.31,1
1256,6789,2649.18,0
1257,21722,1522.75,1
1258,31488,3330.63,0
1259,22052,3112.13,0
1260,1642,3483.38,1
1261,32418,1343.99,0
1262,18970,358.61,0
1263,15666,2974.38,1
1264,852,2032.15,0
1265,5668,4109.11,0
1266,21734,4258.65,1
1267,25488,1865.41,1
1268,26002,1260.91,1
1269,22777,121.21,1
1270,31139,3189.06,0
1271,14409,514.3,1
1272,6490,1605.99,0
1273,21172,586.7,0
1274,14906,1399.82,0
1275,14273,717.32,0
1276,28437,737.99,1
1277,19966,3719.83,1
1278,807,2184.04,1
1279,19618,4703.73,1
1280,27666,795.15,1
1281,16042,2937.81,0
1282,20695,3074.35,0
1283,15617,260.94,0
1284,13958,3299.11,1
1285,17822,3944.26,1
1286,22198,2363.27,1
1287,27807,3518.26,0
1288,1072,2025.09,0
1289,18804,4875.62,1
1290,20234,937.48,0
1291,23237,2225.88,0
1292,27091,1209.25,0
1293,29037,2144.55,1
1294,13935,1674.95,1
1295,21907,3221.16,1
1296,1258,2763.09,1
1297,8705,4490.53,1
1298,2572,4908.16,0
1299,18844,1077.95,0
1300,22186,4753.96,0
1301,24482,4854.53,1
1302,19464,4493.87,1
1303,14970,3303.46,0
1304,25116,3787.29,0
1305,34820,3356.44,1
1306,3059,3232.26,1
1307,19219,2643.77,0
1308,16781,3346.44,0
1309,31188,1040.51,1
1310,20771,2946.71,1
1311,2256,1770.34,1
1312,12498,4771.52,1
1313,3321,3423.0,1
1314,3685,469.24,1
1315,15133,227.08,0
1316,827,2010.61,1
1317,13816,1681.81,0
1318,18434,3051.73,0
1319,31180,1756.58,0
1320,12945,4278.78,1
1321,32875,3163.97,1
1322,17357,1862.56,1
1323,12225,2188.53,0
1324,33449,2486.27,1
1325,1282,2508.41,1
1326,13294,3231.57,1
1327,15238,2537.86,0
1328,27325,2122.06,0
1329,195,4887.21,1
1330,10786,173.9,1
1331,13300,1083.93,0
1332,24733,2153.0,0
1333,17739,2801.53,1
1334,33154,4069.82,1
1335,15783,4897.25,1
1336,9633,3786.8,0
1337,23151,3991.53,1
1338,4915,2572.73,0
1339,3021,4586.49,0
1340,2910,4556.26,0
1341,33379,4526.3,0
1342,18179,1714.33,1
1343,8642,3779.26,0
1344,19259,4151.46,1
1345,13883,4066.25,1
1346,33661,2567.85,0
1347,16007,3486.53,1
1348,10270,4765.66,0
1349,15942,2609.69,0
1350,32568,4972.12,1
1351,6674,1288.02,1
1352,6734,3692.95,0
1353,20213,3218.14,1
1354,20362,1777.77,1
1355,16805,1522.45,0
1356,26874,1942.75,0
1357,13765,2196.84,1
1358,25255,3343.15,1
1359,21189,3424.64,1
1360,15108,3049.81,0
1361,15443,2676.99,1
1362,19354,1551.39,0
1363,8802,2440.9,1
1364,6547,1465.34,1
1365,8079,4936.26,0
1366,17781,1870.66,0
1367,7580,1900.97,1
1368,25653,1145.3,1
1369,33501,1419.99,0
1370,21186,3231.71,0
1371,34265,3680.32,0
1372,21033,4099.25,1
1373,24141,4393.45,1
1374,15429,1600.9,1
1375,24945,4581.19,1
1376,27427,1975.58,1
1377,22841,692.85,1
1378,17576,2720.53,0
1379,18418,2577.0,0
1380,18533,1356.29,0
1381,3839,3842.72,1
1382,9299,3968.9,1
1383,13212,901.07,1
1384,16089,4923.95,0
1385,32346,504.35,0
1386,370,1009.42,1
1387,25604,1943.98,1
1388,8350,4121.12,0
1389,21250,4603.69,1
1390,26826,1370.9,1
1391,29785,3506.67,1
1392,24298,4510.4,0
1393,26179,2659.66,1
1394,17940,3954.62,0
1395,25771,866.3,0
1396,15840,1560.75,0
1397,13934,3088.91,1
1398,12643,3842.37,0
1399,32966,4770.25,1
1400,1059,4711.0,0
1401,25531,1916.79,0
1402,12143,986.16,0
1403,16529,3126.81,0
1404,28778,3194.95,1
1405,766,3699.2,0
1406,34392,4828.0,1
1407,5371,404.69,0
1408,32350,4702.04,1
1409,23506,243.45,1
1410,30104,3094.85,1
1411,2059,2864.97,0
1412,24399,1244.99,0
1413,3907,2107.89,1
1414,15844,4467.26,1
1415,18079,3634.81,1
1416,27131,823.31,0
1417,30097,4409.66,1
1418,22511,2380.5,1
1419,6053,3549.6,0
1420,13479,3501.46,1
1421,24393,1226.96,0
1422,11791,598.37,1
1423,7440,3475.22,1
1424,20965,1926.31,1
1425,21475,4924.96,1
1426,6633,3257.14,0
1427,25340,4822.94,1
1428,15970,2964.05,1
1429,5379,896.53,0
1430,20428,3410.17,1
1431,2483,481.9,0
1432,6385,4327.5,0
1433,8289,3676.39,1
1434,12127,2413.95,0
1435,14971,951.58,1
1436,30651,3829.19,0
1437,113,4349.08,1
1438,32545,1879.31,0
1439,2991,1942.09,1
1440,12636,3067.19,0
1441,33111,4916.58,0
1442,18473,4654.55,1
1443,12541,4788.23,1
1444,13534,2612.54,0
1445,20559,2406.19,0
1446,10702,4234.51,0
1447,27014,1543.05,0
1448,6109,2059.13,1
1449,21107,2782.79,0
1450,9622,381.18,0
1451,1268,282.81,0
1452,17849,4748.07,1
1453,10769,4066.32,1
1454,8120,4418.59,0
1455,13183,2807.95,1
1456,30141,4340.82,0
1457,23201,415.22,0
1458,27974,1663.65,0
1459,26531,458.43,1
1460,30514,3073.25,0
1461,7856,2768.23,0
1462,30547,4473.85,1
1463,5781,2646.28,0
1464,1656,2642.67,0
1465,12226,3773.94,0
1466,20984,528.94,0
1467,30715,4618.04,0
1468,25219,3996.18,0
1469,12735,1873.41,1
1470,5303,1682.38,1
1471,29370,516.95,0
1472,2810,4700.27,0
1473,32589,3206.0,0
1474,204,3638.42,0
1475,30431,1553.42,1
1476,21779,364.85,1
1477,20327,2958.28,0
1478,4406,189.07,0
1479,24582,3116.25,0
1480,11337,215.32,1
1481,32693,3100.43,0
1482,9877,4830.14,1
1483,21895,2800.94,0
1484,18425,3927.26,1
1485,11091,4128.59,1
1486,33148,1040.34,1
1487,26146,2983.35,1
1488,1219,3343.86,0
1489,2752,3512.02,1
1490,34361,3299.48,1
1491,8172,1528.55,1
1492,25109,4887.48,1
1493,18542,2415.06,1
1494,17428,1003.05,1
1495,27323,3512.91,0
1496,25742,3157.17,0
1497,34931,3752.8,0
1498,23299,1808.51,1
1499,27474,2310.58,1
1500,24036,766.14,1
1501,3466,1019.21,1
1502,25204,1015.66,1
1503,9913,358.73,0
1504,12750,2784.03,1
1505,29823,3823.28,0
1506,20910,1075.3,1
1507,3166,2977.65,1
1508,21529,4145.53,0
1509,12497,1408.45,1
1510,4230,2202.05,0
1511,9944,3668.58,0
1512,789,870.31,0
1513,11650,4750.72,0
1514,12872,3461.06,1
1515,11100,2929.77,0
1516,31005,529.97,0
1517,13303,4431.95,1
1518,21617,949.11,0
1519,29474,702.91,1
1520,18639,3290.12,1
1521,3970,2793.62,0
1522,32380,3725.65,0
1523,32672,3255.85,1
1524,30106,3542.4,1
1525,18596,1251.53,0
1526,2449,4888.1,0
1527,28270,4145.41,1
1528,24527,4145.57,0
1529,23373,1670.12,0
1530,7215,946.94,0
1531,31926,239.77,0
1532,25103,4880.3,0
1533,2858,728.94,0
1534,30362,3155.63,1
1535,28417,4171.72,1
1536,20204,3908.91,1
1537,28354,3441.28,0
1538,31816,3324.06,1
1539,19869,2229.25,0
1540,11950,1931.31,1
1541,28755,965.38,0
1542,21986,4155.91,0
1543,14477,1313.02,0
1544,31630,1366.83,0
1545,26042,104.13,1
1546,3476,2239.1,1
1547,13384,1945.96,0
1548,10545,3791.35,0
1549,3084,141.41,0
1550,20620,2137.16,1
1551,8779,860.68,1
1552,1698,2141.84,0
1553,20738,3966.02,0
1554,13276,322.75,0
1555,23549,2700.88,0
1556,20721,1769.01,1
1557,17104,1335.14,0
1558,33783,3649.51,0
1559,4554,1378.63,1
1560,27139,572.43,0
1561,25321,2120.69,0
1562,33234,2046.04,1
1563,32099,2893.54,1
1564,9334,1410.14,1
1565,8954,3082.94,0
1566,3684,1392.78,0
1567,32749,336.72,0
1568,14194,1656.1,1
1569,3395,3794.32,0
1570,18967,670.28,1
1571,14941,4393.53,1
1572,19181,657.43,1
1573,7531,4356.08,0
1574,13247,4144.05,1
1575,30546,4115.67,1
1576,6228,4254.1,0
1577,21387,3209.4,0
1578,34578,590.12,0
1579,22187,2073.98,0
1580,32923,377.93,1
1581,18606,4005.38,0
1582,30903,1252.89,1
1583,28176,2147.8,0
1584,5756,1068.14,1
1585,1929,4854.25,1
1586,17034,1234.36,1
1587,5705,2387.78,0
1588,34663,4977.03,1
1589,13520,460.98,0
1590,7255,342.12,1
1591,3701,1645.98,1
1592,10751,3139.59,0
1593,7215,2128.59,0
1594,16192,1012.27,0
1595,31513,1564.91,0
1596,3526,912.47,0
1597,31001,756.27,0
1598,9868,3039.86,1
1599,4848,3991.65,0
1600,24593,1536.68,1
1601,10551,2337.83,1
1602,32199,1001.95,0
1603,4985,2924.35,0
1604,23187,4059.89,1
1605,29811,4585.52,1
1606,13035,4325.05,1
1607,8337,1891.63,1
1608,3989,1955.09,1
1609,32030,4306.45,1
1610,24363,2782.69,0
1611,23466,2025.99,1
1612,28291,4418.54,1
1613,15630,814.62,1
1614,16486,1133.06,0
1615,27507,1885.02,1
1616,24633,4769.32,0
1617,14744,4778.91,0
1618,5601,583.55,0
1619,19008,4762.53,0
1620,24426,3031.14,1
1621,29614,1383.82,0
1622,30996,1126.73,0
1623,9627,1720.44,1
1624,21068,4384.94,1
1625,11448,815.62,0
1626,17667,4241.71,0
1627,3672,2026.81,0
1628,29602,3524.65,0
1629,8366,944.97,0
1630,28278,1504.3,1
1631,28765,196.74,0
1632,1671,591.96,0
1633,19111,4217.72,1
1634,34116,4351.69,0
1635,11362,3358.31,0
1636,23345,412.47,1
1637,8761,3345.43,0
1638,2381,1883.13,1
1639,15291,4943.59,0
1640,19614,2032.16,0
1641,26577,4588.19,0
1642,29980,4069.41,0
1643,8598,2871.59,0
1644,9519,2345.71,1
1645,34407,4547.5,1
1646,26497,1983.42,0
1647,3408,2536.22,0
1648,34677,1102.28,0
1649,12757,512.99,0
1650,28865,1839.9,0
1651,7106,4207.89,1
1652,25658,4312.86,0
1653,11266,1190.95,0
1654,17989,2317.37,0
1655,22107,2880.45,0
1656,20581,3802.87,1
1657,24293,763.67,1
1658,1235,1679.38,0
1659,21284,2252.19,0
1660,13962,2956.52,1
1661,6691,322.64,1
1662,1813,1383.55,1
1663,10125,513.79,1
1664,21436,1284.98,1
1665,28918,1284.08,1
1666,5184,611.98,1
1667,17831,4301.91,0
1668,27173,4956.17,0
1669,7915,3638.14,0
1670,714,2626.43,0
1671,27994,1497.46,1
1672,32645,4951.52,0
1673,9882,2364.17,0
1674,6018,2369.82,0
1675,18395,1492.83,1
1676,4907,541.46,1
1677,19741,855.49,1
1678,15289,3607.99,1
1679,31421,1956.03,0
1680,23520,408.54,1
1681,1135,1518.4,1
1682,28893,178.44,1
1683,57,4558.38,1
1684,34516,4419.01,0
1685,23,1957.33,1
1686,7157,4189.14,0
1687,9526,4374.55,1
1688,27939,2182.8,1
1689,33996,2972.8,1
1690,30075,1434.9,1
1691,745,2938.14,0
1692,34762,3897.18,0
1693,14794,4859.42,0
1694,30722,1356.59,1
1695,27684,1891.93,0
1696,12123,2586.69,0
1697,23069,3740.75,1
1698,17639,4619.59,0
1699,33833,2538.6,1
1700,22510,1304.1,1
1701,13346,4210.37,1
1702,23614,3116.33,1
1703,32174,3421.81,0
1704,30091,4870.11,0
1705,13312,597.76,1
1706,21698,2664.83,1
1707,20063,2540.81,0
1708,16765,2380.19,1
1709,32852,1594.24,0
1710,2001,3192.16,1
1711,27129,1729.41,1
1712,7543,347.81,0
1713,9662,1481.0,1
1714,10627,4548.44,1
1715,15858,735.44,0
1716,23445,3786.79,0
1717,24392,3599.32,0
1718,2435,3552.11,1
1719,10585,546.04,1
1720,22617,1079.05,0
1721,24424,4868.97,1
1722,23510,1279.3,1
1723,18127,1876.15,0
1724,15174,4375.74,1
1725,28620,3296.25,1
1726,5402,2624.43,0
1727,1840,1265.2,1
1728,33825,2846.36,0
1729,2718,2027.64,1
1730,4256,3085.66,1
1731,145,3630.21,0
1732,16298,779.43,1
1733,19928,1941.04,1
1734,26719,4573.23,1
1735,29834,2819.67,1
1736,10680,2122.51,0
1737,17319,2592.31,1
1738,2906,1067.91,1
1739,17505,1794.69,0
1740,1369,193.89,1
1741,32586,2836.63,1
1742,8774,767.42,1
1743,33800,1953.42,0
1744,23998,710.05,0
1745,27249,3890.83,0
1746,19500,1341.91,0
1747,9018,3302.87,0
1748,14917,3753.37,1
1749,33606,3665.06,0
1750,5450,4556.22,0
1751,30092,3777.65,0
1752,5705,4984.03,0
1753,2908,983.93,0
1754,2798,2320.3,1
1755,26474,2832.26,0
1756,27787,159.15,0
1757,6599,3394.26,0
1758,6908,2347.71,1
1759,28648,4826.97,1
1760,5763,690.01,1
1761,30676,4485.2,1
1762,25781,3242.06,0
1763,4837,3364.72,1
1764,27859,3245.12,0
1765,24255,4479.87,0
1766,15417,3538.47,0
1767,24660,304.14,1
1768,30832,4308.05,1
1769,16698,747.97,1
1770,24542,722.7,0
1771,24278,4160.34,0
1772,24310,3398.15,0
1773,27352,1911.26,0
1774,20663,2339.62,0
1775,33970,1465.38,0
1776,14370,4986.72,0
1777,11249,558.51,0
1778,5971,3968.82,1
1779,6957,2050.11,0
1780,25811,805.55,0
1781,2707,4126.56,0
1782,28827,1752.57,0
1783,28403,418.68,1
1784,26628,1846.37,1
1785,11281,3266.9,1
1786,29824,4378.67,1
1787,23847,1644.75,1
1788,13423,2986.68,0
1789,31721,3016.14,1
1790,25605,4516.09,0
1791,20167,983.42,0
1792,34430,3780.47,1
1793,16284,2871.09,0
1794,25842,3989.88,0
1795,34195,2948.34,0
1796,20136,4103.3,1
1797,4000,1047.57,0
1798,1681,1629.25,0
1799,30327,4812.55,1
1800,27523,1275.33,1
1801,7795,716.68,1
1802,2477,3108.95,1
1803,31777,1354.47,1
1804,29047,3691.64,0
1805,15947,4894.52,0
1806,31086,220.99,1
1807,24502,1718.4,1
1808,32627,356.08,1
1809,22255,2393.72,0
1810,20729,4623.81,0
1811,23629,2765.95,1
1812,24805,2503.39,0
1813,24052,4912.69,1
1814,8052,2191.34,1
1815,15810,1933.15,0
1816,27271,991.41,0
1817,160,2546.28,0
1818,33761,322.63,0
1819,20608,1823.31,0
1820,16576,4520.45,0
1821,23312,725.51,0
1822,14808,765.87,1
1823,24958,215.79,0
1824,33053,1561.33,1
1825,12342,211.96,0
1826,1579,4865.24,1
1827,28943,3555.47,0
1828,16414,3912.91,1
1829,32098,976.6,0
1830,4319,3274.81,1
1831,19571,1449.04,0
1832,16170,790.72,0
1833,27036,1612.2,0
1834,31469,1650.75,1
1835,19786,4418.25,1
1836,11378,3210.16,1
1837,28805,196.64,0
1838,20321,2081.64,1
1839,22116,4132.2,1
1840,31429,351.4,0
1841,12414,686.39,0
1842,15568,4316.19,0
1843,21866,3912.68,1
1844,32694,2343.53,1
1845,18665,2468.61,1
1846,29063,2379.29,1
1847,30180,430.65,0
1848,10858,2164.31,1
1849,12611,3290.03,0
1850,6693,2779.91,1
1851,12051,755.2,0
1852,15669,3452.3,1
1853,27166,1215.44,0
1854,14500,1131.4,0
1855,5272,1457.82,1
1856,4259,287.8,1
1857,3483,3317.1,1
1858,12545,3915.51,1
1859,30782,310.91,0
1860,12679,975.15,0
1861,23957,2319.3,1
1862,28742,2685.57,0
1863,3730,2793.96,1
1864,4303,3064.72,1
1865,32352,3101.64,1
1866,25572,108.08,1
1867,33543,250.78,0
1868,6682,4489.52,1
1869,8930,4963.81,1
1870,7574,1553.77,1
1871,10481,1837.16,1
1872,24776,4149.05,1
1873,32706,2652.98,0
1874,8931,1254.8,0
1875,34565,4639.81,1
1876,29822,3897.77,1
1877,29722,1493.07,0
1878,5929,875.59,1
1879,7264,312.41,0
1880,9530,2380.44,0
1881,18270,1176.38,0
1882,22816,3690.68,0
1883,28445,2408.41,1
1884,25358,4223.2,1
1885,5149,4773.54,0
1886,23068,3136.55,1
1887,5548,276.8,1
1888,24011,4149.71,0
1889,23751,4110.41,0
1890,15742,2823.01,0
1891,9448,145.98,0
1892,28970,3743.24,1
1893,32091,4682.74,1
1894,2070,1612.47,0
1895,24871,3690.18,0
1896,24789,630.23,0
1897,22876,810.58,1
1898,31203,4667.07,1
1899,29825,2613.71,1
1900,29465,2247.81,1
1901,34658,2802.42,1
1902,21313,1131.86,0
1903,13253,3919.04,1
1904,8076,4382.83,0
1905,34319,2516.32,0
1906,27683,4157.43,0
1907,18364,3774.79,1
1908,6020,364.96,1
1909,11771,3837.35,1
1910,29827,3035.31,0
1911,24945,4897.59,0
1912,11197,3054.91,0
1913,30531,2708.39,1
1914,18155,317.9,1
1915,5909,4522.7,1
1916,293,4627.95,0
1917,14067,2825.34,0
1918,22702,3448.11,1
1919,25728,4768.74,0
1920,20591,191.05,0
1921,10564,3748.87,1
1922,8567,3910.7,0
1923,4615,3950.67,0
1924,4534,2823.41,0
1925,16606,4194.16,0
1926,3718,4488.63,0
1927,15784,1485.76,1
1928,8781,753.43,1
1929,783,4515.97,1
1930,8329,2061.49,0
1931,5301,841.17,1
1932,32017,4809.38,1
1933,4784,2030.01,1
1934,14738,643.4,0
1935,28959,4805.62,1
1936,20556,711.18,0
1937,24159,1942.65,0
1938,21136,1743.74,1
1939,23524,676.86,1
1940,29341,1538.14,0
1941,25113,4064.9,1
1942,20406,4727.22,0
1943,21069,3098.47,0
1944,8895,852.06,1
1945,27133,1502.18,0
1946,33369,1172.04,1
1947,11865,767.38,1
1948,3673,3782.53,0
1949,1324,3977.05,0
1950,5682,4668.88,0
1951,15239,2646.04,0
1952,14519,3830.53,1
1953,22617,2738.57,1
1954,1675,2940.43,1
1955,11824,4261.38,0
1956,4586,4019.59,1
1957,16143,3368.03,1
1958,27588,1440.34,0
1959,11175,1004.99,0
1960,11104,3548.58,1
1961,5206,3168.15,0
1962,22093,1244.83,0
1963,8947,937.17,0
1964,25615,162.71,0
1965,30215,2217.83,0
1966,33505,638.33,0
1967,9386,2251.7,0
1968,21945,1563.86,0
1969,5250,4624.91,0
1970,30411,4669.45,0
1971,2536,2116.95,1
1972,21760,772.77,1
1973,7684,745.49,1
1974,26118,2504.24,1
1975,16962,721.3,1
1976,22577,2314.07,1
1977,16960,3454.03,0
1978,10439,4654.89,1
1979,16619,3845.52,1
1980,2277,1636.13,1
1981,7612,2627.04,0
1982,2475,556.33,1
1983,6173,1573.9,0
1984,34057,3873.89,0
1985,33870,3025.72,0
1986,24591,4054.01,0
1987,29724,483.12,0
1988,7431,1758.48,0
1989,30296,2774.39,1
1990,15027,4587.81,1
1991,14928,1817.72,1
1992,12576,2454.89,1
1993,19083,2080.43,0
1994,6296,3184.09,1
1995,8070,1160.48,1
1996,14284,1311.98,0
1997,11581,1276.28,1
1998,3698,3776.33,1
1999,6702,1583.39,1
2000,3528,2505.1,0
2001,27008,4693.14,1
2002,17782,182.66,1
2003,14959,2671.24,0
2004,31282,420.5,1
2005,23996,1364.75,0
2006,4592,1695.19,1
2007,18446,4792.13,1
2008,17449,1016.58,1
2009,643,4267.26,1
2010,18083,3629.24,0
2011,10256,2832.16,0
2012,14225,1804.91,1
2013,22880,3390.12,0
2014,13257,1373.23,1
2015,870,917.49,1
2016,4392,3643.0,0
2017,30685,1060.77,0
2018,25562,3681.49,1
2019,5342,2251.75,0
2020,13204,3575.02,0
2021,22345,3645.09,1
2022,3380,4389.16,1
2023,10496,2794.67,0
2024,18224,1163.37,0
2025,19182,2657.94,1
2026,8261,525.52,1
2027,26377,1793.35,0
2028,23291,1236.28,1
2029,25665,781.19,1
2030,5630,953.94,1
2031,6831,4894.72,1
2032,1195,4853.89,1
2033,6407,3728.05,1
2034,32360,4160.88,1
2035,18258,2204.34,0
2036,1286,3820.69,0
2037,24578,4974.12,1
2038,33823,2059.58,0
2039,28580,1465.66,1
2040,5602,4150.21,0
2041,32219,1800.43,0
2042,5322,1180.69,1
2043,21928,1333.83,1
2044,2586,4588.01,0
2045,28708,1924.26,0
2046,15613,3996.57,1
2047,17236,2336.13,1
2048,23898,2708.36,1
2049,3398,1120.58,1
2050,21991,3663.48,0
2051,25751,941.81,0
2052,14058,2805.4,1
2053,20669,3385.35,0
2054,10327,4201.09,1
2055,31328,4807.64,1
2056,8984,2185.44,0
2057,7710,398.69,0
2058,17026,1990.69,1
2059,23241,1622.52,0
2060,7494,4871.02,0
2061,18479,801.54,1
2062,34929,3909.54,0
2063,24177,1825.71,1
2064,11864,1419.75,0
2065,5942,2462.5,0
2066,30886,3770.63,1
2067,33136,2620.59,0
2068,5439,391.42,1
2069,13982,726.59,0
2070,11725,980.63,1
2071,30459,3628.74,0
2072,33505,4324.65,1
2073,34278,4846.13,0
2074,19993,3870.83,0
2075,9951,4323.27,0
2076,23179,2822.17,0
2077,23891,4498.06,0
2078,33707,3723.09,1
2079,22410,2087.29,0
2080,19199,2637.66,1
2081,34202,451.94,0
2082,32617,265.89,0
2083,24279,3059.71,0
2084,2059,4058.59,0
2085,25409,2366.25,1
2086,3769,1056.9,1
2087,7435,2244.67,0
2088,23689,1447.36,0
2089,24544,4957.09,1
2090,28322,3843.62,0
2091,24807,2237.14,1
2092,19283,1608.99,0
2093,26865,446.96,1
2094,22038,1040.97,1
2095,27777,4076.29,0
2096,9353,2870.18,1
2097,21307,161.47,1
2098,20012,4914.04,1
2099,4873,2552.68,1
2100,28019,3277.45,1
2101,21379,4387.42,1
2102,33992,310.99,1
2103,22906,3560.68,1
2104,13575,4716.68,1
2105,16360,3375.3,1
2106,20907,2270.77,0
2107,25364,379.29,0
2108,1051,4429.09,1
2109,16104,3680.09,0
2110,9764,2503.51,1
2111,17576,2563.58,1
2112,4738,1410.13,1
2113,10660,1817.11,1
2114,25990,3637.95,0
2115,20956,4980.58,1
2116,18253,3720.49,0
2117,25204,727.14,0
2118,15122,3528.13,1
2119,18501,2401.43,1
2120,27353,117.45,1
2121,26602,2168.34,1
2122,32935,3144.39,0
2123,621,3014.45,0
2124,26613,2419.74,0
2125,6332,3589.66,1
2126,27615,892.66,0
2127,18721,1504.78,0
2128,20460,4756.74,0
2129,27824,612.22,1
2130,5904,3135.52,1
2131,12854,3262.4,1
2132,27442,2897.78,1
2133,6458,599.29,0
2134,840,3036.48,1
2135,5155,3997.55,1
2136,17743,3569.18,1
2137,20509,4145.17,0
2138,16044,3537.99,1
2139,31498,342.08,1
2140,15782,1019.06,0
2141,32326,2337.65,1
2142,33575,2758.54,1
2143,9172,3361.24,1
2144,7982,1042.44,1
2145,26397,4927.96,1
2146,18435,3627.11,1
2147,6148,612.77,0
2148,12887,3049.3,0
2149,2094,3230.65,1
2150,30948,1791.96,1
2151,7949,4836.54,0
2152,16433,213.45,1
2153,22586,2597.14,1
2154,4270,4902.0,1
2155,481,1244.26,1
2156,27472,2773.91,1
2157,12456,1960.63,0
2158,16896,1170.72,1
2159,12159,561.51,0
2160,25757,3550.94,1
2161,10191,4690.94,0
2162,19154,2209.78,0
2163,4608,963.81,1
2164,24199,3744.48,1
2165,5150,3517.48,0
2166,11813,3685.45,1
2167,26233,3561.13,1
2168,13574,4477.97,0
2169,12082,3458.25,0
2170,1974,4927.79,0
2171,13964,4575.58,0
2172,27484,3501.81,1
2173,6434,2579.29,1
2174,5381,841.91,1
2175,14069,4578.93,1
2176,9399,1967.78,0
2177,12195,3581.43,0
2178,29241,2743.72,1
2179,31495,4111.14,1
2180,23188,2108.58,0
2181,20435,3298.08,1
2182,28300,3810.44,0
2183,1542,3716.0,1
2184,15052,1833.07,1
2185,34922,2252.13,0
2186,29134,1384.6,1
2187,15959,1506.59,0
2188,16150,329.6,1
2189,23744,3744.35,0
2190,26690,4737.72,1
2191,32262,1322.25,1
2192,1618,2162.86,0
2193,14929,2374.92,1
2194,27914,1577.01,1
2195,23163,4968.42,1
2196,26166,2711.01,1
2197,7915,2099.39,1
2198,32985,616.83,1
2199,12318,4122.69,1
2200,17520,1532.03,1
2201,15716,2511.5,0
2202,28837,4414.87,1
2203,22278,4984.71,1
2204,32672,4857.89,1
2205,12450,1584.21,0
2206,16961,171.49,1
2207,32567,1374.86,0
2208,5582,4742.8,0
2209,14840,955.88,1
2210,8721,4911.27,1
2211,13179,4793.43,1
2212,18622,2803.6,0
2213,25197,3041.89,1
2214,28612,3490.81,0
2215,3846,2154.32,0
2216,14122,1475.61,1
2217,33743,902.63,0
2218,122,4737.07,1
2219,34861,2711.79,1
2220,11716,2320.38,0
2221,4748,2045.71,1
2222,33826,977.32,1
2223,22275,1310.5,1
2224,14367,3153.98,0
2225,3161,4144.44,0
2226,15798,934.64,1
2227,14161,3675.12,1
2228,12556,1169.15,1
2229,34579,2592.66,0
2230,20046,2963.54,0
2231,34844,4177.61,0
2232,18578,907.34,1
2233,28371,2411.99,0
2234,15903,2208.27,1
2235,3544,2776.21,0
2236,18447,2910.98,1
2237,15695,3555.15,1
2238,20488,2366.9,1
2239,17476,4334.97,0
2240,32479,1612.1,1
2241,12809,1416.24,1
2242,33151,4285.34,1
2243,10918,2402.87,0
2244,26285,1531.29,0
2245,32384,1125.25,0
2246,21533,816.09,1
2247,16934,813.91,0
2248,4825,468.45,1
2249,17749,576.45,1
2250,30683,3944.29,1
2251,34917,522.67,0
2252,24710,2830.82,1
2253,29654,106.48,1
2254,6487,3273.1,0
2255,14048,2205.27,1
2256,14109,4765.09,1
2257,16629,2205.13,1
2258,6756,190.84,1
2259,7269,3092.67,1
2260,14389,3640.04,0
2261,28178,661.32,1
2262,16749,866.01,1
2263,10582,2485.68,0
2264,26298,3560.25,1
2265,33441,1043.58,1
2266,11304,2970.57,1
2267,7304,3192.4,0
2268,22901,3314.84,1
2269,27471,4097.23,0
2270,30870,3951.5,0
2271,2722,616.84,1
2272,4528,3523.1,0
2273,7524,2701.13,0
2274,6431,820.16,0
2275,32353,4378.86,0
2276,24873,707.62,1
2277,4231,4091.84,1
2278,12214,2233.66,0
2279,845,1387.98,1
2280,19317,3297.59,1
2281,25050,4203.7,1
2282,1345,521.84,0
2283,13034,2966.33,1
2284,23178,3306.18,1
2285,33009,4927.67,1
2286,1360,4714.46,0
2287,27694,1305.64,0
2288,8081,2262.34,0
2289,872,3064.39,0
2290,21643,4849.82,0
2291,5376,4282.16,1
2292,25839,869.28,0
2293,9506,4822.68,1
2294,15869,4161.85,1
2295,19379,2715.68,1
2296,25215,4653.08,1
2297,3974,2614.93,0
2298,12381,3437.1,0
2299,19595,881.24,1
2300,13156,676.08,0
2301,629,3235.86,1
2302,20525,759.1,0
2303,14842,864.07,1
2304,11699,2377.95,0
2305,17472,2827.56,1
2306,22001,4023.53,0
2307,9897,2681.72,0
2308,24158,3513.96,0
2309,611,303.42,0
2310,11393,860.76,0
2311,3454,2954.25,1
2312,16316,4233.17,0
2313,9027,1082.94,1
2314,23536,777.33,0
2315,34192,894.19,1
2316,6213,4131.69,0
2317,13872,417.07,1
2318,24455,1420.49,0
2319,5912,4624.17,1
2320,20350,4466.21,0
2321,33580,4033.59,1
2322,34615,1367.22,1
2323,26054,3225.65,0
2324,34121,945.58,1
2325,5012,3452.19,0
2326,30750,3153.93,1
2327,2935,2889.47,1
2328,22700,2912.21,0
2329,13324,3723.01,0
2330,26275,1201.15,0
2331,13590,4307.75,1
2332,9879,2907.4,0
2333,19842,3544.15,1
2334,31418,2873.29,0
2335,7858,731.85,1
2336,5426,1248.86,0
2337,32575,537.61,0
2338,25577,3987.75,0
2339,3570,2668.59,0
2340,8415,1309.28,0
2341,11928,923.68,0
2342,8208,314.32,0
2343,8756,3045.09,0
2344,14779,2876.98,0
2345,13381,1513.71,1
2346,1264,1932.55,0
2347,2308,1399.52,1
2348,27058,4672.19,0
2349,321,1479.08,0
2350,26241,3700.65,1
2351,6371,4469.94,0
2352,34094,2899.45,0
2353,11466,4869.2,1
2354,9248,4895.93,0
2355,5639,1526.85,0
2356,26688,4296.54,0
2357,13057,2109.85,0
2358,14936,4796.18,0
2359,23816,2272.11,1
2360,11587,3593.41,1
2361,26752,2422.6,0
2362,8313,4622.68,0
2363,25809,3540.37,1
2364,5285,4570.37,0
2365,18932,907.76,1
2366,26483,3030.77,1
2367,10402,3574.91,1
2368,17004,801.28,0
2369,8610,3848.51,1
2370,14646,4208.27,0
2371,25130,1867.69,0
2372,11609,2056.65,1
2373,23135,388.5,0
2374,22725,2958.81,0
2375,1627,382.62,0
2376,17766,2842.15,1
2377,8092,1330.84,1
2378,27472,1091.87,0
2379,15254,3739.07,1
2380,19435,4020.81,1
2381,30996,2696.06,1
2382,29467,765.87,0
2383,6684,1487.51,1
2384,27313,587.11,0
2385,28999,3980.18,1
2386,14224,3532.81,1
2387,32078,4371.78,1
2388,29559,2538.1,1
2389,27860,3122.13,0
2390,29459,1198.89,0
2391,4075,368.56,0
2392,155,3574.02,0
2393,13979,1048.99,1
2394,11986,252.31,1
2395,10390,3787.54,1
2396,22520,485.24,1
2397,23455,3473.13,0
2398,8879,1978.21,1
2399,11411,1964.76,1
2400,12834,3343.68,0
2401,11754,3835.26,1
2402,23723,4706.32,0
2403,14637,1062.09,1
2404,1453,1722.53,0
2405,19576,1048.43,1
2406,30690,2813.03,0
2407,7150,1457.44,1
2408,5896,4564.52,1
2409,20536,1669.24,0
2410,22,462.98,1
2411,212,933.33,1
2412,27226,1968.07,0
2413,28808,1717.71,0
2414,17465,2431.37,1
2415,29889,2931.37,0
2416,5339,3759.43,1
2417,10131,1957.58,0
2418,23144,4093.77,0
2419,17434,4605.26,0
2420,17713,654.2,0
2421,12202,847.97,1
2422,10400,183.34,1
2423,20502,2187.97,1
2424,12725,1692.69,0
2425,15145,3613.58,1
2426,14783,4948.77,1
2427,6177,2517.23,1
2428,6952,4721.3,1
2429,7060,3451.54,0
2430,28790,3072.79,0
2431,10943,4837.37,0
2432,14471,4778.05,1
2433,21408,4187.54,1
2434,34811,351.82,1
2435,16142,1549.72,0
2436,20694,1614.95,0
2437,16557,1367.38,0
2438,21045,2898.33,1
2439,26978,701.56,0
2440,17912,2080.65,0
2441,8274,1652.86,1
2442,5559,4156.28,1
2443,16622,117.8,0
2444,4717,4126.74,0
2445,9863,2340.81,1
2446,29460,879.85,1
2447,7795,4216.07,0
2448,32836,3755.5,1
2449,10061,436.41,0
2450,4515,3713.69,0
2451,8646,1776.83,1
2452,2062,4456.26,0
2453,693,3120.21,1
2454,33889,1490.13,1
2455,22343,1394.65,0
2456,33525,3110.65,1
2457,3541,4827.21,0
2458,30007,3595.27,0
2459,7940,600.01,1
2460,27862,2992.1,1
2461,18821,4044.92,0
2462,31448,1352.26,0
2463,7537,2419.35,0
2464,4821,2535.01,1
2465,5276,304.9,1
2466,29495,672.13,1
2467,16297,4931.53,0
2468,24842,1678.81,1
2469,2717,1023.61,0
2470,22929,2322.87,0
2471,17171,2907.65,1
2472,1779,1479.49,0
2473,23360,4763.79,1
2474,5495,2511.85,0
2475,3391,4517.09,0
2476,4312,4265.13,0
2477,7226,247.42,1
2478,2047,418.01,1
2479,7701,1291.98,0
2480,7524,1373.73,0
2481,14354,3087.78,0
2482,5459,435.76,0
2483,22023,3357.71,0
2484,22409,1241.89,0
2485,28452,643.65,1
2486,18171,3559.85,0
2487,20477,3439.51,1
2488,28186,1031.84,0
2489,18317,4296.97,1
2490,10824,1408.37,0
2491,1271,567.15,1
2492,32973,4002.95,0
2493,14624,4012.09,0
2494,14604,2632.14,1
2495,33399,945.68,0
2496,25154,2853.91,1
2497,1547,1443.74,1
2498,242,1182.82,1
2499,12196,1887.89,1
2500,20826,3703.14,0
2501,26802,704.79,0
2502,18512,1757.06,0
2503,25321,3337.5,0
2504,27128,1412.46,1
2505,33516,3063.05,0
2506,409,2120.18,0
2507,14530,1271.23,0
2508,1240,1232.37,1
2509,17629,2534.84,0
2510,18069,4583.51,0
2511,19353,3796.63,0
2512,10332,861.98,0
2513,34592,706.11,0
2514,19220,4806.76,1
2515,17382,4626.59,1
2516,7475,688.78,0
2517,12953,4154.7,0
2518,8995,2871.91,1
2519,28409,1071.54,0
2520,3238,1590.22,1
2521,18852,4778.57,1
2522,4109,2314.56,0
2523,1311,1495.64,0
2524,17528,3087.28,0
2525,34486,2620.7,1
2526,16729,4652.2,1
2527,175,3709.74,0
2528,11351,4430.59,0
2529,15381,4713.9,1
2530,19638,4287.23,1
2531,25407,1045.52,1
2532,26600,2754.53,0
2533,12810,1382.48,1
2534,16144,357.09,0
2535,29107,3805.06,1
2536,24069,4810.12,1
2537,32119,1049.58,0
2538,23511,944.17,1
2539,8858,3580.94,1
2540,15078,1353.16,1
2541,1115,1753.05,1
2542,19654,4926.76,0
2543,8610,2067.31,1
2544,23608,1503.68,0
2545,12305,4593.53,1
2546,21221,3868.55,0
2547,13858,4622.99,1
2548,25595,3506.2,0
2549,4894,941.73,1
2550,17373,4185.24,0
2551,4552,1160.17,0
2552,18844,3163.16,0
2553,9802,649.57,0
2554,29402,4916.2,1
2555,18461,200.07,1
2556,3137,251.84,1
2557,18592,305.8,1
2558,21517,524.83,0
2559,7131,1506.4,1
2560,2203,1169.57,0
2561,7914,744.69,1
2562,28309,3758.25,0
2563,26899,3557.05,0
2564,6307,4368.38,0
2565,14895,2992.11,0
2566,309,1690.97,0
2567,25104,4688.89,1
2568,20793,617.86,1
2569,29915,4523.25,1
2570,15186,1858.81,0
2571,4524,1070.7,1
2572,1811,910.17,1
2573,23029,1448.99,0
2574,22997,1390.2,0
2575,20162,3787.02,0
2576,1428,1764.13,0
2577,7232,1983.75,0
2578,22972,3429.93,0
2579,16453,2998.56,0
2580,9066,2195.39,0
2581,586,4035.61,1
2582,28868,1834.15,0
2583,12476,3437.76,1
2584,15737,2145.02,0
2585,7395,3046.87,0
2586,10676,813.28,0
2587,13565,2677.62,0
2588,7031,862.79,1
2589,24988,1659.93,0
2590,6834,4489.03,1
2591,27532,2706.49,1
2592,33424,4966.63,1
2593,13978,3856.01,1
2594,28962,1071.03,1
2595,24366,392.02,0
2596,33260,1204.58,0
2597,19432,2858.47,0
2598,8543,4496.46,1
2599,14424,2302.22,0
2600,20924,2695.15,0
2601,32319,2077.44,0
2602,3724,1547.96,1
2603,3633,446.54,0
2604,7080,4512.67,0
2605,16300,111.29,1
2606,15878,1663.32,0
2607,19082,4317.02,1
2608,5454,159.83,0
2609,7856,198.82,1
2610,22681,2525.69,1
2611,7264,3294.26,0
2612,21719,2810.65,1
2613,3857,1819.25,0
2614,7975,2396.26,1
2615,25786,3283.25,0
2616,9977,448.05,1
2617,20769,531.54,0
2618,15169,542.71,0
2619,17968,3704.65,1
2620,24037,3484.16,0
2621,22000,3934.05,0
2622,28956,4961.61,1
2623,15088,4653.95,0
2624,10631,4206.86,1
2625,19002,694.89,1
2626,15185,1126.85,1
2627,22583,796.43,1
2628,26583,1223.78,1
2629,8809,3909.42,1
2630,32803,3573.87,0
2631,22903,1441.75,1
2632,13682,3544.05,0
2633,33686,2001.28,0
2634,18691,3472.06,0
2635,15967,2516.34,1
2636,20825,2352.28,1
2637,6240,3595.28,0
2638,16932,2292.5,1
2639,32220,4027.72,1
2640,31783,3874.79,1
2641,8455,389.02,0
2642,20478,2206.02,1
2643,14643,1213.78,1
2644,22706,1379.82,1
2645,460,3758.94,1
2646,9332,441.66,1
2647,29018,4786.08,1
2648,34993,2611.35,0
2649,16190,2888.66,0
2650,695,1809.73,1
2651,17443,4647.69,0
2652,21228,999.22,1
2653,33081,2761.34,0
2654,34696,4559.43,0
2655,23061,3854.6,1
2656,5097,826.95,1
2657,33446,594.35,1
2658,12634,3129.45,1
2659,15409,552.29,0
2660,20920,4331.07,0
2661,10883,4595.23,0
2662,12758,3292.69,1
2663,26198,812.14,1
2664,15075,2200.95,0
2665,12475,1071.41,1
2666,13305,3874.37,1
2667,17443,2912.46,1
2668,10226,3220.21,0
2669,4858,3434.44,1
2670,32154,878.22,1
2671,4384,2233.72,1
2672,9702,2417.51,1
2673,32950,3003.57,0
2674,13914,4309.02,0
2675,6299,4240.44,1
2676,2949,2287.38,1
2677,13336,1719.61,0
2678,26964,4402.33,1
2679,18811,413.86,1
2680,25539,781.04,1
2681,26591,3263.45,0
2682,9539,2096.72,1
2683,3788,1957.39,0
2684,6221,1626.12,1
2685,396,2645.03,1
2686,19509,4608.88,0
2687,26369,2314.81,1
2688,12755,1639.72,1
2689,29843,2376.87,1
2690,6705,3668.13,0
2691,15954,1944.71,0
2692,12980,3655.56,1
2693,17183,1812.1,0
2694,11186,3196.08,1
2695,18079,1519.66,1
2696,18978,1161.35,1
2697,20988,4517.43,0
2698,12066,4623.43,1
2699,28571,4094.14,1
2700,5910,3366.8,0
2701,12564,2689.3,1
2702,15409,3332.94,0
2703,31988,3615.07,0
2704,23394,2884.95,1
2705,32089,823.85,1
2706,1696,2258.08,1
2707,4891,3880.53,0
2708,15933,3696.32,1
2709,30733,3086.29,0
2710,1917,3568.96,0
2711,4265,925.99,1
2712,13530,3460.68,1
2713,24424,3340.77,0
2714,20569,4650.78,0
2715,8313,2318.15,1
2716,19735,979.11,0
2717,22316,2525.73,1
2718,19086,4007.13,0
2719,4032,3670.68,0
2720,34835,2298.17,1
2721,29528,3349.93,1
2722,22889,3679.93,1
2723,11766,4372.26,1
2724,19601,4922.12,1
2725,14278,1077.28,1
2726,571,3811.96,0
2727,10803,900.27,0
2728,5522,4583.98,1
2729,24210,4635.67,1
2730,15075,3081.51,1
2731,27736,4991.86,1
2732,10318,3357.65,0
2733,23315,1213.75,0
2734,29402,3049.97,0
2735,20421,1299.48,1
2736,5422,2774.89,0
2737,31102,1837.56,1
2738,3122,149.71,0
2739,31652,4557.49,1
2740,30905,1927.42,1
2741,34833,2765.81,0
2742,31580,4541.7,1
2743,16078,691.78,1
2744,15635,3063.62,1
2745,1258,3238.66,0
2746,34524,659.56,1
2747,1394,2809.01,1
2748,31280,3344.6,0
2749,20891,1893.81,1
2750,3336,3433.47,1
2751,4097,3597.34,0
2752,11450,2277.07,0
2753,16760,201.19,1
2754,33299,4316.51,1
2755,34511,4905.63,1
2756,17526,3151.96,0
2757,21375,1642.73,0
2758,23853,1817.7,0
2759,34617,890.97,0
2760,13176,3227.5,0
2761,30095,1126.67,0
2762,25119,451.4,0
2763,21370,2169.2,0
2764,10564,4288.9,0
2765,18112,3647.15,1
2766,29472,711.3,1
2767,25619,3217.62,1
2768,26826,1316.85,0
2769,27413,2546.55,1
2770,27905,4953.85,1
2771,11783,2238.13,0
2772,5665,3025.64,1
2773,14933,3712.06,0
2774,10147,2807.86,0
2775,23503,404.67,0
2776,17513,2983.32,1
2777,6481,3822.18,0
2778,34317,740.66,0
2779,13187,802.15,1
2780,21981,3840.97,0
2781,31457,1673.43,1
2782,34728,4874.37,0
2783,30615,4161.92,1
2784,17172,3504.72,0
2785,28197,1578.54,1
2786,18889,128.19,0
2787,21866,1881.17,0
2788,14388,2365.08,1
2789,7326,956.55,1
2790,30441,767.77,0
2791,26333,974.57,1
2792,9245,3533.59,1
2793,13384,1043.72,0
2794,26461,4036.5,1
2795,20729,3799.54,1
2796,16627,2105.66,0
2797,8937,4809.35,0
2798,11413,1071.89,1
2799,30521,4169.54,0
2800,23630,2238.3,0
2801,3211,844.13,1
2802,6322,984.8,0
2803,7951,1618.78,1
2804,22469,3438.14,0
2805,17472,655.08,0
2806,17851,4786.72,0
2807,32111,355.78,1
2808,24597,2538.96,1
2809,9995,4206.31,1
2810,21462,4630.21,1
2811,33754,243.56,0
2812,29624,971.64,1
2813,2359,1239.07,1
2814,1109,1677.96,1
2815,33113,4681.0,0
2816,31661,1539.46,1
2817,26453,3493.49,0
2818,11838,4166.04,0
2819,10222,4755.43,0
2820,28419,1287.95,1
2821,11926,4757.89,0
2822,34505,1363.15,0
2823,34612,3126.58,1
2824,27058,4281.37,1
2825,27029,4474.07,1
2826,14625,2134.25,1
2827,22130,4175.17,0
2828,32792,2301.5,0
2829,20733,4929.41,0
2830,2394,3492.12,0
2831,26361,2208.37,0
2832,10286,2869.37,0
2833,15277,2196.0,0
2834,34606,4611.14,0
2835,22540,1891.0,0
2836,21961,3046.53,0
2837,7306,2710.78,0
2838,16411,4864.67,0
2839,22206,3645.36,1
2840,13973,4820.04,1
2841,12399,3327.18,0
2842,4699,1412.16,1
2843,22364,171.74,1
2844,20902,997.34,0
2845,5409,3240.34,0
2846,25844,1818.61,0
2847,21209,1884.86,1
2848,29711,3067.98,0
2849,17688,1168.42,1
2850,13065,1440.09,1
2851,30812,4369.47,0
2852,15483,1243.04,0
2853,33079,977.73,0
2854,28260,3799.17,0
2855,1440,453.67,1
2856,14052,346.91,1
2857,31203,861.19,1
2858,3238,2091.35,0
2859,6618,867.42,1
2860,9643,1494.8,0
2861,33535,3573.71,1
2862,3390,4720.72,1
2863,30276,1091.18,1
2864,19584,554.46,0
2865,1004,2885.61,0
2866,2015,211.33,0
2867,17818,1462.62,1
2868,16743,1962.96,0
2869,13233,4892.13,1
2870,24030,3798.65,0
2871,16925,3106.15,0
2872,24905,3376.48,1
2873,24506,4537.73,0
2874,8957,1882.96,0
2875,2493,804.67,1
2876,11444,1467.89,0
2877,13846,1268.5,1
2878,16825,3351.59,1
2879,16543,4800.95,0
2880,14045,1329.8,0
2881,7911,1618.27,0
2882,5084,2796.09,0
2883,23296,3584.11,1
2884,29277,3157.64,0
2885,4728,2940.51,0
2886,9262,3067.29,0
2887,7774,1900.76,1
2888,9931,2999.25,1
2889,31623,4392.87,1
2890,34296,223.17,1
2891,29690,2405.98,0
2892,26854,4522.33,0
2893,33723,1882.74,0
2894,6513,2492.15,1
2895,2614,1145.19,1
2896,702,4232.01,0
2897,12670,4226.0,0
2898,12256,4714.01,1
2899,10255,4792.43,0
2900,24022,2102.87,1
2901,16689,4337.04,1
2902,29062,4553.79,1
2903,5903,679.19,1
2904,13320,3687.49,1
2905,15508,917.67,1
2906,16746,269.5,0
2907,28406,3474.67,0
2908,15970,518.59,0
2909,1262,382.41,1
2910,33699,3679.81,1
2911,24070,684.0,0
2912,3863,4516.54,1
2913,3559,2322.52,1
2914,3391,1326.26,0
2915,27325,3914.36,1
2916,28041,2253.37,0
2917,26586,2206.41,0
2918,12619,2644.04,0
2919,33383,2463.78,1
2920,19059,2275.89,1
2921,11674,2631.35,1
2922,19040,2356.85,1
2923,5478,2705.98,0
2924,11487,2001.86,0
2925,21598,1657.19,1
2926,5040,694.11,0
2927,5900,2750.7,0
2928,3225,1423.39,0
2929,7668,3327.92,1
2930,11527,4671.75,1
2931,31043,884.03,0
2932,16606,1234.69,1
2933,25966,2347.63,0
2934,4546,1922.9,0
2935,1954,3805.82,1
2936,16390,2019.0,0
2937,13280,4964.04,1
2938,9887,3277.69,1
2939,29518,2361.39,1
2940,24206,1473.96,0
2941,13070,2345.51,0
2942,24400,3559.63,0
2943,32027,2097.6,0
2944,31528,4262.52,0
2945,22569,597.94,1
2946,34524,2173.94,0
2947,29061,3460.66,0
2948,2181,1877.36,0
2949,21329,2811.09,0
2950,14315,1363.98,0
2951,29540,1063.71,0
2952,26773,2441.09,1
2953,23380,2037.05,1
2954,27897,1122.95,1
2955,19620,3358.97,0
2956,22179,190.44,1
2957,21434,2917.82,0
2958,2072,2687.72,1
2959,17713,1695.4,1
2960,20564,402.85,0
2961,8955,4229.79,0
2962,16086,2801.48,0
2963,16121,2895.86,1
2964,14985,2144.61,1
2965,28211,3472.68,0
2966,29096,990.29,1
2967,1779,4493.6,1
2968,29682,359.43,1
2969,28946,1226.94,0
2970,26095,2618.76,1
2971,33758,785.91,0
2972,3474,372.78,1
2973,31710,4236.82,0
2974,13835,4250.65,0
2975,682,2680.69,0
2976,12280,4686.59,0
2977,18334,832.5,1
2978,33422,908.89,1
2979,21319,2277.03,0
2980,18232,4837.29,0
2981,2063,3541.61,0
2982,6671,2077.86,1
2983,5124,2785.41,1
2984,29989,3177.06,0
2985,20966,1448.23,1
2986,27127,535.04,1
2987,16967,633.94,1
2988,18095,1600.7,0
2989,12418,2411.29,0
2990,16014,144.94,1
2991,21229,3896.06,1
2992,29649,1739.37,0
2993,4510,411.1,1
2994,4604,1872.33,1
2995,5831,585.89,1
2996,11449,4221.1,0
2997,6909,4149.33,0
2998,21562,4899.24,1
2999,25004,711.54,0
3000,16515,992.25,0
3001,1832,4347.11,1
3002,34168,3258.92,0
3003,27114,2477.55,0
3004,34911,3323.39,1
3005,27827,2921.39,0
3006,27536,291.02,1
3007,29402,1296.61,0
3008,27360,1916.12,0
3009,14370,4172.98,1
3010,7938,3267.42,1
3011,2178,304.52,0
3012,3438,2511.17,1
3013,21710,4448.08,0
3014,21577,1958.23,1
3015,6292,3503.31,0
3016,20192,2557.57,1
3017,6805,1746.89,1
3018,18960,262.07,0
3019,21179,2240.64,1
3020,8936,3604.79,1
3021,11978,1922.69,0
3022,20420,4382.97,0
3023,13545,2146.95,1
3024,9924,821.23,0
3025,7710,3371.63,0
3026,558,2390.02,1
3027,22611,352.47,0
3028,8922,1137.28,0
3029,29648,1544.89,0
3030,18507,4068.47,0
3031,2676,2277.61,1
3032,5174,4076.3,1
3033,15439,3613.54,0
3034,2348,3558.65,0
3035,9666,2926.51,0
3036,22954,2330.14,0
3037,34300,1047.71,1
3038,25712,512.28,0
3039,25620,4433.76,0
3040,128,4527.01,0
3041,5308,819.33,1
3042,13102,3001.79,1
3043,19589,3636.15,0
3044,8701,1072.75,1
3045,13188,2178.63,1
3046,11292,134.42,1
3047,14162,3699.8,0
3048,11388,171.84,0
3049,19260,4374.95,1
3050,6039,4012.8,0
3051,31628,3318.03,1
3052,23694,1131.17,0
3053,3443,3641.51,1
3054,32788,2673.4,1
3055,13530,1294.91,0
3056,8729,4050.94,1
3057,7396,1877.7,0
3058,27479,116.69,0
3059,17586,3082.71,1
3060,32344,3976.68,1
3061,26641,2911.06,1
3062,17029,3218.06,1
3063,10185,1565.17,1
3064,1280,1661.48,0
3065,32044,2703.97,1
3066,18957,602.35,0
3067,31005,4879.15,0
3068,19395,532.25,1
3069,12730,3349.59,0
3070,4568,385.78,1
3071,13242,2585.91,1
3072,15151,4301.41,0
3073,7313,3717.38,1
3074,33938,1651.49,0
3075,4117,4754.01,0
3076,20664,3160.54,0
3077,30810,4187.14,1
3078,25246,1781.22,1
3079,19713,4600.19,1
3080,13268,296.57,0
3081,24574,4736.58,1
3082,17168,790.94,1
3083,3696,2363.25,0
3084,12629,2376.01,1
3085,7266,926.31,1
3086,29255,4954.96,1
3087,5256,1605.54,1
3088,26062,702.98,0
3089,10653,816.47,1
3090,33876,1811.36,1
3091,27775,3952.25,0
3092,27784,1799.72,1
3093,7903,2055.01,0
3094,16640,3547.64,0
3095,5285,223.54,0
3096,17082,3459.93,1
3097,13006,4621.28,1
3098,11061,1001.39,1
3099,22778,3035.86,0
3100,26354,624.65,1
3101,4222,4764.76,0
3102,33659,1040.48,0
3103,23963,2182.64,0
3104,31225,1849.14,0
3105,33411,4760.56,1
3106,15780,3218.63,1
3107,1676,1570.2,1
3108,15786,3341.27,1
3109,22700,4878.92,1
3110,14340,3450.77,1
3111,12579,3508.62,0
3112,5168,3068.34,1
3113,29581,341.69,1
3114,1265,3294.23,0
3115,33,1022.62,0
3116,8600,521.7,1
3117,22924,2265.74,1
3118,16243,1475.05,0
3119,6981,3136.14,0
3120,33913,3310.16,0
3121,11851,1724.51,1
3122,9663,4890.01,1
3123,28824,868.57,1
3124,33132,3463.67,1
3125,2851,208.82,1
3126,26519,1697.93,1
3127,6006,3482.06,1
3128,33738,4496.17,1
3129,8790,3326.32,1
3130,13696,4375.47,0
3131,15505,4997.22,0
3132,34763,4045.78,1
3133,3360,3325.86,1
3134,2861,1527.59,1
3135,31465,4673.81,0
3136,19577,1678.45,1
3137,3394,2838.63,1
3138,26483,2095.2,0
3139,3284,1166.81,1
3140,20816,2649.59,0
3141,1734,2353.76,1
3142,27964,4007.44,1
3143,16133,2155.18,1
3144,15408,4589.86,1
3145,8746,1077.49,1
3146,26125,2434.3,1
3147,29430,1076.78,0
3148,29747,3352.64,1
3149,29663,3789.26,0
3150,31866,662.09,0
3151,26627,1288.81,0
3152,34710,4965.46,1
3153,13357,4622.61,1
3154,30222,2685.55,0
3155,16425,3659.38,1
3156,28728,1761.85,0
3157,15872,4809.35,0
3158,34918,1936.42,1
3159,12225,820.73,1
3160,18451,3981.11,0
3161,7254,1605.88,1
3162,19193,4148.45,1
3163,18152,785.09,1
3164,13887,1421.77,0
3165,22911,4444.24,0
3166,15033,4707.87,1
3167,19156,4756.54,1
3168,29772,1100.35,1
3169,20643,1037.65,1
3170,21092,4282.75,1
3171,13724,2892.01,0
3172,19520,2717.46,0
3173,26511,4257.5,0
3174,34280,528.19,0
3175,18942,2152.94,1
3176,33177,187.97,1
3177,4334,1377.01,1
3178,15983,1063.17,1
3179,13990,944.64,1
3180,10207,2248.26,1
3181,14757,1424.42,1
3182,28804,3489.26,0
3183,23153,4450.24,1
3184,1671,1189.87,1
3185,13483,3775.94,1
3186,2555,1660.55,0
3187,23706,2790.76,0
3188,34524,3690.32,0
3189,31217,978.75,0
3190,25955,4412.36,0
3191,7542,4660.1,0
3192,26956,3488.34,0
3193,23160,3289.09,0
3194,5670,1825.06,1
3195,16590,4153.52,0
3196,7149,3361.19,0
3197,21706,4022.41,1
3198,15658,1622.37,1
3199,2785,4721.51,0
3200,1075,3412.56,1
3201,25415,3022.3,0
3202,13660,3242.7,1
3203,9449,2559.68,0
3204,9519,2082.14,1
3205,34186,1968.52,0
3206,15048,977.89,1
3207,14997,466.75,0
3208,2792,4291.11,1
3209,5496,1631.15,0
3210,22381,2723.27,0
3211,17840,4287.12,0
3212,27186,2357.66,0
3213,5186,924.63,0
3214,20461,173.32,0
3215,5804,3992.33,0
3216,14209,4278.11,1
3217,15514,2861.42,1
3218,12087,2464.52,0
3219,3005,2554.69,1
3220,2824,2866.24,0
3221,5888,3955.4,0
3222,435,3248.68,0
3223,8679,331.13,0
3224,7425,2647.35,0
3225,8984,2175.94,0
3226,12101,1662.77,1
3227,18110,180.61,0
3228,24045,2064.03,0
3229,20411,1031.41,1
3230,14456,2822.15,0
3231,5742,2284.21,0
3232,19792,449.84,0
3233,32777,4268.67,0
3234,27766,3842.53,1
3235,20675,2834.82,0
3236,5842,2875.59,0
3237,13567,2793.89,1
3238,2737,4647.83,0
3239,15329,3821.09,1
3240,11833,567.92,1
3241,15911,2846.99,1
3242,3612,3402.2,0
3243,33301,2628.86,1
3244,13780,1259.41,0
3245,15877,4832.15,1
3246,12599,1413.01,0
3247,31908,1282.57,0
3248,28342,3514.55,1
3249,1115,4913.24,0
3250,8059,3364.26,0
3251,11004,2965.52,0
3252,33518,1961.15,1
3253,15989,1304.58,1
3254,8447,4744.74,1
3255,26262,2840.75,0
3256,5002,4392.11,1
3257,9568,3585.45,1
3258,16907,2638.03,1
3259,2718,256.53,0
3260,1723,2612.62,0
3261,27248,1228.5,1
3262,23964,220.14,1
3263,19666,3278.09,0
3264,10784,226.84,0
3265,27958,486.54,0
3266,26220,3382.63,1
3267,8365,770.06,0
3268,30337,2183.81,1
3269,7983,2298.18,0
3270,31775,2039.48,0
3271,31033,2237.44,0
3272,6872,4752.05,0
3273,23936,1199.61,0
3274,25817,337.34,0
3275,1174,686.2,0
3276,4214,3278.15,0
3277,33632,1190.52,0
3278,14297,1733.66,0
3279,19830,2432.21,1
3280,6000,1757.73,0
3281,16233,665.6,1
3282,25520,650.49,0
3283,3511,1695.45,1
3284,6050,3247.01,1
3285,6969,1435.47,1
3286,16239,4933.38,1
3287,6365,4433.37,0
3288,1370,2106.97,1
3289,20194,4080.2,1
3290,20889,337.05,1
3291,24514,2385.71,1
3292,6651,3244.71,0
3293,9136,4327.87,1
3294,33077,4002.17,1
3295,15017,4554.93,1
3296,7723,1801.6,0
3297,20165,270.77,0
3298,1226,2067.28,1
3299,9628,1489.95,0
3300,2379,1229.02,0
3301,15700,1586.66,1
3302,33588,1401.59,1
3303,16133,1411.85,0
3304,19704,3940.5,0
3305,12137,1520.63,0
3306,18316,2486.07,1
3307,28188,3200.37,0
3308,2077,1519.92,1
3309,11920,1086.37,1
3310,19018,1765.71,1
3311,28828,664.48,0
3312,7649,3864.26,0
3313,16787,2530.22,1
3314,11587,4510.19,1
3315,32794,1819.8,1
3316,30900,110.16,1
3317,12886,3161.49,1
3318,9737,578.93,0
3319,23290,485.8,1
3320,17020,1391.87,0
3321,23662,977.32,0
3322,7081,3868.06,0
3323,28014,4849.22,0
3324,3522,3791.8,0
3325,33179,551.01,1
3326,18852,1525.08,1
3327,33712,670.46,0
3328,25637,1480.37,0
3329,5900,916.6,0
3330,25858,2232.75,0
3331,28225,1070.09,1
3332,7756,4668.18,1
3333,23948,1541.08,0
3334,22181,4708.36,0
3335,5573,3860.35,1
3336,2460,2022.11,0
3337,17534,3932.69,0
3338,29028,734.66,1
3339,32051,769.19,1
3340,13772,2709.59,0
3341,29759,1150.34,0
3342,773,1302.89,1
3343,30582,1644.86,0
3344,2839,3646.31,0
3345,19022,4021.16,0
3346,28653,4951.32,1
3347,10121,2790.86,1
3348,17343,2722.09,1
3349,16927,4261.57,1
3350,1870,266.37,1
3351,15193,1184.59,0
3352,9172,4803.44,1
3353,34685,3629.88,1
3354,500,2041.44,1
3355,30821,2184.74,0
3356,3148,2645.78,0
3357,12188,908.3,1
3358,34224,4104.82,1
3359,24499,3540.24,1
3360,12416,860.3,0
3361,31764,2562.6,0
3362,22475,2554.48,1
3363,20865,4253.74,0
3364,33692,1772.84,1
3365,14355,4668.21,0
3366,15921,4280.9,1
3367,14095,1189.53,1
3368,30475,2542.58,0
3369,4013,3322.87,1
3370,17761,2534.8,1
3371,13915,4155.3,0
3372,9483,2946.86,0
3373,32360,1395.76,0
3374,25400,2488.13,1
3375,2572,2936.38,1
3376,33812,3636.44,1
3377,28710,3092.15,1
3378,11222,2980.07,1
3379,22533,1732.25,1
3380,15736,262.9,1
3381,11078,4942.6,1
3382,107,1723.45,0
3383,5102,2509.32,0
3384,5992,1622.7,1
3385,17279,4559.06,0
3386,7820,2842.01,0
3387,6394,4599.1,0
3388,13717,2494.94,0
3389,16214,2759.62,0
3390,21988,2122.85,1
3391,26302,2117.92,1
3392,2297,1688.96,0
3393,8135,3598.93,1
3394,16516,3867.78,1
3395,23173,2940.29,1
3396,22683,2403.79,1
3397,28146,2341.46,0
3398,7851,1268.44,1
3399,32630,1017.75,0
3400,33049,3845.52,1
3401,27488,535.66,1
3402,34631,3254.51,0
3403,11579,4083.17,1
3404,28565,1986.93,1
3405,23271,4825.87,0
3406,17911,2471.9,1
3407,29513,1850.91,1
3408,18304,3269.73,0
3409,12799,999.73,0
3410,18713,1131.32,0
3411,4053,351.51,1
3412,32433,693.41,0
3413,15991,4442.44,0
3414,10388,1968.43,1
3415,11760,2879.99,0
3416,44,3360.71,0
3417,28443,1852.66,1
3418,26425,2942.81,0
3419,17053,2343.05,0
3420,2113,2418.33,1
3421,23730,2515.34,0
3422,5625,3871.54,0
3423,23821,2349.75,1
3424,2367,4605.06,1
3425,17611,3172.42,1
3426,30883,1676.06,1
3427,7574,166.25,1
3428,2682,3400.06,0
3429,26220,630.16,0
3430,13085,3319.85,1
3431,27277,4986.27,0
3432,3705,1692.35,0
3433,30634,1521.98,0
3434,949,2783.95,0
3435,9463,3447.94,0
3436,12654,4045.66,0
3437,17311,2416.31,1
3438,15144,1751.54,1
3439,1176,4424.92,1
3440,32699,4108.84,1
3441,14806,1268.37,1
3442,10987,2723.21,0
3443,12827,2346.96,0
3444,11153,3807.44,0
3445,31530,3646.69,1
3446,15848,4567.92,0
3447,19443,587.44,1
3448,21498,3676.61,1
3449,11098,1624.74,1
3450,14721,930.08,0
3451,27775,1187.81,0
3452,13595,1598.0,1
3453,18456,4738.82,1
3454,18728,4236.74,1
3455,12130,3537.99,1
3456,33931,437.07,1
3457,25660,4288.07,1
3458,28871,1082.31,0
3459,8927,4806.71,0
3460,6938,1585.84,0
3461,26489,2678.97,1
3462,17115,2235.69,1
3463,15271,1560.59,1
3464,16380,2165.37,0
3465,13390,1155.73,0
3466,15424,3348.53,0
3467,27722,2564.31,0
3468,18935,1141.1,0
3469,22023,2899.27,1
3470,18456,1263.24,1
3471,33973,1739.72,1
3472,34740,4775.86,1
3473,485,3954.88,0
3474,187,209.44,0
3475,34978,2091.3,0
3476,14160,979.09,1
3477,29812,4462.93,1
3478,33531,4618.16,0
3479,32499,2035.42,0
3480,2925,1655.59,0
3481,4587,3976.43,1
3482,11808,4902.45,0
3483,22546,2869.46,1
3484,4534,475.69,0
3485,13786,4930.26,0
3486,10979,765.32,1
3487,9765,4853.99,1
3488,28126,1199.62,1
3489,24012,1264.69,0
3490,9961,4474.03,0
3491,21503,1400.57,0
3492,11654,1221.91,0
3493,29181,161.92,1
3494,15915,2707.49,0
3495,135,4721.72,1
3496,13116,1304.97,1
3497,13917,3597.28,1
3498,3325,3926.61,0
3499,11914,2632.36,0
3500,30410,1099.91,1
3501,18273,4592.6,0
3502,21982,227.28,1
3503,27530,283.19,1
3504,6932,1564.02,0
3505,24525,4759.85,0
3506,20993,1027.46,1
3507,15397,802.94,0
3508,11099,1273.04,0
3509,8204,4529.94,1
3510,30462,4029.16,0
3511,3342,288.14,0
3512,23156,407.96,1
3513,20598,4622.21,0
3514,22745,4878.85,0
3515,48,3040.83,1
3516,25774,728.04,1
3517,27792,2974.29,0
3518,10214,3810.72,1
3519,23102,3736.13,1
3520,8079,1977.72,1
3521,12553,2253.1,1
3522,26055,4466.45,0
3523,27246,184.53,0
3524,2066,2124.96,0
3525,17936,4036.52,1
3526,9691,1494.5,1
3527,24372,3006.04,1
3528,29598,563.71,0
3529,27109,1496.96,1
3530,34746,622.0,0
3531,21317,4855.2,0
3532,10697,2248.83,0
3533,33227,4411.81,1
3534,19318,3266.92,0
3535,28862,3042.28,1
3536,26566,1109.47,1
3537,23561,222.78,1
3538,13412,854.75,1
3539,26545,2751.83,0
3540,26618,3891.13,1
3541,20040,533.45,1
3542,6186,4306.29,0
3543,33460,3561.68,1
3544,10870,1829.64,1
3545,21094,4490.87,0
3546,32394,668.79,1
3547,8323,1824.35,0
3548,20660,596.75,1
3549,33512,1137.38,0
3550,7173,1649.17,0
3551,19156,2843.35,1
3552,17848,3640.32,0
3553,6299,1605.88,1
3554,14366,2441.53,0
3555,5172,472.5,1
3556,18947,1160.49,1
3557,19333,450.98,1
3558,6475,2046.01,0
3559,11790,255.46,0
3560,22290,4934.84,0
3561,20186,3618.49,0
3562,33185,2361.72,1
3563,7397,4720.39,0
3564,3205,429.22,0
3565,29495,3523.24,1
3566,2174,3644.91,0
3567,34254,4293.86,0
3568,12193,1775.88,1
3569,7177,1583.81,1
3570,5992,4305.41,0
3571,33323,4280.01,0
3572,31062,3792.01,1
3573,8088,3842.19,1
3574,32062,3618.93,1
3575,20989,889.57,1
3576,29036,3090.0,1
3577,21303,2264.62,1
3578,19719,370.0,1
3579,31988,3928.1,1
3580,11641,2974.83,1
3581,14184,1086.89,1
3582,20220,3134.06,1
3583,16204,1628.01,0
3584,12243,4838.45,0
3585,9734,4420.26,0
3586,10109,3278.67,1
3587,28478,818.11,1
3588,5049,4330.11,0
3589,30635,2238.04,1
3590,12399,2555.44,0
3591,23244,4791.92,1
3592,33650,4842.4,0
3593,5280,641.44,0
3594,26697,1390.33,0
3595,29605,2403.11,1
3596,2601,807.49,1
3597,30318,2254.37,1
3598,13067,4167.01,1
3599,31044,1790.52,1
3600,9584,3943.76,0
3601,2078,1674.74,0
3602,30206,1526.07,0
3603,9176,1922.09,1
3604,3765,4368.85,1
3605,10740,2937.71,1
3606,24323,4056.89,1
3607,15206,4421.54,0
3608,32699,4020.05,1
3609,26960,1624.43,0
3610,11943,1043.85,1
3611,29154,4610.7,0
3612,15757,2874.53,1
3613,14200,897.51,0
3614,32543,1753.13,1
3615,14927,305.75,0
3616,31153,1003.82,0
3617,5252,140.41,0
3618,33308,1475.35,1
3619,13410,1290.34,0
3620,10820,403.01,1
3621,31382,3797.47,0
3622,8002,1691.73,1
3623,3354,1239.17,0
3624,19301,3947.49,0
3625,4401,2945.1,1
3626,17162,776.8,1
3627,1345,3003.68,1
3628,28051,222.05,0
3629,12181,4325.21,1
3630,3617,4127.02,1
3631,18352,2840.59,1
3632,17195,3362.98,1
3633,26199,2126.5,0
3634,3419,3994.53,1
3635,476,334.32,0
3636,2970,3159.79,0
3637,4415,1388.41,0
3638,19834,586.95,0
3639,20105,2775.43,0
3640,3062,824.88,0
3641,6951,4679.84,1
3642,17877,1457.61,1
3643,4376,4234.7,0
3644,22750,1131.85,1
3645,9587,4486.56,0
3646,30839,1832.08,0
3647,33797,4829.29,0
3648,28741,772.08,0
3649,23021,689.07,0
3650,21505,3256.52,1
3651,33759,1866.02,0
3652,12777,851.68,0
3653,27445,1521.98,0
3654,25879,3633.38,0
3655,15838,3048.47,0
3656,23291,3807.46,0
3657,18829,4843.68,0
3658,31208,109.38,0
3659,4412,953.46,0
3660,14719,2947.57,0
3661,26394,4127.87,0
3662,34757,1812.35,0
3663,11057,1164.83,1
3664,32636,3030.38,0
3665,24562,3955.81,1
3666,14001,3176.86,1
3667,18758,2369.08,1
3668,30073,4080.12,1
3669,18840,3091.74,1
3670,1934,2112.81,1
3671,10829,571.51,0
3672,32774,4490.18,1
3673,12539,3328.19,1
3674,2856,812.41,0
3675,6662,4527.5,1
3676,24465,243.68,0
3677,29840,3308.63,1
3678,34942,1709.38,1
3679,17357,3795.78,1
3680,13165,2715.41,1
3681,6735,1686.67,0
3682,19286,389.71,0
3683,23177,195.36,1
3684,33704,834.27,0
3685,9215,2742.81,1
3686,21995,2045.29,1
3687,15926,4005.28,1
3688,19620,1659.91,1
3689,18218,1957.08,0
3690,15787,786.67,1
3691,28895,4239.27,1
3692,4357,3114.87,0
3693,33372,1466.21,0
3694,22019,2054.24,1
3695,9112,3474.19,1
3696,7005,3490.95,1
3697,25088,4560.81,0
3698,24514,4627.6,0
3699,20388,2219.17,0
3700,21020,1025.06,1
3701,23544,371.12,1
3702,27060,893.68,0
3703,15425,168.51,0
3704,22900,1522.79,0
3705,34823,960.41,1
3706,6287,1300.83,0
3707,1707,1431.58,0
3708,16959,3769.33,1
3709,5790,1922.38,1
3710,26015,1104.35,1
3711,9420,3125.6,0
3712,22632,1930.98,0
3713,33218,1597.35,0
3714,27798,3654.9,0
3715,6141,755.8,0
3716,4126,3547.68,0
3717,28232,3950.67,1
3718,7366,356.42,1
3719,28841,4584.35,0
3720,22414,4503.18,1
3721,530,665.09,0
3722,20142,1068.19,0
3723,7368,1139.51,0
3724,5482,1630.96,1
3725,11223,4943.65,0
3726,26682,4948.2,0
3727,10350,817.47,1
3728,1880,2010.61,0
3729,34214,600.66,1
3730,19339,4536.03,1
3731,25680,2058.98,1
3732,6086,3379.04,0
3733,29477,1750.99,1
3734,30010,4049.58,1
3735,28521,2744.38,1
3736,24610,1336.05,0
3737,3528,2856.0,1
3738,29704,2098.9,0
3739,3156,3257.71,0
3740,28989,1698.36,1
3741,1916,1299.76,1
3742,15961,3798.89,1
3743,32200,1210.52,0
3744,27936,2869.33,1
3745,8902,4276.8,0
3746,3616,3578.01,1
3747,31133,1927.32,0
3748,5295,337.13,0
3749,91,2343.56,0
3750,4698,698.56,1
3751,9075,3958.19,0
3752,9719,3370.08,1
3753,10344,1691.1,1
3754,31744,1272.05,1
3755,13168,2609.96,0
3756,7728,3485.14,0
3757,487,180.23,0
3758,29387,262.21,0
3759,7691,309.72,1
3760,26167,295.19,1
3761,19016,4929.83,1
3762,12446,2462.1,0
3763,23739,509.1,1
3764,31846,311.27,1
3765,13382,4068.12,0
3766,24662,2406.19,1
3767,30308,1630.78,0
3768,6877,2210.82,0
3769,9988,2786.02,0
3770,24208,153.37,0
3771,31811,3933.96,0
3772,5469,3092.91,0
3773,17243,1968.66,1
3774,18046,4342.79,1
3775,5245,1374.39,0
3776,25635,4484.01,0
3777,13814,1567.96,1
3778,25445,755.09,1
3779,14052,145.82,1
3780,13423,1079.14,1
3781,5808,3569.63,0
3782,21768,4685.78,1
3783,13616,1403.99,1
3784,10073,2996.27,0
3785,20486,4132.32,1
3786,1641,1928.47,0
3787,15550,3453.56,1
3788,20287,1486.92,0
3789,25402,137.56,0
3790,25512,2061.19,0
3791,27738,3895.26,1
3792,19094,4770.35,0
3793,27310,3225.75,1
3794,14100,1119.8,0
3795,3278,526.32,1
3796,31476,4439.94,1
3797,12663,638.13,0
3798,31338,2906.84,1
3799,33216,3111.48,0
3800,5618,4103.74,1
3801,24054,1392.55,0
3802,1903,1846.34,1
3803,25203,590.85,0
3804,29797,836.1,1
3805,12571,1850.16,1
3806,130,596.74,1
3807,8588,3813.52,0
3808,1060,2161.59,0
3809,4169,171.28,0
3810,30121,1964.97,1
3811,9949,1142.51,1
3812,17913,1860.35,1
3813,10573,1323.94,1
3814,24673,2191.9,0
3815,21643,418.28,1
3816,28759,2932.51,0
3817,18423,1542.32,1
3818,1356,817.8,1
3819,28518,3105.73,1
3820,33057,3506.99,1
3821,22700,3642.63,0
3822,1197,530.66,0
3823,30399,1523.14,1
3824,1731,3842.09,0
3825,32667,1359.6,1
3826,32223,418.64,1
3827,21171,397.19,1
3828,34799,2241.49,0
3829,14401,3676.63,1
3830,11853,2151.89,0
3831,26101,4911.71,0
3832,19395,2527.54,1
3833,22187,3796.96,1
3834,5287,2345.43,1
3835,5942,3290.23,0
3836,15111,2515.91,0
3837,20729,3929.94,0
3838,14997,1837.84,1
3839,19921,2662.14,1
3840,26326,3229.05,0
3841,21177,1330.23,0
3842,29218,384.02,1
3843,28701,3023.12,1
3844,28350,2239.38,0
3845,11902,3818.74,1
3846,1828,224.67,1
3847,22722,4127.57,0
3848,10377,4233.36,0
3849,16960,2902.88,1
3850,612,1685.21,1
3851,27163,2880.83,0
3852,15433,2620.72,1
3853,20806,187.76,0
3854,34776,4353.2,0
3855,32391,1341.8,0
3856,20861,1160.35,1
3857,26143,606.24,0
3858,437,3704.35,1
3859,22256,2534.48,0
3860,29966,1739.6,1
3861,26081,4413.7,0
3862,12632,3813.81,1
3863,6275,293.31,0
3864,29224,1530.94,0
3865,2105,2302.85,1
3866,26705,4193.51,0
3867,12742,4421.3,1
3868,27259,3429.89,0
3869,2362,403.36,0
3870,34230,2287.0,0
3871,33215,4514.3,0
3872,14185,282.17,1
3873,18377,1163.74,0
3874,32082,322.65,1
3875,16565,159.86,1
3876,23049,435.35,1
3877,31124,3014.3,0
3878,17834,4413.03,0
3879,4316,2203.47,0
3880,20099,2866.5,0
3881,18567,3049.74,0
3882,25182,4812.67,0
3883,11438,902.14,1
3884,25102,2301.61,1
3885,30457,4479.93,1
3886,16422,4563.05,0
3887,18265,4400.35,1
3888,4276,4493.54,1
3889,10339,2407.32,0
3890,20803,375.65,1
3891,27315,4926.27,1
3892,9922,1066.04,0
3893,20555,463.27,0
3894,16808,4961.8,0
3895,11278,3060.57,0
3896,4320,2310.75,0
3897,34490,1692.46,1
3898,7501,3110.57,0
3899,19181,2660.07,1
3900,22136,3709.21,1
3901,3424,114.02,1
3902,2725,3471.56,0
3903,33665,2299.66,0
3904,20304,1213.77,0
3905,31832,3404.64,1
3906,29631,4447.26,1
3907,34600,3423.17,1
3908,11674,303.31,0
3909,23514,2036.64,1
3910,17752,3948.59,0
3911,13783,2667.46,1
3912,21996,1756.26,1
3913,33431,3162.13,1
3914,16051,2557.53,1
3915,21521,3117.03,0
3916,16657,3645.23,0
3917,26932,3046.5,1
3918,1233,1772.8,0
3919,15967,3404.54,0
3920,11161,3683.02,0
3921,15643,4091.04,1
3922,28907,3020.47,1
3923,22505,2466.42,1
3924,8408,972.0,1
3925,12156,583.95,0
3926,13900,2610.43,1
3927,30834,1152.22,0
3928,3675,4972.27,0
3929,19186,1726.7,1
3930,7143,2313.31,1
3931,6329,1558.34,1
3932,26791,4957.25,0
3933,23854,2693.63,1
3934,18922,4214.09,1
3935,1561,3348.51,0
3936,8835,1191.77,1
3937,992,4882.2,0
3938,2599,1876.59,1
3939,283,4520.83,1
3940,31391,442.3,1
3941,19575,601.64,0
3942,4641,1454.67,1
3943,20752,4750.7,1
3944,13866,3240.07,0
3945,7308,2908.61,0
3946,15503,3254.49,0
3947,19311,2318.58,1
3948,33523,232.86,0
3949,31792,4910.17,0
3950,17099,2919.29,1
3951,25699,330.9,0
3952,13635,1687.16,1
3953,24454,3813.36,1
3954,27657,4600.13,1
3955,22073,2349.2,0
3956,27942,4738.88,0
3957,23363,4950.6,1
3958,13039,1593.34,1
3959,22326,2715.85,1
3960,14698,1841.22,1
3961,24422,1072.64,1
3962,4444,3679.27,1
3963,20686,4642.17,0
3964,3787,2488.11,1
3965,23337,1684.2,0
3966,16717,462.48,1
3967,108,419.45,1
3968,33038,4863.63,1
3969,11760,2759.83,1
3970,29709,417.78,1
3971,18738,3942.22,1
3972,13607,946.8,1
3973,5234,2969.96,1
3974,32078,3255.03,0
3975,26988,4032.25,0
3976,31067,4809.38,1
3977,34077,2855.52,0
3978,23210,848.15,1
3979,20817,3208.54,0
3980,7963,412.43,1
3981,29962,3322.54,1
3982,1845,351.74,0
3983,28512,2539.73,1
3984,1708,408.09,1
3985,30522,3486.62,0
3986,18229,3047.44,0
3987,6562,4284.2,1
3988,17063,2391.28,0
3989,31124,4731.14,0
3990,15806,1812.13,0
3991,15893,2398.13,1
3992,20159,4931.4,0
3993,11818,4814.93,0
3994,28635,2442.03,0
3995,19717,1869.31,0
3996,27863,3096.94,1
3997,2170,4955.61,1
3998,8658,4930.83,0
3999,19288,1388.51,1
4000,27623,1096.34,1
4001,20232,4278.08,0
4002,7799,4330.57,0
4003,9909,3040.42,0
4004,6075,405.0,1
4005,8899,417.81,0
4006,34107,3337.76,0
4007,3703,4566.71,1
4008,13994,450.88,1
4009,22254,3284.65,1
4010,11146,2418.5,1
4011,13478,1665.46,0
4012,28961,4095.84,1
4013,31319,295.45,0
4014,30192,2977.32,1
4015,858,4834.98,1
4016,1097,1634.21,1
4017,2130,116.25,0
4018,735,3845.55,0
4019,13216,137.53,1
4020,23016,2136.58,1
4021,34968,4007.48,0
4022,29753,3624.82,1
4023,6663,2064.3,0
4024,8384,651.86,1
4025,5227,3033.36,1
4026,22576,1789.07,0
4027,16716,1693.44,1
4028,19350,370.64,1
4029,23510,2561.15,1
4030,9195,2460.23,1
4031,4211,2311.04,0
4032,19737,4768.79,0
4033,7085,4931.54,0
4034,22465,3140.86,0
4035,5079,2260.52,1
4036,22817,2205.23,1
4037,29676,4984.41,0
4038,34658,4342.21,1
4039,4216,4798.26,0
4040,10843,813.18,0
4041,21535,4712.56,0
4042,26176,4933.35,0
4043,24356,1040.52,1
4044,34547,3872.35,0
4045,14959,4730.49,0
4046,9168,1940.6,0
4047,3928,3814.29,1
4048,5439,3110.92,0
4049,31460,2526.93,0
4050,31278,1395.04,1
4051,18208,4472.48,0
4052,1352,3990.28,1
4053,143,1941.66,1
4054,24446,1672.8,0
4055,29728,2460.24,1
4056,4405,1884.4,0
4057,27219,2268.59,0
4058,27908,690.82,0
4059,27171,1433.06,1
4060,14501,2855.04,1
4061,8489,3849.41,1
4062,24692,2310.12,0
4063,15108,4161.38,1
4064,18177,1818.23,0
4065,3019,620.31,0
4066,31288,4428.32,0
4067,28642,2863.18,0
4068,28618,908.77,1
4069,13749,4154.44,0
4070,29610,2108.86,0
4071,8025,3209.05,1
4072,26518,4973.32,1
4073,14248,762.66,1
4074,23261,252.13,1
4075,4397,3501.42,0
4076,2359,1680.82,1
4077,9993,1512.39,0
4078,2350,2324.66,1
4079,30363,546.92,0
4080,33660,3022.03,0
4081,6546,1391.77,0
4082,29873,2065.58,1
4083,19696,1795.56,0
4084,10764,352.75,0
4085,14019,1558.59,1
4086,12842,910.96,1
4087,5548,2654.57,0
4088,19684,3736.1,1
4089,34624,3057.96,1
4090,19454,2858.67,1
4091,125,3172.25,0
4092,34185,1010.0,1
4093,28297,1898.24,1
4094,18418,731.72,1
4095,28511,4346.91,1
4096,21587,2461.34,0
4097,28889,4753.84,1
4098,24199,336.44,0
4099,13765,2993.2,0
4100,31525,2655.87,0
4101,18062,3356.25,1
4102,229,1638.28,1
4103,13810,2318.03,1
4104,6231,4829.47,0
4105,5024,4467.07,1
4106,34094,3344.41,1
4107,22296,3880.34,0
4108,11740,3163.79,0
4109,33749,2282.49,1
4110,2585,2729.3,1
4111,1753,2775.02,0
4112,17483,514.33,0
4113,12000,376.93,1
4114,22681,3956.79,0
4115,3732,4000.81,1
4116,34440,320.45,0
4117,14644,4352.51,1
4118,25650,4103.68,1
4119,23398,2361.34,1
4120,5910,2163.78,0
4121,14930,2746.65,1
4122,26011,1488.83,0
4123,9835,1970.55,0
4124,17237,2197.34,1
4125,27344,4187.92,0
4126,24592,3936.93,0
4127,20797,4409.27,0
4128,11233,4490.89,1
4129,6985,4736.21,1
4130,19755,2236.83,1
4131,3831,4504.53,0
4132,12676,2793.73,1
4133,1331,803.04,0
4134,8532,2642.06,0
4135,23936,2750.93,0
4136,33408,4313.5,0
4137,18289,4560.66,0
4138,6544,3311.12,0
4139,4644,1811.62,0
4140,17227,4141.56,0
4141,26747,3766.92,0
4142,10503,2405.02,1
4143,7258,841.51,1
4144,604,3293.83,0
4145,29823,2686.25,1
4146,33004,3988.8,0
4147,12796,4128.23,1
4148,4172,533.66,0
4149,7715,816.26,1
4150,31005,2105.22,1
4151,377,2122.59,1
4152,21554,4144.69,1
4153,6448,2323.73,0
4154,2202,4017.91,1
4155,2417,2154.31,0
4156,7937,2166.87,0
4157,17882,1044.04,0
4158,26051,1435.78,0
4159,11325,3598.34,0
4160,4642,4802.37,0
4161,23237,2062.71,1
4162,13690,1432.68,1
4163,33645,4097.19,0
4164,20052,336.47,0
4165,15585,1433.54,0
4166,30464,2235.48,1
4167,14704,426.43,1
4168,4237,4656.49,0
4169,25380,4461.79,1
4170,17312,1729.11,0
4171,4378,1143.72,0
4172,23529,2629.35,1
4173,34390,4177.32,0
4174,26592,580.78,1
4175,6933,1551.44,1
4176,34294,1878.03,0
4177,10125,1066.26,1
4178,7344,1319.45,0
4179,11389,3357.11,1
4180,12152,4251.01,1
4181,8023,510.48,1
4182,15681,644.43,0
4183,23432,1665.3,1
4184,29566,4175.7,0
4185,15932,3764.99,1
4186,11189,4896.7,1
4187,5805,1494.64,0
4188,34804,3614.81,1
4189,23786,4323.37,1
4190,32904,3587.9,0
4191,28147,3020.01,1
4192,30436,295.27,0
4193,2685,4829.17,1
4194,20548,3096.01,0
4195,5434,3784.13,0
4196,28156,4659.83,1
4197,4482,210.18,1
4198,19319,2122.54,1
4199,19449,3135.97,0
4200,1815,3033.24,0
4201,32984,4048.29,0
4202,7375,3956.8,0
4203,25287,735.0,1
4204,23938,2421.42,1
4205,9454,2476.99,0
4206,9411,2429.33,0
4207,17342,1138.81,0
4208,16631,1420.11,0
4209,18593,3628.08,1
4210,23118,3240.79,1
4211,31478,4217.14,1
4212,28754,3185.65,0
4213,5952,2899.88,0
4214,24581,380.07,0
4215,34936,1616.82,0
4216,5299,137.5,0
4217,15411,2395.47,0
4218,17405,4427.97,0
4219,32100,1864.85,0
4220,26387,1494.38,1
4221,17230,3039.36,1
4222,26906,513.55,0
4223,24825,1737.6,1
4224,11044,410.24,0
4225,20111,2994.37,0
4226,20966,1738.21,1
4227,1174,3562.29,0
4228,27259,2452.62,1
4229,23252,1612.2,1
4230,11157,3110.63,0
4231,8686,2350.89,0
4232,34757,4511.83,0
4233,2670,3206.06,0
4234,1799,132.33,1
4235,19942,1352.96,0
4236,22019,1472.77,0
4237,3115,1849.95,0
4238,915,2157.13,1
4239,2017,3281.6,0
4240,17366,2851.46,0
4241,3511,501.42,0
4242,24151,1407.62,0
4243,14024,3334.38,0
4244,26870,1639.98,0
4245,10510,1707.96,1
4246,6934,1119.52,0
4247,9468,1970.29,0
4248,33544,4503.9,1
4249,4906,2923.97,0
4250,17546,2255.42,1
4251,32095,1224.36,0
4252,23284,3091.47,0
4253,34097,1551.52,0
4254,2659,216.83,1
4255,2325,1271.55,1
4256,12659,3437.24,1
4257,29699,4752.53,0
4258,32737,3222.44,0
4259,23961,1679.75,1
4260,6545,4251.95,1
4261,31848,732.41,0
4262,4437,1399.96,1
4263,27848,1839.71,1
4264,31919,675.51,1
4265,32021,742.43,1
4266,15174,4295.02,1
4267,17568,532.17,1
4268,22428,1772.47,1
4269,4468,605.03,0
4270,17663,1189.33,1
4271,19948,623.97,0
4272,11059,3813.78,1
4273,21806,4210.45,0
4274,4881,4267.72,0
4275,20125,3572.14,0
4276,9288,4050.37,1
4277,18258,4041.29,0
4278,15935,2818.45,0
4279,10638,4088.53,1
4280,27324,2306.31,1
4281,9069,4746.67,1
4282,486,1589.77,1
4283,21016,4737.79,1
4284,313,1461.86,1
4285,5381,3156.73,0
4286,16537,3913.27,0
4287,30884,3173.43,0
4288,32470,4353.59,0
4289,23501,3169.98,1
4290,16121,1267.78,1
4291,14779,1946.33,0
4292,7160,3110.02,1
4293,6715,1095.22,1
4294,8235,4772.3,0
4295,24621,4211.46,0
4296,31388,2193.42,1
4297,29417,4295.22,1
4298,1619,4381.4,1
4299,11601,4806.33,0
4300,27333,2049.97,1
4301,33189,964.5,1
4302,27986,1072.78,1
4303,3383,3991.37,0
4304,27936,527.11,1
4305,22450,4211.95,1
4306,2027,365.84,0
4307,1947,949.23,1
4308,25976,2951.61,0
4309,25978,1560.74,0
4310,30396,4775.51,1
4311,19665,3189.02,0
4312,7421,1968.59,0
4313,15742,1944.55,1
4314,31413,2237.1,1
4315,6141,3346.14,0
4316,22921,757.05,0
4317,967,2179.59,1
4318,33670,1037.36,0
4319,7344,3909.24,1
4320,3669,2941.86,0
4321,15380,1315.96,0
4322,14369,2413.13,1
4323,33847,682.06,1
4324,17273,3881.39,0
4325,10073,3954.59,0
4326,14094,2268.64,0
4327,22867,2778.62,0
4328,11176,780.8,0
4329,3860,1515.64,1
4330,12374,4169.85,0
4331,1167,148.79,0
4332,31801,4452.84,1
4333,27826,4400.2,1
4334,33010,4312.63,0
4335,20332,2683.7,0
4336,10662,4624.16,1
4337,14165,2274.71,1
4338,27275,4886.88,1
4339,26318,1827.9,1
4340,25251,3401.01,1
4341,1975,3227.46,1
4342,10738,3833.25,1
4343,34299,371.74,1
4344,7131,4707.27,0
4345,3044,3728.21,1
4346,5739,1627.39,0
4347,9307,4882.69,0
4348,34322,3468.09,1
4349,17031,2212.43,1
4350,17025,1219.31,1
4351,7634,721.14,1
4352,25812,743.33,1
4353,11001,3955.14,0
4354,8474,3098.39,1
4355,25758,2297.94,1
4356,19712,1535.96,0
4357,6994,862.41,0
4358,7173,1244.35,0
4359,3157,2991.33,1
4360,19545,2674.21,1
4361,27207,4214.95,0
4362,4419,342.53,0
4363,5592,1078.21,1
4364,13555,919.54,1
4365,3005,2570.0,0
4366,10578,4115.04,0
4367,8847,167.42,1
4368,5069,1993.3,0
4369,11412,198.58,0
4370,11830,292.51,0
4371,26302,1169.1,1
4372,22482,3519.16,0
4373,16495,3421.53,0
4374,21931,826.75,1
4375,2782,1350.22,0
4376,11826,977.72,1
4377,32144,4558.92,0
4378,14045,2572.73,1
4379,26796,1447.88,1
4380,29415,4978.25,0
4381,28256,3493.37,0
4382,25841,637.63,0
4383,23024,239.59,1
4384,13266,3280.22,0
4385,14695,3611.34,0
4386,32260,3951.7,0
4387,16579,2043.95,0
4388,16741,4282.06,1
4389,16383,1410.15,1
4390,33675,159.42,1
4391,15202,1042.29,0
4392,30489,1449.81,1
4393,24034,3819.02,0
4394,23600,376.44,1
4395,24416,3596.82,1
4396,18149,4704.53,0
4397,5263,1674.18,1
4398,757,3505.83,0
4399,32803,1095.07,1
4400,29769,3360.24,0
4401,27036,3653.85,1
4402,26027,2171.58,0
4403,26697,1461.93,0
4404,15093,3391.57,1
4405,13708,2718.32,0
4406,26027,1237.33,0
4407,2237,3669.59,0
4408,28574,3520.8,1
4409,32463,2793.98,1
4410,33268,546.45,1
4411,27222,3883.47,1
4412,31909,381.77,0
4413,23524,1735.98,1
4414,9117,2251.88,1
4415,23969,2541.53,0
4416,25375,4172.65,1
4417,11535,126.42,1
4418,19245,1163.85,1
4419,32513,1878.59,0
4420,17638,1581.38,0
4421,24446,3009.07,0
4422,14375,1364.52,1
4423,23793,3090.3,1
4424,25400,4917.85,0
4425,31961,3052.9,1
4426,21347,1819.84,0
4427,12710,4978.66,0
4428,12693,3335.17,1
4429,26614,2197.6,0
4430,8011,2280.33,1
4431,4907,2598.29,0
4432,24914,1586.05,0
4433,21913,3486.71,0
4434,28328,272.75,0
4435,20155,2412.1,0
4436,2105,1128.76,0
4437,1850,2081.18,1
4438,9994,249.89,0
4439,24860,3634.49,1
4440,24267,167.26,1
4441,24598,297.58,1
4442,34766,1739.22,1
4443,33387,1307.79,1
4444,6676,828.7,0
4445,20709,4193.15,1
4446,33108,4473.89,1
4447,26248,4621.92,1
4448,32330,4142.22,0
4449,19170,503.6,0
4450,23495,2458.31,1
4451,29353,2596.15,1
4452,4954,654.14,0
4453,25568,3767.05,1
4454,30812,104.1,0
4455,21221,2586.57,1
4456,24539,2789.72,1
4457,32493,4337.0,0
4458,31216,637.86,0
4459,18757,3849.53,1
4460,26796,4365.44,1
4461,19925,648.76,0
4462,32042,4793.67,0
4463,7229,2534.9,0
4464,3906,4979.51,1
4465,30483,1879.39,1
4466,32919,3638.89,0
4467,2721,4188.49,0
4468,25499,2227.45,0
4469,31616,2761.53,1
4470,7257,4844.89,1
4471,17140,3936.39,0
4472,12465,1537.06,1
4473,26004,3254.02,0
4474,29140,4231.85,1
4475,33005,3257.43,0
4476,31904,2506.16,1
4477,25823,1950.74,1
4478,4483,2748.1,0
4479,16556,1046.06,0
4480,31010,4010.92,0
4481,13298,3308.56,0
4482,11259,4064.69,0
4483,30606,948.46,1
4484,13660,4886.74,1
4485,19691,856.47,1
4486,33856,2513.88,1
4487,17204,3447.61,1
4488,4345,4204.63,1
4489,31057,2569.49,0
4490,30712,4313.16,0
4491,11628,3537.43,0
4492,8337,3440.35,0
4493,11196,1782.42,1
4494,5911,2899.55,1
4495,15914,2677.36,1
4496,29950,4225.18,0
4497,27847,1951.05,0
4498,26892,879.63,0
4499,16038,3792.36,1
4500,32148,3559.04,1
4501,21014,1883.41,1
4502,26750,2367.87,1
4503,24642,2383.9,1
4504,17115,1591.23,0
4505,16635,3921.6,1
4506,2398,2279.43,0
4507,27341,4798.24,0
4508,21861,2324.6,1
4509,33827,3920.83,0
4510,7052,1967.76,0
4511,864,3694.72,1
4512,31395,3988.17,0
4513,30455,3701.59,0
4514,29933,1278.84,1
4515,21945,2621.08,0
4516,18855,3802.41,1
4517,466,3147.23,1
4518,2584,4805.2,0
4519,29507,1449.78,0
4520,29410,475.6,1
4521,722,3933.3,1
4522,19316,4351.2,1
4523,377,971.91,1
4524,3478,966.36,1
4525,5386,467.0,1
4526,16957,4608.35,0
4527,20892,2607.19,1
4528,28332,212.76,1
4529,32528,565.97,1
4530,28685,3449.16,0
4531,6006,4869.51,1
4532,3845,2439.52,1
4533,17876,2794.91,1
4534,24357,4068.35,0
4535,27167,954.34,1
4536,8618,338.92,1
4537,34444,2560.25,0
4538,28,3883.85,0
4539,25528,2909.22,1
4540,16249,2431.16,0
4541,33273,1916.59,1
4542,1239,4516.21,0
4543,20375,3644.83,0
4544,32101,2372.5,1
4545,32880,2977.08,0
4546,13988,3404.8,1
4547,25115,4486.34,1
4548,3656,4731.83,0
4549,16484,965.69,1
4550,1151,4387.89,1
4551,1960,4793.52,1
4552,23744,2963.23,1
4553,22956,3276.61,1
4554,27843,2955.08,1
4555,12038,1496.68,0
4556,17838,1088.14,0
4557,8990,4754.45,0
4558,4569,1859.56,1
4559,2306,3760.91,0
4560,14909,4532.89,1
4561,13282,790.01,0
4562,20705,2427.2,0
4563,18438,1943.48,1
4564,1996,1287.07,0
4565,21717,2171.9,0
4566,4029,3989.9,0
4567,4842,3841.23,0
4568,3508,4580.22,0
4569,19729,2015.83,0
4570,16950,2488.75,1
4571,28393,1400.85,1
4572,34709,3078.15,0
4573,26011,1809.44,0
4574,31486,4305.65,0
4575,5572,3531.8,0
4576,4240,1912.72,1
4577,21471,3725.61,1
4578,6720,3519.92,0
4579,161,3769.62,1
4580,32193,1660.83,1
4581,430,446.29,0
4582,20045,1913.73,1
4583,29829,3207.92,1
4584,25523,4021.38,1
4585,17187,4182.23,0
4586,32757,2322.2,0
4587,34393,1527.18,1
4588,8224,3698.52,1
4589,28920,1863.35,0
4590,10310,2925.17,1
4591,28868,4834.38,1
4592,30735,2062.17,0
4593,15284,3419.88,1
4594,14476,3096.79,1
4595,595,3330.02,0
4596,21912,879.41,0
4597,30243,3277.74,0
4598,28219,1437.21,1
4599,5237,3418.75,1
4600,18263,2404.88,1
4601,28659,2899.83,0
4602,6046,1165.03,1
4603,8488,3113.59,0
4604,7361,4627.59,0
4605,26697,740.31,1
4606,15881,1273.56,1
4607,29561,1756.6,0
4608,22889,151.7,0
4609,20763,227.78,1
4610,33936,3610.7,0
4611,5114,3479.66,1
4612,12460,413.49,0
4613,24959,4035.33,0
4614,25610,261.14,1
4615,14366,2625.54,0
4616,8082,1725.35,0
4617,16502,3319.47,1
4618,7897,4451.08,1
4619,9807,3403.38,1
4620,31268,2049.74,0
4621,5963,978.76,0
4622,24955,4736.73,0
4623,12079,3526.31,1
4624,23160,1118.59,0
4625,13960,507.54,1
4626,31901,4173.72,1
4627,11726,2123.41,1
4628,18526,1270.0,1
4629,11413,2715.82,0
4630,11702,2222.61,0
4631,11775,2338.22,0
4632,10731,929.96,0
4633,1990,1841.51,1
4634,32804,3280.49,1
4635,29276,2975.74,1
4636,32356,1375.44,0
4637,2987,4313.4,1
4638,11343,4475.68,1
4639,5173,257.57,1
4640,3972,1892.78,1
4641,12354,1827.3,1
4642,33817,4863.68,1
4643,15969,4497.49,0
4644,10101,1954.97,1
4645,13162,2962.23,1
4646,7725,4956.89,0
4647,12226,3271.95,0
4648,33791,3298.23,1
4649,8207,1811.87,0
4650,14456,232.05,0
4651,27338,2231.29,1
4652,31405,2566.01,0
4653,32198,2842.99,1
4654,7646,2866.3,1
4655,16201,3161.89,0
4656,30019,4810.61,1
4657,19808,999.37,0
4658,38,2367.97,0
4659,34170,3135.54,0
4660,9480,4787.52,1
4661,3050,3930.54,1
4662,28921,3270.41,0
4663,25338,4205.69,1
4664,15580,475.51,0
4665,29810,3469.45,1
4666,5766,3177.0,0
4667,295,398.45,0
4668,13393,4034.54,0
4669,14811,258.95,0
4670,28759,1212.17,1
4671,28443,1253.31,1
4672,24810,4651.96,0
4673,5845,2067.14,1
4674,10569,3218.78,0
4675,5162,1309.88,0
4676,18777,4093.85,0
4677,13913,3618.24,0
4678,30637,4391.42,0
4679,22130,1452.84,0
4680,12658,2345.74,1
4681,17742,2807.16,0
4682,13044,4666.8,0
4683,27046,3217.16,1
4684,11825,4281.62,1
4685,1636,2268.88,0
4686,20186,1655.18,0
4687,21387,1060.11,0
4688,22199,1818.43,1
4689,28185,4961.24,0
4690,6760,117.1,1
4691,8506,1959.13,1
4692,22983,148.82,1
4693,5251,2081.4,1
4694,31810,4955.98,1
4695,17995,630.68,1
4696,6240,3859.84,0
4697,14131,3218.08,0
4698,29615,4331.98,0
4699,2483,4680.62,1
4700,15922,4194.08,0
4701,9524,1286.53,0
4702,29931,3332.42,0
4703,32710,4374.72,0
4704,12242,422.9,1
4705,23666,4437.4,0
4706,31269,4659.46,1
4707,30689,3967.79,0
4708,8103,3471.5,1
4709,21342,4839.79,1
4710,8010,3849.93,1
4711,7879,1372.29,0
4712,24825,2256.38,1
4713,20466,4737.96,1
4714,5135,4180.19,1
4715,20171,1395.35,1
4716,27345,1732.03,0
4717,20655,2545.31,1
4718,31350,1495.37,1
4719,33931,276.18,1
4720,5302,2780.82,0
4721,31699,4388.51,1
4722,4589,587.49,1
4723,33373,1599.26,0
4724,32213,3187.01,0
4725,1258,4496.26,1
4726,7033,2083.22,0
4727,6721,676.19,0
4728,21980,4982.69,0
4729,34977,3170.79,1
4730,8527,4784.61,1
4731,26361,1645.7,0
4732,9405,3846.62,1
4733,3385,1483.11,1
4734,31998,1393.7,0
4735,29812,1830.51,1
4736,2179,2107.46,1
4737,665,581.52,1
4738,2450,2713.32,1
4739,12124,1986.79,1
4740,12665,3272.38,0
4741,31846,4248.59,0
4742,7449,1857.96,1
4743,11439,1678.7,1
4744,27980,2104.75,0
4745,24149,4287.21,1
4746,29124,567.12,1
4747,22399,1534.45,0
4748,16879,4045.66,1
4749,15640,3032.53,1
4750,22161,526.67,0
4751,24690,3863.98,0
4752,6416,1635.66,0
4753,10941,1758.47,1
4754,24927,2653.54,1
4755,10021,1817.64,0
4756,6137,3692.06,1
4757,25073,3740.88,1
4758,7055,1225.6,0
4759,12942,1108.25,1
4760,17731,480.97,0
4761,24969,1131.17,1
4762,12288,2379.56,0
4763,30116,2166.67,1
4764,7588,1485.54,0
4765,33115,2986.87,0
4766,240,4667.91,0
4767,28771,3536.43,0
4768,17191,3884.57,0
4769,10014,2859.97,1
4770,6936,2506.78,1
4771,8823,3169.26,1
4772,2465,4447.79,1
4773,8262,934.82,1
4774,31416,2061.25,1
4775,30626,2852.33,0
4776,13758,2934.11,0
4777,25297,4835.92,0
4778,4684,603.91,0
4779,31570,1768.19,1
4780,34981,2363.44,0
4781,15116,2578.95,1
4782,20488,4133.38,0
4783,7973,2668.49,0
4784,15710,404.85,0
4785,16674,1340.68,0
4786,24958,2021.07,1
4787,17974,3805.37,1
4788,14114,3926.05,1
4789,14549,4981.3,1
4790,29606,775.14,0
4791,11992,1546.87,0
4792,7835,2512.0,0
4793,31683,1597.41,0
4794,3465,536.55,1
4795,30522,1608.98,1
4796,14797,1740.81,1
4797,24606,1731.41,0
4798,28175,4733.62,1
4799,16504,3054.73,1
4800,2553,3663.86,0
4801,32716,517.64,0
4802,21052,1070.19,1
4803,5599,967.95,1
4804,16404,3952.98,1
4805,1779,815.47,0
4806,2740,4279.17,0
4807,32972,851.93,1
4808,22910,3200.96,0
4809,12438,1501.41,1
4810,17684,2015.29,0
4811,30697,3385.14,1
4812,18789,847.63,0
4813,2030,2698.77,1
4814,27146,4006.44,1
4815,5464,436.86,0
4816,23775,3559.72,0
4817,13607,978.41,0
4818,30323,1811.26,1
4819,15645,1579.67,1
4820,22943,2974.65,1
4821,447,2526.55,0
4822,15882,2241.92,0
4823,23471,2910.08,1
4824,24927,4495.84,0
4825,22486,2408.97,1
4826,26768,2619.8,0
4827,33839,1838.55,0
4828,6914,2357.99,0
4829,14926,3349.24,0
4830,6584,4154.3,1
4831,4732,337.78,1
4832,14028,1407.29,1
4833,18077,505.17,0
4834,21802,406.23,0
4835,6206,2506.85,1
4836,34214,3486.24,1
4837,14920,2118.95,1
4838,21244,556.05,1
4839,17363,1944.82,0
4840,13715,392.14,1
4841,1833,2382.62,1
4842,15789,3983.4,1
4843,8586,3572.01,1
4844,32988,4245.57,0
4845,18090,441.52,1
4846,17174,3916.2,1
4847,28411,3911.27,1
4848,20962,3190.56,0
4849,2279,2393.69,0
4850,3800,186.13,1
4851,24766,3004.73,0
4852,27162,3582.29,0
4853,15339,3401.91,1
4854,27656,3622.66,0
4855,13231,2824.0,1
4856,22496,2033.77,1
4857,3090,2156.35,1
4858,21386,4968.68,1
4859,20967,3538.82,0
4860,18086,1269.38,0
4861,22731,2172.03,0
4862,14970,4101.22,0
4863,20413,4009.25,0
4864,7194,3940.48,0
4865,32505,3563.37,1
4866,17062,655.16,0
4867,20096,3472.51,1
4868,4627,1489.16,1
4869,26057,987.27,1
4870,2244,1316.91,0
4871,26488,1243.87,0
4872,24536,2408.7,1
4873,19113,553.92,0
4874,9077,874.32,0
4875,12577,723.67,0
4876,16668,586.82,1
4877,4075,3663.91,1
4878,10831,2183.94,1
4879,436,3131.23,1
4880,22926,4144.05,1
4881,14152,512.86,1
4882,29516,4556.19,1
4883,24573,1058.38,0
4884,25069,4680.24,0
4885,21056,726.24,0
4886,31433,1676.79,1
4887,9975,2537.55,0
4888,17732,3934.99,0
4889,8940,4250.66,0
4890,26092,4773.17,0
4891,76,2643.28,1
4892,13255,1542.05,1
4893,28255,2744.35,0
4894,9278,3223.17,0
4895,9328,877.76,0
4896,15584,4793.83,0
4897,10768,3890.01,1
4898,12009,4715.82,1
4899,2539,4013.12,1
4900,8378,3785.37,1
4901,20693,819.95,1
4902,15106,3309.41,1
4903,5437,1116.72,1
4904,16442,190.51,1
4905,15226,2285.77,1
4906,16526,125.33,0
4907,10855,1951.36,1
4908,22499,3072.06,0
4909,28337,3792.71,0
4910,10312,4760.99,1
4911,1589,687.99,0
4912,5388,331.62,0
4913,4376,1028.06,0
4914,4937,2343.65,1
4915,323,2001.85,0
4916,11770,1610.41,1
4917,13074,2725.03,0
4918,21907,3273.0,0
4919,17824,4005.13,1
4920,2645,4303.22,1
4921,5635,2434.53,0
4922,111,3520.88,0
4923,6666,1806.5,1
4924,8097,4689.13,0
4925,2424,689.29,0
4926,3682,587.15,0
4927,25876,1676.79,1
4928,29466,3080.17,1
4929,11918,3578.02,0
4930,5919,498.87,0
4931,27653,3148.28,1
4932,25761,4116.99,1
4933,5267,2521.47,0
4934,25788,199.71,0
4935,33109,2588.08,0
4936,33105,2732.67,1
4937,31400,649.03,1
4938,14431,2646.81,1
4939,14159,3349.19,0
4940,1703,2818.81,1
4941,25594,4741.13,0
4942,5897,3191.8,1
4943,20301,905.7,0
4944,789,3258.89,0
4945,654,1833.79,0
4946,17187,1122.34,1
4947,11868,1595.47,0
4948,29676,1556.22,0
4949,19510,719.53,0
4950,6736,3498.64,0
4951,33110,1196.23,1
4952,10153,1517.64,1
4953,19539,3462.39,1
4954,20735,3702.6,0
4955,10595,897.64,0
4956,18771,749.63,1
4957,13599,3706.44,0
4958,22865,4493.93,1
4959,27333,1019.8,1
4960,25801,3782.59,0
4961,25461,1546.58,0
4962,2421,2379.67,1
4963,17712,4519.36,0
4964,533,2795.49,0
4965,12239,294.41,0
4966,534,2618.59,1
4967,5,592.81,1
4968,20550,921.2,1
4969,30061,734.51,0
4970,8947,4761.93,1
4971,24316,1767.0,1
4972,12597,758.77,0
4973,5953,3066.15,1
4974,15849,4229.16,1
4975,30383,1325.74,1
4976,29545,4298.14,1
4977,12555,1322.48,0
4978,26714,957.62,1
4979,22565,2146.26,1
4980,4841,3062.33,0
4981,17153,2551.45,1
4982,30871,3208.87,1
4983,8685,1678.69,0
4984,8451,2617.29,0
4985,28147,779.3,0
4986,25443,921.49,0
4987,312,3766.31,1
4988,11369,2744.25,0
4989,11360,2927.57,0
4990,22846,3873.31,1
4991,11134,4363.22,1
4992,8712,2310.65,1
4993,25776,2693.26,1
4994,27003,1000.54,0
4995,21305,1221.04,0
4996,7927,3116.13,1
4997,25040,4477.73,1
4998,34208,826.98,1
4999,32584,3711.33,1
5000,11977,1388.49,1
5001,33482,4132.83,0
5002,34943,2705.72,0
5003,2806,977.75,1
5004,3229,1137.28,0
5005,7199,594.91,0
5006,13163,1727.25,0
5007,5383,790.75,0
5008,28968,2601.73,1
5009,21488,415.12,0
5010,12942,804.32,1
5011,22888,3571.53,0
5012,23787,735.72,0
5013,17957,3846.53,0
5014,29515,2408.56,0
5015,18688,4469.74,0
5016,31542,664.81,0
5017,9541,163.31,1
5018,1034,4721.32,1
5019,4481,3380.0,1
5020,34313,3011.19,1
5021,14931,2370.32,1
5022,10161,1695.63,1
5023,24982,3791.79,0
5024,24883,770.4,0
5025,22262,3429.82,0
5026,13194,107.37,1
5027,82,2281.83,1
5028,6006,3450.52,0
5029,1674,246.8,0
5030,1431,1002.27,0
5031,25091,1444.78,1
5032,31740,3924.27,1
5033,29649,202.95,0
5034,26835,611.23,0
5035,10897,3203.85,0
5036,20337,4117.58,0
5037,2889,3004.85,0
5038,10754,2345.26,1
5039,3151,853.79,1
5040,16139,4267.82,1
5041,3031,3525.88,0
5042,22136,3527.62,1
5043,3840,2256.84,1
5044,29630,1007.2,0
5045,21952,4378.61,1
5046,324,1955.7,0
5047,24733,3912.57,1
5048,31611,1181.97,0
5049,10305,1784.28,1
5050,25498,2507.9,1
5051,16829,4060.41,0
5052,1581,2169.28,0
5053,16094,3440.51,0
5054,15882,2562.98,1
5055,14366,4019.69,1
5056,1733,2055.51,1
5057,29212,2452.23,0
5058,7767,2803.19,0
5059,24357,2519.75,1
5060,34689,3810.06,0
5061,24478,1525.2,0
5062,29855,899.78,0
5063,26410,239.96,0
5064,9546,2560.72,1
5065,14749,499.27,1
5066,15143,420.35,0
5067,14978,341.4,0
5068,17752,396.61,1
5069,26909,2617.35,0
5070,25704,4224.25,1
5071,12331,3088.29,0
5072,34557,3197.31,0
5073,2292,2989.97,1
5074,22977,1491.08,1
5075,31753,351.65,0
5076,21455,2993.26,0
5077,763,1904.95,0
5078,9478,2914.83,1
5079,12831,1812.95,1
5080,33425,2146.07,0
5081,16629,4423.03,1
5082,28233,3529.75,0
5083,33727,1482.29,0
5084,14255,4104.64,1
5085,24882,3924.78,0
5086,11449,4378.08,0
5087,12142,1640.33,1
5088,10689,4710.18,1
5089,21362,3209.21,0
5090,29787,3807.28,0
5091,30771,2603.02,1
5092,17430,3604.04,0
5093,1559,2243.21,1
5094,24414,1316.21,1
5095,29196,2003.01,0
5096,29394,4969.03,1
5097,13880,2550.98,1
5098,15766,3628.73,0
5099,14714,1930.34,1
5100,23650,2211.46,1
5101,34280,3413.62,1
5102,12837,1288.97,1
5103,4953,1639.71,1
5104,26795,2284.11,1
5105,5918,2977.97,1
5106,7159,1318.0,0
5107,5991,2526.49,0
5108,4877,3194.44,1
5109,29777,4342.83,0
5110,17821,1117.77,1
5111,10799,2170.24,1
5112,28148,586.04,0
5113,25557,1145.61,0
5114,30385,2107.76,1
5115,12313,3945.4,0
5116,5211,3289.79,0
5117,5981,1479.49,1
5118,2154,4548.52,0
5119,1577,4842.94,1
5120,5562,856.5,0
5121,2390,2098.42,0
5122,31689,3679.8,0
5123,30279,682.9,0
5124,23127,2923.7,1
5125,7390,2597.63,1
5126,5825,512.95,1
5127,20119,601.48,1
5128,9754,445.81,1
5129,8830,4955.3,0
5130,3679,2290.27,0
5131,8756,335.93,0
5132,30677,1193.75,0
5133,22527,2468.56,0
5134,17686,490.7,1
5135,26051,925.57,1
5136,17934,1393.87,1
5137,3942,2136.24,0
5138,18344,555.53,1
5139,15687,3900.13,1
5140,7969,511.04,1
5141,325,3748.38,1
5142,22540,3012.05,1
5143,14302,4758.13,0
5144,20182,2635.51,1
5145,4817,2499.65,0
5146,26036,4789.65,0
5147,26065,3014.29,1
5148,31007,1071.87,0
5149,19763,1585.78,0
5150,1478,1113.4,0
5151,13552,3871.96,0
5152,33547,2635.18,1
5153,8549,3120.4,1
5154,23672,1524.51,0
5155,14886,614.81,1
5156,13290,1116.75,0
5157,11786,2553.94,0
5158,8926,4381.87,1
5159,16704,983.7,0
5160,22298,1747.4,0
5161,17604,4784.47,1
5162,16687,4684.34,0
5163,13544,2979.34,0
5164,33728,539.76,0
5165,21344,3748.74,1
5166,6683,3516.69,0
5167,9483,3377.61,1
5168,8412,4766.81,0
5169,18772,4919.71,1
5170,7795,3682.41,1
5171,2588,1553.14,0
5172,31867,2961.0,1
5173,2459,2230.12,1
5174,15590,364.85,1
5175,12572,4949.3,0
5176,258,3005.48,0
5177,10238,3769.39,1
5178,23123,3884.56,0
5179,27784,2929.57,0
5180,19367,4687.86,0
5181,9580,3263.52,0
5182,12806,4254.82,0
5183,20012,298.47,0
5184,15858,1734.28,1
5185,19702,2844.94,0
5186,9678,4762.6,0
5187,22532,4047.81,0
5188,32611,3267.14,0
5189,9881,1477.0,0
5190,338,2862.02,0
5191,531,279.91,0
5192,6380,1701.57,1
5193,22860,524.66,0
5194,17736,4937.6,1
5195,14747,1222.28,0
5196,24788,2202.03,1
5197,8951,936.36,1
5198,34322,1337.48,1
5199,25542,198.6,1
5200,359,3459.47,0
5201,4721,1987.99,1
5202,3436,3682.41,0
5203,14877,1480.47,0
5204,6404,4230.69,1
5205,2037,1760.29,1
5206,1581,1038.93,1
5207,25834,3680.09,1
5208,18976,737.95,0
5209,10215,1666.19,0
5210,21037,2322.67,1
5211,1417,4083.13,1
5212,9443,4311.38,0
5213,32147,4223.91,1
5214,24953,1712.79,0
5215,9626,4102.85,1
5216,30360,2337.62,0
5217,19536,3712.69,1
5218,21355,351.3,1
5219,25774,2553.03,1
5220,14674,3261.72,1
5221,28886,4188.61,1
5222,4180,790.41,1
5223,30253,4314.01,0
5224,4725,4892.53,1
5225,2023,3958.74,0
5226,22541,2067.95,1
5227,5628,2181.09,1
5228,30616,3931.94,1
5229,14819,1660.98,1
5230,23779,2591.54,1
5231,6561,1596.01,0
5232,34393,1021.96,1
5233,4990,1527.09,0
5234,27986,825.0,0
5235,12076,4058.39,1
5236,21164,434.68,0
5237,31817,2438.95,1
5238,29579,4738.49,0
5239,19349,4729.5,0
5240,28110,3767.67,0
5241,13958,2640.27,0
5242,34519,1938.88,0
5243,20332,4845.61,1
5244,1267,1507.77,1
5245,25436,1751.92,1
5246,26351,1534.06,0
5247,26793,4784.24,1
5248,28946,3146.58,0
5249,29550,4605.81,0
5250,31172,4231.98,0
5251,13439,4543.9,0
5252,15504,4173.28,0
5253,31398,595.64,1
5254,3654,2981.27,0
5255,34904,977.08,0
5256,25478,1364.03,1
5257,25922,4855.82,0
5258,22527,1342.35,1
5259,8609,1972.12,1
5260,6775,1563.74,0
5261,10061,3357.16,0
5262,20079,4930.54,1
5263,28928,1127.1,0
5264,1298,3923.51,0
5265,5310,123.82,0
5266,19036,2826.16,1
5267,27263,3026.25,0
5268,16869,4343.0,1
5269,3586,4495.47,1
5270,2063,4273.39,0
5271,30040,2279.79,0
5272,2185,2910.66,1
5273,5055,2481.32,0
5274,23140,3169.96,1
5275,10358,1172.49,0
5276,9096,3101.06,1
5277,12668,3247.48,0
5278,16881,4613.2,1
5279,32603,4707.27,0
5280,13731,3056.08,1
5281,33437,819.83,1
5282,19933,3021.96,0
5283,31201,397.67,1
5284,10767,1002.24,0
5285,27482,1635.14,1
5286,32900,2507.45,1
5287,34725,1951.41,0
5288,31890,880.36,1
5289,14146,372.74,1
5290,5357,980.36,0
5291,1129,3249.48,0
5292,29947,1640.79,1
5293,18613,3317.7,1
5294,27496,2865.71,0
5295,3836,426.63,0
5296,23516,3506.35,0
5297,8424,2639.06,1
5298,16847,2922.93,0
5299,31839,1236.93,1
5300,22344,3811.0,0
5301,11322,205.77,0
5302,8749,4836.16,0
5303,9239,3808.26,0
5304,33918,1512.76,1
5305,4932,2490.77,0
5306,22550,4070.06,1
5307,21244,1550.78,1
5308,15634,644.86,1
5309,6529,4395.82,1
5310,13061,4479.69,0
5311,17587,2886.45,1
5312,21360,2781.9,1
5313,13089,3969.66,1
5314,10657,1260.36,0
5315,22227,2416.35,0
5316,8674,4073.6,0
5317,33053,4651.26,0
5318,29143,4493.86,1
5319,4151,3732.76,1
5320,1893,3803.67,1
5321,5400,1916.3,1
5322,24738,4475.32,1
5323,1426,4000.07,0
5324,3298,3587.57,1
5325,20255,3423.35,0
5326,3857,860.07,1
5327,19808,1045.78,0
5328,26509,2912.81,1
5329,25146,1207.85,0
5330,34985,2578.59,1
5331,13726,2634.69,0
5332,32247,644.65,1
5333,28051,735.9,0
5334,5414,3508.68,0
5335,31125,4900.58,1
5336,29142,2895.45,1
5337,19935,3348.97,1
5338,8877,1776.29,0
5339,30064,2432.93,0
5340,29133,2313.04,0
5341,21843,4245.1,1
5342,32798,2711.41,0
5343,30981,1454.82,1
5344,7195,377.67,1
5345,29360,200.18,0
5346,17802,1163.27,1
5347,5390,1316.5,1
5348,1325,2271.11,1
5349,24003,1793.84,0
5350,1147,1532.58,0
5351,151,784.2,1
5352,15660,3852.6,0
5353,6109,3555.17,1
5354,21320,1682.18,0
5355,12295,1875.54,0
5356,34347,2934.95,0
5357,8946,4194.14,1
5358,30300,4894.09,1
5359,7307,1428.09,0
5360,20004,312.63,1
5361,22606,1307.51,0
5362,1191,4729.81,1
5363,29478,4006.53,0
5364,17068,2903.09,0
5365,25679,4447.61,1
5366,22046,4832.65,0
5367,30535,2945.38,1
5368,34949,4542.33,0
5369,15188,3411.36,0
5370,15782,4599.16,1
5371,21769,3414.53,0
5372,16525,1339.96,0
5373,33700,1230.58,1
5374,13695,4048.66,1
5375,256,1768.04,0
5376,22266,2546.45,0
5377,931,3090.75,1
5378,7174,637.06,1
5379,34740,1812.07,1
5380,17814,4739.76,0
5381,27916,4383.98,0
5382,17380,4045.03,0
5383,12247,2379.67,0
5384,22321,1961.83,0
5385,22377,714.0,0
5386,8547,2808.39,0
5387,560,2435.65,1
5388,15095,2134.21,1
5389,22396,4659.49,0
5390,28450,489.5,0
5391,16583,3957.86,0
5392,17058,3979.21,0
5393,22257,4256.28,1
5394,5834,4909.36,0
5395,8772,668.95,0
5396,7574,2111.02,0
5397,34005,630.73,1
5398,19093,1750.18,0
5399,32718,1873.22,1
5400,731,3657.37,1
5401,29617,1990.57,0
5402,29885,3306.45,1
5403,14745,2457.69,1
5404,6722,2368.49,0
5405,18266,2977.64,1
5406,22777,2472.2,0
5407,29427,4426.84,0
5408,26200,1985.79,0
5409,6078,301.66,1
5410,1817,4811.94,1
5411,16935,393.69,1
5412,20957,3092.08,1
5413,11685,2681.79,1
5414,17020,3577.85,1
5415,29287,1001.64,0
5416,28464,4425.06,0
5417,4837,2401.28,0
5418,27536,4747.85,0
5419,20296,1457.49,1
5420,28146,2407.64,0
5421,32794,2756.47,1
5422,16675,1308.8,0
5423,18523,3136.23,1
5424,21886,4324.38,1
5425,21824,3892.08,1
5426,25920,2948.48,1
5427,7886,3980.87,1
5428,31852,3506.86,1
5429,11256,2553.61,1
5430,33870,829.09,0
5431,5633,2499.99,0
5432,31208,458.24,0
5433,23258,1816.39,0
5434,10677,2326.07,1
5435,28205,1480.44,0
5436,18627,4909.4,1
5437,15759,4442.2,1
5438,29217,4270.84,1
5439,13274,1035.52,0
5440,32808,4835.83,1
5441,20281,3637.91,0
5442,22298,3586.09,0
5443,14398,3766.74,0
5444,26541,1374.41,1
5445,20410,756.64,1
5446,9001,2564.82,1
5447,3379,4050.36,0
5448,11032,1774.86,0
5449,13293,3886.56,1
5450,19097,4166.56,0
5451,19465,1630.8,0
5452,10108,1579.13,0
5453,16152,1453.91,1
5454,22133,1851.32,1
5455,16679,1223.58,0
5456,8756,599.73,0
5457,5202,3517.52,1
5458,19627,2897.32,1
5459,24515,1277.66,1
5460,23682,1112.38,1
5461,11284,1105.94,1
5462,16829,3733.72,0
5463,15918,3604.86,1
5464,7935,102.0,0
5465,34632,2254.88,0
5466,30100,4860.59,0
5467,12586,1202.02,0
5468,24942,1719.58,1
5469,31612,4942.94,0
5470,10638,1093.1,1
5471,21336,2965.11,1
5472,11370,1890.37,1
5473,29064,3413.86,1
5474,12742,3696.79,0
5475,31775,4125.47,1
5476,31988,4683.88,0
5477,33739,2929.02,0
5478,33503,4140.18,0
5479,14720,976.62,0
5480,32478,2681.94,1
5481,7235,4705.4,1
5482,7730,4465.54,1
5483,20921,3423.84,1
5484,11163,3134.09,1
5485,1616,4283.85,0
5486,15960,1523.21,1
5487,14191,3329.77,0
5488,21823,4103.79,0
5489,30660,739.2,1
5490,33332,1460.95,0
5491,7082,4006.28,0
5492,33118,3179.7,0
5493,10619,2600.89,0
5494,25822,561.48,0
5495,30998,2890.88,0
5496,8196,383.85,1
5497,4783,1354.47,0
5498,25440,3622.78,1
5499,9909,2210.82,1
5500,32799,3607.86,0
5501,22241,106.44,1
5502,15193,1573.98,0
5503,8003,2046.62,0
5504,18631,2558.89,0
5505,22616,1202.07,0
5506,24370,3818.69,1
5507,13087,2334.56,1
5508,24553,4894.12,0
5509,12583,4245.01,1
5510,15969,1498.62,0
5511,7178,669.9,0
5512,22406,2946.84,0
5513,14677,2282.91,0
5514,32263,3928.61,1
5515,3713,811.81,1
5516,26140,3191.33,0
5517,18663,4696.06,0
5518,18349,3047.96,1
5519,21151,350.49,0
5520,5001,1720.14,1
5521,11693,372.57,1
5522,19060,3344.99,0
5523,962,247.36,1
5524,25824,1350.56,1
5525,25756,2238.87,1
5526,23519,4674.41,1
5527,29034,625.3,1
5528,455,1275.5,1
5529,3949,4966.94,1
5530,24729,1651.54,0
5531,15797,880.5,0
5532,16568,1079.98,1
5533,7115,242.26,1
5534,15623,1550.33,1
5535,23988,889.0,0
5536,26768,3399.57,0
5537,9959,2600.26,1
5538,28876,1304.95,1
5539,15807,861.44,0
5540,20416,1111.81,1
5541,29270,272.68,0
5542,5323,624.54,0
5543,23978,2932.95,1
5544,29456,4554.87,0
5545,32548,2365.43,0
5546,469,1073.3,0
5547,28887,2641.4,1
5548,14676,3542.15,0
5549,13029,3103.21,1
5550,14854,199.75,0
5551,11702,3923.25,0
5552,29862,4110.38,1
5553,5560,3046.25,1
5554,19765,4855.64,0
5555,24788,4045.66,1
5556,27781,1004.23,0
5557,24652,2642.3,1
5558,29265,387.05,1
5559,11904,3747.56,0
5560,17313,931.32,0
5561,2446,4545.72,1
5562,33236,4091.58,0
5563,30027,1349.73,0
5564,25272,3086.91,1
5565,9258,3272.57,1
5566,14180,2698.7,1
5567,4768,3191.5,1
5568,8574,3544.34,1
5569,1330,2487.71,1
5570,24231,4575.8,0
5571,31839,224.14,1
5572,15948,2114.49,0
5573,25377,4403.97,0
5574,1772,915.38,0
5575,13342,2795.61,0
5576,9022,4724.63,1
5577,30735,4150.23,0
5578,26546,4310.14,1
5579,29523,1652.08,0
5580,20869,4261.05,0
5581,2965,1972.78,0
5582,4125,1542.33,0
5583,27124,3609.01,0
5584,17801,1575.53,1
5585,29583,3475.17,0
5586,33222,4921.51,1
5587,29766,2733.05,1
5588,26159,4018.31,0
5589,24454,1724.87,1
5590,9676,4990.3,0
5591,22868,4753.73,1
5592,12223,3462.35,1
5593,10343,2985.21,1
5594,27993,3417.51,0
5595,31786,1029.86,1
5596,24845,866.26,1
5597,30604,2042.16,1
5598,5972,3642.1,0
5599,10176,3280.93,1
5600,34950,688.68,1
5601,10080,563.91,0
5602,29311,3556.21,1
5603,25771,3123.82,0
5604,17453,1318.62,0
5605,14967,4319.67,1
5606,20807,1808.24,1
5607,7038,1283.9,0
5608,26843,1056.61,1
5609,26911,1422.25,0
5610,10125,533.41,0
5611,12868,1889.04,1
5612,21706,3055.53,0
5613,9894,555.02,1
5614,2365,2425.77,0
5615,28756,1689.2,0
5616,26558,1828.74,0
5617,11506,2772.36,1
5618,14222,3808.97,1
5619,22712,3922.2,0
5620,7961,3982.18,1
5621,14442,2467.54,0
5622,15062,501.27,1
5623,29560,4407.14,0
5624,9771,3147.83,0
5625,16366,159.39,1
5626,34088,2349.88,0
5627,18587,4576.67,1
5628,34644,4685.44,1
5629,3323,2494.9,0
5630,13219,2192.82,1
5631,26788,3705.51,0
5632,14747,2004.37,0
5633,16424,2268.03,1
5634,30223,3195.84,1
5635,9882,3029.13,0
5636,12145,2849.24,1
5637,30298,1058.36,1
5638,22443,1856.81,0
5639,10156,3296.8,1
5640,20330,1751.34,0
5641,2268,1082.11,0
5642,11297,4088.27,0
5643,16656,3435.31,1
5644,10711,2854.49,0
5645,8030,1552.74,0
5646,7781,1874.56,1
5647,21997,3931.24,1
5648,9688,4949.59,1
5649,31199,4795.68,1
5650,6677,1763.67,1
5651,20378,1326.25,1
5652,7471,4540.76,1
5653,30265,972.1,1
5654,34018,3489.7,1
5655,31158,155.02,0
5656,29146,4990.99,0
5657,2202,1059.38,0
5658,34004,1930.03,1
5659,31406,1194.25,0
5660,28317,3638.78,1
5661,24492,1139.99,0
5662,3222,1419.97,1
5663,13109,1683.6,1
5664,8407,2444.45,1
5665,29634,2089.09,0
5666,16763,907.37,0
5667,4422,477.03,1
5668,32938,3569.5,0
5669,3644,1573.84,1
5670,16958,849.87,1
5671,16526,2748.36,1
5672,10542,4271.8,1
5673,28627,3428.15,1
5674,29901,1706.65,0
5675,12592,3706.48,1
5676,5613,2734.18,1
5677,34971,4198.03,0
5678,28061,4467.01,1
5679,7063,2107.22,0
5680,30660,3159.68,0
5681,34644,1138.52,0
5682,22657,283.0,0
5683,33158,3414.94,0
5684,1952,4461.96,1
5685,16565,3609.46,1
5686,6425,2102.62,1
5687,30143,4192.44,0
5688,20973,3718.91,0
5689,12796,153.28,0
5690,4703,3160.46,1
5691,26530,4697.43,0
5692,12511,4355.06,1
5693,11185,2598.81,0
5694,30560,3486.53,0
5695,11872,3684.07,0
5696,34717,1533.68,1
5697,20988,4925.83,0
5698,774,4122.32,0
5699,17518,1567.27,0
5700,1221,101.96,0
5701,6737,242.39,0
5702,29457,1445.42,0
5703,19525,1733.11,1
5704,14812,4296.58,1
5705,23581,3488.14,0
5706,7469,1702.53,1
5707,11238,243.73,0
5708,9584,3693.84,1
5709,21471,1341.63,1
5710,23521,1329.45,1
5711,25838,2957.39,0
5712,26654,2546.16,1
5713,9236,1619.21,1
5714,25294,3538.18,0
5715,23367,1297.01,0
5716,3399,2125.06,0
5717,9477,4725.19,0
5718,9802,1847.1,1
5719,27482,4031.89,0
5720,27292,3811.46,1
5721,30757,1519.66,0
5722,3678,4657.65,1
5723,20139,3800.38,0
5724,34792,430.16,0
5725,32463,3638.02,1
5726,485,2001.06,1
5727,4670,3098.68,1
5728,2838,4993.02,0
5729,3830,348.72,1
5730,15961,3403.31,1
5731,27317,3282.78,0
5732,29020,4794.84,1
5733,30629,4883.14,1
5734,26684,1954.6,0
5735,33371,599.47,1
5736,26572,4336.73,1
5737,20815,4757.35,0
5738,20535,1268.2,1
5739,31113,1621.57,0
5740,11911,3946.71,1
5741,11340,1454.43,0
5742,5610,4160.49,1
5743,34109,4596.04,1
5744,19182,4238.6,0
5745,31899,1226.59,0
5746,18112,3500.98,0
5747,33312,4635.42,1
5748,802,533.77,0
5749,12086,738.18,1
5750,12509,1383.84,0
5751,5957,4450.97,0
5752,18156,3829.76,1
5753,34323,4400.92,1
5754,27964,148.56,1
5755,5769,2024.01,1
5756,28948,4571.0,1
5757,3648,3991.68,1
5758,17459,1886.52,1
5759,31655,1241.63,1
5760,30439,498.51,1
5761,28629,3650.69,0
5762,17655,2419.89,1
5763,2629,3851.15,1
5764,24676,2556.22,0
5765,11125,1611.52,1
5766,21995,2151.15,0
5767,16484,4024.62,1
5768,2099,3104.02,0
5769,24025,450.0,0
5770,15456,2848.21,1
5771,1728,559.86,1
5772,3277,3402.56,1
5773,13393,3654.87,1
5774,438,1587.06,1
5775,4949,4774.83,0
5776,14431,4014.8,0
5777,33476,4809.97,0
5778,29295,1192.21,0
5779,2067,1779.32,1
5780,5532,4670.81,0
5781,5903,1931.87,1
5782,32882,279.16,1
5783,31828,1199.63,1
5784,16367,1469.27,1
5785,17177,1201.44,0
5786,29232,1081.42,0
5787,10382,2133.71,1
5788,25594,689.93,0
5789,14136,489.45,1
5790,6965,2241.94,0
5791,28008,1836.61,1
5792,25556,2003.71,1
5793,15792,1360.61,0
5794,909,623.75,1
5795,16663,2250.4,1
5796,17769,2927.44,1
5797,27948,1494.33,1
5798,15400,4002.21,0
5799,11660,2304.34,0
5800,15067,2330.34,1
5801,17106,2278.4,1
5802,13019,4382.33,0
5803,30657,1817.4,1
5804,10436,4545.3,0
5805,3406,2024.53,0
5806,25254,1909.41,0
5807,21265,1926.49,1
5808,31160,682.4,1
5809,16200,1025.87,0
5810,5068,2816.16,1
5811,18021,2044.61,0
5812,24764,1673.48,0
5813,24903,1673.94,0
5814,1962,1494.63,1
5815,6776,193.32,0
5816,6767,3287.02,1
5817,28932,1626.48,0
5818,8396,1588.23,0
5819,31689,217.68,1
5820,31545,3172.11,1
5821,21296,3484.06,0
5822,12660,4318.33,1
5823,2020,3640.17,0
5824,15260,1466.4,0
5825,25574,4162.71,1
5826,2360,4172.59,0
5827,11698,3065.28,0
5828,16943,1009.13,1
5829,11175,2011.76,0
5830,30273,3893.55,0
5831,10001,3799.27,1
5832,26714,237.41,1
5833,34106,474.61,1
5834,27767,3311.76,0
5835,18419,2488.44,0
5836,21976,1099.27,0
5837,22958,4758.81,1
5838,29445,1585.63,1
5839,33962,2482.1,0
5840,11891,429.78,1
5841,12685,4118.92,1
5842,24227,4746.8,1
5843,21127,2654.47,0
5844,17981,2969.56,1
5845,26032,3286.57,1
5846,30714,4861.47,0
5847,5407,441.31,1
5848,24134,4382.63,0
5849,32801,3287.99,0
5850,1758,2234.28,0
5851,11614,3636.02,0
5852,31965,2840.09,1
5853,8440,4832.71,1
5854,23428,311.28,0
5855,7352,104.59,1
5856,25208,1076.64,0
5857,31139,258.82,1
5858,28430,3630.56,1
5859,27602,4074.87,0
5860,20332,3288.68,1
5861,30080,743.68,0
5862,27189,1945.34,0
5863,19129,1280.9,0
5864,32592,2384.01,1
5865,19883,2265.81,0
5866,24003,1486.09,1
5867,15584,1485.07,1
5868,3950,4357.83,1
5869,20454,776.65,1
5870,34227,2755.6,1
5871,2525,1673.63,1
5872,26693,2948.16,1
5873,14527,2472.32,1
5874,29398,1566.23,0
5875,10249,1993.06,1
5876,2075,3043.25,1
5877,26819,2149.28,0
5878,7949,3751.05,1
5879,17538,209.9,1
5880,3942,762.07,1
5881,19492,558.4,0
5882,24228,3410.79,0
5883,1098,1212.93,0
5884,2708,3338.67,0
5885,15845,2826.11,1
5886,13314,2230.65,0
5887,16785,641.44,0
5888,19843,1205.53,1
5889,8302,670.29,1
5890,4227,1149.97,1
5891,16922,2017.01,1
5892,15456,2507.39,0
5893,25454,1737.73,0
5894,11284,2670.67,0
5895,9728,4652.36,0
5896,19484,1962.28,0
5897,1631,4117.07,0
5898,11889,199.67,0
5899,32080,3932.21,1
5900,25079,3970.66,1
5901,21387,353.32,0
5902,2900,1578.21,1
5903,8242,164.85,1
5904,25591,3735.86,1
5905,16665,4768.44,0
5906,1093,4927.26,1
5907,3491,3327.81,0
5908,4331,4994.44,0
5909,25770,640.64,0
5910,21806,3729.59,0
5911,14457,1704.84,1
5912,21338,2859.95,1
5913,32479,879.87,0
5914,18850,3009.12,0
5915,22792,1613.45,1
5916,23422,4339.85,0
5917,17999,3761.2,1
5918,27312,930.86,0
5919,21712,1052.75,1
5920,30501,4657.62,0
5921,10332,2817.37,1
5922,8563,1583.93,1
5923,34391,408.32,1
5924,792,3919.74,1
5925,536,470.67,1
5926,29936,1780.86,0
5927,34696,637.02,0
5928,1701,1632.26,0
5929,12377,1133.77,1
5930,21535,2410.03,1
5931,636,981.36,0
5932,23745,1876.48,0
5933,24609,1532.58,1
5934,24374,473.32,1
5935,33015,4957.49,1
5936,1417,2597.63,1
5937,2437,290.91,1
5938,19510,3423.83,1
5939,22369,3089.48,1
5940,15985,894.81,1
5941,34980,1470.07,1
5942,33421,2299.6,1
5943,11834,2983.05,1
5944,26733,1957.12,0
5945,24161,4094.05,0
5946,12275,4527.8,1
5947,10393,1034.92,0
5948,17100,4191.43,0
5949,24793,4015.04,1
5950,19060,4078.82,1
5951,22128,553.51,0
5952,27713,397.86,1
5953,8218,2553.6,0
5954,27102,4702.63,1
5955,21978,2481.27,0
5956,4067,2312.97,1
5957,7198,2842.57,1
5958,27052,4639.78,0
5959,9934,4703.38,0
5960,32125,2942.49,1
5961,10890,3731.15,0
5962,33204,3084.26,1
5963,10401,3705.98,0
5964,34196,1814.08,0
5965,10940,2493.03,0
5966,32690,3545.53,0
5967,24702,3769.94,0
5968,11315,4681.72,0
5969,24413,2230.01,1
5970,20148,2249.48,0
5971,20667,4812.57,1
5972,14851,4158.98,1
5973,22922,1487.6,0
5974,28966,4579.85,1
5975,33609,4935.33,0
5976,7234,2793.82,1
5977,17683,819.9,1
5978,26778,4530.71,0
5979,1385,4620.01,0
5980,25856,4997.94,0
5981,16796,1268.68,0
5982,7574,1288.03,0
5983,368,751.7,1
5984,32963,1982.63,0
5985,14858,3723.03,0
5986,2469,2350.4,0
5987,19755,1833.08,0
5988,7644,2089.03,1
5989,2564,3361.55,0
5990,22053,4605.63,0
5991,21633,2144.68,0
5992,133,4754.88,0
5993,17954,946.91,1
5994,28804,4507.27,0
5995,22640,1713.54,1
5996,8903,3383.53,1
5997,11624,2062.47,0
5998,16242,3945.08,1
5999,12515,3290.48,0
6000,30990,2127.73,0
6001,4659,2961.75,1
6002,10905,1263.41,0
6003,10915,680.29,1
6004,23874,4841.56,0
6005,4240,3197.53,0
6006,6822,4129.72,0
6007,26430,4980.24,1
6008,23469,4043.8,1
6009,29402,3687.85,1
6010,5087,3959.9,1
6011,27568,3271.65,0
6012,6963,2465.48,0
6013,2688,1290.78,0
6014,3111,4589.2,1
6015,19026,2985.82,0
6016,6287,2614.24,1
6017,5737,3796.6,1
6018,32400,3859.45,0
6019,28415,4659.49,0
6020,10860,344.46,1
6021,17494,3640.41,1
6022,13721,4767.15,0
6023,16878,1327.42,1
6024,10814,4090.56,0
6025,12739,1194.41,0
6026,26127,3704.38,1
6027,28474,3096.41,1
6028,23809,3764.49,0
6029,5580,1410.36,1
6030,26924,3472.84,0
6031,10259,4511.69,0
6032,6136,4200.88,0
6033,18230,418.81,0
6034,29597,289.13,0
6035,28784,1037.11,0
6036,22314,2364.77,0
6037,15479,1113.1,0
6038,32064,4469.79,1
6039,10238,623.92,0
6040,28719,4141.36,1
6041,3466,2208.17,1
6042,26774,3264.11,0
6043,776,4774.35,1
6044,1070,4380.87,0
6045,22957,1763.09,1
6046,2717,2588.76,1
6047,27541,1504.07,1
6048,29314,3481.61,0
6049,5820,1673.82,0
6050,4073,1950.33,0
6051,21463,4231.84,1
6052,28352,2836.17,0
6053,23965,3901.54,1
6054,94,4334.48,0
6055,34722,3772.06,0
6056,673,2549.51,0
6057,12022,1160.16,0
6058,11342,4982.49,1
6059,5485,1798.87,1
6060,33660,3572.64,0
6061,4758,4239.04,1
6062,17312,203.55,1
6063,6895,2309.28,1
6064,15680,1323.31,0
6065,7364,2271.87,0
6066,33812,1480.87,1
6067,9301,596.08,0
6068,15136,3030.09,1
6069,33037,1810.63,1
6070,8906,2132.46,0
6071,9098,2696.23,0
6072,4022,4864.71,1
6073,27952,3978.52,0
6074,22216,4849.41,1
6075,12175,1717.41,1
6076,15820,3172.22,0
6077,19691,460.55,1
6078,9426,1327.32,0
6079,857,3913.6,1
6080,2837,1718.87,0
6081,20216,2693.51,0
6082,34916,3569.36,1
6083,18710,4126.53,1
6084,12175,3403.52,1
6085,4240,775.98,0
6086,12721,832.88,0
6087,2309,1393.22,0
6088,31890,1603.53,1
6089,13097,2087.95,1
6090,5595,3964.61,1
6091,22259,1379.61,0
6092,3208,1369.43,1
6093,19799,4853.71,1
6094,18414,1139.4,1
6095,2791,2199.57,1
6096,31349,4360.08,1
6097,8830,4504.71,0
6098,26725,373.0,1
6099,4386,391.9,0
6100,6463,186.27,0
6101,30641,1545.05,0
6102,21316,2887.09,0
6103,6821,2129.01,1
6104,30258,4104.24,1
6105,18625,510.73,0
6106,17527,428.38,0
6107,31256,875.47,1
6108,505,3188.56,0
6109,15819,1055.43,1
6110,33139,3707.65,0
6111,24154,3161.81,1
6112,2070,4253.43,1
6113,5895,3473.72,1
6114,14868,2122.58,1
6115,21317,2755.63,1
6116,13294,1603.57,1
6117,30450,3537.38,0
6118,34978,1758.46,0
6119,6700,1104.83,1
6120,17722,783.84,0
6121,34703,4670.6,1
6122,20396,4123.93,1
6123,8394,873.74,1
6124,15437,4560.76,1
6125,6044,3255.34,0
6126,32717,2466.37,0
6127,30266,2646.72,1
6128,16325,2767.84,0
6129,2039,1826.32,1
6130,4392,2551.24,1
6131,28461,1224.74,0
6132,25140,1069.8,1
6133,16912,350.53,0
6134,23952,4548.16,0
6135,3669,4248.65,0
6136,28909,1365.6,0
6137,2443,3221.25,0
6138,18065,3818.45,1
6139,63,1454.43,1
6140,14916,1716.54,1
6141,17629,2028.21,0
6142,27732,4578.62,1
6143,7858,1504.55,0
6144,34789,422.37,1
6145,21657,3546.25,0
6146,27963,3932.64,1
6147,16713,117.33,1
6148,26570,880.47,0
6149,29545,4558.78,1
6150,23428,4202.18,0
6151,16161,3860.14,0
6152,22169,521.76,1
6153,9152,1535.86,0
6154,20917,244.26,0
6155,16663,3139.76,1
6156,33455,2159.98,0
6157,26636,3796.13,1
6158,11383,2408.83,0
6159,7716,1349.55,1
6160,771,1976.72,1
6161,28655,3259.76,1
6162,18187,3579.25,1
6163,7871,3132.64,1
6164,28052,4028.37,0
6165,7730,2315.28,1
6166,20224,4259.33,0
6167,29949,421.12,1
6168,14827,1551.43,0
6169,19077,2175.2,0
6170,6281,4844.35,1
6171,23657,2820.86,0
6172,8614,4638.62,1
6173,19468,3156.42,1
6174,19582,3989.08,0
6175,12797,183.76,0
6176,8007,3158.82,0
6177,20113,4596.22,0
6178,5151,776.7,1
6179,10073,4588.02,1
6180,11504,202.23,1
6181,16815,3146.24,0
6182,23608,1513.91,0
6183,34968,2402.92,0
6184,22695,2677.48,1
6185,11092,2080.7,1
6186,13256,4552.1,1
6187,8062,1226.72,0
6188,32190,3651.53,0
6189,32429,3997.86,0
6190,25468,1929.45,0
6191,10368,428.63,0
6192,3773,2377.81,0
6193,17316,4731.78,0
6194,2841,680.29,1
6195,7185,513.01,1
6196,2137,2962.64,1
6197,15791,2455.09,1
6198,4028,2324.71,1
6199,11860,1260.92,0
6200,27921,3389.38,0
6201,26936,256.55,1
6202,34726,2197.85,0
6203,30128,2175.97,0
6204,6507,2574.05,1
6205,8097,4731.75,0
6206,15016,1085.82,1
6207,2050,4420.73,1
6208,31965,1824.36,0
6209,13303,2673.56,0
6210,27705,1395.41,0
6211,9371,2715.97,0
6212,10113,3059.68,0
6213,9152,2180.48,1
6214,31692,789.68,0
6215,14702,3158.37,0
6216,11286,3918.16,0
6217,32901,3145.46,1
6218,12703,1260.79,1
6219,8376,4686.06,1
6220,20598,1094.21,0
6221,24470,2108.14,0
6222,5382,3908.57,1
6223,29752,4072.32,0
6224,31047,1857.84,0
6225,19026,2728.65,0
6226,21492,2344.76,1
6227,15355,4957.77,1
6228,2031,3851.87,1
6229,5832,4132.99,1
6230,27764,4905.29,0
6231,24460,4559.17,1
6232,4327,4601.34,0
6233,19000,3294.14,0
6234,15907,4260.32,0
6235,32720,3679.66,0
6236,25130,3806.3,0
6237,23701,844.41,0
6238,17362,4214.21,0
6239,3785,2038.27,1
6240,19177,1641.95,1
6241,7843,1075.1,0
6242,1715,2876.5,1
6243,5023,3288.17,0
6244,28437,880.04,1
6245,30917,1577.53,0
6246,20119,3492.28,0
6247,28116,209.53,0
6248,28729,4512.58,0
6249,11163,1512.86,0
6250,12000,166.03,1
6251,32809,1741.63,0
6252,13588,1882.08,0
6253,34162,4232.23,1
6254,11737,1788.12,1
6255,19868,2241.68,1
6256,20090,4549.63,0
6257,20549,944.34,1
6258,28260,2180.18,0
6259,34115,807.0,1
6260,18676,3382.99,1
6261,3673,3950.05,1
6262,20285,2978.57,1
6263,30646,3359.71,0
6264,17865,424.23,1
6265,13480,4958.53,1
6266,16928,1731.58,0
6267,5447,3956.29,0
6268,15145,2552.09,0
6269,11500,4811.98,1
6270,6882,2990.11,1
6271,6523,3659.18,0
6272,31016,562.37,0
6273,3452,882.3,1
6274,6001,616.16,0
6275,14912,4931.18,0
6276,12792,447.86,0
6277,16062,3957.48,1
6278,28515,243.3,1
6279,4489,3205.18,1
6280,33392,2411.08,1
6281,27438,2347.28,1
6282,3259,1425.01,0
6283,16926,3535.06,1
6284,17379,1128.28,0
6285,32619,3543.49,0
6286,2703,1413.12,0
6287,31848,2528.58,0
6288,14980,296.25,0
6289,8591,2722.4,1
6290,4991,3780.61,0
6291,4018,177.16,1
6292,2130,3572.84,0
6293,33632,3282.81,1
6294,9601,2779.79,0
6295,14616,1235.78,1
6296,32710,1586.68,0
6297,23882,1133.43,0
6298,16717,1280.55,1
6299,8926,3528.19,0
6300,21712,4553.08,0
6301,17948,4230.34,1
6302,34367,2597.64,1
6303,29577,3558.23,1
6304,27594,3926.35,1
6305,29385,4267.91,0
6306,8776,2270.99,0
6307,32523,3618.23,0
6308,2870,1613.96,0
6309,18653,1803.95,0
6310,10898,4176.85,1
6311,34824,3295.92,1
6312,32550,3822.71,0
6313,25889,271.81,1
6314,3050,4991.97,1
6315,2605,1526.25,1
6316,18319,3070.16,1
6317,27189,2940.77,1
6318,17083,3951.95,1
6319,27454,1334.45,1
6320,24219,2264.43,1
6321,14455,4144.1,0
6322,13100,4572.97,0
6323,12253,1317.13,0
6324,34291,4981.21,1
6325,20304,3469.97,0
6326,8498,439.02,0
6327,7958,3789.61,1
6328,24612,3756.26,1
6329,11824,168.85,0
6330,29515,4492.23,1
6331,10996,3811.57,0
6332,34662,2645.61,1
6333,4058,2260.84,1
6334,32800,4487.1,1
6335,29141,1625.69,0
6336,989,671.08,0
6337,2063,2146.79,1
6338,24190,4354.16,0
6339,11568,4302.17,0
6340,9166,1052.13,0
6341,7569,598.44,0
6342,25593,1735.12,1
6343,18164,361.67,0
6344,1780,4548.93,1
6345,32932,410.28,0
6346,7433,1432.43,1
6347,34332,1403.2,1
6348,12601,4308.42,0
6349,34228,2072.66,0
6350,8191,548.89,0
6351,34284,2973.55,0
6352,18725,2036.82,1
6353,4664,1672.38,1
6354,9841,1572.06,1
6355,8839,338.58,1
6356,25808,1412.39,0
6357,31323,3826.3,1
6358,5573,973.61,1
6359,7119,1342.46,1
6360,5404,4969.86,1
6361,24508,1086.56,0
6362,26969,4018.7,1
6363,21841,2851.6,0
6364,7764,878.71,1
6365,33852,3020.48,0
6366,28331,2025.42,1
6367,8406,2967.71,1
6368,34573,4654.49,0
6369,13050,3532.99,0
6370,1175,4355.42,0
6371,11448,1624.12,1
6372,14631,3566.73,1
6373,19219,105.59,0
6374,7873,1711.73,1
6375,12182,1547.58,1
6376,17360,1362.42,0
6377,28685,4434.69,1
6378,11351,531.75,1
6379,25052,2868.05,0
6380,32309,2556.35,0
6381,29762,4370.73,1
6382,11976,2921.22,1
6383,31006,3996.48,0
6384,27947,1869.7,0
6385,21336,1243.89,1
6386,4111,2347.01,0
6387,11645,4732.34,1
6388,12134,2852.63,0
6389,4704,532.96,0
6390,10032,4862.67,1
6391,25628,1556.3,0
6392,30872,1854.93,0
6393,11732,527.66,1
6394,20138,2878.15,1
6395,32344,4919.38,1
6396,31763,4701.57,1
6397,32891,3392.53,1
6398,31132,670.86,0
6399,23097,799.64,1
6400,3229,1447.38,1
6401,5828,815.83,1
6402,19047,4678.23,1
6403,1271,2149.37,1
6404,2680,1448.39,0
6405,28262,4108.9,0
6406,26350,3732.81,0
6407,18992,4857.57,1
6408,24760,2002.27,0
6409,18969,1840.56,1
6410,24382,4233.52,0
6411,17424,1929.39,1
6412,23496,418.14,0
6413,29044,556.47,1
6414,20925,2677.73,0
6415,7420,3785.61,0
6416,2213,2073.09,0
6417,12245,4572.95,1
6418,6930,1004.62,0
6419,10277,4709.03,1
6420,30753,1282.51,0
6421,30927,1444.78,1
6422,11436,1689.12,1
6423,23238,1298.91,0
6424,24483,2581.67,1
6425,2672,1844.24,1
6426,5229,4892.97,0
6427,18120,4646.67,1
6428,21953,4673.9,0
6429,3226,3054.74,1
6430,24920,1006.75,1
6431,30060,497.57,1
6432,19562,2106.23,1
6433,3775,4291.54,0
6434,22997,1667.56,0
6435,3415,3714.76,0
6436,14290,735.46,0
6437,20277,4348.82,0
6438,19855,633.97,0
6439,26449,1403.99,1
6440,7482,107.41,1
6441,29213,4433.42,0
6442,99,873.72,1
6443,7469,1710.93,1
6444,15818,4591.42,0
6445,12621,3081.59,1
6446,12659,329.96,0
6447,1969,1923.8,1
6448,15782,2416.51,0
6449,31446,1152.09,1
6450,8214,3928.4,0
6451,18152,2630.91,0
6452,2241,525.02,0
6453,21816,1910.04,0
6454,26892,2546.12,0
6455,24306,2760.39,1
6456,1142,860.45,1
6457,32882,2747.92,1
6458,5663,3264.58,1
6459,17359,2962.23,0
6460,33034,993.52,0
6461,11291,4425.86,0
6462,31058,1875.09,1
6463,898,3367.74,1
6464,7411,756.34,0
6465,1024,4229.7,1
6466,13166,2501.83,1
6467,31686,1940.61,0
6468,21462,2012.43,1
6469,25702,3891.48,1
6470,22856,3920.63,0
6471,1111,2538.3,0
6472,23796,190.65,1
6473,27655,4692.85,0
6474,9232,941.42,1
6475,13245,2012.52,0
6476,30049,4697.45,1
6477,4620,429.0,0
6478,15273,1404.55,0
6479,31482,4697.52,1
6480,22474,2012.33,0
6481,14875,873.52,1
6482,13666,2469.58,1
6483,29234,2787.98,1
6484,29341,1900.32,1
6485,34117,4112.47,1
6486,23883,299.18,0
6487,16940,4409.41,0
6488,12203,3206.45,0
6489,15599,3377.8,1
6490,14341,769.62,1
6491,17923,854.91,1
6492,4789,1367.27,1
6493,16914,3559.64,1
6494,13542,891.06,0
6495,16204,1579.29,0
6496,21129,3276.26,1
6497,20171,3701.98,0
6498,7212,902.23,0
6499,24726,3241.09,1
6500,30653,735.92,1
6501,27191,1402.91,1
6502,32872,3797.83,1
6503,12926,2756.87,0
6504,15243,1642.15,1
6505,14168,3648.0,0
6506,3536,297.95,1
6507,16331,356.68,1
6508,25115,529.16,0
6509,23696,2468.57,0
6510,14918,767.18,0
6511,29660,779.9,0
6512,32534,4049.92,0
6513,4902,3251.95,0
6514,2664,2496.87,1
6515,32894,654.8,0
6516,26686,2931.88,0
6517,6171,3528.78,0
6518,16868,2661.47,0
6519,12280,4547.13,0
6520,14191,1877.59,1
6521,9133,4626.99,0
6522,26479,4153.37,1
6523,5405,804.85,0
6524,26347,1003.07,0
6525,11877,3363.98,1
6526,29649,2437.91,1
6527,1078,1100.22,0
6528,34079,2669.09,0
6529,18903,1288.8,0
6530,3932,4731.55,0
6531,29738,3637.23,0
6532,28732,243.04,0
6533,20300,1562.19,0
6534,15286,2909.57,1
6535,28742,1831.39,1
6536,5919,3442.3,0
6537,17291,4864.04,1
6538,22830,2556.83,1
6539,22108,4126.52,0
6540,32804,4383.69,1
6541,11994,2716.06,1
6542,31524,3049.19,1
6543,22410,3474.19,0
6544,22370,2848.74,1
6545,19026,4285.92,0
6546,10813,733.36,0
6547,3114,1752.67,0
6548,468,276.14,0
6549,7162,739.22,1
6550,17216,2092.54,1
6551,32709,2982.72,1
6552,14294,1181.29,0
6553,7600,1452.27,1
6554,27685,4985.97,1
6555,23952,4389.68,1
6556,12083,1462.71,0
6557,34843,2416.95,0
6558,20518,4881.08,0
6559,10082,3352.29,1
6560,417,2244.61,0
6561,12366,1445.68,0
6562,186,595.12,1
6563,28309,1533.64,1
6564,19807,644.14,1
6565,7727,1749.08,0
6566,9083,4700.26,1
6567,19418,2941.11,0
6568,31867,1536.5,1
6569,30338,1070.57,0
6570,2844,761.31,0
6571,5454,1977.26,1
6572,30614,3281.53,1
6573,5421,3160.8,1
6574,29096,4478.16,1
6575,5674,3082.74,1
6576,4027,3140.85,0
6577,24614,3673.97,0
6578,12807,3474.76,0
6579,9356,1693.46,1
6580,23703,3702.52,1
6581,14075,4718.15,0
6582,33279,1472.88,1
6583,2944,3036.25,1
6584,7908,4527.78,1
6585,34058,3813.27,1
6586,15937,2661.33,0
6587,10833,4235.47,1
6588,8098,2417.07,1
6589,8334,2765.43,1
6590,21513,1954.74,1
6591,8168,2938.36,1
6592,24870,4019.1,1
6593,977,101.19,0
6594,22744,3165.61,1
6595,21205,4886.94,1
6596,32063,302.1,0
6597,11035,788.11,1
6598,1714,3610.37,1
6599,28241,4164.0,0
6600,30934,750.78,1
6601,8415,1679.23,1
6602,2738,4180.54,0
6603,17637,2101.81,1
6604,4822,3277.63,0
6605,11271,937.93,1
6606,20726,972.82,0
6607,9865,1122.57,0
6608,25001,2584.76,0
6609,15211,3639.61,0
6610,20534,1797.54,1
6611,23819,2963.02,1
6612,23648,547.98,0
6613,15596,4014.38,0
6614,15070,4964.36,1
6615,1552,3493.83,0
6616,17299,1368.32,0
6617,28042,3733.07,1
6618,9750,3673.71,0
6619,31350,4389.97,1
6620,27394,1406.67,0
6621,10832,3904.83,1
6622,28534,1054.65,1
6623,32050,4261.45,1
6624,18048,4240.17,1
6625,10832,3858.12,1
6626,7507,1436.01,0
6627,30054,4570.07,0
6628,17686,4183.54,1
6629,21850,3690.68,1
6630,2809,2023.07,1
6631,2507,4160.11,1
6632,16108,2325.56,0
6633,30741,1697.23,1
6634,12972,1334.8,1
6635,26140,1521.93,1
6636,17307,4940.05,1
6637,14638,2031.39,1
6638,20273,1866.93,1
6639,13950,919.29,1
6640,25793,4596.02,0
6641,5522,2639.32,1
6642,23776,4396.65,0
6643,25998,556.9,1
6644,7414,3447.45,0
6645,1265,3795.18,0
6646,31317,3970.31,1
6647,22577,3838.55,0
6648,24092,3588.02,0
6649,9482,3819.62,0
6650,12564,821.59,1
6651,8670,4603.75,0
6652,33342,1791.88,1
6653,17281,2798.63,0
6654,33633,4291.62,1
6655,3183,3361.05,0
6656,7882,2195.19,1
6657,30721,3586.9,1
6658,23891,603.43,0
6659,15082,4304.54,1
6660,7437,334.55,0
6661,25492,4615.58,0
6662,24496,4721.16,1
6663,22753,559.65,0
6664,1761,130.77,0
6665,21072,1127.33,0
6666,24377,4113.75,1
6667,27542,2389.87,1
6668,29053,965.39,1
6669,34456,460.5,1
6670,31941,675.93,1
6671,27899,4098.62,1
6672,5214,2269.39,1
6673,27159,3360.77,0
6674,2999,3585.85,0
6675,3773,4233.97,1
6676,14980,4629.51,1
6677,17476,576.64,0
6678,2633,720.51,0
6679,33663,2949.88,0
6680,9785,3540.1,1
6681,3063,4045.0,1
6682,15613,918.1,1
6683,18691,4381.74,0
6684,19768,4669.51,1
6685,13819,1625.24,0
6686,12216,4128.42,0
6687,21712,2828.88,1
6688,5650,218.84,0
6689,26759,281.33,1
6690,33352,700.35,1
6691,261,4158.78,0
6692,30339,4066.11,0
6693,6606,4765.4,1
6694,17219,2028.56,0
6695,26051,2187.52,1
6696,27542,978.68,1
6697,22481,2246.27,0
6698,12476,2303.49,1
6699,33358,4086.77,1
6700,29663,4965.76,0
6701,31909,2627.54,1
6702,29511,3876.68,1
6703,26542,3908.87,0
6704,9075,2049.42,0
6705,10506,1434.0,1
6706,10755,3423.36,0
6707,27944,3857.8,0
6708,9021,2581.27,1
6709,6057,699.75,1
6710,29033,2421.39,1
6711,21975,4509.13,1
6712,13338,3155.42,1
6713,28298,2070.51,0
6714,3909,3645.02,0
6715,25127,1850.93,0
6716,31560,1010.0,1
6717,25475,2819.35,1
6718,11894,148.82,0
6719,1359,1817.97,1
6720,33620,1621.19,1
6721,12157,2060.23,0
6722,20140,878.24,0
6723,25807,2583.21,0
6724,10491,1208.1,0
6725,5240,3730.02,1
6726,11894,1600.11,0
6727,1045,2779.95,1
6728,20139,3656.32,0
6729,15615,2753.45,1
6730,26205,4891.97,0
6731,3370,2629.99,0
6732,16407,4560.67,0
6733,3366,4299.49,1
6734,33942,1992.19,0
6735,15410,2024.59,0
6736,27976,3553.98,0
6737,17659,1741.35,0
6738,17390,3237.16,1
6739,9850,1129.31,0
6740,33144,648.53,0
6741,29341,1513.99,0
6742,18802,4596.34,1
6743,4775,4429.0,0
6744,23226,894.76,0
6745,34289,1132.49,0
6746,24366,1391.45,1
6747,28220,4221.37,0
6748,34382,886.22,1
6749,28577,505.74,1
6750,30400,1391.58,1
6751,29968,4625.34,1
6752,33751,199.7,1
6753,3883,1433.92,1
6754,5779,848.28,1
6755,6815,4430.73,0
6756,33251,2345.24,1
6757,3312,4722.53,0
6758,28055,2367.34,0
6759,23158,4349.78,0
6760,1760,283.46,0
6761,12486,4300.48,0
6762,567,2650.82,0
6763,8924,1689.11,1
6764,11239,1207.54,1
6765,31692,1542.61,0
6766,22097,4169.06,0
6767,6245,1982.27,1
6768,32593,3797.06,0
6769,13109,2796.32,0
6770,7705,3914.32,0
6771,18304,1738.22,1
6772,1884,2706.18,0
6773,19805,4888.55,0
6774,27428,3869.58,1
6775,24653,1775.21,0
6776,10865,1497.13,1
6777,26467,2407.96,0
6778,28778,4410.5,1
6779,30672,157.26,1
6780,30076,4328.89,0
6781,3989,2717.29,0
6782,24086,865.46,0
6783,26188,1800.43,1
6784,25110,984.97,0
6785,18609,2950.57,0
6786,33477,1615.63,0
6787,27506,4826.11,1
6788,26835,168.33,1
6789,4504,3635.55,0
6790,30219,2355.91,0
6791,28518,284.97,0
6792,26449,3124.99,0
6793,32191,2290.25,0
6794,31442,1872.31,0
6795,11283,2605.37,1
6796,20159,4812.42,0
6797,2408,2563.02,1
6798,20269,1318.33,0
6799,114,4864.56,1
6800,7895,4842.36,1
6801,25761,302.78,1
6802,34305,211.75,1
6803,33051,3154.5,0
6804,26833,391.13,1
6805,14577,4005.47,0
6806,3217,252.69,0
6807,34286,2895.01,0
6808,33387,4798.68,1
6809,33612,3902.83,1
6810,10177,2009.35,1
6811,7497,1013.21,1
6812,828,605.22,1
6813,1250,321.1,0
6814,8298,2426.5,1
6815,11693,3208.85,0
6816,28865,290.4,0
6817,33317,3453.84,1
6818,2323,2935.64,0
6819,25300,3930.63,1
6820,27401,2697.61,0
6821,26255,2965.87,0
6822,11792,954.27,1
6823,31816,450.19,1
6824,6885,2304.78,0
6825,16085,4427.6,0
6826,29364,4863.53,1
6827,22770,4871.58,1
6828,3334,2787.37,0
6829,26054,1982.29,0
6830,21570,2250.26,0
6831,2757,3643.07,1
6832,6323,4251.28,0
6833,21475,1966.51,1
6834,10583,4608.94,1
6835,14485,1746.03,1
6836,31412,3064.3,0
6837,14152,3490.22,1
6838,7343,1460.37,1
6839,11783,4742.59,0
6840,24536,3414.05,1
6841,29497,2139.87,0
6842,32941,1099.82,1
6843,3430,4781.76,0
6844,18052,830.39,1
6845,19927,3690.65,1
6846,31477,206.4,1
6847,12754,1814.39,0
6848,27897,1170.27,1
6849,536,2141.39,1
6850,31779,4975.65,1
6851,33773,263.83,0
6852,4888,2842.38,0
6853,34239,4219.48,0
6854,117,107.57,0
6855,10254,1053.29,0
6856,32732,998.33,1
6857,32802,4511.44,1
6858,9875,4529.38,0
6859,11342,3121.35,0
6860,19047,2729.04,1
6861,28636,4696.72,1
6862,4613,2831.17,1
6863,26275,1377.77,1
6864,6829,1705.34,0
6865,980,2178.04,0
6866,2480,3102.15,0
6867,22925,1845.53,0
6868,4607,3951.41,0
6869,9207,1799.96,1
6870,30990,1372.62,0
6871,17541,3223.05,0
6872,6960,3643.2,1
6873,16535,4386.75,0
6874,26501,3800.27,0
6875,25958,702.99,1
6876,4588,2536.18,1
6877,21652,2262.71,0
6878,9793,1035.78,1
6879,2138,4992.31,1
6880,161,826.9,0
6881,29538,2205.61,1
6882,31219,2208.09,1
6883,4360,253.64,0
6884,2122,2086.04,0
6885,30035,4812.31,1
6886,21346,2439.34,0
6887,4137,3397.32,0
6888,3492,4254.76,0
6889,29874,423.96,1
6890,8540,2277.12,0
6891,33053,3841.57,0
6892,1771,351.38,0
6893,27583,2339.27,0
6894,6004,4767.42,1
6895,8708,4595.48,0
6896,18563,2871.46,1
6897,20026,2675.58,1
6898,2141,3862.42,1
6899,13088,3655.59,0
6900,34093,2406.25,1
6901,18203,952.65,0
6902,32367,4932.24,1
6903,7442,4293.0,1
6904,30603,2567.06,1
6905,23558,464.0,0
6906,25993,178.05,1
6907,25521,1845.99,1
6908,18801,1261.03,1
6909,10250,690.67,1
6910,1449,795.92,0
6911,5203,4830.66,0
6912,5371,3211.91,1
6913,13982,2813.48,1
6914,31050,3774.4,1
6915,17392,1995.24,1
6916,16379,824.37,1
6917,8275,1969.66,1
6918,15139,3734.39,1
6919,23955,3471.93,0
6920,27472,449.73,0
6921,29493,1474.84,1
6922,30741,3280.71,0
6923,3453,4775.38,1
6924,26514,3856.78,0
6925,3579,2213.12,0
6926,19408,2486.45,1
6927,14842,3563.19,0
6928,2347,1240.56,1
6929,20514,3867.82,1
6930,26303,3729.22,1
6931,34862,1774.48,0
6932,29837,1659.84,1
6933,6084,1329.36,1
6934,14434,1937.13,0
6935,14360,2224.5,0
6936,12134,287.88,0
6937,24836,4980.18,0
6938,14274,4675.34,1
6939,19842,909.03,0
6940,16612,4249.2,1
6941,34935,4091.66,1
6942,32404,1408.91,1
6943,8375,4911.41,0
6944,2672,1400.03,1
6945,20679,4718.98,0
6946,22841,2289.39,1
6947,28461,2348.26,0
6948,6877,4114.06,0
6949,8420,3438.15,1
6950,33422,2534.11,0
6951,27853,1167.76,0
6952,28025,4209.75,0
6953,13081,4665.94,0
6954,21821,2851.82,0
6955,28358,3564.01,1
6956,33947,4860.68,1
6957,34015,899.41,0
6958,6544,663.88,1
6959,8322,564.42,1
6960,9356,4816.25,0
6961,34045,3773.47,0
6962,29368,3742.91,1
6963,24391,2636.23,1
6964,6116,2795.34,1
6965,19667,4410.02,1
6966,32804,4751.75,1
6967,4536,454.27,1
6968,27840,2859.69,1
6969,34557,3698.44,1
6970,28767,2626.67,0
6971,21246,4929.32,0
6972,26119,2534.8,0
6973,1157,4972.35,0
6974,25876,2725.2,1
6975,12617,2431.49,0
6976,28025,4486.91,0
6977,24758,2754.12,1
6978,13339,2754.13,1
6979,21435,412.33,0
6980,7191,4043.06,1
6981,12659,2472.44,0
6982,14334,2038.4,0
6983,27858,3619.29,0
6984,21711,2554.04,1
6985,32335,4142.56,1
6986,9552,995.04,1
6987,34986,3050.7,1
6988,26651,3958.2,1
6989,32792,4603.66,0
6990,18391,4944.84,1
6991,29147,3851.28,0
6992,18190,1759.55,1
6993,9604,463.09,1
6994,23891,4297.76,0
6995,14950,1904.12,1
6996,33190,1836.05,1
6997,26398,2482.71,1
6998,9902,1574.79,0
6999,31362,884.84,0
7000,2220,837.48,0
7001,34949,1051.39,1
7002,34884,167.36,1
7003,6681,4250.28,0
7004,19536,4156.53,1
7005,6240,1661.71,0
7006,34082,4962.22,0
7007,26076,917.32,0
7008,8209,3559.18,1
7009,13359,251.86,0
7010,9159,2329.04,0
7011,11084,3170.74,0
7012,20441,1838.48,1
7013,27946,1266.46,0
7014,25330,4101.22,0
7015,7325,238.23,1
7016,21089,3931.95,1
7017,10273,3990.65,0
7018,26405,1952.62,1
7019,26089,2554.82,0
7020,34045,2229.63,1
7021,17822,3314.11,0
7022,31729,1946.19,0
7023,33410,2674.33,0
7024,28007,247.31,0
7025,3369,2062.99,0
7026,21198,2226.36,1
7027,4567,2794.0,1
7028,21189,984.14,1
7029,4500,3044.28,1
7030,23115,621.97,1
7031,28633,4183.71,1
7032,1947,2355.25,0
7033,11858,2041.69,0
7034,34006,1447.77,0
7035,23019,574.68,0
7036,97,3700.64,0
7037,7604,982.59,1
7038,5393,845.01,0
7039,1528,3408.4,0
7040,23822,770.71,0
7041,26556,4732.37,1
7042,3321,263.86,1
7043,29787,4487.24,0
7044,33226,2444.3,0
7045,21713,4975.9,1
7046,10346,1913.19,1
7047,32757,484.7,1
7048,29454,1861.57,0
7049,24788,1468.67,0
7050,21479,2811.51,1
7051,11034,3620.2,1
7052,6123,4909.58,1
7053,552,1035.22,1
7054,10618,4569.91,0
7055,10856,1926.73,1
7056,25961,2621.24,1
7057,12640,3387.78,0
7058,17058,3573.42,1
7059,28918,1836.45,1
7060,27800,2955.01,1
7061,24035,3051.51,1
7062,6734,252.3,0
7063,26123,2928.46,1
7064,29123,4588.36,0
7065,13148,3398.87,1
7066,4005,2095.01,0
7067,25634,1238.16,0
7068,22088,2836.47,1
7069,9091,532.72,1
7070,10644,282.14,1
7071,26916,723.3,0
7072,23077,3872.33,1
7073,32885,482.86,0
7074,29195,3710.09,1
7075,23640,2357.07,1
7076,1828,1545.33,1
7077,2295,1083.25,1
7078,23994,4827.38,0
7079,17163,1744.63,1
7080,8975,4888.41,0
7081,22904,2061.29,1
7082,15708,2311.76,0
7083,8996,4768.33,0
7084,33189,3625.53,0
7085,29064,2816.93,1
7086,32269,3043.37,0
7087,11224,1056.48,0
7088,9420,2864.17,1
7089,28043,553.77,0
7090,18873,2502.82,1
7091,24170,3503.28,0
7092,33734,4293.53,1
7093,1736,1660.57,0
7094,12549,157.13,0
7095,20964,4985.15,0
7096,25244,305.86,0
7097,32643,2270.12,0
7098,32710,4993.12,0
7099,18464,4413.68,0
7100,23504,1252.21,0
7101,19140,1363.03,1
7102,27861,835.39,1
7103,11778,4833.1,0
7104,2453,487.62,1
7105,24688,1441.76,1
7106,9727,4897.1,1
7107,386,1437.28,0
7108,9683,3541.95,1
7109,33266,1765.17,0
7110,18465,2157.05,1
7111,33625,3315.32,1
7112,27417,1358.9,1
7113,14327,2379.03,1
7114,27025,1404.72,1
7115,32566,1307.32,1
7116,21808,1265.81,0
7117,16681,1827.01,0
7118,4437,1742.72,0
7119,28748,2929.09,0
7120,5215,4816.05,0
7121,11199,3343.65,1
7122,20783,2977.78,0
7123,8700,3210.12,1
7124,5603,669.04,1
7125,1375,2203.27,0
7126,24443,401.52,1
7127,34616,972.35,1
7128,32263,461.54,1
7129,34552,186.14,1
7130,30985,2752.34,1
7131,9401,777.6,1
7132,24799,3947.66,0
7133,15065,2142.94,1
7134,34894,1907.15,0
7135,2746,2457.49,0
7136,29140,1709.96,1
7137,3487,4410.2,1
7138,24325,846.64,0
7139,19493,1237.02,0
7140,20548,4887.32,0
7141,13327,573.53,1
7142,24289,2454.83,0
7143,10270,2369.54,1
7144,18858,4760.12,1
7145,17304,2901.09,0
7146,3993,1928.35,1
7147,14598,653.21,0
7148,1335,2745.6,1
7149,13672,3656.09,0
7150,32769,3407.58,0
7151,3365,526.32,0
7152,33569,4669.58,0
7153,113,1760.93,1
7154,13357,2416.11,1
7155,18856,2161.42,0
7156,896,3130.01,1
7157,585,1361.96,0
7158,7238,1483.98,1
7159,17584,2031.94,0
7160,4776,4395.0,1
7161,19833,3491.18,0
7162,19377,1016.01,0
7163,20398,4649.6,0
7164,25730,608.76,0
7165,6267,1268.19,0
7166,215,2908.93,0
7167,34899,2842.75,1
7168,26560,4748.96,0
7169,29126,2319.77,1
7170,29686,3277.38,1
7171,7481,2991.09,1
7172,6225,4953.96,1
7173,5492,3120.02,0
7174,29310,127.9,1
7175,24565,3332.24,1
7176,4622,2070.48,0
7177,18819,3787.3,1
7178,28297,4586.93,1
7179,34503,4849.83,1
7180,13318,3792.51,0
7181,3698,3755.09,1
7182,23643,377.54,0
7183,26545,1294.49,1
7184,23916,2058.63,0
7185,5955,2532.45,1
7186,26770,2865.12,1
7187,9038,675.72,0
7188,1307,2170.37,1
7189,1439,1512.72,0
7190,5916,1145.78,0
7191,1380,4561.54,0
7192,12951,4024.71,1
7193,14892,3976.24,0
7194,28270,1283.04,0
7195,12143,4933.31,0
7196,26360,211.47,0
7197,2720,4728.76,0
7198,19913,3978.84,1
7199,8017,4073.02,1
7200,16613,3317.16,0
7201,1032,4216.39,0
7202,7921,4900.28,1
7203,440,882.1,0
7204,22274,4290.9,0
7205,24677,2293.43,0
7206,28539,1498.43,0
7207,21312,4592.1,0
7208,19535,2916.83,0
7209,29019,2316.66,0
7210,8172,2223.18,0
7211,5169,2226.25,0
7212,72,1968.28,1
7213,10779,2728.65,0
7214,22592,3440.91,1
7215,24132,1288.83,0
7216,27275,1329.42,1
7217,17332,4094.58,0
7218,34077,3446.2,1
7219,2048,4265.98,0
7220,13119,2243.69,1
7221,16293,234.7,0
7222,4757,3117.26,1
7223,5153,2247.91,0
7224,22968,1938.02,0
7225,24130,2554.06,0
7226,1340,602.09,0
7227,27764,4229.43,1
7228,2030,1455.31,0
7229,23052,4072.13,0
7230,29939,296.55,0
7231,8357,4732.04,0
7232,19648,3220.32,0
7233,2337,3099.05,1
7234,8742,4932.52,0
7235,23812,528.18,1
7236,1271,4411.88,0
7237,11688,3442.38,0
7238,14901,2739.44,1
7239,19535,4915.75,0
7240,23917,3093.23,0
7241,32172,4101.75,0
7242,29263,2219.66,0
7243,15804,4438.41,0
7244,7980,1253.59,0
7245,3506,1773.93,1
7246,31006,2200.22,0
7247,22364,3209.36,0
7248,16471,664.11,0
7249,33102,4477.39,1
7250,18670,2579.87,0
7251,5042,2577.76,1
7252,14326,3624.8,0
7253,18158,3945.01,1
7254,21207,2581.45,0
7255,10369,277.53,1
7256,16385,557.51,0
7257,28211,1617.82,1
7258,21600,3637.04,0
7259,9689,3310.9,0
7260,32103,4761.46,1
7261,9629,1758.39,1
7262,14266,2107.3,1
7263,25493,1970.25,0
7264,15716,709.94,1
7265,10897,2997.18,1
7266,30444,3979.91,0
7267,9080,3203.04,0
7268,21999,1088.16,1
7269,33116,123.32,0
7270,9257,522.73,1
7271,19792,366.58,1
7272,4599,1935.09,1
7273,14977,3827.0,0
7274,7192,2031.76,0
7275,26575,3359.11,0
7276,15503,1043.26,0
7277,17896,2645.27,0
7278,31261,1787.18,1
7279,9494,4099.11,0
7280,80,2501.57,0
7281,11847,3053.0,0
7282,27858,4508.11,1
7283,27151,1622.61,1
7284,30375,4064.19,1
7285,14319,2094.27,0
7286,32702,3949.24,1
7287,26111,1655.8,0
7288,3115,4294.94,0
7289,2301,824.07,0
7290,27960,3614.68,1
7291,30520,2264.97,0
7292,32618,2511.25,1
7293,11567,4080.93,1
7294,17183,2748.5,0
7295,9886,2831.09,1
7296,27475,3448.63,1
7297,10539,533.23,0
7298,20962,3927.11,0
7299,19688,633.12,0
7300,848,459.19,0
7301,10797,2560.98,0
7302,18646,3104.6,1
7303,18810,715.57,0
7304,6494,4976.59,0
7305,21183,1003.57,1
7306,21205,1389.75,0
7307,23990,3488.28,1
7308,30130,4774.55,0
7309,2328,3509.82,0
7310,34240,518.9,0
7311,8981,4305.02,1
7312,20857,1076.3,1
7313,3483,4264.19,0
7314,10003,347.47,1
7315,9437,1397.44,1
7316,22318,560.63,1
7317,5851,1165.54,1
7318,30222,2840.22,1
7319,22488,4287.16,0
7320,31339,4366.13,1
7321,12010,2873.5,1
7322,3410,590.39,0
7323,29977,2986.29,0
7324,29658,2231.52,0
7325,28528,1852.01,1
7326,32484,1557.08,1
7327,7069,3920.13,0
7328,21666,2332.01,0
7329,13465,3770.7,0
7330,20985,271.71,0
7331,22532,3415.54,0
7332,12887,1393.28,0
7333,27862,1790.17,1
7334,11287,2273.1,0
7335,9928,4463.44,0
7336,22250,2679.57,1
7337,1556,2922.11,0
7338,27743,3917.84,0
7339,23805,4532.57,0
7340,15521,752.67,0
7341,4930,3977.54,1
7342,33981,1206.91,0
7343,15422,465.59,0
7344,13738,3706.3,1
7345,2067,3414.97,1
7346,29292,557.0,1
7347,21551,4135.74,0
7348,17810,496.29,1
7349,16992,3600.27,1
7350,8655,1601.05,0
7351,28061,2597.53,1
7352,23817,223.66,1
7353,7403,4129.56,1
7354,1471,4177.04,1
7355,3513,1702.27,0
7356,31202,353.48,1
7357,12964,4221.99,0
7358,20724,3607.18,1
7359,7311,3372.82,0
7360,3887,4704.5,1
7361,27202,994.32,1
7362,24686,1544.96,1
7363,11438,4535.13,1
7364,18941,471.82,0
7365,32524,2818.47,0
7366,19151,295.19,0
7367,1524,1536.5,1
7368,10353,4758.3,1
7369,8309,2934.67,1
7370,10994,2920.01,1
7371,5830,3307.09,1
7372,9131,1975.49,1
7373,2260,1769.64,0
7374,27735,4416.68,1
7375,13586,4891.48,0
7376,19464,4088.02,0
7377,11917,164.61,0
7378,4783,3051.04,0
7379,7531,4231.73,1
7380,13519,2559.29,0
7381,3764,505.15,1
7382,23652,4660.19,1
7383,19967,2884.52,0
7384,4542,4382.32,1
7385,31432,1234.18,0
7386,2179,1107.76,1
7387,28337,1169.35,1
7388,6912,4125.38,0
7389,28569,1425.72,0
7390,32528,3192.61,1
7391,16115,3846.98,1
7392,25457,4868.79,1
7393,3099,2278.42,1
7394,22520,3727.92,1
7395,34836,4813.59,1
7396,4952,423.82,1
7397,30571,2361.64,0
7398,21402,3194.36,1
7399,21057,2779.13,1
7400,21906,2518.03,0
7401,21445,4954.44,0
7402,11817,3787.96,1
7403,12914,4309.35,1
7404,28459,1689.18,0
7405,5854,2873.36,1
7406,1592,2862.29,0
7407,23944,493.71,0
7408,21127,3654.98,1
7409,3926,1385.37,0
7410,202,1604.52,0
7411,34915,3525.58,0
7412,2111,1849.27,1
7413,28159,3491.2,0
7414,29641,1808.21,1
7415,15030,4965.23,1
7416,8980,3693.26,1
7417,21950,384.37,1
7418,17066,3600.47,0
7419,28759,283.27,0
7420,19505,4895.74,1
7421,16780,1285.65,1
7422,1620,4155.79,1
7423,4404,898.36,0
7424,8204,4403.45,1
7425,9258,3549.48,0
7426,9980,2149.86,0
7427,5830,4407.4,1
7428,30577,4477.18,1
7429,9909,3563.31,1
7430,12642,2772.45,1
7431,6433,2054.04,0
7432,19676,1785.32,0
7433,27398,442.43,0
7434,7135,3789.29,1
7435,6105,2547.05,0
7436,26990,4447.45,0
7437,9803,4889.12,0
7438,25899,1454.11,1
7439,16506,3373.71,0
7440,32975,1717.06,0
7441,22063,235.68,0
7442,12177,2591.42,0
7443,32102,3448.37,0
7444,32089,3402.16,1
7445,13145,4297.59,1
7446,24286,964.69,1
7447,33512,4672.37,1
7448,11355,3264.58,1
7449,27032,3415.2,0
7450,8320,3859.57,0
7451,22895,4108.39,1
7452,20146,3419.95,1
7453,17877,377.6,0
7454,31196,4225.11,0
7455,25043,965.15,1
7456,26603,3958.26,1
7457,22438,709.74,0
7458,3347,1066.91,0
7459,34553,1831.39,1
7460,28266,4061.23,1
7461,8186,4260.62,0
7462,12564,1713.23,1
7463,1490,4391.5,0
7464,24368,2322.32,1
7465,20859,2084.44,0
7466,9593,277.76,0
7467,26736,4279.6,1
7468,19090,2015.18,0
7469,20257,4674.46,1
7470,22617,2669.91,0
7471,32094,4372.64,0
7472,24313,4360.88,0
7473,31761,1360.47,0
7474,12640,294.23,1
7475,12789,879.31,1
7476,21469,1427.11,0
7477,2844,4127.87,1
7478,18064,4868.19,0
7479,8104,235.14,0
7480,12819,1134.74,0
7481,31493,1840.1,1
7482,27995,1196.89,0
7483,32129,1739.04,1
7484,17936,2286.89,0
7485,33449,4548.92,0
7486,32427,3918.79,0
7487,32302,4955.82,0
7488,22446,432.25,0
7489,11684,3546.4,1
7490,27083,4983.9,0
7491,27765,4208.93,0
7492,12368,2206.46,0
7493,1165,4148.64,1
7494,9497,3201.74,1
7495,23654,4560.47,1
7496,24085,3058.11,0
7497,15300,4729.55,1
7498,506,347.22,1
7499,24282,2702.51,0
7500,21457,867.17,0
7501,15317,4632.12,1
7502,23690,827.77,1
7503,32718,1543.48,1
7504,6574,1300.08,1
7505,1401,4970.48,1
7506,18672,4678.3,0
7507,352,2245.57,1
7508,15613,823.41,0
7509,4252,3430.51,1
7510,8347,2422.04,0
7511,16334,3465.23,1
7512,21767,1086.71,1
7513,9710,3323.24,1
7514,23144,1983.92,0
7515,15060,4149.67,0
7516,1064,3360.81,0
7517,24532,1323.89,0
7518,32448,2294.09,1
7519,26715,2859.49,0
7520,3810,2957.58,0
7521,15497,2114.2,0
7522,24612,729.98,0
7523,3052,1914.16,0
7524,7363,3851.34,1
7525,18472,2805.75,1
7526,19011,1687.38,1
7527,12071,4040.05,0
7528,14407,4740.63,0
7529,14346,2373.53,1
7530,34937,3230.05,0
7531,18376,4673.42,0
7532,21493,808.82,0
7533,5756,1458.45,1
7534,26779,4699.99,0
7535,21332,136.03,0
7536,21333,3194.77,1
7537,24753,3115.45,1
7538,22558,3124.54,1
7539,5300,2760.59,0
7540,3240,2171.56,1
7541,358,3460.52,0
7542,34983,1564.7,1
7543,20513,1560.68,0
7544,28253,4392.69,0
7545,19906,1980.87,1
7546,24316,3572.16,0
7547,16161,2508.05,1
7548,5507,1326.64,0
7549,905,2595.4,0
7550,28231,1250.99,1
7551,19881,2862.78,1
7552,15349,2520.08,1
7553,15695,851.32,1
7554,32203,2093.43,1
7555,11203,888.14,1
7556,31618,2876.98,1
7557,28654,1476.91,0
7558,17539,4173.49,1
7559,10465,3920.64,0
7560,13909,857.25,1
7561,5425,1633.49,1
7562,12210,3104.62,1
7563,30010,732.63,0
7564,27347,4809.96,1
7565,31274,3865.72,1
7566,33548,1223.45,0
7567,13856,1624.58,1
7568,23137,3575.68,1
7569,26189,3291.45,1
7570,34583,4983.17,0
7571,3634,2021.1,0
7572,27693,2398.03,1
7573,23279,3734.37,0
7574,13186,1000.88,0
7575,1145,187.6,1
7576,12434,640.03,0
7577,12154,852.56,1
7578,2453,3925.82,1
7579,21923,4970.61,1
7580,663,1399.01,1
7581,18252,2286.86,0
7582,7627,2507.94,0
7583,33781,4314.18,1
7584,32118,661.57,0
7585,11889,3351.24,0
7586,10792,1829.07,0
7587,24458,3821.65,1
7588,31296,1339.17,0
7589,2451,1379.13,0
7590,33857,2018.63,1
7591,5429,2306.82,1
7592,14243,514.27,0
7593,31939,232.57,0
7594,19313,2555.64,0
7595,1831,3540.87,0
7596,24547,4650.55,1
7597,29398,2868.13,1
7598,1207,1355.61,1
7599,31164,3345.9,1
7600,33459,1439.48,1
7601,32896,124.45,0
7602,14986,3405.9,0
7603,32295,3491.84,0
7604,18906,1664.65,1
7605,4060,3731.65,1
7606,21120,3332.0,1
7607,6059,4665.17,0
7608,6775,2716.8,0
7609,17511,1002.9,1
7610,8283,679.31,1
7611,22685,4329.14,1
7612,10337,3388.61,1
7613,34422,2360.8,0
7614,4279,3131.57,1
7615,7297,3220.84,1
7616,19037,3650.35,1
7617,2294,4607.8,0
7618,22962,602.26,1
7619,8321,4798.09,1
7620,33992,3216.88,1
7621,1272,4841.63,0
7622,22495,4302.28,1
7623,17662,515.51,1
7624,25361,1080.65,0
7625,2571,828.11,1
7626,3319,1322.32,0
7627,32085,3489.08,0
7628,3599,1259.41,0
7629,738,2186.67,0
7630,27993,1440.62,1
7631,21947,4359.33,0
7632,22190,555.7,0
7633,16302,271.09,1
7634,4706,650.19,0
7635,19402,3287.23,1
7636,25142,2671.63,1
7637,4943,1552.03,0
7638,15200,3426.41,1
7639,942,2421.13,0
7640,3747,2104.09,0
7641,28296,4949.86,1
7642,22460,4738.48,1
7643,30180,2758.48,1
7644,12373,1833.22,1
7645,11550,4040.64,1
7646,18455,248.83,0
7647,3979,3650.61,1
7648,13789,876.35,0
7649,28316,4986.78,1
7650,3922,1556.07,1
7651,19215,2214.29,0
7652,14009,4085.08,1
7653,3403,2653.07,1
7654,7980,4632.79,1
7655,245,2357.83,1
7656,33790,1126.87,0
7657,25581,2617.02,1
7658,12986,2753.9,1
7659,33001,4227.75,0
7660,25909,4434.68,1
7661,17511,2921.52,0
7662,30346,4403.25,1
7663,2436,4306.5,0
7664,24832,4707.95,1
7665,24958,2888.69,1
7666,31,4782.75,1
7667,12830,346.41,1
7668,34085,3955.84,1
7669,18166,4076.07,0
7670,11015,375.59,0
7671,13140,4624.98,1
7672,33325,4366.22,1
7673,18287,3431.1,0
7674,26120,3311.94,1
7675,6779,1285.77,0
7676,33358,3952.92,0
7677,18111,1911.89,0
7678,2203,3601.46,0
7679,2279,2235.7,0
7680,31501,1447.05,0
7681,34001,3829.03,1
7682,26219,2326.28,0
7683,32944,110.73,0
7684,26987,1900.46,0
7685,19635,476.54,1
7686,7547,2575.02,0
7687,32594,3004.21,0
7688,12467,3679.31,1
7689,20201,4738.75,0
7690,3702,2748.45,1
7691,10229,885.71,1
7692,29627,4486.45,1
7693,144,1275.77,1
7694,28766,3797.88,1
7695,32974,3693.32,0
7696,28205,4122.38,1
7697,22391,3863.2,0
7698,16408,225.88,1
7699,32279,2223.91,1
7700,24984,666.81,1
7701,549,2964.93,1
7702,5451,1865.64,0
7703,29843,4400.56,0
7704,1243,1372.8,1
7705,30917,4010.22,1
7706,8729,1842.3,0
7707,8725,890.03,1
7708,24435,1504.68,1
7709,2513,3729.72,0
7710,9763,4904.63,0
7711,21788,1011.33,0
7712,17932,2001.97,0
7713,25970,2912.67,0
7714,9764,4491.68,0
7715,24431,3597.31,1
7716,34016,3579.69,1
7717,21920,3047.69,1
7718,10459,2676.0,1
7719,23232,1524.21,0
7720,27312,3760.82,1
7721,20500,3197.53,0
7722,4879,4271.68,1
7723,31201,2509.07,0
7724,33880,2435.65,1
7725,13602,3175.36,0
7726,17410,1708.36,0
7727,14596,1265.06,0
7728,34033,2618.44,1
7729,3031,176.29,1
7730,9939,3851.49,1
7731,4662,443.92,1
7732,27513,4825.39,1
7733,9094,4949.82,1
7734,27919,2734.19,1
7735,21053,1285.88,1
7736,21799,1795.62,0
7737,30174,4887.47,0
7738,28977,3067.16,0
7739,24221,627.55,1
7740,32322,3735.5,0
7741,8277,2049.96,0
7742,9959,3606.74,1
7743,10698,3428.73,0
7744,8746,4401.38,0
7745,18116,4298.01,0
7746,14475,2908.09,1
7747,10630,4763.64,0
7748,15163,3059.75,1
7749,18270,449.63,0
7750,13063,1517.94,0
7751,22477,3480.64,0
7752,11993,2344.75,0
7753,7589,3474.62,0
7754,11711,3332.92,0
7755,15332,4119.27,0
7756,24623,2146.31,1
7757,4953,4848.48,0
7758,1219,4029.21,0
7759,31753,946.37,1
7760,9672,2540.08,1
7761,25018,4058.61,0
7762,9054,1642.69,1
7763,2691,4947.99,1
7764,25522,1104.53,1
7765,9609,1936.75,0
7766,14644,442.9,0
7767,27379,3373.24,1
7768,15298,3517.53,0
7769,23790,829.09,0
7770,10549,2216.66,1
7771,32379,1959.3,1
7772,1196,3634.53,0
7773,6841,4674.98,0
7774,32346,551.36,1
7775,24247,2985.94,0
7776,422,810.08,1
7777,16359,3914.52,1
7778,2601,3861.31,0
7779,30657,3183.92,1
7780,16964,1732.11,0
7781,2345,2718.15,0
7782,13198,3256.76,0
7783,33678,3740.8,1
7784,22685,3915.72,0
7785,10120,732.67,0
7786,34847,2005.1,0
7787,5315,1884.51,0
7788,8312,3550.7,0
7789,18710,1865.3,0
7790,13411,4455.68,0
7791,17997,362.65,1
7792,1343,4386.31,1
7793,24338,1750.41,0
7794,24688,2551.94,1
7795,8860,2149.92,1
7796,12015,4742.94,0
7797,33555,322.2,0
7798,13619,4014.12,0
7799,4636,1632.14,1
7800,14281,976.71,1
7801,9283,373.57,0
7802,27612,3808.7,1
7803,18535,2527.47,1
7804,15433,1510.73,0
7805,15707,374.19,0
7806,21296,1036.89,1
7807,27492,2261.28,1
7808,6435,3993.33,1
7809,28933,404.63,0
7810,17580,4829.23,0
7811,34795,1014.61,0
7812,33617,4165.4,0
7813,31191,3800.52,1
7814,33127,3484.74,0
7815,14002,1854.04,1
7816,19375,937.99,0
7817,29957,2277.38,1
7818,26073,771.65,0
7819,25840,3089.59,1
7820,13413,1196.29,1
7821,16548,358.22,1
7822,30825,312.23,1
7823,13232,4275.64,1
7824,7563,2702.19,1
7825,12568,255.29,1
7826,24300,1450.69,1
7827,26434,187.38,0
7828,14078,2686.35,1
7829,10243,2289.83,0
7830,22016,2976.76,0
7831,952,3618.59,1
7832,18252,894.62,0
7833,15837,3713.52,0
7834,30181,3726.48,0
7835,20345,3093.88,1
7836,2089,1210.42,0
7837,7174,3133.39,0
7838,13949,1699.54,1
7839,2759,1517.68,0
7840,25503,3887.44,0
7841,17883,2591.71,1
7842,34756,960.53,0
7843,19226,1318.66,1
7844,4610,3369.41,0
7845,11785,1848.11,0
7846,6122,2523.01,0
7847,24675,2219.19,1
7848,31254,3178.06,0
7849,26440,4863.79,0
7850,13672,4016.9,1
7851,7381,571.74,1
7852,3017,4794.71,1
7853,11662,2209.28,0
7854,34567,1969.95,1
7855,18616,2266.95,1
7856,13203,3905.8,0
7857,3389,3026.83,0
7858,3607,3517.84,1
7859,3430,195.52,1
7860,27507,518.03,1
7861,3349,4322.35,1
7862,7355,2454.66,0
7863,14390,3200.09,0
7864,31908,1931.72,0
7865,8266,1667.95,1
7866,25439,4956.31,1
7867,23458,4649.32,1
7868,13578,4743.78,0
7869,25916,694.72,1
7870,29915,3007.19,0
7871,11001,2618.25,1
7872,20433,4970.76,0
7873,2062,867.58,1
7874,28018,2346.53,1
7875,24552,3929.83,1
7876,1917,4535.19,0
7877,32439,2631.61,1
7878,10176,3960.56,1
7879,20368,639.3,0
7880,18683,889.52,0
7881,22299,2904.02,1
7882,30995,3372.86,0
7883,2028,923.06,1
7884,25279,2871.21,0
7885,29417,2979.47,0
7886,16657,263.35,0
7887,26480,1740.91,0
7888,29239,678.01,1
7889,4103,1533.71,1
7890,19744,2897.74,0
7891,7691,3699.67,0
7892,31080,1439.42,0
7893,32134,4777.97,0
7894,10813,307.65,1
7895,32703,1093.87,0
7896,23168,577.49,1
7897,4061,3885.89,0
7898,16335,256.73,1
7899,11576,4368.1,0
7900,28111,1608.08,1
7901,25768,2113.76,1
7902,2657,1320.18,0
7903,18690,3172.95,0
7904,28275,4653.14,1
7905,7441,4088.37,0
7906,15448,3427.96,1
7907,24229,2028.67,0
7908,19808,236.99,1
7909,34951,219.75,1
7910,13902,1461.44,0
7911,30024,1409.62,0
7912,798,2649.87,1
7913,21103,610.27,1
7914,34188,4184.49,1
7915,1854,616.43,0
7916,23723,4439.08,1
7917,30882,801.64,1
7918,8836,2717.92,0
7919,9526,1140.43,1
7920,32090,3969.53,1
7921,21065,641.92,1
7922,26239,1205.15,0
7923,23394,3311.42,0
7924,30609,901.93,0
7925,20020,3282.1,0
7926,13354,1762.53,0
7927,2757,4866.87,1
7928,18198,2811.72,0
7929,3867,3082.68,0
7930,15077,2862.81,1
7931,7575,3761.96,0
7932,18220,623.2,1
7933,7288,142.47,1
7934,29047,221.43,1
7935,7673,2338.1,0
7936,12512,2949.09,1
7937,32031,1664.71,0
7938,26095,1522.97,1
7939,32147,4622.11,0
7940,4452,2244.89,0
7941,27913,3090.91,1
7942,28023,2958.97,0
7943,16039,234.67,1
7944,31258,3786.64,0
7945,21370,1610.42,1
7946,22919,499.47,1
7947,30268,4688.38,0
7948,9904,1813.26,1
7949,17281,1006.15,0
7950,12441,1498.76,1
7951,22935,1679.78,0
7952,30429,1913.93,0
7953,1402,1922.15,0
7954,19011,3315.79,0
7955,32567,1576.59,0
7956,28918,4882.84,1
7957,16191,2947.65,0
7958,9279,2342.68,0
7959,18559,2777.19,1
7960,3866,2534.28,1
7961,19022,3895.76,0
7962,4215,3646.39,1
7963,17446,3218.94,1
7964,33052,2676.93,1
7965,23978,1720.88,0
7966,3664,1224.9,0
7967,29616,4052.14,0
7968,12890,764.97,0
7969,9881,2467.04,1
7970,25042,1745.68,0
7971,18722,3040.72,1
7972,10949,4311.88,1
7973,19201,3850.38,1
7974,24891,3145.48,0
7975,5574,410.88,1
7976,15847,1271.5,0
7977,23491,4238.32,0
7978,19861,2466.53,1
7979,23598,4549.1,1
7980,16768,3517.44,1
7981,1244,2123.74,0
7982,19600,1675.22,1
7983,23015,2696.73,0
7984,13715,4564.97,0
7985,507,4976.72,1
7986,16545,2605.02,0
7987,28975,1713.07,0
7988,9053,3463.37,0
7989,28276,267.7,1
7990,30881,1617.49,1
7991,12109,4512.15,1
7992,29770,1754.4,1
7993,17588,3341.68,1
7994,20940,110.17,1
7995,22247,2671.99,1
7996,25373,4861.25,0
7997,25990,2911.12,1
7998,28359,1237.21,0
7999,23327,3744.49,0
8000,20395,4070.38,1
8001,278,2100.41,1
8002,1763,3035.28,1
8003,6255,1752.2,1
8004,33885,2377.81,1
8005,9376,4791.48,1
8006,32748,2160.5,1
8007,11178,4193.88,1
8008,20800,4305.31,1
8009,22112,2449.99,1
8010,1268,2001.23,1
8011,10624,3482.28,1
8012,29186,3638.3,0
8013,8290,938.57,1
8014,8295,3749.88,0
8015,4748,2175.2,0
8016,19492,2438.39,0
8017,21612,3399.88,0
8018,19442,318.82,1
8019,3891,4172.22,0
8020,8824,938.85,1
8021,12411,2091.99,1
8022,28389,1305.71,0
8023,1811,2461.06,1
8024,20964,201.99,1
8025,20522,1944.84,1
8026,17364,2051.03,0
8027,181,1704.51,1
8028,10331,4977.04,0
8029,1615,2249.68,0
8030,21812,1397.83,0
8031,29187,4109.74,0
8032,16453,3654.68,1
8033,23656,3202.26,0
8034,5482,2826.19,1
8035,18285,197.82,0
8036,7075,1516.28,1
8037,29124,3692.09,0
8038,20666,1510.8,0
8039,2369,1702.13,1
8040,25057,1456.59,0
8041,14430,3208.12,1
8042,1195,3718.23,1
8043,14329,3088.12,0
8044,33888,258.61,0
8045,29826,1049.48,0
8046,9609,4323.6,1
8047,1176,1696.58,0
8048,25058,1318.73,1
8049,2619,187.82,1
8050,11775,673.27,1
8051,33885,987.3,0
8052,6073,4067.0,0
8053,27253,3033.44,1
8054,19922,4105.9,0
8055,23445,3195.91,1
8056,28379,4674.44,1
8057,15000,4804.52,1
8058,28949,163.01,0
8059,11811,3326.49,1
8060,19464,4459.59,1
8061,11482,1430.28,1
8062,8575,2667.86,0
8063,10913,3891.85,0
8064,25407,3175.51,1
8065,8354,235.19,0
8066,13660,2150.87,1
8067,12553,2030.97,1
8068,25952,2204.76,0
8069,16618,4218.84,0
8070,8348,2260.7,1
8071,21686,2928.65,0
8072,16979,3296.1,1
8073,25264,4208.67,1
8074,24595,1708.93,0
8075,32792,3460.8,0
8076,33096,1596.33,1
8077,5284,963.78,1
8078,15409,739.74,1
8079,9820,811.53,0
8080,18255,3740.53,1
8081,14206,1553.77,0
8082,19398,3233.72,1
8083,6049,983.89,1
8084,535,3158.47,0
8085,15870,2663.99,1
8086,12779,3989.24,1
8087,11081,4582.56,1
8088,11694,2892.11,0
8089,7969,4352.1,1
8090,29034,3424.35,0
8091,23939,4418.12,1
8092,24547,4191.04,1
8093,21094,257.81,1
8094,15504,3756.67,0
8095,3491,2119.62,1
8096,32892,3456.46,0
8097,14419,1363.54,1
8098,33525,2352.2,1
8099,19660,412.03,1
8100,23220,844.32,1
8101,19438,1688.84,0
8102,21655,3629.02,0
8103,15551,3584.74,1
8104,33841,2564.44,0
8105,2879,1338.28,0
8106,9345,845.96,1
8107,379,1445.94,0
8108,17529,4519.49,1
8109,18395,3717.02,0
8110,17366,191.49,1
8111,24882,3393.44,0
8112,24682,743.13,1
8113,21843,3410.97,0
8114,24689,2994.3,0
8115,23092,4692.24,0
8116,20386,1010.18,0
8117,23761,3889.08,0
8118,9630,2876.61,1
8119,29013,3698.74,1
8120,4271,644.09,1
8121,12604,2100.15,0
8122,22257,4010.85,1
8123,12251,4140.77,0
8124,23577,3310.59,1
8125,25244,3777.26,1
8126,14917,2804.99,1
8127,30581,1143.61,1
8128,11629,1071.07,1
8129,20444,4011.92,1
8130,31558,3470.48,1
8131,3643,1511.02,1
8132,18380,2935.37,0
8133,12120,1142.8,1
8134,28643,1687.7,0
8135,27576,4050.52,0
8136,10285,4261.28,0
8137,12760,3933.72,1
8138,31272,4206.63,0
8139,13760,257.29,1
8140,6728,1817.84,0
8141,11185,4635.03,1
8142,29282,1001.69,1
8143,10813,4128.09,1
8144,28085,4793.63,0
8145,15262,4500.47,0
8146,6994,1446.46,0
8147,31593,2587.75,0
8148,25081,4465.55,0
8149,24277,891.87,1
8150,13494,872.1,0
8151,5487,2439.8,0
8152,31653,1141.07,0
8153,24285,2422.66,0
8154,27974,2330.11,1
8155,31048,348.55,0
8156,3262,3446.28,1
8157,7247,674.17,0
8158,10365,2291.81,1
8159,189,3034.47,0
8160,16946,1135.85,0
8161,31064,1584.43,0
8162,539,3512.58,0
8163,13938,3703.16,0
8164,33850,3524.58,0
8165,9941,1278.44,0
8166,13745,4314.01,1
8167,3040,513.11,0
8168,33040,2316.04,1
8169,34625,4654.35,1
8170,20338,936.08,1
8171,30910,2846.97,0
8172,9703,622.48,1
8173,15430,3465.44,0
8174,20345,4564.29,1
8175,111,1411.73,1
8176,16717,3038.91,0
8177,9016,4878.02,0
8178,19029,614.53,0
8179,11592,2290.62,1
8180,24241,4454.75,1
8181,8414,4427.8,1
8182,34794,2102.93,0
8183,34353,191.03,0
8184,17133,1255.22,1
8185,30153,1273.75,0
8186,19583,1495.47,0
8187,1800,3069.12,0
8188,4711,1363.31,1
8189,33350,4607.48,0
8190,17157,3315.6,0
8191,13654,473.11,1
8192,27900,2493.19,1
8193,27839,2829.22,0
8194,29180,1540.56,0
8195,4466,4047.17,1
8196,12996,3828.59,0
8197,27364,4519.92,1
8198,16235,4263.13,1
8199,22174,2215.64,0
8200,21458,2966.59,0
8201,7884,2948.13,0
8202,12615,4288.99,1
8203,2526,863.78,1
8204,16620,3677.78,0
8205,6847,557.23,0
8206,15927,176.95,0
8207,2892,1597.28,0
8208,17226,1053.79,1
8209,26688,3794.98,1
8210,33200,1937.78,0
8211,233,1063.28,0
8212,2073,1044.17,1
8213,8435,2506.14,0
8214,12726,3233.43,1
8215,24932,105.6,1
8216,24545,216.84,0
8217,17622,674.31,1
8218,33834,4950.7,1
8219,1421,4079.67,1
8220,20369,487.73,0
8221,2680,643.0,0
8222,29934,615.61,1
8223,14632,556.83,1
8224,20976,1140.11,1
8225,19733,4656.9,1
8226,7538,2909.55,0
8227,914,3884.14,0
8228,30683,4021.13,1
8229,27441,4532.43,1
8230,10004,1518.05,0
8231,15138,2335.57,0
8232,31728,2163.9,0
8233,5276,3274.14,1
8234,13161,1656.32,0
8235,16738,3010.03,0
8236,2340,2320.97,0
8237,283,2017.78,0
8238,8417,2147.3,0
8239,20357,4040.8,0
8240,19946,3051.25,1
8241,9824,4568.62,0
8242,7201,1314.57,1
8243,31051,2228.4,1
8244,15524,1221.65,0
8245,17173,1315.88,1
8246,7043,777.72,1
8247,5212,2661.46,1
8248,22972,4678.19,1
8249,29537,3062.46,1
8250,29294,3697.01,0
8251,2385,1573.55,1
8252,23553,4077.36,1
8253,93,3167.74,0
8254,32250,3095.75,0
8255,7295,2266.79,1
8256,27546,3801.85,0
8257,1968,1187.5,0
8258,32628,1504.4,0
8259,6828,3261.21,0
8260,31428,571.76,1
8261,13615,2007.8,0
8262,26654,497.3,0
8263,12865,2949.36,1
8264,17328,4056.88,0
8265,7544,1158.91,0
8266,14491,829.45,0
8267,9257,4423.3,0
8268,466,982.16,1
8269,1540,4207.07,1
8270,28652,1707.15,1
8271,18352,3292.84,0
8272,377,886.74,0
8273,6544,4197.71,1
8274,24927,1517.54,1
8275,19510,4733.37,0
8276,14898,1558.0,0
8277,7467,3612.12,0
8278,29801,4983.52,1
8279,20371,283.98,0
8280,9582,3592.18,0
8281,24955,1525.21,0
8282,5522,885.61,0
8283,32782,2369.43,1
8284,2734,4008.85,1
8285,23769,2242.2,1
8286,5468,2323.46,1
8287,13641,1916.34,1
8288,5065,1178.98,1
8289,30895,4784.06,1
8290,27068,1002.43,0
8291,13825,4877.23,1
8292,8470,4366.3,1
8293,15411,1816.65,1
8294,13306,731.09,1
8295,24379,1902.83,0
8296,22928,2904.52,1
8297,32649,4651.44,1
8298,12734,3795.68,1
8299,1611,4100.02,0
8300,6050,1865.05,1
8301,9107,1581.63,0
8302,19101,465.79,1
8303,33051,4646.65,1
8304,7226,1347.83,0
8305,9944,4116.09,0
8306,10499,2900.01,1
8307,4115,1421.18,0
8308,17536,849.22,1
8309,24410,2753.38,0
8310,10318,3559.54,1
8311,30500,3647.49,1
8312,446,155.62,1
8313,3204,4510.31,1
8314,3930,1284.96,1
8315,30708,3211.42,1
8316,24716,877.09,1
8317,10198,4807.82,0
8318,16627,2555.94,1
8319,19808,1622.72,0
8320,5234,235.01,0
8321,24152,3369.44,1
8322,17973,340.51,0
8323,518,3493.55,0
8324,27797,4105.73,0
8325,17545,1659.97,1
8326,34568,567.04,0
8327,6596,690.11,1
8328,29489,4770.56,1
8329,34684,876.4,1
8330,2458,2799.41,0
8331,4005,699.61,1
8332,9010,1865.49,1
8333,1506,2053.36,0
8334,13611,2247.29,1
8335,5960,1388.5,0
8336,13655,2723.51,0
8337,19299,3660.98,0
8338,6340,2288.84,1
8339,7928,2427.78,0
8340,34125,4989.64,0
8341,3184,2686.21,0
8342,20874,1479.19,1
8343,8657,3709.77,1
8344,23977,1104.89,0
8345,8128,1602.94,1
8346,29865,3218.64,0
8347,27396,1905.59,1
8348,30117,439.13,1
8349,22920,2858.71,1
8350,4421,2209.92,1
8351,15519,248.01,0
8352,29907,2237.23,0
8353,12290,141.51,1
8354,1656,4317.44,1
8355,8919,1618.11,0
8356,32550,2680.06,0
8357,13822,2884.29,0
8358,27609,2642.16,1
8359,2736,3217.91,1
8360,31752,678.3,1
8361,24985,3424.12,1
8362,27131,3098.74,0
8363,4972,3417.9,1
8364,13074,3765.4,1
8365,33350,1510.14,1
8366,2107,767.07,0
8367,9127,634.02,1
8368,9345,2298.53,0
8369,31752,4628.62,0
8370,32119,2210.0,0
8371,12206,1711.63,0
8372,20095,2247.06,1
8373,24702,4383.9,0
8374,20574,1539.98,0
8375,11961,3237.12,0
8376,8760,1313.22,1
8377,10188,976.23,1
8378,530,4495.95,1
8379,2559,2666.79,1
8380,18694,2528.79,0
8381,26778,678.03,1
8382,2140,1629.37,1
8383,16818,3337.33,1
8384,19452,2207.12,1
8385,9258,2523.41,1
8386,23498,3970.35,1
8387,27398,4367.84,1
8388,5729,4048.65,0
8389,25608,934.21,0
8390,31329,2307.25,0
8391,33683,3838.68,1
8392,8794,1186.34,1
8393,33866,3444.35,0
8394,29074,589.41,1
8395,12632,1070.46,1
8396,17277,4516.04,0
8397,31438,489.58,0
8398,33590,3523.57,0
8399,16579,4875.36,0
8400,13002,683.66,1
8401,27867,4566.17,0
8402,12054,4985.91,0
8403,12744,1166.89,0
8404,32208,4237.53,1
8405,6033,1462.16,1
8406,4264,2235.9,0
8407,3901,3393.45,1
8408,5747,3348.11,1
8409,1504,1049.93,1
8410,26411,4462.25,0
8411,17927,4873.69,1
8412,28336,2880.9,1
8413,17887,1670.36,0
8414,4519,2261.09,0
8415,22245,1040.83,0
8416,18026,1137.14,1
8417,24871,140.29,0
8418,21324,3864.18,1
8419,11112,2701.85,0
8420,7383,690.24,0
8421,17645,280.63,1
8422,18749,259.42,0
8423,2191,3853.49,1
8424,13458,1380.38,0
8425,220,126.13,0
8426,15249,1361.96,1
8427,12192,3296.88,0
8428,5947,4713.96,1
8429,28984,2828.57,1
8430,17059,3493.99,0
8431,27677,4754.91,1
8432,23327,635.52,0
8433,3777,2497.65,0
8434,19618,3953.24,0
8435,27720,3590.1,0
8436,30867,117.72,0
8437,30205,2994.77,1
8438,12288,938.59,1
8439,23303,4320.26,0
8440,1794,3175.72,1
8441,6255,2786.11,1
8442,34505,2426.95,1
8443,30834,2233.91,1
8444,4271,1757.9,1
8445,27164,629.89,0
8446,25952,4169.56,0
8447,30502,1394.58,0
8448,29455,3930.2,1
8449,18025,1807.33,0
8450,30815,229.01,1
8451,33230,4977.01,1
8452,13777,2685.43,1
8453,27673,2078.72,1
8454,30085,2447.07,0
8455,12322,3502.1,1
8456,9135,839.68,0
8457,1348,875.49,0
8458,26453,3902.67,1
8459,14005,4396.21,0
8460,26318,382.75,0
8461,5084,2653.27,0
8462,18377,4381.33,0
8463,22950,2940.77,0
8464,5091,4876.76,1
8465,6062,3781.28,1
8466,16772,2829.28,1
8467,794,2884.55,1
8468,6814,614.04,1
8469,20429,2587.87,0
8470,25283,2815.65,0
8471,31123,168.6,0
8472,11158,2351.87,1
8473,4105,242.27,0
8474,22172,2597.68,0
8475,16398,2275.66,0
8476,2689,4348.86,0
8477,33798,227.65,0
8478,1053,144.62,1
8479,6371,1234.7,1
8480,24327,3417.6,0
8481,28828,3558.14,0
8482,4870,952.7,1
8483,7076,3681.12,0
8484,32874,729.67,0
8485,17842,2939.13,0
8486,24052,838.77,0
8487,19737,1189.82,1
8488,8746,1532.49,0
8489,4089,4308.61,1
8490,2122,183.85,0
8491,31721,306.32,0
8492,26438,173.8,0
8493,14787,2343.87,1
8494,28448,517.92,1
8495,34027,3788.94,1
8496,17612,2766.7,1
8497,27147,3757.55,0
8498,25163,2933.8,1
8499,24451,1191.11,1
8500,2711,3240.43,1
8501,7011,4048.08,0
8502,25711,482.11,1
8503,31425,2658.01,0
8504,2293,2722.89,0
8505,10983,1827.05,0
8506,25359,399.3,1
8507,17426,3900.7,0
8508,22560,686.12,1
8509,7153,1346.07,1
8510,8611,607.49,1
8511,13400,2740.89,1
8512,3242,4687.11,1
8513,173,4633.7,0
8514,13954,3410.13,0
8515,10657,497.69,1
8516,27748,4433.98,0
8517,10669,1142.65,1
8518,6263,2895.76,0
8519,31048,3841.7,1
8520,22683,838.39,1
8521,17663,3862.8,1
8522,20929,2351.99,0
8523,32901,3645.19,0
8524,18663,114.5,0
8525,7462,3538.25,1
8526,29721,659.31,0
8527,31839,3166.56,1
8528,8929,1370.24,0
8529,15458,1689.54,0
8530,16073,2104.85,0
8531,33180,3868.1,0
8532,20076,1678.92,1
8533,33082,1076.43,1
8534,16026,3020.47,0
8535,2793,3403.04,0
8536,31978,3440.46,1
8537,11501,3255.0,0
8538,10061,4073.0,0
8539,24718,4812.39,1
8540,5601,2179.6,0
8541,9033,2604.7,0
8542,32294,1149.77,0
8543,17061,3220.24,0
8544,34526,1083.25,0
8545,33340,2466.32,1
8546,22757,734.16,1
8547,27004,2155.63,0
8548,16794,4596.86,1
8549,23553,1756.55,1
8550,22366,4291.99,1
8551,33850,300.45,0
8552,32482,3699.93,0
8553,31123,1534.3,0
8554,13940,1465.52,1
8555,9568,2214.65,0
8556,20029,1894.4,1
8557,14002,287.14,0
8558,5069,3945.81,1
8559,27847,4129.74,1
8560,5273,4120.03,0
8561,16774,801.04,0
8562,29863,3567.33,1
8563,12458,2369.89,0
8564,27513,2935.2,0
8565,9082,1894.78,1
8566,19118,2665.1,0
8567,15142,4001.83,0
8568,15409,4658.09,1
8569,9752,2096.56,1
8570,14505,1676.29,0
8571,17541,1337.71,0
8572,32495,2646.71,0
8573,5415,266.61,0
8574,12924,741.84,1
8575,19515,1049.27,0
8576,20365,4425.9,1
8577,6655,3492.03,1
8578,2248,2488.91,0
8579,32067,2121.22,0
8580,26675,1262.02,1
8581,15630,824.65,1
8582,14634,4886.65,0
8583,6861,708.12,1
8584,34244,1897.61,1
8585,10591,1062.95,0
8586,33301,4649.26,0
8587,27596,968.26,0
8588,1269,4674.68,0
8589,10017,533.97,0
8590,18144,3771.72,1
8591,23820,2914.93,0
8592,3732,4272.33,1
8593,667,111.13,0
8594,11645,2293.67,0
8595,18828,4352.63,1
8596,7754,3380.22,1
8597,9455,4390.86,0
8598,17508,4846.99,0
8599,7858,2754.05,1
8600,15921,4090.7,0
8601,30849,109.15,0
8602,6713,3366.0,1
8603,3613,4061.74,0
8604,8184,3191.81,0
8605,2976,3751.01,0
8606,24801,710.57,1
8607,1500,1413.7,0
8608,1333,1977.13,1
8609,1799,3098.16,1
8610,7749,3242.9,1
8611,25225,3571.62,0
8612,15731,894.18,0
8613,5757,2501.07,1
8614,25876,1873.68,1
8615,9248,3221.7,1
8616,22401,154.16,1
8617,3263,4875.6,1
8618,21536,3454.49,1
8619,128,2665.5,1
8620,27841,1288.47,0
8621,13004,3720.93,1
8622,8129,1855.79,0
8623,10698,2438.53,1
8624,10225,4912.85,1
8625,14300,3674.55,0
8626,22927,1392.48,1
8627,6875,1275.45,1
8628,23172,2765.42,1
8629,28925,3654.23,0
8630,20700,2698.34,0
8631,13407,3015.21,0
8632,32028,2170.29,0
8633,12348,104.1,1
8634,27736,1822.7,0
8635,28979,1588.53,0
8636,4152,2690.34,0
8637,661,1992.37,1
8638,4705,3959.2,0
8639,32606,3766.43,0
8640,29955,1287.29,1
8641,1338,2213.94,1
8642,29689,2067.63,0
8643,2477,3998.69,1
8644,27378,4344.37,0
8645,8089,1629.35,1
8646,1024,4173.71,1
8647,7420,1086.77,1
8648,7004,1361.83,0
8649,20002,3190.52,0
8650,27007,392.16,0
8651,22030,802.24,1
8652,2859,3294.63,0
8653,9997,1156.23,1
8654,6823,547.7,1
8655,23655,1656.9,0
8656,5311,3555.99,1
8657,17703,4294.81,1
8658,9388,1007.22,1
8659,28232,2937.68,1
8660,21784,1810.59,0
8661,25018,4543.22,1
8662,32799,632.06,0
8663,3209,3529.1,0
8664,2426,4374.58,1
8665,15579,2594.18,1
8666,26937,2516.17,1
8667,32229,173.66,1
8668,22452,1184.59,1
8669,26847,4639.96,1
8670,34727,847.55,1
8671,26165,2766.94,0
8672,21443,2843.03,1
8673,22047,1220.66,0
8674,13810,2765.33,0
8675,7737,3780.32,1
8676,7551,4860.53,0
8677,6358,2659.95,1
8678,24801,2092.38,1
8679,879,4018.87,1
8680,8999,2124.47,1
8681,24770,2070.09,0
8682,20951,818.77,0
8683,14909,3885.05,1
8684,26959,2364.81,1
8685,10253,1978.25,0
8686,13546,723.89,1
8687,23396,3049.39,1
8688,1830,987.24,1
8689,33795,4845.35,1
8690,4637,1878.51,0
8691,34286,1954.39,1
8692,23152,4562.74,1
8693,30766,1469.92,0
8694,6189,467.65,0
8695,10722,4995.48,0
8696,24453,1451.73,1
8697,1395,4463.27,0
8698,27270,962.9,1
8699,8222,2962.63,1
8700,34328,2822.79,0
8701,33803,1756.77,0
8702,20981,1367.08,0
8703,4453,212.33,1
8704,32221,401.36,1
8705,31861,4538.74,0
8706,34617,478.75,0
8707,18703,2011.76,1
8708,2631,585.18,0
8709,6784,226.03,0
8710,25636,938.22,1
8711,5598,709.62,1
8712,10220,420.19,1
8713,8563,3704.99,0
8714,29118,2330.79,0
8715,12280,3232.7,1
8716,20039,4328.16,0
8717,67,3905.97,0
8718,29361,2235.87,1
8719,2193,3424.85,0
8720,6254,417.41,0
8721,30468,4624.24,0
8722,22342,3122.63,0
8723,27849,1046.33,1
8724,28548,4923.03,0
8725,34163,1009.4,0
8726,28028,3174.95,0
8727,10418,4323.91,0
8728,27015,4948.5,0
8729,462,3073.32,0
8730,9419,2205.15,0
8731,19779,1088.94,0
8732,12848,1299.35,0
8733,23623,2659.87,0
8734,22122,4392.31,0
8735,15419,2091.58,1
8736,8623,587.27,0
8737,23336,4222.37,0
8738,19399,3078.93,1
8739,13631,4433.63,0
8740,32327,3474.33,1
8741,31168,3974.97,0
8742,26803,4162.59,0
8743,15882,1437.59,0
8744,8049,2418.05,0
8745,31095,3553.87,1
8746,14999,4754.96,0
8747,28689,2733.57,1
8748,17400,4594.28,0
8749,14252,1086.41,0
8750,27146,2291.05,1
8751,22633,4634.7,0
8752,33868,2394.82,0
8753,4445,4844.36,1
8754,21003,2968.21,0
8755,15991,1323.51,0
8756,4855,4012.85,1
8757,15722,618.92,1
8758,25081,4323.37,1
8759,33744,3115.29,1
8760,15125,1898.44,0
8761,9818,3949.16,1
8762,11620,1202.55,1
8763,31101,4520.86,1
8764,10137,390.85,1
8765,31105,3648.67,1
8766,33135,4300.0,1
8767,19969,3775.96,0
8768,31561,794.35,0
8769,2537,3357.23,1
8770,2906,3239.56,1
8771,33108,3270.43,1
8772,22967,4887.35,1
8773,24856,1450.69,1
8774,16329,2935.38,0
8775,25866,586.35,1
8776,15693,1586.66,0
8777,21195,937.3,1
8778,29693,3484.01,1
8779,8257,4228.55,0
8780,7233,2136.88,1
8781,11558,1487.51,1
8782,31742,164.66,1
8783,17629,3284.03,0
8784,8727,313.45,0
8785,14448,2828.83,1
8786,28494,1928.51,0
8787,19354,2010.93,1
8788,27299,4839.34,1
8789,17064,4223.56,0
8790,22510,1318.8,0
8791,4275,3087.59,0
8792,32749,164.67,0
8793,19749,458.39,0
8794,9838,4052.06,1
8795,23386,703.83,0
8796,27214,4319.51,1
8797,33530,3461.14,1
8798,3025,4994.21,1
8799,31609,3811.93,1
8800,30249,2305.41,1
8801,4168,3154.14,0
8802,28041,4630.41,1
8803,34776,3305.89,0
8804,21979,975.29,0
8805,8102,1889.22,0
8806,31748,4527.32,0
8807,16314,3330.76,0
8808,3382,4903.33,1
8809,10970,1513.23,1
8810,13517,4909.44,1
8811,12631,4733.9,1
8812,19755,3993.01,1
8813,10447,4509.56,0
8814,29855,4357.69,1
8815,20911,1869.65,0
8816,28996,4417.02,1
8817,22095,1046.26,0
8818,15024,2878.99,0
8819,9112,2949.63,0
8820,29344,2743.01,1
8821,32844,4565.5,1
8822,25366,1554.28,1
8823,27366,789.39,1
8824,6996,1464.72,1
8825,10138,4966.87,1
8826,435,1034.04,1
8827,32366,4910.73,1
8828,1989,432.24,0
8829,17885,2329.66,1
8830,20723,833.12,1
8831,8128,2346.1,0
8832,12104,1164.99,1
8833,15130,176.56,1
8834,19300,1498.45,0
8835,29818,1471.33,1
8836,6744,3930.5,1
8837,20552,4606.82,0
8838,14102,2353.46,1
8839,31032,2180.48,1
8840,18149,1672.61,0
8841,22350,4809.62,0
8842,10543,2849.82,0
8843,29784,4986.7,1
8844,2716,1116.7,1
8845,7485,764.31,1
8846,1073,1755.86,0
8847,9425,2367.96,1
8848,9822,2923.77,0
8849,14010,4247.74,0
8850,1148,1215.2,1
8851,5486,3849.25,0
8852,8045,3356.25,0
8853,10048,4575.81,1
8854,7151,814.12,1
8855,17280,1079.09,1
8856,28959,3577.98,1
8857,23431,1278.18,0
8858,32170,4783.72,1
8859,13106,3059.24,0
8860,27063,4084.39,0
8861,27418,2306.44,1
8862,5401,3766.0,1
8863,1184,3021.96,1
8864,21426,4987.78,0
8865,31305,2481.05,1
8866,4823,4693.61,0
8867,18436,4626.21,0
8868,7757,228.44,0
8869,25398,2961.17,0
8870,11270,1799.52,1
8871,28029,4714.32,0
8872,16116,2236.64,1
8873,1750,2803.49,1
8874,28407,1487.24,1
8875,11037,2594.07,0
8876,18737,4856.04,1
8877,26821,4543.2,1
8878,1663,2726.99,1
8879,8513,2254.26,1
8880,22284,4389.61,0
8881,7687,3401.14,0
8882,20307,3309.39,1
8883,4720,2600.31,1
8884,20439,2242.66,0
8885,33163,178.18,0
8886,21897,3949.52,0
8887,18670,3878.45,0
8888,28142,719.71,0
8889,18981,4597.67,0
8890,18466,3186.19,0
8891,949,3831.75,1
8892,27950,1482.56,1
8893,21482,4808.89,0
8894,5218,822.76,1
8895,5793,668.3,1
8896,22489,621.25,0
8897,754,222.85,1
8898,13119,2717.73,0
8899,6357,2702.89,1
8900,18677,133.65,0
8901,7280,2229.37,0
8902,27546,483.97,0
8903,17310,1830.24,1
8904,22399,2936.69,0
8905,27248,703.13,1
8906,19960,1493.67,0
8907,16887,909.39,0
8908,11929,2815.86,0
8909,34972,3910.67,1
8910,27029,3067.54,0
8911,29379,4778.44,0
8912,17368,3604.63,1
8913,16416,609.09,0
8914,14069,3024.77,0
8915,7731,3534.06,1
8916,18902,3900.4,1
8917,1189,3991.85,1
8918,2448,3514.91,0
8919,11662,2367.38,0
8920,26777,3172.29,0
8921,17183,4413.31,0
8922,10889,340.41,0
8923,17371,2090.59,1
8924,2793,638.57,1
8925,1628,4858.62,1
8926,13912,1092.77,1
8927,15982,3711.51,0
8928,17271,3885.86,1
8929,4714,3961.74,1
8930,3474,2370.01,0
8931,29972,3630.1,1
8932,8119,3271.16,1
8933,30192,921.73,0
8934,19642,1602.64,1
8935,23465,4509.73,1
8936,27663,3458.08,0
8937,32475,2420.34,0
8938,7342,4527.54,1
8939,25543,1497.24,0
8940,21376,2469.72,0
8941,10983,1040.45,1
8942,3628,4592.63,1
8943,9722,3622.55,1
8944,12089,316.99,1
8945,32224,4704.01,1
8946,25652,3036.27,0
8947,103,412.56,0
8948,31018,237.09,1
8949,27866,2851.59,1
8950,15972,1973.35,1
8951,31915,3621.16,0
8952,668,775.69,1
8953,24580,4575.75,1
8954,32673,4131.27,0
8955,30459,2600.21,1
8956,24428,2847.62,1
8957,9290,460.16,1
8958,25236,2438.94,0
8959,24760,1461.17,0
8960,33394,4153.86,0
8961,2247,1125.98,0
8962,8722,3816.86,1
8963,2809,3721.05,0
8964,27997,413.05,1
8965,9419,3829.53,1
8966,19391,4000.77,1
8967,1728,3875.3,0
8968,26602,4880.25,1
8969,20570,4395.81,1
8970,10284,3907.36,1
8971,6482,2738.11,0
8972,22367,3614.17,0
8973,3954,3509.7,0
8974,11954,3391.69,1
8975,31346,669.4,0
8976,34556,4600.12,0
8977,31489,3918.15,1
8978,23604,3952.4,1
8979,499,4320.16,1
8980,28685,3041.19,0
8981,10209,3602.37,1
8982,5869,903.52,0
8983,12203,1350.14,0
8984,16587,455.48,1
8985,13430,3728.26,0
8986,1122,1167.32,0
8987,26073,1333.71,0
8988,9953,350.87,1
8989,34810,4200.16,1
8990,16913,855.07,0
8991,15428,3746.9,0
8992,6783,3109.76,0
8993,30622,2371.69,0
8994,14926,528.52,1
8995,7085,648.43,1
8996,21945,748.27,1
8997,21010,3671.57,1
8998,24589,3358.83,1
8999,15286,4841.29,0
9000,14239,2731.57,1
9001,7418,228.92,0
9002,16133,3020.12,0
9003,21859,1053.29,0
9004,34705,1705.44,1
9005,31033,910.62,1
9006,7010,3890.76,1
9007,14913,402.94,1
9008,28656,4508.43,1
9009,12945,2265.79,0
9010,14473,520.69,0
9011,4534,4869.13,0
9012,3481,1656.42,0
9013,15653,2273.09,1
9014,19429,4866.04,1
9015,26045,4820.78,0
9016,29510,2220.0,1
9017,19718,791.02,0
9018,12986,2208.33,1
9019,13531,3959.85,0
9020,22134,2485.8,1
9021,8424,1904.33,0
9022,32637,4502.79,0
9023,8461,3013.74,0
9024,27002,4740.51,0
9025,20660,2688.22,0
9026,30629,3670.62,0
9027,9850,4135.15,0
9028,22213,3502.67,1
9029,13702,4133.29,0
9030,8729,642.09,1
9031,21618,3539.61,0
9032,7114,2194.32,1
9033,31592,698.19,0
9034,29577,103.28,0
9035,9351,797.14,1
9036,34435,421.34,0
9037,26365,4913.85,0
9038,28374,4081.55,1
9039,24179,4923.28,0
9040,24997,2289.98,0
9041,12918,4730.24,1
9042,639,709.18,0
9043,21556,1200.46,1
9044,3900,4216.13,1
9045,32630,1825.19,0
9046,16305,227.57,1
9047,25909,3514.35,1
9048,31602,3098.8,0
9049,26339,557.06,1
9050,7731,4871.41,0
9051,29318,3962.65,1
9052,4518,1834.82,1
9053,31369,4791.65,0
9054,31891,2669.44,0
9055,20591,1690.12,0
9056,9913,881.29,1
9057,11579,1988.54,1
9058,2618,4681.78,1
9059,24078,266.68,1
9060,24454,3279.93,1
9061,34072,3097.21,0
9062,29975,189.69,1
9063,17750,4280.98,1
9064,28387,2026.51,1
9065,29459,1217.11,1
9066,34687,3412.18,0
9067,4253,3681.61,1
9068,14033,4437.89,0
9069,31005,487.34,0
9070,3365,118.84,0
9071,18235,4376.07,1
9072,30397,3746.54,0
9073,6016,3635.38,1
9074,8394,150.34,1
9075,1023,497.5,0
9076,29320,865.49,0
9077,17357,4870.26,1
9078,22451,2008.66,0
9079,15573,1280.4,0
9080,32355,534.5,0
9081,12478,4744.6,1
9082,6072,4468.04,0
9083,28204,4474.85,0
9084,20857,3945.69,1
9085,26643,1962.82,0
9086,21616,2427.08,0
9087,2749,2203.19,0
9088,5127,3215.27,0
9089,3737,498.42,0
9090,14360,1923.92,0
9091,30862,1283.79,0
9092,27323,272.87,0
9093,25719,2824.96,0
9094,7757,720.02,0
9095,30990,3885.76,1
9096,2940,4540.28,1
9097,32900,3345.35,0
9098,32933,3842.81,0
9099,8385,230.89,0
9100,855,100.03,0
9101,9953,4372.06,0
9102,25786,4234.62,0
9103,24997,2690.25,0
9104,4854,1499.31,1
9105,28656,1712.51,0
9106,320,2254.67,0
9107,31142,319.83,0
9108,32257,3548.0,0
9109,27049,1111.34,0
9110,10042,1523.95,0
9111,16211,4633.93,1
9112,30816,3943.4,1
9113,33705,4772.81,1
9114,9304,1758.66,0
9115,9675,4792.18,0
9116,20702,275.6,1
9117,27916,2001.04,0
9118,21141,1231.87,0
9119,17583,3331.26,1
9120,12583,3905.83,1
9121,16225,4823.48,0
9122,10257,4408.96,0
9123,26714,773.61,1
9124,17585,1971.55,0
9125,32482,2982.72,0
9126,11350,547.07,1
9127,31222,4136.5,1
9128,2039,3435.09,1
9129,10071,3384.7,1
9130,31102,3224.41,1
9131,18521,2728.06,0
9132,21484,3438.41,1
9133,5129,2894.4,0
9134,9006,2206.17,1
9135,14189,1071.86,1
9136,8036,2776.33,0
9137,26875,2639.66,0
9138,16669,1253.01,0
9139,11514,3954.1,0
9140,8709,1265.94,1
9141,17517,2096.34,1
9142,4636,1040.51,1
9143,5849,3549.23,1
9144,23646,4625.94,1
9145,13888,2700.43,1
9146,2846,3244.36,1
9147,998,1957.29,1
9148,24545,4823.33,0
9149,5759,2077.58,0
9150,7919,3985.43,0
9151,11700,2355.64,0
9152,16524,2489.68,1
9153,10569,3588.44,1
9154,25396,424.86,1
9155,17492,557.95,1
9156,14553,1108.16,0
9157,21818,820.03,0
9158,19999,2079.69,1
9159,29382,672.75,0
9160,3493,4437.77,1
9161,17908,4743.74,1
9162,11204,4765.5,1
9163,8270,4080.03,0
9164,11324,305.06,1
9165,7433,984.76,0
9166,15279,1676.61,0
9167,20470,4654.39,0
9168,26505,4769.43,0
9169,22310,3749.83,0
9170,27138,1129.77,1
9171,26173,3945.88,1
9172,29892,3909.06,1
9173,27450,2455.12,0
9174,31916,2196.78,1
9175,33502,1291.69,1
9176,29395,2082.31,0
9177,23117,933.2,1
9178,30190,3232.27,1
9179,16671,4996.61,0
9180,14105,476.65,1
9181,31347,3351.86,1
9182,705,762.41,1
9183,31860,2179.98,0
9184,5678,4040.18,1
9185,21401,2619.24,1
9186,28439,4346.08,0
9187,28491,4977.7,1
9188,10716,3715.41,1
9189,8732,1804.88,0
9190,18174,2613.97,1
9191,30509,167.6,0
9192,14749,343.51,0
9193,30233,2352.87,1
9194,11249,2541.61,0
9195,11486,3956.71,1
9196,20416,2723.96,1
9197,5917,3568.7,0
9198,31618,4159.4,0
9199,3327,2378.28,0
9200,27035,2112.84,1
9201,17243,1642.83,1
9202,9201,2432.96,0
9203,10411,4897.49,0
9204,1780,2589.19,1
9205,7328,1875.15,1
9206,6052,2053.34,0
9207,21418,1287.51,0
9208,7354,1462.04,1
9209,30086,1873.31,1
9210,13862,4361.16,1
9211,26218,3513.0,0
9212,2708,3470.24,0
9213,34558,2517.01,1
9214,5943,2259.77,0
9215,2338,2318.19,0
9216,10112,1351.14,1
9217,15613,3912.31,1
9218,1479,1975.01,0
9219,7424,3571.62,0
9220,33173,3038.68,1
9221,32436,2066.66,0
9222,4007,4544.19,1
9223,27283,571.35,0
9224,31487,3260.95,1
9225,27268,968.11,0
9226,34092,4142.94,0
9227,12945,2284.33,0
9228,6791,3813.97,0
9229,14501,574.79,0
9230,30290,3285.44,1
9231,20324,1294.02,0
9232,4084,3140.93,0
9233,24621,4808.11,0
9234,5675,3454.59,0
9235,14226,4968.19,1
9236,17938,2424.08,0
9237,22738,2462.43,1
9238,9781,105.54,1
9239,30907,4154.35,1
9240,7004,4940.4,0
9241,21604,2767.29,0
9242,7182,3586.78,0
9243,19289,3869.2,0
9244,29252,4512.06,1
9245,28756,3156.12,0
9246,27923,1416.18,0
9247,10170,4363.52,0
9248,11406,4858.52,1
9249,18524,1003.29,0
9250,20113,1048.81,0
9251,25053,4039.08,0
9252,10471,2427.89,1
9253,20548,4960.36,1
9254,23150,3981.44,1
9255,32513,2083.4,0
9256,19286,848.36,1
9257,1493,3615.51,1
9258,31854,301.16,1
9259,16500,380.42,1
9260,10807,1390.06,0
9261,6248,1832.16,0
9262,13310,1379.94,1
9263,32327,2305.77,1
9264,3470,2206.07,0
9265,32124,3763.73,1
9266,19588,1368.41,1
9267,21512,4744.08,0
9268,15983,1112.5,0
9269,4116,3784.66,0
9270,32036,2066.17,0
9271,3280,4573.29,0
9272,24685,1133.74,1
9273,23447,3752.34,1
9274,22460,2481.21,1
9275,18778,4163.18,1
9276,6170,268.09,1
9277,32333,2980.32,1
9278,26915,3356.79,0
9279,12671,359.67,1
9280,6636,2860.66,0
9281,16009,3548.4,1
9282,32584,798.57,1
9283,2459,3097.14,1
9284,16671,1146.76,0
9285,20870,3702.17,0
9286,21962,3910.19,1
9287,28754,4723.63,0
9288,16809,3531.38,0
9289,2552,4684.43,1
9290,14596,2208.01,0
9291,29870,4202.59,1
9292,29269,2040.2,0
9293,19454,3787.84,1
9294,30427,4479.12,0
9295,8470,1891.47,0
9296,14643,2778.67,1
9297,14462,1094.25,1
9298,25370,4622.63,1
9299,23437,741.43,1
9300,16599,4066.46,1
9301,1664,1527.05,1
9302,23591,1792.77,1
9303,29133,3068.59,1
9304,27739,1958.4,0
9305,28634,4173.0,1
9306,22311,1600.79,0
9307,30032,381.92,0
9308,15830,373.27,0
9309,18672,828.4,0
9310,16733,4662.97,1
9311,22359,3417.65,0
9312,31685,1661.06,1
9313,33048,4578.62,1
9314,29892,3683.47,0
9315,4033,1146.98,1
9316,18759,4704.67,0
9317,2389,4757.41,1
9318,5234,4294.4,1
9319,6344,1756.96,0
9320,24652,242.61,0
9321,29512,4324.07,0
9322,7577,989.1,1
9323,24275,3132.21,1
9324,13100,800.49,0
9325,9631,208.74,0
9326,7621,4515.53,0
9327,33296,3554.94,1
9328,14565,2785.49,1
9329,4214,3386.17,0
9330,33391,1028.4,0
9331,18399,3548.51,1
9332,15090,142.06,0
9333,3534,575.15,0
9334,4528,958.37,1
9335,28375,451.78,1
9336,11231,1452.95,1
9337,30907,1039.08,1
9338,22227,2321.88,0
9339,17930,4273.59,0
9340,24438,4322.66,0
9341,25283,4237.92,1
9342,16319,4135.4,1
9343,72,1994.87,0
9344,5685,2588.82,0
9345,15875,771.74,1
9346,30675,4307.03,1
9347,13978,2717.19,1
9348,22233,1745.93,0
9349,26819,3980.71,1
9350,24205,1270.72,0
9351,19742,3917.99,0
9352,30457,3868.06,0
9353,6546,1383.17,1
9354,25772,4371.48,1
9355,20535,4192.98,1
9356,23884,2979.35,1
9357,32492,1357.28,0
9358,30561,4857.74,0
9359,28021,2861.01,0
9360,20149,1065.54,0
9361,25312,4121.21,1
9362,31106,3187.96,0
9363,31806,4239.6,1
9364,32828,3752.8,0
9365,30564,1959.32,1
9366,6750,709.61,0
9367,15642,821.07,0
9368,14603,3999.88,1
9369,9129,1909.53,1
9370,21999,3257.31,1
9371,34930,4923.62,1
9372,3167,1895.75,0
9373,29379,480.33,1
9374,8182,3779.36,1
9375,28502,2109.8,1
9376,16491,2354.57,0
9377,19771,345.9,0
9378,4953,3728.78,0
9379,1098,4673.52,1
9380,21171,1682.46,1
9381,10436,2433.25,0
9382,25423,3842.7,1
9383,20677,3492.89,1
9384,32551,3649.02,0
9385,2409,4952.7,1
9386,29644,863.64,1
9387,17120,939.05,1
9388,2855,2287.8,0
9389,20515,4222.05,0
9390,27130,4292.03,1
9391,23820,4504.51,0
9392,23119,2232.48,0
9393,21381,2698.93,1
9394,25682,3148.51,1
9395,2307,4756.12,1
9396,30640,2139.51,0
9397,20531,476.21,0
9398,321,2688.3,1
9399,23625,3972.41,0
9400,13508,2308.86,0
9401,22018,951.55,1
9402,6598,4746.3,1
9403,12106,1891.74,1
9404,26434,3552.3,1
9405,23827,4628.48,0
9406,22029,3279.64,1
9407,34648,217.81,0
9408,1436,1500.14,0
9409,17126,4383.46,0
9410,5996,4756.96,0
9411,1397,1355.29,1
9412,17838,3898.97,0
9413,9188,1519.96,0
9414,16108,3612.41,1
9415,24430,3904.08,0
9416,1472,2109.39,1
9417,31401,2758.88,0
9418,21223,457.1,0
9419,16029,464.52,0
9420,4894,2601.09,0
9421,32833,2873.23,1
9422,25023,4635.78,0
9423,228,3887.15,1
9424,33069,1028.02,1
9425,9735,2789.02,1
9426,32098,3464.98,0
9427,10749,929.33,0
9428,3624,4521.35,0
9429,14232,190.94,0
9430,28949,2204.97,0
9431,33378,1253.68,1
9432,8125,821.34,0
9433,11974,3392.97,1
9434,16236,1042.85,0
9435,21128,3365.86,1
9436,25864,4191.83,1
9437,11859,497.81,0
9438,28392,2714.25,0
9439,596,4305.97,1
9440,19839,877.39,1
9441,22531,4406.58,1
9442,15461,3750.95,1
9443,28091,1060.97,0
9444,14871,705.43,0
9445,31266,1916.77,0
9446,24376,1978.69,1
9447,4378,3057.73,1
9448,32128,2130.67,0
9449,3155,4549.32,1
9450,22575,1679.94,0
9451,5840,1839.4,1
9452,26687,3466.73,0
9453,1716,1033.5,0
9454,23308,4255.17,1
9455,10435,3619.35,0
9456,14480,332.52,0
9457,1826,3740.75,1
9458,23928,1577.23,1
9459,20696,2579.41,1
9460,10818,1756.42,0
9461,6230,2990.32,0
9462,12130,1699.76,1
9463,10381,4162.37,1
9464,1825,176.93,0
9465,14291,3626.11,0
9466,22393,2123.21,0
9467,29118,2175.85,0
9468,27419,2073.82,1
9469,3528,4450.77,1
9470,24989,4836.39,1
9471,2566,2357.04,0
9472,12389,1171.66,0
9473,4531,3305.92,0
9474,13420,266.97,1
9475,28996,2680.52,0
9476,2732,4788.46,0
9477,26488,3586.08,1
9478,17432,2566.78,0
9479,29531,928.99,0
9480,26257,2983.18,1
9481,21175,2864.27,0
9482,21087,3117.68,1
9483,2318,2675.77,0
9484,15732,467.52,0
9485,8862,3027.66,1
9486,32646,3298.14,0
9487,9382,337.63,0
9488,30368,2647.26,1
9489,26566,4382.04,0
9490,6641,2621.9,0
9491,33179,2319.28,1
9492,49,4976.82,1
9493,26123,3702.25,1
9494,16725,4509.0,0
9495,10758,1227.14,1
9496,1193,3460.61,1
9497,2184,1125.32,1
9498,34751,3818.58,1
9499,34504,4543.63,0
9500,25292,1462.91,0
9501,30337,3079.66,0
9502,3755,1485.58,0
9503,24978,280.69,0
9504,14700,4809.01,1
9505,32114,3396.74,0
9506,14508,4284.38,1
9507,25946,4664.33,1
9508,5386,2555.71,0
9509,25022,3836.87,1
9510,4946,3985.34,0
9511,29499,4780.85,0
9512,23533,2517.01,1
9513,24386,1793.9,0
9514,14184,4524.3,0
9515,26192,2441.57,1
9516,31601,2792.97,1
9517,25472,2701.83,1
9518,1609,1154.21,0
9519,6,2778.03,1
9520,1706,2425.23,0
9521,32767,4604.94,1
9522,28420,584.62,1
9523,5942,4331.79,0
9524,10070,4056.56,1
9525,11228,2536.05,1
9526,5651,4158.88,1
9527,6727,4876.88,0
9528,6325,2681.04,0
9529,6963,1165.27,0
9530,6937,3006.21,0
9531,22955,4924.38,0
9532,3541,2758.06,0
9533,18608,3918.09,1
9534,24978,1020.56,1
9535,25258,3847.8,0
9536,7324,1973.65,0
9537,17829,4312.11,1
9538,20288,2085.56,1
9539,31041,1898.57,1
9540,20259,1687.05,0
9541,30178,2322.57,1
9542,7410,630.25,0
9543,30840,4989.55,1
9544,8400,4998.97,1
9545,25618,356.26,0
9546,32039,2211.87,1
9547,27565,4758.03,1
9548,4841,4987.64,1
9549,22835,4364.2,0
9550,6355,2807.72,0
9551,8402,3454.5,1
9552,9,1243.03,0
9553,2981,4792.37,1
9554,11613,2576.16,0
9555,4821,2524.97,0
9556,32021,4084.42,1
9557,5649,1524.89,0
9558,1285,186.08,0
9559,10724,3355.36,1
9560,25103,3503.61,1
9561,11991,1659.09,0
9562,30833,4440.68,1
9563,25172,320.29,0
9564,8238,4986.19,0
9565,3954,4562.01,1
9566,11448,2993.62,1
9567,15078,4893.54,1
9568,11420,2303.99,1
9569,13626,4665.4,1
9570,26947,764.12,0
9571,32789,1162.9,1
9572,13772,2811.37,0
9573,3613,3138.05,1
9574,26218,2640.27,1
9575,4622,3605.96,1
9576,16378,4489.75,1
9577,14250,2157.63,1
9578,16839,1629.32,1
9579,18391,4552.81,0
9580,34549,3418.11,0
9581,16635,2201.99,0
9582,29198,4791.54,1
9583,12325,734.3,0
9584,10909,1242.12,1
9585,18706,3868.75,1
9586,15014,2361.46,1
9587,944,190.86,1
9588,12291,3492.63,0
9589,33985,3430.89,0
9590,22805,1875.94,1
9591,13902,3639.47,0
9592,6202,2311.94,1
9593,11401,786.9,1
9594,20755,3328.83,1
9595,16980,4523.35,0
9596,11782,1455.34,0
9597,33508,3429.32,1
9598,33304,4349.99,0
9599,18980,2782.81,1
9600,18996,4364.38,0
9601,9483,3470.49,1
9602,14733,2941.82,0
9603,30037,587.65,1
9604,33165,4478.1,0
9605,30152,1301.54,1
9606,17075,1317.15,1
9607,18527,1937.19,0
9608,34455,4937.49,1
9609,12499,2090.05,1
9610,11821,4534.57,0
9611,30424,3925.06,0
9612,13356,3016.56,1
9613,27369,3927.18,1
9614,7886,4648.79,1
9615,26487,1858.16,1
9616,22469,890.97,1
9617,25212,4700.65,1
9618,14263,3843.9,0
9619,14922,4041.98,0
9620,26543,4234.19,1
9621,2708,1069.28,0
9622,3853,2069.04,0
9623,27233,457.92,1
9624,16443,103.51,1
9625,19499,4391.13,1
9626,13507,4553.7,0
9627,32398,4592.94,0
9628,33984,3751.21,0
9629,3955,3230.75,1
9630,26681,2684.58,1
9631,5687,926.88,0
9632,6719,383.04,0
9633,9653,1661.27,1
9634,34128,2305.03,0
9635,10153,3646.38,0
9636,12584,4054.86,0
9637,17474,4516.09,0
9638,34447,3635.51,1
9639,17392,3794.63,1
9640,26778,3436.74,1
9641,27056,2080.41,0
9642,10457,3875.4,0
9643,31510,1673.98,1
9644,18345,169.3,1
9645,25159,1340.71,0
9646,19975,4816.05,0
9647,22316,2387.11,1
9648,33467,1740.1,1
9649,19479,539.41,1
9650,15375,3392.59,1
9651,32019,913.46,0
9652,15694,931.54,1
9653,31608,812.69,0
9654,452,3771.09,0
9655,12093,2280.44,1
9656,27490,794.03,1
9657,9213,4828.19,1
9658,21150,2024.8,0
9659,24087,2045.67,0
9660,27024,4120.2,1
9661,2278,3688.62,0
9662,22224,3824.6,1
9663,1464,518.07,1
9664,11079,824.74,0
9665,29001,3363.34,1
9666,20740,583.69,1
9667,2394,711.49,0
9668,14220,1417.84,1
9669,11967,3598.96,1
9670,21077,3121.43,0
9671,32217,3300.46,1
9672,5804,422.91,0
9673,22652,1543.51,0
9674,31816,4486.81,1
9675,11541,4508.14,1
9676,25469,3242.76,1
9677,3687,2137.75,0
9678,27102,1001.87,1
9679,18989,1459.39,1
9680,28702,2224.99,0
9681,27931,4667.75,1
9682,1659,2918.15,0
9683,27226,4746.83,0
9684,32830,4998.98,1
9685,30180,4268.67,1
9686,2454,4485.73,1
9687,565,2336.4,0
9688,533,1308.4,0
9689,30723,383.64,1
9690,7515,249.28,1
9691,21729,4121.79,0
9692,30318,1045.42,0
9693,34548,4330.0,1
9694,23348,2434.63,0
9695,2647,2750.23,1
9696,24760,3955.63,1
9697,26722,1158.91,1
9698,12890,1479.46,1
9699,7835,4495.93,1
9700,8099,1639.34,1
9701,31996,3101.25,0
9702,33316,4613.95,0
9703,1953,282.4,0
9704,4058,4521.33,1
9705,6079,1967.73,0
9706,1257,2318.75,0
9707,27299,2892.37,0
9708,17344,3138.65,1
9709,12217,3027.96,0
9710,6655,2434.49,0
9711,4735,4713.24,1
9712,22268,2212.09,0
9713,23623,326.01,0
9714,7593,2563.12,1
9715,477,948.12,0
9716,22382,1875.09,1
9717,25069,2141.95,1
9718,17027,792.79,1
9719,18640,2859.49,0
9720,15316,792.75,0
9721,11010,2160.95,1
9722,14137,2091.0,0
9723,34794,4057.12,0
9724,31107,4347.22,1
9725,27660,2064.43,1
9726,27645,3601.62,0
9727,8876,724.38,1
9728,23618,1343.52,0
9729,11454,493.26,1
9730,5219,577.71,0
9731,26887,3959.79,1
9732,12403,2326.88,0
9733,3788,548.43,0
9734,16680,4743.88,0
9735,25791,2287.23,1
9736,26460,2726.16,1
9737,348,550.32,1
9738,28047,612.49,0
9739,33577,2421.35,0
9740,590,1465.55,1
9741,4190,1517.36,0
9742,23590,4931.32,0
9743,34587,2341.86,1
9744,1247,4971.97,1
9745,21742,3972.64,1
9746,27273,4631.0,1
9747,26708,3489.27,0
9748,24736,3750.19,1
9749,19,4307.58,0
9750,5330,4590.22,0
9751,23512,882.81,0
9752,169,259.88,1
9753,8143,1912.0,0
9754,6736,1838.67,1
9755,21730,1607.21,1
9756,16032,3923.96,0
9757,9361,1727.11,1
9758,8859,1908.62,0
9759,10345,2370.82,1
9760,19927,2070.7,1
9761,6469,1505.76,0
9762,12660,2650.63,1
9763,2250,4437.11,0
9764,4860,2662.73,1
9765,15569,3336.71,0
9766,18975,3843.38,1
9767,16902,3756.14,0
9768,33605,4867.17,0
9769,593,2685.61,1
9770,17657,4112.19,1
9771,2156,564.37,0
9772,27614,1309.45,0
9773,2291,492.51,0
9774,2285,1876.52,1
9775,19717,1099.26,1
9776,12197,3760.24,0
9777,24049,558.16,0
9778,15671,1917.13,1
9779,10673,1429.66,0
9780,23501,2844.97,0
9781,14642,2491.56,0
9782,25299,2299.21,1
9783,13553,2485.7,1
9784,29469,3141.12,0
9785,24109,3873.43,0
9786,31503,2873.97,0
9787,7077,3589.69,0
9788,16767,2041.16,1
9789,33630,4992.16,0
9790,10481,2817.36,0
9791,27663,3989.27,1
9792,8742,3802.71,1
9793,3909,761.89,0
9794,20709,2091.86,0
9795,14380,4934.72,0
9796,25830,2909.3,1
9797,11718,687.48,0
9798,25721,908.99,0
9799,23787,3975.82,0
9800,25039,619.8,1
9801,1222,2289.87,0
9802,7053,2009.03,0
9803,4402,4383.54,1
9804,22714,1611.19,0
9805,2943,4790.09,1
9806,7622,215.1,1
9807,31157,353.14,0
9808,14127,4723.17,0
9809,26055,3019.86,1
9810,27214,1007.13,1
9811,1614,3297.21,1
9812,19310,4293.77,0
9813,29772,591.89,0
9814,18206,4518.91,1
9815,18543,721.75,0
9816,33134,4514.66,1
9817,24807,3462.92,1
9818,4610,1797.19,1
9819,26078,2691.04,0
9820,30607,914.07,1
9821,8109,3565.13,0
9822,5857,3220.63,1
9823,21548,4911.96,1
9824,7019,4032.59,1
9825,20999,1442.78,1
9826,492,4863.16,0
9827,6859,2035.5,1
9828,19097,4625.03,1
9829,4492,996.31,1
9830,18307,1323.37,0
9831,8179,598.76,1
9832,28561,1704.86,0
9833,15060,3966.41,0
9834,4950,588.45,0
9835,17201,3395.63,1
9836,19928,487.61,1
9837,19721,2667.13,0
9838,76,493.49,0
9839,22812,441.18,1
9840,6684,668.21,0
9841,30519,2610.87,1
9842,6396,2676.75,0
9843,19789,954.1,1
9844,20645,2345.06,0
9845,31263,4967.8,1
9846,2727,1308.14,0
9847,9481,4773.41,1
9848,30878,843.49,1
9849,22972,3090.79,0
9850,20173,3885.57,0
9851,30558,3509.43,0
9852,4258,2314.39,1
9853,5115,2166.41,0
9854,27109,1455.52,1
9855,11160,1804.53,0
9856,25901,4693.64,0
9857,22963,2346.31,1
9858,16135,4107.43,1
9859,33211,2273.28,1
9860,26894,3795.2,0
9861,11677,255.75,0
9862,19219,840.72,1
9863,17189,1678.33,0
9864,16443,3178.51,0
9865,10388,3409.36,0
9866,22252,2648.37,0
9867,21076,3030.95,1
9868,15680,3377.94,0
9869,22970,3137.15,0
9870,15326,3091.59,0
9871,34114,611.56,1
9872,17688,2960.03,1
9873,24807,3636.62,0
9874,18125,1032.29,0
9875,3362,4316.51,0
9876,9754,2357.17,1
9877,4506,2105.68,0
9878,27699,346.52,1
9879,8613,2480.71,0
9880,7335,266.98,0
9881,20471,3661.32,0
9882,28468,466.46,1
9883,19587,4442.63,0
9884,18685,625.84,0
9885,26846,1829.03,0
9886,15036,2630.35,1
9887,3399,1490.88,1
9888,27409,3744.41,0
9889,14688,1419.68,1
9890,21764,3082.44,1
9891,11512,3643.09,1
9892,6768,4816.32,1
9893,4464,3070.81,1
9894,3631,2471.65,1
9895,13856,1252.63,0
9896,15412,4047.81,0
9897,16173,600.83,0
9898,8032,2526.5,0
9899,16251,395.45,1
9900,34624,4541.35,0
9901,10269,2803.58,1
9902,10457,967.9,0
9903,438,2623.37,0
9904,18319,2709.01,0
9905,22766,4412.82,1
9906,25212,191.54,1
9907,22144,4860.74,1
9908,20327,4713.38,0
9909,31721,4528.54,0
9910,33867,2110.84,0
9911,246,1027.89,1
9912,12913,2795.68,0
9913,17793,1315.94,0
9914,15207,3074.89,1
9915,23836,3723.78,0
9916,18393,987.34,1
9917,4196,4769.39,1
9918,14238,1633.22,1
9919,5091,1768.55,0
9920,7081,1825.42,1
9921,25120,812.13,1
9922,6203,2276.34,0
9923,27091,992.45,0
9924,4912,2185.12,0
9925,11464,3284.65,1
9926,14843,2236.52,1
9927,34935,4746.27,0
9928,29425,3192.86,0
9929,31300,550.08,1
9930,9594,4125.58,1
9931,32482,705.54,1
9932,6190,766.13,1
9933,3460,1206.5,1
9934,14703,3218.76,1
9935,24878,2500.63,0
9936,6024,4403.58,0
9937,27861,1065.8,0
9938,22423,4577.39,0
9939,5155,524.95,0
9940,3182,1988.34,1
9941,32280,4896.04,0
9942,8435,1878.71,1
9943,219,2048.37,0
9944,32643,3112.76,0
9945,31230,2494.14,1
9946,26605,3253.75,1
9947,18197,4752.09,1
9948,31899,2167.32,0
9949,2514,3612.44,1
9950,7078,2944.45,0
9951,23574,4822.49,1
9952,623,2182.57,0
9953,24832,4905.84,0
9954,25678,1293.27,0
9955,33952,1649.45,1
9956,13003,4877.07,1
9957,6604,2450.11,1
9958,9803,1614.77,1
9959,23104,2457.55,0
9960,7862,361.26,0
9961,17949,4232.68,1
9962,3268,2226.18,1
9963,13005,561.1,0
9964,21167,3719.81,1
9965,33481,1344.08,1
9966,32252,3510.6,0
9967,20539,786.11,1
9968,5836,4188.94,0
9969,15433,4539.62,0
9970,4256,709.17,0
9971,3597,3447.26,0
9972,23372,4597.53,1
9973,22158,4719.94,0
9974,562,3022.09,1
9975,34151,2593.59,0
9976,5674,2212.63,0
9977,29986,120.3,0
9978,21329,2160.65,0
9979,2417,3746.21,0
9980,6982,4198.2,0
9981,23477,510.45,1
9982,3436,261.67,1
9983,29246,3884.73,1
9984,10373,2709.71,0
9985,832,3125.05,1
9986,32505,4424.08,1
9987,16722,2863.59,1
9988,5591,4682.81,0
9989,25520,4701.32,0
9990,17335,2938.57,0
9991,13643,549.98,1
9992,26115,2522.65,1
9993,593,1758.6,1
9994,27607,2200.29,1
9995,17337,2967.51,0
9996,32342,197.98,1
9997,6047,4015.16,0
9998,2250,2788.65,0
9999,31704,3693.74,1
10000,28462,1644.17,0
10001,5361,3570.85,1
10002,13456,3661.91,0
10003,4377,929.93,1
10004,14574,1723.83,0
10005,18238,2522.24,0
10006,33950,2146.97,1
10007,5331,1425.78,1
10008,12178,356.79,0
10009,30539,1051.96,1
10010,2034,2313.45,1
10011,3119,2258.6,1
10012,8712,2537.28,1
10013,7005,4395.13,0
10014,30878,1597.57,1
10015,13135,899.74,1
10016,28048,3189.03,1
10017,19522,4339.63,1
10018,23807,4101.93,1
10019,15391,2413.26,1
10020,31256,2729.82,0
10021,33189,1286.51,1
10022,33712,4763.82,1
10023,26885,2174.55,1
10024,9542,2022.62,1
10025,31728,3505.59,1
10026,23445,929.94,0
10027,14372,274.24,1
10028,4701,3749.46,0
10029,12883,2221.68,1
10030,17941,2196.49,1
10031,12228,4211.47,1
10032,15534,888.94,0
10033,25589,544.49,1
10034,7099,3811.87,0
10035,29217,2280.11,0
10036,7708,3141.61,1
10037,18889,4940.1,0
10038,19160,457.47,1
10039,24058,2437.71,1
10040,3071,4910.98,0
10041,5817,440.96,0
10042,34468,4417.6,1
10043,1843,3603.31,0
10044,10708,2067.69,1
10045,12773,1814.68,1
10046,16096,498.87,1
10047,16629,4056.98,0
10048,25473,229.65,1
10049,19852,617.5,0
10050,3360,2525.34,0
10051,31557,1099.13,0
10052,7545,1767.93,0
10053,18748,4316.79,0
10054,4255,1674.57,0
10055,14555,1867.63,1
10056,5814,4762.6,0
10057,9557,1008.35,0
10058,25134,1991.06,0
10059,6994,346.93,0
10060,1748,4068.32,1
10061,4060,1309.11,1
10062,25672,4513.95,0
10063,5555,4786.94,0
10064,18172,1621.35,1
10065,17368,1832.61,0
10066,6949,4175.2,1
10067,28775,731.37,0
10068,31466,2439.01,0
10069,24597,3469.55,0
10070,28244,4510.38,0
10071,20688,4029.59,1
10072,12367,976.78,0
10073,2598,585.56,0
10074,1695,4666.37,1
10075,20146,973.13,0
10076,17149,286.33,1
10077,31946,1756.45,0
10078,19016,702.96,1
10079,10596,3337.68,0
10080,8707,3289.1,1
10081,4462,2500.31,0
10082,29152,2110.17,1
10083,25547,3073.24,0
10084,1037,3428.78,1
10085,30845,2442.83,0
10086,19012,1134.26,1
10087,31219,1860.52,1
10088,14846,3118.92,0
10089,5394,2752.56,1
10090,6274,2586.52,0
10091,9663,379.11,0
10092,20454,991.93,1
10093,7042,1635.41,0
10094,22011,3774.13,1
10095,19111,4882.44,0
10096,18790,592.62,0
10097,7977,1827.61,0
10098,2053,3034.53,1
10099,12345,1108.99,0
10100,30147,3069.0,1
10101,30705,2124.93,0
10102,31813,4749.11,1
10103,28980,2251.46,1
10104,637,774.57,1
10105,30984,1904.88,0
10106,25229,4596.13,1
10107,27044,3878.17,0
10108,10986,1731.07,0
10109,8191,2849.6,1
10110,28292,3835.89,0
10111,14847,2221.14,1
10112,29749,2128.57,0
10113,28035,4261.8,1
10114,22760,2894.92,0
10115,14336,1471.98,0
10116,4822,3605.31,1
10117,10668,4391.65,1
10118,18433,3616.19,0
10119,7572,936.08,0
10120,13673,2683.87,1
10121,3181,3036.79,0
10122,26265,3390.9,1
10123,21237,2252.38,1
10124,9655,902.05,1
10125,24466,1845.28,1
10126,31276,4097.97,1
10127,17000,1163.0,0
10128,7011,4491.98,1
10129,30982,3519.29,1
10130,25203,1695.95,1
10131,17693,2252.34,1
10132,16550,1552.7,0
10133,32417,2888.1,1
10134,18504,2186.94,0
10135,21987,1439.0,0
10136,16518,3756.29,1
10137,12639,4139.13,1
10138,22787,780.49,1
10139,24006,1494.18,1
10140,9095,2690.76,0
10141,13110,1934.02,0
10142,32164,2755.25,1
10143,28385,925.86,0
10144,32722,992.35,1
10145,22926,2461.7,1
10146,1187,3029.97,0
10147,29943,4803.0,1
10148,33069,628.64,0
10149,14790,2364.78,0
10150,6156,4433.58,1
10151,14860,1364.66,0
10152,10982,2203.44,0
10153,1547,2339.58,1
10154,8138,1948.2,0
10155,30249,347.25,0
10156,8018,3623.54,0
10157,17766,1040.62,0
10158,19699,3744.25,0
10159,11110,1644.99,0
10160,30316,4703.14,0
10161,14132,3679.24,0
10162,32225,2250.8,1
10163,3562,850.18,1
10164,4144,543.18,1
10165,6161,260.79,1
10166,26411,785.07,0
10167,1242,777.05,1
10168,9851,4581.06,0
10169,10294,403.56,0
10170,3022,793.8,1
10171,6936,1412.25,0
10172,34719,4319.44,1
10173,22626,1520.64,1
10174,5851,247.18,1
10175,25151,4916.08,1
10176,33858,3653.69,1
10177,28174,3829.27,0
10178,8789,3799.36,1
10179,28545,987.66,1
10180,11819,333.97,1
10181,17768,2128.16,1
10182,23408,3092.91,1
10183,19920,1794.3,0
10184,20059,3144.34,0
10185,23733,3832.84,0
10186,22886,1543.27,1
10187,6968,4757.03,1
10188,28942,4349.98,0
10189,1414,3002.85,0
10190,3414,2133.92,1
10191,13434,3195.95,1
10192,5977,4696.85,0
10193,12818,1333.82,0
10194,30838,3022.76,0
10195,16349,2691.55,1
10196,21027,4112.34,0
10197,13347,953.18,1
10198,29316,4894.51,0
10199,22810,3537.81,0
10200,2593,3196.0,1
10201,24919,1861.93,0
10202,34586,868.39,1
10203,12205,1954.21,0
10204,18824,3827.01,1
10205,5384,333.88,1
10206,7234,3825.08,1
10207,8462,1200.54,0
10208,19474,4548.09,1
10209,786,2590.52,0
10210,23281,2032.59,1
10211,15531,2254.87,0
10212,8968,4553.87,1
10213,860,2002.7,1
10214,16611,118.08,0
10215,21636,1354.52,0
10216,33506,1458.41,1
10217,16452,1626.81,1
10218,12823,4465.85,1
10219,33991,4921.04,0
10220,15578,1222.98,1
10221,25852,2493.85,0
10222,7729,224.06,1
10223,3960,4275.38,1
10224,26925,3382.23,0
10225,943,4633.88,1
10226,5888,937.61,0
10227,11544,3443.32,0
10228,23933,4536.72,0
10229,6360,2519.51,0
10230,7230,509.22,1
10231,32751,1368.63,1
10232,13339,1700.9,1
10233,33001,448.69,0
10234,29067,1259.59,0
10235,4048,1158.97,0
10236,4331,909.23,0
10237,11625,2744.34,0
10238,28046,3049.39,0
10239,27386,4114.71,1
10240,10171,4954.79,1
10241,31302,4930.09,0
10242,1908,648.13,1
10243,26870,4177.66,1
10244,33831,2927.79,0
10245,10758,2812.29,1
10246,18720,2174.21,1
10247,27971,4062.52,0
10248,2007,1538.43,0
10249,14133,4398.64,1
10250,33487,3826.1,0
10251,10845,4210.47,1
10252,5421,2640.25,1
10253,12523,3244.68,0
10254,23329,1603.68,1
10255,6136,118.13,0
10256,1004,2287.55,0
10257,15592,1748.87,1
10258,16221,2578.37,1
10259,4039,1636.37,1
10260,26221,685.75,1
10261,4461,2690.25,1
10262,21188,3471.91,1
10263,6884,618.4,0
10264,11703,332.19,1
10265,1505,3569.25,0
10266,3892,3832.06,1
10267,1465,2427.71,1
10268,396,3064.73,0
10269,26277,3600.49,1
10270,18016,3706.26,1
10271,7750,2596.02,1
10272,10115,1127.23,0
10273,32427,1031.28,1
10274,21689,1313.1,1
10275,7704,809.6,1
10276,21157,2236.28,0
10277,34662,1719.53,0
10278,14647,1718.12,1
10279,18854,486.52,1
10280,263,1175.48,1
10281,6695,3288.46,1
10282,2799,1991.86,1
10283,4695,1880.1,1
10284,7701,1032.06,0
10285,20159,4399.74,0
10286,23401,313.28,1
10287,17009,4410.33,0
10288,17057,4257.39,1
10289,4851,4634.57,0
10290,30649,2266.66,0
10291,29750,4965.97,1
10292,10082,717.97,0
10293,24920,2586.97,1
10294,11231,1566.02,0
10295,32088,4992.55,1
10296,12739,4650.38,1
10297,29856,780.93,0
10298,12720,435.65,1
10299,13979,4456.99,1
10300,1163,4786.78,0
10301,12708,1241.34,1
10302,28416,2747.8,1
10303,17461,928.9,0
10304,33329,4687.29,1
10305,8822,4330.97,1
10306,7997,775.0,1
10307,21972,4127.39,1
10308,33372,371.04,1
10309,26245,2794.04,1
10310,31562,516.12,1
10311,12602,3974.97,0
10312,9808,3993.06,0
10313,2707,4730.35,1
10314,15476,3698.42,0
10315,28140,4687.26,1
10316,3591,4039.63,0
10317,30094,1502.11,1
10318,18023,4331.92,0
10319,29596,479.14,1
10320,19728,3833.33,0
10321,6063,4790.44,0
10322,18198,3480.49,0
10323,11136,3456.03,0
10324,602,2673.33,1
10325,15318,1593.47,0
10326,12786,1432.48,1
10327,11134,2600.21,1
10328,21021,4788.16,1
10329,33732,1263.02,1
10330,23981,4201.72,1
10331,7005,484.79,0
10332,8006,3940.44,1
10333,18421,4018.12,1
10334,21694,4398.33,1
10335,25515,3327.44,1
10336,17435,2825.88,1
10337,33310,3548.05,1
10338,33856,835.96,1
10339,11383,482.87,0
10340,2449,4346.68,1
10341,14428,4517.98,1
10342,26850,1341.89,0
10343,23136,4508.78,0
10344,23932,3149.77,0
10345,10087,4006.54,0
10346,15229,4603.35,0
10347,17694,4062.4,0
10348,10082,4946.24,1
10349,20437,912.9,0
10350,11273,3152.66,0
10351,15883,2346.17,1
10352,6805,2917.6,0
10353,24791,3622.03,0
10354,4081,2724.65,1
10355,10662,4189.07,0
10356,12085,1440.92,1
10357,17374,1897.3,0
10358,25357,3374.89,0
10359,5357,4822.51,1
10360,16443,3734.14,0
10361,4692,3901.66,1
10362,31841,1924.94,1
10363,21281,4055.83,1
10364,25370,1850.41,1
10365,33877,1896.95,0
10366,20634,4608.01,1
10367,18180,4804.32,1
10368,30311,879.64,1
10369,14823,1589.24,0
10370,12654,3384.02,0
10371,19663,3057.35,0
10372,8601,1138.05,1
10373,13086,1652.57,1
10374,28928,4964.04,0
10375,1767,4901.83,0
10376,11452,118.54,1
10377,4696,1711.12,1
10378,9813,4905.43,1
10379,13885,2245.52,1
10380,13475,131.36,0
10381,20845,2709.32,1
10382,28429,3757.17,1
10383,7716,1232.75,1
10384,16571,2164.34,0
10385,34160,4325.95,1
10386,22695,3165.29,0
10387,11496,3421.87,0
10388,1655,315.4,0
10389,15082,3943.32,0
10390,4212,3548.82,0
10391,1734,2141.73,1
10392,11507,1321.01,0
10393,1851,4613.64,0
10394,34090,4784.43,1
10395,29928,4517.94,1
10396,9488,2210.08,1
10397,19254,3990.64,1
10398,17886,567.59,0
10399,1834,2664.71,0
10400,25210,4749.15,1
10401,26698,4678.18,1
10402,10988,2389.96,1
10403,3752,1757.42,1
10404,34578,2552.81,1
10405,20768,3319.09,0
10406,2299,4305.11,0
10407,13969,3451.34,0
10408,3137,1015.53,1
10409,18399,4027.83,0
10410,31478,1281.27,1
10411,24454,4023.2,1
10412,20262,463.34,0
10413,9059,609.66,0
10414,28275,1585.48,0
10415,30598,3098.03,0
10416,13001,622.48,1
10417,19308,2268.49,1
10418,11112,4500.99,0
10419,8703,219.73,0
10420,32376,4574.96,1
10421,3308,982.96,0
10422,18219,1964.76,1
10423,23910,2129.67,1
10424,10121,648.84,0
10425,20278,1400.69,0
10426,15848,3964.43,0
10427,1571,609.4,1
10428,31763,2104.3,1
10429,17307,2255.18,0
10430,27292,589.13,0
10431,18393,1725.7,0
10432,9447,478.53,1
10433,1538,3403.29,0
10434,2182,1253.74,0
10435,30680,549.77,0
10436,32556,2730.64,0
10437,8119,861.56,0
10438,14625,3552.68,0
10439,34371,2613.57,0
10440,3659,4988.99,1
10441,4877,4316.8,1
10442,1975,4400.2,1
10443,4096,1016.18,0
10444,13678,1122.57,1
10445,29489,2418.2,0
10446,15659,669.81,1
10447,2009,515.23,1
10448,27041,2062.12,0
10449,27122,4604.2,1
10450,25858,3334.17,1
10451,26106,964.42,1
10452,4670,4244.31,1
10453,18523,456.9,0
10454,29215,3616.06,0
10455,31203,4417.25,0
10456,6773,375.65,0
10457,33972,2513.54,1
10458,32489,3636.35,0
10459,23364,3787.95,0
10460,25935,1620.47,1
10461,3456,4158.97,1
10462,18557,3077.38,1
10463,33494,3029.42,1
10464,31481,4820.38,1
10465,23038,1580.07,0
10466,8293,2864.45,0
10467,16668,1043.82,0
10468,29960,3597.05,0
10469,34136,2827.29,0
10470,5119,235.24,0
10471,1112,1546.99,0
10472,31389,3427.12,1
10473,984,720.75,1
10474,33107,3023.21,0
10475,29902,3863.98,0
10476,1501,2631.88,0
10477,18703,2181.43,0
10478,23603,4748.88,1
10479,12272,4783.16,0
10480,8233,1091.78,1
10481,20977,1495.56,1
10482,22213,4720.47,1
10483,29815,4194.57,1
10484,15885,374.41,1
10485,10663,4056.47,0
10486,34190,3313.7,1
10487,10164,541.99,0
10488,8349,4925.77,0
10489,11472,3198.65,1
10490,6652,4457.42,1
10491,3313,4411.54,1
10492,15210,2998.33,1
10493,29387,1781.13,1
10494,28073,650.1,1
10495,15136,2546.15,0
10496,11755,2184.65,0
10497,416,4741.94,1
10498,25370,954.03,1
10499,3703,1938.8,1
10500,3930,2234.92,1
10501,8784,598.62,1
10502,16417,3007.14,1
10503,22734,4394.78,1
10504,9487,2836.74,1
10505,14014,1192.25,0
10506,2680,1430.46,0
10507,8949,2079.46,1
10508,11252,3050.62,0
10509,6309,3031.57,1
10510,18109,2794.37,0
10511,23589,541.39,1
10512,23264,4390.43,0
10513,4731,3993.39,0
10514,30371,1288.98,0
10515,11327,426.93,0
10516,2518,721.01,1
10517,15339,3828.47,0
10518,27033,3637.25,0
10519,27929,606.88,0
10520,29276,676.57,1
10521,18507,375.53,1
10522,16196,2990.94,0
10523,13338,2286.34,1
10524,11646,2412.17,1
10525,31478,4769.92,1
10526,11905,3628.78,0
10527,31118,2965.67,0
10528,14449,2916.25,1
10529,14246,4132.07,0
10530,28160,1070.09,1
10531,13249,1609.33,0
10532,15698,445.28,0
10533,29138,1329.76,1
10534,2599,769.02,1
10535,4965,1680.61,1
10536,9848,3699.6,1
10537,14840,2953.73,1
10538,15455,3556.25,0
10539,3862,706.99,0
10540,7323,1963.03,0
10541,1396,1167.27,0
10542,27946,1119.11,1
10543,7010,3322.63,0
10544,29598,3208.79,0
10545,20919,1846.78,1
10546,18692,2389.4,1
10547,15145,2445.52,1
10548,14891,2096.28,1
10549,27838,2427.46,1
10550,9336,1164.3,1
10551,21571,1831.85,0
10552,13910,767.22,0
10553,24935,1194.49,0
10554,7163,2479.24,1
10555,22281,2021.2,1
10556,26965,1962.2,0
10557,7470,3908.82,1
10558,31451,2441.89,0
10559,16898,754.34,1
10560,11741,455.43,1
10561,25729,2277.78,1
10562,5183,2354.65,0
10563,14546,4196.62,0
10564,30078,1887.8,1
10565,23719,4709.62,0
10566,20911,807.2,1
10567,19217,1773.13,0
10568,16051,711.87,0
10569,652,1039.24,1
10570,6920,3789.53,1
10571,16901,3363.99,1
10572,8487,2749.19,1
10573,1160,904.93,0
10574,14037,416.11,0
10575,138,1765.06,1
10576,28296,3751.19,1
10577,16833,3276.58,0
10578,14674,3533.25,1
10579,19906,4162.63,0
10580,11652,4098.86,1
10581,11308,3574.14,0
10582,16130,501.57,1
10583,8144,4063.46,1
10584,33702,1004.8,0
10585,23791,503.88,1
10586,22459,2830.25,0
10587,26692,1505.21,1
10588,24645,2528.88,1
10589,32935,3363.99,0
10590,26024,133.86,1
10591,14525,298.35,0
10592,26327,1782.15,0
10593,32471,3670.16,1
10594,16699,2217.83,0
10595,27815,2849.86,0
10596,12855,403.69,0
10597,12046,4297.97,1
10598,29294,2568.52,0
10599,33871,2106.37,0
10600,29950,3625.38,0
10601,13763,2081.02,0
10602,2007,1866.64,0
10603,6003,4545.42,0
10604,5801,4612.02,1
10605,8900,2927.83,1
10606,17236,2278.77,0
10607,8487,4372.31,0
10608,1306,2099.38,0
10609,18621,2799.69,0
10610,28134,1951.09,1
10611,24248,4995.35,0
10612,16476,2349.86,0
10613,28300,3149.89,1
10614,13679,3038.62,1
10615,22708,2644.46,1
10616,31146,4603.87,1
10617,11231,121.48,1
10618,31914,168.73,0
10619,34166,2136.58,1
10620,29781,4172.23,0
10621,24933,2336.78,1
10622,274,3583.77,1
10623,15255,4220.78,1
10624,32676,227.01,0
10625,24381,2716.32,1
10626,18712,2113.6,1
10627,28859,4881.71,1
10628,26098,550.79,1
10629,20820,422.17,0
10630,34745,2879.76,0
10631,21314,571.25,0
10632,29355,4775.37,0
10633,5487,1680.89,1
10634,21808,841.06,1
10635,21955,2141.76,1
10636,16981,1652.56,1
10637,12807,1634.2,1
10638,30751,892.74,0
10639,26606,483.57,1
10640,31012,2054.56,1
10641,24535,3432.44,1
10642,32557,3885.61,1
10643,921,621.88,1
10644,10055,4150.19,1
10645,1837,1616.95,0
10646,24902,144.76,0
10647,8041,3505.08,0
10648,31140,737.0,1
10649,372,1649.61,0
10650,14806,2613.56,1
10651,23099,1601.67,0
10652,19888,742.12,1
10653,24915,3892.51,0
10654,24074,2412.61,1
10655,25056,1191.95,0
10656,4226,4053.55,0
10657,9960,2977.84,0
10658,21930,3949.89,0
10659,33298,2957.68,0
10660,19859,3506.57,0
10661,30379,2526.85,0
10662,33132,3676.41,0
10663,30166,3906.87,0
10664,16415,388.41,0
10665,12266,771.38,0
10666,10201,3034.5,1
10667,17846,4544.87,1
10668,2148,1189.34,0
10669,4849,4979.82,0
10670,24934,2824.07,1
10671,7881,2826.88,0
10672,6847,4549.05,0
10673,15524,4127.73,0
10674,2364,4700.98,0
10675,10894,1831.99,1
10676,4863,445.61,0
10677,21970,2648.28,1
10678,14064,2315.29,0
10679,12919,996.77,0
10680,15744,211.61,1
10681,1529,2311.67,1
10682,11525,2651.67,0
10683,25201,2153.37,0
10684,26768,3368.33,0
10685,26784,1043.5,1
10686,34690,3720.69,1
10687,21319,1816.19,0
10688,34779,946.95,0
10689,20394,2787.46,0
10690,3188,1057.58,0
10691,31854,451.86,1
10692,27060,4822.02,1
10693,1078,3813.18,0
10694,15022,2895.23,1
10695,16163,4889.4,0
10696,9234,4283.78,1
10697,28379,2913.81,1
10698,701,1263.61,1
10699,5382,3565.24,0
10700,13246,4078.63,1
10701,27864,2536.9,0
10702,3839,318.17,0
10703,3850,3098.38,1
10704,19310,3320.67,1
10705,4453,4033.49,0
10706,27025,4875.18,0
10707,33030,4151.26,1
10708,27719,4303.22,0
10709,23499,1492.49,0
10710,23075,3827.78,1
10711,13938,1935.0,0
10712,5408,2877.93,0
10713,16615,4319.34,1
10714,20727,3925.0,0
10715,4164,4087.6,1
10716,17478,856.33,0
10717,20325,2362.54,1
10718,32796,4137.67,0
10719,4055,1679.7,1
10720,13495,4893.47,0
10721,23570,3155.27,1
10722,25339,328.53,1
10723,2823,4472.54,1
10724,6075,4071.71,1
10725,10095,465.81,1
10726,11219,3225.08,1
10727,4131,1724.85,0
10728,29175,254.01,0
10729,12814,344.88,1
10730,34096,2626.58,1
10731,31265,4004.48,0
10732,2243,2912.41,0
10733,3272,2916.42,1
10734,33550,4931.14,0
10735,21476,4640.42,0
10736,29460,706.46,1
10737,34228,3979.21,0
10738,18196,2226.37,0
10739,30949,1497.68,0
10740,26766,3063.6,0
10741,32763,3737.04,1
10742,6117,3025.23,0
10743,6088,3262.6,1
10744,34866,1778.09,0
10745,21892,3013.57,1
10746,20822,955.17,0
10747,7710,1268.71,0
10748,10924,4240.35,1
10749,33967,329.1,1
10750,20519,3476.78,0
10751,1975,3239.47,0
10752,20409,3709.93,0
10753,13738,3832.65,1
10754,22416,4298.51,0
10755,8587,1978.55,1
10756,21969,143.66,0
10757,24357,3245.86,1
10758,18725,2296.67,1
10759,17669,1986.73,0
10760,31244,2739.45,0
10761,3958,1650.8,0
10762,7148,3882.14,1
10763,13431,873.18,0
10764,34136,214.01,0
10765,33529,453.66,0
10766,5915,3532.21,1
10767,29343,4768.81,0
10768,34232,3272.5,1
10769,5235,831.71,0
10770,33264,1196.15,1
10771,22630,3750.58,1
10772,9376,3897.88,0
10773,20936,4814.15,0
10774,323,4677.01,1
10775,16786,1912.89,1
10776,23634,3233.18,1
10777,34672,1613.89,1
10778,24478,2453.93,0
10779,3720,867.56,1
10780,23585,3252.21,0
10781,21769,2378.51,0
10782,22928,2136.14,1
10783,17782,1032.97,0
10784,16155,545.82,0
10785,27814,1514.91,1
10786,31961,3129.94,1
10787,25424,3190.4,0
10788,22348,4230.65,0
10789,11976,2582.82,1
10790,34764,4805.25,1
10791,18509,3644.74,1
10792,17950,3765.77,1
10793,19328,3586.0,0
10794,9703,2494.52,1
10795,29977,4430.92,1
10796,20349,1813.27,0
10797,31401,4789.65,0
10798,9951,704.95,0
10799,34868,886.0,0
10800,11495,669.46,0
10801,14137,4985.47,1
10802,15169,589.68,1
10803,32694,1334.45,1
10804,17121,2425.44,1
10805,28585,3927.52,0
10806,11696,2091.98,1
10807,6550,4761.38,0
10808,10205,3560.24,0
10809,27674,553.81,1
10810,17580,873.15,1
10811,4336,3645.89,1
10812,28199,2393.47,0
10813,21528,4898.67,1
10814,21384,631.1,1
10815,14901,1696.53,0
10816,7650,4036.08,1
10817,25682,433.76,1
10818,21610,3683.3,1
10819,34337,4513.0,1
10820,23114,521.43,0
10821,12531,3562.44,0
10822,29552,1238.2,1
10823,22218,3935.74,1
10824,14023,1684.57,0
10825,34555,4872.82,1
10826,27062,1400.64,1
10827,33482,2830.3,1
10828,4766,1058.6,0
10829,14712,3009.46,1
10830,19324,2532.4,0
10831,31157,4765.31,1
10832,27410,952.43,1
10833,4160,3847.68,0
10834,5797,4845.97,1
10835,14085,494.39,1
10836,34154,2432.52,0
10837,8446,3405.16,0
10838,12309,3489.42,1
10839,15592,3161.59,0
10840,15047,1416.35,1
10841,32174,2650.79,1
10842,27743,2886.76,1
10843,3790,134.32,1
10844,26922,150.85,1
10845,32803,4790.75,1
10846,19000,2428.43,0
10847,29195,3343.08,1
10848,32301,3130.94,1
10849,31669,1017.07,1
10850,17382,3564.16,0
10851,20902,2419.3,1
10852,5315,3912.83,1
10853,25493,4196.71,0
10854,31894,652.14,1
10855,25563,3234.29,1
10856,19524,4079.21,1
10857,34802,1067.02,1
10858,8433,4223.91,0
10859,2489,4802.68,1
10860,29623,4534.67,1
10861,24516,4415.86,1
10862,28740,4235.28,0
10863,4134,1293.8,0
10864,12765,3831.62,1
10865,22038,4891.12,0
10866,32717,4877.74,0
10867,10843,4123.54,0
10868,7912,1375.3,1
10869,22185,2797.59,0
10870,11,4838.88,1
10871,8751,2018.68,1
10872,583,998.79,0
10873,14223,2881.85,1
10874,8254,2487.14,0
10875,19114,4106.15,1
10876,8575,4044.41,0
10877,22995,3570.96,1
10878,8814,2162.26,1
10879,25270,4076.71,0
10880,30576,1691.86,1
10881,1000,4336.81,0
10882,2997,1991.35,0
10883,1705,2339.1,0
10884,6627,672.31,1
10885,24294,2880.96,0
10886,34168,871.69,1
10887,8790,4157.33,1
10888,33533,3182.74,0
10889,574,4576.02,0
10890,20416,3318.03,0
10891,22462,3403.8,1
10892,26266,1679.17,0
10893,11662,4991.62,0
10894,29657,4156.02,1
10895,19668,1449.57,1
10896,30662,1217.71,0
10897,3775,3797.88,0
10898,23562,4738.99,1
10899,30594,1845.02,1
10900,19136,2365.95,1
10901,25062,3936.84,0
10902,19889,1520.57,1
10903,1160,2360.85,1
10904,19865,3860.82,1
10905,14601,1197.82,0
10906,29594,4937.1,0
10907,11802,2721.22,0
10908,12873,2345.84,1
10909,23972,3299.45,0
10910,19030,219.8,1
10911,25720,4974.09,1
10912,24618,196.93,1
10913,21418,789.33,1
10914,25516,4424.04,0
10915,26631,2860.5,1
10916,2792,3033.86,1
10917,12927,2002.38,1
10918,226,3480.56,0
10919,19606,3322.67,1
10920,26203,3830.57,0
10921,2175,836.97,0
10922,29052,2036.86,0
10923,8177,2327.44,1
10924,31346,1072.74,0
10925,24431,716.17,0
10926,28467,2237.76,1
10927,13324,2148.97,1
10928,2649,606.75,0
10929,32076,4563.41,1
10930,12777,3351.81,1
10931,25930,147.45,0
10932,20077,835.97,0
10933,11385,222.42,0
10934,1622,2856.6,1
10935,21199,331.14,0
10936,17452,3752.6,1
10937,4073,2508.03,1
10938,16598,2552.39,0
10939,3098,2597.95,0
10940,26088,2558.02,0
10941,22910,1208.9,1
10942,27692,3549.56,1
10943,7519,1276.73,0
10944,1712,2164.18,1
10945,17919,2822.2,1
10946,7342,4083.2,0
10947,27249,2922.11,1
10948,25290,4768.02,0
10949,18076,4688.06,1
10950,27566,3945.51,0
10951,8901,768.41,0
10952,25171,3637.61,0
10953,32797,2767.06,1
10954,28125,3558.08,1
10955,8280,1678.3,0
10956,26110,4496.95,1
10957,30690,4271.1,1
10958,22449,1825.42,0
10959,1613,1793.43,0
10960,31002,2095.56,1
10961,20033,4592.35,1
10962,20718,4872.84,0
10963,4794,3903.73,1
10964,2929,3111.8,1
10965,16152,506.79,1
10966,19975,1824.04,1
10967,26146,1763.33,0
10968,20314,4074.76,1
10969,14447,843.69,1
10970,8164,3644.22,0
10971,2594,1519.93,0
10972,7946,3315.8,0
10973,31202,4246.57,0
10974,5021,2564.94,1
10975,4431,1306.73,0
10976,33698,2480.63,1
10977,15648,1777.91,1
10978,2215,2083.45,1
10979,34834,1655.94,1
10980,2183,353.57,1
10981,5128,4195.99,0
10982,19787,3185.79,1
10983,14610,4240.21,0
10984,18197,658.11,1
10985,7488,2817.88,1
10986,12891,2039.3,0
10987,230,282.78,1
10988,9532,3114.12,0
10989,8647,3789.37,0
10990,1742,980.17,0
10991,33574,2952.28,0
10992,26015,2830.51,0
10993,29861,2696.09,1
10994,21523,2295.11,1
10995,21597,2718.77,0
10996,34389,2255.68,0
10997,13155,1466.39,0
10998,21157,3530.74,0
10999,6750,1110.6,0
11000,3374,765.84,1
11001,27163,283.1,0
11002,15045,783.41,1
11003,21837,1391.18,0
11004,19643,1533.1,1
11005,30535,3578.72,1
11006,24821,4233.98,1
11007,23506,4606.08,0
11008,25993,3852.71,0
11009,24602,3605.98,1
11010,30995,4671.28,0
11011,31610,792.25,0
11012,24573,3472.37,0
11013,33868,4211.42,1
11014,6031,4136.75,1
11015,1779,1842.3,0
11016,8783,2065.38,0
11017,29358,2266.41,0
11018,21004,4714.1,1
11019,15091,2938.47,1
11020,33132,1573.53,1
11021,4031,3424.5,1
11022,20382,4500.18,1
11023,22876,4740.34,1
11024,17957,1755.58,0
11025,21291,2039.63,0
11026,4310,3166.06,0
11027,26173,1422.87,1
11028,12701,3653.63,1
11029,3822,3463.55,0
11030,27144,3237.22,0
11031,18139,2768.2,1
11032,16910,3513.64,1
11033,23634,4997.65,0
11034,20838,1295.14,1
11035,2307,493.03,0
11036,7263,3616.13,0
11037,551,1963.09,0
11038,8177,2386.35,1
11039,29502,2412.12,0
11040,5211,1675.59,1
11041,16684,645.62,1
11042,3059,535.63,0
11043,28052,4673.77,0
11044,10719,2365.69,0
11045,10524,2502.19,1
11046,23598,3988.11,1
11047,20894,4260.55,0
11048,12965,4542.55,0
11049,30353,4652.52,0
11050,32772,4795.92,1
11051,281,3551.43,0
11052,12018,3366.98,1
11053,10371,2367.25,1
11054,34030,2302.8,1
11055,18416,4735.81,0
11056,19972,1103.52,0
11057,34102,1659.59,1
11058,30055,470.15,1
11059,31294,672.93,0
11060,2916,4925.88,1
11061,24425,1754.24,0
11062,28801,1424.78,0
11063,13152,1468.5,1
11064,18803,3841.97,1
11065,27422,119.97,1
11066,697,4703.09,1
11067,13601,3411.75,0
11068,25995,3863.46,0
11069,4076,2681.39,0
11070,25283,1098.4,0
11071,11716,3357.36,1
11072,4027,295.7,0
11073,6530,1790.55,0
11074,7647,4503.28,0
11075,34015,1216.6,1
11076,21817,3779.31,1
11077,7080,405.93,1
11078,11737,3863.71,0
11079,9373,518.37,0
11080,32072,4579.98,0
11081,31650,188.49,0
11082,31817,2583.87,0
11083,17656,2671.09,0
11084,706,3659.33,1
11085,21730,3338.25,0
11086,15559,123.69,0
11087,15458,4576.29,1
11088,10984,2994.57,1
11089,26277,4703.32,1
11090,28737,347.4,1
11091,16016,4039.98,0
11092,26000,3933.59,0
11093,1671,283.54,0
11094,19864,1711.6,0
11095,5768,2654.38,0
11096,20338,4380.14,1
11097,19523,2467.01,1
11098,9198,3525.65,1
11099,9512,4168.44,1
11100,19127,2064.4,0
11101,9266,2065.79,0
11102,5893,335.09,0
11103,14210,4661.06,0
11104,16465,566.9,1
11105,9254,4507.12,1
11106,31524,2006.32,0
11107,22734,4070.87,0
11108,7851,3386.98,1
11109,17433,1660.01,1
11110,13688,4787.01,1
11111,17466,3208.97,1
11112,17969,1668.59,0
11113,18802,3356.72,0
11114,34591,2560.5,1
11115,8654,4825.44,1
11116,28977,1872.28,0
11117,12919,4202.11,1
11118,6393,1572.3,0
11119,15616,4916.8,0
11120,10659,4277.05,0
11121,1549,2772.84,1
11122,8321,4695.42,1
11123,21946,3424.79,1
11124,16743,1701.88,0
11125,33332,1680.83,1
11126,30686,3574.39,1
11127,6755,1768.15,1
11128,7459,648.87,0
11129,2373,4792.29,1
11130,9769,2909.8,0
11131,10028,3499.39,0
11132,22994,3871.21,0
11133,30881,1347.53,1
11134,33193,2938.61,1
11135,23151,2195.78,1
11136,31559,4324.7,1
11137,4026,3627.47,0
11138,27145,4185.92,0
11139,22638,4666.69,0
11140,12160,2621.9,0
11141,7567,1917.14,1
11142,15707,2090.31,1
11143,5494,1454.06,1
11144,16333,2202.53,1
11145,4572,394.76,1
11146,30576,3556.48,1
11147,18031,4304.15,0
11148,34992,2711.47,1
11149,30825,2882.59,0
11150,24418,2792.22,1
11151,9910,3026.72,0
11152,11748,3484.36,0
11153,34221,2089.07,0
11154,26466,4834.16,0
11155,12092,1710.65,1
11156,28923,3201.21,1
11157,34036,4660.04,1
11158,28244,2578.61,0
11159,24034,3526.33,0
11160,1688,572.94,0
11161,814,211.3,1
11162,33534,3769.79,1
11163,11609,4677.35,1
11164,5777,4872.0,1
11165,18729,1138.96,1
11166,2615,4767.08,0
11167,201,4354.27,1
11168,8285,1893.13,1
11169,25760,1874.16,0
11170,32889,4900.06,0
11171,23942,1147.94,1
11172,15972,2837.59,0
11173,19003,3830.79,1
11174,24947,1478.19,0
11175,24798,3735.48,0
11176,4584,1258.61,0
11177,4749,3331.81,0
11178,7607,631.56,0
11179,28642,4321.27,1
11180,20543,1192.32,1
11181,26888,1740.16,0
11182,22304,851.81,1
11183,3761,4472.73,0
11184,17078,908.15,1
11185,30435,2354.59,0
11186,10896,563.92,1
11187,2536,2681.52,1
11188,17030,1745.81,0
11189,17703,1142.74,1
11190,28691,1049.38,1
11191,6315,1802.85,0
11192,18285,168.7,0
11193,3306,4608.96,0
11194,4873,1558.07,1
11195,13989,4558.1,1
11196,6095,2479.85,1
11197,17810,1521.26,1
11198,9794,2343.36,1
11199,24620,132.04,0
11200,877,4469.19,0
11201,16353,2849.22,0
11202,12995,344.7,1
11203,21667,2948.39,0
11204,2288,2517.53,0
11205,13159,4806.41,1
11206,34418,1378.72,1
11207,26784,3911.23,0
11208,9530,3143.41,1
11209,6908,1239.72,1
11210,14507,1236.78,1
11211,12453,647.83,1
11212,2289,3675.24,1
11213,31843,3307.57,1
11214,24773,3917.63,1
11215,34628,2209.43,0
11216,28926,2124.99,1
11217,705,4109.06,1
11218,8143,1976.58,0
11219,31709,1601.31,1
11220,22760,591.9,1
11221,28981,4479.47,1
11222,24135,4714.43,1
11223,32538,4490.81,1
11224,20378,2879.06,0
11225,870,947.25,0
11226,2644,2455.02,1
11227,12235,170.66,1
11228,26680,4559.4,0
11229,2676,2097.76,1
11230,34686,4067.39,0
11231,27841,2370.0,1
11232,19786,2303.43,0
11233,2784,4460.13,0
11234,14002,2952.03,1
11235,24518,2688.05,1
11236,19575,1202.77,1
11237,1590,2821.99,1
11238,20870,910.47,1
11239,24675,1631.95,1
11240,10056,449.33,1
11241,11654,2042.92,1
11242,25274,1235.62,0
11243,11311,2259.11,1
11244,35,4000.34,0
11245,20770,1843.8,0
11246,21496,2736.45,0
11247,34122,3548.19,1
11248,32673,515.06,0
11249,22241,4564.97,0
11250,5933,1231.87,0
11251,29599,3508.37,1
11252,33187,882.48,1
11253,14382,948.93,0
11254,17783,759.74,0
11255,14039,2019.92,0
11256,15454,2586.08,0
11257,28912,1984.97,1
11258,14575,4379.21,0
11259,32185,4918.76,1
11260,34444,2578.66,0
11261,830,1676.03,0
11262,8479,3676.36,0
11263,33542,2574.88,0
11264,24093,2304.04,0
11265,32930,4183.03,0
11266,5852,1244.49,1
11267,27457,2032.61,1
11268,4063,4155.36,0
11269,34950,1276.48,0
11270,23979,3836.83,1
11271,4263,1549.42,0
11272,20429,430.12,1
11273,14895,3806.09,0
11274,14946,1212.36,1
11275,27603,178.43,0
11276,9403,3778.53,0
11277,31393,784.36,1
11278,11041,288.08,1
11279,33133,4757.5,0
11280,16599,1907.15,1
11281,12041,3210.22,1
11282,13882,3300.61,0
11283,12113,277.48,1
11284,31725,2258.37,0
11285,32210,1021.18,0
11286,7959,4180.95,0
11287,25569,4311.78,0
11288,17995,2822.95,1
11289,12275,2377.53,0
11290,13422,4659.92,0
11291,18039,4833.12,1
11292,621,1359.96,1
11293,2877,4337.97,1
11294,971,779.02,0
11295,4100,1857.73,1
11296,1780,2397.63,0
11297,12292,2725.06,0
11298,3323,4517.96,1
11299,13912,4153.91,1
11300,6379,4963.38,1
11301,22585,2915.47,1
11302,29463,2126.71,1
11303,5490,135.53,0
11304,6888,3783.58,1
11305,1851,934.95,1
11306,5606,1445.47,1
11307,1915,3557.8,0
11308,28605,4880.03,1
11309,25369,4634.06,1
11310,29027,2267.07,0
11311,12591,2336.38,1
11312,33256,2476.0,1
11313,21459,4455.33,0
11314,3874,449.47,0
11315,33994,2942.96,1
11316,29236,3872.9,1
11317,17346,2332.21,1
11318,28155,4256.93,0
11319,17613,2587.46,1
11320,17477,4327.53,1
11321,21181,4243.27,1
11322,8494,2617.71,0
11323,20308,1354.64,0
11324,263,4949.15,1
11325,19314,1483.28,0
11326,9571,2256.67,1
11327,1251,4304.94,0
11328,1150,2124.55,1
11329,3209,767.84,0
11330,5997,3810.21,1
11331,12569,1961.18,1
11332,29145,1994.77,0
11333,14334,377.64,1
11334,15637,451.85,0
11335,8998,2392.99,0
11336,33036,3301.85,0
11337,30935,4923.93,0
11338,12141,572.81,1
11339,16172,2405.9,1
11340,32539,3502.55,0
11341,33833,4528.93,0
11342,18465,1112.35,1
11343,15576,4408.08,1
11344,6416,4105.01,1
11345,25148,127.54,1
11346,6923,801.27,1
11347,16723,4255.26,1
11348,10243,1381.81,1
11349,17041,2933.39,0
11350,8073,1024.03,0
11351,30466,3998.51,1
11352,18261,2433.71,0
11353,33930,4727.28,0
11354,32427,3572.7,0
11355,19608,4093.2,1
11356,6193,753.69,0
11357,14631,4707.43,0
11358,118,2223.73,0
11359,32470,4271.69,1
11360,3512,2125.87,0
11361,9620,2811.45,0
11362,16447,516.4,0
11363,22995,4619.51,0
11364,5344,4409.3,1
11365,2234,1905.13,1
11366,10930,4297.0,0
11367,618,3080.74,0
11368,34531,1673.82,0
11369,29867,2060.58,1
11370,2247,4395.3,1
11371,7268,1954.79,1
11372,14462,4686.58,0
11373,27240,1966.52,1
11374,24014,4387.18,1
11375,14441,1527.3,1
11376,28880,3973.17,0
11377,12947,1334.05,0
11378,9370,1957.16,1
11379,34740,3100.35,0
11380,7074,639.42,0
11381,33512,3546.12,0
11382,28899,4364.7,0
11383,32765,3273.65,1
11384,29429,1722.53,0
11385,11812,499.45,0
11386,28032,1362.83,1
11387,14859,616.75,1
11388,30595,4596.25,1
11389,9474,4801.18,0
11390,9906,968.15,1
11391,8719,3613.9,0
11392,13984,4594.4,1
11393,32614,1884.17,0
11394,27012,2608.49,1
11395,3501,1994.09,0
11396,8528,1201.6,1
11397,696,854.04,0
11398,12816,1846.81,0
11399,2512,3405.76,0
11400,3249,538.79,0
11401,6525,2815.09,0
11402,29919,1110.82,0
11403,27264,3140.0,1
11404,7198,4453.31,0
11405,1382,2815.09,1
11406,26695,2689.21,1
11407,30642,196.55,0
11408,21511,831.79,0
11409,19041,3916.66,1
11410,5315,1302.9,0
11411,23158,2704.99,1
11412,27239,4131.6,1
11413,29483,3614.05,0
11414,20052,224.74,0
11415,13921,1380.32,0
11416,1093,3567.38,1
11417,13595,4132.09,1
11418,9979,206.52,1
11419,9750,1619.54,0
11420,6399,3432.94,0
11421,17004,2877.46,1
11422,27818,4028.14,1
11423,27329,400.94,0
11424,10608,2238.48,1
11425,33414,2580.21,0
11426,6934,343.67,0
11427,30455,838.73,0
11428,29692,2098.03,1
11429,25940,646.79,0
11430,17889,731.96,1
11431,21297,979.97,1
11432,19230,650.02,0
11433,8357,3281.69,1
11434,6171,1076.31,1
11435,34046,4956.12,1
11436,1866,3895.05,0
11437,18405,1510.24,1
11438,17693,3320.24,1
11439,1266,2623.33,0
11440,22574,408.29,0
11441,25421,2178.2,1
11442,22099,873.87,0
11443,9993,4408.38,1
11444,27021,1772.93,1
11445,24930,1635.26,0
11446,34030,4668.02,1
11447,23592,1884.76,0
11448,7398,995.28,0
11449,29599,1977.21,0
11450,24688,2185.23,1
11451,21778,2059.87,0
11452,17935,2616.36,0
11453,21590,1687.29,0
11454,6187,205.71,1
11455,33572,1731.62,1
11456,15511,3579.53,1
11457,24227,1437.47,1
11458,15999,2246.05,0
11459,23884,4837.44,1
11460,6220,489.58,0
11461,31785,1260.66,0
11462,18382,3254.88,0
11463,17318,4966.48,0
11464,26892,4358.47,0
11465,21341,3635.33,0
11466,32365,3980.72,1
11467,5398,2503.75,1
11468,22382,2201.64,1
11469,6888,4779.52,1
11470,6266,4383.88,1
11471,32643,4814.84,1
11472,18773,1256.43,1
11473,18267,3151.22,0
11474,3310,1583.98,1
11475,29050,1973.67,0
11476,13924,1692.78,1
11477,12213,4881.07,1
11478,7668,3917.17,1
11479,47,3040.68,1
11480,21230,1456.48,0
11481,28769,2956.55,1
11482,4816,2768.32,0
11483,16868,2576.14,0
11484,18982,2834.54,0
11485,5074,3336.87,0
11486,26027,1813.01,1
11487,3782,2900.81,0
11488,24240,2926.43,1
11489,21760,4655.52,0
11490,23411,3885.39,1
11491,12320,1266.64,1
11492,2262,2416.79,0
11493,28722,110.55,0
11494,11436,575.07,0
11495,3794,377.26,0
11496,18727,1151.06,0
11497,4114,1423.71,0
11498,33779,853.7,1
11499,6415,1487.99,0
11500,15307,3310.98,0
11501,4096,3231.85,0
11502,1676,3945.82,0
11503,19295,3063.34,0
11504,5429,712.03,0
11505,7521,4497.33,0
11506,27929,4655.47,1
11507,179,1773.72,0
11508,34256,2915.77,1
11509,20301,1115.26,0
11510,5463,2785.14,0
11511,9149,3347.75,1
11512,8660,4827.02,1
11513,34433,886.69,0
11514,27920,2458.23,1
11515,28069,2423.45,0
11516,5874,1383.01,1
11517,8766,2126.46,0
11518,21977,2167.07,1
11519,15402,4948.66,0
11520,1398,2291.31,0
11521,10564,720.8,0
11522,14950,3264.11,1
11523,13487,3558.28,1
11524,18931,1619.82,1
11525,24047,947.74,0
11526,28608,3508.27,1
11527,23228,4484.13,1
11528,13577,1565.47,0
11529,22773,4934.23,1
11530,21470,4249.88,0
11531,18266,4375.17,1
11532,3839,3004.41,1
11533,25933,3227.48,1
11534,19592,2438.1,1
11535,1347,4802.05,1
11536,10000,2448.67,1
11537,16053,438.05,0
11538,9996,4171.77,0
11539,7745,875.89,0
11540,34370,2780.44,1
11541,959,4190.62,0
11542,32030,4357.43,1
11543,8070,3937.79,0
11544,25520,2411.01,0
11545,2699,3939.46,1
11546,21533,908.44,1
11547,32285,3323.85,0
11548,15941,1642.98,1
11549,19744,2595.35,1
11550,22283,544.7,1
11551,10751,2748.0,1
11552,9995,1910.35,0
11553,28458,3139.74,0
11554,14584,282.95,1
11555,21418,579.98,0
11556,3173,3895.03,0
11557,19275,2497.81,0
11558,8815,4620.62,0
11559,33687,1163.07,0
11560,19337,3661.36,0
11561,27800,1933.94,1
11562,3861,231.67,1
11563,9585,2965.08,0
11564,31504,1672.09,0
11565,18592,1333.64,0
11566,4028,4019.96,0
11567,22055,4617.88,0
11568,14487,3164.95,1
11569,11128,3963.12,1
11570,23155,3312.5,0
11571,10092,3203.99,0
11572,2990,2126.06,1
11573,6899,1138.74,1
11574,6619,1072.59,1
11575,34660,4845.06,0
11576,33947,1250.62,1
11577,10966,2529.54,1
11578,6392,2032.94,1
11579,6540,1392.48,0
11580,16943,590.24,0
11581,33978,151.26,0
11582,28758,4675.52,0
11583,31065,1118.1,0
11584,24352,3093.05,0
11585,3031,4024.87,0
11586,18587,2168.99,1
11587,31440,327.02,0
11588,12970,3540.51,0
11589,562,3524.52,0
11590,18950,179.56,1
11591,27670,4650.21,0
11592,11468,4093.63,0
11593,20054,110.14,0
11594,20819,2738.59,0
11595,345,229.59,0
11596,14753,1802.41,1
11597,6441,966.03,1
11598,20884,496.17,0
11599,22626,4028.26,1
11600,13483,799.66,0
11601,1781,2443.1,0
11602,3009,715.63,1
11603,21199,3545.52,1
11604,24397,1462.69,1
11605,34247,1029.72,1
11606,13917,3191.0,1
11607,20289,3404.21,1
11608,9627,4317.66,1
11609,31956,4853.0,1
11610,28929,141.56,1
11611,32729,4741.69,0
11612,24217,4861.37,0
11613,4294,2359.66,0
11614,6305,4672.2,0
11615,23867,2519.23,0
11616,22001,4724.73,0
11617,25567,3079.17,1
11618,17361,1159.39,0
11619,25951,2520.39,0
11620,11337,623.64,0
11621,8261,2284.14,1
11622,32646,4403.0,1
11623,4651,2508.97,1
11624,24322,1945.29,0
11625,15702,2167.13,1
11626,12912,2007.5,1
11627,31815,3367.61,1
11628,9153,2864.94,0
11629,14561,3753.15,0
11630,1427,1280.47,0
11631,19903,1007.76,0
11632,1717,3938.31,0
11633,1811,2271.72,1
11634,32199,4029.06,0
11635,3747,1390.66,1
11636,27595,439.84,0
11637,12655,514.31,0
11638,15490,4305.63,1
11639,11169,4511.21,1
11640,9511,4602.75,0
11641,1734,2659.83,1
11642,32308,3432.14,1
11643,3281,3208.65,0
11644,34272,1068.42,1
11645,3762,4390.72,0
11646,20425,4640.74,1
11647,23230,4410.41,1
11648,114,4106.25,0
11649,13389,3604.25,0
11650,27013,3170.7,1
11651,28567,997.6,1
11652,24737,2446.43,1
11653,13259,2846.79,0
11654,18677,2508.09,0
11655,8846,4027.68,0
11656,27153,3274.19,0
11657,15604,4832.13,0
11658,25512,630.74,0
11659,6442,3169.43,1
11660,11270,1140.91,1
11661,27154,2160.3,0
11662,24943,4859.86,1
11663,11199,2060.37,0
11664,14237,686.38,1
11665,6601,3652.65,0
11666,26004,4324.22,1
11667,31102,3184.37,1
11668,31986,4793.21,1
11669,22434,4121.79,1
11670,22043,4017.7,1
11671,20778,3576.18,0
11672,24149,4338.52,0
11673,32853,362.38,0
11674,22814,2556.4,1
11675,19538,2330.76,1
11676,28604,1390.3,0
11677,20937,4553.32,0
11678,8079,1286.86,0
11679,34728,618.54,0
11680,34010,770.38,0
11681,6355,1310.52,0
11682,11590,2254.76,1
11683,12596,2882.36,0
11684,16048,1143.17,1
11685,10149,2003.56,1
11686,11099,2793.97,0
11687,13076,4164.86,0
11688,21705,3474.9,1
11689,7121,981.69,1
11690,854,2806.29,0
11691,33158,4440.17,1
11692,1359,2721.14,0
11693,16608,2857.95,0
11694,3457,2644.96,1
11695,34108,1370.26,0
11696,2332,1846.71,1
11697,31554,1104.93,0
11698,14145,3027.56,1
11699,518,2705.81,1
11700,32791,2611.26,1
11701,34143,1972.74,0
11702,30854,3381.59,0
11703,16138,3453.67,0
11704,194,3120.39,0
11705,16747,1881.44,1
11706,13379,3291.1,0
11707,9632,4529.79,1
11708,13203,1062.1,0
11709,7289,3965.08,0
11710,26972,509.45,0
11711,11466,3762.21,0
11712,6772,4552.93,0
11713,2665,334.01,1
11714,2732,1897.83,0
11715,18410,3491.3,0
11716,5752,1783.6,1
11717,7933,1580.38,1
11718,23753,3254.09,0
11719,21610,4510.84,1
11720,27197,2867.19,1
11721,31444,417.97,0
11722,3434,1751.43,0
11723,33324,2989.46,0
11724,8159,1051.55,1
11725,26307,936.64,0
11726,8460,4220.66,0
11727,3500,3598.11,0
11728,31189,4978.44,0
11729,2598,673.14,0
11730,29363,3707.83,0
11731,27520,2538.14,0
11732,24504,1598.14,0
11733,34526,1187.3,1
11734,8448,3187.44,0
11735,29225,622.53,1
11736,8540,1345.43,0
11737,18446,1359.82,1
11738,7785,519.41,0
11739,2845,2837.24,1
11740,12188,4113.34,1
11741,20819,1226.21,1
11742,475,1158.63,0
11743,1579,4169.79,0
11744,15685,3379.53,0
11745,19822,1087.47,0
11746,20531,3034.41,1
11747,20749,3879.96,1
11748,28579,4365.03,1
11749,12392,3903.83,0
11750,1228,2581.92,1
11751,13370,1235.25,0
11752,24751,609.17,0
11753,22166,2811.93,1
11754,29238,3667.87,1
11755,28465,3313.58,1
11756,6397,2705.26,0
11757,30467,4555.91,1
11758,8548,2480.8,1
11759,20980,1216.07,0
11760,4843,1890.07,0
11761,11983,2286.77,0
11762,10861,3105.64,0
11763,941,2371.41,0
11764,12390,4312.49,0
11765,4593,2244.04,1
11766,34575,2425.7,0
11767,6645,3767.63,1
11768,24366,3218.77,0
11769,22458,117.02,1
11770,22416,873.99,0
11771,7006,3999.16,1
11772,21981,3735.64,0
11773,24396,2451.59,1
11774,4698,954.16,0
11775,9449,2097.33,0
11776,22408,3806.68,0
11777,3268,1786.47,0
11778,23590,4674.41,1
11779,34409,3364.65,1
11780,31621,3668.59,0
11781,17877,4909.74,1
11782,3197,4591.89,1
11783,11483,1823.97,0
11784,12455,3009.94,1
11785,28956,3496.02,1
11786,16966,2260.0,1
11787,1153,3927.6,0
11788,27309,3848.45,0
11789,34133,3540.42,0
11790,6010,632.59,0
11791,22406,2971.11,1
11792,27404,1888.0,1
11793,27954,2600.98,1
11794,28844,1421.82,1
11795,314,2378.14,1
11796,3501,1202.44,0
11797,31645,1049.38,0
11798,24385,1880.46,0
11799,15089,3146.35,1
11800,18002,1382.32,1
11801,8142,1311.11,1
11802,27361,4308.25,0
11803,4250,2032.25,1
11804,13148,1542.83,0
11805,28116,2125.57,1
11806,13483,2013.84,1
11807,3858,3618.57,0
11808,26673,747.59,0
11809,464,3046.12,0
11810,12454,1711.41,0
11811,598,540.25,1
11812,14542,2467.72,0
11813,8729,787.88,1
11814,687,3304.15,1
11815,21188,976.4,0
11816,27837,1263.95,0
11817,19802,2816.94,0
11818,74,2300.96,0
11819,1836,3272.03,0
11820,23023,913.03,0
11821,24486,4430.27,0
11822,24354,2038.08,0
11823,14267,993.36,1
11824,93,3111.96,1
11825,20260,716.84,1
11826,22886,2535.07,0
11827,12208,3747.17,1
11828,31697,2749.9,0
11829,33163,1608.94,1
11830,26153,4650.15,0
11831,5703,1426.96,0
11832,29056,2460.94,1
11833,28194,2295.12,1
11834,29687,2018.45,1
11835,6948,214.48,1
11836,11417,4534.69,1
11837,14835,4742.39,0
11838,26502,2809.12,0
11839,17730,3059.06,0
11840,30494,4326.53,1
11841,19351,1313.61,1
11842,8245,2994.06,1
11843,15673,752.82,0
11844,9875,907.5,1
11845,27090,4216.31,1
11846,19841,3696.83,1
11847,9302,264.08,1
11848,17330,4225.23,0
11849,206,3616.37,1
11850,24406,3377.64,1
11851,27109,4050.79,0
11852,24556,2884.57,0
11853,10800,4307.79,0
11854,6429,289.97,1
11855,5773,3980.63,1
11856,34292,1181.77,0
11857,15108,2804.31,1
11858,25227,4579.42,0
11859,20777,2016.65,1
11860,16374,4463.23,0
11861,5944,4302.7,0
11862,31219,2157.48,0
11863,34433,2382.71,0
11864,10718,4159.57,0
11865,3385,3940.7,1
11866,16088,1530.2,0
11867,8708,3471.76,1
11868,18456,3431.42,1
11869,19853,267.11,0
11870,31537,441.74,1
11871,10807,2609.58,1
11872,27990,4724.72,1
11873,22807,3559.25,0
11874,13163,2712.2,0
11875,10533,2997.0,0
11876,31658,2137.35,0
11877,15285,4866.75,0
11878,12119,2584.53,0
11879,19558,1854.97,1
11880,13016,1820.09,1
11881,15557,621.99,1
11882,14146,1203.87,0
11883,13955,4993.04,1
11884,24237,728.69,0
11885,23795,1801.44,1
11886,24866,3639.02,1
11887,15469,1637.82,0
11888,29050,651.25,1
11889,28219,338.68,0
11890,20258,4854.09,0
11891,2889,1806.08,0
11892,25971,1334.26,0
11893,6477,4732.03,1
11894,6065,720.54,0
11895,15210,1058.89,1
11896,1052,2678.41,0
11897,24952,4837.41,1
11898,20205,4897.34,1
11899,33625,3109.43,0
11900,32842,1393.89,0
11901,14483,3150.65,1
11902,28125,1441.06,1
11903,11,3914.96,1
11904,24589,2465.19,0
11905,29781,4771.15,0
11906,33936,4828.73,0
11907,31358,1198.5,1
11908,2175,1966.01,1
11909,20086,3330.65,1
11910,25957,3409.46,0
11911,1920,4110.71,1
11912,28419,2265.46,0
11913,20196,391.9,1
11914,29936,702.2,1
11915,10984,2175.12,0
11916,23114,2415.08,0
11917,26821,4881.71,1
11918,15870,2463.48,0
11919,6338,4649.24,1
11920,1582,1222.2,1
11921,27108,3887.87,1
11922,32622,2839.98,1
11923,30062,3608.33,1
11924,5133,2380.68,1
11925,31071,3051.05,0
11926,13934,4241.59,0
11927,7017,3995.99,0
11928,16176,3900.08,1
11929,3593,4054.15,1
11930,31685,1590.83,1
11931,28596,1503.26,1
11932,25105,3298.0,0
11933,16841,4227.31,0
11934,7154,2628.58,0
11935,26176,4596.64,0
11936,2800,2436.72,1
11937,22993,2022.21,1
11938,1775,346.3,0
11939,14190,4345.57,0
11940,9451,677.72,1
11941,34753,325.19,0
11942,2313,1058.19,1
11943,9465,3989.02,1
11944,26270,3131.06,1
11945,21619,1286.1,1
11946,17611,2384.86,1
11947,15691,4681.09,0
11948,16094,2483.69,1
11949,19070,1422.53,1
11950,9216,1825.83,0
11951,13908,4488.17,0
11952,33357,574.39,0
11953,23936,3625.51,1
11954,21448,3477.41,0
11955,12184,2754.1,0
11956,25310,1756.04,1
11957,1195,220.69,0
11958,23330,1763.86,1
11959,31966,2665.92,0
11960,18131,2803.02,1
11961,10665,659.72,0
11962,22808,1223.94,1
11963,34111,3918.86,1
11964,34408,2772.36,1
11965,31615,4603.11,1
11966,26070,1473.59,1
11967,34143,398.3,0
11968,3448,2650.89,0
11969,18511,3863.19,1
11970,21751,3007.26,0
11971,7513,654.62,0
11972,3315,3742.38,1
11973,30657,3632.95,1
11974,30690,1398.73,0
11975,30645,3325.34,1
11976,27586,4783.27,1
11977,24975,1237.61,1
11978,28249,3259.88,1
11979,5284,4868.74,1
11980,33651,2886.08,1
11981,12323,4296.4,0
11982,665,4694.53,1
11983,12728,4829.12,1
11984,24838,636.46,1
11985,15349,1916.2,1
11986,19437,3735.58,1
11987,24256,3695.77,1
11988,30279,935.66,0
11989,33898,1996.24,0
11990,26275,2603.69,0
11991,32573,3536.03,1
11992,11460,3981.4,0
11993,933,2805.49,1
11994,133,4843.56,1
11995,12834,2075.02,0
11996,13831,3779.25,0
11997,9317,3595.2,1
11998,6503,1342.2,1
11999,27064,1332.85,1
12000,3037,2709.99,1
12001,12701,3216.25,0
12002,17404,3582.2,0
12003,33298,1953.03,0
12004,941,3105.4,0
12005,8551,2382.89,0
12006,27372,4066.4,0
12007,4362,1081.52,1
12008,15756,470.72,0
12009,13709,532.8,0
12010,13068,2764.55,0
12011,13622,3165.01,1
12012,18609,2985.12,1
12013,31252,1525.38,0
12014,26365,2359.03,1
12015,1388,1648.48,1
12016,17261,4788.57,0
12017,34872,2693.59,1
12018,11657,1437.35,1
12019,8587,4387.59,0
12020,20973,4844.46,0
12021,12564,3263.69,0
12022,2208,1481.04,0
12023,1605,2167.1,1
12024,13248,2211.11,1
12025,28246,2785.96,1
12026,25409,4401.32,1
12027,8415,4887.18,0
12028,20135,1823.35,0
12029,32032,133.89,0
12030,6181,1806.38,0
12031,9574,1074.81,0
12032,12590,1896.13,1
12033,13262,731.91,1
12034,8332,3592.24,1
12035,21260,657.51,1
12036,14091,340.51,0
12037,17961,500.95,1
12038,11162,2019.32,0
12039,2204,602.48,0
12040,26095,1142.87,0
12041,6850,3230.58,0
12042,6095,1051.67,0
12043,29642,884.33,1
12044,8196,4349.02,1
12045,20342,2936.67,1
12046,27952,1897.87,0
12047,21593,3530.08,1
12048,16980,3781.98,1
12049,33434,2625.36,0
12050,1054,772.36,0
12051,19067,554.43,0
12052,14939,1737.96,1
12053,26620,4324.06,1
12054,28755,2000.75,1
12055,23900,2834.26,0
12056,33320,4470.83,1
12057,27444,957.13,1
12058,3897,780.2,0
12059,8076,4539.2,1
12060,2269,4134.53,0
12061,28957,4597.42,0
12062,13069,230.51,0
12063,13027,1109.2,1
12064,4720,1858.73,1
12065,28595,103.52,1
12066,14566,4634.21,0
12067,7222,3223.2,0
12068,11478,987.96,0
12069,7779,374.96,1
12070,34667,4670.43,0
12071,21744,4312.09,0
12072,14655,3968.92,0
12073,726,2111.88,0
12074,22884,4843.6,1
12075,4950,3937.46,0
12076,15615,3530.46,1
12077,34312,360.28,1
12078,2619,3962.74,1
12079,34646,2238.76,0
12080,4072,2009.45,1
12081,11105,1807.69,1
12082,831,795.83,0
12083,28553,855.6,0
12084,17191,4464.74,0
12085,16026,3367.59,0
12086,27929,3216.4,1
12087,17885,2068.69,1
12088,12760,3448.07,0
12089,21947,3143.09,0
12090,13584,1584.39,0
12091,31609,2980.82,1
12092,18513,4881.68,1
12093,15214,1076.33,1
12094,33693,754.99,0
12095,5571,749.46,1
12096,26940,1141.22,0
12097,10,4485.48,1
12098,31930,747.15,0
12099,9789,4332.64,1
12100,16066,4286.98,0
12101,34910,4400.24,1
12102,32554,1367.22,1
12103,5134,1694.15,0
12104,27837,4810.7,0
12105,26155,4006.05,0
12106,9956,172.19,1
12107,2187,3700.4,1
12108,19053,1211.44,1
12109,16093,574.22,0
12110,7333,427.47,0
12111,958,2867.35,1
12112,20742,3726.54,0
12113,28624,2941.92,0
12114,1651,4115.7,0
12115,29127,3442.11,0
12116,34270,478.15,1
12117,4597,4114.19,0
12118,31479,1787.39,0
12119,14328,1898.45,0
12120,23899,1160.24,0
12121,14681,3609.0,1
12122,15309,3119.74,0
12123,27064,4191.88,0
12124,33220,2787.86,0
12125,10045,2884.39,0
12126,33827,3100.01,1
12127,20955,4771.68,1
12128,14674,4051.57,0
12129,32421,2658.12,0
12130,31572,896.19,0
12131,23369,4291.73,0
12132,14764,2017.8,1
12133,28237,998.42,0
12134,16333,421.53,1
12135,25421,234.42,0
12136,6571,4225.5,1
12137,6559,345.27,1
12138,32335,4381.21,1
12139,12806,2491.87,0
12140,24128,1732.44,1
12141,20450,700.82,1
12142,26558,770.79,1
12143,8668,4540.5,0
12144,1691,2030.49,1
12145,26991,4697.57,0
12146,14686,3363.32,1
12147,13926,3566.24,0
12148,20613,2416.6,1
12149,7785,2848.62,0
12150,29708,811.83,0
12151,25781,2624.68,0
12152,15001,4984.99,1
12153,16874,4646.3,0
12154,12424,2056.48,1
12155,11168,3652.01,1
12156,26925,2250.21,1
12157,23167,3030.09,1
12158,12788,1704.91,1
12159,11790,4773.66,0
12160,15704,4115.2,1
12161,25346,1104.28,0
12162,3750,4749.3,1
12163,2160,1684.25,1
12164,34888,1452.14,1
12165,17816,1150.8,1
12166,27587,3631.92,1
12167,22390,4115.78,1
12168,8644,1230.36,0
12169,31412,315.98,0
12170,25379,1019.36,1
12171,11924,1235.87,0
12172,27656,437.7,1
12173,2119,3076.86,1
12174,20012,3997.17,0
12175,12856,4912.18,1
12176,15940,3296.39,0
12177,13576,3660.57,1
12178,13120,3066.5,0
12179,23781,2288.92,0
12180,6731,3146.65,1
12181,29436,3097.67,0
12182,22444,4797.31,0
12183,17753,3912.96,0
12184,20900,418.25,1
12185,6293,4481.95,1
12186,31865,239.17,1
12187,30565,4078.78,1
12188,28213,1353.91,0
12189,33965,4025.36,0
12190,14774,3069.55,1
12191,29182,3831.67,1
12192,13372,1603.1,1
12193,24158,3158.78,0
12194,12302,3240.5,1
12195,27832,852.86,1
12196,9810,3892.78,1
12197,15345,2237.58,1
12198,17460,156.44,0
12199,3914,618.0,0
12200,12062,4515.52,1
12201,32593,1397.86,1
12202,26482,4204.77,0
12203,3688,1240.14,0
12204,13489,1822.72,0
12205,11994,2636.22,0
12206,29961,1732.18,1
12207,15346,2207.36,1
12208,17772,292.72,1
12209,7001,1733.52,0
12210,12640,4569.52,1
12211,33041,4430.69,1
12212,29766,3379.28,1
12213,1042,2251.51,0
12214,30,211.56,0
12215,31230,3850.46,1
12216,25285,733.16,0
12217,33898,1824.33,1
12218,11430,4652.54,0
12219,25103,4923.48,1
12220,29518,1251.31,0
12221,19092,4511.04,1
12222,12997,2285.37,1
12223,8804,4761.06,0
12224,25132,1686.98,1
12225,26206,3288.66,1
12226,15647,174.1,0
12227,31578,1568.02,1
12228,18423,3086.33,0
12229,18853,4338.02,0
12230,2316,2526.34,1
12231,25882,4487.42,1
12232,2531,2804.0,0
12233,22403,3619.83,0
12234,14763,1019.99,0
12235,4736,1129.79,0
12236,25733,4720.13,1
12237,26368,4523.72,0
12238,14483,1039.55,1
12239,23819,2209.26,1
12240,23976,2670.24,0
12241,32882,1125.67,1
12242,27293,2663.76,0
12243,17506,4053.5,0
12244,25465,4492.1,1
12245,34064,369.36,1
12246,2948,4111.9,1
12247,28423,1496.98,0
12248,18871,848.4,1
12249,29184,4455.23,1
12250,8527,4734.16,0
12251,31910,3568.41,1
12252,31995,2129.93,0
12253,20084,4982.88,1
12254,12903,4870.8,0
12255,26973,1393.47,0
12256,28310,4498.94,0
12257,33365,4781.46,0
12258,1418,2520.32,1
12259,10681,206.14,1
12260,26100,2911.38,1
12261,20748,1916.94,1
12262,27654,2155.01,0
12263,21613,2179.84,0
12264,5989,3249.86,1
12265,15185,4728.83,0
12266,24988,3897.46,0
12267,11223,2883.71,1
12268,29636,2049.63,1
12269,13375,2477.39,0
12270,6870,853.57,1
12271,34129,2658.12,0
12272,19248,1461.83,1
12273,14784,857.07,0
12274,3575,2971.23,0
12275,28984,4163.22,1
12276,27001,2855.95,1
12277,32374,2685.78,1
12278,33767,1135.42,1
12279,14208,1253.09,1
12280,25694,4087.05,0
12281,10670,3797.36,1
12282,10593,2671.38,0
12283,11995,2378.0,1
12284,3636,1950.23,0
12285,29873,397.32,0
12286,29919,4437.54,1
12287,5672,1950.09,0
12288,17237,3093.9,0
12289,32658,3895.87,1
12290,13532,4276.9,1
12291,14351,2641.8,1
12292,34121,664.6,1
12293,3170,937.82,0
12294,7050,2198.91,1
12295,5753,354.6,1
12296,26706,2622.72,0
12297,5992,2820.82,1
12298,30328,1342.32,0
12299,34286,4435.05,0
12300,10430,4594.35,1
12301,8086,3104.87,0
12302,28332,303.31,0
12303,7378,2536.99,0
12304,34628,3397.52,0
12305,12344,718.47,1
12306,32883,4647.22,1
12307,8761,2448.23,1
12308,11683,3713.41,1
12309,31054,1700.55,1
12310,28011,1002.64,0
12311,15553,4687.57,1
12312,21252,3130.17,0
12313,20312,1572.56,1
12314,10578,1357.04,1
12315,1731,864.68,1
12316,20149,3998.87,1
12317,31032,1526.3,1
12318,22379,4554.84,1
12319,7647,4469.16,0
12320,691,672.01,1
12321,28826,4340.09,1
12322,7525,2301.32,0
12323,29562,3040.44,1
12324,6820,2231.37,0
12325,10411,4470.25,1
12326,3581,3690.3,1
12327,5771,1597.44,0
12328,23876,4296.39,1
12329,8962,1114.96,0
12330,19332,3091.81,1
12331,17360,3574.76,1
12332,21929,4872.07,0
12333,17851,2901.8,1
12334,2110,684.5,0
12335,20266,3143.71,1
12336,26895,1012.39,0
12337,25981,280.51,0
12338,33641,4385.02,1
12339,26585,1107.75,1
12340,11958,2440.45,0
12341,16412,1895.22,1
12342,6323,3325.56,0
12343,24244,1426.6,0
12344,1972,299.56,0
12345,34358,3385.97,1
12346,29630,1486.97,0
12347,3725,1509.31,0
12348,3317,2266.13,1
12349,6676,4572.5,1
12350,33548,4564.76,0
12351,26496,4858.53,1
12352,9418,1084.87,1
12353,23599,4807.84,0
12354,22574,4049.85,1
12355,32016,3172.38,1
12356,22974,2108.51,0
12357,8503,698.38,1
12358,6199,1934.59,1
12359,30973,4259.45,1
12360,30955,531.48,1
12361,30861,4647.71,0
12362,26392,4848.24,0
12363,26602,702.49,1
12364,8937,3810.68,0
12365,13415,1425.81,0
12366,23564,157.51,1
12367,21772,3354.79,0
12368,31955,1011.15,0
12369,13958,2446.22,0
12370,15289,4885.83,0
12371,34171,3594.43,1
12372,14553,275.85,0
12373,29891,3667.06,0
12374,17246,4075.59,0
12375,16172,1467.86,1
12376,31662,4876.97,1
12377,6490,215.91,1
12378,12416,670.61,0
12379,1654,2038.0,1
12380,20519,2689.14,1
12381,16877,1945.27,0
12382,25744,1118.71,1
12383,31500,1808.62,0
12384,28107,4555.51,1
12385,21238,4055.37,1
12386,3292,1583.46,0
12387,2071,4004.61,0
12388,24598,3598.58,1
12389,16455,4332.98,0
12390,32022,3021.64,0
12391,16024,4499.03,1
12392,31484,792.24,1
12393,2627,4435.69,0
12394,34471,4821.54,0
12395,7091,1126.64,1
12396,5819,4768.13,0
12397,26506,4940.97,0
12398,853,3129.3,1
12399,965,521.76,1
12400,2305,181.13,0
12401,8696,4145.3,1
12402,229,3398.72,1
12403,19116,3579.73,1
12404,6121,1571.0,0
12405,2777,3924.98,0
12406,10541,4545.68,1
12407,25866,701.31,0
12408,4040,4176.57,0
12409,25367,3621.97,0
12410,16830,3186.05,0
12411,30708,2026.91,1
12412,21517,2787.7,1
12413,12783,3263.53,0
12414,34993,314.78,1
12415,34694,4903.92,1
12416,14936,1349.29,1
12417,5686,539.18,0
12418,33710,3114.27,1
12419,31060,3240.0,0
12420,1173,4652.98,0
12421,1835,3252.25,0
12422,26983,3604.13,1
12423,6069,1985.79,0
12424,14461,3460.52,0
12425,3830,4513.76,0
12426,20859,1638.04,0
12427,26741,412.78,1
12428,26018,1244.8,1
12429,10985,1392.42,0
12430,22348,333.2,1
12431,30528,1312.01,1
12432,6388,2615.51,0
12433,18454,2046.13,0
12434,21207,3393.92,1
12435,29640,2143.34,1
12436,30713,3522.45,1
12437,28079,132.03,0
12438,4392,1355.5,1
12439,18558,2713.35,0
12440,24612,1700.95,0
12441,17427,1639.31,0
12442,13550,2954.9,1
12443,13825,1414.0,0
12444,31947,4239.58,1
12445,11169,3416.87,0
12446,2539,3143.29,0
12447,6584,1721.27,0
12448,18485,259.27,1
12449,19922,3718.54,0
12450,14212,4610.97,1
12451,17320,2161.95,1
12452,25119,1709.14,0
12453,26005,4365.36,1
12454,14920,2166.02,0
12455,28855,700.06,1
12456,14427,1850.96,0
12457,30690,1497.17,1
12458,22591,3943.28,1
12459,13623,3493.27,1
12460,127,3564.31,0
12461,18083,1753.04,0
12462,20139,3282.4,1
12463,20815,1062.05,0
12464,7448,2212.23,1
12465,6225,1820.99,1
12466,8286,1321.11,1
12467,33932,1343.28,1
12468,23917,4265.83,0
12469,14073,2895.68,1
12470,32266,3578.24,1
12471,20046,3053.63,1
12472,25740,3971.96,0
12473,30775,4086.39,0
12474,33211,1226.79,0
12475,33901,494.26,1
12476,6707,2757.23,1
12477,17388,3660.77,0
12478,19142,243.32,1
12479,15717,1468.57,0
12480,25079,2736.14,0
12481,18922,103.54,1
12482,34677,2347.72,0
12483,13971,756.31,0
12484,15569,245.72,0
12485,14476,1582.14,1
12486,5156,1645.24,1
12487,34244,3296.89,1
12488,18773,2755.83,0
12489,27295,3630.31,0
12490,3337,2707.71,1
12491,27245,1008.79,0
12492,18898,3965.02,0
12493,34715,4982.98,0
12494,29772,4749.87,1
12495,22751,3595.61,1
12496,15974,3920.94,0
12497,21961,1456.21,1
12498,14566,3097.0,1
12499,25158,1617.32,0
12500,15088,3195.33,1
12501,2727,1053.3,0
12502,27611,4466.7,0
12503,5537,2455.87,0
12504,30274,4565.66,0
12505,19561,3329.83,0
12506,8815,1154.74,0
12507,9617,3321.24,1
12508,29992,2371.12,1
12509,22308,3745.61,0
12510,25344,2971.63,0
12511,25444,1922.62,1
12512,32340,4598.77,1
12513,10534,3664.17,0
12514,13544,4329.9,0
12515,6969,2851.98,1
12516,31019,411.51,0
12517,25390,4689.67,0
12518,32404,484.82,0
12519,7820,1551.8,0
12520,25642,1782.14,1
12521,14876,2047.87,1
12522,28636,3848.8,1
12523,20469,4404.85,0
12524,556,906.91,1
12525,1475,4503.02,1
12526,6486,990.56,0
12527,478,632.97,0
12528,30718,3172.0,1
12529,10403,551.45,0
12530,32105,3942.78,1
12531,10004,1669.99,0
12532,29233,3687.57,1
12533,6898,170.94,1
12534,14311,3933.31,0
12535,25041,4792.83,0
12536,1603,4477.33,1
12537,7349,831.71,1
12538,3939,4875.18,1
12539,29478,2154.92,1
12540,24570,2829.82,1
12541,13832,2720.96,0
12542,28412,3027.69,1
12543,10735,4821.89,0
12544,261,2107.82,0
12545,8192,3787.05,1
12546,17689,2414.79,0
12547,25450,775.76,0
12548,15053,819.94,0
12549,4572,1665.23,0
12550,9995,1917.19,0
12551,17579,4388.32,1
12552,29434,2645.18,1
12553,6687,3069.13,1
12554,14073,4533.84,0
12555,23455,955.02,0
12556,19299,934.76,1
12557,16319,2108.32,1
12558,27435,1888.44,1
12559,576,4145.41,0
12560,6083,1519.83,1
12561,726,3763.1,0
12562,3356,1203.73,0
12563,6794,1850.15,1
12564,12789,4191.28,0
12565,1188,4755.16,0
12566,24667,3408.33,1
12567,655,4263.44,1
12568,22508,1782.48,1
12569,31536,2802.98,0
12570,778,4665.29,0
12571,13867,4814.4,0
12572,32732,2484.0,0
12573,24225,312.83,1
12574,24658,4158.71,0
12575,34718,396.65,1
12576,22937,4467.01,1
12577,19951,1468.79,1
12578,29541,3365.33,0
12579,23589,764.67,0
12580,30396,3950.42,1
12581,22873,4093.32,1
12582,2154,4872.14,1
12583,29225,3409.37,1
12584,13331,2857.66,0
12585,17891,4567.91,1
12586,19406,1401.29,0
12587,8893,4673.53,1
12588,34293,2649.46,1
12589,13968,369.87,0
12590,16339,3610.26,0
12591,19399,1637.65,0
12592,14107,3683.17,0
12593,10085,3890.73,0
12594,34380,4583.95,0
12595,3165,3773.53,1
12596,10763,539.15,0
12597,16756,1619.66,1
12598,18764,2212.64,1
12599,7402,782.87,0
12600,22553,824.64,1
12601,31632,4123.51,1
12602,30725,3521.73,0
12603,30361,1366.08,1
12604,32585,3983.04,1
12605,19649,3135.93,0
12606,3355,3571.51,1
12607,20939,1305.75,0
12608,24509,1295.14,1
12609,29964,4570.86,1
12610,21313,1162.66,0
12611,17288,4628.25,0
12612,24125,2506.58,0
12613,6713,2852.12,1
12614,3186,3798.03,0
12615,15119,666.44,0
12616,18046,2394.3,1
12617,4766,1792.79,0
12618,13429,2776.22,1
12619,20377,4903.62,1
12620,14595,1414.75,0
12621,14633,4484.16,0
12622,16063,3400.62,0
12623,18980,4563.93,0
12624,8039,2292.38,0
12625,33369,4802.5,0
12626,6989,1200.68,1
12627,29579,2987.72,1
12628,10838,1582.87,1
12629,4649,1276.4,0
12630,3443,4000.16,1
12631,10344,4870.12,1
12632,8952,3667.78,1
12633,31113,161.92,1
12634,630,3075.28,1
12635,12067,4373.29,0
12636,12719,2001.31,0
12637,4638,2306.23,1
12638,34279,1993.09,0
12639,33402,3638.38,0
12640,12738,1134.48,0
12641,29358,3838.04,0
12642,30571,508.69,1
12643,33692,2823.08,1
12644,31849,3726.32,1
12645,9099,1773.3,1
12646,28277,194.56,1
12647,17825,2572.88,0
12648,12358,4695.77,0
12649,26122,4606.48,0
12650,13611,4530.78,0
12651,21371,849.78,0
12652,31314,2312.19,0
12653,30693,1413.01,0
12654,28308,2277.78,1
12655,10591,4748.52,1
12656,7581,793.52,0
12657,34259,1283.7,1
12658,27969,1462.04,1
12659,23150,2123.18,0
12660,19479,1520.43,1
12661,7766,3298.63,1
12662,23367,1145.32,1
12663,2122,1605.77,0
12664,6189,2551.79,1
12665,1083,2149.35,1
12666,10346,867.24,0
12667,7439,2118.42,0
12668,15888,3167.53,1
12669,18842,2378.55,1
12670,1773,1056.64,1
12671,25050,2096.16,0
12672,14968,4867.07,1
12673,2831,296.91,0
12674,20220,3810.02,0
12675,18515,626.11,1
12676,8852,4506.59,1
12677,557,4407.31,1
12678,23397,2147.17,0
12679,3978,1290.95,1
12680,22859,1664.25,0
12681,28967,4936.41,1
12682,20381,605.62,0
12683,2138,4533.53,0
12684,4943,1810.96,1
12685,25948,1759.79,1
12686,2370,4910.01,0
12687,18203,2149.2,0
12688,32596,658.59,1
12689,34161,3310.6,1
12690,17539,432.05,1
12691,1734,1356.03,0
12692,8206,2418.89,0
12693,34979,3215.59,0
12694,18135,2994.16,0
12695,16668,3307.84,1
12696,3395,463.38,0
12697,21181,133.63,0
12698,428,3554.75,0
12699,15578,3219.98,1
12700,1591,4853.78,1
12701,34532,1272.08,1
12702,32171,3475.96,1
12703,498,3840.83,0
12704,4141,128.25,1
12705,29330,2164.6,0
12706,21650,2194.11,0
12707,5803,2883.92,0
12708,34030,1436.45,0
12709,26425,3583.24,0
12710,7545,3532.18,0
12711,27474,2555.45,0
12712,1692,1002.63,1
12713,34522,4062.38,0
12714,32647,456.57,1
12715,20948,320.06,1
12716,21803,199.49,1
12717,33622,4712.82,0
12718,31171,3143.94,1
12719,9330,3000.96,0
12720,12297,473.24,1
12721,34552,4771.82,0
12722,34552,4566.11,0
12723,19308,101.36,1
12724,32243,3154.37,0
12725,23074,1606.6,0
12726,17984,2748.81,0
12727,1155,2152.49,1
12728,8074,3267.85,1
12729,20709,4122.33,0
12730,7826,2217.56,1
12731,14955,1893.32,1
12732,20325,4642.74,1
12733,32406,2220.43,1
12734,11583,4750.43,1
12735,10467,1682.81,0
12736,24144,2610.99,1
12737,15804,2499.14,1
12738,957,3527.37,1
12739,7893,2172.08,0
12740,23375,2586.9,0
12741,16126,1019.93,0
12742,14298,2042.1,1
12743,28290,774.09,1
12744,2216,4771.43,0
12745,19768,3880.23,1
12746,2470,1023.57,0
12747,12898,1756.56,1
12748,13007,3481.89,0
12749,16287,2980.47,0
12750,34306,2683.09,0
12751,9238,501.3,0
12752,31386,1342.72,1
12753,20376,4790.55,1
12754,34491,3816.25,1
12755,9464,3909.43,0
12756,5736,1618.8,0
12757,33455,3747.1,0
12758,29581,2137.76,0
12759,33470,2804.71,0
12760,32002,1408.65,0
12761,28867,2729.61,0
12762,23062,2237.28,0
12763,9967,1557.72,0
12764,3778,3339.93,0
12765,23203,1941.75,0
12766,21535,975.7,1
12767,17330,4379.01,0
12768,32961,2383.19,0
12769,33931,1771.9,0
12770,9582,2340.36,0
12771,28763,2723.93,1
12772,2805,1070.13,1
12773,15288,3899.48,0
12774,10608,2829.14,0
12775,34974,483.46,0
12776,10180,175.51,1
12777,4112,3986.52,0
12778,33102,2651.69,0
12779,26629,4476.39,0
12780,12127,2285.07,1
12781,33375,4029.9,0
12782,12937,1486.75,1
12783,26865,3343.54,1
12784,33801,4115.46,0
12785,23302,1339.85,1
12786,17546,3479.61,1
12787,31069,4128.74,0
12788,18015,4061.27,1
12789,33859,1169.6,0
12790,14730,3722.42,0
12791,9003,2395.21,1
12792,931,2423.29,0
12793,4687,3187.84,0
12794,15804,2824.1,1
12795,28587,4850.78,0
12796,17845,3258.64,0
12797,22868,1914.04,1
12798,13220,1916.32,0
12799,27760,324.47,1
12800,13938,2666.07,1
12801,14025,4153.38,0
12802,2204,493.75,1
12803,14599,162.43,1
12804,2498,1770.84,1
12805,4431,3298.6,0
12806,29322,3996.22,0
12807,6525,4568.05,0
12808,7126,3447.32,0
12809,29943,1168.25,0
12810,8283,2599.89,1
12811,30045,2493.04,1
12812,12277,838.86,0
12813,29284,667.73,0
12814,16999,3341.19,1
12815,3408,1999.43,1
12816,26387,4252.32,1
12817,23979,1709.02,0
12818,18028,2175.78,0
12819,25502,4310.72,0
12820,1770,4048.43,1
12821,20318,2082.94,0
12822,23327,4557.53,1
12823,26686,302.86,0
12824,16703,3790.93,0
12825,2011,2933.14,0
12826,15516,1946.82,0
12827,32121,788.9,0
12828,17948,4570.43,0
12829,6886,2107.27,0
12830,18370,358.76,0
12831,15330,3854.93,1
12832,11377,3924.48,0
12833,9221,4307.99,1
12834,18818,2704.2,1
12835,4087,800.66,1
12836,31375,337.89,1
12837,5923,3507.25,1
12838,21342,1134.19,1
12839,20045,4977.06,0
12840,7004,2584.86,0
12841,1209,4694.55,1
12842,26493,3748.88,0
12843,4505,2645.91,1
12844,8428,2267.51,1
12845,32694,534.28,1
12846,2051,1161.51,0
12847,3593,4367.12,1
12848,20320,4582.41,0
12849,23893,2880.6,0
12850,29111,1948.08,1
12851,34968,4908.01,0
12852,72,1223.58,1
12853,26665,4887.03,1
12854,21522,1337.57,0
12855,18085,1340.08,0
12856,31443,4819.97,0
12857,6608,352.93,1
12858,32967,4955.59,0
12859,7222,3081.04,1
12860,26963,4094.32,1
12861,32544,4791.73,1
12862,3482,3317.38,1
12863,24949,4088.19,0
12864,34267,3651.23,1
12865,23515,1375.62,1
12866,19750,3512.68,1
12867,30969,1039.86,1
12868,18240,2963.92,0
12869,34275,4043.44,0
12870,6216,4546.36,0
12871,23174,3325.89,0
12872,11565,4335.52,0
12873,2185,2095.16,1
12874,22361,2784.39,1
12875,15204,2270.69,1
12876,24974,4887.91,0
12877,20776,621.33,0
12878,3934,4230.53,1
12879,12302,3789.91,0
12880,32716,2406.1,1
12881,5090,656.18,0
12882,4355,1103.95,1
12883,5270,1968.43,0
12884,30660,720.0,1
12885,1094,2075.16,1
12886,20235,2554.45,1
12887,12444,3057.4,0
12888,95,2456.08,0
12889,18580,2920.79,0
12890,17594,455.41,0
12891,31469,1129.87,1
12892,11409,3247.47,0
12893,320,574.35,0
12894,17014,3275.89,1
12895,12408,1840.64,1
12896,23156,1865.98,1
12897,7489,2557.07,0
12898,9727,2098.95,0
12899,30011,392.32,0
12900,20518,3335.42,1
12901,9635,3772.57,0
12902,34437,1157.46,0
12903,22120,2573.49,1
12904,9296,2991.34,0
12905,27359,2280.11,1
12906,14530,901.61,0
12907,21904,4686.42,1
12908,9193,3627.8,1
12909,419,1406.83,1
12910,6600,2723.21,1
12911,12469,4933.79,0
12912,34964,1916.19,0
12913,21962,4178.18,0
12914,26587,1564.61,1
12915,11505,980.53,0
12916,6114,1594.3,0
12917,5203,1399.68,0
12918,5614,2041.67,0
12919,14194,3737.72,1
12920,25076,3278.49,1
12921,30011,3489.51,1
12922,30034,2113.49,0
12923,34593,3149.7,0
12924,26360,108.36,1
12925,19546,3532.43,1
12926,4023,2540.59,1
12927,879,3931.13,0
12928,771,195.07,0
12929,7138,4192.93,1
12930,24260,881.66,1
12931,17218,1440.59,0
12932,21584,2762.55,1
12933,5150,2959.95,0
12934,29003,3463.46,0
12935,11284,3569.05,1
12936,3639,1863.95,0
12937,3444,1656.54,0
12938,33819,1393.83,0
12939,33091,2580.24,1
12940,4423,4810.85,0
12941,13442,4258.54,1
12942,7591,4168.96,0
12943,27955,3295.93,0
12944,24609,1882.81,0
12945,2931,312.8,1
12946,17438,2574.3,1
12947,18642,924.91,1
12948,5197,3767.26,1
12949,3199,1083.34,0
12950,11079,2442.88,1
12951,13264,4633.63,0
12952,12776,2761.04,1
12953,1341,4453.73,1
12954,28353,3621.98,0
12955,23483,2710.44,1
12956,25764,3314.41,1
12957,5494,3965.07,0
12958,13327,2745.26,0
12959,5166,1487.87,0
12960,24262,2543.62,1
12961,31490,3918.48,1
12962,24585,4066.72,0
12963,13360,3024.29,1
12964,31409,3813.5,1
12965,15757,3237.13,0
12966,33086,3764.04,0
12967,31397,676.47,1
12968,25981,4344.98,1
12969,7759,1572.4,1
12970,20877,544.86,0
12971,14174,4606.39,1
12972,26489,2067.73,0
12973,22038,3694.83,0
12974,3127,4212.14,1
12975,6961,4396.03,0
12976,25598,2855.36,1
12977,4179,1588.38,1
12978,24084,160.29,0
12979,23285,4625.29,1
12980,15813,3381.55,1
12981,29339,3179.34,1
12982,17903,3180.42,1
12983,1761,495.15,0
12984,23511,3040.18,0
12985,7188,1030.64,0
12986,13767,1072.92,1
12987,9552,745.94,1
12988,6574,2979.77,1
12989,29092,2505.2,0
12990,3209,4848.53,0
12991,8279,1983.96,0
12992,19523,3045.04,0
12993,15435,982.53,1
12994,16560,1855.4,1
12995,5033,3485.53,0
12996,4150,1165.5,1
12997,5132,3446.45,0
12998,25960,355.09,0
12999,4814,1919.45,1
13000,21450,2769.01,0
13001,22093,1631.53,1
13002,533,4021.51,1
13003,31453,4687.39,1
13004,10028,1347.34,1
13005,30687,1445.29,1
13006,21543,3880.78,0
13007,13952,4841.14,1
13008,10112,2755.22,0
13009,30719,389.21,1
13010,22769,3743.33,1
13011,27109,2972.4,1
13012,14414,1886.95,0
13013,5112,2165.67,1
13014,1038,2668.19,0
13015,30210,1014.32,0
13016,4352,2970.88,1
13017,21420,4454.92,0
13018,22026,622.14,0
13019,25863,4662.35,1
13020,23524,2045.22,0
13021,34302,809.17,1
13022,19613,2221.11,0
13023,31974,2540.15,0
13024,28829,4237.08,1
13025,1842,1361.64,0
13026,29549,3181.03,0
13027,13605,2887.33,0
13028,26949,493.33,0
13029,10804,1626.19,1
13030,25615,4963.73,0
13031,23154,1365.94,1
13032,29932,4488.72,1
13033,23172,2405.4,0
13034,8063,1831.95,1
13035,2998,1220.71,0
13036,17341,1524.5,1
13037,20533,4532.53,0
13038,34071,431.22,1
13039,21009,2584.96,1
13040,8957,1070.52,0
13041,15031,3135.52,0
13042,5737,1708.33,0
13043,17305,4846.22,0
13044,29056,2435.11,1
13045,16742,3826.78,0
13046,15019,940.32,0
13047,7037,4281.6,0
13048,19210,2817.5,0
13049,2817,999.65,0
13050,7609,4509.84,1
13051,20412,3771.7,1
13052,487,4045.32,0
13053,28932,585.92,1
13054,30410,2418.28,1
13055,27323,2570.73,0
13056,22686,4154.44,1
13057,15320,3137.98,1
13058,15569,3155.56,1
13059,30146,1909.01,1
13060,25856,3632.87,0
13061,21199,477.35,0
13062,8455,1828.49,0
13063,25431,852.61,0
13064,23545,1700.78,1
13065,26557,2765.23,0
13066,4754,2516.75,1
13067,9825,2635.73,1
13068,11385,3978.78,0
13069,22758,586.88,0
13070,8054,1751.95,0
13071,8564,3120.06,1
13072,9619,1658.64,0
13073,14813,2805.07,0
13074,17668,2344.33,0
13075,18796,3334.82,0
13076,10320,514.59,0
13077,479,2182.11,0
13078,25075,1093.73,1
13079,6981,203.12,1
13080,31353,1231.64,1
13081,33343,461.93,0
13082,789,544.96,1
13083,9728,497.6,1
13084,25531,1428.82,0
13085,1604,1900.46,0
13086,21820,4160.12,1
13087,34365,2942.31,0
13088,9426,3219.49,0
13089,9153,4256.95,0
13090,15576,252.57,0
13091,30266,4118.37,1
13092,4039,3743.07,0
13093,7946,1645.21,0
13094,20101,4812.35,0
13095,17426,3579.11,0
13096,16610,4914.27,1
13097,12149,377.25,1
13098,23785,3677.26,0
13099,12048,1581.95,1
13100,9279,2759.01,1
13101,21560,1363.59,0
13102,15903,2924.19,1
13103,18460,4009.73,0
13104,4103,725.17,0
13105,14780,945.13,0
13106,25230,1364.96,0
13107,26037,1010.83,0
13108,15392,4522.83,0
13109,21294,2837.64,1
13110,15938,2219.3,1
13111,7322,4858.54,0
13112,32770,3320.41,0
13113,27706,378.37,0
13114,12584,4266.68,0
13115,30131,167.33,1
13116,1124,1452.22,0
13117,12605,1922.0,1
13118,22756,4308.9,0
13119,34461,2510.23,1
13120,3355,1258.71,0
13121,5955,213.13,0
13122,28745,2053.36,0
13123,23300,432.9,0
13124,2921,4457.64,0
13125,26438,3003.03,1
13126,974,4406.73,1
13127,33145,1988.42,1
13128,23572,2949.39,0
13129,21827,3875.75,1
13130,23269,1853.09,0
13131,11777,3171.39,0
13132,15559,3503.52,1
13133,6475,4354.14,0
13134,29905,1079.09,1
13135,25006,3130.24,0
13136,26258,2450.1,0
13137,129,674.82,0
13138,19536,2884.39,1
13139,8664,4186.29,1
13140,9378,3170.17,1
13141,32409,4195.18,0
13142,12662,1310.79,0
13143,5530,2299.52,0
13144,31034,212.12,0
13145,21600,4866.81,0
13146,18274,3550.63,1
13147,3099,1151.8,1
13148,20042,4078.84,0
13149,9081,2472.1,1
13150,20784,1974.06,0
13151,1856,1369.98,1
13152,24669,2332.13,0
13153,30176,4516.45,1
13154,10864,3749.71,0
13155,24791,538.38,1
13156,23853,2970.19,0
13157,23503,2092.75,0
13158,19951,139.82,0
13159,32979,3753.88,1
13160,1499,4973.82,1
13161,18621,2787.96,0
13162,21993,3822.98,0
13163,7586,2585.57,0
13164,29533,3677.16,1
13165,2043,4852.24,0
13166,6875,784.35,1
13167,10125,2576.58,0
13168,31264,4852.37,1
13169,12824,2302.16,0
13170,9358,4935.03,0
13171,32629,4996.93,0
13172,6754,1501.31,1
13173,20737,4806.34,1
13174,17756,4869.1,1
13175,2482,3567.09,0
13176,28050,2310.7,0
13177,15237,1573.4,1
13178,33528,1632.82,0
13179,11358,4291.5,1
13180,29322,208.42,1
13181,15447,4976.17,0
13182,4970,3130.07,1
13183,16013,4667.35,1
13184,17923,3168.07,1
13185,7379,2908.88,1
13186,10880,3504.08,1
13187,8833,3308.2,1
13188,29910,1497.06,0
13189,34550,2155.24,1
13190,18152,615.6,1
13191,30302,692.65,0
13192,20427,625.6,0
13193,10460,4977.99,1
13194,6129,723.85,1
13195,28550,4502.99,0
13196,8203,2773.37,0
13197,7045,3829.97,1
13198,4112,2886.62,1
13199,9312,463.56,0
13200,4248,2289.06,0
13201,13554,4402.69,1
13202,21481,4565.8,0
13203,5041,939.5,0
13204,15997,2340.96,1
13205,17102,3383.5,1
13206,24922,1362.07,0
13207,1857,136.34,1
13208,4650,335.08,0
13209,21102,2902.4,1
13210,16104,795.4,0
13211,22556,645.09,1
13212,11745,2718.07,1
13213,22017,136.92,1
13214,13418,2837.79,0
13215,9162,3977.56,1
13216,5643,2353.49,0
13217,28629,1645.21,0
13218,4219,2386.51,0
13219,11782,801.06,1
13220,3242,3882.7,1
13221,3097,3848.83,1
13222,6971,4917.21,0
13223,34911,2305.25,1
13224,34698,184.41,0
13225,16985,4864.37,0
13226,25066,1468.12,1
13227,29126,1529.76,1
13228,15161,3256.29,0
13229,33056,333.58,0
13230,15867,3191.23,1
13231,18107,334.71,0
13232,13603,4965.08,0
13233,9664,1051.45,0
13234,30786,1694.25,0
13235,4984,2505.72,0
13236,136,2451.66,1
13237,200,3348.46,0
13238,1635,255.75,1
13239,4514,2459.32,1
13240,16638,4029.61,0
13241,33511,3704.43,1
13242,17729,4355.77,0
13243,18967,3419.47,0
13244,33437,650.31,0
13245,14553,1962.07,1
13246,11915,2107.76,1
13247,1165,2703.77,1
13248,33099,1375.0,0
13249,34085,705.45,1
13250,20405,1008.85,0
13251,22732,3986.16,0
13252,101,3496.32,1
13253,29435,1730.63,0
13254,28874,2840.74,0
13255,34415,4997.7,1
13256,3441,179.0,1
13257,10697,3030.66,0
13258,21393,3215.31,0
13259,23734,2528.63,0
13260,29331,1629.22,1
13261,370,303.59,0
13262,8593,4625.66,1
13263,4503,231.99,0
13264,5404,2435.98,1
13265,1656,3576.57,0
13266,27502,2994.82,0
13267,20627,4421.66,0
13268,18487,1223.52,1
13269,11386,1903.91,0
13270,21203,3592.05,0
13271,5680,468.2,1
13272,26510,3063.8,1
13273,19336,2094.37,1
13274,22484,4753.09,1
13275,27611,3150.86,1
13276,30224,3413.93,1
13277,18895,4052.92,0
13278,32720,2412.04,1
13279,31985,667.67,0
13280,32145,3666.37,1
13281,6878,4694.39,1
13282,6853,2542.09,1
13283,13854,752.96,0
13284,3079,2867.16,0
13285,11855,4862.49,0
13286,29788,2075.53,0
13287,23856,2315.65,0
13288,6412,1017.68,0
13289,524,4784.98,1
13290,22925,3403.05,0
13291,18392,4648.9,0
13292,22711,710.77,1
13293,569,1937.01,0
13294,14043,2689.71,1
13295,25012,1252.22,0
13296,6619,3359.43,0
13297,30066,782.75,1
13298,33696,1559.77,0
13299,21533,646.59,0
13300,22485,2200.84,0
13301,6211,1467.56,1
13302,20261,4903.15,1
13303,29470,3016.3,0
13304,17882,2303.59,0
13305,2173,1772.73,1
13306,31049,241.03,0
13307,29824,2308.4,0
13308,34778,2911.89,0
13309,5362,4552.13,1
13310,12871,1005.3,0
13311,34703,3273.27,0
13312,34314,1740.5,1
13313,14462,796.1,1
13314,14161,1405.89,1
13315,6067,2171.76,0
13316,34359,2258.34,1
13317,9175,2013.73,0
13318,8414,1305.02,0
13319,1777,2337.18,0
13320,3179,334.89,1
13321,28961,2783.28,0
13322,34508,1389.4,1
13323,836,915.81,1
13324,1747,2100.39,1
13325,4222,406.08,1
13326,4729,4135.76,0
13327,7277,1301.61,0
13328,9674,3284.16,1
13329,7238,1106.75,1
13330,26880,194.89,0
13331,11352,3147.44,1
13332,17995,2166.47,0
13333,13737,4754.02,0
13334,30789,1456.74,1
13335,34710,1934.2,1
13336,8936,2459.45,1
13337,14521,2294.52,1
13338,19483,1169.75,0
13339,23300,3455.64,1
13340,31518,938.61,0
13341,10834,1670.64,1
13342,3641,4853.26,0
13343,7223,1105.6,0
13344,27331,3865.06,0
13345,16084,4369.98,0
13346,1162,1728.84,0
13347,1016,4998.27,0
13348,14757,150.55,0
13349,10214,4070.9,1
13350,8726,3339.91,0
13351,32466,1102.16,0
13352,22711,4855.95,0
13353,24070,3425.93,1
13354,23524,4023.59,1
13355,16419,419.15,0
13356,10235,607.74,1
13357,31732,793.1,0
13358,31896,3313.05,0
13359,19976,4221.53,0
13360,2081,4517.4,1
13361,15633,4082.58,0
13362,15534,4456.48,0
13363,6884,3447.98,0
13364,6159,1332.59,1
13365,3070,1447.54,1
13366,22481,1876.54,1
13367,16343,1805.92,1
13368,3801,1472.96,1
13369,15925,2679.41,0
13370,3336,2574.56,0
13371,13045,794.27,0
13372,13804,1091.9,0
13373,20554,1392.93,1
13374,25143,1680.78,1
13375,28388,1765.86,0
13376,14028,2406.09,1
13377,17274,888.82,0
13378,26516,2874.68,0
13379,21706,4277.54,1
13380,20418,1937.05,0
13381,34080,2302.28,1
13382,1392,4908.31,0
13383,15237,3285.78,0
13384,20344,3531.58,1
13385,23072,676.09,1
13386,14564,985.41,0
13387,15458,4783.42,0
13388,18423,2497.19,1
13389,13287,3756.68,1
13390,2652,3568.53,1
13391,26132,1674.46,1
13392,28043,4437.04,0
13393,16027,4441.88,1
13394,34252,3684.03,0
13395,11410,1468.56,1
13396,4829,3177.33,1
13397,31678,4243.17,0
13398,3531,409.74,1
13399,4092,3917.23,0
13400,693,3325.12,1
13401,34806,3096.05,0
13402,31874,4094.42,1
13403,4261,3398.77,1
13404,15979,3536.71,0
13405,13928,407.8,1
13406,30788,2450.56,0
13407,6885,2719.51,1
13408,25839,1609.72,0
13409,18349,3700.13,1
13410,18763,984.23,0
13411,26590,1232.99,0
13412,5260,4394.79,0
13413,17416,4621.84,0
13414,7818,4588.39,0
13415,30627,905.04,1
13416,23804,1281.88,0
13417,16718,1839.76,1
13418,34299,4304.69,0
13419,30113,1334.48,0
13420,17899,4455.14,1
13421,8997,2647.06,0
13422,28438,750.89,0
13423,25533,3038.77,0
13424,20580,2391.96,1
13425,29210,2905.39,1
13426,18945,3150.72,1
13427,6465,1700.13,1
13428,7929,1919.04,1
13429,29303,4213.46,0
13430,19465,3677.21,1
13431,26295,3133.47,0
13432,27432,3104.06,1
13433,18398,3241.6,0
13434,527,309.06,0
13435,20537,3966.3,0
13436,32490,765.31,0
13437,20450,2254.05,0
13438,4759,4473.3,1
13439,19203,1690.06,0
13440,4458,4218.62,0
13441,14256,4580.96,1
13442,23915,3517.27,0
13443,28873,4501.79,0
13444,28074,3503.37,1
13445,24444,1008.86,0
13446,23160,599.67,1
13447,29309,1511.59,1
13448,15384,875.72,1
13449,29252,386.65,0
13450,1763,4550.09,1
13451,8428,401.92,0
13452,28644,403.35,1
13453,19906,1374.56,0
13454,6429,3839.77,1
13455,5717,2817.81,1
13456,12597,4492.91,0
13457,31709,2535.2,1
13458,7603,3427.67,1
13459,2599,1644.71,0
13460,8146,3453.94,0
13461,3483,1224.95,0
13462,32488,290.64,1
13463,13727,3073.2,1
13464,11411,645.76,0
13465,24238,1416.24,1
13466,4385,1965.39,0
13467,5594,4162.78,0
13468,18079,232.65,1
13469,32173,3986.01,0
13470,2229,811.85,1
13471,4685,2432.61,1
13472,2971,4681.4,0
13473,21583,4250.3,1
13474,1573,450.15,1
13475,1926,474.19,1
13476,2233,1968.99,0
13477,16622,4146.87,0
13478,9381,1388.99,1
13479,21456,3071.16,0
13480,28166,3335.43,1
13481,12857,2531.06,0
13482,32039,3359.65,0
13483,8264,1000.99,0
13484,25228,2134.2,0
13485,14498,3803.04,0
13486,23319,2464.27,1
13487,15771,2878.42,1
13488,32093,385.27,1
13489,23147,2640.15,0
13490,12049,2362.33,0
13491,4712,3910.98,0
13492,31883,2190.06,1
13493,10888,2398.61,1
13494,18629,360.92,0
13495,30769,2053.52,0
13496,34773,2037.8,1
13497,12051,3568.82,0
13498,7254,4818.72,1
13499,34687,4869.48,0
13500,18051,1584.87,0
13501,25411,272.64,1
13502,8527,1789.22,0
13503,33559,592.54,1
13504,11433,971.48,0
13505,19171,2527.77,1
13506,29265,4320.18,1
13507,16052,2893.62,0
13508,16551,938.07,0
13509,1698,668.41,0
13510,13437,216.4,1
13511,6962,1674.85,1
13512,18599,1328.53,1
13513,27295,1235.14,0
13514,8607,2556.78,1
13515,29723,897.12,1
13516,28390,1404.18,1
13517,4183,3019.45,0
13518,29869,1586.12,1
13519,23897,4770.11,0
13520,5025,4768.44,1
13521,23506,572.02,1
13522,2205,3728.56,0
13523,21271,2357.05,1
13524,30190,1203.92,1
13525,16068,3780.89,1
13526,23192,4396.22,0
13527,16804,267.9,0
13528,1178,4294.1,0
13529,21460,552.14,0
13530,29529,1130.18,1
13531,19447,1192.15,0
13532,74,1471.89,1
13533,24703,2671.6,0
13534,22800,1170.98,0
13535,27902,311.93,1
13536,27854,1578.14,0
13537,2356,2968.56,0
13538,31496,2799.94,1
13539,2936,1371.74,1
13540,34008,2737.58,1
13541,10860,4272.14,0
13542,13881,482.66,0
13543,21060,2336.1,1
13544,25528,4917.86,1
13545,20082,2377.46,1
13546,12858,3468.36,0
13547,13674,3894.02,0
13548,32689,2128.96,1
13549,12225,3138.48,1
13550,6279,4585.51,1
13551,12069,2241.91,0
13552,28204,2658.61,0
13553,8592,3760.63,1
13554,27380,3456.94,1
13555,24274,4532.64,0
13556,8515,2927.07,0
13557,5495,4919.94,1
13558,24927,3158.04,0
13559,29954,1121.95,0
13560,25158,2494.44,0
13561,14450,2299.21,0
13562,8153,2588.66,0
13563,26970,3797.38,0
13564,24517,4858.56,0
13565,4206,4968.08,1
13566,19602,4401.42,0
13567,4065,3441.66,0
13568,2342,991.94,0
13569,30531,3234.88,0
13570,26957,3896.75,1
13571,15589,2118.59,0
13572,21522,3595.23,1
13573,6399,4794.63,1
13574,19011,2574.63,0
13575,598,516.56,0
13576,20515,3330.58,0
13577,28232,1321.78,0
13578,18054,2756.03,0
13579,26441,2257.01,0
13580,19481,3971.91,1
13581,18400,4189.52,1
13582,21724,251.28,0
13583,24787,2482.31,0
13584,5888,2471.3,0
13585,14643,3250.82,1
13586,2235,2763.95,1
13587,2838,2691.34,1
13588,27049,3114.03,1
13589,3726,4236.69,0
13590,4570,4198.23,0
13591,903,3362.62,0
13592,32542,4660.08,1
13593,22869,1057.52,1
13594,11406,2741.4,1
13595,1082,3456.35,0
13596,22154,2857.5,0
13597,25900,502.95,0
13598,9003,4691.87,1
13599,14099,518.43,0
13600,27974,1998.06,1
13601,10631,282.02,1
13602,29878,1066.16,0
13603,1189,3108.45,1
13604,12974,4729.33,1
13605,20580,3804.87,0
13606,29617,2811.11,1
13607,25810,2382.69,0
13608,21172,2250.2,0
13609,28271,1882.69,0
13610,14269,3389.32,1
13611,14131,929.77,1
13612,32839,1475.0,0
13613,31811,4218.05,0
13614,7411,952.67,0
13615,34504,2557.76,1
13616,14755,1347.52,1
13617,34992,4912.51,1
13618,4657,3034.13,0
13619,12191,3632.86,0
13620,17733,317.13,0
13621,33295,1450.14,0
13622,13441,2376.29,0
13623,6053,4534.42,1
13624,629,751.81,0
13625,12520,2680.28,0
13626,11762,2702.85,1
13627,5946,2171.52,0
13628,13752,2765.81,1
13629,28512,3672.82,0
13630,22896,3888.87,0
13631,18114,3703.0,0
13632,24587,209.8,0
13633,5737,1898.06,1
13634,30994,2014.31,0
13635,12777,4072.08,0
13636,5850,3732.49,0
13637,21813,3140.27,0
13638,31382,3183.94,1
13639,20025,4466.52,1
13640,5453,3233.1,0
13641,11955,1384.83,1
13642,31536,4358.24,0
13643,31914,888.2,1
13644,6968,4694.68,1
13645,1308,1067.13,1
13646,8556,2914.08,1
13647,31033,4270.22,0
13648,17093,1254.3,1
13649,15180,3440.47,1
13650,30902,2370.24,0
13651,12090,3233.32,0
13652,32046,992.62,1
13653,18048,1043.33,1
13654,28401,1056.83,0
13655,21403,1737.53,1
13656,23430,2849.29,1
13657,6740,1087.01,1
13658,9089,1108.94,0
13659,32829,3150.41,0
13660,32194,1514.25,1
13661,28458,1911.41,1
13662,15554,1131.71,1
13663,15893,4334.95,0
13664,17142,1876.89,1
13665,17108,3986.45,0
13666,12823,3676.47,1
13667,7964,373.91,0
13668,14663,896.22,0
13669,31477,4938.44,0
13670,2841,1370.26,0
13671,31895,4493.54,1
13672,12402,3867.89,1
13673,32756,3898.6,0
13674,3191,4277.84,0
13675,7283,3138.83,0
13676,6321,3111.82,0
13677,6746,3618.57,1
13678,27118,2117.14,0
13679,5602,4898.96,0
13680,23097,2161.18,0
13681,16641,898.23,0
13682,3630,3469.77,1
13683,11329,2281.61,1
13684,2634,2984.2,1
13685,9720,842.86,0
13686,16205,4070.78,0
13687,27375,4028.35,1
13688,4661,3283.42,1
13689,4044,1379.57,0
13690,8538,1919.9,1
13691,23624,1842.05,1
13692,25784,3695.71,0
13693,32575,4786.42,0
13694,16559,2612.28,0
13695,11293,3956.57,1
13696,28493,2849.21,1
13697,14620,367.04,0
13698,6622,114.08,1
13699,14985,2346.85,1
13700,22564,4506.6,0
13701,20377,2568.18,1
13702,29945,2997.77,1
13703,24777,3390.23,1
13704,12299,1587.36,1
13705,25188,4825.04,0
13706,15092,421.23,0
13707,25167,940.73,0
13708,5001,4325.42,0
13709,25892,4586.77,0
13710,30728,341.46,1
13711,33593,3225.46,0
13712,10715,925.73,1
13713,15361,3010.41,0
13714,27648,3139.82,1
13715,31562,105.6,1
13716,24745,3181.25,1
13717,13255,3401.24,1
13718,22857,1689.15,1
13719,23698,2796.51,1
13720,27449,3044.74,1
13721,18925,1988.32,1
13722,2609,4710.64,1
13723,6199,3922.6,1
13724,23775,164.23,1
13725,13220,3921.66,1
13726,2387,3870.19,0
13727,8928,1516.51,0
13728,7191,3223.05,0
13729,27068,4869.0,1
13730,12143,1538.21,0
13731,8719,1634.81,1
13732,12733,2166.49,1
13733,34916,4403.62,0
13734,9675,117.12,1
13735,25332,468.58,0
13736,11305,3194.65,1
13737,17745,795.59,0
13738,31337,4635.54,0
13739,12206,1377.8,0
13740,15029,1169.16,1
13741,13112,674.64,1
13742,33197,4867.52,1
13743,30914,2320.28,1
13744,28094,4031.23,0
13745,3048,1551.26,1
13746,24240,1376.69,0
13747,4809,4638.75,0
13748,10715,4504.51,0
13749,304,2908.25,1
13750,2753,4114.36,0
13751,15396,4017.65,0
13752,29035,2132.96,1
13753,22212,313.47,0
13754,20290,4426.55,1
13755,14869,313.23,1
13756,10797,123.56,0
13757,19265,4086.67,1
13758,27689,2064.22,0
13759,9485,1166.98,0
13760,29090,1571.44,0
13761,34295,816.85,1
13762,14421,906.08,1
13763,30005,4337.89,1
13764,22568,1116.68,1
13765,12669,1128.99,0
13766,33082,1278.36,1
13767,29491,301.71,1
13768,15805,3452.55,1
13769,13252,4686.28,1
13770,21712,1725.07,0
13771,6680,1934.16,0
13772,32881,148.41,1
13773,30625,3838.51,1
13774,9794,1486.36,1
13775,5866,2275.07,1
13776,8958,325.35,0
13777,17264,4938.34,1
13778,6936,4698.41,1
13779,11406,707.65,0
13780,7547,3641.56,0
13781,30525,1203.79,0
13782,4744,2878.04,1
13783,23309,4057.07,0
13784,3602,3466.2,1
13785,14778,1406.28,0
13786,33092,765.78,1
13787,26340,1652.22,0
13788,20143,1602.91,1
13789,9797,562.0,1
13790,17213,2124.08,0
13791,17060,2250.87,1
13792,27674,2715.21,0
13793,13681,678.54,1
13794,26435,2113.11,1
13795,1399,3381.51,0
13796,4011,2749.24,1
13797,31020,1432.85,0
13798,34329,4301.9,0
13799,8181,583.03,0
13800,15022,4542.09,1
13801,18804,4023.35,1
13802,22048,2019.17,0
13803,7958,4432.39,0
13804,19670,4731.8,1
13805,3884,4363.88,0
13806,21443,321.73,0
13807,18836,4773.86,0
13808,29879,2865.95,1
13809,4321,2245.71,0
13810,9593,1232.7,1
13811,7720,1382.38,0
13812,9288,3721.57,1
13813,8554,3552.38,1
13814,20798,3888.33,0
13815,17166,2649.26,0
13816,29178,1434.92,1
13817,27654,4018.79,0
13818,15407,1901.64,1
13819,32659,4165.19,1
13820,16733,2878.31,1
13821,4175,4715.99,0
13822,16113,397.91,1
13823,10254,1438.1,1
13824,29912,2790.11,1
13825,18902,4872.58,1
13826,12589,2492.55,1
13827,11516,3841.04,0
13828,17955,4434.04,1
13829,28512,869.13,1
13830,22007,1437.31,1
13831,6559,2810.92,1
13832,3867,1534.58,0
13833,12305,4272.09,0
13834,566,888.76,0
13835,26371,4107.56,0
13836,4714,2133.71,0
13837,19099,206.0,1
13838,7838,3612.31,0
13839,22556,2361.11,0
13840,32467,4638.24,1
13841,16633,3507.77,1
13842,31724,1982.9,0
13843,34861,4467.41,0
13844,2936,873.94,1
13845,103,3888.6,0
13846,26594,2442.83,1
13847,4023,3095.12,1
13848,7132,145.31,1
13849,4640,3360.6,0
13850,1317,3588.85,0
13851,10394,1191.86,0
13852,14186,2688.78,1
13853,14180,1877.03,0
13854,3871,4436.06,1
13855,26235,1963.85,1
13856,28143,606.98,0
13857,21812,4060.05,0
13858,8874,4052.89,0
13859,17372,3712.51,0
13860,29547,2844.72,0
13861,18107,4286.88,0
13862,2255,1773.16,0
13863,21207,653.24,1
13864,34366,2920.25,1
13865,3990,4622.58,1
13866,29497,258.67,0
13867,13180,1145.25,1
13868,29835,4909.54,0
13869,14248,1771.91,0
13870,26542,4342.8,1
13871,8605,2104.06,0
13872,28345,3844.84,1
13873,15141,3699.58,1
13874,26750,4395.83,0
13875,31223,4011.75,0
13876,10609,2388.79,0
13877,4670,3653.87,1
13878,7382,3037.73,1
13879,30123,1065.44,1
13880,2619,4438.88,0
13881,18727,2513.3,0
13882,26052,1918.44,1
13883,11072,539.35,1
13884,28506,3730.29,1
13885,5017,366.84,0
13886,22269,1347.28,1
13887,24754,462.42,0
13888,346,2482.31,0
13889,23773,4469.44,0
13890,28581,1333.2,1
13891,28590,1583.52,1
13892,3345,3875.11,0
13893,19539,3969.43,0
13894,34536,204.79,1
13895,23838,1279.32,1
13896,18197,2593.17,0
13897,11056,761.15,1
13898,32304,2814.45,0
13899,30563,4820.71,0
13900,23836,2551.26,1
13901,382,606.37,0
13902,20063,4598.79,1
13903,7063,2469.77,1
13904,19396,2003.19,1
13905,4391,2613.38,1
13906,13188,4538.01,1
13907,27697,3875.4,1
13908,15323,1668.68,0
13909,31033,294.86,0
13910,2274,4587.98,0
13911,16192,4938.31,0
13912,27911,2830.17,0
13913,7624,1024.83,1
13914,33581,1669.19,1
13915,3397,4473.56,0
13916,9777,187.64,1
13917,25753,2207.52,0
13918,7299,4660.14,1
13919,5185,3972.35,1
13920,14092,1942.34,1
13921,12914,4872.72,1
13922,2873,3326.48,0
13923,24348,4649.89,1
13924,7659,654.83,0
13925,20642,424.17,1
13926,32636,3610.3,0
13927,8305,1630.47,0
13928,25149,137.37,0
13929,29495,2125.72,1
13930,10892,1069.87,0
13931,30026,4982.43,1
13932,11894,861.44,1
13933,1453,2143.92,0
13934,34410,4858.76,1
13935,30068,3356.42,1
13936,8124,1575.29,1
13937,29367,3747.72,0
13938,109,2268.93,1
13939,3719,4479.52,0
13940,34143,1688.92,1
13941,8878,916.02,0
13942,33736,4923.83,1
13943,19783,3378.56,0
13944,27109,4823.31,0
13945,10130,4379.16,0
13946,32212,2662.92,1
13947,20477,3928.32,1
13948,27448,4071.53,1
13949,32711,3165.71,1
13950,26742,286.36,1
13951,5914,4662.64,1
13952,2496,1598.78,0
13953,18899,1876.46,0
13954,14918,2068.94,0
13955,6340,1164.41,1
13956,32193,3355.37,0
13957,19294,2010.95,0
13958,4314,1296.17,1
13959,19054,1099.69,1
13960,32633,3246.31,1
13961,14669,2350.58,1
13962,24437,3959.61,0
13963,465,4188.5,1
13964,17196,4560.05,0
13965,15483,1275.73,0
13966,11369,769.57,1
13967,10479,1179.47,0
13968,13029,4422.6,0
13969,28973,4351.5,1
13970,3979,2863.68,1
13971,19573,2406.45,0
13972,12947,4040.13,0
13973,34044,4387.12,1
13974,30731,1406.51,0
13975,14433,550.64,0
13976,21673,4512.65,0
13977,16615,4273.49,1
13978,18488,3542.88,1
13979,18308,3922.06,1
13980,9320,1088.5,1
13981,16654,2975.08,0
13982,23519,591.18,1
13983,33980,180.04,0
13984,4899,765.48,0
13985,33508,1693.64,0
13986,22872,3642.59,1
13987,9925,1921.75,0
13988,1767,4083.6,0
13989,24168,2135.86,1
13990,5736,3283.84,1
13991,2582,3108.05,0
13992,26113,353.52,1
13993,9697,2617.09,1
13994,13632,955.36,0
13995,12387,753.71,1
13996,20263,2214.67,1
13997,27196,991.77,0
13998,14049,326.16,0
13999,32904,719.59,0
14000,11674,1824.98,0
14001,11908,4710.41,1
14002,31138,2657.75,1
14003,12285,4157.23,1
14004,5808,1444.95,0
14005,5349,1114.95,0
14006,21691,110.92,0
14007,6761,3249.57,0
14008,34285,4523.43,1
14009,21726,2234.86,1
14010,19518,3464.05,0
14011,27410,1897.99,0
14012,16483,238.96,0
14013,17785,3720.39,0
14014,22775,2032.27,1
14015,13594,2465.69,1
14016,4147,4320.39,1
14017,6619,1555.52,0
14018,22735,645.77,0
14019,23911,3448.53,0
14020,33487,1127.12,1
14021,26890,4960.17,0
14022,17445,3762.19,1
14023,23486,3574.37,1
14024,23530,2349.92,1
14025,15391,4791.33,0
14026,10201,224.36,0
14027,26770,4048.67,0
14028,7375,3930.44,1
14029,982,1060.66,1
14030,22428,1818.0,1
14031,10727,1748.28,1
14032,1141,3258.81,0
14033,18715,400.16,0
14034,20321,3908.77,1
14035,12497,4523.81,0
14036,10359,3878.52,0
14037,25605,450.15,1
14038,18500,2306.02,0
14039,5289,4670.87,0
14040,9685,1032.05,1
14041,16496,2313.21,0
14042,22063,440.02,1
14043,5360,2059.82,0
14044,2232,3052.32,1
14045,981,4816.52,0
14046,11366,162.38,0
14047,25564,595.66,0
14048,10603,725.57,1
14049,28767,2019.03,0
14050,3998,896.21,1
14051,17270,2408.94,0
14052,1246,409.27,0
14053,389,4714.37,0
14054,22111,3839.4,1
14055,26173,4042.72,1
14056,30700,3282.63,0
14057,4824,1058.81,0
14058,20993,4337.67,0
14059,8275,4619.74,1
14060,859,2184.55,0
14061,29846,3601.74,1
14062,31213,4369.03,0
14063,26003,2884.0,0
14064,24725,188.06,1
14065,7115,2573.53,1
14066,6731,1089.89,1
14067,6864,3124.49,1
14068,25109,2310.64,0
14069,25078,4810.06,1
14070,3093,3000.82,1
14071,11610,565.65,1
14072,31135,285.92,0
14073,8011,798.68,1
14074,34387,3461.26,1
14075,487,4357.02,0
14076,13847,3075.18,0
14077,17390,1824.33,0
14078,16559,1249.23,1
14079,31438,1332.04,0
14080,32350,2457.21,1
14081,30333,4916.72,0
14082,23277,1112.85,0
14083,32442,1089.52,1
14084,27734,2897.89,0
14085,5101,4618.07,0
14086,18190,2331.05,0
14087,10111,876.34,0
14088,17249,3432.22,0
14089,13649,2702.59,1
14090,34297,1878.83,1
14091,7770,4746.33,1
14092,2843,2452.25,0
14093,23898,3092.1,1
14094,7122,2388.05,1
14095,25181,2361.39,1
14096,26483,1682.88,1
14097,29821,1759.82,0
14098,34167,743.93,0
14099,31435,1267.83,0
14100,17666,730.97,0
14101,30389,3476.02,1
14102,2472,3517.03,1
14103,8631,2537.62,1
14104,3610,4491.07,0
14105,26932,4952.6,1
14106,24642,2530.03,0
14107,30024,1446.53,1
14108,5583,2176.4,1
14109,18128,312.82,1
14110,13859,3916.09,1
14111,27203,1596.17,0
14112,16744,898.88,1
14113,22904,648.42,1
14114,34953,4153.29,0
14115,19893,4458.33,0
14116,2730,4045.64,0
14117,6795,3719.33,0
14118,18953,4184.74,1
14119,20916,1168.03,1
14120,4891,3099.3,0
14121,3655,931.97,0
14122,8370,3012.0,1
14123,7142,550.34,0
14124,9760,2171.83,1
14125,18859,2593.48,0
14126,33857,2552.88,0
14127,6219,2928.32,1
14128,10901,2828.14,0
14129,32758,3021.51,1
14130,30568,4430.5,0
14131,34867,4646.56,0
14132,20686,1392.88,0
14133,32688,3053.51,1
14134,27198,410.36,1
14135,28019,3042.93,1
14136,9186,4056.51,0
14137,8691,4015.94,0
14138,31457,3548.34,1
14139,32093,3925.58,1
14140,24559,2401.79,0
14141,1898,4027.11,0
14142,9468,3536.64,0
14143,5793,4997.29,0
14144,4790,138.65,1
14145,6052,821.62,0
14146,10758,4107.82,0
14147,19783,3335.45,0
14148,1178,3977.9,1
14149,26519,3459.8,1
14150,3467,215.47,1
14151,13066,1062.48,1
14152,25760,3435.24,0
14153,7202,1559.54,1
14154,22014,3955.5,1
14155,13356,4107.5,1
14156,26524,3446.85,1
14157,24541,1284.37,0
14158,31790,4566.7,1
14159,27458,4619.47,0
14160,28837,3043.65,0
14161,15796,2875.98,0
14162,15277,158.72,1
14163,955,3130.93,0
14164,18799,3857.54,1
14165,14133,1094.88,1
14166,31568,3839.26,1
14167,32472,518.62,0
14168,33816,2050.67,0
14169,23946,4243.9,0
14170,8410,1111.14,0
14171,30328,2365.57,1
14172,32398,3669.25,0
14173,5186,4712.76,0
14174,19947,941.13,0
14175,18527,3013.19,0
14176,1141,2883.88,0
14177,1353,3552.48,0
14178,2439,3677.18,1
14179,14698,2946.78,0
14180,8403,3823.18,0
14181,13771,1567.79,1
14182,3936,3217.98,1
14183,16850,432.0,0
14184,11083,943.69,1
14185,8340,2382.56,0
14186,19335,4439.69,1
14187,27481,4748.14,1
14188,3468,1607.1,1
14189,6062,1428.71,0
14190,32292,2559.95,0
14191,7216,2899.98,0
14192,12282,295.56,1
14193,21704,4368.61,0
14194,21360,4247.8,0
14195,29701,4987.14,0
14196,32981,1075.1,1
14197,7229,3158.92,1
14198,15866,2949.22,1
14199,20458,382.56,1
14200,21170,3933.93,0
14201,32429,4512.88,0
14202,28255,2061.71,0
14203,1781,3648.15,0
14204,3375,4890.41,0
14205,29670,4128.18,1
14206,4457,762.51,1
14207,9196,4328.25,1
14208,22808,4469.13,1
14209,34325,1438.87,1
14210,19723,3880.46,0
14211,24828,1780.58,1
14212,18487,4522.67,0
14213,8920,1857.69,1
14214,14719,2325.2,1
14215,23128,4867.62,0
14216,23924,3343.0,1
14217,14345,1367.45,0
14218,26138,4353.52,1
14219,27452,832.52,1
14220,29549,4039.72,1
14221,7879,4931.71,1
14222,21505,944.33,0
14223,11941,2727.88,0
14224,25944,172.86,1
14225,33942,2553.9,0
14226,6419,3679.72,1
14227,103,2087.41,1
14228,432,4439.19,1
14229,33370,105.38,0
14230,29480,2855.85,1
14231,24486,4709.56,1
14232,58,4944.34,0
14233,9107,3374.34,0
14234,31341,3786.62,1
14235,3519,1046.3,0
14236,3664,4738.17,1
14237,22137,2101.67,1
14238,13572,4171.59,1
14239,26138,3051.87,0
14240,25875,4395.38,0
14241,8772,4630.29,0
14242,21328,4249.79,1
14243,12330,526.28,1
14244,30649,569.5,1
14245,31034,505.1,1
14246,21004,1227.43,0
14247,1624,4540.87,1
14248,5187,2545.71,0
14249,30006,466.09,1
14250,18487,2823.63,1
14251,23989,2783.49,1
14252,17220,4322.72,0
14253,27142,1446.74,1
14254,13482,3583.81,0
14255,12113,462.0,0
14256,34598,3715.43,1
14257,21899,3705.21,0
14258,11215,716.83,0
14259,17699,389.64,0
14260,12003,555.97,1
14261,17767,1201.96,0
14262,34713,1819.47,0
14263,20823,1145.03,0
14264,10666,4986.96,1
14265,30809,1888.55,1
14266,13140,530.9,1
14267,26813,1363.43,1
14268,7681,1621.8,1
14269,27203,4931.85,0
14270,29171,4989.91,1
14271,5309,569.92,0
14272,30289,779.14,0
14273,32150,2519.33,0
14274,19959,4168.41,0
14275,26205,3047.99,0
14276,25138,3093.17,1
14277,26074,2715.2,1
14278,16123,2869.77,0
14279,4410,3905.02,0
14280,31255,4709.17,0
14281,4991,4006.83,0
14282,12941,3241.53,1
14283,205,1636.64,1
14284,27331,730.99,1
14285,32965,3044.68,1
14286,6921,878.21,1
14287,33492,1351.2,1
14288,11999,3283.84,1
14289,1681,2965.07,1
14290,2594,113.39,0
14291,13627,3895.68,1
14292,15353,2521.25,0
14293,16590,426.92,1
14294,29080,1792.98,0
14295,1565,4942.61,0
14296,17212,1145.36,0
14297,21844,4694.17,1
14298,16692,1321.48,1
14299,6734,3545.91,1
14300,17337,4504.01,1
14301,34211,1132.76,0
14302,18558,4263.08,0
14303,19319,2333.63,1
14304,15206,852.72,1
14305,27803,1670.36,1
14306,14542,1053.24,1
14307,15412,4978.54,1
14308,17636,1003.96,0
14309,1481,3628.53,0
14310,33792,2495.4,1
14311,21946,3378.65,0
14312,9267,3475.25,0
14313,7993,4462.07,0
14314,30309,4559.78,0
14315,30978,1820.69,0
14316,19036,2972.03,1
14317,20663,1104.81,1
14318,7384,2096.5,0
14319,10816,3509.21,1
14320,10390,3857.21,1
14321,17375,2923.29,1
14322,10298,4634.45,0
14323,23349,4683.63,1
14324,21686,1759.33,0
14325,3070,4336.15,1
14326,25749,1209.52,1
14327,31572,3925.07,0
14328,23702,1200.82,1
14329,31034,4932.56,0
14330,22947,4753.47,0
14331,2756,4766.67,0
14332,9343,2251.56,0
14333,16611,181.81,0
14334,30046,4503.32,1
14335,410,3002.15,1
14336,17544,396.31,1
14337,18538,4600.47,0
14338,30622,4558.03,1
14339,2866,3322.87,0
14340,28809,138.47,1
14341,2846,3374.93,1
14342,9002,2602.25,0
14343,17515,3214.33,0
14344,32409,3211.59,0
14345,34489,3621.04,0
14346,2892,4107.6,0
14347,22589,2081.38,0
14348,31161,1188.18,1
14349,32639,4786.34,1
14350,24276,664.33,0
14351,23689,4024.57,0
14352,11377,1642.3,1
14353,1189,2499.38,1
14354,694,1658.71,1
14355,4944,414.23,1
14356,21888,1949.82,0
14357,1677,1504.68,0
14358,33516,1640.33,1
14359,30289,4441.77,1
14360,4267,1356.9,0
14361,450,110.37,1
14362,3856,2272.08,0
14363,16365,4254.33,1
14364,14559,3850.18,0
14365,33555,2635.7,1
14366,9076,2398.36,1
14367,21789,902.01,0
14368,33595,2247.43,0
14369,11935,3545.44,1
14370,1262,1311.66,1
14371,31812,217.2,1
14372,32045,3766.41,0
14373,10926,3944.58,1
14374,25221,3082.1,0
14375,8610,4880.8,1
14376,4853,1617.11,1
14377,29369,496.46,0
14378,28265,2622.27,0
14379,31538,1834.39,0
14380,18562,4429.41,0
14381,30719,1414.31,0
14382,14631,4906.04,0
14383,24159,3172.95,1
14384,6570,4191.67,0
14385,13087,4394.65,1
14386,26450,620.67,1
14387,31908,2587.03,0
14388,24009,684.3,1
14389,5648,1357.08,0
14390,21827,374.49,1
14391,28775,1692.75,1
14392,34992,3531.22,0
14393,13889,3666.04,0
14394,12136,3713.1,1
14395,26196,3251.7,0
14396,2260,1307.13,1
14397,4315,4668.2,0
14398,11340,557.4,1
14399,2724,2311.72,1
14400,24107,2877.95,1
14401,7108,1336.39,1
14402,34298,524.64,1
14403,220,4003.8,0
14404,23555,723.05,0
14405,32906,4345.0,0
14406,20005,969.42,1
14407,22794,2021.15,0
14408,22309,1837.73,0
14409,9482,1090.29,0
14410,16622,854.98,0
14411,3553,4370.17,1
14412,26621,969.79,1
14413,8918,2107.33,1
14414,26509,3245.01,1
14415,2443,2489.95,0
14416,24526,3934.42,0
14417,10346,1331.94,0
14418,21253,2823.81,0
14419,24050,1819.68,1
14420,34850,3437.98,1
14421,12752,1102.87,1
14422,16445,104.82,1
14423,382,3165.19,1
14424,24710,604.69,0
14425,5755,109.84,1
14426,9011,4538.73,1
14427,1337,2158.95,1
14428,34106,1730.44,1
14429,19215,4710.44,1
14430,12525,2295.8,1
14431,19620,3844.36,0
14432,16064,2359.1,0
14433,20607,4566.94,0
14434,5637,1705.02,1
14435,27506,1979.39,1
14436,23268,1447.07,1
14437,24880,1658.73,0
14438,27597,3612.92,1
14439,4465,2741.32,0
14440,27144,3992.62,1
14441,16336,2716.67,0
14442,8153,3553.35,1
14443,14652,4491.62,1
14444,24543,3227.69,0
14445,14460,1703.7,0
14446,13116,115.05,0
14447,30993,312.07,1
14448,27126,3521.75,0
14449,489,2801.42,1
14450,8344,2030.32,1
14451,14504,1063.23,1
14452,14436,4131.58,1
14453,34411,3359.83,1
14454,11820,957.61,1
14455,17658,551.4,0
14456,18434,1936.37,0
14457,4058,3291.08,1
14458,30729,1376.9,0
14459,13250,2322.37,1
14460,15140,2504.19,1
14461,13247,1532.08,0
14462,26841,3453.96,1
14463,29007,1829.65,1
14464,5394,909.33,0
14465,23945,243.94,0
14466,26614,2212.78,1
14467,34900,2383.94,1
14468,34516,1306.48,1
14469,16375,2859.7,1
14470,30426,220.24,0
14471,31916,4915.02,0
14472,25234,4991.59,1
14473,4320,4835.82,1
14474,23617,3602.79,1
14475,14993,1020.17,1
14476,3602,3790.19,1
14477,20890,3712.56,0
14478,32195,2138.85,0
14479,1236,4370.39,1
14480,10933,852.54,1
14481,4183,3278.34,0
14482,29187,1603.08,1
14483,15462,633.75,0
14484,33431,542.68,0
14485,1703,919.1,0
14486,27859,3761.52,1
14487,34924,2877.14,0
14488,21255,2626.09,0
14489,6963,2246.33,1
14490,8910,2076.4,0
14491,2226,4976.66,0
14492,27089,3638.56,1
14493,34583,1445.73,0
14494,10557,3195.67,1
14495,29340,3091.42,1
14496,27188,1845.3,1
14497,9182,2659.99,1
14498,8882,4277.76,0
14499,18587,4754.31,0
14500,14686,3126.4,0
14501,24284,3294.57,0
14502,25210,3526.72,1
14503,1176,680.2,1
14504,2513,3324.81,0
14505,16579,2775.03,0
14506,25282,2284.81,0
14507,1102,1398.79,0
14508,19648,2412.87,0
14509,34552,3620.04,0
14510,13154,2755.32,0
14511,9816,1655.56,0
14512,21803,1645.6,0
14513,14097,1248.54,0
14514,18260,4406.28,0
14515,33654,3566.68,0
14516,28855,2990.77,1
14517,16624,2768.42,1
14518,3128,721.18,0
14519,12943,4020.5,1
14520,2268,1807.98,0
14521,30364,371.9,1
14522,5680,2333.25,1
14523,13184,530.15,0
14524,26600,1809.51,1
14525,24767,3171.48,0
14526,21215,221.58,0
14527,16387,2657.68,0
14528,19750,3843.56,1
14529,27025,1116.5,0
14530,5609,3122.92,1
14531,5394,1317.94,1
14532,6432,1151.4,1
14533,9703,1034.41,1
14534,34625,773.39,0
14535,25130,3576.52,1
14536,4832,1422.08,1
14537,13380,2203.19,1
14538,27384,1732.63,0
14539,18763,3091.56,0
14540,22220,4866.18,0
14541,28070,3694.95,0
14542,28042,558.83,1
14543,7064,4053.04,1
14544,30115,3215.86,0
14545,27180,3317.76,0
14546,12565,918.25,1
14547,30366,188.6,1
14548,29418,1496.52,0
14549,15756,3728.71,0
14550,31973,336.76,0
14551,26574,1499.8,0
14552,5968,3844.3,0
14553,22463,3952.41,1
14554,5940,2403.09,0
14555,29403,4730.24,0
14556,30136,633.99,1
14557,5492,3078.06,1
14558,25556,1151.74,0
14559,27322,1235.68,1
14560,34624,3323.04,1
14561,32062,2734.88,0
14562,16095,3717.28,1
14563,18022,4685.41,1
14564,25845,3044.8,1
14565,15853,2723.89,0
14566,23315,4333.93,1
14567,32733,3945.48,0
14568,12207,4281.34,0
14569,33219,2986.76,1
14570,4591,1735.91,0
14571,31778,1165.99,1
14572,9276,4300.77,1
14573,3504,1060.08,1
14574,18130,2806.76,1
14575,18136,158.0,1
14576,26188,4319.07,1
14577,31713,2372.91,1
14578,27175,3324.6,0
14579,11120,4500.63,0
14580,10241,882.52,1
14581,29230,2609.67,1
14582,22047,924.04,1
14583,2464,2519.55,1
14584,1822,1214.5,1
14585,5878,2462.39,1
14586,15088,1900.3,0
14587,2380,2093.73,0
14588,20755,1747.84,1
14589,24472,3507.06,0
14590,32551,3266.19,0
14591,31768,2546.34,0
14592,18192,4629.88,1
14593,30028,3299.86,0
14594,15911,4325.06,0
14595,27632,1118.26,0
14596,11285,370.28,0
14597,22897,1119.13,1
14598,34052,743.24,0
14599,19527,844.68,1
14600,22515,3436.45,1
14601,26170,1143.69,0
14602,17222,2220.72,0
14603,4462,357.64,0
14604,3515,3034.49,1
14605,23952,393.82,0
14606,24004,148.97,0
14607,10277,2678.0,0
14608,18650,2335.67,1
14609,20729,3965.05,1
14610,18182,2012.77,0
14611,26107,411.57,1
14612,12607,2356.86,1
14613,20864,4331.04,1
14614,29129,4819.02,1
14615,8693,3791.26,1
14616,18994,1444.69,1
14617,26234,1467.75,0
14618,8894,2009.29,0
14619,10218,2051.91,1
14620,17418,1356.39,1
14621,25137,2375.23,1
14622,30220,2647.25,0
14623,22867,447.45,0
14624,25833,1952.05,1
14625,32487,3617.32,0
14626,4156,4213.88,0
14627,2876,3911.72,1
14628,4084,4182.67,1
14629,26646,678.25,0
14630,30730,3718.74,0
14631,4202,3855.56,1
14632,12127,4474.55,1
14633,18973,4362.47,0
14634,32412,1762.42,1
14635,24408,3609.63,1
14636,10116,2022.12,0
14637,8471,561.05,1
14638,13692,2310.16,0
14639,4000,4059.61,0
14640,20550,3078.45,0
14641,20043,3883.06,0
14642,16976,4422.79,1
14643,28045,2394.21,0
14644,32200,4874.59,0
14645,34414,4937.77,1
14646,31789,2242.28,1
14647,17725,4365.03,1
14648,12100,1717.34,1
14649,25030,870.37,1
14650,1676,338.55,1
14651,9842,4070.79,0
14652,11493,576.92,0
14653,2142,2988.73,0
14654,11771,4850.66,1
14655,4994,4528.0,1
14656,3064,226.22,1
14657,13072,3264.67,0
14658,16675,3799.88,1
14659,5287,2228.22,0
14660,3752,212.59,1
14661,5084,4968.25,0
14662,27281,3396.53,0
14663,34776,1540.44,1
14664,33359,2141.72,1
14665,12762,3729.49,1
14666,27801,3183.91,1
14667,16812,479.22,0
14668,6906,4866.57,0
14669,30614,2962.18,1
14670,8188,2910.85,0
14671,13733,330.87,1
14672,607,1755.12,1
14673,8095,4036.18,1
14674,13023,263.41,0
14675,12232,3526.18,0
14676,18062,3140.06,0
14677,2045,4434.5,1
14678,3956,4630.2,1
14679,32614,1000.44,0
14680,32806,2442.25,0
14681,20438,4211.93,1
14682,13817,4014.17,1
14683,29421,4921.07,0
14684,26989,4189.2,0
14685,2457,1742.73,1
14686,27293,4423.06,0
14687,22636,4645.67,1
14688,16985,2729.38,1
14689,31038,3844.24,1
14690,24142,877.33,1
14691,14437,3574.22,1
14692,25808,2502.9,0
14693,9353,3789.21,1
14694,9108,4067.2,0
14695,24123,3045.93,0
14696,24359,1593.84,1
14697,28241,3139.14,1
14698,14952,3514.17,1
14699,5612,1777.08,1
14700,17449,1511.18,0
14701,5433,2894.11,1
14702,8012,3053.56,1
14703,29058,4949.78,0
14704,29281,4572.44,1
14705,20027,2590.74,0
14706,7063,4525.6,1
14707,10547,4743.95,0
14708,19433,598.01,0
14709,9599,2169.35,1
14710,22814,1187.69,0
14711,26815,2393.47,0
14712,21806,4357.54,1
14713,25578,4957.81,0
14714,27826,2954.71,0
14715,395,1143.46,1
14716,2146,3601.27,0
14717,22355,163.95,0
14718,24097,1835.83,0
14719,18561,2895.39,0
14720,24356,4474.69,0
14721,4754,4623.9,1
14722,11969,3858.89,1
14723,30869,388.56,0
14724,32597,4662.42,0
14725,1265,378.88,0
14726,9228,4485.44,1
14727,21809,3675.07,1
14728,18684,4449.11,0
14729,27838,3537.64,1
14730,5042,189.17,0
14731,17644,885.82,0
14732,17084,453.69,1
14733,18890,285.84,0
14734,25,3819.95,0
14735,17735,3072.08,0
14736,2052,1623.2,1
14737,29655,2966.38,0
14738,1387,1776.99,0
14739,26000,3814.92,1
14740,13181,3885.75,1
14741,21067,947.19,1
14742,1332,1713.03,0
14743,29228,3752.84,0
14744,22178,426.44,0
14745,25697,2958.5,0
14746,6174,2472.29,0
14747,12099,759.9,0
14748,32538,3661.92,0
14749,311,753.39,1
14750,11813,2722.64,0
14751,14394,3888.39,0
14752,17153,3969.15,0
14753,7289,1088.51,0
14754,3177,696.48,1
14755,28316,3019.78,0
14756,21665,4959.71,1
14757,20072,1415.52,0
14758,4796,3662.89,0
14759,21394,3514.67,0
14760,32048,2735.42,0
14761,32074,2327.42,0
14762,963,4240.58,1
14763,14273,1240.97,1
14764,17000,4653.99,1
14765,28995,1996.66,1
14766,2643,4576.33,0
14767,303,2877.64,1
14768,4754,2110.14,0
14769,18659,1963.37,0
14770,30641,3360.35,1
14771,14917,3926.15,1
14772,15058,3715.76,1
14773,20693,4196.22,1
14774,11867,957.44,1
14775,32136,181.21,0
14776,26510,1641.05,0
14777,29964,3769.24,0
14778,6777,4954.58,1
14779,7597,1862.52,1
14780,25655,2137.66,0
14781,13543,3223.73,1
14782,21434,1231.71,0
14783,24375,3798.37,0
14784,27437,1091.12,1
14785,10304,1186.92,1
14786,29426,3362.45,1
14787,369,3844.03,0
14788,28903,4388.45,0
14789,10456,1638.43,0
14790,18676,2216.25,0
14791,6302,549.1,1
14792,29918,155.9,1
14793,24021,4557.45,1
14794,30276,3584.77,1
14795,27077,344.99,0
14796,13714,473.91,0
14797,29980,4131.82,1
14798,242,1106.2,1
14799,4613,2057.85,1
14800,7332,2796.96,1
14801,20101,4611.8,0
14802,9666,844.84,1
14803,32941,1707.0,1
14804,12449,3264.37,0
14805,30297,1391.07,0
14806,14809,3121.16,0
14807,27622,4538.54,0
14808,19534,4245.3,0
14809,30527,1160.24,1
14810,27371,1430.66,0
14811,13092,4903.38,0
14812,16973,4434.82,1
14813,25171,1933.14,0
14814,28280,1654.71,1
14815,3700,1533.51,0
14816,11322,2866.46,0
14817,15724,4505.63,1
14818,20045,3023.58,0
14819,12962,3194.09,0
14820,27255,1504.42,1
14821,13998,4049.5,1
14822,11861,2307.54,1
14823,8283,4353.44,0
14824,31493,2962.41,1
14825,6273,4869.65,0
14826,34035,1769.84,0
14827,10119,3255.14,1
14828,24932,2084.49,1
14829,8237,1230.55,1
14830,23568,1616.48,0
14831,15486,2608.08,0
14832,25621,1231.55,0
14833,4323,4630.85,0
14834,26514,1584.63,0
14835,7726,1477.93,0
14836,25745,1273.36,1
14837,2521,772.05,1
14838,10631,3004.13,0
14839,30301,4422.41,1
14840,31403,3046.31,0
14841,15794,4334.55,1
14842,1310,4996.85,1
14843,23425,4384.52,1
14844,11571,4288.72,0
14845,26296,2349.0,1
14846,10157,4966.85,1
14847,22363,1554.48,0
14848,23318,3064.82,0
14849,7893,830.35,0
14850,22475,4014.85,0
14851,28455,3462.26,1
14852,28702,4082.03,1
14853,22018,1028.58,1
14854,12708,1781.38,0
14855,9296,4027.07,0
14856,19672,3411.39,0
14857,32464,776.02,0
14858,6268,3278.01,0
14859,11429,4883.91,0
14860,18147,1056.69,1
14861,30686,551.86,0
14862,16064,1830.98,1
14863,16320,3998.07,0
14864,15603,2905.91,0
14865,3467,346.99,1
14866,3558,1192.43,0
14867,25120,779.51,1
14868,13451,3058.73,0
14869,6204,2612.35,0
14870,6494,1643.48,1
14871,4361,4349.26,1
14872,20307,4727.84,1
14873,5026,4449.2,0
14874,21025,3139.97,0
14875,32147,2545.41,0
14876,29277,406.32,0
14877,3796,506.69,1
14878,22399,2562.29,0
14879,24537,4860.92,1
14880,33928,2723.0,0
14881,28087,2333.49,0
14882,22196,817.45,1
14883,10297,2227.04,0
14884,26995,3448.53,1
14885,28222,1669.91,1
14886,24580,1388.7,0
14887,30450,1075.19,0
14888,3836,1489.31,0
14889,21797,1592.95,1
14890,7808,3428.12,1
14891,26032,4202.28,1
14892,17750,1370.41,0
14893,23835,2686.86,0
14894,14132,2817.56,1
14895,19751,1788.73,0
14896,11281,3155.39,1
14897,24479,619.47,1
14898,32445,1270.23,0
14899,11487,762.48,1
14900,19644,4088.39,0
14901,18929,528.01,0
14902,30223,310.02,0
14903,13025,1465.76,0
14904,1030,363.43,1
14905,4721,4630.53,0
14906,11846,2700.11,1
14907,24362,1899.42,1
14908,24846,1968.39,1
14909,27760,2425.81,1
14910,19685,834.48,1
14911,33593,3660.98,0
14912,21939,911.63,1
14913,23753,4945.23,1
14914,20036,1746.93,0
14915,24881,361.89,0
14916,19897,4904.93,1
14917,27508,3985.28,0
14918,22190,2347.86,0
14919,7044,1934.42,1
14920,9112,3811.11,1
14921,28420,4360.45,1
14922,10148,2614.9,1
14923,24345,2183.08,1
14924,3804,1649.13,1
14925,24623,2528.83,1
14926,14915,4253.5,1
14927,34150,4093.17,0
14928,14982,590.7,0
14929,24887,2598.97,0
14930,20994,2060.36,1
14931,28089,4111.03,0
14932,22812,4144.91,1
14933,1062,3076.05,1
14934,2066,1872.28,1
14935,34816,1200.02,0
14936,26814,942.2,0
14937,10883,1704.32,1
14938,13273,1533.77,1
14939,2299,2739.75,0
14940,5241,2557.65,0
14941,8276,4383.09,1
14942,31338,1828.31,0
14943,14609,607.0,1
14944,1264,1480.59,1
14945,12022,3083.66,1
14946,19249,2533.55,1
14947,26238,2334.69,0
14948,25807,1841.7,1
14949,15726,2529.52,0
14950,24065,4848.29,0
14951,7644,2367.96,0
14952,12689,2163.55,0
14953,30606,4101.5,1
14954,22549,3258.85,0
14955,15094,3208.87,0
14956,21261,2720.63,0
14957,33924,1514.78,1
14958,3907,3964.66,1
14959,7786,643.59,0
14960,31967,2521.91,0
14961,14065,443.29,1
14962,12719,1302.8,0
14963,29099,4723.55,1
14964,12201,4376.73,0
14965,5620,2982.0,0
14966,29176,266.4,0
14967,8539,3050.92,1
14968,31480,3227.27,0
14969,27798,3370.05,0
14970,17048,2565.97,1
14971,13286,183.01,0
14972,26773,3750.85,0
14973,12281,1107.95,0
14974,32095,516.13,1
14975,15347,244.7,1
14976,24464,1270.27,0
14977,20581,3915.58,1
14978,17780,3140.1,0
14979,21027,4438.71,0
14980,27060,4240.59,1
14981,5740,2958.77,0
14982,4309,4652.05,1
14983,10310,4715.15,1
14984,3635,2148.05,1
14985,10930,2629.36,1
14986,10602,707.41,0
14987,13894,4502.26,1
14988,22982,1989.6,0
14989,6121,4750.8,0
14990,411,952.78,1
14991,6531,3647.05,1
14992,8887,4884.28,0
14993,13289,2260.46,1
14994,29613,4418.59,0
14995,7142,4815.88,1
14996,6721,3352.0,0
14997,4537,2465.57,1
14998,19118,4319.18,0
14999,2996,4684.99,0
15000,6581,820.61,1
15001,11509,1605.63,0
15002,26723,4579.79,0
15003,18409,2440.5,0
15004,7517,3348.01,0
15005,21248,4714.02,0
15006,11989,4480.26,0
15007,9181,4417.3,0
15008,26067,502.17,1
15009,15461,2036.79,0
15010,20329,2546.22,0
15011,18804,1309.94,1
15012,22006,4649.14,1
15013,14984,4488.5,0
15014,12444,1854.3,1
15015,6307,1585.88,1
15016,22750,3827.08,0
15017,22359,3001.34,1
15018,34052,261.97,1
15019,9471,4429.73,0
15020,33792,856.87,1
15021,14708,509.82,1
15022,33900,564.06,1
15023,5424,127.3,0
15024,19298,2672.7,1
15025,22461,4283.15,1
15026,17364,3170.63,0
15027,27667,2278.16,0
15028,27203,1300.69,0
15029,2034,400.21,0
15030,11930,2026.68,1
15031,19885,3378.18,0
15032,20360,526.17,1
15033,29375,1808.53,1
15034,25704,2378.2,0
15035,6630,999.77,1
15036,6700,3343.06,1
15037,27623,843.68,1
15038,18303,1769.89,1
15039,10586,762.37,0
15040,21178,4670.52,0
15041,2399,834.4,1
15042,17549,1998.87,0
15043,11739,916.39,0
15044,12784,335.49,0
15045,8123,1127.43,0
15046,121,1944.52,1
15047,24602,495.61,0
15048,12336,2392.11,1
15049,31959,3704.98,1
15050,15328,3191.2,1
15051,22466,486.35,1
15052,11892,255.85,0
15053,25950,4708.8,0
15054,6967,531.88,1
15055,996,4366.3,1
15056,14469,4878.62,0
15057,17205,4652.81,0
15058,638,1516.49,0
15059,4932,364.76,1
15060,2553,934.39,1
15061,25740,2609.57,1
15062,12823,450.79,0
15063,4341,3713.3,1
15064,3105,4598.95,1
15065,31398,2748.09,0
15066,33919,1739.38,1
15067,5089,2214.81,0
15068,9849,1498.92,1
15069,26344,2586.36,0
15070,32512,4889.72,0
15071,5547,3518.26,1
15072,23918,2013.76,1
15073,32023,1523.1,1
15074,7497,316.19,0
15075,19790,1377.43,1
15076,9997,2737.13,1
15077,14295,3408.63,1
15078,20588,536.92,0
15079,26339,563.47,1
15080,13342,1982.72,1
15081,3307,2582.98,0
15082,4858,1066.62,0
15083,10620,341.53,0
15084,10653,4940.43,1
15085,34772,304.5,1
15086,23395,812.91,1
15087,19452,2417.59,1
15088,3128,850.12,0
15089,1574,3223.07,1
15090,26341,3502.96,1
15091,23729,934.72,1
15092,29635,750.66,0
15093,15472,2256.68,0
15094,32595,3059.87,0
15095,24884,1357.67,0
15096,32451,3997.71,1
15097,13278,3896.88,1
15098,22968,1580.79,1
15099,15086,563.35,1
15100,15424,4732.34,0
15101,20039,2346.1,0
15102,12380,2394.28,0
15103,31674,2388.73,0
15104,33610,1831.29,1
15105,10155,4281.61,1
15106,32345,920.34,1
15107,197,4195.63,0
15108,26793,4117.45,1
15109,10655,314.87,1
15110,24557,2754.44,1
15111,22078,331.77,0
15112,29567,2811.83,1
15113,5140,1539.69,1
15114,29829,3015.95,0
15115,3270,2011.06,0
15116,5227,2572.61,0
15117,34633,2403.2,1
15118,23243,4501.67,1
15119,27795,4757.17,1
15120,16728,2079.62,0
15121,34610,3647.52,1
15122,383,2396.55,1
15123,827,3356.44,0
15124,7729,3418.11,1
15125,20946,239.5,1
15126,9481,219.17,1
15127,19648,609.43,1
15128,13814,4636.9,0
15129,16970,658.05,1
15130,23000,657.6,0
15131,3183,999.09,0
15132,6857,2889.29,0
15133,7682,2618.22,1
15134,12535,1317.91,0
15135,2547,2667.05,0
15136,8451,4787.49,0
15137,29475,3724.04,0
15138,4259,2028.86,0
15139,11629,3613.83,1
15140,7364,4036.45,0
15141,23372,2276.36,0
15142,23832,4128.5,1
15143,6041,467.83,1
15144,1131,2012.05,0
15145,25665,229.85,0
15146,4062,1025.99,1
15147,9926,1751.46,1
15148,31443,3812.21,1
15149,2721,3425.2,0
15150,31220,4065.81,1
15151,29727,1211.36,1
15152,33520,1158.32,0
15153,25466,3727.07,1
15154,23900,792.59,1
15155,2336,155.84,1
15156,30027,530.5,1
15157,23846,3428.83,1
15158,10733,4162.57,0
15159,13443,1042.17,0
15160,22638,2962.77,0
15161,19617,938.85,1
15162,9481,1399.33,0
15163,24293,4417.19,0
15164,3412,4808.93,1
15165,20755,1156.77,1
15166,5831,2089.65,1
15167,9126,3188.16,1
15168,15361,331.72,0
15169,30148,2403.55,1
15170,12587,4845.63,1
15171,16814,2787.57,0
15172,27944,3814.05,1
15173,3435,1256.39,0
15174,19973,678.35,1
15175,12645,2805.43,1
15176,20106,4752.41,1
15177,14891,3629.22,0
15178,31545,121.96,1
15179,22212,2466.99,0
15180,23990,3879.05,1
15181,5591,1156.77,0
15182,1675,1167.04,1
15183,8357,1748.77,1
15184,29447,2407.32,0
15185,29736,2268.17,1
15186,5703,623.19,1
15187,20410,3389.8,0
15188,6828,2499.43,1
15189,30532,1175.98,1
15190,16218,1780.22,0
15191,8701,1847.01,0
15192,27744,4051.33,1
15193,32655,861.87,1
15194,4208,2368.95,0
15195,15353,707.57,1
15196,4910,640.89,1
15197,22690,3252.4,1
15198,20213,4234.33,0
15199,13595,3856.77,0
15200,13785,487.06,1
15201,28855,2957.37,0
15202,5419,3708.34,0
15203,29739,782.54,1
15204,7276,634.02,0
15205,34783,2643.15,1
15206,28264,279.54,1
15207,29932,2158.3,0
15208,4341,2251.83,0
15209,22698,4932.54,0
15210,11330,3593.93,0
15211,18406,2336.52,0
15212,2924,3658.88,1
15213,16189,3906.49,0
15214,21415,3640.04,1
15215,34639,3210.43,1
15216,14140,2815.45,1
15217,22015,211.93,1
15218,18348,183.42,0
15219,10823,2776.6,1
15220,20020,2109.07,0
15221,4653,4407.81,0
15222,26078,2227.15,1
15223,12360,4748.86,0
15224,8310,4774.65,1
15225,25414,1079.21,0
15226,1719,1408.17,0
15227,10674,316.96,0
15228,13917,2205.84,0
15229,31631,959.37,1
15230,13871,3328.0,1
15231,840,3426.57,0
15232,5043,3261.45,0
15233,18886,4406.98,0
15234,14783,1435.24,1
15235,8196,4511.35,1
15236,19099,2820.87,1
15237,17222,3384.46,1
15238,32068,4113.17,1
15239,14169,2126.78,0
15240,19997,769.98,0
15241,26528,4314.92,1
15242,31403,425.43,0
15243,17222,4919.25,1
15244,21027,362.56,1
15245,23900,3820.67,0
15246,22848,392.81,0
15247,8079,4717.17,1
15248,11515,1347.98,1
15249,22255,4536.71,1
15250,20750,2911.39,0
15251,13113,1233.64,1
15252,11620,2020.28,0
15253,6700,2801.75,1
15254,23699,1078.62,0
15255,7679,964.18,1
15256,21652,4187.78,0
15257,28519,1273.62,0
15258,2116,891.8,0
15259,19651,2903.94,1
15260,29225,1633.33,1
15261,17090,3033.55,0
15262,9144,2343.09,1
15263,2892,3069.44,0
15264,13570,3959.52,1
15265,14732,2326.16,1
15266,18680,3849.83,0
15267,32369,4023.16,0
15268,23628,2933.12,0
15269,2268,4840.89,0
15270,10890,1017.2,1
15271,30716,852.58,0
15272,19602,1811.09,1
15273,19062,2414.06,0
15274,15314,1290.85,1
15275,32675,3989.99,1
15276,34399,3574.46,0
15277,8017,4424.14,1
15278,23607,4467.82,0
15279,1430,1246.93,0
15280,24487,1007.74,0
15281,28176,1359.89,1
15282,18706,3932.22,1
15283,5609,1678.82,1
15284,7906,1405.66,1
15285,13537,3512.9,0
15286,3086,122.63,1
15287,14352,2893.58,0
15288,13471,2576.63,0
15289,25542,960.92,1
15290,22491,2698.0,1
15291,12915,4255.29,0
15292,26239,241.31,0
15293,17572,1730.09,0
15294,16585,341.45,1
15295,46,439.86,1
15296,13374,4965.7,1
15297,9427,4920.97,1
15298,17439,1188.16,0
15299,22777,4738.64,0
15300,26901,4521.4,0
15301,23205,886.66,0
15302,22094,2009.48,1
15303,28608,1108.1,0
15304,31461,4708.87,1
15305,11476,4660.59,0
15306,17233,3402.55,0
15307,6428,4581.79,1
15308,27340,823.9,1
15309,9254,3754.51,0
15310,10631,1548.44,0
15311,9133,2103.13,1
15312,19495,2432.77,1
15313,15868,4640.51,1
15314,30260,2124.37,0
15315,28530,2174.27,1
15316,21434,3613.02,1
15317,15607,2902.09,1
15318,27337,2285.48,0
15319,24979,4952.54,0
15320,13085,896.13,1
15321,16519,2892.87,0
15322,12660,4128.19,0
15323,16055,4665.35,0
15324,29766,2279.47,1
15325,26374,951.2,1
15326,8865,3967.5,0
15327,2435,719.04,1
15328,17166,3088.52,0
15329,33163,4815.78,0
15330,3212,2459.07,1
15331,26913,2195.08,1
15332,9809,3711.04,1
15333,12461,3881.83,0
15334,10243,4089.47,1
15335,27470,1746.39,0
15336,19967,4299.6,1
15337,16657,1413.02,0
15338,4524,1745.89,0
15339,3774,3650.15,0
15340,28632,2116.23,0
15341,23014,4823.64,1
15342,1558,1493.47,1
15343,34661,925.81,0
15344,28380,1106.34,1
15345,13627,591.08,1
15346,32896,4429.4,0
15347,16090,3318.29,0
15348,10717,2351.46,0
15349,20088,1566.56,1
15350,5471,1262.01,0
15351,30807,3055.74,1
15352,21259,4296.85,1
15353,28491,377.74,1
15354,21793,4093.03,0
15355,1844,1486.48,1
15356,1881,4819.41,0
15357,11016,810.09,0
15358,21248,2959.37,0
15359,18858,1593.33,1
15360,27146,1333.42,1
15361,630,1827.96,0
15362,20651,2518.93,1
15363,25636,729.41,0
15364,2427,3723.11,1
15365,1965,1767.74,1
15366,17784,717.62,0
15367,23192,2455.01,0
15368,16953,4007.34,0
15369,31978,2841.28,0
15370,6391,4139.3,1
15371,6027,4352.42,0
15372,31594,3113.33,0
15373,14416,3909.77,0
15374,14896,153.47,1
15375,14656,4055.16,0
15376,17026,178.54,0
15377,16778,2615.21,1
15378,28714,2214.98,0
15379,5722,2087.68,0
15380,13314,3344.12,0
15381,16859,2336.69,1
15382,20539,202.3,1
15383,19285,248.06,1
15384,608,4703.62,0
15385,26467,1851.62,0
15386,25305,3818.89,1
15387,21591,950.81,1
15388,9499,3631.98,1
15389,5911,4181.41,0
15390,25485,2855.53,1
15391,21133,1127.66,1
15392,18802,1630.36,1
15393,26751,3857.12,0
15394,7249,1357.46,0
15395,34356,1730.58,1
15396,3962,4592.74,0
15397,11169,159.01,0
15398,31861,1871.13,1
15399,626,2313.84,1
15400,6299,4984.73,0
15401,5160,436.44,1
15402,21461,4840.25,1
15403,15083,1926.91,1
15404,7888,2682.08,1
15405,12851,1046.28,1
15406,30006,3896.81,1
15407,19383,3344.68,1
15408,9310,1010.99,0
15409,22605,4096.74,0
15410,19025,2092.8,0
15411,33750,1098.27,0
15412,9263,133.54,1
15413,21191,4249.0,0
15414,3150,1690.97,1
15415,4778,2454.23,0
15416,4197,2220.74,1
15417,4616,4311.63,1
15418,25863,899.86,1
15419,21308,4451.46,0
15420,14163,2926.69,0
15421,9943,4998.33,0
15422,15606,3435.54,1
15423,14478,1198.27,0
15424,2266,4839.94,0
15425,27297,4736.89,1
15426,12335,3488.5,0
15427,30928,521.13,0
15428,20012,3664.12,1
15429,889,4062.82,0
15430,16730,3185.45,0
15431,6254,719.42,1
15432,14265,925.24,1
15433,5750,1813.69,0
15434,17450,2513.16,1
15435,34538,1194.47,1
15436,28717,3526.75,1
15437,12138,2097.46,0
15438,6876,3687.59,0
15439,14206,2737.81,1
15440,27172,146.43,0
15441,19948,3642.22,1
15442,15759,1418.29,1
15443,17091,3991.56,1
15444,11167,161.61,1
15445,29780,2883.61,1
15446,8747,4343.73,0
15447,25293,1870.22,0
15448,25630,4955.25,1
15449,26768,3908.1,0
15450,4598,2394.25,1
15451,34983,3263.67,0
15452,30471,3520.29,0
15453,8547,325.5,1
15454,6188,3885.78,1
15455,18738,3357.97,0
15456,8421,554.77,0
15457,6269,2640.42,0
15458,22538,2597.42,0
15459,27869,4111.19,1
15460,533,4022.48,1
15461,8202,157.65,1
15462,4977,1829.62,1
15463,22467,3209.62,1
15464,6465,2094.93,0
15465,27258,3378.91,0
15466,20567,595.36,0
15467,18054,3292.78,0
15468,21233,3686.58,0
15469,9905,2845.09,0
15470,5913,2980.3,1
15471,9972,186.29,0
15472,27592,4266.57,0
15473,21409,2345.89,0
15474,14247,3481.7,1
15475,16571,836.8,1
15476,18068,3637.31,0
15477,34351,2701.13,0
15478,443,3529.02,0
15479,12673,3118.51,1
15480,16499,2299.53,1
15481,21436,1058.34,1
15482,28341,1539.8,1
15483,21683,2337.3,1
15484,1398,3025.52,0
15485,29821,2515.67,1
15486,19259,3534.91,0
15487,2759,3821.89,0
15488,30135,699.28,1
15489,23499,3545.4,1
15490,18682,4891.91,1
15491,17614,3382.94,0
15492,13622,2895.54,0
15493,31940,2272.52,1
15494,6779,2244.2,1
15495,34468,3626.91,0
15496,30242,2134.32,1
15497,27450,3424.19,0
15498,18583,3291.91,0
15499,22601,4045.61,0
15500,32092,4263.12,0
15501,16570,2173.64,1
15502,12528,554.55,0
15503,12528,2584.57,1
15504,22948,1576.5,0
15505,4761,4362.51,0
15506,31094,3063.4,1
15507,711,502.32,0
15508,14034,432.41,1
15509,5237,2600.65,0
15510,12589,2333.29,1
15511,28142,2580.78,1
15512,1962,4298.24,0
15513,3813,253.62,0
15514,14263,1398.73,1
15515,26326,2033.83,0
15516,30305,2149.37,0
15517,25861,2384.8,0
15518,26552,4477.13,0
15519,8658,3367.53,0
15520,21661,1380.24,1
15521,8414,4349.29,1
15522,11854,1280.01,1
15523,4781,1456.9,1
15524,28241,4633.44,1
15525,2168,2403.82,1
15526,11428,429.21,0
15527,16941,1759.43,0
15528,11310,2664.29,0
15529,21400,1924.85,0
15530,12199,1375.34,1
15531,2471,275.61,1
15532,19899,2513.82,0
15533,21107,435.34,1
15534,22496,4351.57,0
15535,15006,1857.49,1
15536,8885,495.27,1
15537,34100,399.31,0
15538,12873,415.28,0
15539,21298,3365.81,1
15540,6485,440.6,0
15541,22797,1498.66,0
15542,19414,955.69,0
15543,31913,1110.52,1
15544,33497,2950.22,1
15545,19276,4844.56,0
15546,28584,4286.62,1
15547,12973,3973.15,0
15548,4161,954.72,0
15549,26841,1350.35,0
15550,1623,1348.12,0
15551,343,4337.45,1
15552,11316,2877.81,0
15553,19602,393.41,1
15554,22119,3691.97,1
15555,22797,116.41,0
15556,11358,4987.28,1
15557,14508,626.08,0
15558,13599,4034.31,1
15559,4395,804.14,1
15560,24309,2939.11,1
15561,2385,2332.64,0
15562,6428,543.19,1
15563,901,3339.99,0
15564,25006,4266.26,1
15565,8383,4998.22,1
15566,12494,2371.4,0
15567,7437,2151.83,1
15568,15918,1376.11,1
15569,27995,428.36,0
15570,27519,478.81,1
15571,24561,4295.29,1
15572,5968,2449.09,0
15573,15724,4531.06,0
15574,7359,3471.18,1
15575,22283,2358.17,1
15576,29750,1744.8,1
15577,508,4369.09,0
15578,11147,4042.06,1
15579,33433,158.84,1
15580,15222,3470.42,0
15581,6583,3635.03,1
15582,7569,2073.52,1
15583,17959,521.49,0
15584,6568,3305.66,0
15585,9841,4945.47,0
15586,28784,2345.3,0
15587,32396,2492.9,1
15588,26149,332.38,0
15589,32094,1610.87,1
15590,17478,1340.45,1
15591,15800,4453.07,1
15592,23121,2927.86,0
15593,18098,3529.43,0
15594,4781,4487.51,0
15595,9093,841.77,0
15596,26844,4461.47,1
15597,25494,4508.24,0
15598,7258,3860.31,0
15599,34980,1475.96,1
15600,34266,1180.6,1
15601,34734,4676.46,1
15602,20996,657.38,0
15603,33205,1760.43,0
15604,9911,4526.43,1
15605,32651,1490.36,0
15606,34146,1985.91,1
15607,34116,1320.43,1
15608,12717,238.63,0
15609,4334,1244.11,0
15610,30630,4594.82,0
15611,2993,3544.77,0
15612,1428,1026.87,0
15613,6469,4253.99,1
15614,12010,580.92,1
15615,5341,2479.72,0
15616,2884,550.18,0
15617,2139,262.79,1
15618,28785,2913.76,1
15619,26493,4786.05,0
15620,16643,458.41,1
15621,17861,3590.36,1
15622,29557,1242.54,0
15623,30248,938.53,1
15624,9231,4320.81,0
15625,26922,4797.7,0
15626,555,3622.13,0
15627,13128,2039.43,1
15628,23220,4797.6,0
15629,33011,2177.22,0
15630,30423,228.68,0
15631,6549,3657.07,0
15632,6116,2454.12,1
15633,16989,1405.1,1
15634,14542,3956.23,0
15635,6724,981.01,0
15636,3087,4971.5,1
15637,33561,715.72,1
15638,19463,2162.26,1
15639,20867,4170.12,1
15640,29942,2985.44,1
15641,26692,1429.27,1
15642,28550,2828.6,1
15643,28371,2757.98,1
15644,34003,648.31,1
15645,4705,848.26,0
15646,10582,3884.23,1
15647,33273,973.04,1
15648,33950,617.0,1
15649,26676,4858.01,1
15650,27219,498.23,1
15651,24527,2512.57,0
15652,25018,4727.37,0
15653,29494,4361.77,1
15654,9066,467.66,1
15655,1885,2436.98,1
15656,28001,4760.07,0
15657,4016,3548.39,0
15658,9652,1795.97,0
15659,16106,4581.9,1
15660,19461,2598.01,1
15661,30963,4987.2,1
15662,16842,2598.7,0
15663,22569,4258.31,1
15664,25238,4986.43,1
15665,4942,3256.57,0
15666,31416,437.85,0
15667,8645,1732.17,1
15668,18699,2413.72,0
15669,14371,825.87,1
15670,32294,3497.55,0
15671,7588,3545.95,0
15672,2698,4738.77,1
15673,2107,4036.67,1
15674,27505,782.51,1
15675,11313,209.43,1
15676,728,172.46,1
15677,20993,995.66,0
15678,4347,3412.78,1
15679,1656,3615.39,1
15680,22024,3635.48,1
15681,2120,1160.13,1
15682,18695,3579.89,1
15683,19574,1882.66,1
15684,32112,1313.87,0
15685,33503,694.49,0
15686,34297,1298.64,1
15687,24267,2863.9,0
15688,22181,1254.74,0
15689,20737,3678.29,1
15690,8924,4799.4,0
15691,4406,4064.05,0
15692,22296,3465.13,1
15693,14603,1071.73,0
15694,11043,325.33,0
15695,16936,4314.99,0
15696,10542,361.65,1
15697,15483,2993.86,0
15698,15603,4921.02,1
15699,33111,3171.64,1
15700,27555,1648.26,0
15701,2217,3063.79,0
15702,16959,2832.73,0
15703,29948,4671.47,1
15704,13055,3726.44,1
15705,34295,640.9,1
15706,16254,1767.8,1
15707,9923,4893.01,0
15708,16568,2663.89,0
15709,21126,2946.08,1
15710,8724,4336.03,1
15711,132,2982.59,0
15712,30893,501.58,0
15713,916,3142.78,1
15714,34441,3885.47,0
15715,19337,2995.12,1
15716,26521,2585.19,1
15717,33591,2108.98,0
15718,9777,2771.05,0
15719,15223,4813.69,0
15720,16229,1848.61,0
15721,23321,1425.96,1
15722,23067,3058.13,1
15723,8310,2741.16,0
15724,121,2388.49,0
15725,14617,1504.76,1
15726,11384,1503.56,1
15727,24102,1936.17,1
15728,4443,1170.44,1
15729,23478,1621.35,0
15730,12520,1631.47,0
15731,7349,2173.15,1
15732,22018,4681.49,0
15733,13450,4136.9,0
15734,13659,2567.59,1
15735,3572,2452.08,1
15736,33711,977.45,1
15737,18811,1269.34,0
15738,16299,4286.72,1
15739,34249,2026.36,0
15740,22148,1700.82,0
15741,24832,163.14,1
15742,6578,969.52,0
15743,25666,1614.52,0
15744,1292,2724.49,0
15745,22668,3655.76,1
15746,27159,1284.4,1
15747,484,3522.91,1
15748,12302,500.85,1
15749,12766,4501.54,0
15750,24336,1271.94,1
15751,30688,767.3,1
15752,10894,3596.65,1
15753,10346,4583.85,1
15754,12694,3002.59,1
15755,6886,3570.55,0
15756,20479,4621.13,0
15757,7377,2098.41,0
15758,34337,2514.62,1
15759,28495,3012.03,0
15760,7594,2336.49,1
15761,9989,1771.28,0
15762,34676,1991.4,0
15763,5086,1197.0,0
15764,27913,906.24,1
15765,18609,651.23,1
15766,23321,1045.46,0
15767,12697,1769.32,0
15768,32711,1737.09,0
15769,30578,3428.38,0
15770,31641,3227.68,0
15771,11577,1238.52,0
15772,16665,4878.27,1
15773,4362,1896.49,1
15774,32802,2742.43,0
15775,2303,1614.48,0
15776,28634,4944.9,0
15777,15671,1324.05,0
15778,21611,2806.14,1
15779,24297,4478.58,0
15780,10025,2552.13,0
15781,2013,1007.13,0
15782,8333,483.59,0
15783,605,704.58,1
15784,30750,3551.97,1
15785,32645,1502.23,1
15786,32236,1750.76,1
15787,17772,2437.36,0
15788,19526,2397.84,0
15789,26015,1386.53,0
15790,17260,2472.73,0
15791,23143,4052.83,0
15792,14552,1430.97,1
15793,19979,1005.52,1
15794,6536,3126.34,0
15795,7323,772.45,0
15796,11700,4087.29,0
15797,29051,4165.58,1
15798,28272,1595.61,1
15799,2979,3110.09,0
15800,21496,4142.6,1
15801,2623,4196.1,0
15802,21685,2463.79,0
15803,18465,3175.21,0
15804,17462,4787.48,1
15805,9541,3867.99,0
15806,21505,612.01,1
15807,27942,302.62,0
15808,6503,1532.64,0
15809,8047,1627.1,1
15810,18894,3460.02,1
15811,26394,2948.2,1
15812,3447,4127.35,1
15813,31463,4607.41,0
15814,12048,3166.85,1
15815,8044,1413.27,1
15816,9298,2819.32,1
15817,33354,3332.66,1
15818,9981,3681.46,0
15819,26826,4759.91,1
15820,17492,3931.49,0
15821,24166,4810.95,0
15822,31034,2453.86,1
15823,16302,4895.06,0
15824,128,3046.8,0
15825,16232,2906.91,0
15826,29524,2177.08,1
15827,33575,4642.87,0
15828,11920,2270.07,0
15829,12116,191.82,0
15830,20177,2256.03,0
15831,11956,2908.43,0
15832,23201,1105.45,0
15833,18327,3485.0,0
15834,20532,1316.75,0
15835,13141,4397.66,0
15836,19178,443.81,0
15837,18120,180.65,1
15838,25444,3163.54,0
15839,8270,1843.82,0
15840,24685,2833.08,1
15841,26450,487.11,1
15842,18098,1890.93,1
15843,31197,501.84,0
15844,8146,1230.52,1
15845,34349,2715.6,0
15846,28262,4694.22,0
15847,21312,2267.77,1
15848,19341,430.44,1
15849,375,2331.02,1
15850,3875,1032.5,0
15851,18106,2549.82,1
15852,24135,175.99,0
15853,22694,2832.25,0
15854,22230,3529.24,1
15855,7825,4583.76,0
15856,27685,4350.9,0
15857,18840,1619.67,0
15858,14632,639.35,0
15859,3555,1200.12,0
15860,22747,4242.7,0
15861,23347,630.57,0
15862,19335,4154.14,0
15863,33952,2726.66,0
15864,32960,753.96,1
15865,31254,841.8,0
15866,6467,4135.45,1
15867,25610,1488.36,0
15868,18236,4614.95,0
15869,23474,4273.11,1
15870,26249,603.01,1
15871,28431,4888.48,0
15872,32231,4773.79,0
15873,12484,1290.16,0
15874,28842,4568.1,0
15875,19107,2778.85,1
15876,10763,3106.7,1
15877,28681,3568.3,1
15878,7771,2237.95,0
15879,23612,4059.38,0
15880,485,4393.42,0
15881,17758,246.58,1
15882,2531,2120.55,1
15883,2082,1823.08,0
15884,579,1945.33,0
15885,15584,3576.12,1
15886,9104,1493.03,1
15887,10280,2297.26,1
15888,32852,1827.64,1
15889,18617,4886.93,0
15890,29558,4057.4,1
15891,11438,4618.19,0
15892,11649,4871.37,1
15893,1712,3226.95,1
15894,31375,2531.13,1
15895,11355,420.44,0
15896,19285,1979.96,1
15897,2546,556.68,1
15898,15028,2904.58,1
15899,26469,4491.39,1
15900,13696,3907.74,1
15901,4708,2543.01,1
15902,25584,608.66,0
15903,14952,3277.23,0
15904,22741,2323.92,1
15905,30201,3968.54,0
15906,9079,4790.3,1
15907,9591,1005.61,1
15908,32295,4513.2,0
15909,20379,4830.53,0
15910,23215,4166.2,0
15911,17974,3827.19,1
15912,34721,2532.91,0
15913,15924,1139.1,0
15914,20237,3326.56,1
15915,23139,3070.42,1
15916,1245,1893.93,1
15917,2602,2876.01,0
15918,4651,3351.23,0
15919,25722,4204.08,0
15920,34193,4852.46,1
15921,22575,3705.39,0
15922,22595,3962.08,0
15923,22789,3532.01,0
15924,13299,254.84,1
15925,7258,114.22,1
15926,18785,4765.88,0
15927,27552,1227.03,0
15928,8997,2938.92,1
15929,24340,1689.58,1
15930,8888,834.26,0
15931,22065,1811.78,1
15932,24258,849.32,1
15933,2360,762.84,1
15934,17713,3648.02,1
15935,32336,2138.22,1
15936,34916,469.05,0
15937,31904,2646.6,0
15938,27136,4350.79,0
15939,30668,1127.47,0
15940,6683,1274.3,1
15941,23231,2727.22,0
15942,9884,4089.96,1
15943,27029,711.82,0
15944,13642,2981.39,0
15945,6943,1220.45,0
15946,16160,1608.49,0
15947,23250,1367.22,1
15948,11434,3117.91,1
15949,34435,4313.49,1
15950,18992,2015.76,0
15951,14545,3775.15,0
15952,34411,2492.44,0
15953,2512,1183.91,1
15954,13390,4628.77,1
15955,34836,986.31,0
15956,30228,1416.25,1
15957,8411,2081.52,0
15958,29606,3576.27,1
15959,16325,1696.27,0
15960,25860,2441.66,0
15961,10901,100.79,0
15962,26971,1758.89,1
15963,19718,1460.58,0
15964,138,1676.24,1
15965,6686,4619.09,1
15966,8930,1114.33,0
15967,4716,3737.31,0
15968,22985,400.92,0
15969,14640,3184.31,1
15970,24378,4075.48,1
15971,2356,3356.45,1
15972,6009,3422.08,1
15973,22327,4091.6,1
15974,8782,2211.35,1
15975,14110,2837.51,0
15976,18529,3139.5,1
15977,27170,2121.28,1
15978,11654,182.96,0
15979,2496,3102.78,1
15980,33277,881.47,0
15981,21102,331.52,0
15982,23821,3751.2,1
15983,11721,4266.92,1
15984,17318,4071.97,0
15985,8104,4676.04,1
15986,23422,4229.63,1
15987,24850,4752.31,0
15988,4468,1651.67,1
15989,15036,4061.04,1
15990,26104,1897.67,1
15991,17383,3273.29,0
15992,2628,2252.63,1
15993,23026,4407.26,1
15994,536,2084.94,0
15995,22771,3539.27,1
15996,11907,520.86,0
15997,29394,1903.19,1
15998,17353,1943.35,0
15999,24642,2580.01,0
16000,13792,4840.65,0
16001,18838,3406.28,0
16002,31089,3029.67,1
16003,2217,4564.55,1
16004,11889,2837.2,1
16005,5491,2402.53,0
16006,15159,4023.63,1
16007,28886,3550.3,0
16008,34857,2291.21,0
16009,3009,616.59,1
16010,29992,1866.12,1
16011,22328,3306.57,0
16012,17010,4144.7,0
16013,14376,1975.25,0
16014,32628,2020.42,0
16015,32649,3357.31,0
16016,4802,2724.83,1
16017,2536,4717.94,1
16018,19440,4750.36,0
16019,30752,3927.47,0
16020,2819,2735.36,0
16021,30992,4657.54,1
16022,21473,4988.18,0
16023,18804,1138.59,1
16024,19768,3463.59,0
16025,4545,4657.02,0
16026,12869,2266.96,0
16027,29450,3231.2,0
16028,25687,4082.51,0
16029,31765,1506.43,0
16030,22645,2307.6,1
16031,17318,1914.09,1
16032,7353,4687.29,1
16033,16742,1244.93,1
16034,1254,1795.12,1
16035,14325,1052.25,1
16036,17207,3989.02,0
16037,13288,3125.12,1
16038,28170,185.08,0
16039,8868,2756.46,1
16040,31183,2709.56,0
16041,34242,3479.4,0
16042,32644,1886.61,0
16043,28506,1584.83,1
16044,12696,1167.39,1
16045,12756,3709.12,0
16046,7426,2862.12,1
16047,609,1808.23,0
16048,128,3152.53,0
16049,26418,3202.43,0
16050,1285,2884.7,0
16051,24967,2020.63,1
16052,34055,2793.6,0
16053,29877,1843.44,0
16054,11156,216.04,0
16055,26767,2947.1,0
16056,14021,3982.75,1
16057,20797,1308.62,0
16058,3860,2624.94,1
16059,11896,2436.05,1
16060,27097,4201.82,0
16061,23940,426.77,0
16062,30299,3177.11,1
16063,1371,3742.1,0
16064,6155,987.08,0
16065,9283,4500.09,0
16066,34538,3864.43,0
16067,20734,4788.59,1
16068,14868,723.9,1
16069,15597,2825.13,1
16070,15258,2305.92,0
16071,2956,2970.89,0
16072,11052,3974.28,0
16073,19876,1369.58,0
16074,28609,2042.22,0
16075,4804,1740.16,1
16076,25180,632.89,0
16077,32866,3953.09,1
16078,27507,4423.2,0
16079,22567,382.67,0
16080,14173,4110.96,0
16081,31410,1222.04,0
16082,32075,1184.85,1
16083,26253,2383.29,0
16084,33158,3148.2,0
16085,12027,1144.66,1
16086,31562,3298.83,1
16087,29433,1314.59,1
16088,21905,1220.64,1
16089,7217,1862.47,1
16090,6664,3385.17,1
16091,27692,2713.31,0
16092,936,116.95,1
16093,172,1598.05,1
16094,20364,3617.04,1
16095,9980,1866.3,1
16096,28419,4860.83,0
16097,14937,2836.88,1
16098,25752,4310.3,0
16099,24207,2864.91,0
16100,11893,2538.94,0
16101,19835,4348.7,0
16102,24723,136.55,0
16103,11317,4506.71,0
16104,9155,4953.69,1
16105,31749,1533.03,0
16106,4204,4849.45,1
16107,1755,2971.56,0
16108,11199,1928.67,1
16109,22668,2407.35,1
16110,25283,1407.81,1
16111,10620,4735.6,0
16112,14070,4070.87,0
16113,19048,286.02,0
16114,1351,335.18,1
16115,3271,652.93,0
16116,32184,1649.81,0
16117,23645,2084.59,0
16118,31420,815.83,0
16119,21321,394.19,0
16120,4483,2427.59,1
16121,19435,1997.67,1
16122,15427,207.62,1
16123,3655,4815.64,0
16124,13937,2059.68,1
16125,27473,3719.29,0
16126,28841,528.35,0
16127,4284,4076.36,1
16128,32799,3315.57,0
16129,33374,2807.22,1
16130,31584,154.92,1
16131,32043,2963.55,1
16132,16705,3290.42,0
16133,9315,2000.98,1
16134,29663,2074.45,1
16135,15341,1685.23,1
16136,17660,1696.39,1
16137,12729,588.6,0
16138,27132,3104.84,0
16139,34835,302.01,1
16140,6988,4651.45,1
16141,19325,2336.66,1
16142,27951,3839.08,0
16143,29927,1766.4,1
16144,30064,1219.11,0
16145,27236,1690.99,1
16146,33045,319.72,1
16147,18790,2572.24,0
16148,24562,1712.12,1
16149,20547,1818.64,1
16150,3011,2470.44,1
16151,10805,3340.78,1
16152,26063,3048.36,0
16153,27468,1536.97,0
16154,33090,1424.86,0
16155,3091,4968.24,0
16156,17602,525.97,0
16157,33366,2112.59,0
16158,30957,4446.2,1
16159,14182,2077.42,1
16160,2642,3458.18,1
16161,9241,2618.06,0
16162,16614,214.4,0
16163,7061,4025.25,0
16164,11886,2212.26,0
16165,21367,1994.19,1
16166,26772,2017.81,1
16167,34325,1802.97,0
16168,20938,2380.78,1
16169,13398,3756.45,1
16170,13998,4421.09,1
16171,16919,1491.11,0
16172,3747,441.76,0
16173,21231,356.03,1
16174,19619,3390.79,0
16175,26998,1282.08,1
16176,32264,2129.06,1
16177,34112,3224.77,1
16178,17414,2040.95,1
16179,4611,4128.82,1
16180,18247,766.6,0
16181,4360,2204.73,0
16182,23754,215.11,0
16183,3746,2728.53,0
16184,33557,2538.24,0
16185,31275,4214.61,1
16186,19858,1769.51,0
16187,1341,2651.31,0
16188,30040,3315.0,0
16189,22883,228.98,1
16190,1595,4274.36,0
16191,26536,252.72,1
16192,8662,4929.97,0
16193,235,135.19,1
16194,17964,4429.42,1
16195,10920,2723.19,0
16196,23327,4477.6,1
16197,4424,2545.23,1
16198,22614,3020.38,1
16199,6614,4074.87,0
16200,16276,1110.71,1
16201,121,3064.58,1
16202,25454,2626.25,1
16203,20583,4477.2,0
16204,27117,142.96,0
16205,21304,4015.49,1
16206,21197,237.91,0
16207,23512,2474.42,0
16208,19788,4859.47,1
16209,20393,2750.79,0
16210,6974,2305.8,1
16211,12542,2602.05,1
16212,15655,3664.84,0
16213,24630,2711.53,0
16214,2961,104.3,1
16215,135,3006.11,0
16216,27243,3298.18,1
16217,7624,3273.42,1
16218,20665,2600.22,0
16219,2586,2950.53,0
16220,14165,4116.24,1
16221,26533,2748.82,1
16222,24675,4607.49,1
16223,33191,3030.48,1
16224,25903,3312.64,1
16225,7812,220.19,0
16226,6790,3530.91,1
16227,32215,793.25,1
16228,28098,4758.69,1
16229,10154,1889.11,0
16230,24843,1356.84,0
16231,3835,4953.02,0
16232,18017,4699.35,0
16233,5281,2264.67,0
16234,33832,4434.83,0
16235,5873,1385.59,0
16236,26772,129.72,0
16237,23007,3563.42,0
16238,24043,925.87,0
16239,4555,361.02,0
16240,30166,2496.0,1
16241,12210,3269.98,0
16242,12908,2913.69,1
16243,4187,3575.27,0
16244,9010,4403.82,1
16245,28436,3767.0,0
16246,21534,2009.73,1
16247,27832,3286.15,0
16248,18948,4121.71,1
16249,12007,4496.0,0
16250,6752,1260.44,1
16251,1498,586.75,0
16252,2880,4082.97,0
16253,26413,2479.23,1
16254,18338,3625.98,0
16255,12269,3322.31,0
16256,14317,2138.27,1
16257,34945,2418.73,1
16258,34581,4874.52,1
16259,24010,2660.91,0
16260,34730,513.49,0
16261,24083,3130.52,0
16262,1845,2364.42,1
16263,8176,3763.95,1
16264,34271,2917.67,0
16265,11952,2977.58,1
16266,14210,147.56,0
16267,8278,1930.21,1
16268,20259,3677.97,0
16269,5909,3070.57,0
16270,34099,2621.59,0
16271,31715,4221.01,0
16272,24264,806.06,0
16273,15559,1373.38,1
16274,24107,4186.02,1
16275,4929,4192.79,0
16276,19437,916.21,0
16277,25360,2790.38,0
16278,18821,4982.62,0
16279,26059,2765.8,0
16280,3318,4339.87,1
16281,12639,4118.97,1
16282,31106,2487.01,1
16283,3774,4657.14,0
16284,17528,3161.37,0
16285,25390,715.59,1
16286,1505,2984.39,1
16287,17381,317.87,1
16288,33640,2318.39,0
16289,5390,2758.03,1
16290,31505,2108.55,0
16291,27436,4401.02,1
16292,13681,477.89,1
16293,27110,3724.77,0
16294,27738,4334.67,0
16295,19535,3691.21,1
16296,1630,2115.91,1
16297,24840,1266.61,1
16298,11117,2901.61,1
16299,29234,339.98,1
16300,23912,3388.82,0
16301,5608,816.37,1
16302,7180,3286.96,1
16303,2593,3840.83,0
16304,19700,1383.48,1
16305,9306,2655.82,1
16306,26362,1162.3,0
16307,10542,1695.21,0
16308,9727,3887.72,1
16309,21746,4037.12,1
16310,3179,4916.11,0
16311,27957,3187.04,0
16312,14701,2224.53,0
16313,3324,3429.72,1
16314,13933,1310.05,1
16315,2714,1484.36,1
16316,28255,693.67,0
16317,27946,3523.67,0
16318,22008,163.65,0
16319,22156,4521.93,0
16320,18096,755.02,0
16321,22486,3531.94,0
16322,25869,4987.64,0
16323,29395,1672.9,1
16324,26685,917.55,0
16325,15387,303.09,1
16326,29556,1016.0,1
16327,26768,2550.04,1
16328,33048,1155.8,1
16329,34423,4753.9,1
16330,11507,1045.2,0
16331,24449,2489.15,1
16332,23391,2812.51,0
16333,20563,607.35,0
16334,32046,2240.79,0
16335,4419,225.65,0
16336,13882,1368.05,0
16337,19255,607.58,1
16338,33265,1875.2,0
16339,22419,1131.48,0
16340,31239,4562.52,1
16341,27925,180.65,0
16342,8505,1288.16,0
16343,7063,2276.73,0
16344,24192,1959.73,1
16345,25799,3517.55,1
16346,30899,1155.49,0
16347,20908,2862.66,1
16348,21582,343.69,1
16349,13718,4316.28,0
16350,10962,4285.49,1
16351,15917,1153.97,1
16352,17083,1390.58,0
16353,77,2484.81,0
16354,17747,3407.69,1
16355,27514,3914.64,1
16356,12656,2985.5,0
16357,4606,4551.39,1
16358,13868,3599.04,1
16359,18633,4722.05,1
16360,33535,3873.91,0
16361,16951,4996.89,1
16362,26196,3607.75,1
16363,1728,317.48,1
16364,30326,4514.13,1
16365,25629,1497.82,1
16366,12412,2257.16,0
16367,7331,2507.51,1
16368,13654,2791.43,0
16369,10534,2781.73,1
16370,540,3212.39,1
16371,23719,2547.09,1
16372,13531,2364.39,0
16373,29762,3421.9,0
16374,15004,4123.6,1
16375,21472,2928.76,0
16376,11132,1317.65,1
16377,14000,381.18,0
16378,33095,3600.1,0
16379,1759,4768.19,0
16380,21467,3620.78,1
16381,1177,1124.81,1
16382,5105,3057.06,0
16383,27364,2522.28,0
16384,12382,897.55,1
16385,28992,4637.71,0
16386,30195,822.18,0
16387,17395,278.19,1
16388,33033,1404.21,0
16389,24228,884.73,0
16390,5592,4111.02,0
16391,7434,1127.26,1
16392,11118,4862.93,1
16393,4170,1471.85,0
16394,688,4287.53,0
16395,9181,3761.02,0
16396,2701,2860.13,1
16397,24422,4531.72,0
16398,28259,2139.58,1
16399,2083,4179.78,1
16400,1838,4819.36,0
16401,26420,759.55,0
16402,28111,3944.63,0
16403,34832,1626.99,0
16404,23770,2360.61,0
16405,4117,2691.61,1
16406,20670,949.47,1
16407,18421,4232.01,1
16408,31807,2571.6,1
16409,16078,3968.69,0
16410,11258,1188.75,0
16411,11304,777.57,0
16412,3840,1082.38,1
16413,18112,3522.46,1
16414,29347,4927.34,0
16415,14326,279.81,0
16416,24260,2569.73,0
16417,11185,2052.42,0
16418,33537,1125.08,0
16419,32501,4230.07,0
16420,23149,664.65,0
16421,23944,4083.32,0
16422,23740,4363.97,1
16423,14516,3798.55,0
16424,27729,3523.64,0
16425,11467,1164.41,1
16426,14700,498.12,0
16427,8609,3523.35,0
16428,10024,1678.35,0
16429,27630,4861.42,1
16430,3961,3921.13,0
16431,19275,173.28,0
16432,11146,302.22,1
16433,32061,735.13,0
16434,2075,4587.14,0
16435,19542,4625.4,0
16436,1166,3322.96,0
16437,1860,3601.28,0
16438,27083,1196.17,1
16439,26581,3362.3,1
16440,14001,1512.29,0
16441,30158,4524.11,1
16442,13544,3923.8,1
16443,20624,634.72,0
16444,21500,574.15,0
16445,6892,3633.39,0
16446,23991,3917.48,1
16447,21843,3188.68,1
16448,16392,4085.22,1
16449,8787,2713.35,1
16450,25801,4005.5,1
16451,7941,292.78,1
16452,19640,1951.9,0
16453,32357,4160.34,1
16454,5925,1550.88,0
16455,24124,3074.8,0
16456,33922,1125.36,0
16457,23794,603.13,0
16458,30401,3037.64,1
16459,12412,309.39,0
16460,8329,4159.19,0
16461,17104,1551.7,1
16462,34673,3650.12,1
16463,18157,1591.86,0
16464,28912,3976.77,0
16465,24860,4048.77,0
16466,1033,948.05,1
16467,27779,4068.56,1
16468,24902,916.33,1
16469,13555,2057.07,0
16470,1089,4744.72,1
16471,16219,3048.84,1
16472,21867,3330.53,0
16473,14944,3653.86,0
16474,17286,1493.89,1
16475,17363,536.78,1
16476,4142,1836.83,1
16477,31064,4352.93,1
16478,8605,331.58,1
16479,12866,3625.07,1
16480,8755,1333.61,1
16481,6320,1630.88,1
16482,25683,298.91,0
16483,23038,1390.79,1
16484,1441,570.06,0
16485,20027,4531.75,0
16486,108,4129.39,0
16487,88,4886.49,0
16488,6835,1873.81,1
16489,6862,2503.74,0
16490,7331,3134.92,0
16491,9837,1703.97,1
16492,23056,2577.56,0
16493,19618,1840.15,1
16494,31147,2257.34,0
16495,1752,4497.71,1
16496,17674,655.77,1
16497,30652,2834.39,0
16498,3442,2757.38,0
16499,16222,3012.99,1
16500,31124,4914.87,0
16501,31148,3842.79,0
16502,23154,3658.72,0
16503,34753,4096.73,1
16504,33610,303.52,0
16505,32180,4496.92,0
16506,9009,503.8,1
16507,5360,2598.67,1
16508,7302,2101.51,0
16509,6144,3035.37,1
16510,1200,4200.06,1
16511,27036,2249.49,1
16512,18067,1125.85,1
16513,28082,2248.2,0
16514,6489,808.97,0
16515,20318,1852.23,0
16516,2122,2206.42,0
16517,11534,2311.85,0
16518,17368,3132.01,1
16519,396,3987.11,0
16520,7348,4226.84,0
16521,4886,1783.13,1
16522,31629,3226.13,1
16523,19999,2463.12,1
16524,22304,240.33,1
16525,5370,2565.88,0
16526,31444,3035.35,1
16527,17880,193.29,1
16528,13338,4367.8,1
16529,32784,3150.89,1
16530,28258,3078.55,1
16531,25916,4048.88,0
16532,29523,2338.44,1
16533,34427,4483.04,1
16534,19824,4480.69,1
16535,520,201.79,0
16536,8810,795.44,1
16537,4558,612.93,0
16538,15219,139.32,1
16539,11723,1104.91,1
16540,15430,2577.45,1
16541,19029,4555.0,1
16542,10360,2663.0,0
16543,25001,1361.45,0
16544,4617,4751.78,0
16545,5143,3212.27,1
16546,2978,145.3,0
16547,2242,1260.93,1
16548,19416,2885.61,0
16549,20446,1375.0,1
16550,8209,3549.52,1
16551,4731,1418.87,1
16552,16150,4077.77,0
16553,12799,555.83,1
16554,6665,770.4,0
16555,22064,2163.27,1
16556,25420,3629.59,1
16557,1163,3349.96,1
16558,21211,4998.05,1
16559,8163,1471.75,0
16560,12638,2876.85,1
16561,23001,3223.25,0
16562,30344,2885.93,1
16563,30450,2544.26,1
16564,24449,1147.03,0
16565,25384,537.93,1
16566,32276,418.86,0
16567,21116,913.71,1
16568,31491,4713.35,0
16569,16572,2212.44,0
16570,12159,3188.76,0
16571,22810,3304.43,0
16572,23475,1480.36,1
16573,27038,1000.24,0
16574,25304,3825.09,1
16575,18079,1701.95,1
16576,10737,3348.33,1
16577,9730,2142.73,0
16578,1769,4117.5,1
16579,14922,3699.66,0
16580,17544,3449.61,1
16581,33887,2622.05,1
16582,1177,247.12,0
16583,9324,2867.23,0
16584,4963,3506.83,0
16585,25435,4246.02,0
16586,33300,4569.85,0
16587,19548,2246.32,0
16588,18210,3168.85,0
16589,17666,364.1,0
16590,25098,687.34,0
16591,28548,4484.45,0
16592,25988,545.67,1
16593,34785,983.27,1
16594,33124,234.84,0
16595,20462,2213.1,0
16596,3998,1322.24,0
16597,29543,4339.25,1
16598,18388,1542.52,1
16599,2821,2726.46,1
16600,19493,2839.3,1
16601,11044,1420.54,0
16602,16710,4848.45,0
16603,19699,448.84,1
16604,13464,377.1,1
16605,18106,3422.11,1
16606,28375,3341.33,0
16607,106,942.2,1
16608,22696,966.95,0
16609,25514,4009.28,0
16610,18846,570.32,0
16611,30137,2370.06,1
16612,8010,3511.9,0
16613,433,2958.55,0
16614,20242,640.14,1
16615,5793,1375.1,1
16616,7749,1246.84,1
16617,23897,4722.36,1
16618,31221,553.48,1
16619,31738,3633.7,0
16620,29930,1645.93,1
16621,34247,4946.67,0
16622,14590,4354.93,1
16623,31431,3106.37,0
16624,31945,3583.12,0
16625,954,1736.04,0
16626,22829,537.74,0
16627,10550,4436.15,0
16628,24972,4661.81,0
16629,32137,2434.55,0
16630,25017,4343.48,0
16631,1618,4583.21,0
16632,30448,573.59,1
16633,1412,190.19,0
16634,18268,2730.34,0
16635,2509,2928.17,0
16636,16166,841.51,1
16637,21634,791.66,1
16638,3445,3314.77,1
16639,29895,3210.17,0
16640,989,3479.94,0
16641,11858,1666.84,1
16642,15009,3203.0,1
16643,26977,4671.17,0
16644,854,854.88,0
16645,9115,1318.77,1
16646,32140,4810.43,1
16647,11831,699.54,0
16648,27434,974.61,1
16649,27678,3510.53,1
16650,5013,2914.47,1
16651,21860,1753.11,0
16652,16643,3064.74,1
16653,18058,3462.54,1
16654,18679,3935.33,0
16655,25508,2096.78,1
16656,13476,3080.05,1
16657,22993,608.64,0
16658,19146,3558.47,0
16659,425,3788.1,1
16660,14319,4740.33,0
16661,22818,675.06,0
16662,22625,2834.83,1
16663,2841,865.38,0
16664,30049,2587.32,1
16665,4018,162.0,1
16666,16588,1869.99,0
16667,26111,3348.21,1
16668,21175,2056.82,0
16669,23660,1943.32,0
16670,8254,3804.93,0
16671,8547,3187.72,1
16672,11927,1588.52,0
16673,3304,2456.92,1
16674,9311,1850.62,1
16675,21129,1602.83,0
16676,32965,3064.89,0
16677,4213,1777.09,1
16678,6076,3835.99,1
16679,8755,4685.82,1
16680,30724,3779.7,0
16681,521,3413.79,1
16682,3592,1198.19,1
16683,17391,2201.02,1
16684,10811,2424.09,1
16685,31615,1868.37,0
16686,25510,1740.3,0
16687,27627,2981.09,1
16688,5164,4606.16,1
16689,3008,3534.27,1
16690,14127,2575.77,0
16691,786,4975.27,0
16692,2499,2059.49,0
16693,2734,4225.74,1
16694,22840,4766.23,0
16695,31566,1628.89,0
16696,1785,4655.77,1
16697,13516,1553.13,1
16698,6228,2898.17,0
16699,21001,3800.39,0
16700,14814,2254.71,0
16701,33469,4231.78,1
16702,2713,373.68,0
16703,529,2015.15,0
16704,28675,2331.92,1
16705,3421,2125.05,0
16706,7802,2403.35,1
16707,17557,3060.55,0
16708,32220,4368.99,0
16709,31452,367.42,0
16710,4249,3435.73,1
16711,14041,2461.05,1
16712,34648,317.7,1
16713,15558,3356.34,1
16714,12972,4705.98,1
16715,18588,1308.81,0
16716,19762,1748.81,0
16717,2834,3398.26,1
16718,20652,837.21,1
16719,24386,4638.16,0
16720,16339,925.54,0
16721,9592,4283.18,1
16722,18098,787.19,1
16723,12508,2587.06,1
16724,31251,2417.75,0
16725,30382,3430.29,0
16726,20871,4135.8,1
16727,13910,4768.99,0
16728,4816,1436.24,1
16729,17928,336.38,0
16730,4538,2109.58,0
16731,5941,4131.41,1
16732,6518,3813.42,1
16733,25123,1282.58,1
16734,98,962.46,0
16735,13194,3857.09,0
16736,9398,4150.66,1
16737,9776,1619.54,0
16738,11432,1491.66,0
16739,1058,3197.59,1
16740,5205,1233.77,0
16741,30378,275.7,1
16742,21798,3046.4,0
16743,18530,4308.14,1
16744,60,4308.91,0
16745,10751,2668.87,1
16746,31921,586.24,0
16747,15780,2330.69,0
16748,23119,2623.87,0
16749,28262,3416.62,1
16750,34016,1016.01,0
16751,6430,3040.02,0
16752,7069,1769.76,0
16753,9107,1105.97,1
16754,29392,4009.82,0
16755,3339,1776.93,0
16756,29446,4129.19,0
16757,4598,759.64,1
16758,18554,4063.01,0
16759,6722,2961.27,1
16760,9338,2783.22,0
16761,33180,2604.11,0
16762,25278,3192.97,0
16763,1719,879.81,0
16764,10260,1918.35,1
16765,27590,3052.03,0
16766,5343,3963.43,0
16767,30691,2218.21,0
16768,14145,2664.57,1
16769,13782,4421.97,0
16770,20098,635.18,0
16771,11783,4430.88,0
16772,32210,205.24,0
16773,5348,2349.79,0
16774,19914,1838.25,0
16775,9753,859.18,0
16776,13924,392.47,1
16777,972,3540.13,1
16778,9529,2493.42,0
16779,23331,3167.65,0
16780,27982,4184.98,0
16781,4549,1931.22,0
16782,33517,3863.56,0
16783,13532,1903.85,1
16784,2984,4905.09,1
16785,12834,4902.87,0
16786,28191,131.18,0
16787,14262,2589.19,0
16788,29201,1571.69,0
16789,26770,3442.98,0
16790,1791,2272.9,0
16791,24854,369.62,0
16792,14605,546.69,0
16793,33085,4498.88,0
16794,3180,4904.94,0
16795,31598,1778.02,1
16796,27753,1387.24,1
16797,18736,3015.61,1
16798,5809,971.67,1
16799,14664,299.41,1
16800,3909,4916.18,1
16801,27417,1091.7,0
16802,28353,4349.54,1
16803,7777,263.44,0
16804,32456,3724.92,0
16805,23007,4992.05,1
16806,23400,2275.14,1
16807,24477,2128.26,1
16808,20041,4054.22,1
16809,24887,454.23,1
16810,4381,3326.27,0
16811,8494,3080.37,1
16812,24653,1347.69,0
16813,10835,4253.95,0
16814,4175,775.24,0
16815,26462,2384.92,1
16816,33444,1982.87,0
16817,14199,3362.47,1
16818,4010,4864.52,0
16819,16878,1704.48,0
16820,21382,2425.3,1
16821,18626,4379.35,1
16822,6718,2835.17,1
16823,12645,672.33,1
16824,26571,4772.85,0
16825,10677,4331.37,1
16826,30428,4880.43,1
16827,26416,1437.5,1
16828,10425,4625.1,1
16829,25226,2685.15,0
16830,15943,4445.83,0
16831,23483,2626.55,0
16832,23903,3794.32,0
16833,546,195.59,0
16834,9265,3950.32,1
16835,9545,362.64,0
16836,5539,3327.16,0
16837,27163,1392.02,1
16838,29942,1357.88,1
16839,13250,4324.04,0
16840,2645,2520.35,1
16841,539,713.09,0
16842,14771,1495.35,1
16843,34244,3496.72,0
16844,2964,353.91,1
16845,33955,4445.59,0
16846,29130,3432.82,1
16847,26155,4988.78,1
16848,8549,704.2,0
16849,3684,1983.07,1
16850,8280,3166.67,0
16851,11522,1517.98,1
16852,31468,3956.97,0
16853,28664,1336.07,1
16854,5543,4417.8,0
16855,16955,4589.31,1
16856,21262,1336.68,1
16857,7198,3272.24,0
16858,3589,2480.57,1
16859,13282,2330.83,0
16860,20327,1459.23,1
16861,10814,2410.39,1
16862,33001,4179.54,0
16863,16847,1254.74,1
16864,17270,1909.27,0
16865,5323,3315.48,0
16866,14424,224.58,1
16867,15977,4910.37,1
16868,10698,3056.14,1
16869,6671,2007.66,0
16870,34291,4543.49,0
16871,24457,595.49,0
16872,11059,918.22,1
16873,15624,381.3,0
16874,17205,3473.93,1
16875,33967,4473.95,0
16876,19461,3465.05,0
16877,25822,3174.11,1
16878,19458,1661.13,1
16879,34794,2119.08,1
16880,24614,4501.07,1
16881,6790,1433.81,1
16882,1248,4764.32,1
16883,4172,673.58,1
16884,15504,1962.08,1
16885,11249,3421.86,1
16886,32502,2531.87,0
16887,8328,1717.92,1
16888,28547,1446.14,0
16889,22624,546.32,1
16890,27679,3050.86,1
16891,29278,1262.21,1
16892,9210,2146.74,0
16893,30114,1349.25,0
16894,5277,736.64,1
16895,33240,1638.8,1
16896,27971,3743.69,1
16897,9500,2466.76,1
16898,20259,1039.8,1
16899,21077,1004.36,1
16900,16971,1318.19,1
16901,6465,2497.38,1
16902,12873,1092.28,1
16903,15956,3031.16,0
16904,7800,345.06,0
16905,25588,2483.62,1
16906,13479,1142.14,0
16907,8517,2594.79,0
16908,7087,3394.2,0
16909,29220,668.6,1
16910,31627,1374.65,1
16911,31292,3721.9,0
16912,5882,539.31,1
16913,30025,801.71,0
16914,6494,4962.54,0
16915,23123,260.41,1
16916,9035,3350.01,0
16917,10110,1909.33,1
16918,25190,4084.86,1
16919,21338,4611.86,0
16920,26185,4389.57,1
16921,21002,3057.14,1
16922,34623,4594.36,1
16923,34888,4296.22,1
16924,5473,4999.69,0
16925,33127,1167.72,0
16926,4401,822.43,1
16927,1969,4060.86,0
16928,10578,4347.75,1
16929,20322,3557.61,1
16930,16619,2549.61,1
16931,24282,366.2,1
16932,28733,4824.32,1
16933,20961,795.51,0
16934,3982,2104.16,0
16935,10665,4029.98,1
16936,27487,2447.65,0
16937,4988,3924.5,1
16938,23430,3635.22,1
16939,28579,3893.22,0
16940,25297,1922.12,1
16941,18031,1088.54,0
16942,24290,1973.65,0
16943,18287,3494.73,1
16944,31584,2066.07,1
16945,1001,1481.23,1
16946,21267,1010.94,0
16947,4783,171.99,0
16948,143,982.9,0
16949,8684,3099.04,0
16950,22682,2470.69,0
16951,9757,4431.98,1
16952,9504,1524.3,0
16953,18414,4529.57,0
16954,5420,3489.61,0
16955,2412,4728.39,0
16956,17754,4791.95,0
16957,1666,3843.21,0
16958,32430,2496.13,1
16959,16901,4554.88,0
16960,3365,3783.98,0
16961,15597,2205.9,0
16962,25244,3096.37,0
16963,10094,2849.46,1
16964,16951,2948.62,0
16965,10270,231.44,1
16966,3493,2663.58,0
16967,18262,4551.0,0
16968,21139,4481.66,1
16969,13909,3018.92,1
16970,13312,3213.18,1
16971,33090,2906.37,0
16972,2888,4545.97,0
16973,27779,3033.66,0
16974,22684,1832.55,0
16975,4554,2792.43,0
16976,6694,712.24,1
16977,16122,2014.04,1
16978,25445,4542.97,0
16979,10724,330.54,0
16980,33697,4698.46,1
16981,17436,2282.45,1
16982,34890,4828.29,1
16983,4191,3586.85,0
16984,21232,227.14,1
16985,13839,3758.23,0
16986,21144,1524.17,0
16987,6014,2952.16,0
16988,22458,1123.58,1
16989,12085,4997.3,0
16990,10499,395.07,0
16991,21984,4006.75,0
16992,9085,4411.64,0
16993,8478,1528.56,1
16994,273,2054.94,0
16995,31724,1845.62,0
16996,2708,1649.93,1
16997,24158,884.38,1
16998,4513,3521.8,0
16999,10009,1361.59,1
17000,6139,3343.49,1
17001,32747,491.99,1
17002,18986,3325.33,0
17003,20339,592.86,1
17004,24125,3614.93,1
17005,4749,1695.06,0
17006,32139,2417.1,0
17007,28553,2093.97,1
17008,9068,3638.3,0
17009,6336,1873.9,1
17010,6659,4879.2,0
17011,34451,4557.5,1
17012,5248,2441.73,1
17013,2446,2332.58,1
17014,21974,216.85,0
17015,27311,3082.92,0
17016,9236,814.39,1
17017,25425,4641.06,0
17018,16340,4453.67,0
17019,7674,4695.83,0
17020,4967,2861.19,0
17021,5141,634.93,1
17022,17776,4999.31,1
17023,31049,4376.09,1
17024,20104,2799.68,0
17025,32666,4974.77,1
17026,6581,4443.74,1
17027,20477,3060.23,0
17028,20003,4488.63,1
17029,10057,1221.78,1
17030,23502,1659.63,0
17031,16534,2616.4,1
17032,9484,4531.41,0
17033,11832,2666.16,1
17034,12361,1367.21,1
17035,979,4482.13,0
17036,29829,1605.66,0
17037,13661,3996.45,0
17038,5005,1188.26,0
17039,9526,4045.0,0
17040,34279,295.37,1
17041,31259,4150.04,1
17042,4533,2092.76,0
17043,25253,4206.87,0
17044,5747,4440.62,1
17045,18843,150.22,0
17046,11155,2968.15,1
17047,6956,4586.69,1
17048,32984,3124.9,0
17049,29989,171.24,1
17050,25803,2890.44,1
17051,31678,3265.44,1
17052,520,304.2,0
17053,29174,3898.95,0
17054,23148,4820.9,1
17055,7176,3778.82,0
17056,8862,2695.83,0
17057,18811,2098.75,1
17058,27840,1303.02,0
17059,30533,4875.81,1
17060,18221,2378.46,1
17061,6621,1067.22,1
17062,19900,4173.92,0
17063,31693,141.18,0
17064,9658,2511.94,1
17065,25094,1792.15,0
17066,12194,668.05,1
17067,20942,374.54,0
17068,31477,2977.59,0
17069,18918,3535.42,0
17070,21089,3322.01,1
17071,13157,202.1,0
17072,14972,3410.82,1
17073,13872,4832.69,0
17074,3458,3978.6,1
17075,6502,2459.38,0
17076,21419,1703.95,0
17077,15778,674.9,0
17078,19427,4220.16,0
17079,665,3453.45,0
17080,18045,738.3,1
17081,4264,3416.57,1
17082,1212,4545.72,0
17083,15232,2713.72,0
17084,5807,2278.94,1
17085,31891,3593.05,1
17086,15093,109.6,1
17087,17916,1409.86,1
17088,25923,393.42,1
17089,21937,3423.67,0
17090,15263,4075.64,1
17091,20087,4365.59,0
17092,8756,4640.28,1
17093,19692,1193.91,0
17094,2755,1944.71,0
17095,108,2804.0,0
17096,5360,2503.34,1
17097,10494,2136.33,1
17098,24226,3456.81,0
17099,1636,1117.88,1
17100,2829,4381.62,0
17101,3555,4570.67,0
17102,1756,4401.15,0
17103,15815,494.71,0
17104,15256,2820.44,0
17105,20343,4985.03,1
17106,15432,248.99,1
17107,8256,1233.89,1
17108,13676,4453.82,1
17109,16698,4889.38,0
17110,936,4603.11,0
17111,21748,1242.47,0
17112,29538,1435.41,0
17113,32665,1157.45,0
17114,27547,732.21,0
17115,32689,1116.1,0
17116,13616,518.41,0
17117,23304,317.02,1
17118,6388,1078.14,0
17119,30626,3315.86,0
17120,14881,4552.11,1
17121,28210,1814.29,0
17122,18555,2761.95,1
17123,10507,3119.86,0
17124,20632,4771.64,1
17125,784,1146.64,1
17126,3200,3956.07,1
17127,17989,4494.4,0
17128,10673,3951.08,0
17129,12336,3009.46,1
17130,6542,2369.48,1
17131,19979,3078.66,0
17132,772,1873.26,1
17133,29420,4324.07,0
17134,10613,359.69,0
17135,9134,4296.7,0
17136,157,1090.36,0
17137,5317,659.21,1
17138,13256,2101.68,0
17139,13229,4686.4,0
17140,21113,4641.57,1
17141,3482,2229.63,0
17142,19057,1266.3,1
17143,8074,2780.16,1
17144,10253,1236.93,1
17145,16791,1641.23,1
17146,6893,1171.55,1
17147,31016,4070.3,0
17148,4286,3541.01,1
17149,32068,2706.38,1
17150,25010,4059.35,1
17151,25333,2076.71,0
17152,17633,4187.37,0
17153,33624,4009.57,0
17154,15863,221.78,1
17155,31452,4142.23,1
17156,33568,384.77,0
17157,16590,3791.57,0
17158,8501,4741.5,1
17159,27876,1329.79,0
17160,32073,4698.41,0
17161,16708,210.35,1
17162,20521,2779.81,1
17163,20416,3376.24,0
17164,10094,243.04,0
17165,1379,3114.14,1
17166,28305,1934.0,1
17167,4242,1923.55,0
17168,11969,249.94,1
17169,8987,2761.97,0
17170,2185,254.82,1
17171,31312,1275.07,0
17172,33431,408.5,1
17173,2775,1477.27,1
17174,4576,1252.83,0
17175,24829,3224.57,1
17176,21454,3369.25,0
17177,10863,3180.55,0
17178,732,2076.87,1
17179,4913,2612.31,0
17180,15838,2949.09,1
17181,33432,3265.52,1
17182,30093,2904.53,1
17183,26926,243.68,0
17184,24237,811.07,1
17185,10896,3072.22,1
17186,3281,4055.23,1
17187,5890,3654.85,0
17188,25358,121.1,1
17189,33269,3190.8,0
17190,24658,3999.08,1
17191,13557,2644.26,0
17192,24065,2721.09,0
17193,34087,1082.52,1
17194,31162,288.76,0
17195,542,4906.26,0
17196,28012,1346.41,1
17197,453,4727.7,1
17198,2513,708.9,0
17199,27950,1200.1,1
17200,20528,3932.32,1
17201,11070,4145.63,0
17202,6172,2223.87,0
17203,1322,1892.3,1
17204,2169,1977.72,0
17205,5355,3815.77,1
17206,9647,1785.39,0
17207,29074,3346.72,0
17208,8308,1043.71,0
17209,32340,2559.52,1
17210,13511,689.66,1
17211,18801,1949.02,0
17212,23384,3659.83,0
17213,19085,3547.11,0
17214,8936,829.61,0
17215,8264,2626.51,1
17216,3018,3113.29,1
17217,19653,1712.4,0
17218,21643,255.77,1
17219,28762,2017.71,0
17220,14319,2203.24,1
17221,20776,2596.17,1
17222,34250,1790.64,0
17223,31889,2131.38,1
17224,1394,3035.1,1
17225,24101,199.49,0
17226,19637,2361.8,0
17227,5996,1900.75,1
17228,19212,4507.62,0
17229,2769,3131.26,1
17230,8514,4366.72,1
17231,4135,2247.68,1
17232,25673,347.09,1
17233,30203,636.35,1
17234,8262,4996.8,0
17235,22538,664.73,1
17236,2057,4938.13,1
17237,1733,398.83,1
17238,16790,1495.77,1
17239,34980,4515.67,0
17240,4775,598.29,0
17241,31750,752.26,0
17242,11555,4361.73,0
17243,7425,4338.42,1
17244,18700,3315.83,1
17245,20338,3521.06,0
17246,18759,3622.94,1
17247,21217,4513.51,0
17248,27555,3702.76,0
17249,30624,2263.73,0
17250,3045,1153.23,0
17251,28532,3007.75,0
17252,30559,4961.13,1
17253,7818,4724.01,1
17254,32392,3926.17,1
17255,6669,1363.73,0
17256,20166,1777.58,1
17257,9545,2281.28,0
17258,2808,2949.05,0
17259,2919,1518.88,0
17260,3049,150.98,1
17261,16183,1760.83,0
17262,25379,3467.82,1
17263,4922,2741.34,0
17264,23442,1091.06,0
17265,3351,646.18,1
17266,16038,3467.38,0
17267,713,434.76,0
17268,28527,1421.36,1
17269,26417,3207.68,1
17270,25770,1796.81,1
17271,417,2155.58,1
17272,31556,732.64,1
17273,33979,3264.22,1
17274,4187,676.92,0
17275,28915,1656.74,1
17276,16693,4232.38,1
17277,22227,908.59,0
17278,11527,600.62,1
17279,10512,358.42,0
17280,11621,918.84,1
17281,34246,4131.1,1
17282,8496,1154.8,1
17283,29401,3218.55,0
17284,14462,2623.02,1
17285,33797,2831.22,0
17286,19252,1160.12,1
17287,32514,324.37,0
17288,23411,2413.33,0
17289,23274,4000.1,0
17290,16463,1827.64,0
17291,21490,576.05,1
17292,33143,2745.67,1
17293,28212,3241.26,1
17294,18444,1352.52,1
17295,1917,2362.58,1
17296,4526,2871.22,0
17297,27318,2447.04,0
17298,2956,4173.91,0
17299,1356,791.68,1
17300,22224,3119.22,1
17301,14309,1239.96,0
17302,9995,2313.19,0
17303,19064,743.9,0
17304,8529,3346.32,1
17305,6215,1415.57,0
17306,17294,4827.03,1
17307,2308,2949.94,1
17308,18398,3363.68,0
17309,17015,3455.2,1
17310,8874,1135.05,0
17311,23770,2947.31,0
17312,30200,4390.02,0
17313,25937,4726.0,0
17314,8064,596.45,1
17315,6744,4612.6,0
17316,17364,1073.4,0
17317,17359,451.22,0
17318,3619,2586.47,1
17319,34174,1541.31,0
17320,25066,4854.89,0
17321,5527,1698.81,1
17322,1472,4024.04,1
17323,5764,540.28,0
17324,19179,1000.18,1
17325,22221,674.68,0
17326,6205,1935.62,0
17327,5363,2216.23,0
17328,12860,4059.78,0
17329,14283,167.24,0
17330,11570,4087.92,0
17331,2426,3827.19,0
17332,25606,2698.4,0
17333,17185,2554.06,0
17334,15428,2941.55,0
17335,27576,3546.75,1
17336,21828,878.7,0
17337,19224,4614.63,1
17338,25760,2423.36,1
17339,32496,4115.91,0
17340,26559,288.96,0
17341,19825,3522.7,1
17342,34655,4566.73,1
17343,15543,4785.6,0
17344,2946,4792.22,0
17345,15627,2307.11,0
17346,6975,4383.61,0
17347,4200,3436.1,0
17348,10361,769.9,1
17349,10646,2378.13,1
17350,11047,3063.86,1
17351,20951,2302.49,0
17352,27160,731.99,1
17353,16485,3651.59,0
17354,31060,3414.12,1
17355,12986,3765.32,0
17356,13403,2194.92,0
17357,13099,1587.92,0
17358,7335,3336.22,1
17359,2640,3178.11,1
17360,20925,3570.97,1
17361,29326,3562.55,1
17362,15609,2752.18,0
17363,11536,1380.69,1
17364,30336,3493.11,0
17365,17881,2598.61,1
17366,6145,1325.81,1
17367,24303,4952.66,0
17368,26237,2811.59,0
17369,27795,250.68,0
17370,2265,211.01,1
17371,29680,2989.44,1
17372,13285,2061.04,0
17373,21283,4481.31,1
17374,25308,437.28,0
17375,30171,965.7,0
17376,11783,3919.74,1
17377,19327,4623.92,0
17378,34658,1199.71,0
17379,5568,1770.77,0
17380,11349,1302.68,0
17381,14440,1103.99,1
17382,18766,3276.05,0
17383,12628,4270.77,0
17384,29851,1766.75,0
17385,14046,379.51,1
17386,5998,3412.19,0
17387,24283,2396.97,1
17388,27069,3029.82,1
17389,20706,4468.04,1
17390,32513,3678.6,0
17391,33484,1232.41,0
17392,28668,820.1,0
17393,11416,902.88,1
17394,11915,2326.03,1
17395,32226,2141.75,0
17396,10820,1500.47,1
17397,11604,4194.19,0
17398,15001,3968.57,0
17399,17276,4603.39,1
17400,3910,3444.31,1
17401,19039,116.09,0
17402,9512,358.2,1
17403,20760,1483.74,1
17404,33246,3494.92,1
17405,7699,1046.0,0
17406,31282,3502.69,0
17407,26226,2947.89,1
17408,24837,4931.22,1
17409,7128,571.11,0
17410,2101,2295.09,1
17411,22308,2188.57,0
17412,8293,1174.03,1
17413,7104,257.59,0
17414,9884,582.81,1
17415,20987,3050.27,0
17416,31211,3422.38,0
17417,23571,2832.56,1
17418,10193,3168.26,1
17419,15622,291.38,0
17420,7414,3175.72,1
17421,5912,1220.61,1
17422,29980,3835.6,1
17423,12204,4011.52,0
17424,27818,4246.65,1
17425,26365,684.88,0
17426,28897,1922.56,1
17427,21071,1932.96,1
17428,13773,444.83,1
17429,26295,433.85,0
17430,9048,2272.53,1
17431,15846,3193.02,1
17432,22498,1947.78,1
17433,3748,4550.19,1
17434,30095,1676.96,0
17435,8780,3280.67,1
17436,3569,4216.67,1
17437,18714,609.2,1
17438,30912,1354.5,0
17439,13816,1056.06,0
17440,34298,2726.18,0
17441,28823,3435.08,1
17442,7379,2941.33,0
17443,21522,3640.96,1
17444,14094,1195.8,1
17445,21351,574.57,0
17446,25405,4715.13,0
17447,33802,1119.54,0
17448,7174,2967.47,0
17449,4064,4132.97,0
17450,8362,3826.88,1
17451,14282,512.87,1
17452,9084,245.24,1
17453,2951,3139.15,0
17454,4693,4657.69,0
17455,33654,2916.78,0
17456,6036,1990.71,0
17457,4281,3879.88,0
17458,19693,4575.3,0
17459,12456,229.66,0
17460,7524,603.36,1
17461,1568,391.73,1
17462,26180,4024.48,0
17463,1507,1466.35,1
17464,2600,4093.02,1
17465,5391,1147.02,1
17466,18335,1143.24,1
17467,1331,4897.17,1
17468,8873,2572.02,1
17469,33529,1851.13,0
17470,14266,666.32,1
17471,5623,2066.31,1
17472,24722,3037.11,0
17473,23075,4701.71,0
17474,29961,4702.13,0
17475,23946,4286.89,0
17476,21399,1976.92,0
17477,13041,4328.57,1
17478,6824,2344.09,1
17479,12092,4898.44,0
17480,11592,585.57,1
17481,21582,3807.71,1
17482,18522,2789.29,1
17483,21668,2240.61,1
17484,21756,4661.63,0
17485,16673,1277.16,0
17486,5457,3481.14,1
17487,33779,2166.42,1
17488,26171,4173.93,0
17489,31588,3398.92,0
17490,33421,3197.27,0
17491,19606,2588.49,0
17492,34907,1168.2,1
17493,11052,1957.12,0
17494,17073,901.52,0
17495,13465,2448.26,0
17496,1921,3629.99,1
17497,20984,2929.17,1
17498,23606,1286.08,1
17499,18623,3734.59,1
17500,1250,4201.64,0
17501,9859,3052.52,0
17502,16337,3236.72,1
17503,1714,3319.05,1
17504,33562,2294.23,1
17505,13727,2572.48,1
17506,33231,2163.42,0
17507,30592,1316.68,1
17508,7480,1785.96,0
17509,10636,3028.27,1
17510,23357,3987.8,1
17511,6850,3356.59,1
17512,13876,4963.99,1
17513,3849,4098.5,1
17514,13276,4251.98,1
17515,529,1589.12,1
17516,16294,2777.31,0
17517,9707,591.77,1
17518,15916,3816.8,0
17519,25717,3209.17,1
17520,33032,2361.17,1
17521,34692,3508.03,0
17522,6285,685.8,1
17523,9215,3672.5,0
17524,18449,3621.3,0
17525,8694,1902.99,1
17526,12269,739.4,0
17527,2116,919.97,1
17528,10552,2846.44,1
17529,6584,1029.86,1
17530,18037,2819.58,1
17531,32512,3482.56,1
17532,33873,2580.32,0
17533,18014,3462.6,0
17534,16678,1163.69,1
17535,11566,708.8,1
17536,21205,2256.59,0
17537,1442,3126.43,0
17538,25801,2863.74,0
17539,33597,2607.11,0
17540,17132,3673.4,1
17541,25365,2863.38,0
17542,18798,2104.02,0
17543,10904,658.9,0
17544,29685,1808.41,0
17545,30628,1287.62,1
17546,17620,2749.16,0
17547,21077,4788.23,1
17548,11145,1750.61,1
17549,34905,2024.58,1
17550,22437,2005.1,1
17551,16808,1213.49,0
17552,5268,853.88,0
17553,3322,3239.97,0
17554,15303,1490.92,1
17555,1659,4904.0,0
17556,2324,1177.39,1
17557,15724,3007.32,0
17558,12003,1673.42,1
17559,26578,1692.83,1
17560,25215,3841.0,1
17561,7500,1365.72,0
17562,30487,2374.48,1
17563,13829,1704.62,1
17564,5511,3798.34,1
17565,11835,2735.98,1
17566,10973,786.47,1
17567,27408,3046.15,1
17568,2129,2355.14,1
17569,19483,576.94,1
17570,34342,4947.29,1
17571,22874,4261.68,1
17572,33212,3517.52,1
17573,13308,3120.9,1
17574,6947,151.09,0
17575,20419,781.05,0
17576,4167,4914.31,0
17577,7792,1171.33,1
17578,24551,1389.87,0
17579,4625,2452.67,1
17580,16146,4233.42,1
17581,23662,3380.18,0
17582,34622,4738.84,1
17583,16511,3521.5,0
17584,24813,1956.12,0
17585,13261,1810.58,1
17586,9082,2917.98,0
17587,5665,197.42,1
17588,13011,4948.89,1
17589,15601,813.48,0
17590,17941,4484.57,0
17591,25902,523.16,0
17592,29806,1959.18,0
17593,21791,1714.92,1
17594,8453,1168.39,1
17595,27361,1064.45,0
17596,25021,3736.85,0
17597,5028,3492.93,1
17598,10489,1472.39,0
17599,33500,2297.85,0
17600,5823,1790.12,0
17601,4911,2762.24,1
17602,8997,4035.55,0
17603,29473,574.12,1
17604,31387,3557.03,0
17605,7500,3768.94,0
17606,30498,4833.89,0
17607,6477,217.44,1
17608,22200,4257.78,1
17609,268,1120.16,0
17610,30028,3126.94,1
17611,30132,1913.16,0
17612,34063,3169.04,1
17613,10406,845.78,0
17614,8502,354.21,0
17615,9116,3112.35,1
17616,7534,2350.41,0
17617,1560,3264.64,0
17618,33965,1757.09,0
17619,30499,4474.88,0
17620,30932,4364.52,0
17621,13881,4076.49,1
17622,2241,3339.78,0
17623,32949,4467.43,1
17624,20605,431.12,0
17625,8929,807.62,0
17626,23256,4589.16,1
17627,31996,2768.19,0
17628,16809,4993.67,0
17629,33947,3335.04,0
17630,665,1057.17,0
17631,29997,4828.14,1
17632,30758,4941.67,1
17633,28556,2592.05,1
17634,26545,4007.83,1
17635,23581,4643.07,0
17636,33244,539.41,0
17637,19556,2019.07,1
17638,4394,4973.51,0
17639,16287,3223.59,1
17640,13938,4584.07,1
17641,17767,544.77,0
17642,4921,2171.75,0
17643,3756,2368.57,1
17644,11865,904.9,0
17645,11132,4411.01,1
17646,7662,2162.32,1
17647,27607,2756.11,1
17648,26221,4271.64,0
17649,15286,3323.05,0
17650,10719,914.72,0
17651,2174,2668.14,0
17652,27025,3664.48,0
17653,5501,2067.59,1
17654,15143,1054.16,1
17655,15395,4472.57,1
17656,7013,1647.16,1
17657,11586,143.97,1
17658,30911,4882.69,0
17659,20780,2318.61,1
17660,23110,1214.75,0
17661,15987,2440.41,1
17662,9887,4845.3,0
17663,10849,4226.69,0
17664,17110,3567.13,1
17665,7106,3614.42,0
17666,10940,347.09,1
17667,25735,1049.05,0
17668,5734,2988.87,0
17669,6725,760.23,0
17670,16891,3335.0,1
17671,24595,2604.14,0
17672,31898,986.06,1
17673,24726,2046.66,0
17674,8786,142.32,0
17675,9045,4668.78,1
17676,28847,1883.57,0
17677,10204,4192.06,1
17678,21281,4618.38,1
17679,14118,2324.08,1
17680,18835,333.31,0
17681,17967,3108.54,1
17682,14014,3293.43,1
17683,25150,3034.04,0
17684,15506,580.47,1
17685,7842,4446.67,1
17686,31187,215.26,1
17687,2323,3675.83,0
17688,1604,4861.06,0
17689,17034,504.24,1
17690,5931,818.54,0
17691,22267,3490.25,0
17692,2421,237.57,1
17693,22369,1649.81,0
17694,16823,2580.29,0
17695,22906,3132.26,1
17696,29122,3143.8,0
17697,10790,2273.33,1
17698,34106,4612.32,0
17699,12726,3540.75,0
17700,11485,1845.43,0
17701,11703,4121.38,0
17702,2039,2987.56,1
17703,19587,1265.5,0
17704,33049,4722.46,1
17705,1647,1616.89,1
17706,1924,4469.82,0
17707,17355,3875.04,1
17708,16326,4430.57,1
17709,25199,1584.07,1
17710,23064,2330.57,0
17711,33273,4691.28,0
17712,15158,3775.47,0
17713,15747,1724.76,0
17714,18701,2403.55,0
17715,24877,3816.07,1
17716,18434,1179.06,0
17717,25476,4467.37,0
17718,7127,1670.18,1
17719,26462,330.44,1
17720,4600,2548.18,0
17721,2155,4635.46,1
17722,27460,685.43,0
17723,8012,607.92,1
17724,5294,2566.39,0
17725,22424,3585.09,1
17726,26342,2699.95,1
17727,15962,3139.83,1
17728,1309,2510.52,0
17729,1119,2363.41,0
17730,19304,4804.76,1
17731,17937,1583.74,1
17732,16754,3900.69,0
17733,9901,4081.24,1
17734,17339,3672.29,0
17735,6799,492.44,0
17736,26382,2891.38,1
17737,2393,967.14,0
17738,27077,4534.54,1
17739,30221,2631.65,1
17740,7474,4544.64,1
17741,10580,3329.54,0
17742,22040,4911.0,1
17743,33811,3674.4,1
17744,32501,3818.5,1
17745,19550,676.53,0
17746,10215,3358.79,1
17747,3014,1885.57,0
17748,29216,2495.57,0
17749,4967,568.75,1
17750,16724,4915.82,1
17751,15814,3594.62,0
17752,24862,2110.98,1
17753,13722,2647.01,0
17754,33552,4606.44,1
17755,4320,1146.05,1
17756,23513,4364.55,0
17757,8674,3529.64,0
17758,23477,2683.95,1
17759,11209,2398.41,0
17760,27396,3487.77,1
17761,23465,423.58,0
17762,28996,2615.13,0
17763,12502,3703.97,1
17764,8755,1096.61,1
17765,33439,3490.14,1
17766,32882,978.72,0
17767,33745,2004.25,1
17768,23535,622.17,1
17769,25839,3964.29,0
17770,23803,1561.47,1
17771,13195,3733.19,1
17772,13413,3976.2,1
17773,31004,1702.06,1
17774,14414,4934.12,0
17775,13214,3302.78,1
17776,5343,1373.52,0
17777,30024,2482.24,0
17778,29618,4224.25,0
17779,10201,4796.92,0
17780,8898,2862.01,0
17781,6296,4911.31,0
17782,7791,2878.03,1
17783,32370,2121.47,0
17784,18048,570.99,0
17785,22502,4268.56,1
17786,10559,4495.55,1
17787,33383,3489.53,1
17788,11803,1207.42,1
17789,6398,2917.94,1
17790,8326,2421.99,0
17791,4692,375.55,0
17792,28454,4346.6,1
17793,30399,2473.45,0
17794,7444,2701.73,1
17795,31033,4480.24,1
17796,6613,1101.8,1
17797,7812,252.61,0
17798,19363,4356.0,1
17799,19076,3973.66,1
17800,4084,2376.8,0
17801,29986,591.32,0
17802,2601,1946.27,0
17803,27465,3813.06,1
17804,9494,2803.17,1
17805,8911,2221.31,1
17806,31215,4750.25,1
17807,23723,4173.18,1
17808,6359,2233.38,0
17809,17227,3608.72,1
17810,26086,4709.79,1
17811,4783,1548.65,0
17812,28021,1894.6,0
17813,14296,586.38,0
17814,6137,1714.67,0
17815,16293,4830.89,0
17816,15304,2585.03,0
17817,13425,3513.45,1
17818,12028,2156.92,1
17819,16726,2913.75,1
17820,23519,2755.44,0
17821,11705,3060.44,1
17822,27019,175.89,0
17823,25625,3513.11,1
17824,28241,4351.32,1
17825,24130,223.12,1
17826,33425,3915.86,1
17827,18065,646.9,1
17828,10990,1373.06,0
17829,29264,1228.85,0
17830,9622,2904.9,1
17831,1446,1455.35,0
17832,5992,2483.97,0
17833,10512,4653.1,0
17834,11849,4634.16,0
17835,21370,214.62,1
17836,1572,2877.56,1
17837,6848,1713.16,0
17838,17256,3590.82,1
17839,27082,4142.78,0
17840,2877,1961.23,0
17841,24636,1987.7,0
17842,606,2520.47,1
17843,3371,4381.83,0
17844,7662,3833.85,0
17845,12733,2091.73,1
17846,20261,3517.18,1
17847,3884,3296.19,0
17848,26797,2566.74,1
17849,27427,1028.53,0
17850,8291,4674.34,0
17851,11984,723.35,1
17852,11655,1897.01,1
17853,18468,3168.84,1
17854,33095,3163.02,0
17855,33768,534.31,0
17856,33237,4038.91,1
17857,2319,2857.58,0
17858,22470,854.02,0
17859,23830,3359.57,0
17860,23749,1750.04,0
17861,21892,337.73,0
17862,12736,3889.62,1
17863,34182,1796.87,1
17864,25325,779.38,0
17865,4510,1299.96,1
17866,16854,2157.72,1
17867,15078,3042.03,1
17868,18090,4862.51,1
17869,2100,2449.84,0
17870,17704,4276.14,1
17871,8307,2330.01,1
17872,3385,4647.54,1
17873,2074,4249.05,1
17874,1868,214.69,1
17875,19161,2590.51,1
17876,15199,3593.4,1
17877,24719,3562.39,0
17878,16998,3408.37,0
17879,22693,573.11,0
17880,7666,4280.1,0
17881,33505,4577.43,0
17882,20513,1894.92,0
17883,3954,569.78,1
17884,15596,2382.97,0
17885,20412,3751.68,1
17886,17499,616.05,1
17887,6485,3404.9,1
17888,24027,2799.35,1
17889,4232,200.48,1
17890,11565,3131.83,0
17891,15967,1276.37,0
17892,25440,3068.43,1
17893,4837,1331.45,0
17894,347,345.39,1
17895,4847,1781.84,0
17896,30716,4782.45,0
17897,545,2274.37,1
17898,16215,2262.12,1
17899,21043,2516.95,0
17900,9987,196.24,1
17901,20962,2073.36,1
17902,10598,2021.49,1
17903,22734,4512.95,1
17904,16594,1812.2,1
17905,12633,3666.25,0
17906,17671,1358.7,1
17907,23333,2719.42,1
17908,19566,4677.57,0
17909,31625,625.37,0
17910,7812,2697.91,0
17911,11848,2718.06,0
17912,2288,2888.84,0
17913,20038,454.88,1
17914,14997,1086.88,0
17915,28003,2921.49,0
17916,4414,986.98,1
17917,8066,2000.68,0
17918,292,4860.41,0
17919,30432,734.05,0
17920,2549,428.43,1
17921,3430,708.67,1
17922,27014,3871.58,1
17923,6681,2587.27,1
17924,31848,2690.53,1
17925,4123,2266.75,0
17926,3074,2490.61,1
17927,14641,4654.15,1
17928,8800,154.92,0
17929,27752,809.32,1
17930,10055,152.06,0
17931,32963,1612.66,1
17932,29318,2681.31,0
17933,9635,4095.23,1
17934,34089,3558.81,1
17935,253,1211.02,1
17936,31010,2260.9,0
17937,17827,4592.72,1
17938,15796,3255.37,0
17939,18525,3136.96,1
17940,7784,3061.05,1
17941,4421,1626.0,1
17942,3277,4881.88,1
17943,5642,3888.12,0
17944,9223,4057.1,1
17945,5340,3186.78,0
17946,30323,146.76,1
17947,5423,2451.28,1
17948,5060,3443.78,1
17949,5612,3754.75,0
17950,701,3363.42,0
17951,16779,1847.36,0
17952,7914,1738.75,1
17953,24842,1576.26,0
17954,12647,260.22,0
17955,3559,4264.37,0
17956,29590,4421.69,0
17957,27887,2880.63,0
17958,10341,2169.23,1
17959,25986,1665.25,1
17960,19959,3475.17,1
17961,11878,348.64,1
17962,30068,887.09,0
17963,21082,4721.28,0
17964,14910,2633.83,0
17965,3497,2223.16,0
17966,335,1823.44,0
17967,5878,1493.36,0
17968,19504,2559.07,1
17969,29765,2494.72,1
17970,29291,2944.29,0
17971,19339,4356.58,0
17972,14273,2210.76,1
17973,3419,2390.95,1
17974,24987,4819.09,0
17975,17771,1657.7,1
17976,13287,3095.95,0
17977,7302,1588.71,0
17978,18787,3617.69,1
17979,21378,4020.13,0
17980,11379,4689.72,0
17981,30340,981.37,0
17982,3044,3097.96,0
17983,10528,3280.55,0
17984,14830,4793.62,0
17985,25692,383.43,0
17986,24573,3168.19,1
17987,15682,3191.97,0
17988,10789,2564.62,1
17989,14375,466.78,1
17990,267,4623.73,1
17991,20828,1343.88,1
17992,25812,1642.27,0
17993,14592,4124.2,0
17994,10029,4003.05,1
17995,32890,511.91,0
17996,15839,4722.47,1
17997,28290,2943.52,1
17998,18375,1113.57,1
17999,5631,763.97,1
18000,20244,2475.59,0
18001,14457,1449.56,0
18002,9945,701.49,1
18003,31581,2507.88,0
18004,6775,2662.4,1
18005,8359,2444.28,0
18006,22431,1541.99,0
18007,13663,4792.49,0
18008,34288,2453.74,1
18009,12866,3407.58,1
18010,1596,1149.9,0
18011,33647,2218.71,1
18012,34218,2518.03,1
18013,1914,1610.87,0
18014,25979,3270.96,0
18015,1810,1336.42,1
18016,20649,985.1,0
18017,24555,4457.97,1
18018,34131,4987.86,1
18019,1384,4533.48,0
18020,2826,3763.7,1
18021,18212,1266.66,1
18022,23614,580.75,1
18023,3123,4305.38,1
18024,5338,173.04,0
18025,13461,2301.23,1
18026,3491,301.74,0
18027,33134,131.91,1
18028,24354,2838.55,0
18029,28995,1838.37,0
18030,20712,3662.81,0
18031,16488,3998.41,0
18032,15248,4681.16,1
18033,2196,3201.68,1
18034,26313,4050.98,1
18035,17952,804.68,1
18036,10295,2213.03,0
18037,16537,1917.16,0
18038,17551,3356.44,0
18039,29100,1877.52,0
18040,25871,1863.59,1
18041,47,770.07,0
18042,19745,4321.86,1
18043,19205,4443.1,0
18044,21814,3212.96,1
18045,21631,4770.55,0
18046,18637,777.91,1
18047,24131,2194.95,1
18048,20680,3106.17,1
18049,10057,3327.74,0
18050,12082,684.53,0
18051,8735,944.32,0
18052,5869,1375.71,1
18053,25145,690.68,0
18054,12574,2540.76,1
18055,15319,721.69,1
18056,11693,2267.34,0
18057,14190,3035.02,1
18058,1156,2030.66,1
18059,83,282.35,0
18060,1566,3836.54,1
18061,9085,3801.02,0
18062,23203,4380.26,1
18063,7231,2584.71,1
18064,1371,451.14,1
18065,17207,4443.16,1
18066,33995,3500.78,1
18067,5749,3454.31,1
18068,18397,422.9,1
18069,18499,848.27,0
18070,12229,3457.79,0
18071,8749,4864.51,0
18072,29493,1138.2,1
18073,10974,903.19,1
18074,20694,1162.1,1
18075,10619,1920.81,1
18076,20595,3299.31,1
18077,14176,1656.43,0
18078,28238,4231.52,1
18079,31499,2487.61,0
18080,8921,2310.24,0
18081,25644,392.02,1
18082,6887,4577.7,1
18083,22869,4405.47,0
18084,1006,1637.73,0
18085,7316,4417.15,1
18086,30781,4765.07,0
18087,16225,4292.8,1
18088,22690,881.86,1
18089,16499,4134.44,1
18090,30540,907.76,1
18091,28596,4539.58,1
18092,16327,4132.28,1
18093,20782,4410.54,0
18094,31766,3501.37,0
18095,402,3165.43,1
18096,23856,244.35,0
18097,21446,1601.62,1
18098,31661,4510.69,1
18099,22926,2944.75,0
18100,26973,4620.28,0
18101,3093,707.03,0
18102,8650,243.91,0
18103,5332,4901.32,1
18104,21144,4134.76,0
18105,22479,3528.93,0
18106,22009,3765.47,1
18107,11034,753.71,1
18108,24979,858.92,1
18109,24730,4206.75,1
18110,24360,858.6,0
18111,21900,1520.33,0
18112,15368,856.41,1
18113,8058,935.68,1
18114,16974,1502.84,0
18115,23991,2828.87,1
18116,15012,3476.97,1
18117,1862,2427.35,1
18118,21339,564.48,0
18119,6862,724.23,1
18120,9286,210.0,0
18121,30645,2626.4,0
18122,15212,2323.16,1
18123,30761,2354.54,0
18124,18224,803.07,1
18125,16931,2646.05,1
18126,27443,4915.96,1
18127,17465,3940.24,0
18128,26017,2827.58,1
18129,27571,401.75,0
18130,617,4579.01,0
18131,29970,2772.01,1
18132,9089,4647.47,1
18133,30774,3218.24,0
18134,14941,3991.14,1
18135,16694,1755.79,1
18136,20578,4199.39,1
18137,15146,2847.64,0
18138,9237,1993.97,0
18139,29690,1714.79,1
18140,14865,1895.92,1
18141,28169,2922.01,0
18142,7305,534.75,1
18143,28947,3697.1,1
18144,24013,3112.98,1
18145,28134,758.95,0
18146,20363,1668.74,1
18147,27321,3216.77,1
18148,15015,2462.22,1
18149,19881,1510.22,0
18150,27031,4550.07,1
18151,25362,1945.99,0
18152,5965,256.73,0
18153,4645,230.93,1
18154,30755,3880.59,1
18155,22725,1465.56,1
18156,19408,195.18,1
18157,20242,1919.56,1
18158,12295,3409.86,1
18159,18156,4585.74,1
18160,31454,3440.79,0
18161,25140,2297.87,1
18162,6425,2985.08,1
18163,2776,2954.09,0
18164,28749,765.4,0
18165,24916,523.52,1
18166,22862,470.03,0
18167,3946,1136.31,0
18168,17357,3710.84,0
18169,34479,813.86,0
18170,33064,2939.98,0
18171,13840,341.61,1
18172,34921,3347.33,1
18173,28480,4199.19,0
18174,1309,3272.12,1
18175,4794,3126.62,0
18176,151,3069.99,0
18177,22273,2505.8,0
18178,29899,3410.39,0
18179,1451,206.13,0
18180,7510,4635.07,1
18181,1023,668.52,0
18182,17354,1302.59,0
18183,108,1634.5,0
18184,30660,1305.0,0
18185,704,4810.4,1
18186,32073,1160.01,0
18187,2531,4660.89,0
18188,33711,4042.04,1
18189,9072,4897.86,1
18190,26100,2565.7,0
18191,33184,1799.8,0
18192,15525,3948.35,0
18193,22952,2474.8,0
18194,13959,610.27,1
18195,21733,613.81,1
18196,23347,4044.97,0
18197,16297,2587.99,0
18198,10123,2764.7,0
18199,32436,4673.77,0
18200,10433,4621.15,1
18201,21071,4300.33,1
18202,20033,3318.09,1
18203,19131,2139.39,1
18204,7089,3364.8,1
18205,5392,741.07,1
18206,3323,1940.26,0
18207,18472,2793.28,0
18208,3062,2452.28,0
18209,27504,1717.16,0
18210,18067,4170.84,0
18211,28758,1132.16,0
18212,18888,1354.34,1
18213,24401,4717.42,1
18214,15685,315.05,0
18215,16489,1365.47,1
18216,27352,1843.69,0
18217,29128,1605.25,0
18218,14939,4929.69,1
18219,4369,1761.11,1
18220,12543,856.7,1
18221,15190,3971.75,0
18222,26816,4422.98,0
18223,20662,599.77,0
18224,27360,3527.16,1
18225,22696,3419.46,0
18226,1028,2814.27,0
18227,9014,1683.72,1
18228,264,133.07,0
18229,32119,1741.93,0
18230,3491,3093.85,1
18231,31454,3380.76,1
18232,30756,668.2,1
18233,19043,1580.94,1
18234,24669,2380.91,1
18235,9645,3229.44,0
18236,27271,3861.94,1
18237,10002,1858.87,0
18238,10227,4083.99,0
18239,27037,1600.63,1
18240,15700,3939.66,1
18241,7670,2132.69,0
18242,33135,1896.58,1
18243,21847,1518.45,1
18244,32370,4915.93,1
18245,23245,1804.7,0
18246,26039,4518.34,0
18247,1839,792.98,1
18248,4174,1885.46,1
18249,4190,2160.35,1
18250,4880,4906.46,1
18251,26338,2009.62,0
18252,21021,4191.03,0
18253,28128,869.35,0
18254,9336,1849.75,1
18255,20377,2676.69,1
18256,22208,1901.33,1
18257,9494,4962.68,1
18258,12205,3771.49,1
18259,21134,2447.03,0
18260,3090,2280.87,0
18261,17296,4862.92,0
18262,33435,4362.72,1
18263,12081,151.14,0
18264,15074,2984.72,1
18265,25813,2038.12,0
18266,25779,3950.2,1
18267,14963,2179.05,0
18268,15007,2348.27,0
18269,396,1032.57,0
18270,27978,1473.97,1
18271,18582,4886.95,0
18272,24101,258.08,1
18273,21971,3418.54,0
18274,23456,1078.57,1
18275,23934,774.82,0
18276,27567,4947.09,0
18277,8928,3804.64,0
18278,7787,1685.56,0
18279,16506,2846.1,1
18280,4503,4250.96,1
18281,28607,790.07,1
18282,10285,924.86,0
18283,33840,1081.59,0
18284,25948,4314.2,0
18285,6284,2086.12,0
18286,34582,1211.07,0
18287,33799,2477.72,0
18288,26245,4013.86,1
18289,3258,4333.77,0
18290,32394,2417.26,0
18291,2693,2739.76,0
18292,27360,3509.21,1
18293,25677,1989.96,1
18294,11313,1618.58,0
18295,29013,746.3,1
18296,28611,2178.86,0
18297,3046,332.81,1
18298,19942,4906.0,1
18299,12941,1906.4,0
18300,21119,3924.5,0
18301,28018,917.69,1
18302,26836,2890.73,1
18303,4035,3874.15,1
18304,34353,3390.87,0
18305,17314,4264.36,0
18306,31700,3632.98,1
18307,30910,2620.67,1
18308,9469,402.71,1
18309,2917,1334.12,0
18310,17422,3497.81,1
18311,21615,1162.81,1
18312,22179,440.52,1
18313,2185,4465.16,0
18314,18400,4272.15,0
18315,14273,414.24,0
18316,29039,460.05,1
18317,25408,1920.47,1
18318,8535,3269.74,1
18319,314,596.67,1
18320,6774,1153.65,0
18321,23379,4187.18,1
18322,32018,4425.58,0
18323,29599,1280.94,1
18324,7165,4975.4,0
18325,2493,3944.69,1
18326,15154,1742.19,0
18327,17255,4573.34,0
18328,4922,4397.43,0
18329,4849,3164.53,0
18330,23170,2202.55,0
18331,13603,596.42,1
18332,1786,1934.14,1
18333,13264,1701.43,1
18334,15665,2604.32,0
18335,4869,2359.2,1
18336,22031,283.48,0
18337,30317,3573.14,0
18338,19020,2223.64,1
18339,15346,4900.09,1
18340,34354,1604.73,1
18341,13791,4332.95,1
18342,663,2164.4,1
18343,3478,2939.3,0
18344,2010,4420.99,1
18345,17392,4541.11,0
18346,1981,3692.15,0
18347,8364,952.32,1
18348,5774,4443.38,0
18349,11145,3780.65,0
18350,3711,2322.88,0
18351,25312,4081.75,1
18352,10480,983.78,0
18353,4703,860.36,0
18354,14688,4921.5,0
18355,18417,4555.21,0
18356,25948,2369.49,1
18357,22265,615.99,0
18358,29298,3961.6,1
18359,10488,1911.14,0
18360,30700,3433.41,1
18361,2830,2836.17,1
18362,15608,4858.7,0
18363,33512,1355.78,0
18364,23747,1314.93,0
18365,34344,3707.64,1
18366,13107,3615.7,1
18367,15952,3068.72,0
18368,5226,620.71,1
18369,13384,3316.86,1
18370,14495,1030.65,0
18371,29009,1641.28,0
18372,24237,2865.91,1
18373,34461,3811.9,1
18374,22859,2579.32,1
18375,3288,2378.46,1
18376,27553,1481.6,1
18377,27750,4263.39,0
18378,11818,3179.61,1
18379,28294,661.17,1
18380,16588,891.72,1
18381,11341,3462.8,0
18382,13688,1639.05,1
18383,8832,4317.27,1
18384,10913,927.12,0
18385,24280,169.38,1
18386,21536,846.33,1
18387,7648,4600.1,0
18388,17345,1026.39,0
18389,11795,2784.3,1
18390,27724,1400.11,0
18391,14016,4780.59,0
18392,775,1832.21,0
18393,33689,4340.48,0
18394,2623,4371.09,0
18395,15387,1063.78,1
18396,24064,3201.22,1
18397,22721,3552.73,0
18398,28677,4323.45,1
18399,23614,2932.54,1
18400,27475,3302.81,1
18401,23011,4495.05,1
18402,32822,2658.52,1
18403,15944,335.63,1
18404,10785,4451.73,1
18405,6049,341.2,1
18406,7300,3257.92,0
18407,4201,4053.45,0
18408,26636,452.31,0
18409,33936,2059.34,1
18410,29040,2875.32,1
18411,20058,1490.56,0
18412,23720,470.0,1
18413,33036,159.59,1
18414,13836,4145.6,1
18415,903,2229.35,0
18416,6099,749.3,0
18417,9208,4101.74,0
18418,6059,4659.55,1
18419,13317,1584.87,0
18420,31080,3435.17,0
18421,22671,2265.08,0
18422,16127,4313.05,1
18423,6499,3262.6,0
18424,18316,4178.58,1
18425,8919,2502.2,0
18426,12638,1092.99,0
18427,10388,526.55,1
18428,1406,3164.63,0
18429,10452,1298.38,0
18430,32303,2343.18,1
18431,1317,3086.9,0
18432,12964,2672.47,0
18433,33043,3940.77,0
18434,9956,2876.27,0
18435,19951,4326.48,0
18436,5371,527.49,1
18437,32385,1069.0,1
18438,24195,1415.74,0
18439,30752,3888.04,1
18440,27132,3263.58,0
18441,20268,1719.42,0
18442,32025,1232.63,0
18443,12788,1281.31,1
18444,5848,1224.53,1
18445,30592,3251.78,0
18446,11495,634.6,0
18447,27329,1169.8,1
18448,2313,908.78,0
18449,31436,3559.43,1
18450,29325,1860.39,0
18451,28221,393.15,1
18452,34718,452.61,0
18453,13697,1608.17,1
18454,7499,1555.09,1
18455,16031,881.88,1
18456,25937,1671.03,1
18457,8619,4886.46,1
18458,19109,1030.29,1
18459,18589,1123.13,1
18460,28150,3101.73,1
18461,28332,2642.75,0
18462,19291,2536.71,1
18463,22949,3928.56,1
18464,29747,2254.49,0
18465,20834,1686.19,0
18466,24274,3967.39,0
18467,6777,3890.33,1
18468,30695,235.19,0
18469,8704,3679.81,0
18470,28053,3971.38,1
18471,29154,777.37,1
18472,4937,4018.56,0
18473,5590,3895.8,1
18474,12365,2990.64,0
18475,19443,3670.49,0
18476,29400,2190.36,1
18477,27926,4662.95,0
18478,406,3700.24,0
18479,1545,3832.3,1
18480,7639,2371.38,1
18481,30430,4220.73,1
18482,13198,1033.33,1
18483,33525,1018.3,1
18484,10388,1944.33,1
18485,20168,2730.77,0
18486,16194,2477.3,1
18487,23400,1775.72,1
18488,15516,1783.71,1
18489,30219,4019.55,1
18490,18646,2716.76,0
18491,24750,117.22,0
18492,20376,2464.92,0
18493,21771,2631.33,1
18494,23422,1776.23,1
18495,19633,354.96,1
18496,26186,4530.55,0
18497,13530,637.88,0
18498,10907,2454.17,1
18499,6157,264.77,0
18500,20039,3942.38,0
18501,31410,3409.25,0
18502,43,801.99,1
18503,32174,2010.45,0
18504,10702,3375.89,1
18505,25159,1632.91,1
18506,27886,3517.75,0
18507,31433,3267.57,0
18508,17600,2198.94,0
18509,9361,842.43,1
18510,27322,4381.38,0
18511,29458,2295.2,1
18512,11971,1743.81,0
18513,6703,4272.77,0
18514,30010,4216.74,1
18515,9801,1585.56,1
18516,14409,3193.81,1
18517,20048,1848.37,0
18518,23460,1565.08,1
18519,22762,2721.45,1
18520,31269,3929.4,1
18521,28413,1234.84,0
18522,34962,1791.74,0
18523,19441,4495.43,0
18524,23541,898.88,1
18525,17052,2363.07,0
18526,6640,4618.4,0
18527,10894,4783.31,0
18528,24939,4000.69,1
18529,26771,4374.65,1
18530,3364,4315.21,1
18531,21172,2766.77,1
18532,16844,4124.74,0
18533,5518,4462.1,0
18534,29524,2563.25,1
18535,8954,2413.5,0
18536,32010,1523.68,1
18537,15049,1315.49,1
18538,24801,4370.49,1
18539,26271,551.92,0
18540,3197,4625.25,0
18541,21044,3841.69,1
18542,4578,1419.51,0
18543,28835,907.64,0
18544,32596,2150.3,1
18545,21602,2230.4,1
18546,9489,1623.37,0
18547,6376,389.15,0
18548,13451,3257.02,1
18549,31256,2553.33,0
18550,24613,2809.36,0
18551,24545,3410.36,1
18552,30353,4738.89,1
18553,6681,3902.5,0
18554,13465,2817.3,1
18555,12986,4941.59,1
18556,16175,3266.84,1
18557,6727,2991.69,0
18558,31739,4534.64,0
18559,22712,1485.57,1
18560,30453,3846.1,1
18561,21810,3295.04,1
18562,31513,2076.8,1
18563,2671,687.91,0
18564,31100,3910.82,0
18565,11228,4745.68,0
18566,7959,1186.81,1
18567,28820,1090.74,0
18568,19755,801.29,1
18569,9567,2753.35,1
18570,7843,1898.97,0
18571,32741,3504.64,1
18572,7105,1542.33,0
18573,18647,4243.79,0
18574,27779,1485.7,0
18575,28269,3130.22,0
18576,28256,4063.65,0
18577,22880,3070.96,1
18578,22765,2950.21,1
18579,8615,2088.56,0
18580,2325,4107.3,1
18581,14407,4459.46,0
18582,128,2096.14,0
18583,30345,965.71,0
18584,6777,4056.78,0
18585,7947,1261.37,1
18586,4992,4665.57,0
18587,4824,3918.0,0
18588,14018,971.18,0
18589,14591,675.5,0
18590,11954,906.89,1
18591,20587,2586.28,0
18592,30636,1661.32,0
18593,3426,4049.41,1
18594,27147,1281.22,1
18595,9161,3231.87,1
18596,15689,2690.92,1
18597,28707,4284.23,0
18598,8486,3431.7,1
18599,5695,2492.54,0
18600,2334,4804.47,1
18601,34475,2789.39,1
18602,31014,158.13,0
18603,610,3576.81,0
18604,17849,1474.45,0
18605,1765,4023.79,1
18606,18593,4498.94,1
18607,28989,2416.39,0
18608,1105,2349.87,1
18609,30895,4868.93,0
18610,16041,4779.3,0
18611,22410,2420.02,1
18612,2754,1403.87,1
18613,23680,3317.54,1
18614,31768,4229.6,0
18615,21052,2112.11,1
18616,21705,1587.01,1
18617,30306,298.04,1
18618,28013,4507.58,1
18619,25795,4697.57,1
18620,9198,1595.49,0
18621,6295,2997.53,1
18622,9018,2788.24,0
18623,24595,2922.75,1
18624,28549,1105.85,0
18625,32234,2505.15,0
18626,17792,690.69,0
18627,14601,1398.7,0
18628,5808,1115.05,0
18629,22454,3442.32,0
18630,25937,3047.08,1
18631,31405,1248.15,1
18632,9784,2110.44,1
18633,1060,2345.4,1
18634,3160,4678.45,1
18635,18658,4831.85,0
18636,22455,1871.65,1
18637,1827,656.29,0
18638,10872,2411.56,1
18639,26506,4903.68,0
18640,4544,322.37,0
18641,12782,620.68,1
18642,24003,769.44,1
18643,3674,4583.74,0
18644,26542,3052.44,0
18645,13225,2423.04,0
18646,33913,2563.02,1
18647,1942,4453.01,1
18648,10481,378.77,1
18649,16857,350.69,0
18650,32944,1809.33,1
18651,27525,2469.64,0
18652,32718,1351.04,1
18653,8532,817.54,0
18654,2183,1302.64,0
18655,3543,2403.11,1
18656,18738,843.44,1
18657,19328,3014.23,1
18658,3548,2865.82,0
18659,1209,1946.06,0
18660,11948,574.66,1
18661,5850,3696.8,0
18662,7979,3029.42,0
18663,29387,1840.38,1
18664,20533,3822.41,0
18665,33767,3725.91,0
18666,3252,1938.78,1
18667,10396,434.58,1
18668,26730,2800.35,0
18669,11121,276.21,1
18670,31189,101.44,0
18671,9643,2215.38,1
18672,33035,3091.2,0
18673,16351,2649.63,1
18674,13457,588.19,0
18675,12517,1574.16,1
18676,3674,4449.26,1
18677,13814,2131.76,1
18678,21597,1998.78,1
18679,31749,3884.64,1
18680,31744,4847.36,1
18681,26391,2820.1,0
18682,11233,2009.94,0
18683,30029,2568.28,0
18684,26849,454.96,1
18685,9306,4686.6,0
18686,8117,4036.06,1
18687,3388,3934.47,0
18688,566,2754.58,1
18689,15307,3666.19,0
18690,15282,794.34,0
18691,20725,4365.25,1
18692,7448,3213.59,1
18693,20217,4685.83,0
18694,23598,3723.29,1
18695,3218,4573.23,1
18696,23783,1819.92,0
18697,30420,1898.08,0
18698,2710,3222.71,1
18699,18752,2310.54,1
18700,8961,2826.48,0
18701,564,3320.15,1
18702,10981,4274.68,1
18703,21011,2832.67,0
18704,29224,3053.37,0
18705,16758,4000.74,1
18706,25095,3804.68,0
18707,28510,1114.59,0
18708,27825,3260.03,0
18709,19048,2559.55,0
18710,26393,2419.91,0
18711,23520,594.62,1
18712,16404,867.82,0
18713,22651,2497.83,0
18714,14018,3886.66,0
18715,20250,3701.21,0
18716,16024,4985.47,0
18717,16595,4082.77,0
18718,32177,1682.87,0
18719,6863,209.1,1
18720,548,275.02,0
18721,16229,4848.35,1
18722,19750,4022.67,0
18723,18680,3819.11,0
18724,5415,2850.44,0
18725,9172,4970.68,0
18726,8750,4762.72,0
18727,23971,480.94,1
18728,4148,1440.66,0
18729,27992,4299.34,0
18730,33065,2820.74,1
18731,16384,4033.34,1
18732,19001,1946.75,1
18733,8093,1785.2,1
18734,29668,1906.99,1
18735,20607,1155.19,0
18736,13747,3616.6,1
18737,23523,4038.95,1
18738,12431,1864.49,1
18739,31425,237.82,1
18740,33232,3396.73,1
18741,3124,2416.4,0
18742,29960,4617.37,0
18743,8089,2335.8,1
18744,20079,2166.88,1
18745,26276,3379.71,0
18746,7583,1246.53,0
18747,566,3778.85,1
18748,21667,4513.29,1
18749,17332,3719.6,1
18750,5251,3431.86,1
18751,30764,4447.54,0
18752,3459,1427.55,1
18753,30266,1310.94,0
18754,11750,4727.98,0
18755,21659,372.07,0
18756,13091,914.22,0
18757,23480,545.18,0
18758,29218,1788.73,0
18759,9729,186.64,1
18760,20750,1026.38,0
18761,9638,786.89,1
18762,21042,1621.08,0
18763,25075,2801.81,0
18764,10203,2700.33,0
18765,11210,3014.09,1
18766,34027,3194.41,1
18767,8604,4420.42,0
18768,5446,3994.52,0
18769,14269,4548.51,1
18770,17834,1187.28,1
18771,18625,3831.94,1
18772,29748,609.94,1
18773,12903,3797.91,1
18774,32450,2576.08,0
18775,21019,3024.71,1
18776,7798,3610.19,0
18777,33707,2989.59,1
18778,9666,1302.93,0
18779,28086,272.79,1
18780,21689,4073.02,1
18781,30950,4186.36,1
18782,1729,1184.4,1
18783,33522,3436.93,1
18784,12455,1978.77,0
18785,22595,1516.28,1
18786,3266,600.71,1
18787,22226,3767.58,0
18788,13611,2178.82,0
18789,32446,1760.77,0
18790,30843,3376.13,1
18791,18890,2689.79,1
18792,667,4633.75,1
18793,27787,3938.42,0
18794,11643,4431.46,1
18795,9838,1215.97,1
18796,1850,3249.69,1
18797,5919,1376.94,0
18798,4210,787.6,1
18799,18887,1503.87,0
18800,10749,865.46,1
18801,21862,1252.97,0
18802,23099,4307.69,0
18803,5871,2703.48,0
18804,13424,677.97,0
18805,14986,217.15,0
18806,33345,367.87,0
18807,30970,2809.88,0
18808,26820,3083.77,1
18809,19255,1312.71,1
18810,6597,1924.12,0
18811,3775,3479.2,0
18812,21750,3541.34,1
18813,4432,3236.6,0
18814,7562,4354.19,1
18815,7530,364.04,1
18816,20184,2457.77,1
18817,18729,2632.8,0
18818,14657,1933.98,1
18819,9880,3739.55,1
18820,29653,4454.77,1
18821,6813,2142.58,1
18822,25085,179.78,0
18823,8104,504.56,0
18824,19277,4549.6,1
18825,20248,2849.28,0
18826,10944,3798.5,0
18827,29520,4895.9,0
18828,20650,212.78,0
18829,28114,2827.87,0
18830,4148,582.93,1
18831,30679,2072.97,1
18832,33668,4064.03,1
18833,2633,3658.1,1
18834,12443,1248.07,1
18835,7074,4455.57,1
18836,11668,2581.15,1
18837,5823,142.23,1
18838,29998,3638.08,1
18839,28283,240.57,1
18840,3839,3890.78,0
18841,26726,3366.07,1
18842,111,3480.95,1
18843,16873,2728.18,1
18844,26516,3362.36,0
18845,26118,4381.05,0
18846,22615,745.71,1
18847,25967,2533.19,1
18848,12482,4133.68,0
18849,21759,293.14,0
18850,26661,674.38,0
18851,14240,1390.25,0
18852,18972,3366.35,1
18853,13450,4918.23,1
18854,30140,1211.83,1
18855,7636,1406.62,1
18856,27825,4355.74,0
18857,19370,2153.82,0
18858,18361,4682.64,1
18859,19988,555.81,0
18860,11395,1912.57,1
18861,25769,4013.66,0
18862,19253,621.74,1
18863,11847,3146.93,1
18864,25039,1414.96,1
18865,31593,3448.07,0
18866,7367,1440.46,0
18867,4651,3423.99,1
18868,5598,2062.72,0
18869,20948,808.54,1
18870,13598,4307.36,1
18871,33808,602.13,1
18872,9517,621.81,0
18873,20801,3373.72,0
18874,12825,1784.65,0
18875,189,2985.72,0
18876,8318,3749.39,1
18877,24705,1359.9,1
18878,11297,2700.25,0
18879,24869,4198.14,1
18880,33403,257.43,1
18881,19445,3026.7,0
18882,13617,1297.44,1
18883,12169,2674.63,0
18884,3674,2542.42,0
18885,4209,3184.66,0
18886,26129,1748.02,0
18887,10996,384.82,0
18888,28024,4404.72,0
18889,18483,3181.4,0
18890,22093,2521.01,0
18891,6774,736.77,1
18892,17401,2183.34,1
18893,8955,2782.52,0
18894,16824,237.27,1
18895,24090,3144.86,1
18896,33543,1128.66,0
18897,9478,4853.01,1
18898,24297,2767.17,1
18899,19919,4789.92,0
18900,28266,4023.98,0
18901,17594,3725.29,0
18902,9977,2903.92,1
18903,26731,4363.92,1
18904,33282,1276.64,1
18905,21762,2094.57,0
18906,25617,4068.24,1
18907,9140,2450.04,0
18908,9414,3347.42,0
18909,34752,3786.18,1
18910,19720,2969.76,1
18911,1602,803.51,1
18912,12120,3340.26,0
18913,3149,4388.35,0
18914,15877,1510.75,0
18915,21894,614.41,0
18916,7369,1578.76,1
18917,20207,3138.28,0
18918,10796,4043.22,1
18919,3625,3450.59,0
18920,9604,3613.33,1
18921,2377,3669.45,1
18922,9887,4503.41,1
18923,12944,1337.95,1
18924,29401,1589.37,1
18925,23505,575.74,0
18926,15867,3386.09,0
18927,13085,863.06,0
18928,7162,1691.34,0
18929,13269,892.19,1
18930,23637,4849.61,0
18931,8540,3522.7,1
18932,15921,1878.17,0
18933,31851,422.0,1
18934,32392,579.14,0
18935,19171,4070.18,0
18936,13822,840.48,0
18937,2092,3524.45,0
18938,32516,4811.46,1
18939,20666,649.86,0
18940,2073,408.44,1
18941,33464,2202.26,0
18942,60,4366.92,1
18943,22946,4420.81,0
18944,28660,1336.78,0
18945,24050,1105.89,1
18946,1406,1409.27,1
18947,20530,521.11,1
18948,27382,4992.78,1
18949,5292,1419.36,1
18950,10931,4306.98,0
18951,25960,294.27,1
18952,9090,2006.19,1
18953,8046,3868.82,0
18954,9822,4189.41,1
18955,30586,2552.75,1
18956,18535,3616.25,0
18957,5108,1348.43,0
18958,21192,2260.43,0
18959,11962,3812.33,1
18960,6682,2890.17,1
18961,12448,314.91,1
18962,21329,2262.03,1
18963,28259,1234.51,1
18964,29384,3100.91,0
18965,19229,4165.88,0
18966,1918,2372.05,0
18967,18650,3482.19,0
18968,25223,1241.04,0
18969,16625,3142.64,1
18970,16143,2110.84,0
18971,28599,1892.24,1
18972,5708,2362.03,0
18973,679,3413.43,1
18974,7789,1880.49,0
18975,31917,917.86,0
18976,5445,4617.91,0
18977,10891,177.87,0
18978,28460,3819.84,1
18979,25812,3557.69,1
18980,20470,3837.0,1
18981,6286,4970.51,1
18982,23855,2069.12,0
18983,3802,3418.43,0
18984,32929,3383.87,1
18985,20364,3134.59,1
18986,4646,1300.74,1
18987,696,118.21,0
18988,16995,3770.95,0
18989,29693,3592.01,0
18990,31525,2685.77,1
18991,20275,2879.73,1
18992,28363,4223.77,0
18993,14953,4838.95,0
18994,22370,2656.7,0
18995,24787,343.64,1
18996,5277,3375.72,1
18997,31342,2119.42,0
18998,33237,4336.78,0
18999,6647,1179.17,1
19000,33349,2439.97,1
19001,16104,4630.51,1
19002,19124,4313.56,0
19003,9095,3115.28,1
19004,9104,2055.11,0
19005,34507,2401.18,1
19006,14621,4788.75,0
19007,18130,4034.27,1
19008,17943,4195.84,1
19009,22783,2446.08,0
19010,32746,1092.6,0
19011,9819,4734.39,1
19012,16773,661.89,1
19013,17161,1873.92,1
19014,1408,694.32,1
19015,19996,2793.88,0
19016,23766,2002.65,0
19017,15475,3082.19,0
19018,16120,178.31,1
19019,10120,4004.95,0
19020,27257,122.63,0
19021,24462,4065.75,1
19022,15051,3350.2,0
19023,11190,1218.17,1
19024,7115,3052.11,1
19025,4022,1525.22,0
19026,27136,2762.78,1
19027,1993,4402.71,0
19028,12634,2866.86,0
19029,28963,3492.08,0
19030,15906,3448.04,1
19031,9386,1180.92,0
19032,17300,1316.72,0
19033,31382,1990.93,1
19034,29122,2311.26,0
19035,13135,4237.65,0
19036,22002,4155.54,0
19037,30508,525.43,0
19038,71,3621.73,1
19039,5656,4133.78,0
19040,3681,4771.74,0
19041,8180,3411.31,0
19042,8085,1463.43,1
19043,7424,1983.62,1
19044,34231,438.3,1
19045,22622,575.46,1
19046,24217,4845.63,0
19047,4488,1675.32,0
19048,19593,1032.08,1
19049,14432,1239.1,0
19050,24112,3360.38,1
19051,497,1859.47,1
19052,29783,1817.07,1
19053,5266,584.79,0
19054,27208,4772.39,0
19055,3146,2926.62,0
19056,34487,3805.17,1
19057,12517,2648.13,1
19058,7681,267.49,0
19059,30509,1763.56,1
19060,34646,1040.57,0
19061,23888,1217.24,1
19062,26414,421.1,0
19063,4954,3711.01,1
19064,28443,2391.14,0
19065,18296,576.19,1
19066,34132,881.29,1
19067,1811,2053.7,0
19068,8491,625.49,0
19069,11686,592.37,0
19070,34596,718.47,0
19071,27217,3609.88,0
19072,7957,2689.96,1
19073,3520,2837.19,1
19074,23691,1361.23,1
19075,4900,1142.3,1
19076,3944,2036.36,0
19077,5399,1399.11,1
19078,17893,2509.36,1
19079,20980,3777.18,0
19080,2547,2459.14,1
19081,26975,1974.8,1
19082,34915,4905.33,0
19083,21304,112.64,0
19084,10617,1132.86,0
19085,12622,1083.81,0
19086,4679,2783.12,0
19087,1979,2369.48,0
19088,31918,509.92,0
19089,24954,4226.9,0
19090,22586,2611.8,1
19091,27432,2500.87,1
19092,6010,1124.8,0
19093,24609,4657.16,0
19094,30795,3902.94,0
19095,28887,2427.84,0
19096,7375,3804.65,1
19097,2427,1576.12,0
19098,28272,3393.3,0
19099,29057,4345.85,1
19100,32582,1681.94,1
19101,15155,4636.28,1
19102,3654,3149.44,0
19103,24244,4778.32,1
19104,6794,1844.9,1
19105,45,2251.63,0
19106,14628,2230.68,0
19107,25450,4728.81,0
19108,11745,3663.03,1
19109,3695,1847.98,1
19110,10567,3194.17,1
19111,8442,1378.48,1
19112,14368,4908.06,0
19113,22136,3908.55,1
19114,4826,4434.71,0
19115,10201,681.9,0
19116,32078,1621.93,0
19117,13594,685.88,1
19118,30242,699.53,1
19119,14705,1550.14,1
19120,34797,1576.86,1
19121,18085,1058.59,1
19122,20276,317.71,0
19123,4710,2444.88,0
19124,656,4349.36,1
19125,7626,935.84,0
19126,32230,2037.53,1
19127,26874,3606.0,1
19128,8651,608.33,0
19129,14627,3746.05,1
19130,13400,271.7,0
19131,31994,1861.35,1
19132,15396,1280.41,0
19133,12198,3944.01,1
19134,11113,3051.72,1
19135,21719,2455.36,1
19136,14152,3720.09,1
19137,18701,1319.62,1
19138,22274,1648.52,0
19139,19114,2622.22,0
19140,33796,2410.6,1
19141,20756,1165.38,0
19142,19509,3452.05,1
19143,9108,2857.47,1
19144,7246,3248.41,0
19145,2093,4173.78,0
19146,7055,1116.87,0
19147,9582,1507.93,0
19148,2635,3995.75,0
19149,3390,3361.95,0
19150,33497,3375.96,0
19151,11135,2695.24,1
19152,17317,2050.65,0
19153,18702,2336.77,1
19154,20497,3033.94,0
19155,20625,2764.88,0
19156,24158,2314.26,1
19157,8905,959.22,1
19158,1554,4638.54,0
19159,14065,967.28,1
19160,11444,3885.93,1
19161,34765,3935.4,1
19162,7556,2847.53,0
19163,16724,2160.16,1
19164,32134,4019.03,1
19165,27444,628.44,0
19166,13169,4782.21,0
19167,12909,2151.64,1
19168,19484,4461.28,1
19169,17250,2770.63,0
19170,13368,2939.38,1
19171,12854,3490.6,1
19172,4232,234.89,1
19173,21602,3936.8,1
19174,29736,4819.73,0
19175,5363,2588.03,1
19176,5156,2567.53,0
19177,25059,3454.9,1
19178,22347,1264.75,1
19179,745,2268.32,0
19180,10331,3089.92,1
19181,2714,3629.62,1
19182,11869,3582.09,1
19183,8892,3875.35,1
19184,31730,4542.13,1
19185,34883,4141.57,0
19186,13463,4190.41,0
19187,28419,2781.51,0
19188,8294,4748.73,0
19189,32044,2691.79,0
19190,22778,3343.41,0
19191,11127,898.67,0
19192,4880,4655.46,1
19193,33465,189.92,0
19194,19280,4968.47,0
19195,18405,1983.22,1
19196,6978,3083.18,1
19197,30492,165.85,0
19198,23379,2533.88,0
19199,33899,4556.36,1
19200,2024,3431.76,0
19201,34774,812.16,1
19202,13056,298.65,1
19203,19830,1313.53,0
19204,33940,4279.22,0
19205,20906,1021.16,1
19206,23289,4586.69,1
19207,16788,2466.42,0
19208,44,1463.32,1
19209,9458,3831.88,1
19210,22563,2480.47,0
19211,30416,4088.25,0
19212,31855,554.44,1
19213,9547,1904.77,0
19214,28625,2179.51,1
19215,2566,4907.37,0
19216,1656,2652.3,0
19217,27781,3100.21,1
19218,15271,2296.77,1
19219,24716,3679.74,0
19220,33046,1605.43,1
19221,10500,1200.04,0
19222,23206,4408.95,0
19223,5651,3099.15,0
19224,20793,2580.03,0
19225,2688,2721.83,0
19226,33636,1170.42,0
19227,22990,3875.08,0
19228,2394,600.02,1
19229,32526,3574.65,1
19230,26470,967.38,0
19231,22412,322.87,1
19232,32233,4582.3,0
19233,24816,229.63,0
19234,11066,425.41,1
19235,22084,4456.15,1
19236,10559,3048.43,0
19237,9098,1193.42,0
19238,18235,2410.83,1
19239,29051,1357.09,0
19240,21642,3614.2,0
19241,30988,2403.28,1
19242,5152,2143.72,0
19243,27973,116.77,0
19244,28724,4416.11,1
19245,28913,2811.72,1
19246,5337,2699.58,0
19247,19723,1747.92,1
19248,8129,1760.29,0
19249,16277,1289.88,1
19250,28142,1207.81,1
19251,6403,1738.3,0
19252,33679,2611.11,0
19253,18584,2212.1,0
19254,25631,619.78,0
19255,30350,3860.64,0
19256,5154,1276.56,1
19257,34672,3702.67,1
19258,23928,3315.55,0
19259,9434,3911.79,0
19260,22654,1575.42,0
19261,14595,779.24,0
19262,33279,369.41,1
19263,6057,3567.17,1
19264,8955,926.36,1
19265,1863,3372.58,1
19266,14264,3208.01,1
19267,15074,4102.2,0
19268,22903,3409.34,1
19269,9357,1776.49,1
19270,5775,3627.63,0
19271,21017,4979.72,1
19272,11616,2638.86,0
19273,34812,4129.47,1
19274,28003,175.9,0
19275,11790,2028.28,0
19276,11121,4549.26,0
19277,26300,4325.53,0
19278,15202,3010.6,1
19279,17479,2278.99,0
19280,2712,2774.48,0
19281,29817,976.39,1
19282,19493,3790.74,1
19283,34245,2548.41,0
19284,28766,4553.02,0
19285,13241,669.66,0
19286,32961,1809.55,0
19287,2923,4626.14,0
19288,31076,3845.6,0
19289,13392,1346.28,1
19290,3712,3706.26,0
19291,24623,265.77,0
19292,20770,1357.71,0
19293,1755,1554.55,1
19294,11627,683.59,0
19295,9153,1072.4,1
19296,1777,3418.03,0
19297,28504,1850.8,0
19298,29074,736.05,1
19299,14446,3499.18,1
19300,33136,4353.46,1
19301,23762,4193.29,0
19302,31915,4806.16,1
19303,711,589.11,0
19304,20342,1974.96,0
19305,26008,3723.76,1
19306,24989,2847.44,0
19307,5191,4832.01,0
19308,33410,1534.6,1
19309,32260,1768.94,1
19310,30546,2742.72,0
19311,16268,223.49,0
19312,21792,1275.85,0
19313,24233,1936.58,1
19314,32281,3927.62,1
19315,7155,2080.39,1
19316,11698,266.54,0
19317,30416,1286.17,0
19318,13133,4042.75,0
19319,5867,2002.89,1
19320,30352,1243.36,0
19321,10838,1965.88,1
19322,24428,4316.82,1
19323,21964,833.23,0
19324,10961,3199.96,0
19325,389,3708.9,0
19326,22079,2178.1,0
19327,873,456.68,1
19328,33861,4393.21,0
19329,19523,1353.83,1
19330,18629,4837.19,0
19331,25735,1202.89,1
19332,14439,2109.67,1
19333,14697,3098.71,1
19334,28992,3884.36,0
19335,10571,4618.9,0
19336,24447,2046.94,0
19337,8836,4438.29,0
19338,9607,969.44,1
19339,13075,3783.87,1
19340,20872,3547.4,1
19341,7457,4059.78,1
19342,32303,4296.64,1
19343,28454,2040.32,0
19344,26423,3071.9,0
19345,18665,3814.05,1
19346,21259,4107.02,0
19347,1462,1883.52,1
19348,17365,2855.29,0
19349,11339,2991.44,1
19350,12352,1911.4,1
19351,26948,4707.67,0
19352,10049,1079.94,1
19353,32318,3575.7,0
19354,18780,3338.87,1
19355,19472,4042.24,0
19356,6267,4833.44,0
19357,24172,4490.44,0
19358,31464,4270.01,1
19359,6378,3728.78,0
19360,24214,1325.87,0
19361,5855,4509.98,0
19362,2751,2531.04,1
19363,32405,2555.11,0
19364,27621,1697.84,1
19365,25120,1757.64,1
19366,6482,2777.87,0
19367,16119,4113.63,0
19368,7369,3734.59,1
19369,32769,3455.84,0
19370,13849,4735.66,1
19371,22404,1102.78,0
19372,24265,4778.27,1
19373,1968,2404.48,0
19374,18810,121.71,1
19375,26473,252.58,0
19376,2268,338.21,0
19377,8617,3011.08,1
19378,28995,2248.09,1
19379,33798,3723.31,1
19380,18622,3974.2,1
19381,11591,2930.22,1
19382,23984,3899.63,0
19383,23249,3212.28,1
19384,17978,3526.21,0
19385,31913,3856.41,1
19386,23967,2864.85,1
19387,3183,3595.76,0
19388,787,761.93,1
19389,26454,4196.29,1
19390,2524,4887.2,0
19391,26326,2427.85,0
19392,10446,4405.97,1
19393,28634,1618.3,0
19394,5475,1440.36,0
19395,24051,819.28,1
19396,14280,2529.09,1
19397,20669,4712.37,1
19398,33400,251.92,1
19399,3569,2049.33,0
19400,31237,2822.2,1
19401,31261,4958.31,1
19402,13830,4615.94,0
19403,16950,1551.26,1
19404,10455,1581.83,0
19405,28063,3848.67,0
19406,33895,2991.47,0
19407,28502,3831.54,0
19408,1777,4638.94,1
19409,11813,611.74,0
19410,32004,350.75,1
19411,18177,3596.89,0
19412,2356,1461.79,1
19413,11223,4342.01,1
19414,23957,851.56,0
19415,25026,1047.95,0
19416,9358,722.27,1
19417,22251,4697.5,1
19418,3513,2239.96,1
19419,6346,4957.58,1
19420,19070,1031.94,1
19421,14491,2509.56,0
19422,26260,3731.0,1
19423,14315,2616.26,0
19424,17508,3856.95,0
19425,12740,2417.08,1
19426,21981,2721.33,0
19427,13079,912.64,1
19428,32757,4601.56,0
19429,19490,890.67,0
19430,2879,3784.03,0
19431,12585,3965.54,0
19432,6826,3561.34,1
19433,23811,1666.43,1
19434,12306,2602.85,1
19435,32562,3413.05,1
19436,8624,832.71,1
19437,17174,1028.42,1
19438,19040,3654.06,1
19439,1543,4975.97,0
19440,26258,764.1,1
19441,15196,706.51,0
19442,33814,1240.35,0
19443,17643,3473.67,0
19444,29221,3580.61,0
19445,26998,3771.75,0
19446,26862,2013.28,1
19447,3915,1334.66,0
19448,29935,2059.62,1
19449,16576,4672.74,0
19450,12001,4666.07,1
19451,2991,3005.81,0
19452,13454,4897.02,1
19453,10865,4666.9,1
19454,7143,1339.73,0
19455,26168,143.74,0
19456,21382,2536.41,1
19457,17878,2908.24,0
19458,22355,955.78,0
19459,24371,415.06,1
19460,16723,2461.13,0
19461,7414,1478.97,1
19462,9011,700.74,0
19463,19227,2490.29,1
19464,2897,3410.9,0
19465,5042,4962.32,1
19466,32876,1235.29,1
19467,24927,642.09,1
19468,11267,4357.69,1
19469,31534,3353.73,0
19470,588,670.55,0
19471,5687,4622.81,1
19472,26104,3345.32,1
19473,33224,4425.68,1
19474,23603,3164.47,1
19475,25268,3417.87,1
19476,12666,3412.7,0
19477,6503,2684.19,0
19478,31168,4140.87,0
19479,9912,3846.65,0
19480,18473,4807.94,1
19481,2899,3371.85,1
19482,10435,3492.28,0
19483,16169,1827.08,1
19484,34995,2190.87,1
19485,4932,188.34,1
19486,12020,3921.62,1
19487,34447,1325.35,0
19488,2365,4429.11,1
19489,2945,3040.02,1
19490,22108,4966.95,1
19491,17875,1535.17,0
19492,9347,1656.66,0
19493,28375,1428.9,1
19494,17489,2153.01,1
19495,16771,1509.34,0
19496,34678,4271.98,0
19497,19152,3017.1,1
19498,29519,1463.89,1
19499,29380,2899.05,1
19500,7584,1625.56,1
19501,3458,675.32,1
19502,8650,3438.37,0
19503,26252,4966.3,0
19504,13449,2059.31,0
19505,4892,3585.12,0
19506,30437,1601.27,0
19507,4438,368.25,1
19508,31922,3170.76,1
19509,13496,1904.34,1
19510,32571,2787.98,1
19511,27532,3714.76,0
19512,25268,2410.42,1
19513,2660,3245.16,1
19514,26930,1593.58,1
19515,22521,2853.23,0
19516,14898,1673.54,0
19517,23790,4014.99,1
19518,1986,3209.68,1
19519,32614,2948.09,1
19520,4280,4784.39,1
19521,5053,139.13,1
19522,24231,3608.82,0
19523,25218,3752.3,0
19524,3534,750.01,0
19525,13081,3490.22,1
19526,1628,4223.63,1
19527,1751,3655.55,0
19528,29935,1836.32,0
19529,1909,1731.46,0
19530,27632,1619.14,1
19531,1429,1380.21,0
19532,28990,2601.17,0
19533,29659,3086.12,1
19534,25620,1777.82,0
19535,16836,2561.67,1
19536,28577,2627.1,1
19537,14977,473.63,1
19538,32912,3915.72,1
19539,14108,2124.31,0
19540,30706,291.12,1
19541,7192,4335.47,0
19542,11167,4077.75,0
19543,16855,1470.88,1
19544,14102,2297.69,0
19545,27274,3059.62,1
19546,33890,2347.41,0
19547,5364,875.15,0
19548,32845,1191.88,1
19549,30414,3348.31,0
19550,9143,3499.3,1
19551,17498,3952.78,0
19552,18436,4259.83,1
19553,23045,1533.31,1
19554,22832,3812.43,0
19555,575,3210.47,0
19556,14518,4267.35,1
19557,4916,2450.26,0
19558,28595,3128.59,0
19559,4873,4788.61,0
19560,25795,1606.22,1
19561,4264,2169.09,0
19562,26018,4597.65,0
19563,30720,3198.23,0
19564,27358,3742.25,0
19565,34060,3404.46,0
19566,34387,1871.94,1
19567,21899,3024.45,0
19568,20238,2268.51,0
19569,28621,4555.08,1
19570,19611,2628.5,0
19571,13532,2629.97,1
19572,13337,2410.93,0
19573,8359,4788.98,1
19574,11554,3131.59,0
19575,23551,1849.6,0
19576,3048,2886.67,0
19577,26189,2447.51,0
19578,21902,3983.31,1
19579,15625,4744.16,1
19580,33301,1044.0,0
19581,18047,4202.56,0
19582,31571,4027.64,0
19583,3325,966.02,1
19584,1568,4925.6,0
19585,10162,2531.94,1
19586,4683,118.79,1
19587,20797,2560.18,1
19588,21154,1317.28,1
19589,31422,4243.2,1
19590,8776,2717.54,0
19591,17996,4412.3,1
19592,22230,2423.29,0
19593,20648,4107.75,1
19594,14703,2320.19,0
19595,31990,302.81,0
19596,13317,1953.75,1
19597,33204,776.35,1
19598,19953,4148.18,0
19599,13295,4738.78,1
19600,24959,850.25,0
19601,12502,4025.6,0
19602,27222,191.99,0
19603,20692,1221.53,1
19604,26632,3455.28,0
19605,3138,2527.59,1
19606,9810,2764.23,1
19607,29701,2339.88,1
19608,34885,2182.02,1
19609,29185,4668.09,1
19610,20059,3318.24,1
19611,18470,4283.13,1
19612,6730,2690.02,1
19613,21819,1854.79,1
19614,3070,4688.03,1
19615,26863,4454.11,1
19616,18318,3374.16,1
19617,11958,3512.78,1
19618,14023,4185.22,1
19619,13955,1577.76,1
19620,28730,3732.1,0
19621,16743,2634.2,0
19622,8879,4160.93,0
19623,6737,1129.21,0
19624,4431,662.22,0
19625,9981,4279.1,1
19626,26268,1784.99,0
19627,13889,4753.46,1
19628,19307,4839.2,0
19629,20899,2108.58,1
19630,15985,246.08,1
19631,7087,848.29,1
19632,15067,3668.76,1
19633,15919,354.87,1
19634,19752,2515.47,0
19635,4916,3402.3,1
19636,12096,4230.6,1
19637,9101,156.07,1
19638,21909,2680.58,1
19639,1099,3786.79,0
19640,12535,3715.04,1
19641,30908,4307.51,0
19642,2346,3423.27,1
19643,3657,4388.49,0
19644,10900,3761.58,1
19645,19212,4894.31,1
19646,30572,552.58,1
19647,1278,2165.24,1
19648,29913,4595.71,1
19649,32683,1682.13,0
19650,22650,3736.7,0
19651,27752,4298.28,0
19652,24773,4466.86,1
19653,28603,3102.84,1
19654,34391,3662.71,0
19655,27470,2198.28,1
19656,2228,4853.3,1
19657,5968,1927.55,0
19658,14713,4502.76,0
19659,3529,2399.6,1
19660,8526,335.63,0
19661,18973,1837.31,1
19662,29041,756.05,0
19663,5468,4740.89,0
19664,16384,769.73,1
19665,2609,4866.94,1
19666,8437,4639.8,1
19667,26777,899.27,1
19668,8100,4878.95,0
19669,23654,1529.35,1
19670,14677,3637.92,0
19671,8720,2687.26,0
19672,31391,2669.4,0
19673,28189,846.95,0
19674,26059,4757.03,0
19675,12220,2492.13,0
19676,28706,2576.06,0
19677,17686,131.22,0
19678,27639,1873.7,1
19679,5397,3581.55,1
19680,33557,103.58,0
19681,14742,3765.31,1
19682,11189,1925.3,0
19683,4981,3287.92,1
19684,28598,970.17,1
19685,15593,2537.78,0
19686,29243,590.15,1
19687,16934,3006.94,1
19688,27050,2506.97,0
19689,19707,4094.38,0
19690,1738,3220.07,1
19691,12883,4146.55,1
19692,9329,933.21,1
19693,16078,3661.25,1
19694,10112,3694.4,0
19695,24034,4549.55,1
19696,21563,2417.84,1
19697,17521,1205.98,0
19698,30375,4512.94,1
19699,15862,1910.83,1
19700,33685,3006.84,1
19701,21453,430.89,1
19702,34557,3013.37,0
19703,7675,633.56,0
19704,6125,2203.35,1
19705,20962,2533.06,0
19706,29474,4401.46,0
19707,10632,403.48,0
19708,3482,3727.51,1
19709,21817,4810.66,0
19710,33804,1270.2,1
19711,5810,1983.58,0
19712,32571,4864.62,1
19713,16173,609.15,0
19714,27189,2004.25,0
19715,11735,3564.16,0
19716,2844,2930.39,1
19717,34338,4815.4,0
19718,1854,2008.98,0
19719,17180,3416.36,1
19720,4138,2957.41,0
19721,29442,256.9,1
19722,28788,3115.17,1
19723,7295,1254.56,0
19724,12964,2260.6,0
19725,15523,832.51,1
19726,32971,2460.34,1
19727,24049,2530.0,1
19728,22936,3246.46,1
19729,10195,2368.45,1
19730,29230,1889.71,1
19731,33653,3965.46,0
19732,5615,4774.53,1
19733,28297,4905.85,0
19734,28629,2794.24,0
19735,26643,2540.76,0
19736,10274,1733.88,1
19737,421,2275.72,0
19738,33593,3973.08,0
19739,24106,4372.89,1
19740,7463,2917.56,0
19741,8450,549.0,1
19742,19971,804.32,0
19743,24157,2543.94,0
19744,7860,618.2,1
19745,15835,4668.39,0
19746,7037,1784.71,1
19747,26828,2118.02,0
19748,13450,4995.63,1
19749,29805,4877.24,1
19750,3907,169.31,1
19751,16049,4058.37,0
19752,7285,1881.96,0
19753,31127,3556.55,0
19754,29147,4118.93,0
19755,17925,1284.7,0
19756,29361,3158.11,0
19757,10094,4559.74,0
19758,22223,2276.06,0
19759,28956,3310.04,1
19760,34000,3147.93,1
19761,18002,4881.72,0
19762,21108,3687.06,1
19763,5561,1748.33,0
19764,19210,1439.39,0
19765,6292,642.35,0
19766,8104,626.61,0
19767,28605,1840.03,0
19768,32167,1510.15,0
19769,25605,4031.92,1
19770,21200,4504.22,0
19771,25687,3889.46,0
19772,5400,1750.88,1
19773,3253,4089.71,0
19774,4198,2482.19,0
19775,27365,3753.45,0
19776,27849,494.6,0
19777,16927,3566.67,1
19778,19394,487.5,0
19779,3768,3918.41,1
19780,15528,2793.79,1
19781,18595,1972.0,1
19782,12223,2343.07,0
19783,18430,4768.44,1
19784,33201,1417.57,0
19785,23663,753.87,0
19786,13604,3408.19,0
19787,6207,459.71,0
19788,6404,1786.13,1
19789,9289,1289.68,1
19790,16107,816.46,0
19791,7967,1450.5,1
19792,3813,2585.73,0
19793,28169,1201.82,0
19794,1653,360.11,1
19795,20200,2019.19,0
19796,31621,2023.52,0
19797,31636,4295.89,0
19798,18629,4032.37,1
19799,17663,4961.59,0
19800,22929,4845.03,0
19801,3471,2569.64,0
19802,19538,1599.14,1
19803,11861,3641.9,0
19804,31040,3736.69,1
19805,23705,2462.79,0
19806,26115,782.41,0
19807,20964,4149.28,1
19808,3574,788.81,1
19809,14331,2569.48,1
19810,2435,3466.21,0
19811,1298,3158.32,0
19812,1118,3332.74,0
19813,24465,791.78,0
19814,31332,2495.26,0
19815,25045,1593.15,1
19816,25386,2279.74,1
19817,3480,3925.96,1
19818,33590,1420.09,1
19819,11936,4320.91,1
19820,17111,1127.21,1
19821,10261,827.92,0
19822,13498,2095.47,0
19823,14812,1717.65,0
19824,19871,4130.18,0
19825,33234,2842.39,0
19826,29885,4949.29,0
19827,14467,3927.23,0
19828,2642,3601.9,0
19829,20134,250.06,1
19830,22625,4017.08,0
19831,10881,1213.61,0
19832,22815,2149.86,1
19833,34146,2782.89,1
19834,7375,1546.43,0
19835,22459,1363.24,0
19836,28035,1939.87,0
19837,10,2378.09,0
19838,13661,1496.18,0
19839,4724,3086.23,1
19840,2257,2860.38,1
19841,6057,3262.32,0
19842,5390,1679.63,1
19843,25289,2326.53,0
19844,22285,4703.31,0
19845,18331,4055.97,1
19846,22772,2376.24,1
19847,9422,3529.78,0
19848,313,2003.05,0
19849,462,3751.45,0
19850,4300,751.4,1
19851,23149,2048.0,0
19852,20526,1806.62,0
19853,8832,3083.3,1
19854,936,3456.8,1
19855,14784,4238.29,1
19856,11548,2871.75,0
19857,16084,3004.8,1
19858,13576,343.29,1
19859,14275,2676.83,1
19860,6569,4541.78,1
19861,28052,1301.8,0
19862,13050,3696.49,1
19863,15405,2706.07,1
19864,23315,429.72,0
19865,5222,3125.88,0
19866,277,3142.07,1
19867,4331,3573.37,1
19868,15643,4978.25,0
19869,1099,2890.22,1
19870,6829,3931.76,1
19871,22046,3146.27,0
19872,27483,216.65,0
19873,30584,973.72,0
19874,16522,4623.15,1
19875,9132,1512.09,1
19876,20037,2143.52,0
19877,1546,1133.73,0
19878,31863,3982.07,0
19879,16638,3121.86,0
19880,25413,4901.36,0
19881,30878,943.43,1
19882,25288,1912.67,0
19883,29143,725.25,0
19884,881,1781.28,1
19885,34731,2424.52,0
19886,25029,536.34,0
19887,27994,2748.03,1
19888,17638,4233.02,1
19889,21920,4101.82,0
19890,28041,3464.9,0
19891,22127,3282.85,0
19892,6027,2953.63,0
19893,22052,1481.99,1
19894,12265,495.08,0
19895,30292,325.75,0
19896,25747,1360.63,0
19897,19307,3027.97,1
19898,126,4028.93,1
19899,31051,3923.73,0
19900,4440,3161.68,1
19901,4501,986.71,1
19902,275,2464.62,0
19903,17422,1642.99,0
19904,31699,205.0,0
19905,32109,154.59,0
19906,15632,263.0,0
19907,12404,721.46,0
19908,17770,690.82,1
19909,5496,725.32,0
19910,34338,943.21,0
19911,14920,2957.74,0
19912,13468,4999.83,0
19913,22239,4577.68,1
19914,1565,204.62,0
19915,3909,4451.2,0
19916,4202,124.97,1
19917,16763,2077.34,0
19918,15760,2295.48,0
19919,6267,2218.63,0
19920,25334,4254.49,1
19921,11072,2921.19,0
19922,34968,1362.12,0
19923,11751,883.78,1
19924,33548,817.51,1
19925,15970,4991.63,0
19926,16249,387.01,0
19927,2824,3508.15,1
19928,14649,541.69,0
19929,34470,4870.46,0
19930,23918,505.34,0
19931,23828,4053.63,0
19932,7283,3736.59,1
19933,30563,1602.94,0
19934,20118,1217.19,0
19935,17391,376.98,0
19936,27351,1336.28,1
19937,17598,3658.06,0
19938,20284,3440.33,1
19939,27103,3086.53,0
19940,17988,920.7,0
19941,3756,3552.03,0
19942,31767,1596.69,0
19943,34599,1125.16,0
19944,34652,3624.22,0
19945,10330,287.6,0
19946,6091,2856.22,0
19947,17227,1434.3,0
19948,33753,1244.73,1
19949,20829,4828.26,0
19950,17720,3080.74,0
19951,30946,4511.43,0
19952,27285,929.83,1
19953,17579,1859.48,1
19954,34590,1564.9,1
19955,409,1716.47,1
19956,18626,3223.39,0
19957,16042,2399.94,0
19958,27199,1223.24,1
19959,29131,2597.9,1
19960,20916,2380.09,1
19961,15467,3982.94,1
19962,2563,2028.22,1
19963,29897,599.69,1
19964,7578,2865.99,1
19965,20925,1651.17,0
19966,23780,1919.25,0
19967,11564,4974.72,1
19968,25845,1367.21,1
19969,33938,4617.02,0
19970,27765,2699.94,0
19971,19568,1836.74,0
19972,24507,4178.31,0
19973,25599,443.73,1
19974,9251,3980.21,1
19975,29575,1851.2,0
19976,24074,3024.09,1
19977,7474,2793.32,0
19978,30905,3346.91,1
19979,31114,4038.79,1
19980,9112,1491.94,1
19981,431,3320.72,0
19982,22769,4561.84,1
19983,11011,3863.26,0
19984,4759,4325.5,1
19985,20015,419.36,1
19986,25020,3075.01,0
19987,29165,1096.12,0
19988,526,3921.89,1
19989,12007,2262.59,1
19990,15924,1772.14,0
19991,8515,1257.69,0
19992,23864,4048.65,0
19993,16190,2539.63,1
19994,17565,3645.29,1
19995,21268,1019.43,1
19996,33971,2183.86,1
19997,5635,173.83,1
19998,33444,3667.44,0
19999,22255,4338.75,1
20000,33048,3508.93,0
20001,7464,3185.76,0
20002,9606,344.27,1
20003,6350,218.81,1
20004,6281,1182.47,0
20005,23739,804.77,0
20006,10439,3507.42,0
20007,7570,2900.76,1
20008,28486,4551.76,0
20009,7259,1179.06,0
20010,7090,4933.67,1
20011,27797,3092.36,1
20012,27137,4308.09,1
20013,13474,424.61,0
20014,30998,4058.4,0
20015,24755,2741.64,1
20016,12964,2153.65,1
20017,27271,433.4,0
20018,11961,4323.46,0
20019,19951,972.38,0
20020,27592,3125.11,0
20021,7334,1718.06,1
20022,17868,3504.55,0
20023,26884,3624.86,0
20024,30375,3098.56,1
20025,28034,3320.66,1
20026,29823,1782.69,1
20027,7538,2845.71,1
20028,21018,851.46,0
20029,8657,3663.82,1
20030,10670,1757.59,1
20031,11327,1393.83,0
20032,19084,474.31,1
20033,25713,4756.8,0
20034,7015,2694.76,0
20035,26046,2999.53,0
20036,18404,825.17,0
20037,17654,4553.43,0
20038,24765,2048.11,0
20039,20431,2378.45,0
20040,10120,3703.84,0
20041,14918,4898.99,0
20042,22955,239.28,1
20043,27328,4812.38,1
20044,3314,4545.99,1
20045,18727,336.37,1
20046,26572,3763.06,1
20047,21134,1568.22,1
20048,23451,4520.54,0
20049,4608,1251.52,0
20050,27748,3753.98,0
20051,7682,1837.83,1
20052,23122,1575.89,1
20053,22444,3473.91,0
20054,32765,344.31,0
20055,1282,2223.89,0
20056,33996,253.51,1
20057,19896,1997.19,0
20058,24143,1064.9,1
20059,16264,176.25,0
20060,34424,2055.79,1
20061,22399,2657.1,1
20062,9928,3348.35,1
20063,8299,3543.45,1
20064,14841,4787.94,1
20065,26578,619.3,0
20066,8325,767.66,1
20067,20725,4706.77,0
20068,6772,2202.66,1
20069,10969,3195.61,1
20070,4663,1612.57,1
20071,1366,4178.03,0
20072,14168,1349.71,1
20073,11199,2541.52,0
20074,26680,1244.6,1
20075,16084,1082.22,1
20076,28605,1131.84,1
20077,2015,4322.36,0
20078,26525,4372.0,0
20079,9833,1765.48,0
20080,10067,2606.01,1
20081,15973,100.99,0
20082,26095,3058.45,1
20083,27177,4976.53,1
20084,17017,3921.97,1
20085,10630,1411.27,1
20086,29969,1530.8,0
20087,554,4787.71,0
20088,19854,1720.92,1
20089,27265,4882.29,1
20090,16347,2334.61,0
20091,11979,1159.14,0
20092,18213,3930.74,1
20093,11921,463.5,1
20094,17750,4500.22,0
20095,26407,3173.52,0
20096,17605,2080.8,0
20097,13346,4761.99,0
20098,29994,3285.09,0
20099,31299,2856.13,0
20100,28142,1801.78,0
20101,8592,4905.03,1
20102,3727,1738.14,0
20103,18609,1373.13,1
20104,32889,1413.08,1
20105,17883,4962.15,0
20106,19186,1168.5,0
20107,65,4444.5,1
20108,25402,2658.73,0
20109,11709,3859.2,1
20110,11606,2468.07,0
20111,5628,293.69,0
20112,29883,2154.22,1
20113,10061,3653.51,0
20114,3024,3862.3,1
20115,7815,603.77,1
20116,12551,1657.46,1
20117,9195,2460.36,1
20118,20712,3147.86,1
20119,5786,3098.03,1
20120,25137,3324.06,0
20121,13759,3094.86,1
20122,20015,1748.28,0
20123,14335,3119.58,0
20124,19645,3900.35,0
20125,23626,458.98,1
20126,31930,2737.79,0
20127,24372,2891.34,1
20128,8753,4556.05,1
20129,2701,1839.88,1
20130,21799,1073.71,1
20131,21535,1373.86,0
20132,547,1665.96,1
20133,33011,2205.49,1
20134,9964,317.28,1
20135,34379,2927.5,0
20136,13374,2556.98,0
20137,3471,3019.25,0
20138,18611,4655.16,0
20139,15462,1167.42,1
20140,19206,3624.69,0
20141,34392,1202.94,0
20142,17900,3382.78,1
20143,18181,551.91,1
20144,2525,1101.05,1
20145,613,828.0,1
20146,7486,3839.35,1
20147,31540,1096.33,1
20148,12817,1393.52,1
20149,19345,4292.57,0
20150,1119,3551.74,1
20151,24184,4995.43,0
20152,16226,902.4,0
20153,25060,2467.6,0
20154,13520,3119.0,1
20155,4215,3034.43,1
20156,30025,3339.03,0
20157,16609,1959.25,0
20158,23941,2896.33,1
20159,14402,1015.5,0
20160,23594,260.44,1
20161,30559,3331.25,0
20162,14565,4682.07,1
20163,25125,940.47,0
20164,22279,4911.51,1
20165,20409,1656.45,1
20166,34909,4349.4,0
20167,14508,4742.49,1
20168,12952,2771.26,0
20169,27744,219.41,0
20170,23438,272.53,0
20171,33745,1384.48,0
20172,1852,3270.48,1
20173,3760,2710.55,0
20174,27133,1743.26,0
20175,25195,1177.8,0
20176,12067,4965.72,1
20177,21882,1549.35,0
20178,3137,813.61,0
20179,11835,3030.49,1
20180,16560,2596.52,0
20181,24711,2519.48,1
20182,5334,2287.77,1
20183,28114,3398.47,0
20184,3428,2327.59,0
20185,25978,2251.62,1
20186,34565,4810.98,0
20187,1742,4668.96,1
20188,16002,875.33,1
20189,1418,2450.27,1
20190,17909,4920.4,1
20191,19869,2589.63,0
20192,33617,1856.58,0
20193,4495,4051.11,1
20194,29608,491.93,1
20195,10923,1846.5,0
20196,12795,2594.75,0
20197,18794,1477.74,0
20198,20889,2109.05,1
20199,646,1375.15,0
20200,18808,681.13,0
20201,23591,832.87,1
20202,21246,2628.8,0
20203,31925,4906.44,0
20204,34862,1565.68,0
20205,33815,4754.92,0
20206,19344,1324.86,0
20207,927,2328.7,0
20208,13319,1497.13,1
20209,26646,3136.11,1
20210,15451,2320.17,1
20211,25487,2567.07,0
20212,12125,443.0,1
20213,34299,4506.37,1
20214,5291,4444.73,0
20215,25313,829.27,1
20216,34970,2333.5,1
20217,17852,3541.38,1
20218,17377,109.81,0
20219,5410,1530.3,0
20220,16945,3516.23,0
20221,28212,780.15,0
20222,12116,3305.16,1
20223,224,4521.06,0
20224,13454,2051.62,0
20225,26167,4282.65,0
20226,409,1550.75,1
20227,19074,421.67,1
20228,28765,1043.63,1
20229,20926,3197.54,1
20230,22494,305.19,0
20231,30408,4108.16,1
20232,6743,2838.89,0
20233,2589,2414.35,0
20234,31671,2809.29,1
20235,12493,4718.3,1
20236,3848,1918.61,0
20237,34210,4768.77,1
20238,14457,827.25,0
20239,30634,4824.8,0
20240,30598,2610.16,1
20241,29939,4656.01,1
20242,7287,3718.56,1
20243,33494,4808.68,1
20244,9707,736.45,0
20245,9424,1752.76,1
20246,20208,1991.42,1
20247,13118,3342.26,0
20248,5764,3393.77,0
20249,21028,1394.1,1
20250,6756,1788.84,0
20251,10081,3837.48,0
20252,17102,1034.19,0
20253,815,1040.8,1
20254,21973,1472.41,0
20255,26370,1415.23,1
20256,9238,4961.04,0
20257,20787,2866.37,0
20258,21542,2719.54,0
20259,22858,4466.62,1
20260,5334,222.79,1
20261,8688,1590.94,0
20262,29781,4074.6,1
20263,10454,2751.49,0
20264,94,551.48,1
20265,10648,4603.37,1
20266,8070,866.77,1
20267,26917,2873.99,1
20268,13353,1149.22,0
20269,20969,509.84,1
20270,29249,991.61,1
20271,3091,4315.42,1
20272,19933,1327.98,1
20273,20029,3748.62,0
20274,29715,3671.87,0
20275,30361,400.91,1
20276,7053,4263.52,1
20277,23363,2121.46,0
20278,26574,4030.48,0
20279,3326,3870.05,0
20280,21660,2523.13,1
20281,1573,1899.06,0
20282,7903,1581.91,1
20283,12568,3677.69,0
20284,13803,2426.66,1
20285,24255,1882.49,0
20286,29248,2966.43,0
20287,29103,2685.23,1
20288,6808,3972.62,1
20289,2249,3300.18,1
20290,26720,954.69,1
20291,6927,2234.62,1
20292,28674,3910.81,0
20293,2292,3423.34,1
20294,21704,749.07,0
20295,28358,114.94,0
20296,14375,3303.89,1
20297,18351,172.77,0
20298,30554,812.43,0
20299,31976,2472.43,1
20300,3921,3178.37,1
20301,18479,1681.33,1
20302,4288,1527.76,1
20303,19411,3951.01,0
20304,15621,3922.19,1
20305,30341,3890.92,1
20306,28743,3661.31,1
20307,4407,3457.59,1
20308,12059,1804.63,0
20309,26490,2856.35,0
20310,11905,2049.93,0
20311,33924,2811.43,1
20312,12672,3755.16,1
20313,30114,3895.43,0
20314,18475,3823.56,0
20315,7182,4218.94,1
20316,27886,2616.31,0
20317,1411,4127.69,1
20318,31733,3620.28,0
20319,3951,816.16,0
20320,8095,2912.32,1
20321,26063,2039.68,1
20322,12925,3876.74,1
20323,4357,3131.67,0
20324,14857,2346.52,1
20325,14744,4526.84,0
20326,25866,1448.01,0
20327,1746,782.71,1
20328,12346,4001.98,1
20329,21742,4593.0,0
20330,13454,3363.02,1
20331,13823,2133.0,1
20332,22684,1158.46,0
20333,26144,1606.96,1
20334,15641,2329.92,0
20335,6148,4017.0,1
20336,22418,2932.95,0
20337,372,1450.71,0
20338,25927,255.92,0
20339,485,1133.83,0
20340,24960,3295.2,0
20341,22918,3794.09,1
20342,10601,2973.19,1
20343,26094,3879.44,0
20344,17888,741.6,0
20345,18088,229.77,0
20346,29997,3483.79,0
20347,34510,2667.2,1
20348,24932,3715.58,0
20349,10541,4604.87,1
20350,1929,393.63,1
20351,27831,539.33,0
20352,18664,845.77,1
20353,22209,1037.34,1
20354,28931,2051.96,1
20355,10410,542.68,1
20356,16702,2853.24,0
20357,19016,4095.14,1
20358,26407,2690.62,1
20359,16042,2341.82,1
20360,25068,3652.08,0
20361,31599,2066.72,1
20362,107,3504.59,0
20363,19498,4124.26,0
20364,12102,1104.28,1
20365,21244,3807.31,1
20366,20284,2245.32,0
20367,23595,4385.5,0
20368,10131,359.04,1
20369,10661,1614.77,1
20370,24759,2771.47,1
20371,10792,3494.68,1
20372,15215,1809.43,0
20373,27326,2032.18,1
20374,32012,3748.21,0
20375,22833,254.26,1
20376,23103,2050.3,0
20377,29997,701.1,1
20378,9208,1442.27,0
20379,9811,3853.52,1
20380,15473,788.71,0
20381,29619,1731.46,0
20382,15594,1435.69,1
20383,26859,4126.8,0
20384,17404,2876.99,1
20385,25787,2676.84,1
20386,21174,4485.67,1
20387,33373,156.7,0
20388,22001,3509.91,0
20389,34504,3578.42,0
20390,12680,1987.38,1
20391,25725,3134.51,1
20392,4475,2614.07,1
20393,6943,2282.67,0
20394,7338,3767.73,0
20395,23020,2830.79,1
20396,5218,3185.64,1
20397,31091,1108.26,1
20398,22687,1817.16,1
20399,1579,1844.07,1
20400,26251,4915.77,1
20401,24048,3503.79,0
20402,17127,3086.74,0
20403,2674,623.95,1
20404,30848,3607.09,1
20405,10979,2843.09,0
20406,28031,3862.62,0
20407,6235,2540.1,0
20408,24754,3685.33,0
20409,23739,3205.37,1
20410,2658,844.8,0
20411,23991,1663.15,0
20412,1114,3371.29,1
20413,13930,3963.58,1
20414,4639,3693.22,1
20415,24660,1747.6,0
20416,33845,295.03,1
20417,31606,4865.14,1
20418,17449,2588.67,0
20419,22015,4296.33,1
20420,7738,725.92,1
20421,18476,4340.83,0
20422,13077,498.85,1
20423,13160,988.89,0
20424,17281,1210.21,0
20425,17940,1677.35,0
20426,27941,2640.96,0
20427,24715,3390.74,1
20428,8599,4242.36,0
20429,17569,3910.02,0
20430,7456,3804.65,0
20431,28526,4637.5,0
20432,27700,3433.43,0
20433,28656,4472.98,0
20434,31045,1899.39,0
20435,16960,4876.13,0
20436,22989,3662.85,0
20437,20979,2992.97,1
20438,5502,2544.22,1
20439,11146,3293.27,1
20440,16820,995.41,1
20441,32550,3849.06,0
20442,68,730.85,1
20443,16170,3504.64,1
20444,10665,4292.52,0
20445,12575,2661.36,0
20446,9797,2755.08,0
20447,23946,1956.41,1
20448,21871,2207.24,1
20449,30262,3680.98,0
20450,19944,617.23,0
20451,9500,985.24,1
20452,8915,4658.3,1
20453,18438,4444.89,0
20454,12902,3321.45,1
20455,902,1652.07,0
20456,30506,1135.34,0
20457,18266,4959.14,1
20458,34700,967.74,1
20459,23399,3357.31,1
20460,12021,1754.29,1
20461,22361,3961.85,0
20462,15191,3961.35,1
20463,24863,3658.71,0
20464,13716,2833.31,0
20465,10556,4347.26,1
20466,11174,300.85,0
20467,21951,3600.1,0
20468,29571,1020.06,0
20469,6583,541.05,0
20470,3776,2112.45,1
20471,23016,1829.94,0
20472,12143,858.91,1
20473,25631,1791.47,1
20474,14546,2325.62,1
20475,11491,3929.87,0
20476,12374,2419.33,0
20477,29024,256.64,1
20478,8746,2579.07,1
20479,22922,1855.27,0
20480,4126,1402.1,0
20481,34211,1885.82,0
20482,20134,3637.31,0
20483,5581,2052.13,0
20484,13612,1126.1,0
20485,22634,3908.37,0
20486,25524,3812.05,0
20487,20304,1024.35,0
20488,1149,1171.21,1
20489,32814,4410.91,0
20490,6452,110.1,1
20491,15839,428.88,0
20492,31311,109.43,1
20493,10402,4218.88,1
20494,2454,3949.04,1
20495,22875,3010.23,0
20496,9929,1005.23,1
20497,26420,4829.1,0
20498,27875,2373.98,1
20499,10285,2580.32,1
20500,2899,4434.94,0
20501,5688,2027.15,1
20502,27513,3186.47,0
20503,2461,3780.56,1
20504,22286,1151.54,0
20505,8593,3970.2,0
20506,12269,4696.57,0
20507,4989,2959.62,0
20508,22046,607.3,1
20509,30109,4363.85,1
20510,18007,4962.56,0
20511,15424,4641.64,1
20512,30380,3305.94,0
20513,22201,3699.52,1
20514,7295,2361.87,1
20515,6883,2016.62,1
20516,1538,3945.32,0
20517,22440,1521.49,1
20518,34194,1504.58,1
20519,8989,3366.26,1
20520,31466,3544.91,1
20521,22707,2049.97,1
20522,14799,780.62,0
20523,31264,2841.77,0
20524,27299,4595.81,0
20525,15179,1354.26,1
20526,28850,4837.72,1
20527,10327,2998.88,1
20528,8752,778.41,0
20529,10523,2966.32,1
20530,24250,2839.54,1
20531,18643,757.21,1
20532,27874,2394.02,1
20533,29077,4051.79,1
20534,8113,1668.53,0
20535,3664,603.82,1
20536,2391,556.39,1
20537,23073,1576.91,1
20538,30471,3320.21,0
20539,33102,1575.33,0
20540,3716,2115.56,0
20541,24369,3281.52,0
20542,10635,2834.59,0
20543,24879,1507.87,1
20544,33798,1307.73,0
20545,15686,2579.28,0
20546,1836,1890.06,1
20547,8645,3279.38,1
20548,14121,1925.41,0
20549,28346,3274.32,0
20550,5203,1855.07,0
20551,7239,2333.75,1
20552,16835,3024.08,1
20553,13820,454.7,0
20554,13920,4120.61,0
20555,30139,3283.35,0
20556,23305,1867.33,0
20557,13751,1049.39,0
20558,33515,4267.01,1
20559,12241,3852.39,1
20560,1114,140.63,0
20561,29000,2970.5,0
20562,29450,2091.26,1
20563,3148,3833.96,1
20564,14813,1187.78,1
20565,8373,1659.8,1
20566,19368,3689.75,0
20567,23312,4473.43,1
20568,6023,3033.48,0
20569,16159,2098.16,0
20570,11454,4941.21,0
20571,32273,2730.62,0
20572,3298,4535.81,0
20573,7578,4648.09,1
20574,19905,393.38,1
20575,14990,2798.44,1
20576,10645,4927.43,0
20577,21826,2359.43,0
20578,7481,2056.22,1
20579,5619,4462.53,1
20580,12748,3584.22,1
20581,10771,2717.01,1
20582,16216,3963.54,0
20583,4923,149.73,1
20584,29843,3931.7,1
20585,4638,1022.0,1
20586,4164,529.58,1
20587,2177,4252.83,1
20588,3345,1351.55,0
20589,20235,3725.75,1
20590,17706,2381.16,1
20591,15364,240.61,0
20592,8707,4867.44,0
20593,34051,952.38,0
20594,4997,2789.64,1
20595,638,4921.32,0
20596,30789,3763.65,0
20597,414,1512.91,1
20598,2738,3540.41,1
20599,22035,1555.68,0
20600,14565,130.79,1
20601,22944,4892.35,1
20602,21944,4567.88,0
20603,34575,4519.63,0
20604,3837,2667.39,1
20605,30765,634.14,1
20606,6502,3445.7,1
20607,34718,2505.66,1
20608,14610,887.98,0
20609,10005,2581.53,0
20610,17933,2471.23,0
20611,11765,2237.12,0
20612,32886,1369.36,1
20613,34271,1253.18,1
20614,31297,3301.88,1
20615,16539,2036.55,0
20616,26611,585.09,1
20617,21112,3977.82,1
20618,29967,3992.45,1
20619,21307,4756.52,0
20620,34630,2345.2,0
20621,20094,4564.7,0
20622,29650,3349.93,1
20623,32953,223.13,0
20624,23271,1434.99,0
20625,24562,1394.85,0
20626,4917,1705.6,0
20627,7630,4534.78,1
20628,4669,4896.09,1
20629,20231,1283.44,1
20630,32862,727.9,1
20631,3269,1611.78,0
20632,7351,2403.67,1
20633,28837,2745.64,1
20634,26322,1169.76,1
20635,30313,2516.42,1
20636,13743,325.15,1
20637,16933,1418.36,1
20638,19922,611.31,0
20639,9014,4257.28,0
20640,11338,2662.73,0
20641,1058,4345.97,1
20642,24256,1138.98,0
20643,3246,1274.22,0
20644,29079,2521.21,1
20645,14342,3927.07,0
20646,22523,4043.82,0
20647,32011,4297.25,1
20648,20328,4661.92,0
20649,14284,3440.08,1
20650,1099,3336.37,0
20651,2000,1855.49,0
20652,1027,1132.48,1
20653,6425,2735.94,0
20654,6236,2352.75,0
20655,32802,2097.84,1
20656,34582,4214.84,1
20657,31970,1960.0,0
20658,8723,4451.2,0
20659,13407,690.57,0
20660,2000,1812.03,0
20661,19984,1932.49,0
20662,25372,3596.55,1
20663,9282,977.87,1
20664,8658,2922.2,1
20665,21027,2740.37,0
20666,26177,509.78,0
20667,32119,4142.1,1
20668,12451,4634.09,0
20669,30406,3071.38,1
20670,29566,1903.33,0
20671,3224,1479.83,0
20672,12465,267.34,0
20673,6459,2341.08,1
20674,24245,3624.4,1
20675,31989,4696.42,1
20676,34198,1669.44,0
20677,13968,4378.09,1
20678,27809,4855.23,0
20679,28071,3986.38,0
20680,12781,934.44,1
20681,31724,375.08,0
20682,27017,2084.81,1
20683,12175,4826.13,1
20684,30440,4414.46,0
20685,1426,2455.23,0
20686,31480,3493.64,1
20687,20557,2531.62,0
20688,14460,233.75,0
20689,5979,1882.73,0
20690,28691,1920.29,1
20691,1882,4066.03,0
20692,17152,4835.37,1
20693,20344,1633.82,1
20694,32021,4661.24,0
20695,656,1363.09,0
20696,15432,1465.86,0
20697,28127,1022.33,0
20698,17674,912.98,0
20699,26896,954.92,0
20700,1226,2593.9,1
20701,660,3260.73,1
20702,16492,1978.28,0
20703,3220,3807.41,0
20704,2934,2191.95,1
20705,32702,4091.56,1
20706,20416,4212.1,0
20707,13727,3137.47,0
20708,34990,1100.04,1
20709,16918,1262.83,0
20710,18641,383.65,1
20711,23753,1722.08,1
20712,4628,260.14,0
20713,28773,677.1,0
20714,23704,2187.47,1
20715,13104,287.4,1
20716,2068,1752.82,0
20717,32634,3857.78,0
20718,25758,1577.21,0
20719,34839,3893.23,1
20720,7358,4771.24,1
20721,30603,2041.58,1
20722,16465,767.0,1
20723,13416,3737.03,1
20724,17501,2567.42,1
20725,23651,3942.24,0
20726,18211,2711.49,0
20727,26329,4277.47,0
20728,6678,1262.83,1
20729,6411,2346.61,0
20730,24631,1126.14,1
20731,16121,1027.89,1
20732,18326,1307.4,1
20733,10875,3840.98,1
20734,24241,3476.37,0
20735,2063,3866.2,1
20736,22166,3953.36,0
20737,16875,1020.99,0
20738,33400,4408.86,1
20739,231,2966.25,0
20740,10395,3028.1,1
20741,16963,4017.91,0
20742,29022,3673.77,0
20743,33644,3083.23,0
20744,34635,2462.45,1
20745,24234,1123.37,0
20746,22013,4394.25,1
20747,339,4292.72,1
20748,21535,3782.28,0
20749,33004,1572.8,1
20750,18274,2471.04,1
20751,15982,4784.69,1
20752,26443,4388.01,0
20753,7468,1009.28,1
20754,18747,163.77,1
20755,26674,2590.56,1
20756,17770,3009.76,0
20757,30887,3255.28,1
20758,3220,4691.73,0
20759,16737,3207.53,1
20760,20903,2657.71,1
20761,33719,425.52,1
20762,9782,4972.04,1
20763,11450,1013.18,1
20764,5277,1530.57,0
20765,19301,1317.95,0
20766,30072,1428.74,0
20767,24235,4110.42,1
20768,24023,3192.37,1
20769,29453,2185.84,1
20770,18577,1679.66,0
20771,5347,656.69,0
20772,8447,4377.82,1
20773,19186,737.62,1
20774,6804,1278.85,0
20775,21231,3891.68,0
20776,34367,913.31,1
20777,27476,2233.82,0
20778,5321,1247.14,0
20779,17821,1504.1,1
20780,24402,2869.51,1
20781,14599,1734.47,0
20782,31494,2304.24,1
20783,23014,281.66,0
20784,1808,4550.05,0
20785,11315,3433.75,0
20786,9647,2491.29,0
20787,33606,3735.97,1
20788,19707,1168.85,0
20789,26387,2331.58,1
20790,31605,2270.36,1
20791,3982,4639.92,0
20792,31810,1512.3,1
20793,1693,1837.64,0
20794,15613,4617.55,1
20795,11831,3690.41,0
20796,16687,2141.09,0
20797,2152,318.85,0
20798,12045,1081.85,0
20799,23595,4744.05,0
20800,4535,1967.25,1
20801,1044,3898.75,1
20802,3175,738.84,1
20803,24013,1865.59,0
20804,1403,3187.82,1
20805,8270,3738.95,1
20806,28224,3798.39,0
20807,2110,3050.36,0
20808,23934,4251.2,1
20809,32918,4866.66,0
20810,24603,4910.79,0
20811,29563,3215.82,0
20812,1154,3513.23,0
20813,33651,3481.57,1
20814,23298,2111.02,1
20815,24610,2655.69,0
20816,17068,2047.14,0
20817,25086,1303.46,0
20818,14652,3506.1,0
20819,12137,2873.72,1
20820,8780,1908.99,1
20821,281,630.09,1
20822,2306,4992.96,1
20823,28836,919.01,0
20824,5705,4393.88,0
20825,7110,2766.01,0
20826,23549,1221.33,1
20827,23956,3155.77,0
20828,2384,3248.95,0
20829,9071,2523.41,1
20830,31933,2616.82,0
20831,19057,1086.52,0
20832,15313,1472.86,1
20833,24093,3398.78,1
20834,28127,4417.98,1
20835,513,405.05,0
20836,6811,4299.8,0
20837,31531,3407.91,1
20838,26674,2696.29,1
20839,32606,1344.7,1
20840,17204,1158.79,1
20841,22316,2499.2,0
20842,10787,490.32,0
20843,15491,225.72,1
20844,26729,897.07,0
20845,19886,3606.74,0
20846,25104,4789.27,1
20847,15312,688.82,1
20848,24572,2717.83,1
20849,29224,2521.72,0
20850,7837,4858.14,0
20851,3500,924.32,0
20852,9675,923.74,0
20853,16814,1138.76,1
20854,1583,2823.33,1
20855,11266,4213.08,1
20856,33567,660.22,0
20857,31141,4367.94,1
20858,11970,4036.19,0
20859,25277,1233.17,0
20860,13152,4767.52,1
20861,5641,2225.3,0
20862,9253,2447.51,1
20863,14208,1177.35,1
20864,14154,3219.82,1
20865,16179,895.4,0
20866,1818,2507.9,1
20867,28265,1002.98,0
20868,18210,2718.93,1
20869,8318,3046.27,1
20870,20211,2356.11,0
20871,14843,261.06,1
20872,28049,522.68,0
20873,18293,3489.66,0
20874,1762,4190.34,1
20875,14595,4101.98,0
20876,16122,4797.56,1
20877,12445,2617.12,0
20878,29848,4697.19,0
20879,21252,2855.9,0
20880,25139,797.29,1
20881,11378,2533.93,1
20882,25349,4975.95,1
20883,14666,4511.3,1
20884,14537,4061.34,0
20885,29521,3185.73,1
20886,7376,2164.72,0
20887,8479,4162.86,1
20888,7505,4670.37,1
20889,22657,2070.54,1
20890,33896,4536.13,0
20891,24145,801.91,1
20892,27391,3154.47,0
20893,5561,2039.52,1
20894,25460,2190.82,0
20895,18823,480.33,0
20896,9040,766.85,0
20897,34626,4246.98,1
20898,9438,3133.57,0
20899,15808,2945.46,1
20900,34910,4783.26,1
20901,14387,2416.1,0
20902,726,1812.68,1
20903,30614,893.35,1
20904,24225,2068.57,0
20905,26540,1982.53,1
20906,1799,756.72,0
20907,22439,976.54,1
20908,33099,1150.59,0
20909,626,2927.26,1
20910,16773,2000.34,0
20911,943,3275.01,0
20912,10973,367.46,1
20913,7618,3271.96,0
20914,12840,848.88,0
20915,27004,938.21,1
20916,9751,1095.56,0
20917,31637,2350.65,0
20918,28975,2532.15,1
20919,14185,4779.69,1
20920,4902,4255.81,0
20921,28421,4987.25,1
20922,21478,255.09,0
20923,17929,2736.52,1
20924,32346,4751.44,0
20925,15868,975.35,1
20926,9429,705.47,0
20927,6527,160.94,1
20928,30518,2753.23,1
20929,763,1594.16,1
20930,17167,4028.24,1
20931,19084,1854.61,1
20932,16364,2769.5,1
20933,4307,2400.79,0
20934,24671,3717.01,0
20935,18446,4580.4,1
20936,8513,477.35,0
20937,14140,4196.54,0
20938,25594,4131.35,0
20939,19606,3331.37,1
20940,33519,1755.32,0
20941,6818,4539.41,0
20942,25598,1805.62,1
20943,1072,2756.49,1
20944,6280,2458.29,0
20945,19037,308.25,1
20946,12035,2255.94,1
20947,2671,3413.98,1
20948,32497,2846.48,0
20949,28340,1145.27,1
20950,13341,1252.86,1
20951,4864,165.35,0
20952,13346,4685.17,1
20953,16786,1416.57,1
20954,16851,297.64,1
20955,31704,4433.82,0
20956,1478,873.62,1
20957,7101,4996.43,0
20958,9478,4164.15,1
20959,6071,1713.26,0
20960,7263,1504.61,1
20961,9953,2371.63,0
20962,16933,4374.27,1
20963,1759,4410.66,0
20964,34940,4113.72,0
20965,19944,3082.21,0
20966,4236,3323.6,1
20967,12046,1176.78,0
20968,1390,4124.39,0
20969,12733,3474.89,1
20970,5088,621.03,0
20971,20094,2370.56,0
20972,7015,1024.72,0
20973,18556,3686.63,1
20974,20792,3730.15,0
20975,8438,684.46,0
20976,3535,3978.49,1
20977,14185,3570.6,1
20978,31764,3705.09,0
20979,16184,537.94,1
20980,24159,3988.74,1
20981,8163,378.44,1
20982,33387,1028.39,1
20983,25179,910.7,0
20984,31586,357.84,1
20985,9022,4115.85,0
20986,22499,2944.23,1
20987,5100,2676.58,0
20988,18508,1160.95,0
20989,24128,1416.49,0
20990,174,4666.69,0
20991,34239,1452.56,1
20992,24638,1504.58,0
20993,32589,4958.22,1
20994,7535,3293.81,1
20995,17642,913.42,1
20996,20456,3928.72,0
20997,27771,4675.16,1
20998,3084,3792.62,1
20999,24547,3171.61,0
21000,26674,1469.2,1
21001,22029,276.66,0
21002,14295,4331.19,0
21003,4822,3222.05,1
21004,32948,4690.41,1
21005,6631,2737.71,0
21006,21857,1609.34,1
21007,4841,3279.19,1
21008,32826,3541.23,1
21009,8180,3388.31,1
21010,18996,2431.58,0
21011,7005,3094.27,0
21012,28218,100.92,0
21013,1621,2498.81,0
21014,34165,3000.85,0
21015,18692,4986.73,1
21016,15543,2051.09,0
21017,4124,3559.44,1
21018,15272,4891.18,1
21019,34258,2605.31,0
21020,16343,1708.07,1
21021,32687,4654.2,1
21022,3521,4419.78,0
21023,13831,3216.22,1
21024,18991,630.08,0
21025,11918,3505.75,0
21026,5190,979.42,0
21027,21942,3043.41,1
21028,26433,4125.82,1
21029,7223,4069.15,0
21030,22729,1004.83,1
21031,28638,3359.93,1
21032,6098,2114.64,0
21033,33709,1785.78,1
21034,18102,652.89,1
21035,34449,1812.11,1
21036,19558,3397.26,0
21037,28182,399.5,0
21038,31084,4232.93,1
21039,19369,3245.22,0
21040,10150,4361.77,0
21041,18727,4479.26,0
21042,17796,4650.42,0
21043,32362,3405.71,0
21044,25261,1385.64,0
21045,8916,2428.93,0
21046,18914,277.18,0
21047,11860,3947.22,0
21048,9765,1761.45,0
21049,33966,1795.0,0
21050,992,2356.55,0
21051,11517,997.52,0
21052,29793,719.55,1
21053,10112,3705.45,1
21054,30659,1085.82,0
21055,27834,4563.25,0
21056,26624,506.38,0
21057,10383,3026.92,0
21058,34547,4485.14,0
21059,6559,1035.88,0
21060,1434,1337.59,1
21061,12898,4727.97,0
21062,10485,3316.93,1
21063,32056,661.36,1
21064,22456,2807.53,1
21065,1120,3570.74,0
21066,22497,3315.34,0
21067,18083,2835.21,0
21068,15879,2560.48,1
21069,29365,4174.67,0
21070,26325,2453.2,0
21071,10278,3778.56,1
21072,7139,4098.25,0
21073,2409,740.07,1
21074,34405,4735.29,1
21075,27988,4447.92,1
21076,25903,828.34,0
21077,627,1588.69,0
21078,27677,2229.13,0
21079,32246,4955.83,1
21080,889,494.7,0
21081,3176,107.25,1
21082,18408,1073.69,0
21083,34541,1894.63,0
21084,1108,4683.67,1
21085,2912,693.69,0
21086,31303,2689.97,0
21087,4077,4740.41,1
21088,26740,4436.7,0
21089,5252,4173.98,1
21090,3558,2171.33,1
21091,10583,2864.15,1
21092,10483,4670.69,1
21093,2282,2883.39,1
21094,4953,4977.21,1
21095,19620,1500.05,1
21096,14174,2365.39,0
21097,26278,1701.81,1
21098,25352,865.97,1
21099,19741,3096.92,0
21100,2122,2639.96,0
21101,16205,2832.4,0
21102,1440,161.4,1
21103,27124,2581.83,1
21104,4302,2516.47,0
21105,13862,365.59,0
21106,25232,525.65,1
21107,21996,4515.65,0
21108,9599,1752.48,1
21109,13220,792.31,1
21110,14237,3667.03,0
21111,352,2278.47,1
21112,9058,3216.31,0
21113,29541,1862.98,1
21114,5157,2074.03,0
21115,32960,4383.05,1
21116,31542,3417.29,1
21117,4946,901.04,1
21118,34981,2841.42,0
21119,23188,3905.87,0
21120,12856,2429.95,1
21121,33681,3756.59,0
21122,12441,3913.34,0
21123,30970,498.2,0
21124,26273,4918.23,1
21125,29477,646.08,1
21126,21025,1959.59,0
21127,11711,2992.21,1
21128,21389,489.75,1
21129,18135,4070.28,0
21130,25905,4946.67,1
21131,31841,284.87,1
21132,9574,1037.17,1
21133,6653,733.05,0
21134,31890,1202.3,0
21135,2179,1099.82,1
21136,6196,3564.9,1
21137,25099,4321.1,0
21138,33927,4162.32,1
21139,24823,587.79,0
21140,22162,269.94,1
21141,32557,3801.57,0
21142,10290,2392.19,0
21143,27967,2262.74,1
21144,8972,1913.39,1
21145,673,4550.28,0
21146,25164,218.85,1
21147,30267,1709.78,0
21148,23901,2121.17,0
21149,18407,4752.39,1
21150,33245,984.82,1
21151,21340,4371.62,1
21152,16458,469.03,0
21153,24811,221.02,0
21154,18495,1194.28,0
21155,644,2157.8,0
21156,3101,4805.2,0
21157,2355,435.96,1
21158,7922,3815.61,0
21159,21351,828.5,0
21160,1199,1936.91,1
21161,12297,1215.67,1
21162,16285,1223.42,1
21163,23076,4980.13,0
21164,12124,2409.59,1
21165,5519,916.2,1
21166,8564,2472.54,0
21167,9651,381.36,1
21168,16369,1250.63,1
21169,3215,1789.11,1
21170,2385,4747.07,1
21171,10137,2265.46,0
21172,27025,3650.35,0
21173,21183,4395.29,0
21174,27261,4645.1,1
21175,1680,2212.18,0
21176,7613,1738.59,1
21177,24320,475.71,0
21178,18653,2949.22,0
21179,21660,4972.29,1
21180,7051,3155.66,1
21181,30216,840.15,0
21182,6303,575.94,0
21183,13610,1965.77,1
21184,14663,2822.73,0
21185,34148,1587.36,0
21186,29408,2460.74,0
21187,31613,3828.57,0
21188,23200,2074.43,1
21189,24092,2319.06,0
21190,15725,367.19,0
21191,25015,846.42,1
21192,3813,4713.45,1
21193,32096,4196.43,0
21194,33478,173.21,0
21195,15009,2611.64,1
21196,16621,575.57,1
21197,25986,4389.97,1
21198,29825,516.34,1
21199,25703,4905.47,1
21200,15796,4877.7,0
21201,15644,1947.52,1
21202,26709,4387.12,0
21203,5412,3635.43,0
21204,32525,332.3,0
21205,17067,1896.71,1
21206,28688,1988.66,0
21207,6166,1067.89,0
21208,19202,1435.96,0
21209,11365,1511.27,1
21210,18272,3738.77,0
21211,29607,3278.12,0
21212,33385,771.77,1
21213,15298,3826.12,0
21214,11763,407.69,0
21215,28340,142.76,0
21216,7885,3127.08,0
21217,17140,913.06,0
21218,21208,1443.54,0
21219,21994,3159.69,1
21220,8978,2572.68,0
21221,1973,2988.0,1
21222,26863,982.43,0
21223,27031,4313.39,0
21224,1387,765.53,1
21225,33639,3501.35,0
21226,31763,2693.83,0
21227,25401,3415.01,0
21228,29121,2969.78,0
21229,25804,4466.79,0
21230,25722,2928.91,1
21231,23846,4700.0,1
21232,28692,2460.24,0
21233,34298,2317.07,0
21234,31767,2011.7,1
21235,12899,3776.19,1
21236,20166,485.37,0
21237,15822,728.39,1
21238,29911,3685.66,0
21239,32392,2555.77,1
21240,10245,3898.12,0
21241,4200,1019.69,1
21242,19234,970.28,0
21243,30839,2437.82,0
21244,12691,236.93,0
21245,23947,1521.55,1
21246,16718,4080.11,0
21247,17449,1945.18,1
21248,6951,612.65,0
21249,28976,3521.49,1
21250,32425,4528.29,1
21251,31277,3703.79,0
21252,30033,2098.93,0
21253,12337,1507.19,1
21254,31667,4613.51,1
21255,29124,954.0,1
21256,33514,709.81,0
21257,28331,186.22,1
21258,7595,3587.19,1
21259,11225,1897.07,1
21260,18240,1548.72,0
21261,1959,1958.89,1
21262,34065,953.17,0
21263,21043,2033.13,1
21264,19301,3884.68,1
21265,1879,795.8,1
21266,8325,2660.95,1
21267,4261,1658.37,1
21268,3685,1602.36,1
21269,9862,3400.57,1
21270,25459,359.72,0
21271,4464,4065.43,1
21272,12594,3946.74,1
21273,891,2073.9,1
21274,10523,2888.04,0
21275,4156,1536.66,1
21276,9453,2391.2,1
21277,19085,2023.53,0
21278,265,4265.03,1
21279,17072,4470.16,1
21280,18124,2252.21,1
21281,31367,4501.77,1
21282,7471,2837.96,1
21283,22171,4738.14,1
21284,15328,1213.18,1
21285,13239,3163.36,1
21286,21232,1230.31,0
21287,19311,1487.3,1
21288,26533,1000.98,0
21289,24521,3996.77,0
21290,14055,4538.48,1
21291,10448,676.73,1
21292,12251,2577.56,1
21293,13172,2160.22,0
21294,27597,836.16,0
21295,12980,970.43,0
21296,27846,1797.16,0
21297,29375,1726.74,0
21298,30717,2369.99,1
21299,29302,2909.62,0
21300,18495,2958.16,1
21301,33957,3701.57,0
21302,29404,1793.53,1
21303,2493,3003.47,1
21304,25781,1617.97,1
21305,33589,3248.28,0
21306,11846,969.31,1
21307,20134,3107.26,1
21308,13724,4583.85,1
21309,7162,2829.92,0
21310,34779,345.89,0
21311,4150,3280.34,1
21312,11723,3292.96,1
21313,15892,885.88,0
21314,27594,4623.04,0
21315,4316,2510.65,1
21316,15904,2970.96,0
21317,19017,2291.21,1
21318,30455,626.24,1
21319,19103,2523.93,0
21320,14605,1210.38,0
21321,12204,739.26,1
21322,3097,3916.67,0
21323,13279,4328.23,0
21324,12306,1313.99,1
21325,29886,1354.0,0
21326,15086,2434.94,1
21327,16808,3603.61,0
21328,30403,120.71,1
21329,11469,1893.1,0
21330,8554,2781.38,0
21331,28356,1657.42,1
21332,31591,2212.35,1
21333,24416,1070.91,0
21334,25616,1091.95,0
21335,26332,1529.01,1
21336,18729,3481.38,0
21337,24549,337.11,1
21338,6583,2763.93,1
21339,20366,4742.18,1
21340,34374,4399.61,0
21341,31977,3468.73,0
21342,15221,2682.98,1
21343,9936,2537.54,1
21344,20145,4771.83,1
21345,21606,2826.33,0
21346,2103,1076.94,1
21347,24390,2156.65,1
21348,2898,2652.05,0
21349,17703,1063.79,0
21350,12825,1587.18,1
21351,16874,4847.72,1
21352,33865,2442.31,1
21353,27035,1600.68,0
21354,12752,4282.11,1
21355,17481,4989.8,0
21356,32738,3810.71,0
21357,798,1928.08,1
21358,15165,4282.98,0
21359,34773,511.11,1
21360,26606,4241.55,0
21361,18630,612.22,1
21362,11589,954.38,0
21363,5374,2074.5,1
21364,4868,2029.92,0
21365,32090,1119.36,0
21366,9521,3422.76,1
21367,6441,872.54,1
21368,22396,4181.05,0
21369,28769,4197.6,0
21370,23730,513.41,1
21371,31301,3290.41,1
21372,22982,1210.97,1
21373,24655,3191.35,0
21374,22882,2826.6,1
21375,12102,4821.83,1
21376,29035,1517.63,1
21377,2006,4435.69,1
21378,27206,4943.69,1
21379,4626,444.98,0
21380,14002,805.95,0
21381,20596,1266.99,1
21382,8864,4363.24,1
21383,19358,1236.83,1
21384,4082,2508.51,0
21385,21253,391.58,0
21386,11897,3588.22,0
21387,22404,2126.41,0
21388,19479,3029.9,0
21389,21934,2449.28,0
21390,18707,3610.34,0
21391,18313,3519.33,1
21392,33452,3681.55,0
21393,30047,1544.47,0
21394,20335,3106.35,1
21395,24355,545.77,1
21396,9487,4490.1,0
21397,16802,3316.49,0
21398,16104,2513.08,0
21399,16958,4530.39,1
21400,27977,4180.95,0
21401,30294,2262.59,0
21402,17490,3638.0,0
21403,4869,1042.01,1
21404,8503,1720.36,1
21405,12542,302.83,0
21406,7601,828.82,0
21407,7268,3662.21,0
21408,8520,4128.66,1
21409,3908,4776.62,1
21410,11330,4815.95,1
21411,25529,4846.35,0
21412,30147,1567.79,0
21413,9761,3390.97,0
21414,10529,3101.38,0
21415,27699,3505.8,1
21416,26572,835.31,0
21417,3957,2770.82,1
21418,2259,4761.3,1
21419,29225,2972.88,0
21420,21057,2335.59,0
21421,19366,555.25,0
21422,20743,3974.83,1
21423,11325,3952.98,0
21424,15999,846.55,1
21425,22492,2818.03,1
21426,832,1764.79,0
21427,31337,1778.91,0
21428,13539,2535.84,1
21429,18528,3698.25,1
21430,19975,3180.08,1
21431,20466,278.16,1
21432,1529,1424.88,1
21433,28008,392.3,0
21434,34591,120.19,1
21435,27580,4670.95,1
21436,20864,1472.79,0
21437,6875,3666.1,0
21438,28791,1216.98,0
21439,29867,3982.05,1
21440,1848,1237.4,0
21441,10438,3287.49,0
21442,9920,3307.59,1
21443,28882,4906.74,0
21444,24303,1684.45,0
21445,5375,2048.7,0
21446,33866,4880.39,1
21447,4731,750.36,0
21448,24456,3114.12,0
21449,28002,3877.0,1
21450,24187,4166.73,1
21451,30552,3607.34,0
21452,20901,4341.82,0
21453,24658,256.74,0
21454,33372,4487.08,0
21455,5960,321.85,0
21456,30137,698.89,0
21457,23955,4601.13,1
21458,25249,4371.48,1
21459,5666,154.64,1
21460,22454,4293.6,1
21461,29321,1359.33,1
21462,3358,1793.64,0
21463,26809,3611.19,0
21464,7738,3502.92,0
21465,22454,3218.6,1
21466,31025,2494.16,1
21467,14137,4929.15,0
21468,25526,1652.61,1
21469,4358,4668.57,1
21470,20516,3999.96,1
21471,29708,4255.46,0
21472,33702,1351.89,0
21473,12499,3936.23,1
21474,5098,4366.55,1
21475,17672,1315.27,0
21476,285,2763.87,1
21477,20710,2547.74,1
21478,8326,4622.04,0
21479,20537,4639.23,1
21480,19056,3315.01,0
21481,21561,527.8,0
21482,34445,399.18,0
21483,13303,4234.38,1
21484,25740,4331.15,1
21485,10748,1112.4,0
21486,20920,1162.58,1
21487,20509,1468.28,1
21488,4871,2522.54,0
21489,29765,4380.65,0
21490,31209,4450.36,0
21491,2041,2900.58,0
21492,34138,2075.92,1
21493,117,3508.89,0
21494,16972,146.5,0
21495,9314,956.48,0
21496,32245,1904.43,1
21497,21802,3133.69,1
21498,25523,3229.02,1
21499,12525,619.42,0
21500,13443,2484.51,0
21501,30764,2360.36,0
21502,29616,4753.52,1
21503,23533,3222.86,0
21504,21322,1609.65,1
21505,26342,1154.38,0
21506,19767,2534.75,1
21507,224,1956.49,0
21508,9483,3418.39,1
21509,14158,4370.67,0
21510,30366,420.28,0
21511,9884,1279.35,0
21512,11601,2545.38,1
21513,5271,2221.3,1
21514,12259,2918.01,1
21515,9204,1138.78,1
21516,6084,2705.87,0
21517,12375,2770.52,1
21518,25599,1616.93,1
21519,18509,4588.17,1
21520,8480,554.01,1
21521,25054,1272.67,1
21522,15948,3111.58,1
21523,2370,2002.39,1
21524,9183,1749.64,0
21525,7024,2867.94,0
21526,8384,4852.31,1
21527,286,1872.64,0
21528,17279,2432.06,1
21529,19829,3668.42,0
21530,27650,1938.03,0
21531,3976,3311.52,0
21532,31452,4873.95,1
21533,31688,1133.62,1
21534,1183,2419.0,1
21535,22500,2700.35,1
21536,30200,3943.45,0
21537,6552,523.13,1
21538,17402,1284.93,1
21539,29128,737.13,1
21540,1307,2470.35,1
21541,16361,1812.02,1
21542,7731,2987.14,0
21543,25510,3511.2,0
21544,33058,673.13,1
21545,32699,1779.9,0
21546,25135,2992.33,0
21547,1773,749.23,1
21548,16931,3721.14,0
21549,4137,179.01,1
21550,24233,486.65,0
21551,7780,2835.61,1
21552,29752,2206.86,1
21553,10312,4708.75,1
21554,2034,1949.62,0
21555,1635,4290.09,1
21556,23545,2803.4,1
21557,3623,836.6,1
21558,21009,4711.33,0
21559,23707,2978.95,1
21560,16336,679.48,0
21561,7222,380.11,1
21562,4440,416.9,0
21563,15402,2945.41,1
21564,21408,608.7,1
21565,25297,2454.94,0
21566,34932,4122.86,1
21567,10582,1439.38,1
21568,22101,3847.33,1
21569,18267,3886.2,0
21570,25587,3923.26,1
21571,30667,1415.16,1
21572,7831,4782.9,1
21573,1514,1255.86,0
21574,4972,2176.26,1
21575,1688,1547.25,1
21576,16479,3720.58,0
21577,8378,3569.55,1
21578,27187,3090.42,0
21579,18227,2548.21,0
21580,26413,550.81,1
21581,26087,3346.49,1
21582,30928,2342.35,0
21583,16899,893.06,0
21584,10934,2332.49,0
21585,28722,102.39,1
21586,12713,4324.1,1
21587,30616,910.2,1
21588,33886,3549.4,0
21589,18402,2796.38,0
21590,3493,4736.13,1
21591,11289,3753.76,1
21592,34388,1567.77,0
21593,17224,936.5,0
21594,10789,2951.26,0
21595,5071,1098.66,1
21596,28723,697.05,0
21597,20175,613.45,0
21598,17084,2871.0,1
21599,3434,499.43,1
21600,25084,1275.84,0
21601,17271,831.88,0
21602,31220,4295.24,0
21603,16264,1462.13,0
21604,23886,2120.56,1
21605,2788,3408.79,0
21606,17021,3563.71,1
21607,24496,1023.69,0
21608,28694,1689.63,0
21609,26285,1459.43,1
21610,18370,4777.31,1
21611,9097,364.15,1
21612,10006,1241.24,1
21613,27580,2096.66,1
21614,21110,4312.91,0
21615,20421,4229.74,0
21616,31237,1673.38,0
21617,5975,2234.99,0
21618,11517,3464.26,1
21619,32978,1450.38,1
21620,5079,2184.8,1
21621,1585,649.94,0
21622,26275,2333.87,1
21623,23756,1327.32,0
21624,3829,3494.02,1
21625,19395,3370.03,1
21626,1678,1109.73,1
21627,8034,3114.29,0
21628,4218,689.37,1
21629,8993,3861.14,1
21630,29961,666.79,1
21631,19074,1405.98,0
21632,3113,1591.16,1
21633,7189,4039.85,1
21634,19207,2152.12,0
21635,19684,2114.84,0
21636,30490,4108.45,0
21637,13311,1679.33,0
21638,19876,2228.77,1
21639,15526,2111.99,0
21640,14151,4241.38,0
21641,26049,4504.88,1
21642,25379,3558.44,1
21643,21914,3192.4,0
21644,26162,4445.77,1
21645,14944,3846.0,1
21646,18416,4182.9,0
21647,20007,1330.83,1
21648,7920,2250.76,0
21649,26587,134.81,0
21650,17269,1792.53,1
21651,3338,440.82,1
21652,24562,1923.87,0
21653,26861,1515.66,1
21654,12825,912.29,0
21655,34610,1976.63,1
21656,27255,1932.29,0
21657,11789,1824.12,1
21658,11740,3470.52,1
21659,23190,801.06,0
21660,635,2753.49,0
21661,17618,1471.96,0
21662,18413,2477.62,0
21663,18379,3190.41,0
21664,26047,4186.93,0
21665,22921,733.78,1
21666,27626,1771.84,1
21667,29129,3406.79,1
21668,25150,923.99,0
21669,17220,1054.03,0
21670,27783,740.51,1
21671,27866,4823.38,0
21672,13839,2868.38,1
21673,25535,2584.31,1
21674,20311,3442.12,0
21675,2723,4791.01,1
21676,3480,2431.73,0
21677,6472,172.76,0
21678,162,3296.84,1
21679,21100,587.19,0
21680,9637,2031.13,0
21681,3695,1775.87,0
21682,4750,138.24,1
21683,5771,645.51,0
21684,31328,3678.42,0
21685,6218,1597.29,0
21686,3284,2419.46,1
21687,12102,3837.75,0
21688,30413,2466.94,0
21689,10700,2232.48,0
21690,18142,3715.82,1
21691,24456,4397.73,0
21692,32503,4631.32,0
21693,24466,268.28,1
21694,21722,4928.4,1
21695,1188,417.96,1
21696,26301,291.34,1
21697,29780,3707.81,0
21698,33458,2240.09,0
21699,31146,1759.4,0
21700,15011,1304.58,0
21701,23430,3999.64,0
21702,30034,4107.34,1
21703,29521,4852.59,1
21704,31883,3972.35,0
21705,17726,375.11,1
21706,5213,3026.15,0
21707,23779,4257.73,0
21708,33004,2568.02,0
21709,9061,2023.58,1
21710,13127,2436.98,0
21711,26962,1934.28,1
21712,26727,3603.5,1
21713,29313,4692.41,1
21714,23200,334.54,1
21715,16065,3736.8,0
21716,3750,3397.79,0
21717,15427,2239.51,1
21718,12836,2358.09,0
21719,4476,1703.65,1
21720,19717,4928.41,0
21721,17241,4145.34,0
21722,22774,2392.64,1
21723,11163,3779.04,1
21724,6910,2559.82,1
21725,22073,839.1,0
21726,12673,1999.31,1
21727,6700,1762.78,1
21728,16021,2770.32,1
21729,21630,197.6,0
21730,18237,1866.46,1
21731,27792,523.73,1
21732,25618,3617.66,1
21733,7716,1970.69,1
21734,15020,3809.43,1
21735,28549,2300.78,0
21736,24389,1466.49,0
21737,31587,1570.88,0
21738,13646,4688.94,0
21739,1808,1102.61,0
21740,29183,4247.39,1
21741,28613,3908.88,0
21742,14437,4284.57,0
21743,27443,466.87,0
21744,12325,2092.19,1
21745,28632,2155.84,1
21746,18362,1181.24,0
21747,14234,4659.2,0
21748,2895,3504.39,1
21749,1132,1521.4,0
21750,11938,681.16,0
21751,21275,227.52,0
21752,34862,852.64,1
21753,19596,1364.05,0
21754,27529,4488.96,1
21755,13255,4998.48,0
21756,28790,4296.15,0
21757,10879,2234.66,0
21758,6747,1261.57,1
21759,9512,2938.46,0
21760,5754,2721.95,1
21761,10392,4295.0,0
21762,14806,648.89,0
21763,28001,3855.56,1
21764,25495,2922.59,1
21765,32693,3479.08,1
21766,7557,4150.02,0
21767,13668,1228.46,1
21768,26710,4591.99,1
21769,2808,4415.52,1
21770,15971,2357.41,1
21771,24800,2355.01,1
21772,91,3602.15,1
21773,20081,3552.62,1
21774,31149,596.7,1
21775,14435,1422.81,0
21776,34066,2363.63,0
21777,16186,4331.65,0
21778,27108,700.0,0
21779,21081,399.81,1
21780,28915,1513.07,1
21781,19543,1153.56,0
21782,9027,3584.71,1
21783,24368,3522.1,1
21784,27972,992.18,0
21785,9751,2087.86,1
21786,34298,2264.87,0
21787,23871,1200.31,1
21788,12729,3579.03,1
21789,3442,4974.52,0
21790,23158,3128.99,1
21791,7672,1589.22,0
21792,14514,4043.19,1
21793,10991,373.71,0
21794,22596,1385.72,0
21795,813,235.22,0
21796,24943,3522.78,1
21797,33403,3060.98,1
21798,12218,1727.44,0
21799,31889,1124.28,0
21800,11991,2685.48,1
21801,23460,1910.2,0
21802,3916,4584.66,1
21803,1253,3347.13,0
21804,383,3599.22,0
21805,16166,793.96,0
21806,25894,198.87,0
21807,31730,3090.25,1
21808,10775,1330.5,1
21809,15193,4643.95,0
21810,2205,4342.9,0
21811,8714,1457.87,0
21812,20637,2296.94,0
21813,34986,2369.29,0
21814,21317,2722.71,0
21815,9887,2016.64,0
21816,12061,1754.32,0
21817,541,4021.62,1
21818,4156,3841.28,0
21819,28975,1333.69,1
21820,5713,1142.14,0
21821,24034,2295.44,1
21822,5351,719.04,0
21823,9691,723.28,1
21824,17398,4138.56,1
21825,31946,3595.69,0
21826,700,1573.61,0
21827,30021,4427.25,0
21828,22295,2127.44,1
21829,12032,941.21,1
21830,29577,3751.41,1
21831,12859,2316.17,0
21832,4060,938.63,0
21833,21819,314.4,0
21834,33341,2519.46,1
21835,8595,1632.85,0
21836,20129,2369.09,0
21837,13522,1635.78,1
21838,30992,1798.99,1
21839,19273,4421.08,1
21840,24211,4195.91,0
21841,8170,859.2,0
21842,32683,1249.89,0
21843,19525,2351.37,0
21844,33297,2946.14,1
21845,5026,3313.66,1
21846,22079,722.8,0
21847,16464,3076.31,0
21848,27334,4432.47,0
21849,15581,330.04,0
21850,20051,2952.47,1
21851,21966,4318.73,1
21852,19111,2595.14,0
21853,12165,1628.48,1
21854,29679,3214.2,0
21855,144,2866.84,0
21856,30509,658.15,1
21857,14305,463.24,1
21858,4189,1828.28,0
21859,6976,1606.1,0
21860,706,2365.11,1
21861,742,3821.81,0
21862,21576,4222.21,0
21863,28315,1461.66,0
21864,776,3231.59,1
21865,26610,1986.96,0
21866,24632,280.09,0
21867,3808,4488.76,0
21868,235,2415.52,1
21869,11412,3127.93,0
21870,24888,1270.09,0
21871,2422,3944.03,1
21872,24764,1546.44,1
21873,27824,1842.97,1
21874,16204,303.99,0
21875,4006,3367.52,1
21876,1967,2708.5,0
21877,21272,1848.38,1
21878,16133,4541.8,0
21879,18674,1950.82,0
21880,7046,2244.43,1
21881,1763,230.67,1
21882,12237,3291.83,1
21883,213,1413.9,0
21884,4537,3872.82,0
21885,27374,2040.55,1
21886,3068,2548.58,1
21887,23501,261.05,1
21888,15423,2898.76,1
21889,1670,350.12,0
21890,6628,1070.53,1
21891,18016,4982.11,0
21892,31816,1017.91,0
21893,32018,4072.28,1
21894,27401,4325.31,0
21895,18735,3651.36,0
21896,11373,3740.7,0
21897,17842,3243.77,1
21898,34672,842.65,0
21899,33358,197.95,1
21900,16134,1167.04,0
21901,30833,1489.1,1
21902,19021,4671.94,0
21903,29906,3680.48,1
21904,15362,3300.94,0
21905,401,3726.52,1
21906,14088,784.15,0
21907,5498,883.31,1
21908,12792,3908.0,1
21909,5738,2767.05,1
21910,1721,3245.11,1
21911,6300,3793.92,1
21912,8414,2027.04,1
21913,10661,2528.44,0
21914,5900,3702.9,0
21915,12501,2507.25,0
21916,30064,3469.53,1
21917,34038,4358.42,1
21918,19913,2797.46,1
21919,23333,3311.06,0
21920,22215,4266.59,1
21921,19625,1262.74,0
21922,18370,1625.2,1
21923,3591,4970.81,0
21924,31949,4977.22,0
21925,19451,810.21,0
21926,5243,1461.19,1
21927,16483,1174.99,0
21928,32330,3590.68,0
21929,11891,1851.01,1
21930,20046,2291.53,0
21931,26272,3125.91,1
21932,33919,3575.2,0
21933,9849,3952.67,1
21934,9588,4425.3,0
21935,8509,794.87,1
21936,33709,1158.31,1
21937,33133,1340.68,0
21938,17699,3964.66,0
21939,9619,3586.31,0
21940,22112,1274.24,0
21941,2587,1521.47,0
21942,22378,2076.38,0
21943,10409,1185.9,1
21944,5848,3912.38,1
21945,1402,2558.96,0
21946,14340,248.79,1
21947,5321,2760.38,1
21948,593,252.58,1
21949,19813,1222.6,1
21950,2071,1134.27,1
21951,27278,3681.54,1
21952,13975,2350.57,1
21953,6395,4958.12,1
21954,15018,535.37,1
21955,24349,1803.28,1
21956,13015,3851.99,1
21957,22311,2993.12,1
21958,7503,3971.01,1
21959,31934,1507.34,1
21960,21518,1797.42,1
21961,7726,1097.77,1
21962,10620,4372.28,1
21963,20886,3740.05,1
21964,26448,2601.77,1
21965,1848,3259.01,1
21966,15792,152.57,0
21967,18105,2819.33,0
21968,12098,2582.32,0
21969,14364,3011.78,0
21970,23847,1959.02,1
21971,10666,3068.52,1
21972,34294,948.2,0
21973,5027,2267.96,1
21974,9006,1219.97,1
21975,26780,4184.72,1
21976,15399,1280.31,0
21977,6565,1338.01,1
21978,25147,3183.19,0
21979,8275,4861.52,0
21980,13227,789.81,0
21981,21264,4082.08,1
21982,9081,2727.38,0
21983,20314,3873.6,1
21984,22389,2457.64,0
21985,23379,3876.3,1
21986,4614,785.84,1
21987,486,2377.13,0
21988,20112,1505.79,1
21989,32341,4523.97,0
21990,27704,1377.75,1
21991,21879,4406.41,1
21992,28078,707.58,0
21993,13087,3682.78,1
21994,22633,4273.63,1
21995,17806,1722.75,0
21996,24225,4992.38,0
21997,20106,1781.13,1
21998,5958,3258.28,0
21999,878,3450.19,0
22000,12095,691.79,1
22001,15556,1480.81,0
22002,17579,3051.22,0
22003,30008,2013.94,0
22004,3779,1350.42,0
22005,29288,219.7,0
22006,18304,4266.91,0
22007,25508,2759.3,0
22008,15737,3254.43,0
22009,24769,3906.57,0
22010,28557,3573.85,0
22011,7700,3140.58,1
22012,32934,268.91,1
22013,9796,4626.12,1
22014,2309,714.78,1
22015,30220,3641.06,1
22016,32576,3739.54,0
22017,15657,4260.35,1
22018,22094,1541.12,0
22019,3583,4502.92,0
22020,12005,3324.81,0
22021,6615,1490.13,0
22022,2110,148.91,0
22023,16736,3776.48,0
22024,23060,1663.85,0
22025,29039,3297.77,0
22026,21414,2592.09,1
22027,10395,3599.22,1
22028,29140,4638.14,0
22029,31828,4507.51,1
22030,1396,1038.37,1
22031,22080,1605.12,0
22032,9349,3437.7,0
22033,13068,2312.28,1
22034,14132,4812.73,1
22035,21130,2846.36,1
22036,25101,3386.78,0
22037,11386,2772.83,1
22038,1242,1640.86,1
22039,17361,4370.96,0
22040,9008,881.55,0
22041,18861,4828.85,1
22042,7348,886.22,0
22043,6991,2124.51,0
22044,15069,812.88,0
22045,13051,4772.53,1
22046,31187,841.2,0
22047,33881,2840.72,0
22048,30920,2391.64,0
22049,17952,4586.53,1
22050,11446,4921.43,1
22051,13060,2641.87,1
22052,14404,3383.07,1
22053,10257,4959.44,1
22054,906,2426.74,0
22055,32322,2630.67,1
22056,29230,4592.45,0
22057,31674,2208.72,0
22058,20410,803.36,1
22059,34349,1242.87,1
22060,11402,432.12,1
22061,20280,4860.63,0
22062,30267,1566.97,0
22063,25122,1535.79,1
22064,22299,2902.16,0
22065,28599,3384.9,1
22066,2243,4802.97,1
22067,6508,1453.89,0
22068,17389,558.8,0
22069,31905,270.66,1
22070,10091,165.21,1
22071,20531,3587.96,1
22072,25607,4122.01,1
22073,28175,1913.26,0
22074,25510,341.76,0
22075,23195,840.68,0
22076,103,4757.66,0
22077,24629,2809.56,1
22078,14667,247.88,0
22079,14662,4483.07,0
22080,16474,4014.67,1
22081,5865,2371.89,1
22082,14852,1243.56,1
22083,17859,3725.44,0
22084,3841,465.64,1
22085,9728,588.71,0
22086,2146,2800.58,1
22087,8770,1872.79,1
22088,6507,3842.5,0
22089,26782,3581.35,1
22090,26770,1900.12,1
22091,18593,3869.6,0
22092,21270,3480.95,0
22093,3403,4079.92,1
22094,25251,1606.72,1
22095,17066,516.67,1
22096,33504,659.85,1
22097,12345,3124.89,1
22098,25013,2082.71,1
22099,32039,659.73,1
22100,7704,2565.55,1
22101,20363,596.96,1
22102,7094,3337.6,0
22103,26602,4683.89,0
22104,14765,2743.5,1
22105,4615,1674.25,0
22106,30412,1189.31,1
22107,27980,4098.34,0
22108,25998,1026.25,0
22109,9543,2042.77,1
22110,16485,2465.35,1
22111,11285,4723.44,1
22112,17169,1753.64,1
22113,1271,357.79,0
22114,7294,1583.52,1
22115,3736,2021.92,1
22116,3250,2058.77,1
22117,27184,1633.15,1
22118,17569,3572.95,1
22119,10366,3346.3,0
22120,1112,4292.33,0
22121,3793,4718.66,0
22122,22270,2572.75,1
22123,6004,853.25,0
22124,3100,3792.04,1
22125,33600,2495.1,1
22126,4307,1580.88,1
22127,31750,2865.76,0
22128,13700,2305.62,0
22129,33501,2295.45,0
22130,29822,4800.21,1
22131,6145,4649.61,0
22132,24483,365.53,1
22133,30194,162.13,0
22134,28544,286.38,0
22135,7539,4975.7,1
22136,4748,4922.16,0
22137,33189,2939.76,0
22138,7952,3735.68,0
22139,22529,4063.72,1
22140,13071,3170.81,1
22141,1726,2596.5,0
22142,16770,3876.32,1
22143,13114,3815.72,1
22144,11849,3793.45,1
22145,11158,4187.85,0
22146,14293,1485.45,0
22147,5372,1490.59,1
22148,27893,4757.13,1
22149,28900,4681.21,1
22150,23250,4818.25,1
22151,23211,449.97,0
22152,15801,2848.45,1
22153,24029,1148.79,1
22154,21771,2405.84,1
22155,24920,4161.39,1
22156,28373,2466.84,1
22157,24221,4832.76,0
22158,33801,2038.7,1
22159,24997,115.24,1
22160,10865,1605.08,1
22161,6794,1008.39,0
22162,14086,4396.71,1
22163,8847,729.1,0
22164,17129,3340.32,1
22165,18390,2359.98,0
22166,2594,1548.23,1
22167,28738,3745.32,0
22168,8157,653.79,1
22169,30603,3845.34,0
22170,23645,2956.15,1
22171,5614,2289.03,1
22172,28810,2816.75,1
22173,7447,4032.27,0
22174,15623,1797.61,0
22175,30561,3706.98,1
22176,33698,3671.26,0
22177,6291,1196.18,0
22178,14808,3813.76,0
22179,895,1017.34,0
22180,11021,4320.06,0
22181,12663,214.98,1
22182,17922,4288.97,1
22183,11574,152.66,0
22184,3628,344.04,1
22185,9359,4652.61,0
22186,7571,1159.31,0
22187,19002,2559.34,1
22188,9897,2454.63,1
22189,13612,1934.25,0
22190,3734,978.66,0
22191,16206,759.16,1
22192,17750,1261.83,0
22193,5530,4660.31,0
22194,6311,3263.28,0
22195,7827,845.15,1
22196,32064,1214.58,1
22197,28477,3109.34,1
22198,11142,1156.14,1
22199,19484,4586.95,0
22200,18110,1023.5,1
22201,11855,4461.43,1
22202,22609,757.4,0
22203,29493,3302.6,1
22204,2001,2708.41,0
22205,4678,1706.39,1
22206,5804,1102.78,0
22207,15794,2443.22,0
22208,13461,3439.57,1
22209,6904,138.0,0
22210,23628,2960.8,1
22211,7620,2572.2,0
22212,28459,2949.62,1
22213,8170,279.06,1
22214,25931,1564.22,1
22215,30695,4763.2,0
22216,18145,3634.15,0
22217,32924,3443.9,0
22218,19079,2614.7,1
22219,25873,1375.45,1
22220,23553,2673.77,1
22221,18574,1654.05,1
22222,31118,2340.04,0
22223,31083,397.68,1
22224,7966,4854.05,1
22225,9405,426.07,1
22226,34911,836.75,1
22227,29839,4407.82,1
22228,4816,2388.38,0
22229,32300,2893.13,0
22230,19333,3700.11,0
22231,29377,4909.3,0
22232,795,2366.09,1
22233,23620,2416.89,1
22234,33878,4921.45,0
22235,31613,3307.34,0
22236,25764,454.7,1
22237,26087,981.34,0
22238,32883,1765.53,0
22239,21082,2813.13,0
22240,6299,1184.43,1
22241,13550,1327.59,1
22242,27027,1138.24,1
22243,34899,3869.15,1
22244,11605,162.78,0
22245,26744,2212.42,1
22246,14143,1368.18,0
22247,32993,2397.63,0
22248,17145,1722.87,0
22249,19262,2627.81,0
22250,27,2030.74,0
22251,11217,4541.42,0
22252,25051,2763.32,1
22253,338,3704.28,0
22254,9183,1890.39,1
22255,30917,789.69,1
22256,1829,4013.36,1
22257,31810,3841.99,1
22258,28721,1623.07,1
22259,17871,2184.53,1
22260,3020,4487.77,0
22261,10554,3403.1,1
22262,22841,4244.79,1
22263,10421,3386.58,0
22264,10009,1774.9,1
22265,34462,2454.63,1
22266,1909,523.58,1
22267,30657,3568.13,0
22268,13800,3347.95,1
22269,18676,1001.33,0
22270,23833,1034.91,1
22271,9287,4545.06,1
22272,5416,3095.57,1
22273,28009,4767.73,1
22274,11915,2133.07,0
22275,7595,178.89,0
22276,8333,508.39,1
22277,31451,3289.95,0
22278,6083,3265.29,1
22279,21155,4899.67,1
22280,27521,3708.37,1
22281,24158,3429.3,1
22282,27744,1100.12,1
22283,31079,4390.6,0
22284,1914,3532.92,1
22285,32016,3502.9,1
22286,28539,2655.19,0
22287,21338,4022.33,1
22288,10740,361.68,0
22289,26576,3041.46,1
22290,30763,3517.18,0
22291,5315,4446.42,1
22292,27618,1731.59,1
22293,14046,2812.12,0
22294,10787,1125.16,1
22295,30565,1164.23,1
22296,18914,658.67,0
22297,29053,1480.67,1
22298,4913,739.72,0
22299,23625,2324.21,0
22300,565,1802.63,0
22301,1189,3044.4,0
22302,23337,1975.78,1
22303,12030,2940.98,1
22304,26317,738.74,0
22305,25499,2799.59,1
22306,22620,3079.73,0
22307,5450,3883.53,1
22308,1810,4984.21,0
22309,27261,3764.18,1
22310,31375,3641.72,1
22311,31226,2969.01,1
22312,2128,406.33,1
22313,1035,935.86,0
22314,28273,2529.21,1
22315,14823,1232.04,1
22316,14385,1004.36,1
22317,21607,828.21,0
22318,18448,3658.25,0
22319,7945,4265.46,1
22320,29791,4922.55,0
22321,23948,1460.54,0
22322,30658,2619.69,0
22323,5222,267.62,0
22324,17990,624.32,1
22325,8108,4118.89,1
22326,7616,1757.18,1
22327,25578,690.81,0
22328,10595,2152.73,1
22329,4733,4698.02,1
22330,32502,4617.11,0
22331,5905,2491.56,0
22332,21389,2470.4,0
22333,12428,2282.21,1
22334,25271,920.47,1
22335,3709,1157.13,0
22336,5785,1319.97,0
22337,1650,3468.44,1
22338,15276,2397.44,1
22339,13445,2450.49,0
22340,25852,2901.67,1
22341,32136,3780.11,1
22342,14400,3909.34,0
22343,13571,2617.93,0
22344,14698,4610.05,0
22345,14687,246.81,1
22346,5364,4470.0,1
22347,31232,1982.85,1
22348,29436,4854.11,1
22349,33348,4913.12,1
22350,12753,1871.63,0
22351,22564,2800.18,0
22352,32074,2215.72,1
22353,2062,3842.58,1
22354,20643,3771.01,0
22355,10686,4583.09,1
22356,18513,1366.5,1
22357,32850,3279.92,0
22358,10201,904.25,0
22359,28476,2395.1,0
22360,9560,3477.77,1
22361,19169,2204.02,1
22362,549,3843.5,1
22363,21635,1987.12,0
22364,15721,2975.58,1
22365,19128,1983.53,0
22366,13547,2589.26,0
22367,19466,4914.11,1
22368,27090,3808.19,1
22369,5290,3879.48,1
22370,30263,4339.65,1
22371,18359,2808.31,1
22372,1044,1102.16,1
22373,34027,3713.76,1
22374,22846,2903.18,1
22375,22485,4776.46,0
22376,32912,1204.28,0
22377,27240,876.02,1
22378,32358,2338.27,1
22379,14848,3719.73,1
22380,4243,2524.64,0
22381,29153,701.12,1
22382,30989,2422.53,1
22383,29601,161.35,1
22384,29822,711.78,1
22385,34367,3863.82,1
22386,33930,2755.64,1
22387,30897,4510.95,0
22388,5031,3898.91,0
22389,10056,3489.9,0
22390,26891,1810.16,1
22391,1064,358.29,1
22392,14173,1877.64,1
22393,9968,4325.02,1
22394,27684,2022.5,1
22395,11919,2247.11,0
22396,21532,3479.52,1
22397,3489,556.58,0
22398,9051,2411.31,0
22399,21300,3907.22,0
22400,6331,345.65,1
22401,1883,2861.88,0
22402,7498,4768.64,1
22403,16522,1841.35,0
22404,25968,3628.96,1
22405,27623,4534.82,0
22406,13669,1577.95,0
22407,6195,4738.45,1
22408,17484,4560.22,0
22409,14810,1246.07,1
22410,14705,2603.96,1
22411,29909,3834.14,0
22412,13048,3995.97,0
22413,10206,1743.26,1
22414,31264,1186.97,0
22415,5181,2339.05,0
22416,19283,1520.21,0
22417,23828,4569.48,0
22418,15081,3525.07,1
22419,7564,2336.62,0
22420,27116,774.64,0
22421,18804,4198.59,0
22422,32807,123.15,1
22423,18670,1457.61,0
22424,17482,2178.31,0
22425,27565,2780.65,1
22426,14473,2742.85,1
22427,21638,1691.65,1
22428,13271,4190.02,0
22429,7142,2700.32,1
22430,11530,4223.74,0
22431,8979,2303.32,1
22432,25924,2491.13,0
22433,34279,3789.41,1
22434,4429,1695.27,1
22435,25349,3164.49,1
22436,14751,3714.89,1
22437,33514,3340.09,1
22438,16355,1196.86,0
22439,17276,2691.42,0
22440,5477,1645.7,1
22441,31801,4635.25,0
22442,202,859.28,1
22443,33930,2038.14,1
22444,16058,3819.6,0
22445,25554,2476.4,0
22446,5922,1500.24,0
22447,34348,1446.61,1
22448,23745,851.7,1
22449,2674,2188.56,1
22450,23968,4583.66,0
22451,28135,4248.8,1
22452,20389,2589.51,0
22453,1792,4326.84,1
22454,32742,971.58,0
22455,26396,1322.68,0
22456,25792,918.03,0
22457,2745,2773.29,1
22458,33208,627.54,0
22459,12755,857.4,1
22460,13765,1082.48,0
22461,16229,1285.39,0
22462,14340,3322.41,1
22463,19506,3249.36,1
22464,31646,958.34,0
22465,12595,4411.06,1
22466,2296,4168.9,1
22467,10050,4029.18,1
22468,32664,1984.48,1
22469,1809,3155.05,0
22470,16516,1723.18,1
22471,18928,4888.74,0
22472,32406,2486.74,0
22473,27303,4808.95,0
22474,11362,529.75,0
22475,14081,4510.65,1
22476,26809,4354.4,1
22477,18150,506.99,0
22478,13800,1553.01,0
22479,18604,3151.12,1
22480,28083,1393.48,1
22481,28889,689.2,1
22482,16793,604.29,1
22483,23353,121.4,1
22484,23714,667.35,0
22485,314,461.76,1
22486,15893,2250.27,0
22487,2702,348.67,1
22488,17076,1718.87,1
22489,20585,3870.25,0
22490,34489,1830.7,0
22491,25240,1837.2,0
22492,10188,4444.1,1
22493,6635,1820.34,1
22494,32356,1680.52,1
22495,22526,2916.55,1
22496,269,274.29,1
22497,23616,1410.45,0
22498,32708,530.31,0
22499,15289,3293.75,0
22500,30736,2607.02,1
22501,479,4069.86,1
22502,19223,3244.03,1
22503,19941,4943.9,0
22504,31116,2435.09,0
22505,28488,4884.16,0
22506,953,1705.16,0
22507,22284,4231.5,0
22508,18715,3009.25,1
22509,1753,1569.08,0
22510,24418,3716.98,1
22511,19009,1921.67,0
22512,12678,3562.53,1
22513,26193,1046.12,0
22514,17937,2682.16,0
22515,23429,3099.88,0
22516,34314,2522.16,0
22517,1744,1459.15,1
22518,17488,2489.47,0
22519,1052,2019.63,0
22520,7544,173.07,1
22521,10303,2763.31,1
22522,21234,2968.16,0
22523,11351,3474.51,1
22524,28032,2951.27,0
22525,20898,3912.9,0
22526,8421,4693.77,0
22527,26695,2751.3,0
22528,14613,4137.72,1
22529,16221,4305.0,0
22530,33365,3248.08,1
22531,15986,3793.35,1
22532,552,4596.69,0
22533,3513,3107.46,1
22534,10141,1978.47,1
22535,29384,4656.79,1
22536,18871,2803.1,0
22537,22987,4671.77,1
22538,12689,4111.51,1
22539,21172,3350.31,0
22540,9912,4443.78,1
22541,32431,2818.7,1
22542,11435,3115.9,1
22543,10948,898.78,0
22544,17102,204.2,0
22545,30072,4172.04,1
22546,14472,2399.47,0
22547,1012,408.03,1
22548,3931,2544.37,1
22549,420,2919.4,1
22550,21338,2038.82,0
22551,15871,3444.0,1
22552,16579,552.04,1
22553,31650,3606.09,0
22554,23590,2298.89,1
22555,24106,2540.89,0
22556,2894,1794.7,1
22557,9547,1685.53,0
22558,15011,851.14,0
22559,14674,3364.46,1
22560,19522,4153.57,1
22561,26201,1138.43,0
22562,30318,4045.06,0
22563,22379,3988.64,1
22564,5636,501.96,1
22565,8779,1207.21,1
22566,1915,351.18,0
22567,33149,1671.65,1
22568,16847,3389.05,0
22569,21093,140.76,1
22570,23328,920.46,0
22571,18177,667.64,1
22572,23677,1979.52,1
22573,3965,3006.97,0
22574,19537,4791.87,1
22575,27204,2387.35,1
22576,22599,2096.35,1
22577,8245,4758.19,1
22578,20741,1705.97,0
22579,21115,3029.39,1
22580,12273,3789.91,0
22581,26568,3869.75,1
22582,31073,1927.57,0
22583,5379,2101.63,0
22584,31969,302.09,0
22585,11389,4710.36,1
22586,7515,2120.36,1
22587,4461,4130.54,0
22588,18508,3514.26,0
22589,6359,1490.76,0
22590,11991,4347.33,1
22591,14126,4161.84,0
22592,20954,2545.04,1
22593,1789,4058.49,1
22594,34824,4210.26,0
22595,12137,4920.59,1
22596,19758,4245.15,0
22597,28573,2578.85,0
22598,28307,2902.05,1
22599,8429,1472.13,1
22600,4265,4540.92,0
22601,31488,789.64,0
22602,6534,4645.88,0
22603,5470,2828.41,0
22604,1859,689.2,0
22605,8360,1479.31,0
22606,8603,2142.89,0
22607,24162,4512.35,0
22608,9644,947.49,0
22609,21584,1494.96,1
22610,8749,3991.87,0
22611,25277,1317.38,1
22612,18332,4484.41,1
22613,20373,437.54,1
22614,20733,2624.99,1
22615,26732,731.2,0
22616,34181,1613.38,1
22617,11829,927.23,0
22618,5513,2313.5,0
22619,11988,2816.6,1
22620,211,2831.8,1
22621,6768,884.1,1
22622,23875,4515.61,1
22623,29123,1056.84,1
22624,4666,1819.06,0
22625,21674,1481.15,1
22626,5117,2295.92,1
22627,10213,4197.1,1
22628,3911,1821.64,0
22629,3184,4920.75,0
22630,11398,3196.83,0
22631,17975,1791.83,1
22632,26016,2315.14,0
22633,34384,1521.96,1
22634,15941,891.96,0
22635,12159,4736.42,0
22636,11957,1988.48,0
22637,4719,4132.13,1
22638,30913,3018.71,1
22639,23772,2221.34,1
22640,29731,2765.74,0
22641,21528,1622.1,1
22642,2378,4329.89,0
22643,9192,3050.49,0
22644,12152,3381.07,0
22645,30168,1992.46,1
22646,23876,2609.28,1
22647,9426,3651.53,1
22648,28243,2540.88,1
22649,13773,1131.18,0
22650,20888,1247.09,1
22651,25338,1254.34,0
22652,23262,3864.04,0
22653,11389,1174.28,1
22654,77,4601.65,0
22655,2848,4721.68,1
22656,17976,803.89,0
22657,23325,1423.28,0
22658,32145,754.68,1
22659,28960,4165.69,0
22660,14410,760.94,0
22661,13735,2616.27,0
22662,10759,436.29,1
22663,30734,714.22,1
22664,4478,2243.18,1
22665,12449,4467.01,0
22666,4369,4000.61,1
22667,34755,788.59,1
22668,13962,1790.16,0
22669,34615,567.5,1
22670,20911,623.32,1
22671,8720,478.53,1
22672,29503,4507.14,1
22673,17724,476.55,0
22674,26461,4912.43,1
22675,974,1272.96,0
22676,27332,3223.99,0
22677,26835,4627.22,1
22678,27312,3131.82,0
22679,15873,1853.04,0
22680,16222,2310.58,1
22681,34748,1653.3,0
22682,31058,3140.11,1
22683,19333,1368.99,1
22684,17171,2142.77,1
22685,6896,496.16,1
22686,12766,676.96,1
22687,13402,1222.17,0
22688,2030,963.22,1
22689,33605,4385.49,0
22690,27542,2793.85,1
22691,1067,796.41,0
22692,25116,199.56,1
22693,5045,2146.24,1
22694,33346,225.49,0
22695,18738,1797.16,1
22696,18083,4370.18,1
22697,1491,103.11,1
22698,25232,3308.91,0
22699,7294,3043.05,0
22700,25553,1675.44,1
22701,12232,3569.08,1
22702,7852,1164.4,0
22703,6086,1425.09,1
22704,21067,1935.37,1
22705,16851,3543.08,1
22706,29699,1626.2,1
22707,1806,109.42,1
22708,9742,3090.77,0
22709,34999,1412.27,1
22710,19495,3797.89,0
22711,28425,1308.28,0
22712,18539,373.12,1
22713,31903,414.98,1
22714,9503,2106.72,1
22715,9933,229.32,1
22716,16311,742.88,1
22717,17111,800.65,1
22718,33042,1567.5,0
22719,29245,4832.19,1
22720,6066,342.73,1
22721,34575,3721.56,0
22722,31823,3398.29,1
22723,2299,1430.45,1
22724,19393,438.62,1
22725,13814,1480.0,1
22726,21508,3341.06,1
22727,22769,287.17,1
22728,6055,241.04,0
22729,21646,1984.56,1
22730,16518,3478.51,0
22731,14024,4844.26,1
22732,12499,4467.88,1
22733,5362,3902.94,1
22734,3595,1540.25,0
22735,18550,4062.52,0
22736,33835,2551.44,0
22737,27103,1127.0,1
22738,11556,555.15,0
22739,8654,2242.41,1
22740,364,3565.28,0
22741,9317,2033.0,0
22742,5632,2664.28,1
22743,14851,2563.78,1
22744,12576,4830.02,1
22745,32265,2128.87,0
22746,32156,1169.23,1
22747,26568,679.69,0
22748,10329,686.03,1
22749,33305,3452.17,1
22750,23149,1424.08,1
22751,33905,2149.54,0
22752,30984,1740.06,0
22753,21289,4686.66,0
22754,669,2315.53,1
22755,17759,2922.19,1
22756,10896,3696.01,1
22757,32918,2305.15,0
22758,22823,2137.32,0
22759,15762,165.54,0
22760,21660,1667.72,0
22761,31704,3634.28,0
22762,14102,760.68,0
22763,25678,2538.79,1
22764,1353,2574.27,0
22765,12458,1304.0,0
22766,3330,665.43,0
22767,25640,3351.65,1
22768,11239,4829.27,1
22769,8789,1838.84,1
22770,30099,3107.17,1
22771,10810,1423.84,1
22772,15471,3033.04,0
22773,29,138.81,1
22774,14956,2828.68,0
22775,7878,4848.42,0
22776,2704,4475.18,0
22777,8141,871.56,1
22778,27827,2933.04,1
22779,27354,2824.65,1
22780,1612,3406.93,1
22781,25090,1199.08,0
22782,12993,2851.83,0
22783,23405,2761.39,1
22784,22882,835.37,0
22785,7014,1641.88,0
22786,25477,2092.05,0
22787,14599,3055.75,0
22788,783,2179.17,1
22789,363,4874.88,0
22790,3071,1879.44,1
22791,21700,3463.9,0
22792,6039,1175.51,1
22793,2303,882.15,0
22794,32214,4414.16,1
22795,916,1565.84,0
22796,9920,2187.53,0
22797,21913,3662.02,1
22798,5929,4773.47,1
22799,2403,936.93,1
22800,5509,1195.32,0
22801,28535,516.43,0
22802,2924,4499.93,1
22803,20397,3481.93,0
22804,22287,3677.5,0
22805,17512,1915.01,1
22806,15134,2642.5,0
22807,23197,1279.07,1
22808,20765,1337.06,1
22809,28487,2996.68,0
22810,11820,1260.32,1
22811,34529,828.51,1
22812,26240,2906.03,1
22813,12487,2857.07,0
22814,9722,1146.5,1
22815,13591,4029.52,1
22816,24347,4963.69,1
22817,15555,2021.91,0
22818,30617,305.65,1
22819,7157,864.69,1
22820,9124,3696.15,1
22821,11214,516.76,0
22822,13679,2071.3,1
22823,6193,4229.31,0
22824,19558,1550.77,0
22825,27313,807.53,1
22826,4091,4978.92,1
22827,32409,118.62,1
22828,2314,2684.72,1
22829,3493,120.36,1
22830,20006,816.14,0
22831,24201,416.23,1
22832,11019,532.1,0
22833,6012,3455.97,0
22834,9518,4881.58,1
22835,2356,4712.2,0
22836,23067,2032.72,1
22837,3687,1929.6,0
22838,7414,449.09,0
22839,1480,2758.08,1
22840,29198,1477.5,1
22841,1111,1316.83,0
22842,28400,4041.58,0
22843,21954,102.62,0
22844,34918,3567.93,0
22845,30759,2565.87,0
22846,22973,864.66,1
22847,8015,4990.55,0
22848,18640,3881.12,0
22849,27780,1175.48,0
22850,12742,2966.36,1
22851,28524,3398.84,0
22852,28345,2754.27,0
22853,13724,3759.9,0
22854,27286,4892.45,1
22855,10945,2281.9,0
22856,18309,2676.66,1
22857,19951,1878.66,0
22858,27961,4416.9,1
22859,32921,2483.11,1
22860,3451,2002.24,1
22861,24393,1078.33,1
22862,14264,4396.66,0
22863,28914,4806.08,1
22864,23955,355.54,0
22865,26164,1607.99,1
22866,19091,172.03,1
22867,602,914.03,0
22868,2210,158.21,0
22869,23710,3999.5,1
22870,33446,4348.06,1
22871,32909,4843.68,1
22872,29051,1505.52,1
22873,13387,1844.12,0
22874,1695,1235.66,1
22875,2569,2411.83,1
22876,31663,4597.19,1
22877,22959,4147.13,0
22878,3386,2895.39,1
22879,8024,522.25,1
22880,19655,4875.62,0
22881,30618,1653.34,0
22882,25018,974.62,1
22883,34923,4914.18,0
22884,22816,1497.81,0
22885,23013,987.89,1
22886,2699,1984.24,0
22887,30331,2138.46,0
22888,4045,4441.12,1
22889,14663,1593.9,0
22890,33508,2371.47,0
22891,11795,2312.25,1
22892,19241,1840.06,1
22893,22066,3054.51,1
22894,2594,437.62,0
22895,26882,1859.23,1
22896,2265,2313.28,0
22897,7397,2970.25,0
22898,15736,341.59,0
22899,13699,2398.47,1
22900,25902,1526.96,0
22901,21472,4450.37,1
22902,4510,4260.31,1
22903,23844,346.04,0
22904,5334,606.74,1
22905,15078,471.29,0
22906,12536,2675.87,0
22907,16580,4911.39,1
22908,27094,1133.34,1
22909,18882,1814.85,0
22910,22358,1274.7,1
22911,2251,4980.41,1
22912,20415,3742.55,0
22913,22173,4848.16,1
22914,10025,2562.73,0
22915,23994,184.84,1
22916,1039,1144.46,0
22917,28381,2816.56,0
22918,7786,2917.28,0
22919,2486,1398.17,1
22920,21491,1902.79,0
22921,20251,402.02,0
22922,6782,2885.18,0
22923,34332,3666.5,0
22924,15361,734.43,0
22925,22127,4805.31,0
22926,7332,4095.6,0
22927,13191,3293.35,1
22928,8794,4864.37,1
22929,2157,2079.99,1
22930,22597,2308.06,0
22931,20846,2689.16,1
22932,15561,3621.38,1
22933,22622,1343.71,1
22934,23586,4245.05,0
22935,20962,4041.54,0
22936,26686,3155.36,0
22937,33362,1855.87,0
22938,8763,2670.13,0
22939,28145,4471.31,0
22940,16837,4078.13,0
22941,2328,593.18,1
22942,15539,3107.11,0
22943,26307,3319.58,1
22944,21037,2762.95,0
22945,2109,1232.32,1
22946,6413,4376.28,0
22947,26052,1871.41,1
22948,5267,1641.38,0
22949,6442,4181.84,0
22950,13971,3935.13,1
22951,8329,513.92,1
22952,21389,282.42,1
22953,33985,3904.17,1
22954,34764,4927.97,0
22955,21404,3174.74,1
22956,11215,1399.64,0
22957,2014,3482.48,0
22958,14984,3710.14,1
22959,23337,4438.52,1
22960,28409,3383.2,1
22961,23981,4615.61,1
22962,6283,4303.49,0
22963,29529,2497.97,0
22964,15125,4478.73,0
22965,26683,4141.85,1
22966,34173,4234.66,1
22967,30798,3178.85,1
22968,568,2213.1,0
22969,444,2267.93,1
22970,31290,1160.18,0
22971,15204,502.59,1
22972,175,2666.6,0
22973,26252,2718.35,1
22974,6967,1073.1,0
22975,4062,3793.86,0
22976,14581,2625.45,0
22977,29561,1123.47,0
22978,22608,4786.66,0
22979,31056,1524.96,0
22980,10169,4823.36,0
22981,21296,3812.55,0
22982,30381,4500.52,0
22983,11441,1695.01,1
22984,12175,4987.12,0
22985,25655,1797.72,1
22986,18175,2797.62,1
22987,19387,3519.83,1
22988,9010,2952.62,1
22989,1497,3479.03,0
22990,32232,3683.83,1
22991,5168,4476.78,1
22992,16257,3307.47,0
22993,28726,4475.2,1
22994,23717,2970.06,0
22995,4703,1735.2,1
22996,172,3765.51,0
22997,3833,249.32,1
22998,33614,962.16,0
22999,5142,4885.87,0
23000,5935,2621.76,1
23001,10650,124.58,0
23002,10278,3886.46,1
23003,17334,165.75,1
23004,34219,1967.45,0
23005,15051,3388.21,0
23006,9235,2874.19,0
23007,1440,1265.75,1
23008,13821,2119.66,0
23009,33527,4866.06,0
23010,13580,3650.05,0
23011,6113,4051.76,0
23012,24155,4730.98,0
23013,10910,4716.16,1
23014,8625,4890.15,0
23015,32738,4253.52,0
23016,31983,4272.65,0
23017,23219,3234.18,0
23018,26125,1308.63,1
23019,8807,3091.08,0
23020,19129,1261.67,0
23021,23129,2638.2,1
23022,24183,547.71,0
23023,8314,2066.78,1
23024,9501,1122.42,1
23025,13421,2985.17,1
23026,1220,3688.74,0
23027,4239,2697.47,1
23028,4612,2411.45,0
23029,7232,4571.85,1
23030,19997,1206.82,0
23031,33840,2641.9,0
23032,19434,2407.15,0
23033,6493,2471.83,0
23034,9498,725.2,1
23035,34783,2246.32,1
23036,17756,3214.69,1
23037,18646,1581.05,1
23038,10107,935.71,1
23039,5467,2210.41,0
23040,28383,1296.77,1
23041,16305,2177.87,1
23042,8411,1339.79,1
23043,8863,653.54,0
23044,8278,1060.12,0
23045,16703,3977.86,0
23046,612,4504.27,1
23047,14458,671.45,0
23048,2654,931.98,0
23049,6746,1840.56,0
23050,20531,3559.07,0
23051,18038,864.84,0
23052,33467,1442.15,0
23053,19903,4893.26,1
23054,33616,4404.62,1
23055,18222,1012.19,0
23056,20910,651.02,0
23057,13892,1503.41,0
23058,32358,1014.76,0
23059,4480,4542.08,1
23060,15866,2295.46,1
23061,9740,1781.42,1
23062,21738,2509.63,1
23063,25826,2212.73,0
23064,16052,4779.81,0
23065,20346,3358.42,0
23066,9158,4567.01,0
23067,8713,852.92,1
23068,34725,3556.8,0
23069,8558,4741.59,0
23070,16660,4146.26,0
23071,20770,3972.32,1
23072,8617,405.14,1
23073,1007,2178.43,0
23074,19532,3576.19,1
23075,7781,2453.17,0
23076,15648,1004.09,0
23077,14744,2770.18,0
23078,9792,373.78,0
23079,18569,122.25,0
23080,34944,888.73,0
23081,29585,455.85,0
23082,34021,2289.56,1
23083,9780,269.84,1
23084,23391,1938.29,1
23085,3811,4328.26,1
23086,22804,4570.86,0
23087,22234,4169.01,0
23088,597,2727.01,1
23089,2351,1645.56,0
23090,6917,1876.06,0
23091,10145,1149.58,1
23092,31270,964.88,0
23093,26382,970.43,0
23094,2898,2120.61,1
23095,24694,3010.0,0
23096,23484,4543.12,0
23097,14524,509.78,0
23098,19228,4113.4,0
23099,5977,2098.08,1
23100,32152,492.48,0
23101,31885,1668.16,1
23102,8761,2894.48,0
23103,33989,4566.59,0
23104,23695,320.75,0
23105,16776,4441.2,0
23106,27212,2962.02,0
23107,4585,1989.52,1
23108,25461,3666.52,1
23109,22627,4575.3,0
23110,15477,3421.56,0
23111,11732,1458.59,0
23112,18490,4567.49,0
23113,6263,859.65,0
23114,21200,746.36,0
23115,9374,2350.94,1
23116,19504,1193.61,0
23117,30831,3336.37,1
23118,26028,206.63,0
23119,7152,3210.13,1
23120,28293,1561.77,0
23121,17281,2515.67,1
23122,19982,690.96,1
23123,27534,3439.43,1
23124,11261,4031.14,0
23125,34287,3547.66,0
23126,24243,4489.49,1
23127,24039,2622.83,0
23128,33127,2391.24,1
23129,9230,920.36,1
23130,24922,4704.33,1
23131,27462,105.48,0
23132,13070,1952.9,0
23133,13296,1698.47,1
23134,18021,1910.81,1
23135,16691,4596.87,1
23136,34600,4656.44,0
23137,27654,2104.05,1
23138,27839,2332.33,1
23139,418,3782.39,0
23140,2976,4520.21,0
23141,13628,1543.11,0
23142,33141,2255.13,0
23143,26601,1104.09,1
23144,31928,3411.99,0
23145,14274,2044.31,0
23146,21443,835.17,0
23147,34877,3069.42,1
23148,32721,1144.86,1
23149,31166,3285.77,0
23150,14043,3398.51,0
23151,22886,2714.16,1
23152,15769,1310.67,0
23153,30952,2094.92,0
23154,3785,2521.38,1
23155,34934,2499.65,0
23156,9293,4106.67,0
23157,15069,2909.89,0
23158,28095,559.69,1
23159,25772,3950.0,1
23160,6297,4961.2,1
23161,12313,3948.16,0
23162,3967,4934.74,0
23163,11024,975.45,0
23164,18429,3996.83,0
23165,1005,2415.49,0
23166,24492,4959.64,1
23167,22951,4137.41,0
23168,13240,786.54,1
23169,21048,2573.37,0
23170,15899,2121.09,1
23171,16481,2344.91,0
23172,32201,4002.4,1
23173,32191,1423.5,0
23174,24178,112.9,0
23175,17456,2992.77,0
23176,24574,4698.47,0
23177,34300,2739.82,1
23178,33799,796.14,0
23179,16485,1345.58,1
23180,12720,110.83,0
23181,16586,3313.08,0
23182,17092,786.62,0
23183,10834,3936.76,1
23184,6566,2352.45,1
23185,29082,2304.39,0
23186,19831,2058.23,1
23187,24523,3094.11,1
23188,15136,555.27,1
23189,8734,3239.39,0
23190,32246,4699.94,1
23191,26709,4591.75,1
23192,34456,4217.74,1
23193,15191,2502.03,0
23194,27663,3153.28,0
23195,11605,2278.25,0
23196,34884,692.38,0
23197,7644,339.63,1
23198,18027,3537.67,1
23199,12161,2972.16,0
23200,25394,1710.82,0
23201,19478,1543.78,0
23202,17982,2980.59,1
23203,14507,3896.87,1
23204,8349,2892.0,0
23205,19722,4240.32,0
23206,7528,1946.83,0
23207,20462,3949.17,1
23208,30799,2803.39,0
23209,33624,4938.16,0
23210,25794,3046.45,0
23211,31609,4515.81,0
23212,34610,505.27,0
23213,10399,4263.17,1
23214,5756,1730.2,1
23215,31361,4918.98,1
23216,26839,931.95,1
23217,9585,1515.31,1
23218,14176,949.46,0
23219,31190,1690.96,1
23220,16285,3751.58,0
23221,28014,3385.63,0
23222,12355,4278.94,0
23223,2679,2460.9,1
23224,9482,3569.05,0
23225,29944,4959.04,1
23226,958,4491.98,1
23227,7453,2893.67,0
23228,4156,3880.62,0
23229,32597,2197.62,0
23230,1125,3644.19,0
23231,5941,2096.98,1
23232,10309,4361.99,0
23233,23289,3685.99,0
23234,3022,535.96,0
23235,33945,1911.1,0
23236,29970,4510.72,0
23237,34698,1829.58,0
23238,10421,4178.69,1
23239,14128,3947.64,0
23240,34174,4181.52,1
23241,24801,2694.13,1
23242,23922,4506.37,0
23243,34671,2164.6,0
23244,34582,1155.54,0
23245,1264,3990.31,1
23246,2802,2800.2,1
23247,31400,3553.15,0
23248,12356,4933.03,1
23249,16107,1299.37,1
23250,20180,3799.59,0
23251,20214,2743.61,0
23252,12534,2699.49,0
23253,5566,4936.36,0
23254,32964,2872.38,1
23255,4565,1756.69,0
23256,33992,128.26,0
23257,17714,3107.61,0
23258,27535,3413.73,1
23259,5253,4257.21,0
23260,31932,866.38,0
23261,15403,1884.48,1
23262,8247,1427.4,1
23263,7172,2247.94,0
23264,13362,4207.14,0
23265,31741,1801.88,1
23266,27131,4627.34,1
23267,13472,3795.23,1
23268,25384,2217.33,1
23269,5955,4947.24,1
23270,27070,2173.17,1
23271,32629,2334.36,1
23272,32719,4638.99,1
23273,12283,231.84,1
23274,29290,151.62,1
23275,33504,2653.01,1
23276,19703,3819.02,0
23277,33344,854.48,0
23278,5787,1670.49,0
23279,22311,3077.78,0
23280,23686,3735.39,0
23281,13437,2095.93,0
23282,6384,3848.2,0
23283,29871,1768.2,0
23284,9061,618.25,0
23285,9172,3442.81,0
23286,17943,1902.12,0
23287,12028,2427.75,0
23288,10005,2140.27,1
23289,30859,2227.31,0
23290,558,1050.09,1
23291,6264,4854.57,1
23292,8764,3162.98,0
23293,29182,1241.79,0
23294,22264,1021.05,1
23295,33007,1119.34,0
23296,31654,3079.85,0
23297,5494,4304.15,1
23298,18915,1594.65,1
23299,3536,3950.06,0
23300,30223,2671.26,0
23301,9844,1009.46,0
23302,22852,1018.02,1
23303,9684,1941.49,1
23304,24303,2568.19,1
23305,11725,3214.26,1
23306,2466,2633.83,0
23307,28649,209.83,0
23308,3912,3378.6,1
23309,8708,1240.33,1
23310,29454,2488.35,1
23311,6495,1839.88,0
23312,6838,2066.54,1
23313,21368,828.46,0
23314,14815,1233.89,1
23315,19224,3980.15,1
23316,15957,2019.09,1
23317,2117,2683.9,0
23318,31154,3321.15,1
23319,23661,4290.36,1
23320,5825,2988.83,0
23321,23721,4171.12,1
23322,1943,1975.23,0
23323,20163,4991.24,0
23324,642,2556.41,0
23325,6604,2160.44,0
23326,23566,4233.29,0
23327,25537,3882.76,1
23328,33760,2023.5,1
23329,17698,3515.43,1
23330,14647,4797.74,0
23331,22946,168.47,0
23332,8906,2694.72,1
23333,31462,1119.64,1
23334,18411,620.97,1
23335,19729,1377.91,1
23336,14063,237.96,1
23337,13019,2385.34,0
23338,13278,4702.3,0
23339,1526,3795.01,0
23340,739,3881.33,1
23341,30179,2496.53,1
23342,18240,1364.05,1
23343,314,3137.04,1
23344,17976,166.28,0
23345,23358,1126.64,0
23346,121,280.29,1
23347,4848,2017.45,1
23348,691,365.46,0
23349,33439,1851.94,0
23350,7946,1482.82,0
23351,19947,3571.63,0
23352,4359,3637.89,1
23353,29263,340.75,1
23354,17292,2112.7,1
23355,24702,3859.21,0
23356,28999,3196.81,0
23357,1901,4233.0,0
23358,28222,1511.3,1
23359,21802,3042.17,1
23360,30971,2910.1,1
23361,21094,4037.59,1
23362,5516,2730.19,1
23363,26831,262.4,0
23364,8622,4695.21,0
23365,4424,152.97,0
23366,9858,3615.84,0
23367,23648,1792.09,1
23368,11608,3661.8,1
23369,1271,801.57,0
23370,23114,1352.8,1
23371,23697,1794.43,1
23372,30274,3215.35,1
23373,2096,1266.88,1
23374,5577,3705.39,0
23375,28798,828.78,1
23376,21515,1108.06,1
23377,32702,865.69,0
23378,18767,4030.88,1
23379,27903,1696.21,0
23380,22967,1113.61,0
23381,30964,4853.84,0
23382,2018,338.45,0
23383,8315,4118.88,1
23384,13797,955.11,0
23385,4428,4804.37,0
23386,32627,504.85,1
23387,25500,2795.99,1
23388,29465,4350.77,1
23389,31137,1127.02,0
23390,3739,1338.81,0
23391,34544,1362.53,0
23392,9870,2109.39,0
23393,13849,544.33,1
23394,26396,876.99,0
23395,9977,2468.99,1
23396,21996,3784.12,1
23397,673,4973.01,1
23398,2803,4468.19,0
23399,24173,3401.63,1
23400,30780,1968.57,0
23401,25591,4402.72,0
23402,22144,2805.25,0
23403,10362,4725.12,1
23404,17234,4597.26,0
23405,4403,1329.21,0
23406,11425,2676.19,0
23407,27867,3719.51,1
23408,24882,3303.51,1
23409,2173,3859.64,0
23410,30394,1672.06,0
23411,9595,4472.87,0
23412,6819,783.58,1
23413,8214,3916.29,0
23414,6694,1964.17,1
23415,23605,2590.27,1
23416,8992,1379.81,1
23417,30713,3635.62,0
23418,32672,328.27,0
23419,23774,3433.01,1
23420,19574,2524.45,1
23421,14189,1503.52,0
23422,2402,2027.62,0
23423,14205,1504.56,0
23424,32140,4394.46,0
23425,27219,1667.57,0
23426,22186,4921.75,0
23427,12106,306.05,0
23428,30735,2918.05,1
23429,31493,2134.37,1
23430,2833,1370.59,0
23431,30207,3846.27,0
23432,32752,3233.24,1
23433,24088,4773.02,0
23434,14329,1417.33,0
23435,17703,1235.32,1
23436,31868,2414.14,1
23437,22607,1930.21,1
23438,17626,1138.11,1
23439,34751,2830.13,1
23440,87,4735.0,1
23441,20349,2629.8,1
23442,10629,3563.1,1
23443,17226,2491.2,1
23444,28112,435.72,1
23445,6987,821.21,0
23446,20206,741.11,0
23447,33018,2397.84,0
23448,24540,4849.15,0
23449,28636,520.45,0
23450,23111,338.83,1
23451,20268,3966.93,0
23452,3074,4946.61,0
23453,12036,4908.41,0
23454,23189,2556.54,0
23455,11767,2660.78,0
23456,24150,3679.98,1
23457,4147,915.45,1
23458,7013,4938.13,0
23459,21704,4262.65,0
23460,9292,4129.52,1
23461,30492,2487.38,1
23462,9415,2472.57,1
23463,6301,4446.26,0
23464,32883,4063.21,1
23465,1305,2059.25,0
23466,10076,3443.19,1
23467,11973,3825.56,0
23468,18489,4010.75,0
23469,8802,3784.96,1
23470,17999,4670.43,1
23471,26614,4848.97,1
23472,16924,3340.29,0
23473,22549,3218.48,1
23474,6131,3361.63,0
23475,11022,2884.0,0
23476,28305,2909.44,0
23477,7301,1697.17,1
23478,22586,3791.18,0
23479,5458,102.53,0
23480,4088,2071.27,1
23481,1195,4022.81,0
23482,17334,1125.78,1
23483,20413,1024.43,1
23484,16857,3758.06,1
23485,20168,4211.16,1
23486,28068,2046.69,0
23487,34780,2100.94,1
23488,19880,1297.83,0
23489,18318,4880.85,0
23490,7389,854.45,1
23491,20663,2416.44,0
23492,4402,2051.96,1
23493,12283,102.36,0
23494,22964,4007.96,0
23495,9037,866.97,0
23496,16356,803.52,0
23497,30511,4948.03,1
23498,33835,2429.33,1
23499,21743,2325.57,0
23500,29293,4867.45,0
23501,1501,2926.93,0
23502,31924,3304.52,0
23503,7696,546.49,1
23504,22970,4426.43,0
23505,22806,131.02,1
23506,14082,2288.19,0
23507,16863,896.79,0
23508,1907,1421.73,1
23509,20671,2392.39,0
23510,994,581.89,0
23511,17692,2129.54,1
23512,14321,2816.38,0
23513,1387,2072.52,1
23514,3406,3763.1,0
23515,1096,3289.5,1
23516,585,1924.34,1
23517,27985,949.0,0
23518,32348,3947.59,1
23519,4980,4651.06,0
23520,34065,1164.56,1
23521,11962,1070.52,1
23522,8379,4565.55,1
23523,27524,1251.85,0
23524,1731,1274.0,1
23525,34576,2913.83,1
23526,16656,4558.02,1
23527,11591,4031.78,1
23528,472,4675.47,1
23529,32187,3673.77,0
23530,11995,300.06,0
23531,10764,4611.39,0
23532,19914,2025.89,0
23533,5280,3779.35,0
23534,1540,2504.48,1
23535,14803,1687.39,1
23536,27692,4502.25,1
23537,271,2085.48,0
23538,13631,2091.33,0
23539,8956,3605.98,1
23540,29138,1295.93,0
23541,2530,993.72,0
23542,11234,2436.54,0
23543,9950,3965.41,0
23544,3406,3644.6,0
23545,16500,2775.71,0
23546,25939,3159.43,1
23547,9922,4082.66,1
23548,6340,637.85,1
23549,4491,3262.44,0
23550,16492,4672.12,0
23551,22465,3179.36,0
23552,33029,413.64,1
23553,24663,2207.33,1
23554,22264,2130.48,0
23555,25363,3165.03,1
23556,27308,4909.81,0
23557,28423,4908.29,1
23558,5928,4962.14,0
23559,3994,3726.17,1
23560,13360,4906.13,1
23561,29383,3051.44,1
23562,22041,4613.51,1
23563,11179,3595.52,0
23564,27770,4569.13,1
23565,34463,354.12,1
23566,30909,553.85,0
23567,827,727.05,0
23568,238,261.14,1
23569,32418,2530.4,1
23570,12220,4406.35,0
23571,12256,515.47,0
23572,31197,3710.38,0
23573,4114,1868.35,1
23574,17269,1891.88,1
23575,34328,2547.42,1
23576,5902,959.54,1
23577,284,2970.43,1
23578,4676,292.74,1
23579,8744,140.81,1
23580,34380,3185.56,1
23581,7688,4573.25,1
23582,7515,3627.05,0
23583,17519,1916.73,0
23584,7914,2186.59,0
23585,25895,203.03,1
23586,2839,410.13,0
23587,19347,4191.5,1
23588,5827,3700.14,0
23589,17144,4391.43,1
23590,1257,4439.88,0
23591,17594,1907.66,1
23592,15272,4976.56,0
23593,20154,2656.72,0
23594,30621,3913.6,1
23595,2067,2256.56,0
23596,436,3343.32,0
23597,18025,2026.45,0
23598,6216,3338.09,0
23599,34948,2133.32,0
23600,3179,681.4,1
23601,20942,4338.25,0
23602,1127,2649.88,1
23603,30018,1786.91,1
23604,6553,1007.82,0
23605,12169,4492.32,1
23606,3354,136.42,1
23607,11099,3071.22,0
23608,2430,1836.29,0
23609,27724,155.65,0
23610,26060,1905.25,1
23611,25937,2061.64,1
23612,6770,180.53,0
23613,29869,4410.91,1
23614,24333,4388.88,1
23615,21894,2113.3,1
23616,417,4831.58,1
23617,20994,760.35,1
23618,24196,3618.78,0
23619,4752,1460.9,0
23620,15782,2213.31,0
23621,24896,2351.02,0
23622,30876,3553.21,0
23623,7270,2242.31,0
23624,30401,3427.48,1
23625,23396,4595.97,1
23626,115,2995.49,1
23627,8922,4862.73,1
23628,29605,669.7,0
23629,21816,4174.84,1
23630,10312,4352.65,0
23631,25389,2626.15,0
23632,9229,372.57,0
23633,14376,3984.85,0
23634,2756,1636.35,1
23635,26958,2698.38,1
23636,13918,4036.36,1
23637,20087,4236.81,1
23638,32963,3038.63,0
23639,22502,760.17,1
23640,7921,3437.76,1
23641,28529,2136.34,1
23642,19597,2167.69,1
23643,23461,1905.44,1
23644,32804,4611.88,1
23645,28916,1165.9,1
23646,29715,2693.56,0
23647,19055,1076.44,1
23648,30462,1613.77,1
23649,18756,198.83,0
23650,18660,3910.98,1
23651,2486,4954.11,1
23652,5106,263.32,1
23653,6756,353.58,1
23654,26042,973.71,0
23655,9749,3194.26,1
23656,10979,2848.45,0
23657,32182,590.69,1
23658,25349,1894.25,0
23659,8859,183.94,1
23660,405,4122.05,0
23661,14739,4232.36,0
23662,34501,2963.48,1
23663,15862,1452.95,1
23664,25345,3501.64,0
23665,14711,2808.92,1
23666,3872,1092.44,1
23667,3864,726.43,0
23668,8271,2038.64,0
23669,20225,2760.78,0
23670,31870,2187.37,1
23671,13608,1767.56,0
23672,30719,3147.13,1
23673,11567,179.54,1
23674,31141,1300.36,1
23675,18847,3225.44,1
23676,11905,388.43,1
23677,31362,3253.19,0
23678,13819,4628.52,1
23679,14646,4614.72,0
23680,19509,587.35,1
23681,14683,1223.34,0
23682,3905,3729.57,1
23683,2842,1973.9,1
23684,28282,3734.12,0
23685,19697,381.15,0
23686,1837,1229.48,0
23687,16242,3595.04,1
23688,17920,983.08,0
23689,27290,2302.73,1
23690,34764,895.53,1
23691,1488,2216.39,1
23692,34960,4091.86,1
23693,18101,2134.55,1
23694,7849,1770.4,1
23695,31839,2790.48,1
23696,20630,395.34,0
23697,2696,4870.66,1
23698,23685,4915.01,1
23699,22806,488.66,0
23700,14968,842.89,0
23701,8398,1353.66,1
23702,18453,2476.38,1
23703,15437,2816.56,1
23704,1818,4670.45,0
23705,33135,2969.77,0
23706,27825,4379.28,1
23707,16952,1245.02,1
23708,21062,1028.43,1
23709,3940,2502.13,1
23710,801,3914.22,0
23711,6399,692.49,1
23712,33844,4332.33,1
23713,10258,4986.69,0
23714,11165,1749.29,0
23715,34045,1735.52,0
23716,10542,701.84,1
23717,22651,1601.12,1
23718,21671,2174.8,1
23719,19332,1695.92,1
23720,23927,176.01,1
23721,13438,118.91,1
23722,4822,3443.25,0
23723,732,208.84,1
23724,20453,3167.1,1
23725,3366,2444.43,0
23726,8266,4289.81,0
23727,32540,1207.13,0
23728,32097,2771.64,0
23729,18347,1083.65,0
23730,16743,1860.87,1
23731,16612,470.28,0
23732,12344,2838.42,0
23733,11282,2682.49,1
23734,30264,323.68,0
23735,26125,1523.71,0
23736,26582,489.66,0
23737,14938,3973.41,1
23738,28913,756.36,0
23739,14042,2527.5,1
23740,31501,1338.87,1
23741,17397,947.67,0
23742,9601,204.39,1
23743,29530,4251.44,0
23744,22784,3475.04,0
23745,25169,4997.69,0
23746,11688,3389.69,1
23747,5719,4128.42,1
23748,21960,4823.72,0
23749,13545,3485.5,0
23750,32092,1933.78,0
23751,2738,3240.82,0
23752,10089,2980.2,1
23753,9876,4416.6,1
23754,28059,625.08,0
23755,31269,837.39,1
23756,24164,3368.02,1
23757,17061,797.29,0
23758,6367,2719.9,0
23759,32903,3735.83,0
23760,6389,1236.27,1
23761,15684,3758.62,1
23762,16902,2564.88,0
23763,15449,136.56,1
23764,18660,3650.63,1
23765,805,597.0,0
23766,20176,2703.58,1
23767,28613,4513.83,0
23768,8683,3518.34,0
23769,19437,4854.78,0
23770,3719,1162.79,0
23771,30222,754.29,0
23772,22205,4652.55,0
23773,23863,1084.62,1
23774,19147,412.27,0
23775,33031,4456.38,1
23776,20736,2000.74,1
23777,10984,4672.45,0
23778,28526,4650.8,0
23779,13220,3056.72,1
23780,11449,4277.35,1
23781,15935,2499.2,1
23782,15565,2680.15,0
23783,5790,2626.94,1
23784,26836,4115.22,0
23785,26531,4419.21,1
23786,22807,928.85,1
23787,9789,4462.86,1
23788,31433,3580.98,1
23789,1831,3481.89,1
23790,18368,2118.06,0
23791,11939,4535.41,0
23792,2651,772.3,0
23793,13308,3844.91,0
23794,17342,263.28,0
23795,10028,2681.43,0
23796,10121,826.11,0
23797,20414,4085.85,1
23798,27542,2398.01,1
23799,5976,3566.5,0
23800,21462,703.19,0
23801,9743,139.76,1
23802,19925,948.84,1
23803,11290,619.31,1
23804,17769,2684.0,1
23805,15892,453.98,0
23806,16481,3029.89,0
23807,18453,218.15,1
23808,11991,422.06,0
23809,14895,3719.89,0
23810,8429,348.96,1
23811,13318,3350.07,1
23812,20778,4186.04,0
23813,32369,298.53,1
23814,28848,2975.6,1
23815,22366,4720.35,0
23816,3126,1302.98,0
23817,33989,3585.23,1
23818,10522,1584.37,1
23819,12544,1065.52,0
23820,17382,4234.95,1
23821,31285,4387.52,1
23822,9022,2515.49,0
23823,24016,685.74,1
23824,6169,4648.25,1
23825,7226,380.1,1
23826,20371,2786.69,1
23827,263,3954.74,1
23828,9747,501.95,0
23829,32669,2841.37,1
23830,28641,2179.93,0
23831,24656,3819.43,0
23832,22923,1831.9,1
23833,754,1214.36,1
23834,34256,1189.28,1
23835,3765,1855.16,1
23836,21301,4570.94,1
23837,3746,526.57,1
23838,31289,2216.65,0
23839,19953,4168.42,0
23840,1008,1094.31,0
23841,31212,4951.79,1
23842,23396,990.93,1
23843,14908,1489.2,1
23844,31606,1281.16,1
23845,19470,2690.01,1
23846,25360,2552.43,0
23847,27473,2596.34,1
23848,8658,364.51,1
23849,5667,3658.1,1
23850,19902,777.0,1
23851,331,4814.47,0
23852,24574,749.3,1
23853,621,846.15,1
23854,12270,799.96,1
23855,7183,446.06,1
23856,25400,4535.35,1
23857,6898,4111.62,1
23858,2089,2316.74,1
23859,27226,1514.46,1
23860,27198,2240.67,0
23861,10440,2161.69,0
23862,9173,1107.84,1
23863,32093,3389.91,1
23864,9207,833.65,0
23865,3711,744.09,1
23866,22820,2200.61,0
23867,4161,3681.31,1
23868,21237,2158.76,0
23869,914,1068.59,0
23870,2831,4366.72,0
23871,30477,633.96,1
23872,8282,3196.34,1
23873,17445,3995.0,0
23874,11534,1696.4,0
23875,2457,2914.1,1
23876,20789,451.5,1
23877,32942,3739.74,0
23878,16629,3697.56,0
23879,12985,1550.73,1
23880,31664,1922.2,0
23881,5268,381.58,0
23882,23272,1305.82,0
23883,34591,3261.86,0
23884,28391,2022.93,0
23885,27533,4704.11,1
23886,2480,2818.29,1
23887,30712,288.21,1
23888,28899,1972.13,0
23889,17051,112.54,1
23890,27963,2055.02,1
23891,17893,4177.9,1
23892,22175,213.24,0
23893,27589,1782.12,0
23894,15708,4602.31,1
23895,32022,544.78,0
23896,27789,4973.77,0
23897,26472,1766.73,1
23898,15623,197.89,0
23899,21463,3664.14,1
23900,30823,4696.02,1
23901,34743,4108.71,1
23902,11453,1188.3,0
23903,32604,1713.84,1
23904,24770,3801.38,1
23905,11469,3270.91,1
23906,9332,1512.99,1
23907,6712,664.17,0
23908,13394,3014.29,1
23909,21019,1838.04,1
23910,29237,4591.93,1
23911,26443,1859.74,1
23912,8297,3601.59,1
23913,3279,2447.05,0
23914,33555,3804.62,0
23915,16093,4563.88,0
23916,18926,883.7,1
23917,24427,1101.68,0
23918,17380,4707.16,1
23919,7936,1974.54,1
23920,33101,1564.29,0
23921,24105,2831.71,1
23922,25850,2382.62,0
23923,111,3515.75,0
23924,32804,1536.12,1
23925,304,2637.28,0
23926,9529,719.28,1
23927,18161,2821.69,0
23928,18700,753.51,1
23929,10001,4494.66,1
23930,11574,306.85,1
23931,4620,2871.39,0
23932,18579,2317.13,0
23933,14694,1606.03,0
23934,780,538.41,0
23935,15566,3312.46,0
23936,11664,1963.79,1
23937,10234,4962.72,1
23938,4891,965.7,0
23939,29394,4256.75,1
23940,5400,1287.89,1
23941,3842,2411.54,1
23942,20305,4736.07,1
23943,7053,2263.12,1
23944,14005,4912.29,1
23945,32621,493.39,0
23946,16353,3533.35,1
23947,21323,3487.58,1
23948,20182,495.83,0
23949,3076,4520.55,1
23950,7047,4461.92,0
23951,28846,594.35,1
23952,17139,1310.84,1
23953,16128,521.65,1
23954,18758,2959.32,1
23955,31214,2629.51,0
23956,21011,3193.18,1
23957,33511,2000.38,1
23958,240,3320.54,1
23959,9317,215.59,0
23960,22712,1119.07,0
23961,32920,989.27,1
23962,18368,4349.43,1
23963,24347,1603.23,1
23964,6833,400.02,0
23965,32662,2609.83,0
23966,28176,172.72,0
23967,30688,1444.22,0
23968,25298,844.18,0
23969,14742,2869.84,0
23970,16472,2966.62,0
23971,3941,957.65,1
23972,20105,1239.0,1
23973,1336,2383.47,0
23974,9092,3439.71,1
23975,11509,3416.9,1
23976,26911,3818.12,1
23977,15228,3937.66,1
23978,10626,1363.27,0
23979,12565,2294.34,1
23980,1821,905.21,1
23981,32465,4826.63,0
23982,21484,3042.44,1
23983,22467,3400.66,1
23984,32281,2550.08,0
23985,33608,2618.96,1
23986,5212,3282.48,0
23987,13617,3435.82,1
23988,26934,3178.32,1
23989,17902,4722.45,1
23990,15449,3731.3,1
23991,11864,3358.62,0
23992,32231,4825.33,0
23993,27235,190.73,1
23994,24665,4152.08,1
23995,13097,608.66,0
23996,24653,866.91,1
23997,5064,2522.41,0
23998,21009,4391.38,0
23999,8737,3933.34,1
24000,10822,2670.79,1
24001,7388,2141.37,0
24002,13036,3084.52,0
24003,9970,762.29,1
24004,33361,3853.98,1
24005,23043,4170.99,0
24006,19559,4619.52,1
24007,13187,650.68,1
24008,8911,1121.21,0
24009,4355,4609.53,1
24010,5641,1363.62,0
24011,28285,1357.06,0
24012,13230,1755.49,1
24013,1442,1089.7,1
24014,26923,2513.62,0
24015,2563,3443.69,0
24016,12078,1895.96,0
24017,15902,2564.95,0
24018,23347,2846.3,0
24019,14352,1279.59,1
24020,28586,1002.86,1
24021,18824,1047.84,0
24022,26995,4932.06,1
24023,15689,308.39,0
24024,15906,2270.15,1
24025,23664,301.07,1
24026,3877,428.83,0
24027,749,2636.27,1
24028,17536,2358.55,1
24029,34227,4167.65,1
24030,5723,3039.87,1
24031,29114,1760.25,0
24032,34507,1206.31,0
24033,33768,2800.7,1
24034,29151,2844.3,1
24035,32315,4052.16,0
24036,1598,3900.29,1
24037,23358,4062.07,1
24038,4860,730.83,0
24039,13576,4598.14,0
24040,30841,2191.16,1
24041,19237,1334.14,1
24042,27952,199.66,1
24043,9109,2766.42,0
24044,19530,3129.35,1
24045,34011,2062.24,0
24046,23902,1201.57,0
24047,22696,4956.5,0
24048,33168,3759.91,0
24049,32067,1830.36,0
24050,14570,469.29,0
24051,7165,381.13,0
24052,33955,4751.61,1
24053,19586,3743.62,1
24054,20609,3976.62,1
24055,3427,2410.49,0
24056,34156,2881.74,1
24057,25551,812.82,1
24058,19062,3165.4,1
24059,22757,2391.39,0
24060,13701,1884.0,0
24061,17420,1278.78,0
24062,33585,4101.14,1
24063,22046,2493.56,1
24064,20156,1134.54,1
24065,11377,4810.89,1
24066,30049,2994.92,1
24067,23923,2706.37,1
24068,1655,1431.5,0
24069,8304,4228.01,1
24070,26980,3941.19,1
24071,20978,1070.95,1
24072,7460,3687.49,1
24073,30702,4341.2,1
24074,26082,4315.37,0
24075,34504,4533.01,0
24076,14918,126.41,0
24077,17757,4245.01,0
24078,33565,4300.2,0
24079,2178,1735.86,1
24080,7118,4604.57,0
24081,26500,1551.11,1
24082,22756,2155.41,0
24083,7806,653.22,1
24084,31345,1701.23,1
24085,18056,4329.63,0
24086,2998,2088.88,0
24087,24450,635.69,0
24088,9871,4242.51,1
24089,33060,3986.06,1
24090,32992,4858.9,0
24091,14349,1441.1,1
24092,19914,3590.92,1
24093,31124,3171.28,1
24094,11047,3604.72,1
24095,17698,2825.04,1
24096,31700,2171.32,1
24097,31981,3828.58,1
24098,28270,4648.88,0
24099,7321,393.94,1
24100,4310,1905.37,0
24101,25365,3140.35,1
24102,5780,572.57,0
24103,11495,2878.8,1
24104,404,595.65,0
24105,29080,554.26,1
24106,18421,3666.6,0
24107,1691,4381.41,1
24108,7277,717.6,0
24109,2392,2409.83,0
24110,28338,4838.48,0
24111,1417,879.12,0
24112,14911,1725.77,0
24113,17206,4127.18,0
24114,5943,399.53,1
24115,9196,2371.78,0
24116,18033,2520.55,0
24117,11626,1855.06,1
24118,33566,4280.78,1
24119,12124,3506.56,0
24120,24274,268.02,0
24121,33491,892.36,0
24122,27275,3490.77,1
24123,28785,1616.56,1
24124,18500,4817.51,0
24125,16731,3581.68,0
24126,13531,678.26,1
24127,19087,4098.5,1
24128,10456,2166.14,0
24129,23116,3891.75,0
24130,1923,844.86,1
24131,12466,405.99,0
24132,623,4695.56,1
24133,7734,4058.89,0
24134,13589,3136.27,0
24135,34496,2748.69,0
24136,33878,2593.76,0
24137,26572,3275.79,1
24138,23608,614.02,1
24139,30437,821.43,0
24140,22660,2972.77,1
24141,22665,3959.02,0
24142,13983,1733.9,1
24143,6749,142.36,0
24144,819,2381.32,0
24145,25253,2953.03,0
24146,12702,3139.28,1
24147,16162,2201.98,0
24148,6738,4855.65,1
24149,20777,999.79,0
24150,1543,4703.03,0
24151,4075,3132.82,1
24152,21500,4641.4,0
24153,28694,2479.26,1
24154,2117,489.25,1
24155,1886,3676.97,1
24156,15902,3295.48,1
24157,9512,712.58,0
24158,32406,4594.79,0
24159,13711,2921.17,1
24160,33539,4881.93,0
24161,15959,4644.16,0
24162,33975,4260.0,0
24163,21071,3282.6,0
24164,9026,4191.4,0
24165,9401,3122.26,1
24166,29655,171.48,0
24167,34624,1436.02,1
24168,4615,2413.65,0
24169,12258,2739.38,0
24170,27590,4271.86,0
24171,11165,1842.19,0
24172,31861,2450.41,0
24173,27720,4772.91,0
24174,10594,932.18,1
24175,6479,554.85,1
24176,25801,2629.7,0
24177,31725,429.68,1
24178,428,2503.2,1
24179,4692,1011.36,1
24180,10216,4152.55,0
24181,8215,3122.66,0
24182,17259,3202.98,0
24183,10854,198.14,1
24184,18164,1859.86,0
24185,15424,2861.62,1
24186,22668,3525.58,0
24187,7633,2384.93,1
24188,4829,4462.84,1
24189,34616,1113.74,0
24190,6447,963.41,0
24191,16269,2404.46,1
24192,21380,3568.41,1
24193,6774,866.39,0
24194,16416,1343.47,1
24195,17620,3340.45,1
24196,27101,3674.59,0
24197,26401,3909.26,0
24198,16793,1498.67,0
24199,33474,2190.14,1
24200,26669,2226.74,0
24201,30045,1117.66,1
24202,17036,3872.31,1
24203,1675,3658.92,1
24204,13940,3891.89,0
24205,3916,1274.18,1
24206,9432,3942.25,1
24207,12889,3124.23,1
24208,27766,1935.23,1
24209,9125,1747.02,1
24210,6793,1190.53,0
24211,20635,469.98,0
24212,1240,2335.02,1
24213,34282,4914.37,0
24214,3114,2678.26,1
24215,9858,4279.66,1
24216,17542,4069.84,1
24217,1813,2207.34,1
24218,17624,487.3,1
24219,3381,2521.16,1
24220,20406,4464.82,1
24221,22553,2947.64,1
24222,21668,3530.81,1
24223,9753,414.05,1
24224,34277,2499.88,0
24225,22685,175.56,0
24226,1518,4226.02,1
24227,22715,2205.74,1
24228,20290,4272.65,0
24229,27804,4338.09,1
24230,25577,3113.1,0
24231,12216,3683.92,0
24232,24796,4297.58,1
24233,15359,2895.33,0
24234,3250,2878.46,1
24235,28731,3972.19,1
24236,24529,716.55,0
24237,5340,4878.48,1
24238,22781,1609.75,1
24239,26723,3914.19,1
24240,19378,2549.32,1
24241,27852,990.04,0
24242,34607,2971.62,0
24243,15129,2761.34,0
24244,5696,3732.42,0
24245,5020,3221.87,0
24246,511,2836.56,1
24247,14508,2662.68,0
24248,27950,3877.14,0
24249,12992,712.16,1
24250,30855,4213.97,0
24251,28229,1274.69,1
24252,24694,1451.02,0
24253,26725,4860.05,0
24254,9147,1110.13,1
24255,13139,1804.23,0
24256,709,3334.62,1
24257,3657,4443.55,1
24258,2326,2927.93,1
24259,15187,4050.25,0
24260,5227,2130.7,1
24261,25317,2557.0,1
24262,6682,1446.89,0
24263,7762,1825.82,0
24264,28052,4228.78,1
24265,20144,3562.88,1
24266,4859,670.12,1
24267,3751,3973.43,1
24268,21806,2485.23,0
24269,2144,4734.19,1
24270,13351,1964.16,0
24271,34866,387.48,0
24272,11766,1580.31,1
24273,19811,4060.26,0
24274,26986,392.92,1
24275,14525,3436.93,1
24276,9232,585.73,1
24277,2372,1965.36,0
24278,19074,2090.72,1
24279,17583,2689.81,0
24280,34399,4091.65,0
24281,12387,4067.41,0
24282,7220,2424.66,1
24283,31110,4513.24,0
24284,9535,4504.41,0
24285,32135,2342.51,1
24286,12193,3889.82,0
24287,31337,2138.76,0
24288,27300,4401.95,1
24289,24215,2336.42,1
24290,26455,2610.96,1
24291,15508,2358.23,0
24292,11128,3178.25,1
24293,28913,4457.03,1
24294,25352,309.28,1
24295,14097,4822.36,1
24296,32005,3881.13,1
24297,27729,2933.84,1
24298,18110,2270.93,0
24299,6289,954.32,0
24300,34622,3316.25,1
24301,33679,2131.34,1
24302,2393,4578.16,0
24303,10991,4276.98,1
24304,25609,3721.85,0
24305,8178,4192.78,0
24306,33063,4091.6,0
24307,19171,674.9,1
24308,12973,2052.61,1
24309,14148,1551.5,0
24310,12014,3266.39,1
24311,28882,3802.9,0
24312,31945,1661.21,0
24313,33263,4434.33,0
24314,19904,889.72,0
24315,6130,3169.06,1
24316,10177,3014.15,0
24317,23458,1065.96,1
24318,16313,610.5,0
24319,33057,1385.57,1
24320,9710,1867.65,1
24321,17428,4698.59,1
24322,6706,627.82,1
24323,4268,2647.66,0
24324,27549,1966.43,1
24325,28945,2468.24,0
24326,32422,3106.74,0
24327,15085,3822.3,0
24328,18775,4987.81,1
24329,22474,3894.74,0
24330,33324,3791.12,0
24331,10509,2439.8,0
24332,3833,639.75,0
24333,3792,1905.56,1
24334,15939,1012.24,1
24335,32948,1535.41,1
24336,13687,758.11,0
24337,25470,1898.08,1
24338,30910,782.38,0
24339,20830,4525.58,0
24340,34925,723.17,0
24341,10107,975.48,0
24342,21434,3698.51,1
24343,10074,853.67,0
24344,9487,3617.34,0
24345,7759,1165.58,1
24346,1615,3597.9,0
24347,23865,3746.08,0
24348,3837,3201.94,1
24349,19435,350.29,0
24350,10056,3364.52,0
24351,22944,4551.31,1
24352,19588,3737.22,1
24353,5648,2230.99,0
24354,7786,2944.94,0
24355,10907,299.95,0
24356,30332,4163.96,0
24357,29390,4313.2,1
24358,8731,379.31,1
24359,15651,3651.45,1
24360,31000,4367.21,0
24361,6308,3434.44,0
24362,26156,3782.53,0
24363,32059,4182.9,1
24364,30696,4714.34,1
24365,14348,4211.5,0
24366,33876,1313.12,1
24367,8339,2102.37,1
24368,14250,767.09,0
24369,18510,674.1,1
24370,3699,3188.15,0
24371,21896,3266.99,1
24372,14773,1528.58,1
24373,32636,1099.5,1
24374,5634,2830.22,1
24375,9881,2145.51,1
24376,1151,2403.29,1
24377,14290,4627.73,0
24378,13527,4301.66,1
24379,31049,1109.71,0
24380,21023,350.12,1
24381,7387,3010.43,1
24382,10318,2741.01,1
24383,17162,3904.44,0
24384,14141,4945.14,0
24385,26331,3322.11,0
24386,20750,1985.5,1
24387,17473,3485.27,1
24388,1566,653.08,1
24389,9609,3909.67,1
24390,4879,2999.28,0
24391,20863,869.0,1
24392,14944,4298.05,1
24393,28469,4765.7,1
24394,9378,292.3,1
24395,5667,1197.12,1
24396,1976,3847.62,0
24397,29349,2463.07,1
24398,32254,1765.23,0
24399,16925,2840.94,0
24400,4225,1560.49,1
24401,15986,2759.21,1
24402,32358,4522.22,1
24403,1903,1720.51,0
24404,15502,3588.88,0
24405,30927,3185.68,1
24406,20609,1424.27,0
24407,12542,4138.19,0
24408,7875,4901.77,0
24409,26310,4683.71,1
24410,30766,3601.94,1
24411,18722,4881.27,0
24412,16208,2384.56,0
24413,5297,1780.29,1
24414,385,3350.31,0
24415,3302,1396.12,1
24416,2752,4510.78,0
24417,26316,3258.24,1
24418,24329,1075.81,0
24419,4879,3020.38,0
24420,20307,204.18,0
24421,12260,4027.81,1
24422,24582,3138.2,0
24423,29617,1676.44,0
24424,17398,3602.98,0
24425,7585,3660.18,1
24426,11935,3628.7,0
24427,9082,3505.67,0
24428,3026,1814.51,0
24429,10513,4087.69,0
24430,32252,1171.54,1
24431,21699,3192.94,0
24432,640,4053.72,0
24433,2089,3878.06,1
24434,21238,1525.3,1
24435,21749,4630.17,1
24436,13622,2679.84,1
24437,15202,3881.37,1
24438,3566,844.13,0
24439,19148,4095.42,0
24440,12470,1525.29,0
24441,15516,4144.95,1
24442,1332,1778.99,1
24443,24001,4618.38,1
24444,7156,3675.25,0
24445,33504,888.62,0
24446,30452,749.28,0
24447,32543,4926.19,1
24448,11590,3486.01,1
24449,13142,4368.74,0
24450,17441,2014.34,0
24451,16988,4847.53,0
24452,27175,3848.73,1
24453,1313,4068.72,0
24454,17755,656.27,1
24455,8720,365.2,1
24456,7239,1185.33,0
24457,20876,2049.99,0
24458,2314,4419.71,1
24459,1771,3109.33,0
24460,32079,3256.85,0
24461,27802,4933.4,0
24462,34476,1868.7,0
24463,16833,1469.29,1
24464,11050,2092.12,1
24465,5650,2060.6,0
24466,8470,2369.15,1
24467,14761,2321.99,0
24468,6724,342.46,1
24469,16670,2200.25,0
24470,19868,4608.41,0
24471,34825,4323.94,1
24472,7936,635.91,1
24473,16448,379.95,1
24474,25962,1576.73,1
24475,3650,625.49,1
24476,7109,1904.28,1
24477,27713,2457.52,0
24478,9245,1223.91,1
24479,28070,4247.65,0
24480,25079,4241.23,1
24481,30998,3330.08,1
24482,14314,1168.94,0
24483,2005,4394.5,1
24484,24498,3079.63,1
24485,34342,2417.39,1
24486,10555,2839.11,0
24487,16927,3843.64,0
24488,30535,2190.72,1
24489,6361,1727.6,1
24490,17904,597.65,1
24491,4869,597.23,1
24492,30950,640.98,0
24493,12722,509.03,1
24494,2744,2002.67,0
24495,2286,135.14,1
24496,11194,1113.8,1
24497,10392,1679.56,0
24498,4459,399.83,1
24499,18844,3825.94,0
24500,6311,4163.45,1
24501,3943,4355.53,0
24502,26657,4835.52,0
24503,8646,4757.69,0
24504,7277,1421.99,0
24505,29230,3631.13,0
24506,6487,1692.6,0
24507,4873,1407.8,0
24508,26640,1042.93,0
24509,5451,287.99,0
24510,27240,4889.98,1
24511,32807,4894.25,1
24512,10975,736.88,1
24513,12146,1698.59,1
24514,23351,2920.52,0
24515,8890,1511.12,1
24516,5746,348.91,1
24517,33983,3316.0,1
24518,16316,3228.81,0
24519,5614,4720.89,1
24520,10341,2788.92,1
24521,7845,2167.36,1
24522,1568,3536.5,1
24523,26762,4945.39,0
24524,1401,811.44,0
24525,7198,3604.5,0
24526,32050,4635.01,0
24527,25621,3529.79,0
24528,29840,572.66,1
24529,29504,155.82,0
24530,27162,647.87,0
24531,32988,492.73,0
24532,3618,508.03,0
24533,32531,677.68,1
24534,6500,273.13,0
24535,17074,3931.6,1
24536,18246,613.08,1
24537,5700,4293.91,0
24538,31906,4756.97,1
24539,15771,1474.53,1
24540,7470,3985.09,1
24541,14747,4243.47,0
24542,24578,2398.36,0
24543,13025,3332.29,1
24544,15979,282.74,0
24545,23920,700.08,1
24546,25594,1046.46,0
24547,16542,839.5,1
24548,20592,1836.26,0
24549,7963,624.43,1
24550,33046,2369.5,1
24551,10505,1970.66,0
24552,20521,4832.29,1
24553,6044,2637.16,0
24554,236,2493.46,0
24555,8716,3370.83,1
24556,19966,2986.44,1
24557,18327,605.83,0
24558,17055,4700.37,0
24559,5169,1234.29,1
24560,6412,2091.3,0
24561,5832,817.97,0
24562,26015,4357.97,1
24563,27118,4092.58,0
24564,19778,2416.58,1
24565,30811,1402.96,0
24566,13145,4896.69,1
24567,20287,3323.87,0
24568,33833,1096.47,0
24569,4433,3668.64,0
24570,28862,2196.77,1
24571,7172,585.01,0
24572,4236,4831.87,0
24573,889,2195.13,1
24574,18650,4032.53,1
24575,12597,3611.22,0
24576,25601,1817.39,0
24577,21396,3630.17,0
24578,2233,2811.68,1
24579,8798,2518.25,1
24580,12958,1177.8,0
24581,23182,3229.46,1
24582,14375,676.16,1
24583,33328,2202.56,1
24584,2352,361.47,1
24585,27257,3061.73,0
24586,16511,4118.82,0
24587,11101,4592.53,1
24588,690,1544.18,0
24589,24497,1646.24,0
24590,19244,2469.85,0
24591,30977,1625.54,1
24592,21754,4842.84,1
24593,14153,3356.46,0
24594,20913,2874.43,0
24595,10822,249.35,0
24596,29421,3392.89,0
24597,10331,2444.4,0
24598,21525,3937.17,1
24599,22405,3387.42,1
24600,1586,4494.89,0
24601,18705,2915.73,1
24602,12210,2881.65,0
24603,27770,4411.08,0
24604,27576,1604.07,0
24605,32259,4624.37,0
24606,1606,759.16,1
24607,8724,4538.99,0
24608,7758,1718.82,1
24609,5882,2737.41,0
24610,27518,1808.69,1
24611,27756,1741.33,1
24612,11606,3561.5,0
24613,4982,120.82,1
24614,27973,1305.27,0
24615,23717,1442.45,0
24616,19744,2162.14,0
24617,15384,453.02,1
24618,8689,3093.17,0
24619,19815,2363.26,1
24620,17148,4840.98,0
24621,18487,1492.24,1
24622,25125,3377.62,1
24623,15033,3811.23,1
24624,11440,3126.84,0
24625,17027,1416.59,1
24626,521,4475.74,1
24627,12064,1749.9,1
24628,15407,943.28,0
24629,12524,268.0,0
24630,20898,1768.82,1
24631,33386,2727.76,0
24632,28457,815.55,0
24633,24959,1613.31,0
24634,21638,3896.73,0
24635,16133,3313.51,1
24636,22500,3428.55,1
24637,26946,1777.49,0
24638,20426,4941.47,1
24639,9448,4383.06,0
24640,13441,1062.07,0
24641,23625,887.58,1
24642,33089,946.57,0
24643,17730,4252.63,0
24644,845,4439.85,1
24645,24348,2292.11,0
24646,8178,3344.0,1
24647,2411,3733.5,1
24648,25646,3953.26,0
24649,34871,3662.2,0
24650,27225,3235.66,0
24651,12969,1801.27,0
24652,6389,2023.34,1
24653,6409,514.78,0
24654,29443,3640.5,1
24655,4311,847.9,1
24656,22262,4593.44,1
24657,31314,1047.04,0
24658,17544,4109.56,0
24659,33989,1752.16,1
24660,3406,4867.4,0
24661,33990,1823.55,0
24662,11513,3029.85,0
24663,2528,4832.11,1
24664,5214,1132.36,0
24665,5927,1170.68,1
24666,5724,1794.86,1
24667,17093,3840.22,1
24668,34230,4856.09,0
24669,20004,4322.31,0
24670,25998,2145.06,1
24671,19857,133.99,1
24672,25423,656.37,0
24673,10995,165.62,1
24674,9490,755.21,0
24675,22191,3019.15,1
24676,31909,1862.92,1
24677,28247,2306.71,0
24678,22345,4633.43,0
24679,25161,2600.07,0
24680,24856,3705.66,0
24681,12732,4741.69,0
24682,29208,528.22,0
24683,15584,2974.3,1
24684,10661,1507.33,0
24685,12755,3502.51,0
24686,14272,1334.36,1
24687,7310,1719.66,1
24688,7624,4440.78,1
24689,10231,2813.77,0
24690,11151,1803.46,1
24691,28918,4782.46,1
24692,28496,3955.9,0
24693,30782,958.33,0
24694,2318,2506.24,0
24695,10622,346.14,1
24696,33926,4267.19,1
24697,33698,4672.83,0
24698,8517,4059.71,1
24699,5234,2462.68,0
24700,29928,2414.21,1
24701,2651,4586.26,0
24702,28331,1276.54,1
24703,25819,2344.75,1
24704,23676,2523.8,0
24705,25746,827.25,0
24706,28857,2174.12,0
24707,27468,1573.49,1
24708,24360,3504.59,0
24709,14961,1452.85,1
24710,11510,3053.32,0
24711,13494,957.55,0
24712,6568,2063.09,1
24713,10111,631.23,0
24714,8043,4806.08,0
24715,15001,3045.57,1
24716,8859,1731.53,0
24717,31454,4658.13,0
24718,9910,535.65,0
24719,33727,2380.21,0
24720,13995,2286.11,1
24721,22087,1497.98,1
24722,5712,3793.17,1
24723,21270,4128.4,1
24724,16346,4042.09,1
24725,28119,656.18,1
24726,30581,2109.38,0
24727,13962,435.11,0
24728,22591,2104.85,1
24729,20160,1943.69,1
24730,19838,3708.56,1
24731,12288,2800.7,1
24732,31868,4698.51,0
24733,6237,3655.23,0
24734,20533,4066.84,1
24735,8157,4823.29,1
24736,22577,2306.76,1
24737,34436,2568.7,1
24738,14536,4650.96,1
24739,3592,2910.65,0
24740,15953,2632.12,1
24741,5131,4137.49,0
24742,3772,2910.71,0
24743,9830,2734.95,1
24744,14078,2996.0,0
24745,7129,4997.49,0
24746,11887,2067.1,1
24747,8997,1149.65,1
24748,20586,4865.73,0
24749,19658,4023.69,0
24750,11463,3216.77,0
24751,29530,135.23,1
24752,7340,4092.75,0
24753,28825,353.01,1
24754,28239,3614.0,1
24755,14327,244.95,0
24756,34090,2686.4,1
24757,10434,1759.08,0
24758,1424,4870.36,1
24759,13920,1572.49,0
24760,30146,2675.51,1
24761,20148,819.79,0
24762,272,594.54,1
24763,24682,1068.42,0
24764,20067,743.72,0
24765,880,4061.53,0
24766,18840,4011.04,0
24767,22518,3649.39,1
24768,27177,2258.37,1
24769,23747,3840.53,1
24770,25652,3337.97,0
24771,18890,457.6,1
24772,32445,1709.07,1
24773,10423,2183.59,0
24774,11394,789.47,0
24775,25061,146.96,0
24776,22624,545.82,0
24777,24906,2319.7,1
24778,15224,4075.55,0
24779,13303,1079.02,1
24780,31766,1764.46,0
24781,15364,2109.12,0
24782,25651,559.8,0
24783,26653,2070.94,0
24784,14055,1089.33,1
24785,27273,681.58,1
24786,34491,3375.16,0
24787,8457,3254.94,0
24788,29172,4068.22,0
24789,14045,996.5,0
24790,32973,4155.23,0
24791,5243,673.58,1
24792,4928,4291.9,0
24793,18519,2900.44,1
24794,19247,993.5,0
24795,19503,4435.1,1
24796,1234,3168.99,1
24797,2138,4450.76,1
24798,32035,1351.7,0
24799,13047,2363.24,0
24800,22215,4269.85,0
24801,20318,3401.8,1
24802,17834,3519.1,1
24803,23539,1980.86,0
24804,31450,4843.52,0
24805,160,1667.42,1
24806,9780,4422.15,1
24807,10869,3036.72,0
24808,33147,2229.66,0
24809,12353,219.35,1
24810,11624,3269.95,0
24811,13551,2258.89,1
24812,22184,1610.5,0
24813,26924,4840.41,1
24814,17623,3693.99,0
24815,18376,2919.67,0
24816,28287,2255.67,0
24817,6993,3367.15,0
24818,19635,3698.45,1
24819,1608,2717.93,0
24820,26909,4444.87,1
24821,13163,3009.39,0
24822,8662,4035.93,0
24823,32845,2839.01,1
24824,26826,969.7,1
24825,7425,3044.51,0
24826,24122,1959.29,1
24827,18302,3055.64,1
24828,20203,3984.92,1
24829,3110,4254.2,1
24830,2080,291.42,0
24831,7939,4035.15,1
24832,30560,2697.97,1
24833,2088,1766.4,1
24834,16957,1984.01,1
24835,4377,2202.74,1
24836,29083,4298.41,1
24837,34055,1747.64,0
24838,16335,1833.51,1
24839,14818,653.04,1
24840,18196,1503.29,1
24841,8714,3152.77,1
24842,5224,1697.36,0
24843,24464,173.89,1
24844,17177,829.69,1
24845,24642,260.15,1
24846,9186,2575.72,1
24847,15231,3688.4,1
24848,6165,1396.85,1
24849,31842,1981.51,0
24850,25408,247.45,0
24851,17800,1781.01,1
24852,33498,2669.76,1
24853,14433,4826.95,0
24854,34407,2831.91,0
24855,34762,3233.1,1
24856,26256,395.04,0
24857,27682,3567.95,1
24858,27636,3520.63,0
24859,11063,359.3,1
24860,22544,4135.6,1
24861,6146,2575.82,0
24862,11428,2995.63,0
24863,13049,2947.22,1
24864,8522,4171.39,0
24865,856,3121.68,1
24866,6068,3412.36,0
24867,7777,143.03,1
24868,27471,2610.43,1
24869,11694,1596.74,0
24870,25923,3223.42,0
24871,16315,530.41,0
24872,11022,2118.37,0
24873,26578,1035.58,1
24874,364,4294.35,1
24875,32856,1870.11,0
24876,34342,2758.87,1
24877,26127,1634.33,0
24878,7550,3974.76,1
24879,9638,3174.73,1
24880,10308,2872.62,0
24881,7792,616.78,1
24882,8778,2741.58,1
24883,14078,753.24,0
24884,10041,3084.47,1
24885,20043,3737.41,1
24886,22402,1704.64,1
24887,6713,3825.4,0
24888,18856,507.83,1
24889,27619,2130.51,0
24890,23523,1740.26,1
24891,9893,612.33,0
24892,27507,4587.16,1
24893,19170,3467.68,0
24894,4636,4619.15,1
24895,31663,2014.92,0
24896,5372,246.56,1
24897,11978,1669.95,1
24898,7822,3145.82,0
24899,21016,2320.63,1
24900,17155,4095.15,1
24901,6352,3541.58,0
24902,22184,4082.77,0
24903,32969,2263.91,1
24904,21533,970.87,1
24905,18535,3870.17,0
24906,23206,1599.3,1
24907,16735,321.94,1
24908,9359,2387.17,0
24909,13095,3532.68,0
24910,25705,1733.61,0
24911,28007,2415.75,0
24912,32596,2078.49,0
24913,4908,4533.21,0
24914,30923,3947.18,0
24915,11460,3023.85,0
24916,33744,1508.6,1
24917,8108,642.21,0
24918,31639,1941.3,0
24919,16281,2871.2,0
24920,34113,4528.74,1
24921,25933,1292.2,0
24922,22732,3221.91,1
24923,14057,2767.81,0
24924,29387,1438.0,0
24925,4572,4258.56,0
24926,5838,2092.95,1
24927,21999,712.86,0
24928,9333,4170.99,0
24929,24240,187.2,0
24930,479,2928.67,0
24931,17600,2297.14,0
24932,34389,3342.41,1
24933,1043,2668.9,0
24934,5303,1411.95,1
24935,16095,523.21,1
24936,23989,3065.21,0
24937,11937,3667.15,0
24938,19896,1686.75,0
24939,18280,485.24,0
24940,26604,4267.43,1
24941,18327,2391.76,1
24942,10126,2522.33,1
24943,5116,1968.53,0
24944,5348,3377.59,0
24945,8719,903.16,0
24946,11046,1655.49,1
24947,29007,1081.91,1
24948,2613,1153.69,0
24949,2288,845.99,0
24950,630,4082.53,1
24951,5517,1444.08,1
24952,23948,3183.72,0
24953,15113,2819.77,0
24954,13450,1323.41,0
24955,10126,514.84,0
24956,10601,564.98,0
24957,15719,972.88,1
24958,9474,1829.42,1
24959,12684,930.2,1
24960,26307,825.06,0
24961,19281,4266.04,1
24962,6639,2737.73,1
24963,18973,1322.9,0
24964,19241,2793.24,0
24965,27439,2366.19,1
24966,12780,1604.01,0
24967,22279,3722.63,0
24968,19851,4853.98,0
24969,22810,799.8,0
24970,18407,1917.95,1
24971,7425,2284.25,1
24972,13639,526.53,0
24973,8205,4321.62,1
24974,27197,784.96,1
24975,11252,372.79,1
24976,19242,904.62,1
24977,23877,4954.98,1
24978,17002,3164.2,0
24979,33241,662.7,0
24980,17609,4236.21,0
24981,10830,168.61,1
24982,12421,4421.66,1
24983,4108,145.73,1
24984,23533,206.51,1
24985,13082,3637.85,0
24986,22911,4316.14,0
24987,3670,1747.42,0
24988,5882,4239.79,1
24989,29130,4071.86,1
24990,15513,3642.43,1
24991,22629,3865.14,0
24992,29998,3564.87,1
24993,25471,2110.67,1
24994,19935,3431.95,0
24995,23182,3508.08,1
24996,16641,1785.09,0
24997,3544,4431.92,1
24998,10511,1502.16,1
24999,14613,969.8,0
25000,17798,441.98,0
25001,31842,628.35,1
25002,24355,3140.09,1
25003,10784,765.38,0
25004,2376,3971.9,0
25005,31216,4958.44,1
25006,9734,2707.9,0
25007,17040,509.74,0
25008,19889,2722.85,0
25009,18891,2691.5,0
25010,1776,407.23,1
25011,13878,4150.96,0
25012,12315,451.55,0
25013,7597,2339.88,1
25014,17612,2375.73,1
25015,12716,1302.68,1
25016,2554,583.84,0
25017,9951,2491.25,1
25018,753,3124.99,0
25019,11283,1338.64,0
25020,16135,1445.95,1
25021,21790,1935.34,1
25022,16421,3038.11,1
25023,13867,3160.25,0
25024,25307,1304.96,1
25025,16804,2125.09,1
25026,7499,1239.7,0
25027,4989,1055.9,0
25028,23124,3731.82,0
25029,20522,3465.86,1
25030,15255,896.23,0
25031,28615,2197.32,1
25032,6588,432.5,0
25033,31446,2925.03,1
25034,16497,2043.68,1
25035,14435,4680.72,0
25036,21849,999.68,0
25037,33614,1019.82,0
25038,20710,2504.17,0
25039,29919,1047.65,0
25040,30199,3925.52,1
25041,31952,1103.1,0
25042,340,3783.82,1
25043,29888,2860.51,1
25044,17646,4807.3,1
25045,29581,957.14,1
25046,24693,4224.43,1
25047,28603,1626.19,0
25048,29223,3317.87,1
25049,30145,1190.22,0
25050,24015,774.53,1
25051,25602,708.91,0
25052,30220,3871.89,1
25053,16134,4408.52,1
25054,22874,2779.6,1
25055,15473,3075.2,0
25056,17363,2975.61,1
25057,33595,318.22,0
25058,31603,859.87,0
25059,17509,4466.45,1
25060,22326,4445.39,1
25061,21781,2599.16,0
25062,12501,3319.94,0
25063,14252,4512.65,0
25064,3056,301.86,1
25065,11653,3680.9,0
25066,30779,1821.71,0
25067,31485,3168.88,0
25068,9880,2052.33,1
25069,12785,1646.66,0
25070,17405,1782.41,1
25071,1683,4794.99,1
25072,29007,1373.08,0
25073,6754,3633.07,1
25074,24138,1434.76,1
25075,3419,4309.95,0
25076,17999,196.85,1
25077,7980,2424.12,1
25078,8578,2838.18,1
25079,28292,2421.58,1
25080,9487,1413.65,1
25081,3602,3592.44,1
25082,908,1280.23,1
25083,7191,1397.61,1
25084,8759,4687.16,0
25085,23760,860.05,0
25086,21013,3006.37,0
25087,12995,3562.61,0
25088,1531,2118.9,1
25089,21550,1975.37,0
25090,16866,2986.87,1
25091,28507,2956.32,1
25092,22799,4278.12,0
25093,10322,969.87,1
25094,13817,778.74,1
25095,8647,4629.03,1
25096,24684,4372.44,0
25097,9691,606.89,0
25098,1670,3715.77,1
25099,8079,4076.21,0
25100,10781,2409.5,1
25101,8951,4090.93,0
25102,22058,1480.08,1
25103,21699,2652.22,1
25104,21803,762.1,0
25105,4209,4252.78,0
25106,16484,4548.51,1
25107,467,3168.82,1
25108,24647,1460.67,0
25109,30466,1627.23,1
25110,2632,126.6,1
25111,5580,3083.3,1
25112,26258,671.95,1
25113,19127,2006.81,0
25114,3901,3778.16,1
25115,19064,3449.06,1
25116,17598,2316.46,0
25117,25796,1100.14,0
25118,29757,3105.09,1
25119,27195,4837.54,1
25120,18961,3241.68,1
25121,15790,1010.64,0
25122,3080,1807.28,1
25123,11201,1291.22,0
25124,21817,427.87,0
25125,6323,1491.49,0
25126,1345,3638.9,0
25127,30906,3235.98,0
25128,21095,2305.05,1
25129,6302,723.75,0
25130,29495,4153.12,1
25131,34385,477.02,0
25132,30224,1738.76,0
25133,18361,1645.03,0
25134,9081,2736.78,0
25135,13228,2583.73,0
25136,8997,2978.04,0
25137,25235,689.39,0
25138,12573,189.14,1
25139,13629,1719.23,1
25140,11013,2540.28,1
25141,12901,4973.9,1
25142,13894,3984.65,1
25143,7626,1342.08,0
25144,4419,2690.16,0
25145,15606,1602.11,1
25146,32644,2466.33,1
25147,33003,4362.1,0
25148,15401,1281.67,0
25149,4901,388.92,0
25150,32470,4559.46,1
25151,3384,881.27,1
25152,1683,1704.77,0
25153,23104,1734.32,0
25154,11700,2270.09,0
25155,13090,4660.71,0
25156,15454,3123.05,0
25157,19600,1195.57,0
25158,16046,430.8,0
25159,30184,2816.46,0
25160,24874,978.89,1
25161,16361,3195.87,1
25162,12828,3825.08,0
25163,10042,4504.08,0
25164,34383,874.62,1
25165,33850,3371.25,0
25166,29623,287.43,1
25167,17306,1981.63,0
25168,301,3103.51,1
25169,19426,2508.65,1
25170,446,2126.36,1
25171,30567,1411.15,1
25172,13414,3832.77,1
25173,7193,4012.61,1
25174,8723,3426.38,1
25175,34235,4410.47,1
25176,7548,2911.0,1
25177,379,1563.73,1
25178,2883,2446.69,0
25179,30354,4246.9,0
25180,14877,841.88,1
25181,30972,2557.89,1
25182,7919,1034.5,0
25183,8147,4390.08,1
25184,7281,2830.94,0
25185,5154,2109.76,0
25186,34898,4580.32,1
25187,29923,3632.49,1
25188,30401,1355.78,0
25189,539,777.66,1
25190,5097,3916.99,0
25191,14681,1306.75,0
25192,26252,4466.38,1
25193,26615,2278.8,1
25194,11230,3528.2,0
25195,33295,3957.47,1
25196,23094,1278.22,0
25197,4618,3897.65,1
25198,11217,632.73,0
25199,18381,3802.2,0
25200,12687,2489.13,0
25201,29080,2567.77,0
25202,29196,4746.99,0
25203,13338,1778.12,1
25204,9512,2969.46,0
25205,14911,3265.27,1
25206,26872,4252.84,0
25207,4050,3559.69,1
25208,5984,2120.17,0
25209,24684,4377.65,0
25210,8997,396.86,0
25211,25084,3390.01,1
25212,12840,2793.78,1
25213,24652,2214.13,0
25214,33360,1022.47,0
25215,34367,707.4,0
25216,23813,483.26,1
25217,15673,4549.5,1
25218,34086,2217.48,0
25219,22710,2288.42,0
25220,30884,2494.25,1
25221,2779,1392.05,0
25222,14580,2423.46,1
25223,33906,1539.53,0
25224,15430,4917.14,1
25225,34771,788.35,0
25226,14244,4871.2,1
25227,15057,2480.69,0
25228,3321,3350.03,0
25229,26886,1211.06,0
25230,4939,337.78,1
25231,12891,4991.21,1
25232,24849,3324.77,0
25233,29160,1307.37,1
25234,9155,3774.86,1
25235,18504,4189.38,0
25236,5591,2228.73,0
25237,11052,3575.53,1
25238,2979,4392.97,0
25239,26397,1173.9,0
25240,10523,1886.7,1
25241,15349,310.47,1
25242,6955,4684.43,1
25243,30409,3989.29,1
25244,27026,209.05,0
25245,4415,119.47,0
25246,24752,4388.75,0
25247,10991,938.41,0
25248,29349,3867.75,0
25249,21564,3398.47,1
25250,21725,1220.37,0
25251,2812,3183.89,1
25252,4191,1267.86,0
25253,2826,4897.4,1
25254,27648,4119.0,1
25255,32770,4629.23,0
25256,3742,2050.19,0
25257,20951,3256.65,0
25258,16196,4712.69,0
25259,2611,3403.68,1
25260,3224,1488.29,1
25261,10144,4492.6,1
25262,7991,4457.79,1
25263,23665,2456.29,1
25264,28520,3893.64,0
25265,3405,3901.6,0
25266,30350,4103.15,0
25267,27893,2458.12,1
25268,6274,4591.1,1
25269,32766,3196.93,1
25270,10857,2938.45,0
25271,31722,322.45,1
25272,28029,1717.77,1
25273,29652,348.53,1
25274,29751,4673.9,1
25275,15178,560.43,0
25276,12980,3743.83,0
25277,25563,2707.47,1
25278,2667,1443.3,1
25279,19524,4413.42,0
25280,33326,1325.47,0
25281,19146,1237.8,0
25282,8741,1397.19,0
25283,30851,138.57,1
25284,12757,147.27,0
25285,2710,3713.44,0
25286,11333,181.37,0
25287,29878,741.06,1
25288,22557,2529.87,1
25289,21195,4259.69,0
25290,18835,1067.0,0
25291,32321,3107.04,0
25292,23187,2853.84,0
25293,13821,518.11,0
25294,33959,3641.33,0
25295,22308,229.15,0
25296,28799,4649.73,0
25297,29399,4035.82,1
25298,27865,1597.12,0
25299,25418,3921.46,1
25300,33259,3663.05,1
25301,18214,4587.89,0
25302,23238,1170.01,1
25303,28282,1345.48,0
25304,24627,2850.59,1
25305,4296,3383.1,0
25306,14025,3783.78,1
25307,2934,4124.83,0
25308,3171,2256.05,0
25309,15240,823.78,0
25310,31369,4597.14,0
25311,12782,1219.01,0
25312,31129,2640.54,0
25313,20876,4634.91,0
25314,11066,3127.66,0
25315,20649,4175.2,0
25316,1071,2724.07,1
25317,20781,326.48,1
25318,26159,2182.43,0
25319,6114,2580.06,1
25320,8714,4864.59,0
25321,12795,2865.48,0
25322,17455,3882.37,1
25323,27309,496.55,0
25324,33690,3197.72,0
25325,29926,2413.27,1
25326,32796,4272.89,1
25327,29855,1182.95,1
25328,10928,2536.59,0
25329,16200,3006.19,0
25330,21577,2830.93,1
25331,4128,1074.87,1
25332,25440,1682.58,1
25333,31529,689.15,1
25334,34032,1542.35,0
25335,29282,3132.82,1
25336,20631,2170.27,1
25337,25979,1363.12,1
25338,12812,4230.24,0
25339,18396,4959.54,0
25340,27227,2529.72,1
25341,4031,2325.61,0
25342,31100,4707.23,1
25343,13247,2955.92,1
25344,22868,657.21,0
25345,905,2469.69,0
25346,11202,1793.1,1
25347,27023,1715.58,0
25348,6352,2684.17,1
25349,1746,4578.98,1
25350,20473,2856.88,1
25351,17602,2766.09,1
25352,27263,4697.96,0
25353,12553,780.49,1
25354,5471,1783.48,0
25355,11459,587.82,1
25356,1890,1675.27,1
25357,29902,409.58,1
25358,23845,954.07,0
25359,25581,950.83,0
25360,34506,3611.7,1
25361,24970,4955.8,0
25362,31070,1464.59,1
25363,14740,4449.27,0
25364,19552,2009.03,1
25365,24904,4671.76,1
25366,907,2545.71,1
25367,29242,1197.49,0
25368,13961,3363.02,0
25369,22691,3764.15,1
25370,18696,3962.72,1
25371,23706,1570.91,0
25372,17381,2426.96,1
25373,5899,3820.81,0
25374,30750,3812.69,0
25375,30596,1073.99,0
25376,14296,2841.35,1
25377,4165,1431.56,1
25378,10055,4141.68,0
25379,29525,1659.46,1
25380,15643,1601.8,0
25381,4404,665.2,1
25382,4606,1255.8,1
25383,10054,266.95,1
25384,29806,2522.28,1
25385,12810,1072.36,1
25386,28386,495.67,0
25387,9652,2108.89,0
25388,16289,2400.05,0
25389,3481,1935.34,0
25390,28141,796.48,0
25391,6482,1118.25,0
25392,873,539.91,0
25393,10268,1686.37,1
25394,18921,3287.5,0
25395,3515,931.13,1
25396,2454,4034.32,1
25397,7089,137.66,1
25398,22829,4910.8,0
25399,6183,4278.99,1
25400,23081,3687.83,0
25401,17323,323.38,0
25402,7918,3608.47,0
25403,29615,4456.29,1
25404,21417,3331.07,0
25405,24495,1363.64,0
25406,23362,1273.69,0
25407,13704,1726.08,1
25408,29979,1335.6,0
25409,21596,1369.18,1
25410,23165,1318.72,0
25411,30635,1615.45,0
25412,10262,1733.83,0
25413,3821,4642.44,1
25414,32022,3913.28,0
25415,9720,814.87,0
25416,3466,4554.93,1
25417,4955,3912.95,1
25418,31533,4759.46,1
25419,8268,697.39,1
25420,30893,4361.14,0
25421,18266,4745.54,0
25422,9856,1058.23,1
25423,18726,3793.2,1
25424,17735,121.06,1
25425,27846,626.87,0
25426,8173,2428.28,0
25427,6206,3017.26,1
25428,23145,1677.52,0
25429,28005,1941.16,0
25430,33445,4322.79,0
25431,1348,2975.68,1
25432,23414,554.48,1
25433,30375,1171.03,1
25434,2424,1470.81,1
25435,21308,1890.84,1
25436,26950,2478.31,1
25437,27441,4541.97,0
25438,16196,190.17,0
25439,26276,1365.01,0
25440,3162,2519.84,0
25441,17487,4100.55,1
25442,13483,2453.15,1
25443,1178,1250.88,1
25444,24444,3951.13,1
25445,20881,3072.57,1
25446,32570,2037.99,1
25447,4486,1902.17,1
25448,28333,4752.02,0
25449,28398,248.6,0
25450,2054,414.37,0
25451,7292,2114.99,0
25452,22858,2627.85,1
25453,30948,3108.47,0
25454,4473,4041.26,0
25455,14772,1852.28,0
25456,21437,3108.55,0
25457,14717,3231.91,1
25458,30108,4384.76,0
25459,28289,3712.72,1
25460,7510,2395.11,1
25461,722,3837.68,1
25462,2655,1312.86,1
25463,17905,4351.59,0
25464,24112,3653.41,1
25465,3633,1225.75,1
25466,19911,3709.84,1
25467,7362,2604.33,1
25468,2894,896.19,1
25469,33179,2189.89,0
25470,15224,4485.46,0
25471,22630,2286.5,0
25472,26081,1239.51,1
25473,31773,1090.16,1
25474,28065,4480.42,0
25475,18508,4446.78,0
25476,14731,4539.81,0
25477,20151,3103.25,0
25478,1859,4905.54,1
25479,27986,2025.41,0
25480,15585,1040.35,0
25481,4567,187.3,1
25482,2676,3756.12,1
25483,34323,224.76,0
25484,32312,3184.38,1
25485,1476,2402.17,1
25486,18806,3912.43,0
25487,30369,4010.27,0
25488,7609,3357.38,1
25489,17091,4302.27,1
25490,31025,1013.02,1
25491,27047,590.85,1
25492,23909,928.26,0
25493,20130,2996.97,1
25494,27872,3104.84,1
25495,12866,3022.83,1
25496,3674,4925.96,0
25497,9935,4199.47,0
25498,799,920.12,0
25499,5178,1127.23,1
25500,11719,2511.54,1
25501,13173,1462.51,0
25502,32294,4154.09,1
25503,32939,4939.37,0
25504,22829,4751.36,1
25505,6492,1372.97,0
25506,11595,2914.85,1
25507,16927,3061.63,0
25508,16094,1314.04,1
25509,1488,4089.55,0
25510,22171,1950.39,1
25511,26039,3966.73,1
25512,16806,2518.84,0
25513,22184,1501.5,0
25514,1693,2507.64,0
25515,8615,176.42,1
25516,8982,2737.45,1
25517,20663,2262.53,1
25518,3214,446.14,0
25519,518,1315.23,1
25520,30178,3325.24,1
25521,1742,517.64,1
25522,473,3508.02,0
25523,1969,530.82,0
25524,8676,4725.81,1
25525,8794,366.8,1
25526,11722,3195.96,1
25527,26793,2190.49,1
25528,14370,704.74,1
25529,18344,461.66,1
25530,10112,752.87,0
25531,13627,1470.14,0
25532,18033,2230.9,1
25533,919,4463.81,0
25534,8826,1849.69,0
25535,5519,1218.43,0
25536,30017,583.14,0
25537,6085,1356.89,1
25538,2677,1504.17,1
25539,26912,539.07,0
25540,3362,2215.72,0
25541,16781,1354.31,0
25542,22913,3439.98,1
25543,7023,1697.34,1
25544,14533,3409.17,1
25545,6842,357.42,1
25546,16388,3143.38,0
25547,32204,804.71,1
25548,33564,4922.21,0
25549,18040,765.34,1
25550,18095,4880.14,0
25551,6852,3199.72,1
25552,30342,3509.97,0
25553,9649,4453.53,0
25554,16509,3070.35,1
25555,23542,3603.2,0
25556,3559,1320.35,1
25557,11341,3952.6,0
25558,32482,1767.74,1
25559,20722,483.57,1
25560,2479,1894.13,1
25561,2596,1035.51,0
25562,32318,3909.69,0
25563,16520,1664.22,0
25564,1868,3232.91,0
25565,4129,1495.83,1
25566,6497,3899.61,1
25567,3376,176.13,0
25568,1467,696.76,1
25569,17622,4924.48,0
25570,33188,409.36,1
25571,9799,3599.59,0
25572,25825,919.69,1
25573,15336,2059.89,1
25574,8084,1809.83,0
25575,6808,4060.13,0
25576,107,4873.71,0
25577,20960,219.18,0
25578,22376,4152.68,1
25579,4104,4681.98,0
25580,33677,2842.9,1
25581,7728,4995.3,1
25582,3700,3877.86,0
25583,10264,407.7,1
25584,24182,3965.76,0
25585,21867,756.36,1
25586,27972,4273.16,0
25587,57,703.31,1
25588,28299,2603.89,1
25589,34366,1110.55,0
25590,22438,4821.25,1
25591,16625,4390.14,0
25592,5812,755.42,1
25593,22374,1757.03,1
25594,33735,3759.16,1
25595,18150,4596.97,1
25596,10453,655.63,1
25597,12971,4845.28,0
25598,17692,560.75,0
25599,11262,1578.62,1
25600,25419,513.07,0
25601,4043,468.93,1
25602,20084,4628.15,0
25603,34174,379.82,1
25604,17864,1341.58,1
25605,13666,3518.54,1
25606,8604,1223.03,0
25607,8871,2576.9,1
25608,9388,500.43,0
25609,15733,282.08,1
25610,30677,1869.89,1
25611,6354,1479.18,1
25612,32050,2804.96,1
25613,18496,2328.72,1
25614,9847,379.54,0
25615,33270,3849.29,1
25616,29896,1242.97,0
25617,32945,3739.13,0
25618,31130,181.98,0
25619,29665,3779.42,1
25620,11538,4482.31,0
25621,28206,4505.53,1
25622,3708,4040.51,1
25623,6768,3751.46,1
25624,9811,4660.98,0
25625,25263,4066.46,0
25626,5404,370.39,0
25627,31757,3669.47,0
25628,26595,3680.52,1
25629,2140,1207.28,1
25630,760,1014.73,0
25631,24218,687.36,0
25632,5914,1773.51,0
25633,2879,785.03,0
25634,12994,2332.0,0
25635,31028,1834.07,0
25636,8452,3957.25,0
25637,8910,1031.47,0
25638,6202,3847.17,1
25639,11018,4268.66,0
25640,27842,1318.88,0
25641,5717,2217.6,1
25642,10744,2345.78,0
25643,11242,813.38,1
25644,102,3535.21,1
25645,18496,3875.95,0
25646,14282,4713.82,1
25647,31720,3028.78,1
25648,13155,2455.71,1
25649,21419,4967.18,1
25650,9314,555.39,0
25651,25177,872.02,1
25652,5310,3724.31,1
25653,28839,346.38,0
25654,20832,933.92,1
25655,21367,4431.59,1
25656,9850,4808.01,1
25657,12307,4562.48,1
25658,4792,284.16,1
25659,5121,492.62,1
25660,21858,531.35,1
25661,6342,4599.52,1
25662,3118,1911.17,1
25663,9551,2217.89,0
25664,2035,598.64,0
25665,23587,2345.55,1
25666,31138,1654.96,1
25667,8912,3914.6,0
25668,15787,2217.68,1
25669,13495,2893.29,0
25670,28372,491.9,0
25671,2463,2374.29,0
25672,17857,3081.0,1
25673,11695,3997.17,0
25674,16536,3886.67,0
25675,33616,4650.17,0
25676,16229,2739.93,0
25677,11665,4753.73,1
25678,16574,2269.41,0
25679,3996,3224.65,0
25680,3952,3491.96,1
25681,33773,2108.9,1
25682,31334,4886.64,1
25683,10248,2125.77,1
25684,31268,639.92,0
25685,14359,2052.24,1
25686,26849,151.8,0
25687,24573,2363.43,1
25688,8865,2250.12,0
25689,19419,3902.99,0
25690,4457,3031.2,1
25691,1559,4887.43,1
25692,28721,780.12,0
25693,9648,2634.27,1
25694,11796,2474.64,0
25695,20474,3695.64,0
25696,18909,3769.87,1
25697,2062,3108.33,0
25698,26241,866.43,1
25699,3062,4082.72,0
25700,30449,2366.06,0
25701,22730,4931.72,0
25702,15583,683.72,0
25703,25704,3164.18,1
25704,1661,4711.4,0
25705,26172,1229.73,0
25706,12510,2503.28,1
25707,11374,4974.84,0
25708,6472,2191.13,0
25709,25530,2105.72,1
25710,14504,4624.72,0
25711,4094,520.85,0
25712,24280,4472.43,0
25713,20213,811.12,1
25714,20810,3985.61,0
25715,33285,4964.93,0
25716,5393,3507.38,0
25717,256,2210.92,0
25718,21936,4046.71,0
25719,18809,449.01,1
25720,18684,527.48,0
25721,33358,369.11,1
25722,19977,3936.68,1
25723,17771,1527.9,1
25724,22975,3671.08,0
25725,3313,4550.05,0
25726,14247,4008.72,0
25727,26033,677.23,0
25728,22616,4201.52,0
25729,9815,1608.04,0
25730,18028,1900.01,0
25731,27694,248.74,0
25732,34182,150.9,1
25733,31689,998.55,0
25734,20950,2261.33,1
25735,12819,3310.43,1
25736,28018,1412.45,1
25737,2113,1802.98,0
25738,21113,4693.14,1
25739,17787,3898.36,1
25740,25629,4584.86,0
25741,29927,2142.0,0
25742,30577,1373.0,1
25743,33468,4906.33,1
25744,30046,2722.17,1
25745,1157,3098.72,0
25746,31700,4503.68,1
25747,12010,858.44,1
25748,22081,3479.6,0
25749,20829,3629.99,1
25750,17027,4629.51,1
25751,13730,665.53,0
25752,14995,2808.57,0
25753,32780,2561.02,0
25754,8990,4527.13,1
25755,11689,936.81,0
25756,15012,2600.87,1
25757,29152,3853.38,0
25758,27826,528.06,1
25759,34008,3591.28,0
25760,17898,3560.93,1
25761,6027,3947.32,1
25762,25758,902.32,0
25763,11518,1683.88,1
25764,11601,1830.52,1
25765,27120,376.91,1
25766,28124,646.14,0
25767,20880,4966.62,0
25768,34984,4813.84,0
25769,2855,3181.53,0
25770,12852,1172.56,0
25771,26527,2537.16,0
25772,15278,2214.57,1
25773,11719,1918.36,0
25774,25199,267.02,0
25775,19738,3205.34,0
25776,9916,3278.15,0
25777,14092,559.61,0
25778,16481,500.41,0
25779,14267,3327.22,1
25780,27270,1516.04,1
25781,19213,1640.61,1
25782,6322,2595.96,1
25783,5942,4879.38,1
25784,27961,406.08,1
25785,20341,3577.13,1
25786,1287,371.43,0
25787,27289,448.52,1
25788,1543,1470.7,0
25789,7200,4061.17,1
25790,28282,3962.97,0
25791,12664,4467.1,0
25792,30385,704.97,0
25793,6879,4800.59,1
25794,18435,4316.61,1
25795,24158,1246.89,1
25796,20633,807.88,1
25797,18535,1619.87,1
25798,25607,333.91,1
25799,29522,1674.51,0
25800,19452,4125.11,1
25801,24786,1130.61,1
25802,21022,3694.84,1
25803,5676,3444.8,0
25804,1664,807.37,0
25805,21703,4295.59,1
25806,28262,4768.88,1
25807,29975,2136.58,0
25808,31463,2884.97,0
25809,839,4624.25,0
25810,14268,1934.25,0
25811,18398,3223.23,0
25812,9900,156.92,0
25813,4729,2328.72,1
25814,28846,1945.76,1
25815,21058,1279.19,1
25816,18215,1789.21,1
25817,13513,1311.54,1
25818,22598,4210.76,0
25819,17903,516.91,0
25820,31587,1323.78,1
25821,23025,1730.56,1
25822,23567,3111.26,0
25823,34738,737.29,0
25824,18919,2171.21,0
25825,2966,4280.76,1
25826,22168,4825.07,0
25827,23330,4717.15,1
25828,21350,2989.43,1
25829,19216,3039.85,1
25830,19513,664.9,1
25831,30489,681.04,1
25832,86,2863.22,1
25833,9172,173.47,0
25834,5142,4038.31,0
25835,12939,2805.32,1
25836,22147,2882.63,1
25837,32193,3940.81,1
25838,6253,3124.93,1
25839,12444,4693.11,0
25840,11480,1846.18,0
25841,33349,3205.43,1
25842,9287,2832.36,0
25843,15337,3988.25,0
25844,9970,877.62,0
25845,31430,3511.08,1
25846,26039,2742.32,0
25847,31713,973.13,0
25848,858,2047.36,0
25849,18220,1222.44,1
25850,13381,3752.78,1
25851,11802,393.5,1
25852,3665,3793.46,1
25853,26556,2433.86,0
25854,27599,494.68,1
25855,2132,937.55,1
25856,25693,1378.94,1
25857,14349,4419.1,0
25858,32076,4389.79,0
25859,23294,1189.66,1
25860,9206,3096.12,1
25861,11767,2835.93,1
25862,3420,845.89,0
25863,23764,2767.77,0
25864,5077,625.19,1
25865,20160,1767.47,0
25866,17281,1175.46,0
25867,32067,3691.41,1
25868,23427,3223.72,1
25869,6857,1260.07,0
25870,32553,1711.46,1
25871,4035,2011.22,0
25872,25966,1584.13,0
25873,24312,4420.38,1
25874,18152,893.85,1
25875,1879,4519.03,1
25876,14419,1103.09,1
25877,12816,4053.82,0
25878,34608,1863.91,0
25879,31542,3715.98,1
25880,8879,1067.89,0
25881,18639,2452.38,1
25882,27868,3150.73,0
25883,477,1359.89,1
25884,24640,2700.84,0
25885,7861,253.93,1
25886,6889,3517.88,0
25887,2065,336.33,1
25888,27347,3679.14,1
25889,34871,1069.31,0
25890,5282,4300.94,0
25891,26400,1823.89,1
25892,24746,2701.46,0
25893,18119,1899.34,1
25894,34224,2280.56,0
25895,31465,864.94,1
25896,24254,1432.72,0
25897,3786,611.25,1
25898,34766,2291.48,0
25899,19431,3095.59,1
25900,15996,2547.15,0
25901,18027,1724.09,1
25902,21376,2131.52,1
25903,18971,3908.68,0
25904,21697,3575.24,0
25905,14713,190.49,0
25906,29188,2292.97,1
25907,24267,1733.01,0
25908,18514,3983.34,0
25909,9734,291.08,1
25910,29841,1687.68,1
25911,20148,448.17,1
25912,12196,371.05,0
25913,122,815.59,0
25914,6437,3875.98,1
25915,32102,945.27,0
25916,14006,2470.16,0
25917,9570,3063.58,1
25918,34318,2069.1,1
25919,31665,3444.84,1
25920,17160,3654.61,0
25921,14584,4947.09,1
25922,34034,1943.47,1
25923,5182,2690.2,1
25924,11401,4785.02,1
25925,34151,3013.96,1
25926,6362,1046.36,1
25927,30562,3277.49,0
25928,1404,215.28,1
25929,15759,1283.45,0
25930,10153,1028.17,0
25931,3943,2093.88,0
25932,18957,4640.08,1
25933,2613,3698.24,1
25934,27162,1153.35,0
25935,16319,3747.39,1
25936,7160,2174.3,1
25937,5400,1627.63,0
25938,20599,2751.16,1
25939,13145,1457.25,1
25940,18612,3097.68,0
25941,7757,4071.0,1
25942,27215,800.59,1
25943,11980,2827.71,0
25944,1891,3751.55,0
25945,7003,4589.84,0
25946,32570,4185.73,0
25947,27026,151.36,1
25948,2984,379.34,0
25949,4099,4787.73,0
25950,23605,1773.86,1
25951,34735,4577.42,0
25952,20289,3652.51,0
25953,1998,4160.45,1
25954,31415,1990.65,1
25955,2745,2760.14,0
25956,3627,3122.24,0
25957,74,2177.48,1
25958,13599,4393.08,0
25959,32686,209.44,1
25960,26075,4801.92,1
25961,33809,2755.51,0
25962,5676,4343.42,1
25963,544,2871.58,1
25964,23566,2749.22,0
25965,29315,1222.64,1
25966,7082,2715.46,1
25967,34335,1439.59,1
25968,15582,4842.16,0
25969,33386,217.79,0
25970,6420,3527.08,1
25971,24841,2149.87,0
25972,4044,881.82,0
25973,3186,4256.82,0
25974,15749,135.64,0
25975,5259,734.11,0
25976,24576,2998.05,1
25977,12214,419.48,1
25978,19251,3382.96,1
25979,21889,3097.98,1
25980,26795,2158.71,0
25981,14401,1531.55,0
25982,7435,344.13,1
25983,8247,4323.25,0
25984,18963,3782.59,1
25985,22490,3098.32,1
25986,17699,2283.83,1
25987,34322,4063.68,1
25988,24074,2866.99,0
25989,32344,3719.1,0
25990,219,4947.21,0
25991,27159,2486.83,1
25992,29328,1350.75,0
25993,21893,1495.83,0
25994,19697,2891.1,1
25995,28652,3617.05,1
25996,7699,583.74,1
25997,9756,1283.13,0
25998,26367,2442.95,0
25999,31855,2465.35,1
26000,17108,704.91,1
26001,32465,3816.4,1
26002,23864,4350.34,1
26003,27104,1452.62,1
26004,16150,3462.36,0
26005,7537,3048.46,0
26006,6725,1527.68,0
26007,9617,774.52,0
26008,4665,1463.83,1
26009,7512,3046.87,1
26010,30135,3308.3,0
26011,32581,243.34,0
26012,34020,2246.94,0
26013,27951,3692.49,1
26014,10972,621.3,1
26015,2879,2551.92,0
26016,14368,2301.76,0
26017,13315,4487.74,0
26018,16908,396.85,0
26019,29323,972.15,0
26020,3802,3952.23,1
26021,20417,115.18,1
26022,32792,1966.13,0
26023,16137,1763.73,0
26024,17440,4038.28,1
26025,11686,1279.65,1
26026,30076,4567.94,0
26027,32992,1012.0,1
26028,23085,366.28,0
26029,11809,1826.58,0
26030,31991,3921.36,0
26031,15969,4345.23,0
26032,11189,1358.62,1
26033,11941,4691.51,1
26034,6358,272.32,0
26035,17407,2491.97,1
26036,18331,2288.82,1
26037,8275,3866.16,1
26038,10157,3942.58,0
26039,32299,3356.22,1
26040,22893,3950.24,0
26041,34822,1039.69,1
26042,14606,3783.08,1
26043,22970,1260.94,0
26044,2213,4122.89,0
26045,33511,2747.02,1
26046,25937,4697.08,1
26047,9641,3651.23,0
26048,30898,134.76,0
26049,23527,3203.09,1
26050,9595,2521.13,1
26051,22941,3073.23,1
26052,26056,145.83,1
26053,6895,2963.27,1
26054,28267,1468.46,1
26055,715,3296.12,1
26056,3623,1990.09,0
26057,17783,2678.82,0
26058,12161,3750.09,0
26059,24745,1898.74,1
26060,20484,3533.55,0
26061,34202,4280.72,0
26062,17805,2846.06,1
26063,6147,443.51,0
26064,4933,795.47,1
26065,22431,1088.52,1
26066,12370,1946.79,0
26067,22691,618.47,0
26068,24714,2155.88,1
26069,27243,1230.71,0
26070,31698,3050.71,1
26071,3844,659.56,1
26072,23865,299.12,1
26073,5172,3455.4,1
26074,20164,812.61,1
26075,11585,1916.19,1
26076,21990,1865.82,0
26077,18482,852.07,1
26078,30073,474.17,1
26079,9261,4396.92,0
26080,28141,1568.11,1
26081,19833,3521.15,1
26082,14502,1518.76,1
26083,15853,4569.19,1
26084,25166,2005.07,0
26085,21347,1565.99,0
26086,1670,4532.45,0
26087,11799,3809.0,1
26088,23035,3525.15,0
26089,9487,351.08,1
26090,5067,3870.55,0
26091,6887,4942.93,1
26092,2985,3849.86,1
26093,29676,1045.08,0
26094,31549,948.76,1
26095,1765,3783.07,0
26096,10613,470.07,0
26097,4176,1789.1,1
26098,11971,2928.13,0
26099,28935,1971.83,1
26100,25046,2710.5,0
26101,16899,3542.73,0
26102,10476,2902.44,1
26103,7570,3627.83,0
26104,14719,3322.76,0
26105,23263,2882.73,1
26106,28339,1203.5,1
26107,30636,2880.37,1
26108,15592,3623.5,1
26109,17612,947.63,0
26110,1266,1070.51,0
26111,19526,2699.75,1
26112,8139,1975.27,0
26113,29527,4103.19,1
26114,12555,1979.35,0
26115,34402,170.74,1
26116,15538,3894.75,1
26117,13201,2544.76,1
26118,21580,4715.37,0
26119,4228,1507.3,1
26120,14758,901.72,1
26121,1979,943.01,0
26122,25417,1240.94,0
26123,12623,4736.42,0
26124,27632,1141.57,0
26125,17111,4082.94,0
26126,27897,4539.07,0
26127,10657,3467.35,0
26128,9322,3594.65,0
26129,64,2369.98,0
26130,30865,925.61,0
26131,14406,2265.54,0
26132,12810,2529.52,1
26133,32689,3377.19,1
26134,34938,2203.72,0
26135,15650,2866.75,1
26136,27128,2565.12,0
26137,15755,4296.44,0
26138,34479,1056.48,0
26139,27240,3649.11,1
26140,32483,2360.39,0
26141,15243,2817.31,1
26142,17411,4633.72,1
26143,32388,3027.04,1
26144,31663,1631.92,0
26145,28194,4443.89,0
26146,20053,2447.48,0
26147,21952,1326.82,1
26148,30675,1300.88,1
26149,22173,4405.73,0
26150,15369,2307.06,1
26151,18440,1496.97,0
26152,14837,4903.71,1
26153,15271,1802.68,1
26154,15927,2456.66,0
26155,32796,3857.95,1
26156,1623,190.15,1
26157,4393,4471.16,0
26158,7181,2974.14,1
26159,18155,702.7,0
26160,24751,3837.78,0
26161,22768,4409.57,1
26162,20446,3298.45,1
26163,219,809.72,1
26164,25366,2054.35,1
26165,25161,385.92,0
26166,583,3847.19,1
26167,32688,4862.33,1
26168,30933,4542.37,1
26169,12867,2006.8,0
26170,4516,625.65,0
26171,29107,4429.27,0
26172,25711,2718.55,0
26173,34296,545.2,0
26174,4614,2402.6,1
26175,20973,2509.93,0
26176,12702,3544.22,0
26177,25079,1415.48,0
26178,8539,797.13,0
26179,4813,714.78,0
26180,33228,3336.65,1
26181,30168,794.2,1
26182,20432,3846.82,0
26183,1646,4439.87,0
26184,33927,4975.5,0
26185,22138,671.39,1
26186,25617,885.88,0
26187,17471,909.47,0
26188,8032,3196.92,0
26189,29228,4652.62,0
26190,30079,910.76,1
26191,27349,4405.96,0
26192,19600,1425.86,0
26193,18541,3825.17,1
26194,34941,3499.92,1
26195,26779,3694.45,0
26196,19661,4053.0,1
26197,1496,3914.24,0
26198,10045,2104.1,0
26199,17841,3143.8,1
26200,13229,2028.1,0
26201,13402,959.51,1
26202,22731,4888.63,1
26203,30017,2693.58,0
26204,10231,2670.21,0
26205,24718,4094.71,0
26206,9415,4292.4,0
26207,20012,2167.4,1
26208,19058,2238.23,1
26209,18809,1004.39,0
26210,2038,1241.35,0
26211,4207,2883.14,0
26212,28828,649.68,1
26213,19814,1499.64,0
26214,3536,1455.86,1
26215,16243,4004.94,1
26216,23992,2499.62,0
26217,4390,4627.06,1
26218,18936,2478.74,0
26219,32902,1714.93,0
26220,4788,692.81,1
26221,32894,2216.02,1
26222,22339,1436.64,0
26223,28475,223.83,1
26224,11884,826.33,1
26225,24930,3699.63,1
26226,12373,4447.82,0
26227,849,3485.55,1
26228,13229,2867.08,0
26229,15127,3972.7,1
26230,5218,957.97,1
26231,2649,3742.65,0
26232,27771,4950.19,1
26233,25606,3032.71,1
26234,30925,3569.08,1
26235,32253,3439.25,1
26236,30217,4168.58,1
26237,21697,130.02,0
26238,2856,3687.44,0
26239,4154,4237.46,1
26240,7411,4356.43,0
26241,21040,127.46,1
26242,12053,904.41,1
26243,4223,1061.32,1
26244,8413,4952.1,0
26245,17050,2359.92,0
26246,29185,2442.33,1
26247,4434,3449.1,0
26248,24290,358.23,0
26249,13425,2854.82,1
26250,10873,2568.5,0
26251,16683,599.05,1
26252,27970,3726.26,0
26253,8826,2463.09,0
26254,15028,4406.43,0
26255,3433,3452.89,0
26256,2234,3904.16,1
26257,22394,4610.96,0
26258,28446,1512.43,0
26259,21220,3075.65,1
26260,25108,2668.22,1
26261,32412,1173.03,1
26262,26536,4749.78,1
26263,22951,1285.77,0
26264,31851,1172.43,0
26265,11141,2738.6,1
26266,2989,4131.15,0
26267,32997,1912.63,1
26268,8812,3350.28,0
26269,14758,2523.83,1
26270,84,1946.39,1
26271,18076,1406.05,0
26272,13005,2418.26,0
26273,12815,2212.03,1
26274,15542,2551.18,0
26275,31646,1777.68,1
26276,25125,4116.16,0
26277,9216,154.77,1
26278,20570,1781.81,0
26279,32210,1156.34,1
26280,25099,2005.35,0
26281,1682,2725.28,0
26282,8093,4750.42,0
26283,29449,4670.12,1
26284,19173,1891.14,0
26285,26468,3143.3,0
26286,8767,2642.6,1
26287,23047,3311.92,1
26288,10643,3042.18,1
26289,6068,2033.49,0
26290,2525,3571.18,0
26291,29181,3680.64,0
26292,9164,2805.16,1
26293,22087,4079.04,0
26294,33195,3318.32,0
26295,5317,1303.88,0
26296,10162,3757.83,0
26297,27422,1379.52,0
26298,9961,301.11,1
26299,20528,1622.8,0
26300,19154,2956.87,1
26301,26516,264.69,1
26302,15912,244.32,1
26303,23261,105.17,0
26304,812,219.51,0
26305,34662,2483.88,0
26306,20799,4536.86,0
26307,27892,2741.12,0
26308,26960,1788.14,0
26309,10948,2684.13,1
26310,6390,353.76,0
26311,28359,3474.98,0
26312,6862,4571.68,0
26313,9527,3771.19,1
26314,20852,4530.91,1
26315,168,4913.11,0
26316,6366,2318.62,1
26317,26171,2423.1,1
26318,25852,4230.43,0
26319,29359,3203.11,0
26320,4129,4744.24,0
26321,1905,4370.92,0
26322,17768,1218.97,0
26323,440,4155.61,0
26324,5850,973.78,0
26325,9831,2785.94,1
26326,1405,3183.08,0
26327,8811,1055.5,1
26328,33587,1248.17,1
26329,21159,1268.67,1
26330,26546,396.0,1
26331,31478,1559.65,1
26332,8726,4254.43,1
26333,4647,1973.64,0
26334,31998,2337.11,0
26335,21383,4892.68,1
26336,31563,3769.86,0
26337,19092,1073.63,1
26338,1049,3631.21,0
26339,19505,2076.32,1
26340,12747,2170.62,0
26341,1649,1176.01,0
26342,13740,2796.56,0
26343,14632,2458.41,1
26344,31090,2672.15,0
26345,13041,2028.61,0
26346,6043,4740.79,0
26347,27060,1744.64,1
26348,28559,4937.24,0
26349,25724,2544.98,1
26350,31375,2274.22,1
26351,6345,3327.28,1
26352,1968,3043.69,0
26353,8159,4766.1,0
26354,20420,2912.67,0
26355,13923,1620.42,1
26356,31034,3375.15,1
26357,21017,3600.4,0
26358,13804,1970.7,0
26359,2565,431.86,0
26360,9223,1891.5,1
26361,5041,1660.03,1
26362,8607,4585.22,0
26363,21848,3756.13,1
26364,7985,1272.8,1
26365,3395,2623.51,0
26366,23695,4693.84,1
26367,34132,3962.17,0
26368,34892,1537.54,1
26369,27612,2348.1,0
26370,18203,3495.84,0
26371,11019,3655.71,1
26372,16138,1859.96,0
26373,16546,3714.67,1
26374,9709,2428.83,1
26375,8008,2600.85,0
26376,2711,1626.99,0
26377,12858,1262.99,0
26378,13177,503.92,0
26379,17135,4754.44,0
26380,11054,4040.44,1
26381,30762,2325.42,0
26382,26017,1242.49,1
26383,18690,3835.71,0
26384,32594,265.79,1
26385,26759,4593.57,1
26386,21606,3230.09,0
26387,22269,1922.59,1
26388,472,172.17,0
26389,27080,952.43,0
26390,25988,4365.21,1
26391,2974,1262.37,0
26392,25399,296.47,0
26393,4401,3038.39,0
26394,24506,1599.69,1
26395,16904,2582.7,0
26396,12486,3450.43,0
26397,34117,3097.78,0
26398,33448,4687.18,1
26399,34642,315.13,0
26400,4860,4801.92,0
26401,12066,1982.88,0
26402,16700,1874.66,0
26403,33229,3580.84,0
26404,19220,2692.95,0
26405,688,2971.68,0
26406,7049,3169.79,1
26407,1817,2462.72,0
26408,29999,2364.77,1
26409,12432,4382.33,1
26410,25247,3699.28,0
26411,24269,3528.82,1
26412,17185,3663.83,0
26413,26195,1443.65,0
26414,11376,328.67,1
26415,11119,2509.1,0
26416,15400,4849.67,0
26417,13993,3389.06,1
26418,15262,1040.9,0
26419,19808,2402.03,0
26420,31239,1266.08,1
26421,33599,4669.56,1
26422,26780,3293.69,0
26423,32513,2120.14,1
26424,33059,1583.57,1
26425,34837,4921.06,0
26426,2520,4960.58,0
26427,31399,4587.89,0
26428,7187,3754.21,1
26429,22257,977.4,1
26430,26720,2089.73,0
26431,20683,4329.69,0
26432,24307,3909.71,0
26433,28677,4715.17,0
26434,14716,4801.51,0
26435,5890,2145.15,0
26436,25761,1221.68,1
26437,21403,974.55,1
26438,24018,544.96,0
26439,22893,4569.03,1
26440,1531,2948.97,1
26441,1478,2169.82,1
26442,2340,2851.58,1
26443,16943,3489.36,0
26444,22458,3751.35,0
26445,8751,415.09,0
26446,24529,3049.67,1
26447,34623,883.37,0
26448,34336,494.49,0
26449,19136,4542.23,1
26450,4796,495.24,0
26451,15185,3998.24,0
26452,15193,3121.11,0
26453,6496,2498.71,0
26454,11421,4922.72,0
26455,31033,3108.08,1
26456,452,794.04,1
26457,9704,4374.69,0
26458,11207,349.35,0
26459,12625,252.49,1
26460,25973,3885.67,0
26461,7348,3048.7,0
26462,22887,1246.31,1
26463,2394,2201.83,0
26464,4986,937.17,0
26465,23285,4234.99,0
26466,11351,3642.02,0
26467,7917,2986.5,0
26468,2697,2322.66,0
26469,25823,4228.88,0
26470,21636,1206.69,1
26471,31580,3684.21,0
26472,26883,2481.89,0
26473,12113,122.22,1
26474,15600,2392.82,0
26475,1257,4975.2,1
26476,2793,3500.14,0
26477,13485,2286.04,1
26478,10070,1991.41,0
26479,34193,4574.05,1
26480,7597,876.18,0
26481,18900,4521.75,0
26482,8921,4391.09,1
26483,7011,3544.36,1
26484,14655,4192.88,1
26485,2835,4884.96,0
26486,21536,224.53,0
26487,27596,4500.09,0
26488,3490,1308.66,1
26489,14424,3910.49,0
26490,19622,3766.21,0
26491,1216,2156.65,0
26492,21707,4863.72,0
26493,2422,3006.61,1
26494,5540,3698.86,1
26495,24571,3981.77,0
26496,25350,4291.07,0
26497,28490,4874.94,1
26498,14476,4341.0,0
26499,13316,579.18,1
26500,17525,3828.06,0
26501,28933,3261.3,1
26502,24326,313.8,0
26503,10144,3154.14,1
26504,12758,3628.16,1
26505,27979,4506.69,0
26506,23896,1813.6,0
26507,27322,490.22,0
26508,11773,3772.81,1
26509,9501,3666.56,1
26510,12404,2006.47,0
26511,16610,4967.38,1
26512,30999,2474.36,1
26513,1057,3392.97,1
26514,15564,2186.24,0
26515,10660,4377.71,1
26516,28842,3916.92,0
26517,10253,715.46,1
26518,18204,4221.94,1
26519,20197,3386.22,1
26520,8189,2512.09,0
26521,31398,4392.52,1
26522,11964,551.02,1
26523,33086,506.52,0
26524,16804,2290.85,1
26525,11312,1670.28,0
26526,26971,1994.08,1
26527,33250,2397.34,1
26528,33326,3552.84,0
26529,27035,807.51,1
26530,20043,3083.46,0
26531,7053,2093.93,0
26532,11555,373.28,1
26533,2953,3180.28,1
26534,1946,2983.71,0
26535,30465,3200.94,0
26536,15378,3672.22,1
26537,8108,2098.0,1
26538,20551,2803.56,0
26539,15380,2915.43,1
26540,31051,4316.89,1
26541,29285,2262.9,0
26542,11320,916.74,1
26543,9573,2394.16,1
26544,726,3616.35,0
26545,2767,2101.33,1
26546,14961,2259.7,1
26547,30781,465.99,1
26548,25656,3746.31,0
26549,3708,1331.68,0
26550,8597,1363.08,1
26551,7451,1446.77,1
26552,11145,3692.4,0
26553,10470,861.28,1
26554,1731,3869.6,0
26555,1548,183.1,0
26556,17790,715.8,0
26557,13404,3335.74,1
26558,32833,1404.34,1
26559,14109,1651.39,1
26560,47,1448.19,1
26561,17887,1022.24,0
26562,10707,436.36,1
26563,33987,3591.12,1
26564,28972,3108.18,0
26565,22862,3570.75,1
26566,1818,1293.24,0
26567,477,3900.37,1
26568,11954,3166.55,1
26569,22911,4618.02,1
26570,19416,1850.35,0
26571,19225,2238.16,0
26572,1585,4802.76,1
26573,1373,4142.76,0
26574,8750,2722.35,1
26575,13865,2500.92,1
26576,11266,4425.98,1
26577,23747,597.02,1
26578,19604,4368.06,1
26579,2086,716.7,0
26580,17940,2090.25,0
26581,20176,3584.3,1
26582,28411,783.12,0
26583,15667,2295.31,0
26584,23668,1793.5,0
26585,12847,3534.76,1
26586,28659,1582.01,1
26587,20052,2413.02,0
26588,24089,2112.46,1
26589,14183,4772.96,0
26590,31453,2084.85,0
26591,15915,2926.56,1
26592,6779,3600.14,0
26593,9736,2484.03,1
26594,25962,1352.29,1
26595,12033,1872.91,1
26596,6819,387.55,0
26597,16957,3341.6,0
26598,4170,1385.94,1
26599,25998,495.38,0
26600,15027,3944.17,0
26601,9238,1342.23,0
26602,7921,3487.97,1
26603,15334,1192.86,0
26604,19018,4729.0,1
26605,22579,113.29,1
26606,28672,2197.22,0
26607,2111,884.47,0
26608,9789,2871.64,0
26609,6553,612.48,0
26610,21343,1449.52,1
26611,26753,2644.93,0
26612,21649,4328.97,0
26613,5530,949.69,1
26614,27571,4550.8,1
26615,22904,4787.12,1
26616,20617,2339.24,0
26617,28134,654.12,0
26618,22789,523.24,1
26619,19851,3361.52,1
26620,13010,1053.11,1
26621,34130,923.85,1
26622,23169,3837.79,1
26623,12902,2770.3,1
26624,17858,3018.83,1
26625,11893,2621.68,1
26626,5197,3237.85,0
26627,11832,4226.33,0
26628,31018,4332.59,0
26629,23972,1665.43,0
26630,28100,2468.09,0
26631,24892,1809.05,0
26632,1715,462.24,1
26633,21748,3927.03,1
26634,25439,1850.99,0
26635,7910,1546.79,1
26636,33364,4144.92,0
26637,17550,2717.81,0
26638,12784,4604.94,0
26639,19972,1441.32,1
26640,2690,3731.59,0
26641,10224,2454.11,1
26642,18994,4983.51,1
26643,29056,930.83,1
26644,2614,3987.1,0
26645,26127,2986.97,1
26646,29067,2136.49,1
26647,32082,1114.4,1
26648,25129,3443.19,0
26649,8261,4304.96,1
26650,19071,300.97,1
26651,18950,1509.91,0
26652,31017,1246.6,0
26653,24256,3121.25,1
26654,13749,1815.36,0
26655,24494,2713.17,0
26656,17961,1084.72,1
26657,10904,971.51,1
26658,20719,2423.69,1
26659,24769,3236.04,1
26660,9256,3419.38,0
26661,32279,3290.07,1
26662,15870,627.55,0
26663,30648,927.1,1
26664,19993,2539.2,0
26665,29141,4712.62,0
26666,16350,2510.46,0
26667,24578,1002.32,1
26668,28230,1327.28,0
26669,31967,1105.83,0
26670,29480,4240.51,0
26671,3213,4980.95,1
26672,14597,2202.33,1
26673,2827,2644.77,1
26674,20135,737.75,1
26675,28432,4405.95,0
26676,28172,3037.18,1
26677,30934,1701.57,1
26678,16968,4281.44,0
26679,17196,1685.53,1
26680,22563,2104.73,0
26681,25095,4432.76,1
26682,27525,3229.47,0
26683,7028,2609.07,0
26684,29334,4735.54,1
26685,14507,4138.55,1
26686,14544,457.84,0
26687,22907,914.35,1
26688,3937,4348.18,0
26689,31069,1603.79,0
26690,12270,3156.51,1
26691,1490,4897.77,0
26692,14828,1739.36,1
26693,3761,2693.24,1
26694,9468,3404.1,1
26695,6704,1002.63,0
26696,14014,898.07,1
26697,20255,2932.16,0
26698,29839,2285.97,0
26699,23432,302.46,1
26700,21514,1133.37,1
26701,30143,2088.56,1
26702,2723,4738.77,0
26703,6113,864.12,0
26704,11114,2246.78,0
26705,33630,424.69,1
26706,9017,3146.73,0
26707,24840,2618.13,1
26708,9767,3258.43,0
26709,11915,4415.09,1
26710,8472,108.69,1
26711,20942,1375.39,1
26712,14410,391.71,1
26713,3058,3453.43,0
26714,1929,344.77,1
26715,5526,540.14,0
26716,14363,2769.03,0
26717,27942,3638.4,1
26718,17392,3436.68,1
26719,11211,3875.09,0
26720,10499,4340.42,0
26721,32349,4933.4,0
26722,4256,4229.84,1
26723,7941,2403.99,1
26724,3538,836.31,0
26725,7418,119.44,1
26726,14321,1748.62,1
26727,23168,3962.4,0
26728,29603,4891.49,1
26729,6595,1884.05,1
26730,8773,283.12,0
26731,31186,2459.13,1
26732,876,3596.72,1
26733,17691,4466.64,0
26734,28266,1426.1,0
26735,10193,1456.95,1
26736,16027,3564.9,1
26737,6896,3617.44,1
26738,13623,4142.96,0
26739,25570,4301.56,1
26740,16251,1879.51,1
26741,25502,1386.99,1
26742,18583,2668.4,0
26743,32318,2645.01,1
26744,28789,3594.65,0
26745,31495,2261.37,0
26746,28318,2747.18,0
26747,8633,290.27,0
26748,2024,4699.7,0
26749,4520,3491.26,1
26750,25076,4623.37,1
26751,31888,171.78,1
26752,15656,2317.79,1
26753,850,1556.53,1
26754,22286,4382.35,0
26755,27453,1632.81,1
26756,24416,1936.9,0
26757,29172,1340.73,1
26758,23895,2816.61,1
26759,9611,2825.18,0
26760,7270,4566.14,0
26761,5634,4190.37,0
26762,24269,1642.68,1
26763,32879,4230.34,0
26764,13316,4752.83,1
26765,30470,4069.74,0
26766,9309,2077.79,0
26767,9245,812.55,1
26768,11003,769.54,1
26769,25434,2439.19,0
26770,34518,4292.74,1
26771,24938,1682.05,0
26772,24833,403.1,0
26773,2379,3654.8,1
26774,22345,2917.5,1
26775,1766,1912.69,1
26776,10770,187.76,0
26777,34969,2191.07,0
26778,29925,3887.22,1
26779,18017,2239.94,0
26780,8047,139.9,1
26781,3152,2934.68,0
26782,25309,3229.29,1
26783,32753,963.03,0
26784,24136,1797.61,0
26785,11923,4499.64,1
26786,19315,2816.53,1
26787,19833,461.09,0
26788,15707,288.75,0
26789,1434,4229.2,0
26790,4292,2953.85,0
26791,11552,540.52,0
26792,4991,979.8,0
26793,4862,372.4,1
26794,22052,2703.46,1
26795,953,4389.26,1
26796,8640,3697.16,1
26797,16329,4538.22,0
26798,14087,2583.09,0
26799,20710,2651.21,0
26800,4315,4231.68,0
26801,22136,2761.95,1
26802,13932,4601.79,1
26803,10919,4135.43,0
26804,13753,121.2,0
26805,378,3137.42,0
26806,7925,4927.39,1
26807,8592,4491.55,1
26808,12231,4176.99,0
26809,28946,3023.66,1
26810,17666,4725.37,0
26811,5725,2474.36,0
26812,23484,982.16,1
26813,1544,4459.4,1
26814,2321,2523.68,0
26815,4765,3751.6,1
26816,12747,3584.73,1
26817,7688,3951.79,1
26818,10446,588.53,1
26819,14864,4926.94,1
26820,32960,4629.68,0
26821,5996,4850.4,0
26822,21333,3901.41,1
26823,936,2692.2,1
26824,22448,1890.41,1
26825,26511,2136.56,1
26826,2345,2776.15,0
26827,15799,1247.63,0
26828,14411,4028.07,0
26829,29890,1252.11,1
26830,17121,4148.11,1
26831,16567,2774.45,1
26832,2625,2325.55,1
26833,6538,4270.51,0
26834,15062,264.07,1
26835,24180,4177.49,0
26836,4248,3703.39,1
26837,5792,1913.27,1
26838,13692,2078.33,0
26839,18589,3202.2,1
26840,18510,1031.09,0
26841,33452,1395.24,0
26842,18149,179.98,0
26843,10712,4906.87,1
26844,21831,3515.88,1
26845,12120,403.94,0
26846,32496,2876.98,1
26847,26614,3395.64,0
26848,10733,2661.02,1
26849,13423,1502.85,1
26850,32502,2427.9,1
26851,23818,4416.64,0
26852,16368,930.69,0
26853,31395,990.5,1
26854,19702,3595.7,0
26855,21757,4744.15,1
26856,6186,839.75,0
26857,26904,937.52,1
26858,25181,2494.46,1
26859,3387,2231.35,0
26860,1163,1863.5,0
26861,31778,4612.55,0
26862,29836,2370.78,0
26863,3856,2972.33,0
26864,21036,4474.99,1
26865,25716,344.5,1
26866,30784,4471.72,1
26867,33642,1856.28,1
26868,26440,178.7,0
26869,10384,2567.42,1
26870,5889,946.23,0
26871,11292,257.08,0
26872,30272,3642.02,1
26873,34793,1470.45,0
26874,25883,3945.34,0
26875,34803,599.81,1
26876,13866,1491.24,1
26877,7858,899.24,1
26878,6922,3729.2,0
26879,22811,4183.39,0
26880,31647,258.31,0
26881,31766,1767.77,0
26882,16172,3826.84,1
26883,16193,3117.67,1
26884,31505,1474.21,0
26885,28269,3944.64,0
26886,29871,729.92,1
26887,5558,1532.47,0
26888,4493,241.79,1
26889,28934,1745.8,1
26890,17233,2344.7,1
26891,33284,4802.46,0
26892,3472,428.83,0
26893,1481,2726.92,0
26894,2744,404.56,1
26895,18921,1066.65,0
26896,18068,1353.49,1
26897,24166,2577.17,1
26898,20881,1598.39,1
26899,19205,4713.75,1
26900,29105,2955.9,1
26901,18124,1295.03,0
26902,30359,584.63,1
26903,19669,896.87,1
26904,15448,3596.35,0
26905,3413,376.08,0
26906,19255,4904.06,1
26907,3359,3873.27,1
26908,8645,1436.9,1
26909,10923,1260.95,0
26910,21540,4626.15,0
26911,21186,2536.96,0
26912,32295,3522.49,0
26913,23756,3348.73,1
26914,25608,4222.92,0
26915,20360,4182.83,1
26916,5720,1473.58,1
26917,34892,1057.7,0
26918,8243,913.45,0
26919,16558,1419.65,1
26920,12149,3672.98,1
26921,31379,3161.9,0
26922,15292,971.12,1
26923,1863,2721.19,0
26924,15030,3865.79,0
26925,14812,4979.04,1
26926,27052,4789.77,0
26927,33647,2929.4,1
26928,22792,2194.05,1
26929,31442,4507.39,1
26930,13343,3833.08,1
26931,4078,4225.44,0
26932,17168,311.38,0
26933,28093,562.19,0
26934,16059,1622.54,0
26935,2389,455.31,1
26936,180,299.84,0
26937,33793,4103.89,0
26938,21992,629.5,0
26939,9962,3062.07,1
26940,13090,3588.06,0
26941,15500,4593.47,1
26942,3805,1882.33,1
26943,1001,2172.92,1
26944,27742,862.01,1
26945,3108,252.83,1
26946,17377,1538.38,1
26947,783,3352.91,0
26948,3621,3393.03,0
26949,10054,1555.08,0
26950,26460,1032.59,0
26951,8110,3003.16,1
26952,30044,3928.07,1
26953,23865,1973.86,1
26954,9275,2816.59,1
26955,21609,2979.01,1
26956,16313,547.3,1
26957,22480,3087.02,1
26958,21045,772.53,0
26959,33490,223.36,1
26960,18348,3122.43,0
26961,12115,173.47,0
26962,15221,1629.77,0
26963,6403,3703.85,1
26964,28297,4342.49,0
26965,21506,4978.94,1
26966,13687,3635.63,1
26967,921,1957.5,0
26968,2911,423.22,1
26969,16846,1679.08,1
26970,3481,1863.47,0
26971,29968,3025.6,1
26972,8867,2404.96,0
26973,10573,2143.01,0
26974,27294,121.47,1
26975,7757,4736.99,0
26976,26962,3207.21,1
26977,10620,3268.34,0
26978,3303,4042.57,0
26979,26140,4412.34,1
26980,18594,895.13,0
26981,12352,3798.61,1
26982,33982,2589.56,1
26983,24599,1874.87,1
26984,6891,190.8,1
26985,4217,2964.23,1
26986,11235,4061.74,0
26987,3734,858.32,0
26988,24928,682.07,0
26989,34559,217.84,0
26990,2481,2234.13,0
26991,27048,1743.69,0
26992,27494,1858.34,1
26993,11679,4616.14,1
26994,13229,825.29,1
26995,12302,923.4,1
26996,11879,378.22,0
26997,3718,4474.24,1
26998,13856,3498.36,1
26999,6085,4053.91,0
27000,27148,3264.87,0
27001,3841,1007.59,1
27002,26369,2854.41,1
27003,304,816.79,1
27004,10978,4472.88,1
27005,30993,2979.22,1
27006,14136,2037.59,1
27007,5724,3388.36,1
27008,13804,727.67,0
27009,19818,2855.64,1
27010,15129,3750.82,1
27011,5634,4141.41,0
27012,12356,3483.87,1
27013,28543,765.06,0
27014,14700,2017.09,1
27015,22567,1228.78,0
27016,3431,1056.03,1
27017,13449,750.17,0
27018,27988,2247.19,0
27019,2950,4697.46,0
27020,24711,3985.09,0
27021,27646,2776.88,0
27022,34322,1557.19,1
27023,1849,3755.49,0
27024,2942,1753.53,1
27025,724,4104.86,0
27026,24218,864.54,0
27027,16395,3345.14,1
27028,6766,1739.3,1
27029,12575,3047.97,1
27030,19047,820.8,0
27031,26839,2605.21,1
27032,14027,4872.98,1
27033,6134,2276.75,1
27034,2173,3297.86,1
27035,10184,4630.28,1
27036,30525,2501.95,1
27037,18570,469.59,1
27038,25520,3473.56,1
27039,11800,2469.23,1
27040,5760,209.16,0
27041,4580,3490.3,1
27042,22749,4649.96,1
27043,10508,4485.25,1
27044,28860,1609.86,1
27045,34434,3806.36,0
27046,23932,4923.04,0
27047,13431,1912.15,0
27048,34948,3261.5,0
27049,27118,3179.56,0
27050,30529,833.89,0
27051,31520,2498.63,1
27052,533,1922.41,1
27053,7310,2620.82,1
27054,8963,1682.28,1
27055,14133,1782.0,1
27056,6097,318.06,0
27057,22619,3553.62,0
27058,26589,2160.14,0
27059,18240,2561.21,1
27060,15723,115.44,0
27061,14085,3787.21,1
27062,1891,1593.67,0
27063,10705,2146.42,1
27064,1921,3230.99,1
27065,14723,1094.24,0
27066,33019,1305.57,1
27067,19956,218.52,0
27068,14708,4288.38,1
27069,18552,4485.8,0
27070,16528,3640.84,0
27071,17775,940.46,0
27072,13003,455.06,0
27073,25626,1159.57,1
27074,6859,1436.38,1
27075,7757,3092.08,1
27076,22808,2750.13,0
27077,5452,1000.49,1
27078,27276,2155.06,1
27079,30494,4714.04,1
27080,16468,3472.37,0
27081,16217,4132.44,1
27082,10141,2788.08,1
27083,12892,2534.54,1
27084,13308,1928.8,0
27085,14768,2250.92,1
27086,12973,3713.98,1
27087,21532,4255.3,1
27088,29357,1309.12,0
27089,26672,1102.47,0
27090,26905,4026.33,0
27091,3322,534.2,1
27092,31655,2939.5,0
27093,18587,3862.42,1
27094,2623,1660.26,1
27095,5404,1945.0,0
27096,29794,1621.43,0
27097,4200,2471.62,0
27098,7477,1666.65,1
27099,28777,3733.66,0
27100,3999,4503.08,0
27101,3418,2432.66,0
27102,26595,3079.44,1
27103,28735,2209.83,0
27104,15772,1228.38,0
27105,3234,1490.7,1
27106,18883,246.28,1
27107,5898,3779.16,0
27108,4057,2551.64,1
27109,15272,802.73,1
27110,2342,2413.04,1
27111,29829,2575.36,0
27112,29790,1466.32,1
27113,21703,3495.05,0
27114,30420,3098.81,0
27115,31003,3734.64,1
27116,14022,4700.57,0
27117,27947,3204.74,0
27118,28028,3878.92,1
27119,6157,4763.48,1
27120,33197,2538.45,1
27121,34336,261.44,0
27122,10387,1742.12,1
27123,4884,3556.95,1
27124,1946,1871.2,1
27125,12908,3742.29,1
27126,21480,3196.55,1
27127,27866,3476.53,1
27128,33798,1312.58,0
27129,33880,4918.25,1
27130,5930,4753.42,0
27131,11067,622.21,1
27132,6712,2406.04,0
27133,16684,4567.12,0
27134,5677,1410.16,1
27135,18039,3838.39,0
27136,16761,2779.37,1
27137,33018,1424.37,1
27138,22747,2888.18,1
27139,3733,3867.1,1
27140,1016,1543.59,1
27141,3222,1209.04,0
27142,22801,4242.32,1
27143,14380,3506.53,0
27144,21563,4540.53,1
27145,29615,1922.65,0
27146,34855,1548.46,0
27147,298,734.17,0
27148,6180,502.52,0
27149,8383,4407.35,0
27150,31867,2526.73,1
27151,13073,3490.9,0
27152,4586,2146.94,0
27153,25863,1201.93,0
27154,2163,4262.07,0
27155,30369,1950.75,0
27156,26009,3732.7,1
27157,6058,186.61,1
27158,29950,3644.6,1
27159,3610,3862.26,0
27160,2520,360.05,1
27161,4575,1150.25,0
27162,9627,2635.24,1
27163,17785,1903.44,1
27164,18142,4656.58,1
27165,33012,4388.15,1
27166,26180,312.88,0
27167,16938,495.6,1
27168,30663,4377.88,1
27169,15593,1868.8,0
27170,187,4644.4,0
27171,19508,1282.96,0
27172,3015,4364.39,1
27173,9106,1919.03,1
27174,7998,2569.63,1
27175,9261,1636.63,0
27176,19528,2333.08,0
27177,16134,2418.62,1
27178,13159,2949.64,0
27179,8761,1370.62,0
27180,7149,323.52,0
27181,28179,1579.79,1
27182,33837,1402.33,0
27183,18256,2842.23,1
27184,10394,1782.69,0
27185,27760,2689.83,0
27186,20609,4889.51,0
27187,8972,988.53,1
27188,7167,229.54,0
27189,24582,4741.94,0
27190,5053,2101.15,1
27191,9654,4519.1,1
27192,11704,4564.52,0
27193,6891,3855.04,0
27194,7474,562.09,1
27195,26068,103.85,1
27196,10678,4107.21,1
27197,5361,237.74,1
27198,893,2659.69,1
27199,6107,2296.89,1
27200,12049,2251.7,0
27201,32453,1427.1,1
27202,29932,2061.31,0
27203,3038,4566.45,1
27204,24509,3009.79,0
27205,13097,4287.76,0
27206,20185,4356.47,0
27207,20933,2630.58,0
27208,29454,3450.91,1
27209,15949,2421.26,0
27210,23823,2168.27,0
27211,3047,1802.53,1
27212,28554,3186.36,0
27213,26107,4128.31,1
27214,580,2384.64,0
27215,21551,2824.07,0
27216,16305,2296.28,0
27217,25956,2899.68,0
27218,31103,878.77,0
27219,31244,1449.48,0
27220,20986,963.97,0
27221,1295,3370.65,1
27222,16625,3798.73,0
27223,17834,190.09,0
27224,5299,4018.08,1
27225,2270,890.73,1
27226,19492,4007.62,1
27227,680,1971.3,0
27228,23366,1567.19,0
27229,23841,3384.04,0
27230,4200,3059.09,1
27231,23403,3877.13,0
27232,4496,2036.3,1
27233,2402,2365.32,0
27234,28432,3805.36,0
27235,26271,4160.69,1
27236,1991,4509.17,1
27237,23263,1970.25,0
27238,2509,2640.5,1
27239,17790,4742.94,0
27240,32397,1021.08,1
27241,2096,4908.52,0
27242,2114,1486.06,1
27243,25597,2930.71,0
27244,5852,3339.5,1
27245,20959,2904.4,1
27246,2841,4116.55,1
27247,17420,1340.43,0
27248,13995,1756.02,1
27249,15499,3194.78,0
27250,31370,1710.44,1
27251,18455,763.9,1
27252,28621,3891.92,1
27253,25078,115.14,0
27254,29100,1497.33,1
27255,23398,4004.18,0
27256,355,1142.46,0
27257,6511,914.9,0
27258,20694,1428.94,1
27259,5222,4236.06,0
27260,11472,740.18,0
27261,26499,811.12,1
27262,25587,1103.92,1
27263,20785,4808.14,0
27264,26813,1345.94,1
27265,29568,1217.76,1
27266,34857,4211.24,0
27267,30919,4791.07,1
27268,27073,732.66,1
27269,18459,4839.55,0
27270,18457,568.6,0
27271,34880,1715.96,1
27272,3970,813.09,0
27273,13277,815.41,1
27274,15097,3248.15,0
27275,15323,3050.86,1
27276,23308,1929.41,1
27277,15714,1490.48,0
27278,12911,4206.41,0
27279,31546,221.55,1
27280,20339,3113.48,1
27281,3052,2100.88,0
27282,12793,2789.96,0
27283,20776,3265.96,0
27284,9661,3470.66,1
27285,3917,2774.91,0
27286,27612,3774.21,1
27287,24141,4917.35,0
27288,3758,4723.71,1
27289,5307,3234.47,1
27290,17612,2520.62,0
27291,27827,2996.46,0
27292,13359,2851.26,0
27293,11903,2126.36,0
27294,25032,3319.95,1
27295,6027,1792.0,1
27296,24089,2211.7,1
27297,15245,3604.87,0
27298,4923,4419.0,1
27299,29662,977.49,0
27300,33924,2145.85,1
27301,31874,1923.52,1
27302,9829,1744.27,1
27303,32798,2129.61,1
27304,8206,2672.76,1
27305,31489,4904.99,1
27306,4897,3002.93,1
27307,11801,4636.22,1
27308,19399,2318.2,1
27309,24176,717.81,0
27310,25693,128.0,1
27311,25620,1451.3,0
27312,6470,4026.52,0
27313,245,429.75,1
27314,21996,1011.91,1
27315,12715,2942.26,1
27316,15782,3761.33,1
27317,19183,4498.3,1
27318,21550,2826.04,0
27319,26030,4874.98,0
27320,27852,4191.02,1
27321,31228,1496.06,0
27322,32282,1264.92,0
27323,29738,3124.63,0
27324,25687,527.03,1
27325,7653,4545.26,1
27326,21527,2250.92,1
27327,29641,2768.19,0
27328,15456,4742.22,1
27329,13869,1794.01,0
27330,4274,4951.0,1
27331,24472,2937.09,0
27332,9209,991.66,1
27333,5360,3437.3,0
27334,16328,4077.63,0
27335,11200,4048.82,0
27336,16749,1216.23,1
27337,17123,2233.88,1
27338,25987,4769.19,1
27339,8312,3163.3,1
27340,6489,2401.4,1
27341,17590,924.53,0
27342,24438,1733.42,0
27343,30855,2040.11,1
27344,19789,2334.9,0
27345,30818,4756.61,0
27346,11652,3546.91,0
27347,14199,1551.12,0
27348,1262,4340.1,1
27349,2378,621.04,0
27350,18135,2303.37,0
27351,17610,2467.81,0
27352,30702,2843.01,1
27353,13571,272.25,0
27354,15588,3658.69,1
27355,15760,3466.48,1
27356,22823,4501.21,1
27357,19202,4391.84,0
27358,28765,4316.22,0
27359,28011,339.54,0
27360,7384,2219.72,1
27361,3765,3405.24,1
27362,5970,2465.32,0
27363,13721,2990.94,0
27364,32156,2998.84,1
27365,34712,972.1,0
27366,13050,3057.15,1
27367,26863,1639.62,0
27368,20135,4266.36,0
27369,28178,902.33,0
27370,24629,1159.17,0
27371,16601,336.65,0
27372,542,2862.35,0
27373,33323,2971.61,1
27374,9835,1742.32,0
27375,341,2840.49,0
27376,20267,1925.35,1
27377,13658,852.71,1
27378,33510,547.48,0
27379,19185,2392.68,0
27380,27344,4673.72,1
27381,13221,3956.77,1
27382,24072,583.4,0
27383,34516,1565.53,0
27384,21124,2283.04,0
27385,25519,2088.17,1
27386,15651,984.52,0
27387,9178,2126.87,0
27388,27690,407.51,0
27389,501,4436.12,1
27390,6776,3419.17,1
27391,19591,271.45,0
27392,34901,4062.81,1
27393,27921,3177.54,0
27394,19908,4640.6,1
27395,5630,2733.92,1
27396,6799,4728.44,0
27397,3023,278.08,1
27398,29477,4378.57,0
27399,22468,1996.76,0
27400,599,2318.37,1
27401,21019,4312.79,1
27402,28010,3450.5,1
27403,8548,1841.14,1
27404,28363,4893.11,1
27405,26147,245.46,0
27406,31298,645.62,0
27407,15045,1540.52,1
27408,24462,594.58,0
27409,33984,827.69,1
27410,18985,581.74,0
27411,24840,3904.69,0
27412,14892,2264.02,1
27413,5003,979.65,1
27414,4176,3723.17,0
27415,33164,4897.47,1
27416,8156,1148.86,1
27417,1493,4681.79,0
27418,18979,251.99,0
27419,2765,4805.77,1
27420,5967,2351.36,1
27421,22817,1227.74,0
27422,69,4033.49,0
27423,15581,111.71,0
27424,29879,2264.91,0
27425,16610,3729.01,1
27426,22909,2984.17,0
27427,4535,3261.53,0
27428,27271,3440.6,1
27429,11690,3454.11,0
27430,21581,2920.26,1
27431,17665,2206.21,0
27432,34305,4268.59,1
27433,17649,2185.81,1
27434,12370,169.83,1
27435,31278,1331.74,1
27436,20743,1779.99,1
27437,9278,4662.54,0
27438,34947,3486.87,0
27439,3804,2174.04,0
27440,29163,1089.64,1
27441,24807,2530.93,0
27442,19649,2199.28,0
27443,16614,1793.83,0
27444,22245,278.14,0
27445,18401,4521.04,1
27446,20673,124.99,0
27447,3182,1612.38,0
27448,21567,4316.46,0
27449,25168,2632.64,1
27450,25533,2238.12,0
27451,27541,4210.81,0
27452,4401,105.13,0
27453,19436,1842.29,0
27454,23852,4816.83,0
27455,28238,871.83,0
27456,27449,2539.9,0
27457,25176,3951.99,0
27458,6802,541.96,1
27459,16792,389.81,1
27460,19943,2132.37,1
27461,29395,3830.21,1
27462,8921,716.51,0
27463,8187,4269.86,0
27464,28930,2963.72,0
27465,4860,1294.35,1
27466,27108,1337.07,1
27467,14951,561.52,0
27468,3556,2512.92,0
27469,27203,2982.25,0
27470,30995,687.06,0
27471,7174,4529.46,1
27472,25447,4912.87,1
27473,32239,244.72,1
27474,20928,3144.07,1
27475,30738,1536.42,0
27476,2159,3824.12,1
27477,20249,4631.67,0
27478,19584,2717.92,0
27479,20523,1437.96,0
27480,21760,2655.07,1
27481,31045,4839.99,0
27482,24240,1203.88,1
27483,11605,3859.99,1
27484,19580,2220.33,0
27485,8525,2150.99,0
27486,25311,3989.71,0
27487,3897,4542.42,1
27488,32540,4542.02,0
27489,28144,4179.99,1
27490,16635,1681.4,0
27491,19781,1474.91,0
27492,18152,2020.87,0
27493,2734,2194.14,1
27494,3961,1600.79,1
27495,4450,3744.77,1
27496,17328,4124.25,1
27497,5225,3764.57,0
27498,13442,2968.99,1
27499,250,2432.35,0
27500,25437,4697.54,0
27501,21254,967.7,0
27502,20388,1419.65,0
27503,32515,4459.72,1
27504,2431,2103.16,1
27505,14102,3476.16,0
27506,24662,3910.72,1
27507,21678,148.95,0
27508,20889,4735.97,1
27509,20624,3818.69,1
27510,10590,2496.27,0
27511,10834,1287.0,1
27512,9708,2409.1,0
27513,29014,1446.19,0
27514,16276,900.64,1
27515,26550,3404.75,0
27516,8835,4350.76,1
27517,31152,4968.69,1
27518,11999,507.76,0
27519,8768,3617.81,1
27520,18202,4542.01,0
27521,7351,3075.47,1
27522,22033,2995.63,0
27523,19981,3051.9,1
27524,13842,4441.02,1
27525,20375,4526.91,0
27526,16314,1304.26,0
27527,16483,328.79,1
27528,13674,3761.59,1
27529,19728,4508.57,1
27530,29924,551.37,0
27531,11701,3937.19,0
27532,3829,2210.1,0
27533,34079,2279.3,0
27534,7136,4268.04,1
27535,30018,3069.75,1
27536,16844,1632.64,0
27537,29201,336.96,0
27538,21889,1989.21,0
27539,6065,3817.12,0
27540,3635,666.97,0
27541,1192,1556.97,1
27542,14322,3927.77,0
27543,32035,1402.14,1
27544,13745,1564.2,1
27545,15674,4863.35,0
27546,27746,2545.03,1
27547,20749,4956.96,0
27548,9996,1013.08,1
27549,5876,2860.68,0
27550,13375,3535.64,0
27551,4241,3323.99,0
27552,3443,1494.99,1
27553,3204,4444.83,1
27554,9931,4204.75,1
27555,16686,198.74,0
27556,34018,4195.85,0
27557,5788,934.68,1
27558,22545,2536.84,1
27559,2266,3610.22,0
27560,8994,3476.48,0
27561,40,4180.76,0
27562,26739,4198.07,0
27563,28798,2053.85,0
27564,17170,4451.47,1
27565,5176,2551.24,1
27566,174,2474.14,0
27567,5654,2139.1,0
27568,27042,3477.03,0
27569,12688,4234.82,1
27570,2941,2023.94,0
27571,2153,3563.78,1
27572,10834,4825.35,0
27573,20290,3007.03,1
27574,28369,1250.52,1
27575,1112,2599.69,0
27576,33040,562.04,1
27577,8549,1206.35,1
27578,15141,3104.31,1
27579,29356,4259.07,1
27580,27211,2876.06,0
27581,6615,3044.95,0
27582,28018,731.55,1
27583,24803,4127.91,0
27584,24517,3040.49,1
27585,9629,4256.14,1
27586,7947,1686.82,0
27587,20410,4884.02,1
27588,34047,3926.05,0
27589,21820,3831.64,1
27590,21257,3202.47,1
27591,11228,4824.63,0
27592,27289,3816.13,1
27593,27406,1620.8,0
27594,9083,3541.39,0
27595,27561,4127.7,0
27596,1502,2131.13,0
27597,27043,4497.0,1
27598,13099,1911.72,1
27599,8433,2848.49,1
27600,20102,3549.49,0
27601,2054,4639.98,0
27602,21862,210.4,0
27603,32408,750.67,0
27604,31269,3891.98,1
27605,2562,2983.62,0
27606,28466,305.24,0
27607,6596,4896.82,1
27608,31441,3203.23,0
27609,759,4106.69,0
27610,25426,3155.37,1
27611,29685,1850.68,0
27612,5911,4338.07,0
27613,15899,3506.02,0
27614,24101,4893.25,0
27615,8816,2198.37,0
27616,19086,3651.19,1
27617,6226,143.14,0
27618,6941,1946.56,0
27619,27831,4841.42,1
27620,22979,3212.31,0
27621,19272,185.34,1
27622,19603,2373.23,0
27623,28704,2204.24,1
27624,16569,2885.59,0
27625,5370,918.52,1
27626,33291,2506.86,0
27627,332,3207.61,1
27628,28558,305.03,0
27629,23172,1346.86,1
27630,22228,3330.4,0
27631,6498,109.59,1
27632,33373,3443.17,0
27633,20834,483.63,1
27634,2070,1044.31,1
27635,34231,296.8,0
27636,6817,2879.64,1
27637,18206,4068.92,0
27638,24966,864.56,0
27639,8607,1738.25,1
27640,34811,3796.29,1
27641,34086,818.77,0
27642,28976,4573.71,1
27643,10097,3712.07,0
27644,4750,1820.67,0
27645,2418,2295.62,0
27646,23458,4539.05,1
27647,17199,957.14,0
27648,6027,404.38,1
27649,13747,3811.01,0
27650,29063,3166.07,1
27651,3217,3908.53,0
27652,24715,3291.93,1
27653,33233,4885.55,0
27654,11065,4028.5,0
27655,997,1950.48,1
27656,34486,3122.06,0
27657,5791,2371.73,0
27658,18516,2913.67,1
27659,1854,1401.71,0
27660,10912,4122.5,0
27661,14180,826.37,0
27662,15066,246.1,1
27663,19699,4972.91,1
27664,29340,197.23,0
27665,3597,327.16,1
27666,20266,101.8,1
27667,5004,3431.07,0
27668,493,1823.14,1
27669,4064,2875.61,1
27670,30368,2361.85,1
27671,22875,1337.6,1
27672,28698,1926.99,0
27673,17458,2659.47,0
27674,11331,1881.31,0
27675,22717,2796.9,0
27676,24880,1875.38,1
27677,4360,2437.22,1
27678,31184,4730.5,0
27679,15880,4384.68,1
27680,32984,1580.69,0
27681,5401,3407.11,1
27682,16769,2366.49,1
27683,8112,4139.0,0
27684,17403,3994.33,1
27685,16477,492.05,1
27686,8461,4030.52,1
27687,8006,4951.8,0
27688,4771,2122.64,1
27689,4372,4177.32,0
27690,26421,4517.26,0
27691,10465,605.69,0
27692,20323,3697.61,1
27693,17518,2234.67,1
27694,4421,3303.06,0
27695,9126,765.65,1
27696,15415,2453.37,1
27697,32960,757.32,0
27698,34241,4923.19,0
27699,26176,1585.55,0
27700,5551,1147.79,1
27701,10929,3162.12,0
27702,33411,1919.89,0
27703,4268,4621.89,0
27704,33385,1781.25,0
27705,19240,795.69,1
27706,34620,4034.29,0
27707,17879,1147.67,1
27708,7784,4765.16,1
27709,32333,4016.53,1
27710,31788,528.27,0
27711,11790,2528.45,1
27712,33695,4713.06,1
27713,22362,2280.8,1
27714,6269,1556.34,0
27715,13873,3455.68,0
27716,2005,117.17,1
27717,7519,4555.23,0
27718,1331,808.79,1
27719,16917,2331.46,1
27720,25151,2698.78,0
27721,31048,2690.48,0
27722,1847,2790.47,1
27723,12170,3023.58,1
27724,19857,2884.09,0
27725,24595,3625.7,0
27726,5765,3305.12,1
27727,4949,288.67,1
27728,8522,4438.92,1
27729,25450,2697.97,0
27730,30120,1375.96,1
27731,14770,3513.4,0
27732,11909,4976.3,0
27733,32988,4392.51,0
27734,21219,2547.47,0
27735,8669,4864.18,0
27736,15220,1507.81,0
27737,31094,4481.57,1
27738,8945,2212.61,0
27739,1525,1484.59,1
27740,16216,1682.16,1
27741,20031,4021.32,1
27742,25052,1877.62,1
27743,18126,3619.05,1
27744,10007,2258.33,1
27745,34636,4004.06,1
27746,15951,4371.19,0
27747,26934,3779.92,0
27748,2212,114.11,0
27749,32658,1037.52,1
27750,34054,783.29,1
27751,13218,1171.65,1
27752,25827,2842.08,0
27753,33173,2076.38,0
27754,10086,3798.93,0
27755,26019,4623.17,1
27756,18456,884.68,0
27757,32009,1806.18,0
27758,3809,3909.03,0
27759,17271,1036.04,0
27760,32932,4651.26,1
27761,26515,1690.28,1
27762,10102,4230.99,1
27763,12696,1422.55,1
27764,21618,4003.82,0
27765,19386,3876.71,1
27766,12657,2126.02,0
27767,7951,4639.34,1
27768,20077,4970.82,1
27769,10555,760.01,0
27770,12860,3523.19,1
27771,33041,1457.56,0
27772,28020,4389.75,0
27773,20416,1590.84,0
27774,7026,227.61,0
27775,6566,323.57,1
27776,856,4400.41,1
27777,34440,1465.34,1
27778,4820,2547.44,0
27779,24298,2762.55,1
27780,13469,3538.06,0
27781,18037,3135.98,1
27782,5127,1874.59,0
27783,7904,2858.03,0
27784,27026,3124.68,0
27785,34828,2369.95,1
27786,12886,1879.98,0
27787,29190,3692.35,1
27788,26111,3519.1,1
27789,34360,897.2,1
27790,639,1100.0,0
27791,15229,2367.23,1
27792,20213,3749.47,0
27793,1199,4526.31,0
27794,19939,1293.87,0
27795,27402,1067.01,1
27796,31421,897.9,1
27797,15889,314.76,0
27798,29129,2554.43,0
27799,28948,1740.94,0
27800,15158,1697.34,1
27801,5427,2408.58,1
27802,27355,3003.73,1
27803,32136,2674.23,1
27804,34321,3566.06,0
27805,4762,4433.37,0
27806,24442,2334.04,0
27807,19751,4706.25,1
27808,34221,2966.48,0
27809,2557,2287.14,1
27810,9106,3483.49,0
27811,28241,366.45,1
27812,7623,1760.69,1
27813,12201,3556.27,0
27814,19004,1524.12,0
27815,20867,2416.44,1
27816,30429,3900.86,1
27817,17639,3795.85,0
27818,5481,3307.71,0
27819,4419,3961.29,1
27820,7012,839.97,0
27821,23977,1966.83,1
27822,22655,3246.22,0
27823,25884,3164.11,0
27824,13090,4844.35,0
27825,14445,4238.75,0
27826,1280,3580.21,0
27827,27558,2339.14,1
27828,16665,194.48,1
27829,10230,4578.57,0
27830,22530,4464.03,1
27831,19197,2677.8,0
27832,6963,3048.0,1
27833,2993,2710.89,1
27834,3371,4035.56,0
27835,1666,1279.63,0
27836,21239,4275.27,0
27837,23249,177.41,0
27838,22234,3753.15,1
27839,9661,4813.52,1
27840,34052,1919.09,1
27841,20986,2010.37,0
27842,24120,4550.74,0
27843,17540,2584.37,0
27844,26464,178.04,1
27845,8035,551.78,1
27846,13535,4212.58,1
27847,10865,2331.29,0
27848,19674,616.56,1
27849,12520,2176.74,1
27850,14910,1060.5,1
27851,22694,1844.14,0
27852,23784,565.45,1
27853,20457,1310.12,0
27854,4065,2671.58,1
27855,17539,4902.3,0
27856,14192,1395.97,1
27857,796,2548.08,0
27858,13358,2131.27,0
27859,19450,716.0,0
27860,640,2203.25,0
27861,16729,3330.3,0
27862,22249,2401.65,0
27863,11036,3911.9,0
27864,18536,1781.53,1
27865,11806,3577.86,0
27866,14369,1760.17,1
27867,8510,4148.51,1
27868,638,2354.85,0
27869,3737,1122.64,0
27870,24235,3215.32,1
27871,27759,4784.52,1
27872,12778,2805.64,1
27873,29821,1052.72,1
27874,30339,3591.16,1
27875,29765,2604.92,0
27876,10242,4858.41,1
27877,15270,606.68,0
27878,14309,2894.44,0
27879,22123,4947.83,0
27880,26682,3237.17,1
27881,29757,2887.83,0
27882,148,2007.35,1
27883,7443,1829.58,1
27884,16786,4941.16,0
27885,17882,957.04,0
27886,13759,948.02,1
27887,364,1532.86,1
27888,22231,1305.62,0
27889,21758,2213.91,1
27890,11683,463.01,1
27891,21349,223.18,1
27892,32756,2815.69,0
27893,6141,1949.01,1
27894,2182,2078.1,1
27895,7630,3265.5,0
27896,696,1678.58,1
27897,33461,4814.79,0
27898,32290,1763.6,1
27899,4319,830.56,1
27900,12831,482.57,0
27901,29276,4507.25,1
27902,28286,4203.2,1
27903,20051,3960.22,1
27904,30409,4603.48,1
27905,6303,4708.58,0
27906,31177,4921.98,1
27907,10136,432.01,1
27908,23742,4210.28,0
27909,5835,4079.64,0
27910,18312,3318.83,1
27911,7527,3252.9,1
27912,8957,4493.27,0
27913,6225,301.63,0
27914,3309,1689.82,0
27915,32627,3233.7,0
27916,8488,2703.51,1
27917,29426,3800.21,1
27918,21349,4933.13,1
27919,7877,3900.62,1
27920,24435,2899.85,1
27921,8595,198.1,0
27922,16199,434.13,1
27923,9637,353.68,1
27924,26052,3259.88,0
27925,7364,1264.71,1
27926,16064,472.66,1
27927,25594,2252.99,1
27928,25643,943.27,0
27929,33169,1988.25,1
27930,15610,2759.11,0
27931,3391,1103.02,0
27932,18439,502.34,0
27933,20237,3168.73,1
27934,25642,1332.0,1
27935,24125,4543.98,1
27936,31778,4298.34,1
27937,16599,2991.15,0
27938,18254,3932.33,0
27939,33745,553.82,1
27940,18279,2157.73,1
27941,13745,1214.12,1
27942,11130,1196.96,0
27943,2871,888.45,0
27944,20225,653.64,0
27945,21619,2305.01,0
27946,7200,1590.89,0
27947,20299,3032.25,1
27948,11070,3845.47,0
27949,28559,3936.35,0
27950,10241,4078.78,1
27951,23435,642.48,1
27952,30989,1457.16,1
27953,3408,2824.08,0
27954,22928,3290.49,0
27955,13483,4565.29,0
27956,16310,1710.87,0
27957,15100,3702.94,1
27958,8084,3356.78,0
27959,8316,3212.86,0
27960,29217,4367.09,0
27961,12690,4516.31,0
27962,24946,4198.66,0
27963,22450,2605.66,1
27964,3095,4854.25,0
27965,16287,4747.45,1
27966,4381,2426.4,1
27967,20837,3076.79,1
27968,19094,601.19,1
27969,30733,1534.05,0
27970,19312,1398.76,0
27971,22149,4858.31,0
27972,14559,2123.24,0
27973,25093,4084.39,1
27974,33738,4825.17,0
27975,19503,279.9,0
27976,6552,3199.61,0
27977,11195,4698.74,0
27978,24979,1388.37,1
27979,21047,1703.14,1
27980,20804,1301.9,1
27981,6746,1528.13,0
27982,14263,3522.47,1
27983,17959,3708.62,1
27984,30026,3700.77,1
27985,25785,4271.31,0
27986,13322,174.18,1
27987,34975,2239.14,0
27988,33680,4910.49,0
27989,4589,4268.18,1
27990,25891,1912.18,1
27991,18444,2954.9,1
27992,5959,1653.13,0
27993,33775,4046.11,0
27994,17062,4914.14,1
27995,11760,483.66,1
27996,9732,2887.01,1
27997,2688,1996.45,1
27998,929,3374.67,0
27999,26559,3943.4,0
28000,17592,2733.17,0
28001,32825,2370.88,0
28002,15111,4288.74,1
28003,20744,3771.17,1
28004,15694,1465.18,1
28005,21697,172.35,0
28006,11716,3420.35,0
28007,15226,4490.64,0
28008,25391,3378.34,1
28009,32597,809.96,1
28010,6765,633.46,0
28011,8618,140.29,1
28012,3861,4375.18,1
28013,9868,3129.56,0
28014,15098,3764.18,1
28015,31964,2511.59,0
28016,4455,1390.43,0
28017,25636,3873.62,1
28018,19138,2523.78,0
28019,15889,2233.56,0
28020,22875,630.03,0
28021,21643,2549.09,0
28022,11160,4684.89,0
28023,2683,2955.11,1
28024,10330,1046.22,1
28025,16160,4076.31,0
28026,13032,1032.83,1
28027,31336,969.85,1
28028,10857,1563.59,0
28029,21478,3841.76,1
28030,15707,1939.06,0
28031,18077,3226.54,1
28032,8677,368.54,1
28033,565,3684.43,0
28034,30142,2653.08,0
28035,11267,2847.49,0
28036,16948,790.9,0
28037,5528,4273.73,0
28038,25517,717.89,1
28039,32107,2782.78,1
28040,5695,1701.56,1
28041,28259,4936.41,0
28042,3262,341.65,1
28043,25620,3688.24,0
28044,884,2392.42,1
28045,24744,3136.63,1
28046,2726,2503.44,0
28047,14904,3262.24,1
28048,18609,417.89,1
28049,34896,3381.37,1
28050,21238,3507.95,0
28051,19318,618.08,1
28052,27406,1133.02,1
28053,18274,2736.84,1
28054,6008,4474.36,1
28055,26531,1247.34,1
28056,23843,3419.43,0
28057,27866,1565.18,1
28058,25810,2662.71,0
28059,5228,1151.61,1
28060,4055,4307.73,0
28061,21326,4584.4,0
28062,30669,3056.42,0
28063,30808,2496.4,0
28064,9678,4268.89,1
28065,549,4333.43,1
28066,29527,4283.53,1
28067,2653,4788.97,0
28068,30913,306.07,0
28069,34056,4361.33,1
28070,34757,3705.28,0
28071,1520,104.2,1
28072,15272,1870.92,0
28073,3233,478.04,1
28074,30865,301.37,0
28075,14169,206.07,0
28076,11923,2993.21,1
28077,18512,1360.37,1
28078,11521,1540.85,1
28079,19178,1204.13,0
28080,6963,1314.74,0
28081,8054,2561.46,1
28082,5536,3863.23,0
28083,8479,2215.0,1
28084,7733,107.07,1
28085,32041,1089.86,1
28086,28824,3087.46,1
28087,984,4684.66,1
28088,29484,3270.87,1
28089,449,2134.94,1
28090,17178,2323.47,0
28091,27223,3071.16,1
28092,9261,3979.35,1
28093,9824,1268.7,0
28094,15178,1495.1,1
28095,19259,4986.01,0
28096,4810,2489.71,1
28097,6832,2017.06,0
28098,86,4927.01,1
28099,3688,2619.67,0
28100,31753,1436.32,1
28101,29331,3883.25,1
28102,16934,2700.59,0
28103,34742,2588.85,0
28104,4074,2406.97,0
28105,8544,1860.07,0
28106,8707,4009.98,0
28107,10974,4687.28,0
28108,32421,1663.72,1
28109,23783,4467.6,0
28110,437,3739.95,0
28111,7147,268.83,1
28112,9803,3861.09,1
28113,31136,130.82,1
28114,23191,2251.44,0
28115,4348,4648.92,0
28116,27999,2872.71,1
28117,6132,3243.08,0
28118,4708,4022.4,0
28119,33032,498.85,1
28120,19272,1126.85,1
28121,10308,750.5,0
28122,33213,2822.83,1
28123,4622,4131.74,1
28124,23680,227.85,1
28125,24656,4495.97,0
28126,4976,1451.56,1
28127,678,4678.84,1
28128,21784,681.67,0
28129,18568,4376.39,1
28130,13043,3761.05,1
28131,26736,1499.24,0
28132,14674,4970.75,1
28133,25100,2151.76,1
28134,8623,777.95,0
28135,30340,1953.0,0
28136,3659,3533.04,1
28137,13550,2584.14,0
28138,26478,257.61,1
28139,7045,2673.07,1
28140,15454,2749.86,1
28141,30933,3619.86,0
28142,10227,4225.91,1
28143,21172,2961.9,0
28144,6375,576.91,0
28145,14362,3407.35,1
28146,1051,4111.74,0
28147,6058,4861.6,0
28148,6054,1429.93,0
28149,15902,2572.42,1
28150,1448,2153.26,1
28151,25113,1754.42,1
28152,30781,3475.13,0
28153,21093,2880.14,0
28154,23260,2116.99,0
28155,21716,4911.23,0
28156,32034,4885.29,1
28157,22894,2710.85,1
28158,10738,3042.27,0
28159,34963,1059.58,0
28160,22906,3303.37,1
28161,30371,1100.48,0
28162,11026,1413.24,1
28163,34988,2333.29,0
28164,20493,4433.7,1
28165,14127,825.16,0
28166,33599,4072.4,1
28167,10859,4269.01,1
28168,30416,3722.68,1
28169,24010,3218.01,0
28170,5332,4986.47,0
28171,10415,1594.49,1
28172,2719,2396.53,1
28173,6923,452.35,0
28174,4406,4166.45,0
28175,23644,3306.09,0
28176,21193,4832.55,0
28177,5681,4717.94,1
28178,20272,3504.71,1
28179,1650,4136.93,0
28180,24223,1944.35,1
28181,21149,2570.8,0
28182,14623,3645.55,0
28183,12385,3065.44,1
28184,353,179.36,1
28185,15522,2962.73,1
28186,7490,3209.57,1
28187,30857,1888.8,0
28188,1492,2566.41,1
28189,21403,629.04,1
28190,32277,1608.5,0
28191,29288,4293.73,1
28192,23856,1081.92,1
28193,7318,4882.04,1
28194,20524,1003.21,1
28195,2627,709.64,1
28196,1593,1567.68,0
28197,27834,521.88,0
28198,9454,4440.39,1
28199,23446,317.62,1
28200,15558,4531.0,1
28201,25487,170.77,1
28202,6077,383.43,0
28203,29902,486.56,0
28204,32641,3835.66,1
28205,20780,588.28,1
28206,12469,255.51,0
28207,25885,2388.79,0
28208,17088,1549.07,1
28209,33027,4730.23,0
28210,27616,2859.8,1
28211,18249,1624.0,1
28212,26038,2849.58,0
28213,12437,609.96,1
28214,18211,1257.96,1
28215,34934,1437.53,1
28216,34794,436.31,1
28217,12093,2550.4,0
28218,26335,3904.29,1
28219,76,3390.97,1
28220,14092,343.44,1
28221,13316,2345.9,0
28222,17478,1952.31,1
28223,9434,4628.0,0
28224,6735,4236.63,0
28225,6489,4103.43,1
28226,20837,568.42,0
28227,25979,829.93,1
28228,17200,4728.31,1
28229,21525,2497.16,0
28230,9084,1230.5,0
28231,29804,2106.71,0
28232,33725,2376.09,0
28233,2889,4136.46,1
28234,2932,758.36,1
28235,29696,265.73,1
28236,27387,4074.02,0
28237,10730,2102.68,0
28238,557,483.57,1
28239,2175,920.91,0
28240,16084,1268.12,1
28241,28135,3968.36,1
28242,9357,3371.17,1
28243,1860,3520.22,1
28244,6293,2748.55,1
28245,24240,4716.09,1
28246,28311,1492.79,0
28247,18968,1188.14,1
28248,25514,4045.71,1
28249,292,2857.24,1
28250,29457,2435.46,0
28251,28298,2998.57,0
28252,27274,133.65,0
28253,4479,642.99,1
28254,34700,3123.44,1
28255,8710,3046.2,0
28256,17207,4209.56,0
28257,8923,4315.03,1
28258,30397,908.75,1
28259,5405,2730.34,0
28260,21625,2339.44,0
28261,34040,4226.52,0
28262,24473,2426.74,1
28263,15969,1328.66,0
28264,33837,886.22,1
28265,9391,219.31,0
28266,13603,4783.18,0
28267,25599,4853.24,0
28268,8901,1050.07,1
28269,33863,4055.9,1
28270,20688,4415.99,0
28271,26571,1775.3,0
28272,7655,2891.16,1
28273,28556,3661.27,1
28274,15302,4986.69,0
28275,4923,3512.68,0
28276,2858,1554.46,0
28277,6396,1596.62,0
28278,24916,1755.13,1
28279,26150,3920.59,0
28280,10308,840.33,1
28281,21606,4915.93,1
28282,29624,3275.91,0
28283,17140,2965.9,1
28284,20860,4801.94,0
28285,28835,3343.59,1
28286,31645,1908.78,0
28287,6541,3163.63,1
28288,31873,2796.55,1
28289,11051,4130.02,1
28290,3226,3851.48,1
28291,32902,2521.68,0
28292,9166,2010.92,0
28293,12380,3294.08,1
28294,31622,2267.55,1
28295,20073,323.21,0
28296,30403,4296.7,1
28297,18822,1214.27,1
28298,26442,4504.16,0
28299,5783,2028.4,1
28300,31232,123.21,1
28301,30925,3577.47,1
28302,19171,3511.9,0
28303,23194,3684.02,1
28304,8136,4607.47,1
28305,27162,2327.82,1
28306,8065,1759.78,0
28307,20558,919.94,1
28308,14998,3668.45,1
28309,13077,4350.15,0
28310,8592,3938.71,1
28311,13423,1979.13,1
28312,21668,3918.29,1
28313,19167,2951.56,1
28314,5618,1557.92,1
28315,22482,3824.66,1
28316,8153,440.97,1
28317,24605,3423.82,1
28318,25784,3144.19,0
28319,21592,2974.47,1
28320,16942,4502.6,0
28321,27920,2238.36,0
28322,17663,3370.91,0
28323,19066,3817.85,1
28324,10424,664.43,1
28325,12409,3928.37,1
28326,16370,2927.57,1
28327,4985,2961.13,1
28328,8917,3903.37,1
28329,16799,3877.35,0
28330,18507,4340.16,0
28331,16848,2309.25,0
28332,5336,2496.63,1
28333,19538,1600.56,0
28334,20016,1272.31,1
28335,25864,1513.08,1
28336,24135,3751.13,0
28337,3231,1567.83,1
28338,19325,3445.23,1
28339,22077,853.04,1
28340,23242,1802.4,0
28341,31661,1981.98,0
28342,28630,3902.42,0
28343,30281,2424.35,0
28344,495,1273.44,1
28345,25686,667.96,0
28346,23702,2685.79,1
28347,13155,3726.27,1
28348,18874,3383.92,0
28349,6882,3476.11,0
28350,28703,3473.73,0
28351,1049,2162.93,0
28352,11717,2560.61,0
28353,12142,4717.24,0
28354,11002,4294.65,0
28355,14503,4934.59,1
28356,30538,3635.41,0
28357,4478,2459.01,1
28358,30978,4912.34,0
28359,19713,671.61,0
28360,17128,4703.01,0
28361,12076,2333.49,0
28362,26798,3555.77,0
28363,22638,2267.12,1
28364,10573,346.41,1
28365,16646,1364.12,0
28366,2885,2083.1,1
28367,8311,4396.46,0
28368,27332,3270.38,1
28369,30960,568.77,1
28370,8869,2976.06,0
28371,19667,2153.56,1
28372,24125,972.24,0
28373,22240,4289.3,0
28374,9763,2289.51,0
28375,20771,4555.58,1
28376,28671,415.66,1
28377,13544,4200.1,1
28378,14968,4822.34,1
28379,15858,1720.87,1
28380,26037,1420.0,0
28381,17607,1213.03,0
28382,34181,1092.84,0
28383,10101,2350.0,0
28384,33447,634.26,1
28385,6665,2028.88,0
28386,31355,1710.42,1
28387,1221,1253.48,0
28388,33179,2480.26,1
28389,14749,1862.66,1
28390,15946,1624.84,0
28391,20867,2309.77,1
28392,7542,2780.36,0
28393,4642,1228.22,0
28394,26351,2137.2,1
28395,16795,1641.67,0
28396,1857,939.27,0
28397,33368,1350.85,0
28398,27544,4064.37,1
28399,6393,1013.2,0
28400,19724,1910.98,0
28401,6064,4298.28,1
28402,12727,794.97,1
28403,18536,4323.01,1
28404,25366,1831.94,0
28405,33067,4874.74,0
28406,14582,4621.17,1
28407,2487,3558.52,0
28408,29118,4597.14,1
28409,4177,1993.63,1
28410,16878,4619.5,0
28411,17331,1417.84,0
28412,15038,3890.72,1
28413,5614,4775.69,0
28414,3983,2587.79,0
28415,8512,3205.72,1
28416,5117,1563.62,1
28417,6851,3073.19,0
28418,6853,2491.21,1
28419,12241,4846.64,0
28420,15926,4905.9,1
28421,27334,3714.58,1
28422,11603,395.9,0
28423,11895,2597.75,1
28424,34380,171.28,1
28425,10417,4806.63,0
28426,8205,4225.84,1
28427,15243,1720.53,0
28428,1858,1696.51,1
28429,28489,4961.48,1
28430,33488,3383.94,0
28431,32221,435.05,0
28432,19839,3989.45,1
28433,14767,534.34,1
28434,23074,2760.59,0
28435,9213,495.23,1
28436,5719,3363.5,0
28437,15681,1197.07,1
28438,13250,4335.86,0
28439,14050,2116.97,0
28440,6526,2713.42,1
28441,25207,735.49,1
28442,29787,4849.14,0
28443,28713,2233.02,0
28444,14157,899.65,0
28445,14380,4827.27,1
28446,10132,1165.34,1
28447,31217,4494.9,1
28448,19447,4675.36,0
28449,1936,366.41,1
28450,23352,4076.63,0
28451,20923,150.53,0
28452,18624,4709.65,1
28453,16729,370.77,0
28454,18976,853.98,1
28455,15060,1175.71,0
28456,11396,3642.71,0
28457,18110,705.15,0
28458,33385,4966.77,1
28459,20311,528.8,1
28460,11807,905.32,0
28461,27614,3380.77,0
28462,9259,4932.96,0
28463,13600,2296.58,1
28464,20312,2733.46,1
28465,25947,3051.18,1
28466,34116,4416.09,0
28467,6430,2436.14,0
28468,26209,1359.63,0
28469,26637,4589.42,1
28470,10649,3844.8,0
28471,7386,393.35,1
28472,25386,1306.18,0
28473,10406,4175.63,1
28474,15215,4686.55,0
28475,11906,357.19,0
28476,22540,4082.63,1
28477,29143,2412.26,0
28478,12003,1379.01,0
28479,3128,362.35,1
28480,9958,1142.79,1
28481,7127,4016.84,1
28482,88,607.08,1
28483,29100,3747.64,1
28484,17951,415.57,0
28485,17075,837.32,1
28486,13454,3839.04,0
28487,5640,3313.03,0
28488,30098,4794.89,0
28489,19804,2158.15,1
28490,323,3166.42,1
28491,24352,3862.91,0
28492,24524,2976.44,1
28493,12160,3407.34,1
28494,29200,4778.74,1
28495,31129,775.86,0
28496,4334,1535.07,1
28497,21015,1795.91,0
28498,15354,3268.74,0
28499,17979,350.8,0
28500,29716,2599.25,0
28501,9978,1296.45,0
28502,17735,4995.5,0
28503,2612,1699.85,0
28504,33027,1715.07,0
28505,13122,4556.44,1
28506,23781,2614.12,1
28507,1722,2557.05,1
28508,14152,4280.71,0
28509,29263,2541.04,0
28510,28856,1073.33,1
28511,34572,4653.28,1
28512,32169,2703.7,0
28513,23882,1319.68,1
28514,27540,2434.02,0
28515,5876,4532.48,0
28516,2369,2507.35,1
28517,34472,2494.52,1
28518,14216,3032.14,1
28519,32162,3645.81,0
28520,19658,2950.52,0
28521,26455,1156.81,1
28522,30201,3121.09,1
28523,26553,3845.69,1
28524,8568,3568.93,0
28525,17637,4861.8,0
28526,10371,4881.44,1
28527,7434,635.29,1
28528,15214,1895.61,1
28529,34872,1486.46,0
28530,7545,4059.24,1
28531,24461,3261.11,1
28532,9124,4153.46,0
28533,17575,2401.15,1
28534,5481,4074.38,1
28535,16414,688.05,1
28536,10435,1627.54,0
28537,15354,1832.88,0
28538,31292,3779.5,0
28539,27190,2080.12,0
28540,23491,1885.07,1
28541,24424,4559.25,0
28542,33696,2615.81,0
28543,11859,4410.6,0
28544,2185,1220.72,1
28545,11140,701.58,1
28546,21466,2209.16,1
28547,15476,1483.07,0
28548,25341,3589.96,0
28549,1972,3473.5,1
28550,5223,1943.37,0
28551,25249,2895.99,1
28552,33423,2933.0,1
28553,4257,4256.79,1
28554,5031,4979.91,1
28555,4192,4150.43,1
28556,31790,582.55,1
28557,5018,1500.5,0
28558,18866,2676.38,1
28559,9936,2207.2,0
28560,22324,2487.91,0
28561,16992,1563.5,0
28562,34425,4879.4,0
28563,32808,3303.81,0
28564,28579,3341.06,1
28565,3154,4633.24,1
28566,31535,4524.0,0
28567,27747,2108.7,1
28568,21967,4787.16,1
28569,20533,4088.53,0
28570,24916,2433.77,1
28571,16922,1127.72,0
28572,11969,1470.83,0
28573,1191,1533.69,0
28574,28036,835.16,0
28575,3058,3834.99,1
28576,528,842.79,1
28577,30195,752.86,1
28578,554,1416.86,0
28579,20848,1390.55,1
28580,27359,1285.64,1
28581,34624,4319.76,0
28582,30534,2276.89,1
28583,5726,427.91,0
28584,4030,2405.15,1
28585,34711,3829.25,0
28586,29141,889.01,0
28587,26516,1732.34,1
28588,23636,4099.09,0
28589,30607,4107.27,1
28590,25374,3901.07,1
28591,2814,1546.69,0
28592,32303,1447.11,1
28593,20214,3307.63,1
28594,18859,1969.28,1
28595,1543,3768.71,1
28596,9972,1998.28,1
28597,23892,1999.51,1
28598,10629,197.79,0
28599,28887,980.8,1
28600,10343,1258.21,1
28601,33904,254.59,1
28602,17071,1692.46,0
28603,27439,571.26,1
28604,22714,2511.98,0
28605,776,3495.74,1
28606,19093,1783.28,1
28607,15324,996.48,1
28608,15498,1951.78,1
28609,5398,549.44,0
28610,28280,116.73,1
28611,29439,4816.7,0
28612,7280,1957.46,0
28613,12342,2363.91,0
28614,24559,2642.53,0
28615,34885,2894.65,1
28616,1442,1281.79,1
28617,31523,153.68,0
28618,28960,4654.05,1
28619,21973,2901.48,1
28620,18589,341.71,0
28621,2496,3814.32,0
28622,13885,1506.49,1
28623,15020,1619.2,0
28624,32666,2383.37,0
28625,7740,4185.12,1
28626,14909,1394.36,1
28627,831,259.12,0
28628,1834,709.47,1
28629,14471,3262.26,1
28630,7170,856.61,0
28631,10533,3185.25,0
28632,29900,4940.63,1
28633,7929,1471.34,1
28634,11304,3076.43,0
28635,17224,1987.94,1
28636,12265,512.14,1
28637,8893,1345.76,1
28638,15418,4433.1,1
28639,12873,3647.09,1
28640,28751,143.13,0
28641,15732,2755.59,0
28642,25462,2611.72,1
28643,11150,312.46,0
28644,25347,1135.59,1
28645,22654,642.2,0
28646,31498,280.55,1
28647,31095,1191.61,1
28648,20914,1115.48,1
28649,30821,3860.13,1
28650,11469,2831.27,0
28651,17275,1799.48,1
28652,31381,4613.68,1
28653,23511,2259.83,0
28654,1554,1208.8,1
28655,16049,3391.82,1
28656,34142,2509.98,1
28657,5989,1522.97,0
28658,28987,4717.8,0
28659,9830,3779.04,1
28660,22040,1097.06,0
28661,15255,1532.22,0
28662,25785,1496.45,1
28663,28764,4689.42,1
28664,30533,337.4,0
28665,9101,3573.39,0
28666,30623,4845.62,1
28667,12248,3999.05,0
28668,29997,3912.7,1
28669,629,2119.7,0
28670,16555,3896.82,0
28671,7312,1547.8,1
28672,10794,4068.58,1
28673,9698,2367.95,1
28674,13151,2476.24,0
28675,5982,1575.68,0
28676,8901,3052.79,0
28677,28988,3993.94,0
28678,28289,771.53,1
28679,24510,3064.28,1
28680,25834,3144.09,1
28681,13420,1185.63,0
28682,33911,1291.95,1
28683,34640,2408.04,1
28684,14142,1794.02,0
28685,1260,629.47,1
28686,12581,1502.52,1
28687,11849,3615.05,0
28688,29366,1554.79,0
28689,4121,283.83,1
28690,23585,2018.04,0
28691,21235,348.15,1
28692,1046,1514.53,1
28693,26052,2289.65,1
28694,24946,629.05,0
28695,17010,2598.87,0
28696,25969,940.29,0
28697,22236,1221.48,0
28698,11847,914.9,0
28699,29194,855.47,0
28700,29848,4179.69,0
28701,17918,2511.16,1
28702,23641,3753.35,1
28703,8739,3059.0,1
28704,8430,308.59,1
28705,24975,918.46,0
28706,11244,1442.18,1
28707,27929,2621.23,1
28708,15357,1418.89,0
28709,4762,4489.08,1
28710,21722,754.41,0
28711,9908,2047.95,0
28712,3458,3894.52,1
28713,2934,4393.26,1
28714,27860,553.8,1
28715,26486,3743.82,0
28716,15555,3053.98,0
28717,30536,1032.2,0
28718,9966,1385.82,1
28719,29942,4318.21,1
28720,18324,215.21,1
28721,4962,3615.54,0
28722,18332,2398.21,0
28723,28778,386.42,0
28724,20295,3322.53,1
28725,7616,558.09,0
28726,19971,1430.6,1
28727,25061,4725.97,1
28728,12110,3715.39,0
28729,20712,3246.08,0
28730,10547,4042.81,1
28731,23273,4379.96,1
28732,18550,333.09,1
28733,11473,2318.33,1
28734,10693,937.62,1
28735,13999,3848.83,0
28736,6234,4210.18,1
28737,392,1700.94,1
28738,4523,2119.18,0
28739,20893,2066.24,0
28740,3545,2112.89,1
28741,12708,4305.33,1
28742,2154,1484.1,1
28743,27674,2040.7,0
28744,6879,3917.47,0
28745,3300,996.99,0
28746,34280,2688.49,0
28747,3464,4122.94,0
28748,33127,4351.16,1
28749,24027,3750.84,1
28750,1989,3319.52,1
28751,4152,1957.84,0
28752,24015,693.88,1
28753,21592,1575.1,0
28754,651,290.51,1
28755,4939,1134.48,0
28756,8516,3992.02,1
28757,2943,716.19,0
28758,11773,330.02,0
28759,14091,1106.87,1
28760,24013,3906.81,0
28761,15113,1034.46,1
28762,7695,659.73,0
28763,11886,3754.38,0
28764,23989,2474.68,1
28765,8459,3136.51,0
28766,9221,2360.3,0
28767,5210,1811.03,0
28768,19235,4867.08,0
28769,18941,1776.45,1
28770,2074,4710.84,0
28771,3394,4593.63,1
28772,28392,3905.86,0
28773,19755,354.74,1
28774,21052,2944.69,1
28775,23542,257.44,1
28776,32264,4466.02,0
28777,11040,4717.4,1
28778,29037,2595.66,1
28779,31125,1844.8,0
28780,1102,1485.52,0
28781,6582,2955.14,0
28782,30607,4740.03,0
28783,19479,1731.36,1
28784,2717,1973.97,0
28785,14860,913.83,1
28786,28990,4511.23,1
28787,31451,2078.99,0
28788,27372,2979.81,0
28789,7927,4621.35,0
28790,17186,179.45,0
28791,12314,4427.66,0
28792,3013,1225.28,0
28793,12705,3525.37,1
28794,1353,4230.37,1
28795,30935,3375.98,0
28796,4818,4419.11,0
28797,5391,4190.42,1
28798,25055,1383.47,1
28799,15461,3819.12,0
28800,17220,288.67,1
28801,24793,4738.25,1
28802,10637,2443.57,0
28803,28699,1282.59,1
28804,6336,1217.51,1
28805,20037,2110.03,0
28806,13943,3664.86,1
28807,34946,360.12,0
28808,18465,1888.74,1
28809,13571,231.73,1
28810,13316,2988.02,0
28811,14322,4024.57,1
28812,13181,3380.35,0
28813,14722,1173.08,0
28814,30860,3213.83,0
28815,17444,4468.39,1
28816,22659,1198.04,0
28817,13023,910.27,0
28818,16542,3866.95,1
28819,18718,4534.6,0
28820,15138,2783.09,1
28821,6614,2553.98,1
28822,12155,3518.19,1
28823,935,1633.29,0
28824,17230,3568.18,1
28825,31630,1180.22,1
28826,34409,491.24,0
28827,33821,1914.71,0
28828,34209,3773.94,0
28829,27726,4226.45,1
28830,2769,2414.47,0
28831,22834,3340.55,1
28832,5462,721.71,1
28833,613,3938.37,0
28834,17672,4761.5,1
28835,12357,966.42,0
28836,1198,4226.68,1
28837,17833,1340.29,0
28838,9107,3365.52,0
28839,33908,2366.74,1
28840,23603,3637.92,1
28841,24609,3679.43,1
28842,19848,2429.05,1
28843,15352,2043.39,1
28844,31602,4496.95,0
28845,31365,2468.61,1
28846,11997,3937.65,1
28847,34525,233.23,1
28848,24774,150.63,1
28849,29404,172.29,0
28850,18370,2565.56,1
28851,13622,888.34,1
28852,5872,1099.96,0
28853,27905,830.44,0
28854,11427,3354.43,1
28855,13775,4090.65,1
28856,2451,2994.03,0
28857,5477,2259.48,0
28858,30675,4677.03,1
28859,32016,1429.92,1
28860,16490,3293.08,1
28861,33612,404.62,1
28862,26994,3760.78,1
28863,8743,4800.38,1
28864,28942,1931.09,0
28865,27731,1104.2,1
28866,33429,1543.13,0
28867,10228,1703.69,1
28868,12781,2447.6,0
28869,33661,157.29,0
28870,4450,2452.5,0
28871,16523,3969.27,0
28872,1689,1662.76,1
28873,9750,4263.01,1
28874,26730,1662.15,1
28875,2948,3377.37,0
28876,26535,3450.65,0
28877,15958,4620.97,1
28878,10223,3677.47,0
28879,32461,4616.19,1
28880,24960,4612.98,1
28881,8879,2417.43,1
28882,13589,841.8,1
28883,7295,4167.45,0
28884,33849,2653.11,1
28885,13942,2138.51,1
28886,4599,4800.27,0
28887,30176,2838.69,1
28888,33159,787.71,0
28889,4527,3183.88,1
28890,11028,2850.41,0
28891,13320,4277.06,1
28892,10459,4874.16,0
28893,9665,2179.47,1
28894,19289,3295.27,0
28895,26020,4686.64,1
28896,14545,830.77,0
28897,4711,205.82,1
28898,15216,2233.73,0
28899,28550,2718.73,1
28900,32295,684.16,1
28901,23120,754.84,1
28902,1609,2182.85,0
28903,13866,4459.4,0
28904,19866,848.68,0
28905,5646,3726.45,0
28906,16989,1332.39,1
28907,4758,1240.9,1
28908,7827,4658.45,0
28909,19032,4167.19,1
28910,767,3223.79,0
28911,21194,613.02,1
28912,31662,2801.49,1
28913,8309,3445.54,0
28914,30803,1108.52,1
28915,26044,1510.96,1
28916,22660,1075.05,0
28917,20738,4982.26,1
28918,14939,4948.68,0
28919,29097,2466.4,0
28920,27188,128.14,1
28921,8837,1143.78,1
28922,14521,4904.63,0
28923,6487,3587.28,0
28924,16373,2096.06,0
28925,33158,3356.42,0
28926,16577,4449.99,0
28927,28476,609.77,1
28928,19889,1056.62,1
28929,11118,2784.24,0
28930,14576,3604.14,1
28931,18974,184.54,0
28932,30779,223.98,0
28933,23271,1610.4,1
28934,7033,3944.39,0
28935,5089,4108.46,0
28936,480,2853.67,1
28937,34743,752.18,1
28938,12422,530.79,0
28939,9629,736.02,1
28940,11112,3869.68,1
28941,32166,909.72,0
28942,11168,4929.53,1
28943,485,2517.25,0
28944,9745,4312.96,1
28945,7209,4319.2,1
28946,1158,1121.54,0
28947,5864,2861.5,1
28948,26524,1102.62,0
28949,6273,1447.84,0
28950,20796,3948.59,0
28951,15301,2448.67,0
28952,29035,4160.55,1
28953,8179,2375.35,0
28954,27697,4439.23,1
28955,17124,704.36,0
28956,15146,2177.85,1
28957,16911,181.19,0
28958,2447,3165.0,0
28959,34782,951.18,1
28960,33185,1069.14,0
28961,23647,105.31,0
28962,25423,100.39,1
28963,13056,1901.72,0
28964,7836,2274.19,1
28965,2971,3946.42,1
28966,15797,4901.54,1
28967,29532,4477.11,0
28968,12492,3481.45,1
28969,31426,4716.65,0
28970,18495,4114.38,0
28971,34887,751.6,0
28972,2023,2863.3,1
28973,7663,758.38,1
28974,1330,4310.95,1
28975,32428,2116.87,0
28976,29535,4610.74,0
28977,94,2053.14,0
28978,4225,614.13,0
28979,18788,2303.63,1
28980,24973,4217.09,0
28981,18367,1191.59,1
28982,81,2995.73,0
28983,21919,897.57,0
28984,19602,4419.65,0
28985,14649,1882.38,1
28986,7299,4949.03,0
28987,21560,633.3,1
28988,27253,3983.3,1
28989,22834,3120.02,1
28990,32873,3747.57,0
28991,8737,857.81,0
28992,7221,4195.15,1
28993,15388,2466.4,0
28994,430,1648.02,0
28995,13545,234.45,1
28996,7871,4622.34,1
28997,23373,4997.61,1
28998,33168,1888.64,0
28999,22886,4029.22,0
29000,15195,1741.17,1
29001,14495,3327.37,0
29002,14549,755.94,1
29003,3266,4543.88,0
29004,23391,524.17,0
29005,24001,4665.29,1
29006,13409,2086.77,0
29007,25763,1858.87,0
29008,4921,559.04,1
29009,26712,4117.84,1
29010,32905,4708.91,1
29011,34528,3190.83,0
29012,13993,3913.61,0
29013,27084,4971.39,1
29014,29201,3945.23,1
29015,17003,498.7,0
29016,34018,909.04,0
29017,15391,4299.8,0
29018,13756,1542.77,1
29019,31656,3191.71,0
29020,28113,4209.55,1
29021,32251,736.75,0
29022,18890,3027.46,0
29023,430,2280.62,1
29024,18004,253.33,1
29025,7139,1997.02,1
29026,9200,1906.09,1
29027,7024,2718.93,0
29028,32962,4390.18,1
29029,10658,2110.56,1
29030,11577,1394.49,0
29031,14420,1324.51,0
29032,16475,1655.71,0
29033,7953,4330.78,0
29034,34742,1541.58,1
29035,30273,196.09,0
29036,7501,532.91,0
29037,29117,666.92,1
29038,25705,2111.71,1
29039,18287,1453.63,1
29040,16718,3208.92,1
29041,12898,4854.52,1
29042,34397,1869.93,0
29043,7642,868.81,0
29044,2873,2269.44,0
29045,18556,1981.08,0
29046,9885,2947.3,1
29047,8210,1352.83,0
29048,21768,4065.87,0
29049,18721,535.05,1
29050,9247,1543.19,1
29051,23473,670.3,1
29052,1338,4086.28,0
29053,32619,1392.07,1
29054,20684,4014.85,0
29055,16575,4232.9,1
29056,10463,3848.72,1
29057,11431,4271.09,1
29058,29842,1323.58,0
29059,4388,803.54,0
29060,5635,2229.12,0
29061,30636,3671.25,1
29062,9598,2467.98,0
29063,14210,3141.08,0
29064,21016,4947.7,0
29065,10545,1605.39,0
29066,29173,4979.31,0
29067,9701,1451.48,0
29068,4813,1031.36,0
29069,30489,1425.74,1
29070,19009,3221.98,0
29071,12261,264.99,0
29072,30765,4905.8,1
29073,32601,1456.72,0
29074,25108,847.92,0
29075,5288,3872.89,1
29076,28032,3799.43,1
29077,641,2959.56,1
29078,33480,3196.85,0
29079,32383,4187.63,0
29080,26631,3410.35,1
29081,26829,2532.34,1
29082,17771,432.31,1
29083,3419,4768.1,0
29084,2271,4845.0,1
29085,1921,1008.71,0
29086,1768,3142.89,0
29087,693,2734.96,1
29088,29095,4005.1,1
29089,19339,903.25,1
29090,10095,729.93,1
29091,1974,4613.25,1
29092,33999,3290.45,0
29093,4605,4586.12,0
29094,21054,4959.3,0
29095,6429,134.12,0
29096,16964,2248.33,0
29097,22879,3068.44,0
29098,34139,1341.23,1
29099,16892,3844.94,0
29100,211,4521.0,0
29101,4880,3416.44,1
29102,29387,4375.23,0
29103,27948,2158.9,1
29104,10033,2885.9,1
29105,26013,2564.19,1
29106,14278,2319.41,1
29107,25440,3850.62,1
29108,28648,925.85,1
29109,29946,3080.9,0
29110,28972,1140.24,1
29111,13411,2252.71,1
29112,5238,343.15,1
29113,34987,4073.67,0
29114,22672,155.21,0
29115,12450,271.08,1
29116,5503,4929.84,0
29117,17306,4871.66,1
29118,27587,4736.15,1
29119,26724,2961.45,1
29120,34666,2042.21,0
29121,13838,4947.66,0
29122,204,2799.48,0
29123,12859,3731.39,0
29124,4274,522.61,0
29125,29982,1450.89,0
29126,8419,439.95,0
29127,4766,4005.81,0
29128,30078,2427.22,0
29129,319,3087.2,0
29130,30323,1024.56,1
29131,15964,122.91,0
29132,34513,2566.05,1
29133,29735,4514.03,1
29134,141,1796.77,0
29135,5269,4881.38,0
29136,523,2240.32,1
29137,12055,3142.98,0
29138,16552,4149.26,1
29139,33621,2603.06,0
29140,11881,4356.28,0
29141,11513,1277.4,1
29142,32957,3746.86,1
29143,1587,4406.53,0
29144,21447,660.0,0
29145,16245,371.65,1
29146,13943,1405.6,1
29147,10305,251.92,0
29148,27793,3699.21,1
29149,5622,3230.65,1
29150,32829,2254.68,1
29151,2696,4416.04,0
29152,19983,4311.46,0
29153,16317,129.8,0
29154,12677,4081.6,1
29155,9233,1023.13,1
29156,27956,4337.79,0
29157,1745,229.18,0
29158,19168,2277.98,1
29159,2183,3338.0,1
29160,4361,882.53,1
29161,31639,284.0,0
29162,11369,4724.26,0
29163,31816,2144.72,0
29164,21521,379.41,1
29165,9925,222.57,1
29166,20106,1722.35,1
29167,30148,2907.0,1
29168,28693,2572.88,1
29169,25892,4722.18,1
29170,32497,4233.26,0
29171,9129,2802.4,0
29172,14022,4179.76,0
29173,29797,158.22,1
29174,24604,4338.5,1
29175,31989,1807.66,0
29176,8428,4008.32,1
29177,26882,892.84,1
29178,21410,4481.09,1
29179,33314,3842.64,0
29180,8232,129.19,1
29181,13333,2524.37,0
29182,14961,1574.12,1
29183,19881,4130.14,1
29184,32690,3052.94,1
29185,26044,4791.45,0
29186,13345,2517.21,0
29187,20787,4009.68,1
29188,19398,1781.03,1
29189,24155,3264.96,1
29190,218,3272.89,1
29191,6119,232.08,1
29192,21095,2067.0,0
29193,12518,3359.59,0
29194,18458,1490.68,0
29195,8526,1962.11,1
29196,11237,256.54,0
29197,7406,944.15,1
29198,25948,4617.17,1
29199,18415,2670.07,1
29200,16200,603.37,1
29201,15166,235.32,0
29202,11695,1232.96,1
29203,10433,2088.42,1
29204,13072,922.3,0
29205,33057,667.19,1
29206,19205,3456.17,0
29207,16225,1273.58,1
29208,3695,952.74,0
29209,33349,4583.87,0
29210,28715,2107.75,0
29211,12570,2869.23,1
29212,18597,2294.03,0
29213,10047,1158.43,1
29214,28529,2704.4,0
29215,4122,778.36,0
29216,6531,4534.64,1
29217,14769,1728.15,0
29218,29937,2214.7,1
29219,4276,2584.36,0
29220,26772,3116.92,1
29221,1186,3918.88,1
29222,20345,3419.22,1
29223,34132,3215.92,1
29224,10639,286.67,0
29225,30808,796.29,0
29226,27509,2077.97,1
29227,25112,206.36,1
29228,17012,4822.59,0
29229,160,2092.4,0
29230,10340,170.24,1
29231,11210,3464.5,0
29232,8112,3272.54,1
29233,30768,4915.83,1
29234,11821,936.87,0
29235,31190,869.6,0
29236,23272,2155.81,1
29237,10725,4554.6,1
29238,4036,2768.28,0
29239,21773,2230.71,0
29240,9526,750.34,0
29241,17070,2415.62,1
29242,14168,3359.03,1
29243,22659,4530.98,1
29244,22936,2134.52,0
29245,31693,1651.76,0
29246,18035,1008.67,1
29247,13606,3265.86,0
29248,34874,2026.48,0
29249,8817,4654.99,0
29250,4752,2176.19,1
29251,9932,4195.63,1
29252,22092,2031.04,1
29253,17065,764.01,0
29254,15735,4555.3,0
29255,24094,826.28,1
29256,2085,1955.64,0
29257,24865,1533.07,1
29258,13999,3978.57,0
29259,4076,675.64,0
29260,15211,2616.34,0
29261,13675,4528.49,0
29262,2775,2131.93,0
29263,27877,4779.23,0
29264,24954,4080.82,0
29265,22735,557.65,1
29266,2119,2087.67,1
29267,12576,1140.05,1
29268,18754,4096.88,0
29269,1663,4527.08,0
29270,12405,1571.17,0
29271,33418,1689.45,1
29272,30736,286.28,1
29273,34170,1261.67,1
29274,32530,1188.84,1
29275,1830,774.11,0
29276,14165,1534.56,0
29277,21110,3965.56,1
29278,10386,2079.32,1
29279,34900,2260.29,0
29280,709,1255.58,1
29281,34181,4464.77,1
29282,24621,1694.11,0
29283,34011,1102.62,0
29284,24459,639.15,1
29285,3870,3920.05,0
29286,19709,797.49,1
29287,13219,1528.2,1
29288,10839,4072.16,1
29289,18283,1211.34,1
29290,29677,694.14,1
29291,9848,3067.39,0
29292,19331,2424.77,0
29293,21029,3457.75,1
29294,18706,3611.22,0
29295,20737,3230.6,0
29296,20288,723.6,1
29297,17950,2714.32,1
29298,23189,1758.11,1
29299,23473,3559.73,0
29300,16274,3997.48,0
29301,11038,893.4,0
29302,15620,2095.84,0
29303,24904,1098.19,1
29304,32562,4052.88,1
29305,30869,696.25,1
29306,26048,4197.53,0
29307,19156,906.26,0
29308,29813,2410.04,1
29309,32287,4380.82,1
29310,12719,4507.0,0
29311,21883,457.15,0
29312,18702,1167.56,1
29313,4515,1950.99,0
29314,6928,3368.78,0
29315,21847,375.56,1
29316,2163,2041.97,1
29317,1388,2499.55,0
29318,306,2080.99,1
29319,27301,1579.59,1
29320,7732,2824.9,1
29321,20549,4757.53,1
29322,6883,2538.48,0
29323,12134,2987.06,0
29324,1192,3518.3,0
29325,304,3512.61,0
29326,10876,3181.93,1
29327,177,1187.07,1
29328,30954,2067.33,1
29329,17282,2152.82,1
29330,8423,193.69,0
29331,17884,1944.75,1
29332,24939,3866.12,1
29333,33091,3593.66,1
29334,23696,2226.13,0
29335,15904,3632.27,1
29336,28209,481.62,0
29337,12105,2103.76,1
29338,15876,3668.71,0
29339,9082,2130.47,1
29340,9865,1280.58,1
29341,21908,3822.94,1
29342,10990,713.21,0
29343,18275,699.79,0
29344,26326,1127.03,0
29345,34057,4982.14,1
29346,241,244.8,1
29347,13744,861.6,0
29348,2408,1289.82,1
29349,26018,1627.38,0
29350,8717,1326.57,1
29351,14202,3027.68,0
29352,26330,1057.33,0
29353,9110,244.1,0
29354,9613,699.02,1
29355,10402,113.04,1
29356,4094,2053.67,0
29357,13529,1629.63,1
29358,20690,3330.7,1
29359,9777,2172.89,1
29360,33821,2860.54,0
29361,25272,2834.28,0
29362,27916,1129.31,1
29363,17071,2006.05,1
29364,21034,4426.73,1
29365,23144,346.29,1
29366,19913,2255.59,0
29367,2288,3054.46,0
29368,22850,1194.62,1
29369,22878,2692.66,0
29370,20271,1921.03,1
29371,33761,3580.6,1
29372,28736,4572.75,1
29373,33866,4574.0,1
29374,14104,1299.23,0
29375,13934,3139.51,1
29376,15921,4828.39,1
29377,22649,1675.88,0
29378,26349,3058.54,0
29379,11357,1722.12,0
29380,20029,408.44,1
29381,26334,2182.79,0
29382,30195,2933.27,1
29383,29066,971.85,0
29384,27712,2178.54,0
29385,2514,1048.26,0
29386,33878,3910.05,0
29387,10244,3814.18,1
29388,34649,1822.58,1
29389,19797,3623.87,0
29390,8855,2822.32,0
29391,20562,696.4,1
29392,20059,3788.12,0
29393,17466,1280.43,0
29394,13223,3991.29,0
29395,26759,121.32,0
29396,29309,396.93,0
29397,17819,3091.88,0
29398,25708,2975.84,1
29399,12390,2450.27,0
29400,23146,513.48,0
29401,17676,3502.29,1
29402,30158,4450.86,1
29403,16016,704.7,0
29404,9367,2708.62,1
29405,1064,4918.95,1
29406,1630,2700.89,0
29407,28659,2818.67,0
29408,12919,4599.29,1
29409,30636,4927.36,0
29410,19670,2006.59,1
29411,28003,3597.56,1
29412,12312,3676.81,1
29413,7839,389.93,0
29414,26289,856.21,1
29415,25678,2043.79,0
29416,5366,2444.66,1
29417,19295,3789.71,0
29418,20809,4543.19,0
29419,2101,3168.78,0
29420,1089,3717.97,0
29421,10242,1462.63,1
29422,16066,1887.04,0
29423,6612,4067.96,1
29424,16210,106.82,0
29425,27836,2182.62,1
29426,9895,3192.53,1
29427,2901,3355.29,0
29428,10381,295.05,0
29429,21765,2801.23,0
29430,18439,4597.46,1
29431,20187,1373.09,1
29432,15493,2003.61,1
29433,20460,4110.38,0
29434,5985,2523.11,1
29435,1895,4075.78,1
29436,29308,3186.72,0
29437,23906,2092.11,1
29438,4477,4483.13,1
29439,30798,4352.73,1
29440,6374,3430.53,1
29441,10375,4356.2,1
29442,4220,1321.96,0
29443,20922,298.34,1
29444,5311,3365.97,0
29445,15730,3648.44,1
29446,11284,2255.77,0
29447,17928,4099.78,0
29448,31794,390.15,0
29449,25629,491.96,0
29450,11351,4274.06,1
29451,3646,3692.92,1
29452,2067,4891.7,0
29453,26951,3203.55,1
29454,32219,1092.38,1
29455,24303,2870.88,0
29456,24133,1810.09,0
29457,15903,1628.89,0
29458,7196,3813.8,1
29459,17052,4855.2,0
29460,2192,4942.06,1
29461,13351,3387.79,1
29462,6720,1502.86,1
29463,32493,1050.51,0
29464,2555,4891.11,1
29465,32116,4110.13,0
29466,1346,795.78,0
29467,24870,187.15,1
29468,4065,218.68,1
29469,20720,607.47,1
29470,28907,2466.36,1
29471,13024,2327.01,0
29472,3171,409.97,0
29473,10125,2280.12,1
29474,79,1395.62,1
29475,11707,1892.17,1
29476,26379,2124.24,1
29477,32195,1808.35,0
29478,24563,1802.04,0
29479,14683,1342.59,0
29480,15936,4861.14,0
29481,23720,4047.17,1
29482,5666,3559.0,1
29483,6182,4136.48,0
29484,23212,4452.54,1
29485,12224,4224.85,0
29486,11778,692.13,1
29487,458,3055.74,1
29488,30838,1710.96,1
29489,9290,3713.69,1
29490,18234,2725.8,1
29491,2875,2336.32,0
29492,4088,4115.55,1
29493,10847,374.39,1
29494,20743,4247.51,0
29495,33241,2903.46,0
29496,27803,1167.12,1
29497,27513,343.51,1
29498,24198,3153.38,0
29499,23695,218.7,1
29500,20344,952.69,0
29501,3640,3252.14,0
29502,20858,1487.1,1
29503,1407,2145.73,0
29504,8241,443.57,1
29505,1299,1901.63,0
29506,3064,283.03,1
29507,9840,1582.35,1
29508,4098,240.86,0
29509,17821,1504.77,1
29510,15346,2135.75,1
29511,18125,4253.51,1
29512,3378,1773.06,1
29513,27227,4802.96,0
29514,7976,1696.61,0
29515,2058,3823.56,0
29516,34325,1402.52,0
29517,18228,2332.32,0
29518,8469,621.33,0
29519,20799,3553.78,1
29520,9991,1885.06,1
29521,30833,2275.8,1
29522,926,3871.56,1
29523,17138,736.04,1
29524,4138,1695.74,0
29525,16845,4866.62,1
29526,3847,3839.12,1
29527,25114,4171.07,0
29528,13469,4644.39,0
29529,25648,4974.48,1
29530,29985,4800.73,0
29531,1816,4276.34,0
29532,22891,1540.83,1
29533,2675,1534.63,0
29534,12941,1911.16,1
29535,33049,4417.28,0
29536,2953,505.09,0
29537,25493,2677.09,0
29538,29371,1005.88,1
29539,34318,819.31,1
29540,20399,3811.35,1
29541,2654,1850.26,1
29542,26548,2513.82,0
29543,5329,497.08,1
29544,139,1557.42,1
29545,14776,1235.59,0
29546,25492,2427.01,1
29547,5107,3219.13,1
29548,34769,913.0,0
29549,22709,4438.11,0
29550,22933,2502.99,1
29551,5965,4441.11,0
29552,21154,1572.82,1
29553,19373,3561.7,0
29554,2968,2958.02,0
29555,13268,589.33,0
29556,4275,753.19,0
29557,32780,4163.28,1
29558,4847,204.01,0
29559,33877,3565.24,0
29560,21105,2298.62,1
29561,12555,4771.27,1
29562,21890,2902.12,0
29563,8454,1749.93,0
29564,28808,2976.96,0
29565,11909,3376.47,0
29566,27243,2526.36,0
29567,6694,4704.65,0
29568,20318,4814.45,1
29569,6785,2300.0,1
29570,23416,405.21,1
29571,797,2444.8,1
29572,21131,1934.49,0
29573,26246,1311.23,0
29574,988,4977.12,0
29575,5242,656.24,0
29576,25731,4331.65,0
29577,19133,993.74,0
29578,15320,1774.83,1
29579,28179,631.56,0
29580,28995,112.82,0
29581,4170,4006.54,0
29582,27442,313.96,0
29583,13706,2606.1,0
29584,17396,660.81,0
29585,7213,569.28,1
29586,15656,173.73,1
29587,34306,1907.7,0
29588,11356,2904.75,1
29589,26342,1255.69,0
29590,23248,4189.15,1
29591,30867,236.13,0
29592,8990,3272.38,0
29593,375,4494.36,1
29594,19562,3122.4,0
29595,3936,3837.62,1
29596,24919,975.62,0
29597,31026,4984.31,1
29598,28567,4664.73,0
29599,33116,4390.01,1
29600,10114,1830.47,0
29601,11333,3184.02,1
29602,9633,3678.97,1
29603,10405,1438.56,0
29604,2867,1826.85,1
29605,13049,2021.34,0
29606,24105,1940.15,1
29607,33352,4785.49,1
29608,18974,1504.39,1
29609,1632,2350.49,0
29610,29228,2134.74,0
29611,584,4669.72,0
29612,15939,2704.96,0
29613,30593,3986.15,0
29614,23448,2405.11,0
29615,16305,4954.39,0
29616,9583,3922.16,1
29617,1517,2949.8,0
29618,8478,4041.34,0
29619,34332,3260.51,1
29620,18659,3256.88,1
29621,8870,814.91,0
29622,15904,3009.16,1
29623,22831,4096.83,0
29624,20647,2373.76,0
29625,23330,630.89,0
29626,379,2638.67,1
29627,20660,2120.24,1
29628,19247,868.51,0
29629,27299,2870.42,0
29630,18818,533.87,1
29631,11107,676.65,1
29632,25213,2789.92,1
29633,28835,3672.77,1
29634,6002,1086.12,1
29635,4213,4155.53,1
29636,6378,4482.27,1
29637,17358,4417.51,1
29638,32023,3174.22,1
29639,24669,2071.35,1
29640,15159,3138.73,0
29641,17724,2470.96,0
29642,6039,1000.2,0
29643,2711,3804.52,0
29644,22433,390.05,1
29645,28773,3824.27,1
29646,21764,473.82,1
29647,1925,3186.11,0
29648,33937,1754.26,1
29649,13664,3603.22,0
29650,7242,2900.61,1
29651,20452,2912.22,1
29652,2177,3042.31,1
29653,2251,2003.98,1
29654,8857,2109.94,0
29655,11085,2467.99,0
29656,12011,113.54,1
29657,34738,3481.66,1
29658,30777,4132.3,0
29659,9135,4825.11,0
29660,21091,3369.92,1
29661,8471,2876.99,1
29662,6750,220.08,1
29663,34053,3554.33,0
29664,14181,2290.72,1
29665,24664,1946.16,1
29666,34073,2988.7,1
29667,12343,1162.49,0
29668,16873,1477.7,0
29669,23102,3705.28,1
29670,23259,2639.11,0
29671,6005,3625.33,0
29672,17191,437.21,0
29673,31433,1631.25,1
29674,7382,4475.76,1
29675,26311,450.98,0
29676,13374,2498.24,0
29677,6156,644.48,1
29678,18682,2067.18,1
29679,262,3505.0,0
29680,18947,3234.74,1
29681,28078,2251.01,1
29682,21769,3325.95,1
29683,2973,2936.97,1
29684,32547,3541.28,1
29685,29055,3475.36,0
29686,1764,3236.15,1
29687,13564,3791.48,0
29688,9405,4655.72,1
29689,16427,4241.13,1
29690,33067,290.86,0
29691,8042,1947.42,0
29692,31119,1582.76,0
29693,8863,367.43,1
29694,9021,1607.06,1
29695,1528,937.31,1
29696,19119,4755.3,0
29697,33363,3961.47,1
29698,14025,876.32,0
29699,6436,1825.78,0
29700,5879,4362.66,0
29701,17922,2119.18,0
29702,30980,3454.7,0
29703,20470,3172.69,1
29704,25261,1006.3,1
29705,23795,3812.78,1
29706,6154,662.63,1
29707,8890,3896.96,1
29708,12117,1473.18,1
29709,10683,2303.38,1
29710,30525,2969.62,1
29711,611,1712.82,0
29712,20395,1020.44,0
29713,21144,2204.49,0
29714,13598,3317.59,0
29715,16512,1215.55,0
29716,28286,749.03,1
29717,11132,3152.25,0
29718,32593,332.78,0
29719,11511,3171.03,0
29720,14606,1354.17,0
29721,3931,1989.9,0
29722,28709,2814.08,0
29723,9654,465.93,1
29724,21849,202.09,0
29725,24073,4959.35,0
29726,4310,2202.41,1
29727,731,3515.53,0
29728,6629,1086.17,0
29729,20522,1224.59,1
29730,32605,197.12,1
29731,4216,3493.6,0
29732,6455,4036.41,0
29733,29366,3458.37,1
29734,19536,2497.45,1
29735,28064,4199.78,1
29736,17464,553.67,1
29737,683,2551.04,0
29738,20497,3241.49,0
29739,17545,4237.48,0
29740,23143,321.49,0
29741,32731,4660.97,1
29742,1148,1310.51,1
29743,11629,686.64,1
29744,11084,957.1,0
29745,18316,4727.69,0
29746,7534,2050.74,1
29747,5309,4685.23,0
29748,20440,1516.18,1
29749,28194,808.86,1
29750,15977,954.38,1
29751,12164,787.53,1
29752,28777,3964.28,1
29753,8364,869.65,1
29754,24973,2372.34,0
29755,25923,2478.69,1
29756,3118,749.15,1
29757,17956,1761.97,1
29758,28253,748.19,0
29759,7419,2795.95,0
29760,4714,2344.41,1
29761,22377,3876.03,1
29762,6663,3128.83,0
29763,28015,2795.41,1
29764,8619,235.46,1
29765,8300,1596.16,0
29766,7039,3774.18,0
29767,8867,3465.37,0
29768,15023,4777.93,1
29769,18892,3500.55,0
29770,20912,491.55,1
29771,15692,1720.46,1
29772,10711,966.36,1
29773,26464,4727.16,1
29774,19164,2268.65,1
29775,30708,3023.06,0
29776,1855,2251.91,0
29777,19639,2039.76,0
29778,19535,1789.24,0
29779,19568,4592.91,0
29780,17413,4594.03,0
29781,2383,1397.93,0
29782,22191,3110.01,0
29783,26007,1182.51,0
29784,14702,4377.87,1
29785,7134,1977.37,1
29786,4224,2881.76,0
29787,21471,638.85,1
29788,8448,2605.76,0
29789,6253,2256.79,1
29790,21039,3590.31,1
29791,22328,3628.65,1
29792,12301,2116.76,1
29793,16827,1111.49,1
29794,8398,2497.59,1
29795,5088,1800.17,1
29796,9323,3900.91,1
29797,7663,2833.8,0
29798,6992,2712.98,0
29799,27007,3856.82,1
29800,11985,1498.82,1
29801,1570,3697.93,0
29802,25480,1890.71,1
29803,21044,4948.81,0
29804,7660,1856.69,1
29805,10078,4701.19,1
29806,6285,4226.52,0
29807,34,4775.5,0
29808,4663,4130.78,1
29809,9296,3479.28,1
29810,28905,4835.63,0
29811,12625,2915.88,1
29812,24658,1216.69,1
29813,12730,2010.29,0
29814,18524,3213.7,0
29815,990,877.69,1
29816,1126,2851.02,1
29817,17968,1153.04,0
29818,16965,1152.84,1
29819,23808,988.35,1
29820,18812,476.07,0
29821,24705,4597.34,0
29822,34571,4412.58,0
29823,21285,3092.77,0
29824,1346,2575.52,0
29825,33530,1263.99,1
29826,1408,528.13,1
29827,27328,2957.25,0
29828,32738,4831.56,0
29829,5869,3528.56,1
29830,33824,4714.89,0
29831,1466,1996.6,1
29832,27314,1417.9,1
29833,34160,4275.8,1
29834,28208,1093.2,0
29835,7472,1039.13,1
29836,8402,4706.77,0
29837,3380,4698.5,1
29838,4931,4815.27,1
29839,6199,1539.04,1
29840,20190,4805.84,1
29841,4415,2802.84,1
29842,26941,3143.35,0
29843,7381,3409.22,1
29844,7480,1449.9,1
29845,32386,1097.89,0
29846,11142,1174.03,1
29847,23697,3224.9,1
29848,19956,2557.3,1
29849,18265,3502.68,1
29850,33678,1298.98,0
29851,6593,320.78,1
29852,29290,3886.52,0
29853,23166,4858.5,1
29854,31550,3771.94,1
29855,29306,3890.91,1
29856,19775,2786.33,1
29857,2157,807.83,1
29858,4699,4669.22,0
29859,28528,1466.95,1
29860,14312,528.97,0
29861,8240,2716.35,0
29862,15227,2103.26,0
29863,16533,2770.09,0
29864,12519,4137.19,0
29865,30787,398.6,0
29866,20654,1084.26,1
29867,26307,1119.69,1
29868,12865,4666.54,0
29869,10121,4761.34,0
29870,10721,4071.89,0
29871,11460,1582.43,1
29872,13357,2978.62,1
29873,12589,1590.95,0
29874,16124,3824.52,1
29875,27562,2257.3,1
29876,15092,4287.26,0
29877,32743,2509.13,1
29878,32284,4303.79,0
29879,21130,4636.34,0
29880,8629,4109.2,0
29881,31950,1958.33,0
29882,2453,2791.04,1
29883,29374,3146.03,1
29884,24505,1083.25,0
29885,26260,4313.9,1
29886,1513,2574.73,1
29887,25868,1634.8,1
29888,6354,3957.78,1
29889,21993,4034.13,1
29890,14911,2174.18,1
29891,30060,4674.79,1
29892,28570,1980.79,1
29893,9901,3649.86,0
29894,24415,3771.7,1
29895,19760,4079.87,0
29896,5951,636.56,0
29897,20062,2223.22,1
29898,5196,2024.32,0
29899,18463,2867.34,0
29900,2803,4037.7,1
29901,7455,3942.08,1
29902,13471,1623.71,1
29903,28501,1976.74,1
29904,3462,2583.02,0
29905,6442,2924.25,0
29906,28190,2227.19,1
29907,23348,707.3,1
29908,16002,2562.47,0
29909,23957,4165.75,0
29910,7025,3718.02,1
29911,30952,2468.35,1
29912,7948,4476.1,0
29913,22175,2651.72,0
29914,9446,3202.13,1
29915,33092,3510.17,0
29916,19049,1370.23,1
29917,28585,2778.27,1
29918,15001,4788.47,1
29919,7315,607.28,1
29920,23819,4283.87,1
29921,31567,1259.62,1
29922,1158,1346.42,0
29923,32333,4834.18,0
29924,14042,1306.65,1
29925,34655,3211.19,1
29926,20849,2595.55,1
29927,12369,4612.05,0
29928,18500,576.09,0
29929,13260,2457.47,1
29930,32867,4950.42,1
29931,9166,4976.97,0
29932,8217,4555.08,1
29933,15664,1608.59,0
29934,17144,2854.84,0
29935,28484,2096.84,0
29936,18909,4027.77,1
29937,2558,500.95,0
29938,4473,1464.41,1
29939,6039,4600.22,1
29940,11633,4843.72,1
29941,15898,2353.36,0
29942,9248,2898.33,1
29943,34413,4972.68,1
29944,16564,4095.51,0
29945,15655,3284.98,1
29946,26644,3081.32,1
29947,24391,1441.59,0
29948,17798,2904.46,1
29949,24908,573.46,0
29950,7310,1871.95,1
29951,32948,4348.78,0
29952,16651,3149.38,0
29953,28434,3218.65,0
29954,6102,1122.18,0
29955,6078,2219.72,1
29956,1522,1940.53,1
29957,14978,3383.93,0
29958,12093,1357.48,1
29959,26599,2252.92,0
29960,7170,197.25,1
29961,22977,3863.57,0
29962,23754,929.07,0
29963,13575,2323.61,0
29964,28787,286.08,0
29965,2066,957.26,1
29966,22602,2984.67,1
29967,7403,1132.54,0
29968,32920,4146.25,1
29969,6652,1925.5,1
29970,5239,314.81,0
29971,29238,4241.22,1
29972,21180,773.32,0
29973,19177,2303.74,1
29974,30112,2590.11,0
29975,20754,1607.71,0
29976,32439,1293.1,1
29977,26746,391.93,1
29978,19790,4395.08,1
29979,17976,2754.81,1
29980,5132,4918.09,0
29981,21599,1547.14,0
29982,25378,298.32,0
29983,15706,847.23,1
29984,12328,151.93,1
29985,274,2876.54,0
29986,9680,1166.63,0
29987,9584,199.79,1
29988,13895,2142.16,0
29989,7513,3399.85,1
29990,12426,620.49,0
29991,17495,2178.32,0
29992,29164,2075.58,1
29993,14834,1432.69,1
29994,8830,410.03,0
29995,6996,3399.43,1
29996,6816,2093.45,1
29997,4310,2870.84,1
29998,4327,2629.77,1
29999,34694,3825.31,1
30000,14117,779.15,0
30001,15638,4290.84,0
30002,32092,1028.37,1
30003,13283,1207.29,1
30004,27820,2895.18,1
30005,6250,3717.78,0
30006,2432,1509.59,0
30007,7438,4749.76,0
30008,19217,2753.83,1
30009,158,2474.6,1
30010,25150,1833.18,1
30011,33274,3963.12,1
30012,13174,1503.56,1
30013,17626,657.51,1
30014,24557,410.65,1
30015,4558,1660.91,1
30016,12261,4654.02,1
30017,30146,3065.44,1
30018,19580,699.67,1
30019,3109,1064.81,0
30020,27252,2956.6,1
30021,11903,2841.99,1
30022,34864,4065.62,0
30023,13433,3730.05,0
30024,19996,2032.82,0
30025,8172,4160.23,1
30026,26681,2128.67,1
30027,9189,1884.43,1
30028,2570,457.95,1
30029,568,923.68,0
30030,19049,2023.67,0
30031,26391,3632.84,0
30032,31227,361.9,0
30033,351,179.06,1
30034,17928,1806.6,0
30035,23011,998.78,1
30036,15917,2657.72,1
30037,33149,3990.78,0
30038,13734,1491.78,1
30039,23043,3773.23,0
30040,12020,526.4,0
30041,8652,1094.71,0
30042,3758,1763.43,1
30043,19989,4943.75,0
30044,3390,984.82,1
30045,30530,3607.52,1
30046,29194,3221.33,1
30047,27990,3714.67,0
30048,24014,3429.16,0
30049,4084,1574.05,1
30050,26591,4831.43,0
30051,5054,725.7,1
30052,30075,1997.29,1
30053,26220,557.06,0
30054,6616,2263.43,0
30055,12635,3417.79,1
30056,615,1089.64,1
30057,22191,4368.06,1
30058,26038,564.94,1
30059,238,2267.91,1
30060,18068,2477.31,0
30061,11074,2200.83,1
30062,11207,3948.24,0
30063,12842,3347.76,0
30064,16675,2084.93,0
30065,1009,4797.26,0
30066,13344,1863.56,0
30067,31141,3605.62,0
30068,12301,3406.8,0
30069,7977,2056.49,1
30070,32097,1201.47,0
30071,9146,2385.15,0
30072,33413,702.12,0
30073,29582,3092.3,1
30074,21607,691.0,0
30075,17202,3713.37,0
30076,15857,2791.89,1
30077,15201,350.65,1
30078,30228,4121.29,1
30079,16251,2321.97,0
30080,15053,2088.31,0
30081,15467,2969.75,0
30082,2250,3057.29,0
30083,32629,1863.88,0
30084,7193,2677.44,1
30085,22507,2173.75,1
30086,17830,731.39,1
30087,16126,1039.58,1
30088,28307,4692.59,0
30089,25885,777.78,0
30090,16396,3147.33,1
30091,25297,2653.96,1
30092,32659,837.47,0
30093,28872,199.45,0
30094,4278,4111.85,1
30095,8784,3963.32,1
30096,9142,273.19,1
30097,4601,4864.71,1
30098,15828,4744.62,1
30099,24264,4212.69,1
30100,14316,3409.74,0
30101,1598,1668.48,0
30102,29712,4738.78,1
30103,24798,355.77,0
30104,14756,198.46,0
30105,31247,4039.97,1
30106,28272,4357.24,1
30107,25201,3731.02,0
30108,20715,1460.37,1
30109,7250,4184.58,0
30110,6477,151.59,1
30111,19072,1073.17,1
30112,3375,2852.96,0
30113,19117,1729.75,1
30114,32993,2575.4,0
30115,8343,4251.94,0
30116,24563,2765.38,1
30117,18471,3014.05,0
30118,23138,1678.9,0
30119,8637,2103.52,0
30120,31295,3774.02,1
30121,18820,490.97,1
30122,7326,1787.69,1
30123,33918,1657.75,0
30124,23290,2880.36,1
30125,27081,286.26,1
30126,30404,4081.08,1
30127,1985,4815.86,0
30128,3262,2052.39,0
30129,30130,4597.14,1
30130,13127,3612.76,0
30131,27898,3315.52,1
30132,26620,1601.91,1
30133,4893,732.2,0
30134,2679,3581.61,1
30135,16837,4392.88,0
30136,12998,2972.91,0
30137,34333,2854.11,1
30138,6787,2050.84,1
30139,252,4711.61,0
30140,23214,3842.12,1
30141,34226,2556.35,1
30142,21521,1142.31,1
30143,21974,4009.94,1
30144,28375,1346.67,1
30145,17944,3195.75,1
30146,19665,3996.91,0
30147,33780,2012.44,1
30148,12567,3941.03,1
30149,31391,126.23,0
30150,18835,1393.89,1
30151,10920,4393.46,0
30152,21296,2278.8,0
30153,30768,2343.82,1
30154,4988,2270.55,1
30155,10736,3958.71,0
30156,984,4197.32,0
30157,5048,3889.75,0
30158,17466,3000.08,0
30159,14135,3298.56,0
30160,13063,4317.33,0
30161,5058,3026.08,0
30162,7625,4304.24,0
30163,26390,1217.04,0
30164,32283,3278.7,1
30165,29497,3646.73,1
30166,21432,223.0,1
30167,6921,4292.97,0
30168,15927,2777.27,1
30169,29113,2513.02,0
30170,2324,781.4,0
30171,8923,2910.0,0
30172,21779,1484.01,0
30173,28289,3003.15,0
30174,20953,4091.56,1
30175,22348,2263.51,0
30176,3907,2435.61,0
30177,5330,1819.94,1
30178,22303,3310.95,0
30179,33442,1687.87,1
30180,28096,3888.23,1
30181,23938,196.4,1
30182,8261,684.64,1
30183,34575,1963.27,0
30184,29069,1849.44,1
30185,17419,4828.98,1
30186,8886,2874.72,0
30187,15410,3564.03,1
30188,23218,1535.79,0
30189,3929,4287.54,1
30190,31797,2674.38,0
30191,14984,1360.62,0
30192,11728,2802.92,1
30193,8056,2967.96,1
30194,21840,3004.93,0
30195,16230,257.3,0
30196,9162,3759.1,1
30197,12708,1441.74,0
30198,13963,4604.59,0
30199,24972,932.53,1
30200,27670,231.03,1
30201,14452,4302.19,0
30202,10315,4731.77,1
30203,2945,1475.82,1
30204,20548,351.4,0
30205,12315,618.01,1
30206,12686,3263.92,0
30207,8293,1128.91,0
30208,32259,3451.6,1
30209,26078,2563.01,1
30210,27173,4696.22,0
30211,23276,2901.12,1
30212,14192,1351.25,0
30213,31184,4912.44,0
30214,756,2497.44,1
30215,25021,2391.66,1
30216,28374,4848.29,0
30217,17162,4790.18,0
30218,11062,273.79,0
30219,20953,1337.78,1
30220,18291,468.05,0
30221,10096,886.78,0
30222,31700,4471.66,0
30223,14859,4101.67,1
30224,28163,549.42,1
30225,4996,1608.44,0
30226,29026,654.72,0
30227,34847,1899.49,1
30228,27540,4639.72,0
30229,25841,4338.31,1
30230,15546,2497.96,0
30231,6513,2347.61,0
30232,3831,3897.96,0
30233,16822,727.89,0
30234,14421,1735.99,0
30235,28222,4957.76,1
30236,31714,2941.82,1
30237,10686,295.46,0
30238,7281,2862.81,0
30239,16600,1112.09,0
30240,6423,3529.85,1
30241,33576,3723.28,0
30242,31708,993.11,1
30243,27265,2954.67,1
30244,6701,2696.05,1
30245,11070,4054.38,1
30246,29879,1675.18,0
30247,11766,3152.8,1
30248,31047,2566.31,1
30249,25086,2582.45,1
30250,30086,1798.34,0
30251,26758,293.14,1
30252,18277,3243.88,0
30253,28872,4206.08,0
30254,9938,2021.62,0
30255,24307,4817.68,1
30256,21932,3369.62,1
30257,15477,897.25,0
30258,19651,841.8,1
30259,24363,4951.6,0
30260,24348,1047.3,1
30261,8280,3394.33,0
30262,34322,4847.87,0
30263,28157,3837.52,1
30264,31765,1609.56,1
30265,9838,793.45,0
30266,31686,1840.44,0
30267,5651,224.89,0
30268,22956,3566.65,0
30269,26693,4178.0,1
30270,28553,2499.41,0
30271,21780,3054.6,1
30272,742,420.07,0
30273,27920,4903.08,1
30274,22619,2631.8,1
30275,16506,2847.61,1
30276,21502,898.0,1
30277,30362,965.2,1
30278,16427,3128.9,1
30279,8132,1635.41,0
30280,9523,4453.54,0
30281,13145,597.33,0
30282,30729,4497.49,1
30283,32442,4134.3,1
30284,23006,1375.27,0
30285,2710,202.68,1
30286,6503,323.15,1
30287,11991,2317.17,1
30288,27266,2781.25,1
30289,12489,3746.66,0
30290,9574,4717.74,1
30291,28384,887.93,1
30292,34126,2358.31,0
30293,23518,399.96,0
30294,17094,4297.09,0
30295,7235,1159.6,0
30296,23566,1313.43,0
30297,29238,1295.18,0
30298,683,3752.46,0
30299,28868,1820.78,0
30300,15201,3940.05,0
30301,2115,1529.99,0
30302,17797,2031.94,1
30303,925,4927.45,1
30304,33242,1784.17,0
30305,33821,4640.05,1
30306,8879,3537.5,0
30307,34393,1551.01,1
30308,20931,3459.58,1
30309,27186,3516.65,0
30310,27148,4190.77,1
30311,12127,3718.66,1
30312,11846,3581.84,0
30313,6069,3796.44,1
30314,21554,4271.76,0
30315,29112,3460.55,0
30316,8439,2573.93,0
30317,31206,3291.84,0
30318,2684,4284.73,1
30319,4583,135.7,1
30320,24385,311.68,1
30321,33414,2593.95,0
30322,2226,739.95,1
30323,10024,1516.61,1
30324,9518,2774.04,1
30325,8060,3452.18,1
30326,140,293.3,1
30327,13891,4507.25,1
30328,28357,1863.58,0
30329,6903,4275.92,1
30330,22037,311.77,0
30331,7258,2384.97,1
30332,27001,2963.03,1
30333,34635,4052.71,0
30334,9128,3075.76,1
30335,15629,1648.93,0
30336,20486,3300.84,0
30337,31606,4746.74,1
30338,33734,1124.77,0
30339,33006,4031.02,0
30340,19440,2527.54,1
30341,15451,2735.05,0
30342,25404,3271.06,1
30343,31152,4265.94,0
30344,6442,4477.43,0
30345,22367,3725.86,1
30346,5782,1223.15,0
30347,33039,3572.46,1
30348,30398,1500.1,0
30349,10022,4215.94,1
30350,11630,4169.51,1
30351,12607,3438.15,0
30352,4551,2440.96,1
30353,7786,3381.54,1
30354,32067,2703.57,0
30355,23049,1088.64,1
30356,28895,3238.57,0
30357,23519,3523.69,1
30358,5302,395.05,0
30359,17383,4521.66,1
30360,4743,1860.37,1
30361,25347,1275.38,1
30362,29174,2601.14,0
30363,22607,619.69,1
30364,2520,2273.03,1
30365,2622,3112.48,1
30366,27827,1506.77,0
30367,13585,291.63,1
30368,22767,3804.57,1
30369,32960,2448.91,1
30370,9858,4671.67,1
30371,29785,954.09,1
30372,29280,4372.08,1
30373,34376,1308.93,1
30374,10975,2367.99,0
30375,30064,1235.25,0
30376,19142,2999.99,1
30377,31405,2583.7,1
30378,11380,852.61,0
30379,18394,3438.9,1
30380,22848,3606.42,1
30381,18521,1187.39,0
30382,29059,2907.44,1
30383,19461,4075.93,0
30384,18539,4054.97,1
30385,24095,934.84,1
30386,31191,311.29,0
30387,17436,3490.77,0
30388,16092,1912.9,1
30389,21124,3311.32,0
30390,25703,2068.86,1
30391,7338,4997.43,1
30392,18635,2681.83,0
30393,32098,1871.75,1
30394,13634,2951.48,1
30395,9240,543.83,0
30396,18787,1747.96,0
30397,11388,3647.13,0
30398,26693,2337.46,0
30399,6504,3736.4,0
30400,11589,2377.45,1
30401,8858,4115.48,0
30402,16012,1388.72,0
30403,10376,490.12,0
30404,22273,4614.7,1
30405,5326,4059.22,0
30406,10989,3807.27,1
30407,17712,3025.3,1
30408,22573,1226.96,0
30409,16577,4786.34,0
30410,26456,3050.61,0
30411,20117,2656.62,0
30412,27319,1501.39,0
30413,2181,3767.75,0
30414,14567,2017.24,1
30415,30739,1340.22,0
30416,34650,3187.48,0
30417,19975,750.96,1
30418,17046,4029.24,1
30419,6312,2503.67,0
30420,5446,3701.87,0
30421,22555,1788.41,0
30422,2402,3148.01,0
30423,17391,1502.78,0
30424,20705,355.1,0
30425,11551,3372.93,1
30426,31141,4435.23,0
30427,15049,2778.49,0
30428,28678,528.27,1
30429,4551,572.11,1
30430,13806,3715.32,0
30431,3171,4332.97,0
30432,9834,4605.67,1
30433,5789,3674.84,0
30434,11984,2193.23,1
30435,33635,2020.18,1
30436,27792,1456.21,1
30437,3051,3426.73,0
30438,21008,1670.17,0
30439,32456,1863.81,1
30440,17783,1109.71,0
30441,1605,3937.39,0
30442,8451,4600.13,0
30443,3522,1618.13,1
30444,21925,2141.55,1
30445,32378,4427.66,1
30446,20705,1730.15,0
30447,31264,1553.29,0
30448,23477,3293.06,0
30449,17655,3671.38,0
30450,25853,202.38,1
30451,22068,1503.25,0
30452,9044,646.99,0
30453,14290,347.11,0
30454,28436,1250.09,1
30455,26638,337.1,1
30456,5271,2158.29,1
30457,17397,2265.95,0
30458,23424,3459.26,0
30459,9005,4523.65,0
30460,27546,4990.89,1
30461,23634,3266.5,1
30462,7474,1051.62,0
30463,18469,1773.05,0
30464,24556,3679.02,0
30465,11607,3312.06,0
30466,19138,3846.31,1
30467,10372,3935.98,1
30468,1972,1429.04,1
30469,25909,1727.9,0
30470,961,2040.18,1
30471,33700,2880.88,0
30472,28655,873.72,0
30473,10393,4649.11,0
30474,33152,3308.89,1
30475,13050,985.45,1
30476,3850,2518.76,1
30477,29775,2372.49,1
30478,24383,3203.48,0
30479,13395,1012.88,0
30480,6798,3129.12,0
30481,22017,4150.11,1
30482,22612,1646.94,1
30483,9509,3747.63,0
30484,9765,1514.79,1
30485,29719,116.46,1
30486,1737,2351.86,1
30487,7940,3632.28,1
30488,21347,471.24,0
30489,29281,2995.38,1
30490,17471,3991.5,1
30491,23361,3192.93,0
30492,965,2287.65,0
30493,16551,120.91,1
30494,31089,3516.74,0
30495,15684,3846.02,0
30496,11033,1604.6,0
30497,33236,2475.41,0
30498,30312,2376.93,1
30499,18421,985.59,0
30500,28287,2314.08,1
30501,9428,4659.43,1
30502,23513,1811.89,0
30503,26299,3716.49,0
30504,3986,2529.42,0
30505,25677,1218.77,1
30506,13881,4392.12,1
30507,13091,2460.51,1
30508,10010,1300.64,1
30509,28532,1381.36,1
30510,2031,174.36,0
30511,9031,176.69,0
30512,7729,887.36,1
30513,27079,4674.47,0
30514,31171,191.2,0
30515,19172,979.08,0
30516,25539,1838.64,0
30517,27973,1849.19,1
30518,21394,501.71,1
30519,18989,3259.63,1
30520,18736,2335.07,1
30521,21150,413.84,1
30522,34352,2401.85,0
30523,24451,4439.18,0
30524,20750,460.02,1
30525,32160,2295.18,1
30526,28574,3377.66,0
30527,32700,3683.37,1
30528,32633,3987.87,0
30529,30705,2388.74,1
30530,14893,3299.1,0
30531,24261,537.27,0
30532,7088,2883.19,1
30533,32903,2299.37,1
30534,2174,2709.77,0
30535,27768,2591.66,0
30536,30312,3011.7,0
30537,29369,4274.74,1
30538,28964,3059.53,1
30539,30266,1136.44,1
30540,19923,2498.12,1
30541,27865,3884.64,0
30542,30456,2558.13,1
30543,11717,3994.22,1
30544,32076,2810.99,1
30545,10348,4448.86,1
30546,15459,1566.1,1
30547,23412,2494.79,1
30548,33811,1554.83,0
30549,2875,1236.17,1
30550,33347,326.44,0
30551,21677,411.22,1
30552,1482,2422.55,1
30553,30944,2638.34,1
30554,3780,4564.98,1
30555,27460,4464.87,0
30556,5666,2290.88,0
30557,30188,1468.94,0
30558,8529,4496.66,1
30559,10717,2609.45,0
30560,17769,3886.4,0
30561,30378,2904.52,0
30562,24931,1320.61,0
30563,19487,1433.55,1
30564,34942,2271.81,1
30565,12140,2465.75,0
30566,10138,145.88,0
30567,9368,575.0,0
30568,8487,336.66,1
30569,1441,4850.74,1
30570,30703,3098.49,0
30571,2179,4774.35,0
30572,25529,718.54,1
30573,13971,2521.64,0
30574,9229,2537.59,1
30575,21169,3547.04,0
30576,11648,1333.84,1
30577,27593,3204.26,1
30578,15600,1396.92,0
30579,32242,1775.51,0
30580,26536,2792.58,0
30581,23721,501.23,1
30582,16300,2693.01,0
30583,6278,3241.02,0
30584,30536,4470.58,0
30585,16258,1337.83,1
30586,11156,1726.44,0
30587,28518,269.31,1
30588,18056,4578.52,0
30589,24507,1758.49,1
30590,7375,4757.02,1
30591,23531,2119.09,1
30592,31331,2369.95,1
30593,11343,1604.55,1
30594,1341,104.31,1
30595,32957,3466.69,0
30596,28967,332.15,1
30597,14935,1364.02,1
30598,12455,229.79,0
30599,932,4809.99,0
30600,7110,1386.11,1
30601,26910,818.72,1
30602,25643,586.83,1
30603,8165,3767.91,1
30604,25652,2260.52,0
30605,8254,4866.98,1
30606,11978,2206.21,1
30607,15115,3074.83,1
30608,19436,4892.58,0
30609,19504,2618.68,1
30610,14289,3194.07,0
30611,6826,1974.29,0
30612,26881,2979.73,1
30613,23893,4303.93,0
30614,32574,2671.25,1
30615,29372,2825.83,1
30616,27178,4870.79,0
30617,549,1828.14,1
30618,18863,1446.43,1
30619,25719,4572.82,1
30620,26939,825.43,1
30621,25374,3448.28,1
30622,16112,4256.7,1
30623,17824,4965.85,1
30624,31731,1194.68,1
30625,2620,2375.25,0
30626,27070,2984.81,1
30627,32562,3357.41,1
30628,15605,826.27,1
30629,11642,1065.88,0
30630,24815,206.57,0
30631,29955,2116.26,1
30632,20859,3533.2,0
30633,22879,1703.14,0
30634,14747,4232.86,1
30635,21479,1280.37,1
30636,9389,3959.52,1
30637,6731,2337.06,1
30638,8424,4658.69,1
30639,26682,3925.54,0
30640,21928,3114.45,1
30641,33076,2243.9,0
30642,29192,4764.92,0
30643,30365,4867.42,0
30644,6200,187.33,0
30645,3737,2250.27,0
30646,32756,944.89,1
30647,9827,678.31,0
30648,34620,649.5,1
30649,20021,755.11,1
30650,14588,1374.89,1
30651,22274,2490.13,1
30652,267,147.43,1
30653,11843,1824.21,0
30654,6644,2432.65,0
30655,23090,706.94,1
30656,9303,4774.97,0
30657,25906,930.76,1
30658,7342,4714.05,0
30659,8976,1771.38,1
30660,26397,1617.88,0
30661,3043,4082.12,1
30662,7540,3213.32,0
30663,6877,1851.47,1
30664,9083,3027.38,1
30665,5903,2370.78,1
30666,1017,2255.74,0
30667,23503,3249.87,0
30668,18524,819.25,0
30669,7860,2659.94,0
30670,3352,1171.52,0
30671,19211,3483.72,0
30672,7669,2874.36,0
30673,5489,4171.4,1
30674,30205,968.39,1
30675,17062,2290.14,1
30676,10357,1450.58,1
30677,26691,4397.17,0
30678,9859,2630.93,0
30679,2990,3641.89,1
30680,2433,4625.51,1
30681,11940,2123.06,0
30682,17698,430.85,1
30683,25980,3625.49,1
30684,24980,4205.11,0
30685,8019,342.53,0
30686,6523,3808.6,1
30687,1964,1055.17,0
30688,21249,4358.93,0
30689,30728,1253.86,0
30690,30558,3157.84,1
30691,30870,4327.69,1
30692,28392,4193.73,1
30693,20532,1795.23,0
30694,6512,3444.19,1
30695,25279,2091.84,0
30696,5352,2118.37,1
30697,33204,2080.09,1
30698,32132,4525.95,1
30699,17727,565.32,1
30700,5842,4898.19,1
30701,11480,2783.64,1
30702,32369,1980.82,0
30703,32570,2262.1,0
30704,32191,572.35,0
30705,9214,333.65,1
30706,12563,2933.41,0
30707,20350,1040.04,0
30708,8599,2670.51,0
30709,5612,4141.14,1
30710,22786,850.3,0
30711,13691,3700.49,1
30712,11840,4004.12,1
30713,3713,2880.31,1
30714,9939,2922.85,1
30715,6288,4466.33,1
30716,8962,4556.87,0
30717,21034,2658.93,1
30718,21986,4679.71,0
30719,25229,2772.32,1
30720,32345,1746.59,0
30721,11183,2320.25,0
30722,1484,3913.48,1
30723,34608,3563.56,1
30724,34151,4813.4,1
30725,22160,3138.13,1
30726,30455,4152.53,0
30727,20494,2394.99,0
30728,30091,1376.42,0
30729,8755,2845.87,1
30730,6795,174.04,0
30731,28154,2324.62,1
30732,9908,1591.93,1
30733,18050,532.95,0
30734,21425,645.73,1
30735,1921,4498.3,1
30736,31512,3390.86,1
30737,18717,1606.37,0
30738,13400,4994.53,1
30739,10788,1699.98,0
30740,16220,4108.74,1
30741,17281,4799.39,1
30742,24518,1298.16,1
30743,16737,253.9,0
30744,920,3993.9,1
30745,3677,3766.26,1
30746,27985,1943.65,0
30747,32131,1487.61,0
30748,15422,647.84,1
30749,6959,2994.52,0
30750,6542,2797.81,0
30751,20106,3945.62,1
30752,28569,4603.61,0
30753,19106,4419.92,0
30754,23192,344.67,1
30755,13545,4843.12,0
30756,26021,979.77,0
30757,2027,1205.54,1
30758,6537,1693.71,0
30759,23403,1000.93,0
30760,13851,3638.48,1
30761,11625,1236.67,0
30762,6569,955.19,0
30763,28751,943.67,1
30764,30191,3435.12,0
30765,25593,892.84,0
30766,24592,3657.67,1
30767,23949,4781.11,0
30768,1866,1109.87,0
30769,12981,4503.18,0
30770,34699,3124.44,1
30771,7411,4631.97,1
30772,7514,4241.97,1
30773,27195,2477.83,0
30774,6826,1804.38,0
30775,22766,2998.6,0
30776,6624,1890.67,1
30777,16871,1909.22,0
30778,18095,882.13,0
30779,31087,2492.5,0
30780,19937,3790.59,0
30781,28380,3853.19,0
30782,4636,3151.06,0
30783,25061,952.39,0
30784,12069,205.39,0
30785,31750,3019.16,1
30786,10608,3391.12,1
30787,6021,625.98,1
30788,15815,121.05,0
30789,5722,1256.12,0
30790,26638,1739.57,0
30791,5422,4641.83,1
30792,27387,3117.92,0
30793,12656,332.67,1
30794,4600,1684.34,1
30795,12544,3775.16,1
30796,9447,3396.9,0
30797,6836,1972.73,0
30798,10621,2221.86,0
30799,3125,2470.8,1
30800,25816,4318.9,0
30801,17652,4180.96,0
30802,18377,608.01,0
30803,742,1417.16,1
30804,12284,1660.11,0
30805,5597,3536.55,1
30806,11952,2098.71,1
30807,3142,4553.65,0
30808,34129,4645.31,0
30809,30009,1451.4,1
30810,32086,1608.71,1
30811,713,443.93,0
30812,31155,2812.98,1
30813,5553,2324.22,0
30814,24581,3862.24,1
30815,12617,1936.74,0
30816,8433,4490.73,0
30817,6149,1269.9,0
30818,10036,734.49,1
30819,21773,1725.29,0
30820,2240,3168.28,1
30821,18027,2729.19,0
30822,24762,234.68,0
30823,7327,3776.68,1
30824,7880,1489.0,1
30825,24442,4707.11,0
30826,21141,994.96,0
30827,13863,1470.65,0
30828,16370,2009.97,0
30829,27632,2349.49,0
30830,24701,1293.25,0
30831,6101,3452.59,0
30832,2137,4983.95,0
30833,27063,2299.56,1
30834,9876,4151.87,0
30835,23944,4373.17,0
30836,23012,1421.83,0
30837,33781,149.87,0
30838,3698,339.75,1
30839,24778,1715.16,0
30840,32251,2603.55,0
30841,18262,3625.2,0
30842,3184,2172.12,0
30843,15750,4455.34,1
30844,31409,927.12,0
30845,14026,264.65,0
30846,26632,3224.13,0
30847,10551,3049.99,0
30848,4723,3440.65,1
30849,29385,3730.18,0
30850,350,2359.26,0
30851,8713,4410.77,1
30852,2616,1669.12,1
30853,27627,2180.64,1
30854,23330,2279.64,0
30855,17331,1562.3,1
30856,30703,3087.22,0
30857,2925,897.8,0
30858,21462,2588.1,1
30859,22953,730.66,0
30860,13615,2786.33,1
30861,9333,2490.01,1
30862,14027,4886.64,1
30863,33523,1055.64,1
30864,26007,575.2,0
30865,19781,4064.05,0
30866,29010,1401.08,0
30867,19466,4044.73,1
30868,21777,1041.06,1
30869,22410,601.24,1
30870,23129,914.97,1
30871,18976,1382.7,1
30872,282,1219.76,0
30873,6691,3557.01,1
30874,21557,833.2,1
30875,28752,308.68,1
30876,25538,2582.69,0
30877,8954,943.8,1
30878,14208,786.63,1
30879,21431,4572.96,1
30880,30254,2049.88,1
30881,31255,3151.7,1
30882,12602,1796.7,1
30883,14518,1332.9,0
30884,32412,443.1,0
30885,15468,4632.63,1
30886,33114,3849.16,1
30887,9457,2148.4,1
30888,3855,4197.57,0
30889,26482,521.48,0
30890,3259,1893.23,1
30891,23412,3496.32,1
30892,32493,3775.48,0
30893,10368,4315.73,1
30894,25453,2172.4,0
30895,22545,2426.59,1
30896,22555,3686.01,1
30897,17815,4012.53,0
30898,13310,4075.73,1
30899,32186,2567.01,0
30900,11014,1583.08,0
30901,19745,4889.75,1
30902,2470,3921.43,0
30903,26976,3706.55,0
30904,476,4807.34,0
30905,17105,124.79,0
30906,24466,2951.21,1
30907,12415,1536.08,1
30908,16082,1022.15,1
30909,28458,3847.33,0
30910,20279,1322.86,1
30911,32568,4152.0,0
30912,23298,3651.89,1
30913,12375,1930.99,1
30914,7128,2773.48,1
30915,1920,2567.24,0
30916,12192,1357.39,0
30917,27302,3475.34,0
30918,7632,4184.52,1
30919,18449,1844.81,0
30920,218,1174.36,0
30921,6522,4632.66,1
30922,30597,3724.3,0
30923,9615,777.66,1
30924,29284,1799.08,1
30925,28308,4723.38,0
30926,15337,2188.0,1
30927,32245,1419.59,0
30928,24278,3226.29,1
30929,30922,363.77,0
30930,20735,2782.38,0
30931,9806,1091.62,0
30932,14987,4555.49,1
30933,2883,2297.01,1
30934,27008,3690.54,1
30935,6634,2526.33,0
30936,443,4982.47,0
30937,5553,1052.02,1
30938,28715,2523.86,1
30939,4306,1148.69,0
30940,19013,607.73,0
30941,797,4473.6,1
30942,17093,2217.88,1
30943,34321,3154.58,1
30944,8621,2925.13,1
30945,28830,1760.57,0
30946,7242,914.7,0
30947,31214,3056.4,0
30948,7368,3550.36,1
30949,32801,3489.81,0
30950,7413,2757.63,1
30951,7164,1650.44,1
30952,4547,4737.45,1
30953,11478,1928.36,1
30954,3515,3575.91,0
30955,31452,580.62,1
30956,10570,1309.99,1
30957,25442,1287.19,1
30958,32301,3407.0,0
30959,32953,4031.76,0
30960,31027,4954.04,0
30961,34347,2935.97,0
30962,25341,1872.86,0
30963,18901,1041.36,1
30964,3876,2159.58,1
30965,7532,4705.4,0
30966,30786,1935.32,1
30967,20155,4634.93,1
30968,55,565.22,1
30969,17948,1408.09,1
30970,16193,4145.98,0
30971,26982,1521.38,1
30972,14138,3636.57,1
30973,8542,1980.09,1
30974,1565,353.77,0
30975,24362,436.35,1
30976,21748,3924.32,1
30977,8356,3254.3,1
30978,22245,2696.05,1
30979,18334,987.28,1
30980,29941,4858.32,1
30981,8350,4144.79,1
30982,21855,2578.09,0
30983,2523,3581.36,0
30984,7628,4693.52,1
30985,18270,2648.35,0
30986,24315,3840.53,0
30987,16770,4636.65,1
30988,15652,1728.36,0
30989,16534,3734.89,0
30990,34156,2696.52,1
30991,29134,3548.7,0
30992,8271,4418.95,1
30993,12692,2071.12,1
30994,9535,3787.11,1
30995,14290,1504.24,1
30996,25521,3274.38,0
30997,30190,1672.76,0
30998,4348,4006.81,0
30999,3494,595.65,1
31000,12286,2419.63,0
31001,3277,3631.38,1
31002,1179,2763.61,0
31003,30748,2583.95,1
31004,559,2045.58,1
31005,33384,3078.14,0
31006,27658,725.2,0
31007,13799,252.08,0
31008,8131,1568.45,0
31009,15034,489.8,0
31010,32139,3909.74,0
31011,3709,442.45,1
31012,23405,3239.97,1
31013,18230,1371.69,0
31014,217,4772.12,0
31015,5793,140.65,1
31016,12821,3079.04,0
31017,16355,4896.36,0
31018,8580,4733.34,1
31019,31863,1350.72,1
31020,5833,1814.44,0
31021,26603,657.63,1
31022,14883,3634.79,1
31023,21021,2109.81,1
31024,28370,4280.37,0
31025,3251,4319.53,1
31026,15500,920.27,1
31027,34191,1631.19,1
31028,32216,3448.24,0
31029,19306,2059.17,0
31030,10834,581.44,1
31031,4368,2741.95,1
31032,26338,3981.1,1
31033,12439,3082.29,0
31034,20026,2444.76,0
31035,24406,1846.56,0
31036,25307,3201.61,1
31037,13513,4641.64,1
31038,28227,1037.55,1
31039,9010,317.79,0
31040,22699,2373.4,1
31041,9887,2303.9,1
31042,2838,1733.12,0
31043,19285,3038.65,1
31044,18616,661.74,0
31045,7992,1737.48,0
31046,21536,2217.26,0
31047,19869,4977.68,0
31048,3224,3956.99,0
31049,28496,1941.87,0
31050,19979,4487.86,1
31051,9783,1767.99,0
31052,28037,826.57,0
31053,23181,2833.83,1
31054,17913,3561.61,0
31055,33066,4653.95,0
31056,3917,3900.84,1
31057,34868,245.16,1
31058,14646,1491.92,0
31059,14760,2144.34,1
31060,10193,3083.8,0
31061,24696,2141.32,1
31062,32030,1799.73,0
31063,11685,4149.48,1
31064,625,2316.73,0
31065,85,4192.34,1
31066,1151,3835.61,1
31067,17987,2404.81,1
31068,28019,603.68,1
31069,27018,3315.9,0
31070,33811,3111.68,1
31071,1027,2334.41,1
31072,26259,3373.33,1
31073,3413,686.87,1
31074,31621,2203.06,0
31075,28513,1004.6,0
31076,8303,4233.56,0
31077,28636,3767.88,1
31078,17235,1889.69,0
31079,25794,3150.06,0
31080,27149,1485.94,0
31081,10493,2134.58,0
31082,28884,3395.79,1
31083,847,1897.25,0
31084,200,159.9,1
31085,17320,2253.35,1
31086,5178,1132.88,0
31087,596,2652.25,1
31088,8571,3537.52,0
31089,23821,3809.45,1
31090,13872,1912.87,0
31091,20704,1969.1,1
31092,22576,3731.23,1
31093,2586,3037.95,0
31094,25123,1370.6,1
31095,16711,1403.2,0
31096,31470,2705.24,1
31097,27184,3746.3,1
31098,33908,3776.62,0
31099,27237,1791.27,0
31100,34715,922.57,1
31101,17207,1316.3,0
31102,18351,2040.91,1
31103,33786,2096.17,1
31104,14822,794.45,0
31105,17941,4730.86,1
31106,21449,2013.33,0
31107,15483,2402.01,1
31108,1879,1227.01,0
31109,2428,3143.23,0
31110,2676,892.95,0
31111,527,1860.63,1
31112,6889,3364.17,0
31113,11369,412.85,1
31114,19953,3114.47,0
31115,2110,257.1,1
31116,2189,4778.42,1
31117,34119,4291.5,1
31118,11729,776.15,0
31119,22166,1662.91,0
31120,31601,715.12,0
31121,18995,4327.02,1
31122,26790,1399.52,1
31123,1778,4496.47,1
31124,9246,4144.46,1
31125,8871,4512.36,0
31126,30112,957.59,1
31127,25695,1663.83,1
31128,33883,4399.37,0
31129,1375,4658.35,0
31130,20110,2937.75,0
31131,23415,1491.04,0
31132,31313,828.18,1
31133,29401,2972.72,0
31134,2913,3932.94,1
31135,13258,4169.69,1
31136,14088,4924.37,0
31137,18130,2961.36,1
31138,6706,4175.4,0
31139,24611,4148.75,0
31140,24012,2956.1,1
31141,13555,2107.88,1
31142,24380,2668.55,0
31143,25251,4393.24,1
31144,12073,2708.06,0
31145,24068,2969.95,0
31146,8658,839.36,1
31147,14948,272.52,0
31148,11545,3574.41,0
31149,10870,1581.55,1
31150,4258,2365.18,0
31151,31573,3416.34,0
31152,3867,4624.48,1
31153,12180,4654.09,0
31154,11004,4038.84,0
31155,98,3641.53,1
31156,19225,3892.52,0
31157,621,1184.04,1
31158,23570,247.09,0
31159,13793,845.3,1
31160,27073,3050.02,1
31161,15165,3263.17,0
31162,30594,896.07,0
31163,24194,4769.84,0
31164,15222,469.85,0
31165,22263,2575.44,1
31166,6253,3087.82,1
31167,29712,3411.35,0
31168,13456,1672.34,1
31169,2113,1814.07,1
31170,10842,3935.89,0
31171,17158,4895.38,0
31172,24053,3962.06,1
31173,28086,1445.41,0
31174,7468,632.84,0
31175,2176,125.75,1
31176,6286,4986.47,0
31177,8898,2105.97,0
31178,5550,170.58,0
31179,7320,3882.12,0
31180,28885,349.49,1
31181,5314,222.26,1
31182,22093,2005.52,0
31183,4733,3200.86,0
31184,7288,3535.63,0
31185,9394,3686.15,1
31186,34566,3338.21,0
31187,21094,4443.8,0
31188,31790,1722.0,1
31189,11762,4032.87,0
31190,18808,4025.12,0
31191,19625,3073.73,1
31192,7031,2154.31,0
31193,29790,3965.1,0
31194,21946,4089.62,1
31195,10474,1452.84,0
31196,21085,423.2,1
31197,31559,2234.68,0
31198,11589,2389.88,1
31199,2512,491.2,1
31200,2727,492.41,0
31201,25511,150.22,1
31202,23957,812.92,1
31203,26461,2981.43,1
31204,28286,4101.48,1
31205,34645,2904.94,0
31206,6987,1039.13,0
31207,21711,2659.67,1
31208,19568,4801.24,0
31209,28111,2930.19,0
31210,5056,2060.03,1
31211,29857,4102.58,0
31212,2876,813.04,0
31213,12482,334.7,0
31214,27217,3301.91,1
31215,29205,1602.35,0
31216,8429,106.49,1
31217,14075,3265.4,0
31218,19880,4791.25,0
31219,19197,1050.48,0
31220,34733,1037.56,1
31221,19804,4547.35,0
31222,6684,4938.08,1
31223,1270,4221.29,1
31224,6179,954.54,0
31225,14773,331.93,1
31226,22434,925.25,0
31227,21662,1857.13,0
31228,15984,3884.74,0
31229,26612,3308.96,0
31230,28188,3767.62,0
31231,28646,1414.95,0
31232,2568,4515.19,0
31233,4632,3662.99,1
31234,10466,2111.62,1
31235,34354,1525.82,1
31236,14942,2445.73,1
31237,12205,2135.57,1
31238,172,2366.26,0
31239,19245,1490.66,1
31240,5790,2737.6,1
31241,26987,3012.41,0
31242,12275,4241.25,1
31243,7490,3892.94,0
31244,3904,1303.9,0
31245,34241,4190.15,0
31246,30389,575.15,1
31247,7543,2100.61,0
31248,10897,3749.98,0
31249,998,4204.93,0
31250,26189,3888.25,1
31251,10835,1765.59,1
31252,5885,2163.04,1
31253,20032,999.35,0
31254,6593,3867.88,0
31255,10109,1686.33,1
31256,33058,3955.58,1
31257,26600,272.41,0
31258,542,1461.77,0
31259,22811,2148.07,0
31260,5867,2102.36,0
31261,22596,1602.22,0
31262,20319,2320.42,1
31263,3304,1876.99,0
31264,14844,3112.13,0
31265,16416,1409.79,1
31266,32208,2308.44,0
31267,23639,475.84,0
31268,2897,1579.73,1
31269,33622,780.54,1
31270,21213,3366.33,1
31271,2163,1528.17,0
31272,31371,2649.59,1
31273,29098,851.64,0
31274,16657,3078.88,0
31275,27518,3817.54,1
31276,19707,2705.61,0
31277,6582,2945.72,0
31278,14626,1835.82,0
31279,16308,4816.19,0
31280,23448,2816.16,1
31281,29160,3731.87,1
31282,21175,4981.96,0
31283,22441,3019.46,0
31284,2687,359.5,0
31285,33305,1474.59,1
31286,14190,1364.83,1
31287,11111,482.3,0
31288,8351,3516.77,0
31289,12790,374.0,0
31290,24556,1363.99,0
31291,13331,729.47,0
31292,24650,528.58,0
31293,167,995.13,1
31294,11373,994.16,1
31295,30879,3191.75,0
31296,28237,815.35,1
31297,27206,4463.33,0
31298,8689,2329.97,1
31299,7680,3765.48,1
31300,3303,2335.15,0
31301,3968,4715.65,1
31302,13680,3032.55,0
31303,6125,2170.9,0
31304,8830,3256.14,1
31305,27268,2666.68,0
31306,14191,3506.54,0
31307,33881,2835.52,0
31308,8335,1166.61,1
31309,20854,803.5,0
31310,3887,1371.12,1
31311,4773,2774.36,1
31312,2418,3919.83,1
31313,16815,2017.87,1
31314,11453,3670.2,0
31315,3226,1586.39,1
31316,3938,1333.0,0
31317,11861,3153.51,0
31318,23223,2908.01,1
31319,7631,2875.23,0
31320,28799,395.39,0
31321,11580,1624.16,1
31322,16523,2419.18,0
31323,28618,771.23,1
31324,3387,4618.37,1
31325,16850,280.81,0
31326,5598,1757.58,0
31327,21733,2306.28,0
31328,31788,718.7,1
31329,25422,134.49,1
31330,29785,1125.13,1
31331,15018,4098.54,0
31332,6820,2120.03,1
31333,11846,3847.41,1
31334,17201,2364.16,0
31335,5726,2377.41,1
31336,14018,4592.25,1
31337,3680,3381.19,1
31338,14265,4375.8,1
31339,8179,1415.94,0
31340,18508,3079.29,1
31341,11846,2388.95,1
31342,9063,4307.39,1
31343,2064,242.26,0
31344,3998,1700.11,0
31345,8055,773.57,0
31346,10838,1875.91,0
31347,17,2814.23,0
31348,3417,3932.28,0
31349,25800,4225.03,0
31350,14553,2752.18,1
31351,25042,1544.45,1
31352,7962,2565.41,0
31353,26506,2906.46,0
31354,4413,4549.89,1
31355,8307,3482.37,0
31356,7957,4010.24,0
31357,22697,4486.73,1
31358,247,3703.03,1
31359,8375,1431.69,1
31360,31696,4087.28,1
31361,2753,4344.14,1
31362,9207,252.23,1
31363,5873,4415.39,1
31364,3257,3954.01,0
31365,19747,1634.99,1
31366,16408,644.4,0
31367,18860,890.14,0
31368,23540,2313.42,0
31369,27726,4394.75,0
31370,34190,3815.72,0
31371,7014,1651.74,0
31372,26812,1155.12,0
31373,17325,2974.45,1
31374,4459,1719.51,0
31375,14833,2860.14,1
31376,727,345.26,0
31377,6691,1379.17,1
31378,13699,3984.97,0
31379,11969,4072.97,1
31380,23654,881.63,0
31381,32498,2203.41,1
31382,1910,4433.36,1
31383,26904,1890.26,0
31384,8131,4903.62,0
31385,30389,4655.61,0
31386,1828,1140.94,1
31387,24772,4687.44,0
31388,29334,961.45,1
31389,24294,4873.88,0
31390,33110,2484.6,1
31391,24658,2202.13,1
31392,1445,697.13,0
31393,8106,324.34,1
31394,8246,251.6,0
31395,23186,4227.43,1
31396,26876,2873.42,1
31397,24284,2832.4,0
31398,24951,3288.51,0
31399,6418,3985.89,0
31400,33898,1541.74,0
31401,1753,3571.58,1
31402,25345,1510.84,1
31403,14252,2241.41,0
31404,29833,4346.9,1
31405,8683,4005.85,0
31406,6421,2375.67,0
31407,14573,4760.15,1
31408,8730,1631.47,1
31409,9070,4226.62,1
31410,13913,1040.9,1
31411,3190,4635.0,0
31412,14763,1804.07,0
31413,31408,1326.77,1
31414,11788,2701.34,1
31415,26598,3045.52,0
31416,20721,2682.68,1
31417,24579,2295.0,1
31418,19419,4828.64,0
31419,14660,2088.13,1
31420,14622,1076.54,0
31421,13759,3662.83,0
31422,20337,565.07,0
31423,17239,2572.4,1
31424,22468,3139.73,1
31425,27781,3407.83,1
31426,34107,2200.97,0
31427,27137,2022.37,0
31428,16762,2812.88,0
31429,33414,2048.24,1
31430,23713,2519.64,0
31431,27662,4834.34,0
31432,31972,324.0,1
31433,17863,4637.36,1
31434,32936,2891.85,0
31435,3125,2247.94,1
31436,3529,464.01,1
31437,17767,2268.6,0
31438,21633,740.79,1
31439,34819,2649.96,1
31440,14906,421.77,1
31441,4196,4520.81,0
31442,29801,2432.37,0
31443,10931,4505.78,0
31444,15409,782.62,1
31445,9032,4313.69,1
31446,12737,560.71,0
31447,27039,969.39,1
31448,29876,2346.5,1
31449,16790,3476.33,0
31450,6942,4109.68,1
31451,4824,2686.63,0
31452,12462,2744.8,0
31453,20734,1818.26,1
31454,24423,2289.77,0
31455,14345,2992.79,0
31456,11993,2435.35,0
31457,21807,669.19,0
31458,22150,3404.85,1
31459,12203,1852.88,1
31460,33640,3577.8,1
31461,24583,4481.62,0
31462,18128,4842.58,1
31463,18562,1663.6,0
31464,836,3017.53,0
31465,10969,2146.46,0
31466,6056,1291.35,0
31467,6072,2313.18,1
31468,16516,1073.76,0
31469,16681,4774.96,1
31470,22735,3363.23,0
31471,26318,548.33,0
31472,28125,3128.54,1
31473,15166,2438.2,1
31474,26250,1267.06,0
31475,20401,3282.25,0
31476,9038,2653.67,0
31477,14050,3496.3,0
31478,17829,3172.42,0
31479,28818,4396.2,1
31480,8958,4036.59,0
31481,31208,1479.02,1
31482,7618,4716.64,1
31483,7530,1878.39,0
31484,15543,1525.65,1
31485,30401,146.79,0
31486,24697,1508.8,0
31487,449,1876.89,1
31488,8909,4628.2,0
31489,33519,2028.68,1
31490,51,4208.27,0
31491,14257,1844.77,0
31492,22400,1498.72,0
31493,7881,4022.62,1
31494,24704,2083.47,1
31495,8283,985.19,0
31496,6889,1925.62,0
31497,6307,1670.3,0
31498,27360,4165.95,1
31499,30919,735.99,0
31500,15585,774.66,1
31501,169,1231.01,0
31502,31607,4199.2,0
31503,11909,4004.34,1
31504,25832,4156.31,0
31505,21852,1192.7,1
31506,32591,445.69,0
31507,11135,2760.65,0
31508,11484,1174.34,0
31509,14204,3653.6,0
31510,29490,3268.0,0
31511,34672,3029.06,0
31512,10364,3767.98,1
31513,4215,1603.73,1
31514,1043,3946.51,1
31515,19347,1506.26,1
31516,4820,1368.3,0
31517,23566,375.17,1
31518,11670,4279.84,1
31519,1567,605.63,1
31520,8608,4123.27,1
31521,785,4333.83,1
31522,4570,4303.52,1
31523,29052,2305.16,0
31524,10020,550.75,0
31525,13846,3128.03,1
31526,32417,1682.41,0
31527,1625,4548.24,0
31528,13786,3030.11,0
31529,8628,428.24,1
31530,21206,1974.52,1
31531,1436,3081.36,0
31532,32010,4413.6,0
31533,22894,2921.87,0
31534,29964,4036.88,1
31535,5558,1344.29,0
31536,9853,2549.53,1
31537,14823,4124.66,0
31538,29197,4165.72,1
31539,10927,1265.29,0
31540,30182,579.94,0
31541,27004,3284.15,0
31542,19148,3454.46,1
31543,5288,1281.95,0
31544,17208,1114.81,0
31545,9149,488.41,1
31546,18837,4668.87,1
31547,17119,2236.63,0
31548,4735,2205.23,0
31549,28770,1309.98,1
31550,3478,4318.85,1
31551,21549,2040.69,0
31552,33440,2415.66,1
31553,19330,4154.73,1
31554,18374,698.29,1
31555,34921,3821.27,0
31556,20751,549.17,1
31557,22308,2725.22,1
31558,20722,3069.62,1
31559,3915,3097.43,0
31560,7286,2932.22,1
31561,27185,2196.57,1
31562,34622,2638.58,1
31563,1150,4828.45,0
31564,21771,4431.04,1
31565,33854,122.48,1
31566,3546,763.31,1
31567,15463,1186.54,0
31568,26184,774.23,0
31569,21215,1512.4,0
31570,33675,2130.18,1
31571,9169,4825.46,0
31572,4196,3070.81,1
31573,17028,4572.25,0
31574,1831,2556.5,1
31575,32275,3551.67,0
31576,1142,4605.22,0
31577,15233,166.44,1
31578,2103,4259.89,1
31579,24975,890.21,0
31580,8166,3987.74,0
31581,34823,1647.26,0
31582,13917,3805.09,0
31583,24478,3165.43,1
31584,9843,157.71,0
31585,9022,2335.75,1
31586,10770,3786.97,0
31587,15493,4051.39,1
31588,3313,4902.2,0
31589,16860,546.95,1
31590,19880,492.57,0
31591,3985,3691.25,1
31592,18439,144.45,0
31593,20780,1298.05,1
31594,4857,4788.65,1
31595,26296,2327.2,1
31596,19740,2386.88,0
31597,10715,2959.93,1
31598,29439,683.8,0
31599,13736,2440.08,0
31600,2669,4902.65,0
31601,16169,578.75,1
31602,28215,2698.37,0
31603,28048,3483.1,0
31604,2344,3219.81,0
31605,16513,2943.45,0
31606,20519,3760.81,1
31607,13961,4555.99,0
31608,22354,1004.4,0
31609,30307,2748.1,0
31610,17336,3700.1,1
31611,26999,2443.68,0
31612,22208,3106.98,0
31613,6739,155.08,1
31614,1374,4315.6,1
31615,26363,4138.87,0
31616,8606,1571.03,0
31617,1215,1855.07,0
31618,34255,2680.26,1
31619,23111,430.08,1
31620,16660,592.34,0
31621,9927,653.98,1
31622,8150,2800.91,0
31623,27245,1357.65,1
31624,30589,2268.57,0
31625,23823,3746.96,1
31626,14940,1702.97,1
31627,2376,3430.6,1
31628,22094,4404.17,1
31629,30277,217.12,1
31630,29052,2703.47,0
31631,18670,3956.85,1
31632,1425,1265.46,1
31633,10900,1544.79,1
31634,2719,2020.38,0
31635,28342,2954.16,1
31636,24018,3226.98,1
31637,23994,4647.07,0
31638,25397,643.75,0
31639,6908,1000.64,1
31640,24390,3272.86,1
31641,3448,2939.55,0
31642,23337,108.69,1
31643,11744,219.87,0
31644,9974,3168.33,0
31645,1541,3043.3,0
31646,2485,1354.91,0
31647,3293,4551.68,0
31648,13069,2138.77,1
31649,13910,2408.36,0
31650,28128,2406.05,1
31651,25846,546.12,0
31652,34031,762.49,0
31653,23952,3371.66,1
31654,10790,1542.54,1
31655,5167,1848.91,1
31656,31883,2990.62,1
31657,12084,1684.02,1
31658,5842,2915.85,1
31659,5703,3320.55,1
31660,28781,490.98,1
31661,10975,1435.51,1
31662,14248,1485.97,1
31663,22028,3036.14,1
31664,7652,2922.95,0
31665,21557,2338.35,0
31666,18263,3247.98,1
31667,4100,3058.88,1
31668,13197,4570.06,1
31669,796,2448.31,0
31670,17779,2467.14,1
31671,21999,4614.21,0
31672,29803,4090.84,0
31673,33265,3732.41,0
31674,9031,3826.91,1
31675,15098,3310.97,1
31676,33155,796.77,0
31677,15202,305.66,1
31678,21931,3472.75,1
31679,9249,3655.96,1
31680,22754,3292.94,0
31681,6576,2463.35,0
31682,747,306.01,0
31683,24305,3260.31,1
31684,12133,4662.8,1
31685,2450,2480.7,0
31686,3075,457.27,0
31687,17690,195.98,1
31688,20831,3754.86,1
31689,23449,4576.21,0
31690,30267,2691.84,1
31691,10266,1859.33,0
31692,23842,416.88,1
31693,9654,4310.01,0
31694,14235,788.29,1
31695,16028,2159.43,0
31696,15313,4055.19,1
31697,23697,4333.31,0
31698,5817,3158.69,0
31699,28723,3774.63,0
31700,28445,2371.15,0
31701,12655,4334.33,0
31702,10036,4853.6,1
31703,7528,1192.72,1
31704,33189,3554.98,1
31705,22745,2307.59,1
31706,2563,1439.73,0
31707,7785,3318.03,1
31708,3091,3652.13,1
31709,9970,1100.96,0
31710,17628,1996.95,1
31711,24357,2946.55,0
31712,22469,3484.67,1
31713,32067,2691.78,1
31714,28137,236.23,0
31715,29095,1215.82,0
31716,10324,1561.12,0
31717,15940,1436.23,0
31718,12636,408.56,0
31719,11625,2856.18,1
31720,3864,2405.71,0
31721,5089,3212.86,0
31722,388,3180.32,0
31723,15156,2461.42,0
31724,6390,395.24,1
31725,28876,3303.55,0
31726,29657,259.87,0
31727,34903,1711.39,1
31728,32770,2703.68,0
31729,17440,2785.13,1
31730,21839,2495.03,0
31731,26613,356.94,1
31732,25277,2163.76,1
31733,7348,2978.04,1
31734,8485,4486.89,1
31735,3077,3529.15,1
31736,12157,523.37,1
31737,28926,4160.9,0
31738,24144,4881.18,1
31739,12695,3755.25,1
31740,34114,1627.31,1
31741,7441,4755.34,0
31742,22195,1133.78,1
31743,10902,3684.64,1
31744,15332,2371.89,1
31745,22536,4460.54,0
31746,28203,3985.3,0
31747,18227,3508.82,1
31748,23528,4026.7,0
31749,2060,1602.84,1
31750,9308,3093.42,1
31751,18904,299.59,1
31752,31073,560.3,0
31753,22960,2104.3,1
31754,21828,3431.31,0
31755,13113,802.61,1
31756,3919,4703.53,1
31757,23389,4792.83,1
31758,20029,4601.46,0
31759,25534,2202.02,1
31760,15037,1212.05,1
31761,3193,3024.11,1
31762,16942,1622.99,0
31763,32183,4051.93,1
31764,26369,254.12,0
31765,15698,2135.3,0
31766,24903,946.41,1
31767,30087,1023.76,1
31768,18804,4482.05,0
31769,3758,3755.86,1
31770,21255,3139.59,0
31771,1943,4586.18,0
31772,22851,1330.9,0
31773,4701,2688.17,1
31774,1650,3854.8,1
31775,24795,4475.4,0
31776,32426,3454.77,0
31777,18395,3236.16,0
31778,20957,1116.09,1
31779,15848,2991.15,0
31780,12293,276.99,0
31781,27969,3565.73,1
31782,14442,1410.43,1
31783,310,4043.2,0
31784,8887,1096.17,1
31785,34118,408.99,1
31786,32333,3370.92,0
31787,13699,4147.29,1
31788,24935,449.28,0
31789,30527,4332.32,1
31790,8235,3539.67,1
31791,10877,4255.57,0
31792,10928,4534.59,0
31793,14804,3222.71,1
31794,31250,2552.8,0
31795,32308,2737.71,1
31796,27345,3496.27,0
31797,11576,217.31,0
31798,3337,3712.33,0
31799,32357,2239.05,0
31800,32641,3973.02,1
31801,10009,1016.91,0
31802,12609,3045.73,1
31803,9269,3555.45,1
31804,4576,3604.91,1
31805,16564,4326.33,1
31806,10046,3244.65,0
31807,31296,3028.88,0
31808,11816,314.33,1
31809,15196,2539.93,0
31810,30447,4408.56,0
31811,22447,2570.02,1
31812,2459,4657.36,0
31813,17808,989.34,1
31814,34714,1252.12,0
31815,11178,2993.66,0
31816,31800,4686.58,0
31817,8084,323.83,1
31818,31281,1820.17,1
31819,2904,585.9,0
31820,12993,631.91,1
31821,20193,3371.95,0
31822,6727,1237.63,0
31823,4663,358.55,1
31824,26306,1742.24,1
31825,4424,3401.41,0
31826,1858,1420.36,0
31827,24933,3342.48,0
31828,25342,4825.06,0
31829,1919,2854.1,0
31830,8450,2996.71,1
31831,25428,3567.57,1
31832,30096,685.04,1
31833,17458,311.89,1
31834,8017,2220.23,1
31835,25830,4351.1,1
31836,13486,1055.53,0
31837,20440,2266.6,0
31838,21282,2364.33,0
31839,9541,145.68,0
31840,27010,4916.3,0
31841,28047,1528.89,1
31842,24770,2509.42,1
31843,25833,2898.65,1
31844,556,1374.34,1
31845,5845,3093.79,0
31846,3584,2404.95,0
31847,3030,4506.95,0
31848,27628,990.03,1
31849,18714,2884.93,0
31850,68,1629.23,1
31851,26387,912.6,0
31852,8118,2853.2,1
31853,6160,1459.13,1
31854,2756,1803.94,1
31855,4243,3018.93,0
31856,1120,661.79,0
31857,9999,4426.67,0
31858,19426,2025.53,0
31859,28639,3854.59,0
31860,13010,2020.05,0
31861,21303,1246.02,0
31862,9742,1058.74,0
31863,2191,532.31,1
31864,33437,1359.9,1
31865,32052,542.45,1
31866,31102,2780.38,1
31867,28704,166.4,1
31868,14539,1381.52,0
31869,16491,4788.96,1
31870,25590,4135.67,1
31871,31300,2801.85,0
31872,19233,3492.12,1
31873,1856,4872.51,1
31874,22217,3736.49,0
31875,12770,2330.58,1
31876,18798,1455.69,1
31877,10789,4117.37,0
31878,12864,3625.76,1
31879,12621,1299.02,0
31880,25544,3896.14,0
31881,27425,4698.71,1
31882,28669,4827.46,0
31883,32882,4574.94,0
31884,1108,1720.41,1
31885,18787,3714.75,0
31886,32992,4726.59,1
31887,15108,4932.83,1
31888,30028,3512.66,1
31889,29424,3583.75,1
31890,19872,2235.11,1
31891,13255,2338.99,1
31892,25624,4983.01,0
31893,10031,1462.48,1
31894,13668,3628.38,0
31895,18264,830.95,0
31896,29635,2282.34,0
31897,19416,3988.23,0
31898,27422,1741.39,0
31899,13373,3941.57,1
31900,11919,2854.15,0
31901,21269,1110.88,1
31902,33349,3146.28,0
31903,4167,1503.63,0
31904,5363,1593.44,1
31905,31285,238.9,1
31906,5623,247.92,0
31907,11778,3546.56,0
31908,20450,2096.98,1
31909,29597,244.99,1
31910,29045,4154.91,1
31911,20925,3663.8,0
31912,24842,2215.57,0
31913,25173,3731.26,0
31914,2243,868.68,0
31915,16393,3837.49,1
31916,16239,3040.6,0
31917,21676,1649.25,1
31918,13033,4222.43,1
31919,28282,1839.41,0
31920,10240,1985.33,1
31921,4187,2304.12,0
31922,15600,2657.11,1
31923,8838,1894.12,0
31924,34165,4991.66,1
31925,4636,4251.97,1
31926,34908,390.67,1
31927,23863,418.1,1
31928,22583,4761.39,0
31929,24433,561.79,1
31930,16938,4520.24,1
31931,1618,3436.18,1
31932,12690,4353.72,1
31933,32078,3853.86,0
31934,4539,2912.76,0
31935,30512,4381.77,0
31936,14379,2095.8,1
31937,26741,4826.19,1
31938,5353,3718.4,0
31939,26289,1605.05,1
31940,9480,2686.97,0
31941,9355,523.3,0
31942,30511,2079.96,1
31943,34609,3212.99,1
31944,10644,1284.32,0
31945,2894,4075.3,0
31946,7702,1946.75,1
31947,20725,3533.06,1
31948,24252,4544.33,0
31949,28612,1601.37,1
31950,15141,3609.73,0
31951,17545,1004.01,1
31952,21004,2765.65,1
31953,15978,3199.8,0
31954,8714,3526.35,0
31955,24089,1724.62,0
31956,7616,359.44,1
31957,28108,1389.94,0
31958,34736,2494.74,1
31959,32515,3140.97,1
31960,24762,227.56,0
31961,10571,171.45,1
31962,1612,601.54,0
31963,10926,1861.21,0
31964,14058,4102.3,0
31965,30093,4472.82,1
31966,27817,2950.6,0
31967,2124,4795.58,0
31968,12068,4006.43,1
31969,19774,186.56,0
31970,12364,4663.36,1
31971,34727,646.12,1
31972,21828,332.23,0
31973,5160,1731.97,1
31974,28109,4385.3,0
31975,13490,4277.84,0
31976,34561,4496.44,0
31977,30632,2036.54,0
31978,8337,854.71,1
31979,24241,4497.03,1
31980,19691,986.24,1
31981,20275,813.46,1
31982,12918,2536.55,1
31983,24650,1587.98,1
31984,9876,2152.19,0
31985,5536,4815.42,1
31986,12841,2161.18,1
31987,30938,2265.32,1
31988,12085,470.78,0
31989,29091,3661.95,0
31990,10800,361.89,1
31991,817,1283.61,0
31992,1149,1456.28,0
31993,21336,4858.73,1
31994,33380,2513.98,1
31995,33317,2515.65,0
31996,12062,992.22,1
31997,9255,197.0,1
31998,13614,3901.39,1
31999,33152,1756.53,0
32000,33628,3433.64,1
32001,12942,2415.78,0
32002,2120,729.15,1
32003,30521,3899.6,0
32004,11694,4732.18,0
32005,33234,4066.7,1
32006,27539,2370.86,0
32007,14914,4834.78,1
32008,11488,2268.82,0
32009,25628,3601.42,1
32010,2301,3683.2,1
32011,13851,2794.14,1
32012,16820,2370.42,1
32013,10153,4638.71,1
32014,828,707.35,1
32015,7776,2685.82,1
32016,34014,1028.63,1
32017,30856,2093.58,1
32018,21478,3838.4,0
32019,21257,3448.99,0
32020,25722,2710.05,1
32021,20957,1690.57,0
32022,27556,1627.44,0
32023,23524,976.49,0
32024,9458,3174.02,0
32025,28796,794.41,1
32026,25276,1093.24,1
32027,9767,4946.4,0
32028,16175,118.48,0
32029,14347,4565.78,1
32030,12056,1685.61,0
32031,15211,3756.77,0
32032,29984,4832.2,0
32033,15362,3315.9,1
32034,17018,2728.99,0
32035,34785,920.53,1
32036,31905,3970.97,0
32037,22006,3006.32,1
32038,12414,4780.59,0
32039,17717,1786.21,1
32040,10350,2312.69,1
32041,28828,4069.78,0
32042,24553,824.71,0
32043,14674,1395.48,0
32044,18045,4292.4,1
32045,21208,1129.87,0
32046,28643,4527.74,1
32047,33984,4534.82,0
32048,10377,1804.15,1
32049,11226,3094.83,1
32050,19950,589.98,1
32051,30047,1487.14,0
32052,24444,4082.99,0
32053,20399,3175.46,1
32054,21682,4025.22,0
32055,21204,4897.35,0
32056,6984,2805.69,0
32057,33409,3515.74,0
32058,29228,2108.11,1
32059,29985,3037.86,1
32060,32257,4114.49,0
32061,14156,1648.42,0
32062,26304,372.24,1
32063,3490,1476.8,1
32064,21575,1859.99,1
32065,2799,2090.88,1
32066,2796,543.82,0
32067,30291,1993.62,1
32068,17,2283.55,1
32069,31872,1022.48,0
32070,7890,3932.9,0
32071,34362,131.57,0
32072,16034,3546.4,0
32073,20659,4494.84,0
32074,24177,3369.22,1
32075,11524,1648.96,0
32076,810,3943.07,0
32077,34379,2489.07,0
32078,16223,4141.54,0
32079,31034,2780.4,1
32080,34788,2547.37,1
32081,31562,3154.24,0
32082,7207,4756.47,0
32083,17404,1560.13,1
32084,20226,3964.05,1
32085,6656,310.51,0
32086,33229,3431.69,0
32087,33054,1027.85,1
32088,21149,3613.55,0
32089,1613,2055.01,1
32090,30588,3774.98,0
32091,22895,4087.19,0
32092,16293,4189.78,1
32093,18409,3484.2,0
32094,33489,3940.23,0
32095,11749,4919.62,0
32096,3577,3429.86,0
32097,20501,4978.37,1
32098,18244,3871.15,1
32099,27509,2186.78,0
32100,9120,1431.86,0
32101,10134,562.18,0
32102,25098,897.02,1
32103,33638,4567.33,0
32104,2534,577.44,1
32105,24190,2744.04,1
32106,30597,3440.37,0
32107,2412,2536.79,0
32108,152,4676.1,0
32109,6671,4738.52,1
32110,11182,412.49,1
32111,31062,2984.94,0
32112,2431,4034.13,1
32113,22379,2486.33,1
32114,18871,1440.11,1
32115,23830,4989.88,1
32116,28263,1082.11,0
32117,10447,117.02,1
32118,11956,2014.91,0
32119,18432,2188.16,0
32120,19974,2658.73,0
32121,27957,4896.25,0
32122,33581,2004.94,1
32123,14254,4075.0,0
32124,24683,1366.82,0
32125,10890,4671.38,0
32126,6949,1426.66,1
32127,30880,4148.11,1
32128,7,1499.22,1
32129,29797,2447.74,0
32130,16896,4989.89,1
32131,26468,4685.96,1
32132,23744,4695.32,0
32133,1535,1276.52,1
32134,17159,3148.2,1
32135,1111,3569.04,1
32136,33089,4919.73,0
32137,33639,139.6,0
32138,4173,1299.89,1
32139,3659,809.6,1
32140,21051,2848.54,1
32141,17432,3644.34,0
32142,12644,1482.12,1
32143,26871,4871.08,0
32144,31962,4810.27,0
32145,5427,4577.74,1
32146,16932,4453.03,0
32147,1523,3378.61,0
32148,31466,4844.92,1
32149,23358,3095.77,0
32150,16158,1290.13,0
32151,674,891.1,0
32152,33190,2433.48,1
32153,25570,4671.84,0
32154,11606,1377.1,0
32155,30574,3146.33,1
32156,4690,1577.32,1
32157,21144,196.53,1
32158,10768,3060.67,0
32159,21228,1218.32,0
32160,3406,3862.99,0
32161,29648,4186.02,0
32162,533,152.41,1
32163,7684,4700.91,0
32164,17804,310.62,1
32165,4697,4899.29,1
32166,31684,1563.57,0
32167,936,4489.44,1
32168,29904,4209.59,0
32169,27041,2738.47,1
32170,13302,4587.13,1
32171,21378,2982.64,0
32172,13809,643.85,1
32173,11427,2152.87,1
32174,30000,2242.76,0
32175,24301,4318.44,0
32176,5256,2615.73,1
32177,14264,2575.66,0
32178,29553,1269.93,1
32179,31550,3361.79,0
32180,29672,4926.66,0
32181,2586,2202.35,0
32182,2127,3811.01,0
32183,12116,4882.93,1
32184,15101,4441.4,1
32185,18059,4312.19,0
32186,1661,4220.61,0
32187,27390,3101.13,1
32188,17576,4943.38,1
32189,23224,3812.36,0
32190,16733,4688.34,0
32191,813,907.99,1
32192,15834,327.86,1
32193,19164,833.72,0
32194,12325,1934.29,1
32195,106,353.51,1
32196,19531,3303.13,0
32197,17699,315.98,1
32198,14067,1482.59,1
32199,16401,212.63,0
32200,33575,3669.55,1
32201,33529,899.79,0
32202,32398,1145.82,1
32203,17920,2250.28,1
32204,6161,1416.65,1
32205,6158,4932.63,0
32206,25904,1174.09,1
32207,33715,2396.54,0
32208,31993,4743.4,1
32209,22684,1666.95,1
32210,14854,3357.98,1
32211,5356,357.04,0
32212,33637,2698.32,0
32213,31403,4174.3,0
32214,24507,3513.31,1
32215,13199,2298.38,1
32216,30617,4391.11,1
32217,19830,249.34,1
32218,32070,4207.3,1
32219,18156,2728.8,0
32220,3482,3648.1,0
32221,16722,4754.13,0
32222,22376,2252.87,1
32223,16302,1092.28,0
32224,11738,3064.87,1
32225,18232,967.12,1
32226,28694,2384.23,0
32227,24966,1819.13,0
32228,32201,3194.36,1
32229,20139,3177.49,1
32230,33589,4067.05,0
32231,25861,1346.16,1
32232,12607,4348.87,0
32233,26268,3981.73,1
32234,28584,1003.77,1
32235,3776,3104.6,0
32236,1622,3341.93,0
32237,628,1201.82,1
32238,13694,4715.22,1
32239,28073,3318.68,1
32240,30459,1129.84,1
32241,18096,4500.49,0
32242,34506,410.69,0
32243,15119,789.63,0
32244,34688,4267.88,1
32245,20756,999.4,0
32246,1638,2682.46,1
32247,17712,4945.49,0
32248,19602,4997.12,0
32249,34438,1687.58,0
32250,18349,3380.07,1
32251,18168,1657.66,0
32252,9630,4951.36,1
32253,15160,3733.45,1
32254,19993,2292.57,1
32255,5012,4842.65,1
32256,21410,1975.85,0
32257,13290,1786.36,0
32258,24583,4251.38,1
32259,33727,3922.03,1
32260,17225,1200.15,1
32261,28717,2887.77,1
32262,14088,2331.31,0
32263,12147,361.03,1
32264,25620,3455.19,0
32265,16383,2991.32,1
32266,34622,131.39,0
32267,27642,1250.8,1
32268,19255,1909.69,0
32269,24801,1694.93,1
32270,12673,1902.43,1
32271,6936,4075.56,0
32272,31194,1306.69,1
32273,12892,153.05,1
32274,32397,1289.45,1
32275,29405,3406.07,1
32276,29327,1169.23,0
32277,27358,1060.27,0
32278,15471,4457.0,0
32279,4720,1887.49,0
32280,1697,3317.43,1
32281,6128,1324.98,0
32282,10386,4393.23,1
32283,13031,2053.44,1
32284,28549,676.97,1
32285,30664,3788.59,0
32286,25715,2779.44,1
32287,13162,3632.48,1
32288,5474,4064.66,1
32289,28025,1890.79,0
32290,8820,3045.26,0
32291,3504,1056.36,0
32292,30962,4491.28,1
32293,18631,3825.79,0
32294,6273,1915.97,0
32295,25396,3515.92,0
32296,12070,3774.23,1
32297,23290,4421.05,0
32298,17189,3188.02,1
32299,18888,1215.09,0
32300,22064,949.46,0
32301,20419,227.32,0
32302,29917,885.75,1
32303,9803,3306.31,1
32304,34100,4224.68,0
32305,24187,717.33,1
32306,34153,1703.48,1
32307,32746,923.93,0
32308,21971,410.94,0
32309,34668,2140.16,0
32310,18923,2507.23,0
32311,32798,1692.0,0
32312,303,1943.68,0
32313,29583,2527.45,1
32314,33268,245.34,1
32315,19547,952.44,0
32316,5202,4997.28,1
32317,30431,1282.85,1
32318,1909,2830.9,1
32319,21446,3690.78,1
32320,3533,2443.71,0
32321,15360,4055.64,0
32322,24604,2861.71,1
32323,22269,255.52,1
32324,21505,4018.47,0
32325,29007,4511.28,1
32326,20167,3203.94,1
32327,30356,2689.93,0
32328,33474,425.71,0
32329,17605,4352.45,1
32330,32868,293.26,1
32331,2338,1285.24,1
32332,20943,2909.9,1
32333,21951,3040.25,1
32334,29861,3504.41,0
32335,32399,3230.77,1
32336,5761,158.97,0
32337,10988,2903.86,0
32338,7910,394.16,0
32339,33420,2259.84,0
32340,17448,4036.01,0
32341,11130,1583.36,1
32342,20353,4851.36,0
32343,2852,4024.44,0
32344,25853,1584.47,1
32345,31236,1118.81,0
32346,1160,3322.88,1
32347,23681,2685.01,1
32348,29533,2756.27,0
32349,1564,4944.44,0
32350,21726,1598.79,0
32351,19269,1492.43,1
32352,7099,3873.8,0
32353,6082,778.84,0
32354,29271,2365.12,1
32355,3060,2184.64,0
32356,28804,4083.37,1
32357,5581,3969.77,1
32358,3646,380.7,1
32359,25824,821.76,1
32360,29081,602.35,1
32361,33627,1644.09,1
32362,32611,3116.4,1
32363,6379,638.49,0
32364,30851,3821.46,0
32365,16118,2442.45,1
32366,14829,801.15,1
32367,2981,419.93,0
32368,21545,1824.75,0
32369,14523,3089.71,0
32370,19115,2107.24,0
32371,22189,2372.89,1
32372,3062,364.45,0
32373,13019,4240.69,0
32374,29609,2457.47,0
32375,2110,602.42,1
32376,2376,905.35,1
32377,16454,512.7,1
32378,34728,2713.81,0
32379,33304,2724.14,1
32380,33385,1172.03,0
32381,30807,210.95,0
32382,27784,1641.69,0
32383,24886,3745.6,0
32384,15094,894.19,0
32385,26201,137.59,0
32386,29660,1020.41,0
32387,13674,2732.66,1
32388,23949,727.34,1
32389,22094,692.84,0
32390,13578,3054.63,0
32391,17694,1019.83,0
32392,10758,3079.62,1
32393,17641,4715.34,1
32394,27154,922.11,0
32395,21439,862.24,1
32396,30548,2107.06,0
32397,25303,3238.54,0
32398,7274,3120.89,1
32399,16591,2060.45,1
32400,10806,2664.93,1
32401,6061,2556.16,0
32402,19430,1560.65,1
32403,8976,4968.28,1
32404,22108,1158.46,0
32405,8014,1713.58,1
32406,14200,907.07,1
32407,19562,4642.65,1
32408,18416,902.79,0
32409,21591,1970.61,0
32410,27738,133.27,1
32411,1318,3122.04,0
32412,29878,2997.59,1
32413,13685,670.51,1
32414,22894,3855.19,1
32415,5616,4558.79,1
32416,9352,1858.46,1
32417,20277,4620.95,0
32418,29507,4272.28,1
32419,29745,4737.41,0
32420,18815,703.51,0
32421,17925,513.19,0
32422,4528,4550.62,1
32423,23416,2054.32,1
32424,21745,4588.17,1
32425,32240,2162.12,0
32426,32047,4546.56,0
32427,32280,4200.51,0
32428,26890,1607.44,0
32429,24496,4039.13,1
32430,17538,1372.59,1
32431,3088,2292.22,1
32432,5369,4458.93,0
32433,8927,2510.41,0
32434,25859,4133.88,0
32435,17002,251.93,0
32436,17252,3063.38,0
32437,29357,798.26,1
32438,25750,3658.68,1
32439,21636,1117.82,0
32440,5126,2252.96,1
32441,31266,3363.97,1
32442,7322,1473.21,0
32443,17620,3935.96,0
32444,7340,1958.68,0
32445,23015,2021.91,1
32446,17123,4893.95,1
32447,31129,1205.13,0
32448,19797,740.51,1
32449,31454,4541.11,1
32450,8381,3849.48,0
32451,6625,4616.19,1
32452,7901,4430.17,0
32453,15704,1453.7,1
32454,20244,3205.27,0
32455,5721,687.94,0
32456,29988,4367.29,0
32457,16933,1015.51,0
32458,21050,3276.89,1
32459,5766,1219.77,1
32460,4171,2516.14,0
32461,22003,2718.0,1
32462,11973,2909.51,0
32463,23199,745.57,0
32464,12632,686.16,1
32465,2549,222.85,0
32466,4016,4783.51,1
32467,32502,911.01,1
32468,25480,945.95,1
32469,24516,3504.95,1
32470,21986,3563.93,0
32471,32051,4076.34,1
32472,1610,3341.41,1
32473,4845,4217.71,0
32474,30314,3861.93,1
32475,442,2785.86,0
32476,1593,110.83,0
32477,31193,1088.21,1
32478,15388,1840.95,1
32479,32225,4390.36,0
32480,17403,3161.13,1
32481,19627,2652.81,0
32482,4271,4310.81,1
32483,34660,2416.54,0
32484,24268,1694.87,1
32485,26262,2143.02,1
32486,25426,283.07,1
32487,27470,543.77,1
32488,8093,3085.16,1
32489,22847,2025.56,1
32490,3767,4617.51,0
32491,32697,2182.71,1
32492,8966,4943.69,0
32493,27152,236.73,0
32494,24797,1900.65,1
32495,29320,678.74,1
32496,7967,1792.79,0
32497,26884,1031.37,0
32498,20168,2527.2,1
32499,267,4722.15,1
32500,28124,1728.08,1
32501,1935,3752.65,0
32502,14721,836.42,0
32503,26397,2070.91,0
32504,6452,4323.86,1
32505,755,4986.63,1
32506,23863,272.07,0
32507,19469,1898.3,0
32508,6026,4223.83,0
32509,18627,1524.19,0
32510,25987,4425.01,1
32511,15309,1043.26,1
32512,17501,3712.4,0
32513,29656,3905.46,1
32514,3501,1238.75,0
32515,31950,3225.48,0
32516,5606,3853.4,0
32517,14431,3240.29,0
32518,15538,3577.35,0
32519,16002,3069.35,1
32520,29655,2624.89,0
32521,8099,1187.35,0
32522,34907,2188.77,1
32523,57,1736.65,1
32524,18152,1311.68,0
32525,18034,1890.74,1
32526,33411,2982.05,1
32527,27908,2402.17,0
32528,757,2506.71,1
32529,12933,1649.25,1
32530,7368,1142.5,0
32531,32177,780.43,1
32532,18849,1795.29,0
32533,7285,3275.33,1
32534,628,1059.64,0
32535,2327,4552.01,0
32536,19103,2863.05,0
32537,2234,4238.96,0
32538,15047,4920.71,1
32539,15352,3129.71,0
32540,28560,675.59,1
32541,33048,4048.26,0
32542,28990,4769.32,0
32543,22427,1341.14,1
32544,30502,2501.17,1
32545,12110,3879.21,0
32546,18867,4521.74,1
32547,1597,2028.26,1
32548,8539,4941.21,1
32549,34065,1810.37,1
32550,21166,2037.38,0
32551,4790,597.74,1
32552,29105,474.89,1
32553,1800,4164.47,1
32554,19863,887.2,0
32555,16974,4266.99,1
32556,17555,1522.1,0
32557,4398,4641.08,1
32558,15747,2428.83,0
32559,6909,1191.33,0
32560,28495,2548.71,0
32561,8496,1976.25,0
32562,4341,2941.46,0
32563,27515,2802.24,0
32564,27429,3727.25,1
32565,31355,2787.51,1
32566,5324,4339.21,1
32567,30793,307.14,0
32568,21939,2940.05,1
32569,11560,814.94,0
32570,16647,2778.97,1
32571,26383,3649.6,0
32572,20470,4275.62,1
32573,14714,2403.83,0
32574,3436,3038.58,1
32575,13934,1025.81,0
32576,32818,2820.9,0
32577,847,821.18,1
32578,23058,3820.85,1
32579,24522,3319.74,0
32580,26963,4767.53,0
32581,30459,4341.81,0
32582,5636,3178.25,0
32583,30426,4193.7,1
32584,29898,1177.64,1
32585,6120,1581.77,1
32586,22894,4483.16,1
32587,32878,2361.1,1
32588,31064,177.79,1
32589,6016,3437.58,0
32590,6087,1209.61,0
32591,128,4202.01,1
32592,28857,4359.93,1
32593,23847,3209.39,0
32594,29588,1789.98,1
32595,18068,521.1,0
32596,27998,4906.63,1
32597,27603,4388.7,0
32598,9099,4819.62,0
32599,11800,2834.72,0
32600,12424,2174.73,1
32601,21474,4189.22,1
32602,3290,3967.58,0
32603,23388,3321.16,1
32604,12165,1928.13,0
32605,30378,4216.31,1
32606,2151,1479.52,1
32607,7657,2988.27,1
32608,3881,4974.66,0
32609,14407,4995.41,1
32610,19441,2264.7,0
32611,3056,2491.78,0
32612,5241,2816.82,0
32613,32715,3739.7,0
32614,25636,4632.89,1
32615,916,1045.94,1
32616,29813,558.89,0
32617,4074,487.4,1
32618,4767,4371.18,0
32619,30224,1997.54,1
32620,4836,295.38,0
32621,17717,3037.06,1
32622,20712,2191.51,0
32623,12904,1467.77,0
32624,2617,153.23,0
32625,8239,2365.44,1
32626,3037,3372.1,0
32627,8061,3267.03,1
32628,29627,4107.32,0
32629,22466,500.29,0
32630,14738,850.18,1
32631,28540,212.04,1
32632,24425,321.26,0
32633,8674,2135.74,1
32634,6416,1141.52,0
32635,21799,1569.09,1
32636,27235,3885.94,1
32637,34633,3223.93,1
32638,31395,498.57,0
32639,24816,2936.48,1
32640,6575,1070.17,1
32641,6590,472.33,1
32642,19308,4822.69,1
32643,3792,4734.58,1
32644,17139,3552.68,0
32645,27190,2292.76,0
32646,8887,4010.25,1
32647,24326,4334.55,1
32648,15188,4845.16,0
32649,29412,4220.58,1
32650,25355,4355.3,0
32651,13939,2584.13,1
32652,28017,2469.58,0
32653,28737,113.57,1
32654,832,2726.81,1
32655,33936,664.23,1
32656,1289,2614.82,1
32657,7716,1268.5,1
32658,3054,517.91,1
32659,33930,1729.09,0
32660,34935,2517.1,0
32661,5118,4448.21,0
32662,34095,1180.27,1
32663,15959,2232.71,1
32664,15361,701.53,0
32665,17291,834.56,0
32666,21982,915.16,0
32667,2547,1635.35,0
32668,21317,847.62,1
32669,25682,2598.39,0
32670,6103,1079.66,0
32671,33663,4333.6,0
32672,33861,3871.78,1
32673,29567,3319.77,0
32674,11637,4215.46,0
32675,3864,2236.83,1
32676,18037,302.98,0
32677,32435,1394.56,0
32678,9461,3399.72,1
32679,33481,4011.96,1
32680,13425,796.83,0
32681,31281,3782.55,1
32682,21648,4953.94,1
32683,30418,1645.72,0
32684,12849,3336.68,1
32685,14948,2775.53,1
32686,1286,289.02,0
32687,21325,1264.34,0
32688,20200,3234.64,0
32689,21589,3750.89,0
32690,29612,2885.29,0
32691,3018,3621.63,0
32692,9069,433.87,1
32693,8157,2854.41,0
32694,7747,3978.11,0
32695,604,648.07,0
32696,29343,2235.31,1
32697,2390,991.72,0
32698,9688,901.31,1
32699,23329,2551.1,0
32700,28062,1472.24,0
32701,10894,4891.99,0
32702,825,3056.49,0
32703,10884,4955.83,0
32704,18662,1245.11,0
32705,19730,3587.83,1
32706,2064,4168.18,0
32707,20063,419.48,0
32708,6332,2115.17,0
32709,11315,1649.4,1
32710,30002,987.42,1
32711,30468,4351.17,1
32712,5300,4596.35,0
32713,23521,4197.41,0
32714,24146,927.56,0
32715,20165,2887.6,1
32716,20348,3194.09,1
32717,31074,1017.52,0
32718,28077,2779.35,1
32719,6855,1506.22,1
32720,10504,3999.93,1
32721,434,3458.9,1
32722,3837,3141.09,0
32723,10174,4519.85,1
32724,25191,1850.7,1
32725,17589,3774.8,1
32726,3553,4796.82,1
32727,17371,2272.79,1
32728,9045,2995.46,1
32729,34577,4054.29,0
32730,31524,3187.6,1
32731,15812,1124.8,1
32732,25732,756.36,0
32733,32832,3137.67,0
32734,1171,241.44,0
32735,8816,247.24,0
32736,19266,599.75,1
32737,29875,2602.3,1
32738,9575,2036.84,0
32739,1849,2245.78,1
32740,27173,4564.72,0
32741,14820,2759.14,1
32742,32556,2435.4,1
32743,21576,4731.34,0
32744,5750,2496.86,0
32745,22190,2066.01,0
32746,1752,277.96,0
32747,16256,4726.04,1
32748,27679,823.47,0
32749,16167,2411.72,0
32750,9694,4004.28,0
32751,26403,4784.1,1
32752,694,1556.94,0
32753,32783,4616.57,0
32754,16173,3194.33,1
32755,20727,4276.07,1
32756,32626,1809.95,0
32757,32160,546.29,1
32758,25339,3297.75,0
32759,12494,340.16,0
32760,16768,105.87,0
32761,7356,1550.59,1
32762,26944,1673.48,0
32763,26163,1586.31,1
32764,21907,3995.98,1
32765,26817,2482.72,0
32766,27937,1174.14,1
32767,19598,3343.05,1
32768,14063,2812.68,0
32769,10643,1976.82,0
32770,22509,1291.4,1
32771,13276,4311.81,0
32772,28441,1635.33,0
32773,6140,2742.21,0
32774,24840,830.24,1
32775,4917,685.86,1
32776,2773,4722.14,0
32777,26718,2379.88,1
32778,7245,2155.96,1
32779,25582,1422.78,0
32780,18102,1059.19,1
32781,22968,3028.63,0
32782,7857,686.56,1
32783,6398,2913.3,0
32784,24065,1684.31,0
32785,15317,193.26,1
32786,15750,1567.98,1
32787,4986,3521.04,0
32788,33079,3332.7,0
32789,19262,1301.53,0
32790,15111,3615.16,1
32791,28453,3079.47,1
32792,17528,3822.25,0
32793,11278,4950.8,1
32794,7378,2053.26,1
32795,18208,2847.89,1
32796,30507,982.74,1
32797,20303,451.08,1
32798,28793,2943.25,0
32799,29498,4579.37,0
32800,10059,3064.38,1
32801,6244,2784.18,0
32802,24799,3914.69,0
32803,15820,3765.36,1
32804,21235,4824.79,1
32805,31475,3735.71,0
32806,12240,4510.89,0
32807,28606,2943.44,1
32808,24577,2185.16,1
32809,11153,3281.71,0
32810,33921,559.57,1
32811,21312,2185.16,1
32812,23046,3713.93,1
32813,11752,2520.49,1
32814,8290,3915.29,1
32815,30972,878.51,1
32816,20549,546.59,0
32817,3684,1404.4,0
32818,31685,4379.45,1
32819,17583,4983.21,0
32820,8569,2891.91,1
32821,34558,1377.02,1
32822,30946,3640.38,1
32823,19827,4142.8,1
32824,13476,1825.14,0
32825,32059,3485.79,1
32826,22047,3163.52,1
32827,31049,759.61,1
32828,15931,4950.26,0
32829,24557,3172.97,1
32830,24661,1998.13,1
32831,27965,2572.49,1
32832,24193,3611.1,1
32833,32332,2252.65,0
32834,15653,1879.57,1
32835,34755,1755.56,0
32836,19495,2293.02,1
32837,24765,2707.46,0
32838,29523,3195.4,0
32839,3854,3746.84,1
32840,20598,3491.99,1
32841,762,3703.16,0
32842,20829,138.61,0
32843,8284,816.51,1
32844,1976,3517.06,1
32845,31424,1307.95,1
32846,22189,1020.29,0
32847,21232,3757.34,0
32848,12094,714.48,1
32849,23464,3336.08,0
32850,6801,2138.82,1
32851,24553,525.33,0
32852,24088,2125.41,1
32853,20180,143.6,1
32854,34919,3824.88,1
32855,801,2747.21,0
32856,27458,832.94,0
32857,12438,493.43,1
32858,12107,2191.84,1
32859,29477,3645.73,0
32860,11942,2743.82,0
32861,16370,4434.74,1
32862,20937,372.7,0
32863,25766,4355.18,0
32864,23195,353.31,0
32865,17900,1529.22,1
32866,16452,1113.17,0
32867,16249,3093.09,0
32868,11083,2126.46,1
32869,23931,2141.31,1
32870,8328,1002.53,1
32871,22812,4330.94,1
32872,4332,2544.99,0
32873,29896,3521.62,1
32874,32489,4549.42,1
32875,34963,4857.25,0
32876,13356,4451.86,1
32877,18938,4131.47,1
32878,31631,4345.06,0
32879,17623,820.55,0
32880,16646,2744.98,1
32881,18244,4027.67,1
32882,31968,213.19,0
32883,18598,1020.03,0
32884,21190,4829.79,0
32885,17408,237.49,0
32886,30870,3784.16,1
32887,25112,1646.36,0
32888,4882,2755.64,1
32889,8877,2045.56,0
32890,30936,1482.48,0
32891,29650,1875.39,0
32892,245,1464.94,1
32893,11873,4730.29,1
32894,8396,653.28,0
32895,7899,645.88,0
32896,14056,4372.78,0
32897,9322,2756.36,1
32898,28740,4708.92,1
32899,32958,2540.93,1
32900,23526,387.7,1
32901,19586,638.5,0
32902,25237,1212.66,1
32903,18486,2288.91,1
32904,31625,1364.7,0
32905,27281,1857.58,0
32906,727,1400.13,1
32907,1622,1770.36,0
32908,7244,1508.85,1
32909,27853,4383.99,1
32910,11269,1304.51,0
32911,24885,4666.69,0
32912,25169,1991.43,0
32913,87,4499.19,1
32914,9093,1027.91,0
32915,10312,3549.22,0
32916,25881,2736.05,1
32917,2210,2077.36,1
32918,6108,736.56,0
32919,1563,647.61,0
32920,34510,4293.62,1
32921,5385,2370.46,1
32922,10880,2760.23,0
32923,19902,565.65,1
32924,4748,4365.8,1
32925,34379,3534.75,1
32926,26995,1814.24,1
32927,34407,4929.06,1
32928,22714,1020.12,1
32929,2331,119.86,1
32930,31648,2993.88,1
32931,34219,4623.42,0
32932,7910,3319.69,1
32933,8122,4278.63,0
32934,11853,1273.38,0
32935,23391,3136.17,0
32936,15612,2648.25,1
32937,26124,608.55,0
32938,2592,3009.84,0
32939,27830,357.73,1
32940,22100,1628.5,1
32941,32165,109.98,1
32942,1054,974.45,0
32943,15285,2573.52,1
32944,28889,3621.29,1
32945,21727,2197.58,0
32946,30856,1030.77,1
32947,6623,1781.91,1
32948,10672,1272.6,0
32949,19338,4329.79,1
32950,17490,1623.73,1
32951,34672,2853.1,1
32952,7297,1344.66,0
32953,24397,758.13,1
32954,3939,3621.07,1
32955,27159,1158.09,0
32956,19005,2236.34,0
32957,2721,4074.59,1
32958,12418,721.37,0
32959,23595,1162.33,0
32960,8528,4963.67,1
32961,12164,2590.86,1
32962,19332,3196.95,0
32963,4247,3698.27,0
32964,3393,1114.26,1
32965,30254,1645.86,1
32966,19102,3160.19,1
32967,4384,412.99,0
32968,24784,2244.43,1
32969,25284,3468.09,1
32970,13746,3988.99,1
32971,20430,3823.99,0
32972,27039,1264.09,0
32973,22331,2958.0,0
32974,20370,3088.1,0
32975,10371,1631.96,1
32976,11733,343.84,0
32977,12928,3315.33,0
32978,30310,172.19,0
32979,27697,775.8,0
32980,16367,172.85,0
32981,34633,2825.11,1
32982,34696,3644.99,1
32983,32293,1115.55,0
32984,34366,1919.31,1
32985,34786,638.47,1
32986,29535,3499.53,0
32987,33947,369.51,0
32988,16222,3702.47,0
32989,33900,2885.96,1
32990,32172,619.75,1
32991,27839,1619.59,0
32992,24892,3049.46,1
32993,32507,2862.49,0
32994,765,3170.73,1
32995,21332,3574.37,1
32996,34642,377.49,0
32997,10861,1101.74,0
32998,7243,3855.74,1
32999,32277,2489.74,1
33000,10145,4326.29,1
33001,17597,3379.62,1
33002,21319,720.22,0
33003,223,3444.69,0
33004,19563,1168.57,1
33005,6549,3781.54,1
33006,10129,2523.16,1
33007,34262,1250.0,1
33008,30666,1509.33,1
33009,15654,570.37,1
33010,30891,4849.62,0
33011,1044,3219.69,0
33012,8170,1866.84,0
33013,19552,1932.12,1
33014,26450,876.53,0
33015,12061,3431.16,0
33016,28163,4564.52,0
33017,1850,4241.81,0
33018,15406,4595.27,1
33019,19390,1050.65,0
33020,27469,170.26,0
33021,29492,2266.19,1
33022,24717,4207.41,0
33023,4883,768.12,1
33024,10621,2811.41,0
33025,33561,1891.69,1
33026,7,4220.75,1
33027,9589,3658.87,0
33028,27673,772.37,1
33029,8280,3727.56,0
33030,7729,2189.68,0
33031,6259,2569.29,1
33032,23515,971.39,0
33033,26655,4805.15,1
33034,15388,3864.2,1
33035,4343,3304.21,1
33036,29369,3470.0,1
33037,34260,2252.16,0
33038,17263,4726.18,0
33039,33594,3385.5,1
33040,24163,3302.78,1
33041,15157,4345.44,0
33042,11467,1385.61,0
33043,29774,4897.51,1
33044,21580,4559.56,1
33045,16895,185.28,1
33046,20941,2129.47,1
33047,25940,507.23,1
33048,10899,1632.06,0
33049,22999,3207.35,1
33050,34631,4824.92,1
33051,4554,2685.55,1
33052,31102,587.24,1
33053,2878,1695.95,1
33054,5057,1116.92,0
33055,29098,3142.85,0
33056,32056,3957.98,1
33057,22788,1045.61,0
33058,8800,3058.63,0
33059,26101,3317.55,0
33060,26878,2086.6,0
33061,14989,3489.28,1
33062,13520,1879.29,0
33063,4211,3430.05,1
33064,19177,1885.44,0
33065,28423,3021.66,1
33066,1577,865.03,0
33067,16955,705.26,0
33068,20664,4801.27,1
33069,1168,190.15,1
33070,18103,4197.87,1
33071,6316,2269.11,1
33072,32281,2548.13,1
33073,24427,4424.81,1
33074,33614,2001.49,0
33075,21947,4606.44,1
33076,15293,2097.03,1
33077,17105,4884.06,0
33078,5391,1060.74,1
33079,32846,2078.87,1
33080,14693,624.71,0
33081,15137,4947.34,1
33082,6823,158.07,1
33083,21402,1963.0,1
33084,1710,3405.68,0
33085,29656,2597.55,1
33086,19259,329.72,1
33087,23303,4425.43,0
33088,29203,2095.44,0
33089,13238,4919.7,1
33090,32226,2581.54,0
33091,20239,2536.69,0
33092,8162,2150.2,1
33093,4809,505.67,1
33094,21074,3132.72,1
33095,10867,4550.98,1
33096,29867,3833.95,0
33097,14854,1044.28,0
33098,21574,3231.81,0
33099,20780,3248.71,1
33100,3343,3235.75,0
33101,17369,3600.96,1
33102,25206,232.54,1
33103,639,2001.05,1
33104,20437,2864.83,0
33105,23744,855.71,0
33106,11937,337.91,0
33107,21739,836.11,0
33108,27146,2514.48,1
33109,12366,107.21,0
33110,23971,3653.48,0
33111,20004,2485.95,0
33112,22219,4632.48,1
33113,7322,3135.8,0
33114,544,4364.64,0
33115,4678,4231.51,0
33116,33592,1233.28,1
33117,26356,3135.88,0
33118,18664,2032.91,0
33119,10478,886.7,1
33120,8503,4401.5,0
33121,11308,1527.35,1
33122,21521,193.77,1
33123,9290,753.84,1
33124,4251,2132.72,0
33125,21944,2930.03,1
33126,24254,4911.07,1
33127,17697,895.23,0
33128,24571,485.31,1
33129,20384,629.62,0
33130,3472,2710.99,1
33131,12475,4998.01,1
33132,34002,419.01,1
33133,12463,1002.18,1
33134,16824,278.02,0
33135,25939,4123.96,1
33136,24096,3234.35,0
33137,1093,2252.07,1
33138,27273,1509.4,1
33139,18694,3863.51,1
33140,30678,2385.34,0
33141,18824,405.34,0
33142,10463,1122.89,0
33143,34128,4032.82,0
33144,15989,1132.91,1
33145,24834,1671.32,0
33146,5134,1638.96,1
33147,8178,3576.08,1
33148,21195,1402.98,1
33149,34497,1464.7,1
33150,19477,3906.04,1
33151,8089,4584.6,0
33152,32789,4543.72,0
33153,12384,143.35,1
33154,21054,296.17,0
33155,24151,245.71,1
33156,18262,4416.04,1
33157,4156,938.84,0
33158,25360,3680.45,1
33159,11218,1949.52,1
33160,31659,629.0,1
33161,18055,3679.26,0
33162,16799,3643.17,1
33163,19408,1722.69,1
33164,13981,3322.24,1
33165,29747,3861.52,0
33166,7954,1143.82,1
33167,20823,926.04,0
33168,28252,1389.9,1
33169,22263,712.8,0
33170,1477,1463.92,1
33171,21495,809.1,1
33172,11449,4833.56,0
33173,21970,1700.14,0
33174,28865,3691.57,0
33175,23951,2414.55,1
33176,17607,2048.06,1
33177,15246,4805.09,1
33178,231,3420.87,1
33179,29492,1405.04,1
33180,31304,2558.99,1
33181,22044,1001.1,0
33182,5884,2141.02,0
33183,20908,3540.29,1
33184,9625,2444.16,1
33185,10858,2227.97,0
33186,30365,4558.75,0
33187,19297,2412.31,0
33188,22225,1905.46,1
33189,29797,2169.18,1
33190,18285,444.84,0
33191,26971,3167.12,1
33192,15612,694.12,1
33193,8911,1144.99,1
33194,20979,1231.36,1
33195,13609,2786.57,1
33196,29519,2576.09,1
33197,417,501.23,1
33198,6486,1559.83,1
33199,29475,2909.74,1
33200,26418,4464.5,1
33201,28305,1378.52,1
33202,12544,4627.01,0
33203,30853,3791.74,0
33204,11640,1193.45,1
33205,552,427.64,1
33206,2093,4980.1,0
33207,13189,3882.64,1
33208,28211,2014.74,0
33209,1056,4224.71,0
33210,30979,914.62,1
33211,1863,4019.27,1
33212,17539,2601.03,0
33213,33137,3125.85,1
33214,7653,4830.85,0
33215,595,215.33,0
33216,22664,2093.32,1
33217,14597,708.23,1
33218,21539,2595.4,1
33219,34710,1454.04,1
33220,34867,3000.39,0
33221,26838,2172.93,1
33222,26809,2620.5,1
33223,3834,2023.42,1
33224,34935,2210.68,0
33225,3280,1293.9,0
33226,32952,3064.71,1
33227,15408,1292.4,1
33228,29370,4535.86,0
33229,15499,3762.51,0
33230,7106,1962.19,1
33231,34377,416.14,0
33232,8644,3623.28,0
33233,15869,800.49,0
33234,15453,3130.17,1
33235,27715,4328.67,1
33236,15452,3580.9,1
33237,10569,3902.81,1
33238,2187,550.15,0
33239,22449,4770.22,0
33240,4062,2280.43,0
33241,11188,4312.34,1
33242,11649,4747.37,0
33243,29249,416.48,0
33244,11817,2490.47,1
33245,6205,790.61,1
33246,7771,480.91,1
33247,567,894.24,0
33248,25529,2835.37,1
33249,29711,4264.35,0
33250,6048,3359.87,1
33251,9439,1215.62,0
33252,28493,570.83,0
33253,34061,2538.63,1
33254,12335,1856.85,0
33255,2992,343.76,0
33256,18199,1373.17,1
33257,20590,2856.0,0
33258,613,1981.15,1
33259,16344,605.43,1
33260,28052,4142.24,0
33261,13170,1334.63,1
33262,4050,4053.74,1
33263,34530,2426.99,1
33264,24834,4410.53,0
33265,3273,1105.94,0
33266,16335,4218.14,0
33267,23711,438.14,1
33268,6768,3292.66,1
33269,4463,3963.27,1
33270,33855,384.98,1
33271,18306,4375.62,0
33272,20714,527.58,1
33273,29227,4344.81,0
33274,3105,3975.5,1
33275,12077,1406.19,0
33276,12981,4179.0,1
33277,4155,911.42,0
33278,26466,344.42,0
33279,8104,2773.72,0
33280,22250,3516.41,1
33281,28473,1606.41,0
33282,15279,661.13,0
33283,30855,3586.45,1
33284,33487,3981.16,1
33285,14315,1598.82,1
33286,9480,4468.76,0
33287,17390,3931.79,0
33288,3934,2824.6,1
33289,33926,1398.97,0
33290,10081,1445.75,0
33291,13902,3127.83,0
33292,19726,4873.61,1
33293,14852,2195.69,0
33294,34401,3453.65,0
33295,26594,2089.85,0
33296,13080,2092.17,0
33297,30333,4214.53,0
33298,2895,794.26,1
33299,13226,2448.23,0
33300,32082,2975.84,0
33301,32738,3944.56,0
33302,11640,4593.14,1
33303,4316,3915.07,0
33304,5317,3774.47,1
33305,24881,1645.77,0
33306,7388,4626.27,1
33307,12863,3319.39,0
33308,32984,3199.0,0
33309,24459,1742.5,1
33310,14043,4215.41,1
33311,7314,4159.49,1
33312,28570,2687.17,1
33313,33305,4289.82,1
33314,23891,1055.72,0
33315,2993,484.9,0
33316,24301,1552.85,1
33317,19896,3187.21,1
33318,8840,3045.98,0
33319,23179,1328.77,1
33320,10998,4947.33,1
33321,17987,2500.41,0
33322,11847,2699.61,0
33323,357,885.7,1
33324,32343,264.99,0
33325,15749,4033.82,1
33326,11002,1968.13,1
33327,22054,4919.95,1
33328,31740,3207.94,1
33329,5602,4374.56,0
33330,25385,3511.19,0
33331,4904,2425.12,0
33332,22051,385.73,1
33333,29538,3346.08,0
33334,31950,4090.2,0
33335,230,4276.7,1
33336,6092,3533.89,0
33337,6936,965.39,0
33338,33288,3440.59,1
33339,32598,1428.83,0
33340,26343,3561.35,0
33341,20084,1911.72,0
33342,5347,1191.03,1
33343,8569,259.11,1
33344,29701,268.53,1
33345,26384,4388.78,1
33346,23274,4487.83,0
33347,10782,4572.36,1
33348,24768,1203.52,1
33349,10146,4420.04,1
33350,34862,3026.43,1
33351,10966,2315.79,0
33352,18258,4829.83,1
33353,6041,2991.78,1
33354,26,271.79,0
33355,26830,4071.96,0
33356,4967,1289.43,1
33357,22371,4967.19,1
33358,15282,952.0,1
33359,9501,2162.34,0
33360,23248,1142.65,0
33361,24359,1834.44,1
33362,3072,808.75,0
33363,32919,677.31,0
33364,6973,3591.68,1
33365,16222,1321.54,1
33366,14036,384.7,1
33367,5058,3905.87,0
33368,13085,2435.2,1
33369,32764,834.32,0
33370,34780,2659.78,1
33371,12544,1929.68,0
33372,14649,4322.15,0
33373,16680,570.29,0
33374,10832,760.63,0
33375,6778,558.95,1
33376,34265,3347.03,1
33377,4698,3563.25,1
33378,34575,2984.89,0
33379,30993,3730.4,1
33380,13226,4590.22,1
33381,14337,3368.42,0
33382,8959,615.3,1
33383,13967,1484.0,1
33384,586,2547.16,0
33385,20661,4021.64,1
33386,28818,2942.68,1
33387,11838,3100.32,1
33388,29097,4876.6,1
33389,20136,735.97,0
33390,32387,1075.65,1
33391,5551,2192.67,0
33392,9425,1637.9,0
33393,17649,1408.5,1
33394,26678,3815.36,0
33395,22520,1300.26,1
33396,833,2740.76,1
33397,13563,4222.2,1
33398,26930,2973.75,1
33399,2202,3171.35,0
33400,30419,4515.16,0
33401,18178,2422.25,0
33402,19651,2098.48,0
33403,7503,1762.0,1
33404,27857,1309.18,0
33405,26386,3382.0,1
33406,20192,4274.11,1
33407,27472,2865.62,1
33408,2517,1447.99,1
33409,27636,1481.09,1
33410,29188,4880.06,0
33411,4994,2483.95,1
33412,3933,2475.39,1
33413,11452,1729.06,1
33414,13315,1820.59,0
33415,8573,4469.58,0
33416,19542,3641.81,1
33417,8549,1027.58,0
33418,22214,444.27,1
33419,27917,4434.04,1
33420,27411,1519.83,0
33421,22704,961.15,1
33422,11329,1030.28,0
33423,22676,499.55,1
33424,1990,3549.25,1
33425,34299,4601.28,0
33426,473,3838.92,0
33427,19851,3609.09,1
33428,22482,3302.8,0
33429,6330,4472.22,0
33430,21916,2355.97,0
33431,5236,3867.07,0
33432,17137,4105.78,1
33433,28949,2012.74,1
33434,6209,4785.28,0
33435,8052,1999.12,1
33436,32143,3384.22,0
33437,17176,4893.05,1
33438,6611,3334.36,1
33439,213,4609.06,0
33440,22120,4698.98,0
33441,7200,859.35,0
33442,15624,2697.85,0
33443,19226,2175.44,0
33444,4694,4157.77,0
33445,17325,4061.99,0
33446,4432,3886.37,1
33447,18960,1010.68,0
33448,33147,1513.16,0
33449,24162,2520.03,1
33450,22242,2615.52,1
33451,11004,3089.67,1
33452,23537,1852.77,0
33453,2765,4642.62,0
33454,13594,4523.35,1
33455,27985,4731.99,0
33456,6369,4221.23,1
33457,19255,2772.24,0
33458,20727,2243.36,0
33459,2203,2442.58,1
33460,13035,2647.48,0
33461,29465,2610.64,0
33462,29227,4400.6,0
33463,19292,1356.3,0
33464,16651,838.79,1
33465,8559,2057.2,0
33466,27686,3324.81,1
33467,28765,831.28,0
33468,17422,1555.67,1
33469,4311,325.57,1
33470,18837,4456.05,1
33471,12712,1753.62,0
33472,19865,1564.02,1
33473,22768,3149.05,1
33474,14006,1995.24,0
33475,1892,1623.24,1
33476,2720,2137.72,1
33477,22843,2114.69,1
33478,30185,173.17,0
33479,30542,2735.29,0
33480,4692,4477.56,0
33481,33450,3510.45,1
33482,6319,1953.81,1
33483,18640,2017.09,0
33484,4409,4084.95,1
33485,33723,1815.3,1
33486,12394,3141.46,1
33487,3863,3659.14,1
33488,5397,2850.56,1
33489,33221,1714.79,0
33490,22542,148.16,0
33491,22408,2458.14,0
33492,21577,1387.06,1
33493,6139,108.89,1
33494,1344,3929.58,0
33495,4220,2319.53,0
33496,18023,4521.3,1
33497,28337,789.69,1
33498,23117,2139.67,1
33499,3646,1226.3,0
33500,21049,1431.84,0
33501,9231,2112.0,0
33502,7231,3026.04,0
33503,9495,453.17,1
33504,10144,368.63,0
33505,5629,4520.67,0
33506,21483,577.08,1
33507,1928,3271.25,1
33508,27831,2475.43,1
33509,256,3304.45,1
33510,33422,742.3,0
33511,30007,3349.84,0
33512,14775,1024.36,0
33513,9256,4586.5,0
33514,24634,4007.05,1
33515,9121,220.17,1
33516,28119,561.17,1
33517,23870,2961.81,1
33518,20828,1191.0,0
33519,15435,3684.44,0
33520,24749,972.42,1
33521,144,3461.66,1
33522,11369,1230.82,0
33523,32733,1266.46,0
33524,2412,451.45,0
33525,15178,4072.62,0
33526,29596,4344.12,1
33527,9066,1640.44,0
33528,7447,3128.71,0
33529,27046,4547.7,1
33530,22105,4876.53,1
33531,24753,3301.8,1
33532,18512,3906.6,1
33533,15076,1811.78,0
33534,27951,1729.28,1
33535,18364,1619.82,1
33536,3140,820.1,1
33537,33303,920.89,1
33538,32309,3845.3,1
33539,32123,3128.79,1
33540,22511,1194.71,0
33541,33922,2842.9,0
33542,11457,1378.96,0
33543,27717,2460.18,1
33544,6230,945.29,0
33545,20909,3270.11,1
33546,11832,1046.69,0
33547,26629,1392.01,0
33548,10020,3483.9,0
33549,12912,3004.05,0
33550,23299,3917.3,1
33551,25654,1242.3,0
33552,10145,1528.86,0
33553,11933,4484.54,1
33554,20755,600.24,0
33555,18684,3832.67,1
33556,4798,4773.31,1
33557,7070,4003.64,0
33558,26926,4956.12,1
33559,21657,1265.4,0
33560,21257,4595.09,1
33561,33127,3473.16,0
33562,24820,560.6,0
33563,13550,4949.69,0
33564,17294,4414.04,1
33565,21119,1295.36,0
33566,15768,4084.41,0
33567,8801,1304.9,1
33568,2448,2572.44,0
33569,33321,3235.06,0
33570,7254,4120.38,0
33571,8587,2323.52,0
33572,34651,1816.39,1
33573,9132,4292.53,1
33574,19636,4190.52,0
33575,27226,2389.64,1
33576,12543,3453.91,0
33577,28516,3946.22,0
33578,5444,4812.19,0
33579,15833,1144.32,1
33580,5021,1273.16,0
33581,32891,1909.33,1
33582,19754,283.67,1
33583,26499,4203.39,0
33584,23186,4226.86,0
33585,12773,2363.45,0
33586,10313,3397.27,1
33587,27326,725.12,0
33588,10330,329.64,0
33589,13108,2298.88,1
33590,14239,4067.35,1
33591,14718,740.6,0
33592,25436,4455.89,0
33593,16883,4595.57,0
33594,19986,1704.7,1
33595,34289,804.08,1
33596,23533,2785.06,0
33597,5672,2469.13,0
33598,14591,1841.57,1
33599,1981,4054.05,1
33600,30160,1282.21,1
33601,16231,938.94,1
33602,10361,3533.62,0
33603,3423,1147.12,0
33604,31689,1554.48,0
33605,23838,2539.84,0
33606,1204,1704.0,1
33607,10022,139.18,1
33608,1732,2592.64,0
33609,31494,3242.56,1
33610,22399,3499.27,1
33611,4685,726.59,0
33612,2126,1390.94,1
33613,4792,1949.66,1
33614,16132,674.85,1
33615,34723,766.46,0
33616,3524,607.87,1
33617,8944,2125.8,1
33618,33449,1336.28,1
33619,23692,4036.94,1
33620,15288,946.22,0
33621,16136,1486.38,0
33622,17437,1503.18,1
33623,9730,4298.93,0
33624,9827,2793.65,0
33625,450,2136.89,0
33626,8141,2294.1,1
33627,8944,4926.04,1
33628,27157,999.02,0
33629,945,4544.28,0
33630,1774,1599.1,1
33631,15051,2901.32,0
33632,22952,2178.82,1
33633,32049,3609.03,1
33634,12315,510.32,0
33635,1215,4412.29,0
33636,31876,260.37,0
33637,34031,1635.78,1
33638,28515,2207.63,1
33639,34487,238.18,1
33640,6400,3228.81,1
33641,28802,4794.42,1
33642,22791,2744.26,1
33643,12858,2977.97,1
33644,34650,2088.7,0
33645,19927,420.07,1
33646,2466,2393.71,1
33647,29288,4815.56,0
33648,31729,3374.27,0
33649,9910,1054.58,0
33650,7557,3923.45,0
33651,8130,2393.24,0
33652,9019,251.6,0
33653,16800,1701.19,0
33654,11446,660.27,1
33655,23424,2164.28,1
33656,27652,1652.17,1
33657,17702,3009.85,0
33658,13044,1626.86,1
33659,31651,2419.33,1
33660,26348,4598.44,0
33661,22826,3814.71,0
33662,6227,2194.79,1
33663,16738,4611.17,0
33664,17323,4838.51,1
33665,30421,1268.97,0
33666,14236,1982.83,1
33667,19552,4114.09,1
33668,21456,440.54,1
33669,23725,893.21,0
33670,27166,4330.75,0
33671,26379,1374.35,1
33672,6094,2307.66,1
33673,14750,1479.82,1
33674,25602,3161.95,0
33675,22065,1782.93,0
33676,9060,1498.29,1
33677,1770,3739.35,1
33678,6218,1683.95,1
33679,1966,134.16,0
33680,20980,2274.51,1
33681,14366,2416.27,1
33682,25329,234.08,1
33683,4432,3678.4,0
33684,30400,3997.67,1
33685,4993,2631.66,0
33686,5355,4464.63,1
33687,6295,1911.35,0
33688,32284,3317.0,0
33689,180,1169.2,1
33690,4699,1951.9,0
33691,5744,4963.25,1
33692,21927,3652.74,0
33693,21322,3475.96,0
33694,13564,1791.39,1
33695,34882,2582.01,0
33696,16591,4884.12,1
33697,31766,336.55,1
33698,13857,2934.78,0
33699,164,3971.65,1
33700,24926,1692.15,0
33701,869,3571.4,0
33702,19926,1179.73,0
33703,18376,4053.83,0
33704,25739,1952.31,1
33705,27707,2963.42,1
33706,6574,1035.77,1
33707,26611,668.45,1
33708,11468,514.13,1
33709,4993,3117.06,0
33710,13812,4714.24,0
33711,15863,4502.38,0
33712,24056,3991.38,1
33713,29390,404.24,1
33714,27496,2003.49,1
33715,5653,3954.97,0
33716,10595,4772.16,0
33717,30620,2224.53,1
33718,806,3096.2,1
33719,25587,2611.19,1
33720,17965,3070.45,0
33721,10574,4824.18,0
33722,21074,2407.96,1
33723,18448,2216.71,1
33724,10297,3315.73,0
33725,12603,3706.98,1
33726,8284,829.16,1
33727,5292,4681.8,0
33728,20803,2577.75,0
33729,31180,2660.96,0
33730,2047,3770.21,1
33731,24548,3220.99,0
33732,8342,3255.42,1
33733,18240,4232.23,1
33734,20698,3241.45,1
33735,18005,4841.7,1
33736,16426,4284.06,1
33737,33520,4502.69,0
33738,4290,1395.64,0
33739,10362,358.57,1
33740,4632,3658.1,0
33741,23879,4873.61,1
33742,11069,4541.22,1
33743,22590,1797.19,0
33744,29931,3683.88,0
33745,11924,3370.07,0
33746,19045,1110.21,1
33747,31117,3947.5,0
33748,7585,4748.08,1
33749,16379,1878.04,0
33750,1824,1533.6,1
33751,17470,721.98,0
33752,24754,3181.17,1
33753,28492,3576.49,0
33754,25860,241.27,1
33755,8396,3583.7,1
33756,5918,2126.65,1
33757,8190,2193.51,0
33758,14133,186.33,0
33759,28113,4870.91,0
33760,18570,207.84,1
33761,31606,1085.6,1
33762,10770,2073.23,1
33763,10618,3142.8,1
33764,3987,2526.72,1
33765,22379,3686.91,1
33766,13020,3572.6,1
33767,13532,4482.87,0
33768,18149,1391.54,0
33769,27749,394.81,0
33770,18492,1476.54,0
33771,17726,4859.65,0
33772,34359,750.49,0
33773,30772,460.59,0
33774,33433,2571.34,1
33775,11331,2146.31,1
33776,5653,3335.03,1
33777,21684,3427.16,1
33778,31169,700.54,1
33779,6228,779.64,0
33780,33491,4204.33,0
33781,4011,519.29,1
33782,6067,4119.19,1
33783,8097,3339.48,0
33784,12209,987.97,0
33785,15220,2419.3,0
33786,8523,3436.0,0
33787,11591,1415.63,1
33788,33614,672.3,1
33789,32167,581.24,0
33790,4204,1820.44,1
33791,21864,4662.27,1
33792,15029,1343.27,0
33793,16578,1646.59,0
33794,13404,139.55,1
33795,23227,2512.26,1
33796,5589,3068.14,0
33797,22872,1327.23,1
33798,30282,3283.48,1
33799,28810,4426.93,1
33800,14712,2650.84,0
33801,4443,331.61,1
33802,5276,1735.33,1
33803,4235,3691.04,0
33804,25495,3247.94,0
33805,2311,4710.57,0
33806,24683,2307.26,1
33807,28167,1096.46,0
33808,33548,1447.31,0
33809,24353,1336.55,0
33810,28014,4705.13,1
33811,15323,2009.24,1
33812,27487,1122.91,1
33813,26138,4861.97,0
33814,4533,3773.46,1
33815,28997,4584.98,0
33816,25182,1415.91,0
33817,24214,4870.78,1
33818,6361,2681.08,0
33819,12706,3511.78,0
33820,16190,1805.76,1
33821,21251,2756.26,0
33822,18330,3089.78,0
33823,31819,2289.6,1
33824,8405,4494.05,1
33825,17497,3860.97,1
33826,26257,459.65,1
33827,15584,3642.29,1
33828,13164,4747.11,1
33829,6108,4048.2,0
33830,19403,1331.65,1
33831,33035,2035.33,1
33832,18633,155.81,0
33833,6877,559.05,0
33834,6757,687.79,0
33835,7019,3810.54,0
33836,27799,351.2,1
33837,7403,3559.97,0
33838,19859,1023.18,0
33839,24507,1843.87,0
33840,16638,2289.64,0
33841,17761,3281.37,1
33842,21313,4800.83,0
33843,30979,3593.0,1
33844,28186,4063.02,1
33845,2960,4261.64,1
33846,33581,2479.75,1
33847,11742,1442.07,0
33848,14414,3097.76,0
33849,21810,562.9,0
33850,30498,2324.34,0
33851,10697,2203.11,1
33852,26817,2443.94,0
33853,27109,3568.94,0
33854,30213,4499.38,0
33855,14088,3801.09,1
33856,2508,4192.72,1
33857,27371,2159.03,1
33858,32127,2889.23,1
33859,9356,3960.4,0
33860,28436,366.15,1
33861,32008,4189.11,0
33862,20979,2551.36,0
33863,27122,2613.01,0
33864,16746,1783.99,1
33865,7641,4572.06,0
33866,26845,617.77,0
33867,12742,3102.31,1
33868,13649,2725.48,1
33869,8642,142.22,0
33870,1352,4696.51,0
33871,2001,3123.28,0
33872,27722,436.4,1
33873,31520,3123.81,1
33874,22343,4840.7,0
33875,18051,590.08,1
33876,19281,1452.52,1
33877,33222,2511.56,1
33878,15382,1658.61,1
33879,33362,280.79,0
33880,9090,1095.41,1
33881,16587,456.95,0
33882,11154,379.8,0
33883,30972,1975.53,0
33884,2906,2794.79,1
33885,26360,3457.94,1
33886,27539,3608.18,0
33887,16027,4120.66,0
33888,1483,1549.17,1
33889,32911,1756.17,1
33890,12151,2690.67,0
33891,27123,359.65,0
33892,29522,3135.41,0
33893,9019,3301.15,0
33894,6068,2259.56,1
33895,34240,1211.88,1
33896,6932,657.18,0
33897,24751,3822.19,0
33898,209,2020.22,0
33899,23122,4897.96,1
33900,7672,4389.24,0
33901,34157,4189.74,0
33902,28961,3871.32,0
33903,2382,1103.46,1
33904,11625,236.1,1
33905,1449,3106.37,0
33906,6810,1087.22,1
33907,1926,4750.48,1
33908,12331,961.38,0
33909,6396,1892.35,0
33910,2528,3162.27,0
33911,26304,2203.39,1
33912,18101,2527.71,1
33913,25952,896.55,1
33914,613,3862.38,0
33915,8160,2383.74,0
33916,19733,4585.03,1
33917,22783,4812.67,0
33918,9828,1856.52,0
33919,27135,4123.82,0
33920,6877,4869.93,1
33921,14902,3014.23,1
33922,7837,4208.0,0
33923,29834,3760.42,0
33924,25405,2202.47,0
33925,24839,1471.47,1
33926,17643,1179.58,1
33927,8664,4233.59,1
33928,10586,4199.75,0
33929,18892,910.7,0
33930,12881,2675.69,1
33931,22290,147.11,0
33932,10244,2381.65,1
33933,25390,3962.83,0
33934,27786,2752.32,0
33935,7019,346.05,0
33936,11789,3310.27,1
33937,21573,4730.69,0
33938,32995,3690.55,1
33939,24262,275.52,0
33940,26491,956.06,1
33941,2642,1009.95,1
33942,31086,774.46,1
33943,9602,4751.47,1
33944,26480,3001.39,1
33945,6126,399.57,1
33946,26819,1082.0,0
33947,11894,4337.08,1
33948,8925,1835.8,1
33949,5722,4048.07,0
33950,22612,4090.82,0
33951,23670,568.14,1
33952,19311,1944.87,0
33953,11930,376.52,1
33954,11865,2420.03,1
33955,22419,2710.5,0
33956,21660,4593.42,1
33957,17564,4872.16,0
33958,11488,3939.31,1
33959,9223,1615.96,1
33960,33568,1030.7,0
33961,5304,1431.34,1
33962,33628,4380.94,0
33963,15493,3036.78,1
33964,23244,182.19,1
33965,22045,3436.86,0
33966,20753,3899.28,0
33967,2648,125.76,0
33968,3817,1262.24,1
33969,8590,3329.22,1
33970,26785,452.39,0
33971,737,4092.21,1
33972,30924,3052.47,1
33973,32211,571.28,1
33974,26865,510.18,0
33975,29451,1937.71,1
33976,2384,3228.85,1
33977,14748,1645.3,0
33978,15925,4639.8,0
33979,10876,1169.61,1
33980,28041,273.29,0
33981,7371,4378.78,0
33982,18848,2445.74,1
33983,29317,1259.72,0
33984,2456,2205.5,0
33985,31987,111.76,0
33986,29491,4680.16,1
33987,13589,1758.04,0
33988,11051,2881.08,0
33989,34625,150.17,0
33990,5398,4877.91,0
33991,18785,2055.53,0
33992,22555,1908.07,0
33993,20742,1158.52,0
33994,9906,1994.82,1
33995,22057,3978.75,0
33996,24027,4315.82,0
33997,25267,4036.73,0
33998,2050,431.7,1
33999,13076,3552.87,1
34000,3006,4908.94,0
34001,2519,1895.43,1
34002,2943,758.99,0
34003,29565,2935.52,1
34004,22434,957.3,1
34005,4555,4451.7,0
34006,8398,1713.13,0
34007,15165,4492.49,0
34008,32164,1074.82,0
34009,14595,3779.17,1
34010,20712,4927.83,0
34011,20401,443.33,1
34012,23187,2205.11,0
34013,12764,1662.94,0
34014,4086,3740.33,0
34015,31054,3286.1,0
34016,19481,4658.62,0
34017,14857,2040.14,1
34018,31749,3957.28,0
34019,15575,2664.76,1
34020,14182,187.24,0
34021,31849,2831.01,1
34022,17558,3126.36,1
34023,23461,2590.21,0
34024,9163,2988.68,1
34025,11214,1893.88,0
34026,21496,711.77,0
34027,8020,4335.14,0
34028,8146,4933.12,1
34029,15365,2582.52,1
34030,5056,4877.85,1
34031,30509,4214.79,1
34032,26429,3738.83,0
34033,33510,495.88,1
34034,21692,1273.06,1
34035,33332,2452.24,0
34036,15903,3069.97,0
34037,9045,662.75,0
34038,776,4576.12,0
34039,32102,4459.33,0
34040,23941,1295.9,0
34041,23926,3166.42,0
34042,18311,3307.96,1
34043,17824,1483.2,1
34044,9843,1757.86,0
34045,29022,3973.41,0
34046,1333,2064.25,0
34047,18196,4782.09,1
34048,24310,2983.24,0
34049,972,1730.05,1
34050,20244,2089.95,0
34051,7504,4498.43,1
34052,18515,303.19,0
34053,11447,1615.31,0
34054,17009,4369.97,1
34055,32906,1153.3,1
34056,10621,2380.77,1
34057,30907,2990.8,0
34058,21650,2740.27,0
34059,6752,1595.67,1
34060,33509,2439.56,0
34061,29963,1728.93,0
34062,20382,131.64,0
34063,22733,751.98,1
34064,3709,543.95,0
34065,9455,971.37,0
34066,5542,1384.37,1
34067,5610,979.95,1
34068,17866,1543.64,0
34069,23753,3428.96,0
34070,6606,3442.12,0
34071,14342,392.29,1
34072,18665,295.39,1
34073,2878,1064.76,0
34074,6505,2519.58,1
34075,21935,316.59,0
34076,11798,4694.86,1
34077,30368,1272.29,0
34078,7979,3431.79,0
34079,34860,384.6,1
34080,23217,3720.33,0
34081,26161,1843.63,0
34082,19878,1620.52,0
34083,27580,3115.11,0
34084,34478,4845.35,0
34085,34448,1625.84,0
34086,8594,995.23,0
34087,11025,3681.19,0
34088,28446,4198.15,1
34089,14049,3077.98,0
34090,2192,1215.86,1
34091,29616,3122.41,1
34092,25648,2338.98,0
34093,30390,4556.35,0
34094,28720,4440.46,0
34095,22430,1379.53,1
34096,8299,1642.5,1
34097,4892,2640.26,0
34098,26940,2875.4,0
34099,15483,1303.12,0
34100,25902,4639.86,0
34101,27100,2135.18,0
34102,27423,1300.73,0
34103,25641,2481.35,0
34104,8251,4680.24,0
34105,29768,3888.88,0
34106,7936,4738.96,1
34107,33472,1891.63,1
34108,31188,403.22,0
34109,10132,2684.88,1
34110,11357,2717.22,0
34111,29093,4140.19,0
34112,32986,1970.46,0
34113,6231,3956.39,1
34114,5897,916.01,0
34115,5770,2660.08,1
34116,31198,3842.22,1
34117,8090,3791.36,0
34118,19255,2573.89,0
34119,18880,619.22,1
34120,31463,1466.91,1
34121,21650,4802.1,1
34122,23468,807.55,0
34123,14629,430.32,1
34124,25787,2822.48,0
34125,18059,410.28,1
34126,12891,4297.13,1
34127,11881,1726.22,1
34128,27896,604.88,1
34129,23808,2964.1,0
34130,34192,2780.12,1
34131,23719,3208.38,1
34132,6562,740.99,1
34133,16724,4471.54,1
34134,12597,2349.62,0
34135,23694,2907.47,0
34136,21079,3867.06,1
34137,31780,697.5,1
34138,6091,3316.13,1
34139,13089,3218.49,0
34140,828,1761.08,1
34141,1095,3002.97,0
34142,24977,3488.64,0
34143,8474,3105.34,1
34144,7356,910.62,0
34145,785,4650.17,0
34146,13303,977.48,1
34147,32435,1878.89,0
34148,27065,463.18,0
34149,33887,3768.24,0
34150,8170,1043.46,1
34151,30419,3987.76,0
34152,19825,4342.96,0
34153,6688,915.26,0
34154,23202,3170.76,1
34155,6013,173.59,0
34156,24879,3239.28,1
34157,34433,4044.02,1
34158,27950,1675.59,1
34159,19183,1630.93,1
34160,1460,4442.04,0
34161,14701,4823.09,0
34162,16390,4754.66,0
34163,30450,3290.4,0
34164,25019,550.21,1
34165,27664,2800.3,0
34166,5142,3413.62,0
34167,4653,1371.91,0
34168,17693,2017.47,0
34169,29604,1134.11,1
34170,28972,2856.9,0
34171,12013,594.47,0
34172,5802,600.85,1
34173,6938,3921.66,0
34174,23762,1830.44,0
34175,20411,414.63,0
34176,6462,3265.87,0
34177,17664,2172.58,1
34178,28375,3685.58,0
34179,23453,1512.43,1
34180,14538,1100.96,0
34181,2203,1880.25,1
34182,24384,3618.28,0
34183,22460,497.24,0
34184,30536,116.36,1
34185,23068,3661.73,0
34186,19223,923.49,1
34187,19509,818.39,1
34188,15484,1652.12,0
34189,14807,3886.79,0
34190,7926,2757.8,1
34191,511,4249.98,1
34192,2692,4969.49,0
34193,21439,3008.49,1
34194,19491,3185.18,1
34195,30727,1657.88,0
34196,3774,3717.37,0
34197,32304,4520.08,1
34198,18220,4387.79,1
34199,19381,3075.61,1
34200,29665,1713.01,0
34201,14959,1429.27,1
34202,7503,3841.22,0
34203,24745,2235.45,1
34204,20851,4270.99,1
34205,8434,1198.21,0
34206,30506,319.63,1
34207,9217,4679.46,0
34208,17825,3861.28,1
34209,28072,3968.08,1
34210,3070,2946.68,1
34211,9205,180.39,0
34212,24576,4174.9,1
34213,6194,3554.65,1
34214,26947,3391.24,0
34215,15310,4062.28,1
34216,32142,4566.2,0
34217,29482,4300.85,1
34218,2241,3744.58,0
34219,31835,813.81,0
34220,18916,4161.79,1
34221,5257,1493.16,1
34222,20753,2830.54,0
34223,11941,597.46,1
34224,5572,656.87,1
34225,8282,1350.03,1
34226,9942,3310.02,1
34227,31075,329.27,1
34228,30110,4213.25,1
34229,27721,4948.86,1
34230,1595,1271.24,0
34231,405,1561.92,1
34232,8108,4360.6,0
34233,19998,1610.66,0
34234,26343,3516.8,0
34235,3477,4435.89,0
34236,8757,4421.18,1
34237,14787,2869.13,1
34238,23310,4740.98,0
34239,19161,834.62,1
34240,2056,344.93,0
34241,20723,3420.67,0
34242,31143,3315.34,0
34243,4064,2981.71,0
34244,1524,2604.86,1
34245,9686,2445.8,1
34246,31984,1764.16,1
34247,20319,3208.02,0
34248,19374,1476.57,1
34249,3837,4202.63,0
34250,279,1431.39,1
34251,9381,586.66,1
34252,10514,1638.16,1
34253,14924,3444.58,1
34254,1232,2545.36,0
34255,4454,3683.08,0
34256,6441,2909.33,0
34257,32796,4073.06,1
34258,11950,4996.77,1
34259,12803,3771.89,0
34260,2918,2359.41,1
34261,3619,1802.71,0
34262,29660,3091.48,1
34263,18338,4363.38,0
34264,7303,2608.49,0
34265,18647,4630.61,0
34266,20162,664.2,0
34267,5786,701.46,1
34268,16508,125.88,0
34269,1362,1373.42,1
34270,31246,4889.34,1
34271,5102,2330.78,1
34272,407,3058.31,1
34273,27434,3127.56,0
34274,9466,1162.51,0
34275,5078,3471.82,0
34276,17709,2161.62,0
34277,28336,1858.79,0
34278,32243,2903.09,1
34279,24776,3191.37,1
34280,30763,887.2,1
34281,30328,3248.65,0
34282,12599,3646.6,0
34283,32153,2951.26,0
34284,14348,4180.37,0
34285,33388,3947.53,1
34286,19695,3485.52,1
34287,34042,3967.05,0
34288,11497,3070.62,1
34289,14216,484.68,1
34290,19773,1512.09,0
34291,2288,1172.24,0
34292,20977,4608.97,1
34293,3835,4297.08,0
34294,5406,3261.19,1
34295,2832,1402.69,0
34296,4441,3289.06,0
34297,28347,2454.28,1
34298,25860,3129.37,1
34299,29575,257.83,0
34300,11365,873.49,1
34301,12721,4268.37,0
34302,16836,4966.26,0
34303,26269,1536.01,1
34304,14718,4296.71,1
34305,24262,1950.4,1
34306,22218,3014.98,0
34307,14830,2804.01,1
34308,33663,3097.86,0
34309,27635,2175.13,0
34310,30373,152.04,0
34311,10893,3491.7,0
34312,22056,896.89,0
34313,6655,3963.31,0
34314,11373,4707.72,0
34315,28606,4804.0,0
34316,22075,1200.68,0
34317,28003,2987.5,0
34318,5240,3276.15,0
34319,12572,2962.54,0
34320,19803,842.27,0
34321,4577,339.06,0
34322,33904,3310.2,0
34323,2708,2404.97,0
34324,17046,4539.35,1
34325,34488,1395.91,0
34326,19112,3804.17,1
34327,25304,1954.76,0
34328,33881,722.74,0
34329,26656,1721.38,1
34330,32795,380.33,1
34331,3958,3157.78,0
34332,4373,151.91,0
34333,23728,4870.5,0
34334,4472,4099.28,1
34335,14146,755.64,1
34336,30342,3972.94,0
34337,9982,4396.42,0
34338,3159,3207.62,0
34339,16675,616.75,1
34340,24770,1844.42,0
34341,28273,510.96,1
34342,6972,174.29,1
34343,17541,1231.45,0
34344,28474,3495.91,0
34345,17651,1703.3,0
34346,23959,4370.6,1
34347,23605,4480.78,0
34348,26569,4800.62,0
34349,15715,2774.44,1
34350,15421,1731.17,1
34351,8998,3811.88,1
34352,21132,2485.42,1
34353,26531,4924.93,1
34354,29096,2980.85,1
34355,25370,4585.0,1
34356,539,968.33,1
34357,13736,2933.8,0
34358,27105,897.68,0
34359,15778,3383.6,0
34360,10906,2232.95,1
34361,1109,3037.65,1
34362,2605,136.57,1
34363,25111,3627.56,0
34364,5112,284.42,1
34365,6835,1577.66,0
34366,16068,3179.66,1
34367,31947,2512.2,0
34368,7091,4316.19,1
34369,31711,4318.93,1
34370,17094,2621.61,0
34371,889,4079.84,0
34372,18729,4773.44,1
34373,19687,2366.76,1
34374,25646,855.02,0
34375,31403,2653.12,1
34376,15951,3329.75,0
34377,4087,3907.57,1
34378,1693,2948.8,1
34379,29188,3463.11,0
34380,6662,4215.18,0
34381,19185,2473.44,0
34382,20556,2546.87,1
34383,22465,312.39,0
34384,3344,912.55,0
34385,5645,3861.22,0
34386,26783,2051.03,0
34387,17678,2462.87,1
34388,23889,2411.7,0
34389,6133,2428.57,0
34390,15385,3790.72,0
34391,12632,3018.66,1
34392,7763,4544.42,1
34393,12499,4789.76,1
34394,30220,1362.04,1
34395,2162,859.89,1
34396,19489,1276.58,1
34397,20177,2564.52,0
34398,26349,3618.99,0
34399,32197,4806.65,0
34400,25431,2331.96,0
34401,22134,3943.29,0
34402,11444,3685.28,0
34403,8065,1763.97,0
34404,133,3728.16,0
34405,27058,2395.04,0
34406,13146,1953.0,0
34407,14821,1370.34,0
34408,23385,3244.82,0
34409,19538,2647.43,0
34410,19470,396.68,0
34411,9462,4859.15,1
34412,18776,695.49,1
34413,35,4432.51,1
34414,7426,1854.78,0
34415,8971,2963.81,0
34416,4567,995.39,1
34417,11180,2247.17,1
34418,10141,2548.04,1
34419,34284,2029.89,1
34420,9046,1554.82,0
34421,8055,101.47,1
34422,8949,1555.8,0
34423,17172,3451.16,1
34424,23149,418.3,1
34425,20427,1936.97,1
34426,30536,4954.87,0
34427,26463,3390.23,0
34428,26208,1494.57,1
34429,2585,1098.8,1
34430,4804,862.52,0
34431,10245,2261.98,0
34432,148,1479.03,1
34433,8738,805.63,1
34434,23803,2762.87,1
34435,1259,3245.98,1
34436,9893,1624.95,1
34437,2278,4575.79,1
34438,34053,668.32,0
34439,22920,4417.38,1
34440,3195,2284.59,0
34441,4599,1337.31,1
34442,10952,1954.29,0
34443,19142,1018.69,1
34444,3668,4146.12,1
34445,23885,2242.42,0
34446,17871,1338.65,0
34447,9670,4856.07,1
34448,32444,4582.09,0
34449,1528,523.43,1
34450,13239,2073.4,1
34451,29122,2165.26,0
34452,28060,109.92,0
34453,33681,2533.43,1
34454,8062,4150.08,1
34455,25951,2544.3,0
34456,2919,459.65,1
34457,16519,4461.9,1
34458,20088,245.79,1
34459,19289,3635.43,0
34460,9882,550.72,0
34461,20623,3219.67,1
34462,4746,4327.29,1
34463,192,2376.98,1
34464,1710,3332.55,1
34465,29904,4884.82,1
34466,4644,2842.09,1
34467,34869,3793.14,1
34468,9062,3723.69,1
34469,9922,4630.8,0
34470,30145,3027.89,1
34471,17601,2620.89,1
34472,22566,4102.07,1
34473,22510,2042.88,0
34474,16196,4227.06,1
34475,3406,999.67,1
34476,20520,2062.11,1
34477,24543,4008.26,0
34478,16262,1972.79,0
34479,26786,3477.51,1
34480,8642,3489.8,0
34481,32283,2611.85,1
34482,2436,2783.46,0
34483,31493,369.57,0
34484,21033,3301.67,0
34485,2106,3547.72,1
34486,20176,1817.05,0
34487,16834,2385.61,0
34488,8710,2946.85,1
34489,22770,3564.04,1
34490,33104,821.26,1
34491,31369,1703.09,1
34492,4184,3729.5,0
34493,1885,1771.61,1
34494,12186,1728.74,0
34495,10596,935.92,1
34496,2740,2415.21,0
34497,6578,2668.79,0
34498,23139,4742.5,0
34499,25312,667.83,0
34500,17229,2031.22,0
34501,15493,1974.21,1
34502,31136,2347.33,0
34503,4497,2432.92,1
34504,6565,1054.48,1
34505,8251,3454.73,0
34506,22608,2307.18,1
34507,10124,1433.97,1
34508,26673,643.63,0
34509,34520,466.1,0
34510,1810,3448.21,1
34511,10774,2190.98,1
34512,28310,626.39,1
34513,33563,2009.8,0
34514,26875,4235.27,1
34515,19273,2468.22,0
34516,25710,3495.84,1
34517,23231,4744.88,0
34518,14677,540.86,1
34519,10978,1454.53,0
34520,24543,539.88,1
34521,13132,2112.81,1
34522,6042,3595.37,1
34523,17653,4469.46,0
34524,27153,2411.03,0
34525,24548,4589.65,0
34526,29433,3305.43,0
34527,29710,2751.88,1
34528,23370,4389.27,1
34529,17088,1042.34,0
34530,33423,102.41,1
34531,6880,396.5,1
34532,28808,4296.31,1
34533,12172,4272.75,1
34534,6432,3590.83,0
34535,26975,600.42,0
34536,1873,314.79,1
34537,15285,3031.98,0
34538,11770,1657.89,1
34539,10896,4125.32,0
34540,3201,2293.35,0
34541,11975,4312.03,0
34542,17421,1342.3,0
34543,19673,797.1,1
34544,4147,1545.43,1
34545,15547,3908.64,0
34546,23089,3423.92,0
34547,20503,1294.68,1
34548,25694,2865.91,0
34549,33128,1491.62,0
34550,28895,1838.21,1
34551,11479,3345.66,0
34552,23981,3145.32,0
34553,17411,1157.64,1
34554,6810,2062.16,1
34555,27368,1785.4,0
34556,27076,3323.47,1
34557,19204,2042.55,1
34558,424,3563.95,0
34559,15434,2766.89,1
34560,15279,1965.58,0
34561,27980,469.44,1
34562,17394,2210.17,1
34563,4692,2835.09,0
34564,10882,1278.48,1
34565,2574,943.43,0
34566,22836,3298.52,0
34567,17617,3475.88,0
34568,26589,3409.04,1
34569,13478,1360.58,1
34570,23378,377.31,0
34571,31726,4814.3,1
34572,3016,1851.32,0
34573,9891,3593.44,0
34574,16644,2507.38,1
34575,29860,3319.61,1
34576,23613,3584.08,1
34577,10591,4997.15,1
34578,31128,2253.78,0
34579,19238,2243.58,1
34580,18782,1797.09,1
34581,22504,4003.73,0
34582,14927,2144.72,0
34583,24316,764.41,1
34584,34014,1302.69,0
34585,17251,1859.73,1
34586,7728,4253.87,0
34587,25172,747.94,0
34588,15753,981.37,1
34589,34651,4742.04,0
34590,23284,3183.21,1
34591,25472,2807.36,0
34592,26180,1581.43,1
34593,28787,3982.88,0
34594,1006,231.52,0
34595,10311,2461.81,1
34596,23076,1931.05,0
34597,9600,2117.34,0
34598,11012,4160.97,0
34599,560,3503.92,0
34600,2486,3946.45,0
34601,17477,738.96,1
34602,13138,4634.67,0
34603,7641,4688.77,1
34604,29022,1850.93,1
34605,14610,172.12,0
34606,617,1613.22,0
34607,21780,2097.51,0
34608,14068,1827.04,1
34609,2861,975.81,1
34610,23474,623.96,0
34611,26497,1887.11,0
34612,25301,1758.23,0
34613,7577,1974.95,1
34614,5673,1161.22,0
34615,5375,3911.23,1
34616,7787,2151.93,0
34617,8980,1207.53,0
34618,24837,1163.19,0
34619,26035,1753.9,1
34620,14148,4595.61,0
34621,2619,3088.07,0
34622,13120,1200.36,1
34623,32618,1429.15,0
34624,33310,2693.81,1
34625,30361,1368.91,1
34626,14994,464.02,0
34627,7956,146.14,1
34628,1780,4372.61,0
34629,31271,4549.49,0
34630,30105,1695.13,0
34631,22458,4848.68,0
34632,15854,2339.64,0
34633,29789,4831.55,0
34634,25982,1346.36,1
34635,9430,2533.5,0
34636,33043,1469.92,1
34637,1304,1511.93,0
34638,30144,4372.58,0
34639,14831,940.35,0
34640,21275,3529.31,1
34641,1346,4710.49,1
34642,11944,1982.93,0
34643,17942,1637.32,0
34644,17725,269.33,0
34645,24155,4771.93,1
34646,11412,4408.19,1
34647,7446,4743.1,1
34648,22786,4757.76,1
34649,16628,1979.79,1
34650,26108,984.54,0
34651,855,3217.12,1
34652,23669,4512.75,0
34653,22058,2139.69,1
34654,9679,1933.55,1
34655,31273,2209.05,1
34656,13353,3007.33,0
34657,34016,384.0,1
34658,32500,1691.61,1
34659,8594,2697.21,0
34660,20131,2370.24,0
34661,301,4168.99,1
34662,34596,825.1,1
34663,18251,4110.58,1
34664,34095,1193.87,0
34665,27943,197.05,1
34666,25309,3743.83,0
34667,34504,3780.72,0
34668,218,1281.83,1
34669,28088,1403.1,0
34670,6348,3580.86,0
34671,5508,1918.33,1
34672,22643,1174.33,1
34673,10823,4809.15,0
34674,29858,4461.49,1
34675,31744,3012.4,0
34676,29611,322.99,0
34677,1606,3646.47,1
34678,2639,4901.51,0
34679,33029,854.88,1
34680,18365,695.94,0
34681,29666,1286.94,0
34682,21988,2481.97,0
34683,10788,2274.26,0
34684,10458,1180.37,0
34685,1220,3358.83,1
34686,12013,439.22,1
34687,21120,2641.09,1
34688,14357,1420.77,1
34689,26172,2598.19,1
34690,17341,3581.47,1
34691,29295,3402.13,1
34692,3522,4136.1,1
34693,25345,2697.1,0
34694,9117,3587.92,0
34695,7045,1882.41,0
34696,24887,1485.58,1
34697,10607,3786.36,0
34698,22255,2167.94,1
34699,15957,502.79,0
34700,16461,2030.24,0
34701,26402,529.07,0
34702,9520,3582.68,1
34703,5260,270.0,0
34704,26241,3490.23,1
34705,15615,1865.82,1
34706,24761,2974.94,1
34707,18167,3469.74,0
34708,29377,2281.25,0
34709,8877,2300.16,0
34710,21379,3641.41,1
34711,1487,3686.22,0
34712,33769,3633.82,1
34713,19579,596.08,0
34714,12573,1018.31,0
34715,20604,2828.94,0
34716,2023,3334.41,1
34717,32071,4595.72,1
34718,23330,3336.22,1
34719,4549,2684.75,1
34720,10053,4849.78,0
34721,14219,3146.55,0
34722,17223,2092.56,1
34723,3319,1600.27,0
34724,13945,3104.47,1
34725,18614,4176.08,0
34726,20214,4920.23,0
34727,13915,270.58,1
34728,16293,4766.55,0
34729,6974,4270.55,1
34730,11419,383.38,1
34731,7370,1509.59,0
34732,22547,4898.01,0
34733,3825,4690.02,1
34734,11167,1589.36,0
34735,30237,2694.21,0
34736,33254,4089.51,0
34737,10394,442.62,0
34738,18968,3101.51,1
34739,8655,1721.82,1
34740,12057,3303.77,1
34741,5506,749.69,1
34742,23172,102.76,1
34743,22864,1630.83,0
34744,15880,127.78,0
34745,11072,2979.86,1
34746,1266,3517.45,1
34747,12089,3380.31,1
34748,19911,4304.04,0
34749,14003,950.26,1
34750,17962,4264.61,0
34751,25926,4697.08,0
34752,24325,4023.88,1
34753,13284,1497.45,0
34754,1726,2931.22,1
34755,18359,702.09,1
34756,31636,1773.19,1
34757,4783,1527.05,0
34758,16706,4315.7,0
34759,2679,1665.44,0
34760,5688,3021.43,0
34761,27798,2020.99,0
34762,7659,3700.02,0
34763,33471,3921.47,1
34764,10921,3503.91,1
34765,11001,1987.66,1
34766,14347,3619.74,0
34767,16896,2501.12,0
34768,31682,579.87,1
34769,30993,472.67,1
34770,15463,2517.83,0
34771,34781,3074.35,0
34772,20715,1831.35,1
34773,4497,355.41,0
34774,34081,4045.77,1
34775,3262,364.52,1
34776,6134,3938.25,0
34777,22832,4768.28,0
34778,1899,1271.22,1
34779,10988,4157.33,1
34780,19188,1108.25,1
34781,2035,4284.37,1
34782,1700,147.06,0
34783,978,1281.61,1
34784,4743,4920.28,1
34785,13311,1339.56,1
34786,16490,889.93,0
34787,2185,4836.31,1
34788,28989,4717.77,1
34789,14442,4045.62,1
34790,6235,501.74,1
34791,14666,776.78,0
34792,32317,1130.63,1
34793,14015,2261.87,1
34794,21561,3754.1,0
34795,5823,3846.22,0
34796,32327,997.88,0
34797,4652,4209.07,1
34798,30710,336.52,0
34799,22999,1203.02,0
34800,3616,4684.36,1
34801,22791,3401.04,0
34802,1832,4941.75,1
34803,4052,1215.85,0
34804,11889,4676.19,0
34805,3925,3380.79,0
34806,28974,3309.22,0
34807,11477,2891.34,0
34808,31374,4535.54,1
34809,16434,3632.09,1
34810,5978,2657.7,0
34811,27769,4191.86,0
34812,9200,217.16,0
34813,1893,2725.52,1
34814,4952,122.88,1
34815,7475,1038.35,0
34816,31656,3679.17,1
34817,10179,3418.13,1
34818,16266,3546.44,1
34819,5577,861.99,0
34820,28049,2852.53,0
34821,20678,777.88,1
34822,26956,1832.83,1
34823,25700,4938.82,1
34824,22008,3226.69,1
34825,32877,3906.99,0
34826,9048,4283.84,1
34827,25655,763.28,1
34828,7358,3028.61,1
34829,11461,3810.6,1
34830,30638,749.89,0
34831,34045,4037.69,1
34832,24576,3139.9,0
34833,21313,1192.11,0
34834,31811,2094.39,0
34835,32953,1438.02,0
34836,7285,1392.83,1
34837,14728,1118.81,0
34838,25256,504.98,1
34839,28996,4423.37,1
34840,8079,3597.46,1
34841,10485,1204.55,1
34842,2761,1181.21,0
34843,28005,4160.92,1
34844,9697,126.64,0
34845,25055,1997.64,0
34846,3871,3999.01,1
34847,15085,608.83,1
34848,26178,1221.94,1
34849,30428,346.6,0
34850,31920,4021.44,0
34851,4507,3519.92,0
34852,27958,3149.04,1
34853,11138,1697.16,0
34854,30074,4206.42,1
34855,27975,4081.79,0
34856,22802,630.56,1
34857,18836,1824.74,0
34858,18193,1186.88,1
34859,4685,1037.48,0
34860,22676,2037.24,0
34861,10310,1874.95,0
34862,28264,335.69,0
34863,23916,3848.53,0
34864,15765,2911.3,1
34865,29580,4349.33,0
34866,22724,2625.44,0
34867,4796,187.32,0
34868,24573,4377.92,1
34869,5685,3107.48,1
34870,29541,2999.98,1
34871,26311,1835.84,0
34872,28961,4866.69,0
34873,2824,1187.18,0
34874,15744,3566.54,1
34875,23648,322.83,0
34876,34066,2625.25,1
34877,13759,1495.68,0
34878,22295,3337.02,0
34879,13674,2520.3,1
34880,25811,200.84,0
34881,12893,2120.97,0
34882,17496,296.15,1
34883,34996,3009.8,1
34884,4143,191.11,1
34885,29078,4073.9,0
34886,13625,1488.52,0
34887,29230,4472.83,0
34888,28591,839.96,1
34889,20422,462.31,0
34890,33740,1599.19,1
34891,21874,1740.89,0
34892,17035,4979.52,0
34893,27836,679.54,1
34894,15111,3576.29,0
34895,7630,4782.98,1
34896,2758,414.9,1
34897,25791,2902.48,0
34898,32494,585.79,1
34899,9108,835.0,0
34900,19378,140.68,1
34901,22594,2664.75,1
34902,7866,1632.11,1
34903,34947,3859.15,0
34904,5470,3304.17,1
34905,10350,2047.26,1
34906,26835,2148.38,1
34907,33763,1769.81,1
34908,25856,3307.4,0
34909,30150,1244.31,0
34910,14113,743.37,1
34911,3574,4194.38,1
34912,20822,1579.55,0
34913,9624,2657.65,0
34914,11305,677.35,1
34915,28990,546.24,0
34916,28884,1665.41,1
34917,27276,3884.06,1
34918,33110,2536.83,1
34919,17752,3244.12,1
34920,31295,1554.96,0
34921,21646,245.15,1
34922,33852,215.21,1
34923,32518,2087.03,0
34924,34640,2283.86,0
34925,10624,697.52,1
34926,33915,687.97,1
34927,5330,2075.85,0
34928,7521,3761.07,1
34929,5266,3178.91,1
34930,2534,4843.46,0
34931,6265,2058.78,1
34932,26767,3030.27,0
34933,25215,779.05,0
34934,7816,1840.11,1
34935,17980,2827.48,1
34936,13424,1816.46,1
34937,32042,425.81,0
34938,17619,3060.26,0
34939,18231,1076.0,1
34940,12492,1839.91,0
34941,3101,716.27,1
34942,11762,4423.7,1
34943,13436,199.36,1
34944,26922,1346.15,0
34945,33223,2649.9,0
34946,1011,228.96,1
34947,32794,2041.55,1
34948,31708,3606.38,0
34949,28367,499.98,0
34950,16542,4191.49,0
34951,13501,3584.98,0
34952,18650,4442.19,0
34953,22275,3710.38,0
34954,25365,1166.82,0
34955,30264,1269.16,0
34956,6437,3745.46,0
34957,21926,2267.04,0
34958,28724,4563.93,0
34959,6970,4437.35,1
34960,20135,1317.3,1
34961,19559,3572.39,0
34962,34481,4813.42,1
34963,21662,2948.2,0
34964,22814,3791.83,0
34965,6883,3984.74,0
34966,20373,1686.65,1
34967,14037,3952.31,0
34968,16776,1759.54,1
34969,1815,4813.7,1
34970,9636,1415.01,1
34971,16395,4797.32,0
34972,17427,3670.72,0
34973,4063,604.59,0
34974,5188,4660.91,0
34975,9891,1216.64,1
34976,263,4020.56,1
34977,4503,2557.76,1
34978,24929,2557.11,1
34979,7577,1973.66,0
34980,16183,626.42,1
34981,8028,3058.14,0
34982,32532,2203.53,0
34983,10350,1603.19,0
34984,14148,1519.53,1
34985,9226,3983.09,1
34986,24855,4953.3,1
34987,10990,1408.35,0
34988,21853,1711.74,1
34989,29758,1982.25,1
34990,30764,1051.99,1
34991,32089,4634.06,1
34992,27020,4230.9,0
34993,17419,3823.64,1
34994,26389,4918.6,0
34995,23989,3320.68,1
34996,5241,3524.02,0
34997,2428,2080.75,0
34998,7077,1861.76,0
34999,20408,4501.36,1
35000,19507,1915.04,1
