hr_event_id,region_id,required_technicians,availability_rate
1,16280,10,0.69
2,15971,12,0.32
3,19527,2,0.88
4,21740,16,0.03
5,27626,7,0.56
6,20705,2,0.45
7,14887,5,0.1
8,22228,6,0.77
9,2149,16,0.33
10,7224,14,0.94
11,28028,5,0.91
12,19977,1,0.56
13,17979,5,0.91
14,28977,17,0.44
15,31780,4,0.81
16,1649,15,0.82
17,11543,12,0.23
18,30096,18,0.37
19,29325,5,0.9
20,19456,10,0.59
21,2782,14,0.58
22,16795,15,0.22
23,3567,14,0.58
24,27392,16,0.72
25,25643,16,0.67
26,21919,16,0.65
27,9635,3,0.82
28,5457,14,0.0
29,8142,11,0.68
30,19128,19,0.68
31,28990,1,0.41
32,16101,9,0.86
33,10053,13,0.79
34,26518,3,0.47
35,15220,8,0.45
36,2513,4,0.94
37,3948,14,0.63
38,24565,12,0.33
39,18786,6,0.65
40,18262,16,0.76
41,333,11,0.36
42,11995,8,0.92
43,28707,5,0.34
44,24289,5,0.96
45,8410,2,0.34
46,28304,4,0.77
47,2593,16,0.1
48,20267,16,0.66
49,4981,6,0.79
50,3844,18,0.89
51,28671,15,0.45
52,23834,15,0.45
53,28440,14,0.9
54,20287,18,0.19
55,13987,1,0.93
56,7153,12,0.52
57,9612,10,0.15
58,2281,12,0.19
59,22058,14,0.39
60,28986,13,0.46
61,17468,1,0.57
62,519,13,0.47
63,22355,15,0.45
64,26364,13,0.32
65,5751,17,0.24
66,27544,12,0.55
67,7667,4,0.98
68,24001,3,0.54
69,25833,15,0.0
70,3249,12,0.72
71,21366,19,0.26
72,16991,12,0.34
73,18398,3,0.01
74,23752,15,0.99
75,15596,16,0.44
76,679,10,0.61
77,15828,8,0.96
78,29265,18,0.02
79,4488,9,0.85
80,3852,5,0.96
81,34348,8,0.25
82,33902,16,0.04
83,5979,17,0.5
84,20309,14,0.22
85,16240,18,0.17
86,6237,4,0.33
87,34065,16,0.09
88,17378,4,0.33
89,11125,6,0.99
90,33133,1,0.23
91,32374,7,0.02
92,27971,7,0.49
93,24424,13,0.7
94,18015,9,0.85
95,28357,18,0.94
96,12632,9,0.86
97,7866,19,0.48
98,9436,4,0.46
99,1199,10,0.24
100,34497,6,0.2
101,16566,14,0.88
102,1398,15,0.69
103,30019,4,0.55
104,31291,17,0.52
105,9259,7,0.57
106,10741,19,0.99
107,17141,6,0.2
108,6312,3,0.23
109,15158,13,0.33
110,29271,18,0.83
111,22119,9,0.09
112,21456,16,0.7
113,32614,18,0.32
114,28913,5,0.16
115,16042,15,0.56
116,32927,5,0.09
117,5894,11,0.5
118,27348,9,0.94
119,34165,10,0.48
120,23589,1,0.86
121,17646,13,0.69
122,17579,16,0.3
123,33507,17,0.19
124,1220,15,0.26
125,21257,18,0.2
126,23953,10,0.91
127,33941,16,0.22
128,7610,17,0.26
129,11037,9,0.01
130,13236,17,0.09
131,11679,12,0.56
132,10172,2,0.89
133,18384,13,0.64
134,16159,17,0.38
135,29230,15,0.54
136,10880,8,0.21
137,2957,14,0.78
138,31589,12,0.49
139,2855,10,0.26
140,19161,5,0.47
141,8563,2,0.88
142,8168,19,0.22
143,34305,6,0.96
144,15993,13,0.73
145,17036,4,0.32
146,22450,8,0.69
147,11267,6,0.41
148,5308,8,0.26
149,27680,10,0.18
150,1515,15,0.61
151,3028,11,0.14
152,32510,9,0.18
153,21160,9,0.69
154,30335,13,0.59
155,34954,19,0.86
156,31781,6,0.14
157,18983,19,0.89
158,7646,5,0.84
159,8321,7,0.66
160,10803,14,0.44
161,28824,6,0.11
162,22169,18,0.51
163,30785,14,0.84
164,20011,7,0.94
165,32384,17,0.56
166,29719,9,0.24
167,918,17,0.61
168,28730,11,0.72
169,29671,12,0.74
170,3968,13,0.3
171,26561,4,0.13
172,299,3,0.25
173,29249,2,0.78
174,1146,18,0.36
175,2132,10,0.82
176,3730,4,0.75
177,25552,4,0.15
178,1512,1,0.84
179,25374,12,0.65
180,3969,8,0.44
181,10301,16,0.48
182,12787,8,1.0
183,23066,14,0.18
184,18676,14,0.04
185,16623,14,0.47
186,9043,10,0.19
187,31396,3,0.33
188,22082,11,0.0
189,8030,4,0.47
190,26764,12,0.41
191,32560,16,0.75
192,33240,16,0.5
193,31792,9,0.06
194,14404,12,0.78
195,1584,16,0.61
196,34998,16,0.56
197,30620,2,0.3
198,16366,2,0.91
199,2263,7,0.09
200,18007,17,0.31
201,30178,12,0.03
202,22534,4,0.65
203,26254,19,0.92
204,3609,8,0.29
205,18882,4,0.38
206,15929,17,0.5
207,22949,18,0.94
208,11119,3,0.05
209,24424,4,0.24
210,32452,1,0.83
211,18885,13,0.5
212,29658,19,0.21
213,18873,14,0.58
214,17129,5,0.04
215,7025,2,0.75
216,2586,2,0.67
217,7725,1,0.43
218,33493,3,0.54
219,14559,4,0.39
220,17737,3,0.34
221,17261,16,0.98
222,18317,4,0.67
223,13491,1,0.4
224,27106,2,0.98
225,24757,15,0.36
226,30956,3,0.74
227,34883,19,0.22
228,25066,9,0.22
229,31830,19,0.88
230,19323,2,0.22
231,34414,19,0.64
232,20515,1,0.76
233,10939,13,0.9
234,17945,14,0.12
235,31538,11,0.4
236,10593,11,0.89
237,24083,18,0.63
238,22905,1,0.13
239,30426,9,0.53
240,8699,12,0.5
241,1372,11,0.68
242,16055,10,0.36
243,13923,13,0.29
244,7918,12,0.29
245,3971,11,0.45
246,2654,16,0.78
247,2103,19,0.79
248,31999,14,0.08
249,32253,16,0.58
250,17571,4,0.4
251,31085,15,0.04
252,24671,1,0.76
253,2105,2,0.48
254,32795,5,0.79
255,15067,18,0.93
256,18833,12,0.84
257,33846,1,0.58
258,11909,11,0.3
259,16156,6,0.05
260,15748,18,0.68
261,13013,16,0.97
262,21788,19,0.65
263,32548,14,0.05
264,23571,5,0.1
265,30570,2,0.37
266,898,2,0.52
267,20973,8,0.45
268,19847,11,0.01
269,13961,1,0.58
270,8150,9,0.36
271,7577,17,0.59
272,32048,3,0.97
273,32253,2,0.81
274,16603,16,0.57
275,4381,16,0.12
276,11891,13,0.78
277,1963,13,0.09
278,14886,15,0.71
279,2255,19,0.94
280,24278,12,0.58
281,12939,19,0.24
282,24003,3,0.42
283,8697,6,0.94
284,23329,3,0.6
285,34407,6,0.86
286,11637,6,0.59
287,29017,10,0.43
288,19713,15,0.76
289,26844,4,0.19
290,25674,10,0.47
291,22409,15,0.79
292,14498,11,0.35
293,33191,5,0.87
294,801,9,0.45
295,13348,9,0.74
296,32063,1,0.95
297,26606,14,0.7
298,12353,2,0.19
299,22464,6,0.93
300,13074,8,0.62
301,18053,12,0.26
302,24277,6,0.54
303,3571,10,0.78
304,32603,14,0.79
305,27728,4,0.39
306,14838,7,0.05
307,28983,2,0.89
308,9752,6,0.67
309,12191,9,0.41
310,374,1,0.69
311,32619,18,0.8
312,13218,19,0.91
313,26163,4,0.13
314,1856,16,0.83
315,1964,17,0.47
316,28619,12,0.22
317,13317,10,0.64
318,5175,3,0.3
319,24186,19,0.13
320,14620,3,0.2
321,3342,12,0.84
322,26197,12,0.29
323,25424,7,0.3
324,11612,8,0.77
325,17511,16,0.41
326,11675,14,0.95
327,11913,4,0.04
328,14409,10,0.91
329,14997,6,0.38
330,19511,18,0.78
331,4040,4,0.77
332,33428,18,0.91
333,4776,5,0.97
334,22650,17,0.64
335,1328,14,0.14
336,33341,8,0.65
337,5675,11,0.26
338,31800,18,0.05
339,11148,10,0.3
340,34,11,0.19
341,4247,12,0.48
342,23471,3,0.12
343,4541,12,0.25
344,15014,15,0.85
345,22674,13,0.84
346,17529,7,0.02
347,28023,14,0.1
348,20717,9,0.31
349,4233,5,0.46
350,1101,14,0.03
351,1244,9,0.42
352,25345,7,0.06
353,19016,12,0.65
354,25203,17,0.76
355,21763,19,0.11
356,33482,7,0.42
357,16433,6,0.56
358,2387,18,0.02
359,26355,6,0.91
360,10013,12,0.79
361,19616,4,0.48
362,33535,1,0.97
363,27843,6,0.16
364,23245,14,0.56
365,18239,16,0.82
366,10939,5,0.67
367,1636,12,0.96
368,22564,13,0.35
369,26091,11,0.91
370,11367,10,0.18
371,19393,1,0.19
372,24107,17,0.53
373,296,8,0.8
374,5404,3,0.53
375,21800,19,0.26
376,21599,16,0.35
377,20946,18,0.44
378,9492,2,0.63
379,30829,1,0.03
380,23903,16,0.77
381,26857,18,0.73
382,34034,12,0.98
383,21641,3,0.22
384,15869,6,0.35
385,27262,2,0.41
386,26267,18,1.0
387,26060,5,0.93
388,13716,4,0.85
389,21567,19,0.83
390,2138,15,0.5
391,29202,7,0.95
392,18935,18,0.59
393,25232,14,0.48
394,14253,13,0.96
395,22658,11,0.47
396,1736,6,0.14
397,4181,18,0.0
398,17463,6,0.22
399,31028,10,0.45
400,17619,9,0.34
401,33504,17,0.55
402,18577,19,0.27
403,27048,10,0.17
404,17056,3,0.89
405,27156,18,0.39
406,28525,16,0.58
407,23842,10,0.59
408,30191,12,0.91
409,6886,18,0.46
410,28029,19,0.76
411,16558,6,0.05
412,7445,5,0.09
413,21264,14,0.79
414,28709,11,0.5
415,19307,7,0.09
416,11907,8,0.11
417,9719,9,0.19
418,7780,8,0.16
419,5384,4,0.88
420,14047,19,0.29
421,15852,5,0.62
422,24772,12,0.19
423,7702,15,0.9
424,34076,17,0.04
425,29374,10,0.13
426,24260,12,0.29
427,1893,19,0.71
428,25867,11,0.58
429,27705,16,0.65
430,15002,13,0.25
431,31858,8,0.43
432,6909,11,0.4
433,25970,6,0.73
434,25756,13,0.13
435,1521,5,0.46
436,11478,19,0.42
437,10912,1,0.51
438,14172,11,0.9
439,6122,11,0.29
440,14549,6,0.65
441,20950,2,0.98
442,13272,1,0.36
443,19552,10,0.06
444,10932,12,0.62
445,29598,11,0.91
446,32166,5,0.82
447,804,17,0.59
448,28265,5,0.35
449,6322,16,0.99
450,32879,19,0.45
451,27863,8,0.59
452,14936,18,0.76
453,19659,12,0.19
454,16006,13,0.77
455,16324,4,0.84
456,20006,11,0.43
457,7633,4,0.92
458,3675,8,0.33
459,2920,19,0.18
460,1320,1,0.09
461,20863,3,0.88
462,16116,15,0.78
463,1420,14,0.31
464,16186,11,0.43
465,30991,8,0.95
466,10208,6,0.99
467,12553,16,0.41
468,28028,4,0.19
469,11854,13,0.81
470,23800,11,0.21
471,10438,19,0.85
472,3916,6,0.26
473,12056,19,0.09
474,7199,4,0.95
475,23776,4,0.67
476,8137,13,0.43
477,13432,9,0.86
478,27351,1,0.87
479,26481,16,0.71
480,21865,14,0.33
481,7528,15,0.59
482,34645,9,0.18
483,4899,6,0.99
484,33764,18,0.4
485,909,10,0.02
486,34948,11,0.98
487,30294,4,0.4
488,18057,5,0.79
489,12366,1,0.47
490,24243,10,0.68
491,4458,14,0.1
492,24466,16,0.67
493,33926,18,0.48
494,17506,13,0.29
495,2558,18,0.32
496,5367,4,0.55
497,30878,10,0.24
498,3606,10,0.85
499,15547,4,0.13
500,23086,8,0.39
501,23739,8,0.75
502,31843,5,0.61
503,3428,10,0.37
504,2168,2,0.57
505,14411,18,0.31
506,12758,9,0.96
507,5884,3,0.52
508,20171,2,0.46
509,29765,12,0.23
510,20182,19,0.2
511,18705,15,0.83
512,19770,16,0.15
513,28385,11,0.7
514,10748,2,0.79
515,34743,17,0.67
516,13538,3,0.36
517,12134,16,0.52
518,8126,10,0.83
519,27112,15,0.92
520,34483,19,0.12
521,25268,13,0.53
522,12623,1,0.8
523,5798,5,0.74
524,10858,4,0.44
525,22508,16,0.76
526,25686,12,0.97
527,29233,7,0.72
528,28757,19,0.59
529,27843,2,0.13
530,28020,14,0.16
531,11085,7,0.55
532,2805,3,0.54
533,10223,5,0.69
534,25447,17,0.91
535,21998,9,0.81
536,8058,6,0.32
537,20253,2,0.04
538,6035,13,0.12
539,27224,3,0.07
540,23749,15,0.31
541,21721,15,0.01
542,5448,2,0.71
543,9315,9,0.17
544,3744,8,0.92
545,12426,4,0.95
546,29265,7,0.15
547,12345,5,0.23
548,958,12,0.57
549,11101,11,0.12
550,16883,10,0.44
551,14188,4,0.13
552,11805,8,0.08
553,18277,2,0.43
554,29957,11,0.14
555,9745,17,0.83
556,24865,6,0.85
557,17415,16,0.77
558,11748,18,0.89
559,8444,13,0.36
560,556,11,0.15
561,3047,4,0.53
562,2606,10,0.05
563,32603,9,0.7
564,18212,10,0.61
565,10705,7,0.8
566,19244,13,0.14
567,27261,4,0.54
568,33886,13,0.66
569,5104,18,0.22
570,255,19,0.74
571,14117,11,0.47
572,27465,3,0.05
573,32361,3,0.37
574,6861,1,0.74
575,23926,8,0.57
576,27639,12,0.78
577,10434,12,0.33
578,11796,11,0.12
579,25950,19,0.53
580,14260,3,0.34
581,12240,2,0.49
582,28539,7,0.51
583,21310,2,0.71
584,8245,15,0.96
585,16754,2,0.94
586,22254,6,0.55
587,11268,19,0.42
588,3443,17,0.39
589,31940,8,0.38
590,5270,13,0.28
591,1245,9,0.05
592,19063,16,0.8
593,32474,10,0.05
594,22746,15,0.64
595,34992,13,0.96
596,22975,8,0.06
597,19442,2,0.21
598,504,1,0.11
599,10518,4,0.23
600,27030,3,0.12
601,3753,8,0.9
602,15430,19,0.1
603,3286,7,0.01
604,25642,18,0.06
605,10096,4,0.03
606,31238,11,0.46
607,9908,4,0.38
608,30225,17,0.24
609,29394,18,0.98
610,6516,16,0.51
611,20935,16,0.56
612,31969,16,0.99
613,20521,17,0.7
614,748,15,0.28
615,34990,9,0.15
616,21319,2,0.17
617,14930,5,0.49
618,23174,2,0.01
619,9807,15,0.51
620,28479,19,0.02
621,197,3,0.88
622,9952,4,0.59
623,31600,10,0.14
624,10422,14,0.06
625,8645,8,0.4
626,16772,7,0.1
627,766,11,0.75
628,2716,7,0.84
629,625,6,0.63
630,22635,4,0.09
631,30208,12,0.17
632,1071,17,0.03
633,27331,16,0.61
634,19923,16,0.36
635,9805,12,0.1
636,1176,1,0.35
637,1029,16,0.3
638,27443,7,0.85
639,17539,16,0.26
640,11148,9,0.38
641,15688,8,0.86
642,10109,5,0.59
643,25132,15,0.21
644,18070,11,0.72
645,4020,2,0.5
646,27465,13,0.36
647,20531,5,0.87
648,6096,3,0.47
649,28861,4,0.14
650,32483,19,0.67
651,4479,3,0.03
652,29320,18,0.43
653,15413,17,0.75
654,27045,1,0.73
655,26245,6,0.01
656,25418,4,0.1
657,30321,17,0.53
658,3357,13,0.1
659,22823,13,0.29
660,15553,17,0.37
661,13479,17,0.68
662,32375,3,0.6
663,3941,2,1.0
664,21812,2,0.71
665,18070,11,0.79
666,28208,5,0.61
667,16589,9,0.69
668,23673,1,0.12
669,2910,7,0.48
670,32694,10,0.46
671,33995,12,0.3
672,9520,17,0.66
673,4792,10,0.83
674,6206,5,0.66
675,29820,15,0.43
676,1174,7,0.19
677,6002,2,0.14
678,10074,2,0.99
679,24147,19,0.15
680,11995,1,0.29
681,16211,10,0.46
682,3588,3,0.95
683,20244,1,0.05
684,17048,11,0.08
685,17533,19,0.46
686,2583,11,0.44
687,22173,4,0.85
688,21403,12,0.24
689,17744,17,0.87
690,29495,3,0.6
691,24979,7,0.97
692,7580,4,0.82
693,22769,17,0.56
694,15062,2,0.61
695,12534,4,0.72
696,26219,11,0.95
697,10288,11,0.37
698,5767,14,0.94
699,26285,13,0.38
700,530,9,0.7
701,8977,6,0.35
702,12111,2,0.17
703,4560,15,0.69
704,21054,4,0.73
705,25751,13,0.49
706,21415,16,0.3
707,33081,19,0.88
708,24994,16,0.15
709,9708,11,0.16
710,29904,9,0.56
711,18915,8,0.46
712,10944,13,0.14
713,431,19,0.94
714,7353,7,0.76
715,18307,11,0.05
716,12918,4,0.49
717,13034,9,0.25
718,24452,9,0.28
719,13143,13,0.77
720,13026,13,0.89
721,18921,7,0.27
722,28544,17,0.9
723,8731,2,0.91
724,28974,13,0.81
725,30978,8,0.73
726,15096,2,0.07
727,18763,3,0.44
728,24484,14,0.15
729,12246,8,0.11
730,24393,16,0.84
731,34062,16,0.25
732,29323,15,0.12
733,25940,19,0.81
734,19434,3,0.21
735,4683,13,0.37
736,971,6,0.4
737,23932,12,0.75
738,5347,10,0.76
739,31473,12,0.81
740,15283,16,0.5
741,34518,15,0.4
742,33864,1,0.63
743,22773,2,0.44
744,18831,3,0.74
745,31176,19,0.58
746,23441,3,0.91
747,13612,17,0.3
748,6730,18,0.56
749,13231,16,0.46
750,12409,3,0.17
751,22572,17,0.89
752,18416,7,0.75
753,8092,5,0.61
754,7979,1,0.48
755,18074,2,0.73
756,11340,7,0.68
757,24740,12,0.07
758,34870,11,0.37
759,6742,10,0.41
760,20516,8,0.74
761,1364,17,0.99
762,9544,7,0.88
763,771,10,0.66
764,34055,2,0.41
765,9228,17,0.63
766,25355,3,0.93
767,32430,12,0.45
768,29505,6,0.06
769,8259,16,0.02
770,24255,17,0.65
771,22100,12,0.27
772,23482,19,0.12
773,21845,17,0.1
774,577,15,0.97
775,31254,9,0.38
776,23291,17,0.6
777,23051,7,0.42
778,23631,3,0.99
779,26134,13,0.5
780,1580,18,0.97
781,11499,2,0.66
782,29955,15,0.53
783,16818,11,0.42
784,2051,1,0.93
785,20548,5,0.87
786,18762,15,0.07
787,10994,5,0.41
788,24840,14,0.74
789,7522,1,0.64
790,8440,13,0.44
791,22536,15,0.96
792,26694,6,0.64
793,24825,16,0.99
794,28415,9,0.53
795,32672,8,0.84
796,24875,7,0.16
797,28407,17,0.93
798,28624,4,0.49
799,4623,8,0.55
800,11076,6,0.31
801,22185,13,0.66
802,15625,8,0.84
803,28320,15,0.79
804,17927,7,0.17
805,4424,1,0.02
806,13549,7,0.2
807,11793,13,0.18
808,12073,4,0.84
809,26008,19,0.97
810,23973,7,0.91
811,31237,17,0.31
812,9084,17,0.99
813,19244,4,0.35
814,17002,4,0.79
815,11262,12,0.25
816,18138,8,0.99
817,10788,13,0.38
818,16987,3,0.52
819,12292,5,0.4
820,3547,16,0.79
821,2442,18,0.64
822,18246,1,0.38
823,16538,7,0.33
824,18901,3,0.83
825,28089,14,0.11
826,30826,4,0.42
827,1199,1,0.87
828,27267,8,0.73
829,21704,6,0.55
830,22946,18,0.53
831,18701,5,0.89
832,17498,12,0.92
833,21868,14,0.87
834,13997,8,1.0
835,13418,11,0.39
836,23127,10,0.05
837,34313,17,0.29
838,32895,8,0.52
839,4657,7,0.49
840,32055,7,0.95
841,10668,17,0.08
842,3919,6,0.03
843,15731,17,0.1
844,15192,9,0.32
845,15198,10,0.71
846,24810,13,0.13
847,29043,9,0.7
848,4711,13,0.49
849,29149,2,0.34
850,28212,16,0.22
851,22970,18,0.53
852,34163,9,0.63
853,20326,11,0.09
854,2718,1,0.39
855,11544,6,0.44
856,11193,2,0.74
857,13202,14,0.08
858,31836,8,0.34
859,18059,5,0.58
860,19161,12,0.21
861,2793,8,0.41
862,23639,11,0.26
863,15121,3,0.86
864,24559,9,0.26
865,12139,18,0.5
866,10811,8,0.47
867,26431,12,0.01
868,7013,5,0.76
869,5870,3,0.79
870,23693,9,0.25
871,21229,2,0.03
872,8734,2,0.5
873,8347,13,0.45
874,28976,16,0.0
875,12129,14,0.86
876,2930,19,0.83
877,28973,13,0.12
878,2265,12,0.28
879,1722,14,0.2
880,13010,15,0.65
881,21337,7,0.18
882,4340,6,0.47
883,25370,18,0.47
884,9043,2,0.84
885,22600,16,0.83
886,22389,3,0.43
887,18256,9,0.21
888,16557,9,0.81
889,13466,9,0.77
890,21853,19,0.73
891,2462,3,0.82
892,24898,17,0.5
893,12346,6,0.43
894,31680,16,0.65
895,141,16,0.92
896,4279,19,0.68
897,34209,1,0.05
898,34629,16,0.84
899,26912,4,0.88
900,18083,1,0.9
901,26035,2,0.38
902,6395,5,0.79
903,11661,18,0.26
904,22262,2,0.97
905,24685,13,0.35
906,15621,13,0.7
907,2018,1,0.78
908,9386,17,0.4
909,28883,16,0.76
910,9881,5,0.61
911,1953,9,0.09
912,26246,15,0.29
913,30684,4,0.76
914,20826,14,0.95
915,10143,10,0.44
916,31825,18,0.01
917,13646,10,0.42
918,13607,1,0.49
919,22774,10,0.95
920,9499,16,0.32
921,25506,16,0.51
922,26778,16,0.45
923,5052,5,0.12
924,3546,1,0.98
925,16617,9,0.27
926,4161,10,0.81
927,9936,8,0.53
928,6873,15,0.76
929,21814,13,0.88
930,10439,13,0.98
931,8805,15,0.24
932,4767,11,0.39
933,863,8,0.93
934,1665,16,0.82
935,4577,17,0.55
936,3468,8,0.07
937,8480,18,0.24
938,14565,16,0.1
939,32541,2,0.7
940,33692,5,0.92
941,18032,17,0.4
942,23717,1,0.17
943,22419,4,0.17
944,7043,19,0.45
945,34542,15,0.76
946,33314,9,0.37
947,28924,2,0.78
948,11620,12,0.18
949,31872,15,0.38
950,29760,7,0.83
951,14081,16,0.84
952,19685,10,0.11
953,34874,8,0.19
954,20927,14,0.93
955,20582,13,0.71
956,34438,11,0.05
957,34726,19,0.92
958,33128,1,0.82
959,9682,2,0.02
960,19181,7,0.89
961,23587,2,0.19
962,22752,11,0.97
963,4033,14,0.59
964,13533,10,0.64
965,16239,9,0.95
966,9113,8,0.65
967,16989,12,0.16
968,3566,16,0.21
969,377,4,0.44
970,18236,19,0.44
971,11366,12,0.81
972,33460,7,0.64
973,29896,1,0.17
974,29995,18,0.73
975,21129,15,0.01
976,15267,1,0.02
977,11325,4,0.3
978,24673,7,0.74
979,10362,10,0.76
980,3732,11,0.83
981,31025,3,0.24
982,22143,12,0.11
983,14686,13,0.64
984,6955,10,0.38
985,23600,7,0.98
986,22722,19,0.45
987,29717,4,0.08
988,3219,15,0.36
989,12819,16,0.76
990,25154,17,0.83
991,3677,17,0.19
992,18034,3,0.6
993,8853,6,0.48
994,22685,15,0.63
995,23738,18,0.56
996,29996,9,0.71
997,7559,2,0.49
998,9086,10,0.93
999,18178,5,0.66
1000,10093,1,0.58
1001,7581,9,0.66
1002,24313,4,0.69
1003,23229,6,0.13
1004,21542,6,0.45
1005,24739,8,0.94
1006,12839,16,0.7
1007,27311,17,0.26
1008,11561,11,0.71
1009,16694,17,0.92
1010,2922,9,0.83
1011,34149,9,0.7
1012,27257,6,0.22
1013,12016,13,0.36
1014,31212,8,0.47
1015,12871,17,0.2
1016,7775,2,0.33
1017,26570,18,0.74
1018,5916,1,0.67
1019,31751,4,0.73
1020,17691,6,0.29
1021,34482,4,0.62
1022,19613,9,0.47
1023,4352,3,0.26
1024,14225,11,0.27
1025,11879,11,0.88
1026,25479,14,0.38
1027,27531,6,0.12
1028,30885,1,0.29
1029,2059,9,0.02
1030,22967,15,0.07
1031,2911,4,0.38
1032,12756,7,0.23
1033,18213,11,0.08
1034,30120,11,0.44
1035,2872,18,0.98
1036,13959,6,0.49
1037,12188,18,0.5
1038,18695,6,0.66
1039,9910,2,0.66
1040,982,15,0.35
1041,212,10,0.47
1042,20890,8,0.66
1043,27655,4,0.12
1044,12988,16,0.57
1045,2708,12,0.21
1046,27809,7,0.43
1047,1939,17,0.35
1048,27527,7,0.23
1049,34303,10,0.84
1050,7424,18,0.42
1051,7163,1,0.98
1052,3743,16,0.31
1053,11183,11,0.63
1054,26027,11,0.22
1055,11837,8,0.87
1056,18676,4,0.24
1057,7064,7,0.01
1058,29315,6,0.21
1059,24657,12,0.63
1060,17039,6,0.77
1061,30767,18,0.78
1062,18711,3,0.33
1063,25690,2,0.21
1064,24766,7,0.04
1065,21066,15,0.28
1066,30443,9,0.4
1067,31962,19,0.21
1068,22418,15,0.09
1069,22828,13,0.42
1070,25016,19,0.28
1071,11286,19,0.15
1072,31493,16,0.91
1073,33074,3,0.85
1074,13064,8,0.18
1075,31130,11,0.34
1076,31521,16,0.36
1077,20859,17,0.75
1078,15314,8,0.59
1079,11026,10,0.35
1080,30133,13,0.68
1081,1564,13,0.24
1082,31893,3,0.21
1083,2595,9,0.45
1084,1509,10,0.61
1085,19349,6,0.4
1086,14372,16,0.79
1087,6324,6,0.57
1088,33542,16,0.67
1089,2642,6,0.67
1090,21781,18,0.97
1091,18397,7,0.46
1092,3284,9,0.7
1093,30690,11,0.58
1094,18486,10,0.17
1095,767,2,0.22
1096,24902,4,0.55
1097,1235,17,0.51
1098,24505,14,0.51
1099,21573,3,0.34
1100,13893,15,0.52
1101,15715,7,0.77
1102,1911,1,0.75
1103,4039,12,0.18
1104,16382,13,0.24
1105,17051,18,0.92
1106,3585,2,0.63
1107,9565,5,0.43
1108,20356,7,0.22
1109,29179,18,0.85
1110,24619,14,0.97
1111,716,8,0.88
1112,2286,6,0.27
1113,2741,17,0.46
1114,14853,3,0.05
1115,1878,2,0.95
1116,3900,9,0.83
1117,28049,2,0.26
1118,12980,3,0.77
1119,33241,9,0.08
1120,33587,18,0.12
1121,14758,19,0.32
1122,21524,2,0.82
1123,25236,4,0.64
1124,1404,7,0.06
1125,31913,18,0.62
1126,32101,3,0.98
1127,2863,1,0.66
1128,3884,2,0.74
1129,3340,12,0.47
1130,25302,5,0.53
1131,19854,2,0.4
1132,19615,12,0.2
1133,26387,13,0.53
1134,27501,5,0.34
1135,32848,15,0.7
1136,17499,13,0.04
1137,18980,17,0.1
1138,24184,3,0.99
1139,6131,10,0.56
1140,23690,7,0.57
1141,7817,17,0.55
1142,2772,1,0.4
1143,19923,11,0.57
1144,19818,19,0.01
1145,7911,14,0.28
1146,16950,9,0.27
1147,13468,10,0.69
1148,689,15,0.78
1149,25844,17,0.72
1150,15046,1,0.47
1151,31331,1,0.59
1152,19927,7,0.08
1153,32051,19,0.09
1154,672,15,0.55
1155,351,5,0.74
1156,17537,19,0.17
1157,1503,11,0.73
1158,25158,10,0.32
1159,19984,9,0.55
1160,10647,4,0.49
1161,10937,12,0.83
1162,28886,5,0.66
1163,28288,19,0.34
1164,15142,7,0.51
1165,32456,19,0.83
1166,22321,5,0.47
1167,25709,3,0.92
1168,31649,13,0.32
1169,31669,16,0.61
1170,22866,7,0.77
1171,34012,4,0.63
1172,32733,2,0.88
1173,27837,9,0.66
1174,30775,18,0.71
1175,7256,19,0.3
1176,30786,12,0.62
1177,21709,11,0.98
1178,3145,10,0.15
1179,8411,9,0.04
1180,28683,6,0.32
1181,4513,13,0.64
1182,31128,16,0.74
1183,15997,18,0.92
1184,15401,7,0.52
1185,9150,8,0.01
1186,6813,8,0.67
1187,2740,5,0.33
1188,31771,11,0.78
1189,32414,8,0.94
1190,10177,6,0.39
1191,3553,2,0.53
1192,18880,1,0.32
1193,85,8,0.19
1194,21778,7,0.22
1195,14976,18,0.18
1196,3805,13,0.17
1197,29450,8,0.64
1198,18728,2,0.59
1199,19159,3,0.38
1200,182,12,0.6
1201,12774,3,0.09
1202,164,4,0.62
1203,30720,14,0.25
1204,5841,19,0.56
1205,16755,16,0.77
1206,27872,16,0.79
1207,238,7,0.88
1208,33872,11,0.31
1209,18053,14,0.56
1210,16081,19,0.83
1211,23123,17,0.68
1212,16908,6,0.92
1213,2708,8,0.53
1214,16508,11,0.63
1215,28164,9,0.32
1216,6086,8,0.19
1217,9821,19,0.18
1218,17573,9,0.5
1219,16523,6,0.89
1220,31668,16,0.32
1221,5355,16,0.51
1222,6442,6,0.35
1223,8579,1,0.57
1224,23440,9,0.69
1225,16985,17,0.85
1226,16319,10,0.96
1227,18285,5,0.71
1228,25604,15,0.12
1229,7124,1,0.59
1230,8920,18,0.33
1231,13764,15,0.16
1232,2579,2,0.74
1233,11005,16,0.12
1234,11857,16,0.31
1235,21268,17,0.35
1236,7323,5,0.73
1237,6302,18,0.08
1238,19544,2,0.63
1239,19696,15,0.45
1240,3827,3,0.45
1241,26725,2,0.69
1242,13010,15,0.95
1243,27084,6,0.24
1244,29454,5,0.52
1245,32322,15,0.69
1246,19332,3,0.44
1247,6348,12,0.39
1248,34513,5,0.5
1249,16952,4,0.49
1250,4042,14,0.95
1251,33852,15,0.51
1252,18875,2,0.24
1253,25267,11,1.0
1254,13948,1,0.73
1255,24730,1,0.26
1256,4262,18,0.05
1257,24846,5,0.78
1258,31233,14,0.7
1259,6797,2,0.24
1260,18182,17,0.38
1261,29035,2,0.79
1262,10779,1,0.89
1263,1061,4,0.04
1264,21202,18,0.25
1265,7505,12,0.01
1266,1935,12,0.24
1267,32637,19,0.11
1268,22179,2,0.12
1269,3973,11,0.77
1270,25922,18,0.57
1271,10698,15,0.72
1272,23690,15,0.53
1273,16016,1,0.58
1274,11118,13,0.9
1275,14235,10,0.84
1276,28783,13,0.58
1277,10680,3,0.38
1278,11170,17,0.56
1279,13234,18,0.96
1280,810,3,0.82
1281,34914,11,0.22
1282,32735,12,0.57
1283,16168,7,0.24
1284,3684,1,0.63
1285,22474,14,0.12
1286,28149,3,0.3
1287,29644,5,0.4
1288,3622,7,0.61
1289,993,12,0.22
1290,5004,16,0.49
1291,7024,13,0.37
1292,8909,17,0.93
1293,16300,7,0.68
1294,14782,12,0.11
1295,7273,2,0.95
1296,8299,12,0.53
1297,5348,10,0.98
1298,14548,6,0.23
1299,13038,13,0.64
1300,18928,11,0.74
1301,5450,7,0.57
1302,20823,9,0.0
1303,10333,17,0.81
1304,28395,13,0.17
1305,23879,12,0.01
1306,19521,3,0.74
1307,25728,6,0.89
1308,15182,4,0.65
1309,25758,16,0.04
1310,12143,18,0.13
1311,21657,12,0.74
1312,28440,5,0.62
1313,850,19,0.87
1314,6730,15,0.4
1315,22070,18,0.92
1316,21899,11,0.65
1317,25122,1,0.24
1318,28359,6,0.25
1319,16079,5,0.64
1320,28159,2,0.63
1321,14548,2,0.63
1322,29555,19,0.89
1323,20988,15,0.85
1324,31520,3,0.34
1325,30655,11,1.0
1326,2646,3,0.21
1327,13435,15,0.51
1328,16172,19,0.93
1329,26623,6,0.09
1330,28102,15,0.34
1331,23127,18,0.14
1332,12538,2,0.75
1333,10902,4,0.98
1334,28483,19,0.43
1335,12114,19,1.0
1336,18703,11,0.88
1337,198,15,0.32
1338,30877,14,0.57
1339,23888,5,0.61
1340,28900,18,0.97
1341,23637,11,0.06
1342,12103,15,0.95
1343,27468,10,0.93
1344,19583,12,0.67
1345,9445,5,0.37
1346,28395,19,0.14
1347,22421,6,0.15
1348,18328,10,0.62
1349,7914,7,0.64
1350,33868,16,0.47
1351,7684,3,0.06
1352,15360,17,0.64
1353,32118,6,0.13
1354,32666,5,0.82
1355,21446,2,0.35
1356,3369,12,0.97
1357,15026,19,0.79
1358,6678,7,0.12
1359,14035,7,0.42
1360,14933,11,0.44
1361,5931,19,0.97
1362,15564,6,0.96
1363,13904,6,0.1
1364,21316,12,0.06
1365,34274,7,0.12
1366,27365,4,0.64
1367,15369,16,0.28
1368,8065,12,0.04
1369,11915,17,0.58
1370,1859,16,0.43
1371,10977,4,0.34
1372,23281,8,0.77
1373,18121,16,0.79
1374,31547,9,0.84
1375,28706,8,0.45
1376,11015,18,0.42
1377,20812,9,0.92
1378,27190,7,0.15
1379,10187,11,0.19
1380,19418,16,0.8
1381,22567,17,0.03
1382,2510,18,0.92
1383,15612,7,0.82
1384,12596,15,0.12
1385,33838,17,0.81
1386,27229,10,0.81
1387,7444,6,0.89
1388,22919,14,0.84
1389,7554,10,0.68
1390,1081,18,0.11
1391,33039,9,0.92
1392,7725,11,0.46
1393,26994,5,0.55
1394,33473,11,0.6
1395,13150,5,0.1
1396,13281,18,0.0
1397,9438,17,0.03
1398,8674,5,0.72
1399,32882,18,0.83
1400,2966,12,0.13
1401,12503,12,0.46
1402,3662,16,0.38
1403,8209,5,0.82
1404,19151,5,0.75
1405,13636,6,0.57
1406,8865,14,0.48
1407,19721,6,0.93
1408,6702,5,0.56
1409,29447,16,0.69
1410,16660,2,0.99
1411,29828,3,0.5
1412,17215,16,0.81
1413,7423,2,0.59
1414,30427,16,0.14
1415,22084,12,0.21
1416,9763,14,0.87
1417,29778,13,0.24
1418,33553,4,0.1
1419,30758,15,0.71
1420,11850,7,0.2
1421,2475,14,0.75
1422,23441,7,0.75
1423,9905,7,0.72
1424,1548,17,0.37
1425,10274,1,0.54
1426,20829,5,0.89
1427,11328,15,0.68
1428,10324,16,0.47
1429,14515,10,0.75
1430,14603,17,0.28
1431,23589,17,0.98
1432,28551,12,0.94
1433,10452,16,0.64
1434,16459,15,0.99
1435,32752,6,0.28
1436,33313,18,0.9
1437,7724,7,0.64
1438,23881,11,0.67
1439,26329,19,0.79
1440,32110,17,0.72
1441,1939,10,0.71
1442,7282,19,0.85
1443,2679,13,0.34
1444,18430,16,0.41
1445,33967,9,0.11
1446,24700,15,0.69
1447,5790,9,0.64
1448,4097,13,0.72
1449,5306,19,0.97
1450,33487,9,0.22
1451,8183,6,0.08
1452,24524,17,0.96
1453,11689,12,0.55
1454,2740,8,0.48
1455,931,8,0.9
1456,33547,14,0.19
1457,3078,3,0.09
1458,1194,12,0.76
1459,9052,12,0.57
1460,16542,13,0.5
1461,23535,12,0.1
1462,8940,4,0.92
1463,34003,19,0.02
1464,8024,5,0.73
1465,773,18,0.66
1466,3822,8,0.69
1467,17031,6,0.99
1468,13707,8,0.96
1469,33865,11,0.22
1470,34535,10,0.02
1471,13662,18,0.8
1472,30584,19,0.53
1473,23254,2,0.09
1474,5028,7,0.53
1475,28850,11,0.82
1476,18259,2,0.39
1477,20421,11,0.49
1478,21012,8,0.92
1479,12840,12,0.05
1480,34718,19,0.29
1481,14560,18,0.83
1482,2483,2,0.31
1483,20250,9,0.06
1484,28792,12,0.73
1485,3861,17,0.22
1486,24829,4,0.14
1487,12974,3,0.09
1488,6149,10,0.46
1489,15838,14,0.46
1490,7945,3,0.75
1491,27259,19,0.39
1492,3603,19,0.16
1493,22874,8,0.18
1494,20957,7,0.88
1495,23894,5,0.84
1496,20827,8,0.78
1497,18168,12,0.05
1498,23194,8,0.04
1499,23909,19,0.43
1500,7462,1,0.79
1501,21598,6,0.45
1502,33471,11,0.69
1503,12152,16,0.35
1504,17958,11,0.07
1505,17956,3,0.42
1506,17935,15,0.82
1507,12907,8,0.75
1508,32884,16,0.05
1509,13615,10,0.9
1510,2595,7,0.19
1511,32732,7,0.18
1512,2876,17,0.95
1513,21154,18,0.32
1514,628,12,0.47
1515,4809,5,0.28
1516,10269,19,0.34
1517,1208,14,0.57
1518,13008,1,0.85
1519,29461,14,0.28
1520,13995,14,0.45
1521,10935,16,0.3
1522,19716,13,0.94
1523,34453,4,0.03
1524,13431,9,0.03
1525,12394,1,0.14
1526,21475,17,0.18
1527,26369,6,0.21
1528,29987,10,0.01
1529,4906,12,0.11
1530,21583,1,0.82
1531,31009,11,0.58
1532,29646,6,0.38
1533,12711,7,0.81
1534,14119,11,0.1
1535,14104,9,0.98
1536,9267,6,0.87
1537,33410,4,0.83
1538,7810,19,0.5
1539,14865,2,0.87
1540,25779,7,0.44
1541,1681,1,0.31
1542,7512,8,0.99
1543,1636,5,0.82
1544,34104,13,0.71
1545,22093,11,1.0
1546,6225,2,0.69
1547,30825,3,0.71
1548,7863,6,0.21
1549,5419,3,0.88
1550,8376,13,0.17
1551,16762,18,0.9
1552,3980,19,0.35
1553,20849,4,0.56
1554,8167,7,0.85
1555,27781,6,0.43
1556,31802,14,0.31
1557,21488,1,0.55
1558,3091,4,0.2
1559,5486,18,0.6
1560,5016,13,0.15
1561,2236,13,0.16
1562,17726,1,0.33
1563,34494,2,0.71
1564,13903,15,0.9
1565,29075,12,0.56
1566,3303,11,0.33
1567,30659,1,0.77
1568,24571,11,0.9
1569,23578,3,0.29
1570,11798,14,0.63
1571,7310,13,0.0
1572,34660,13,0.53
1573,26137,14,0.18
1574,7673,7,0.03
1575,23370,13,0.98
1576,26432,10,0.24
1577,7709,15,0.3
1578,12296,18,0.54
1579,5605,1,0.24
1580,3690,11,0.04
1581,24414,9,0.07
1582,34828,14,0.56
1583,4736,1,0.77
1584,3584,15,0.58
1585,1510,19,0.73
1586,16034,17,0.52
1587,21180,10,0.25
1588,12321,11,0.29
1589,17465,14,0.94
1590,16942,1,0.76
1591,23006,16,0.45
1592,1479,18,0.91
1593,21334,8,0.22
1594,31799,15,0.04
1595,3143,9,0.16
1596,6798,1,0.85
1597,12988,7,0.12
1598,16247,18,0.54
1599,9258,11,0.85
1600,21918,13,0.47
1601,13426,18,0.71
1602,26508,4,0.07
1603,32697,4,0.81
1604,26395,10,0.58
1605,2910,3,0.68
1606,25558,11,0.76
1607,10578,9,0.39
1608,16244,7,0.25
1609,1066,17,0.95
1610,2745,15,0.48
1611,8760,11,0.39
1612,33122,14,0.39
1613,1222,15,1.0
1614,26684,15,0.98
1615,26455,5,0.55
1616,5082,4,0.22
1617,16035,3,0.7
1618,21620,3,0.44
1619,31525,4,0.67
1620,27536,9,0.26
1621,20310,15,0.81
1622,32580,2,0.63
1623,8598,8,0.63
1624,24874,7,0.23
1625,23118,19,0.13
1626,9178,9,0.04
1627,9948,10,0.12
1628,30042,6,0.71
1629,12206,4,0.49
1630,14265,16,0.07
1631,31214,4,0.23
1632,8475,10,0.49
1633,5753,3,0.95
1634,9515,3,0.91
1635,19326,1,0.26
1636,1924,19,0.04
1637,3720,17,0.34
1638,31551,18,0.59
1639,8588,9,0.53
1640,18675,7,0.17
1641,19984,17,0.66
1642,32976,12,0.98
1643,6502,6,0.38
1644,13432,16,0.38
1645,7769,15,0.4
1646,13251,15,0.85
1647,16435,11,0.1
1648,32555,17,0.71
1649,25967,3,0.36
1650,22147,17,0.85
1651,13806,11,0.72
1652,18010,18,0.52
1653,25144,13,0.61
1654,7955,19,0.86
1655,31321,9,0.31
1656,15467,16,0.47
1657,3518,19,0.61
1658,17585,3,0.15
1659,32132,10,0.91
1660,6588,13,0.98
1661,25293,8,0.26
1662,29988,17,0.73
1663,2901,11,0.5
1664,5623,15,0.61
1665,8017,16,0.52
1666,24186,7,0.91
1667,29439,1,0.77
1668,154,17,0.25
1669,11923,3,0.88
1670,13910,10,0.4
1671,21947,9,0.79
1672,6789,7,0.71
1673,15772,6,0.64
1674,6179,16,0.23
1675,19918,10,0.47
1676,31556,9,0.16
1677,21661,11,0.88
1678,22879,3,0.38
1679,27095,5,0.23
1680,14758,3,0.05
1681,13823,8,0.55
1682,16914,5,0.07
1683,22642,3,0.24
1684,4759,1,0.66
1685,15914,11,0.2
1686,10733,8,0.55
1687,8175,9,0.52
1688,20321,6,0.62
1689,19137,11,0.14
1690,9097,10,0.99
1691,34866,19,0.04
1692,21218,18,0.81
1693,15551,16,0.1
1694,23900,3,0.29
1695,29610,17,0.1
1696,8069,15,0.59
1697,16102,17,0.78
1698,14827,7,0.9
1699,26193,2,0.48
1700,24077,1,1.0
1701,22765,2,0.58
1702,6843,18,0.25
1703,34992,4,0.72
1704,28851,19,0.11
1705,32619,3,0.13
1706,27682,14,0.56
1707,22478,18,0.97
1708,26281,19,0.29
1709,14982,3,0.82
1710,23167,6,0.53
1711,16159,15,0.33
1712,31749,15,0.36
1713,26781,1,0.32
1714,19465,14,0.86
1715,17448,17,0.67
1716,29724,1,0.94
1717,6948,4,0.97
1718,390,13,0.77
1719,24712,13,0.94
1720,17965,3,0.76
1721,15744,13,0.75
1722,11986,3,0.72
1723,13814,18,0.44
1724,10180,19,0.26
1725,18756,5,0.2
1726,27311,4,0.03
1727,10871,8,0.54
1728,24746,19,0.79
1729,13955,6,0.64
1730,33124,7,0.22
1731,24102,4,0.74
1732,26185,6,0.85
1733,1768,8,0.85
1734,4716,18,0.89
1735,14789,1,0.94
1736,26743,12,0.5
1737,14170,14,0.93
1738,32404,7,0.91
1739,18843,6,0.1
1740,8328,11,0.76
1741,26881,10,0.53
1742,31316,19,0.53
1743,34348,7,0.52
1744,15158,15,0.22
1745,22464,18,0.6
1746,13642,14,0.03
1747,34707,19,0.48
1748,28875,15,0.66
1749,5570,12,0.05
1750,16509,7,0.31
1751,19439,3,0.46
1752,21772,1,0.84
1753,30349,10,0.33
1754,34298,6,0.79
1755,28043,8,0.94
1756,3124,5,0.76
1757,16060,2,0.6
1758,24923,11,0.02
1759,12351,1,0.98
1760,10777,16,0.11
1761,6590,10,0.23
1762,34141,11,0.69
1763,6692,18,0.44
1764,30182,16,0.9
1765,20540,8,0.45
1766,30935,12,0.67
1767,11742,7,0.94
1768,31278,15,0.09
1769,32803,9,0.68
1770,33613,18,0.15
1771,14620,11,0.66
1772,32278,13,0.29
1773,5409,15,0.19
1774,4086,17,0.43
1775,14082,11,0.15
1776,11908,12,0.84
1777,20535,15,0.61
1778,33778,9,0.59
1779,20728,8,0.52
1780,34075,10,0.7
1781,6575,11,0.97
1782,9164,11,0.88
1783,6374,5,0.48
1784,14082,3,0.78
1785,1970,12,0.47
1786,28312,1,0.86
1787,7712,11,0.74
1788,4945,4,0.29
1789,21253,14,0.09
1790,6947,13,0.05
1791,7224,5,0.83
1792,2504,6,0.63
1793,2453,11,0.53
1794,3188,6,0.94
1795,28967,16,0.79
1796,3642,11,0.48
1797,7514,18,0.29
1798,13899,5,0.14
1799,24522,19,0.08
1800,26929,6,0.15
1801,15180,15,0.16
1802,24470,8,0.84
1803,19486,15,0.7
1804,21164,5,0.84
1805,1977,16,0.29
1806,34084,17,0.09
1807,13311,10,0.28
1808,5412,14,0.81
1809,27616,1,0.07
1810,13206,5,0.4
1811,21538,10,0.78
1812,19969,3,0.64
1813,7012,8,0.26
1814,25145,11,0.07
1815,24080,3,0.55
1816,27172,13,0.88
1817,32506,16,0.92
1818,25645,8,0.63
1819,11453,7,0.85
1820,26617,6,0.95
1821,21637,11,0.48
1822,9907,4,0.03
1823,15448,7,0.87
1824,4397,16,0.69
1825,26850,10,0.99
1826,7338,9,0.92
1827,5688,18,0.71
1828,28816,11,0.11
1829,587,2,0.75
1830,22118,9,0.4
1831,28764,14,0.99
1832,1704,12,0.31
1833,16792,6,0.66
1834,29,3,0.94
1835,9997,18,0.54
1836,6735,5,0.48
1837,16480,4,0.96
1838,29089,4,0.57
1839,9886,17,0.19
1840,34068,9,0.38
1841,1516,1,0.71
1842,9074,18,0.34
1843,31521,3,0.8
1844,25871,13,0.4
1845,16909,2,0.75
1846,3739,19,0.38
1847,11398,10,0.73
1848,34007,4,0.81
1849,8537,19,0.94
1850,19402,11,0.54
1851,18789,13,0.92
1852,9529,5,0.47
1853,2464,19,0.65
1854,11148,2,0.92
1855,32567,6,0.22
1856,1381,2,0.32
1857,15653,3,0.29
1858,15816,3,0.07
1859,5568,16,0.66
1860,5551,19,0.75
1861,23910,14,0.45
1862,15436,10,0.97
1863,18509,7,0.19
1864,4210,14,0.69
1865,34613,9,0.02
1866,33985,19,0.21
1867,14734,19,0.27
1868,9996,18,0.51
1869,28581,6,0.42
1870,33312,10,0.79
1871,18279,14,0.42
1872,11664,15,0.93
1873,9494,18,0.72
1874,27367,7,0.54
1875,30951,3,0.62
1876,4919,15,0.89
1877,9592,2,0.37
1878,20668,15,0.71
1879,11590,12,0.41
1880,20362,2,0.53
1881,9076,2,0.15
1882,52,11,0.43
1883,12302,2,0.75
1884,17980,8,0.24
1885,7288,5,0.34
1886,7323,13,0.96
1887,27808,15,0.32
1888,19584,3,0.66
1889,20791,7,0.06
1890,15812,16,0.68
1891,33992,16,0.23
1892,12213,12,0.21
1893,9203,6,0.89
1894,34112,3,0.22
1895,29780,8,0.7
1896,17472,7,0.17
1897,17402,6,0.26
1898,33659,10,0.25
1899,28463,5,0.53
1900,16918,12,0.26
1901,20552,9,0.53
1902,5615,9,0.87
1903,20829,13,0.38
1904,812,5,0.44
1905,33025,10,0.17
1906,31116,4,0.09
1907,13632,16,0.99
1908,449,3,0.31
1909,9068,17,0.62
1910,29988,10,0.97
1911,16487,11,0.89
1912,5332,10,0.87
1913,19375,4,0.02
1914,9393,13,0.92
1915,24653,8,0.23
1916,10219,19,0.93
1917,31057,12,0.98
1918,25843,3,0.44
1919,21733,6,0.33
1920,27845,4,0.12
1921,9444,11,0.15
1922,26441,4,0.67
1923,22942,9,0.92
1924,8004,4,0.9
1925,12536,11,0.65
1926,19338,2,0.61
1927,14120,15,0.62
1928,2759,11,0.27
1929,10228,16,0.01
1930,34727,16,0.55
1931,28487,8,0.37
1932,4191,7,0.65
1933,4968,1,0.97
1934,441,16,0.33
1935,19381,14,0.4
1936,26105,6,0.57
1937,19581,19,0.69
1938,13892,7,0.69
1939,1546,3,0.04
1940,20342,1,0.48
1941,25229,14,0.69
1942,34102,18,0.3
1943,15960,1,0.31
1944,6981,18,0.44
1945,31726,19,0.16
1946,16587,8,0.23
1947,10015,9,0.85
1948,26227,8,0.17
1949,23186,19,0.81
1950,20941,8,0.96
1951,17681,9,0.67
1952,34326,7,0.34
1953,5463,17,0.77
1954,24,3,0.84
1955,3097,19,0.81
1956,28465,2,0.8
1957,24205,10,0.25
1958,13604,14,0.87
1959,1901,8,0.04
1960,615,19,0.52
1961,27213,17,0.1
1962,18261,12,0.24
1963,17075,6,0.26
1964,5726,11,0.61
1965,10181,15,0.6
1966,11221,10,0.67
1967,12411,2,0.51
1968,859,18,0.61
1969,18569,4,0.91
1970,20192,14,0.93
1971,2064,6,0.9
1972,16367,8,0.1
1973,5207,19,0.75
1974,2706,12,0.5
1975,12210,11,0.33
1976,29085,8,0.24
1977,24133,15,0.25
1978,14416,3,0.46
1979,33451,1,0.07
1980,27061,17,0.16
1981,27463,14,0.72
1982,23491,1,0.29
1983,9897,9,0.56
1984,5520,8,0.45
1985,23618,16,0.17
1986,26475,5,0.8
1987,27210,19,0.17
1988,1035,11,0.68
1989,10789,1,0.83
1990,13624,5,0.22
1991,11633,8,0.35
1992,31196,16,0.0
1993,31140,19,0.91
1994,2745,15,0.55
1995,6448,8,0.7
1996,8653,17,0.74
1997,25908,19,0.99
1998,20965,18,0.01
1999,786,1,0.51
2000,25148,1,0.75
2001,20678,7,0.96
2002,25803,5,0.61
2003,19345,7,0.81
2004,29205,19,0.17
2005,2590,3,0.13
2006,24856,8,0.73
2007,14821,6,0.53
2008,20369,1,0.94
2009,23745,16,0.01
2010,10431,10,0.27
2011,20015,15,0.23
2012,11132,9,0.62
2013,21916,13,0.13
2014,31143,19,0.11
2015,15797,4,0.47
2016,34590,6,0.39
2017,3786,10,0.27
2018,24168,8,0.89
2019,17934,18,0.17
2020,29440,16,0.13
2021,31554,10,0.36
2022,21293,6,0.52
2023,6811,9,0.25
2024,23980,15,0.81
2025,31867,2,0.67
2026,30849,19,0.52
2027,33939,3,0.46
2028,23843,18,0.09
2029,12059,17,0.2
2030,5798,5,0.93
2031,11104,19,0.37
2032,1344,3,0.17
2033,33031,19,0.67
2034,22153,7,0.37
2035,20386,12,0.99
2036,20728,5,0.73
2037,14509,9,0.79
2038,18232,9,0.41
2039,16607,8,0.8
2040,17543,5,0.66
2041,8420,6,0.38
2042,32676,8,0.22
2043,5843,9,0.53
2044,7900,8,0.67
2045,31771,17,0.63
2046,22359,3,0.12
2047,15040,5,0.38
2048,2096,19,0.62
2049,10439,16,0.46
2050,32916,8,0.41
2051,22513,10,0.9
2052,33187,1,0.7
2053,24687,17,0.44
2054,4902,17,0.15
2055,18348,17,0.18
2056,4356,15,0.74
2057,29033,4,0.23
2058,21942,2,0.54
2059,1275,16,0.25
2060,32830,9,0.01
2061,13049,16,0.27
2062,34719,19,0.53
2063,10812,16,0.79
2064,21797,6,0.25
2065,29392,3,0.93
2066,9790,8,0.7
2067,18912,13,0.55
2068,20725,4,0.26
2069,20973,16,0.13
2070,22910,9,0.2
2071,3857,9,0.9
2072,18112,19,0.88
2073,115,16,0.31
2074,33627,19,0.48
2075,22464,19,0.39
2076,20740,12,0.85
2077,25419,15,0.96
2078,33280,2,0.06
2079,15965,5,0.28
2080,10341,6,0.76
2081,394,4,0.08
2082,1803,13,0.35
2083,7695,17,0.15
2084,34272,7,0.34
2085,5911,10,0.54
2086,9765,12,0.47
2087,14059,17,0.71
2088,3974,8,0.63
2089,29412,1,0.33
2090,18097,14,0.35
2091,2561,13,0.05
2092,20841,16,0.79
2093,21307,16,0.25
2094,5941,12,0.03
2095,2817,10,0.79
2096,13348,16,0.34
2097,18706,3,0.74
2098,30298,9,0.3
2099,32243,14,0.13
2100,8010,18,0.97
2101,22639,14,0.51
2102,30566,19,0.42
2103,29399,9,0.41
2104,21302,4,0.97
2105,6792,17,0.13
2106,13743,2,0.3
2107,23442,10,0.81
2108,25933,17,0.22
2109,34309,19,0.69
2110,10732,14,0.89
2111,6703,19,0.28
2112,32407,9,0.73
2113,14775,17,0.31
2114,19629,19,0.75
2115,30486,17,0.2
2116,22689,1,0.87
2117,10623,7,0.36
2118,30294,19,0.69
2119,34484,17,0.93
2120,19746,5,0.38
2121,17098,17,0.31
2122,21800,16,0.26
2123,22413,7,0.33
2124,792,14,0.31
2125,26091,16,0.44
2126,22136,17,0.6
2127,18529,12,0.36
2128,19593,14,0.9
2129,12828,13,0.87
2130,34413,8,0.99
2131,10715,13,0.61
2132,5384,7,0.51
2133,20582,12,0.52
2134,17938,12,0.29
2135,11404,8,0.78
2136,17707,6,0.69
2137,21231,2,0.83
2138,11527,2,0.9
2139,23510,12,0.16
2140,33421,17,0.04
2141,13003,18,0.33
2142,7598,6,0.7
2143,21694,2,0.2
2144,10230,18,0.67
2145,8290,5,0.58
2146,24421,13,0.35
2147,406,14,0.15
2148,1255,12,0.1
2149,4068,7,0.56
2150,7731,12,0.02
2151,11454,9,0.29
2152,9980,9,0.72
2153,694,1,0.28
2154,12293,11,0.12
2155,31898,12,0.52
2156,7143,5,0.13
2157,33383,1,0.83
2158,3103,2,0.81
2159,7947,1,0.01
2160,26651,13,0.59
2161,33067,2,0.37
2162,7105,1,0.38
2163,9009,2,0.23
2164,24208,11,0.69
2165,1979,16,0.63
2166,4007,7,0.78
2167,2372,12,0.11
2168,6548,1,0.73
2169,22827,11,0.98
2170,23792,10,0.61
2171,6260,5,0.46
2172,23151,10,0.73
2173,24666,18,0.92
2174,4781,5,0.76
2175,20676,15,0.95
2176,4062,12,0.78
2177,22504,7,0.79
2178,23128,18,0.58
2179,28360,17,0.12
2180,13694,3,0.66
2181,8415,9,0.15
2182,32001,15,0.06
2183,21367,16,0.27
2184,14739,11,0.98
2185,14076,7,0.09
2186,17757,4,0.46
2187,23445,14,0.02
2188,11177,4,0.41
2189,984,17,0.66
2190,8982,6,0.26
2191,23324,16,0.57
2192,9217,16,0.3
2193,15746,5,0.42
2194,11054,18,0.11
2195,3605,11,0.25
2196,13867,12,0.2
2197,18476,10,0.48
2198,23114,15,0.2
2199,21576,6,0.79
2200,7975,1,0.18
2201,27578,6,0.1
2202,24959,6,0.82
2203,4443,11,0.27
2204,11179,10,0.57
2205,5655,17,0.38
2206,1390,11,0.6
2207,8087,10,0.64
2208,18081,16,0.84
2209,27112,6,0.39
2210,33366,16,0.05
2211,31420,14,0.37
2212,29433,15,0.7
2213,13838,10,0.6
2214,26736,10,0.78
2215,32295,6,0.22
2216,5681,12,0.94
2217,14681,18,0.71
2218,25120,8,0.78
2219,21569,18,0.69
2220,4163,12,0.88
2221,8058,14,0.89
2222,10302,10,0.91
2223,5691,15,0.54
2224,17044,6,0.7
2225,11317,11,0.8
2226,2866,2,0.16
2227,24072,14,0.87
2228,27749,15,0.19
2229,16744,8,0.07
2230,12724,10,0.32
2231,25485,5,0.68
2232,29148,8,0.21
2233,8976,18,0.38
2234,146,6,0.55
2235,30049,17,0.03
2236,8308,15,0.52
2237,34217,7,1.0
2238,3008,4,0.11
2239,26207,5,0.49
2240,26881,4,0.11
2241,7670,4,0.35
2242,3981,4,0.96
2243,32055,6,0.37
2244,17904,15,0.29
2245,16623,12,0.88
2246,21976,11,0.7
2247,6775,6,0.96
2248,34615,17,0.84
2249,31569,18,0.75
2250,11496,18,0.81
2251,24238,14,0.56
2252,13750,7,0.26
2253,12832,5,0.41
2254,436,15,0.8
2255,3784,6,0.54
2256,23033,4,0.47
2257,23208,15,0.09
2258,25996,14,0.09
2259,8924,4,0.49
2260,7213,1,0.57
2261,23718,12,0.41
2262,27103,11,0.05
2263,9667,17,0.99
2264,33971,8,0.69
2265,12031,12,0.55
2266,5888,4,0.17
2267,24391,10,0.68
2268,18361,11,0.15
2269,32151,8,0.19
2270,20093,14,0.04
2271,14869,6,0.37
2272,8116,19,0.67
2273,10344,14,0.47
2274,10502,6,0.96
2275,25251,19,0.93
2276,13383,3,0.44
2277,2814,19,0.47
2278,16540,10,0.71
2279,31705,5,0.73
2280,12225,7,0.28
2281,25263,9,0.7
2282,27547,8,0.84
2283,10328,19,0.54
2284,23946,11,0.38
2285,9517,11,0.53
2286,782,14,0.25
2287,8799,10,0.06
2288,19904,18,0.19
2289,18008,17,0.43
2290,27957,14,0.96
2291,1287,14,0.73
2292,34853,1,0.01
2293,23769,13,0.79
2294,12186,4,0.14
2295,1358,4,0.99
2296,17825,3,0.11
2297,13816,3,0.38
2298,29480,1,0.16
2299,12895,4,0.47
2300,23274,14,0.79
2301,21209,11,0.94
2302,22219,12,0.3
2303,31980,4,0.5
2304,18785,8,0.44
2305,8332,13,0.13
2306,34054,7,0.62
2307,22329,6,0.66
2308,16771,16,0.53
2309,13280,2,0.34
2310,10897,6,0.69
2311,24447,14,0.07
2312,12216,12,0.92
2313,28312,7,0.76
2314,28826,6,0.91
2315,10493,11,0.28
2316,7454,18,0.46
2317,2149,6,0.34
2318,4087,4,0.49
2319,28114,6,0.85
2320,31060,1,0.73
2321,20716,12,0.0
2322,3049,2,0.37
2323,19678,12,0.7
2324,25392,18,0.32
2325,22715,16,0.67
2326,29723,14,0.76
2327,19320,18,0.85
2328,25723,6,0.1
2329,16801,5,0.61
2330,27540,19,0.98
2331,12563,4,0.11
2332,9193,7,0.51
2333,24064,2,0.45
2334,29939,10,0.05
2335,32243,1,0.26
2336,33109,16,0.2
2337,16882,1,0.6
2338,23128,17,0.99
2339,30178,16,0.79
2340,5891,9,0.49
2341,26438,4,0.74
2342,19024,2,0.49
2343,17730,13,0.24
2344,20854,3,0.38
2345,19645,8,0.77
2346,31602,13,0.15
2347,28592,13,0.17
2348,34568,6,0.45
2349,28701,14,0.59
2350,23681,10,0.81
2351,8959,15,0.29
2352,3914,6,0.67
2353,12886,15,0.62
2354,4488,16,0.12
2355,1374,8,0.93
2356,14095,7,0.37
2357,12694,1,0.55
2358,8783,8,0.3
2359,9088,16,0.98
2360,23083,8,0.55
2361,19769,15,0.41
2362,26961,13,0.51
2363,16661,3,0.61
2364,20748,8,0.39
2365,22666,6,0.94
2366,30890,2,0.3
2367,32220,6,0.06
2368,31242,6,0.58
2369,2955,17,0.19
2370,13601,16,0.04
2371,750,10,0.63
2372,4218,19,0.96
2373,15574,3,0.64
2374,19246,14,0.43
2375,25173,14,0.48
2376,20109,15,0.64
2377,19088,12,0.18
2378,12316,16,0.23
2379,28577,3,0.98
2380,15732,19,0.95
2381,8862,4,0.07
2382,8555,14,0.88
2383,7916,17,0.04
2384,21522,2,0.75
2385,30687,3,0.84
2386,30699,8,0.36
2387,6729,5,0.97
2388,21630,2,0.25
2389,11733,1,0.07
2390,11851,11,0.78
2391,14731,15,0.41
2392,24014,10,0.33
2393,33382,15,0.43
2394,18283,14,0.21
2395,24370,17,0.52
2396,32763,14,0.96
2397,7885,16,0.95
2398,31351,9,0.75
2399,27438,2,0.91
2400,24237,2,0.57
2401,14965,2,0.37
2402,1047,19,0.72
2403,22436,6,0.84
2404,25266,19,0.59
2405,20200,10,0.17
2406,29528,19,0.44
2407,17633,9,0.01
2408,15361,4,0.29
2409,23660,5,0.2
2410,16283,6,0.71
2411,31087,10,0.01
2412,9988,12,0.09
2413,16840,12,0.4
2414,25739,1,0.18
2415,27389,4,0.42
2416,11697,9,0.25
2417,16880,2,0.12
2418,7883,9,0.46
2419,18320,18,0.58
2420,5515,10,0.22
2421,23949,1,0.11
2422,17899,9,0.03
2423,24087,18,0.89
2424,19479,14,0.22
2425,30627,1,0.74
2426,12950,1,0.42
2427,28502,1,0.55
2428,12772,11,0.99
2429,8561,4,0.14
2430,12853,6,0.58
2431,29395,19,0.15
2432,32558,15,0.06
2433,9228,18,0.21
2434,16114,2,0.74
2435,9315,16,0.21
2436,26680,11,0.23
2437,30949,6,0.12
2438,13945,14,0.54
2439,14280,11,0.03
2440,32785,1,0.46
2441,13238,11,0.99
2442,22977,3,0.04
2443,4105,19,0.78
2444,4286,4,0.42
2445,22627,8,0.85
2446,27638,4,0.71
2447,33184,10,0.25
2448,15673,1,0.15
2449,20985,3,0.67
2450,16669,1,0.26
2451,11554,7,0.64
2452,5529,14,0.01
2453,23589,15,0.39
2454,13590,9,0.85
2455,26921,14,0.3
2456,33960,1,0.96
2457,28703,15,0.01
2458,10200,16,0.25
2459,20604,4,0.15
2460,25831,7,0.0
2461,14277,8,0.28
2462,14033,6,0.02
2463,15046,7,0.92
2464,1275,10,0.32
2465,11204,16,0.0
2466,2073,1,0.75
2467,5369,14,0.46
2468,17760,18,0.14
2469,21709,4,0.71
2470,25776,16,0.23
2471,7587,7,0.81
2472,15918,15,0.65
2473,28940,1,0.53
2474,14821,13,0.74
2475,9647,10,0.37
2476,28748,5,0.01
2477,6206,5,0.83
2478,33393,4,0.21
2479,26846,8,0.34
2480,1719,3,0.97
2481,15192,5,0.57
2482,1823,5,0.41
2483,14241,3,0.53
2484,10169,15,0.77
2485,28633,1,0.95
2486,17529,16,0.63
2487,18223,17,0.76
2488,9535,15,0.18
2489,22750,13,0.42
2490,25999,9,0.8
2491,11518,15,0.25
2492,24939,5,0.5
2493,10931,16,0.7
2494,32290,9,0.59
2495,8230,14,0.8
2496,2695,1,0.52
2497,34313,10,0.21
2498,32141,12,0.18
2499,281,4,0.24
2500,15737,2,0.66
2501,1139,7,0.18
2502,26356,5,0.91
2503,12044,8,0.01
2504,33012,13,0.42
2505,9383,11,0.48
2506,27503,3,0.91
2507,27860,1,0.63
2508,478,3,0.76
2509,3341,2,0.26
2510,11535,7,0.06
2511,27994,6,0.32
2512,5377,10,0.9
2513,1974,10,0.4
2514,10713,16,0.21
2515,9591,16,0.84
2516,31584,4,0.73
2517,4897,16,0.66
2518,23004,6,0.97
2519,15444,6,0.1
2520,24567,7,0.97
2521,26296,2,0.54
2522,29518,8,0.36
2523,4175,14,0.02
2524,31201,11,0.9
2525,3592,5,0.39
2526,8442,6,0.91
2527,18827,7,0.75
2528,20607,5,0.03
2529,25668,19,0.99
2530,8355,7,0.51
2531,21622,17,0.24
2532,2075,4,0.99
2533,2220,18,0.4
2534,14504,11,0.51
2535,9251,4,0.87
2536,4174,12,0.67
2537,21205,18,0.0
2538,7645,4,0.68
2539,20391,13,0.31
2540,28002,5,0.09
2541,18122,19,0.38
2542,2632,4,0.11
2543,29466,6,0.14
2544,287,17,0.43
2545,23049,18,0.34
2546,31622,17,0.32
2547,19229,14,0.43
2548,11144,4,0.87
2549,7669,1,0.59
2550,17221,6,0.12
2551,16053,19,0.17
2552,5836,10,0.3
2553,30543,10,0.32
2554,32203,10,0.83
2555,9957,8,0.01
2556,13045,11,0.25
2557,20113,11,0.6
2558,25476,11,0.64
2559,29790,8,0.01
2560,18351,10,0.76
2561,19012,8,0.41
2562,18917,19,0.06
2563,32915,15,0.46
2564,30755,2,0.28
2565,8656,13,0.17
2566,30622,9,0.76
2567,34084,9,0.85
2568,29185,3,0.37
2569,29525,1,0.35
2570,28559,8,0.25
2571,19437,19,0.13
2572,31844,6,0.29
2573,23963,12,0.69
2574,28670,12,0.33
2575,26091,6,0.77
2576,5610,10,0.43
2577,10380,1,0.3
2578,6680,10,0.52
2579,26672,7,0.58
2580,16221,18,0.9
2581,25113,13,0.07
2582,947,10,0.39
2583,19366,2,0.54
2584,28815,14,0.35
2585,6712,1,0.2
2586,31002,3,0.11
2587,32084,19,0.89
2588,18087,2,0.17
2589,25188,18,0.95
2590,20958,8,0.33
2591,1891,8,0.77
2592,18320,12,0.56
2593,29810,14,0.22
2594,31890,4,0.76
2595,26514,10,0.59
2596,29827,2,0.95
2597,34703,7,0.7
2598,16348,18,0.09
2599,32078,16,0.91
2600,4779,1,0.05
2601,26563,3,0.05
2602,34504,18,0.53
2603,24725,12,0.71
2604,33032,5,0.87
2605,24745,11,0.08
2606,15503,11,0.45
2607,18599,18,0.7
2608,12906,6,0.34
2609,33726,2,0.58
2610,3025,15,0.69
2611,857,15,0.54
2612,23399,19,0.45
2613,5140,9,0.28
2614,9410,14,0.06
2615,4370,4,0.94
2616,3714,3,0.07
2617,25338,9,0.19
2618,19388,10,0.73
2619,3319,1,0.82
2620,12375,10,0.85
2621,1160,2,0.31
2622,33215,9,0.75
2623,12114,13,0.19
2624,19152,13,0.9
2625,12012,5,0.9
2626,9705,9,0.72
2627,29385,14,0.69
2628,15375,10,0.83
2629,11823,2,0.05
2630,34319,6,0.83
2631,3909,18,0.85
2632,5758,17,0.55
2633,22846,1,0.71
2634,2618,12,0.22
2635,13791,16,0.89
2636,20084,2,0.64
2637,28192,16,0.89
2638,15099,13,0.61
2639,18753,9,0.89
2640,31513,7,0.59
2641,25186,6,0.86
2642,18771,11,0.95
2643,12522,14,0.17
2644,167,2,0.77
2645,2692,9,0.89
2646,23297,2,0.42
2647,6862,3,0.78
2648,559,14,0.23
2649,12362,5,0.02
2650,15534,4,0.06
2651,3036,13,0.67
2652,13254,2,0.78
2653,8186,18,0.49
2654,18631,1,0.79
2655,8865,3,0.98
2656,26535,16,0.9
2657,34293,6,0.8
2658,33747,1,0.3
2659,29879,8,0.67
2660,29910,8,0.63
2661,3645,13,0.73
2662,17082,2,0.75
2663,23445,16,0.85
2664,27128,1,0.41
2665,25139,16,0.48
2666,1872,5,0.85
2667,17215,16,0.03
2668,26139,18,0.66
2669,14871,3,0.06
2670,29425,5,0.19
2671,14941,10,0.81
2672,731,17,0.78
2673,23379,15,0.77
2674,23953,7,0.69
2675,9226,14,0.47
2676,32170,15,0.26
2677,22065,15,0.0
2678,27320,18,0.05
2679,19354,8,0.4
2680,10767,13,0.44
2681,22590,17,0.63
2682,15130,14,0.29
2683,20656,19,0.49
2684,3024,16,0.99
2685,33745,3,0.17
2686,12415,8,0.32
2687,4181,18,1.0
2688,5676,18,0.88
2689,30174,11,0.21
2690,28853,7,0.55
2691,23956,16,0.8
2692,2930,11,0.22
2693,22647,4,0.08
2694,9563,19,0.79
2695,6781,11,0.03
2696,33722,4,0.45
2697,17461,3,0.57
2698,28653,6,0.02
2699,4796,7,0.58
2700,27113,18,0.11
2701,1200,11,0.83
2702,28019,16,0.32
2703,4976,1,0.69
2704,25648,19,0.79
2705,32140,9,0.76
2706,29068,9,0.57
2707,1822,16,0.73
2708,5029,15,0.73
2709,22862,1,0.73
2710,3851,14,0.97
2711,25152,7,0.53
2712,24132,1,0.64
2713,28110,8,0.87
2714,129,17,0.62
2715,8829,16,0.46
2716,20246,12,0.75
2717,27798,5,0.35
2718,5038,10,0.71
2719,23166,14,0.33
2720,6995,15,0.07
2721,33777,3,0.4
2722,23642,2,0.64
2723,15631,17,0.97
2724,13224,17,0.49
2725,75,3,0.3
2726,17367,16,0.23
2727,14281,15,0.7
2728,30565,15,0.66
2729,30898,9,0.95
2730,2243,18,0.43
2731,27817,10,0.25
2732,14632,16,0.26
2733,23067,18,0.09
2734,31209,14,0.12
2735,34964,12,0.22
2736,3335,2,0.67
2737,30545,9,0.98
2738,8303,5,0.41
2739,2036,15,0.06
2740,26297,3,0.42
2741,18659,8,0.72
2742,24969,7,0.63
2743,14256,8,0.12
2744,2052,17,0.47
2745,24832,19,0.02
2746,345,7,0.64
2747,33309,11,0.57
2748,6129,8,0.98
2749,1372,15,0.69
2750,10524,5,0.81
2751,11094,5,0.17
2752,34492,17,0.14
2753,31971,10,0.95
2754,24995,10,0.25
2755,11574,10,0.38
2756,22006,16,0.57
2757,3433,19,0.13
2758,29963,15,0.29
2759,21972,17,0.6
2760,21721,3,0.55
2761,6401,3,0.05
2762,28633,13,0.33
2763,546,17,0.76
2764,9282,4,0.36
2765,27409,3,0.2
2766,1704,12,0.15
2767,30533,9,0.04
2768,34924,11,0.25
2769,34254,8,0.09
2770,1102,9,0.37
2771,4128,17,0.32
2772,21460,17,0.7
2773,18007,16,0.09
2774,190,11,0.63
2775,30763,3,0.16
2776,18962,19,0.2
2777,21385,5,0.04
2778,17846,14,0.46
2779,5416,17,0.27
2780,32951,16,0.41
2781,11285,16,0.79
2782,30628,10,0.72
2783,31177,15,0.6
2784,31650,5,0.97
2785,11970,19,0.77
2786,20818,4,0.25
2787,31036,6,0.78
2788,15373,10,0.25
2789,6441,6,0.34
2790,19786,16,0.07
2791,6696,8,0.4
2792,12531,18,0.28
2793,10909,3,0.42
2794,817,5,0.09
2795,26693,9,0.81
2796,2157,2,0.23
2797,2536,13,0.37
2798,17882,16,0.11
2799,30195,9,0.58
2800,32521,2,0.54
2801,2946,18,0.01
2802,29720,2,0.26
2803,12632,15,0.68
2804,2734,15,0.59
2805,16758,14,0.02
2806,31349,15,0.43
2807,20266,10,0.45
2808,20191,13,0.43
2809,3429,15,0.99
2810,16616,6,0.74
2811,24374,3,0.06
2812,27239,3,0.66
2813,23667,6,0.19
2814,31701,2,0.69
2815,6270,13,0.94
2816,2815,14,0.98
2817,12886,7,0.71
2818,17352,19,0.53
2819,22465,1,0.33
2820,20341,7,0.08
2821,8058,1,0.9
2822,7592,7,0.23
2823,9440,5,0.77
2824,18903,18,0.58
2825,34371,13,0.48
2826,11992,8,0.44
2827,494,18,0.93
2828,4123,3,0.74
2829,7823,11,0.06
2830,28571,2,0.74
2831,12175,8,0.82
2832,8300,11,0.53
2833,17652,1,0.14
2834,8865,13,0.04
2835,21059,1,0.94
2836,12016,6,0.14
2837,17249,1,0.07
2838,26911,6,0.16
2839,23931,5,0.03
2840,9612,3,0.7
2841,11960,17,0.52
2842,33153,4,0.69
2843,13340,11,0.23
2844,30577,3,0.58
2845,33922,2,0.36
2846,12751,15,0.89
2847,5466,4,0.2
2848,26746,12,0.96
2849,2480,14,0.95
2850,20899,16,0.39
2851,26061,15,0.64
2852,28898,17,0.33
2853,18990,12,0.97
2854,12021,7,0.9
2855,33436,11,0.78
2856,8555,10,0.76
2857,34610,3,0.64
2858,30934,19,0.21
2859,14672,18,0.65
2860,16543,19,0.87
2861,33353,18,0.42
2862,30849,11,0.81
2863,26014,6,0.34
2864,8369,14,0.9
2865,14003,6,0.42
2866,5975,5,0.52
2867,1625,1,0.0
2868,12212,19,0.96
2869,17716,12,0.86
2870,22464,13,0.77
2871,9722,14,0.08
2872,25681,4,0.8
2873,13801,3,0.63
2874,11119,9,0.27
2875,17777,14,0.36
2876,3546,19,0.85
2877,18280,11,0.81
2878,6375,18,0.92
2879,14880,5,0.45
2880,21736,12,0.2
2881,7652,9,0.84
2882,5656,3,0.3
2883,28055,19,0.25
2884,17015,1,0.79
2885,32617,18,0.7
2886,27286,5,0.08
2887,16682,17,0.05
2888,15933,5,0.93
2889,30578,15,0.77
2890,12514,14,0.98
2891,30307,10,0.89
2892,1216,4,0.24
2893,16862,12,0.03
2894,16365,18,0.48
2895,26447,9,0.64
2896,29213,6,0.23
2897,28494,17,0.17
2898,33821,1,0.63
2899,24222,11,0.94
2900,27729,11,0.49
2901,2317,14,0.39
2902,18881,3,0.63
2903,17546,13,0.89
2904,28728,10,0.82
2905,7684,10,0.66
2906,25699,5,0.55
2907,24855,1,0.59
2908,16702,17,0.51
2909,24748,13,0.09
2910,6456,9,0.16
2911,988,9,0.35
2912,10857,4,0.04
2913,26688,2,0.99
2914,19224,16,0.25
2915,12685,1,0.83
2916,20549,13,0.28
2917,15664,1,0.7
2918,3639,18,0.05
2919,3842,19,0.21
2920,1956,8,0.69
2921,19409,7,0.77
2922,27297,1,0.39
2923,22364,7,0.08
2924,16280,10,0.61
2925,4488,1,0.83
2926,8783,17,0.53
2927,3878,18,0.81
2928,4490,12,0.4
2929,1843,17,0.93
2930,16801,3,0.19
2931,17412,11,0.91
2932,17110,16,0.93
2933,27868,13,0.45
2934,5605,9,0.27
2935,4247,19,0.74
2936,23157,19,0.36
2937,10038,8,0.33
2938,9390,1,0.15
2939,1318,12,0.77
2940,29255,15,0.99
2941,23936,6,0.41
2942,3961,16,0.21
2943,19969,8,0.47
2944,155,9,0.72
2945,19221,10,0.36
2946,15438,2,0.9
2947,21345,8,0.05
2948,26284,4,0.87
2949,31774,3,0.78
2950,21942,15,0.3
2951,32843,1,0.67
2952,30518,13,0.85
2953,32110,4,0.15
2954,19040,13,0.07
2955,23057,5,0.77
2956,30580,5,0.05
2957,15639,10,0.72
2958,20118,17,0.3
2959,18379,9,0.73
2960,26777,1,0.52
2961,33983,7,0.42
2962,18825,7,0.08
2963,33909,19,0.96
2964,14561,12,0.32
2965,34397,6,0.37
2966,24016,15,0.6
2967,18771,4,0.18
2968,18195,12,0.33
2969,9633,15,0.89
2970,30099,16,0.97
2971,18667,13,0.65
2972,30200,17,0.41
2973,12360,5,0.97
2974,27219,7,0.21
2975,3568,18,0.14
2976,19013,3,0.54
2977,30693,12,0.13
2978,10347,2,0.85
2979,2994,15,0.41
2980,14714,2,0.29
2981,722,17,0.09
2982,3019,6,0.71
2983,14212,3,0.76
2984,17698,11,0.21
2985,5727,14,0.31
2986,27753,16,0.73
2987,2940,18,0.08
2988,9342,2,0.48
2989,5911,7,0.39
2990,10513,12,0.31
2991,267,12,0.44
2992,26560,17,0.88
2993,2603,19,0.41
2994,423,16,0.26
2995,16369,13,0.66
2996,18538,16,0.5
2997,22393,5,0.68
2998,9804,9,0.13
2999,16481,3,0.22
3000,22831,9,0.49
3001,637,10,0.43
3002,3753,11,0.32
3003,33217,19,0.9
3004,17028,13,0.77
3005,2487,16,0.46
3006,19404,4,0.05
3007,30571,2,0.91
3008,17698,17,0.57
3009,12430,8,0.66
3010,2783,3,0.43
3011,26433,12,0.45
3012,14660,6,0.21
3013,6265,13,0.43
3014,9444,7,0.74
3015,11630,11,0.4
3016,14420,2,0.07
3017,22354,3,0.51
3018,32750,8,0.22
3019,16839,6,0.12
3020,30051,1,0.94
3021,30660,12,0.44
3022,1168,6,0.37
3023,3847,13,0.89
3024,14213,3,0.5
3025,8307,4,0.12
3026,17421,8,0.72
3027,19377,4,0.21
3028,17069,14,0.75
3029,12044,13,0.08
3030,20165,2,0.1
3031,17759,8,0.29
3032,32492,13,0.44
3033,18072,1,0.26
3034,5777,2,0.37
3035,25788,7,0.85
3036,26730,18,0.45
3037,18987,16,0.5
3038,33414,14,0.69
3039,26930,11,0.27
3040,10390,4,0.28
3041,22233,14,0.21
3042,17016,9,0.4
3043,1802,11,0.62
3044,14142,17,0.77
3045,23592,3,0.84
3046,22389,11,0.72
3047,1550,2,0.74
3048,11910,6,0.12
3049,30609,3,0.62
3050,20423,4,0.97
3051,30513,8,0.71
3052,6949,1,0.24
3053,32162,7,0.25
3054,11299,16,0.63
3055,14237,3,0.85
3056,19993,4,0.69
3057,14271,16,0.44
3058,13585,12,0.45
3059,4179,6,0.45
3060,29552,11,0.25
3061,31911,11,0.37
3062,26072,19,0.87
3063,13814,17,0.21
3064,33921,12,1.0
3065,15799,9,0.25
3066,20514,3,0.55
3067,20548,19,0.31
3068,16733,8,0.54
3069,8408,16,0.18
3070,16125,16,0.36
3071,29478,6,0.74
3072,3489,13,0.44
3073,7220,8,0.01
3074,12965,12,0.16
3075,19433,14,0.25
3076,4409,7,0.08
3077,14556,15,0.44
3078,17873,3,0.6
3079,13490,17,0.22
3080,27603,12,0.92
3081,26636,16,0.75
3082,8411,4,0.71
3083,26239,1,0.88
3084,29921,16,0.44
3085,29238,15,0.55
3086,7122,14,0.27
3087,19404,12,0.67
3088,25449,1,0.59
3089,3359,13,0.02
3090,16717,8,0.1
3091,25149,1,0.3
3092,29370,6,0.56
3093,12516,16,0.48
3094,23996,10,0.01
3095,3786,14,0.36
3096,1993,19,0.84
3097,25282,4,0.69
3098,5721,8,0.81
3099,5123,10,0.98
3100,31107,4,0.27
3101,15171,2,0.84
3102,11098,4,0.37
3103,3344,5,0.27
3104,34635,5,0.84
3105,23527,6,0.2
3106,6977,17,0.69
3107,20030,15,0.01
3108,17269,19,0.9
3109,20580,17,0.68
3110,10775,7,0.24
3111,13003,18,0.69
3112,25047,2,0.68
3113,15744,17,0.9
3114,31660,13,0.33
3115,1381,11,0.64
3116,34573,12,0.57
3117,27091,15,0.36
3118,33172,16,0.96
3119,4815,6,0.94
3120,31655,4,0.88
3121,29527,1,0.96
3122,23639,8,0.01
3123,27131,4,0.41
3124,23438,9,0.25
3125,4748,5,0.98
3126,27692,1,0.63
3127,25049,13,0.02
3128,28070,6,0.69
3129,21529,13,0.53
3130,15353,5,0.81
3131,6317,1,0.84
3132,19549,12,0.74
3133,4960,17,0.09
3134,10146,6,0.38
3135,20622,11,0.85
3136,31359,18,0.62
3137,16043,8,0.65
3138,31785,7,0.2
3139,24303,12,0.36
3140,29451,3,0.21
3141,31785,8,0.16
3142,25590,9,0.72
3143,29862,2,0.15
3144,14464,18,0.16
3145,3764,14,0.35
3146,18122,1,0.11
3147,29686,15,0.15
3148,12889,7,0.7
3149,18643,4,0.9
3150,31625,12,0.43
3151,20015,18,0.51
3152,25742,16,0.65
3153,18981,3,0.04
3154,24061,18,0.59
3155,17907,10,0.82
3156,10829,12,0.82
3157,26282,8,0.6
3158,8833,14,0.28
3159,32563,16,0.15
3160,18937,2,0.84
3161,15578,1,0.09
3162,4536,10,0.16
3163,27199,7,0.37
3164,13202,16,0.08
3165,29996,9,0.43
3166,20203,14,0.18
3167,10179,19,0.63
3168,17875,18,0.23
3169,27264,18,0.93
3170,19640,12,0.44
3171,30882,5,0.54
3172,32979,5,0.83
3173,2714,19,0.94
3174,28525,14,0.68
3175,13129,12,0.45
3176,4099,2,0.22
3177,30619,9,0.47
3178,29012,8,0.99
3179,23243,8,0.04
3180,24563,16,0.17
3181,26658,9,0.68
3182,22212,13,0.46
3183,33149,12,0.63
3184,4881,10,0.55
3185,24046,9,0.03
3186,29744,12,0.79
3187,11056,6,0.01
3188,11126,15,0.35
3189,4016,15,0.06
3190,19925,4,0.32
3191,144,12,0.07
3192,27645,2,0.08
3193,1040,18,0.51
3194,31388,12,0.44
3195,31959,3,0.62
3196,23355,13,0.79
3197,22131,12,0.74
3198,25382,7,0.73
3199,22866,16,0.92
3200,12742,15,0.65
3201,26444,19,0.79
3202,21307,13,0.49
3203,27341,11,0.92
3204,10178,7,0.96
3205,4937,6,0.03
3206,9487,5,0.61
3207,22769,17,0.96
3208,17008,1,0.77
3209,8059,17,0.19
3210,6041,15,0.61
3211,15356,12,0.76
3212,27427,1,0.09
3213,4676,19,0.39
3214,22210,6,0.47
3215,10759,19,0.59
3216,26740,8,0.55
3217,3261,12,0.46
3218,5852,6,0.52
3219,22709,4,0.03
3220,18166,3,0.75
3221,25876,13,0.99
3222,11850,10,0.91
3223,15305,14,0.29
3224,32513,2,0.13
3225,8700,7,0.92
3226,23075,1,0.16
3227,4684,2,0.08
3228,353,11,0.63
3229,16744,6,0.15
3230,19431,1,0.97
3231,7716,1,0.28
3232,17205,14,0.5
3233,12122,12,0.9
3234,32032,5,0.34
3235,13775,19,0.27
3236,18351,3,0.13
3237,12519,14,0.41
3238,1218,18,0.55
3239,27063,4,0.37
3240,517,16,0.96
3241,8376,8,0.54
3242,3380,13,0.66
3243,10389,14,0.86
3244,2330,14,0.6
3245,31378,6,0.79
3246,21323,9,0.82
3247,15854,15,0.5
3248,23143,3,0.56
3249,27904,16,0.71
3250,30691,8,0.5
3251,21981,19,0.21
3252,32895,13,0.88
3253,28073,13,0.36
3254,30308,3,0.8
3255,6129,4,0.71
3256,26006,18,0.87
3257,29447,7,0.12
3258,22630,3,0.74
3259,14676,5,0.19
3260,360,14,0.15
3261,30737,13,0.51
3262,7437,6,0.4
3263,595,14,0.47
3264,19379,3,0.41
3265,5503,19,0.0
3266,11527,13,0.85
3267,2955,17,0.15
3268,31440,15,0.43
3269,1159,14,0.96
3270,23176,9,0.14
3271,16518,17,0.38
3272,19165,18,0.59
3273,8955,19,0.54
3274,6274,16,0.19
3275,15794,13,0.01
3276,30095,3,0.22
3277,2116,16,0.47
3278,31781,3,0.23
3279,23976,13,0.1
3280,4879,10,0.44
3281,30884,3,0.99
3282,25466,8,0.72
3283,29157,17,0.05
3284,843,2,0.85
3285,10759,15,0.15
3286,8719,4,0.28
3287,13121,19,0.23
3288,6542,17,0.61
3289,21918,7,0.47
3290,5455,16,0.67
3291,17265,19,0.56
3292,33303,19,0.66
3293,15120,14,0.1
3294,15611,2,0.91
3295,27495,17,0.08
3296,3730,12,0.77
3297,6214,11,0.33
3298,92,19,0.89
3299,4965,6,0.88
3300,2591,7,0.41
3301,32489,11,0.26
3302,5272,1,0.84
3303,33468,8,0.84
3304,30087,14,0.69
3305,9470,10,0.01
3306,16508,6,0.5
3307,9545,2,0.44
3308,30125,1,0.49
3309,28949,18,0.7
3310,16572,7,0.4
3311,17097,9,0.78
3312,32696,5,0.25
3313,28859,18,0.41
3314,10127,5,0.68
3315,13711,12,0.39
3316,14196,18,0.52
3317,29966,10,0.07
3318,12181,15,0.87
3319,7508,9,0.9
3320,22187,6,0.69
3321,7600,12,0.76
3322,19155,6,0.6
3323,3037,2,0.8
3324,12915,14,0.99
3325,27631,4,0.24
3326,272,3,0.34
3327,32325,11,0.13
3328,19804,7,0.26
3329,5349,16,0.31
3330,8008,18,0.47
3331,19334,1,0.46
3332,27358,10,0.52
3333,4071,6,0.85
3334,1580,9,0.93
3335,30305,11,0.44
3336,25967,16,0.48
3337,33502,12,0.39
3338,31171,7,0.08
3339,9606,17,0.13
3340,32564,9,0.92
3341,5678,15,0.51
3342,12352,9,0.98
3343,29898,9,0.47
3344,19610,4,0.86
3345,7412,17,0.68
3346,2284,6,0.98
3347,5927,7,0.48
3348,12019,11,0.97
3349,1801,12,0.16
3350,5031,12,0.79
3351,1450,15,0.81
3352,34831,11,0.24
3353,32860,14,0.29
3354,32615,6,0.28
3355,28511,10,0.25
3356,22572,11,0.11
3357,9709,19,0.22
3358,28727,6,0.28
3359,27278,5,0.82
3360,1538,3,0.18
3361,3864,16,0.22
3362,1411,9,0.42
3363,179,16,0.06
3364,27371,17,0.47
3365,4062,8,0.3
3366,21441,2,0.29
3367,15366,9,0.83
3368,14065,7,0.26
3369,23794,3,0.35
3370,30341,5,0.37
3371,30684,8,0.2
3372,14403,3,0.75
3373,29177,14,0.37
3374,12472,13,0.48
3375,20358,15,0.67
3376,12759,15,0.34
3377,30871,18,0.14
3378,31922,15,0.38
3379,16021,1,0.1
3380,24072,15,0.34
3381,31280,12,0.28
3382,1639,12,0.2
3383,11020,10,0.65
3384,2898,13,0.45
3385,23879,2,0.59
3386,5041,19,0.04
3387,10965,1,0.39
3388,14448,8,0.02
3389,28774,13,0.36
3390,14110,1,0.2
3391,11999,7,0.54
3392,3520,16,0.93
3393,898,9,0.35
3394,7741,17,0.05
3395,30558,15,0.84
3396,30059,4,0.16
3397,7701,8,0.98
3398,30696,9,0.9
3399,10752,4,0.36
3400,536,16,0.58
3401,24049,3,0.88
3402,28268,15,0.5
3403,25013,4,0.13
3404,31268,9,0.55
3405,7786,19,0.29
3406,28439,5,0.84
3407,10965,7,0.28
3408,17445,9,0.05
3409,15938,10,0.0
3410,6580,17,0.45
3411,32148,14,0.34
3412,8876,13,0.02
3413,25832,19,0.69
3414,33212,12,0.6
3415,28169,9,0.09
3416,11540,2,0.22
3417,32644,13,0.25
3418,8944,3,0.11
3419,9171,18,0.54
3420,21755,13,0.99
3421,3433,5,0.36
3422,31611,11,0.98
3423,19154,2,0.28
3424,27478,10,0.36
3425,27472,12,0.52
3426,27702,11,0.36
3427,22616,4,0.8
3428,3736,10,0.71
3429,3623,16,0.87
3430,34717,17,0.5
3431,28877,4,0.96
3432,33237,8,0.92
3433,4433,15,0.52
3434,6915,11,0.43
3435,21867,15,0.74
3436,2809,1,0.62
3437,14371,5,0.22
3438,20906,4,0.9
3439,6366,14,0.35
3440,15392,1,0.82
3441,1246,4,0.44
3442,6816,2,0.4
3443,32625,4,0.64
3444,29764,8,0.02
3445,5139,9,0.18
3446,4547,7,0.46
3447,21589,6,0.82
3448,16922,3,0.71
3449,16448,8,0.17
3450,18064,19,0.46
3451,2055,17,0.14
3452,6703,18,0.11
3453,4032,16,0.71
3454,16902,7,0.89
3455,29844,13,0.98
3456,33826,14,0.78
3457,3751,1,0.49
3458,10103,19,0.07
3459,10304,3,0.34
3460,25795,10,0.72
3461,26073,12,0.54
3462,7123,7,0.26
3463,20772,16,0.15
3464,28089,14,0.48
3465,18821,7,0.02
3466,31048,7,0.27
3467,7403,14,0.84
3468,4916,5,0.57
3469,26070,11,0.87
3470,26630,10,0.43
3471,26956,4,0.57
3472,18253,11,0.09
3473,17576,2,0.82
3474,8682,19,0.45
3475,33116,15,0.54
3476,18410,5,0.78
3477,28240,7,0.85
3478,8773,14,0.37
3479,16203,16,0.72
3480,25764,1,0.13
3481,31772,6,0.62
3482,25033,1,0.78
3483,29363,15,0.35
3484,757,4,0.5
3485,110,7,0.3
3486,7093,3,0.3
3487,28108,17,0.51
3488,19197,3,0.67
3489,32812,16,0.73
3490,19611,7,0.9
3491,10226,18,0.68
3492,18155,10,0.77
3493,31833,17,0.02
3494,19461,3,0.68
3495,30440,17,0.79
3496,25626,10,0.51
3497,4385,3,0.98
3498,28738,10,0.39
3499,18114,16,0.94
3500,17687,1,0.17
3501,33815,7,0.4
3502,17416,1,0.31
3503,11267,1,0.51
3504,15792,2,0.88
3505,2459,16,0.58
3506,15413,18,0.75
3507,6603,15,0.56
3508,32385,3,0.5
3509,20930,5,0.03
3510,14569,15,0.04
3511,29507,13,0.68
3512,34181,15,0.65
3513,14175,19,0.05
3514,15437,9,0.79
3515,13136,10,0.52
3516,9617,16,0.15
3517,25887,11,0.85
3518,25274,13,0.94
3519,28721,6,0.18
3520,1279,8,0.59
3521,18836,13,0.75
3522,2572,19,0.34
3523,7772,9,0.67
3524,9719,2,0.22
3525,28763,10,0.49
3526,14324,17,0.92
3527,4109,14,0.2
3528,7393,14,0.42
3529,17664,3,0.83
3530,26129,19,0.53
3531,28797,6,0.02
3532,11652,11,0.38
3533,22807,12,0.3
3534,27762,3,0.13
3535,18142,16,0.18
3536,6698,14,0.83
3537,12323,3,0.62
3538,31680,19,0.69
3539,19587,16,0.94
3540,12364,5,0.82
3541,4470,5,0.44
3542,10728,16,0.87
3543,18736,15,0.28
3544,395,15,0.61
3545,23461,16,0.6
3546,31384,18,0.83
3547,32160,8,0.92
3548,12040,1,0.95
3549,6378,3,0.99
3550,34766,19,0.08
3551,21968,11,0.72
3552,22355,13,1.0
3553,17511,3,0.66
3554,5780,13,0.71
3555,1256,12,0.73
3556,33171,16,0.36
3557,13024,16,0.68
3558,1575,1,0.64
3559,31010,5,0.58
3560,26309,19,0.39
3561,9299,14,0.52
3562,8619,5,0.9
3563,26834,19,0.4
3564,16417,11,0.87
3565,27499,7,0.2
3566,28601,6,0.8
3567,19100,8,0.68
3568,4846,3,0.29
3569,9776,11,0.54
3570,6534,9,0.4
3571,20336,8,0.69
3572,12210,1,0.43
3573,22211,9,0.29
3574,31138,17,0.31
3575,178,11,0.03
3576,7307,12,0.18
3577,32032,18,0.57
3578,19723,4,0.33
3579,21583,15,0.37
3580,15287,4,0.29
3581,16275,7,0.84
3582,33429,14,0.5
3583,10613,16,0.1
3584,24911,4,0.26
3585,30810,2,0.42
3586,16300,17,0.58
3587,20727,17,0.75
3588,5227,3,0.05
3589,14781,5,0.22
3590,31242,4,0.73
3591,17972,2,0.4
3592,19107,11,0.07
3593,24333,5,0.03
3594,33427,15,0.48
3595,1883,2,0.92
3596,25232,12,0.38
3597,25635,8,0.73
3598,5590,19,0.45
3599,5953,11,0.35
3600,2318,16,0.06
3601,13555,13,0.14
3602,11941,15,0.19
3603,26113,7,0.65
3604,7651,4,0.19
3605,15072,7,0.99
3606,33945,1,0.3
3607,15001,9,0.6
3608,28648,12,0.94
3609,10863,10,0.56
3610,29006,18,0.6
3611,34962,2,0.19
3612,5915,8,0.72
3613,21268,11,0.91
3614,3704,9,0.28
3615,773,3,0.38
3616,2884,1,0.51
3617,20996,17,0.9
3618,28261,12,0.08
3619,32770,14,0.71
3620,6887,10,0.26
3621,22090,2,0.63
3622,21697,17,0.95
3623,7877,10,0.63
3624,2825,2,0.62
3625,27401,8,0.93
3626,17049,14,0.38
3627,4899,11,0.6
3628,2224,6,0.96
3629,13045,14,0.33
3630,8428,12,0.87
3631,34410,7,0.71
3632,19909,14,0.25
3633,22492,11,0.16
3634,16049,17,0.47
3635,14782,16,0.45
3636,7557,8,0.31
3637,23742,15,0.48
3638,2302,18,0.63
3639,24453,8,0.96
3640,6773,17,0.89
3641,23285,11,0.34
3642,3808,12,0.49
3643,17453,3,0.72
3644,9422,7,0.45
3645,6499,15,0.49
3646,34436,13,0.56
3647,16361,3,0.89
3648,30482,9,0.06
3649,23356,1,0.18
3650,26212,9,0.97
3651,1917,8,0.87
3652,32710,17,0.33
3653,1754,18,0.86
3654,12154,10,0.12
3655,33726,17,0.56
3656,19255,17,0.62
3657,26793,8,0.41
3658,32300,19,0.12
3659,18497,8,0.09
3660,14275,5,0.48
3661,8206,15,0.71
3662,26603,15,0.79
3663,34710,7,0.29
3664,34786,18,0.17
3665,34138,13,0.23
3666,19373,11,0.91
3667,30685,12,0.36
3668,7496,7,0.83
3669,17149,17,0.03
3670,100,19,0.82
3671,32777,1,0.78
3672,10254,15,0.19
3673,29677,1,0.78
3674,12281,16,0.21
3675,9425,13,0.92
3676,13342,14,0.24
3677,27032,12,0.22
3678,24952,7,0.82
3679,19922,11,0.7
3680,10766,13,0.09
3681,7359,12,0.09
3682,2729,6,0.35
3683,7496,12,0.62
3684,18752,9,0.56
3685,19626,4,0.16
3686,29870,14,0.65
3687,15799,12,0.47
3688,16437,13,0.98
3689,23147,11,0.11
3690,8297,5,0.58
3691,13676,17,0.85
3692,28825,2,0.74
3693,30522,2,0.07
3694,6523,11,0.14
3695,12488,12,0.94
3696,27228,9,0.55
3697,21751,12,0.04
3698,32867,12,0.44
3699,6915,10,0.24
3700,5568,7,0.92
3701,31030,9,0.28
3702,13458,9,0.68
3703,10825,1,0.3
3704,5262,16,0.8
3705,26652,10,0.45
3706,6511,10,0.16
3707,26889,6,0.72
3708,20945,6,0.6
3709,28898,7,0.72
3710,25727,3,0.23
3711,13136,16,0.67
3712,6586,6,0.84
3713,17545,6,0.08
3714,24339,16,0.84
3715,10444,17,0.07
3716,5803,3,0.23
3717,9968,3,0.32
3718,8525,15,0.97
3719,7601,11,0.63
3720,7135,3,0.75
3721,32556,7,0.58
3722,10562,7,0.47
3723,2671,17,0.1
3724,32694,13,0.47
3725,19229,4,0.89
3726,27239,13,0.2
3727,22533,4,0.18
3728,29403,2,0.84
3729,5436,9,0.8
3730,31935,12,0.16
3731,24049,17,0.01
3732,12459,5,0.99
3733,18557,19,0.68
3734,32612,6,0.72
3735,24646,6,0.96
3736,17735,7,0.19
3737,6909,4,0.83
3738,3212,19,0.36
3739,31125,6,0.91
3740,15441,12,0.3
3741,32308,12,0.37
3742,23053,4,0.67
3743,18453,17,0.56
3744,11743,4,0.66
3745,28139,10,0.01
3746,23541,19,0.05
3747,12059,14,0.45
3748,10385,4,0.01
3749,33601,4,0.55
3750,5154,14,0.66
3751,12192,19,0.11
3752,15605,11,0.71
3753,29219,17,0.99
3754,28453,16,0.95
3755,13924,5,0.64
3756,30593,19,0.4
3757,4674,19,0.6
3758,22424,14,0.98
3759,7239,4,0.66
3760,25127,2,0.35
3761,32036,2,0.26
3762,22887,8,1.0
3763,13109,13,0.82
3764,6720,18,0.79
3765,18370,9,0.33
3766,8207,18,0.93
3767,4966,19,0.07
3768,11169,3,0.2
3769,7938,1,0.31
3770,28899,13,0.03
3771,33225,1,0.88
3772,9838,12,0.25
3773,28995,9,0.17
3774,32420,8,0.26
3775,1061,7,0.43
3776,7024,11,0.22
3777,32169,6,0.82
3778,27361,5,0.01
3779,33520,11,0.53
3780,31421,7,0.74
3781,9839,6,0.31
3782,2676,16,0.21
3783,19737,18,0.29
3784,26981,19,0.01
3785,23959,2,0.98
3786,32197,14,0.89
3787,24636,5,0.72
3788,11736,4,0.42
3789,31285,13,0.43
3790,17149,11,1.0
3791,14097,2,0.53
3792,25184,6,0.14
3793,16919,17,0.66
3794,34190,7,0.13
3795,8163,3,0.43
3796,34428,11,0.7
3797,4848,1,0.86
3798,8038,10,0.1
3799,16347,1,0.6
3800,22944,2,1.0
3801,12913,10,0.62
3802,29671,5,0.18
3803,17209,10,0.82
3804,9993,17,0.89
3805,8711,19,0.51
3806,25359,19,0.61
3807,17760,8,0.98
3808,15995,5,0.3
3809,14831,15,0.09
3810,23777,10,0.41
3811,20150,2,0.37
3812,29243,15,0.33
3813,28458,19,1.0
3814,34191,18,0.3
3815,4262,11,0.79
3816,1925,17,0.16
3817,19371,3,0.91
3818,15364,6,0.32
3819,21730,6,0.22
3820,14056,8,0.69
3821,10184,8,0.01
3822,15468,16,0.66
3823,33357,13,0.6
3824,19193,17,0.94
3825,9983,15,0.63
3826,14008,16,0.84
3827,10917,11,0.12
3828,26558,12,0.25
3829,9195,13,0.55
3830,3414,9,0.18
3831,22884,13,0.79
3832,8750,9,0.65
3833,6646,10,0.4
3834,4882,2,0.04
3835,1627,1,0.55
3836,33730,9,0.48
3837,3273,14,0.16
3838,7457,6,0.9
3839,8631,6,0.88
3840,28160,4,0.09
3841,10908,11,0.9
3842,6012,8,0.48
3843,17758,12,0.35
3844,23673,19,0.78
3845,5058,19,0.26
3846,9613,16,0.77
3847,3423,5,0.96
3848,4515,11,0.69
3849,5050,18,0.67
3850,255,13,0.63
3851,14066,6,0.97
3852,26898,5,0.05
3853,28386,8,0.25
3854,34345,4,0.12
3855,11374,13,0.76
3856,15352,9,0.66
3857,3235,18,0.45
3858,28918,5,0.76
3859,5368,16,0.5
3860,6161,4,0.71
3861,12263,4,0.66
3862,13138,13,0.63
3863,3034,7,0.57
3864,27513,17,0.42
3865,1802,5,0.18
3866,26095,5,0.77
3867,31658,16,0.12
3868,6893,8,0.29
3869,8876,12,0.91
3870,30475,14,0.03
3871,10939,17,0.17
3872,13709,13,0.09
3873,18127,1,0.73
3874,19355,15,0.83
3875,32240,16,0.94
3876,1737,1,0.71
3877,31159,4,0.57
3878,30154,14,0.51
3879,30271,4,0.31
3880,17084,5,0.62
3881,10212,15,0.04
3882,19177,19,0.45
3883,1737,8,0.61
3884,27452,4,0.87
3885,22897,18,0.7
3886,27013,17,0.97
3887,31038,17,0.42
3888,29211,3,0.85
3889,20612,1,0.07
3890,19063,16,0.61
3891,14775,13,0.16
3892,11362,8,0.24
3893,29028,19,0.73
3894,16156,6,0.37
3895,3670,7,0.43
3896,16409,18,0.1
3897,2210,13,0.23
3898,7095,6,0.57
3899,8162,19,0.53
3900,1215,2,0.66
3901,5653,15,0.78
3902,8914,8,0.23
3903,24065,13,0.36
3904,13452,16,0.51
3905,27904,2,0.01
3906,15537,6,0.46
3907,6819,4,0.89
3908,8556,4,0.34
3909,6234,16,0.35
3910,4506,14,0.28
3911,18676,10,0.6
3912,34986,19,0.79
3913,15372,4,0.82
3914,26024,3,0.29
3915,14420,9,0.61
3916,30943,12,0.7
3917,34785,18,0.96
3918,7177,7,0.6
3919,21102,16,0.27
3920,33888,6,0.75
3921,21059,14,0.78
3922,9184,7,0.73
3923,4470,1,0.8
3924,27398,11,0.72
3925,9546,19,0.83
3926,18544,11,0.41
3927,8160,8,0.83
3928,2764,18,0.25
3929,10772,9,0.24
3930,13657,5,0.29
3931,24108,15,0.82
3932,22307,3,0.16
3933,34863,9,0.43
3934,30581,6,0.17
3935,6200,14,0.28
3936,22760,11,0.85
3937,17472,15,0.43
3938,8305,4,0.71
3939,27219,7,0.62
3940,9888,15,0.03
3941,28566,6,0.14
3942,31446,13,0.32
3943,569,13,0.3
3944,34359,3,0.95
3945,31540,16,0.03
3946,13038,5,0.69
3947,23792,18,0.82
3948,18507,6,0.44
3949,21955,17,0.08
3950,16979,16,0.52
3951,24143,6,0.54
3952,10302,18,0.23
3953,12342,1,0.91
3954,6549,11,0.24
3955,3866,8,0.97
3956,2956,15,0.83
3957,2688,19,0.62
3958,30761,4,0.48
3959,24392,14,0.78
3960,6609,14,0.27
3961,12330,18,0.73
3962,29314,1,0.29
3963,23081,19,0.11
3964,33514,17,0.58
3965,10876,1,0.94
3966,33456,1,0.8
3967,3075,14,0.38
3968,28346,10,0.95
3969,23203,12,0.98
3970,1829,8,0.39
3971,22362,7,0.76
3972,13443,1,0.4
3973,12117,9,0.09
3974,8317,2,0.1
3975,29587,9,0.34
3976,17283,8,0.48
3977,7610,7,0.63
3978,33220,3,0.81
3979,34426,12,0.01
3980,4988,12,0.37
3981,15404,6,0.54
3982,20536,18,0.58
3983,31737,7,0.86
3984,18243,15,0.51
3985,9739,12,0.07
3986,13596,6,0.6
3987,23717,15,0.62
3988,17469,15,0.48
3989,31514,13,0.9
3990,28871,13,0.86
3991,773,13,0.51
3992,12423,6,0.66
3993,14942,14,0.89
3994,13625,18,0.75
3995,14389,6,0.8
3996,8981,4,0.16
3997,32606,11,0.74
3998,25222,4,0.24
3999,24368,14,0.47
4000,26120,10,0.09
4001,2006,11,0.82
4002,10005,19,0.43
4003,12750,4,0.78
4004,22377,8,0.6
4005,28725,13,0.72
4006,19702,4,0.95
4007,4913,8,0.55
4008,32282,3,0.8
4009,34641,19,0.59
4010,9694,15,0.95
4011,9197,9,0.68
4012,33711,3,0.83
4013,20447,4,0.48
4014,30766,3,0.04
4015,21233,2,0.82
4016,8732,15,0.83
4017,5560,16,0.26
4018,29313,3,0.41
4019,13404,10,0.36
4020,5575,6,0.6
4021,32062,17,0.35
4022,20910,4,0.56
4023,34755,11,0.26
4024,19586,19,0.06
4025,5048,15,0.59
4026,27670,11,0.45
4027,34339,17,0.75
4028,31489,3,0.92
4029,16128,14,0.0
4030,31072,19,0.15
4031,7718,4,0.46
4032,26384,16,0.7
4033,25162,10,0.53
4034,7154,16,0.9
4035,22989,12,0.16
4036,8251,7,0.78
4037,34997,2,0.91
4038,15344,15,0.14
4039,20932,8,0.09
4040,12320,15,0.81
4041,797,11,0.82
4042,27731,1,0.21
4043,9138,5,0.02
4044,21846,19,0.91
4045,1174,11,0.66
4046,24403,8,0.77
4047,16711,16,0.87
4048,8151,2,0.53
4049,24847,14,0.56
4050,6573,6,0.47
4051,14896,7,0.26
4052,15185,5,0.51
4053,21253,8,0.36
4054,2905,17,0.83
4055,30286,9,0.99
4056,1868,12,0.94
4057,27164,2,0.55
4058,32909,6,0.17
4059,5811,8,0.67
4060,27141,19,0.61
4061,8803,10,0.65
4062,33384,3,0.7
4063,20875,19,0.55
4064,30463,10,0.88
4065,31447,15,0.01
4066,13367,9,0.92
4067,31141,3,0.13
4068,3110,1,0.86
4069,23952,11,0.4
4070,18474,5,0.67
4071,14734,2,0.82
4072,34535,16,0.14
4073,11131,3,0.32
4074,15253,4,0.31
4075,2910,8,0.44
4076,22420,12,0.34
4077,6884,8,0.58
4078,2147,18,0.65
4079,16642,18,0.6
4080,26337,16,0.61
4081,20623,19,0.81
4082,5346,18,0.01
4083,31431,9,0.27
4084,33911,3,0.71
4085,24304,6,0.96
4086,7486,5,0.85
4087,13482,5,0.92
4088,25304,10,0.03
4089,20998,11,0.73
4090,18095,14,0.45
4091,12093,19,0.48
4092,24918,16,0.81
4093,1211,13,0.56
4094,18838,16,0.22
4095,14492,5,0.97
4096,27640,1,0.41
4097,7977,19,0.24
4098,28960,1,0.24
4099,7296,15,0.25
4100,13168,19,0.02
4101,5573,10,0.79
4102,12977,2,0.83
4103,26422,4,0.68
4104,8949,2,0.24
4105,17247,6,0.44
4106,90,19,0.77
4107,363,6,0.52
4108,23936,17,0.94
4109,6934,7,0.76
4110,24135,1,0.82
4111,20373,12,0.41
4112,8143,12,0.38
4113,34148,10,0.76
4114,4970,9,0.04
4115,28914,1,0.01
4116,11039,15,0.35
4117,32697,14,0.58
4118,16057,17,0.6
4119,9368,10,0.08
4120,3069,14,0.18
4121,14440,5,0.36
4122,32612,18,0.56
4123,4307,13,0.13
4124,30905,5,0.75
4125,7256,3,0.98
4126,6816,8,0.7
4127,3793,6,0.63
4128,7385,17,0.77
4129,7233,6,0.82
4130,23879,19,0.03
4131,24317,15,0.49
4132,15035,18,0.77
4133,29166,9,0.24
4134,18412,19,0.34
4135,21895,1,1.0
4136,26477,5,0.43
4137,30504,17,0.01
4138,17464,16,0.86
4139,26362,15,0.74
4140,17057,10,0.43
4141,15434,17,0.7
4142,12123,10,0.87
4143,22393,2,0.4
4144,7610,2,0.12
4145,30894,7,0.62
4146,5644,7,0.52
4147,7333,12,0.37
4148,20872,15,0.61
4149,6904,7,0.92
4150,4514,9,0.81
4151,6250,3,0.82
4152,5834,17,0.9
4153,14853,13,0.61
4154,19397,2,0.09
4155,28666,10,0.9
4156,9770,4,0.08
4157,31104,8,0.34
4158,15759,11,0.37
4159,32979,3,0.72
4160,22462,2,0.08
4161,27193,18,0.15
4162,26159,9,0.54
4163,3032,15,0.17
4164,33237,7,0.2
4165,29383,5,0.02
4166,8694,10,0.22
4167,19352,2,0.05
4168,24034,7,0.68
4169,15555,14,0.94
4170,28557,14,0.83
4171,19522,17,0.97
4172,28411,6,0.67
4173,1660,15,0.66
4174,16238,7,0.46
4175,26193,11,0.68
4176,185,18,0.59
4177,16091,6,0.53
4178,801,18,0.7
4179,31932,11,0.24
4180,5967,19,0.43
4181,12416,14,0.16
4182,8662,9,0.78
4183,24905,2,0.15
4184,6785,8,0.47
4185,3494,17,0.18
4186,23283,15,0.51
4187,10014,5,0.3
4188,26814,14,0.83
4189,30318,9,0.08
4190,13707,6,0.37
4191,6336,15,0.74
4192,16763,3,0.17
4193,31928,14,0.05
4194,19162,13,0.59
4195,19274,6,0.25
4196,22959,4,0.05
4197,24427,11,0.51
4198,1017,7,0.02
4199,14637,16,0.4
4200,17667,4,0.69
4201,5677,13,0.24
4202,30070,6,0.85
4203,30242,7,0.38
4204,17361,19,0.45
4205,23371,10,0.68
4206,5733,16,0.49
4207,7733,1,0.55
4208,19299,11,0.99
4209,10513,5,0.16
4210,5732,14,0.47
4211,15318,19,0.45
4212,28526,15,0.64
4213,20824,17,0.91
4214,23919,16,0.3
4215,34569,16,0.35
4216,12152,15,0.22
4217,15072,4,0.65
4218,22589,5,0.31
4219,3308,5,0.23
4220,13266,9,0.94
4221,20337,15,0.53
4222,351,2,0.93
4223,29788,9,0.57
4224,17204,1,0.75
4225,22779,17,0.56
4226,12603,2,0.41
4227,7863,19,0.66
4228,25779,13,0.45
4229,23068,5,0.08
4230,20284,18,0.99
4231,34986,16,0.47
4232,3584,2,0.29
4233,13072,9,0.19
4234,4308,4,0.48
4235,28419,1,0.65
4236,34095,17,0.51
4237,19941,10,0.22
4238,17754,17,0.67
4239,28384,9,0.48
4240,32528,16,0.92
4241,4290,13,0.12
4242,13228,16,0.8
4243,1547,1,0.74
4244,13747,7,0.57
4245,582,8,0.63
4246,8743,1,0.76
4247,22223,5,0.08
4248,15359,6,0.46
4249,12364,9,0.68
4250,32982,2,0.95
4251,23757,12,0.19
4252,29458,5,0.55
4253,16109,2,0.65
4254,30126,15,0.17
4255,11717,12,0.97
4256,6315,2,0.48
4257,32978,12,0.93
4258,32330,4,0.36
4259,18817,19,0.29
4260,29270,19,0.23
4261,30836,7,0.56
4262,28761,17,0.39
4263,27611,18,0.37
4264,18920,19,0.76
4265,18291,13,0.26
4266,17047,11,0.19
4267,14854,15,0.49
4268,24610,6,0.62
4269,34407,7,0.18
4270,12589,1,0.62
4271,24453,8,0.79
4272,27662,14,0.81
4273,28762,17,0.17
4274,8424,9,0.4
4275,22859,5,0.93
4276,33460,13,0.78
4277,10007,2,0.19
4278,15968,4,0.08
4279,31049,9,0.97
4280,17585,10,0.32
4281,33171,4,0.16
4282,15956,19,0.81
4283,15391,1,0.05
4284,1014,6,0.79
4285,9908,2,0.3
4286,15665,13,0.51
4287,11677,6,0.94
4288,428,8,0.86
4289,29758,19,0.56
4290,31460,5,0.76
4291,26169,4,0.23
4292,31126,8,0.04
4293,13544,16,0.25
4294,28785,3,0.6
4295,15209,2,0.32
4296,9751,5,0.85
4297,7998,17,0.41
4298,8722,7,0.39
4299,31674,2,0.37
4300,20886,17,0.79
4301,2538,15,0.24
4302,606,2,0.85
4303,23271,16,0.24
4304,20297,12,0.48
4305,11104,15,0.08
4306,10602,16,0.95
4307,33355,2,0.89
4308,11488,17,0.58
4309,14439,13,0.19
4310,26927,11,0.56
4311,26655,3,0.43
4312,33195,4,0.1
4313,673,6,0.95
4314,17481,4,0.37
4315,2888,3,0.04
4316,12139,14,0.89
4317,33843,18,0.03
4318,27404,14,0.53
4319,4238,14,0.48
4320,31908,13,0.47
4321,34288,4,0.55
4322,30408,18,0.95
4323,21985,7,0.04
4324,4414,4,0.63
4325,5863,2,0.44
4326,23470,16,0.62
4327,23852,17,0.54
4328,23727,1,0.34
4329,21467,13,0.4
4330,18127,4,0.46
4331,22823,19,0.93
4332,22628,11,0.63
4333,19773,8,0.25
4334,3889,1,0.73
4335,612,6,0.47
4336,31575,4,0.9
4337,26803,9,0.65
4338,1144,18,0.94
4339,8810,3,0.91
4340,1200,12,0.62
4341,18854,17,0.48
4342,14719,10,0.22
4343,5212,11,0.09
4344,1719,4,0.6
4345,23612,17,0.26
4346,20790,19,0.98
4347,7676,1,0.74
4348,11579,9,0.37
4349,1408,14,0.23
4350,27877,10,0.68
4351,12413,4,0.12
4352,28954,3,0.82
4353,8065,15,0.56
4354,7037,7,0.89
4355,22387,15,0.64
4356,26011,1,0.77
4357,16381,13,0.48
4358,26699,3,0.26
4359,7122,8,0.77
4360,22228,8,0.0
4361,30891,5,0.08
4362,30386,10,0.05
4363,3303,4,0.62
4364,24636,19,0.43
4365,34546,9,0.28
4366,22433,19,0.08
4367,24988,8,0.53
4368,16479,3,0.08
4369,6100,11,0.92
4370,29529,11,0.91
4371,19182,3,0.9
4372,20244,9,0.56
4373,7974,2,0.11
4374,9096,10,0.98
4375,20524,8,0.62
4376,14705,8,0.02
4377,34657,17,0.37
4378,13220,19,0.69
4379,22801,2,0.05
4380,19931,14,0.51
4381,4453,7,0.61
4382,32946,7,0.61
4383,32002,5,0.74
4384,6284,8,0.62
4385,10549,2,0.25
4386,14926,13,0.47
4387,10145,8,0.54
4388,5607,18,0.5
4389,9552,14,0.18
4390,11875,4,0.83
4391,22593,15,0.15
4392,21023,11,0.45
4393,28839,12,0.31
4394,12785,16,0.1
4395,239,19,0.92
4396,8560,10,0.67
4397,30480,9,0.51
4398,18705,15,0.17
4399,34259,6,0.39
4400,14563,16,0.43
4401,27706,3,0.97
4402,20808,3,0.32
4403,21824,15,0.94
4404,18575,6,0.05
4405,5642,19,0.99
4406,28413,9,0.88
4407,29478,1,0.67
4408,7642,5,0.76
4409,16329,13,0.34
4410,34832,7,0.49
4411,9676,14,0.63
4412,20222,7,0.61
4413,28618,15,0.34
4414,31829,10,0.37
4415,33394,19,0.97
4416,29142,8,0.2
4417,29686,2,0.2
4418,33469,18,0.94
4419,5566,11,0.05
4420,5167,10,0.54
4421,7145,17,0.01
4422,15971,6,0.94
4423,4559,8,0.79
4424,12886,7,0.69
4425,33054,4,0.81
4426,30295,17,0.87
4427,6216,11,0.41
4428,2375,15,0.07
4429,29908,2,0.41
4430,13978,7,0.73
4431,4016,2,0.67
4432,32243,15,0.57
4433,2032,4,0.03
4434,5018,12,0.87
4435,14421,19,0.83
4436,1388,10,0.03
4437,10616,19,0.97
4438,9299,12,0.7
4439,1815,15,0.64
4440,7228,14,0.8
4441,9978,11,0.86
4442,24609,19,0.23
4443,370,16,0.94
4444,13092,13,0.57
4445,31585,2,0.02
4446,12192,12,0.59
4447,2712,1,0.21
4448,27380,13,0.68
4449,28633,14,0.54
4450,33484,1,0.86
4451,17708,15,0.37
4452,10697,15,0.69
4453,30364,14,0.94
4454,5869,13,0.09
4455,23620,7,0.42
4456,14653,15,0.99
4457,16528,16,0.26
4458,14267,17,0.03
4459,28873,12,0.36
4460,30949,17,0.21
4461,23497,14,0.76
4462,26971,18,0.72
4463,4883,12,0.9
4464,14475,11,0.38
4465,26559,5,0.34
4466,22707,10,0.42
4467,22388,12,0.97
4468,20449,11,0.81
4469,6498,15,0.06
4470,25162,5,0.06
4471,28187,4,0.24
4472,9064,6,0.51
4473,10673,15,0.57
4474,19105,18,0.91
4475,12693,2,1.0
4476,3092,1,0.26
4477,30432,11,0.22
4478,12528,4,0.44
4479,25743,8,0.94
4480,7737,13,0.51
4481,8344,18,0.09
4482,331,6,0.64
4483,23637,14,0.29
4484,15267,16,0.72
4485,25367,1,0.74
4486,3330,9,0.88
4487,21996,2,1.0
4488,20817,9,0.63
4489,18126,14,0.47
4490,32395,18,0.75
4491,21101,1,0.2
4492,10428,10,0.06
4493,4282,10,0.21
4494,17200,11,0.61
4495,3557,12,0.05
4496,27845,7,0.8
4497,9365,2,0.47
4498,9342,9,0.23
4499,9148,10,0.97
4500,5973,13,0.56
4501,29811,1,0.88
4502,2353,5,0.47
4503,25925,17,0.5
4504,14030,10,0.23
4505,12507,5,0.87
4506,24288,18,0.57
4507,31536,4,0.36
4508,30657,7,0.27
4509,32224,1,0.92
4510,34215,5,0.06
4511,1337,17,0.87
4512,13192,12,0.24
4513,15236,11,0.78
4514,4019,18,0.21
4515,30140,5,0.74
4516,4862,4,0.38
4517,10637,8,0.8
4518,4576,2,0.58
4519,16232,18,0.31
4520,14592,1,0.54
4521,21815,19,0.62
4522,10372,1,0.38
4523,27389,12,0.7
4524,3865,17,0.25
4525,29043,4,0.38
4526,20191,11,0.82
4527,14336,18,0.01
4528,23930,9,0.12
4529,29287,10,0.9
4530,26268,15,0.86
4531,6289,17,0.16
4532,2330,14,0.4
4533,2965,19,0.8
4534,577,11,0.92
4535,1201,10,0.94
4536,22082,10,0.18
4537,16813,15,0.43
4538,13486,6,0.97
4539,15130,6,0.64
4540,6075,2,0.46
4541,34773,16,0.67
4542,29475,3,0.55
4543,25401,8,0.25
4544,23959,4,0.93
4545,15128,8,1.0
4546,31972,11,0.87
4547,11695,3,0.91
4548,4653,10,0.2
4549,11832,8,0.53
4550,31050,14,0.9
4551,7794,4,0.24
4552,14455,12,0.42
4553,8362,9,0.39
4554,2034,8,0.6
4555,18614,18,0.39
4556,26922,5,0.99
4557,11518,4,0.62
4558,19392,15,0.19
4559,28986,19,0.89
4560,16430,13,0.6
4561,27515,15,0.73
4562,12623,12,0.72
4563,30820,5,0.23
4564,15284,11,0.48
4565,7212,8,0.31
4566,28018,9,0.86
4567,34505,18,0.08
4568,32313,7,0.62
4569,21522,14,0.35
4570,28205,9,0.05
4571,8766,13,0.94
4572,20203,5,0.96
4573,13745,2,0.12
4574,9216,7,0.41
4575,31112,14,0.97
4576,27928,16,0.27
4577,34814,16,0.08
4578,11871,15,0.59
4579,32433,17,0.07
4580,14594,1,0.32
4581,17692,11,0.36
4582,23725,16,0.85
4583,12262,6,0.4
4584,25252,16,0.41
4585,19752,5,0.6
4586,10933,19,0.59
4587,1824,17,0.14
4588,24219,11,0.66
4589,13916,17,0.66
4590,28152,13,0.16
4591,20253,13,0.69
4592,10189,6,0.69
4593,3900,7,0.24
4594,34886,3,0.27
4595,22201,14,0.61
4596,30436,14,0.02
4597,12835,18,0.63
4598,18041,8,0.21
4599,11881,5,0.58
4600,25839,17,0.59
4601,15652,5,0.72
4602,14989,5,0.66
4603,13013,19,0.99
4604,2070,16,0.97
4605,1552,17,0.69
4606,27418,10,0.21
4607,21474,16,0.21
4608,21680,4,0.39
4609,2452,18,0.68
4610,31805,19,0.1
4611,10797,4,0.77
4612,20053,3,0.18
4613,12511,8,0.17
4614,3088,3,0.46
4615,16418,17,0.57
4616,10157,16,0.43
4617,14994,11,0.5
4618,34419,12,0.83
4619,32726,12,0.92
4620,978,4,0.19
4621,8991,9,0.32
4622,15438,17,0.99
4623,20922,8,0.97
4624,26777,6,0.47
4625,5890,12,0.1
4626,27237,14,0.24
4627,12606,1,0.87
4628,29265,17,0.62
4629,23896,19,0.17
4630,15789,7,0.32
4631,8587,19,0.78
4632,8107,2,0.48
4633,10153,10,0.77
4634,7469,6,0.96
4635,1559,8,0.94
4636,18389,1,0.39
4637,17278,17,0.48
4638,5585,13,0.74
4639,31474,15,0.05
4640,1233,7,0.48
4641,17488,4,0.09
4642,34535,14,0.68
4643,29969,12,0.93
4644,10530,13,0.2
4645,21619,14,0.95
4646,131,7,0.11
4647,33469,5,0.55
4648,14003,4,0.56
4649,27507,15,0.44
4650,3027,2,0.28
4651,25285,5,0.35
4652,11485,8,0.74
4653,19882,1,0.35
4654,5733,1,0.64
4655,9228,14,0.21
4656,13224,4,0.21
4657,6526,12,0.53
4658,12989,2,0.02
4659,13350,7,0.11
4660,281,11,0.38
4661,12960,14,0.66
4662,6233,8,0.18
4663,4927,16,0.82
4664,18092,1,0.25
4665,27350,19,0.44
4666,2718,3,0.0
4667,29560,3,0.29
4668,26045,9,0.25
4669,5226,16,0.03
4670,18506,12,0.51
4671,28809,18,0.76
4672,8438,12,0.72
4673,3480,16,0.58
4674,5104,14,0.5
4675,19647,10,0.05
4676,22320,12,0.03
4677,5748,1,0.55
4678,16631,11,0.3
4679,25295,10,0.33
4680,4434,7,0.82
4681,29112,9,0.42
4682,5452,4,0.37
4683,19955,14,0.93
4684,8793,6,0.63
4685,26531,7,0.51
4686,13795,12,0.85
4687,33881,15,0.91
4688,30401,12,0.06
4689,30015,5,0.76
4690,24535,2,0.96
4691,2112,18,0.55
4692,8738,12,0.64
4693,25132,11,0.75
4694,6514,12,0.8
4695,10475,14,0.35
4696,20291,6,0.57
4697,25090,12,0.65
4698,4332,10,0.2
4699,23926,1,0.27
4700,34993,15,0.58
4701,31766,12,0.32
4702,488,1,0.44
4703,21246,15,0.43
4704,8608,6,0.7
4705,21855,1,0.86
4706,28355,19,0.71
4707,15936,16,0.51
4708,16962,2,0.18
4709,10570,10,0.89
4710,19405,10,0.65
4711,9456,14,0.72
4712,25211,8,0.48
4713,9468,13,0.48
4714,18883,9,0.31
4715,6118,7,0.28
4716,29312,19,0.9
4717,33295,13,0.21
4718,30528,4,0.24
4719,32402,8,1.0
4720,5529,14,0.53
4721,7812,12,0.59
4722,34021,13,0.94
4723,32128,12,0.07
4724,16000,11,0.43
4725,4009,5,0.11
4726,5224,13,0.09
4727,720,9,0.38
4728,2586,10,0.12
4729,5846,4,0.23
4730,22005,16,0.59
4731,25028,12,0.0
4732,33086,18,0.58
4733,28009,14,0.32
4734,17658,17,0.69
4735,34828,10,0.03
4736,26395,13,0.93
4737,10928,19,0.03
4738,18435,11,0.21
4739,22786,9,0.43
4740,17772,2,0.16
4741,19566,19,0.59
4742,14002,17,0.26
4743,6584,19,0.39
4744,2176,15,0.78
4745,10318,17,0.45
4746,31576,7,0.23
4747,22732,19,0.68
4748,23742,8,0.44
4749,34601,18,0.4
4750,12691,10,0.35
4751,728,16,0.15
4752,17429,19,0.61
4753,25373,4,0.67
4754,24826,18,0.98
4755,8473,3,0.11
4756,32160,18,0.68
4757,17204,2,0.56
4758,17802,17,0.15
4759,28382,8,0.29
4760,7775,9,0.99
4761,18186,11,0.64
4762,4543,6,0.82
4763,14884,7,0.53
4764,32713,19,0.16
4765,5913,4,0.74
4766,12349,13,0.27
4767,2273,19,0.48
4768,24405,17,0.05
4769,25411,11,0.2
4770,1374,9,0.38
4771,32395,16,0.84
4772,5967,13,0.15
4773,14010,11,0.76
4774,20196,16,0.67
4775,15474,6,0.22
4776,7258,15,0.06
4777,13409,16,0.99
4778,14025,17,0.59
4779,27491,14,0.75
4780,1385,7,0.44
4781,4273,1,0.98
4782,21236,17,0.04
4783,1832,2,0.41
4784,33816,15,0.92
4785,5461,12,0.81
4786,29755,19,0.4
4787,27319,1,0.22
4788,6410,17,0.08
4789,9422,12,0.76
4790,20811,2,0.74
4791,12319,14,0.08
4792,15410,9,0.11
4793,10470,8,0.34
4794,5311,14,0.85
4795,5625,4,0.68
4796,11677,18,0.58
4797,26169,5,0.18
4798,10778,4,0.8
4799,34510,13,1.0
4800,8959,2,0.91
4801,22676,13,0.05
4802,9867,16,0.84
4803,12661,13,0.53
4804,6986,11,0.67
4805,31394,2,0.89
4806,17417,7,0.57
4807,26736,2,0.52
4808,24059,9,0.89
4809,22630,15,0.24
4810,797,8,0.33
4811,16651,12,0.15
4812,13150,5,0.31
4813,7637,4,0.6
4814,9480,6,0.7
4815,5642,3,0.71
4816,14712,8,0.99
4817,19651,7,0.98
4818,13728,12,0.39
4819,22433,12,0.49
4820,18769,16,0.7
4821,9533,13,0.77
4822,9025,7,0.98
4823,32637,4,0.15
4824,18016,9,0.3
4825,27948,5,0.61
4826,3241,2,0.02
4827,31682,17,0.1
4828,6330,11,0.06
4829,5115,9,0.43
4830,13006,14,0.48
4831,13970,14,0.56
4832,1109,16,0.22
4833,16529,14,0.44
4834,14231,8,0.44
4835,10141,9,0.13
4836,16348,16,0.11
4837,31188,17,0.08
4838,7438,1,0.73
4839,13971,13,0.81
4840,13769,16,0.36
4841,31212,11,0.52
4842,13172,12,0.67
4843,19959,15,0.73
4844,27189,14,0.37
4845,28850,6,0.69
4846,11401,7,0.72
4847,9832,14,0.28
4848,22936,16,0.48
4849,21181,13,0.92
4850,2384,8,0.89
4851,18876,19,0.12
4852,10681,10,0.41
4853,5240,3,0.38
4854,34889,13,0.56
4855,22542,14,0.54
4856,510,10,0.19
4857,566,12,0.1
4858,18656,12,0.91
4859,27753,2,0.11
4860,11950,7,0.66
4861,19547,4,0.91
4862,24555,15,0.77
4863,33858,5,0.48
4864,18175,14,0.74
4865,29476,4,0.32
4866,24173,16,0.32
4867,15746,15,0.64
4868,26666,16,0.4
4869,4132,10,0.55
4870,27770,4,0.02
4871,28095,5,0.53
4872,25728,10,0.79
4873,4308,15,0.49
4874,10128,12,0.23
4875,6522,19,0.15
4876,31045,10,0.62
4877,9363,1,0.9
4878,25439,2,0.55
4879,3426,5,0.41
4880,29824,13,0.29
4881,7376,8,0.43
4882,34375,5,0.5
4883,14232,8,0.46
4884,16688,10,0.22
4885,12457,3,0.38
4886,25822,14,0.44
4887,11287,14,0.46
4888,28177,19,0.6
4889,11971,19,0.02
4890,29607,10,0.45
4891,24162,3,0.18
4892,14587,2,0.88
4893,17790,2,0.49
4894,27099,1,0.94
4895,917,19,0.73
4896,28523,2,0.95
4897,28747,9,0.28
4898,13449,6,0.04
4899,26079,13,0.37
4900,19994,7,0.25
4901,6815,13,0.17
4902,13770,14,0.62
4903,20228,14,0.24
4904,2000,4,0.55
4905,10031,10,0.86
4906,17695,6,0.45
4907,6504,1,1.0
4908,13667,18,0.07
4909,5200,8,0.46
4910,15339,9,0.31
4911,33194,13,0.83
4912,19090,10,0.27
4913,16534,13,0.88
4914,14233,14,0.17
4915,23250,8,0.47
4916,18672,19,0.01
4917,23795,18,0.09
4918,4661,6,0.08
4919,29500,4,0.0
4920,7768,5,0.75
4921,6154,11,0.82
4922,23306,13,0.68
4923,29018,8,0.23
4924,15349,1,0.66
4925,14343,13,0.52
4926,11702,19,0.88
4927,15111,1,0.61
4928,23574,5,0.26
4929,26430,12,0.57
4930,26436,13,0.36
4931,28737,6,0.43
4932,2586,6,0.22
4933,4091,3,0.46
4934,7686,2,0.56
4935,5173,1,0.66
4936,17948,11,0.12
4937,20901,10,0.55
4938,18772,18,0.63
4939,23564,4,0.17
4940,23203,17,0.41
4941,7982,7,0.67
4942,26320,5,0.52
4943,27013,19,0.35
4944,8947,18,0.07
4945,22164,15,0.89
4946,30907,10,0.68
4947,32069,18,0.92
4948,19025,13,0.43
4949,30536,8,0.34
4950,23872,18,0.06
4951,15501,7,0.71
4952,32540,9,0.55
4953,26634,18,0.65
4954,34987,7,0.3
4955,18665,15,0.44
4956,24074,10,0.05
4957,31813,17,0.21
4958,8972,7,0.29
4959,34102,8,0.61
4960,11515,3,0.76
4961,21541,4,0.28
4962,11433,16,0.0
4963,16244,8,0.14
4964,15408,8,0.4
4965,26235,10,0.85
4966,30069,10,0.86
4967,11714,5,0.08
4968,688,4,0.8
4969,23663,13,0.78
4970,15027,15,0.43
4971,17481,2,0.2
4972,34357,17,0.01
4973,25254,17,0.36
4974,3338,8,0.81
4975,21553,9,0.85
4976,1526,16,0.37
4977,15777,15,0.18
4978,26282,7,0.18
4979,16660,17,0.59
4980,17179,18,0.5
4981,2561,9,0.45
4982,20895,19,0.4
4983,25168,4,0.7
4984,8676,13,0.9
4985,24826,9,0.39
4986,18181,14,0.29
4987,21485,11,0.99
4988,6354,13,0.67
4989,27995,16,0.6
4990,9359,14,0.77
4991,23370,14,0.52
4992,29367,13,0.04
4993,1503,11,0.01
4994,25294,2,0.9
4995,4634,3,0.12
4996,5778,13,0.02
4997,3554,12,0.3
4998,25973,16,0.5
4999,28948,12,0.35
5000,16133,18,0.6
5001,23271,19,0.5
5002,28423,1,0.47
5003,9209,9,0.78
5004,20610,10,0.01
5005,15060,19,0.18
5006,25262,15,0.93
5007,1696,7,0.85
5008,1721,1,0.27
5009,24130,10,0.94
5010,19227,3,0.79
5011,11963,7,0.55
5012,17415,10,0.39
5013,26188,17,0.34
5014,6316,19,0.14
5015,22765,14,0.34
5016,26716,17,0.89
5017,27954,12,0.4
5018,21031,11,0.17
5019,21062,2,0.1
5020,24577,3,0.68
5021,20997,7,0.78
5022,26709,10,0.67
5023,23973,6,0.83
5024,26098,19,0.84
5025,16605,13,0.23
5026,34022,16,0.09
5027,6933,8,0.3
5028,24423,18,0.36
5029,7303,2,0.94
5030,11635,17,0.08
5031,29927,6,0.5
5032,13468,5,0.73
5033,4722,4,0.72
5034,376,13,0.39
5035,6511,13,0.23
5036,21405,2,0.57
5037,8673,2,0.53
5038,18103,14,0.95
5039,3754,6,0.23
5040,9184,5,0.42
5041,20237,17,0.87
5042,11404,16,0.36
5043,14098,10,0.77
5044,26363,15,0.0
5045,22148,16,0.74
5046,30616,1,0.08
5047,11205,1,0.55
5048,24564,8,0.5
5049,26817,3,0.46
5050,13818,8,0.99
5051,26891,11,0.98
5052,2936,14,0.2
5053,22799,7,0.55
5054,28155,10,0.12
5055,29033,1,0.87
5056,10527,10,0.44
5057,32103,1,0.44
5058,9817,8,0.59
5059,4736,17,0.81
5060,34804,10,0.52
5061,3229,6,0.88
5062,10280,18,0.46
5063,16609,16,0.51
5064,8379,8,0.98
5065,7929,16,0.19
5066,28078,16,0.67
5067,4752,12,0.94
5068,6484,10,0.87
5069,755,19,0.01
5070,21774,8,0.88
5071,11070,15,0.33
5072,16929,2,0.57
5073,17872,11,0.21
5074,1614,8,0.95
5075,23013,3,0.51
5076,17248,12,0.54
5077,7806,16,0.85
5078,14631,12,0.19
5079,24602,9,0.67
5080,20141,3,0.39
5081,26987,3,0.8
5082,20836,13,0.07
5083,24370,6,0.04
5084,18436,14,0.77
5085,9309,17,0.94
5086,18359,19,0.56
5087,9850,12,0.19
5088,30427,1,0.93
5089,29130,2,0.71
5090,303,13,0.38
5091,20938,1,0.45
5092,20533,10,0.31
5093,18835,13,0.23
5094,19656,1,0.73
5095,33315,8,0.98
5096,5454,13,0.75
5097,5344,4,0.83
5098,21690,7,0.18
5099,5084,14,0.23
5100,28301,2,0.5
5101,19677,18,0.04
5102,23,6,0.18
5103,23295,10,0.34
5104,29157,12,0.91
5105,2448,4,0.81
5106,34800,6,0.93
5107,15839,18,0.57
5108,24857,10,0.81
5109,24956,12,0.07
5110,6169,10,0.81
5111,8571,18,0.74
5112,31453,4,0.32
5113,290,4,0.36
5114,17525,10,0.36
5115,10467,10,0.56
5116,34951,7,0.9
5117,4492,12,0.9
5118,16402,8,0.13
5119,9999,1,0.11
5120,6453,12,0.3
5121,18024,6,0.74
5122,12919,19,0.6
5123,12283,2,0.57
5124,17496,4,0.07
5125,7376,5,0.45
5126,27346,15,0.9
5127,751,11,0.93
5128,32247,16,0.45
5129,10727,16,0.92
5130,12882,4,0.97
5131,14514,5,0.71
5132,13442,18,0.19
5133,15347,11,0.22
5134,22410,19,0.02
5135,7946,9,0.27
5136,32971,6,0.16
5137,25646,12,0.46
5138,27167,14,0.04
5139,22092,8,0.14
5140,23079,15,0.68
5141,11384,16,0.81
5142,23481,14,0.68
5143,15624,6,0.63
5144,10011,13,0.84
5145,33015,9,0.99
5146,34954,14,0.93
5147,21877,9,0.74
5148,13357,1,0.72
5149,28051,18,0.88
5150,1305,17,0.39
5151,14037,11,0.63
5152,25955,7,0.17
5153,10058,12,0.78
5154,877,8,0.67
5155,1373,2,0.82
5156,1556,2,0.73
5157,17045,7,0.99
5158,14841,17,0.98
5159,20967,3,0.36
5160,27766,2,0.52
5161,9365,16,0.8
5162,12408,2,0.45
5163,27222,12,1.0
5164,33424,14,0.54
5165,8679,15,0.84
5166,4437,4,0.81
5167,9285,14,0.74
5168,1354,11,0.58
5169,3133,5,0.84
5170,4266,11,0.38
5171,9807,4,0.83
5172,29416,1,0.79
5173,24763,16,0.73
5174,3480,11,0.43
5175,20313,4,0.17
5176,19753,18,0.59
5177,6263,5,0.11
5178,6700,4,0.8
5179,20050,12,0.7
5180,5666,8,0.2
5181,15453,18,0.2
5182,4591,18,0.38
5183,16354,10,0.89
5184,20390,10,0.79
5185,26812,16,0.15
5186,33340,3,0.66
5187,12652,8,0.37
5188,25626,18,0.21
5189,4460,10,0.02
5190,18377,5,0.06
5191,5415,15,0.09
5192,11555,16,0.98
5193,28510,3,0.18
5194,9304,9,0.46
5195,31244,8,0.01
5196,19956,12,0.57
5197,2096,2,0.36
5198,31873,5,0.63
5199,14573,10,0.32
5200,17752,18,0.4
5201,5503,3,0.75
5202,1498,18,0.96
5203,19707,17,0.52
5204,17411,8,0.4
5205,32395,9,0.12
5206,33894,19,0.6
5207,6197,11,0.61
5208,29602,8,0.94
5209,19877,12,0.09
5210,15848,10,0.48
5211,20097,10,0.13
5212,8932,10,0.37
5213,5987,8,0.16
5214,10228,4,0.79
5215,33454,3,0.8
5216,5325,19,0.01
5217,12083,2,0.78
5218,20599,6,0.56
5219,11540,13,0.05
5220,4241,13,0.15
5221,27850,14,0.98
5222,11475,16,0.52
5223,4603,5,0.45
5224,7616,18,0.58
5225,1411,8,0.75
5226,5764,6,0.39
5227,7779,19,0.51
5228,7416,19,0.2
5229,14212,19,0.23
5230,6317,14,0.97
5231,10384,5,0.12
5232,31839,15,0.52
5233,20004,11,0.67
5234,19550,17,0.2
5235,3224,4,0.84
5236,14414,4,0.85
5237,31672,11,0.09
5238,8662,8,0.01
5239,24107,8,0.84
5240,15579,11,0.36
5241,18247,4,0.38
5242,19501,5,0.91
5243,5941,10,0.73
5244,2272,5,0.16
5245,11721,10,0.67
5246,26464,16,0.28
5247,24119,8,0.9
5248,19514,19,0.98
5249,4882,19,0.26
5250,34799,11,0.89
5251,28537,17,0.85
5252,20098,14,0.94
5253,7096,1,0.13
5254,8153,2,0.72
5255,26010,16,0.83
5256,14655,7,0.04
5257,7753,18,0.36
5258,2060,19,0.2
5259,3331,1,0.12
5260,32912,6,0.5
5261,12240,18,0.22
5262,7891,9,0.79
5263,15154,1,0.78
5264,17553,17,0.38
5265,24254,3,0.43
5266,28536,10,0.01
5267,12089,5,0.58
5268,1396,18,0.95
5269,76,11,0.92
5270,21477,14,0.44
5271,24643,12,0.74
5272,12350,15,0.08
5273,386,14,0.12
5274,18333,15,0.39
5275,17945,1,0.84
5276,30516,3,0.33
5277,23162,10,0.84
5278,23648,10,0.15
5279,19760,11,0.58
5280,19683,18,0.4
5281,10172,9,0.07
5282,34615,10,0.9
5283,10478,9,0.58
5284,21683,8,0.69
5285,33584,19,0.43
5286,11951,5,0.34
5287,13797,17,0.88
5288,11043,2,0.41
5289,25588,12,0.32
5290,10040,8,0.54
5291,12220,18,0.2
5292,8584,8,0.92
5293,5423,5,0.73
5294,14507,5,0.06
5295,29768,16,0.53
5296,28089,15,0.84
5297,34828,13,0.9
5298,14809,7,0.82
5299,22337,4,0.93
5300,3849,9,0.47
5301,4979,1,0.22
5302,15279,5,0.5
5303,12291,3,0.18
5304,14212,13,0.99
5305,9231,11,0.25
5306,7852,18,0.4
5307,4276,3,0.8
5308,34693,12,0.27
5309,32988,19,0.73
5310,32208,16,0.3
5311,22571,17,0.48
5312,18779,14,0.32
5313,28298,19,0.61
5314,17245,4,0.12
5315,11693,19,0.79
5316,31986,14,0.14
5317,16007,17,0.59
5318,12103,10,0.7
5319,27639,10,0.13
5320,12685,4,0.78
5321,13359,4,0.83
5322,21625,7,0.51
5323,27622,2,0.78
5324,32295,4,0.76
5325,23472,2,0.3
5326,25488,13,0.9
5327,20380,4,0.04
5328,31805,14,0.03
5329,23770,16,0.06
5330,1979,4,0.23
5331,13470,18,0.25
5332,16345,6,0.64
5333,2482,10,0.49
5334,10235,18,0.32
5335,5391,12,0.43
5336,5703,15,0.67
5337,27720,14,0.67
5338,10173,6,0.88
5339,14821,3,0.3
5340,121,8,0.68
5341,723,2,0.11
5342,32972,9,0.41
5343,26303,7,0.7
5344,21671,7,0.65
5345,16762,19,0.91
5346,9508,3,0.05
5347,116,7,0.59
5348,15374,14,0.24
5349,25280,6,0.11
5350,16377,9,0.03
5351,21528,1,0.91
5352,31394,7,0.87
5353,22117,19,0.35
5354,420,11,0.89
5355,18315,18,0.24
5356,25186,19,0.03
5357,14299,11,0.02
5358,2239,4,0.15
5359,22422,2,0.24
5360,8186,16,0.78
5361,11866,17,0.36
5362,9783,19,0.28
5363,17267,3,0.34
5364,4384,3,0.01
5365,25219,11,1.0
5366,26463,7,0.15
5367,16129,9,0.5
5368,6085,17,0.26
5369,9712,7,0.01
5370,18343,16,0.52
5371,24216,16,0.88
5372,21255,16,0.38
5373,9895,10,0.93
5374,6319,11,0.15
5375,11912,12,0.75
5376,13935,7,0.73
5377,20778,2,0.32
5378,32415,17,0.03
5379,21751,4,0.61
5380,13218,10,0.7
5381,21499,2,0.8
5382,28357,1,0.93
5383,6688,16,0.44
5384,6706,1,0.94
5385,34967,10,0.46
5386,6587,1,0.48
5387,28099,7,0.01
5388,34795,14,0.3
5389,17952,9,0.5
5390,14318,2,0.47
5391,5644,8,0.85
5392,13301,2,0.06
5393,19718,14,0.59
5394,19487,8,0.51
5395,24321,19,0.8
5396,33423,15,0.57
5397,4323,3,0.22
5398,22609,18,0.4
5399,29572,18,0.42
5400,34176,12,0.02
5401,16417,13,0.74
5402,13786,13,0.7
5403,31081,8,0.16
5404,31913,19,0.96
5405,19187,14,0.79
5406,27508,7,0.49
5407,2302,5,0.46
5408,14734,18,0.24
5409,17884,14,0.51
5410,17650,8,0.95
5411,7107,19,0.32
5412,30277,2,0.81
5413,23798,1,0.26
5414,8144,19,0.69
5415,26244,3,0.5
5416,22795,11,0.89
5417,7854,16,0.5
5418,10833,7,0.81
5419,4128,19,0.68
5420,10072,11,0.74
5421,11428,17,0.29
5422,32339,19,0.99
5423,4430,12,0.81
5424,33714,7,0.72
5425,17829,18,0.68
5426,7469,16,0.89
5427,16094,1,0.36
5428,17481,5,0.74
5429,25991,19,0.59
5430,16278,10,0.32
5431,29260,13,0.44
5432,6210,16,0.68
5433,24582,3,0.95
5434,5334,7,0.53
5435,24401,12,0.45
5436,11091,6,0.75
5437,11022,5,0.62
5438,1643,1,0.06
5439,11891,2,0.67
5440,23035,12,0.63
5441,29231,9,0.8
5442,4603,14,0.86
5443,31718,16,0.46
5444,25668,4,0.1
5445,27302,2,0.48
5446,8700,8,0.93
5447,20357,18,0.8
5448,395,19,0.51
5449,28634,14,0.66
5450,16781,17,0.45
5451,18775,19,0.15
5452,17561,17,0.52
5453,9394,9,0.01
5454,33317,19,0.81
5455,12509,6,0.85
5456,24076,9,0.0
5457,20988,10,0.78
5458,6099,3,0.09
5459,6367,16,0.66
5460,5265,8,0.16
5461,17468,13,0.19
5462,24103,10,0.13
5463,17051,4,0.81
5464,6571,19,0.34
5465,2122,14,0.95
5466,17434,18,0.57
5467,1887,11,0.25
5468,20188,10,0.2
5469,5155,18,0.01
5470,6146,12,0.62
5471,22346,13,0.32
5472,5997,18,0.75
5473,28512,17,0.82
5474,22900,3,0.79
5475,29742,5,0.25
5476,21566,3,0.08
5477,25103,19,0.61
5478,7876,13,0.97
5479,24829,6,0.21
5480,18090,15,0.08
5481,33465,19,0.77
5482,31091,14,0.34
5483,24222,4,0.84
5484,34945,4,0.21
5485,30003,5,0.82
5486,13049,5,0.8
5487,19887,5,0.25
5488,32075,10,0.75
5489,6780,13,0.53
5490,4453,6,0.84
5491,5875,19,0.62
5492,21981,11,0.7
5493,8305,7,0.49
5494,1856,16,0.16
5495,13244,8,0.91
5496,32817,11,0.77
5497,28505,16,0.56
5498,19952,6,0.33
5499,4211,6,0.05
5500,29398,6,0.23
5501,16280,10,0.7
5502,6032,5,0.31
5503,33377,11,0.05
5504,26050,19,0.98
5505,2527,11,0.33
5506,27227,9,0.12
5507,25309,13,0.96
5508,18368,19,0.1
5509,12596,13,0.66
5510,2305,10,0.49
5511,7850,14,0.21
5512,21160,6,0.77
5513,3054,2,0.14
5514,16798,6,0.78
5515,21501,12,0.63
5516,16374,19,0.24
5517,7286,1,0.74
5518,8951,6,0.79
5519,34567,16,0.48
5520,3303,12,0.47
5521,10892,6,0.56
5522,793,15,0.47
5523,14987,9,0.47
5524,12491,15,0.1
5525,30132,6,0.17
5526,21568,13,0.67
5527,15997,13,0.08
5528,34126,19,0.69
5529,31656,17,0.23
5530,11587,10,0.54
5531,15697,18,0.96
5532,27380,4,0.47
5533,30969,17,0.96
5534,25052,4,0.04
5535,28549,16,0.65
5536,11377,18,0.1
5537,22519,5,0.68
5538,1118,10,0.67
5539,33187,12,0.15
5540,20563,15,0.26
5541,25519,12,0.33
5542,31951,19,0.96
5543,13964,7,0.74
5544,9224,13,0.06
5545,20763,11,0.5
5546,34362,16,0.28
5547,23601,9,0.07
5548,28177,1,0.54
5549,15123,11,0.7
5550,10851,14,0.59
5551,16885,11,0.32
5552,11600,10,0.62
5553,6809,8,0.62
5554,6763,14,0.19
5555,19562,18,0.69
5556,29738,4,0.81
5557,7999,5,0.4
5558,7516,7,0.73
5559,30619,5,0.26
5560,24194,2,0.29
5561,499,2,0.33
5562,17617,19,0.28
5563,34436,12,0.1
5564,18612,8,0.33
5565,32277,18,0.32
5566,7646,5,0.58
5567,6608,10,0.45
5568,29170,7,0.97
5569,33501,7,0.91
5570,25748,6,0.04
5571,7729,8,0.92
5572,21193,9,0.21
5573,32727,7,0.16
5574,12468,12,0.51
5575,14613,10,0.62
5576,30500,17,0.83
5577,32795,10,0.95
5578,32608,13,0.29
5579,20610,3,0.68
5580,17699,18,0.49
5581,6806,2,0.67
5582,3036,18,0.01
5583,27231,19,0.58
5584,16464,16,0.39
5585,29626,18,0.66
5586,24532,10,0.57
5587,12916,15,0.11
5588,9784,16,0.72
5589,16953,19,0.96
5590,21924,12,0.49
5591,24686,14,0.93
5592,24985,14,0.38
5593,27947,2,0.76
5594,1067,1,0.72
5595,12034,5,0.37
5596,21941,4,0.78
5597,23082,17,0.7
5598,752,2,0.09
5599,32507,9,0.1
5600,28666,2,0.99
5601,3252,9,0.63
5602,16753,15,0.07
5603,8391,10,0.23
5604,14928,17,0.4
5605,22770,4,0.53
5606,10598,18,0.79
5607,26566,18,0.38
5608,11764,5,0.55
5609,6008,18,0.27
5610,14994,9,0.85
5611,727,13,0.35
5612,13348,13,0.71
5613,24699,16,0.86
5614,21070,13,0.17
5615,34108,9,0.39
5616,21019,10,0.46
5617,6125,9,0.04
5618,25622,4,0.65
5619,12700,6,0.59
5620,23521,13,0.75
5621,723,9,0.75
5622,20160,18,0.47
5623,15242,4,0.42
5624,23790,8,0.25
5625,21210,16,0.26
5626,2833,6,0.15
5627,9247,17,0.08
5628,29341,2,0.76
5629,33477,9,0.96
5630,7331,2,0.89
5631,24992,14,0.23
5632,26889,17,0.75
5633,4141,5,0.13
5634,14854,10,0.89
5635,11557,16,1.0
5636,10099,7,0.99
5637,29421,10,0.33
5638,17403,12,0.78
5639,24517,4,0.7
5640,25843,1,0.34
5641,34267,9,0.4
5642,26151,18,0.48
5643,12218,19,0.7
5644,34993,11,0.83
5645,18808,12,0.9
5646,14412,9,0.87
5647,997,12,0.97
5648,1638,4,0.12
5649,14074,18,0.82
5650,25196,9,0.55
5651,12625,10,0.69
5652,33624,1,0.69
5653,32912,16,0.14
5654,6012,19,0.81
5655,5959,1,0.99
5656,708,10,0.56
5657,14334,18,0.17
5658,6935,19,0.01
5659,30685,14,0.55
5660,32303,15,0.09
5661,19032,7,0.43
5662,5051,17,0.58
5663,17572,13,0.6
5664,187,17,0.19
5665,2637,2,0.54
5666,11377,1,0.74
5667,34816,10,0.12
5668,4837,7,0.57
5669,20394,19,0.07
5670,14759,13,0.04
5671,23567,7,0.18
5672,5058,8,0.92
5673,32637,12,0.62
5674,15375,5,0.67
5675,31245,8,0.34
5676,11293,2,0.06
5677,33892,1,0.33
5678,22677,19,0.64
5679,193,11,0.48
5680,12281,2,0.96
5681,32147,4,0.1
5682,12626,19,0.69
5683,14775,18,0.27
5684,33003,6,0.18
5685,5055,1,0.84
5686,31790,8,0.46
5687,3224,8,0.11
5688,33758,9,0.92
5689,11944,15,0.9
5690,20683,7,0.68
5691,23960,15,0.84
5692,2155,19,0.02
5693,9178,8,0.78
5694,26993,6,0.36
5695,34943,15,0.88
5696,28391,19,0.91
5697,28085,13,0.7
5698,1901,10,0.6
5699,9921,8,0.22
5700,23514,6,0.57
5701,5446,2,0.13
5702,12000,8,0.16
5703,8900,19,0.56
5704,28137,19,0.59
5705,10556,13,0.44
5706,1531,4,0.25
5707,12959,11,0.28
5708,18587,8,0.95
5709,16057,16,0.13
5710,10047,16,0.45
5711,8655,15,0.19
5712,22714,7,0.06
5713,5237,19,0.43
5714,2948,18,0.95
5715,17189,5,0.27
5716,26546,7,0.87
5717,24136,15,0.5
5718,16173,5,0.9
5719,8022,4,0.92
5720,18038,19,0.66
5721,30105,12,0.64
5722,16571,15,0.16
5723,16767,1,0.14
5724,397,17,0.15
5725,20065,6,0.85
5726,5058,11,0.81
5727,28808,5,0.82
5728,4109,11,0.02
5729,25724,2,0.61
5730,23136,4,0.47
5731,9219,14,0.93
5732,23971,19,0.38
5733,11668,9,0.93
5734,19570,4,0.31
5735,31724,9,0.6
5736,9964,13,0.75
5737,24613,5,0.49
5738,10570,1,0.72
5739,27759,12,0.93
5740,26599,7,0.02
5741,30429,4,0.8
5742,9629,1,0.06
5743,20844,5,0.38
5744,18835,15,0.07
5745,27344,4,0.0
5746,13435,12,0.26
5747,14999,11,0.44
5748,13045,4,0.95
5749,18676,16,0.87
5750,15196,18,0.95
5751,5652,14,0.55
5752,23489,9,0.84
5753,14609,19,0.77
5754,1833,6,0.69
5755,30245,16,0.22
5756,19286,17,0.23
5757,7473,13,0.14
5758,10299,14,0.37
5759,13918,1,0.9
5760,2758,17,0.01
5761,24710,15,0.43
5762,3865,18,0.06
5763,18451,6,0.72
5764,16933,18,0.01
5765,6541,14,0.03
5766,29654,14,0.47
5767,27411,16,0.26
5768,5556,4,0.56
5769,2028,10,0.48
5770,28579,3,0.99
5771,6553,18,0.32
5772,16763,19,0.16
5773,34020,8,0.21
5774,6793,16,0.31
5775,21573,10,0.09
5776,27279,18,0.21
5777,34908,10,0.41
5778,34393,2,0.7
5779,2851,18,0.44
5780,15368,17,0.08
5781,22390,5,0.12
5782,4084,8,0.47
5783,14181,10,0.3
5784,273,8,0.16
5785,26901,5,0.44
5786,24640,18,0.98
5787,26394,10,0.13
5788,23049,4,0.3
5789,33561,6,0.28
5790,20799,4,0.83
5791,18017,14,0.03
5792,18460,17,0.02
5793,5200,10,0.86
5794,18839,9,0.31
5795,9463,19,0.65
5796,20489,1,0.44
5797,19483,19,0.51
5798,15997,18,0.14
5799,2591,6,0.13
5800,29886,3,0.22
5801,5197,7,0.54
5802,30934,5,0.29
5803,7196,9,0.64
5804,22350,9,0.58
5805,11084,16,0.82
5806,10081,15,0.56
5807,23040,19,0.47
5808,3914,19,0.59
5809,13581,16,0.85
5810,17495,6,0.37
5811,30548,9,0.44
5812,21442,16,0.56
5813,544,5,0.83
5814,9637,16,0.4
5815,26875,1,0.42
5816,18991,6,0.69
5817,23929,16,0.29
5818,29886,18,0.52
5819,21966,4,0.03
5820,25482,7,0.41
5821,14143,5,0.52
5822,25984,18,0.33
5823,12171,8,0.79
5824,6932,13,0.59
5825,14061,16,0.87
5826,28267,4,0.88
5827,26335,3,0.35
5828,8136,2,0.26
5829,16936,16,0.16
5830,16971,1,0.55
5831,29913,1,0.6
5832,7121,9,0.68
5833,15544,11,0.09
5834,20623,5,0.89
5835,29397,9,0.33
5836,11741,8,0.95
5837,21716,1,0.43
5838,33673,8,0.72
5839,10319,11,0.39
5840,11312,18,0.01
5841,34892,5,0.82
5842,28121,17,0.75
5843,29268,14,0.67
5844,33450,1,0.57
5845,13139,8,0.43
5846,7873,2,0.51
5847,9818,12,0.01
5848,18631,3,0.41
5849,18653,3,0.27
5850,23090,8,0.72
5851,13400,15,0.14
5852,18973,16,0.73
5853,23285,8,0.7
5854,4358,18,0.02
5855,26118,5,0.81
5856,16369,2,0.64
5857,6909,8,0.12
5858,21603,6,0.68
5859,30306,18,0.0
5860,6040,5,0.23
5861,1787,11,0.57
5862,5764,18,0.34
5863,10579,6,0.98
5864,21748,11,0.12
5865,22574,16,0.66
5866,25621,13,0.33
5867,30963,2,0.06
5868,22389,12,0.18
5869,19406,8,0.03
5870,2005,7,0.23
5871,1180,6,0.74
5872,14288,16,0.94
5873,289,6,0.4
5874,2805,11,0.23
5875,15044,15,0.68
5876,8867,17,0.22
5877,2192,7,0.52
5878,22008,5,0.44
5879,3445,11,0.73
5880,15395,2,0.3
5881,4140,5,0.89
5882,23632,13,0.78
5883,3038,15,0.59
5884,29542,15,0.75
5885,15586,1,0.97
5886,32100,17,0.02
5887,3407,8,0.11
5888,3356,3,0.18
5889,33295,11,0.3
5890,18409,14,0.29
5891,14563,13,0.12
5892,26779,9,0.51
5893,2622,3,0.84
5894,7655,14,0.21
5895,6719,7,0.53
5896,34027,5,1.0
5897,6210,1,0.12
5898,28926,7,0.8
5899,20767,5,0.28
5900,15404,17,0.16
5901,8570,18,0.73
5902,20784,12,0.39
5903,10313,10,0.64
5904,369,5,0.85
5905,22767,13,0.54
5906,2326,2,0.03
5907,20115,17,0.32
5908,8015,2,0.24
5909,14861,19,0.72
5910,29409,10,0.78
5911,18152,15,0.31
5912,18331,1,0.04
5913,6747,4,0.73
5914,13971,15,0.37
5915,9263,1,0.54
5916,3581,2,0.91
5917,34812,14,0.88
5918,21300,6,0.43
5919,20299,10,0.8
5920,1989,8,0.25
5921,4359,8,0.56
5922,22354,17,0.43
5923,14492,9,0.44
5924,17782,18,0.29
5925,24397,5,0.74
5926,6484,13,0.31
5927,2018,6,0.0
5928,29286,15,0.45
5929,21675,19,0.12
5930,8685,8,0.2
5931,2140,18,0.72
5932,25198,3,0.39
5933,24835,10,0.31
5934,2556,17,0.82
5935,10026,9,0.9
5936,22831,4,0.77
5937,23129,16,0.35
5938,28475,4,0.52
5939,6734,11,0.12
5940,30202,8,0.34
5941,22029,15,0.27
5942,6368,17,0.44
5943,28357,13,0.33
5944,9823,2,0.38
5945,28617,2,0.12
5946,1114,7,0.05
5947,25867,4,0.07
5948,13322,2,0.28
5949,12079,1,0.6
5950,20261,6,0.26
5951,11369,8,0.14
5952,16518,18,0.03
5953,20379,1,0.47
5954,33547,11,0.24
5955,9770,12,0.18
5956,29157,1,0.46
5957,1854,11,0.05
5958,26861,13,0.03
5959,10375,17,0.15
5960,27529,3,0.76
5961,1702,10,0.36
5962,13253,4,0.95
5963,21004,8,0.55
5964,7056,18,0.06
5965,17324,4,0.88
5966,32885,17,0.08
5967,15349,1,0.06
5968,21319,17,0.2
5969,1538,7,0.02
5970,18659,6,0.42
5971,6174,11,0.94
5972,13118,8,0.86
5973,30711,12,0.94
5974,21449,5,0.35
5975,31575,12,0.25
5976,27122,8,0.57
5977,8977,16,0.04
5978,15607,5,0.69
5979,998,14,0.8
5980,26586,7,0.63
5981,28836,10,0.97
5982,9998,4,0.34
5983,25168,10,0.82
5984,32749,17,0.27
5985,27430,8,0.59
5986,28869,19,0.36
5987,9497,11,0.44
5988,7259,10,0.87
5989,31353,18,0.79
5990,25230,3,0.12
5991,6787,18,0.77
5992,1956,12,0.22
5993,2423,12,0.68
5994,20961,16,0.28
5995,26589,14,0.55
5996,6077,1,0.05
5997,8980,18,0.56
5998,4855,11,0.08
5999,4489,4,0.25
6000,4978,19,0.89
6001,32312,10,0.37
6002,28249,15,0.05
6003,23651,1,0.7
6004,31035,6,0.66
6005,32118,13,0.39
6006,18030,14,0.96
6007,34224,10,0.64
6008,32420,13,0.85
6009,8184,11,0.23
6010,4418,19,0.26
6011,759,10,0.54
6012,24368,7,0.46
6013,20285,6,0.81
6014,2631,12,0.31
6015,9101,14,0.52
6016,7165,10,0.74
6017,33843,10,0.25
6018,7581,8,0.85
6019,26468,8,0.53
6020,32142,17,0.38
6021,16019,1,0.79
6022,21440,13,0.24
6023,13665,16,0.64
6024,34075,10,0.03
6025,31875,12,0.46
6026,3591,6,0.4
6027,6582,2,0.38
6028,16892,3,0.64
6029,7588,17,0.16
6030,7448,9,0.64
6031,17747,11,0.56
6032,29134,19,0.42
6033,2025,16,0.26
6034,4951,3,0.07
6035,8157,2,0.22
6036,12742,10,0.65
6037,3065,19,0.72
6038,922,19,0.08
6039,2216,3,0.34
6040,3967,16,0.25
6041,21218,17,0.54
6042,6057,5,0.89
6043,12664,12,0.1
6044,29127,11,0.94
6045,33407,10,0.61
6046,28823,16,0.52
6047,29443,8,0.86
6048,29909,11,0.64
6049,1098,4,0.23
6050,20303,7,0.13
6051,30504,13,0.58
6052,25983,15,0.37
6053,28516,13,0.76
6054,9535,7,0.03
6055,28888,14,0.63
6056,19997,1,0.39
6057,14759,16,0.01
6058,13583,17,0.78
6059,15436,10,0.63
6060,5112,18,0.32
6061,33774,19,0.46
6062,9496,4,0.28
6063,14535,4,0.28
6064,17080,8,0.45
6065,31705,14,0.52
6066,20807,4,0.38
6067,34700,4,0.29
6068,1736,7,0.35
6069,10068,7,0.59
6070,10042,8,0.46
6071,15049,11,0.85
6072,9564,17,0.38
6073,15000,16,0.86
6074,3348,19,0.46
6075,3188,9,0.62
6076,32955,10,0.64
6077,24006,8,0.28
6078,16342,9,0.14
6079,16239,13,0.17
6080,27732,2,0.07
6081,33278,7,0.29
6082,21996,17,0.36
6083,32498,10,0.87
6084,16375,4,0.46
6085,8499,14,0.84
6086,9103,7,0.52
6087,7815,12,0.03
6088,16464,15,0.02
6089,25087,11,0.44
6090,31592,15,0.93
6091,17184,17,0.26
6092,22423,8,0.32
6093,24179,3,0.28
6094,22051,15,0.52
6095,32345,15,0.13
6096,26111,8,0.5
6097,32778,16,0.51
6098,31939,12,0.1
6099,2400,5,0.71
6100,22463,11,0.51
6101,9172,14,0.44
6102,14610,9,0.99
6103,16250,9,0.26
6104,28773,10,0.58
6105,8710,18,0.15
6106,32363,17,0.82
6107,33712,13,0.36
6108,34511,19,0.18
6109,10306,15,0.66
6110,29073,11,0.36
6111,8877,12,0.17
6112,16563,5,0.66
6113,16321,19,0.02
6114,21839,17,0.11
6115,21149,4,0.72
6116,11665,19,0.58
6117,15021,17,0.24
6118,22692,16,0.58
6119,20162,11,0.08
6120,19230,19,0.72
6121,516,8,0.86
6122,24471,4,0.14
6123,26277,17,0.55
6124,25029,12,0.27
6125,27188,13,0.53
6126,9591,12,0.08
6127,2284,6,0.51
6128,31987,2,0.56
6129,17899,15,0.34
6130,12733,4,0.87
6131,5793,16,0.64
6132,10604,15,0.8
6133,30859,2,0.6
6134,14243,12,0.81
6135,10369,17,0.64
6136,3939,13,0.13
6137,23899,17,0.81
6138,24,8,0.12
6139,19000,17,0.18
6140,9116,9,0.53
6141,28504,10,0.65
6142,7703,8,0.66
6143,8428,9,0.7
6144,13261,17,0.9
6145,11065,9,0.2
6146,4680,16,0.69
6147,31173,9,0.92
6148,15951,14,0.67
6149,7903,5,0.08
6150,25509,4,0.3
6151,27275,4,0.87
6152,9554,2,0.01
6153,23188,16,0.72
6154,10904,9,0.77
6155,174,13,0.68
6156,33612,12,0.72
6157,4961,11,0.67
6158,16790,4,0.58
6159,2943,18,0.88
6160,34271,7,0.31
6161,14388,15,0.64
6162,28485,17,0.7
6163,24635,16,0.67
6164,3352,4,0.75
6165,16054,18,0.2
6166,29413,8,1.0
6167,1852,8,0.0
6168,5545,6,0.59
6169,19924,10,0.61
6170,29672,4,0.64
6171,5708,2,0.91
6172,13750,15,0.99
6173,19279,4,0.23
6174,28785,7,0.01
6175,1056,6,0.04
6176,7362,11,0.3
6177,2203,16,0.56
6178,30351,10,0.17
6179,30110,1,0.07
6180,29242,14,0.03
6181,16518,18,0.29
6182,24682,1,0.29
6183,13599,3,0.84
6184,25841,10,0.88
6185,2240,12,0.63
6186,29605,19,0.21
6187,29952,10,0.66
6188,5963,3,0.55
6189,16695,5,0.65
6190,2243,18,0.19
6191,29145,2,0.9
6192,22989,6,0.05
6193,20992,1,0.65
6194,21649,19,0.28
6195,235,4,0.26
6196,26422,4,0.45
6197,29303,11,0.8
6198,29296,6,0.84
6199,2691,12,0.92
6200,28913,9,0.15
6201,16041,14,0.05
6202,13606,4,0.98
6203,21356,3,0.2
6204,32793,12,0.1
6205,24942,16,0.8
6206,26573,13,0.21
6207,4487,13,0.85
6208,30524,12,0.92
6209,33887,13,0.72
6210,13932,4,0.54
6211,26880,10,0.05
6212,4630,11,0.24
6213,15466,6,0.42
6214,21880,3,0.73
6215,14060,15,0.36
6216,34357,1,0.92
6217,19816,15,0.85
6218,6169,5,0.37
6219,33509,16,0.06
6220,22420,6,0.64
6221,1680,1,0.68
6222,32026,4,0.41
6223,32936,2,0.26
6224,9265,10,0.62
6225,3223,5,0.44
6226,3026,8,0.61
6227,14648,4,0.95
6228,26792,5,0.86
6229,3427,14,0.04
6230,33850,2,0.9
6231,2833,14,0.2
6232,17537,2,0.28
6233,22021,13,0.76
6234,22648,14,0.3
6235,1314,6,0.47
6236,14663,13,0.68
6237,28979,14,0.45
6238,3464,2,0.83
6239,3689,19,0.97
6240,32003,3,0.72
6241,9517,9,0.37
6242,2281,1,0.49
6243,13786,13,0.69
6244,13796,1,0.58
6245,27506,14,0.33
6246,15565,6,0.6
6247,23780,15,0.18
6248,32619,6,0.88
6249,4655,1,0.13
6250,17506,4,0.52
6251,7311,14,0.05
6252,29750,4,0.08
6253,10754,13,0.04
6254,25690,1,0.99
6255,17796,13,1.0
6256,26698,10,0.25
6257,8385,2,0.04
6258,30464,6,0.73
6259,21213,1,0.33
6260,701,13,0.96
6261,16111,6,0.35
6262,20867,3,0.43
6263,10209,9,0.29
6264,2728,18,0.94
6265,10063,3,0.04
6266,8975,9,0.71
6267,29049,19,0.33
6268,478,8,0.84
6269,31270,13,0.52
6270,7158,11,0.14
6271,440,12,0.16
6272,34186,14,0.28
6273,6468,19,0.7
6274,8010,19,0.87
6275,4935,10,0.08
6276,20755,7,0.29
6277,21657,9,0.57
6278,31524,3,0.4
6279,9910,5,0.73
6280,10524,11,0.01
6281,20149,13,0.1
6282,4848,11,0.2
6283,18323,18,0.17
6284,23746,14,0.06
6285,14897,17,0.69
6286,15464,11,0.66
6287,22961,3,0.01
6288,20023,12,0.39
6289,22808,4,0.79
6290,31570,14,0.19
6291,32950,15,0.34
6292,2433,2,0.09
6293,17671,14,0.35
6294,24485,7,0.46
6295,31021,13,0.4
6296,7286,7,0.5
6297,8411,16,0.23
6298,31040,4,0.73
6299,15004,19,0.31
6300,5969,2,0.97
6301,18599,6,0.87
6302,14780,10,0.15
6303,33707,10,0.12
6304,19082,9,0.9
6305,31701,19,0.2
6306,7820,7,0.71
6307,25863,4,0.42
6308,19184,13,0.74
6309,14153,10,0.14
6310,32528,4,1.0
6311,27846,2,0.83
6312,12400,3,0.98
6313,14702,8,0.48
6314,33074,15,0.17
6315,25637,10,0.53
6316,30623,4,0.33
6317,6750,8,0.45
6318,15660,3,0.95
6319,20403,6,0.93
6320,2931,17,0.17
6321,27520,12,0.69
6322,1994,5,0.27
6323,16528,14,0.98
6324,9550,19,0.2
6325,15801,14,0.26
6326,31295,16,0.3
6327,28188,9,0.79
6328,10094,2,0.3
6329,12518,4,0.13
6330,18162,3,0.94
6331,20485,7,0.3
6332,23938,11,0.65
6333,1767,11,0.24
6334,29014,13,0.49
6335,9071,15,0.1
6336,28729,2,0.63
6337,4266,7,0.05
6338,1669,3,0.28
6339,11810,9,0.53
6340,25251,5,0.77
6341,30788,12,0.17
6342,31973,1,0.24
6343,31397,19,0.35
6344,29800,9,0.24
6345,16787,15,0.09
6346,4582,12,0.71
6347,25999,15,0.02
6348,24368,2,0.29
6349,13533,7,0.52
6350,8134,15,0.39
6351,6571,2,0.71
6352,4541,12,0.69
6353,18509,7,0.99
6354,24293,5,0.53
6355,18350,6,0.84
6356,17007,7,0.38
6357,24559,17,0.18
6358,7596,9,0.13
6359,4275,6,0.05
6360,32615,18,0.67
6361,16949,15,0.92
6362,24759,7,0.4
6363,27388,6,0.02
6364,12737,7,0.05
6365,11545,12,0.79
6366,20212,17,0.33
6367,31602,2,0.2
6368,10722,14,0.21
6369,969,5,0.73
6370,493,8,0.5
6371,5575,7,0.17
6372,8994,10,0.29
6373,950,6,0.02
6374,11973,14,0.59
6375,29185,2,0.65
6376,12059,8,0.04
6377,9362,18,0.4
6378,24416,7,0.81
6379,11752,19,0.54
6380,27216,14,0.41
6381,7609,14,0.11
6382,891,18,0.19
6383,13682,11,0.16
6384,21373,14,0.8
6385,20938,18,0.06
6386,706,10,0.25
6387,2902,1,0.65
6388,380,2,0.61
6389,12026,3,0.52
6390,32402,9,0.93
6391,24918,12,0.46
6392,16975,8,0.11
6393,30154,3,0.09
6394,11506,12,1.0
6395,29267,19,0.85
6396,13596,19,0.67
6397,16101,16,0.22
6398,21532,10,0.14
6399,24898,4,0.83
6400,19038,17,0.72
6401,17043,10,0.83
6402,29506,4,0.4
6403,19011,10,0.57
6404,25520,7,0.48
6405,7334,18,0.68
6406,20007,10,0.08
6407,3915,7,0.97
6408,12695,11,0.86
6409,30492,18,0.46
6410,22807,14,0.98
6411,12353,15,0.14
6412,32434,2,0.93
6413,13820,10,0.49
6414,33749,16,0.01
6415,25819,18,0.1
6416,1208,19,0.36
6417,6873,2,0.01
6418,28705,18,0.82
6419,26903,8,0.57
6420,3153,10,0.92
6421,13368,3,0.93
6422,25441,11,0.85
6423,25474,10,0.48
6424,20090,5,0.42
6425,27742,3,0.13
6426,30502,15,0.24
6427,23101,2,0.56
6428,9224,10,0.19
6429,877,16,0.11
6430,6997,1,0.07
6431,13508,14,0.25
6432,14053,4,0.63
6433,99,14,0.81
6434,34718,6,0.06
6435,8893,1,0.26
6436,10506,19,0.54
6437,8121,9,0.83
6438,10996,2,0.83
6439,14071,13,0.0
6440,8308,5,0.93
6441,17003,8,0.35
6442,7838,3,0.25
6443,24758,1,0.96
6444,30446,3,0.15
6445,23698,16,0.73
6446,34874,4,0.68
6447,34734,3,0.18
6448,5460,1,0.33
6449,34143,17,0.74
6450,4195,11,0.57
6451,4240,7,0.23
6452,5006,7,0.52
6453,28301,13,0.8
6454,4718,5,0.42
6455,3149,2,0.37
6456,2509,13,0.82
6457,1749,13,0.76
6458,33461,11,0.65
6459,3598,15,0.86
6460,27330,6,0.69
6461,31278,11,0.9
6462,24432,6,0.09
6463,22299,13,0.53
6464,7208,10,0.77
6465,15441,18,0.8
6466,26678,14,0.57
6467,4816,4,0.67
6468,31237,9,0.26
6469,14486,11,0.14
6470,7371,9,0.11
6471,18298,16,0.04
6472,32357,5,0.91
6473,14465,18,0.09
6474,8533,14,0.97
6475,28988,19,0.63
6476,29094,14,1.0
6477,10272,5,0.99
6478,11445,9,0.14
6479,12487,7,0.49
6480,21228,16,0.01
6481,16660,10,0.5
6482,8358,12,0.71
6483,22553,18,0.03
6484,3690,3,0.76
6485,16492,7,0.97
6486,29789,12,0.77
6487,1586,7,0.93
6488,4800,4,0.55
6489,2315,10,0.07
6490,17768,7,0.57
6491,7469,4,0.3
6492,32697,15,0.59
6493,33177,18,0.08
6494,12074,3,0.47
6495,27851,2,0.12
6496,23246,18,0.97
6497,31674,17,0.48
6498,3615,4,0.17
6499,34229,11,0.69
6500,24549,3,0.35
6501,10952,7,0.0
6502,33965,14,0.9
6503,27207,17,0.85
6504,15894,5,0.45
6505,34859,13,1.0
6506,30161,1,0.28
6507,574,1,0.25
6508,13095,18,0.78
6509,12523,7,0.1
6510,4726,2,0.43
6511,11856,14,0.56
6512,20678,6,0.9
6513,9495,8,0.09
6514,13015,17,0.66
6515,8873,5,0.36
6516,13924,14,0.61
6517,3479,2,0.61
6518,694,9,0.8
6519,4997,4,0.24
6520,23530,1,0.16
6521,4530,4,0.61
6522,27443,12,0.66
6523,13431,19,0.25
6524,15727,19,0.79
6525,17117,17,0.34
6526,32117,3,0.25
6527,30366,11,0.53
6528,34692,12,0.49
6529,32447,5,0.04
6530,19317,11,0.91
6531,28446,4,0.6
6532,21728,4,0.16
6533,6731,11,0.76
6534,30647,7,0.89
6535,3146,1,0.45
6536,30835,13,0.12
6537,17015,8,0.82
6538,5054,18,0.74
6539,24689,14,0.45
6540,34229,3,0.56
6541,9790,3,0.55
6542,22518,18,0.78
6543,19452,13,0.03
6544,16874,17,0.31
6545,27224,14,0.82
6546,19265,2,0.85
6547,4531,13,0.28
6548,7338,2,0.52
6549,12528,1,0.16
6550,18716,3,0.39
6551,2651,14,0.47
6552,26248,12,0.42
6553,14568,1,0.11
6554,17298,12,0.09
6555,12964,4,0.76
6556,2795,5,0.48
6557,22776,15,0.54
6558,19156,10,0.23
6559,16252,4,0.37
6560,29421,16,0.79
6561,9440,17,0.97
6562,4198,19,0.91
6563,10536,8,0.36
6564,11445,2,0.83
6565,32423,7,0.37
6566,32272,4,0.51
6567,16038,7,0.04
6568,31047,13,0.7
6569,25945,18,0.15
6570,29783,18,1.0
6571,27996,4,0.46
6572,10707,10,0.68
6573,31868,2,0.9
6574,11520,16,0.68
6575,16387,19,0.16
6576,16179,4,0.98
6577,635,14,0.06
6578,14758,1,0.89
6579,28597,10,0.75
6580,20016,11,0.72
6581,20615,16,0.37
6582,24778,19,0.24
6583,32645,1,0.98
6584,27805,9,0.88
6585,30828,10,0.93
6586,16955,11,0.69
6587,34080,13,0.49
6588,8002,5,0.3
6589,5892,5,0.85
6590,29833,18,0.86
6591,25946,19,0.45
6592,157,5,0.13
6593,2045,15,0.13
6594,27427,6,0.52
6595,19982,12,0.84
6596,17881,16,0.1
6597,23755,1,0.81
6598,30695,4,0.61
6599,33965,7,0.31
6600,14216,6,1.0
6601,34486,7,0.06
6602,16168,11,0.77
6603,23686,17,0.51
6604,8780,14,0.32
6605,33093,19,0.64
6606,16148,13,0.14
6607,12307,3,0.05
6608,18806,2,0.93
6609,17636,11,0.33
6610,4908,13,0.58
6611,6812,14,0.78
6612,21685,15,0.39
6613,21568,1,0.02
6614,25447,7,0.56
6615,14603,19,0.32
6616,1768,10,0.89
6617,33399,19,0.65
6618,28157,6,0.21
6619,19558,13,0.01
6620,33736,5,0.81
6621,18736,17,0.32
6622,21108,18,0.48
6623,24445,14,0.91
6624,7021,5,0.1
6625,26254,19,0.18
6626,22502,8,0.22
6627,5404,15,0.3
6628,30592,4,0.91
6629,3510,17,0.03
6630,29927,15,0.6
6631,34825,17,0.87
6632,14950,14,0.78
6633,17219,16,0.58
6634,17595,4,0.1
6635,34036,18,0.9
6636,30335,5,0.08
6637,30484,5,0.15
6638,2961,5,0.03
6639,22858,9,0.49
6640,33182,2,0.78
6641,32383,7,0.44
6642,23745,12,0.18
6643,30002,7,0.4
6644,3280,18,0.99
6645,23627,17,0.6
6646,16841,16,0.58
6647,20295,10,0.34
6648,8712,2,0.82
6649,9788,18,0.64
6650,29352,2,0.5
6651,27892,11,0.63
6652,14994,19,0.75
6653,18852,7,0.96
6654,19963,15,0.17
6655,8018,16,0.38
6656,3018,13,0.2
6657,23443,15,0.77
6658,27006,7,0.96
6659,16691,2,0.58
6660,28898,15,0.8
6661,5678,12,0.39
6662,18890,14,0.69
6663,14690,19,0.82
6664,33266,12,0.51
6665,9909,14,0.85
6666,12056,6,0.12
6667,9597,19,0.89
6668,13052,2,0.24
6669,15876,9,0.98
6670,17622,18,0.87
6671,15730,3,0.44
6672,27666,4,0.65
6673,16614,16,0.25
6674,13668,14,0.46
6675,34040,19,0.53
6676,32951,17,0.01
6677,1659,14,0.51
6678,2114,13,0.49
6679,31982,5,0.2
6680,28934,12,0.47
6681,20071,17,0.98
6682,31266,1,0.32
6683,3466,10,0.32
6684,18781,5,0.64
6685,11384,7,0.94
6686,32415,2,0.93
6687,2155,4,0.47
6688,26141,8,0.1
6689,27083,15,0.74
6690,25826,6,0.55
6691,21335,15,0.21
6692,20050,10,0.48
6693,28795,15,0.68
6694,31387,10,0.89
6695,18726,2,0.68
6696,24679,18,0.75
6697,19213,2,0.52
6698,13029,16,0.25
6699,25670,6,0.01
6700,11432,15,0.32
6701,21534,1,0.1
6702,10681,13,0.65
6703,13501,6,0.78
6704,33524,7,0.2
6705,12682,8,0.06
6706,27730,18,0.59
6707,18569,19,0.24
6708,9175,14,0.78
6709,8268,11,0.37
6710,10042,3,0.37
6711,14871,1,0.46
6712,21105,12,0.84
6713,16012,9,0.03
6714,3418,10,0.94
6715,4003,11,0.59
6716,19748,13,0.04
6717,1619,1,0.75
6718,24467,17,0.22
6719,25478,17,0.88
6720,28433,14,0.67
6721,5464,6,0.22
6722,22383,17,0.63
6723,33660,2,0.13
6724,3173,11,0.33
6725,24241,13,0.13
6726,5493,2,0.35
6727,14452,3,0.95
6728,12689,18,0.92
6729,29470,14,0.83
6730,33884,14,0.25
6731,5971,14,0.27
6732,2177,13,0.97
6733,11858,2,0.22
6734,24424,15,0.06
6735,25715,8,0.89
6736,20163,17,0.81
6737,17822,8,0.71
6738,24886,19,0.63
6739,29251,12,0.63
6740,11357,9,0.73
6741,12253,6,0.74
6742,7213,3,0.71
6743,1223,2,0.23
6744,165,7,0.68
6745,14574,14,0.37
6746,20792,19,0.06
6747,9245,18,0.39
6748,12428,5,0.94
6749,1976,15,0.84
6750,13959,16,0.49
6751,18889,1,0.88
6752,24919,13,0.75
6753,15053,18,0.12
6754,4450,3,0.39
6755,7614,8,0.98
6756,32726,3,0.45
6757,1865,11,0.18
6758,1533,19,0.59
6759,34925,11,0.45
6760,14970,1,0.71
6761,2056,3,0.68
6762,33838,7,0.2
6763,32947,1,0.97
6764,267,3,0.43
6765,5941,7,0.01
6766,19890,7,0.77
6767,22905,5,0.37
6768,28698,15,0.0
6769,7911,6,0.14
6770,24482,16,0.85
6771,12649,4,0.97
6772,21586,6,0.04
6773,34898,11,0.93
6774,21505,15,0.29
6775,17204,12,0.35
6776,17865,3,0.5
6777,8642,6,0.84
6778,5728,19,0.33
6779,24754,17,0.62
6780,29631,15,0.04
6781,25382,13,0.37
6782,11290,5,0.68
6783,25567,15,0.39
6784,5157,6,0.85
6785,27820,4,0.13
6786,25247,8,0.14
6787,6666,18,0.44
6788,4472,7,0.31
6789,2386,9,0.49
6790,11484,1,0.41
6791,16742,9,0.95
6792,34871,9,0.1
6793,13255,11,0.13
6794,3046,4,0.14
6795,5810,6,0.02
6796,29812,11,0.57
6797,1051,15,0.43
6798,9132,2,0.36
6799,5680,11,0.65
6800,20889,4,0.69
6801,32406,8,0.42
6802,27350,2,0.42
6803,27078,4,0.82
6804,9006,2,0.42
6805,2028,5,0.62
6806,29876,9,0.61
6807,27399,8,0.36
6808,18843,7,0.59
6809,17909,14,0.25
6810,15843,16,0.86
6811,19511,5,0.36
6812,4609,19,0.2
6813,17277,15,0.56
6814,258,16,0.83
6815,7087,14,0.98
6816,21477,13,0.21
6817,32435,1,0.21
6818,11669,2,0.42
6819,147,14,0.71
6820,26376,9,0.43
6821,13481,11,0.07
6822,31434,9,0.08
6823,29617,2,0.36
6824,48,18,0.16
6825,5856,5,0.99
6826,13431,3,0.6
6827,13591,1,0.41
6828,32766,2,0.06
6829,15337,1,0.66
6830,31214,11,0.03
6831,7228,5,0.87
6832,17857,15,0.77
6833,20073,9,0.61
6834,5048,16,0.95
6835,4177,3,0.91
6836,1947,12,0.43
6837,34261,13,0.96
6838,33582,14,0.65
6839,25400,6,0.11
6840,8653,13,0.94
6841,30199,3,0.15
6842,3590,16,0.53
6843,19793,12,0.45
6844,17885,2,0.12
6845,13557,11,0.33
6846,14398,15,0.85
6847,3795,11,0.46
6848,13112,11,0.49
6849,27413,6,0.78
6850,12156,10,0.89
6851,27676,7,0.64
6852,26653,11,0.4
6853,1749,4,0.27
6854,25246,16,0.32
6855,8894,1,0.04
6856,6872,3,0.44
6857,23838,5,0.12
6858,11951,10,0.02
6859,1793,15,0.24
6860,15283,5,0.52
6861,8695,3,0.95
6862,7819,9,0.61
6863,9171,15,0.17
6864,15118,6,0.53
6865,1760,8,0.39
6866,24457,18,0.27
6867,233,17,0.2
6868,32155,17,0.24
6869,25310,15,0.88
6870,6917,12,0.9
6871,26004,9,0.59
6872,8157,11,0.46
6873,33507,11,0.94
6874,27847,3,0.31
6875,363,4,0.45
6876,19584,1,0.07
6877,28110,1,0.37
6878,19041,18,0.02
6879,31786,19,0.22
6880,11699,9,0.71
6881,7964,1,0.26
6882,26432,15,0.25
6883,3222,5,0.4
6884,15794,6,0.86
6885,4498,8,0.27
6886,7485,12,0.1
6887,6486,14,0.55
6888,28067,10,0.68
6889,14517,18,0.67
6890,16448,5,0.15
6891,4818,7,0.46
6892,3727,6,0.79
6893,26542,18,0.81
6894,6927,18,0.03
6895,2489,2,0.19
6896,29146,8,0.18
6897,3741,10,0.72
6898,3838,15,0.78
6899,8312,9,0.32
6900,9096,2,0.56
6901,23337,10,0.57
6902,16104,15,0.27
6903,21578,15,0.03
6904,6205,1,0.12
6905,23150,19,0.89
6906,20823,7,0.57
6907,8640,15,0.48
6908,12851,1,0.72
6909,32335,7,0.83
6910,33408,3,0.17
6911,22854,8,0.63
6912,15497,14,0.26
6913,21869,19,0.54
6914,33944,4,0.36
6915,1511,5,0.42
6916,22678,5,0.32
6917,3845,18,0.2
6918,10636,7,0.8
6919,2195,5,0.03
6920,16731,11,0.42
6921,31142,10,0.76
6922,10356,14,0.44
6923,27582,11,0.85
6924,34121,16,0.23
6925,20638,5,0.24
6926,12273,15,0.12
6927,6915,8,0.44
6928,2985,13,0.52
6929,26020,18,0.67
6930,1185,4,0.8
6931,17110,16,0.52
6932,8374,10,0.15
6933,3299,7,0.28
6934,25224,10,0.87
6935,27464,4,0.39
6936,9210,9,0.27
6937,29182,9,0.24
6938,25945,9,0.29
6939,18489,6,0.15
6940,27496,19,0.48
6941,20845,15,0.57
6942,30868,7,0.96
6943,17531,4,0.16
6944,31974,16,0.18
6945,3146,13,0.3
6946,14132,6,0.49
6947,11058,18,0.11
6948,6082,9,0.21
6949,7142,7,0.07
6950,13427,6,0.47
6951,12476,2,0.76
6952,13468,3,0.97
6953,25690,12,0.99
6954,13619,10,0.79
6955,8252,12,0.51
6956,22688,8,0.35
6957,3030,19,0.35
6958,25438,13,0.04
6959,23214,5,0.74
6960,12503,15,0.14
6961,25023,15,0.98
6962,17343,15,0.5
6963,176,1,0.44
6964,27178,13,0.54
6965,25553,7,0.01
6966,11333,14,0.05
6967,2443,17,0.7
6968,24365,18,0.55
6969,6330,11,0.8
6970,28484,11,0.72
6971,30159,12,0.68
6972,19423,5,0.27
6973,4019,16,0.88
6974,3309,14,0.21
6975,31215,5,0.35
6976,31307,10,0.11
6977,8537,5,0.99
6978,6076,6,0.06
6979,5607,8,0.41
6980,25135,2,0.11
6981,9489,6,0.41
6982,6061,11,0.65
6983,30076,10,0.74
6984,8548,14,0.16
6985,3571,4,0.63
6986,21131,15,0.23
6987,33823,14,0.87
6988,818,14,0.06
6989,27846,16,0.91
6990,9448,2,0.04
6991,13355,10,0.14
6992,1133,18,0.08
6993,13229,13,0.21
6994,32305,2,0.16
6995,9552,8,0.1
6996,31765,17,0.54
6997,12453,15,0.13
6998,17775,11,0.29
6999,2912,4,0.64
7000,2799,11,0.75
7001,13482,4,0.78
7002,26080,17,0.89
7003,3486,17,0.11
7004,26394,8,0.89
7005,20138,16,0.71
7006,11352,12,0.88
7007,8121,14,0.72
7008,31372,4,0.39
7009,2491,18,0.86
7010,34515,3,0.21
7011,13248,12,0.04
7012,17154,6,0.0
7013,19835,1,0.21
7014,25020,15,0.62
7015,14284,9,0.77
7016,11729,6,0.49
7017,14137,9,0.01
7018,24561,18,0.27
7019,6474,11,0.78
7020,20652,8,0.45
7021,22378,17,0.89
7022,24217,16,0.88
7023,22343,11,0.87
7024,21155,8,0.9
7025,20882,7,0.32
7026,11750,16,0.47
7027,13449,13,0.7
7028,21367,16,0.14
7029,6765,3,0.92
7030,9677,8,0.95
7031,2997,11,0.3
7032,28728,16,0.86
7033,26604,4,0.63
7034,22755,2,0.16
7035,28318,11,0.26
7036,6019,1,0.18
7037,16254,5,0.01
7038,21091,18,0.43
7039,16483,1,0.7
7040,33168,12,0.59
7041,26869,6,0.11
7042,30337,4,0.89
7043,16932,5,1.0
7044,20577,11,0.74
7045,34395,5,0.42
7046,1628,7,0.43
7047,14102,6,0.46
7048,7172,1,0.78
7049,6644,15,0.12
7050,6055,4,0.19
7051,4362,4,0.1
7052,29825,4,0.36
7053,21160,4,0.4
7054,34961,17,0.75
7055,16701,12,0.44
7056,17605,8,0.5
7057,22551,7,0.83
7058,34814,9,0.09
7059,19390,19,0.72
7060,4739,19,0.13
7061,26455,5,0.44
7062,5506,4,0.7
7063,12247,18,0.41
7064,18494,10,0.45
7065,15432,14,0.31
7066,26447,14,0.53
7067,10421,15,0.6
7068,18477,1,0.37
7069,34950,3,0.9
7070,34216,16,0.18
7071,5570,16,0.66
7072,2537,6,0.02
7073,31611,14,0.73
7074,28908,10,0.74
7075,7331,19,0.69
7076,23711,5,0.83
7077,5334,16,0.49
7078,34750,4,0.09
7079,5300,6,0.14
7080,27122,13,0.16
7081,14969,17,0.72
7082,1926,15,0.43
7083,8291,8,0.87
7084,12818,6,0.72
7085,351,10,0.28
7086,15001,14,1.0
7087,30111,3,0.93
7088,30354,18,0.85
7089,16971,3,0.14
7090,13171,7,0.66
7091,14075,7,0.97
7092,15490,11,0.81
7093,21624,16,0.59
7094,2250,5,0.58
7095,29094,4,0.8
7096,4147,10,0.6
7097,4074,12,0.36
7098,10122,16,0.93
7099,11675,14,0.55
7100,19035,5,0.07
7101,2628,1,0.48
7102,11598,2,0.93
7103,17081,8,0.4
7104,3966,10,0.13
7105,3726,6,0.09
7106,17440,13,0.3
7107,7643,5,0.49
7108,9762,7,0.11
7109,15636,9,0.62
7110,26442,19,0.69
7111,7540,11,0.31
7112,25393,13,0.73
7113,24115,15,0.23
7114,34248,7,0.83
7115,20486,12,0.85
7116,27328,12,0.33
7117,9635,4,0.15
7118,462,2,0.98
7119,5675,10,0.59
7120,28929,7,0.19
7121,23328,12,0.32
7122,20692,13,0.58
7123,8378,1,0.33
7124,33507,13,0.84
7125,8369,11,0.91
7126,14736,6,0.86
7127,3062,4,0.6
7128,9075,10,0.25
7129,2226,14,0.26
7130,14626,5,0.21
7131,14943,2,0.53
7132,22453,17,0.32
7133,32139,14,0.91
7134,14765,7,0.4
7135,4006,2,0.72
7136,13384,16,0.07
7137,6888,15,0.26
7138,32440,13,1.0
7139,20137,10,0.05
7140,25488,17,0.63
7141,21350,7,0.18
7142,19699,9,0.3
7143,17555,8,0.57
7144,16193,10,0.99
7145,31400,18,0.37
7146,15053,14,0.16
7147,28238,5,0.8
7148,30790,12,0.5
7149,10687,15,0.72
7150,32271,8,0.44
7151,25238,2,0.01
7152,23098,17,0.11
7153,2543,10,0.41
7154,855,5,0.93
7155,23361,5,0.08
7156,25877,14,0.3
7157,32945,18,0.2
7158,9097,10,0.34
7159,29969,14,0.02
7160,29311,10,0.56
7161,19016,16,0.57
7162,5599,15,0.12
7163,5534,10,0.06
7164,17752,16,0.34
7165,6527,15,0.41
7166,12854,5,0.75
7167,10718,14,0.31
7168,4324,19,0.87
7169,28286,16,0.21
7170,14250,10,0.63
7171,27168,1,0.39
7172,32066,7,0.26
7173,13766,6,0.9
7174,13400,1,0.11
7175,7436,15,0.08
7176,5495,4,0.65
7177,8723,12,0.59
7178,15535,18,0.09
7179,25801,1,0.27
7180,24761,13,0.49
7181,31046,2,0.04
7182,32876,11,0.98
7183,28708,11,0.78
7184,24503,18,0.11
7185,19658,19,0.91
7186,21980,18,0.47
7187,24875,4,0.21
7188,31563,9,0.52
7189,32807,8,0.55
7190,26210,17,0.76
7191,31126,18,0.31
7192,28201,12,0.41
7193,2276,8,0.07
7194,30378,10,0.9
7195,34245,11,0.15
7196,26052,7,0.05
7197,30455,13,0.86
7198,32538,4,0.91
7199,31778,5,0.63
7200,5132,8,0.78
7201,23983,17,0.32
7202,31060,18,0.45
7203,4182,4,0.42
7204,17850,5,0.41
7205,33381,13,0.59
7206,9407,9,0.87
7207,28253,13,0.19
7208,1427,8,0.46
7209,18113,19,0.9
7210,16186,13,0.21
7211,27017,15,0.96
7212,7591,19,0.65
7213,29088,13,0.63
7214,20752,19,0.31
7215,1235,11,0.75
7216,19044,4,0.63
7217,27618,7,0.15
7218,8712,15,0.43
7219,3891,11,0.56
7220,2949,14,0.88
7221,13993,12,0.67
7222,13217,17,0.15
7223,6991,6,0.3
7224,34728,4,0.67
7225,7533,8,0.67
7226,10079,11,0.8
7227,1501,19,0.78
7228,28212,19,0.53
7229,25296,9,0.01
7230,33542,4,0.98
7231,24699,11,0.16
7232,4443,2,0.17
7233,7472,10,0.82
7234,2244,17,0.09
7235,1776,16,0.26
7236,8712,19,0.04
7237,27116,2,0.24
7238,28668,2,0.12
7239,17054,16,0.64
7240,6297,1,0.8
7241,26519,7,0.39
7242,6268,19,0.38
7243,981,11,0.8
7244,11033,12,0.9
7245,19136,10,0.45
7246,5283,9,0.55
7247,29048,6,0.78
7248,28319,15,0.46
7249,31197,3,0.29
7250,7217,3,0.54
7251,12128,18,0.11
7252,7088,9,0.7
7253,15735,13,0.17
7254,7861,11,0.66
7255,2056,14,0.97
7256,16555,6,0.44
7257,13711,10,0.87
7258,9445,16,0.16
7259,8590,13,0.85
7260,25255,17,0.42
7261,15429,17,0.61
7262,18829,2,0.74
7263,21055,8,0.83
7264,21077,14,0.79
7265,14064,2,0.46
7266,4424,13,0.97
7267,31783,1,0.83
7268,10817,10,0.71
7269,11551,7,0.85
7270,27924,12,0.38
7271,19132,4,0.35
7272,15397,3,0.26
7273,24785,2,0.69
7274,22727,16,0.73
7275,10563,5,0.46
7276,24021,18,0.53
7277,6825,11,0.53
7278,16542,13,0.35
7279,11150,16,0.02
7280,14464,1,0.41
7281,31736,4,0.74
7282,20555,3,0.08
7283,12343,14,0.98
7284,11326,10,0.5
7285,18943,17,0.56
7286,25512,1,0.4
7287,828,15,0.33
7288,29550,7,0.33
7289,32547,2,0.97
7290,5688,6,0.43
7291,8077,6,0.49
7292,13651,7,0.83
7293,25511,2,0.08
7294,9210,14,0.7
7295,9333,18,0.63
7296,2200,14,0.68
7297,19530,15,0.01
7298,26051,7,0.58
7299,12271,7,0.05
7300,32489,6,0.81
7301,6625,12,0.49
7302,9149,14,0.25
7303,8067,7,0.62
7304,9885,2,0.5
7305,25374,14,0.63
7306,5798,6,0.6
7307,10782,9,0.52
7308,2558,15,0.64
7309,9514,8,0.05
7310,27228,11,0.64
7311,31109,9,0.57
7312,28759,10,0.03
7313,11425,13,0.89
7314,3340,8,0.18
7315,20149,3,0.35
7316,27637,8,0.02
7317,27179,12,0.36
7318,25423,15,0.54
7319,22321,5,0.9
7320,25314,2,0.6
7321,12947,14,0.25
7322,26469,19,0.13
7323,3361,18,0.48
7324,19190,2,0.2
7325,22179,9,0.79
7326,13321,1,0.16
7327,4384,5,0.28
7328,1620,4,0.78
7329,34756,11,0.08
7330,30697,5,0.9
7331,7612,17,0.59
7332,25095,9,0.33
7333,16619,10,0.1
7334,8384,6,0.12
7335,14641,3,0.5
7336,29073,2,0.65
7337,16684,15,0.63
7338,6677,8,0.03
7339,26197,10,0.97
7340,3177,10,0.55
7341,13328,4,0.41
7342,11207,8,0.42
7343,21595,1,0.69
7344,3637,18,0.21
7345,20658,5,0.57
7346,1297,11,0.63
7347,16601,9,0.48
7348,25645,16,0.89
7349,2455,3,0.33
7350,1710,14,0.03
7351,3610,3,0.22
7352,19910,1,0.81
7353,795,7,0.06
7354,19275,1,0.45
7355,31643,19,0.43
7356,25998,16,0.43
7357,10175,19,0.53
7358,10690,14,0.06
7359,10227,12,0.47
7360,6132,3,0.29
7361,9505,6,0.62
7362,16031,12,0.01
7363,11880,1,0.53
7364,2263,16,0.66
7365,13567,13,0.01
7366,32110,15,0.35
7367,19047,18,0.06
7368,11631,4,0.08
7369,21157,9,0.03
7370,24941,17,0.65
7371,24937,16,0.05
7372,34418,8,0.71
7373,24999,2,0.12
7374,29537,2,0.31
7375,1164,14,0.22
7376,34481,5,0.1
7377,17266,16,0.53
7378,19253,16,0.24
7379,1967,7,0.34
7380,29825,12,0.53
7381,21934,4,0.45
7382,15893,16,0.99
7383,22104,14,0.09
7384,24821,3,0.5
7385,33985,8,0.97
7386,32083,15,0.36
7387,28349,11,0.97
7388,6415,16,0.67
7389,9652,17,0.76
7390,21516,7,0.97
7391,18552,19,0.77
7392,28135,6,0.58
7393,8257,11,0.75
7394,6134,3,0.67
7395,1844,12,0.08
7396,29870,6,0.91
7397,18587,6,0.02
7398,22581,13,0.64
7399,24020,2,0.55
7400,33518,6,0.54
7401,23239,3,0.49
7402,32301,1,0.31
7403,34094,17,0.74
7404,14530,7,0.25
7405,12488,7,0.59
7406,28496,9,0.14
7407,23585,8,0.31
7408,15183,4,0.95
7409,32647,1,0.8
7410,28072,18,0.27
7411,3502,3,0.6
7412,5757,18,0.57
7413,441,2,0.07
7414,34669,8,0.74
7415,31263,15,0.39
7416,7053,19,0.03
7417,1680,18,0.52
7418,33968,14,0.94
7419,34378,16,0.09
7420,26950,18,0.54
7421,11735,18,0.42
7422,19959,18,0.95
7423,2712,15,0.33
7424,27675,2,0.93
7425,6265,15,0.5
7426,1420,15,0.49
7427,11197,14,0.68
7428,13077,9,0.67
7429,34724,9,0.11
7430,19049,1,0.7
7431,17338,4,0.12
7432,34838,16,0.35
7433,30441,13,0.12
7434,16728,7,0.93
7435,31270,1,0.03
7436,1566,7,0.51
7437,14922,3,0.49
7438,13216,18,0.71
7439,28157,5,0.63
7440,30418,16,0.69
7441,2513,5,0.87
7442,27776,2,0.79
7443,21047,15,0.92
7444,24733,19,0.88
7445,13667,16,0.82
7446,23246,8,0.35
7447,23267,19,0.27
7448,21295,9,0.1
7449,19346,4,0.0
7450,22394,16,0.89
7451,25237,3,0.07
7452,18408,5,0.69
7453,19402,17,0.39
7454,17172,5,0.87
7455,28459,16,0.41
7456,11251,9,0.04
7457,25836,9,0.8
7458,15093,4,0.21
7459,24913,10,0.95
7460,26571,12,0.21
7461,15334,16,0.92
7462,6381,15,0.38
7463,29398,15,0.34
7464,19660,7,0.89
7465,28178,1,0.61
7466,16589,10,0.99
7467,9519,5,0.56
7468,7468,4,0.68
7469,4526,3,0.61
7470,2285,16,0.0
7471,3803,14,0.59
7472,29146,1,0.62
7473,18905,13,0.44
7474,8367,1,0.78
7475,30551,13,0.19
7476,10128,19,0.29
7477,24145,1,0.62
7478,5785,14,0.19
7479,34636,14,0.19
7480,1347,6,0.78
7481,33794,6,0.21
7482,19666,14,0.38
7483,18326,1,0.68
7484,9022,7,0.19
7485,27192,9,0.02
7486,25816,8,0.34
7487,9536,19,0.61
7488,8523,10,0.81
7489,15826,14,0.39
7490,16235,17,0.91
7491,22532,11,0.43
7492,18227,13,0.76
7493,32298,6,0.15
7494,20695,8,0.38
7495,4119,10,0.71
7496,20561,19,0.84
7497,28931,5,0.13
7498,33453,7,0.51
7499,3546,11,0.3
7500,31030,14,0.72
7501,30710,5,0.04
7502,5876,2,0.16
7503,11429,15,0.06
7504,13471,12,0.04
7505,19630,16,0.12
7506,32178,5,0.1
7507,32785,16,0.21
7508,24471,11,0.36
7509,34213,18,0.22
7510,31170,6,0.29
7511,6066,1,0.95
7512,28322,17,0.15
7513,4998,11,0.04
7514,12518,2,0.97
7515,3498,3,0.7
7516,19158,6,0.13
7517,14790,14,0.13
7518,25192,18,0.19
7519,31788,12,0.02
7520,16345,2,0.13
7521,27223,16,0.44
7522,12946,19,0.79
7523,177,16,0.53
7524,2088,10,0.9
7525,21724,12,0.43
7526,2199,12,0.43
7527,29177,19,0.11
7528,5170,4,0.72
7529,30845,15,0.89
7530,29516,14,0.37
7531,14391,1,0.31
7532,30583,6,0.41
7533,17777,12,0.86
7534,21603,8,0.53
7535,4280,19,0.67
7536,1271,1,0.82
7537,26710,4,0.44
7538,18061,15,0.24
7539,4658,3,0.24
7540,22665,19,0.07
7541,16433,10,0.91
7542,31873,11,0.62
7543,12069,16,0.04
7544,1522,17,0.06
7545,32772,15,0.39
7546,23287,8,0.01
7547,4798,15,0.71
7548,12623,4,0.15
7549,34707,8,0.05
7550,8611,9,0.08
7551,4162,10,0.75
7552,33252,18,0.32
7553,20038,4,0.45
7554,34697,5,0.67
7555,14418,5,0.11
7556,9940,6,0.32
7557,4699,12,0.54
7558,31584,8,0.12
7559,1409,14,0.26
7560,27542,11,0.7
7561,14061,6,0.85
7562,26509,3,0.66
7563,14235,9,0.02
7564,25144,9,0.93
7565,2871,13,0.14
7566,33326,4,0.35
7567,22578,12,0.59
7568,2093,15,0.72
7569,7411,7,0.44
7570,13544,12,0.79
7571,1025,15,0.65
7572,3091,12,0.47
7573,22186,13,0.07
7574,20700,17,0.47
7575,5270,2,0.54
7576,17664,3,0.46
7577,34523,16,0.78
7578,7503,19,0.18
7579,18596,14,0.82
7580,15534,4,0.37
7581,18375,3,0.57
7582,8439,6,0.48
7583,5700,16,0.1
7584,6569,13,0.86
7585,31980,19,0.56
7586,14778,13,0.79
7587,25077,1,0.93
7588,16439,16,0.67
7589,19847,14,0.87
7590,6770,19,0.8
7591,33484,12,0.45
7592,31168,16,0.52
7593,19605,17,0.34
7594,27989,2,0.76
7595,19163,1,0.99
7596,33967,16,0.9
7597,6849,15,0.23
7598,25337,12,0.47
7599,23374,14,0.32
7600,622,7,0.89
7601,12203,5,0.42
7602,2618,19,0.5
7603,28630,18,0.93
7604,30747,7,0.04
7605,18783,5,0.54
7606,27585,5,0.74
7607,24400,18,0.22
7608,5192,6,0.85
7609,27294,19,0.13
7610,3755,1,0.53
7611,4234,5,0.66
7612,705,16,0.91
7613,16588,1,0.11
7614,16729,10,0.94
7615,3855,3,0.45
7616,2457,9,0.19
7617,19151,16,0.11
7618,32786,4,0.23
7619,22778,6,0.8
7620,22058,11,0.25
7621,15296,19,0.38
7622,9507,13,1.0
7623,5218,2,0.15
7624,31949,3,0.61
7625,9037,7,0.53
7626,4524,10,0.09
7627,16608,9,0.48
7628,11200,15,0.1
7629,20856,1,0.54
7630,31814,12,0.85
7631,26819,8,0.98
7632,5330,12,0.53
7633,22875,5,0.02
7634,4671,13,0.28
7635,25776,6,0.73
7636,19294,19,0.71
7637,17566,18,0.24
7638,15872,14,0.56
7639,29823,5,0.69
7640,97,7,0.42
7641,11361,11,0.8
7642,20199,10,0.18
7643,8203,13,0.4
7644,29098,17,0.09
7645,7466,3,0.82
7646,21103,18,0.64
7647,28029,15,0.35
7648,6289,18,0.98
7649,33612,7,0.13
7650,12758,10,0.08
7651,30299,18,0.6
7652,5597,16,0.97
7653,33327,13,0.14
7654,13822,19,0.16
7655,18791,1,0.99
7656,5375,13,0.86
7657,26801,5,0.53
7658,17870,15,0.1
7659,1583,19,0.45
7660,15098,1,0.49
7661,30616,14,0.94
7662,10675,15,0.74
7663,5109,2,0.83
7664,16755,9,0.1
7665,107,17,0.0
7666,867,12,0.4
7667,1751,7,0.04
7668,16548,5,0.44
7669,13465,10,0.63
7670,33023,17,0.77
7671,28990,2,0.61
7672,7984,10,0.02
7673,25946,12,0.28
7674,12696,13,0.62
7675,32782,3,0.2
7676,19898,8,0.8
7677,3944,10,0.11
7678,10253,5,0.51
7679,11605,8,0.54
7680,5708,19,0.03
7681,1180,2,0.12
7682,13545,8,0.95
7683,10703,10,0.01
7684,8635,5,0.09
7685,27686,14,0.6
7686,12086,16,0.18
7687,21886,18,0.66
7688,11929,13,0.61
7689,14678,19,0.91
7690,26953,6,0.89
7691,26783,2,0.06
7692,26023,11,0.5
7693,31704,8,0.59
7694,14464,9,0.51
7695,27074,1,0.34
7696,21102,5,0.17
7697,13947,8,0.92
7698,19015,19,0.9
7699,33143,8,0.39
7700,26921,7,0.54
7701,8912,3,0.34
7702,13979,16,0.42
7703,26353,12,0.46
7704,10120,7,0.34
7705,13809,5,0.82
7706,17859,1,0.61
7707,25096,1,0.44
7708,22803,15,0.85
7709,22154,18,0.65
7710,17270,10,0.56
7711,11168,1,0.44
7712,21302,19,0.4
7713,24607,2,0.02
7714,21897,3,0.1
7715,25044,1,0.07
7716,17987,17,0.99
7717,13153,5,0.23
7718,3618,9,0.28
7719,23570,13,0.81
7720,971,7,0.27
7721,9175,9,0.83
7722,13313,12,0.21
7723,3696,13,0.84
7724,32438,19,0.25
7725,19289,1,0.8
7726,26648,12,0.92
7727,31479,12,0.56
7728,28257,17,0.26
7729,11172,3,0.4
7730,3043,7,0.87
7731,21699,7,0.83
7732,11901,7,0.05
7733,33661,11,0.25
7734,4563,1,0.8
7735,10849,19,0.4
7736,10805,8,0.59
7737,31245,6,0.21
7738,9574,14,0.75
7739,23890,11,0.4
7740,28252,5,0.71
7741,19967,9,0.79
7742,1027,14,0.59
7743,104,19,1.0
7744,33250,1,0.24
7745,31576,8,0.49
7746,6030,17,0.81
7747,9051,15,0.43
7748,2070,15,0.41
7749,22776,18,0.32
7750,4743,12,0.27
7751,25119,14,0.35
7752,21410,7,0.11
7753,17302,9,0.68
7754,28927,14,0.01
7755,17732,12,0.06
7756,29047,3,0.44
7757,31339,19,0.39
7758,2247,6,0.6
7759,25977,1,0.83
7760,6137,1,0.64
7761,26154,16,0.2
7762,8670,2,0.48
7763,18463,6,0.12
7764,22115,15,0.5
7765,33422,6,0.0
7766,31486,15,0.98
7767,18398,16,0.44
7768,18488,7,0.34
7769,27242,11,0.18
7770,33955,16,0.33
7771,3561,9,0.69
7772,11497,2,0.09
7773,1301,6,0.89
7774,21562,14,0.23
7775,20067,18,0.36
7776,24144,11,0.24
7777,12347,9,0.79
7778,1277,1,0.87
7779,18796,13,0.26
7780,20211,1,0.14
7781,15012,11,0.37
7782,25629,10,0.9
7783,3015,9,0.45
7784,32306,4,0.9
7785,652,10,0.06
7786,31546,6,0.02
7787,343,7,0.26
7788,27072,15,0.89
7789,5540,19,0.38
7790,8487,15,0.22
7791,7500,18,0.25
7792,25050,3,0.52
7793,20197,2,0.6
7794,7339,14,0.06
7795,20611,9,0.44
7796,20826,9,0.69
7797,32881,19,0.04
7798,30798,5,0.58
7799,2972,1,0.72
7800,20491,5,0.25
7801,30142,1,0.73
7802,34499,10,0.78
7803,11817,19,0.73
7804,31396,2,0.88
7805,19630,13,0.06
7806,4618,6,0.23
7807,1986,15,0.3
7808,12254,16,0.33
7809,12369,8,0.93
7810,30009,3,0.51
7811,19829,13,0.94
7812,34667,18,0.65
7813,18584,5,0.31
7814,2636,14,0.94
7815,32925,3,0.1
7816,2470,3,0.63
7817,3001,7,0.49
7818,29719,1,0.66
7819,17158,6,0.43
7820,12530,12,0.17
7821,683,14,0.66
7822,34449,12,0.21
7823,28758,15,0.45
7824,34801,4,0.04
7825,33381,1,0.62
7826,10210,2,0.91
7827,23760,11,0.56
7828,17407,6,0.56
7829,15601,1,0.41
7830,16475,3,0.35
7831,5271,10,0.5
7832,2997,10,0.61
7833,4688,10,0.9
7834,10437,15,0.85
7835,9066,17,0.77
7836,24933,1,0.42
7837,17368,18,0.85
7838,27608,3,0.62
7839,34631,5,0.81
7840,34923,3,0.75
7841,11541,9,0.16
7842,29023,5,0.11
7843,29447,18,0.04
7844,4907,14,0.08
7845,32069,4,0.88
7846,10330,10,0.51
7847,34643,12,0.83
7848,28638,2,0.17
7849,15068,14,0.43
7850,20530,12,0.41
7851,25802,5,0.85
7852,5771,11,0.69
7853,3011,12,0.66
7854,5014,14,0.32
7855,9939,5,0.39
7856,28194,19,0.53
7857,651,14,0.67
7858,14766,13,0.6
7859,20813,4,0.1
7860,22804,5,0.58
7861,15090,9,0.19
7862,23922,3,0.14
7863,24495,11,0.03
7864,24247,12,0.69
7865,29304,15,0.39
7866,8068,10,0.66
7867,16224,16,0.97
7868,19748,15,0.35
7869,13245,7,0.25
7870,25548,7,0.74
7871,1992,7,0.24
7872,33578,7,0.82
7873,26810,16,0.68
7874,21538,15,0.32
7875,16403,14,0.89
7876,32120,9,0.84
7877,19676,16,0.85
7878,785,10,0.27
7879,15672,19,0.01
7880,1508,17,0.03
7881,21320,15,0.54
7882,27268,3,0.63
7883,32860,12,0.16
7884,1469,2,0.47
7885,28128,15,0.93
7886,22169,14,0.04
7887,17373,18,0.94
7888,20078,12,0.1
7889,15769,16,0.44
7890,173,8,0.01
7891,29526,11,0.89
7892,11129,3,0.9
7893,6049,15,0.21
7894,20682,1,0.77
7895,22369,12,0.61
7896,3626,4,0.53
7897,23779,9,0.14
7898,32819,17,0.81
7899,15076,10,0.36
7900,14305,17,0.01
7901,23756,11,0.24
7902,16784,3,0.8
7903,15814,16,0.94
7904,27938,4,0.99
7905,3289,5,0.56
7906,3628,14,0.85
7907,4195,9,0.75
7908,34184,17,0.64
7909,15930,2,0.79
7910,26818,5,0.8
7911,25185,11,0.55
7912,34021,16,0.06
7913,3236,1,0.96
7914,25738,11,0.61
7915,4642,12,0.25
7916,18185,8,0.99
7917,14113,7,0.46
7918,16326,15,0.59
7919,16432,4,0.2
7920,32645,16,0.56
7921,33934,5,0.07
7922,8943,10,0.78
7923,33972,3,0.22
7924,15706,11,0.74
7925,32300,15,0.2
7926,33197,4,1.0
7927,28819,3,0.92
7928,12979,11,0.23
7929,26266,9,0.64
7930,34532,19,0.71
7931,5938,11,0.04
7932,10788,1,0.18
7933,3530,6,0.4
7934,9936,15,0.86
7935,28361,13,0.21
7936,12371,7,0.27
7937,31521,11,0.78
7938,5470,4,0.32
7939,5486,13,0.79
7940,14756,8,0.51
7941,26441,15,0.03
7942,28003,18,0.33
7943,11910,7,0.29
7944,6524,14,0.32
7945,20290,15,0.18
7946,28270,11,0.93
7947,17821,19,0.01
7948,16951,14,0.29
7949,18651,19,0.76
7950,30797,17,0.06
7951,5573,16,0.4
7952,15398,19,0.32
7953,14154,16,0.53
7954,21129,6,0.05
7955,33768,9,0.69
7956,636,18,0.54
7957,15430,19,0.31
7958,24592,1,0.3
7959,25587,19,0.6
7960,7705,6,0.78
7961,25018,7,0.67
7962,27644,4,0.84
7963,3257,11,0.74
7964,26397,16,0.34
7965,4613,15,0.02
7966,10485,14,0.55
7967,17436,15,0.08
7968,7356,6,0.62
7969,21772,11,0.91
7970,15691,13,0.11
7971,18482,2,0.64
7972,5065,11,0.7
7973,30672,3,0.39
7974,1250,3,0.63
7975,21075,10,0.61
7976,2195,13,0.23
7977,20567,7,0.19
7978,19343,9,0.39
7979,28989,4,0.87
7980,8974,5,0.48
7981,19335,11,0.78
7982,7088,18,0.41
7983,4656,18,0.88
7984,27107,19,0.17
7985,27089,18,0.53
7986,24062,13,0.36
7987,18546,11,0.88
7988,1374,9,0.97
7989,21920,9,0.94
7990,32848,9,0.85
7991,32416,8,0.41
7992,7760,3,0.25
7993,29128,1,0.06
7994,12905,18,0.96
7995,29158,3,0.67
7996,30022,15,0.61
7997,1817,2,0.88
7998,1358,15,0.35
7999,20592,4,0.09
8000,33325,18,0.72
8001,1500,14,0.53
8002,464,19,0.14
8003,5875,11,0.2
8004,20295,2,0.65
8005,6818,16,0.55
8006,20055,13,0.03
8007,6100,19,0.14
8008,5859,12,0.52
8009,6113,4,0.76
8010,15949,6,0.67
8011,28254,5,0.5
8012,5406,3,0.37
8013,30563,15,0.48
8014,1554,7,0.44
8015,16122,12,0.23
8016,5816,4,0.73
8017,20847,19,0.88
8018,8299,7,0.56
8019,564,6,0.23
8020,3205,11,0.77
8021,31535,18,0.89
8022,14949,4,0.36
8023,30816,2,0.06
8024,9962,18,0.51
8025,27430,14,0.29
8026,27931,12,0.28
8027,24051,8,0.71
8028,25402,19,0.71
8029,28034,19,0.54
8030,23681,5,0.69
8031,18362,13,0.44
8032,19415,8,0.27
8033,4754,12,0.65
8034,34687,4,0.25
8035,7371,12,0.1
8036,24029,13,0.13
8037,8456,17,0.76
8038,32816,12,0.46
8039,29689,16,0.87
8040,7702,14,0.7
8041,13064,2,0.12
8042,14004,18,0.49
8043,261,18,0.15
8044,8467,9,0.35
8045,16961,6,0.89
8046,29149,13,0.86
8047,3494,12,0.46
8048,32227,16,0.61
8049,27940,19,0.57
8050,14142,2,0.26
8051,7139,12,0.12
8052,13699,5,0.58
8053,21407,18,0.43
8054,2242,3,0.3
8055,22657,17,0.51
8056,25680,17,0.51
8057,31163,15,0.2
8058,13545,19,0.92
8059,8822,2,0.8
8060,9519,19,0.8
8061,26224,2,0.63
8062,5098,13,0.13
8063,3557,17,0.72
8064,18652,13,0.2
8065,22782,8,0.35
8066,11807,16,0.25
8067,3943,3,0.31
8068,29562,10,0.17
8069,16077,7,0.67
8070,11839,3,0.14
8071,235,3,0.83
8072,25412,1,0.77
8073,1879,18,0.05
8074,17670,12,0.92
8075,4968,12,0.74
8076,13771,6,0.78
8077,16975,6,0.81
8078,5508,6,0.8
8079,8609,10,0.18
8080,9813,12,0.84
8081,10224,5,0.15
8082,12326,17,0.94
8083,19162,9,0.13
8084,1772,7,0.55
8085,3774,7,0.56
8086,26236,16,0.66
8087,4535,15,0.04
8088,20177,10,0.95
8089,10321,10,0.61
8090,632,13,0.53
8091,28361,11,0.78
8092,28627,10,0.61
8093,18827,2,0.4
8094,4802,7,0.59
8095,9192,14,0.18
8096,31694,9,0.88
8097,31305,7,0.8
8098,10799,14,0.05
8099,4321,9,0.59
8100,740,13,0.83
8101,21710,16,0.49
8102,5628,13,0.72
8103,22658,3,0.03
8104,32641,17,0.63
8105,19338,8,0.13
8106,5994,5,0.58
8107,3310,9,0.16
8108,20087,4,0.46
8109,18937,16,0.64
8110,2847,11,0.94
8111,19225,2,0.36
8112,15479,5,0.42
8113,21543,3,0.44
8114,32605,3,0.74
8115,12354,10,0.48
8116,17948,1,0.21
8117,3670,12,0.19
8118,11963,5,0.59
8119,10631,4,0.31
8120,25249,12,0.52
8121,394,12,0.6
8122,12545,8,0.09
8123,10629,16,0.16
8124,6944,16,0.82
8125,12827,14,0.14
8126,17713,5,0.97
8127,7163,14,0.34
8128,10774,14,0.49
8129,10638,11,0.23
8130,10626,18,0.58
8131,14318,6,0.17
8132,33921,1,0.64
8133,4185,13,0.87
8134,28596,9,0.22
8135,33271,10,0.08
8136,19133,19,0.66
8137,23723,1,0.93
8138,16766,1,0.91
8139,15083,13,0.5
8140,15310,9,0.25
8141,17633,8,0.32
8142,8224,15,0.48
8143,6318,17,0.22
8144,4687,18,0.38
8145,30135,9,0.44
8146,6057,16,0.54
8147,19476,6,0.96
8148,9007,6,0.72
8149,28315,9,0.21
8150,34417,2,0.59
8151,32579,7,0.02
8152,13400,14,0.25
8153,10511,6,0.3
8154,34931,2,0.73
8155,11073,17,0.94
8156,9841,7,0.23
8157,13319,9,0.02
8158,32916,5,0.6
8159,32629,8,0.27
8160,3321,3,0.1
8161,26357,16,0.21
8162,21969,1,0.54
8163,23999,19,0.95
8164,33539,11,0.19
8165,18313,1,0.58
8166,33899,19,0.84
8167,1306,5,0.38
8168,29672,14,0.13
8169,25061,8,0.54
8170,25658,5,0.58
8171,28341,5,0.76
8172,30885,3,0.09
8173,34628,15,0.26
8174,3635,4,0.32
8175,1167,1,0.65
8176,13542,18,0.35
8177,6470,15,0.98
8178,19325,12,0.34
8179,4431,19,0.91
8180,10229,3,0.76
8181,19342,16,0.16
8182,31101,2,0.2
8183,24857,18,0.99
8184,9241,6,0.46
8185,2460,5,0.65
8186,22854,14,0.59
8187,1183,9,0.89
8188,29372,14,0.67
8189,17736,1,0.15
8190,12650,10,0.12
8191,14150,19,0.47
8192,9747,18,0.37
8193,15191,1,0.77
8194,10797,6,0.42
8195,2517,6,0.4
8196,9165,18,0.78
8197,9391,13,0.49
8198,29096,1,0.33
8199,19609,3,0.79
8200,935,6,0.54
8201,33047,15,0.23
8202,6404,1,0.16
8203,20492,12,0.5
8204,964,12,0.15
8205,27834,3,0.71
8206,5967,10,0.22
8207,525,8,0.51
8208,9093,16,0.08
8209,14184,18,0.33
8210,15650,19,0.09
8211,4895,4,0.57
8212,1433,11,0.27
8213,3159,7,0.9
8214,25164,9,0.9
8215,29893,7,0.18
8216,26222,19,0.57
8217,12633,1,0.6
8218,10196,2,0.18
8219,14427,19,0.04
8220,28404,16,0.29
8221,3026,5,0.73
8222,30116,11,0.59
8223,34661,13,0.89
8224,22110,14,0.2
8225,8813,12,0.4
8226,7943,10,0.73
8227,3693,13,0.44
8228,2916,4,0.46
8229,24592,17,0.61
8230,19168,14,0.59
8231,33360,18,0.59
8232,30642,12,0.13
8233,30480,13,0.77
8234,26957,16,0.63
8235,14924,16,0.05
8236,10113,1,0.49
8237,8719,3,0.99
8238,28649,19,0.56
8239,26338,16,0.82
8240,15277,15,0.77
8241,10455,14,0.91
8242,12404,19,0.33
8243,18235,7,0.39
8244,33677,6,0.93
8245,21818,16,0.52
8246,2050,13,0.44
8247,14052,5,0.1
8248,15933,7,0.18
8249,27293,19,0.32
8250,23147,13,0.14
8251,6381,14,0.49
8252,30873,8,0.1
8253,1027,11,0.1
8254,20473,7,0.03
8255,9485,18,0.27
8256,16829,6,0.0
8257,21540,12,0.82
8258,25558,18,0.45
8259,650,3,0.69
8260,17774,12,0.14
8261,6810,10,0.63
8262,20311,17,0.41
8263,19961,6,0.13
8264,1892,12,0.75
8265,2634,12,0.44
8266,21688,16,0.47
8267,18177,8,0.33
8268,30243,13,0.95
8269,12585,3,0.82
8270,1384,11,0.36
8271,18183,9,0.85
8272,7882,11,0.3
8273,21987,13,0.34
8274,15166,11,0.31
8275,12654,6,0.85
8276,23093,19,0.66
8277,31231,6,0.11
8278,3261,12,0.78
8279,3732,12,0.36
8280,19336,2,0.17
8281,11077,14,0.41
8282,9782,3,0.31
8283,29376,6,0.19
8284,26787,2,0.91
8285,17919,16,0.38
8286,20821,17,0.91
8287,24562,13,0.19
8288,10717,10,0.69
8289,3998,1,0.66
8290,13920,16,0.38
8291,5380,11,0.46
8292,23478,7,0.5
8293,11691,13,0.42
8294,16596,1,0.91
8295,3819,7,0.72
8296,15863,11,0.68
8297,7153,14,0.77
8298,27451,16,0.49
8299,18735,11,0.91
8300,30847,14,0.89
8301,27491,4,0.91
8302,34759,7,0.96
8303,11681,13,0.36
8304,13019,6,0.77
8305,33535,9,0.25
8306,15596,10,0.82
8307,18831,17,0.72
8308,34336,3,0.94
8309,23566,4,0.81
8310,4498,5,0.21
8311,20510,6,0.3
8312,8449,19,0.3
8313,31846,5,0.54
8314,1378,18,0.58
8315,32673,7,0.02
8316,12715,5,0.13
8317,10033,9,0.93
8318,6933,19,0.15
8319,18874,19,0.69
8320,12565,3,0.45
8321,28163,18,0.62
8322,30382,4,0.63
8323,12842,18,0.55
8324,8883,9,0.69
8325,22285,6,0.79
8326,8682,9,0.17
8327,5545,4,0.86
8328,12254,8,0.81
8329,18609,11,0.6
8330,33070,13,0.57
8331,16717,4,1.0
8332,22142,12,0.78
8333,25864,4,0.2
8334,9904,6,0.57
8335,30951,17,0.56
8336,26480,11,0.03
8337,25148,9,0.1
8338,7846,4,0.06
8339,13827,11,0.46
8340,23722,6,1.0
8341,26664,12,0.56
8342,28612,9,0.53
8343,7097,15,0.7
8344,4418,1,0.53
8345,25285,9,0.63
8346,26846,16,0.39
8347,5965,11,0.9
8348,17587,6,0.35
8349,7963,17,0.15
8350,26660,6,0.23
8351,8019,9,0.37
8352,16269,3,0.86
8353,33089,18,0.03
8354,25041,3,0.23
8355,22312,6,0.32
8356,11380,2,0.27
8357,26702,13,0.12
8358,30007,10,0.74
8359,27986,6,0.04
8360,29741,12,0.26
8361,22769,9,0.44
8362,24116,2,0.16
8363,265,8,0.83
8364,3525,17,0.69
8365,808,10,0.43
8366,10697,18,0.56
8367,30194,6,0.32
8368,19756,7,0.54
8369,2541,14,0.65
8370,4868,4,0.52
8371,5652,6,0.94
8372,29081,10,0.44
8373,27842,14,0.39
8374,11328,12,0.27
8375,21064,9,0.98
8376,28751,8,0.3
8377,27641,17,0.69
8378,22629,15,0.31
8379,32305,15,0.71
8380,1968,15,0.47
8381,22170,3,0.99
8382,17443,19,0.47
8383,3460,19,0.97
8384,10514,9,0.49
8385,31583,3,0.97
8386,19817,3,0.33
8387,16458,3,0.41
8388,5610,2,0.61
8389,4198,2,0.6
8390,1709,6,0.94
8391,10504,19,0.44
8392,10759,14,0.65
8393,16483,19,0.81
8394,7332,14,0.19
8395,32134,1,0.88
8396,9301,7,0.53
8397,27003,10,0.64
8398,20484,12,0.19
8399,12135,2,0.05
8400,22400,14,0.2
8401,24686,10,0.52
8402,16982,12,0.69
8403,27538,14,0.28
8404,21602,1,0.95
8405,25817,14,0.93
8406,6042,18,0.12
8407,31947,10,0.58
8408,11055,13,0.33
8409,5617,7,0.66
8410,19798,11,0.14
8411,15316,11,0.22
8412,31337,14,0.69
8413,26447,8,0.46
8414,29349,7,0.57
8415,8942,18,0.16
8416,25993,11,0.08
8417,18966,2,0.25
8418,5851,10,0.45
8419,12059,14,0.21
8420,15602,8,0.25
8421,33373,9,0.44
8422,14021,7,0.16
8423,23376,17,0.13
8424,4243,7,0.79
8425,1306,11,0.04
8426,10239,1,0.87
8427,16472,14,0.45
8428,27263,8,0.97
8429,16628,13,0.75
8430,7415,14,0.99
8431,34533,16,0.32
8432,22064,19,0.64
8433,24449,14,0.21
8434,992,8,0.7
8435,3831,16,0.05
8436,21895,13,0.28
8437,8537,10,0.69
8438,563,5,0.89
8439,29466,10,0.13
8440,533,9,0.42
8441,20987,10,0.1
8442,20151,17,0.71
8443,28530,5,0.39
8444,6927,13,0.66
8445,16240,11,0.8
8446,17238,12,0.4
8447,33265,6,0.21
8448,28073,16,0.3
8449,19637,1,0.55
8450,8286,8,0.42
8451,34574,19,0.57
8452,3138,7,0.45
8453,27220,8,0.1
8454,4450,2,0.79
8455,22606,6,0.28
8456,12766,11,0.64
8457,30820,8,0.06
8458,21546,4,0.08
8459,6535,17,0.48
8460,2108,15,0.33
8461,25054,1,0.01
8462,9500,8,0.84
8463,20751,10,0.41
8464,9214,4,0.68
8465,18194,1,0.76
8466,34631,12,0.66
8467,30578,8,0.49
8468,21822,15,0.41
8469,16911,1,0.66
8470,24864,9,0.95
8471,32710,12,0.91
8472,2290,3,0.19
8473,21751,18,0.35
8474,16783,3,0.32
8475,32832,2,0.74
8476,31753,14,0.27
8477,21825,15,0.57
8478,30582,2,0.82
8479,1692,9,0.35
8480,28286,4,0.4
8481,24086,13,0.09
8482,15887,10,0.18
8483,23860,12,0.5
8484,18369,18,0.25
8485,8387,14,0.56
8486,21801,8,0.93
8487,22731,2,0.11
8488,9675,16,0.46
8489,8202,10,0.82
8490,18820,5,0.18
8491,22119,12,0.07
8492,27776,16,0.83
8493,17622,7,0.76
8494,9360,3,0.6
8495,21345,1,0.99
8496,19595,15,0.25
8497,362,13,0.16
8498,29328,16,0.77
8499,10210,13,0.23
8500,25992,3,0.34
8501,3036,7,0.43
8502,3605,16,0.53
8503,9818,18,0.13
8504,21994,5,0.58
8505,15873,5,0.63
8506,4179,6,0.48
8507,11107,13,0.19
8508,16734,4,0.24
8509,25818,9,0.3
8510,5997,3,0.98
8511,9359,19,0.09
8512,23006,7,0.62
8513,27621,18,0.43
8514,5204,9,0.19
8515,34534,13,0.76
8516,20084,4,0.27
8517,26770,13,0.84
8518,34181,8,0.44
8519,5752,1,0.28
8520,18600,11,0.34
8521,19246,5,0.18
8522,16397,14,0.21
8523,26575,10,0.25
8524,33348,13,1.0
8525,5989,5,0.17
8526,13885,5,0.51
8527,27616,14,0.58
8528,24975,12,0.85
8529,30925,1,0.38
8530,5951,12,0.01
8531,10268,6,0.07
8532,14649,8,0.1
8533,20142,8,0.76
8534,31176,3,0.55
8535,22777,7,0.42
8536,30385,15,0.87
8537,30643,4,0.04
8538,1199,10,0.4
8539,18893,8,0.69
8540,14989,17,0.83
8541,20461,17,0.99
8542,22273,13,0.45
8543,11385,6,0.88
8544,28163,10,0.1
8545,31212,14,0.43
8546,31901,13,0.21
8547,25375,12,0.01
8548,30706,10,0.76
8549,19524,10,0.05
8550,16149,18,0.04
8551,31631,5,0.58
8552,20772,17,0.11
8553,10988,4,0.25
8554,23713,4,0.98
8555,10453,12,0.73
8556,16303,12,0.69
8557,6704,16,0.06
8558,29618,19,0.98
8559,9904,17,0.12
8560,26216,15,0.13
8561,14695,4,0.62
8562,23000,2,0.76
8563,9249,15,0.81
8564,27685,17,0.16
8565,19221,3,0.86
8566,14973,13,0.2
8567,18108,12,0.68
8568,2087,14,0.69
8569,17241,18,0.83
8570,2788,7,0.39
8571,21566,15,0.98
8572,11743,2,0.26
8573,29646,11,0.43
8574,8350,11,0.17
8575,24913,17,0.5
8576,30571,5,0.53
8577,24521,8,0.41
8578,24557,2,0.7
8579,5893,10,0.68
8580,3730,19,0.61
8581,15717,2,0.0
8582,16655,4,0.53
8583,12135,4,0.76
8584,32209,3,0.83
8585,5002,9,0.4
8586,22459,12,0.24
8587,24189,1,0.39
8588,29960,6,0.85
8589,971,15,0.03
8590,14769,3,0.65
8591,13495,10,0.29
8592,6798,6,0.51
8593,34875,11,0.42
8594,17417,4,0.59
8595,29462,17,0.34
8596,17626,4,0.52
8597,26268,8,0.74
8598,1136,12,0.44
8599,29229,15,0.61
8600,21724,14,0.57
8601,29512,16,0.74
8602,6476,3,0.82
8603,21348,8,0.52
8604,1828,9,0.16
8605,9196,8,0.98
8606,15135,1,0.92
8607,28095,3,0.01
8608,31117,1,0.55
8609,15662,7,0.37
8610,10085,17,0.25
8611,8609,1,0.17
8612,10682,5,0.7
8613,15890,9,0.36
8614,28418,4,0.92
8615,33889,3,0.7
8616,10091,12,0.61
8617,7202,6,0.64
8618,33846,15,0.8
8619,14435,9,0.88
8620,16036,19,0.56
8621,5957,3,0.12
8622,28750,18,0.6
8623,34896,1,0.08
8624,34806,15,0.11
8625,5766,3,0.9
8626,27470,16,0.14
8627,3573,14,0.4
8628,26461,8,0.58
8629,15014,17,0.05
8630,31481,9,0.71
8631,10982,1,0.87
8632,2731,8,0.5
8633,18873,5,0.8
8634,33932,6,0.04
8635,16580,9,0.31
8636,9265,11,0.61
8637,11854,12,0.2
8638,29607,4,0.79
8639,24822,18,0.86
8640,2336,2,0.36
8641,2283,13,0.46
8642,18329,15,0.67
8643,7608,13,0.1
8644,5432,8,0.53
8645,11422,19,0.11
8646,29253,7,0.65
8647,32722,13,0.88
8648,7210,2,0.85
8649,30477,18,0.82
8650,27409,16,0.55
8651,18413,10,0.54
8652,18047,17,0.03
8653,13547,1,0.61
8654,23564,10,0.27
8655,9542,14,0.76
8656,7029,6,0.08
8657,11636,1,0.32
8658,29795,4,0.88
8659,30994,2,0.77
8660,18728,19,0.11
8661,24681,19,0.71
8662,2648,18,0.53
8663,12990,16,0.27
8664,20355,12,0.6
8665,815,9,0.14
8666,23737,3,0.93
8667,8941,17,0.78
8668,29616,3,1.0
8669,25029,16,0.81
8670,221,17,0.81
8671,33516,19,0.67
8672,9460,13,0.64
8673,6724,10,0.97
8674,19723,1,0.59
8675,12594,16,0.51
8676,26151,17,0.53
8677,10068,5,0.6
8678,773,17,0.52
8679,4119,5,0.76
8680,423,4,0.06
8681,5553,17,0.9
8682,21139,16,0.04
8683,30173,6,0.66
8684,16729,4,0.83
8685,18122,9,0.49
8686,19759,15,0.36
8687,3,16,0.74
8688,10290,9,0.12
8689,33834,18,0.09
8690,33111,1,0.06
8691,27454,7,0.51
8692,20680,5,0.71
8693,12653,5,0.82
8694,9674,16,0.4
8695,29288,14,0.43
8696,10163,4,0.4
8697,28896,11,0.45
8698,28843,4,0.09
8699,8921,19,0.38
8700,19181,16,0.66
8701,13078,8,0.29
8702,6129,12,0.01
8703,23909,15,0.56
8704,2464,11,0.52
8705,34645,9,0.18
8706,3530,12,0.17
8707,34264,12,0.13
8708,10756,12,0.77
8709,28657,8,0.66
8710,18686,16,0.87
8711,6068,9,0.4
8712,21073,4,0.0
8713,1649,12,0.06
8714,11039,14,0.2
8715,1742,14,0.7
8716,3729,2,0.4
8717,2571,3,0.0
8718,21627,7,0.76
8719,27704,3,0.32
8720,5338,5,0.49
8721,5103,6,0.5
8722,1459,17,0.95
8723,26111,10,0.45
8724,6267,9,0.98
8725,14196,3,0.11
8726,667,12,0.87
8727,884,3,0.15
8728,10371,15,0.53
8729,8230,4,0.24
8730,23668,1,0.03
8731,20087,11,0.38
8732,3583,11,0.69
8733,31600,14,0.97
8734,6171,9,0.33
8735,19936,11,0.6
8736,26336,5,0.72
8737,17640,2,0.57
8738,7322,2,0.11
8739,30984,7,0.7
8740,7373,10,0.56
8741,8943,13,0.74
8742,6735,17,0.34
8743,8008,12,0.82
8744,30343,7,0.94
8745,2072,6,0.43
8746,11773,7,0.48
8747,18910,11,0.89
8748,30839,1,0.75
8749,29005,4,0.78
8750,26371,15,0.32
8751,3463,17,0.52
8752,21864,6,0.13
8753,7303,10,0.76
8754,8212,16,0.94
8755,18938,10,0.58
8756,18969,15,0.47
8757,7721,3,0.45
8758,33788,1,0.55
8759,13456,5,0.84
8760,29171,5,0.61
8761,5546,16,0.77
8762,34471,17,0.54
8763,3460,15,0.78
8764,21530,14,0.25
8765,12276,2,0.26
8766,23658,9,0.19
8767,7217,7,0.35
8768,33771,16,0.28
8769,10706,19,0.03
8770,2060,3,0.33
8771,8862,4,0.64
8772,12530,4,0.5
8773,30931,11,0.14
8774,7652,5,0.01
8775,9351,5,0.71
8776,772,7,0.35
8777,6233,18,0.3
8778,954,3,0.26
8779,34182,13,0.65
8780,11961,13,0.45
8781,2765,3,0.27
8782,32990,2,0.86
8783,13992,16,0.15
8784,12977,3,0.68
8785,7796,8,0.57
8786,22848,16,0.16
8787,15907,2,0.23
8788,25076,3,0.98
8789,9690,3,0.59
8790,8836,4,0.93
8791,26346,9,0.08
8792,23763,16,0.62
8793,10708,14,0.72
8794,11059,17,0.57
8795,24398,3,0.79
8796,30991,1,0.02
8797,16638,7,0.04
8798,4864,14,0.78
8799,14759,17,0.02
8800,17851,13,0.58
8801,12888,10,0.86
8802,31641,11,0.62
8803,25206,2,0.28
8804,7053,8,0.63
8805,27957,2,0.6
8806,24633,13,0.86
8807,13610,4,0.91
8808,15128,7,0.89
8809,10553,2,0.79
8810,29975,10,0.98
8811,727,9,0.78
8812,13184,15,0.22
8813,3688,5,0.55
8814,24245,17,0.18
8815,20526,16,0.48
8816,16567,17,0.41
8817,27733,19,0.23
8818,5437,13,0.64
8819,14329,1,0.16
8820,27883,14,0.41
8821,32947,2,0.77
8822,28201,11,0.8
8823,32558,3,0.89
8824,22132,2,0.88
8825,11164,15,0.63
8826,6996,1,0.97
8827,29973,12,0.03
8828,14815,16,0.09
8829,5521,18,0.48
8830,24935,4,0.73
8831,34577,17,0.49
8832,9335,3,0.46
8833,16135,5,0.43
8834,34321,16,0.38
8835,10473,12,0.98
8836,23729,16,0.78
8837,25110,8,0.37
8838,18323,5,0.36
8839,32335,4,0.57
8840,32357,10,0.89
8841,24531,9,0.61
8842,31782,5,0.36
8843,11253,3,0.18
8844,15795,8,0.76
8845,18054,14,0.32
8846,11701,14,0.25
8847,29419,9,0.62
8848,26949,12,0.97
8849,17081,15,0.19
8850,15796,8,0.02
8851,32806,11,0.03
8852,29749,15,0.49
8853,17529,11,0.61
8854,20457,18,0.93
8855,3190,3,0.79
8856,20677,4,0.72
8857,30161,5,0.8
8858,28125,10,0.65
8859,33683,9,0.72
8860,21507,18,0.97
8861,16450,13,0.98
8862,5952,10,0.82
8863,26147,17,0.51
8864,31351,11,0.6
8865,1113,17,0.87
8866,34391,15,0.76
8867,6694,5,0.93
8868,2965,10,0.26
8869,9296,13,0.08
8870,3773,7,0.65
8871,5163,8,0.47
8872,31379,2,0.68
8873,30955,14,0.13
8874,32708,17,0.89
8875,29046,1,0.45
8876,31729,15,0.19
8877,1160,3,0.74
8878,26125,16,0.01
8879,28962,5,0.03
8880,1511,13,0.87
8881,6412,11,0.93
8882,14142,2,0.71
8883,11910,12,0.91
8884,28784,18,0.74
8885,20082,12,0.01
8886,5686,1,0.82
8887,23727,6,0.83
8888,28908,9,0.36
8889,1206,8,0.2
8890,6976,19,0.8
8891,30165,15,0.03
8892,4176,2,0.71
8893,8761,7,0.62
8894,374,1,0.29
8895,2151,15,0.03
8896,27088,7,0.25
8897,4037,4,0.45
8898,28083,9,0.1
8899,30915,10,0.68
8900,33150,4,0.59
8901,9928,13,0.96
8902,22691,15,0.83
8903,3096,15,0.09
8904,10756,5,0.19
8905,25729,9,0.46
8906,23712,9,0.5
8907,4290,4,0.27
8908,19592,19,0.27
8909,34038,13,0.57
8910,4478,6,0.95
8911,1284,11,0.16
8912,23689,13,0.66
8913,29156,17,0.6
8914,8605,7,0.01
8915,9249,12,0.35
8916,2474,5,0.8
8917,25198,3,0.42
8918,1736,19,0.8
8919,465,5,0.13
8920,25270,17,0.86
8921,33268,3,0.38
8922,12852,15,0.79
8923,13656,16,0.97
8924,32344,11,0.66
8925,7655,1,0.47
8926,8278,8,0.97
8927,3854,17,0.01
8928,27678,11,0.92
8929,15398,3,0.37
8930,28754,15,0.55
8931,34475,12,0.8
8932,29782,8,0.96
8933,9919,10,0.38
8934,4953,8,0.25
8935,31443,8,0.56
8936,18255,7,0.57
8937,28393,8,0.75
8938,5057,15,0.39
8939,10160,15,0.91
8940,30455,19,0.73
8941,11042,11,0.57
8942,14345,19,0.71
8943,23056,8,0.26
8944,13152,18,0.91
8945,10059,16,0.83
8946,9523,7,0.88
8947,24776,6,0.77
8948,17320,12,0.47
8949,31542,13,0.95
8950,6674,14,0.36
8951,11902,2,0.75
8952,8532,5,0.51
8953,3203,9,0.45
8954,5140,11,0.86
8955,10080,11,0.38
8956,19874,10,0.45
8957,3411,12,0.54
8958,27052,8,0.39
8959,327,5,0.38
8960,23220,16,0.56
8961,31476,8,0.2
8962,25484,11,0.69
8963,8746,4,0.1
8964,21549,12,0.31
8965,854,17,0.03
8966,21431,11,0.44
8967,27839,2,0.51
8968,4533,3,0.43
8969,33596,19,0.83
8970,2846,15,0.67
8971,33454,4,0.11
8972,9938,16,0.04
8973,18869,5,0.51
8974,12333,4,0.64
8975,24173,12,0.76
8976,10018,7,0.99
8977,12063,15,0.27
8978,25294,19,0.52
8979,9740,15,0.82
8980,30375,11,0.98
8981,19051,10,0.9
8982,10795,12,0.12
8983,2082,7,0.2
8984,534,17,0.17
8985,8818,5,0.49
8986,26297,19,0.61
8987,14221,14,0.74
8988,32485,5,0.46
8989,23039,5,0.3
8990,2727,16,0.94
8991,109,18,0.12
8992,14509,2,0.05
8993,26106,4,0.14
8994,8664,12,0.1
8995,21672,12,0.22
8996,23319,17,0.88
8997,17197,9,0.75
8998,31132,18,0.64
8999,14194,16,0.94
9000,25957,4,0.63
9001,8012,8,0.86
9002,21622,9,0.83
9003,26570,12,0.79
9004,33494,11,0.45
9005,27004,14,0.25
9006,27863,1,0.7
9007,466,6,0.05
9008,25690,18,0.28
9009,34284,13,0.44
9010,14739,16,0.38
9011,33631,3,0.1
9012,14192,11,0.23
9013,15827,16,0.46
9014,6344,12,0.63
9015,10437,8,0.66
9016,30204,17,0.28
9017,25242,10,0.61
9018,18928,2,0.02
9019,9588,14,0.37
9020,19473,9,0.56
9021,32393,4,0.59
9022,20372,7,0.64
9023,9371,4,0.74
9024,3316,1,0.98
9025,33194,7,0.22
9026,28656,14,0.41
9027,30384,17,0.3
9028,223,14,0.19
9029,19020,5,0.93
9030,5005,13,0.18
9031,14582,7,0.14
9032,8110,12,0.8
9033,29180,14,0.88
9034,26613,13,0.85
9035,13026,11,0.62
9036,29162,8,0.64
9037,19870,8,0.25
9038,17456,15,0.61
9039,4322,10,0.87
9040,25021,8,0.06
9041,3495,13,0.48
9042,7908,10,0.84
9043,34376,3,0.16
9044,7134,5,0.27
9045,27437,11,0.3
9046,10801,4,0.1
9047,21944,10,0.18
9048,32250,4,0.5
9049,29804,9,0.99
9050,34538,10,0.56
9051,7308,3,0.76
9052,4665,19,0.6
9053,19644,11,0.89
9054,28957,2,0.99
9055,33870,6,0.18
9056,25058,12,0.63
9057,28144,6,0.29
9058,34761,14,0.89
9059,19699,17,0.89
9060,9008,2,0.02
9061,12590,1,0.65
9062,12604,8,0.1
9063,27394,19,0.23
9064,31658,19,0.7
9065,25501,10,0.67
9066,20840,4,0.67
9067,8558,3,0.58
9068,20597,18,0.8
9069,14491,10,0.95
9070,3142,17,0.97
9071,17667,18,0.64
9072,5547,11,0.94
9073,29387,11,0.41
9074,13124,18,0.71
9075,24540,3,0.59
9076,26233,7,0.6
9077,33593,16,0.01
9078,12080,11,0.02
9079,8443,9,0.88
9080,22269,19,0.85
9081,19272,9,0.77
9082,25256,19,0.66
9083,14566,13,1.0
9084,1935,12,0.48
9085,23708,1,0.12
9086,26908,13,0.39
9087,25761,4,0.61
9088,9868,14,0.02
9089,13880,10,0.31
9090,20515,8,0.51
9091,10329,18,0.84
9092,1215,5,0.84
9093,7827,12,0.19
9094,5122,1,0.17
9095,22283,10,0.97
9096,34265,13,0.07
9097,1098,14,0.18
9098,5934,5,0.72
9099,25124,13,0.19
9100,24683,10,0.32
9101,21757,6,0.18
9102,21574,19,0.16
9103,23093,4,0.53
9104,27112,4,0.07
9105,27983,9,0.54
9106,18844,19,0.33
9107,645,11,0.73
9108,6532,18,0.14
9109,20418,1,0.55
9110,6769,13,0.51
9111,13839,14,0.16
9112,5445,8,0.53
9113,17744,16,0.79
9114,26650,6,0.14
9115,2169,2,0.78
9116,14737,11,0.3
9117,33067,13,0.52
9118,15651,16,0.53
9119,34543,8,0.53
9120,28998,10,0.05
9121,20482,19,0.01
9122,12512,5,0.03
9123,31493,7,0.88
9124,14592,5,0.34
9125,3358,4,0.05
9126,33089,8,0.55
9127,27225,17,0.99
9128,3398,6,0.45
9129,12849,14,0.29
9130,13758,11,0.64
9131,13867,9,0.41
9132,23824,17,0.73
9133,16170,10,0.19
9134,7179,5,0.44
9135,10921,1,0.14
9136,33456,5,0.41
9137,8168,14,0.96
9138,31947,2,0.65
9139,20906,5,0.21
9140,11508,16,0.08
9141,6127,5,0.97
9142,21450,8,0.78
9143,16627,7,0.47
9144,13108,12,0.22
9145,15872,16,0.04
9146,14052,3,0.81
9147,33724,8,0.67
9148,10863,4,0.1
9149,27769,8,0.42
9150,14773,15,0.07
9151,7552,18,0.59
9152,6031,12,0.56
9153,31151,16,0.46
9154,15507,2,0.84
9155,3261,2,0.83
9156,14828,6,0.31
9157,32431,5,0.82
9158,13405,7,0.03
9159,599,5,0.28
9160,2532,10,0.59
9161,7632,5,0.23
9162,3086,13,0.44
9163,9965,14,0.28
9164,24246,1,0.92
9165,15167,4,0.98
9166,32513,12,0.17
9167,2141,2,0.81
9168,26754,9,0.56
9169,22096,18,1.0
9170,6616,12,0.08
9171,12620,3,0.36
9172,12484,11,0.06
9173,16751,8,0.71
9174,12959,10,0.63
9175,4360,13,0.53
9176,18200,17,0.86
9177,4961,19,0.86
9178,5476,13,0.66
9179,1588,14,0.36
9180,5305,3,0.6
9181,27890,10,0.84
9182,1803,3,0.56
9183,12315,15,0.04
9184,5529,10,0.63
9185,12660,1,0.32
9186,23587,6,0.94
9187,23129,10,0.18
9188,23039,19,0.57
9189,10937,16,0.93
9190,20222,11,0.85
9191,6500,1,0.83
9192,7927,19,0.45
9193,19230,19,0.15
9194,20746,2,0.02
9195,4769,17,0.62
9196,29810,19,0.89
9197,6584,3,0.42
9198,27630,8,0.05
9199,24331,12,0.49
9200,22367,6,0.4
9201,649,7,0.13
9202,11743,17,0.77
9203,26434,16,0.32
9204,17901,5,0.66
9205,24527,16,0.05
9206,14640,6,0.0
9207,12210,15,0.15
9208,12476,4,0.56
9209,27862,16,0.28
9210,34952,14,0.37
9211,4274,1,0.63
9212,24438,12,0.26
9213,27586,13,0.34
9214,10543,14,0.85
9215,21508,19,0.17
9216,395,11,0.36
9217,13772,16,0.13
9218,24311,17,0.71
9219,34536,8,0.11
9220,16116,10,0.71
9221,26885,7,0.12
9222,687,11,0.51
9223,8376,9,0.96
9224,7137,15,0.47
9225,9315,9,0.0
9226,6862,8,0.65
9227,17769,4,0.25
9228,6447,15,0.94
9229,29872,15,0.93
9230,14426,6,0.01
9231,26799,7,0.66
9232,33359,18,0.1
9233,5368,10,0.96
9234,29352,12,0.34
9235,5263,14,0.49
9236,20957,19,0.45
9237,23379,4,0.06
9238,1749,16,0.24
9239,29791,13,0.9
9240,6290,14,0.7
9241,2112,15,0.65
9242,28509,3,0.46
9243,6564,4,0.96
9244,31302,11,0.66
9245,5750,15,0.74
9246,28005,14,0.88
9247,11185,14,0.03
9248,9666,1,0.66
9249,33812,16,0.44
9250,13188,19,0.75
9251,31638,2,0.4
9252,24339,10,0.97
9253,5939,16,0.66
9254,2060,15,0.8
9255,34124,4,0.38
9256,24653,7,0.2
9257,33381,11,0.58
9258,16834,15,0.93
9259,23006,16,0.72
9260,6225,9,0.39
9261,13072,5,0.62
9262,12417,6,0.22
9263,17098,9,0.3
9264,16268,8,0.39
9265,5811,16,0.9
9266,29100,6,0.02
9267,13923,5,0.34
9268,21780,18,0.69
9269,21710,12,0.48
9270,7308,11,0.24
9271,32711,16,0.6
9272,26050,16,0.77
9273,27759,12,0.14
9274,18434,4,1.0
9275,14519,15,0.29
9276,15321,1,0.89
9277,6287,3,0.81
9278,547,6,0.21
9279,16307,19,0.75
9280,3096,6,0.24
9281,8547,9,0.31
9282,9369,6,0.29
9283,21434,19,0.39
9284,17120,7,0.96
9285,5183,15,0.35
9286,3042,13,0.83
9287,13984,1,0.85
9288,10090,6,0.25
9289,8154,13,0.53
9290,870,8,0.08
9291,24100,11,0.5
9292,9364,16,0.37
9293,21839,16,0.27
9294,25559,7,0.71
9295,28376,2,0.71
9296,26540,8,0.27
9297,19388,6,0.51
9298,33045,11,0.65
9299,9999,15,0.62
9300,32209,18,0.29
9301,14970,3,0.98
9302,2368,18,0.14
9303,30517,4,0.8
9304,24957,4,0.22
9305,1164,13,0.74
9306,20144,9,0.31
9307,21718,18,0.8
9308,1748,14,0.42
9309,8131,7,0.7
9310,17272,2,0.16
9311,20574,14,0.62
9312,15730,7,0.95
9313,23847,5,0.8
9314,16414,16,0.31
9315,34015,8,0.81
9316,1856,7,0.61
9317,18679,13,0.36
9318,148,6,0.86
9319,14448,5,0.77
9320,31159,8,0.3
9321,17316,7,0.07
9322,30423,1,0.37
9323,18583,18,0.09
9324,33986,1,0.44
9325,20592,18,0.61
9326,34613,7,0.74
9327,11449,3,0.35
9328,17229,18,0.2
9329,27110,16,0.61
9330,7448,6,0.05
9331,1463,11,0.46
9332,27071,9,0.76
9333,25550,19,0.57
9334,27263,15,0.9
9335,23565,18,0.34
9336,10058,14,0.04
9337,20246,9,0.63
9338,30840,9,0.66
9339,2994,5,0.56
9340,29457,5,0.16
9341,18240,15,0.5
9342,21853,19,0.07
9343,23725,19,0.47
9344,22607,18,0.5
9345,23537,14,0.65
9346,11886,16,0.13
9347,11734,5,0.69
9348,4175,3,0.66
9349,21310,7,0.37
9350,32743,3,0.2
9351,8658,1,0.25
9352,3688,8,0.78
9353,15360,17,0.16
9354,19662,6,0.49
9355,981,13,0.51
9356,22653,16,0.02
9357,23097,18,0.3
9358,8766,3,0.37
9359,679,16,0.55
9360,8540,5,0.83
9361,6634,6,0.06
9362,27698,3,0.96
9363,4885,8,0.72
9364,34876,9,0.86
9365,12603,18,0.26
9366,13211,12,0.72
9367,25813,12,0.26
9368,17574,12,0.84
9369,13363,3,0.93
9370,27739,15,0.47
9371,20750,9,0.23
9372,3499,8,0.95
9373,6731,11,0.66
9374,17940,8,0.92
9375,14924,7,0.71
9376,34381,15,0.58
9377,7942,1,0.76
9378,23611,17,0.38
9379,33845,13,0.85
9380,26163,12,0.76
9381,8532,12,0.42
9382,17900,12,0.9
9383,4638,9,0.66
9384,2443,5,0.49
9385,32074,3,0.9
9386,30533,18,0.23
9387,28741,16,0.9
9388,11511,12,0.95
9389,19424,9,0.74
9390,26287,1,0.84
9391,7386,13,0.13
9392,23548,1,0.74
9393,26067,13,0.89
9394,28055,12,0.68
9395,5188,11,0.22
9396,8373,9,0.05
9397,26700,8,0.62
9398,13700,2,0.93
9399,32344,7,0.6
9400,26086,1,0.77
9401,28087,13,0.73
9402,5698,18,0.54
9403,14802,12,0.18
9404,13183,6,0.91
9405,13883,4,0.4
9406,14825,15,0.04
9407,31335,6,0.78
9408,30880,15,0.01
9409,12077,5,0.93
9410,2793,11,0.1
9411,13192,10,0.87
9412,23289,17,0.27
9413,26622,16,0.43
9414,19870,5,0.36
9415,17353,15,0.4
9416,30285,7,0.9
9417,12767,8,0.25
9418,676,13,0.94
9419,34700,10,0.2
9420,15751,13,0.51
9421,889,9,0.2
9422,26863,15,0.59
9423,23430,3,1.0
9424,14044,14,0.23
9425,33709,13,0.47
9426,9744,2,0.02
9427,28173,15,0.96
9428,5049,9,0.39
9429,1040,18,0.64
9430,34065,12,0.13
9431,22451,14,0.62
9432,30898,15,0.46
9433,7775,2,0.32
9434,20908,19,0.9
9435,16795,12,0.17
9436,14221,19,0.4
9437,11245,4,0.59
9438,13950,5,0.74
9439,22406,9,0.86
9440,34863,4,0.95
9441,29598,11,0.58
9442,13833,19,0.73
9443,11855,13,0.72
9444,28102,17,0.36
9445,8239,10,0.2
9446,6925,12,0.9
9447,16964,8,0.95
9448,19360,18,0.91
9449,8495,4,0.42
9450,31498,9,0.32
9451,20224,7,0.92
9452,3970,17,0.7
9453,18376,5,0.42
9454,31492,17,0.83
9455,14915,17,0.34
9456,26763,3,0.44
9457,8709,14,0.89
9458,5040,5,0.28
9459,10464,13,0.89
9460,25629,8,0.21
9461,3999,1,0.23
9462,4059,3,0.3
9463,1748,11,0.85
9464,187,15,0.43
9465,3668,15,0.24
9466,23826,8,0.42
9467,17734,18,0.03
9468,25967,8,0.47
9469,19100,18,0.09
9470,19457,4,0.22
9471,26995,12,0.57
9472,21654,11,0.85
9473,11078,11,0.69
9474,12038,1,0.35
9475,30631,10,0.06
9476,1491,18,0.86
9477,30876,14,0.09
9478,31874,19,0.37
9479,2123,12,0.97
9480,18447,12,0.29
9481,17809,12,0.95
9482,27610,4,0.56
9483,7612,12,0.92
9484,30630,11,0.13
9485,23746,11,0.53
9486,26910,19,0.1
9487,32111,7,0.88
9488,21385,14,1.0
9489,9674,10,0.26
9490,31115,14,0.97
9491,7097,19,0.48
9492,34756,6,0.85
9493,32828,4,0.48
9494,6869,6,0.56
9495,19353,11,0.53
9496,32077,13,0.4
9497,21643,5,0.28
9498,19939,18,0.26
9499,19545,11,0.73
9500,14752,4,0.91
9501,19917,4,0.55
9502,27751,13,0.22
9503,16900,4,0.99
9504,3843,13,0.72
9505,29892,15,0.49
9506,23719,12,0.94
9507,6069,19,0.69
9508,8414,5,0.63
9509,25639,14,0.17
9510,28750,9,0.63
9511,31388,11,0.32
9512,10636,18,0.3
9513,31433,1,0.19
9514,28412,2,0.22
9515,10088,15,0.99
9516,544,19,0.88
9517,359,7,0.89
9518,22820,6,0.42
9519,28103,4,0.17
9520,20955,16,0.67
9521,16171,17,0.72
9522,23618,18,0.09
9523,4507,19,0.22
9524,31220,17,0.84
9525,34475,4,0.83
9526,27411,16,0.08
9527,25586,19,0.09
9528,28051,10,0.72
9529,25280,5,0.27
9530,4715,14,0.98
9531,2051,9,0.18
9532,8682,19,0.09
9533,27767,14,0.34
9534,18430,2,1.0
9535,28877,19,0.18
9536,7398,2,0.36
9537,20427,13,0.04
9538,14491,13,0.24
9539,24925,11,0.42
9540,28525,3,0.86
9541,4035,6,0.01
9542,22746,12,0.27
9543,9575,8,0.27
9544,5545,2,0.69
9545,4490,14,0.08
9546,10979,16,0.27
9547,14477,14,0.66
9548,2524,5,0.19
9549,8491,2,0.2
9550,14406,3,0.87
9551,15912,11,0.25
9552,27640,17,0.27
9553,21071,8,0.77
9554,17447,7,0.64
9555,18048,5,0.52
9556,21077,14,0.52
9557,31671,16,0.46
9558,7094,11,0.11
9559,8549,3,0.97
9560,27582,13,0.65
9561,3135,5,0.47
9562,6632,11,0.46
9563,19883,8,0.13
9564,11008,7,0.48
9565,2727,13,0.3
9566,8515,7,0.02
9567,1126,11,0.39
9568,9671,14,0.63
9569,192,18,0.36
9570,21338,8,0.24
9571,7967,12,0.59
9572,16679,13,0.24
9573,16954,19,0.6
9574,29712,16,0.93
9575,18618,9,0.49
9576,6533,10,0.73
9577,11563,16,0.71
9578,7256,14,0.9
9579,24950,17,0.03
9580,1784,7,0.23
9581,3233,2,0.45
9582,34361,1,0.17
9583,10133,4,0.2
9584,30760,6,0.49
9585,32079,14,0.21
9586,30135,18,0.09
9587,17261,18,0.42
9588,2020,2,0.89
9589,19348,9,0.94
9590,8847,3,0.26
9591,22847,19,0.14
9592,14346,11,0.56
9593,8769,19,0.23
9594,567,8,0.53
9595,24279,9,0.3
9596,31484,19,0.99
9597,14350,9,0.33
9598,20308,19,0.26
9599,10525,7,0.09
9600,27868,5,0.07
9601,1561,8,0.46
9602,34152,6,0.57
9603,580,8,0.63
9604,19156,1,0.01
9605,23452,6,0.93
9606,20771,8,0.01
9607,6752,4,0.46
9608,29211,10,0.76
9609,34137,3,0.76
9610,27645,10,0.45
9611,12312,6,0.33
9612,17519,12,0.84
9613,13849,8,0.86
9614,16418,2,0.47
9615,18573,11,0.63
9616,25904,14,0.89
9617,28070,14,0.29
9618,15001,9,0.29
9619,6485,12,0.54
9620,26622,9,0.82
9621,12133,8,0.19
9622,12110,8,0.57
9623,10407,12,0.85
9624,34392,19,0.87
9625,16051,1,0.07
9626,32773,16,0.68
9627,28672,9,0.55
9628,26874,2,0.75
9629,3339,15,0.62
9630,21659,15,0.36
9631,17110,16,0.92
9632,6705,8,0.76
9633,13189,5,0.55
9634,30156,8,0.63
9635,10021,7,0.8
9636,23229,10,0.22
9637,10799,14,0.49
9638,29183,17,0.5
9639,4210,11,0.86
9640,26021,10,0.13
9641,15568,9,0.49
9642,7031,13,0.39
9643,13029,8,0.2
9644,7721,5,0.34
9645,10443,4,0.77
9646,20691,16,0.21
9647,31299,9,0.28
9648,1890,5,0.39
9649,2584,14,0.58
9650,21494,8,0.2
9651,9296,6,0.57
9652,26504,4,0.41
9653,10568,3,0.96
9654,31239,5,0.47
9655,30238,14,0.3
9656,3011,8,0.24
9657,34279,12,0.28
9658,26782,12,0.4
9659,24347,9,0.29
9660,31646,1,0.22
9661,17128,13,0.06
9662,8795,2,0.96
9663,11851,18,0.47
9664,4484,8,0.15
9665,34525,5,0.06
9666,12594,17,0.33
9667,19084,13,0.69
9668,29083,19,0.22
9669,10632,9,0.64
9670,5966,17,0.6
9671,18088,19,0.6
9672,3223,8,0.21
9673,34726,9,0.35
9674,1681,7,0.65
9675,968,6,0.17
9676,27732,13,0.94
9677,21698,14,0.99
9678,3113,15,0.42
9679,2034,15,0.49
9680,19513,8,0.76
9681,2541,3,0.51
9682,11973,2,0.85
9683,13818,2,0.8
9684,28490,12,0.51
9685,7949,17,0.1
9686,9006,5,0.51
9687,15032,10,0.31
9688,24498,10,0.16
9689,18340,13,0.4
9690,7338,3,0.37
9691,4793,4,0.06
9692,32230,11,0.23
9693,19038,8,0.85
9694,18577,7,0.21
9695,627,7,0.26
9696,12297,15,0.08
9697,19513,15,0.64
9698,5303,14,0.7
9699,23417,10,0.86
9700,17872,7,0.29
9701,17534,2,0.03
9702,12174,16,0.62
9703,22986,12,0.25
9704,24946,14,0.22
9705,30314,6,0.63
9706,29088,15,0.91
9707,22615,16,0.33
9708,14892,5,0.71
9709,15326,11,0.51
9710,11928,2,0.86
9711,20024,8,0.36
9712,24708,5,0.7
9713,16322,16,0.34
9714,31347,6,0.33
9715,23906,1,0.36
9716,2862,11,0.19
9717,27923,7,0.77
9718,29597,2,0.14
9719,17765,2,0.39
9720,19062,9,0.07
9721,10002,11,0.86
9722,13745,13,0.62
9723,8701,15,0.02
9724,6152,15,0.7
9725,4160,13,0.85
9726,19983,18,0.13
9727,8524,8,0.68
9728,20667,12,0.24
9729,23038,12,0.26
9730,1266,17,0.56
9731,12018,10,0.88
9732,26098,17,0.54
9733,28147,4,0.55
9734,8936,17,0.49
9735,6427,4,0.71
9736,16543,11,0.1
9737,21538,1,0.32
9738,30548,15,0.33
9739,30383,11,0.47
9740,10470,16,0.64
9741,23183,1,0.56
9742,18307,10,0.52
9743,2671,4,0.54
9744,27036,11,0.09
9745,11626,18,0.55
9746,16254,8,0.18
9747,5196,7,0.0
9748,2570,13,0.4
9749,178,13,0.16
9750,3464,7,0.34
9751,24072,18,0.21
9752,16296,18,0.77
9753,22597,2,0.37
9754,28394,9,0.73
9755,1629,16,0.24
9756,23392,11,0.45
9757,12984,19,0.02
9758,2654,7,0.42
9759,25010,16,0.26
9760,9447,1,0.75
9761,8624,11,0.16
9762,4295,17,0.6
9763,20670,6,0.66
9764,25175,1,0.62
9765,23872,6,0.79
9766,6247,6,0.43
9767,22537,11,0.21
9768,3533,17,1.0
9769,9747,7,0.2
9770,30072,12,0.25
9771,28714,19,0.64
9772,27348,19,0.6
9773,3783,6,0.76
9774,31947,11,0.84
9775,22862,7,0.05
9776,9206,5,0.18
9777,1419,10,0.36
9778,27332,3,0.27
9779,26602,13,0.91
9780,28611,3,0.08
9781,7589,3,0.04
9782,21865,3,0.19
9783,31235,16,0.63
9784,23966,1,0.85
9785,5081,3,0.81
9786,18698,14,0.13
9787,9569,10,0.47
9788,33326,13,0.74
9789,3625,7,0.16
9790,1927,16,0.81
9791,32289,8,0.02
9792,3426,1,0.82
9793,26382,12,0.28
9794,74,11,0.03
9795,15507,9,0.87
9796,13173,17,0.17
9797,13584,2,0.77
9798,17172,3,0.56
9799,27727,7,0.73
9800,3765,18,0.24
9801,15689,18,0.8
9802,29077,7,0.44
9803,16200,7,0.62
9804,17563,11,0.67
9805,29232,2,0.28
9806,27903,9,0.55
9807,2071,18,0.93
9808,12930,2,0.16
9809,13263,16,0.35
9810,14456,1,0.16
9811,28062,17,0.57
9812,28447,12,0.44
9813,20482,3,0.86
9814,5439,10,0.66
9815,31471,5,0.42
9816,1877,7,0.16
9817,24534,9,0.96
9818,20802,6,0.7
9819,13393,12,0.73
9820,34176,18,0.71
9821,34430,9,0.37
9822,18555,9,0.71
9823,7056,19,0.64
9824,17971,3,0.63
9825,13747,3,0.93
9826,24462,7,0.74
9827,28685,15,0.39
9828,32419,19,0.18
9829,17750,14,0.25
9830,5275,4,0.75
9831,30430,4,0.62
9832,3789,11,0.83
9833,20690,15,0.35
9834,5901,12,0.15
9835,10293,19,0.46
9836,2715,4,0.57
9837,28829,8,0.64
9838,24412,11,0.4
9839,17605,11,0.84
9840,8812,16,0.68
9841,8696,1,0.23
9842,5947,5,0.11
9843,34780,5,0.87
9844,33168,9,0.86
9845,34668,7,0.82
9846,25406,18,0.1
9847,5560,5,0.0
9848,29468,12,0.15
9849,3008,8,0.92
9850,4797,8,0.95
9851,31469,6,0.19
9852,19586,3,0.64
9853,20158,8,0.04
9854,10870,8,0.14
9855,18702,1,0.33
9856,12717,16,0.59
9857,1485,1,0.56
9858,25990,8,0.36
9859,29341,11,0.53
9860,27287,13,0.63
9861,34071,18,0.07
9862,14460,15,0.38
9863,29706,15,0.03
9864,5423,4,0.55
9865,7526,6,0.13
9866,30227,18,0.57
9867,20209,17,0.09
9868,15299,9,0.49
9869,738,3,0.03
9870,5333,2,0.65
9871,1896,4,0.33
9872,19865,12,0.23
9873,25219,9,0.09
9874,25056,6,0.34
9875,21075,14,0.7
9876,6248,19,0.26
9877,31842,1,0.69
9878,28196,15,0.61
9879,34454,17,0.12
9880,8158,14,0.05
9881,17045,15,0.93
9882,3311,12,0.32
9883,20916,12,0.28
9884,32536,8,0.18
9885,34192,11,0.3
9886,16379,14,0.02
9887,15656,18,0.12
9888,15671,17,0.19
9889,4287,8,0.85
9890,5990,9,0.11
9891,28115,4,0.38
9892,19715,6,0.91
9893,12804,4,0.99
9894,33828,7,0.15
9895,11322,3,0.18
9896,25045,11,0.0
9897,15377,18,0.81
9898,29967,18,0.38
9899,11508,8,0.33
9900,14598,4,0.4
9901,519,1,0.94
9902,30117,16,0.26
9903,9048,14,0.57
9904,24388,5,0.96
9905,28726,12,0.64
9906,7424,2,0.32
9907,1457,1,0.45
9908,24137,2,0.11
9909,17318,14,0.31
9910,26017,9,0.6
9911,22756,18,0.94
9912,4368,15,0.11
9913,3916,1,0.94
9914,28103,1,0.19
9915,8897,16,0.48
9916,16341,4,0.81
9917,7930,15,0.27
9918,816,10,0.07
9919,18963,9,0.69
9920,30648,10,0.0
9921,32660,1,0.14
9922,18209,15,0.6
9923,25465,7,0.69
9924,7787,18,0.49
9925,3233,2,0.59
9926,19765,18,0.34
9927,17712,1,0.11
9928,32511,13,0.49
9929,25826,19,0.85
9930,21702,4,0.61
9931,7777,19,0.01
9932,22509,2,0.74
9933,29043,16,0.4
9934,19732,4,0.86
9935,3167,17,0.82
9936,28800,19,0.43
9937,19348,9,0.72
9938,12528,7,0.54
9939,11628,5,0.45
9940,16217,14,0.48
9941,6529,18,0.82
9942,8256,5,0.54
9943,21174,1,0.1
9944,26455,14,0.0
9945,22975,18,0.65
9946,5257,9,0.94
9947,3537,6,0.66
9948,30311,9,0.23
9949,7133,8,0.31
9950,14253,1,0.73
9951,1164,17,0.09
9952,9962,12,0.41
9953,10493,8,0.68
9954,21391,6,0.43
9955,29429,13,0.34
9956,25665,11,0.54
9957,1744,17,0.33
9958,2531,18,0.09
9959,7236,17,0.35
9960,8380,9,0.41
9961,20054,4,0.88
9962,9183,18,0.63
9963,11384,2,0.5
9964,22538,7,0.44
9965,19022,15,0.0
9966,33030,16,0.01
9967,21909,14,0.25
9968,22424,13,0.73
9969,11726,10,0.53
9970,10968,1,0.14
9971,25255,8,0.31
9972,27537,5,0.02
9973,4494,13,0.24
9974,21910,15,0.4
9975,9622,5,0.7
9976,23538,17,0.7
9977,17953,15,0.29
9978,9687,12,0.2
9979,6723,16,0.01
9980,9109,2,0.6
9981,21857,8,0.78
9982,12536,4,0.39
9983,2371,6,0.7
9984,30260,12,0.74
9985,17799,13,0.51
9986,5278,14,0.92
9987,7872,2,0.14
9988,10490,19,0.26
9989,26196,18,0.91
9990,10500,1,0.32
9991,427,16,0.23
9992,18598,7,0.42
9993,12611,13,0.32
9994,14902,6,0.94
9995,3077,17,0.18
9996,18256,14,0.52
9997,13971,4,0.41
9998,28903,2,0.84
9999,11869,6,0.34
10000,8327,18,0.27
10001,24677,13,0.45
10002,23323,10,0.47
10003,10905,3,0.03
10004,3700,4,0.4
10005,28128,11,0.66
10006,2346,13,0.26
10007,5906,8,0.18
10008,27362,7,0.34
10009,4951,7,0.94
10010,479,14,0.44
10011,30924,7,0.87
10012,26701,16,0.25
10013,34609,7,0.08
10014,11191,18,0.02
10015,6236,4,0.36
10016,31006,6,0.49
10017,930,18,0.79
10018,5591,18,0.72
10019,7420,9,0.66
10020,14514,13,0.87
10021,17524,14,0.21
10022,12861,3,0.89
10023,15007,19,0.27
10024,11977,9,0.61
10025,29141,2,0.79
10026,30841,16,0.27
10027,2894,2,0.61
10028,15197,7,0.85
10029,10738,7,0.39
10030,24900,5,0.66
10031,30036,15,0.94
10032,4463,17,0.44
10033,33590,17,0.59
10034,25733,1,0.49
10035,2335,15,0.32
10036,30038,7,0.16
10037,31999,18,0.61
10038,30588,14,0.47
10039,23601,11,0.03
10040,29102,9,0.19
10041,31598,16,0.69
10042,16299,10,0.58
10043,25339,9,0.27
10044,13317,19,0.49
10045,2913,7,0.04
10046,6206,3,0.23
10047,15964,10,0.55
10048,10702,13,0.0
10049,12444,6,0.38
10050,18168,12,0.82
10051,30626,5,0.85
10052,8345,19,0.69
10053,4406,12,0.83
10054,23719,6,0.06
10055,10189,9,0.62
10056,26569,8,0.45
10057,5257,18,0.19
10058,34792,4,0.65
10059,5329,4,0.23
10060,20198,14,0.38
10061,13943,6,0.11
10062,15295,2,0.61
10063,33684,18,0.83
10064,5829,12,0.96
10065,809,12,0.16
10066,13862,18,0.06
10067,15371,16,0.53
10068,9374,13,0.17
10069,20699,18,0.75
10070,6124,6,0.06
10071,32295,13,0.95
10072,30091,6,0.1
10073,13762,10,0.1
10074,9751,7,0.53
10075,23546,11,0.68
10076,15593,15,0.37
10077,2200,18,0.73
10078,28345,9,0.23
10079,19491,8,0.89
10080,20134,15,0.01
10081,30777,4,0.07
10082,2940,13,0.29
10083,16560,8,0.8
10084,7308,13,0.46
10085,12001,13,0.16
10086,7566,13,0.72
10087,28689,2,0.13
10088,7466,12,0.63
10089,24491,17,0.81
10090,26068,15,0.76
10091,14514,3,0.89
10092,22092,13,0.94
10093,16340,3,0.99
10094,21908,5,0.67
10095,24169,16,0.83
10096,34215,12,0.18
10097,11352,19,0.52
10098,24019,12,0.3
10099,2332,16,0.32
10100,14661,3,0.73
10101,12316,4,0.07
10102,22575,9,0.67
10103,25879,18,0.81
10104,32797,8,0.29
10105,32017,6,0.16
10106,34163,5,0.57
10107,2426,17,0.91
10108,1908,7,0.48
10109,9446,8,0.75
10110,31196,18,0.37
10111,4177,13,0.68
10112,3291,13,0.16
10113,24899,15,0.98
10114,6440,5,0.81
10115,31691,5,0.76
10116,17401,6,0.27
10117,34978,5,0.76
10118,13503,14,0.18
10119,17365,1,0.12
10120,12840,10,0.69
10121,9365,7,0.35
10122,21315,7,0.76
10123,22616,7,0.94
10124,22300,8,0.01
10125,1116,8,0.5
10126,5487,7,0.21
10127,2301,19,0.78
10128,18148,1,0.26
10129,7054,4,0.29
10130,13324,19,0.35
10131,33624,14,0.22
10132,2888,11,0.41
10133,1277,9,0.48
10134,11836,17,0.44
10135,33161,19,1.0
10136,15909,4,0.13
10137,26441,3,0.23
10138,21198,9,0.54
10139,13684,2,0.33
10140,5703,14,0.4
10141,2532,18,0.77
10142,30718,2,0.45
10143,29156,14,0.92
10144,6911,17,0.74
10145,33075,17,0.67
10146,12900,6,0.69
10147,24141,5,0.52
10148,17331,17,0.66
10149,31185,9,0.24
10150,13192,5,0.56
10151,13018,14,0.13
10152,12068,1,0.87
10153,3996,14,0.04
10154,6633,19,0.25
10155,21565,6,0.07
10156,23457,13,0.25
10157,33702,10,0.23
10158,26507,7,0.01
10159,16411,18,0.8
10160,29693,1,0.03
10161,16664,1,0.2
10162,4188,5,0.78
10163,865,11,0.9
10164,31064,1,0.0
10165,10468,14,0.58
10166,15828,16,0.95
10167,17543,2,0.05
10168,34332,1,0.19
10169,9802,17,0.29
10170,7716,2,0.73
10171,5184,3,0.13
10172,33617,1,0.17
10173,15230,11,0.86
10174,30592,6,0.96
10175,6794,5,0.0
10176,2289,3,0.17
10177,29966,7,0.58
10178,1153,16,0.12
10179,32487,10,0.93
10180,8437,8,0.36
10181,1509,18,0.22
10182,25594,19,0.81
10183,520,15,0.91
10184,19162,5,0.98
10185,14966,15,0.16
10186,21644,5,0.07
10187,13698,16,0.71
10188,4130,13,0.11
10189,2911,17,0.69
10190,25206,6,0.42
10191,14495,17,0.35
10192,7556,15,0.53
10193,34026,5,0.86
10194,20277,11,0.86
10195,5703,12,0.62
10196,26839,4,0.24
10197,15312,7,0.09
10198,13152,3,0.77
10199,26223,13,0.05
10200,10545,17,0.13
10201,8864,8,0.93
10202,12890,4,0.59
10203,159,11,0.69
10204,7891,14,0.42
10205,23689,16,0.18
10206,3108,5,0.27
10207,17186,9,0.79
10208,30257,9,0.01
10209,27964,18,0.4
10210,21438,12,0.01
10211,13952,6,0.37
10212,29090,18,0.35
10213,26438,10,0.4
10214,28356,13,0.06
10215,34424,14,0.29
10216,33578,3,0.68
10217,19378,6,0.83
10218,26753,2,0.03
10219,32472,2,0.84
10220,1371,10,0.24
10221,26071,10,0.58
10222,4234,7,0.49
10223,2876,11,0.22
10224,25670,19,0.78
10225,6945,1,0.04
10226,30083,9,0.47
10227,9822,6,0.96
10228,31786,7,0.6
10229,9050,3,0.31
10230,16367,18,0.54
10231,15073,2,0.37
10232,13436,1,0.9
10233,17946,9,0.68
10234,1625,6,0.85
10235,23178,11,0.48
10236,22874,9,0.37
10237,6662,7,0.75
10238,2546,5,0.48
10239,5235,5,0.51
10240,13045,10,0.81
10241,13494,17,0.94
10242,27120,13,0.14
10243,17207,11,0.41
10244,28373,19,0.32
10245,15014,19,0.88
10246,2054,19,0.88
10247,27594,6,0.81
10248,5057,11,0.28
10249,30536,4,0.26
10250,7681,7,0.63
10251,11910,12,0.38
10252,11946,19,0.08
10253,23828,18,0.91
10254,1025,6,0.17
10255,3078,17,0.64
10256,171,7,0.34
10257,10273,3,0.7
10258,27574,2,0.1
10259,23827,7,0.34
10260,21977,9,0.12
10261,16508,1,0.84
10262,21067,13,0.54
10263,23155,5,0.36
10264,32031,15,0.83
10265,2552,13,0.41
10266,10029,18,0.56
10267,19212,11,0.24
10268,23322,10,0.81
10269,18653,8,0.57
10270,5297,7,0.63
10271,26306,9,0.31
10272,25086,12,0.73
10273,10478,16,0.03
10274,27233,1,0.04
10275,22464,19,0.5
10276,22710,13,0.75
10277,18213,17,0.68
10278,20304,1,0.11
10279,2615,9,0.01
10280,31574,3,0.16
10281,21489,5,0.64
10282,25533,6,0.12
10283,19034,11,0.76
10284,19078,5,0.37
10285,28558,12,0.02
10286,7459,19,0.06
10287,12947,18,0.37
10288,8731,9,1.0
10289,28854,17,0.29
10290,28407,1,0.33
10291,15856,18,0.5
10292,30936,18,0.43
10293,33718,7,0.55
10294,32573,2,0.15
10295,15351,11,0.14
10296,12749,11,0.57
10297,23972,11,0.05
10298,801,14,0.45
10299,26409,6,0.66
10300,3241,3,0.14
10301,9560,10,0.65
10302,9005,18,0.11
10303,29619,1,0.67
10304,6733,2,0.14
10305,860,1,0.29
10306,11242,2,0.25
10307,9539,6,0.93
10308,9202,12,0.69
10309,30434,3,0.36
10310,18191,4,0.82
10311,1245,2,0.14
10312,634,4,0.34
10313,34866,7,0.0
10314,33246,4,0.15
10315,12784,3,0.23
10316,29851,4,0.19
10317,14705,14,0.56
10318,8258,7,0.55
10319,6471,5,0.28
10320,22085,13,0.55
10321,1674,19,0.99
10322,23606,17,0.21
10323,32243,19,0.02
10324,33803,11,0.88
10325,6829,14,0.76
10326,23981,7,0.18
10327,31725,7,0.45
10328,5620,2,0.64
10329,20807,11,0.24
10330,13043,14,0.57
10331,15411,7,0.43
10332,25679,9,0.88
10333,1472,19,0.09
10334,1154,17,0.33
10335,13819,5,0.65
10336,27194,4,0.61
10337,8083,4,0.63
10338,9267,12,0.78
10339,14818,4,0.04
10340,21113,10,0.63
10341,25360,15,0.74
10342,15827,2,0.81
10343,15361,17,0.62
10344,18071,10,0.18
10345,15909,14,0.88
10346,33282,4,0.18
10347,11696,17,0.83
10348,25380,7,0.16
10349,29271,15,0.15
10350,30500,16,0.76
10351,30858,12,0.05
10352,20677,3,0.25
10353,23143,11,0.57
10354,5359,15,0.84
10355,18403,6,0.63
10356,9107,4,0.27
10357,9314,15,0.77
10358,23920,2,0.56
10359,17056,12,0.96
10360,19328,3,0.88
10361,12109,19,0.94
10362,6998,5,0.65
10363,8540,12,0.56
10364,1140,11,0.95
10365,19146,19,0.1
10366,34200,15,0.22
10367,4063,7,0.23
10368,28042,8,0.16
10369,34141,3,0.52
10370,8535,10,0.18
10371,16838,11,0.27
10372,9248,8,0.6
10373,14777,11,0.28
10374,21151,17,0.44
10375,31524,10,0.25
10376,28795,14,0.26
10377,4121,15,0.15
10378,7113,9,0.31
10379,21384,2,0.83
10380,1079,5,0.52
10381,30793,19,0.26
10382,19166,4,0.66
10383,20182,14,0.97
10384,19,7,0.45
10385,33240,8,0.66
10386,25835,9,0.85
10387,12629,8,0.99
10388,18268,5,0.01
10389,14199,12,0.27
10390,8125,13,0.8
10391,12134,6,0.88
10392,7410,16,0.12
10393,6053,3,0.36
10394,9142,13,0.71
10395,13778,19,0.9
10396,26835,7,0.09
10397,18345,4,0.45
10398,10951,3,0.05
10399,10240,15,0.08
10400,2152,17,0.86
10401,9026,18,0.49
10402,17893,8,0.21
10403,11824,13,0.24
10404,13837,10,0.01
10405,20963,5,0.4
10406,11905,16,0.95
10407,31215,2,0.49
10408,11265,6,0.02
10409,27216,6,0.77
10410,20633,18,0.72
10411,21093,8,0.37
10412,3354,8,0.32
10413,4752,15,0.0
10414,2399,7,0.37
10415,18769,14,0.94
10416,34991,4,0.9
10417,24992,8,0.72
10418,10174,14,0.56
10419,16252,19,0.81
10420,16449,6,0.24
10421,22681,14,0.1
10422,28464,18,0.39
10423,31642,9,1.0
10424,4144,5,0.51
10425,22585,13,0.54
10426,7938,14,0.99
10427,1481,17,0.29
10428,21107,2,0.22
10429,296,6,0.5
10430,33056,7,0.82
10431,5063,10,0.34
10432,33850,12,0.24
10433,13077,5,0.68
10434,25651,5,0.46
10435,7169,18,0.96
10436,21973,2,0.16
10437,8799,14,0.41
10438,10416,5,0.48
10439,19925,5,0.13
10440,26201,13,0.59
10441,21085,7,0.66
10442,16029,9,0.81
10443,32265,15,0.99
10444,9881,13,0.35
10445,32371,8,0.91
10446,6413,7,0.93
10447,11426,13,0.55
10448,8482,8,0.72
10449,27223,8,0.03
10450,10009,7,0.53
10451,20631,8,0.65
10452,31637,15,0.95
10453,24250,4,0.33
10454,25041,9,0.42
10455,23792,17,0.02
10456,18314,17,0.87
10457,33706,4,0.32
10458,17660,18,0.24
10459,29938,10,0.08
10460,27224,2,0.86
10461,24507,8,0.57
10462,4637,1,0.49
10463,10420,10,0.11
10464,11936,8,0.84
10465,26825,12,0.95
10466,6854,2,0.22
10467,4175,2,0.76
10468,8420,19,0.85
10469,26692,10,0.29
10470,26624,1,0.79
10471,17331,2,0.07
10472,27945,17,0.66
10473,9902,7,0.26
10474,34840,8,0.87
10475,24873,8,0.91
10476,4440,17,0.54
10477,11531,13,0.19
10478,33205,8,0.4
10479,804,10,0.59
10480,26564,10,0.22
10481,4639,18,0.78
10482,12851,4,0.78
10483,27358,8,0.33
10484,34636,10,0.63
10485,21852,9,0.42
10486,301,7,0.12
10487,3176,6,0.67
10488,7586,17,0.64
10489,3733,3,0.47
10490,30532,16,0.84
10491,28864,18,0.21
10492,31024,9,0.99
10493,4981,7,0.78
10494,28419,15,0.58
10495,25206,7,0.75
10496,20666,5,0.04
10497,32415,16,0.58
10498,6589,15,0.7
10499,19124,13,0.15
10500,17571,8,0.37
10501,18318,2,0.2
10502,29524,6,0.81
10503,10995,10,0.2
10504,7246,4,0.5
10505,25043,16,0.68
10506,28696,10,0.01
10507,426,18,0.28
10508,6475,4,0.66
10509,9195,7,0.86
10510,28656,19,0.37
10511,20019,16,0.73
10512,2139,10,0.38
10513,10110,18,0.43
10514,10802,9,0.34
10515,27228,1,0.99
10516,20892,6,0.88
10517,3900,6,0.43
10518,26165,19,0.53
10519,16281,16,0.76
10520,27939,5,0.99
10521,20913,7,0.77
10522,12918,16,0.68
10523,30431,18,0.26
10524,14758,12,0.53
10525,33301,3,0.62
10526,8018,12,0.96
10527,25047,14,0.49
10528,32073,7,0.15
10529,15347,17,0.53
10530,22785,17,0.75
10531,22151,16,0.51
10532,21903,7,0.38
10533,21066,7,0.73
10534,13714,4,0.16
10535,16905,10,0.23
10536,27903,8,0.46
10537,1800,8,0.41
10538,34153,7,0.42
10539,34606,17,0.2
10540,22012,10,0.03
10541,6686,5,0.36
10542,6791,17,0.49
10543,9266,12,0.16
10544,13927,9,0.2
10545,31551,6,0.55
10546,17703,9,0.81
10547,8420,9,0.14
10548,18982,19,0.03
10549,34185,5,0.53
10550,27099,17,0.33
10551,32441,10,0.29
10552,10668,9,0.92
10553,26205,14,0.53
10554,22785,15,0.55
10555,4066,15,0.34
10556,29778,15,0.49
10557,6523,10,0.78
10558,2439,18,0.64
10559,30169,17,0.19
10560,18194,17,0.14
10561,24599,11,0.56
10562,32616,17,0.32
10563,34604,7,0.1
10564,14645,3,0.21
10565,11893,5,0.33
10566,3924,12,0.19
10567,23312,10,0.84
10568,16848,17,0.51
10569,24588,10,0.44
10570,18072,13,0.6
10571,13752,19,0.58
10572,3873,17,0.77
10573,7529,13,0.83
10574,22469,11,0.87
10575,9088,11,0.33
10576,32373,14,0.31
10577,22743,13,0.3
10578,23395,1,0.98
10579,9663,17,0.65
10580,10843,12,0.12
10581,9641,2,0.28
10582,12048,8,0.91
10583,16630,15,0.12
10584,21424,13,0.83
10585,20295,16,0.25
10586,33540,14,0.2
10587,20259,8,0.23
10588,2129,19,0.66
10589,3802,12,0.76
10590,27968,10,0.68
10591,14976,14,0.59
10592,33954,4,0.15
10593,21247,14,0.99
10594,24694,5,0.37
10595,223,11,0.21
10596,10576,19,0.97
10597,3820,1,0.19
10598,14366,12,0.64
10599,10419,8,0.75
10600,32519,10,0.21
10601,11197,3,0.94
10602,13465,7,0.69
10603,12544,15,0.7
10604,9633,5,0.08
10605,20755,11,0.31
10606,29250,7,0.64
10607,33491,6,0.61
10608,8394,7,0.01
10609,18092,11,0.07
10610,33527,3,0.63
10611,32301,17,0.31
10612,8946,11,0.1
10613,15489,13,0.16
10614,3035,14,0.46
10615,17292,12,0.29
10616,13943,4,0.94
10617,16834,3,0.5
10618,19685,4,0.27
10619,1725,9,0.84
10620,23199,3,0.46
10621,12139,10,0.65
10622,5134,3,0.86
10623,21796,3,0.88
10624,16704,4,0.1
10625,5659,11,0.42
10626,7266,15,0.94
10627,32710,19,0.15
10628,13522,10,0.49
10629,17796,16,0.05
10630,28814,8,0.18
10631,11351,4,0.41
10632,14070,8,0.29
10633,16973,14,0.23
10634,16267,9,0.22
10635,24538,14,0.16
10636,29171,9,0.52
10637,19910,5,0.72
10638,30597,7,0.95
10639,12039,1,0.06
10640,25744,2,0.58
10641,20151,4,0.42
10642,17309,18,0.9
10643,15135,2,0.83
10644,28759,12,0.48
10645,2299,6,0.92
10646,453,1,0.34
10647,31984,2,0.19
10648,12777,7,0.38
10649,8870,9,0.15
10650,19068,13,0.77
10651,28961,2,0.36
10652,24246,12,0.96
10653,2479,14,0.98
10654,9496,12,0.31
10655,30875,5,0.66
10656,13291,19,0.77
10657,19349,2,0.51
10658,27116,8,0.05
10659,25851,14,0.24
10660,3119,1,0.81
10661,16662,10,0.85
10662,25351,10,0.57
10663,19222,11,0.58
10664,24944,5,0.66
10665,18398,7,0.28
10666,34592,15,0.11
10667,18166,18,0.4
10668,32758,3,0.68
10669,20841,15,0.72
10670,24207,14,0.89
10671,24858,14,0.74
10672,16413,15,0.0
10673,29925,13,0.54
10674,17983,1,0.88
10675,18768,3,0.27
10676,29491,10,0.41
10677,15271,15,0.1
10678,15353,4,0.46
10679,14194,5,0.71
10680,20119,5,0.42
10681,13099,17,0.14
10682,22874,13,0.13
10683,29535,4,0.93
10684,4,10,0.98
10685,27996,15,0.53
10686,17111,4,0.22
10687,12929,9,0.28
10688,11009,17,0.46
10689,13003,10,0.19
10690,26713,11,0.44
10691,18312,4,0.27
10692,30191,11,0.75
10693,1494,3,0.01
10694,22635,7,0.18
10695,13529,5,0.13
10696,14204,7,0.86
10697,8399,10,0.73
10698,13009,16,0.83
10699,2455,10,0.39
10700,8897,3,0.32
10701,5128,4,0.83
10702,17674,7,0.83
10703,16660,2,0.31
10704,636,9,0.64
10705,28971,5,0.56
10706,12541,19,0.28
10707,14903,19,0.98
10708,350,13,0.28
10709,28490,12,0.27
10710,4340,16,0.56
10711,2135,1,0.45
10712,15046,5,0.76
10713,280,10,0.45
10714,435,14,0.4
10715,15079,11,0.6
10716,10477,12,0.11
10717,25788,11,0.43
10718,30123,15,0.34
10719,13652,8,0.11
10720,3036,10,0.68
10721,2903,17,0.76
10722,11589,5,0.55
10723,12914,14,0.42
10724,12542,14,0.39
10725,3399,11,0.88
10726,23065,19,0.74
10727,25133,2,0.29
10728,18249,9,0.29
10729,23520,14,0.92
10730,30767,11,0.84
10731,33520,18,0.84
10732,32096,1,0.78
10733,20528,6,0.2
10734,31792,12,0.42
10735,30023,10,0.53
10736,22186,16,0.78
10737,32090,12,0.38
10738,26001,17,0.47
10739,2640,1,0.64
10740,15129,6,0.27
10741,18472,10,0.07
10742,17383,9,0.48
10743,25429,9,0.81
10744,28,1,0.37
10745,9641,1,0.56
10746,32561,16,0.88
10747,18427,2,0.08
10748,21730,13,0.74
10749,31421,16,0.24
10750,23723,17,0.95
10751,14349,16,0.5
10752,27077,6,0.14
10753,183,17,0.92
10754,5384,3,0.11
10755,18679,10,0.02
10756,4328,12,0.62
10757,839,1,0.4
10758,24519,14,0.34
10759,5872,13,0.29
10760,5421,10,1.0
10761,17335,14,0.82
10762,9535,8,0.9
10763,13561,9,0.44
10764,22347,4,0.86
10765,4261,15,0.14
10766,30583,6,0.93
10767,34630,9,0.04
10768,7744,17,0.95
10769,21428,15,0.26
10770,2288,18,0.28
10771,18587,15,0.42
10772,7557,12,0.01
10773,24320,1,0.08
10774,33011,12,0.73
10775,30319,5,0.05
10776,29144,3,0.0
10777,5448,4,0.96
10778,29195,17,0.31
10779,32806,5,0.55
10780,14238,17,0.11
10781,10302,11,0.22
10782,10734,6,0.29
10783,15958,9,0.61
10784,9972,11,0.32
10785,26764,10,0.57
10786,3264,2,0.91
10787,2356,8,0.47
10788,2511,12,0.71
10789,18,15,0.38
10790,19445,18,0.38
10791,22423,12,0.58
10792,2770,4,0.78
10793,9898,17,0.74
10794,19550,14,0.78
10795,23036,10,0.18
10796,24001,17,0.3
10797,19694,12,0.52
10798,14642,17,0.22
10799,8431,11,0.25
10800,11000,17,0.39
10801,20924,5,0.64
10802,26607,19,0.68
10803,20653,18,0.89
10804,8893,18,0.47
10805,4851,4,0.65
10806,13997,3,0.6
10807,34196,1,0.11
10808,20712,5,0.48
10809,5367,9,0.17
10810,26254,13,0.36
10811,13602,15,0.83
10812,27029,9,0.8
10813,18742,3,0.6
10814,4629,15,0.29
10815,20857,2,0.75
10816,29968,4,0.39
10817,26297,9,0.58
10818,28585,14,0.45
10819,19918,10,0.04
10820,8595,3,0.34
10821,4918,12,0.58
10822,28525,11,0.64
10823,21508,4,0.68
10824,31300,19,0.65
10825,11026,5,0.84
10826,2792,6,0.61
10827,5891,17,0.03
10828,17144,6,0.58
10829,30721,17,0.34
10830,26402,10,0.8
10831,10172,18,0.7
10832,412,16,0.84
10833,8318,18,0.57
10834,7110,15,0.42
10835,19618,15,0.18
10836,16175,9,0.71
10837,30237,14,0.79
10838,23858,2,0.31
10839,6493,19,0.86
10840,22116,15,0.69
10841,10828,14,0.48
10842,30882,13,0.01
10843,18204,10,0.4
10844,1442,1,0.98
10845,18396,6,0.08
10846,8305,3,0.07
10847,8383,2,0.35
10848,18336,19,0.34
10849,27469,15,0.84
10850,28536,8,0.72
10851,30597,5,0.66
10852,8753,15,0.19
10853,1792,13,0.16
10854,54,9,0.01
10855,15802,9,0.33
10856,32222,19,0.96
10857,17950,16,0.98
10858,3332,14,0.03
10859,13383,1,0.18
10860,15980,9,0.01
10861,29090,7,0.89
10862,12832,4,0.06
10863,14602,5,0.57
10864,28650,1,0.49
10865,11004,10,0.68
10866,790,11,0.23
10867,29816,7,0.14
10868,31543,10,0.54
10869,4861,12,0.17
10870,17613,4,0.53
10871,15710,4,0.77
10872,9325,3,0.69
10873,18869,19,0.01
10874,3317,17,0.73
10875,28482,15,0.69
10876,16022,1,0.91
10877,28486,2,0.14
10878,730,8,0.08
10879,31323,12,0.84
10880,1999,4,0.45
10881,497,1,0.42
10882,1768,3,0.93
10883,26821,15,0.83
10884,30826,4,0.85
10885,24144,17,0.53
10886,12441,14,0.94
10887,34549,14,0.23
10888,376,4,0.04
10889,19983,9,0.18
10890,15676,10,0.61
10891,14368,10,0.04
10892,6356,4,0.91
10893,25370,12,0.37
10894,5079,7,0.66
10895,6823,9,0.75
10896,12597,12,0.67
10897,8872,15,0.21
10898,33519,8,0.12
10899,15259,12,0.79
10900,32304,6,0.87
10901,5133,3,0.78
10902,18149,12,0.05
10903,19238,14,0.25
10904,8324,10,0.68
10905,27166,13,0.36
10906,8958,15,0.16
10907,731,12,0.21
10908,21219,19,0.87
10909,22626,19,0.22
10910,9779,2,0.51
10911,10458,8,0.25
10912,1040,14,0.92
10913,30739,14,0.74
10914,21299,14,0.66
10915,13658,10,0.07
10916,9783,6,0.72
10917,21622,8,0.23
10918,456,7,0.38
10919,27347,4,0.64
10920,29094,2,0.94
10921,27116,1,0.45
10922,29547,3,0.85
10923,14846,11,0.91
10924,19014,5,0.01
10925,15849,13,0.82
10926,25398,7,0.6
10927,14145,10,0.92
10928,18826,13,0.93
10929,26597,18,0.28
10930,3466,15,0.55
10931,24623,16,0.71
10932,2892,10,0.5
10933,19837,16,0.44
10934,29489,7,0.61
10935,18255,15,0.33
10936,32144,4,0.47
10937,17010,15,0.95
10938,31890,17,0.25
10939,5161,12,0.67
10940,3194,7,0.04
10941,19623,18,0.96
10942,28203,17,0.43
10943,27098,11,0.61
10944,16203,1,0.48
10945,22167,9,0.56
10946,15742,8,0.41
10947,11468,17,0.71
10948,23898,16,0.91
10949,16766,13,0.24
10950,8710,5,0.49
10951,28314,6,0.57
10952,17611,15,0.41
10953,23106,17,0.07
10954,3349,13,0.39
10955,31861,13,0.92
10956,11665,17,0.36
10957,33900,17,0.87
10958,7610,11,0.11
10959,29394,4,0.48
10960,26119,5,0.89
10961,30283,8,0.56
10962,32670,7,0.0
10963,20422,14,0.15
10964,29070,13,0.23
10965,8767,4,0.32
10966,29299,3,0.34
10967,4754,8,0.15
10968,33531,15,0.48
10969,22019,16,0.43
10970,3735,1,0.85
10971,10627,7,0.83
10972,2623,7,0.12
10973,2951,2,0.99
10974,20274,15,0.63
10975,25921,19,0.5
10976,18213,1,0.26
10977,14537,10,0.95
10978,21288,10,0.3
10979,33022,3,0.63
10980,8149,17,0.62
10981,15292,2,0.52
10982,10589,4,0.07
10983,34995,15,0.87
10984,13759,2,0.9
10985,11809,2,0.54
10986,23372,14,0.62
10987,21147,18,0.87
10988,11590,19,0.26
10989,2716,7,0.62
10990,30092,3,0.18
10991,29854,17,0.26
10992,5650,2,0.02
10993,18829,12,0.88
10994,33662,15,0.65
10995,3865,16,0.61
10996,9837,5,0.66
10997,15872,14,0.79
10998,12106,12,0.7
10999,8478,11,0.87
11000,4889,17,0.75
11001,14057,18,0.89
11002,33824,6,0.12
11003,32908,14,0.4
11004,14116,13,0.65
11005,25995,18,0.01
11006,33608,7,0.38
11007,33560,19,0.27
11008,6885,12,0.28
11009,10436,19,0.6
11010,34419,19,0.51
11011,31361,6,0.13
11012,28974,9,0.31
11013,18732,4,0.25
11014,10263,14,0.59
11015,34388,10,0.41
11016,29444,9,0.02
11017,21585,4,0.95
11018,27864,16,0.57
11019,2850,7,0.66
11020,22045,13,0.89
11021,4771,2,0.79
11022,28015,7,0.64
11023,8441,8,0.21
11024,3465,12,0.15
11025,1720,3,0.47
11026,9935,15,0.81
11027,9992,17,0.19
11028,9483,4,0.69
11029,18710,14,0.77
11030,24686,5,0.15
11031,8047,8,0.18
11032,8412,3,0.81
11033,7377,4,0.66
11034,16363,7,0.77
11035,4482,1,0.97
11036,30114,14,0.44
11037,2908,15,0.48
11038,16768,11,0.35
11039,4577,8,0.55
11040,14607,10,0.5
11041,22463,1,0.26
11042,27040,19,0.23
11043,14040,16,0.21
11044,7633,8,0.35
11045,12310,7,0.34
11046,18667,18,0.73
11047,30305,6,0.64
11048,27887,13,0.95
11049,26127,15,0.73
11050,31760,5,0.42
11051,21716,5,0.73
11052,20696,6,0.54
11053,19316,15,0.9
11054,2733,18,0.09
11055,1292,7,0.15
11056,5257,9,0.9
11057,17959,7,0.24
11058,22442,10,0.83
11059,34277,5,0.24
11060,308,13,0.87
11061,1852,9,0.23
11062,12840,9,0.94
11063,21030,19,0.6
11064,20160,15,0.56
11065,11521,16,0.14
11066,18682,12,0.45
11067,24280,11,0.95
11068,4688,6,0.64
11069,17846,16,0.58
11070,32532,17,0.8
11071,16575,8,0.03
11072,23639,11,0.65
11073,22106,5,0.26
11074,3709,11,0.62
11075,25322,1,0.9
11076,2566,17,0.21
11077,12797,6,0.62
11078,1643,19,0.3
11079,33967,14,0.62
11080,11439,13,0.53
11081,26125,15,0.42
11082,27162,19,0.63
11083,11612,7,0.12
11084,25287,4,0.71
11085,30182,8,0.36
11086,7781,13,0.74
11087,8874,11,0.77
11088,4960,17,0.71
11089,31765,15,0.37
11090,5628,6,0.54
11091,17881,10,0.58
11092,5149,4,0.75
11093,12961,1,0.91
11094,25302,4,0.5
11095,26953,8,0.22
11096,24633,19,0.55
11097,1122,17,0.02
11098,15447,4,0.87
11099,15142,9,0.87
11100,4822,17,0.31
11101,28666,17,0.9
11102,25945,11,0.03
11103,11344,18,0.56
11104,22901,12,0.86
11105,25214,15,0.17
11106,19241,1,0.75
11107,26090,9,0.14
11108,30975,8,0.36
11109,14582,13,0.09
11110,15069,1,0.5
11111,22532,14,0.13
11112,1925,10,0.31
11113,4800,9,0.14
11114,21462,3,0.61
11115,13422,12,0.06
11116,31546,14,0.85
11117,2033,12,0.59
11118,3474,2,0.19
11119,13800,9,0.18
11120,8821,19,0.16
11121,3807,3,0.39
11122,5048,2,0.21
11123,23843,9,0.88
11124,8463,17,0.84
11125,10086,2,0.42
11126,15067,13,0.39
11127,11171,15,0.05
11128,7332,17,0.11
11129,34779,17,0.99
11130,21885,2,0.05
11131,22101,9,0.29
11132,12703,11,0.3
11133,15893,15,0.76
11134,19192,1,0.6
11135,25887,4,0.09
11136,11251,8,0.02
11137,20673,7,0.12
11138,877,12,0.54
11139,16586,8,0.16
11140,30704,19,0.28
11141,8829,16,0.12
11142,23072,1,0.99
11143,28774,15,0.21
11144,6360,18,0.55
11145,12885,7,0.0
11146,107,10,0.88
11147,4393,17,0.3
11148,29489,5,0.63
11149,11690,15,0.34
11150,19691,7,0.14
11151,1962,19,0.51
11152,8886,8,0.74
11153,18571,4,0.91
11154,6208,10,0.39
11155,6561,11,0.82
11156,10682,14,0.91
11157,5520,10,0.22
11158,27185,17,0.3
11159,31228,18,0.83
11160,22210,15,0.3
11161,23917,9,0.18
11162,26519,9,0.87
11163,19998,11,0.65
11164,12838,13,0.62
11165,9353,19,0.61
11166,22877,16,1.0
11167,11062,5,0.64
11168,4850,12,0.14
11169,11335,6,0.84
11170,17766,3,0.33
11171,10231,10,0.71
11172,9803,16,0.7
11173,24509,4,0.74
11174,27300,17,0.92
11175,31930,6,0.77
11176,30099,8,0.93
11177,24825,15,0.19
11178,17568,4,0.37
11179,33914,13,0.55
11180,30447,18,0.29
11181,3127,13,0.51
11182,23699,16,0.52
11183,21863,1,0.95
11184,11352,14,0.81
11185,13110,17,0.01
11186,1571,10,0.55
11187,30141,15,0.89
11188,22531,17,0.02
11189,12134,7,0.96
11190,31257,5,0.85
11191,19059,11,0.62
11192,25319,13,0.13
11193,17432,10,0.12
11194,25166,3,0.26
11195,19020,11,0.15
11196,3298,11,0.63
11197,2320,12,0.11
11198,21992,1,0.73
11199,14315,14,0.41
11200,7389,9,0.32
11201,18504,3,0.96
11202,21004,13,0.01
11203,23852,1,0.38
11204,20563,8,0.12
11205,24983,15,0.87
11206,19416,15,0.15
11207,27275,19,0.34
11208,546,14,0.24
11209,17185,1,0.61
11210,32499,4,0.5
11211,18344,12,0.89
11212,3959,17,0.9
11213,24819,17,0.05
11214,9202,3,0.69
11215,27389,5,0.62
11216,14811,1,0.95
11217,4681,18,0.37
11218,6662,9,0.34
11219,29875,17,0.04
11220,2476,19,0.46
11221,29990,13,0.7
11222,12742,4,0.38
11223,13477,16,0.48
11224,9924,4,0.88
11225,17086,19,0.66
11226,22378,15,0.81
11227,20432,14,0.61
11228,4069,14,0.51
11229,23494,6,0.92
11230,27083,6,0.99
11231,1095,2,0.51
11232,29378,15,0.63
11233,34054,13,0.8
11234,20684,10,0.7
11235,9765,16,0.04
11236,1916,15,0.24
11237,4993,8,0.8
11238,25703,13,0.06
11239,23373,8,0.15
11240,24763,8,0.68
11241,23648,9,0.41
11242,480,7,0.86
11243,5758,17,0.69
11244,19343,9,1.0
11245,2932,17,0.54
11246,11609,14,0.4
11247,1126,6,0.73
11248,1066,14,0.36
11249,22170,16,0.27
11250,21385,11,0.68
11251,25344,16,0.74
11252,25948,1,0.14
11253,23585,12,0.07
11254,23652,9,0.26
11255,15414,18,0.75
11256,29008,2,0.86
11257,16877,12,0.44
11258,34375,18,0.14
11259,5314,13,0.11
11260,16059,16,0.93
11261,11135,15,0.42
11262,17159,13,0.1
11263,14455,9,0.1
11264,26359,6,0.72
11265,21864,15,0.98
11266,24326,19,0.19
11267,16790,14,0.48
11268,11677,1,0.91
11269,7205,18,0.2
11270,691,6,0.96
11271,26583,9,0.77
11272,21780,7,0.76
11273,1675,14,0.75
11274,14111,19,0.46
11275,20829,3,0.24
11276,19849,4,0.19
11277,8143,15,0.86
11278,10632,13,0.49
11279,8812,7,0.06
11280,5535,4,0.71
11281,34298,11,0.35
11282,1672,2,0.07
11283,7935,12,0.12
11284,21739,4,0.45
11285,15749,8,0.7
11286,4624,10,0.22
11287,18768,12,0.55
11288,22424,17,0.73
11289,10364,12,0.26
11290,999,2,0.23
11291,19694,5,0.85
11292,5257,15,0.21
11293,24551,17,0.73
11294,5756,16,0.97
11295,10074,9,0.55
11296,7999,12,0.2
11297,11935,19,0.14
11298,22733,6,0.9
11299,11048,6,0.09
11300,18064,6,0.4
11301,175,19,0.52
11302,11631,19,0.61
11303,23526,15,0.48
11304,10269,4,0.96
11305,9258,16,0.04
11306,18808,6,0.53
11307,8867,2,0.07
11308,23071,8,0.88
11309,5797,16,0.87
11310,25195,15,0.71
11311,13491,11,0.14
11312,21436,5,0.22
11313,32090,7,0.77
11314,10896,9,0.96
11315,4366,19,0.27
11316,10596,8,0.69
11317,31824,4,0.65
11318,9104,3,0.9
11319,17843,9,0.71
11320,25562,16,0.88
11321,2241,12,0.69
11322,5085,12,0.1
11323,8642,9,0.3
11324,31588,7,0.75
11325,8216,15,0.56
11326,25587,10,0.18
11327,15124,2,0.42
11328,18718,6,0.65
11329,28980,6,0.77
11330,4322,4,0.1
11331,20504,12,0.69
11332,3319,4,0.43
11333,19788,6,0.79
11334,13122,15,0.34
11335,11962,15,0.9
11336,22340,9,0.4
11337,10595,9,0.98
11338,16425,19,0.95
11339,4334,5,0.52
11340,33285,2,0.06
11341,30796,12,0.56
11342,9591,12,0.3
11343,21337,7,0.98
11344,15948,13,0.75
11345,7626,2,0.55
11346,14756,10,0.84
11347,12722,2,0.36
11348,16745,10,0.32
11349,33158,15,0.69
11350,9921,14,0.18
11351,2933,12,0.78
11352,29924,11,0.88
11353,2724,6,0.46
11354,5108,12,0.94
11355,11231,5,0.76
11356,14523,11,0.65
11357,29837,10,0.46
11358,1961,1,0.59
11359,3358,10,0.96
11360,30229,14,0.05
11361,10742,7,0.51
11362,14633,16,0.59
11363,25605,15,0.05
11364,8412,19,0.77
11365,20071,3,0.28
11366,4427,8,0.22
11367,23520,7,0.44
11368,5857,12,0.22
11369,20556,1,0.0
11370,30654,2,0.47
11371,23565,6,0.87
11372,1905,5,0.77
11373,25231,6,0.4
11374,22763,4,0.94
11375,16312,19,0.91
11376,5745,5,0.11
11377,11862,15,0.2
11378,15014,11,0.7
11379,13761,19,0.18
11380,18902,2,0.79
11381,1626,9,0.66
11382,12444,10,0.89
11383,2080,4,0.12
11384,20297,14,0.68
11385,24906,15,0.46
11386,12969,10,0.69
11387,4919,19,0.99
11388,19206,16,0.18
11389,34280,7,0.29
11390,6784,3,0.78
11391,26042,12,0.51
11392,13863,12,0.55
11393,13624,17,0.89
11394,27950,2,0.81
11395,31159,1,0.84
11396,7477,10,0.22
11397,22447,5,0.89
11398,14761,18,0.46
11399,5960,5,0.6
11400,12490,11,0.35
11401,10914,7,0.55
11402,1032,12,0.39
11403,7574,13,0.17
11404,7960,18,0.27
11405,4721,19,0.49
11406,23727,10,0.41
11407,791,18,0.01
11408,22560,17,0.91
11409,12769,3,0.46
11410,5656,10,0.91
11411,31191,18,0.14
11412,28594,11,0.49
11413,20268,11,0.52
11414,15782,18,0.04
11415,8974,3,0.81
11416,5109,6,0.51
11417,21020,18,0.69
11418,5570,7,0.92
11419,27428,1,0.15
11420,12442,17,0.91
11421,8077,6,0.77
11422,29928,4,0.86
11423,17069,13,0.29
11424,12396,10,0.74
11425,1003,19,0.63
11426,24604,6,0.03
11427,17317,9,0.22
11428,20438,19,0.67
11429,16797,18,0.65
11430,31188,7,0.71
11431,26159,17,0.85
11432,1879,17,0.17
11433,24254,14,0.29
11434,4496,3,0.7
11435,28618,9,0.94
11436,19421,14,0.81
11437,24344,18,0.04
11438,31529,12,0.05
11439,32159,10,0.84
11440,20790,7,0.25
11441,10722,13,0.34
11442,34074,11,0.16
11443,1897,18,0.7
11444,26959,18,0.18
11445,5903,12,0.24
11446,2590,11,0.3
11447,3792,3,0.89
11448,17989,15,0.88
11449,16380,15,0.41
11450,29162,13,0.4
11451,24464,6,0.95
11452,4471,13,0.16
11453,26500,18,0.38
11454,4822,16,0.99
11455,26931,17,0.84
11456,1653,16,0.73
11457,8901,15,0.36
11458,13609,13,0.46
11459,10231,9,0.34
11460,34976,15,0.21
11461,1923,18,0.48
11462,30626,3,0.79
11463,5300,3,0.41
11464,32254,6,0.63
11465,4584,19,0.92
11466,27400,18,0.73
11467,5776,14,0.85
11468,26028,17,0.6
11469,13559,5,0.8
11470,33713,15,0.73
11471,33527,15,0.91
11472,22980,18,0.11
11473,15104,4,0.97
11474,15276,10,0.44
11475,8206,11,0.44
11476,4623,6,0.86
11477,33506,16,0.12
11478,8584,10,0.21
11479,12444,19,0.64
11480,27648,13,0.86
11481,17075,3,0.42
11482,20437,8,0.19
11483,16523,14,0.7
11484,13587,12,0.4
11485,27418,2,0.78
11486,9214,7,0.43
11487,30075,7,0.61
11488,31680,1,1.0
11489,33362,16,0.04
11490,12720,7,0.6
11491,14753,12,0.32
11492,15796,6,0.47
11493,27945,6,0.45
11494,5023,3,0.01
11495,12644,14,0.95
11496,5372,9,0.53
11497,8370,14,0.66
11498,2922,19,0.22
11499,8515,14,0.59
11500,24410,1,0.17
11501,432,11,0.64
11502,34764,3,0.43
11503,28012,18,0.41
11504,988,8,0.41
11505,22984,15,0.83
11506,21430,5,0.75
11507,26771,4,0.87
11508,33867,7,0.38
11509,2288,5,0.78
11510,6918,4,0.57
11511,11772,6,0.45
11512,6302,2,0.41
11513,34577,3,0.32
11514,32298,18,0.39
11515,27816,1,0.72
11516,29345,17,0.3
11517,1994,19,0.13
11518,19963,16,0.18
11519,24880,7,0.97
11520,18936,17,0.19
11521,19960,3,0.33
11522,17274,18,0.36
11523,9991,10,0.37
11524,13267,8,0.31
11525,1397,14,0.68
11526,24366,12,0.26
11527,7702,3,0.96
11528,9326,8,0.36
11529,15529,1,0.11
11530,27858,6,0.99
11531,32356,16,0.23
11532,31762,18,0.68
11533,28535,7,0.2
11534,29592,7,0.54
11535,6865,17,0.04
11536,16789,10,0.65
11537,16499,3,0.08
11538,25438,2,0.94
11539,26574,17,0.29
11540,20832,17,0.21
11541,2032,6,0.91
11542,7397,10,0.73
11543,29660,15,0.29
11544,26296,19,0.51
11545,4294,8,0.22
11546,22282,13,0.96
11547,21498,6,0.38
11548,27751,10,0.2
11549,14035,11,1.0
11550,21799,2,0.9
11551,5348,17,0.43
11552,8820,11,0.22
11553,9847,4,0.25
11554,24873,11,0.63
11555,16551,19,0.53
11556,31861,4,0.28
11557,8708,9,0.44
11558,13333,10,0.48
11559,5825,7,0.66
11560,11867,14,0.44
11561,12308,14,0.91
11562,9945,17,0.36
11563,27403,10,0.65
11564,20258,10,0.76
11565,20456,9,0.02
11566,30381,9,0.81
11567,559,15,0.27
11568,20822,8,0.98
11569,7429,13,0.57
11570,8198,11,0.72
11571,15239,5,0.17
11572,13377,12,0.82
11573,20784,7,0.52
11574,30715,14,0.77
11575,19186,2,0.98
11576,13723,4,0.92
11577,17028,15,0.3
11578,31273,14,0.16
11579,30980,12,0.17
11580,5930,3,0.77
11581,9550,11,0.81
11582,22763,19,0.21
11583,27508,16,0.71
11584,14511,17,0.99
11585,19490,12,0.46
11586,199,13,0.28
11587,24103,2,0.02
11588,1983,14,0.07
11589,2149,6,0.74
11590,22466,7,0.43
11591,34174,4,0.17
11592,15693,13,0.46
11593,18192,19,0.91
11594,2805,17,0.31
11595,8334,19,0.31
11596,22638,9,0.22
11597,25239,8,0.79
11598,1765,2,0.16
11599,4921,8,0.81
11600,14066,8,0.74
11601,8608,11,0.01
11602,19981,4,0.83
11603,15944,3,0.97
11604,15464,12,0.93
11605,2538,10,0.27
11606,11196,17,0.83
11607,4700,13,0.82
11608,24526,8,0.97
11609,1400,8,0.98
11610,4655,18,0.45
11611,10049,2,0.01
11612,28670,13,0.25
11613,7984,12,0.57
11614,5700,16,0.02
11615,24525,18,0.84
11616,21914,10,0.9
11617,22972,14,0.58
11618,16714,3,0.41
11619,23314,18,0.48
11620,30700,6,0.68
11621,28476,11,0.57
11622,21577,10,0.37
11623,17543,16,0.52
11624,9011,12,0.85
11625,6906,15,0.79
11626,25012,5,0.44
11627,24182,10,0.93
11628,26796,2,0.87
11629,32704,15,0.26
11630,6602,13,0.63
11631,33691,4,0.7
11632,6947,12,0.83
11633,4003,8,0.19
11634,12656,8,0.06
11635,19889,17,0.42
11636,31350,7,0.58
11637,31562,13,0.94
11638,17843,16,0.24
11639,994,2,0.41
11640,15039,13,0.86
11641,5756,4,0.85
11642,9584,1,0.63
11643,12837,5,0.14
11644,4204,4,0.41
11645,17796,12,0.54
11646,2026,16,0.56
11647,20267,8,0.33
11648,10721,17,0.86
11649,3452,19,0.98
11650,9281,9,0.55
11651,20270,6,0.63
11652,16990,12,0.35
11653,22211,19,0.88
11654,15052,18,0.97
11655,11631,2,0.75
11656,21293,10,0.52
11657,3692,3,0.1
11658,9536,4,0.79
11659,23265,16,0.39
11660,23980,2,0.48
11661,11345,17,0.06
11662,503,8,0.87
11663,21735,9,0.58
11664,27802,2,0.56
11665,31933,1,0.05
11666,19877,6,0.46
11667,34159,10,0.77
11668,33416,13,0.09
11669,16669,3,0.45
11670,34241,7,0.36
11671,5222,14,0.1
11672,27809,9,0.45
11673,34802,9,0.16
11674,4223,18,0.05
11675,28018,11,0.37
11676,8612,15,0.08
11677,2370,1,0.23
11678,1203,16,0.55
11679,24029,8,0.1
11680,5133,12,0.81
11681,21407,10,0.84
11682,31151,6,0.33
11683,6587,19,0.78
11684,17482,19,0.79
11685,2708,8,0.11
11686,32452,14,0.19
11687,23121,3,0.88
11688,16304,8,0.59
11689,21547,3,0.52
11690,25769,17,0.11
11691,28557,12,0.87
11692,17642,3,0.51
11693,19194,9,0.85
11694,20778,4,0.7
11695,9802,8,0.66
11696,14875,8,0.52
11697,33961,8,0.95
11698,15851,2,0.95
11699,25169,13,0.68
11700,29060,15,0.01
11701,16142,15,0.6
11702,29702,18,0.7
11703,4081,3,0.46
11704,30410,6,0.54
11705,22992,19,0.95
11706,24002,17,0.51
11707,2251,10,0.77
11708,3394,16,0.97
11709,23778,12,0.16
11710,16290,18,0.98
11711,6882,17,0.68
11712,6577,10,0.77
11713,30776,9,0.09
11714,24703,6,0.43
11715,32377,1,0.25
11716,11361,16,0.8
11717,4311,8,0.85
11718,9353,11,0.63
11719,29429,9,0.01
11720,18601,17,0.05
11721,20001,11,0.8
11722,4629,9,0.24
11723,30008,8,0.44
11724,23147,17,0.33
11725,6742,8,0.65
11726,3192,17,0.73
11727,26636,12,0.03
11728,4756,13,0.87
11729,19925,18,0.61
11730,30438,10,0.41
11731,52,15,0.89
11732,12354,17,0.63
11733,20728,9,0.81
11734,30881,18,0.97
11735,18287,12,0.29
11736,31405,1,0.1
11737,19506,18,0.88
11738,17466,18,0.72
11739,33681,7,0.53
11740,17307,12,0.54
11741,17687,3,0.19
11742,31865,19,0.15
11743,253,4,0.49
11744,28556,5,0.88
11745,19632,12,0.66
11746,10498,8,0.6
11747,206,1,0.57
11748,34645,13,0.37
11749,9979,9,0.48
11750,23342,16,0.87
11751,14493,19,0.57
11752,10312,11,0.72
11753,26716,17,0.1
11754,7598,8,0.39
11755,4825,14,0.22
11756,28869,11,0.96
11757,1981,3,0.4
11758,25007,4,0.73
11759,34684,2,0.31
11760,30970,7,0.44
11761,9663,5,0.58
11762,31771,10,0.32
11763,2784,5,0.49
11764,7386,10,0.96
11765,6328,10,0.95
11766,5229,16,0.04
11767,13265,14,0.08
11768,5722,18,0.12
11769,9896,16,0.52
11770,11684,17,0.65
11771,21333,14,0.14
11772,33480,12,0.81
11773,17021,19,0.27
11774,23764,6,0.32
11775,4669,3,0.3
11776,4700,9,0.18
11777,18147,18,0.96
11778,33588,17,0.65
11779,23952,5,0.51
11780,16284,11,0.67
11781,5808,18,0.44
11782,4193,11,0.66
11783,2757,14,0.28
11784,19906,2,0.73
11785,5049,18,0.62
11786,3437,16,0.26
11787,15299,2,0.52
11788,17082,4,0.93
11789,34749,17,0.8
11790,24516,13,0.14
11791,18598,9,0.5
11792,24738,7,0.32
11793,30937,7,0.68
11794,20024,5,0.38
11795,22710,16,0.28
11796,31744,16,0.06
11797,24717,3,0.49
11798,28658,18,0.43
11799,17728,4,0.43
11800,8773,5,0.2
11801,14026,4,0.93
11802,18108,19,0.55
11803,5968,14,0.2
11804,26562,19,0.01
11805,29332,9,0.7
11806,23887,7,0.74
11807,32664,5,0.97
11808,13299,9,0.69
11809,9141,18,0.36
11810,7596,2,0.16
11811,30237,15,0.61
11812,27692,19,0.11
11813,27235,12,0.03
11814,1770,8,0.66
11815,27887,17,0.14
11816,16838,12,0.29
11817,32420,7,0.12
11818,27497,7,0.08
11819,30808,9,0.71
11820,1889,18,0.98
11821,2080,14,0.02
11822,19031,6,0.77
11823,30309,4,0.74
11824,24439,8,0.12
11825,27826,19,0.55
11826,13592,2,0.41
11827,17342,19,0.21
11828,23474,12,0.13
11829,10824,16,0.75
11830,7421,11,0.98
11831,27315,16,1.0
11832,387,7,0.73
11833,9046,8,0.78
11834,15542,11,0.19
11835,30749,4,0.68
11836,18826,2,0.02
11837,19276,6,0.88
11838,21767,9,0.98
11839,6223,1,0.16
11840,31374,8,0.28
11841,24493,16,0.59
11842,32945,5,0.67
11843,25956,10,0.49
11844,26995,1,0.28
11845,28925,12,0.55
11846,5454,19,0.5
11847,1736,15,0.02
11848,11595,15,0.4
11849,5986,17,0.4
11850,3586,18,0.57
11851,15879,14,0.91
11852,28010,7,0.59
11853,12500,16,0.44
11854,3618,17,0.23
11855,33994,9,0.09
11856,2953,13,0.03
11857,31222,7,0.67
11858,17838,12,0.55
11859,33469,8,0.23
11860,18864,6,0.37
11861,34315,17,0.02
11862,15897,3,0.35
11863,17013,17,0.74
11864,23822,11,0.39
11865,8676,15,0.84
11866,31249,19,0.69
11867,2580,5,0.23
11868,28871,13,0.35
11869,1911,1,0.72
11870,26075,1,0.98
11871,30018,10,0.77
11872,30801,8,0.07
11873,19173,4,0.35
11874,25586,9,0.88
11875,20953,14,0.88
11876,33579,12,0.92
11877,27589,19,0.25
11878,2609,3,0.31
11879,18449,12,0.28
11880,22047,16,0.77
11881,3826,2,0.63
11882,3447,18,0.59
11883,22507,6,0.73
11884,21348,11,0.81
11885,9089,1,0.29
11886,14227,18,0.18
11887,20155,15,0.43
11888,8120,2,0.99
11889,2017,3,0.79
11890,30965,3,0.56
11891,32332,7,0.27
11892,30410,11,0.1
11893,6432,5,0.75
11894,19295,12,0.1
11895,32949,4,0.33
11896,16423,16,0.75
11897,15495,17,0.29
11898,23260,5,0.12
11899,263,15,0.13
11900,19244,2,0.05
11901,30340,7,0.37
11902,20985,5,0.87
11903,18009,7,0.66
11904,18542,8,0.03
11905,4800,13,0.32
11906,22382,5,0.88
11907,18689,13,0.06
11908,23258,4,0.58
11909,3047,18,0.69
11910,34363,8,0.76
11911,9298,3,0.82
11912,34862,1,0.86
11913,12177,4,0.97
11914,8797,6,0.63
11915,1153,5,0.32
11916,30962,3,0.46
11917,11519,1,0.57
11918,14673,3,0.2
11919,31323,15,0.94
11920,20257,4,0.44
11921,9288,15,0.4
11922,2144,10,0.63
11923,26784,13,0.85
11924,25621,16,0.97
11925,2114,11,0.46
11926,243,11,0.69
11927,12360,14,0.0
11928,18319,6,0.18
11929,6579,15,1.0
11930,5581,13,0.12
11931,24691,5,0.64
11932,8335,14,0.6
11933,32163,3,0.64
11934,8617,15,0.55
11935,30654,7,0.64
11936,29288,11,0.02
11937,21619,18,0.27
11938,25895,17,0.96
11939,13748,8,0.81
11940,22486,8,0.62
11941,11584,17,0.68
11942,10729,4,0.63
11943,667,11,0.56
11944,17738,6,0.92
11945,9696,16,0.17
11946,31584,9,0.81
11947,1826,5,0.34
11948,23202,12,0.49
11949,24662,3,0.68
11950,14210,4,0.58
11951,7875,8,0.78
11952,33796,19,0.42
11953,25776,8,0.88
11954,27160,16,0.33
11955,14104,13,0.05
11956,24379,11,0.26
11957,15894,6,0.34
11958,27236,4,0.14
11959,24352,19,0.71
11960,13601,6,0.03
11961,20004,17,0.34
11962,3414,14,0.82
11963,8093,18,0.64
11964,25042,6,0.95
11965,25791,2,0.81
11966,11055,13,0.37
11967,13194,2,0.13
11968,16410,17,0.81
11969,16445,7,0.55
11970,23503,9,0.9
11971,4273,10,0.65
11972,24097,15,0.54
11973,9568,3,0.97
11974,12705,19,0.97
11975,21698,14,0.03
11976,10709,3,0.55
11977,15696,19,0.39
11978,25484,13,0.06
11979,1803,5,0.1
11980,28871,14,0.57
11981,20875,8,0.92
11982,6987,17,0.78
11983,5932,7,0.31
11984,19326,4,0.53
11985,29467,2,0.35
11986,33427,14,0.57
11987,4582,2,0.62
11988,28222,8,0.09
11989,10413,17,0.36
11990,11341,7,0.07
11991,5428,12,0.11
11992,34792,6,0.45
11993,9151,13,0.83
11994,22526,14,0.42
11995,25329,8,0.51
11996,23754,10,0.71
11997,28073,3,0.63
11998,7090,13,0.87
11999,33954,18,0.49
12000,3194,19,0.64
12001,2745,5,0.43
12002,1459,4,0.04
12003,13572,6,0.1
12004,28625,9,0.94
12005,3618,2,0.59
12006,19414,17,0.6
12007,24177,9,0.69
12008,29356,4,0.41
12009,2497,9,0.14
12010,17318,2,0.54
12011,12554,4,0.74
12012,8560,15,0.74
12013,19146,11,0.24
12014,31309,3,0.64
12015,3790,4,0.51
12016,20460,5,0.16
12017,15931,12,0.47
12018,24719,15,0.48
12019,8989,10,0.08
12020,15967,15,0.96
12021,17576,2,0.66
12022,24688,4,0.43
12023,34687,11,0.19
12024,31863,4,0.04
12025,3772,2,0.85
12026,24958,18,0.94
12027,32953,2,0.55
12028,10337,5,0.03
12029,25296,1,0.95
12030,31367,12,0.83
12031,19899,17,0.16
12032,33223,14,0.54
12033,8262,18,0.17
12034,24322,19,0.75
12035,14509,17,0.11
12036,16456,15,0.88
12037,4761,17,0.79
12038,8858,19,0.55
12039,17235,9,0.03
12040,28181,3,0.24
12041,24042,8,0.64
12042,1534,4,0.51
12043,26714,15,0.71
12044,7620,7,0.57
12045,10152,5,0.81
12046,10709,16,0.84
12047,11739,8,0.75
12048,8492,2,0.39
12049,27781,6,0.05
12050,24377,4,0.53
12051,13315,8,0.17
12052,15480,6,0.08
12053,27871,4,0.99
12054,21190,2,0.87
12055,845,13,0.22
12056,22195,3,0.54
12057,33409,17,0.02
12058,22061,5,0.23
12059,6826,14,0.21
12060,19069,5,0.87
12061,16104,4,0.17
12062,3539,13,0.63
12063,4641,10,0.33
12064,27101,6,0.53
12065,20577,3,0.77
12066,13643,12,0.71
12067,24204,1,0.22
12068,32923,10,0.54
12069,11841,9,0.14
12070,5627,2,0.75
12071,2145,19,0.09
12072,18447,16,0.23
12073,25242,17,0.92
12074,30336,17,0.2
12075,1482,18,0.08
12076,30854,9,0.6
12077,6369,4,0.22
12078,7913,5,0.1
12079,28107,14,0.02
12080,19932,1,0.18
12081,23230,15,0.64
12082,14123,8,0.58
12083,2529,14,0.46
12084,11646,11,0.27
12085,17018,14,0.95
12086,3558,19,0.02
12087,24652,9,0.82
12088,20815,19,0.49
12089,14571,8,0.97
12090,12361,11,0.78
12091,14884,17,0.7
12092,1894,19,0.03
12093,12944,7,0.78
12094,7914,6,0.65
12095,28419,11,0.14
12096,2065,8,0.58
12097,21709,9,0.28
12098,17940,15,0.17
12099,19968,2,0.9
12100,2777,17,0.91
12101,19980,6,0.67
12102,19358,1,0.88
12103,13411,9,0.44
12104,29680,2,0.59
12105,181,16,0.74
12106,1124,11,0.73
12107,28498,10,0.85
12108,31624,4,0.6
12109,20387,5,0.29
12110,24668,13,0.22
12111,17825,4,0.1
12112,24874,2,0.02
12113,236,8,0.08
12114,903,6,0.49
12115,34389,3,0.53
12116,25617,7,0.64
12117,7263,11,0.42
12118,30185,14,0.22
12119,7247,6,0.78
12120,27563,1,0.84
12121,7169,2,0.25
12122,3372,12,0.28
12123,25947,11,0.28
12124,1325,11,0.68
12125,9830,2,0.76
12126,20689,7,0.95
12127,24337,12,0.66
12128,12839,10,0.59
12129,7644,14,0.69
12130,9068,16,0.41
12131,7574,13,0.11
12132,25827,4,0.29
12133,6313,13,0.51
12134,8546,11,0.74
12135,4791,3,0.02
12136,12234,15,0.54
12137,15539,19,0.75
12138,4970,2,0.3
12139,9270,18,0.6
12140,6809,7,0.52
12141,24918,1,0.7
12142,4771,16,0.89
12143,12944,5,0.26
12144,20642,5,0.03
12145,14427,16,0.32
12146,7935,5,0.42
12147,9662,11,0.55
12148,9807,1,0.43
12149,16898,17,0.18
12150,28347,8,0.9
12151,7896,10,0.41
12152,1893,16,0.74
12153,22595,7,0.43
12154,12389,12,0.74
12155,5921,18,0.83
12156,24901,1,0.3
12157,25360,19,0.85
12158,29676,17,0.61
12159,25081,3,0.03
12160,34874,12,0.76
12161,5172,15,0.79
12162,5503,6,0.3
12163,8516,15,0.96
12164,19663,7,0.88
12165,20211,2,0.1
12166,18582,5,0.28
12167,32202,11,0.02
12168,8426,19,0.87
12169,29107,16,0.85
12170,16437,11,0.58
12171,4105,6,0.04
12172,7080,18,0.31
12173,6337,2,0.75
12174,998,10,0.83
12175,13919,4,0.9
12176,9187,16,0.92
12177,34081,10,0.14
12178,30035,14,0.91
12179,5722,8,0.8
12180,22594,3,0.97
12181,805,7,0.06
12182,15408,1,0.67
12183,5912,1,0.57
12184,12488,7,0.24
12185,886,12,0.05
12186,21183,1,0.08
12187,2158,5,0.45
12188,14941,9,0.9
12189,4062,11,0.29
12190,5172,10,0.5
12191,7469,5,0.06
12192,9450,4,0.11
12193,26420,15,0.64
12194,26912,5,0.41
12195,5260,13,0.98
12196,22280,18,0.52
12197,32170,13,0.4
12198,31549,15,0.98
12199,27049,17,0.65
12200,27129,1,0.19
12201,17253,14,0.65
12202,25757,2,0.73
12203,18133,18,0.36
12204,21640,15,0.61
12205,3856,5,0.77
12206,461,10,0.22
12207,22954,1,0.81
12208,28027,9,0.28
12209,11694,8,0.51
12210,25414,13,0.52
12211,33028,7,0.11
12212,651,9,0.12
12213,32860,15,0.04
12214,5276,5,0.56
12215,2103,14,0.11
12216,19313,18,0.53
12217,27933,4,0.72
12218,5974,5,0.67
12219,24916,9,0.93
12220,32873,8,0.79
12221,31995,15,0.11
12222,32852,17,0.69
12223,18643,8,0.82
12224,32067,11,0.52
12225,12236,17,0.58
12226,33429,15,0.43
12227,33720,7,0.6
12228,24211,6,0.11
12229,12958,10,0.34
12230,10766,13,0.22
12231,3317,18,0.55
12232,21275,16,0.81
12233,17993,9,0.7
12234,32230,12,0.06
12235,9062,15,0.95
12236,31298,6,0.01
12237,1924,8,0.26
12238,21778,8,0.23
12239,9811,19,0.85
12240,8335,2,0.46
12241,19356,7,0.55
12242,19334,17,0.75
12243,31927,19,0.45
12244,31435,7,0.09
12245,9835,2,0.23
12246,14494,19,0.61
12247,24975,19,0.26
12248,9342,13,0.79
12249,6108,14,0.14
12250,12892,15,0.1
12251,31013,14,0.88
12252,7541,17,0.19
12253,34318,7,0.27
12254,24747,11,0.87
12255,28346,16,0.35
12256,693,18,0.37
12257,11529,3,0.24
12258,27977,17,0.18
12259,18417,8,0.87
12260,795,18,0.3
12261,34539,2,0.89
12262,14361,7,0.79
12263,29517,14,0.8
12264,10868,3,0.04
12265,33141,15,0.31
12266,10786,5,0.21
12267,2370,8,0.56
12268,22389,15,0.05
12269,2442,19,0.73
12270,34628,11,0.72
12271,31336,1,0.11
12272,10397,19,0.58
12273,7807,2,0.4
12274,2046,1,0.02
12275,18805,12,0.81
12276,24022,5,0.87
12277,9867,13,0.16
12278,5211,18,0.28
12279,7944,2,0.87
12280,22490,14,0.52
12281,29745,18,0.67
12282,10243,11,0.52
12283,20251,19,0.01
12284,25002,1,0.18
12285,23482,8,0.71
12286,33170,4,0.12
12287,25004,4,0.97
12288,8547,6,0.96
12289,11536,15,0.23
12290,16874,13,0.98
12291,20409,14,0.34
12292,24926,1,0.82
12293,20113,8,0.91
12294,8815,11,0.72
12295,10467,10,0.78
12296,17313,5,0.21
12297,28848,10,0.1
12298,30800,2,0.38
12299,24609,12,0.28
12300,5927,12,0.66
12301,25076,13,0.32
12302,24775,7,0.13
12303,13267,18,0.87
12304,17941,5,0.03
12305,22279,13,0.71
12306,25011,2,0.85
12307,31167,7,0.39
12308,3285,9,0.29
12309,23564,1,0.4
12310,18010,11,0.27
12311,15135,7,0.81
12312,27604,5,0.62
12313,419,12,0.09
12314,24753,14,0.81
12315,28534,10,0.41
12316,20018,17,0.65
12317,478,17,0.35
12318,23132,7,0.36
12319,2498,17,0.26
12320,15331,18,0.14
12321,21440,17,0.01
12322,29274,12,0.12
12323,15680,17,0.26
12324,22362,8,0.44
12325,24079,4,0.36
12326,215,11,0.03
12327,342,13,0.02
12328,33358,9,0.26
12329,18475,19,0.79
12330,7360,5,0.37
12331,33516,15,0.06
12332,21529,8,0.84
12333,2226,5,0.51
12334,5016,8,0.26
12335,10651,19,0.14
12336,22259,16,0.85
12337,4013,1,0.96
12338,22352,9,0.47
12339,9575,18,0.81
12340,34197,7,0.13
12341,24504,14,0.42
12342,33743,1,0.22
12343,6363,10,0.83
12344,19486,1,0.57
12345,24618,15,0.76
12346,14521,1,0.82
12347,34087,3,0.82
12348,34464,14,0.28
12349,24249,13,0.6
12350,8924,15,0.29
12351,2001,9,0.77
12352,882,12,0.67
12353,25385,8,0.36
12354,16073,3,0.15
12355,26736,2,0.03
12356,31785,12,0.77
12357,98,11,0.99
12358,5419,13,0.43
12359,20629,2,0.81
12360,570,3,0.6
12361,8844,10,0.37
12362,10983,16,0.85
12363,22771,3,0.09
12364,26604,19,0.22
12365,3129,17,0.42
12366,32915,6,0.04
12367,20000,6,0.04
12368,9695,16,0.21
12369,17836,6,0.58
12370,29532,5,0.93
12371,10897,3,0.85
12372,28200,3,0.24
12373,437,14,0.29
12374,4731,4,0.51
12375,26676,7,0.95
12376,9005,4,0.42
12377,20478,3,0.82
12378,17883,9,0.66
12379,30184,19,0.13
12380,2341,2,0.02
12381,7225,11,0.09
12382,22596,5,0.6
12383,7559,8,0.59
12384,2271,12,0.04
12385,18870,13,0.8
12386,9231,2,0.09
12387,638,2,0.49
12388,590,18,0.23
12389,4631,1,0.86
12390,17929,17,0.86
12391,2515,15,0.28
12392,5305,15,0.71
12393,13595,6,0.28
12394,390,9,0.8
12395,13026,17,0.76
12396,25493,13,0.23
12397,25396,16,0.55
12398,15816,1,0.72
12399,2913,14,0.14
12400,34317,11,0.0
12401,2487,14,0.19
12402,9072,10,0.49
12403,3362,9,0.75
12404,6374,1,0.27
12405,2823,12,0.28
12406,11388,1,0.39
12407,26295,10,0.75
12408,17258,19,0.63
12409,16102,3,0.1
12410,14821,12,0.14
12411,32493,4,0.98
12412,7571,13,0.75
12413,19967,17,0.94
12414,3231,18,0.44
12415,31975,4,0.17
12416,20164,4,0.44
12417,26812,12,0.89
12418,10198,14,0.78
12419,7347,17,0.78
12420,11433,8,0.13
12421,29969,12,0.0
12422,14010,6,0.46
12423,26513,2,0.39
12424,21623,6,0.58
12425,25206,19,0.94
12426,3374,11,0.32
12427,13155,12,0.28
12428,33068,18,0.16
12429,56,7,0.16
12430,32259,1,0.56
12431,9758,8,0.46
12432,27582,11,0.38
12433,25,8,0.71
12434,6505,1,0.92
12435,13973,16,0.41
12436,8869,7,0.11
12437,2519,4,0.44
12438,27734,3,0.88
12439,10917,6,0.79
12440,21369,3,0.34
12441,25328,14,0.9
12442,4767,4,0.74
12443,192,19,0.39
12444,19220,16,0.38
12445,15635,4,0.29
12446,5949,2,0.13
12447,34710,3,0.26
12448,22317,14,0.52
12449,24340,11,0.02
12450,13773,12,0.58
12451,3972,16,0.34
12452,33766,3,0.65
12453,4932,10,0.79
12454,10021,3,0.79
12455,11392,16,0.75
12456,3539,10,0.77
12457,17739,5,0.25
12458,32301,4,0.25
12459,13294,17,0.72
12460,32828,7,0.21
12461,21680,11,0.78
12462,26799,6,0.29
12463,14497,12,0.9
12464,27866,18,0.96
12465,27020,18,0.93
12466,29838,5,0.25
12467,7068,15,0.5
12468,5266,3,0.04
12469,18677,1,0.01
12470,1246,15,0.66
12471,15705,4,0.82
12472,7527,7,0.23
12473,31866,17,0.41
12474,8921,11,0.85
12475,2841,9,0.14
12476,34730,7,0.85
12477,27897,17,0.12
12478,17978,2,0.67
12479,1141,13,0.2
12480,33018,8,0.94
12481,2018,9,0.96
12482,26318,16,0.12
12483,6663,14,0.47
12484,29241,7,0.27
12485,23153,16,0.87
12486,25878,19,0.38
12487,21975,6,0.78
12488,31140,5,0.8
12489,17473,19,0.15
12490,17367,2,0.8
12491,16896,12,0.06
12492,24391,2,0.42
12493,31378,2,0.89
12494,13310,4,0.17
12495,17283,7,0.48
12496,31517,8,0.89
12497,24154,3,0.27
12498,4422,10,0.87
12499,30449,15,0.46
12500,3456,16,0.08
12501,8719,8,0.47
12502,14400,17,0.02
12503,23221,12,0.93
12504,18101,11,0.67
12505,19249,17,0.98
12506,10533,18,0.86
12507,17892,19,0.08
12508,17845,14,0.61
12509,22440,17,0.17
12510,31648,11,0.66
12511,6837,8,0.8
12512,2920,5,0.8
12513,15719,19,0.91
12514,15746,3,0.57
12515,18247,19,0.4
12516,26641,16,0.18
12517,33564,14,0.39
12518,11800,5,0.43
12519,34415,11,0.11
12520,28895,9,0.07
12521,8141,1,0.59
12522,265,2,0.37
12523,3909,14,0.18
12524,13799,7,0.17
12525,2962,6,0.59
12526,10383,9,0.86
12527,12970,2,0.79
12528,6684,18,0.32
12529,13706,2,0.7
12530,16924,10,0.46
12531,25257,17,0.5
12532,8942,11,0.98
12533,29178,15,0.51
12534,32503,15,0.8
12535,1527,10,0.58
12536,8691,11,0.37
12537,30417,15,0.94
12538,23917,19,0.8
12539,1754,4,0.94
12540,11922,2,0.4
12541,21729,5,0.4
12542,32711,1,0.85
12543,22326,19,0.68
12544,23453,11,0.66
12545,282,7,0.88
12546,20480,14,0.1
12547,3970,7,0.48
12548,23935,17,0.93
12549,2724,10,0.78
12550,15659,1,0.81
12551,2237,10,0.3
12552,3489,8,0.97
12553,5634,14,0.18
12554,4694,17,0.91
12555,2056,11,0.01
12556,19174,7,0.1
12557,20785,9,0.75
12558,33989,10,0.86
12559,28213,7,0.62
12560,5127,5,0.29
12561,14327,19,0.4
12562,8293,16,0.54
12563,30108,16,0.89
12564,3989,15,0.24
12565,32899,19,0.64
12566,20593,9,0.58
12567,798,7,0.61
12568,22939,16,0.73
12569,30913,18,0.2
12570,33723,6,0.61
12571,5803,11,0.81
12572,30575,17,0.98
12573,24264,2,0.92
12574,26755,6,0.94
12575,10031,18,0.69
12576,710,18,0.39
12577,34297,14,0.85
12578,15506,10,0.58
12579,27611,8,0.14
12580,31260,13,0.61
12581,14225,16,0.09
12582,19258,3,0.95
12583,34442,19,0.23
12584,19375,14,0.22
12585,19118,18,0.93
12586,30956,6,0.45
12587,15737,12,0.43
12588,20698,10,0.72
12589,29151,9,0.64
12590,15314,7,0.57
12591,13986,17,0.8
12592,7237,9,0.64
12593,17216,14,0.97
12594,29083,10,0.15
12595,4991,2,0.2
12596,23114,3,0.32
12597,14556,10,0.77
12598,13219,16,0.3
12599,2425,18,0.29
12600,25840,14,0.31
12601,14505,14,0.24
12602,6628,9,0.62
12603,27746,18,0.29
12604,11516,19,0.85
12605,3695,3,0.19
12606,17213,1,0.09
12607,3009,10,0.01
12608,27447,5,0.67
12609,31884,17,0.48
12610,22454,8,0.1
12611,410,10,0.25
12612,23322,7,0.49
12613,15931,7,0.21
12614,25450,18,0.91
12615,24347,9,0.57
12616,29897,4,0.2
12617,2540,19,0.75
12618,16392,3,0.69
12619,34778,7,0.78
12620,6101,18,0.21
12621,20049,8,0.86
12622,13494,14,0.26
12623,23266,18,0.18
12624,31664,10,0.49
12625,11146,1,0.88
12626,18741,9,0.43
12627,1494,17,0.28
12628,26283,8,0.01
12629,28441,15,0.16
12630,33729,15,0.05
12631,7875,3,0.86
12632,23792,5,0.78
12633,14769,17,0.35
12634,27253,10,0.51
12635,31329,1,0.29
12636,31013,11,0.96
12637,14523,3,0.62
12638,6594,10,0.54
12639,13278,13,0.57
12640,14571,10,0.52
12641,14246,17,0.09
12642,9042,13,0.14
12643,26353,3,0.13
12644,8006,11,0.6
12645,34694,2,0.59
12646,2278,2,0.67
12647,24886,18,0.63
12648,17701,8,0.99
12649,17452,19,0.24
12650,30160,18,0.51
12651,14819,12,1.0
12652,10101,13,0.64
12653,12560,10,0.08
12654,34581,19,0.83
12655,17076,14,0.21
12656,22683,15,0.86
12657,21411,13,0.68
12658,2724,15,0.15
12659,4669,15,0.67
12660,11906,4,0.79
12661,11004,10,0.46
12662,29705,14,0.69
12663,3503,11,0.07
12664,7616,1,0.82
12665,8619,17,0.17
12666,22444,2,0.73
12667,10009,5,0.05
12668,19256,14,0.71
12669,6697,13,0.89
12670,12829,17,0.81
12671,30801,2,0.44
12672,3887,15,0.6
12673,28393,9,0.27
12674,25210,1,0.34
12675,731,6,0.21
12676,12035,9,0.66
12677,2873,12,0.92
12678,31930,11,0.07
12679,18895,13,0.97
12680,28648,11,0.74
12681,19594,13,0.86
12682,2341,3,0.12
12683,21919,13,0.91
12684,13941,11,0.32
12685,27839,9,0.83
12686,6608,16,0.2
12687,16604,15,0.17
12688,27592,3,0.94
12689,31770,15,0.69
12690,21066,9,0.05
12691,26340,4,0.31
12692,28043,5,0.41
12693,16698,3,0.47
12694,9205,12,0.17
12695,27172,16,0.03
12696,33938,5,0.57
12697,32314,17,0.79
12698,8557,13,0.05
12699,16148,1,0.92
12700,5342,4,0.66
12701,14887,9,0.52
12702,19805,7,0.0
12703,29562,4,0.52
12704,5672,17,0.82
12705,8308,2,0.75
12706,16317,18,0.44
12707,28559,4,0.99
12708,26256,12,0.59
12709,2192,1,0.92
12710,10615,7,0.77
12711,26930,15,0.37
12712,10799,16,0.94
12713,5842,9,0.75
12714,32429,19,0.06
12715,26893,12,0.94
12716,17229,6,0.63
12717,17171,19,0.86
12718,134,4,0.29
12719,34527,10,0.16
12720,18578,5,0.3
12721,2279,3,0.67
12722,28850,19,0.31
12723,8160,8,0.2
12724,10036,1,0.79
12725,32856,16,0.77
12726,11222,5,0.85
12727,12360,11,0.28
12728,5087,16,0.02
12729,26856,19,0.96
12730,26037,17,0.16
12731,592,1,0.67
12732,11264,19,0.63
12733,16200,13,0.28
12734,8435,10,0.71
12735,11675,16,0.39
12736,13727,15,0.42
12737,34975,14,0.2
12738,30028,7,0.46
12739,2971,19,0.2
12740,14739,6,0.14
12741,15460,7,0.18
12742,14502,3,0.4
12743,25866,7,0.51
12744,11398,14,0.17
12745,28385,2,0.37
12746,18624,11,0.6
12747,24514,10,0.68
12748,25585,16,0.52
12749,24655,4,0.95
12750,26692,3,0.41
12751,32405,8,0.71
12752,8751,10,0.02
12753,13342,3,0.23
12754,32246,13,0.7
12755,25919,17,0.47
12756,19712,11,0.9
12757,17112,4,0.49
12758,33801,6,0.04
12759,32801,6,0.89
12760,19344,7,0.06
12761,32610,2,0.85
12762,14346,1,0.49
12763,29458,19,0.66
12764,18474,13,0.35
12765,26378,13,0.16
12766,6539,14,0.55
12767,16535,6,0.61
12768,8714,11,1.0
12769,4044,2,0.57
12770,29629,15,0.59
12771,17766,2,0.42
12772,32603,18,0.72
12773,32373,4,0.84
12774,14293,8,0.39
12775,14205,6,0.47
12776,22783,18,0.06
12777,10101,13,0.23
12778,11223,15,0.95
12779,7795,5,0.9
12780,22073,13,0.85
12781,11677,13,0.74
12782,23013,5,0.65
12783,10328,12,0.81
12784,20242,1,0.94
12785,23174,16,0.28
12786,7454,9,0.25
12787,28902,6,0.29
12788,21046,3,0.14
12789,17507,5,0.37
12790,19366,19,0.98
12791,26164,2,0.44
12792,3279,1,1.0
12793,29922,15,0.59
12794,11291,13,0.25
12795,2772,6,0.98
12796,34897,18,0.62
12797,12228,7,0.14
12798,23735,4,0.96
12799,24543,5,0.99
12800,24724,11,0.92
12801,26415,6,0.63
12802,3456,18,0.17
12803,16400,3,0.89
12804,22573,13,0.94
12805,2313,4,0.75
12806,6578,7,0.55
12807,11066,14,0.32
12808,16761,3,0.32
12809,2026,2,0.59
12810,8436,8,0.33
12811,15306,12,0.55
12812,29272,19,0.79
12813,393,9,0.59
12814,16276,14,0.78
12815,33792,16,0.2
12816,29023,2,0.22
12817,32168,3,0.47
12818,11018,13,0.83
12819,31365,4,0.43
12820,25358,17,0.97
12821,29906,7,0.43
12822,5798,13,0.79
12823,12888,12,0.33
12824,27790,14,0.2
12825,18537,3,0.91
12826,7943,16,0.75
12827,20724,4,0.92
12828,26523,19,0.53
12829,20604,14,0.25
12830,22614,18,0.12
12831,13370,18,0.94
12832,14239,18,0.84
12833,30774,17,0.39
12834,2303,15,0.49
12835,26232,5,0.5
12836,33622,1,0.86
12837,1836,1,0.81
12838,6326,10,0.28
12839,11509,7,0.9
12840,15432,10,0.19
12841,888,1,0.34
12842,26132,5,0.56
12843,20167,9,0.1
12844,3674,3,0.94
12845,3414,1,0.78
12846,6682,4,0.95
12847,11952,2,0.04
12848,18511,19,0.81
12849,3475,16,0.17
12850,17890,5,0.94
12851,13910,14,0.88
12852,5539,17,0.05
12853,4604,8,0.62
12854,9385,16,0.51
12855,22518,11,0.2
12856,11727,10,0.36
12857,12304,6,0.2
12858,14093,16,0.38
12859,25793,12,0.16
12860,26346,15,0.37
12861,26130,15,0.44
12862,9630,11,0.13
12863,22585,11,0.76
12864,1307,1,0.74
12865,4840,17,0.7
12866,6565,9,0.69
12867,29973,19,0.9
12868,8427,2,0.3
12869,11343,13,0.13
12870,20208,16,0.75
12871,12384,4,0.31
12872,13110,18,0.12
12873,34670,11,0.28
12874,23813,1,0.26
12875,11141,9,0.01
12876,17697,9,0.74
12877,15783,10,0.65
12878,12656,4,0.18
12879,12546,11,0.22
12880,1339,5,0.98
12881,7526,4,0.6
12882,29426,15,0.77
12883,27296,11,0.4
12884,4921,19,0.68
12885,30956,3,0.82
12886,34267,19,0.3
12887,23427,8,0.04
12888,21592,6,0.46
12889,7837,15,0.62
12890,14190,18,0.94
12891,8307,6,0.42
12892,31604,9,0.65
12893,27065,15,0.42
12894,7348,4,0.55
12895,20539,7,0.76
12896,22575,9,0.33
12897,33912,2,0.57
12898,19519,14,0.41
12899,29621,18,0.04
12900,10002,17,0.48
12901,12705,18,0.5
12902,30717,17,0.88
12903,11171,7,0.1
12904,25883,11,0.84
12905,21465,10,0.97
12906,12421,3,0.9
12907,15662,13,0.31
12908,7602,11,0.72
12909,11347,8,0.95
12910,1161,12,0.88
12911,7945,17,0.94
12912,30759,11,0.95
12913,8511,13,0.04
12914,29482,7,0.32
12915,15513,18,0.65
12916,12053,2,0.11
12917,12502,14,0.93
12918,21546,2,0.12
12919,7251,5,0.54
12920,15074,17,0.56
12921,23924,16,0.22
12922,17789,19,0.8
12923,2156,4,0.3
12924,14943,10,0.27
12925,26521,9,0.66
12926,8281,2,0.29
12927,14977,1,0.36
12928,34613,12,0.46
12929,5166,14,0.97
12930,33132,18,0.83
12931,2758,4,0.23
12932,5835,6,0.15
12933,16042,17,0.04
12934,21292,13,0.24
12935,6916,7,0.43
12936,19850,18,0.94
12937,8134,14,0.49
12938,29410,7,0.47
12939,24456,14,0.93
12940,33310,12,0.43
12941,774,15,0.3
12942,19687,7,0.64
12943,32267,2,0.26
12944,2134,5,0.23
12945,19016,6,0.69
12946,22398,9,0.35
12947,29054,19,0.79
12948,30944,1,0.44
12949,32813,3,0.63
12950,23922,16,0.73
12951,26551,4,0.94
12952,842,14,0.82
12953,8071,6,0.33
12954,30712,8,0.11
12955,17156,18,0.95
12956,13621,16,0.18
12957,27292,2,0.26
12958,13941,14,0.3
12959,6218,6,0.37
12960,5075,10,0.26
12961,30080,14,0.38
12962,10976,11,0.99
12963,10665,13,0.86
12964,34341,14,0.29
12965,34570,11,0.01
12966,23149,13,0.71
12967,15677,15,0.83
12968,25877,9,0.42
12969,11322,3,0.01
12970,22586,11,0.2
12971,456,11,0.51
12972,23241,10,0.42
12973,28282,7,0.91
12974,13231,12,0.49
12975,18462,11,0.4
12976,27193,10,0.29
12977,2192,4,0.4
12978,7058,18,0.65
12979,919,17,0.48
12980,11895,11,0.35
12981,11027,17,0.21
12982,26237,11,0.49
12983,13597,17,0.89
12984,6467,14,0.63
12985,12225,10,0.88
12986,29798,18,0.84
12987,22465,2,0.04
12988,27613,10,0.84
12989,31148,15,0.59
12990,686,8,0.79
12991,26389,9,0.4
12992,17950,9,0.21
12993,17015,4,0.79
12994,30782,6,0.34
12995,30260,6,0.99
12996,33496,5,0.67
12997,28981,16,0.49
12998,8924,19,0.39
12999,27427,10,0.08
13000,31196,4,0.94
13001,8110,3,0.34
13002,3384,16,0.4
13003,13982,9,0.61
13004,15512,12,0.86
13005,30593,16,0.35
13006,16687,9,0.41
13007,34276,14,0.57
13008,20723,8,0.1
13009,20013,14,0.29
13010,3062,8,0.15
13011,14918,16,0.42
13012,34459,12,0.41
13013,32053,18,0.6
13014,18722,12,0.57
13015,25780,5,0.8
13016,28580,4,0.38
13017,31239,9,0.44
13018,7285,1,0.51
13019,25717,13,0.25
13020,12948,1,0.28
13021,988,19,0.61
13022,2918,12,0.28
13023,15093,2,0.49
13024,32271,14,0.21
13025,1246,1,0.71
13026,23829,16,0.97
13027,11557,19,0.95
13028,14125,5,0.95
13029,2550,1,0.38
13030,9841,10,0.78
13031,27836,4,0.49
13032,32177,9,0.88
13033,2932,15,0.5
13034,14415,1,0.45
13035,5358,11,0.54
13036,16269,13,0.24
13037,18687,17,0.85
13038,28767,7,0.87
13039,18844,17,0.36
13040,6245,1,0.87
13041,33936,15,0.77
13042,1650,16,0.35
13043,32630,2,0.66
13044,9994,18,0.58
13045,2434,2,0.21
13046,20709,14,0.95
13047,23253,9,0.86
13048,4734,12,0.21
13049,25296,17,0.72
13050,11084,1,0.68
13051,24737,9,0.15
13052,7653,3,0.6
13053,17139,14,0.06
13054,27038,18,0.64
13055,20102,7,0.22
13056,14398,8,0.22
13057,17132,11,0.53
13058,30511,11,0.7
13059,26531,13,0.59
13060,34555,15,0.05
13061,647,11,0.03
13062,895,14,0.17
13063,31321,12,0.93
13064,19660,15,0.89
13065,17963,13,0.86
13066,21513,9,0.39
13067,493,19,0.86
13068,19712,1,0.44
13069,4376,1,0.08
13070,32926,15,0.86
13071,23280,17,0.59
13072,33082,14,0.39
13073,5972,7,0.83
13074,12484,13,0.11
13075,11519,4,0.55
13076,20807,1,0.58
13077,22493,3,0.44
13078,34922,12,0.92
13079,3881,12,0.04
13080,18251,7,0.99
13081,11984,5,0.77
13082,7636,9,0.52
13083,15296,5,0.78
13084,3122,3,0.13
13085,8183,13,0.19
13086,25659,8,0.87
13087,27859,2,0.98
13088,13913,13,0.03
13089,15583,2,0.58
13090,29569,4,0.13
13091,22440,9,0.52
13092,25210,7,0.4
13093,28322,18,0.2
13094,8600,13,0.15
13095,13469,9,0.39
13096,17360,1,0.01
13097,27719,6,0.56
13098,26308,8,0.99
13099,32965,9,0.52
13100,10157,16,0.19
13101,24609,16,0.69
13102,32425,18,0.62
13103,7813,3,0.8
13104,15131,12,0.39
13105,14350,12,0.46
13106,29795,12,0.07
13107,26181,13,0.84
13108,24459,14,0.33
13109,4457,6,0.67
13110,5686,3,0.07
13111,2630,12,0.89
13112,420,10,0.1
13113,25806,5,0.64
13114,22143,1,0.62
13115,26986,4,0.89
13116,16904,6,0.25
13117,24970,4,0.56
13118,18975,6,0.67
13119,26356,15,0.78
13120,5934,19,0.9
13121,30572,11,0.81
13122,27853,7,0.37
13123,18965,5,0.22
13124,34938,1,0.89
13125,19241,19,0.43
13126,18080,9,0.06
13127,25059,8,0.63
13128,15997,4,0.27
13129,11378,10,0.22
13130,9922,3,0.11
13131,7665,3,0.03
13132,24740,9,0.09
13133,16245,14,0.62
13134,31943,4,0.57
13135,6746,4,0.66
13136,2649,14,0.4
13137,14071,14,0.96
13138,24317,6,0.45
13139,18347,10,0.61
13140,30120,16,0.3
13141,3136,3,0.26
13142,6662,17,0.4
13143,4933,6,0.6
13144,22120,4,0.25
13145,4275,10,0.97
13146,27634,10,0.27
13147,16732,8,0.44
13148,21062,6,0.5
13149,8790,4,0.22
13150,20527,15,0.4
13151,32533,1,0.11
13152,26785,6,0.88
13153,13250,5,0.62
13154,10114,12,0.25
13155,18788,16,0.08
13156,10574,16,0.09
13157,51,14,0.63
13158,25516,13,0.11
13159,578,4,0.56
13160,6156,9,0.19
13161,20244,16,0.24
13162,10663,4,0.25
13163,23646,18,0.02
13164,14600,14,0.98
13165,32841,6,0.84
13166,31235,17,0.77
13167,326,8,0.52
13168,14259,11,0.13
13169,18204,10,0.52
13170,18708,2,0.3
13171,17355,18,0.72
13172,18430,9,0.19
13173,27416,7,0.76
13174,30721,12,0.99
13175,2577,14,0.89
13176,26821,3,0.39
13177,22388,19,0.59
13178,1719,5,0.08
13179,24088,15,0.35
13180,1328,14,0.27
13181,18261,11,0.43
13182,31214,18,0.89
13183,32067,16,0.85
13184,28230,19,0.85
13185,18158,17,0.79
13186,26511,17,0.31
13187,1137,12,0.41
13188,32673,3,0.59
13189,15025,2,0.33
13190,5594,3,0.45
13191,31716,12,0.22
13192,30860,14,0.95
13193,34408,19,0.16
13194,25222,19,0.28
13195,8810,1,0.36
13196,1708,14,0.72
13197,16404,17,0.9
13198,17295,16,0.41
13199,21938,14,0.63
13200,34823,19,0.87
13201,18484,4,0.76
13202,11144,14,0.58
13203,31488,19,0.12
13204,16792,19,0.63
13205,25427,19,0.04
13206,11645,5,0.98
13207,25285,15,0.61
13208,28264,2,0.56
13209,19788,17,0.21
13210,12727,1,0.25
13211,22137,2,0.87
13212,532,14,0.81
13213,614,12,0.69
13214,5845,4,0.11
13215,26192,7,0.16
13216,20274,15,0.76
13217,11953,15,0.88
13218,27708,13,0.28
13219,19320,3,0.43
13220,22453,7,0.16
13221,3430,5,0.06
13222,2470,7,0.84
13223,10812,16,0.91
13224,31874,14,0.0
13225,1681,3,0.38
13226,25816,4,0.38
13227,29839,19,0.45
13228,793,12,0.67
13229,5635,18,0.56
13230,26864,18,0.98
13231,26468,11,0.09
13232,22789,19,0.02
13233,13775,3,0.24
13234,10240,17,0.36
13235,22505,10,0.49
13236,32502,9,0.88
13237,26114,11,0.52
13238,4170,13,0.46
13239,31437,5,0.96
13240,1531,5,0.83
13241,3829,14,0.73
13242,8762,15,0.25
13243,23336,8,0.3
13244,10753,15,0.8
13245,22608,11,0.1
13246,5378,15,0.44
13247,6739,6,0.38
13248,4634,10,0.02
13249,31422,11,0.15
13250,14018,9,0.76
13251,26004,16,0.09
13252,33101,13,0.2
13253,10533,8,0.93
13254,15921,11,0.46
13255,12181,5,0.93
13256,28954,19,0.96
13257,9452,10,0.6
13258,23403,13,0.31
13259,22714,4,0.34
13260,22540,11,0.83
13261,32308,19,0.26
13262,18221,16,0.49
13263,14335,8,0.69
13264,22338,7,0.76
13265,17466,14,0.04
13266,18206,12,0.17
13267,3118,14,0.33
13268,24414,4,0.37
13269,8451,8,0.22
13270,10946,11,0.81
13271,14150,10,0.81
13272,16095,7,0.18
13273,33626,9,0.64
13274,27737,6,0.82
13275,9921,2,0.26
13276,26597,2,0.28
13277,7250,9,0.9
13278,19255,12,0.43
13279,11186,1,0.0
13280,2408,19,0.76
13281,31644,6,0.78
13282,34077,12,0.9
13283,8697,13,0.02
13284,6059,11,0.05
13285,29814,9,0.82
13286,33848,6,0.83
13287,13838,8,0.17
13288,17213,1,0.09
13289,14896,15,0.57
13290,4219,13,0.09
13291,518,14,0.89
13292,34832,14,0.03
13293,34351,19,0.37
13294,32952,1,0.67
13295,30022,10,0.18
13296,8593,9,0.45
13297,10709,11,0.51
13298,24189,6,0.9
13299,31368,16,0.31
13300,26648,9,0.96
13301,6359,19,0.36
13302,11470,4,0.2
13303,28798,10,0.37
13304,3285,2,0.96
13305,9381,6,0.7
13306,25651,9,0.2
13307,19374,3,0.08
13308,10081,17,0.9
13309,17616,16,0.89
13310,33097,18,0.61
13311,14637,12,0.97
13312,7645,7,0.14
13313,22699,13,0.44
13314,5856,5,0.54
13315,7911,10,0.45
13316,384,3,0.35
13317,24961,2,0.76
13318,3902,9,0.14
13319,31174,5,0.56
13320,1725,2,0.47
13321,14161,1,0.31
13322,19071,1,0.51
13323,2221,2,0.07
13324,29987,19,0.26
13325,28750,1,0.86
13326,15843,1,0.24
13327,11690,14,0.32
13328,12315,5,0.66
13329,2669,17,0.47
13330,32066,10,0.96
13331,1069,18,0.14
13332,7252,14,0.31
13333,10921,18,0.92
13334,21512,2,0.5
13335,32888,16,0.85
13336,32580,19,0.22
13337,11193,4,0.07
13338,1560,1,0.45
13339,21213,12,0.56
13340,7060,6,0.18
13341,3706,6,0.06
13342,18568,8,0.35
13343,13276,10,1.0
13344,15165,19,0.43
13345,29827,19,0.7
13346,30747,7,0.13
13347,25950,1,0.86
13348,8642,12,0.24
13349,16287,4,0.67
13350,14354,14,0.74
13351,28196,11,0.27
13352,13851,5,0.68
13353,28907,6,0.45
13354,8880,18,0.21
13355,33798,4,0.19
13356,16931,11,0.83
13357,18597,18,0.64
13358,26024,15,0.14
13359,19944,6,0.49
13360,8907,15,0.51
13361,27988,19,0.81
13362,14410,19,0.67
13363,32123,13,0.34
13364,9260,19,0.47
13365,5150,7,0.95
13366,6956,16,0.3
13367,32561,9,0.38
13368,11329,10,0.07
13369,13277,14,0.61
13370,9910,6,0.82
13371,14425,9,0.66
13372,25701,14,0.37
13373,17181,4,0.93
13374,8239,13,0.83
13375,24269,8,0.75
13376,31276,15,0.41
13377,32741,17,0.64
13378,11620,18,0.26
13379,18427,6,0.82
13380,31461,15,0.29
13381,26860,6,0.61
13382,26146,1,0.21
13383,33183,15,0.18
13384,22630,15,0.74
13385,27564,3,0.35
13386,4957,16,0.42
13387,10037,13,0.01
13388,34898,18,0.35
13389,18571,4,0.59
13390,14843,12,0.3
13391,10743,6,0.44
13392,24081,17,0.41
13393,2938,4,0.26
13394,940,12,0.51
13395,32248,17,0.85
13396,27337,2,0.68
13397,1718,11,0.12
13398,15385,10,0.99
13399,7061,9,0.61
13400,11635,16,0.8
13401,24090,7,0.48
13402,8898,15,0.18
13403,22338,12,0.77
13404,16947,14,0.52
13405,18029,12,0.64
13406,15548,19,0.67
13407,263,16,0.93
13408,19839,3,0.12
13409,6109,9,0.35
13410,31670,2,0.34
13411,31773,11,0.13
13412,11923,5,0.73
13413,1390,7,0.71
13414,3586,1,0.11
13415,27555,9,0.45
13416,29291,7,0.43
13417,26852,18,0.96
13418,12672,10,0.6
13419,22448,15,0.1
13420,21287,6,0.58
13421,27776,5,0.4
13422,18531,13,0.69
13423,21768,2,0.2
13424,17385,10,0.56
13425,24958,11,0.8
13426,32312,5,0.08
13427,29949,19,0.25
13428,25157,3,0.93
13429,10169,19,0.09
13430,3806,8,0.72
13431,23486,16,0.23
13432,19448,1,0.01
13433,16639,16,0.73
13434,33787,3,0.8
13435,650,12,0.03
13436,6345,12,0.68
13437,20033,5,0.11
13438,6563,11,0.61
13439,22776,18,0.7
13440,17755,2,0.12
13441,19792,17,0.54
13442,17317,18,0.38
13443,20447,11,0.67
13444,25367,7,0.56
13445,28101,12,0.27
13446,21654,5,0.89
13447,10577,6,0.22
13448,20464,3,0.5
13449,21843,12,0.23
13450,34701,12,0.62
13451,2713,7,0.49
13452,27292,2,0.2
13453,31704,14,0.94
13454,18986,6,0.74
13455,22388,6,0.66
13456,19623,13,0.3
13457,20354,1,0.18
13458,24842,11,0.04
13459,1339,2,0.26
13460,23516,1,0.65
13461,30375,6,0.39
13462,20411,2,0.34
13463,16191,7,0.11
13464,34032,15,0.16
13465,28771,15,0.06
13466,19799,16,0.92
13467,7527,6,0.42
13468,2655,7,0.5
13469,17370,2,0.72
13470,8252,1,0.44
13471,32785,5,0.05
13472,21009,15,0.14
13473,6307,4,0.11
13474,23743,9,0.09
13475,12614,1,0.68
13476,32842,9,0.62
13477,13977,17,0.58
13478,3639,16,0.12
13479,25741,19,0.42
13480,1051,10,0.89
13481,14763,1,0.36
13482,17573,19,0.44
13483,14618,14,0.39
13484,34721,3,0.72
13485,29711,10,0.82
13486,10706,16,0.2
13487,34219,12,0.75
13488,5647,5,0.29
13489,1860,18,0.38
13490,31050,6,0.88
13491,9078,5,0.42
13492,16435,5,0.81
13493,6793,1,0.16
13494,26575,15,0.57
13495,8259,18,0.1
13496,16992,9,0.61
13497,10913,3,0.15
13498,14636,13,0.58
13499,21437,15,0.9
13500,11851,5,0.71
13501,20981,3,0.74
13502,19695,8,0.03
13503,1963,15,0.44
13504,21056,6,0.43
13505,24537,4,0.18
13506,22363,5,0.28
13507,15979,2,0.42
13508,24681,18,0.57
13509,18172,10,0.23
13510,10220,2,0.11
13511,10904,8,0.19
13512,5154,13,0.26
13513,18840,19,0.87
13514,29660,6,0.02
13515,29364,14,0.31
13516,18015,10,0.22
13517,31985,15,0.48
13518,8332,3,0.25
13519,19492,12,0.84
13520,5966,4,0.69
13521,8326,10,0.4
13522,10761,9,0.77
13523,26113,11,0.95
13524,33140,10,0.93
13525,22237,17,0.57
13526,10064,17,0.18
13527,34463,16,0.54
13528,7814,7,0.65
13529,10135,6,0.14
13530,5386,17,0.64
13531,29313,9,0.86
13532,12448,10,0.31
13533,33914,8,0.89
13534,21781,17,0.86
13535,18699,19,0.47
13536,21071,5,0.86
13537,5891,2,0.96
13538,5486,3,0.93
13539,14029,4,0.91
13540,19488,12,0.46
13541,4903,9,0.77
13542,17884,11,0.71
13543,13050,16,0.84
13544,4882,5,0.36
13545,26511,13,0.68
13546,3570,11,0.53
13547,22252,14,0.49
13548,3010,11,0.3
13549,21941,12,0.48
13550,5919,10,0.7
13551,24996,18,0.03
13552,4507,4,0.33
13553,31688,17,0.15
13554,1179,3,0.95
13555,16979,13,0.04
13556,3756,2,0.39
13557,16917,4,0.6
13558,21007,2,0.3
13559,1938,5,0.88
13560,34656,4,0.64
13561,13787,7,0.15
13562,10427,14,0.66
13563,4362,4,0.35
13564,11005,6,0.73
13565,17957,18,0.46
13566,2150,17,0.83
13567,1243,13,0.96
13568,22064,3,0.91
13569,4557,19,0.02
13570,29710,8,0.64
13571,11660,7,0.85
13572,2454,3,0.56
13573,24795,11,0.87
13574,24433,7,0.22
13575,25171,18,0.66
13576,23199,8,0.08
13577,19460,2,0.59
13578,22116,4,0.9
13579,22169,8,0.47
13580,31404,19,0.33
13581,14915,5,0.57
13582,28699,4,0.74
13583,13039,14,0.75
13584,17415,4,0.5
13585,1820,2,0.54
13586,4340,13,0.53
13587,16915,11,0.05
13588,7656,13,0.75
13589,29475,5,0.63
13590,18445,6,0.77
13591,31855,6,0.04
13592,8437,2,0.79
13593,22833,15,0.16
13594,16932,6,0.96
13595,2146,15,0.81
13596,29930,7,0.91
13597,34802,15,0.27
13598,25855,11,0.91
13599,13066,11,0.62
13600,2659,10,0.93
13601,5713,9,0.8
13602,8805,7,0.07
13603,12729,17,0.05
13604,25298,2,0.33
13605,10726,12,0.6
13606,16579,18,0.75
13607,34669,3,0.61
13608,1837,11,0.37
13609,1624,12,0.57
13610,10509,15,0.28
13611,28937,3,0.1
13612,20708,17,0.51
13613,32105,19,0.44
13614,19762,16,0.06
13615,26924,6,0.84
13616,21280,17,0.98
13617,23987,7,0.45
13618,34916,6,0.44
13619,1132,4,0.92
13620,16716,14,0.1
13621,31603,19,0.6
13622,15341,7,0.43
13623,31510,15,0.52
13624,1097,19,0.53
13625,29407,14,0.37
13626,29866,12,0.26
13627,7322,6,0.57
13628,15716,10,0.27
13629,238,17,0.79
13630,11761,18,0.89
13631,22232,11,0.61
13632,26260,1,0.29
13633,1550,16,0.97
13634,22218,17,0.37
13635,12761,9,0.78
13636,19435,1,0.83
13637,6816,5,0.97
13638,23560,4,0.59
13639,10774,2,0.96
13640,25723,11,0.14
13641,18502,1,0.21
13642,31897,5,0.79
13643,11810,16,0.66
13644,8655,4,0.94
13645,1740,13,0.57
13646,3026,16,0.67
13647,10255,13,0.33
13648,22267,2,0.76
13649,13435,16,0.02
13650,34613,3,0.3
13651,3603,7,0.16
13652,16098,7,0.76
13653,12958,8,0.72
13654,12986,12,0.71
13655,16159,12,0.29
13656,3773,5,0.21
13657,12924,15,0.35
13658,2379,19,0.55
13659,31729,1,0.7
13660,12787,15,0.36
13661,34337,17,0.63
13662,24630,10,0.28
13663,21257,6,0.57
13664,9881,15,0.92
13665,17381,9,0.33
13666,32770,17,1.0
13667,8137,5,0.9
13668,22971,7,0.64
13669,18476,3,0.03
13670,3417,16,0.97
13671,6898,9,0.5
13672,16138,9,0.09
13673,26844,12,0.56
13674,16381,5,0.14
13675,28680,3,0.06
13676,25332,18,0.31
13677,11543,6,0.77
13678,6099,8,0.68
13679,10641,10,0.2
13680,31903,15,0.8
13681,20047,14,0.73
13682,3565,2,0.47
13683,25719,16,0.5
13684,2345,14,0.79
13685,3,1,0.5
13686,1337,7,0.79
13687,29872,18,0.4
13688,3509,4,0.28
13689,7338,2,0.92
13690,21665,6,0.56
13691,24534,1,0.33
13692,6612,6,0.59
13693,14748,2,0.94
13694,26881,18,0.62
13695,26730,17,0.33
13696,5921,5,0.06
13697,7523,14,0.51
13698,2028,8,0.22
13699,25673,14,0.03
13700,11449,6,0.86
13701,20754,15,0.82
13702,32892,16,0.56
13703,10927,13,0.07
13704,30034,6,0.45
13705,18000,4,0.99
13706,28041,7,0.32
13707,30379,19,0.51
13708,14097,12,0.75
13709,12092,19,0.82
13710,21834,2,0.51
13711,1085,19,0.1
13712,25050,9,0.32
13713,9578,10,0.37
13714,24022,3,0.89
13715,32840,6,0.12
13716,21390,19,0.94
13717,7723,3,0.8
13718,29121,7,0.7
13719,22276,13,0.18
13720,17686,12,0.95
13721,18978,2,0.25
13722,13429,1,0.23
13723,12710,8,0.96
13724,22995,12,0.67
13725,24754,8,0.61
13726,28712,19,0.43
13727,28480,19,0.96
13728,1020,18,0.21
13729,30265,3,0.64
13730,8559,12,0.37
13731,17022,6,0.07
13732,26704,1,0.48
13733,15041,10,0.87
13734,23919,7,0.62
13735,10533,4,0.63
13736,21041,4,0.25
13737,18999,10,0.03
13738,29928,6,0.16
13739,24964,8,0.68
13740,23759,5,0.01
13741,664,16,0.95
13742,21393,10,0.77
13743,48,11,0.37
13744,27834,7,0.58
13745,26545,8,0.28
13746,20368,1,0.8
13747,30124,18,0.8
13748,20835,18,0.56
13749,6406,1,0.56
13750,27181,1,0.35
13751,26557,9,0.69
13752,30424,19,1.0
13753,30356,16,0.55
13754,24485,10,0.78
13755,3322,4,0.25
13756,23919,6,0.49
13757,2991,11,0.34
13758,20705,2,0.6
13759,20070,16,0.78
13760,22314,11,0.25
13761,33058,1,0.39
13762,22017,19,0.25
13763,28956,6,0.95
13764,32531,8,0.81
13765,16538,11,0.84
13766,11164,5,0.42
13767,6790,5,0.58
13768,16221,9,0.32
13769,3710,12,0.96
13770,20851,6,0.98
13771,5738,6,0.2
13772,24608,10,0.78
13773,10963,12,0.24
13774,5412,17,0.56
13775,27556,14,0.4
13776,11262,12,0.59
13777,14432,6,0.98
13778,744,5,0.1
13779,1819,7,0.53
13780,27826,5,0.72
13781,33031,7,0.7
13782,11947,19,0.04
13783,9046,15,0.05
13784,8234,11,0.57
13785,5396,13,0.77
13786,22086,7,0.8
13787,20129,17,0.02
13788,16648,2,0.04
13789,12158,9,0.75
13790,10884,13,0.31
13791,2498,9,0.23
13792,15117,6,0.16
13793,16011,12,0.33
13794,9039,10,0.91
13795,26595,14,0.66
13796,12013,14,0.99
13797,9838,4,0.65
13798,5649,9,0.78
13799,32254,13,0.7
13800,5962,9,0.78
13801,652,5,0.63
13802,3746,5,0.8
13803,17117,13,0.39
13804,1608,3,0.56
13805,31725,11,0.96
13806,6138,8,0.25
13807,16264,3,0.9
13808,25955,15,0.25
13809,16413,17,0.85
13810,19947,17,0.08
13811,12458,14,0.56
13812,9614,19,0.68
13813,17199,11,0.43
13814,568,13,0.74
13815,2902,6,0.54
13816,25937,16,0.59
13817,16916,15,0.88
13818,6846,10,0.1
13819,6223,8,0.65
13820,3796,14,0.44
13821,18724,8,0.66
13822,33883,11,0.34
13823,16640,17,0.91
13824,9602,10,0.1
13825,32260,11,0.86
13826,5797,13,0.98
13827,10460,19,0.18
13828,295,15,0.61
13829,2137,5,0.52
13830,18830,15,0.66
13831,9046,5,0.51
13832,30898,1,0.72
13833,16910,8,0.3
13834,30621,6,0.8
13835,3488,7,0.97
13836,14087,15,0.06
13837,31048,11,0.01
13838,21552,6,0.98
13839,10557,18,0.38
13840,5122,12,0.38
13841,4734,8,0.95
13842,8715,4,0.78
13843,31253,8,0.81
13844,28096,13,0.64
13845,9214,6,0.63
13846,22711,15,0.74
13847,3842,1,0.15
13848,13613,12,0.16
13849,26775,3,0.12
13850,23561,1,0.72
13851,873,5,0.93
13852,1875,4,0.36
13853,19236,8,0.58
13854,32318,2,0.74
13855,15179,14,0.08
13856,32352,4,0.88
13857,28818,7,0.56
13858,34146,3,0.14
13859,19341,19,0.98
13860,26476,18,0.62
13861,27823,3,0.28
13862,13256,8,0.31
13863,16824,1,0.52
13864,34560,5,0.99
13865,30161,13,0.35
13866,16333,6,0.18
13867,6501,9,0.4
13868,18053,15,0.54
13869,7061,9,0.46
13870,16163,17,0.11
13871,2982,14,0.96
13872,12841,4,0.31
13873,26582,6,0.56
13874,1529,5,0.53
13875,31194,19,0.57
13876,25815,13,0.24
13877,22736,5,0.37
13878,29673,18,0.57
13879,31277,1,0.72
13880,3494,5,0.4
13881,19252,6,0.61
13882,11610,17,0.88
13883,34265,15,0.25
13884,21458,2,0.87
13885,17586,6,0.81
13886,24452,6,0.85
13887,31560,13,0.39
13888,32761,8,0.9
13889,7482,4,0.39
13890,24223,17,0.73
13891,26772,13,0.14
13892,8080,6,0.67
13893,1632,19,0.81
13894,13689,5,0.27
13895,33517,5,0.75
13896,20258,4,0.25
13897,2905,16,0.04
13898,27562,17,0.12
13899,19196,11,0.05
13900,34445,11,0.99
13901,12101,11,0.79
13902,1012,9,0.42
13903,9597,15,0.55
13904,10668,12,0.13
13905,25538,6,0.98
13906,132,11,0.14
13907,11396,3,0.46
13908,10347,7,0.02
13909,15945,14,0.33
13910,1204,10,0.54
13911,19781,9,0.12
13912,7669,17,0.91
13913,9157,4,0.01
13914,8165,12,0.41
13915,26750,1,0.08
13916,25719,13,0.18
13917,16799,13,0.48
13918,25613,7,0.3
13919,2688,8,0.27
13920,6288,19,0.32
13921,21896,14,0.95
13922,19180,11,0.45
13923,14692,19,0.03
13924,30646,4,0.43
13925,2079,14,0.37
13926,22368,14,0.77
13927,23825,6,0.08
13928,15998,17,0.89
13929,6671,4,0.54
13930,795,14,0.44
13931,27542,14,0.17
13932,17976,13,0.85
13933,19995,16,0.74
13934,25739,19,0.16
13935,32290,9,0.37
13936,10350,8,0.03
13937,26088,17,0.27
13938,32931,1,0.54
13939,8312,1,0.18
13940,33363,13,0.2
13941,21804,13,0.98
13942,13714,6,0.92
13943,2554,19,0.97
13944,1776,2,0.63
13945,30583,17,0.53
13946,25519,2,1.0
13947,19507,17,0.77
13948,11467,17,0.52
13949,12072,19,0.65
13950,21881,13,0.85
13951,31813,7,0.54
13952,25101,18,0.52
13953,24916,7,0.89
13954,12978,7,0.39
13955,11594,12,0.84
13956,16589,3,0.92
13957,3824,17,0.87
13958,26339,19,0.37
13959,27602,16,0.23
13960,9037,18,0.67
13961,33277,4,0.24
13962,34818,5,0.66
13963,6331,2,0.56
13964,18610,13,0.94
13965,28055,11,0.77
13966,34112,17,0.42
13967,8677,3,0.85
13968,27691,17,0.13
13969,30212,7,0.89
13970,19510,1,0.26
13971,26042,5,0.42
13972,14181,16,0.84
13973,14466,19,0.3
13974,709,14,0.69
13975,4743,8,0.17
13976,21112,15,0.91
13977,3367,3,0.58
13978,11773,10,0.56
13979,17949,7,0.9
13980,33417,6,0.16
13981,15476,12,0.3
13982,6677,15,0.38
13983,30277,17,0.99
13984,10971,2,0.71
13985,16653,16,0.41
13986,27972,7,0.14
13987,14453,18,0.46
13988,16051,1,0.03
13989,33137,2,0.17
13990,16090,11,0.02
13991,15510,17,0.16
13992,1325,8,0.4
13993,3395,4,0.4
13994,13421,12,0.14
13995,20122,19,0.14
13996,14591,8,0.93
13997,11144,12,0.47
13998,17323,4,0.28
13999,26752,15,0.79
14000,18711,6,0.95
14001,32717,4,0.26
14002,31176,16,0.29
14003,26296,2,0.16
14004,9331,8,0.31
14005,33595,3,0.79
14006,27469,10,0.78
14007,990,13,0.5
14008,11499,6,0.19
14009,24191,17,0.49
14010,18226,9,0.31
14011,18718,3,0.98
14012,6764,15,1.0
14013,30354,13,0.06
14014,15561,7,0.43
14015,20065,14,0.54
14016,1396,10,0.17
14017,8234,7,0.78
14018,7970,19,0.18
14019,19045,5,0.62
14020,23291,4,0.99
14021,7520,4,0.2
14022,33660,9,1.0
14023,7270,7,0.45
14024,28851,11,0.11
14025,9230,14,0.84
14026,8639,5,0.79
14027,7280,4,0.15
14028,28335,8,0.52
14029,26493,2,0.67
14030,30054,10,0.37
14031,16376,12,0.96
14032,25876,7,0.84
14033,9615,8,0.2
14034,28721,11,0.51
14035,8668,2,0.78
14036,8063,19,0.41
14037,27522,14,0.03
14038,33621,1,0.21
14039,23209,4,0.5
14040,24015,19,0.41
14041,25965,17,0.83
14042,21278,13,0.36
14043,30822,12,0.72
14044,9951,2,0.32
14045,29812,5,0.43
14046,32252,15,0.12
14047,28924,5,0.63
14048,10787,19,0.17
14049,30113,16,0.76
14050,34278,3,0.92
14051,25922,4,0.3
14052,32777,3,0.84
14053,13633,10,0.05
14054,23360,6,0.12
14055,28442,8,0.19
14056,29128,12,0.61
14057,4499,5,0.96
14058,28271,14,0.87
14059,7203,2,0.93
14060,33906,12,0.63
14061,10643,9,0.23
14062,2005,7,0.19
14063,25994,1,0.66
14064,8886,11,0.67
14065,31569,8,0.23
14066,20369,8,0.62
14067,29200,13,0.81
14068,23100,8,0.7
14069,1604,4,0.04
14070,18394,16,0.59
14071,3417,12,0.62
14072,24132,16,0.9
14073,3804,12,0.82
14074,9070,8,0.58
14075,19036,11,0.07
14076,19989,4,0.12
14077,21937,18,0.05
14078,3968,3,0.68
14079,12269,19,0.28
14080,23175,9,0.76
14081,18461,7,0.59
14082,11887,19,0.97
14083,2489,5,0.3
14084,3455,8,0.41
14085,22102,13,0.09
14086,24940,13,0.38
14087,16998,5,0.87
14088,21258,18,0.37
14089,6973,7,0.62
14090,3738,8,0.93
14091,18393,16,0.77
14092,26285,9,0.66
14093,25738,18,0.26
14094,19862,4,0.36
14095,25764,13,0.34
14096,24237,12,0.36
14097,19978,17,0.08
14098,20450,8,0.51
14099,13587,5,0.93
14100,15418,18,0.36
14101,3992,7,0.15
14102,562,16,0.59
14103,22348,13,0.73
14104,3843,3,0.85
14105,15531,1,0.03
14106,27847,13,0.91
14107,11892,10,0.41
14108,15852,15,0.27
14109,9368,19,0.1
14110,11978,18,0.8
14111,14577,18,0.21
14112,33697,11,0.09
14113,23545,3,0.65
14114,26287,10,0.78
14115,25399,18,0.95
14116,34403,14,0.4
14117,11457,1,0.23
14118,10348,7,0.2
14119,5746,3,0.92
14120,6315,18,0.93
14121,23821,19,0.86
14122,26058,2,0.33
14123,29900,19,0.05
14124,16354,2,0.53
14125,5374,12,0.96
14126,20207,16,0.15
14127,31536,7,0.71
14128,16950,18,0.58
14129,24785,11,0.33
14130,15713,10,0.03
14131,90,12,0.75
14132,1098,15,0.14
14133,16444,4,0.2
14134,30946,10,0.15
14135,31897,10,0.65
14136,17889,16,0.82
14137,24859,6,0.66
14138,4934,16,0.62
14139,10784,11,0.16
14140,20406,14,0.05
14141,983,19,0.93
14142,31599,17,0.26
14143,29313,2,0.48
14144,4571,15,0.33
14145,12369,10,0.34
14146,28790,7,0.29
14147,8478,14,0.03
14148,29568,1,0.9
14149,27096,10,0.5
14150,20938,17,0.37
14151,2283,18,0.07
14152,21048,19,0.32
14153,20362,8,0.92
14154,12331,15,0.68
14155,30984,16,0.48
14156,29729,6,0.45
14157,3030,10,0.77
14158,23256,3,0.74
14159,16854,11,0.9
14160,3560,15,0.35
14161,6236,18,1.0
14162,2180,10,0.57
14163,6500,15,0.58
14164,26802,1,0.42
14165,14103,18,0.19
14166,25744,15,0.59
14167,27221,8,0.56
14168,24561,13,0.4
14169,21731,19,0.83
14170,32941,19,0.08
14171,14405,8,0.68
14172,26741,8,0.9
14173,1544,7,0.9
14174,1662,17,0.01
14175,22464,3,0.98
14176,11497,5,0.96
14177,34020,17,0.63
14178,32718,4,0.57
14179,31151,10,0.07
14180,23351,6,0.77
14181,28265,1,0.55
14182,31547,12,0.1
14183,25196,12,0.09
14184,14055,9,0.68
14185,28728,1,0.03
14186,6466,18,0.69
14187,2770,3,0.4
14188,7245,3,0.64
14189,13962,3,0.28
14190,2538,12,0.23
14191,23772,8,0.5
14192,17112,12,0.19
14193,28107,6,0.49
14194,6827,17,0.22
14195,2667,7,0.93
14196,19593,16,0.62
14197,7321,16,0.14
14198,5047,9,0.22
14199,26442,15,0.21
14200,27912,17,0.25
14201,1186,5,0.27
14202,28936,19,0.16
14203,1186,4,0.4
14204,15858,2,0.61
14205,23223,19,0.36
14206,14151,17,0.39
14207,11501,6,0.63
14208,7722,5,0.39
14209,8451,19,0.02
14210,908,18,0.48
14211,29058,3,0.43
14212,16274,5,0.56
14213,20304,14,0.79
14214,24339,6,0.68
14215,5870,13,0.1
14216,24283,19,0.79
14217,14886,2,0.33
14218,15140,1,0.28
14219,3322,16,0.54
14220,11718,3,0.37
14221,15414,16,0.71
14222,17115,5,0.88
14223,28600,14,0.73
14224,27451,18,0.51
14225,25872,3,0.78
14226,19001,2,0.75
14227,5802,4,0.53
14228,14389,10,0.99
14229,25943,12,0.44
14230,15120,3,0.14
14231,34700,19,0.72
14232,2466,5,0.15
14233,31469,19,0.21
14234,25305,14,0.7
14235,8658,7,0.49
14236,2836,11,0.7
14237,22420,6,0.73
14238,655,10,0.18
14239,6296,4,0.64
14240,32770,18,0.08
14241,16943,1,0.38
14242,11932,17,0.19
14243,13139,19,0.09
14244,273,19,0.67
14245,30781,18,0.03
14246,8948,7,0.05
14247,5393,9,0.61
14248,25396,17,0.32
14249,10522,17,0.64
14250,8014,16,0.29
14251,11786,18,0.22
14252,11511,4,0.39
14253,20868,13,0.4
14254,8571,19,0.99
14255,16941,19,0.32
14256,10970,1,0.7
14257,24727,15,0.83
14258,7261,16,0.88
14259,22472,7,0.09
14260,16459,7,0.95
14261,31962,15,0.09
14262,31662,4,0.2
14263,456,17,0.97
14264,29275,4,0.73
14265,29881,11,0.23
14266,30778,6,0.17
14267,15564,6,0.02
14268,6744,6,0.27
14269,23414,14,0.76
14270,26958,11,0.81
14271,24246,5,0.69
14272,13286,16,0.93
14273,19192,6,0.87
14274,3854,12,0.31
14275,451,14,0.08
14276,4993,16,0.83
14277,16286,13,0.31
14278,20831,4,0.63
14279,11401,7,0.23
14280,23190,7,0.79
14281,30268,10,0.45
14282,18606,3,0.02
14283,90,9,0.21
14284,14144,5,0.54
14285,22672,4,0.87
14286,19314,11,0.6
14287,7204,13,0.76
14288,2030,3,0.89
14289,2356,8,0.02
14290,17306,13,0.05
14291,31740,15,0.73
14292,21125,10,0.41
14293,963,19,0.07
14294,10630,18,0.69
14295,28961,11,0.83
14296,32132,2,0.86
14297,23143,19,0.99
14298,13094,5,0.42
14299,30689,18,0.22
14300,11782,7,0.58
14301,4560,4,0.54
14302,12079,14,0.92
14303,29962,5,0.03
14304,10150,8,0.17
14305,17693,5,0.98
14306,7709,7,0.78
14307,20153,1,0.25
14308,32107,8,0.54
14309,17345,7,0.42
14310,18113,14,0.54
14311,26439,8,0.99
14312,6775,18,0.42
14313,21508,14,0.7
14314,5751,16,0.71
14315,8354,2,0.53
14316,4477,6,0.55
14317,29257,11,0.08
14318,9479,18,0.67
14319,1535,18,0.73
14320,32009,15,0.73
14321,25168,6,0.92
14322,7757,8,0.89
14323,26711,14,0.76
14324,30180,17,0.09
14325,24685,14,0.06
14326,24290,13,0.25
14327,19943,10,0.03
14328,5249,5,0.68
14329,10059,12,0.24
14330,17094,14,0.21
14331,9702,10,0.64
14332,19871,16,0.9
14333,12722,13,0.53
14334,27838,9,0.38
14335,20902,3,0.34
14336,28374,19,0.04
14337,2221,14,0.09
14338,21737,13,0.42
14339,13324,11,0.88
14340,16446,17,0.4
14341,30320,6,0.69
14342,30279,14,0.64
14343,8489,5,0.76
14344,14006,15,0.14
14345,672,17,0.71
14346,6687,18,0.89
14347,14993,10,0.43
14348,5345,19,0.86
14349,17593,14,0.52
14350,19270,18,0.86
14351,14207,9,0.36
14352,24847,8,0.26
14353,11454,6,0.31
14354,31036,7,0.43
14355,21834,19,0.54
14356,18547,4,0.74
14357,29322,4,0.75
14358,4108,16,0.05
14359,6219,11,0.97
14360,33676,7,0.72
14361,23955,17,0.96
14362,11433,13,0.24
14363,31260,7,0.73
14364,32637,11,0.12
14365,28595,10,0.04
14366,14606,4,0.05
14367,8847,9,0.83
14368,20336,19,0.18
14369,26293,10,0.3
14370,5682,1,0.33
14371,17155,6,0.52
14372,4345,14,0.17
14373,12259,1,0.91
14374,29303,1,0.09
14375,24212,17,0.13
14376,15102,3,0.07
14377,21873,11,0.96
14378,10801,19,0.28
14379,4927,14,0.17
14380,7544,5,0.36
14381,17634,14,0.31
14382,13711,11,0.04
14383,31950,14,0.57
14384,34189,10,0.47
14385,7977,1,0.63
14386,30020,6,0.57
14387,11369,8,0.61
14388,18158,2,0.19
14389,712,14,0.48
14390,14765,3,0.05
14391,7077,12,0.63
14392,17959,8,0.29
14393,5337,1,0.34
14394,27581,11,0.59
14395,13131,3,0.23
14396,9182,15,1.0
14397,1520,9,0.86
14398,12039,2,0.84
14399,18186,7,0.18
14400,22130,9,0.09
14401,34336,12,0.83
14402,22879,16,0.69
14403,13985,3,0.78
14404,21065,15,0.85
14405,29590,14,0.9
14406,15559,18,0.17
14407,21810,9,0.13
14408,6580,17,0.15
14409,22274,7,0.81
14410,10406,6,0.02
14411,12718,14,0.81
14412,7967,2,0.38
14413,30617,6,0.01
14414,29233,10,0.74
14415,9678,13,0.15
14416,23122,17,0.13
14417,31509,17,0.96
14418,8066,17,0.92
14419,5503,19,0.73
14420,34194,9,0.49
14421,3857,11,0.25
14422,26027,8,0.92
14423,27983,7,0.11
14424,22412,15,0.03
14425,5506,14,0.18
14426,32586,16,0.93
14427,24548,7,0.21
14428,2354,2,0.77
14429,28784,19,0.05
14430,28282,16,0.34
14431,556,17,0.52
14432,13928,18,0.9
14433,3891,1,0.74
14434,31700,2,0.37
14435,9856,6,0.0
14436,5846,16,0.14
14437,3025,18,0.43
14438,6916,8,0.24
14439,19108,11,0.14
14440,30247,3,0.09
14441,13351,8,0.51
14442,7105,17,0.17
14443,1864,4,0.68
14444,8841,6,0.05
14445,29245,18,0.96
14446,27724,2,0.13
14447,22603,11,0.62
14448,19584,8,0.59
14449,16187,17,0.58
14450,13721,12,0.3
14451,27203,18,0.31
14452,5782,5,0.94
14453,3400,19,0.43
14454,3074,9,0.28
14455,1456,13,0.63
14456,26066,15,0.16
14457,32653,7,0.98
14458,28994,17,0.48
14459,22653,17,0.51
14460,33767,1,0.78
14461,554,16,0.13
14462,15996,5,0.21
14463,15571,7,0.49
14464,26552,10,0.9
14465,16681,14,0.41
14466,4310,6,0.32
14467,20823,12,0.66
14468,34403,3,0.31
14469,11272,5,0.55
14470,22296,12,0.42
14471,33710,4,0.02
14472,34165,3,0.82
14473,20364,10,0.36
14474,19401,6,0.62
14475,3313,1,0.59
14476,32643,5,0.53
14477,14627,2,0.29
14478,31921,3,0.28
14479,16354,1,0.58
14480,21355,19,0.98
14481,3953,6,0.25
14482,12540,1,0.23
14483,15354,7,0.14
14484,26454,5,0.57
14485,31387,8,0.93
14486,22189,15,0.86
14487,26108,1,0.54
14488,15079,14,0.25
14489,10226,19,0.86
14490,17137,15,0.54
14491,252,11,0.02
14492,17786,18,0.33
14493,32841,4,0.1
14494,11590,6,0.79
14495,24753,16,0.95
14496,13177,13,0.14
14497,25183,1,0.43
14498,24773,12,0.92
14499,11358,16,0.77
14500,3522,7,0.46
14501,7885,10,0.06
14502,23906,5,0.26
14503,10827,16,0.51
14504,31387,17,0.28
14505,16672,18,0.12
14506,19101,6,0.45
14507,12774,1,0.91
14508,27823,6,0.08
14509,12223,1,0.12
14510,7959,19,0.46
14511,19099,14,0.2
14512,3164,3,0.37
14513,13355,1,0.12
14514,7137,8,0.38
14515,4363,3,0.71
14516,33103,18,0.1
14517,21940,6,0.47
14518,25774,8,0.37
14519,8809,13,0.63
14520,30807,16,0.84
14521,90,4,0.81
14522,25406,6,0.06
14523,5595,3,0.53
14524,26263,13,0.79
14525,21225,19,0.04
14526,23137,16,0.57
14527,6809,5,0.96
14528,23658,15,0.32
14529,29356,9,0.21
14530,4258,12,0.9
14531,16575,11,0.06
14532,4412,15,0.75
14533,3519,17,0.54
14534,9138,4,0.49
14535,33844,14,0.36
14536,1972,10,0.29
14537,13772,6,0.14
14538,19166,8,0.12
14539,2104,15,0.41
14540,8930,6,0.41
14541,31370,5,0.36
14542,31762,17,0.34
14543,18648,10,0.7
14544,13287,14,0.03
14545,32958,14,0.83
14546,7522,15,0.11
14547,12894,7,0.25
14548,9919,3,0.95
14549,6150,17,0.4
14550,6505,4,0.01
14551,27468,8,0.53
14552,25972,6,0.28
14553,27866,16,0.25
14554,8797,17,0.86
14555,925,16,0.99
14556,20045,10,0.49
14557,7493,2,0.78
14558,907,13,0.47
14559,28010,15,0.31
14560,34793,13,0.09
14561,32980,18,0.76
14562,34748,17,0.99
14563,27975,16,0.46
14564,31725,5,0.7
14565,22001,7,0.87
14566,29089,8,0.44
14567,16706,3,0.3
14568,24531,9,0.6
14569,21471,14,0.22
14570,23656,18,0.95
14571,29624,9,0.71
14572,22235,4,0.92
14573,15115,6,0.04
14574,9896,19,0.16
14575,9127,1,0.34
14576,13245,7,0.53
14577,25807,2,0.9
14578,31186,8,0.32
14579,30542,15,0.32
14580,650,6,0.56
14581,80,7,0.27
14582,6684,15,0.87
14583,9840,11,0.35
14584,31345,3,0.92
14585,712,7,0.01
14586,23994,14,0.82
14587,31101,3,0.79
14588,1481,18,0.78
14589,5332,7,0.86
14590,17132,19,0.59
14591,8111,17,0.6
14592,18182,10,0.9
14593,18188,19,0.49
14594,12579,10,0.98
14595,16670,1,0.28
14596,9500,18,0.94
14597,4391,8,0.52
14598,5892,6,0.28
14599,3728,10,0.83
14600,14289,16,0.88
14601,19021,4,0.06
14602,19696,11,0.89
14603,24230,19,0.47
14604,18297,9,0.2
14605,10501,12,0.22
14606,25050,2,0.32
14607,23728,5,0.62
14608,9644,1,0.64
14609,26372,14,0.4
14610,12840,12,0.63
14611,3358,11,0.77
14612,27834,5,0.89
14613,34775,7,0.76
14614,14624,1,0.47
14615,10352,14,0.06
14616,5756,13,0.78
14617,13691,5,0.79
14618,32329,7,0.98
14619,3193,5,0.11
14620,22101,11,0.03
14621,18070,14,0.86
14622,26640,18,0.69
14623,11887,14,0.07
14624,27947,8,0.8
14625,25752,1,0.3
14626,10041,9,0.87
14627,32822,15,0.8
14628,13440,17,0.08
14629,5245,10,0.41
14630,17797,19,0.34
14631,29505,13,0.15
14632,26226,19,0.34
14633,13350,6,0.13
14634,28426,10,0.7
14635,9569,10,0.51
14636,25928,17,0.8
14637,12510,18,0.16
14638,1280,16,0.12
14639,33671,15,0.33
14640,16414,18,0.19
14641,18567,19,0.73
14642,22667,8,0.03
14643,25446,9,0.2
14644,30260,2,0.96
14645,8105,10,0.09
14646,6946,17,1.0
14647,28639,5,0.11
14648,12844,17,0.43
14649,22249,10,0.24
14650,16462,16,0.08
14651,10067,1,0.27
14652,21056,8,0.38
14653,26051,13,0.14
14654,29015,19,0.23
14655,19199,11,0.69
14656,7243,6,0.3
14657,12468,19,0.01
14658,10335,11,0.13
14659,21005,12,0.11
14660,11251,7,0.76
14661,3706,11,0.21
14662,9715,15,0.48
14663,16234,6,0.13
14664,16402,15,0.0
14665,17241,14,0.58
14666,30696,5,0.0
14667,21086,16,0.82
14668,25782,18,0.27
14669,6867,14,0.82
14670,24769,15,0.85
14671,18229,8,0.82
14672,3104,7,0.98
14673,20579,2,0.24
14674,7835,4,0.37
14675,29160,16,0.19
14676,28811,12,0.94
14677,27196,8,0.02
14678,22749,9,0.83
14679,33005,5,0.89
14680,24080,11,0.66
14681,21361,16,0.39
14682,13179,12,0.13
14683,5381,10,0.2
14684,15328,19,0.66
14685,32253,9,0.04
14686,33325,4,0.4
14687,10646,15,0.2
14688,28761,7,0.16
14689,7354,10,0.37
14690,11293,9,0.32
14691,22772,6,0.27
14692,29324,14,0.0
14693,15833,16,0.2
14694,8221,5,0.92
14695,28296,4,0.8
14696,6029,4,0.99
14697,12087,15,0.18
14698,21536,19,0.34
14699,33892,10,0.81
14700,16376,7,0.18
14701,21073,5,0.53
14702,4203,1,0.72
14703,14375,1,0.58
14704,8773,7,0.5
14705,7223,17,0.49
14706,24215,16,0.64
14707,13098,4,0.65
14708,23662,14,0.46
14709,31336,18,0.54
14710,17274,3,0.99
14711,2818,8,0.5
14712,8946,1,0.86
14713,23286,1,0.7
14714,20437,15,0.17
14715,17875,15,0.34
14716,32390,4,0.25
14717,1736,11,0.84
14718,20332,5,0.18
14719,12319,9,0.1
14720,10988,5,0.62
14721,915,4,0.67
14722,25624,4,0.53
14723,31299,6,0.14
14724,33477,18,0.58
14725,7617,6,0.45
14726,32407,18,0.77
14727,9650,2,0.88
14728,18987,1,0.93
14729,18886,12,0.8
14730,28006,10,0.66
14731,9113,10,0.64
14732,95,11,0.45
14733,10114,2,0.94
14734,31085,6,0.85
14735,11564,10,0.18
14736,29550,5,0.36
14737,9023,8,0.47
14738,17053,3,0.23
14739,32386,11,0.98
14740,6728,19,0.42
14741,13595,2,0.85
14742,34820,12,0.96
14743,6322,19,0.05
14744,27851,1,0.18
14745,7879,1,0.67
14746,8414,3,0.78
14747,44,13,0.18
14748,13087,13,0.98
14749,34137,19,0.48
14750,18386,7,0.97
14751,12414,4,0.82
14752,18812,13,0.43
14753,23965,11,0.7
14754,26801,12,0.98
14755,29992,4,0.54
14756,20333,4,0.81
14757,2196,8,0.18
14758,20327,11,0.1
14759,27675,5,0.96
14760,11699,12,0.02
14761,7670,4,0.43
14762,13674,1,0.18
14763,10036,6,0.46
14764,6312,1,0.28
14765,18298,3,0.8
14766,15165,6,0.31
14767,31311,19,0.01
14768,28317,19,0.25
14769,32899,14,0.77
14770,6414,11,0.15
14771,17208,9,0.05
14772,801,16,0.55
14773,5805,12,0.86
14774,22960,10,0.76
14775,1430,11,0.2
14776,28830,9,0.01
14777,24425,5,0.39
14778,22670,11,0.06
14779,3064,2,0.08
14780,19106,12,0.51
14781,16016,9,0.46
14782,25582,18,0.61
14783,5130,14,0.25
14784,17035,15,0.63
14785,16888,13,0.31
14786,30437,15,0.64
14787,1603,15,0.41
14788,9714,2,0.91
14789,21128,6,0.34
14790,27623,9,0.9
14791,2639,12,0.89
14792,10810,19,0.93
14793,30765,4,0.86
14794,14343,16,0.33
14795,8052,13,0.33
14796,29574,11,0.69
14797,33049,11,0.65
14798,20702,2,0.19
14799,5564,19,0.71
14800,4705,18,0.34
14801,13633,18,0.55
14802,20353,19,0.57
14803,13373,1,0.01
14804,20443,1,0.97
14805,18094,2,0.25
14806,20488,17,0.47
14807,24988,13,0.74
14808,9431,11,0.49
14809,1639,12,0.57
14810,4374,17,0.94
14811,23807,9,0.94
14812,18432,3,0.03
14813,1309,11,0.03
14814,29095,15,0.78
14815,4836,2,0.59
14816,7674,4,0.96
14817,27213,15,0.42
14818,31046,16,0.47
14819,25008,3,0.44
14820,28943,19,0.86
14821,10688,17,0.09
14822,25067,9,0.61
14823,151,4,0.77
14824,30941,2,0.19
14825,4224,7,0.93
14826,29330,4,0.98
14827,11605,12,1.0
14828,5492,11,0.12
14829,8375,15,0.19
14830,2362,18,0.55
14831,21183,18,0.57
14832,3862,6,0.9
14833,14264,19,0.89
14834,9170,11,0.02
14835,33195,10,0.33
14836,18041,10,0.87
14837,17501,6,0.38
14838,1918,6,0.13
14839,1951,18,0.66
14840,19273,12,0.12
14841,31876,18,0.1
14842,24247,3,0.31
14843,15769,18,0.33
14844,30981,15,0.69
14845,31712,14,0.72
14846,7596,8,0.38
14847,9333,10,0.55
14848,9590,8,0.53
14849,14210,15,0.51
14850,1240,10,0.08
14851,15033,19,0.98
14852,22322,7,0.31
14853,24601,5,0.84
14854,16434,10,0.68
14855,18610,8,0.61
14856,28197,16,0.4
14857,26693,6,0.37
14858,2885,12,0.6
14859,28572,12,0.77
14860,1863,17,0.37
14861,17798,11,0.61
14862,654,18,0.69
14863,18622,11,0.82
14864,2806,18,0.8
14865,32949,14,0.98
14866,31869,19,0.19
14867,19179,16,0.93
14868,8505,3,0.66
14869,19535,18,0.01
14870,28648,5,0.49
14871,21557,16,0.41
14872,28887,18,0.42
14873,7311,13,0.74
14874,15984,18,0.14
14875,20488,10,0.95
14876,21315,8,0.14
14877,15893,6,0.9
14878,16128,11,0.1
14879,24145,16,0.92
14880,32816,3,0.12
14881,12667,14,0.68
14882,22925,3,0.8
14883,27513,16,0.33
14884,19725,18,0.99
14885,21683,2,0.88
14886,23592,5,0.47
14887,12890,2,0.87
14888,29242,2,0.57
14889,10707,5,0.98
14890,23626,3,0.91
14891,16684,5,0.72
14892,16864,17,0.44
14893,2246,16,0.47
14894,34958,1,0.01
14895,3452,9,0.89
14896,4654,17,0.85
14897,30248,18,0.62
14898,25808,19,0.5
14899,16552,9,0.28
14900,4060,15,0.79
14901,26817,12,0.66
14902,22076,13,0.28
14903,14836,8,0.92
14904,4478,5,0.52
14905,28749,10,0.38
14906,13708,3,0.64
14907,4211,6,0.88
14908,32211,14,0.79
14909,19546,3,0.65
14910,33481,18,0.54
14911,20755,14,0.39
14912,27201,8,0.5
14913,5054,17,0.61
14914,14030,19,0.69
14915,23251,8,0.89
14916,7117,18,0.24
14917,10654,13,0.27
14918,22772,4,0.47
14919,17319,14,0.2
14920,2007,17,0.0
14921,2945,9,0.3
14922,17260,19,0.37
14923,23722,2,0.87
14924,30309,11,0.04
14925,29192,8,0.26
14926,12182,4,0.52
14927,17840,9,0.13
14928,10885,8,0.09
14929,4404,2,0.98
14930,27535,18,0.68
14931,10288,5,0.75
14932,19387,2,0.83
14933,4012,15,0.95
14934,24514,9,0.01
14935,1839,19,0.11
14936,9219,3,0.77
14937,30145,13,0.77
14938,27769,16,0.4
14939,12678,3,0.78
14940,23576,14,0.07
14941,27300,3,0.36
14942,24740,12,0.38
14943,23757,7,0.24
14944,34007,4,0.02
14945,3296,5,0.41
14946,12552,13,0.46
14947,10630,18,0.23
14948,30909,2,0.08
14949,21493,6,0.22
14950,10376,14,0.0
14951,22251,6,0.1
14952,18431,2,0.06
14953,12280,12,0.06
14954,11298,7,0.48
14955,18496,5,0.18
14956,7770,16,0.08
14957,18177,19,0.17
14958,14773,7,0.34
14959,13185,4,0.76
14960,31251,4,0.77
14961,5186,4,0.08
14962,25870,7,0.05
14963,30078,11,0.17
14964,12346,18,0.58
14965,22083,3,0.08
14966,19143,18,0.57
14967,4815,16,0.86
14968,13036,9,0.35
14969,5179,4,0.74
14970,14530,3,0.65
14971,24404,5,0.29
14972,10846,4,0.58
14973,23783,19,0.98
14974,23429,13,0.96
14975,3934,4,0.56
14976,24052,11,0.86
14977,77,18,0.15
14978,27972,18,0.77
14979,28190,17,0.04
14980,501,4,0.11
14981,17648,5,0.45
14982,29104,6,0.97
14983,34566,7,0.34
14984,25427,11,0.77
14985,16775,7,0.7
14986,23847,6,0.03
14987,11918,1,0.47
14988,25889,2,0.37
14989,25828,19,0.71
14990,25046,2,0.06
14991,11609,6,0.0
14992,33326,6,0.25
14993,27743,19,0.89
14994,31247,15,0.9
14995,22914,2,0.49
14996,32328,1,0.14
14997,12055,16,0.68
14998,6799,19,0.76
14999,17256,6,0.5
15000,20683,16,0.07
15001,30929,10,0.55
15002,8607,18,0.69
15003,20953,10,0.31
15004,3795,1,0.45
15005,23825,14,0.61
15006,26521,5,0.89
15007,24942,19,0.95
15008,2204,6,0.14
15009,18249,12,0.9
15010,4832,1,0.29
15011,3854,12,0.66
15012,12765,9,0.02
15013,2815,12,0.62
15014,18116,1,0.54
15015,25794,12,0.26
15016,17901,15,0.74
15017,15286,7,0.87
15018,7981,3,0.6
15019,13391,18,0.99
15020,8937,5,0.14
15021,15793,8,0.23
15022,13956,19,0.62
15023,13146,13,0.6
15024,16786,7,0.54
15025,15666,18,0.31
15026,10055,14,0.38
15027,12744,17,0.42
15028,5858,10,0.18
15029,15050,6,0.05
15030,6505,18,0.33
15031,29684,2,0.08
15032,32449,19,0.9
15033,10772,12,0.79
15034,5640,8,0.14
15035,28508,4,0.03
15036,8894,17,0.08
15037,12547,13,0.56
15038,8153,9,0.06
15039,14526,12,0.85
15040,14186,9,0.49
15041,7168,7,0.96
15042,13524,18,0.08
15043,13188,6,0.39
15044,29873,12,0.82
15045,7572,18,0.88
15046,2740,19,0.43
15047,15931,17,0.52
15048,16149,16,0.68
15049,4130,8,0.65
15050,30270,5,0.77
15051,1249,17,0.95
15052,28736,15,0.07
15053,8845,8,0.5
15054,6762,10,0.18
15055,10543,9,0.22
15056,21933,2,0.29
15057,13314,3,0.36
15058,27758,1,0.61
15059,3309,12,0.34
15060,6484,6,0.44
15061,5592,13,0.26
15062,1627,12,0.12
15063,32693,17,0.05
15064,31442,1,0.89
15065,33107,13,0.12
15066,29111,8,0.4
15067,32464,4,0.42
15068,26054,3,0.61
15069,5219,3,0.77
15070,20382,9,0.19
15071,14038,18,0.97
15072,3537,17,0.45
15073,4859,19,0.91
15074,10795,9,0.12
15075,30055,11,0.19
15076,27238,3,0.31
15077,15440,18,0.76
15078,13957,4,0.52
15079,22364,15,0.56
15080,28037,19,0.78
15081,8965,12,0.96
15082,15828,17,0.58
15083,11581,19,0.87
15084,13122,16,0.05
15085,31963,5,0.98
15086,2744,3,0.72
15087,28089,19,0.12
15088,24998,10,0.73
15089,18696,15,0.88
15090,25927,10,0.55
15091,14220,11,0.25
15092,33697,19,0.33
15093,23177,5,0.81
15094,5923,17,0.04
15095,3917,18,0.98
15096,17793,2,0.88
15097,18498,14,0.58
15098,5993,14,0.04
15099,28977,5,0.12
15100,15421,2,0.88
15101,2841,17,0.73
15102,21958,6,0.99
15103,18740,2,0.24
15104,16259,15,0.98
15105,17554,11,0.26
15106,28989,7,0.06
15107,6573,3,0.18
15108,19340,2,0.78
15109,9945,12,0.62
15110,15496,1,0.58
15111,1279,9,0.42
15112,5308,10,0.07
15113,27631,6,0.41
15114,29668,10,0.05
15115,12841,17,0.27
15116,6048,17,0.23
15117,16589,16,0.55
15118,31392,8,0.67
15119,19161,7,0.89
15120,14090,8,0.89
15121,28357,7,0.54
15122,9671,7,0.75
15123,33510,15,0.81
15124,20738,10,0.98
15125,9030,19,0.63
15126,18970,6,0.09
15127,8202,6,0.28
15128,33789,18,0.74
15129,28375,3,0.28
15130,31295,5,0.7
15131,27720,1,0.56
15132,32888,4,0.5
15133,20460,9,0.95
15134,18669,1,0.17
15135,25490,13,0.01
15136,18476,3,0.27
15137,18897,16,0.59
15138,18440,13,0.14
15139,25281,18,0.15
15140,9775,17,0.07
15141,3673,1,0.61
15142,13212,2,0.83
15143,4349,1,0.97
15144,6734,15,0.33
15145,4059,17,0.62
15146,15529,5,0.69
15147,16846,6,0.76
15148,11174,3,0.23
15149,24685,8,0.2
15150,13673,10,0.02
15151,5103,18,0.54
15152,19177,14,0.79
15153,19381,4,0.12
15154,2074,4,0.58
15155,17078,9,0.14
15156,32289,15,0.54
15157,32310,13,0.55
15158,3877,7,0.87
15159,14790,13,0.1
15160,2603,10,0.57
15161,14447,9,0.38
15162,31151,10,0.77
15163,29180,11,0.91
15164,21228,14,0.51
15165,8734,15,0.24
15166,15376,6,0.97
15167,5979,12,0.83
15168,22668,10,0.23
15169,28452,7,0.51
15170,27458,15,0.43
15171,28891,9,0.31
15172,11829,3,0.87
15173,10344,7,0.9
15174,31120,1,0.7
15175,7732,8,0.26
15176,20311,11,0.43
15177,1223,19,0.23
15178,26889,14,0.85
15179,22455,13,0.66
15180,8002,6,0.72
15181,205,12,0.63
15182,26356,9,0.27
15183,23352,9,0.1
15184,28648,12,0.68
15185,31883,2,0.47
15186,11177,2,0.09
15187,2680,3,0.89
15188,116,19,0.13
15189,7538,12,0.28
15190,5500,5,0.43
15191,29233,5,0.69
15192,3578,12,0.98
15193,29461,13,0.44
15194,25109,13,0.89
15195,19818,10,0.08
15196,33599,17,0.99
15197,9824,10,0.04
15198,6213,15,0.62
15199,9247,14,0.69
15200,23072,10,0.28
15201,30034,11,0.61
15202,12193,6,0.04
15203,34831,14,0.94
15204,29599,19,0.79
15205,19390,5,0.55
15206,32710,9,0.99
15207,31862,15,0.34
15208,16783,13,0.28
15209,11393,16,0.42
15210,17125,14,0.75
15211,11242,18,0.18
15212,17286,6,0.09
15213,5746,5,0.55
15214,5814,7,0.76
15215,26346,12,0.68
15216,7317,14,0.72
15217,15537,16,0.3
15218,8679,9,0.65
15219,19074,12,0.47
15220,26734,9,0.69
15221,2478,7,0.73
15222,20405,10,0.25
15223,2424,15,0.63
15224,8547,9,0.75
15225,4359,19,0.92
15226,8171,1,0.39
15227,33069,4,0.48
15228,11307,2,0.6
15229,29547,1,0.63
15230,6566,5,0.12
15231,9409,9,0.7
15232,11718,9,0.61
15233,32296,7,0.85
15234,20286,18,0.15
15235,29104,1,0.64
15236,6570,3,0.59
15237,19560,18,0.86
15238,24142,5,0.36
15239,13328,10,0.11
15240,15951,3,0.96
15241,27472,18,0.04
15242,21235,17,0.53
15243,32172,11,0.66
15244,30047,14,0.35
15245,13495,13,0.96
15246,26511,4,0.99
15247,17598,4,0.26
15248,8654,15,0.26
15249,1626,9,0.9
15250,16095,15,0.89
15251,23034,7,0.04
15252,23208,17,0.7
15253,20410,18,0.4
15254,18953,19,0.36
15255,6736,18,0.4
15256,11438,13,0.63
15257,32889,8,0.75
15258,34535,2,0.66
15259,25029,11,0.81
15260,23108,10,0.66
15261,4159,14,0.83
15262,6814,10,0.11
15263,21224,2,0.74
15264,9973,9,0.75
15265,34624,5,0.2
15266,15514,4,0.53
15267,32763,6,0.51
15268,2381,14,0.91
15269,10484,14,0.48
15270,34274,6,0.74
15271,23166,15,0.76
15272,23638,1,0.26
15273,7814,11,0.66
15274,26055,18,0.04
15275,28318,18,0.35
15276,7078,5,0.29
15277,21972,13,0.87
15278,17481,7,0.94
15279,31381,5,0.6
15280,32595,14,0.82
15281,18823,7,0.28
15282,31353,5,0.37
15283,33625,13,0.92
15284,9675,6,0.72
15285,2337,15,0.63
15286,24557,8,0.18
15287,23902,2,0.55
15288,29399,16,0.1
15289,14473,1,0.91
15290,528,17,0.56
15291,31744,14,0.74
15292,34839,8,0.23
15293,32726,14,0.91
15294,157,4,0.24
15295,28755,13,0.77
15296,31989,2,0.58
15297,4067,6,0.79
15298,12075,16,0.87
15299,10202,19,0.34
15300,27404,12,0.55
15301,8443,2,0.06
15302,31432,14,0.46
15303,4860,7,0.12
15304,23133,2,0.74
15305,12751,5,0.8
15306,30932,13,0.38
15307,26648,10,0.6
15308,11569,2,0.26
15309,27085,15,0.54
15310,26751,11,0.53
15311,4990,7,0.35
15312,18692,18,0.12
15313,10407,18,0.41
15314,30530,3,0.13
15315,17789,14,0.39
15316,954,15,0.6
15317,2307,2,0.47
15318,21955,5,0.36
15319,3936,17,0.65
15320,8043,12,0.32
15321,21770,7,0.73
15322,13298,13,0.22
15323,17367,16,1.0
15324,24046,6,0.57
15325,19573,11,0.31
15326,33916,5,0.04
15327,19711,1,0.93
15328,8221,6,0.87
15329,1125,17,0.42
15330,33284,1,0.39
15331,25394,17,0.85
15332,283,1,0.94
15333,28810,10,0.86
15334,9123,8,0.68
15335,31986,13,0.58
15336,31840,1,0.78
15337,22349,2,0.93
15338,2612,2,0.23
15339,1332,7,0.96
15340,18768,6,0.02
15341,26685,5,0.87
15342,6284,10,0.74
15343,16561,18,0.17
15344,4659,7,0.18
15345,34429,17,0.22
15346,33167,3,0.57
15347,22043,8,0.11
15348,8733,5,0.21
15349,22786,16,0.34
15350,1069,7,0.15
15351,10267,4,0.6
15352,25818,1,0.88
15353,2279,5,0.56
15354,9400,1,0.24
15355,18477,12,0.0
15356,9801,6,0.11
15357,21786,19,0.02
15358,20646,15,0.18
15359,787,1,0.07
15360,11316,15,0.03
15361,12328,11,0.77
15362,20657,7,0.29
15363,19165,13,0.26
15364,13897,19,0.35
15365,30846,6,0.26
15366,16843,6,0.99
15367,1236,9,0.02
15368,4701,2,0.82
15369,26000,16,0.42
15370,27737,15,0.55
15371,8979,9,0.75
15372,16977,7,0.46
15373,28449,12,0.25
15374,573,19,0.51
15375,10936,15,0.56
15376,20105,2,0.06
15377,22014,17,0.74
15378,11305,13,0.52
15379,26857,5,0.62
15380,1206,8,0.74
15381,8969,8,0.16
15382,24833,3,0.32
15383,14015,6,0.55
15384,5404,13,0.61
15385,379,3,0.79
15386,17286,15,0.89
15387,19494,17,0.58
15388,11227,4,0.92
15389,31670,10,0.79
15390,31265,18,0.47
15391,6011,17,0.45
15392,25538,18,0.97
15393,28682,10,0.84
15394,29556,6,0.65
15395,27208,17,0.96
15396,4015,2,0.59
15397,8549,13,0.53
15398,24035,13,0.85
15399,12429,1,0.34
15400,28700,19,0.52
15401,19613,7,0.67
15402,33786,10,0.17
15403,21952,14,0.01
15404,15394,10,0.09
15405,29612,10,0.16
15406,28224,11,0.01
15407,31779,13,0.14
15408,1530,4,0.86
15409,4087,4,0.76
15410,29183,3,0.6
15411,7398,7,0.76
15412,29458,1,0.75
15413,16294,8,0.56
15414,5735,10,0.77
15415,19956,9,0.05
15416,31675,7,0.05
15417,28396,3,0.22
15418,13157,18,0.07
15419,10915,18,0.9
15420,6816,11,0.5
15421,1298,12,0.33
15422,7830,13,0.74
15423,6846,10,0.5
15424,15276,9,0.41
15425,34166,2,0.07
15426,16522,10,0.23
15427,8874,19,0.96
15428,25325,10,0.44
15429,20254,6,0.99
15430,12380,13,0.63
15431,6676,3,0.52
15432,1233,10,0.27
15433,26513,13,0.8
15434,15610,6,0.41
15435,4945,3,0.56
15436,11108,17,0.39
15437,2538,18,0.82
15438,12328,19,0.75
15439,14445,2,0.51
15440,9060,19,0.4
15441,32169,10,0.13
15442,8943,19,0.3
15443,21450,11,0.46
15444,13521,16,0.21
15445,21002,13,0.62
15446,5473,19,0.13
15447,13887,5,0.08
15448,24819,11,0.05
15449,11118,8,0.69
15450,4867,17,0.46
15451,34194,3,0.88
15452,34857,1,0.03
15453,26064,5,0.32
15454,14384,8,0.02
15455,16973,9,0.68
15456,18903,12,0.58
15457,33458,10,0.94
15458,586,16,0.28
15459,22060,17,0.32
15460,28216,19,0.5
15461,22792,2,0.06
15462,26414,11,0.37
15463,18347,10,0.81
15464,16643,2,0.16
15465,7403,8,0.14
15466,16125,16,0.1
15467,15231,18,0.53
15468,15402,6,0.52
15469,33664,4,0.25
15470,5652,10,0.54
15471,2133,13,0.53
15472,11685,1,0.37
15473,21785,4,0.79
15474,34790,8,0.29
15475,27395,16,0.79
15476,16013,14,0.24
15477,8573,1,0.94
15478,24765,13,0.93
15479,25358,2,0.49
15480,13575,7,0.85
15481,5621,10,0.25
15482,1017,7,0.98
15483,17976,5,0.78
15484,31841,10,0.72
15485,17332,12,0.77
15486,13723,17,0.17
15487,5029,9,0.59
15488,26165,14,0.82
15489,1008,16,0.39
15490,32707,16,0.49
15491,34985,18,0.15
15492,388,19,0.23
15493,27535,1,0.14
15494,5799,14,0.03
15495,34977,1,0.49
15496,3933,12,0.43
15497,24128,1,0.46
15498,28438,15,0.64
15499,21808,3,0.51
15500,9633,16,0.77
15501,11298,4,0.8
15502,26032,3,0.24
15503,9549,16,0.65
15504,13026,11,0.37
15505,32220,12,0.14
15506,24630,10,0.53
15507,13745,11,0.43
15508,16649,16,0.39
15509,18752,5,0.94
15510,25935,10,0.34
15511,6978,18,0.05
15512,27735,18,0.89
15513,2846,19,0.04
15514,20627,1,0.27
15515,3030,8,0.41
15516,24476,15,0.56
15517,13903,3,0.74
15518,32444,3,0.63
15519,28849,12,0.83
15520,25678,13,0.63
15521,25255,19,0.02
15522,9816,17,0.91
15523,21913,1,0.33
15524,2493,4,0.63
15525,24302,9,0.58
15526,25709,12,0.16
15527,10790,16,0.93
15528,2916,19,0.83
15529,32303,14,0.17
15530,8918,8,0.49
15531,27285,7,0.85
15532,10415,4,0.07
15533,25878,8,0.71
15534,26976,14,0.39
15535,4764,10,0.15
15536,3378,2,0.37
15537,32057,17,0.69
15538,27249,6,0.84
15539,12529,14,0.94
15540,22834,3,0.7
15541,16070,2,0.3
15542,34021,19,0.75
15543,10590,17,0.67
15544,32322,15,0.69
15545,25059,19,0.38
15546,19773,15,0.53
15547,6899,10,0.69
15548,29096,17,0.86
15549,3640,14,0.06
15550,23823,8,0.5
15551,27094,2,0.02
15552,341,6,0.68
15553,1392,15,0.79
15554,32247,13,0.4
15555,12308,5,0.61
15556,28914,18,0.5
15557,13588,2,0.09
15558,11168,12,0.63
15559,11266,16,0.33
15560,11929,6,0.99
15561,24423,17,0.09
15562,30730,16,0.39
15563,25292,12,0.14
15564,1396,15,0.69
15565,8312,19,0.34
15566,14237,10,0.25
15567,30281,17,0.21
15568,1984,9,0.17
15569,14524,3,0.06
15570,701,19,0.36
15571,23383,7,0.47
15572,15918,14,0.99
15573,7609,19,0.24
15574,916,7,0.37
15575,12341,3,0.73
15576,25443,4,0.23
15577,34430,1,0.51
15578,4241,15,0.35
15579,34917,19,0.16
15580,3656,5,0.37
15581,29771,8,0.28
15582,14768,17,0.78
15583,7672,18,0.74
15584,8748,18,0.79
15585,23497,17,0.51
15586,16138,12,0.86
15587,27156,7,0.01
15588,19272,3,0.04
15589,24951,4,0.78
15590,23234,17,0.5
15591,2622,8,0.52
15592,13104,1,0.64
15593,28893,12,0.23
15594,24291,17,0.87
15595,26327,9,0.25
15596,19036,10,0.57
15597,26349,8,0.76
15598,2270,2,0.72
15599,1596,3,0.95
15600,34253,17,0.54
15601,9218,6,0.6
15602,19738,15,0.9
15603,13397,9,0.12
15604,15478,11,0.22
15605,10877,13,0.62
15606,4286,19,0.82
15607,10740,1,0.89
15608,11374,14,0.94
15609,17148,15,0.85
15610,83,3,0.33
15611,11464,9,0.54
15612,18522,4,0.72
15613,24190,17,0.88
15614,13645,16,0.05
15615,9013,1,0.17
15616,1069,5,0.27
15617,9286,2,0.63
15618,30045,19,0.92
15619,5459,9,0.83
15620,20671,13,0.97
15621,25244,19,0.19
15622,20405,18,0.31
15623,2298,14,0.23
15624,1068,10,0.21
15625,7628,16,0.76
15626,19841,2,0.95
15627,16007,19,0.97
15628,4862,1,0.22
15629,27752,4,0.2
15630,2178,1,0.58
15631,34729,18,0.54
15632,21357,6,0.95
15633,24916,2,0.68
15634,9605,9,0.08
15635,26046,5,0.31
15636,8458,15,0.55
15637,21678,11,0.82
15638,23776,10,0.46
15639,30110,19,0.88
15640,30020,9,0.17
15641,20071,16,0.17
15642,31335,12,0.87
15643,12980,15,0.53
15644,23193,12,0.4
15645,21765,19,0.69
15646,1271,8,0.33
15647,21846,3,0.75
15648,22547,18,0.1
15649,28656,19,0.84
15650,24543,12,0.55
15651,5910,6,0.63
15652,11318,19,0.25
15653,28224,2,0.52
15654,1547,1,0.5
15655,24097,1,0.01
15656,10515,15,0.11
15657,25911,18,0.34
15658,10057,3,0.38
15659,28074,13,0.95
15660,33295,8,0.98
15661,10698,11,0.31
15662,29359,16,0.4
15663,13216,6,0.48
15664,6986,11,0.97
15665,6150,1,0.36
15666,11185,12,0.87
15667,20636,12,0.31
15668,20253,19,0.76
15669,4001,12,0.29
15670,21748,16,0.53
15671,34377,1,0.73
15672,15628,19,0.33
15673,1774,18,0.42
15674,10345,11,0.56
15675,11169,3,0.16
15676,24668,1,0.13
15677,26589,8,0.43
15678,1004,9,0.53
15679,28081,13,0.47
15680,2820,10,0.84
15681,2993,16,0.27
15682,21933,9,0.4
15683,3660,12,0.21
15684,23973,6,0.21
15685,15987,16,0.78
15686,31997,19,0.07
15687,15244,14,0.17
15688,6272,12,0.96
15689,27466,9,0.83
15690,7913,13,0.93
15691,34818,17,0.56
15692,10751,7,0.13
15693,9219,8,0.88
15694,5134,3,0.48
15695,9942,2,0.04
15696,19682,5,0.37
15697,8300,8,0.47
15698,3620,2,0.68
15699,24760,19,0.1
15700,7695,12,0.64
15701,14074,12,0.67
15702,13077,11,0.15
15703,25889,4,0.72
15704,13329,5,0.18
15705,2478,17,0.65
15706,23072,7,0.87
15707,26864,7,0.92
15708,26637,1,0.09
15709,6097,14,0.3
15710,787,6,0.99
15711,14525,1,0.95
15712,28139,1,0.06
15713,8357,18,0.28
15714,12772,2,0.03
15715,18208,1,0.4
15716,19978,5,0.57
15717,27580,18,0.4
15718,17306,4,0.96
15719,33620,10,0.98
15720,5789,17,0.42
15721,15057,17,0.97
15722,32042,19,0.38
15723,9814,11,0.04
15724,2175,12,0.22
15725,28175,19,0.89
15726,32683,14,0.51
15727,6427,3,0.51
15728,10017,2,0.01
15729,14296,13,0.74
15730,31737,13,0.65
15731,26237,8,0.45
15732,15083,19,0.77
15733,2913,5,0.69
15734,33592,2,0.67
15735,22219,2,0.99
15736,3024,8,0.47
15737,28811,9,0.62
15738,9746,18,0.42
15739,12702,19,0.99
15740,14966,6,0.61
15741,13030,7,0.59
15742,5035,9,0.31
15743,5664,5,0.05
15744,29705,15,0.25
15745,8235,14,0.23
15746,16976,17,0.15
15747,32692,5,0.75
15748,9618,15,0.77
15749,20367,17,0.46
15750,19702,6,0.07
15751,11020,12,0.22
15752,22277,16,0.03
15753,14139,13,0.05
15754,19682,12,0.43
15755,2916,3,0.85
15756,8816,3,0.88
15757,12627,9,0.63
15758,2564,2,0.83
15759,33322,11,0.09
15760,2961,15,0.8
15761,24708,12,0.44
15762,1539,16,0.59
15763,7843,7,0.82
15764,16420,3,0.23
15765,15173,14,0.5
15766,29926,16,0.05
15767,3877,7,0.78
15768,5779,7,0.14
15769,22799,13,0.04
15770,1333,1,0.39
15771,18060,15,0.25
15772,8770,2,0.72
15773,32319,18,0.44
15774,19838,4,0.66
15775,8996,9,0.63
15776,29885,6,0.49
15777,12211,3,0.95
15778,2022,19,0.95
15779,17400,11,0.99
15780,9607,11,0.18
15781,21796,10,0.5
15782,29779,3,0.04
15783,17788,9,0.58
15784,10749,17,0.72
15785,11091,2,0.2
15786,12156,11,0.52
15787,34824,12,0.04
15788,14699,4,0.64
15789,26526,9,0.69
15790,18337,13,0.31
15791,14671,7,0.37
15792,7983,19,0.9
15793,14739,13,0.68
15794,28115,10,0.11
15795,1699,7,0.69
15796,10449,6,0.4
15797,27978,5,0.04
15798,21316,19,0.9
15799,15957,11,0.72
15800,31168,8,0.26
15801,20467,15,0.88
15802,24647,8,0.77
15803,30837,10,0.68
15804,14643,18,0.47
15805,26111,17,0.6
15806,6671,10,0.66
15807,27990,14,0.54
15808,27869,19,0.75
15809,19606,9,0.3
15810,7246,5,0.4
15811,15600,1,0.93
15812,9255,7,0.29
15813,1868,19,0.58
15814,13904,5,0.17
15815,34209,8,0.19
15816,13309,5,0.79
15817,20026,6,0.18
15818,15696,15,0.67
15819,5404,9,0.22
15820,33247,9,0.88
15821,14313,6,0.55
15822,129,8,0.32
15823,22239,5,0.34
15824,16565,7,0.7
15825,33436,16,0.28
15826,23683,7,0.75
15827,14656,4,0.9
15828,18009,12,0.36
15829,5322,14,0.88
15830,22768,7,0.06
15831,20284,17,0.61
15832,5690,17,0.38
15833,12441,2,0.66
15834,31259,16,0.14
15835,31466,1,0.23
15836,10718,4,0.61
15837,21306,10,0.26
15838,2274,17,0.37
15839,6012,18,0.4
15840,3935,15,0.0
15841,29760,15,0.02
15842,6038,6,0.31
15843,15847,2,0.09
15844,20937,12,0.14
15845,33430,6,0.72
15846,17416,2,0.4
15847,23622,7,0.99
15848,27670,8,0.93
15849,27214,2,0.88
15850,27098,13,0.4
15851,34867,7,0.51
15852,993,16,0.43
15853,30339,18,0.83
15854,6103,19,0.15
15855,5487,12,0.95
15856,15141,8,0.34
15857,30970,15,0.08
15858,17226,16,0.69
15859,11598,11,0.9
15860,8801,18,0.92
15861,29685,13,0.91
15862,25950,8,0.77
15863,5685,2,0.72
15864,26099,14,0.51
15865,18193,15,0.22
15866,15425,1,0.05
15867,31000,19,0.05
15868,23638,8,0.7
15869,28399,6,0.06
15870,8900,14,0.01
15871,17578,13,0.2
15872,18976,1,0.97
15873,17903,9,0.75
15874,12078,6,0.6
15875,15154,17,0.33
15876,1139,1,0.77
15877,9405,6,0.26
15878,6189,10,0.04
15879,8293,3,0.78
15880,24380,12,0.43
15881,16530,2,0.72
15882,22564,8,0.28
15883,14438,1,0.99
15884,16742,4,0.43
15885,7657,6,0.31
15886,17205,5,0.04
15887,30318,17,0.02
15888,7203,14,0.57
15889,27169,15,0.59
15890,28528,2,0.02
15891,28199,1,0.56
15892,13016,6,0.87
15893,34331,11,0.61
15894,29688,16,0.24
15895,12134,13,0.03
15896,18087,2,0.95
15897,20380,6,0.46
15898,11580,4,0.68
15899,32556,7,0.58
15900,21412,2,0.13
15901,10241,6,0.5
15902,7273,11,0.28
15903,24200,16,0.83
15904,31824,5,0.74
15905,1690,7,0.62
15906,32310,6,0.8
15907,1317,4,0.95
15908,14446,16,0.19
15909,11102,4,0.73
15910,1569,5,0.76
15911,25359,12,0.56
15912,3905,8,0.09
15913,18201,10,0.15
15914,29355,4,0.58
15915,11673,1,0.65
15916,7647,9,0.43
15917,26552,19,0.84
15918,34755,8,0.42
15919,15087,4,0.67
15920,1877,6,0.52
15921,2519,16,0.37
15922,16661,14,0.8
15923,34570,3,0.7
15924,19216,5,0.74
15925,30960,14,0.29
15926,28431,11,0.54
15927,1006,6,0.87
15928,7173,6,0.8
15929,4245,6,0.5
15930,30362,2,0.3
15931,22773,6,0.73
15932,8530,19,0.03
15933,30147,17,0.54
15934,28428,5,0.43
15935,17355,1,0.74
15936,22347,15,0.6
15937,21422,17,0.5
15938,23365,18,0.63
15939,13542,19,0.93
15940,7794,14,0.87
15941,2733,12,0.23
15942,21872,14,0.01
15943,7435,1,0.85
15944,32951,16,0.77
15945,33917,6,0.16
15946,28042,5,0.33
15947,2160,13,0.61
15948,3333,3,0.03
15949,19086,16,0.3
15950,21260,15,0.5
15951,19342,10,0.23
15952,2550,6,0.14
15953,18429,11,0.54
15954,2995,4,0.53
15955,5177,17,0.07
15956,26742,5,0.9
15957,32390,9,0.05
15958,6658,17,0.19
15959,34745,9,0.17
15960,29918,8,0.32
15961,22824,3,0.33
15962,7171,15,0.44
15963,33061,13,0.2
15964,17692,4,0.72
15965,3296,18,0.44
15966,30718,6,0.69
15967,1126,1,0.79
15968,33103,2,0.98
15969,31673,18,0.86
15970,15528,8,0.89
15971,4240,18,0.87
15972,14250,6,0.49
15973,8983,11,0.2
15974,34551,3,0.91
15975,25764,11,0.89
15976,4566,9,0.49
15977,31865,1,0.78
15978,10243,3,0.11
15979,16677,19,0.01
15980,2040,14,0.88
15981,25580,13,0.14
15982,31113,19,0.17
15983,29489,1,0.71
15984,6327,8,0.93
15985,7482,18,0.88
15986,33512,16,0.08
15987,17734,15,0.21
15988,13855,1,0.68
15989,33592,4,0.53
15990,25262,12,0.57
15991,18221,6,0.57
15992,22382,7,0.16
15993,34454,3,0.67
15994,17554,5,0.1
15995,8875,16,0.55
15996,7459,3,0.08
15997,27430,13,0.18
15998,34157,1,0.23
15999,1297,12,0.05
16000,16126,14,0.22
16001,24385,12,0.37
16002,31437,15,0.53
16003,9003,6,0.63
16004,12098,11,0.92
16005,27446,19,0.92
16006,14099,16,0.01
16007,26922,10,0.58
16008,3656,1,0.58
16009,18537,11,0.49
16010,14952,7,0.57
16011,21833,14,0.03
16012,2922,8,0.87
16013,25895,2,0.88
16014,14761,7,0.54
16015,2860,1,0.37
16016,21831,17,0.98
16017,2602,14,0.81
16018,30833,9,0.19
16019,4921,16,0.3
16020,1199,14,0.42
16021,19842,14,0.43
16022,1001,10,0.35
16023,29502,1,0.03
16024,26803,4,1.0
16025,32737,5,0.07
16026,24370,9,0.23
16027,22447,8,0.05
16028,26238,17,0.21
16029,16688,17,0.99
16030,13242,11,0.05
16031,20826,19,0.49
16032,31349,6,0.15
16033,28924,10,0.21
16034,17978,18,0.52
16035,134,5,0.39
16036,23516,11,0.04
16037,28834,6,0.98
16038,2934,10,0.69
16039,15359,5,0.33
16040,30887,2,1.0
16041,14721,9,0.45
16042,17490,15,0.66
16043,34033,18,0.5
16044,19964,13,0.14
16045,18088,16,0.32
16046,19271,17,0.03
16047,26364,14,0.6
16048,6803,18,0.55
16049,5,11,0.78
16050,19227,16,0.22
16051,31660,1,0.05
16052,18829,10,0.64
16053,16303,3,0.11
16054,27744,3,0.29
16055,1371,6,0.45
16056,10159,7,0.16
16057,30143,3,0.51
16058,23436,19,0.91
16059,4865,16,0.75
16060,10797,8,0.02
16061,34128,2,0.65
16062,30559,8,0.18
16063,26442,8,0.19
16064,16265,5,0.38
16065,32749,13,0.77
16066,28096,3,0.14
16067,11238,14,0.56
16068,17090,4,0.27
16069,13496,5,0.55
16070,28019,2,0.8
16071,18175,16,0.69
16072,32516,19,0.11
16073,26020,19,0.8
16074,20775,1,0.89
16075,21452,18,0.77
16076,14734,2,0.58
16077,17106,17,0.74
16078,30303,12,0.93
16079,27815,6,0.55
16080,25143,13,0.76
16081,17833,18,0.44
16082,12016,15,0.28
16083,26148,17,0.87
16084,2444,13,0.79
16085,21324,10,0.79
16086,4224,2,0.33
16087,33944,4,0.82
16088,5293,18,0.32
16089,24906,11,0.63
16090,27877,7,0.37
16091,14565,2,0.74
16092,7558,15,0.94
16093,14676,1,0.39
16094,23482,5,0.7
16095,16632,14,0.05
16096,7912,4,0.62
16097,8999,4,0.58
16098,27768,12,0.47
16099,27933,10,0.7
16100,14426,2,0.3
16101,4196,15,0.37
16102,18684,9,0.94
16103,5444,10,0.12
16104,6077,10,0.73
16105,33371,5,0.49
16106,34183,15,0.31
16107,7186,10,0.23
16108,16392,12,0.17
16109,27885,6,0.66
16110,22586,7,0.56
16111,24932,16,0.1
16112,18706,9,0.54
16113,28379,9,0.34
16114,12026,2,0.21
16115,21169,9,0.78
16116,4747,11,0.42
16117,19047,9,0.62
16118,1134,12,0.9
16119,11939,12,0.98
16120,16416,14,0.48
16121,19376,19,0.09
16122,17039,9,0.59
16123,2666,5,0.31
16124,31128,13,0.97
16125,12292,16,0.8
16126,25335,5,0.33
16127,24424,9,0.88
16128,26964,13,0.81
16129,25420,12,0.54
16130,34960,16,0.94
16131,25097,5,0.77
16132,1368,19,0.72
16133,4966,9,0.23
16134,5820,5,0.53
16135,2835,6,0.65
16136,3562,1,0.18
16137,252,14,0.85
16138,15196,13,0.92
16139,6596,17,0.79
16140,14394,9,0.65
16141,16327,13,0.31
16142,7812,4,0.73
16143,27054,6,0.7
16144,24997,3,0.29
16145,28755,1,0.38
16146,32043,8,0.58
16147,1525,13,0.84
16148,16795,19,0.87
16149,13590,18,0.79
16150,29318,17,0.84
16151,31501,18,0.15
16152,30323,2,0.28
16153,16648,3,0.2
16154,4540,19,0.2
16155,3341,17,0.28
16156,23324,15,0.2
16157,17364,1,0.13
16158,15622,1,0.17
16159,28219,16,0.34
16160,2799,17,0.59
16161,13291,14,0.58
16162,950,13,0.5
16163,27285,17,0.26
16164,26807,18,0.75
16165,5550,9,0.66
16166,11272,10,0.75
16167,21007,9,0.36
16168,5575,9,0.65
16169,743,4,0.37
16170,3032,16,0.79
16171,19468,3,0.42
16172,3262,3,0.63
16173,1708,14,0.78
16174,29701,17,0.27
16175,701,16,0.32
16176,19067,4,0.75
16177,30740,18,0.09
16178,30435,7,0.71
16179,33566,9,0.85
16180,16761,18,0.35
16181,19832,13,0.08
16182,24629,19,0.91
16183,22205,16,0.1
16184,1438,13,0.89
16185,4192,12,0.14
16186,13740,2,0.16
16187,7692,6,0.45
16188,15562,4,0.18
16189,27863,6,0.93
16190,23052,8,0.14
16191,4902,1,0.45
16192,2513,1,0.78
16193,25127,5,0.43
16194,5039,11,0.32
16195,29260,3,0.14
16196,32154,19,0.04
16197,7645,17,0.85
16198,25378,11,0.33
16199,21702,6,0.8
16200,15244,17,0.92
16201,26678,17,0.43
16202,1416,6,0.55
16203,2093,17,0.87
16204,2285,11,0.81
16205,6624,17,0.96
16206,34601,15,0.7
16207,4652,2,0.81
16208,19109,12,0.2
16209,5751,15,0.38
16210,17566,13,0.93
16211,22352,8,0.49
16212,17978,16,0.81
16213,12303,6,0.06
16214,6310,9,0.88
16215,11570,12,0.96
16216,2228,5,0.45
16217,13320,14,0.15
16218,14454,9,0.89
16219,32604,12,0.5
16220,21182,2,0.86
16221,12970,16,0.73
16222,733,16,0.69
16223,4799,14,0.12
16224,21139,19,0.68
16225,1330,11,0.99
16226,21004,11,0.36
16227,25192,6,0.15
16228,22516,6,0.31
16229,17137,8,0.78
16230,20312,5,0.12
16231,22610,5,0.15
16232,21518,2,0.73
16233,11838,10,0.01
16234,30643,12,0.19
16235,4219,5,0.3
16236,15939,3,0.79
16237,31775,12,0.53
16238,11428,19,0.74
16239,23994,12,0.84
16240,12368,3,0.18
16241,32190,16,0.99
16242,26220,14,0.02
16243,9367,17,0.8
16244,23352,17,0.87
16245,1599,3,0.4
16246,10924,10,0.64
16247,21562,3,0.36
16248,24050,2,0.01
16249,11768,9,0.72
16250,21729,7,0.03
16251,1374,3,0.52
16252,1976,18,0.64
16253,8240,4,0.72
16254,21155,19,0.93
16255,19484,19,0.47
16256,16884,18,0.43
16257,8979,9,0.59
16258,14297,2,0.01
16259,2659,6,0.11
16260,434,16,0.82
16261,22509,3,0.7
16262,5669,2,0.41
16263,3386,14,0.72
16264,7604,10,0.76
16265,4023,7,0.51
16266,34361,19,0.31
16267,7654,16,0.5
16268,2854,6,0.69
16269,30010,11,0.15
16270,17480,17,0.62
16271,10146,7,0.96
16272,6235,11,0.1
16273,15654,4,0.78
16274,6143,17,0.92
16275,26051,2,0.87
16276,17410,12,0.69
16277,3863,11,0.07
16278,26883,7,0.75
16279,14458,2,0.94
16280,21770,14,0.02
16281,9305,7,0.44
16282,12146,14,0.46
16283,9476,7,0.56
16284,4451,18,0.96
16285,11981,5,0.59
16286,31889,9,0.47
16287,17901,11,0.14
16288,17764,19,0.43
16289,2147,2,0.89
16290,9800,11,0.2
16291,27462,17,0.91
16292,32218,12,0.01
16293,18061,4,0.45
16294,13415,11,0.19
16295,15426,7,0.35
16296,5181,15,0.01
16297,6001,5,0.24
16298,29262,1,0.26
16299,17027,1,0.43
16300,26149,9,0.15
16301,19473,4,0.21
16302,30865,10,0.23
16303,20995,13,0.23
16304,21102,12,0.16
16305,1605,10,0.51
16306,30329,13,0.98
16307,27914,5,0.45
16308,5900,13,0.73
16309,34652,13,0.97
16310,22231,5,0.49
16311,25452,18,0.91
16312,15133,6,0.26
16313,7267,11,0.37
16314,5038,4,0.32
16315,34262,10,0.09
16316,19134,3,0.77
16317,10333,9,0.55
16318,11001,12,0.56
16319,25854,1,0.85
16320,7133,16,0.08
16321,9690,9,0.3
16322,15298,5,0.68
16323,4365,12,0.14
16324,32346,16,0.94
16325,24494,5,0.28
16326,29471,13,0.6
16327,15056,17,0.76
16328,18867,11,0.4
16329,20020,6,1.0
16330,11462,13,0.19
16331,20476,2,0.89
16332,21780,15,0.12
16333,2002,13,0.97
16334,34350,6,0.97
16335,20781,6,0.31
16336,31658,3,0.64
16337,12215,8,0.5
16338,19248,17,0.24
16339,8197,14,0.54
16340,29350,5,0.52
16341,10191,1,0.69
16342,32476,12,0.58
16343,1756,4,0.35
16344,15545,16,0.63
16345,19465,1,0.06
16346,3447,8,0.78
16347,8395,1,0.64
16348,3170,10,0.11
16349,26077,1,0.31
16350,13725,10,0.29
16351,26684,9,0.54
16352,34381,11,0.65
16353,22060,8,0.07
16354,1158,13,0.74
16355,13587,12,0.75
16356,11592,5,0.5
16357,17571,2,0.34
16358,4924,11,0.44
16359,18756,9,0.88
16360,26331,4,0.67
16361,17241,10,0.55
16362,4207,5,0.16
16363,3903,15,0.86
16364,31906,18,0.66
16365,22258,5,0.73
16366,13933,14,0.09
16367,30465,19,0.47
16368,6549,7,0.48
16369,8185,8,0.67
16370,8280,14,0.8
16371,17801,9,0.19
16372,15555,19,0.51
16373,12449,10,0.08
16374,15106,19,0.51
16375,28411,2,0.44
16376,17805,10,0.89
16377,30534,4,0.64
16378,25799,5,0.48
16379,23023,13,0.76
16380,25547,1,0.74
16381,21743,12,0.21
16382,2998,18,0.06
16383,12529,19,0.99
16384,25099,12,0.86
16385,10851,1,0.9
16386,1860,18,0.34
16387,2740,13,0.74
16388,10106,2,0.96
16389,32420,10,0.78
16390,23366,11,0.22
16391,29738,8,0.83
16392,31977,10,0.99
16393,17865,16,0.01
16394,4724,6,0.27
16395,31882,14,0.85
16396,12785,8,0.14
16397,32816,15,0.67
16398,9682,8,0.8
16399,15843,14,0.12
16400,24802,7,0.66
16401,11278,6,0.37
16402,31555,4,0.58
16403,1437,8,0.82
16404,15717,8,0.32
16405,26557,3,0.71
16406,18234,3,0.52
16407,3856,14,0.84
16408,13060,14,0.67
16409,31844,10,0.87
16410,15844,4,0.14
16411,30784,18,0.08
16412,31171,13,0.18
16413,30109,1,0.46
16414,16932,17,0.26
16415,789,17,0.83
16416,18218,8,0.8
16417,24316,5,0.79
16418,16778,4,0.35
16419,30248,8,0.58
16420,32857,14,0.29
16421,18536,3,0.05
16422,6830,9,0.54
16423,32934,13,0.94
16424,23521,16,0.9
16425,14768,4,0.89
16426,4230,3,0.96
16427,7233,1,0.04
16428,34806,6,1.0
16429,12920,6,0.15
16430,1458,2,0.53
16431,28309,6,0.17
16432,23482,13,0.45
16433,6421,11,0.6
16434,2465,17,0.74
16435,4548,6,0.08
16436,15048,2,0.13
16437,20010,19,0.21
16438,2621,1,0.01
16439,20248,9,0.41
16440,9306,4,0.81
16441,11640,13,0.26
16442,23059,9,0.1
16443,15163,15,0.71
16444,29358,6,0.46
16445,33255,9,0.3
16446,25927,2,0.36
16447,29534,12,0.96
16448,32289,13,0.21
16449,20406,3,0.13
16450,28038,19,0.4
16451,16631,18,0.13
16452,13147,13,0.53
16453,4847,16,0.59
16454,12081,1,0.91
16455,6873,2,0.65
16456,5870,17,0.23
16457,32332,3,0.87
16458,23687,6,0.13
16459,30400,4,0.36
16460,12216,6,0.08
16461,11600,3,0.24
16462,6922,10,0.2
16463,15615,6,0.86
16464,33405,13,0.18
16465,15904,19,0.44
16466,17666,5,0.39
16467,31387,8,0.56
16468,13128,12,0.19
16469,26151,8,0.9
16470,2529,7,0.17
16471,26475,12,0.4
16472,5183,2,0.42
16473,28161,19,0.63
16474,10611,10,0.83
16475,7326,12,0.0
16476,33537,14,0.25
16477,15558,7,0.95
16478,26520,19,0.09
16479,34763,18,0.68
16480,2995,9,0.1
16481,16612,2,0.58
16482,24706,8,0.43
16483,10751,5,0.44
16484,3313,19,0.49
16485,21127,7,0.21
16486,25499,2,0.06
16487,2654,11,0.06
16488,31053,16,0.66
16489,20689,10,0.05
16490,30472,14,0.22
16491,33166,1,0.95
16492,32667,16,0.9
16493,10010,11,0.57
16494,1504,14,0.51
16495,28135,19,0.89
16496,24226,14,0.67
16497,20973,18,0.44
16498,24026,8,0.66
16499,14523,14,0.05
16500,2366,2,0.02
16501,27645,1,0.33
16502,26371,8,0.03
16503,15035,2,0.79
16504,1991,12,0.62
16505,2948,10,0.42
16506,14072,1,0.8
16507,27954,10,0.41
16508,31538,16,0.33
16509,30081,14,0.03
16510,22624,5,0.19
16511,25481,8,0.38
16512,2564,5,0.67
16513,30552,8,0.67
16514,12009,11,0.74
16515,25266,4,0.51
16516,10316,14,0.43
16517,29676,17,0.11
16518,33579,13,0.12
16519,2851,2,0.32
16520,6310,18,0.73
16521,29213,4,0.11
16522,30928,5,0.75
16523,15678,7,0.37
16524,15204,16,0.1
16525,5913,11,0.51
16526,18490,11,0.07
16527,34865,7,0.46
16528,5874,7,0.97
16529,8456,2,0.15
16530,10290,17,0.32
16531,8719,6,1.0
16532,23850,6,0.15
16533,19261,19,0.66
16534,10260,16,0.41
16535,13028,6,0.83
16536,19183,6,0.81
16537,7156,14,0.01
16538,7404,12,0.48
16539,11675,18,0.74
16540,106,7,0.99
16541,26672,1,0.43
16542,23099,5,0.23
16543,27410,6,0.91
16544,22996,6,0.17
16545,7229,2,0.1
16546,16389,11,0.32
16547,10379,6,0.26
16548,22312,13,0.59
16549,14883,11,0.53
16550,29496,19,0.51
16551,8416,19,0.75
16552,30819,6,0.02
16553,31670,8,0.37
16554,34849,18,0.72
16555,31842,19,0.54
16556,16656,10,0.27
16557,22768,19,0.1
16558,11532,9,0.96
16559,31196,6,0.99
16560,10123,1,0.17
16561,12809,14,0.74
16562,20,10,0.92
16563,21044,13,0.51
16564,25213,17,0.72
16565,4774,9,0.22
16566,14526,15,0.59
16567,31253,9,0.56
16568,30695,10,0.41
16569,15191,9,0.85
16570,34167,6,0.91
16571,23157,11,0.6
16572,26696,4,0.06
16573,8563,3,0.58
16574,14540,13,0.33
16575,10352,15,0.93
16576,26172,7,0.96
16577,5579,7,0.63
16578,13531,12,0.46
16579,7552,9,0.4
16580,2229,9,0.33
16581,17504,1,0.99
16582,25205,12,0.03
16583,11102,13,0.6
16584,3596,1,0.14
16585,11812,10,0.77
16586,18110,15,0.19
16587,28471,2,0.64
16588,29290,1,0.14
16589,14567,12,0.5
16590,21712,1,1.0
16591,2657,8,0.44
16592,14634,12,0.13
16593,2585,6,0.23
16594,13064,4,0.39
16595,14893,11,0.55
16596,3503,17,0.17
16597,15579,19,0.31
16598,2552,15,0.04
16599,6350,6,0.7
16600,21937,2,0.1
16601,2139,18,0.76
16602,1494,7,0.46
16603,21209,19,0.28
16604,13765,11,0.89
16605,10603,6,0.38
16606,12536,8,0.74
16607,9733,6,0.87
16608,17039,18,0.8
16609,14421,9,0.22
16610,11631,1,0.4
16611,18646,4,0.23
16612,7823,19,0.87
16613,9052,13,0.87
16614,6896,5,0.71
16615,34844,7,0.43
16616,28278,5,0.56
16617,13982,10,0.84
16618,11611,17,0.14
16619,8080,3,0.1
16620,22462,12,0.25
16621,8286,15,0.04
16622,27297,11,0.37
16623,29844,16,0.78
16624,26606,9,0.47
16625,18561,8,0.92
16626,7123,19,0.7
16627,17970,13,0.19
16628,5194,11,0.28
16629,34458,12,0.79
16630,3210,10,0.87
16631,31812,4,0.0
16632,20427,18,0.1
16633,31180,9,0.79
16634,34788,4,0.11
16635,11773,4,0.75
16636,26421,3,0.38
16637,29406,16,0.25
16638,11479,6,0.39
16639,9944,18,0.4
16640,3859,4,0.6
16641,6917,15,0.82
16642,13616,11,0.75
16643,30818,14,0.39
16644,9336,19,0.81
16645,14001,18,0.22
16646,5570,1,0.48
16647,22444,16,0.15
16648,33113,15,0.18
16649,22526,12,0.25
16650,26354,10,0.49
16651,27161,18,0.15
16652,11345,10,0.43
16653,2099,19,0.5
16654,18107,17,0.88
16655,5725,2,0.76
16656,24745,13,0.85
16657,21098,16,0.68
16658,34221,7,0.81
16659,17642,16,0.98
16660,9854,17,0.59
16661,20301,4,0.51
16662,16948,16,0.23
16663,16875,13,0.57
16664,13262,7,0.76
16665,7867,17,0.65
16666,25093,18,0.76
16667,8808,4,0.97
16668,3837,19,0.97
16669,21499,5,0.99
16670,8488,15,0.27
16671,15768,2,0.18
16672,22670,1,0.95
16673,28224,7,0.45
16674,18382,14,0.31
16675,17644,14,0.27
16676,16431,7,0.07
16677,3691,2,0.14
16678,21782,14,0.65
16679,18848,1,0.13
16680,2798,4,0.48
16681,5394,13,0.07
16682,48,12,0.1
16683,10394,1,0.15
16684,6101,6,0.89
16685,15348,2,0.39
16686,27500,6,0.5
16687,19248,19,0.54
16688,1228,15,0.06
16689,25292,2,0.19
16690,25618,8,0.34
16691,14932,1,0.8
16692,9815,9,0.69
16693,5669,7,0.69
16694,743,16,0.53
16695,20114,5,0.88
16696,13472,15,0.02
16697,11625,3,0.85
16698,16880,18,0.45
16699,30673,12,0.03
16700,27147,1,0.1
16701,26420,11,0.14
16702,6245,1,0.89
16703,17889,4,0.32
16704,9266,11,0.86
16705,33972,3,0.02
16706,19199,13,0.0
16707,15221,12,0.61
16708,24605,10,0.6
16709,22275,15,0.98
16710,27015,10,0.33
16711,14806,13,0.1
16712,24843,10,0.54
16713,25173,5,0.9
16714,29631,12,1.0
16715,30701,1,0.08
16716,6263,18,0.01
16717,14704,18,0.57
16718,22362,10,0.05
16719,13483,19,1.0
16720,1539,15,0.0
16721,19739,3,0.77
16722,24662,15,0.38
16723,3748,17,0.91
16724,14262,2,0.12
16725,15199,7,0.86
16726,20189,17,0.52
16727,4022,3,0.64
16728,9361,6,0.58
16729,9089,14,0.7
16730,25141,18,0.4
16731,20807,8,0.02
16732,21725,2,0.99
16733,990,6,0.32
16734,22599,16,0.25
16735,30591,18,0.66
16736,8939,19,0.22
16737,15777,11,0.88
16738,22904,5,0.47
16739,20266,14,0.55
16740,9091,19,0.91
16741,25750,2,0.77
16742,7977,17,0.74
16743,12795,6,0.86
16744,835,9,0.61
16745,6362,5,0.05
16746,24647,4,0.69
16747,26521,6,0.12
16748,12932,1,0.55
16749,11184,3,0.36
16750,21760,13,0.77
16751,23851,15,0.75
16752,13633,14,0.62
16753,26413,13,0.31
16754,32351,13,0.67
16755,20784,17,0.73
16756,6712,19,0.68
16757,16695,11,0.03
16758,20573,2,0.5
16759,2775,9,0.31
16760,33718,8,0.84
16761,18339,17,0.1
16762,13953,2,0.52
16763,9063,19,0.6
16764,20579,10,0.06
16765,14399,1,0.37
16766,31622,1,0.3
16767,26605,17,0.53
16768,34195,9,0.33
16769,15908,4,0.48
16770,8125,17,0.08
16771,2181,1,0.37
16772,16821,3,0.62
16773,2143,9,0.48
16774,18685,7,0.63
16775,19185,3,0.45
16776,8463,17,0.52
16777,11022,2,0.39
16778,7381,15,0.52
16779,16915,8,0.33
16780,26195,17,0.66
16781,16642,4,0.46
16782,17313,18,0.99
16783,33776,3,0.55
16784,22232,18,0.77
16785,5013,16,0.07
16786,5720,18,0.92
16787,14253,14,0.33
16788,14253,17,0.4
16789,26258,7,0.61
16790,5896,11,0.93
16791,1621,13,0.32
16792,33000,5,0.02
16793,4607,8,1.0
16794,26375,3,0.14
16795,10414,17,0.2
16796,32956,14,0.74
16797,16893,14,0.36
16798,10371,19,0.19
16799,10521,19,0.27
16800,31276,7,0.93
16801,33308,1,0.3
16802,2139,6,0.82
16803,4820,9,0.29
16804,29697,11,0.56
16805,29820,19,0.82
16806,20637,4,0.13
16807,25209,16,0.42
16808,25631,19,0.44
16809,15663,16,0.51
16810,26709,1,0.72
16811,15398,11,0.4
16812,9403,14,0.91
16813,4296,1,0.72
16814,30319,1,0.53
16815,26560,10,0.63
16816,2414,3,0.14
16817,3781,6,0.51
16818,24798,2,0.07
16819,4452,9,0.95
16820,16131,8,0.55
16821,8340,3,0.53
16822,16978,3,0.51
16823,29058,12,0.57
16824,10576,15,0.5
16825,20586,9,0.47
16826,24495,9,0.36
16827,14899,1,0.89
16828,3831,7,0.34
16829,6509,2,0.73
16830,27840,13,0.4
16831,25525,6,0.74
16832,12512,2,0.37
16833,19422,13,0.3
16834,11543,4,0.86
16835,11947,2,0.08
16836,27197,12,0.24
16837,5067,17,0.66
16838,3018,3,0.83
16839,26802,18,0.37
16840,15441,10,0.44
16841,20963,14,0.71
16842,25982,9,0.73
16843,19357,14,0.06
16844,16599,3,0.34
16845,16805,17,0.55
16846,29641,14,0.06
16847,28214,16,0.7
16848,14336,18,0.86
16849,28076,2,0.68
16850,18062,19,0.41
16851,7546,9,0.77
16852,18792,8,0.35
16853,5598,2,0.57
16854,10775,9,0.22
16855,13586,7,0.36
16856,28221,19,0.55
16857,6127,11,0.16
16858,30332,11,0.29
16859,14420,1,0.77
16860,33816,5,0.76
16861,23454,14,0.07
16862,22262,7,0.15
16863,23080,4,0.2
16864,31337,8,0.04
16865,26785,16,0.94
16866,28033,10,0.3
16867,4799,17,0.44
16868,18514,1,0.62
16869,6753,7,0.97
16870,33914,17,0.38
16871,26439,1,0.82
16872,3861,18,0.13
16873,24955,8,0.28
16874,23218,19,0.8
16875,33668,13,0.08
16876,24507,16,0.76
16877,28413,9,0.02
16878,7174,16,0.43
16879,32258,14,0.77
16880,29673,12,0.77
16881,23171,15,0.01
16882,22583,18,0.54
16883,13344,17,0.64
16884,874,6,0.01
16885,27880,14,0.12
16886,8468,2,0.95
16887,22677,5,0.86
16888,399,9,0.18
16889,21983,2,0.87
16890,24664,13,0.73
16891,9988,5,0.13
16892,20079,8,0.0
16893,34110,7,0.53
16894,34087,13,0.73
16895,11540,11,0.18
16896,30215,2,0.47
16897,20064,19,0.02
16898,25747,12,0.53
16899,5697,12,0.68
16900,1888,9,0.37
16901,11491,14,0.96
16902,32354,6,0.64
16903,26818,17,0.88
16904,30011,11,0.65
16905,26256,14,0.5
16906,26208,11,0.34
16907,15814,8,0.2
16908,2135,8,0.33
16909,19276,2,0.14
16910,34215,17,0.61
16911,9379,15,0.07
16912,12827,6,0.82
16913,5474,13,0.3
16914,8999,1,0.19
16915,11214,12,0.31
16916,32096,17,0.86
16917,19967,3,0.36
16918,32801,3,0.06
16919,18057,7,0.3
16920,1065,14,0.64
16921,343,6,0.95
16922,31184,6,0.34
16923,32869,16,0.61
16924,4341,6,0.54
16925,33047,12,0.09
16926,17540,9,0.41
16927,24356,10,0.39
16928,2050,9,0.34
16929,24400,11,0.13
16930,18752,19,0.72
16931,17555,18,0.01
16932,7070,7,0.22
16933,29004,18,0.82
16934,31701,4,0.04
16935,20374,5,0.61
16936,22392,5,0.21
16937,25214,1,0.26
16938,16790,6,0.82
16939,24521,1,0.46
16940,30151,5,0.44
16941,25693,16,0.94
16942,31940,7,0.78
16943,21102,12,0.43
16944,630,2,0.72
16945,9692,16,0.48
16946,27048,6,0.45
16947,12388,14,0.07
16948,10688,10,0.47
16949,32531,15,0.2
16950,29967,5,0.93
16951,19415,3,0.33
16952,12588,18,0.54
16953,24463,4,0.76
16954,4245,3,0.11
16955,19034,9,0.42
16956,31448,3,0.29
16957,884,18,0.25
16958,32816,17,0.3
16959,17662,17,0.81
16960,26903,2,0.53
16961,1140,4,0.15
16962,2912,11,0.86
16963,27167,17,0.85
16964,26286,14,0.92
16965,12760,8,0.1
16966,9840,15,0.71
16967,9648,14,0.44
16968,12713,12,0.61
16969,9421,17,0.32
16970,4763,10,0.32
16971,16335,2,0.82
16972,34209,11,0.34
16973,8777,14,0.96
16974,24625,1,0.76
16975,5162,3,0.04
16976,34902,3,0.23
16977,24157,11,0.58
16978,5676,6,0.58
16979,25558,16,0.87
16980,21937,6,0.18
16981,18478,1,0.8
16982,34545,13,0.94
16983,23933,15,0.48
16984,30368,14,0.61
16985,2335,15,0.79
16986,14211,2,0.03
16987,31996,11,0.7
16988,9875,4,0.77
16989,26627,3,0.6
16990,30582,17,0.98
16991,28117,18,0.96
16992,22320,19,0.57
16993,23955,2,0.39
16994,12519,5,0.7
16995,2673,7,0.11
16996,25099,18,0.91
16997,4023,19,0.78
16998,4820,10,0.5
16999,12213,4,0.43
17000,27528,13,0.48
17001,19050,5,0.48
17002,17238,10,0.12
17003,31473,12,0.66
17004,4751,13,0.1
17005,22847,5,0.97
17006,18646,7,0.41
17007,11163,5,0.26
17008,4292,19,0.06
17009,13183,12,0.71
17010,20448,11,0.25
17011,407,18,0.21
17012,31019,10,0.93
17013,31620,7,0.03
17014,13809,6,0.87
17015,8966,9,0.82
17016,33324,10,0.98
17017,8868,10,0.71
17018,5828,15,0.03
17019,3759,18,0.81
17020,13526,10,0.62
17021,21111,1,0.23
17022,7544,11,0.1
17023,13387,2,0.65
17024,4449,8,0.22
17025,1589,9,0.4
17026,28594,17,0.92
17027,24021,9,0.48
17028,34063,9,0.1
17029,7753,14,0.55
17030,2568,9,0.07
17031,21778,16,0.59
17032,26584,4,0.56
17033,26337,1,0.59
17034,26158,9,0.35
17035,16088,2,0.35
17036,10450,1,0.23
17037,22675,8,0.59
17038,17007,15,0.78
17039,387,15,0.08
17040,12308,6,0.33
17041,9413,18,0.67
17042,17345,13,0.44
17043,19032,3,0.91
17044,12503,12,0.42
17045,15759,11,0.8
17046,12704,6,0.97
17047,16036,15,0.5
17048,31268,19,0.44
17049,33285,12,0.88
17050,31106,9,0.75
17051,30290,18,0.33
17052,24952,16,0.57
17053,29944,1,0.62
17054,33896,10,0.07
17055,3112,2,0.51
17056,30002,15,0.17
17057,29972,5,0.83
17058,25352,5,0.41
17059,8154,8,0.6
17060,13637,15,0.76
17061,14862,10,0.38
17062,6776,10,0.8
17063,10945,18,0.68
17064,1428,7,0.8
17065,32176,8,0.62
17066,13961,13,0.67
17067,31708,10,0.14
17068,8890,3,0.92
17069,15675,11,0.55
17070,31869,17,0.37
17071,5424,7,0.51
17072,24968,13,0.86
17073,10868,10,0.25
17074,23163,1,0.19
17075,34131,3,0.01
17076,18219,2,0.09
17077,19466,15,0.67
17078,1459,15,0.28
17079,23576,2,0.67
17080,13772,4,0.83
17081,34706,16,0.69
17082,13051,11,0.69
17083,2200,16,0.35
17084,12156,13,0.16
17085,4874,16,0.38
17086,24474,19,0.75
17087,18893,18,0.08
17088,13056,15,0.23
17089,32288,6,0.81
17090,8961,9,0.5
17091,22058,16,0.87
17092,21249,6,0.67
17093,25799,17,0.79
17094,6491,16,0.97
17095,17290,1,0.39
17096,801,19,0.89
17097,24957,11,0.14
17098,5524,10,0.73
17099,2319,2,0.07
17100,6587,19,0.86
17101,14056,10,0.42
17102,2534,12,0.07
17103,24852,9,0.81
17104,29074,16,0.18
17105,1190,4,0.92
17106,27569,2,0.91
17107,27042,16,0.11
17108,8384,12,0.38
17109,29207,5,0.53
17110,20936,15,0.69
17111,30174,11,0.46
17112,13206,10,0.78
17113,19621,6,0.23
17114,21807,16,0.27
17115,34931,5,0.1
17116,3636,18,0.74
17117,27066,14,0.17
17118,21515,4,0.77
17119,22042,12,0.1
17120,14636,11,0.57
17121,1841,6,0.89
17122,13540,4,0.53
17123,27451,14,0.99
17124,15862,15,0.03
17125,7037,10,0.99
17126,20516,3,0.27
17127,32614,1,0.6
17128,30534,13,0.84
17129,31561,8,0.13
17130,9669,5,0.08
17131,22352,13,0.3
17132,12602,11,0.23
17133,9718,2,0.37
17134,5246,8,0.21
17135,34725,17,0.07
17136,18235,16,0.41
17137,16123,2,0.09
17138,11119,9,0.67
17139,4547,2,0.81
17140,3644,9,0.83
17141,12698,8,0.87
17142,32910,13,0.52
17143,11255,10,0.88
17144,9621,6,0.82
17145,21372,5,0.1
17146,30575,6,0.78
17147,12020,18,0.84
17148,24327,11,0.53
17149,23246,10,0.09
17150,8595,14,0.89
17151,14790,16,0.11
17152,26168,6,0.11
17153,16438,3,0.37
17154,271,19,0.47
17155,6488,14,0.52
17156,3566,11,0.66
17157,18216,13,0.57
17158,29325,14,0.08
17159,11027,11,0.23
17160,2285,13,0.44
17161,21816,5,0.07
17162,20506,15,0.61
17163,15968,2,0.31
17164,24341,16,0.08
17165,33832,3,0.76
17166,6724,3,0.14
17167,21262,11,0.15
17168,24666,15,0.99
17169,8730,19,0.02
17170,27946,12,0.24
17171,27005,17,0.76
17172,27838,13,0.43
17173,22645,7,0.57
17174,27674,14,0.22
17175,31622,17,0.56
17176,7380,8,0.19
17177,15535,8,0.04
17178,7136,19,0.95
17179,31053,15,0.04
17180,17678,14,0.69
17181,29028,1,0.31
17182,1919,10,0.55
17183,9372,3,0.52
17184,13568,4,0.78
17185,2342,1,0.13
17186,34077,13,0.73
17187,13425,10,0.7
17188,28707,11,0.68
17189,13907,3,0.91
17190,29197,1,0.95
17191,19160,1,0.71
17192,2224,19,0.97
17193,32422,17,0.22
17194,3630,3,1.0
17195,17468,8,0.67
17196,4674,4,0.25
17197,32774,4,0.68
17198,30862,18,0.32
17199,27219,15,0.98
17200,11227,6,0.07
17201,28379,18,0.15
17202,13044,17,0.36
17203,22397,14,0.79
17204,10190,14,0.41
17205,10232,2,0.74
17206,5143,10,0.66
17207,33504,3,0.91
17208,12573,1,0.81
17209,19001,18,0.63
17210,10287,14,0.26
17211,15299,18,0.27
17212,8890,12,0.08
17213,8579,11,0.01
17214,25498,15,0.15
17215,27412,12,0.16
17216,22246,7,0.97
17217,1284,12,0.5
17218,21969,18,0.8
17219,2616,9,0.28
17220,6598,16,0.74
17221,5242,13,0.4
17222,33183,16,0.74
17223,24322,1,0.95
17224,22145,19,0.2
17225,28055,16,0.95
17226,4801,8,0.41
17227,20233,13,0.95
17228,32102,18,0.24
17229,9573,13,0.21
17230,31825,4,0.55
17231,16612,7,0.35
17232,34093,7,0.53
17233,12502,5,0.8
17234,26064,8,0.87
17235,7195,4,0.05
17236,24295,10,0.27
17237,6382,1,0.43
17238,29649,10,0.85
17239,9087,1,0.13
17240,25621,19,0.05
17241,19845,3,0.25
17242,21080,7,0.7
17243,11434,5,0.59
17244,34413,4,0.8
17245,10237,15,0.6
17246,2055,7,0.39
17247,5717,16,0.26
17248,11966,10,0.06
17249,15062,6,0.15
17250,14900,18,0.62
17251,19847,3,0.39
17252,9535,15,0.66
17253,23175,14,0.34
17254,26655,7,0.97
17255,13643,18,0.33
17256,13501,17,0.64
17257,28573,7,0.85
17258,7055,5,0.11
17259,4411,10,0.71
17260,13452,6,0.38
17261,3722,19,0.67
17262,20300,10,0.16
17263,8757,9,0.07
17264,30098,1,0.95
17265,15303,9,0.62
17266,26830,3,0.03
17267,25392,1,0.7
17268,12945,18,0.66
17269,374,17,0.66
17270,1353,11,0.88
17271,5445,4,0.79
17272,3542,14,0.11
17273,7381,14,0.21
17274,7798,9,0.72
17275,16942,3,0.73
17276,15459,10,0.23
17277,14754,1,0.92
17278,13977,17,0.94
17279,10532,5,0.13
17280,10163,7,0.23
17281,30143,4,0.5
17282,21206,4,0.25
17283,34002,2,0.77
17284,4128,11,0.68
17285,18728,18,0.55
17286,8033,12,0.75
17287,15685,14,0.29
17288,4624,1,0.03
17289,27969,12,0.45
17290,22586,1,0.82
17291,27913,14,0.47
17292,11428,6,0.27
17293,33842,12,0.81
17294,20383,12,0.13
17295,17071,3,0.23
17296,19039,9,0.08
17297,3958,17,0.31
17298,15274,9,0.84
17299,14176,14,0.64
17300,3327,4,0.21
17301,31541,2,0.42
17302,10631,14,0.04
17303,6548,19,0.66
17304,7629,3,1.0
17305,18012,15,0.86
17306,6022,15,0.06
17307,34117,10,0.07
17308,3238,11,0.09
17309,19528,8,0.75
17310,24214,19,0.7
17311,8252,8,0.4
17312,18383,7,0.8
17313,32372,2,0.66
17314,33368,5,0.71
17315,34050,16,0.47
17316,2687,11,0.6
17317,24837,3,0.11
17318,26497,19,0.29
17319,20468,9,0.21
17320,26887,18,0.89
17321,7659,17,0.36
17322,22186,4,0.83
17323,32557,3,0.24
17324,23991,9,0.48
17325,26290,12,0.07
17326,21370,14,0.79
17327,32456,5,0.98
17328,23802,5,0.14
17329,21898,7,0.48
17330,16251,9,0.56
17331,1154,2,0.39
17332,3565,14,0.94
17333,3557,6,0.0
17334,893,9,0.17
17335,26742,19,0.13
17336,221,4,0.29
17337,33882,9,0.73
17338,14749,9,0.94
17339,27463,14,0.64
17340,4903,1,0.66
17341,17921,9,0.84
17342,9408,14,0.99
17343,5371,14,0.24
17344,28595,6,0.21
17345,10406,16,0.92
17346,13907,16,0.33
17347,32611,17,0.96
17348,14376,3,0.01
17349,27170,19,0.54
17350,29465,1,0.22
17351,11829,1,0.05
17352,16186,16,0.7
17353,24102,15,0.46
17354,29227,10,0.57
17355,6134,12,0.29
17356,2461,3,0.21
17357,6558,15,0.23
17358,23607,4,0.12
17359,5009,11,0.59
17360,18999,13,0.6
17361,1468,5,0.74
17362,3306,10,0.13
17363,21680,3,0.31
17364,31580,8,0.32
17365,7665,16,0.15
17366,8994,8,0.93
17367,7416,13,0.51
17368,26490,1,0.21
17369,23815,12,0.75
17370,10494,15,0.12
17371,31637,9,0.83
17372,7866,9,0.17
17373,27107,19,0.94
17374,25716,4,0.49
17375,29939,19,0.2
17376,23596,18,0.6
17377,5865,7,0.2
17378,32117,6,0.39
17379,15061,4,0.26
17380,28943,13,0.65
17381,371,19,0.06
17382,17969,11,0.25
17383,22149,16,0.5
17384,34397,13,0.78
17385,14914,17,0.95
17386,10124,16,0.62
17387,25392,17,0.55
17388,20278,7,0.87
17389,2621,3,0.68
17390,33170,7,0.83
17391,13948,5,0.83
17392,29176,8,0.5
17393,16326,12,0.78
17394,31642,18,0.4
17395,8753,8,0.66
17396,8471,18,0.37
17397,33290,19,0.22
17398,22352,10,0.01
17399,4989,14,0.86
17400,30121,14,0.55
17401,24341,6,0.47
17402,33748,9,0.97
17403,30127,3,0.92
17404,11597,5,0.7
17405,20501,10,0.6
17406,26050,18,0.3
17407,18325,14,0.27
17408,31036,5,0.2
17409,32943,8,0.25
17410,15327,16,1.0
17411,10735,10,0.38
17412,6641,15,0.28
17413,9719,10,0.34
17414,18544,12,0.27
17415,30211,5,0.66
17416,30005,3,0.1
17417,6017,10,0.64
17418,21423,14,0.47
17419,14447,4,0.12
17420,17151,11,0.55
17421,32631,2,0.93
17422,14910,7,0.32
17423,34842,13,0.08
17424,28892,3,0.43
17425,12644,14,0.5
17426,14770,6,0.48
17427,4311,6,0.14
17428,14357,5,0.24
17429,27008,19,0.78
17430,20387,16,0.93
17431,4099,16,0.96
17432,20443,4,0.62
17433,23624,6,0.59
17434,14243,8,0.09
17435,15315,16,0.48
17436,5082,18,0.31
17437,20781,15,0.3
17438,30625,8,0.75
17439,13979,19,0.88
17440,18808,6,1.0
17441,24547,13,0.83
17442,28852,9,0.91
17443,28851,2,0.56
17444,30618,14,0.32
17445,30296,13,0.73
17446,3718,6,0.15
17447,15879,2,0.64
17448,29836,9,0.43
17449,2081,2,0.15
17450,21926,6,0.52
17451,32408,6,0.13
17452,15401,5,0.64
17453,19532,15,0.86
17454,17047,11,0.82
17455,16304,1,0.71
17456,13145,19,0.64
17457,33935,15,0.71
17458,18147,5,0.16
17459,21074,18,0.59
17460,32013,19,0.91
17461,23824,17,0.96
17462,7550,8,0.59
17463,33383,1,0.22
17464,21170,8,0.47
17465,15041,17,0.92
17466,168,18,0.13
17467,15597,7,0.67
17468,31265,8,0.3
17469,17452,9,0.13
17470,34656,6,0.52
17471,12549,15,0.57
17472,6405,9,0.9
17473,13116,5,0.09
17474,33620,11,0.98
17475,30811,3,0.53
17476,4170,13,0.41
17477,3874,6,0.61
17478,3732,12,0.42
17479,21991,8,0.48
17480,23094,4,0.31
17481,13309,13,0.32
17482,26515,8,0.26
17483,21583,19,0.64
17484,21911,10,0.4
17485,5906,18,0.13
17486,31321,1,0.08
17487,23789,9,0.12
17488,29502,3,0.35
17489,7486,3,0.61
17490,13432,6,0.44
17491,25811,9,0.84
17492,16983,2,0.06
17493,34361,5,0.67
17494,7857,6,0.15
17495,15954,4,0.64
17496,28832,18,0.89
17497,11122,14,0.06
17498,13656,11,0.26
17499,21420,5,0.73
17500,22783,18,0.54
17501,24459,5,0.13
17502,33083,19,0.71
17503,15279,14,0.65
17504,6728,17,0.29
17505,4087,12,0.9
17506,7221,16,0.4
17507,7828,14,0.95
17508,80,12,0.83
17509,11226,17,0.7
17510,7949,16,0.56
17511,9577,3,0.22
17512,26380,16,0.21
17513,26871,19,0.5
17514,25542,15,0.95
17515,30245,11,0.39
17516,20739,11,0.83
17517,1448,19,0.77
17518,34656,17,0.21
17519,26377,19,0.06
17520,10261,14,0.83
17521,33353,15,0.31
17522,18009,1,0.2
17523,33128,3,0.49
17524,14715,9,0.18
17525,8918,6,0.22
17526,51,15,0.21
17527,26233,19,0.49
17528,22532,9,0.49
17529,11248,6,0.84
17530,29642,10,0.57
17531,6812,2,0.61
17532,20114,2,0.31
17533,22174,7,0.73
17534,9406,5,0.28
17535,15942,6,0.87
17536,21898,6,0.21
17537,2354,12,0.71
17538,32876,19,0.2
17539,28759,6,0.53
17540,19973,6,0.13
17541,19155,18,0.17
17542,17580,4,0.7
17543,26570,18,0.59
17544,23023,14,0.41
17545,945,1,0.41
17546,15939,4,0.61
17547,13523,15,0.68
17548,8917,5,0.72
17549,9960,2,0.83
17550,24132,13,0.64
17551,8089,14,0.83
17552,20287,17,0.22
17553,22277,8,0.67
17554,6385,13,0.77
17555,18356,19,0.14
17556,15922,17,0.65
17557,29111,2,0.0
17558,14027,12,0.33
17559,23272,14,0.12
17560,11515,14,0.6
17561,8815,14,0.04
17562,32367,15,0.47
17563,2740,4,0.06
17564,4259,6,0.31
17565,16987,1,0.45
17566,3219,11,0.69
17567,24212,9,0.19
17568,34568,4,0.49
17569,6646,15,0.92
17570,25597,8,0.02
17571,6969,18,0.57
17572,6942,13,0.01
17573,14985,12,0.75
17574,22653,6,0.33
17575,596,12,0.56
17576,29862,10,0.96
17577,9389,12,0.65
17578,4066,19,0.17
17579,25747,11,0.69
17580,16357,17,0.67
17581,4741,13,0.52
17582,26008,12,0.9
17583,32336,11,0.07
17584,25988,17,0.73
17585,17473,8,0.11
17586,14665,10,0.42
17587,3474,16,0.93
17588,18495,11,0.11
17589,2302,8,0.13
17590,27032,11,0.97
17591,23309,6,0.13
17592,22442,5,1.0
17593,21382,18,0.16
17594,32944,17,0.22
17595,13089,3,0.81
17596,757,2,0.54
17597,20085,6,0.68
17598,12052,8,0.97
17599,28627,16,0.56
17600,27135,9,0.25
17601,8973,11,0.42
17602,26978,9,0.82
17603,24277,2,0.53
17604,22085,5,0.72
17605,4804,3,0.32
17606,21288,14,0.41
17607,30231,4,0.64
17608,27092,6,0.22
17609,23742,18,0.15
17610,33721,8,0.99
17611,31608,5,0.52
17612,16121,2,0.09
17613,24822,6,0.23
17614,16191,1,0.08
17615,1343,18,0.47
17616,33471,15,0.87
17617,19440,12,0.08
17618,28909,9,0.47
17619,26729,18,0.39
17620,28629,15,0.58
17621,17881,2,0.85
17622,10775,17,0.42
17623,26154,4,0.04
17624,21489,15,0.41
17625,6726,4,0.03
17626,3561,19,0.11
17627,15050,15,0.99
17628,22723,18,0.91
17629,24665,10,0.85
17630,1133,15,0.91
17631,31915,1,0.77
17632,20468,13,0.37
17633,32310,5,0.95
17634,33077,6,0.12
17635,29619,13,0.8
17636,12920,15,0.74
17637,29441,14,0.39
17638,28467,12,0.4
17639,16140,5,0.25
17640,2232,18,0.21
17641,14317,2,0.35
17642,16471,11,0.31
17643,32807,17,0.57
17644,26546,18,0.17
17645,3103,15,0.59
17646,31118,4,0.78
17647,32343,1,0.93
17648,29298,10,0.72
17649,16772,6,0.39
17650,5371,10,0.28
17651,1430,1,0.76
17652,29939,3,0.2
17653,1836,7,0.35
17654,17473,11,0.35
17655,6232,19,0.34
17656,25254,15,0.48
17657,24068,1,0.29
17658,31059,11,0.59
17659,5923,10,0.02
17660,33343,4,0.78
17661,19729,17,0.31
17662,20640,2,0.18
17663,28213,9,0.03
17664,26919,3,0.1
17665,28092,12,0.4
17666,32294,6,0.13
17667,20404,6,1.0
17668,9563,2,0.97
17669,22385,6,0.43
17670,6960,17,0.3
17671,11125,16,0.7
17672,24508,19,0.43
17673,26245,15,0.56
17674,972,7,0.91
17675,15742,1,0.82
17676,10921,6,0.29
17677,25218,14,0.93
17678,33465,11,0.89
17679,25690,7,0.96
17680,26900,10,0.68
17681,18078,11,0.2
17682,11199,1,0.2
17683,16990,11,0.99
17684,31918,14,0.33
17685,6199,2,0.11
17686,18776,19,0.89
17687,26361,18,0.63
17688,21244,6,0.17
17689,11349,2,0.33
17690,25676,10,0.43
17691,31519,17,0.02
17692,12162,2,0.28
17693,28385,13,0.34
17694,6734,12,0.04
17695,33488,11,0.7
17696,29294,6,0.18
17697,24406,5,0.85
17698,11269,14,0.56
17699,29986,14,0.35
17700,19199,11,0.69
17701,3375,6,0.5
17702,32001,16,0.88
17703,295,5,0.97
17704,9079,1,0.92
17705,27652,16,0.69
17706,6999,18,0.88
17707,32183,3,0.54
17708,9068,4,0.71
17709,9688,17,0.89
17710,6684,10,0.59
17711,252,16,0.41
17712,2453,12,0.76
17713,1486,14,0.87
17714,24682,11,0.8
17715,11678,12,0.44
17716,11427,1,0.5
17717,29451,5,0.31
17718,24986,9,0.45
17719,25781,7,0.57
17720,4316,11,0.58
17721,26750,13,0.72
17722,25076,19,0.08
17723,28980,11,0.53
17724,9453,3,0.33
17725,22429,10,0.26
17726,10150,12,0.65
17727,1578,14,0.27
17728,17930,14,0.57
17729,2002,12,0.94
17730,33848,1,0.85
17731,17016,15,0.5
17732,6335,12,0.18
17733,24204,17,0.6
17734,33342,3,0.9
17735,16366,5,0.97
17736,13569,3,0.26
17737,27326,17,0.41
17738,4522,5,0.44
17739,10798,17,0.79
17740,33447,8,0.78
17741,28776,10,0.31
17742,19378,13,0.18
17743,26779,18,0.12
17744,957,4,0.25
17745,12379,5,0.27
17746,19320,5,0.97
17747,20931,5,0.76
17748,4450,3,0.19
17749,11862,6,0.26
17750,30116,10,0.4
17751,31603,14,0.69
17752,1954,8,0.68
17753,31651,12,0.76
17754,10266,8,0.22
17755,22096,11,0.94
17756,12058,19,0.76
17757,15668,15,0.74
17758,13050,13,0.67
17759,18244,18,0.11
17760,20408,7,0.2
17761,21378,9,0.94
17762,9738,16,0.61
17763,20554,13,0.82
17764,24660,5,0.19
17765,5951,8,0.56
17766,9987,2,0.91
17767,6781,5,0.52
17768,12520,2,0.82
17769,15468,11,0.96
17770,29509,16,0.46
17771,6567,8,0.7
17772,7591,13,0.18
17773,502,2,0.06
17774,3129,6,0.16
17775,23444,10,0.52
17776,13910,7,0.95
17777,11851,7,1.0
17778,19167,18,0.05
17779,17672,6,0.2
17780,34213,15,0.44
17781,33678,18,0.18
17782,21026,9,0.92
17783,9334,1,0.29
17784,32286,5,0.54
17785,30536,8,0.17
17786,42,3,0.99
17787,1834,9,0.36
17788,7000,2,0.0
17789,15369,6,0.91
17790,7709,19,0.13
17791,14783,4,0.37
17792,27931,19,0.84
17793,24165,16,0.38
17794,29688,6,0.15
17795,4308,14,0.63
17796,31227,8,0.63
17797,29254,4,0.67
17798,12958,14,0.97
17799,12397,7,0.4
17800,23957,18,0.84
17801,28479,15,0.5
17802,13532,17,0.72
17803,729,15,0.97
17804,11365,10,0.04
17805,7847,16,0.13
17806,20892,3,0.72
17807,27528,10,0.04
17808,15870,5,0.47
17809,16361,12,0.56
17810,11723,4,0.8
17811,33974,14,0.52
17812,23640,8,0.09
17813,20818,16,0.75
17814,15274,1,0.69
17815,16609,11,0.67
17816,28879,10,0.1
17817,29551,15,0.1
17818,1969,19,0.88
17819,34527,11,0.96
17820,2481,11,0.95
17821,4027,14,0.99
17822,9398,15,0.15
17823,33067,8,0.63
17824,16269,17,0.28
17825,27226,12,0.04
17826,32585,13,0.45
17827,24737,5,0.6
17828,30194,8,0.7
17829,16965,7,0.06
17830,34813,18,0.78
17831,4741,9,0.81
17832,13984,19,0.34
17833,24997,1,0.93
17834,29230,8,0.24
17835,19008,2,0.73
17836,8095,1,0.24
17837,13846,12,0.7
17838,9405,10,0.09
17839,86,16,0.42
17840,16351,10,0.16
17841,23660,16,0.41
17842,24002,17,0.31
17843,19759,16,0.43
17844,3400,16,0.31
17845,25751,6,0.25
17846,14645,1,0.51
17847,15832,12,0.66
17848,12830,11,0.96
17849,34150,11,0.74
17850,16750,18,0.95
17851,26166,16,0.05
17852,30427,10,0.88
17853,26545,13,0.82
17854,28082,4,0.51
17855,1878,8,0.71
17856,33664,4,0.73
17857,15261,15,0.51
17858,27041,2,0.15
17859,18496,15,0.62
17860,30044,5,0.97
17861,26751,6,0.75
17862,23449,19,0.39
17863,29786,19,0.99
17864,32024,6,0.57
17865,2794,11,0.07
17866,3796,19,0.87
17867,32116,18,0.04
17868,14589,12,0.42
17869,3330,16,0.11
17870,24179,1,0.31
17871,19962,17,0.75
17872,3307,9,0.56
17873,4416,4,0.69
17874,14090,6,0.64
17875,31846,1,0.63
17876,15857,13,0.78
17877,4452,3,0.07
17878,17794,14,0.78
17879,19187,2,0.39
17880,9039,6,0.43
17881,4451,11,0.86
17882,4939,4,0.65
17883,30909,7,0.59
17884,29677,18,0.31
17885,26876,15,0.11
17886,11495,13,0.59
17887,8403,13,0.93
17888,7240,19,0.26
17889,15283,2,0.21
17890,7569,19,0.65
17891,1782,16,0.42
17892,24914,13,0.86
17893,11050,13,0.35
17894,33289,15,0.14
17895,24813,4,0.07
17896,23174,8,0.16
17897,29193,14,0.91
17898,28686,12,0.32
17899,26978,1,0.76
17900,14560,5,0.96
17901,20600,14,0.37
17902,21132,3,0.33
17903,10444,9,0.81
17904,12543,15,0.69
17905,8394,2,0.88
17906,7235,16,0.33
17907,29820,16,0.83
17908,30563,17,0.44
17909,14369,15,0.97
17910,13773,12,0.22
17911,23014,9,0.5
17912,16501,7,0.82
17913,22459,12,0.79
17914,22021,16,0.15
17915,1861,18,0.19
17916,33544,13,0.05
17917,12406,17,0.36
17918,3181,11,0.59
17919,25903,9,0.01
17920,26418,19,0.38
17921,30726,11,0.49
17922,28582,10,0.47
17923,26103,5,0.99
17924,27641,4,0.87
17925,16746,18,0.49
17926,30896,5,0.46
17927,17518,10,0.36
17928,15122,4,0.31
17929,32500,9,0.46
17930,5799,12,0.5
17931,19738,18,0.11
17932,18134,1,0.95
17933,22237,7,0.03
17934,17749,12,0.33
17935,31996,1,0.2
17936,10142,3,0.34
17937,32759,18,0.67
17938,28911,3,0.06
17939,9725,5,0.26
17940,11721,10,0.89
17941,13984,17,0.19
17942,11486,12,0.31
17943,22365,7,0.85
17944,7368,19,0.64
17945,34250,3,0.29
17946,22675,14,0.27
17947,1925,9,0.03
17948,30261,13,0.41
17949,5567,11,0.7
17950,18305,16,0.54
17951,24539,16,0.31
17952,23074,13,0.37
17953,33879,6,0.73
17954,15366,4,0.09
17955,3850,9,0.33
17956,20720,1,0.21
17957,7178,6,0.79
17958,1000,5,0.24
17959,26190,14,0.17
17960,11992,10,0.99
17961,19805,15,0.53
17962,25191,10,0.02
17963,34884,5,0.0
17964,28909,19,0.54
17965,8080,19,0.94
17966,98,17,0.29
17967,5479,13,0.92
17968,32713,13,0.41
17969,22950,10,0.92
17970,158,13,0.77
17971,2897,13,0.63
17972,7170,19,0.85
17973,17123,5,0.89
17974,16507,3,0.42
17975,31239,14,0.2
17976,20420,3,0.86
17977,32766,6,0.3
17978,30630,1,0.54
17979,22269,16,0.27
17980,15488,7,0.68
17981,19606,9,0.65
17982,27740,2,0.88
17983,2883,18,1.0
17984,33738,19,0.4
17985,314,7,0.74
17986,27935,5,0.32
17987,23832,7,0.46
17988,21369,18,0.61
17989,9139,13,0.43
17990,29758,13,0.06
17991,8682,15,0.51
17992,22360,19,0.72
17993,23419,6,0.29
17994,10539,1,0.06
17995,9818,13,0.85
17996,12870,6,0.34
17997,17942,14,0.47
17998,4215,8,0.17
17999,9883,17,0.85
18000,30737,7,0.63
18001,2008,14,0.41
18002,15100,5,0.54
18003,29496,10,0.03
18004,3731,4,0.68
18005,257,4,0.54
18006,24305,10,0.82
18007,25529,9,0.96
18008,2428,18,0.26
18009,13090,3,0.54
18010,12101,9,0.22
18011,31848,8,0.02
18012,19049,15,0.08
18013,5271,5,0.85
18014,22862,15,0.5
18015,11183,16,0.99
18016,28809,3,0.55
18017,16574,6,0.87
18018,9808,19,0.32
18019,29362,12,0.73
18020,17069,6,0.12
18021,5396,3,0.86
18022,30039,18,0.08
18023,15189,4,0.85
18024,5422,17,0.95
18025,9656,18,0.78
18026,18488,7,0.14
18027,17637,9,0.08
18028,13152,5,0.48
18029,14204,19,0.92
18030,10838,15,0.69
18031,2370,1,0.15
18032,29265,15,0.45
18033,8658,15,0.33
18034,12314,10,0.63
18035,3654,3,0.7
18036,20415,8,0.27
18037,7935,11,0.16
18038,25383,14,0.72
18039,33010,11,0.9
18040,13368,14,0.9
18041,18682,18,0.46
18042,15791,13,0.75
18043,31515,1,0.12
18044,1743,1,0.12
18045,7425,3,0.22
18046,11643,17,0.89
18047,17150,14,0.77
18048,13551,19,0.87
18049,4879,18,0.11
18050,6889,15,0.32
18051,17259,9,0.77
18052,7594,14,0.06
18053,1119,12,0.36
18054,6984,17,0.14
18055,19049,4,0.5
18056,33278,2,0.02
18057,29730,9,0.37
18058,9990,4,0.76
18059,4746,19,0.31
18060,18482,13,0.05
18061,16662,17,0.81
18062,11673,8,0.87
18063,14702,14,0.82
18064,19779,6,0.56
18065,10056,8,0.18
18066,26775,13,0.72
18067,22039,6,0.93
18068,17009,12,0.44
18069,27576,12,0.11
18070,21105,12,0.86
18071,17208,7,0.36
18072,30444,4,0.33
18073,28356,12,0.89
18074,13616,15,0.45
18075,20737,18,0.34
18076,8758,10,0.28
18077,20486,13,0.21
18078,32867,6,0.72
18079,34914,6,1.0
18080,3410,12,0.35
18081,12956,19,0.93
18082,34666,18,0.11
18083,19181,15,0.16
18084,15960,4,0.92
18085,13388,3,0.07
18086,29380,7,0.19
18087,19374,5,0.63
18088,6153,9,0.01
18089,30922,16,0.45
18090,33375,14,0.04
18091,13237,13,0.85
18092,15439,4,0.16
18093,25131,10,0.87
18094,27945,3,0.64
18095,13178,3,0.57
18096,10922,15,0.1
18097,31762,9,0.76
18098,23658,14,0.82
18099,24271,8,0.49
18100,12947,7,0.45
18101,24412,16,0.04
18102,25521,18,0.49
18103,34619,4,0.88
18104,6586,10,0.02
18105,9707,16,0.63
18106,33814,9,0.97
18107,21490,17,0.86
18108,703,6,0.98
18109,19265,15,0.59
18110,22509,5,0.27
18111,5406,7,0.24
18112,31114,1,0.38
18113,27933,15,0.9
18114,14391,12,0.39
18115,3646,5,0.07
18116,23630,15,0.86
18117,27579,19,0.04
18118,31646,11,0.85
18119,25850,18,0.11
18120,20113,14,0.57
18121,18129,6,0.32
18122,22341,2,0.83
18123,20921,16,0.68
18124,10621,17,0.45
18125,33535,13,0.36
18126,11828,6,0.84
18127,31007,8,0.15
18128,15903,19,0.14
18129,7078,8,0.73
18130,6482,5,0.23
18131,25510,12,0.14
18132,8903,10,0.9
18133,11636,17,0.9
18134,6071,1,0.23
18135,34579,18,0.14
18136,16547,16,0.69
18137,29995,19,0.12
18138,22266,12,0.36
18139,34531,1,0.92
18140,12265,3,0.27
18141,24767,17,0.39
18142,29107,8,0.09
18143,26388,6,0.75
18144,20701,5,0.67
18145,29780,7,0.47
18146,20058,16,0.28
18147,34177,7,0.56
18148,15779,4,0.73
18149,21178,11,0.74
18150,28276,5,0.28
18151,2064,8,0.04
18152,2632,5,0.34
18153,32704,8,0.6
18154,9801,4,0.76
18155,7757,15,0.97
18156,16097,13,0.82
18157,2134,1,0.3
18158,1953,19,0.51
18159,15733,3,0.74
18160,26420,1,0.05
18161,9423,9,0.71
18162,10877,16,0.02
18163,24436,14,0.58
18164,13378,13,0.81
18165,24017,18,0.98
18166,15840,17,0.33
18167,7988,7,0.16
18168,24247,6,0.23
18169,11907,9,0.04
18170,25028,5,0.79
18171,28232,1,0.89
18172,1231,13,0.39
18173,21810,3,0.96
18174,1907,14,0.69
18175,22575,7,0.25
18176,12926,15,0.5
18177,2450,10,0.08
18178,1621,19,0.15
18179,19178,14,0.26
18180,13076,10,0.9
18181,31283,6,0.28
18182,26091,17,0.22
18183,7079,2,0.4
18184,19177,12,0.95
18185,15547,9,0.08
18186,34613,13,0.84
18187,25331,8,0.87
18188,13286,19,0.66
18189,2245,11,0.07
18190,4092,16,0.91
18191,1183,7,0.48
18192,25283,19,0.94
18193,28163,14,0.87
18194,14564,17,0.36
18195,12582,6,0.9
18196,281,16,0.2
18197,4472,1,0.59
18198,8589,15,0.61
18199,1935,18,0.41
18200,27537,5,0.7
18201,6286,10,0.71
18202,77,5,0.01
18203,34739,17,0.05
18204,26629,7,0.33
18205,891,14,0.3
18206,18434,14,0.89
18207,28990,9,0.78
18208,19012,19,0.61
18209,32680,9,0.3
18210,31437,13,0.92
18211,3268,10,0.4
18212,25904,2,0.07
18213,14488,9,0.96
18214,20578,6,0.75
18215,6429,5,0.68
18216,9026,10,0.46
18217,21499,4,0.8
18218,14603,11,0.32
18219,21576,5,0.65
18220,34258,13,0.35
18221,12707,4,0.78
18222,24633,15,0.9
18223,19719,1,0.51
18224,8276,10,0.58
18225,14134,17,0.69
18226,28165,11,0.49
18227,18785,9,0.72
18228,1147,8,0.44
18229,34622,9,0.62
18230,14969,4,0.48
18231,26307,5,0.76
18232,29810,5,0.95
18233,25479,17,0.75
18234,32876,4,0.03
18235,27782,13,0.42
18236,7855,2,0.91
18237,26481,18,0.87
18238,3285,9,0.24
18239,33962,4,0.55
18240,17903,17,0.54
18241,15204,17,0.81
18242,27451,12,0.41
18243,30830,19,0.12
18244,617,7,0.62
18245,5053,10,0.74
18246,9080,3,0.15
18247,10409,11,0.1
18248,30556,18,0.57
18249,20314,8,0.65
18250,10136,1,0.84
18251,20348,18,0.71
18252,25766,4,0.38
18253,23738,3,0.51
18254,2472,7,0.59
18255,17668,4,0.98
18256,13674,5,0.81
18257,34193,9,0.21
18258,16239,3,0.84
18259,15091,5,0.16
18260,31461,10,0.57
18261,34706,14,0.42
18262,22838,4,0.55
18263,9185,11,0.54
18264,22955,11,0.1
18265,30719,12,0.77
18266,5533,16,0.94
18267,25811,9,0.96
18268,1265,3,0.12
18269,26828,6,0.35
18270,10881,15,0.55
18271,17033,1,0.76
18272,7028,19,0.41
18273,28806,13,0.63
18274,29379,19,0.64
18275,13618,6,0.98
18276,16841,10,0.79
18277,12471,1,0.95
18278,6618,1,0.87
18279,34311,3,0.04
18280,6580,9,0.13
18281,9931,16,0.15
18282,24483,3,0.61
18283,30554,17,0.8
18284,8545,6,0.22
18285,33957,4,0.75
18286,20577,18,0.03
18287,25879,4,0.15
18288,20540,15,0.43
18289,21952,4,0.02
18290,16642,3,0.99
18291,30541,6,0.85
18292,30110,13,0.93
18293,32481,11,0.11
18294,14291,9,0.31
18295,17937,3,0.29
18296,10566,17,0.76
18297,9596,1,0.29
18298,9321,16,0.89
18299,33208,17,0.26
18300,16089,6,0.62
18301,32707,10,0.64
18302,17408,13,0.72
18303,10594,19,0.53
18304,26564,19,0.44
18305,9581,14,0.23
18306,26536,4,0.51
18307,165,16,0.5
18308,14571,2,0.01
18309,20816,2,0.56
18310,13338,15,0.6
18311,4480,8,0.69
18312,21029,4,0.01
18313,14633,1,0.85
18314,20027,5,0.92
18315,3923,10,0.94
18316,5535,15,0.81
18317,26244,12,0.26
18318,34248,3,0.47
18319,31580,4,0.1
18320,8854,14,0.89
18321,25156,5,0.93
18322,30370,5,0.67
18323,9263,4,0.24
18324,26516,8,0.02
18325,8410,6,0.79
18326,27152,13,0.03
18327,11081,13,0.24
18328,28464,19,0.72
18329,17814,12,0.47
18330,8080,2,0.21
18331,25674,18,0.53
18332,6523,11,0.2
18333,20122,9,0.82
18334,3841,2,0.02
18335,4179,1,0.1
18336,31819,11,0.99
18337,34892,19,0.32
18338,22246,10,0.31
18339,34017,8,0.45
18340,33098,2,0.52
18341,14329,17,0.4
18342,6645,6,0.55
18343,21304,18,0.16
18344,12729,12,0.17
18345,3236,18,0.53
18346,2356,15,0.97
18347,29052,16,0.84
18348,34990,17,0.29
18349,31064,18,0.62
18350,21042,7,0.75
18351,31548,5,0.94
18352,23839,9,0.24
18353,23925,1,0.52
18354,18514,4,0.78
18355,19414,7,0.19
18356,17118,14,0.68
18357,19200,9,0.64
18358,32720,17,0.49
18359,1398,15,0.56
18360,5889,6,0.3
18361,7123,7,0.8
18362,29857,7,0.5
18363,25450,10,0.92
18364,7082,6,0.06
18365,19463,12,0.96
18366,14427,3,0.89
18367,2795,12,0.88
18368,12258,3,0.1
18369,29055,10,0.89
18370,20826,4,1.0
18371,28351,3,0.06
18372,24356,15,0.57
18373,19248,8,0.66
18374,31679,4,0.62
18375,23977,2,0.48
18376,32126,19,0.93
18377,24777,10,0.59
18378,17990,4,0.02
18379,30875,8,0.68
18380,8850,4,0.46
18381,7669,2,0.95
18382,2566,3,0.03
18383,26150,14,0.41
18384,31443,14,0.5
18385,26129,12,0.81
18386,6996,10,0.83
18387,13152,13,0.51
18388,27790,8,0.95
18389,9833,14,0.77
18390,13163,7,0.71
18391,26260,1,0.38
18392,20501,9,0.87
18393,32265,6,0.61
18394,6298,14,0.67
18395,5709,6,0.65
18396,8120,4,0.65
18397,30582,1,0.05
18398,7463,10,0.35
18399,21987,15,0.49
18400,3294,6,0.38
18401,5388,13,0.66
18402,12832,10,0.34
18403,15439,8,0.71
18404,19747,3,0.92
18405,4806,17,0.98
18406,18055,6,0.88
18407,17647,2,0.04
18408,31751,19,0.22
18409,23357,2,0.94
18410,4299,3,0.06
18411,23024,10,0.24
18412,26422,18,0.52
18413,10326,13,0.97
18414,24190,14,0.17
18415,2038,3,0.71
18416,31298,16,0.27
18417,24784,8,0.43
18418,9864,12,0.58
18419,2429,14,0.13
18420,16597,10,0.33
18421,14980,5,0.67
18422,9566,5,0.97
18423,3281,8,0.31
18424,8435,13,0.67
18425,21939,17,0.96
18426,19775,8,0.61
18427,140,12,0.76
18428,10052,13,0.26
18429,33889,1,0.72
18430,32877,17,0.67
18431,5253,16,0.76
18432,20890,18,0.04
18433,11443,9,0.26
18434,4090,1,0.02
18435,5948,18,0.67
18436,9834,2,0.74
18437,22244,3,0.27
18438,12166,4,0.97
18439,19876,10,0.55
18440,18486,19,0.15
18441,34621,13,0.44
18442,5563,1,0.27
18443,19393,14,0.85
18444,29528,10,0.57
18445,28345,7,0.39
18446,14531,6,0.82
18447,27876,12,0.45
18448,15438,9,0.98
18449,18551,10,0.34
18450,25948,14,0.52
18451,30967,15,0.09
18452,18335,3,0.22
18453,11449,2,0.72
18454,34179,16,0.48
18455,30115,6,0.22
18456,4214,12,0.86
18457,4099,15,0.02
18458,25710,18,0.95
18459,31504,10,0.14
18460,5451,6,0.72
18461,26303,9,0.94
18462,6444,6,0.63
18463,2684,6,0.19
18464,9579,4,0.35
18465,4856,4,0.03
18466,17205,2,0.32
18467,4321,2,0.97
18468,4439,9,0.03
18469,5065,3,0.53
18470,21225,13,0.16
18471,21938,12,0.38
18472,33752,19,0.77
18473,2330,19,0.03
18474,255,3,0.56
18475,33561,13,0.17
18476,15996,15,0.37
18477,8541,13,0.24
18478,22135,15,0.95
18479,22090,7,0.54
18480,34782,10,0.12
18481,8471,12,0.31
18482,25278,1,0.05
18483,20557,8,0.76
18484,3945,1,0.84
18485,6230,13,0.31
18486,16920,3,0.24
18487,7685,3,0.36
18488,25947,12,0.49
18489,20606,16,0.17
18490,16204,9,0.07
18491,23830,5,0.68
18492,27783,16,0.74
18493,17568,1,0.39
18494,27835,1,0.86
18495,14215,2,0.65
18496,28613,6,0.82
18497,28393,18,0.5
18498,32771,11,0.51
18499,4431,16,0.21
18500,28859,16,0.86
18501,12795,17,0.19
18502,27277,14,0.57
18503,13859,3,0.29
18504,15218,18,0.43
18505,20906,3,0.94
18506,27038,17,0.75
18507,12750,12,0.38
18508,9982,19,0.78
18509,4831,4,0.64
18510,770,1,0.14
18511,21708,4,0.34
18512,5116,4,0.33
18513,24217,7,0.55
18514,2461,7,0.8
18515,19903,17,0.72
18516,23930,18,0.24
18517,11770,9,0.18
18518,704,1,0.47
18519,22734,16,0.25
18520,5871,7,0.61
18521,25341,7,0.46
18522,6438,17,0.19
18523,15810,13,0.38
18524,27513,13,0.21
18525,27602,1,0.13
18526,7193,19,0.18
18527,29281,14,0.04
18528,23314,6,0.87
18529,21508,11,0.82
18530,8522,15,0.42
18531,29780,16,0.46
18532,26280,15,0.8
18533,24450,9,0.21
18534,23555,6,0.6
18535,14252,15,0.32
18536,5805,8,0.96
18537,8073,7,0.68
18538,13083,17,0.98
18539,34631,17,0.92
18540,25478,15,0.06
18541,29461,5,0.3
18542,26602,14,0.26
18543,8414,6,0.27
18544,19135,15,0.69
18545,17880,14,0.12
18546,6600,14,0.03
18547,10440,1,0.13
18548,320,6,0.19
18549,8582,5,0.74
18550,14547,16,0.91
18551,34478,15,1.0
18552,5965,10,0.66
18553,5573,7,0.63
18554,884,10,0.13
18555,14379,10,0.92
18556,9883,9,0.68
18557,31730,9,0.64
18558,30084,6,0.57
18559,4371,12,0.37
18560,4329,1,0.56
18561,28880,12,0.77
18562,4036,9,0.49
18563,31485,2,0.7
18564,8198,19,0.85
18565,4878,3,0.98
18566,33705,19,0.29
18567,16950,17,0.42
18568,12761,1,0.48
18569,34538,3,0.85
18570,26719,2,0.15
18571,20795,7,0.62
18572,34598,4,0.59
18573,33888,1,0.1
18574,22578,10,0.84
18575,7643,9,0.87
18576,18618,10,0.11
18577,5668,4,0.86
18578,18274,15,0.3
18579,4834,16,1.0
18580,6160,11,0.44
18581,24224,2,0.41
18582,3241,3,0.76
18583,1919,14,0.8
18584,34443,1,0.46
18585,14386,14,0.9
18586,33288,10,0.44
18587,34264,3,0.48
18588,2867,11,0.88
18589,27205,1,0.44
18590,1014,14,0.5
18591,8559,10,0.39
18592,28965,12,0.92
18593,26486,3,0.68
18594,21719,5,0.76
18595,34424,12,0.17
18596,952,7,0.07
18597,34542,17,0.71
18598,22315,10,0.85
18599,9749,16,0.58
18600,9914,8,0.23
18601,5838,15,0.66
18602,34939,7,0.01
18603,15101,17,0.83
18604,11607,14,0.21
18605,18188,2,0.14
18606,17169,13,0.23
18607,16058,10,0.03
18608,6621,19,0.11
18609,766,3,0.02
18610,11935,13,0.43
18611,31989,14,0.98
18612,15326,17,0.91
18613,13638,6,0.56
18614,7535,14,0.41
18615,8736,17,0.52
18616,8143,3,0.94
18617,21168,10,0.05
18618,22618,12,0.33
18619,18095,13,0.86
18620,13470,7,0.72
18621,958,6,0.18
18622,25,11,0.93
18623,4409,16,0.02
18624,13218,13,0.42
18625,32815,16,0.37
18626,2543,2,0.46
18627,24864,2,0.98
18628,1699,16,0.88
18629,31768,17,0.5
18630,13209,8,0.69
18631,12209,4,0.97
18632,11433,11,0.57
18633,6255,4,0.36
18634,7799,7,0.27
18635,29913,8,0.54
18636,23947,15,0.64
18637,23734,19,0.23
18638,2587,7,0.7
18639,15140,2,0.95
18640,13411,3,0.61
18641,2755,18,0.84
18642,30485,5,0.4
18643,152,16,0.87
18644,4910,10,0.35
18645,5799,17,0.9
18646,21081,4,0.49
18647,23321,14,0.97
18648,24611,7,0.15
18649,32084,8,0.04
18650,7629,7,0.21
18651,14885,17,0.09
18652,15390,19,0.96
18653,2966,7,0.73
18654,33847,12,0.54
18655,25628,3,0.78
18656,31333,7,0.72
18657,18759,10,0.17
18658,20962,18,0.61
18659,1738,9,0.16
18660,12650,2,0.43
18661,15301,15,0.69
18662,825,8,0.69
18663,1814,16,0.96
18664,10707,3,0.9
18665,20832,5,0.77
18666,14388,6,0.31
18667,18818,15,0.75
18668,29625,13,0.57
18669,24432,19,0.27
18670,16773,4,0.54
18671,16603,9,0.05
18672,24832,18,0.36
18673,30206,11,0.01
18674,23266,3,0.64
18675,2875,19,0.13
18676,22320,6,0.2
18677,21466,19,0.78
18678,11081,9,0.33
18679,4660,17,0.62
18680,14079,19,0.56
18681,20629,16,0.35
18682,12035,2,0.38
18683,21372,16,0.49
18684,28663,13,0.14
18685,25651,17,0.37
18686,30890,4,0.72
18687,26154,19,0.32
18688,14134,18,0.77
18689,30210,9,0.47
18690,22583,17,0.53
18691,6306,12,0.68
18692,16103,15,0.6
18693,13816,16,0.7
18694,10100,12,0.4
18695,23065,16,0.96
18696,3198,14,0.84
18697,7771,13,0.12
18698,15145,9,0.47
18699,23479,3,0.31
18700,25058,3,0.54
18701,15388,4,0.47
18702,150,12,0.07
18703,24384,4,0.1
18704,20385,12,0.07
18705,8374,3,0.31
18706,30179,16,0.16
18707,6160,9,0.18
18708,2782,2,0.89
18709,9351,1,0.13
18710,3753,14,0.32
18711,24585,14,0.89
18712,16827,11,0.3
18713,16702,10,0.72
18714,21678,8,0.58
18715,16123,6,0.33
18716,11961,4,0.89
18717,12968,16,0.69
18718,33217,7,1.0
18719,20232,6,0.36
18720,17739,14,0.29
18721,11795,14,0.97
18722,3321,8,0.87
18723,22474,6,0.49
18724,33781,16,0.63
18725,11312,2,0.54
18726,29835,4,0.06
18727,4413,12,0.35
18728,26137,15,0.73
18729,5242,13,0.7
18730,26917,11,0.3
18731,30018,8,0.47
18732,8175,4,0.51
18733,13386,5,0.28
18734,24040,9,0.64
18735,9384,9,0.07
18736,31027,2,0.61
18737,8810,14,0.78
18738,14723,14,0.8
18739,14274,15,0.26
18740,34988,17,0.1
18741,22924,15,0.95
18742,25305,3,0.75
18743,29787,19,0.03
18744,17514,10,0.88
18745,11364,2,0.61
18746,17667,2,0.92
18747,21175,7,0.84
18748,21089,10,0.68
18749,30836,5,0.14
18750,17603,15,0.95
18751,25981,1,0.22
18752,2300,5,0.89
18753,20131,9,0.91
18754,25324,4,0.4
18755,22730,5,0.36
18756,29586,6,0.94
18757,20071,15,0.16
18758,24919,1,0.57
18759,6332,9,0.74
18760,16743,16,0.77
18761,18993,11,0.58
18762,391,3,0.46
18763,31112,4,0.42
18764,16824,16,0.79
18765,30688,17,0.39
18766,10124,17,0.68
18767,17344,9,0.77
18768,29718,2,0.58
18769,813,6,0.35
18770,6978,5,0.05
18771,26182,9,0.42
18772,31112,11,0.79
18773,13587,4,0.34
18774,20808,9,0.74
18775,5591,16,0.94
18776,7226,12,0.74
18777,20844,5,0.94
18778,21295,3,0.99
18779,7022,2,0.73
18780,29269,9,0.64
18781,14673,13,0.95
18782,15291,3,0.47
18783,1554,8,0.54
18784,24155,15,0.29
18785,14191,3,0.56
18786,11698,6,0.79
18787,15952,19,0.7
18788,3322,6,0.7
18789,12314,16,0.82
18790,1172,13,0.7
18791,21562,8,0.74
18792,17223,10,0.17
18793,9837,13,0.81
18794,23165,12,0.57
18795,7961,9,0.61
18796,6978,3,0.96
18797,868,14,0.55
18798,9415,3,0.49
18799,6975,2,0.85
18800,30614,10,0.18
18801,11496,5,0.14
18802,16412,3,0.15
18803,6729,5,0.78
18804,29489,3,0.56
18805,12336,13,0.12
18806,28893,18,0.56
18807,11250,13,0.58
18808,5494,18,0.44
18809,17856,5,0.65
18810,15339,10,0.94
18811,12505,7,0.59
18812,240,14,0.41
18813,21258,5,0.07
18814,4824,3,0.48
18815,30830,19,0.66
18816,6213,7,0.6
18817,5599,5,0.76
18818,2758,18,0.14
18819,6858,2,0.02
18820,29801,5,0.99
18821,30640,16,0.41
18822,13314,18,0.42
18823,19242,16,0.49
18824,13516,11,0.41
18825,11491,17,0.59
18826,25144,4,0.2
18827,13323,18,0.43
18828,8599,3,0.46
18829,4874,16,0.2
18830,15437,19,0.72
18831,23099,15,0.78
18832,25785,11,0.76
18833,33045,18,0.82
18834,8631,1,0.12
18835,7416,10,0.88
18836,15657,13,0.35
18837,22380,3,0.53
18838,16750,7,0.19
18839,29296,17,0.42
18840,30262,13,0.74
18841,4671,18,0.5
18842,24301,7,0.11
18843,24677,7,0.86
18844,25693,14,0.9
18845,1941,19,0.06
18846,1907,2,0.55
18847,18174,9,0.7
18848,32313,2,0.75
18849,17300,6,0.46
18850,17918,5,0.5
18851,14666,2,0.28
18852,24766,14,0.36
18853,9651,14,0.38
18854,22291,10,0.89
18855,7181,3,0.47
18856,34226,5,0.28
18857,34278,3,0.02
18858,28019,11,0.14
18859,27381,9,0.71
18860,34927,3,0.65
18861,34501,11,0.26
18862,12959,8,0.82
18863,9140,11,0.52
18864,23020,18,0.24
18865,17260,4,0.24
18866,11211,10,0.29
18867,1529,7,0.71
18868,27876,17,0.07
18869,22511,19,0.41
18870,29352,10,0.45
18871,27110,17,0.57
18872,7518,14,0.23
18873,13112,6,0.91
18874,21914,17,0.65
18875,27783,9,0.68
18876,34984,13,0.22
18877,17959,19,0.25
18878,2848,3,0.82
18879,14331,7,0.11
18880,10315,14,0.71
18881,1980,16,0.92
18882,22431,2,0.02
18883,30880,3,0.46
18884,20573,2,0.64
18885,32690,17,0.4
18886,26644,11,0.36
18887,22043,17,0.13
18888,13366,9,0.02
18889,1798,11,0.29
18890,31240,10,0.38
18891,12129,5,0.41
18892,3558,16,0.22
18893,5957,8,0.39
18894,15633,6,0.98
18895,33064,18,0.55
18896,2292,15,0.28
18897,740,10,0.79
18898,24482,16,0.11
18899,13843,4,0.38
18900,5701,2,0.44
18901,16792,1,0.19
18902,6943,11,0.8
18903,20949,5,0.99
18904,16761,6,0.04
18905,27353,19,0.3
18906,8625,7,0.28
18907,19247,3,0.29
18908,9588,19,0.3
18909,32301,19,0.64
18910,30350,14,0.44
18911,33909,12,1.0
18912,28082,15,0.49
18913,9408,12,0.1
18914,12727,14,0.98
18915,9716,8,0.24
18916,16037,18,0.09
18917,8829,17,0.25
18918,14166,6,0.73
18919,9680,2,0.14
18920,3076,2,0.94
18921,7228,14,0.67
18922,25232,4,0.8
18923,16654,12,0.18
18924,15368,10,0.94
18925,6874,18,0.25
18926,24344,9,0.25
18927,18620,7,0.58
18928,30116,14,0.87
18929,16649,1,0.41
18930,17018,1,0.02
18931,15603,1,0.42
18932,13412,1,0.06
18933,2249,8,0.23
18934,2095,17,0.03
18935,5736,17,0.2
18936,53,11,0.97
18937,31268,13,0.74
18938,7142,9,0.15
18939,28367,1,0.58
18940,12657,7,0.47
18941,29269,14,0.71
18942,19821,1,0.06
18943,32499,7,0.98
18944,33575,19,0.34
18945,15682,8,0.86
18946,19851,18,0.62
18947,2231,4,0.39
18948,24401,5,0.06
18949,28461,19,0.95
18950,16620,14,0.15
18951,1952,16,0.03
18952,10939,2,0.65
18953,4841,7,0.66
18954,25400,12,0.35
18955,34809,14,0.82
18956,30096,10,0.96
18957,6094,19,0.41
18958,17734,5,0.78
18959,21084,14,0.1
18960,18923,9,0.77
18961,5803,17,0.83
18962,899,18,0.59
18963,27747,3,0.32
18964,29552,14,0.36
18965,33514,15,0.68
18966,16815,12,0.9
18967,12785,16,0.24
18968,2087,3,0.7
18969,5597,11,0.89
18970,18610,11,0.36
18971,30951,9,0.22
18972,8195,15,0.68
18973,33261,13,0.74
18974,7298,5,0.2
18975,13053,5,0.82
18976,26698,9,0.79
18977,16242,13,0.45
18978,8271,15,0.68
18979,8010,5,0.77
18980,27063,2,0.96
18981,5746,16,0.31
18982,25751,15,0.86
18983,23317,19,0.03
18984,6121,18,0.95
18985,10116,13,0.11
18986,30911,16,0.03
18987,5935,4,0.57
18988,18437,19,0.18
18989,25618,3,0.53
18990,26211,4,0.2
18991,3643,18,0.56
18992,34915,18,0.45
18993,11362,16,0.7
18994,28830,1,0.04
18995,305,7,0.35
18996,3752,14,0.44
18997,26564,19,0.99
18998,10551,11,0.89
18999,31394,6,0.11
19000,27716,10,0.89
19001,25195,10,0.13
19002,5980,10,0.09
19003,19717,4,0.66
19004,15880,17,0.69
19005,27187,14,0.21
19006,2019,6,0.66
19007,19860,4,0.71
19008,29143,2,0.82
19009,13045,10,0.19
19010,30577,8,0.93
19011,9340,17,0.05
19012,24226,3,0.96
19013,12347,14,0.35
19014,21314,18,0.25
19015,28314,7,0.17
19016,34549,3,0.7
19017,15778,15,0.21
19018,5804,4,0.09
19019,16586,16,0.67
19020,8499,16,0.73
19021,3947,1,0.86
19022,33801,2,0.66
19023,20094,13,0.12
19024,890,16,0.21
19025,11324,9,0.09
19026,19263,17,0.66
19027,18134,2,0.87
19028,18886,9,0.1
19029,24240,19,0.5
19030,29658,1,0.17
19031,26182,14,0.65
19032,33859,18,0.75
19033,17125,1,0.14
19034,34694,4,0.46
19035,34249,2,0.09
19036,9980,11,0.33
19037,7751,15,0.88
19038,31428,6,0.82
19039,14634,13,0.36
19040,29959,8,0.74
19041,1160,16,0.35
19042,7584,1,0.67
19043,28322,7,0.82
19044,29740,8,0.52
19045,17768,12,0.03
19046,5971,2,0.3
19047,23139,18,0.68
19048,16595,19,0.02
19049,28198,5,0.74
19050,5649,14,0.67
19051,33073,17,0.98
19052,8586,2,0.99
19053,32997,18,0.33
19054,14437,8,0.15
19055,17354,5,0.42
19056,19932,6,0.3
19057,19272,18,0.1
19058,32159,1,0.49
19059,21726,7,0.57
19060,1088,10,0.34
19061,7529,10,0.78
19062,12573,11,0.5
19063,18280,5,0.54
19064,22359,18,0.29
19065,19228,11,0.93
19066,25891,14,0.48
19067,12695,12,0.79
19068,33982,1,0.63
19069,8986,16,0.38
19070,816,17,0.4
19071,19492,2,0.84
19072,33219,2,0.67
19073,2043,19,0.2
19074,15282,19,0.25
19075,26743,16,0.36
19076,25672,14,0.76
19077,18168,11,0.87
19078,33439,2,0.18
19079,23687,16,0.49
19080,23902,14,0.5
19081,33776,11,0.29
19082,3322,2,0.78
19083,24533,3,0.35
19084,20684,10,0.9
19085,2702,8,0.1
19086,34016,19,0.17
19087,20140,10,0.09
19088,18129,16,0.17
19089,23756,10,0.45
19090,2554,19,0.14
19091,33391,6,0.4
19092,7233,13,0.9
19093,18237,2,0.64
19094,25353,12,0.25
19095,5277,8,0.65
19096,2271,13,0.77
19097,24142,13,0.2
19098,19176,4,0.36
19099,11856,4,0.47
19100,14602,14,0.72
19101,30641,13,0.6
19102,3184,7,0.91
19103,32992,14,0.2
19104,32635,14,0.75
19105,25156,7,0.03
19106,17889,15,0.23
19107,3219,3,0.81
19108,22749,1,0.7
19109,13080,16,0.13
19110,11089,7,0.82
19111,25392,4,0.33
19112,6508,16,0.98
19113,10075,3,0.12
19114,17630,12,0.07
19115,9133,12,0.94
19116,6858,2,0.88
19117,16598,17,0.81
19118,23337,19,0.51
19119,9038,15,0.06
19120,18378,12,0.08
19121,11125,4,0.08
19122,32254,19,0.18
19123,22887,15,0.92
19124,30108,19,0.7
19125,30730,9,0.61
19126,11354,10,0.77
19127,11925,6,0.31
19128,28870,17,0.44
19129,20583,19,0.29
19130,22643,9,0.79
19131,8695,5,0.68
19132,34173,16,0.07
19133,18498,10,0.17
19134,29459,2,0.3
19135,16579,5,0.96
19136,17714,11,1.0
19137,33696,11,0.65
19138,20842,19,0.8
19139,20396,3,0.24
19140,32087,11,0.34
19141,34869,10,0.64
19142,29260,12,0.06
19143,19299,18,0.99
19144,33088,10,0.59
19145,21643,1,0.69
19146,22461,3,0.15
19147,18358,7,0.49
19148,14444,5,0.54
19149,28750,10,0.88
19150,12280,4,0.54
19151,8537,3,0.63
19152,7168,1,0.89
19153,24316,12,0.38
19154,24506,16,0.27
19155,32179,12,0.27
19156,7937,10,0.6
19157,9119,17,0.1
19158,19040,13,0.03
19159,21383,13,0.76
19160,478,17,0.81
19161,4670,10,0.94
19162,31629,15,0.6
19163,11791,9,0.51
19164,13075,14,0.08
19165,3357,11,0.13
19166,7680,15,0.95
19167,13521,11,0.08
19168,14029,3,0.1
19169,7533,3,0.74
19170,2714,15,0.76
19171,8253,2,0.97
19172,14162,7,0.69
19173,21666,13,0.44
19174,25938,11,0.5
19175,24055,16,0.91
19176,24341,16,0.4
19177,32234,2,0.78
19178,23228,3,0.35
19179,18407,12,0.22
19180,16133,4,0.81
19181,609,11,0.53
19182,11550,7,0.41
19183,5583,9,0.69
19184,26435,6,0.06
19185,27804,12,0.29
19186,32906,19,0.68
19187,24931,14,0.27
19188,28398,17,0.77
19189,19929,19,0.3
19190,7338,15,0.91
19191,24019,2,0.65
19192,27121,15,0.04
19193,8922,18,0.47
19194,17528,12,0.49
19195,33399,4,0.4
19196,34825,17,0.93
19197,27158,14,0.85
19198,3836,2,0.39
19199,6633,11,0.48
19200,13300,11,0.2
19201,34689,11,0.69
19202,29142,18,0.05
19203,23317,12,0.71
19204,32479,18,0.53
19205,16681,8,0.68
19206,9452,14,0.72
19207,31469,6,0.8
19208,16170,18,0.82
19209,26319,10,0.24
19210,32745,19,0.44
19211,18750,12,0.83
19212,21231,16,0.01
19213,17501,14,0.83
19214,29588,9,0.97
19215,20718,19,0.44
19216,21646,1,0.64
19217,23712,10,0.83
19218,25889,14,0.43
19219,108,9,0.67
19220,102,17,0.92
19221,32216,16,0.62
19222,15105,12,0.92
19223,28209,2,0.32
19224,34434,18,0.77
19225,5964,18,0.0
19226,576,11,0.44
19227,10783,4,0.29
19228,26886,12,0.6
19229,14783,2,0.71
19230,3328,10,0.45
19231,23308,14,0.62
19232,6091,5,0.47
19233,16558,15,0.69
19234,27454,7,0.75
19235,23103,18,0.68
19236,34690,8,0.19
19237,13249,7,0.97
19238,24614,1,0.92
19239,30188,3,0.11
19240,22605,14,0.24
19241,19381,3,0.22
19242,19173,1,0.31
19243,10538,15,0.12
19244,18075,5,0.81
19245,23360,19,0.48
19246,20290,15,0.66
19247,16444,18,0.78
19248,22878,7,0.41
19249,7304,3,0.48
19250,18259,5,0.32
19251,16183,17,0.05
19252,15435,8,0.97
19253,17895,1,0.85
19254,34520,2,0.09
19255,10037,18,0.5
19256,29918,7,0.25
19257,12381,11,0.31
19258,32548,11,0.73
19259,26463,16,0.68
19260,14542,1,0.49
19261,21675,1,0.15
19262,15543,7,0.14
19263,20550,2,0.59
19264,2937,12,0.54
19265,4139,9,0.36
19266,6425,19,0.59
19267,21700,15,0.13
19268,18670,11,0.46
19269,136,12,0.66
19270,8993,15,0.7
19271,30813,19,0.44
19272,19208,9,0.64
19273,9713,13,0.31
19274,20187,17,0.86
19275,679,17,0.39
19276,24367,7,0.11
19277,6369,16,0.3
19278,16979,15,0.85
19279,34807,16,0.94
19280,11767,1,0.81
19281,24502,4,0.31
19282,12540,18,0.64
19283,4078,13,0.9
19284,14924,18,0.67
19285,32617,15,0.67
19286,22027,18,0.02
19287,2410,18,0.24
19288,18723,13,0.88
19289,13618,18,0.96
19290,16003,14,0.94
19291,24140,6,0.22
19292,16526,9,0.47
19293,15416,12,0.04
19294,17346,3,0.29
19295,20707,14,0.3
19296,28742,1,0.36
19297,26227,3,0.33
19298,6606,19,0.1
19299,33075,3,0.81
19300,34973,4,0.14
19301,17978,1,0.24
19302,15811,9,0.33
19303,20159,13,0.56
19304,1762,7,0.21
19305,29482,7,0.57
19306,8687,6,0.31
19307,30597,18,0.48
19308,23767,2,0.09
19309,13781,13,0.1
19310,33486,13,0.84
19311,29888,12,0.15
19312,17793,1,0.63
19313,5636,4,0.92
19314,12843,12,0.81
19315,21912,9,0.71
19316,12459,14,0.38
19317,28021,13,0.4
19318,20938,16,0.96
19319,1624,6,0.03
19320,5820,7,0.71
19321,14108,8,0.58
19322,2787,17,0.77
19323,34445,19,0.66
19324,7753,4,0.42
19325,3040,8,0.65
19326,15371,5,0.87
19327,26061,4,0.38
19328,20140,7,0.67
19329,3353,19,0.89
19330,31727,13,0.79
19331,33480,7,0.85
19332,7545,11,0.09
19333,17257,10,0.09
19334,8669,10,0.69
19335,14684,2,0.66
19336,7011,19,0.62
19337,4083,4,0.25
19338,8354,18,0.72
19339,19934,15,0.53
19340,22707,4,0.14
19341,28820,19,0.87
19342,23137,7,0.4
19343,19116,2,0.85
19344,18123,4,0.18
19345,8371,6,0.9
19346,20785,5,0.03
19347,6246,18,0.27
19348,14792,10,0.07
19349,16385,11,0.78
19350,12484,6,0.22
19351,16654,17,0.24
19352,2910,6,0.62
19353,21021,19,0.0
19354,6971,9,0.49
19355,11892,18,0.07
19356,26299,10,0.69
19357,34406,2,0.4
19358,11260,13,0.56
19359,3853,14,0.2
19360,16331,9,0.94
19361,3559,17,0.17
19362,27929,19,0.53
19363,34933,18,0.88
19364,11246,13,0.76
19365,25836,14,0.14
19366,21678,15,0.8
19367,29280,4,0.05
19368,2007,14,0.06
19369,26232,9,0.3
19370,5691,4,0.15
19371,9729,15,0.55
19372,4431,4,0.8
19373,18620,19,0.45
19374,19360,5,0.41
19375,8739,18,0.5
19376,3156,1,0.75
19377,30213,6,0.53
19378,25578,9,0.96
19379,13341,16,0.58
19380,20909,11,0.85
19381,30022,4,0.85
19382,18392,3,0.83
19383,338,6,0.99
19384,18385,15,0.75
19385,28266,3,0.79
19386,33028,4,0.4
19387,23123,5,0.21
19388,22982,13,0.61
19389,16459,8,0.93
19390,896,4,0.73
19391,33700,14,0.72
19392,13018,6,0.84
19393,6728,10,0.83
19394,25623,18,0.32
19395,15974,14,0.92
19396,31626,5,0.56
19397,917,19,0.8
19398,27639,17,0.39
19399,8338,12,0.59
19400,25701,15,0.1
19401,21329,16,0.47
19402,31632,1,0.21
19403,30916,12,0.54
19404,338,5,0.48
19405,10655,13,0.83
19406,34727,3,0.57
19407,13438,8,0.29
19408,1953,9,0.3
19409,3759,14,0.36
19410,26706,5,0.59
19411,14650,10,0.99
19412,32817,8,0.1
19413,21664,2,0.81
19414,17378,14,0.61
19415,13954,18,0.17
19416,19592,1,0.3
19417,7799,10,0.9
19418,34273,19,0.85
19419,9361,5,0.77
19420,1291,11,0.71
19421,29806,17,0.98
19422,17751,5,0.78
19423,6787,8,0.41
19424,14559,7,0.04
19425,20080,7,0.15
19426,2317,3,0.45
19427,29878,12,0.01
19428,13646,16,0.61
19429,3150,5,0.43
19430,24468,15,0.92
19431,15610,6,0.26
19432,33417,2,0.26
19433,31577,16,0.9
19434,26066,17,0.56
19435,13052,13,0.77
19436,16402,18,0.48
19437,28952,1,0.5
19438,28709,14,0.18
19439,11212,18,0.11
19440,31192,2,0.83
19441,21609,14,0.59
19442,3640,1,0.46
19443,25361,1,0.68
19444,1446,1,0.91
19445,11636,9,0.07
19446,18066,17,0.27
19447,19434,1,0.31
19448,24665,6,0.83
19449,14184,19,0.58
19450,9141,16,0.83
19451,23084,12,0.33
19452,6274,6,0.82
19453,21125,3,0.93
19454,17706,10,0.7
19455,3403,17,0.71
19456,7244,1,0.98
19457,25568,4,0.65
19458,28352,5,0.38
19459,28377,19,0.3
19460,9156,13,0.09
19461,20763,9,0.62
19462,21917,6,0.35
19463,12605,19,0.24
19464,14270,19,0.82
19465,1737,16,0.5
19466,1795,5,0.47
19467,12175,1,0.62
19468,31062,6,0.68
19469,33428,1,0.86
19470,21787,9,0.77
19471,22797,6,0.87
19472,16045,3,0.73
19473,21888,16,0.47
19474,28283,1,0.69
19475,6260,18,0.51
19476,5641,7,0.51
19477,22897,5,0.32
19478,19274,9,0.36
19479,21698,17,0.07
19480,14716,5,0.45
19481,8540,7,0.91
19482,401,17,0.19
19483,3752,12,0.75
19484,8006,17,0.53
19485,5805,14,0.34
19486,24563,18,0.32
19487,9768,16,0.07
19488,3786,5,0.97
19489,28557,5,0.75
19490,9882,2,0.81
19491,29127,6,0.66
19492,4238,3,0.03
19493,11037,15,0.34
19494,14733,3,0.74
19495,21509,9,0.42
19496,178,10,0.33
19497,34317,2,0.81
19498,34059,16,0.73
19499,16862,11,0.28
19500,27765,16,0.63
19501,1392,19,0.5
19502,23038,15,0.39
19503,32470,12,0.19
19504,14035,10,0.34
19505,20410,4,0.03
19506,26993,19,0.96
19507,14613,17,0.2
19508,27677,8,0.08
19509,22754,13,0.99
19510,16157,2,0.57
19511,20610,15,0.65
19512,20764,4,0.43
19513,15769,10,0.51
19514,18147,17,0.5
19515,18323,18,0.05
19516,2040,15,0.93
19517,32142,5,0.59
19518,10299,5,0.21
19519,11883,4,0.57
19520,23926,19,0.25
19521,451,1,0.53
19522,19889,12,0.3
19523,22503,16,0.35
19524,28097,4,0.7
19525,11824,4,0.09
19526,21100,11,0.45
19527,25946,1,0.2
19528,31392,13,0.24
19529,17925,5,0.31
19530,356,10,0.61
19531,33081,18,0.06
19532,21152,4,0.67
19533,26038,19,0.81
19534,517,11,0.84
19535,6025,12,0.11
19536,8634,8,0.07
19537,27971,7,0.53
19538,14709,18,0.15
19539,31137,2,0.3
19540,29221,14,0.12
19541,10671,14,0.02
19542,23455,3,0.8
19543,259,16,0.4
19544,1891,3,0.59
19545,29245,15,0.24
19546,29706,11,0.82
19547,284,12,0.02
19548,20469,5,0.94
19549,18596,4,0.62
19550,26378,3,0.53
19551,15517,1,0.94
19552,16027,3,0.75
19553,10493,19,0.82
19554,17013,17,0.16
19555,9207,7,0.55
19556,24724,16,0.79
19557,19731,12,0.06
19558,8729,14,0.54
19559,4003,16,0.43
19560,18400,3,0.98
19561,34004,15,0.97
19562,13185,4,0.24
19563,22756,10,0.51
19564,3304,16,0.07
19565,28551,16,0.28
19566,6355,3,0.22
19567,12592,17,0.55
19568,32354,6,0.11
19569,26553,16,0.73
19570,33244,2,0.99
19571,27759,13,0.26
19572,117,7,0.3
19573,21286,15,0.43
19574,33661,7,0.2
19575,2467,19,0.73
19576,17574,4,0.77
19577,31853,3,0.71
19578,12084,17,0.27
19579,22901,3,0.48
19580,6034,11,0.82
19581,26614,2,0.98
19582,21555,11,0.13
19583,17930,9,0.42
19584,15303,3,0.75
19585,749,4,0.21
19586,21204,7,0.69
19587,26724,14,0.41
19588,6973,10,0.03
19589,17338,3,0.9
19590,14355,7,0.27
19591,11561,8,0.12
19592,23046,2,0.31
19593,16265,18,0.89
19594,13495,13,0.65
19595,24077,6,0.45
19596,34038,10,0.51
19597,1367,1,0.01
19598,6610,13,0.89
19599,21597,2,0.63
19600,12157,1,0.78
19601,1960,2,0.42
19602,34649,5,0.91
19603,15701,16,0.66
19604,6588,19,0.68
19605,3924,12,0.34
19606,8209,5,0.64
19607,8085,17,0.0
19608,14343,15,0.13
19609,31902,11,0.47
19610,28279,8,0.41
19611,8292,2,0.14
19612,29489,13,0.7
19613,27862,3,0.52
19614,20805,16,0.32
19615,411,13,0.19
19616,18483,17,0.11
19617,31491,5,0.55
19618,11090,8,0.49
19619,29462,13,0.72
19620,23230,1,0.54
19621,21068,17,0.17
19622,16381,17,0.96
19623,16611,13,0.71
19624,29615,19,0.57
19625,18562,13,0.67
19626,7418,9,0.16
19627,6832,16,0.37
19628,5208,7,0.48
19629,16095,8,0.93
19630,9914,5,0.74
19631,17782,1,0.32
19632,16956,18,0.41
19633,31210,8,0.04
19634,31099,17,0.24
19635,11471,11,0.78
19636,24729,9,0.56
19637,4075,10,0.7
19638,9309,7,0.08
19639,27320,8,0.76
19640,13421,15,0.3
19641,1499,17,0.74
19642,11874,6,0.44
19643,27906,8,0.34
19644,6084,11,0.65
19645,23467,5,0.91
19646,2228,10,0.45
19647,24243,18,0.65
19648,31883,14,0.58
19649,12343,3,0.26
19650,15329,5,0.92
19651,12385,10,0.23
19652,2132,3,0.44
19653,2875,12,0.17
19654,29376,3,0.43
19655,7239,12,0.72
19656,30266,4,0.62
19657,8059,15,0.99
19658,7860,6,0.87
19659,12237,8,0.42
19660,29855,10,0.17
19661,29411,5,0.71
19662,18107,18,0.49
19663,6133,8,0.17
19664,33754,9,0.1
19665,17865,17,0.88
19666,25322,8,0.76
19667,16057,17,0.54
19668,3894,15,0.95
19669,25631,1,0.71
19670,25926,8,0.26
19671,2535,11,0.12
19672,30641,6,0.9
19673,12271,14,0.47
19674,5045,5,0.74
19675,2535,16,0.6
19676,24781,12,0.08
19677,17444,1,0.5
19678,4379,6,0.41
19679,14569,4,0.45
19680,21524,3,0.2
19681,3564,14,0.04
19682,30764,6,0.33
19683,20532,9,0.46
19684,31735,14,0.18
19685,21681,15,0.84
19686,11726,5,0.13
19687,26419,2,0.31
19688,14949,1,0.1
19689,13067,16,0.88
19690,29841,3,0.31
19691,7721,2,0.02
19692,3238,5,0.51
19693,17230,5,0.85
19694,34580,5,0.25
19695,6503,9,0.67
19696,1038,17,0.46
19697,10997,18,1.0
19698,26058,11,0.34
19699,31878,16,0.04
19700,23658,17,0.33
19701,8849,6,0.85
19702,21874,11,0.99
19703,4069,14,0.87
19704,13551,11,0.62
19705,7533,8,0.67
19706,33375,4,0.39
19707,29121,12,0.57
19708,34172,9,0.19
19709,7311,13,0.46
19710,22243,2,0.96
19711,1346,16,0.92
19712,3276,19,0.27
19713,29219,10,0.17
19714,8711,16,0.6
19715,27830,6,0.24
19716,14075,12,0.45
19717,21639,16,0.55
19718,28717,9,0.15
19719,32704,16,0.79
19720,80,2,0.37
19721,14586,2,0.48
19722,6594,5,0.91
19723,29279,18,0.03
19724,5414,11,0.03
19725,4529,5,0.99
19726,12079,8,0.18
19727,27819,8,0.58
19728,22008,15,0.49
19729,18477,8,0.19
19730,15139,4,0.72
19731,30515,9,0.95
19732,32471,19,0.76
19733,2709,17,0.37
19734,1082,14,0.5
19735,26933,3,0.97
19736,12900,19,0.32
19737,20525,7,0.64
19738,5268,15,0.8
19739,17817,14,0.79
19740,2697,9,1.0
19741,22806,16,0.23
19742,18625,6,0.46
19743,26652,2,0.0
19744,31471,19,0.4
19745,19791,10,0.46
19746,13442,13,0.65
19747,32334,8,0.29
19748,9975,16,0.53
19749,29831,2,0.07
19750,23332,15,0.82
19751,28451,16,0.89
19752,26303,11,0.76
19753,22109,14,0.57
19754,28585,4,0.8
19755,9475,3,0.79
19756,4609,16,0.92
19757,15208,1,0.42
19758,28013,10,0.73
19759,544,11,0.11
19760,13409,10,0.55
19761,31883,3,0.53
19762,23705,19,0.69
19763,12246,2,0.56
19764,2527,14,0.44
19765,24655,1,0.66
19766,12592,11,0.98
19767,2737,7,0.91
19768,7175,14,0.5
19769,12673,2,0.21
19770,2074,3,0.27
19771,31277,3,0.62
19772,16607,12,0.41
19773,31994,8,0.99
19774,29085,14,0.6
19775,11632,4,0.95
19776,31352,17,0.02
19777,28083,19,0.29
19778,7977,14,0.01
19779,15266,13,0.83
19780,6958,11,0.71
19781,4382,15,0.72
19782,11613,9,0.37
19783,255,4,0.96
19784,27003,12,0.91
19785,16307,3,0.49
19786,9161,16,0.21
19787,1160,8,0.02
19788,21492,6,0.04
19789,33927,16,0.39
19790,13792,8,0.5
19791,32239,7,0.6
19792,22603,6,0.77
19793,21078,5,0.61
19794,25126,4,0.68
19795,30057,19,0.36
19796,20751,16,0.41
19797,11186,16,0.75
19798,15342,13,0.26
19799,10859,15,0.75
19800,4368,14,0.29
19801,13365,9,0.32
19802,32929,8,0.33
19803,31991,4,0.84
19804,14301,18,0.75
19805,6401,1,0.22
19806,18091,14,0.86
19807,22407,7,0.58
19808,26623,6,0.87
19809,5082,9,0.74
19810,23027,5,0.83
19811,5208,4,0.16
19812,3873,4,0.06
19813,18092,18,0.58
19814,1679,12,0.79
19815,4004,19,0.92
19816,32970,1,0.39
19817,25312,8,0.96
19818,26437,17,0.98
19819,20840,2,0.35
19820,6607,12,0.46
19821,26413,16,0.96
19822,32287,15,0.34
19823,23019,11,0.75
19824,21895,18,0.24
19825,16111,8,0.55
19826,5180,12,0.16
19827,7857,19,0.07
19828,26995,8,0.35
19829,33503,5,0.55
19830,2142,9,0.89
19831,12999,6,0.31
19832,5073,6,0.66
19833,1785,7,0.62
19834,16127,7,0.65
19835,1255,14,0.68
19836,3908,11,0.98
19837,6947,10,0.15
19838,17025,15,0.9
19839,4932,18,0.59
19840,17374,9,0.66
19841,19343,9,0.73
19842,14874,10,0.48
19843,20045,12,0.27
19844,34756,6,0.67
19845,16786,1,0.47
19846,10570,13,0.24
19847,21316,4,0.9
19848,21916,8,0.13
19849,7127,2,0.43
19850,33649,15,0.71
19851,2407,11,0.32
19852,2256,9,0.87
19853,18629,18,0.02
19854,28823,1,0.6
19855,24880,19,0.46
19856,32990,12,0.83
19857,34364,4,0.59
19858,6426,8,0.47
19859,9667,16,0.66
19860,3049,18,0.13
19861,11050,2,0.22
19862,12660,5,0.11
19863,27429,1,0.37
19864,19118,16,0.87
19865,24139,3,0.64
19866,10012,13,0.94
19867,17664,14,0.83
19868,11483,9,0.33
19869,29488,1,0.79
19870,27769,7,0.86
19871,27013,7,0.82
19872,4273,1,0.26
19873,33162,9,0.22
19874,27898,1,0.05
19875,32763,17,0.99
19876,7624,16,0.86
19877,27059,7,0.5
19878,29695,14,0.03
19879,7315,9,0.33
19880,22134,3,0.19
19881,22441,14,0.6
19882,28598,6,0.86
19883,33440,18,0.57
19884,13524,14,0.63
19885,17188,17,0.51
19886,3038,1,0.8
19887,30509,18,0.7
19888,31886,15,0.38
19889,33900,13,0.14
19890,32685,15,0.75
19891,25760,3,0.18
19892,5197,16,0.72
19893,5440,11,0.97
19894,2148,19,0.03
19895,3005,16,0.99
19896,8156,1,0.17
19897,7415,19,0.11
19898,24709,14,0.16
19899,22261,8,0.32
19900,15501,1,0.36
19901,9723,6,0.95
19902,30569,16,0.96
19903,10952,11,0.6
19904,9637,5,0.47
19905,8371,8,0.09
19906,8659,17,0.44
19907,34760,11,0.06
19908,610,7,0.57
19909,16206,2,0.3
19910,9068,1,0.52
19911,8332,1,0.67
19912,7957,15,0.26
19913,22581,15,0.67
19914,17754,19,0.62
19915,7250,8,0.7
19916,26664,1,0.14
19917,9723,8,0.43
19918,31545,10,0.06
19919,26421,3,0.88
19920,24274,9,0.7
19921,6609,19,0.64
19922,23684,4,0.83
19923,26477,19,0.16
19924,9869,13,0.88
19925,34058,10,0.06
19926,32388,3,0.18
19927,20758,12,0.71
19928,3845,17,0.4
19929,16854,17,0.91
19930,11173,11,0.22
19931,21121,5,0.46
19932,5688,11,0.87
19933,33007,5,0.62
19934,12312,6,0.64
19935,4041,10,0.91
19936,3848,7,0.53
19937,18801,12,0.51
19938,16150,9,0.18
19939,26298,19,0.12
19940,21207,12,0.54
19941,236,17,0.09
19942,5050,10,0.75
19943,30098,6,0.5
19944,10022,16,0.21
19945,29500,16,0.3
19946,34714,18,0.28
19947,13209,2,0.45
19948,3965,10,0.13
19949,85,3,0.21
19950,32247,10,0.8
19951,12913,19,0.63
19952,22681,6,0.32
19953,5313,8,0.46
19954,21690,18,0.4
19955,28044,3,0.04
19956,16540,19,0.05
19957,9590,12,0.83
19958,31408,8,0.9
19959,16955,7,0.12
19960,5764,15,0.05
19961,32506,9,0.08
19962,8839,12,0.66
19963,8014,15,0.12
19964,32015,16,0.78
19965,10771,15,0.5
19966,29392,6,0.05
19967,1070,12,0.83
19968,15431,1,0.12
19969,25125,15,0.79
19970,20725,1,0.39
19971,25301,18,0.73
19972,3911,2,0.36
19973,34913,14,0.54
19974,22754,14,0.63
19975,11126,8,0.51
19976,25198,7,0.41
19977,10346,10,0.84
19978,22776,6,0.29
19979,24154,14,0.43
19980,19610,5,0.85
19981,18024,10,0.64
19982,6492,11,0.47
19983,25609,12,0.77
19984,27080,18,0.39
19985,1941,6,0.8
19986,19616,10,0.89
19987,21481,5,0.19
19988,23412,7,0.96
19989,20619,14,0.9
19990,15645,10,0.78
19991,18414,17,0.39
19992,23767,18,0.38
19993,31145,15,0.8
19994,12767,14,0.92
19995,30792,16,0.42
19996,12892,6,0.58
19997,26297,11,0.83
19998,15287,11,0.54
19999,28751,15,0.92
20000,123,10,0.39
20001,27726,11,0.83
20002,30428,12,0.37
20003,7489,11,0.98
20004,1142,5,0.25
20005,17207,6,0.55
20006,31762,7,0.24
20007,11074,6,0.05
20008,31853,11,0.54
20009,8912,10,0.27
20010,18527,16,0.51
20011,19121,16,0.01
20012,12189,19,0.41
20013,14026,10,0.75
20014,13891,18,0.23
20015,32589,10,0.44
20016,25202,14,0.04
20017,3673,16,0.49
20018,34711,5,0.5
20019,22957,3,0.74
20020,24360,15,0.95
20021,2924,6,0.68
20022,692,10,0.69
20023,33511,5,0.87
20024,30996,17,0.78
20025,18482,6,0.47
20026,27564,19,0.22
20027,24426,19,0.27
20028,25627,19,0.39
20029,11997,14,0.94
20030,9076,10,0.91
20031,21922,10,0.28
20032,10217,12,0.17
20033,4590,9,0.83
20034,20033,7,0.89
20035,2709,13,0.82
20036,13170,8,0.43
20037,6768,6,0.07
20038,28748,5,1.0
20039,10129,2,0.51
20040,16805,11,0.84
20041,24179,13,0.58
20042,14133,16,0.14
20043,19234,2,0.01
20044,29457,17,0.57
20045,30112,13,0.88
20046,21889,8,0.35
20047,12296,11,0.47
20048,19618,1,0.54
20049,25496,19,0.26
20050,33548,8,0.43
20051,32702,11,0.01
20052,19882,5,0.09
20053,2099,4,0.52
20054,9484,5,0.89
20055,12144,3,0.03
20056,15736,4,0.42
20057,29306,3,0.51
20058,7128,4,0.83
20059,28966,12,0.28
20060,7802,18,0.12
20061,23063,11,0.55
20062,26107,12,0.99
20063,10657,15,0.16
20064,21820,18,0.63
20065,813,10,0.26
20066,3551,8,0.51
20067,16697,13,0.82
20068,33524,7,0.72
20069,23638,4,0.01
20070,30448,10,0.34
20071,7028,5,0.24
20072,12124,10,0.82
20073,31657,9,0.04
20074,15967,13,0.41
20075,29484,9,0.55
20076,7035,4,0.18
20077,14218,2,0.99
20078,28112,10,0.34
20079,3026,19,0.55
20080,12804,13,0.47
20081,20715,19,0.34
20082,31441,10,0.54
20083,4740,10,0.63
20084,26056,3,0.16
20085,3712,16,0.84
20086,9009,18,0.5
20087,6011,11,0.93
20088,31388,3,0.61
20089,3147,15,0.16
20090,5331,17,0.46
20091,33116,14,0.06
20092,34112,9,0.07
20093,3135,9,0.4
20094,26669,15,0.99
20095,15733,19,0.78
20096,7901,3,0.39
20097,7512,3,0.06
20098,12695,2,0.68
20099,20730,4,0.16
20100,27545,18,0.27
20101,8163,8,0.18
20102,4894,12,0.94
20103,18301,2,0.35
20104,25304,15,0.85
20105,6242,17,0.8
20106,14124,14,0.84
20107,11590,7,0.23
20108,18553,18,0.86
20109,24603,12,0.89
20110,24026,9,0.85
20111,4716,19,0.82
20112,25872,17,0.41
20113,32892,14,0.52
20114,33760,6,0.58
20115,22375,2,0.2
20116,30286,6,0.18
20117,30086,9,0.07
20118,162,8,0.83
20119,32250,19,0.09
20120,19790,14,0.22
20121,24,4,0.77
20122,33669,5,0.7
20123,5097,3,0.83
20124,5313,4,0.27
20125,18710,4,0.17
20126,3761,13,0.28
20127,33732,1,0.46
20128,25923,2,0.67
20129,25948,11,0.9
20130,29408,14,0.4
20131,6086,4,0.25
20132,28465,18,0.14
20133,32312,9,0.03
20134,9593,13,0.76
20135,10772,16,0.67
20136,9373,7,0.11
20137,13679,18,0.06
20138,6646,4,0.87
20139,13008,11,0.61
20140,25831,16,0.4
20141,13906,3,0.77
20142,598,14,0.36
20143,22246,19,0.51
20144,11869,16,0.96
20145,21379,11,0.25
20146,29328,15,0.24
20147,21727,9,0.32
20148,23854,9,0.54
20149,21269,9,0.04
20150,32903,17,0.93
20151,15149,12,0.54
20152,22442,13,0.28
20153,8135,1,0.12
20154,24231,19,0.54
20155,4379,10,0.85
20156,10517,15,0.81
20157,18919,13,0.37
20158,7822,9,0.17
20159,5630,15,0.91
20160,3946,13,0.04
20161,7771,7,0.33
20162,19147,11,0.88
20163,22562,18,0.54
20164,3789,13,0.48
20165,30976,10,0.93
20166,33621,11,0.05
20167,8901,14,0.99
20168,3220,13,0.77
20169,18654,10,0.4
20170,31537,2,0.59
20171,836,13,0.36
20172,12326,9,0.23
20173,33535,15,0.4
20174,32269,17,0.36
20175,31577,9,0.98
20176,20430,15,0.55
20177,19603,15,0.2
20178,10716,1,0.59
20179,3637,1,0.09
20180,17558,17,0.6
20181,6919,19,0.59
20182,5596,17,0.6
20183,18225,16,0.92
20184,33943,14,0.08
20185,7954,11,0.78
20186,9839,18,0.52
20187,454,2,0.51
20188,15508,7,0.65
20189,21273,10,0.22
20190,24805,2,0.39
20191,28512,12,0.66
20192,12324,15,0.2
20193,190,5,0.71
20194,17864,19,0.11
20195,34079,1,0.99
20196,24168,17,0.97
20197,33970,6,0.99
20198,23118,1,0.53
20199,17634,16,0.01
20200,22483,10,0.09
20201,22761,8,0.6
20202,11789,1,0.57
20203,8223,17,0.04
20204,11315,12,0.67
20205,9443,11,0.74
20206,11323,16,0.32
20207,2568,12,0.68
20208,905,5,0.49
20209,33242,13,0.23
20210,7913,17,0.86
20211,18590,7,0.92
20212,32499,9,0.0
20213,23321,6,0.74
20214,18440,2,0.18
20215,10786,9,0.39
20216,27276,18,0.05
20217,32970,19,0.84
20218,15162,8,0.63
20219,4394,8,0.54
20220,5032,5,0.6
20221,30712,8,0.7
20222,18968,14,0.4
20223,17036,3,0.71
20224,8669,8,0.96
20225,8691,15,0.83
20226,20528,11,0.76
20227,6323,14,0.19
20228,29962,18,0.72
20229,3324,19,0.5
20230,31663,5,0.17
20231,32902,12,0.2
20232,33233,8,0.77
20233,6666,1,0.18
20234,20851,12,0.44
20235,10772,14,0.74
20236,19579,2,0.34
20237,9930,5,0.13
20238,20950,4,0.5
20239,17895,7,0.84
20240,7317,18,0.91
20241,7384,17,0.86
20242,5253,12,0.97
20243,8264,9,0.53
20244,17296,5,0.36
20245,14160,6,0.59
20246,30214,4,0.63
20247,7795,12,0.61
20248,19652,8,0.31
20249,24156,17,0.88
20250,844,8,0.13
20251,7640,18,0.0
20252,8057,4,0.57
20253,11455,3,0.59
20254,29256,15,0.66
20255,15858,16,0.28
20256,29340,8,0.89
20257,13330,10,0.48
20258,15376,18,0.79
20259,30005,16,0.73
20260,12097,17,0.66
20261,30896,10,0.58
20262,24693,8,0.26
20263,1025,2,0.6
20264,33476,14,0.51
20265,10784,10,0.66
20266,20016,15,0.47
20267,24610,18,0.01
20268,31026,9,0.97
20269,12069,15,0.95
20270,7408,9,0.74
20271,14256,3,0.51
20272,4348,8,0.78
20273,14144,7,0.86
20274,20495,17,0.02
20275,31536,13,0.14
20276,29133,6,0.25
20277,11893,5,0.78
20278,55,14,0.57
20279,22808,13,0.97
20280,4926,17,0.17
20281,9047,12,0.96
20282,24756,5,0.78
20283,16848,11,0.8
20284,24221,3,0.87
20285,22557,18,0.53
20286,25771,11,0.61
20287,30940,5,0.81
20288,29873,5,0.21
20289,3673,4,0.32
20290,20038,14,0.25
20291,965,6,0.61
20292,18962,19,0.81
20293,19825,19,0.38
20294,32233,1,0.5
20295,31787,13,0.8
20296,14501,2,0.75
20297,33502,12,0.47
20298,28591,15,0.6
20299,17872,10,0.29
20300,18631,19,0.61
20301,33996,2,0.65
20302,4666,14,0.29
20303,25938,18,0.23
20304,6665,2,0.36
20305,1314,5,0.21
20306,10877,14,0.41
20307,34494,6,0.89
20308,12556,15,0.35
20309,17929,14,0.9
20310,241,6,0.03
20311,23258,2,0.93
20312,8868,8,0.84
20313,1170,14,0.08
20314,29849,14,0.31
20315,18103,9,0.23
20316,14996,17,0.49
20317,22185,3,0.15
20318,21809,5,0.09
20319,7053,9,0.1
20320,30834,19,0.1
20321,27630,4,0.92
20322,3672,10,0.73
20323,3558,5,0.53
20324,1345,10,0.21
20325,13170,8,0.84
20326,25565,14,0.7
20327,28310,13,0.92
20328,5993,7,0.53
20329,17661,6,0.25
20330,8093,6,0.91
20331,29975,12,0.98
20332,619,12,0.17
20333,14248,15,0.71
20334,11711,12,0.67
20335,19759,19,0.22
20336,31792,14,0.44
20337,26921,19,0.63
20338,16435,5,0.04
20339,17512,15,0.35
20340,28296,3,0.24
20341,767,2,0.42
20342,34149,6,0.57
20343,22103,15,0.86
20344,7764,12,0.42
20345,12383,6,0.66
20346,29978,3,0.53
20347,18820,18,0.79
20348,15424,15,0.69
20349,8204,2,0.51
20350,18432,3,0.49
20351,28737,16,0.34
20352,21685,19,0.77
20353,1906,11,0.17
20354,24905,18,0.53
20355,32317,6,0.63
20356,26606,11,0.4
20357,31305,1,0.56
20358,20848,14,0.19
20359,5716,3,0.32
20360,30198,17,0.84
20361,12148,16,0.45
20362,1761,12,0.3
20363,33948,4,0.35
20364,26797,18,0.11
20365,25613,17,0.96
20366,9783,16,0.91
20367,16341,5,0.9
20368,14462,3,0.3
20369,12393,1,0.22
20370,1613,1,0.16
20371,27414,1,0.94
20372,4520,1,0.45
20373,28900,13,0.05
20374,22597,10,0.76
20375,20734,12,0.02
20376,29366,14,0.29
20377,684,13,0.48
20378,1387,17,0.03
20379,29125,16,0.51
20380,7721,5,0.78
20381,10021,12,0.75
20382,13358,10,0.81
20383,15773,19,0.43
20384,29056,12,0.68
20385,22402,11,0.92
20386,30062,11,0.22
20387,6126,13,0.93
20388,1471,19,0.92
20389,4324,18,0.78
20390,4951,17,0.31
20391,15777,8,0.31
20392,13941,5,0.47
20393,32867,2,0.99
20394,20702,9,0.08
20395,559,11,0.69
20396,5289,15,0.6
20397,9174,11,0.8
20398,15750,15,0.72
20399,7306,5,0.33
20400,33644,11,0.99
20401,34991,4,0.6
20402,26271,12,0.88
20403,14559,1,0.42
20404,25267,13,0.02
20405,22452,8,0.59
20406,4334,15,0.07
20407,18894,13,0.31
20408,22425,4,0.07
20409,1231,2,0.83
20410,8925,8,0.18
20411,12636,5,0.92
20412,13191,15,0.74
20413,14616,12,0.61
20414,28781,19,0.51
20415,17042,13,0.6
20416,29247,10,0.99
20417,20084,4,0.94
20418,2119,10,0.65
20419,16386,13,0.81
20420,7173,6,0.82
20421,20576,16,0.29
20422,31757,14,0.11
20423,10815,14,0.32
20424,30886,16,0.49
20425,8506,4,0.63
20426,30062,4,0.79
20427,4096,8,0.4
20428,22928,15,0.64
20429,19285,4,0.75
20430,22598,7,0.16
20431,21294,4,0.29
20432,9340,5,0.24
20433,2370,11,0.39
20434,2130,6,0.07
20435,18725,10,0.66
20436,16503,15,0.33
20437,9186,13,0.46
20438,15096,7,0.47
20439,20339,13,0.91
20440,17881,1,0.09
20441,22932,15,0.01
20442,19065,13,0.72
20443,29750,16,0.81
20444,25233,1,0.02
20445,28642,5,0.2
20446,26333,12,0.67
20447,11249,11,0.26
20448,18291,11,0.79
20449,22586,1,0.78
20450,2492,1,0.03
20451,10552,14,0.94
20452,4135,10,0.19
20453,8225,3,0.28
20454,25776,15,0.22
20455,21966,15,0.27
20456,1692,4,0.77
20457,20855,4,0.03
20458,8532,13,0.59
20459,13684,13,0.18
20460,32823,12,0.89
20461,2291,19,0.31
20462,12399,2,0.57
20463,21937,7,0.15
20464,34363,11,0.28
20465,34293,10,0.07
20466,7624,12,0.44
20467,23258,12,0.95
20468,27801,14,0.72
20469,4974,6,0.15
20470,1266,19,0.51
20471,14104,1,0.4
20472,3931,10,0.35
20473,29724,8,0.47
20474,19158,18,0.48
20475,22704,11,0.6
20476,34231,13,0.96
20477,12751,12,0.44
20478,29128,13,0.75
20479,12756,15,0.83
20480,2654,16,0.96
20481,31296,8,0.31
20482,18540,1,0.92
20483,2228,3,0.92
20484,24426,10,0.15
20485,20906,7,0.76
20486,9321,10,0.53
20487,11,15,0.71
20488,4407,13,0.07
20489,24981,8,0.28
20490,18874,10,0.88
20491,5524,3,0.61
20492,17446,19,0.83
20493,1902,7,0.68
20494,14189,5,0.37
20495,20066,8,0.73
20496,24060,15,0.98
20497,33794,19,0.3
20498,10970,13,0.71
20499,23523,10,0.79
20500,6975,13,0.42
20501,25860,8,0.17
20502,13037,17,0.91
20503,4547,4,0.93
20504,2233,17,0.74
20505,16090,12,0.88
20506,13867,2,0.77
20507,17798,16,0.56
20508,34658,11,0.05
20509,6040,10,0.48
20510,24141,1,0.87
20511,5277,17,0.8
20512,2410,8,0.68
20513,10247,7,0.29
20514,31284,6,0.27
20515,29435,2,0.41
20516,29546,6,0.94
20517,8661,18,0.11
20518,33100,13,0.49
20519,14566,9,0.78
20520,20733,9,0.92
20521,236,14,0.67
20522,34429,17,0.07
20523,21200,2,0.67
20524,10722,12,0.72
20525,12417,9,0.13
20526,26343,8,0.42
20527,5689,12,0.9
20528,4573,16,0.38
20529,1756,11,0.41
20530,25684,3,0.89
20531,25370,9,0.68
20532,31067,12,0.59
20533,2947,7,0.78
20534,28056,3,0.8
20535,19601,7,0.09
20536,23244,12,0.51
20537,17682,2,0.21
20538,30110,10,0.35
20539,3131,16,0.35
20540,26422,4,0.37
20541,26347,16,0.54
20542,9785,11,0.67
20543,4750,2,0.14
20544,10079,15,0.29
20545,33456,18,0.94
20546,8258,12,0.47
20547,15231,16,0.33
20548,21592,14,0.72
20549,526,19,0.84
20550,23737,18,0.05
20551,19735,1,0.03
20552,34842,2,0.53
20553,14935,13,0.37
20554,9051,11,0.31
20555,19318,9,0.72
20556,14842,3,0.1
20557,31825,5,0.81
20558,25472,8,0.72
20559,24141,15,0.88
20560,3898,19,0.05
20561,2093,8,0.65
20562,15572,15,0.54
20563,13048,5,0.31
20564,5869,7,0.13
20565,5190,19,0.14
20566,33585,15,0.79
20567,28536,5,0.78
20568,26663,9,0.83
20569,17850,5,0.59
20570,14141,12,0.25
20571,10193,17,0.71
20572,13576,2,0.24
20573,16220,14,0.75
20574,22424,16,0.04
20575,3930,15,0.87
20576,10561,9,0.83
20577,3344,15,0.5
20578,14174,4,0.16
20579,34597,13,0.33
20580,21095,5,0.12
20581,29127,6,0.62
20582,25939,9,0.94
20583,8334,11,0.7
20584,21967,11,0.72
20585,1611,16,0.4
20586,4807,13,0.23
20587,2114,8,0.7
20588,30904,17,0.58
20589,34554,4,0.66
20590,18698,8,0.82
20591,15067,4,0.18
20592,2643,3,0.94
20593,15187,13,0.92
20594,12927,18,0.32
20595,10362,7,0.8
20596,29169,4,0.96
20597,10443,8,0.01
20598,15524,2,0.07
20599,30932,15,0.94
20600,20030,10,0.78
20601,28020,13,0.4
20602,20968,2,0.24
20603,34016,5,0.67
20604,24199,15,0.39
20605,32322,10,0.19
20606,6985,1,0.65
20607,11017,8,0.58
20608,2641,15,0.95
20609,16665,4,0.5
20610,22330,5,0.1
20611,2306,8,0.93
20612,27535,15,0.02
20613,28171,14,0.98
20614,23979,10,0.8
20615,10099,9,0.47
20616,7580,19,0.3
20617,4898,19,0.37
20618,26069,7,0.98
20619,8776,11,0.06
20620,4303,12,0.62
20621,32185,9,0.77
20622,198,19,0.36
20623,4582,9,0.55
20624,8658,1,0.47
20625,8060,2,0.6
20626,1962,9,0.7
20627,31168,19,0.71
20628,9624,9,0.51
20629,27179,11,0.78
20630,20974,16,0.38
20631,34483,4,0.35
20632,34297,2,0.08
20633,28274,17,0.71
20634,9490,15,0.71
20635,3443,12,0.29
20636,4711,15,0.59
20637,11560,9,0.2
20638,25210,19,0.82
20639,28370,7,0.79
20640,34265,3,0.89
20641,9886,3,0.59
20642,3708,7,0.11
20643,34881,15,0.82
20644,9158,17,0.51
20645,25264,13,0.82
20646,10927,4,0.03
20647,24349,6,1.0
20648,26859,4,0.53
20649,23244,13,0.91
20650,20571,8,0.4
20651,18780,10,0.89
20652,5087,8,0.01
20653,31497,10,0.74
20654,14775,18,0.83
20655,13447,18,0.7
20656,9521,12,0.48
20657,33391,2,0.25
20658,6567,3,0.34
20659,28110,4,0.45
20660,24470,16,0.87
20661,15863,6,0.2
20662,32267,19,0.73
20663,29645,13,0.18
20664,25080,12,0.32
20665,23028,1,0.46
20666,15090,10,0.66
20667,22654,11,0.15
20668,5658,10,0.57
20669,18863,1,0.37
20670,34136,6,0.05
20671,30339,15,0.31
20672,21570,16,0.37
20673,11388,13,0.76
20674,28598,19,0.07
20675,30475,15,0.63
20676,12257,16,0.34
20677,6975,19,0.26
20678,25174,6,0.8
20679,8624,6,0.41
20680,5531,10,0.47
20681,30324,7,0.62
20682,1575,15,0.11
20683,21850,1,0.4
20684,7449,19,0.28
20685,3275,17,0.58
20686,18620,12,0.54
20687,33201,10,0.5
20688,13797,13,0.05
20689,30808,7,0.04
20690,28399,7,0.14
20691,3199,9,0.49
20692,6194,10,0.0
20693,23381,7,0.64
20694,31337,12,0.43
20695,9109,15,0.13
20696,16273,8,0.4
20697,182,16,0.47
20698,11991,4,0.39
20699,20491,1,0.91
20700,1734,17,0.17
20701,20717,6,0.92
20702,26671,15,0.82
20703,34106,10,0.69
20704,18255,2,0.77
20705,21903,14,0.53
20706,11837,6,0.43
20707,7405,16,0.08
20708,272,5,0.95
20709,13726,3,0.12
20710,4782,5,0.5
20711,26364,6,0.72
20712,13810,14,0.34
20713,12932,1,0.69
20714,17205,6,0.76
20715,409,12,0.35
20716,24164,6,0.16
20717,13229,1,0.43
20718,2882,9,0.7
20719,22810,7,0.55
20720,24853,10,0.01
20721,26978,3,0.02
20722,1541,18,0.97
20723,705,1,0.91
20724,5466,15,0.91
20725,3736,11,0.46
20726,28321,14,0.22
20727,13618,7,0.99
20728,33466,6,0.44
20729,34642,2,0.22
20730,1718,5,0.16
20731,32705,14,0.43
20732,29256,4,0.04
20733,383,7,0.22
20734,9682,1,0.96
20735,12252,7,0.74
20736,6591,4,0.08
20737,15498,1,0.82
20738,29866,19,0.41
20739,2722,16,0.85
20740,6382,2,0.07
20741,4833,17,0.91
20742,18962,9,0.28
20743,3207,11,0.35
20744,25523,11,0.82
20745,18430,4,0.29
20746,7087,2,0.52
20747,17314,1,0.24
20748,1203,6,0.71
20749,9637,15,0.93
20750,14595,10,0.45
20751,20085,19,0.64
20752,8984,4,0.09
20753,2782,5,0.64
20754,29569,16,0.68
20755,10909,2,0.37
20756,18248,2,0.55
20757,616,16,0.34
20758,6676,16,0.22
20759,5750,8,0.48
20760,29730,12,0.3
20761,9049,6,0.43
20762,2421,17,0.05
20763,20333,3,0.94
20764,7036,15,0.16
20765,6723,15,0.75
20766,4404,13,0.16
20767,27029,5,0.8
20768,16185,18,0.23
20769,19869,14,0.42
20770,31414,19,0.91
20771,27137,16,0.16
20772,23275,13,0.95
20773,28128,11,0.93
20774,12082,13,0.45
20775,11124,2,0.42
20776,27402,8,0.55
20777,32334,18,0.44
20778,10623,19,0.2
20779,24383,8,0.2
20780,21342,5,0.34
20781,6647,10,0.68
20782,15414,19,0.69
20783,25850,19,0.41
20784,17553,5,0.16
20785,11682,14,0.97
20786,32113,19,0.59
20787,14929,10,0.41
20788,20022,19,0.38
20789,13433,12,0.35
20790,19645,7,0.79
20791,8380,11,0.28
20792,32975,13,0.77
20793,8285,16,0.37
20794,33150,11,0.14
20795,20534,7,0.85
20796,13553,5,0.55
20797,13070,8,0.96
20798,11498,18,0.52
20799,2897,14,0.86
20800,3385,13,0.95
20801,29140,13,0.51
20802,32100,6,0.66
20803,18726,6,0.75
20804,18726,10,0.82
20805,11487,4,0.45
20806,33723,14,0.97
20807,87,14,0.4
20808,21142,17,0.55
20809,5807,18,0.55
20810,6861,2,0.2
20811,849,13,0.4
20812,26092,4,0.73
20813,33804,13,0.55
20814,29691,18,0.3
20815,5496,12,0.3
20816,22368,2,0.75
20817,18161,2,0.95
20818,21465,15,0.15
20819,3063,17,0.97
20820,15651,2,0.89
20821,1114,4,0.98
20822,20957,14,0.11
20823,29300,1,0.11
20824,28661,15,0.61
20825,33835,15,0.15
20826,31522,15,0.66
20827,32456,17,0.71
20828,9716,9,0.57
20829,33321,15,0.35
20830,16580,1,0.6
20831,31634,10,0.56
20832,14909,17,0.7
20833,27696,18,0.24
20834,6142,5,0.64
20835,448,2,0.84
20836,5273,12,0.51
20837,9847,10,0.68
20838,18419,15,0.77
20839,24177,1,0.94
20840,13907,7,0.52
20841,4045,4,0.66
20842,15277,5,0.13
20843,21138,10,0.86
20844,28890,15,0.61
20845,11851,12,0.86
20846,20255,2,0.75
20847,12413,5,0.93
20848,24575,1,0.77
20849,15228,16,0.37
20850,3741,3,0.65
20851,30670,10,0.97
20852,9901,16,0.52
20853,13448,12,0.5
20854,7355,16,0.87
20855,1782,10,0.67
20856,1590,3,0.4
20857,27310,9,0.88
20858,29913,7,0.66
20859,20498,6,0.23
20860,25757,4,0.07
20861,27677,2,0.8
20862,6976,7,0.12
20863,18003,1,0.46
20864,12538,14,0.86
20865,7806,9,0.37
20866,7163,9,0.14
20867,30688,17,0.14
20868,25237,11,0.17
20869,6442,12,0.43
20870,33426,13,0.22
20871,15460,8,0.33
20872,28700,6,0.85
20873,3220,4,0.55
20874,31814,8,0.46
20875,11157,17,0.39
20876,6274,18,0.75
20877,31068,2,0.03
20878,30726,3,0.92
20879,16206,10,0.64
20880,29481,3,0.68
20881,19184,11,0.63
20882,2596,17,0.36
20883,22877,1,0.19
20884,9847,1,0.72
20885,29144,3,0.25
20886,610,17,0.1
20887,26402,9,0.14
20888,28642,3,0.62
20889,34339,17,0.12
20890,28852,2,0.68
20891,33814,7,0.02
20892,33633,8,0.79
20893,19026,1,0.02
20894,10763,15,0.46
20895,9767,2,0.12
20896,7204,3,0.02
20897,14762,15,0.59
20898,17184,6,0.32
20899,21930,12,0.54
20900,4319,4,0.85
20901,32997,19,0.68
20902,28657,7,0.9
20903,564,7,0.87
20904,23654,1,0.69
20905,28931,8,0.1
20906,30792,14,0.65
20907,3198,5,0.77
20908,24565,5,0.92
20909,10606,11,0.89
20910,15895,17,0.93
20911,31805,7,0.73
20912,32556,12,0.33
20913,8374,1,0.83
20914,18399,18,0.44
20915,28488,6,1.0
20916,651,16,1.0
20917,7671,8,0.08
20918,11956,14,0.21
20919,11901,2,0.43
20920,5534,10,0.89
20921,20115,4,0.59
20922,15030,8,0.17
20923,23304,19,0.94
20924,10747,4,0.66
20925,3575,4,0.39
20926,28557,9,0.32
20927,7253,17,0.99
20928,5032,16,0.53
20929,2093,17,0.07
20930,11130,15,0.4
20931,11794,2,0.71
20932,17025,7,0.08
20933,11365,7,0.31
20934,10953,2,0.66
20935,12427,2,0.78
20936,18185,10,0.85
20937,10327,8,0.59
20938,10188,3,0.56
20939,31559,2,0.29
20940,14711,6,0.57
20941,4484,11,0.83
20942,26454,10,0.4
20943,34226,4,0.94
20944,30652,14,0.07
20945,12971,7,0.95
20946,25982,3,0.16
20947,31344,19,0.9
20948,4171,14,0.24
20949,11579,16,0.21
20950,5404,14,0.84
20951,3015,19,0.39
20952,34385,11,0.82
20953,8880,17,0.8
20954,26522,5,0.03
20955,24308,17,0.84
20956,12837,5,0.73
20957,24249,6,0.37
20958,29679,9,0.24
20959,16689,1,0.07
20960,5924,19,0.98
20961,23565,12,0.46
20962,7836,8,0.64
20963,298,1,0.43
20964,33327,1,0.72
20965,20958,13,0.79
20966,28262,9,0.95
20967,11616,19,0.42
20968,16361,10,0.5
20969,20245,19,0.21
20970,27575,8,0.42
20971,3587,13,0.87
20972,23470,19,0.72
20973,28822,13,0.36
20974,33453,1,0.34
20975,17502,6,0.11
20976,31973,17,0.75
20977,16229,6,0.45
20978,12613,12,0.76
20979,33348,8,0.12
20980,1830,15,0.33
20981,33032,2,0.55
20982,1869,18,0.92
20983,6861,18,0.5
20984,23533,16,0.92
20985,18603,10,0.13
20986,10049,4,0.56
20987,10106,5,0.36
20988,34048,2,0.11
20989,22494,19,0.11
20990,28177,11,0.49
20991,3759,15,0.61
20992,3145,4,0.21
20993,18888,17,0.85
20994,9397,3,0.75
20995,22238,12,0.06
20996,19661,17,0.9
20997,26412,18,0.53
20998,7126,13,0.24
20999,26852,5,0.52
21000,10875,10,0.15
21001,5112,13,0.24
21002,10829,17,0.74
21003,29565,12,0.49
21004,23486,13,0.5
21005,2801,2,0.02
21006,344,3,0.66
21007,25267,14,0.29
21008,11516,5,0.25
21009,22760,4,0.32
21010,31486,19,0.28
21011,22108,19,0.33
21012,13282,3,0.71
21013,20190,18,0.07
21014,29550,10,0.31
21015,7015,12,0.14
21016,27270,6,0.95
21017,32134,12,0.76
21018,30158,9,0.93
21019,765,7,0.12
21020,24017,18,0.67
21021,8144,9,0.53
21022,8327,3,0.79
21023,32229,14,0.03
21024,29876,11,0.26
21025,14803,5,0.41
21026,29981,12,0.92
21027,7535,13,0.89
21028,23296,18,0.0
21029,32325,3,0.85
21030,12040,9,0.81
21031,30585,17,0.55
21032,17534,14,0.18
21033,17850,17,0.93
21034,19445,1,0.58
21035,22607,16,0.27
21036,10326,3,0.54
21037,19165,16,0.06
21038,10091,13,0.17
21039,33854,7,0.49
21040,11883,19,0.81
21041,24874,19,0.87
21042,28927,5,0.9
21043,19996,12,0.21
21044,7141,13,0.39
21045,13656,14,0.66
21046,31403,17,0.15
21047,5037,5,0.05
21048,1421,5,0.14
21049,25562,17,0.05
21050,17929,7,0.48
21051,11942,9,0.4
21052,11521,16,0.87
21053,3550,6,0.18
21054,19322,10,0.53
21055,6986,3,0.03
21056,18763,6,0.36
21057,1372,19,0.69
21058,1660,8,0.7
21059,33001,16,0.96
21060,28807,13,0.87
21061,26187,11,0.66
21062,8082,8,0.4
21063,24367,1,0.99
21064,25652,7,0.17
21065,21623,15,0.3
21066,1623,15,0.62
21067,8562,19,0.19
21068,29942,11,0.65
21069,32372,5,0.33
21070,13246,1,0.76
21071,276,5,0.74
21072,24128,15,0.13
21073,168,6,0.02
21074,22201,15,0.95
21075,12895,7,0.88
21076,9983,10,0.25
21077,20666,17,0.25
21078,29719,3,0.31
21079,30416,13,0.18
21080,26586,7,0.06
21081,32669,13,0.97
21082,9218,7,0.12
21083,1266,2,0.53
21084,22456,2,0.91
21085,20372,13,0.43
21086,24746,4,0.97
21087,24714,3,0.94
21088,18635,10,0.7
21089,22713,8,0.38
21090,34244,3,0.9
21091,27243,4,0.77
21092,21432,3,0.62
21093,1372,17,0.24
21094,34098,5,0.46
21095,24924,2,0.23
21096,14729,17,0.13
21097,18934,6,0.96
21098,17252,17,0.34
21099,21077,7,0.3
21100,24246,7,0.77
21101,18405,4,0.3
21102,28269,8,0.06
21103,5688,6,0.87
21104,31997,12,0.17
21105,7337,7,0.27
21106,17960,2,0.59
21107,16464,1,0.33
21108,4648,13,0.14
21109,4270,3,0.67
21110,4945,14,0.41
21111,25974,10,0.38
21112,10344,17,0.4
21113,17473,7,0.44
21114,7178,3,0.53
21115,14284,17,0.42
21116,21633,19,0.46
21117,26000,18,0.89
21118,26899,6,0.31
21119,33219,8,0.4
21120,25374,3,0.75
21121,19248,7,0.01
21122,6876,11,0.54
21123,8991,13,0.33
21124,33144,18,0.72
21125,7010,3,0.53
21126,735,11,0.46
21127,19716,19,0.74
21128,12236,1,0.57
21129,28560,19,0.95
21130,88,11,0.16
21131,9116,3,0.39
21132,19140,2,0.47
21133,15202,13,0.15
21134,4764,12,0.13
21135,16012,2,0.39
21136,17092,14,0.04
21137,25390,1,0.11
21138,18109,15,0.95
21139,10999,1,0.77
21140,16411,13,0.13
21141,23061,16,0.13
21142,30550,18,0.24
21143,20576,8,0.86
21144,4296,12,0.93
21145,32090,10,0.22
21146,3283,16,0.55
21147,27086,1,0.27
21148,30170,6,0.03
21149,21073,10,0.86
21150,13902,15,0.37
21151,16957,18,0.06
21152,10534,6,0.52
21153,32372,5,0.2
21154,34999,7,0.19
21155,15589,15,0.46
21156,19273,9,0.54
21157,9014,19,0.41
21158,5619,3,0.58
21159,16688,3,0.44
21160,21642,18,0.4
21161,31891,16,0.43
21162,19780,5,0.09
21163,17774,5,0.46
21164,28499,8,0.06
21165,3782,11,0.02
21166,7213,9,0.36
21167,11708,11,0.08
21168,34206,8,0.94
21169,33377,18,0.09
21170,34442,5,0.72
21171,14250,13,0.99
21172,1171,11,0.55
21173,9432,5,0.25
21174,13993,13,0.27
21175,22237,7,0.13
21176,3537,13,0.5
21177,33591,18,0.8
21178,21999,14,0.92
21179,20906,7,0.31
21180,20846,5,0.95
21181,5382,7,0.66
21182,21301,2,0.72
21183,20524,10,0.13
21184,31494,5,0.48
21185,10425,9,0.64
21186,2814,18,0.76
21187,9826,19,0.91
21188,30167,6,0.65
21189,19292,7,0.75
21190,22531,5,0.39
21191,13030,18,0.83
21192,16814,18,0.5
21193,21475,7,0.39
21194,20932,17,0.36
21195,29591,18,0.02
21196,24305,18,0.27
21197,30689,10,0.35
21198,15633,11,0.1
21199,33272,2,0.78
21200,26466,3,0.72
21201,18822,3,0.52
21202,22579,14,0.16
21203,9475,3,0.06
21204,19672,8,0.65
21205,5112,19,0.88
21206,6342,10,0.32
21207,28816,13,0.5
21208,18980,5,0.53
21209,29970,16,0.58
21210,8576,16,0.77
21211,21623,14,0.4
21212,8432,17,0.46
21213,10985,1,0.09
21214,10439,8,0.6
21215,22704,15,0.64
21216,8740,1,0.38
21217,25377,13,0.6
21218,34376,16,0.58
21219,3506,15,0.22
21220,17955,4,0.76
21221,28004,19,0.52
21222,2406,10,0.83
21223,1020,13,0.65
21224,8286,15,0.7
21225,34262,6,0.25
21226,30916,8,0.41
21227,22160,18,0.4
21228,10582,9,0.75
21229,18553,11,0.6
21230,25198,4,0.44
21231,22625,18,0.93
21232,3350,19,0.59
21233,19912,1,0.8
21234,9177,11,0.09
21235,15709,7,0.33
21236,12396,18,0.3
21237,20677,16,0.73
21238,5048,14,0.65
21239,16670,11,0.19
21240,1197,15,0.42
21241,7213,9,0.31
21242,18014,13,0.37
21243,31907,1,0.44
21244,10230,17,0.92
21245,28447,10,0.3
21246,30130,4,0.9
21247,31920,15,0.38
21248,13715,14,0.36
21249,30,18,0.99
21250,24568,5,0.96
21251,1594,5,0.63
21252,28227,18,0.15
21253,15393,16,0.03
21254,33826,3,0.7
21255,6075,18,0.41
21256,9218,6,0.52
21257,24534,3,0.5
21258,7614,18,0.87
21259,15558,14,0.62
21260,18496,13,0.32
21261,3723,13,0.97
21262,34802,5,0.69
21263,25210,8,0.6
21264,19041,8,0.89
21265,14798,12,0.02
21266,25266,6,0.31
21267,19727,5,0.56
21268,12007,10,0.12
21269,12163,13,0.39
21270,17553,15,0.25
21271,17923,4,0.67
21272,18686,2,0.21
21273,29182,7,0.09
21274,8987,17,0.51
21275,33564,6,0.65
21276,28255,5,0.13
21277,11763,5,0.79
21278,16895,12,0.05
21279,21226,10,0.38
21280,15897,12,0.91
21281,21557,19,0.79
21282,24702,17,0.7
21283,1478,6,0.3
21284,5346,10,0.46
21285,5226,13,0.39
21286,17189,10,0.06
21287,1293,6,0.83
21288,5037,1,0.8
21289,16431,4,0.6
21290,16513,13,0.25
21291,11002,4,0.8
21292,2462,10,0.96
21293,6530,12,0.7
21294,4545,1,0.18
21295,32134,3,0.75
21296,12513,6,0.68
21297,7130,12,0.09
21298,21373,8,0.21
21299,3087,14,0.17
21300,34897,2,0.29
21301,24131,5,0.9
21302,14772,19,0.21
21303,13171,1,0.04
21304,4701,16,0.26
21305,4877,13,0.81
21306,23437,2,0.84
21307,20864,9,0.88
21308,12004,18,0.38
21309,255,15,0.64
21310,28143,2,0.41
21311,24868,14,0.42
21312,31441,1,0.56
21313,1056,18,0.64
21314,29856,14,0.36
21315,28731,19,0.12
21316,8935,11,0.98
21317,34192,2,0.87
21318,1906,5,0.12
21319,11645,5,0.1
21320,15420,3,0.75
21321,25195,4,0.24
21322,6938,16,0.58
21323,25641,6,0.99
21324,16685,16,0.0
21325,16151,12,0.62
21326,2183,2,0.99
21327,22826,2,0.93
21328,29994,1,0.97
21329,7114,13,0.29
21330,1878,12,0.47
21331,32415,5,0.55
21332,18655,2,0.57
21333,1321,12,0.57
21334,33811,10,0.62
21335,22331,19,0.07
21336,7377,15,0.89
21337,11431,17,0.62
21338,10228,19,0.18
21339,28006,13,0.44
21340,14295,9,0.11
21341,25182,11,0.68
21342,4270,1,0.27
21343,9400,5,0.97
21344,25817,13,0.67
21345,17661,4,0.01
21346,12984,7,0.48
21347,14432,13,0.22
21348,22111,17,0.38
21349,13136,10,0.05
21350,711,7,0.52
21351,9075,15,0.36
21352,32093,14,0.58
21353,28757,1,0.47
21354,6769,19,0.28
21355,34659,17,0.69
21356,20129,3,0.15
21357,23933,14,0.89
21358,201,7,0.25
21359,22636,19,0.03
21360,3098,19,0.94
21361,24145,17,0.74
21362,751,3,0.75
21363,30761,18,0.12
21364,9996,16,0.88
21365,26994,9,0.97
21366,10575,19,0.61
21367,3795,18,0.62
21368,6956,16,0.55
21369,18466,2,0.67
21370,33044,8,0.56
21371,26239,5,0.83
21372,7748,7,0.07
21373,9017,9,0.21
21374,3984,4,0.12
21375,28572,12,0.83
21376,17686,12,0.4
21377,10378,15,0.17
21378,34524,2,0.17
21379,25042,13,0.4
21380,33857,15,0.56
21381,22779,3,0.82
21382,4868,3,0.53
21383,12578,6,0.1
21384,21395,10,0.8
21385,19361,19,0.9
21386,28976,11,0.41
21387,2151,6,0.33
21388,20299,5,0.2
21389,9537,12,0.56
21390,33494,1,0.53
21391,26946,3,0.17
21392,32705,8,0.71
21393,18667,2,0.53
21394,30795,7,0.25
21395,34189,2,0.29
21396,33507,14,0.51
21397,20391,5,0.25
21398,22713,5,0.94
21399,29466,12,0.96
21400,25956,18,0.97
21401,11064,11,0.4
21402,32916,4,0.33
21403,23592,3,0.84
21404,7732,16,0.3
21405,27057,3,0.64
21406,13619,2,0.75
21407,13182,10,0.74
21408,26961,4,0.67
21409,11381,7,0.03
21410,16346,14,0.19
21411,32880,1,0.63
21412,22157,15,0.66
21413,6317,7,0.65
21414,26015,15,0.36
21415,5038,2,0.21
21416,23485,19,0.93
21417,21402,17,0.04
21418,17507,17,0.41
21419,11113,7,0.22
21420,11491,4,0.1
21421,626,11,0.22
21422,17330,16,0.06
21423,10159,17,0.27
21424,4572,8,0.69
21425,33321,1,0.63
21426,270,11,0.66
21427,25312,12,0.16
21428,19128,13,0.69
21429,10209,16,0.1
21430,817,6,0.45
21431,2324,11,0.4
21432,13081,5,0.09
21433,1692,4,0.09
21434,28368,19,0.52
21435,34563,14,0.34
21436,32791,18,0.08
21437,24175,11,0.25
21438,15351,5,0.83
21439,2230,7,0.39
21440,31958,8,0.03
21441,32433,15,0.88
21442,24078,8,0.16
21443,34073,3,0.55
21444,15999,4,0.67
21445,28663,9,0.01
21446,27540,3,0.12
21447,22899,6,0.73
21448,26746,4,0.23
21449,2242,8,0.82
21450,13283,1,0.78
21451,25078,19,1.0
21452,14471,3,0.41
21453,794,18,0.73
21454,31353,16,0.05
21455,2774,15,0.6
21456,13914,19,0.95
21457,31436,5,0.4
21458,4203,15,0.24
21459,25581,4,0.58
21460,32995,8,0.4
21461,11868,2,0.86
21462,30876,9,0.14
21463,1260,16,0.96
21464,8911,4,0.91
21465,2900,19,0.93
21466,15452,15,0.47
21467,26387,4,0.78
21468,29087,1,0.62
21469,20167,7,0.49
21470,19035,10,0.7
21471,14396,14,0.19
21472,23375,10,0.12
21473,20329,5,0.22
21474,13382,18,0.93
21475,5033,4,0.04
21476,24400,5,0.56
21477,34938,16,0.92
21478,12269,16,0.36
21479,10397,9,0.03
21480,3994,1,0.54
21481,34252,9,0.74
21482,16402,18,0.58
21483,3550,18,0.81
21484,2990,16,0.41
21485,8789,14,0.63
21486,29451,9,0.03
21487,30650,14,0.71
21488,33733,12,0.82
21489,29509,19,0.39
21490,9254,5,0.53
21491,33588,3,0.34
21492,10960,1,0.47
21493,34155,7,0.72
21494,34730,8,0.27
21495,10450,12,0.33
21496,15046,4,0.63
21497,26308,3,0.93
21498,50,19,0.02
21499,28021,1,0.08
21500,4052,9,0.88
21501,3457,7,0.89
21502,6758,15,0.61
21503,21016,9,0.84
21504,22512,11,0.02
21505,30184,10,0.32
21506,31672,13,0.21
21507,16516,14,0.27
21508,15292,4,0.03
21509,9130,17,0.89
21510,10029,16,0.54
21511,28700,1,0.04
21512,32104,6,0.13
21513,26187,7,0.2
21514,16097,15,0.92
21515,31084,6,0.68
21516,15218,3,0.04
21517,31518,3,0.72
21518,28425,2,0.59
21519,27980,13,0.34
21520,19934,15,0.45
21521,20308,19,0.06
21522,11302,11,0.43
21523,23014,12,0.87
21524,11783,19,0.15
21525,14537,13,0.85
21526,6705,1,0.93
21527,23461,9,0.41
21528,31331,14,0.43
21529,3322,10,0.76
21530,21223,17,0.61
21531,7367,16,0.48
21532,6398,5,0.85
21533,19621,3,0.15
21534,2347,5,0.72
21535,25724,17,0.69
21536,10457,10,0.22
21537,4214,15,0.71
21538,32898,15,0.73
21539,24128,6,0.3
21540,9213,4,0.71
21541,12818,5,0.22
21542,20802,11,0.89
21543,32722,2,0.74
21544,528,11,0.6
21545,30766,12,0.01
21546,28540,5,0.16
21547,438,8,0.97
21548,16305,14,0.4
21549,6818,1,0.7
21550,32487,18,0.63
21551,29430,10,0.66
21552,9740,14,0.58
21553,22426,3,0.22
21554,10560,11,0.41
21555,34734,4,0.89
21556,8151,14,0.87
21557,26252,9,0.19
21558,18299,8,0.04
21559,29528,8,0.16
21560,2132,9,0.28
21561,23146,1,0.75
21562,20182,17,0.71
21563,19466,2,0.5
21564,6492,11,0.83
21565,8513,18,0.16
21566,19873,11,0.14
21567,7490,10,0.8
21568,3380,8,0.46
21569,34554,11,0.55
21570,27825,18,0.26
21571,26944,2,0.09
21572,2987,8,0.01
21573,24460,19,0.83
21574,19051,10,0.32
21575,33341,8,0.73
21576,2355,8,0.62
21577,23051,3,0.78
21578,19280,11,0.53
21579,17145,1,0.08
21580,5411,4,0.82
21581,5148,5,0.88
21582,6962,13,0.72
21583,8690,3,0.35
21584,5372,3,0.18
21585,19619,18,0.57
21586,24176,16,0.49
21587,25089,9,0.3
21588,11423,7,0.58
21589,1686,12,0.68
21590,21918,10,0.65
21591,27819,13,0.99
21592,30540,6,0.49
21593,31035,8,0.76
21594,25322,5,0.53
21595,12994,5,0.37
21596,11450,5,0.96
21597,2317,5,0.13
21598,7694,3,0.6
21599,6711,1,0.84
21600,17661,19,0.16
21601,1844,4,0.41
21602,33914,5,0.81
21603,14108,16,0.29
21604,11472,19,0.7
21605,11527,2,0.27
21606,21798,15,0.41
21607,2870,8,0.2
21608,32617,16,0.25
21609,6558,7,0.27
21610,13471,7,0.83
21611,19054,15,0.22
21612,4537,2,0.29
21613,31984,14,0.12
21614,29257,14,0.46
21615,4376,2,0.85
21616,15317,16,0.16
21617,10396,13,0.91
21618,8115,5,0.67
21619,22099,1,0.35
21620,14306,8,0.06
21621,1489,18,0.31
21622,20239,14,0.1
21623,29957,18,0.57
21624,20428,2,0.66
21625,19442,1,0.12
21626,8997,17,0.61
21627,17763,19,0.32
21628,2094,11,0.88
21629,21008,7,0.75
21630,33346,5,0.47
21631,10036,3,0.99
21632,30910,1,0.03
21633,2908,1,0.22
21634,21917,19,0.49
21635,23522,18,0.46
21636,32696,13,0.56
21637,16700,1,0.45
21638,22699,1,0.47
21639,7598,3,0.89
21640,34722,11,0.94
21641,28821,5,0.13
21642,12316,19,0.91
21643,29012,4,0.2
21644,17244,17,0.73
21645,24783,7,0.9
21646,21507,19,0.98
21647,24997,18,0.82
21648,24396,19,0.15
21649,19391,8,0.16
21650,19105,17,0.94
21651,33838,12,0.9
21652,4616,14,0.81
21653,14210,18,0.43
21654,2872,10,0.81
21655,12063,4,0.2
21656,7109,18,0.1
21657,1533,5,0.52
21658,30891,11,0.74
21659,7526,5,0.55
21660,14584,4,0.89
21661,2256,10,0.76
21662,2919,6,0.11
21663,18236,5,0.2
21664,24144,9,0.15
21665,28281,9,0.98
21666,12305,7,0.48
21667,18653,3,0.23
21668,33177,4,0.64
21669,14586,2,0.48
21670,5776,7,0.04
21671,13901,18,0.69
21672,16256,7,0.86
21673,28560,10,0.32
21674,20371,2,0.71
21675,25005,9,0.64
21676,16027,4,0.3
21677,10994,5,0.22
21678,30726,19,0.2
21679,33057,15,0.74
21680,21220,15,0.81
21681,33654,13,0.51
21682,34177,18,0.07
21683,27398,4,0.56
21684,22394,12,0.58
21685,11420,8,0.62
21686,1650,8,0.94
21687,26480,10,1.0
21688,13849,17,0.3
21689,10143,17,0.18
21690,32773,4,0.27
21691,32444,17,0.44
21692,2638,7,0.16
21693,2264,3,0.59
21694,33673,9,0.67
21695,23240,15,0.67
21696,459,1,0.86
21697,32779,3,0.57
21698,11341,2,0.89
21699,20775,18,0.34
21700,29907,1,0.83
21701,18399,6,0.26
21702,32704,8,0.94
21703,2126,7,0.08
21704,29975,13,0.29
21705,15664,7,0.95
21706,24340,16,0.85
21707,6011,7,0.7
21708,3446,16,0.89
21709,14142,16,0.87
21710,18489,9,0.47
21711,30845,14,0.26
21712,24564,19,0.17
21713,1111,9,0.88
21714,30579,12,0.88
21715,29620,8,0.12
21716,288,11,0.6
21717,26435,9,0.42
21718,10577,10,0.23
21719,27230,6,0.39
21720,19424,2,0.72
21721,24719,3,0.48
21722,18467,14,0.3
21723,23657,17,0.92
21724,17175,10,0.0
21725,13509,8,0.77
21726,10360,5,0.7
21727,17788,13,0.0
21728,6900,1,0.15
21729,31989,16,0.39
21730,8234,7,0.01
21731,30140,13,0.22
21732,15999,6,0.72
21733,25610,18,0.27
21734,19956,18,0.62
21735,19978,3,0.29
21736,4568,2,0.45
21737,26493,14,0.12
21738,9632,12,0.14
21739,32167,12,0.93
21740,1127,17,0.03
21741,9379,13,0.17
21742,17285,15,0.47
21743,28411,17,0.17
21744,10568,9,0.68
21745,22939,15,0.01
21746,8186,12,0.63
21747,5527,11,0.29
21748,2243,1,0.95
21749,22793,9,0.38
21750,9489,4,0.78
21751,4682,9,0.91
21752,15300,1,0.31
21753,10206,7,0.78
21754,16790,11,0.25
21755,18846,16,0.93
21756,14003,5,0.5
21757,3253,11,0.79
21758,31111,8,0.56
21759,28671,9,0.32
21760,5834,13,0.81
21761,14171,18,0.36
21762,19285,18,0.62
21763,19119,17,0.07
21764,20235,18,0.19
21765,5171,7,0.65
21766,9323,4,0.06
21767,5931,2,0.73
21768,6177,7,0.73
21769,29467,9,0.15
21770,23268,15,0.66
21771,11091,9,0.5
21772,1067,17,0.73
21773,19006,16,0.84
21774,29840,4,0.71
21775,31243,3,0.82
21776,12303,17,0.73
21777,21602,5,0.21
21778,29499,18,0.14
21779,22780,9,1.0
21780,11317,10,0.61
21781,46,15,0.99
21782,18665,1,0.89
21783,30395,6,0.64
21784,15162,3,0.86
21785,19221,1,0.32
21786,26930,3,0.26
21787,12487,15,0.84
21788,21297,8,0.47
21789,1230,1,0.15
21790,26535,11,0.98
21791,9024,11,0.57
21792,4999,11,0.78
21793,16188,18,0.27
21794,4721,8,0.64
21795,28118,4,0.4
21796,31699,10,0.99
21797,5726,9,0.43
21798,34441,2,0.2
21799,16966,15,0.03
21800,33101,17,0.03
21801,17167,8,0.73
21802,25536,6,0.64
21803,29435,14,0.04
21804,16808,1,0.79
21805,4306,2,0.89
21806,27248,6,0.43
21807,34560,14,0.57
21808,29148,14,0.0
21809,10685,14,0.93
21810,458,4,0.42
21811,13535,2,0.34
21812,28587,8,0.84
21813,18305,13,0.08
21814,1288,12,0.32
21815,17797,16,0.55
21816,32865,4,0.48
21817,14006,13,0.31
21818,29626,16,0.6
21819,31071,3,0.22
21820,19838,15,0.78
21821,21089,13,0.57
21822,4668,9,0.76
21823,19937,16,0.71
21824,32291,12,0.54
21825,9836,14,0.65
21826,1140,2,0.98
21827,1903,17,0.27
21828,26472,6,0.66
21829,3641,6,0.89
21830,17057,18,0.63
21831,14849,1,0.25
21832,20330,18,0.41
21833,34960,12,0.96
21834,34736,19,0.24
21835,6477,2,0.79
21836,34275,15,0.3
21837,8385,1,0.93
21838,2733,17,0.1
21839,22436,17,0.8
21840,1317,8,0.16
21841,16173,2,0.46
21842,15996,8,0.21
21843,2203,18,0.16
21844,29973,11,0.83
21845,23507,13,0.51
21846,27941,9,0.62
21847,22294,15,0.03
21848,6829,14,0.52
21849,12316,15,0.87
21850,13140,3,0.49
21851,11099,8,0.44
21852,10150,18,0.62
21853,34192,17,0.13
21854,12390,3,0.12
21855,1466,2,0.89
21856,16788,18,0.88
21857,27656,15,0.74
21858,32218,18,0.11
21859,33602,2,0.83
21860,9079,4,0.68
21861,1071,18,0.78
21862,4545,18,0.79
21863,1340,9,0.69
21864,28431,10,0.99
21865,21065,4,0.09
21866,10198,8,0.01
21867,22102,1,0.4
21868,21042,15,0.18
21869,27089,11,0.67
21870,4252,18,0.77
21871,17363,4,0.24
21872,2273,13,0.84
21873,25368,18,0.0
21874,31398,11,0.25
21875,29544,15,0.43
21876,15143,8,0.54
21877,32978,4,0.43
21878,6784,12,0.46
21879,1422,6,0.36
21880,8429,3,0.96
21881,18720,6,0.56
21882,8026,2,0.99
21883,9191,8,0.28
21884,26543,3,0.45
21885,25015,17,0.22
21886,15959,16,0.57
21887,25030,14,0.4
21888,33220,7,0.06
21889,13115,7,0.09
21890,22472,1,0.93
21891,29541,13,0.66
21892,29407,2,0.25
21893,5895,15,0.11
21894,11119,17,0.87
21895,16958,2,0.07
21896,6965,1,0.07
21897,31986,3,0.12
21898,9196,18,0.93
21899,26432,3,0.97
21900,13543,15,0.38
21901,9268,9,0.42
21902,9370,19,0.51
21903,3684,13,0.66
21904,13367,10,0.14
21905,27277,12,0.15
21906,16266,1,0.87
21907,28027,13,0.67
21908,28342,6,0.13
21909,8308,18,0.1
21910,12970,2,0.39
21911,30354,2,0.4
21912,10525,2,0.03
21913,25173,5,0.74
21914,3311,13,0.4
21915,4704,3,0.75
21916,26536,2,0.25
21917,12382,17,0.0
21918,18492,13,0.69
21919,21015,2,0.97
21920,1494,19,0.95
21921,8722,7,0.85
21922,31360,12,0.77
21923,34720,19,0.53
21924,16139,10,0.15
21925,1647,10,0.17
21926,30176,2,0.03
21927,28920,16,0.11
21928,2747,5,0.09
21929,27901,13,0.7
21930,23067,7,0.5
21931,23798,11,0.84
21932,23837,14,0.01
21933,1892,3,0.39
21934,34711,13,0.04
21935,10518,19,0.56
21936,8956,7,0.07
21937,22326,19,0.73
21938,1703,16,0.6
21939,27852,13,0.41
21940,4908,14,0.1
21941,6764,3,0.91
21942,1580,12,0.92
21943,28995,1,0.35
21944,592,17,0.64
21945,15012,11,0.63
21946,23928,16,0.7
21947,14809,18,0.89
21948,29698,1,0.44
21949,9521,19,0.88
21950,2762,7,0.2
21951,20110,3,0.47
21952,16742,15,0.32
21953,7747,5,0.4
21954,2924,4,0.15
21955,26430,14,0.23
21956,3553,5,0.44
21957,2140,2,0.58
21958,8066,8,0.54
21959,31299,19,0.07
21960,6131,14,0.83
21961,22747,19,0.49
21962,10680,13,0.17
21963,31316,6,0.62
21964,33513,10,0.7
21965,27147,3,0.34
21966,24845,8,0.79
21967,18200,13,0.67
21968,27060,12,0.94
21969,12600,13,0.43
21970,9756,6,0.04
21971,19706,9,0.57
21972,11921,13,0.91
21973,32131,5,0.27
21974,16958,16,0.43
21975,24455,2,0.98
21976,17742,2,0.83
21977,34668,11,0.69
21978,32810,1,0.25
21979,32406,16,0.96
21980,34396,16,0.41
21981,6261,2,0.03
21982,4417,18,0.98
21983,8732,3,0.64
21984,27147,1,0.75
21985,16979,12,0.32
21986,30125,9,0.39
21987,31590,12,0.59
21988,29461,16,0.58
21989,34742,19,0.87
21990,4511,13,0.79
21991,19305,7,0.78
21992,7927,5,0.23
21993,18385,14,0.16
21994,16527,19,0.95
21995,7565,3,0.25
21996,9084,11,0.38
21997,24257,9,0.18
21998,3088,10,0.08
21999,1390,4,0.84
22000,34694,14,0.75
22001,22533,19,0.99
22002,14683,16,0.84
22003,19365,8,0.15
22004,30451,10,0.76
22005,17940,1,0.98
22006,4937,12,0.28
22007,30576,17,0.72
22008,11350,9,0.33
22009,24216,4,0.17
22010,12187,12,0.4
22011,4322,7,0.96
22012,20534,2,0.54
22013,29719,15,0.79
22014,8073,16,0.95
22015,30314,14,0.28
22016,4058,10,0.97
22017,29237,4,0.38
22018,32885,2,0.77
22019,5684,11,0.5
22020,30550,18,0.86
22021,3043,3,0.92
22022,3658,13,0.29
22023,29895,3,0.82
22024,16496,2,0.84
22025,3157,11,0.94
22026,19785,3,0.96
22027,24119,15,0.89
22028,18556,18,0.24
22029,28468,11,0.62
22030,15332,8,0.64
22031,31811,10,0.16
22032,33486,5,0.13
22033,15758,14,0.4
22034,7439,15,0.44
22035,30619,5,0.46
22036,6940,16,0.17
22037,23233,9,0.0
22038,4131,16,0.62
22039,15021,9,0.97
22040,34293,8,0.32
22041,5179,15,0.66
22042,15778,5,0.73
22043,22301,13,0.79
22044,657,18,0.9
22045,7691,16,0.03
22046,25874,18,0.9
22047,266,9,0.41
22048,15533,19,0.15
22049,8311,14,0.83
22050,5750,7,0.41
22051,5617,19,0.62
22052,9018,14,0.37
22053,22868,7,0.93
22054,18665,6,0.07
22055,2916,18,0.48
22056,27647,1,0.95
22057,7177,4,0.03
22058,34097,7,0.77
22059,27199,13,0.83
22060,21417,15,0.8
22061,25899,16,0.25
22062,803,17,0.7
22063,23058,6,0.51
22064,34001,18,0.12
22065,28413,19,0.89
22066,3383,13,0.46
22067,15480,8,0.16
22068,22913,15,0.8
22069,15299,17,0.23
22070,23296,13,0.33
22071,5244,9,0.48
22072,7285,10,0.18
22073,32771,17,0.93
22074,25400,18,0.96
22075,32161,4,0.13
22076,858,18,0.02
22077,1958,11,0.2
22078,5840,11,0.86
22079,4819,10,0.46
22080,6418,3,0.03
22081,25310,3,0.7
22082,21547,3,0.26
22083,14805,18,0.7
22084,22686,11,0.53
22085,28034,9,0.73
22086,11993,12,0.47
22087,3826,4,0.09
22088,5361,11,0.31
22089,33902,12,0.56
22090,10709,1,0.63
22091,18208,6,0.48
22092,17955,16,0.52
22093,25534,18,0.77
22094,9120,13,0.88
22095,8669,4,0.19
22096,8669,11,0.66
22097,29857,9,0.8
22098,23328,15,0.54
22099,24742,8,0.56
22100,28655,17,0.71
22101,23235,18,0.16
22102,21959,4,0.83
22103,27256,10,0.77
22104,20273,19,0.04
22105,13870,8,0.45
22106,15680,6,0.87
22107,34723,8,0.94
22108,33238,3,0.15
22109,20376,4,0.8
22110,19794,8,0.69
22111,30465,10,0.22
22112,20349,3,0.01
22113,3465,5,0.34
22114,7215,10,0.95
22115,30887,13,0.41
22116,6100,1,0.22
22117,3556,14,0.33
22118,2336,9,0.94
22119,30527,19,0.35
22120,17877,10,0.3
22121,17584,15,0.89
22122,31552,3,0.96
22123,8570,7,0.35
22124,25995,7,0.41
22125,34155,16,0.61
22126,4509,6,0.96
22127,11981,13,0.5
22128,13045,11,0.65
22129,13692,5,0.76
22130,29115,16,0.87
22131,11265,10,0.35
22132,17041,17,0.68
22133,11665,9,0.39
22134,4849,1,0.17
22135,3121,18,0.44
22136,8943,12,0.22
22137,23657,11,0.24
22138,28978,1,0.18
22139,12789,4,0.92
22140,2322,11,0.93
22141,18123,11,0.66
22142,10466,9,0.19
22143,12817,16,0.83
22144,25627,16,0.52
22145,17971,6,0.61
22146,8800,13,0.07
22147,4042,3,0.04
22148,7045,3,0.53
22149,23215,5,0.12
22150,14900,15,0.65
22151,15691,10,0.19
22152,20004,17,0.4
22153,23108,6,0.27
22154,4323,18,0.45
22155,1190,14,0.73
22156,20564,15,0.04
22157,29415,9,0.27
22158,25773,17,0.1
22159,7111,8,0.9
22160,10951,11,0.63
22161,17786,9,0.92
22162,14308,2,0.79
22163,6659,16,0.59
22164,8673,16,0.45
22165,28676,11,0.79
22166,33313,10,0.97
22167,12276,8,0.7
22168,21613,2,0.43
22169,20929,12,0.24
22170,2740,8,0.99
22171,15685,19,0.95
22172,31458,11,0.03
22173,29908,4,0.38
22174,22352,8,0.27
22175,6376,15,0.45
22176,31984,18,0.64
22177,17651,15,0.16
22178,12739,14,0.97
22179,29012,18,0.67
22180,294,12,0.85
22181,31554,5,0.39
22182,31223,1,0.77
22183,33338,10,0.97
22184,8761,6,0.44
22185,203,4,0.5
22186,19133,4,0.71
22187,26546,14,0.63
22188,26374,2,0.46
22189,10451,12,0.31
22190,24278,17,0.61
22191,29507,8,0.94
22192,4219,19,0.74
22193,24803,1,0.23
22194,22131,4,0.04
22195,17440,12,0.19
22196,27079,7,0.24
22197,7643,10,0.02
22198,25780,2,0.75
22199,7731,11,0.76
22200,30665,2,0.3
22201,5376,1,0.41
22202,23712,15,0.02
22203,14489,9,0.64
22204,34712,16,0.04
22205,4668,18,0.64
22206,24037,18,0.43
22207,26652,4,0.02
22208,9321,18,0.71
22209,29450,5,0.16
22210,23862,6,0.62
22211,26863,18,0.21
22212,30776,12,0.69
22213,30894,1,0.21
22214,33673,7,0.63
22215,29625,5,0.95
22216,30867,10,0.57
22217,14790,6,0.39
22218,76,8,0.61
22219,4889,11,0.93
22220,26894,10,0.18
22221,17855,16,0.4
22222,1353,6,0.55
22223,3425,3,0.1
22224,25091,10,0.25
22225,24979,5,0.92
22226,16115,13,0.99
22227,24743,1,0.82
22228,17808,16,0.35
22229,17397,2,0.35
22230,30230,5,0.14
22231,5468,10,0.58
22232,8105,6,0.19
22233,33517,2,0.44
22234,16158,6,0.85
22235,8008,8,0.46
22236,2433,19,0.21
22237,25402,2,0.55
22238,25632,6,0.97
22239,8250,3,0.52
22240,26857,12,0.04
22241,34610,17,0.85
22242,4046,11,0.92
22243,29078,19,0.16
22244,26680,18,0.48
22245,31218,10,0.88
22246,18749,1,0.48
22247,32835,13,0.36
22248,8696,4,0.28
22249,16524,19,0.75
22250,16302,8,0.5
22251,33662,8,0.26
22252,19491,3,0.17
22253,20407,15,0.02
22254,25319,12,0.81
22255,18883,18,0.74
22256,18444,7,0.29
22257,2274,14,0.51
22258,110,1,0.75
22259,17162,17,0.67
22260,10761,1,0.98
22261,13906,2,0.47
22262,27171,5,0.64
22263,33085,12,0.64
22264,23690,14,0.29
22265,9555,11,0.01
22266,24383,17,0.32
22267,20624,12,0.09
22268,8545,12,0.39
22269,5467,11,0.15
22270,16097,16,0.08
22271,24085,9,0.75
22272,28285,19,0.63
22273,16544,1,0.97
22274,21181,3,0.63
22275,2459,1,0.4
22276,28579,6,0.8
22277,7197,17,0.04
22278,570,2,0.32
22279,23128,5,0.89
22280,4832,2,0.32
22281,33665,1,0.83
22282,14679,16,0.97
22283,23507,7,0.21
22284,33797,11,0.48
22285,6272,18,0.14
22286,18841,5,0.75
22287,12734,18,0.82
22288,24590,8,0.98
22289,25501,4,0.69
22290,17174,16,0.03
22291,31234,11,0.3
22292,23658,11,0.7
22293,31908,15,0.01
22294,11164,8,0.22
22295,27309,12,0.06
22296,34820,6,0.46
22297,16222,11,0.45
22298,15153,19,0.08
22299,17690,2,0.38
22300,4341,15,0.27
22301,27050,5,0.93
22302,13464,14,0.51
22303,32595,18,0.04
22304,19890,17,0.36
22305,15566,1,0.13
22306,5782,4,0.61
22307,24276,16,0.36
22308,31004,13,0.03
22309,32435,16,0.66
22310,5769,10,0.29
22311,11673,19,0.89
22312,21956,15,0.19
22313,17681,15,0.69
22314,2075,12,0.62
22315,22635,4,0.53
22316,21809,12,0.97
22317,5350,12,0.81
22318,28229,2,0.71
22319,31920,8,0.77
22320,24748,1,0.77
22321,23798,14,0.6
22322,20242,15,0.85
22323,21337,12,0.14
22324,19037,5,0.07
22325,12911,6,0.26
22326,19907,11,0.28
22327,24210,9,0.38
22328,19255,17,0.35
22329,32844,15,0.48
22330,20145,5,0.43
22331,6841,5,0.47
22332,1701,3,0.09
22333,11906,5,0.03
22334,20496,6,0.47
22335,18196,14,0.63
22336,20412,13,0.34
22337,30332,1,0.16
22338,12402,15,0.01
22339,966,13,0.75
22340,18444,14,0.21
22341,29155,19,0.96
22342,5945,12,0.16
22343,11296,19,0.44
22344,16768,5,0.86
22345,15068,18,0.14
22346,11114,10,0.5
22347,12742,6,0.82
22348,16709,19,0.19
22349,4312,14,0.81
22350,28280,14,0.1
22351,33784,10,0.92
22352,9687,17,0.35
22353,13100,9,0.48
22354,21975,14,0.08
22355,6432,8,0.18
22356,12829,15,0.31
22357,30697,10,0.01
22358,27076,2,0.17
22359,29728,6,0.56
22360,9919,8,0.11
22361,10061,18,0.94
22362,27110,3,0.13
22363,34273,8,0.06
22364,4871,4,0.67
22365,20664,6,0.81
22366,12340,19,0.82
22367,2149,17,0.09
22368,23090,4,0.06
22369,10864,5,0.98
22370,15678,12,0.72
22371,25746,16,0.97
22372,30220,18,0.69
22373,10004,9,0.18
22374,5761,13,0.71
22375,20812,15,0.46
22376,1110,8,0.3
22377,28853,17,0.07
22378,27833,8,0.55
22379,29451,16,0.26
22380,2103,9,0.6
22381,16569,4,0.71
22382,8599,2,0.88
22383,13413,13,0.7
22384,5429,11,0.42
22385,14735,3,0.47
22386,33255,5,0.68
22387,30554,6,0.46
22388,6512,12,0.78
22389,3033,4,0.76
22390,28479,9,0.75
22391,33773,7,0.47
22392,2555,14,0.9
22393,26674,17,0.72
22394,11278,16,0.42
22395,24120,6,0.54
22396,31088,8,1.0
22397,8013,3,0.17
22398,24768,12,0.47
22399,20475,3,0.54
22400,14808,14,0.75
22401,22079,1,0.42
22402,22737,8,0.95
22403,31107,11,0.11
22404,2513,11,0.22
22405,28686,2,0.8
22406,6344,16,0.76
22407,18318,10,0.29
22408,19533,10,0.17
22409,32383,1,0.48
22410,6180,10,0.66
22411,4027,1,0.17
22412,32546,5,0.12
22413,34880,10,0.95
22414,14475,3,0.44
22415,19480,16,0.43
22416,28841,12,0.39
22417,13726,15,0.65
22418,26562,9,0.76
22419,26657,7,0.0
22420,28258,1,0.76
22421,3828,16,0.52
22422,7323,5,0.92
22423,22774,10,0.65
22424,15152,4,0.08
22425,26890,19,0.16
22426,24561,5,0.73
22427,18034,1,0.36
22428,14711,6,0.09
22429,30259,2,0.31
22430,8732,8,0.03
22431,22668,18,0.66
22432,10619,3,0.97
22433,15587,7,0.09
22434,1998,6,0.06
22435,32893,7,0.36
22436,9228,5,0.74
22437,5005,19,0.3
22438,28849,12,0.88
22439,10877,12,0.38
22440,19839,7,0.91
22441,23166,8,0.67
22442,16371,8,0.5
22443,21073,14,0.56
22444,28762,12,0.22
22445,7554,15,0.19
22446,25574,2,0.77
22447,21605,2,0.36
22448,29656,6,0.36
22449,31762,15,0.49
22450,5734,9,0.73
22451,22154,19,0.31
22452,21447,8,0.72
22453,21997,17,0.43
22454,8364,5,0.33
22455,34472,17,0.98
22456,22833,12,0.67
22457,24176,3,0.63
22458,6311,2,0.48
22459,7936,7,0.58
22460,21340,1,0.06
22461,9343,8,0.38
22462,5300,16,0.51
22463,24959,1,0.14
22464,4452,15,0.72
22465,8991,7,0.62
22466,6754,18,0.92
22467,31170,5,0.66
22468,33061,17,0.67
22469,24382,7,0.21
22470,6504,6,0.03
22471,12524,8,0.18
22472,26246,3,0.81
22473,26690,16,0.39
22474,21181,15,0.56
22475,32570,4,0.45
22476,20001,13,0.52
22477,29648,10,0.98
22478,1486,10,0.58
22479,24545,13,0.87
22480,10451,6,0.25
22481,32955,17,0.95
22482,21351,9,0.47
22483,11384,10,0.74
22484,2498,9,0.39
22485,33750,14,0.95
22486,15122,2,0.51
22487,21711,4,0.9
22488,5364,13,0.34
22489,8959,7,0.13
22490,5247,1,0.09
22491,5548,6,0.03
22492,6866,15,0.5
22493,31727,11,0.14
22494,7856,16,0.59
22495,27110,13,0.59
22496,27138,10,0.16
22497,30552,12,0.14
22498,27302,2,0.77
22499,8514,18,0.83
22500,4144,11,0.4
22501,28893,9,0.03
22502,14120,14,0.94
22503,17542,5,0.43
22504,33550,5,0.86
22505,33874,5,0.38
22506,11704,13,0.52
22507,29139,16,0.64
22508,2650,4,0.04
22509,6410,11,0.53
22510,34930,18,0.95
22511,14088,9,0.21
22512,25339,14,0.56
22513,28394,8,0.57
22514,34126,9,0.56
22515,12016,19,0.95
22516,10795,3,0.48
22517,23133,8,0.24
22518,2041,17,0.6
22519,8406,2,0.14
22520,12920,6,0.25
22521,27735,1,0.33
22522,22649,16,0.42
22523,8899,13,0.56
22524,21948,7,0.87
22525,31170,7,0.94
22526,5674,16,0.1
22527,26236,8,0.21
22528,30750,11,0.17
22529,31033,9,0.18
22530,5790,3,0.39
22531,29208,3,0.31
22532,25868,16,0.97
22533,22405,6,0.55
22534,1739,18,0.7
22535,29239,5,0.17
22536,3605,17,0.57
22537,28891,14,0.93
22538,2163,17,0.92
22539,34196,2,0.93
22540,5169,16,0.46
22541,8822,3,0.98
22542,10462,6,0.62
22543,7483,9,0.56
22544,1840,4,0.14
22545,22342,16,0.6
22546,31281,1,0.52
22547,27467,10,0.31
22548,20338,4,0.69
22549,2997,15,0.7
22550,22127,7,0.2
22551,8834,17,0.1
22552,22236,9,0.88
22553,23672,10,0.27
22554,4494,3,0.42
22555,9188,4,0.74
22556,32168,10,0.77
22557,12628,5,0.0
22558,10947,6,0.72
22559,13223,13,0.19
22560,7728,15,0.73
22561,10037,10,0.56
22562,5060,1,0.27
22563,16185,6,0.64
22564,12046,10,0.31
22565,8634,6,0.24
22566,24161,16,0.56
22567,21122,14,0.94
22568,811,9,0.42
22569,619,4,0.55
22570,7653,14,0.6
22571,15806,14,0.69
22572,21484,6,0.19
22573,33062,18,0.13
22574,28884,14,0.22
22575,17878,16,0.04
22576,29223,14,0.74
22577,133,9,0.17
22578,23211,6,0.84
22579,12316,14,0.1
22580,26589,13,0.26
22581,21036,1,0.53
22582,16303,1,0.28
22583,9623,12,0.22
22584,29374,14,0.93
22585,11807,14,0.09
22586,12417,6,0.97
22587,31167,9,0.16
22588,30471,6,0.9
22589,6525,14,0.58
22590,1526,9,0.11
22591,28078,19,0.72
22592,27515,3,0.15
22593,445,15,0.27
22594,14958,14,0.5
22595,1550,16,0.81
22596,2959,1,0.34
22597,7358,9,0.84
22598,30652,3,0.33
22599,21690,11,0.79
22600,6131,5,0.35
22601,2449,1,0.32
22602,11068,8,0.24
22603,14739,14,0.48
22604,3278,15,0.15
22605,16022,14,0.16
22606,2104,14,0.1
22607,32623,2,0.94
22608,16120,16,0.46
22609,13032,5,0.82
22610,20180,9,0.89
22611,8478,7,0.62
22612,14804,19,0.84
22613,25982,12,0.26
22614,28886,11,0.84
22615,972,4,0.44
22616,18357,15,0.43
22617,4808,16,0.61
22618,1380,6,0.22
22619,16031,11,0.32
22620,14322,7,0.1
22621,5224,8,0.21
22622,24359,16,0.54
22623,4440,9,0.91
22624,9280,15,0.23
22625,31792,12,0.68
22626,22144,2,0.74
22627,18614,14,0.03
22628,7333,16,0.31
22629,13819,12,0.06
22630,10,4,0.54
22631,9746,5,0.49
22632,33475,14,0.92
22633,7393,3,0.75
22634,17289,8,0.58
22635,1963,5,0.71
22636,6757,3,0.19
22637,22955,9,0.16
22638,10449,11,0.99
22639,11192,4,0.67
22640,30793,14,0.21
22641,7734,7,0.0
22642,20882,10,0.12
22643,7018,8,0.15
22644,19831,11,0.17
22645,34026,7,0.46
22646,2630,13,0.05
22647,33384,15,0.96
22648,24510,1,0.31
22649,34451,11,0.91
22650,13541,18,0.44
22651,22152,9,0.0
22652,13019,17,0.74
22653,11030,2,0.46
22654,8145,9,0.96
22655,31229,2,0.54
22656,13231,16,0.65
22657,14486,18,0.88
22658,19737,1,0.17
22659,21879,19,0.65
22660,27093,12,0.72
22661,32974,10,0.21
22662,8936,8,0.54
22663,6936,17,0.46
22664,24088,5,0.13
22665,14794,16,0.92
22666,26841,6,0.1
22667,8955,11,0.95
22668,29139,7,0.05
22669,3991,19,0.16
22670,22657,19,0.05
22671,34895,4,0.86
22672,8625,7,0.19
22673,22788,18,0.57
22674,22322,18,0.1
22675,12304,2,0.15
22676,3684,17,0.07
22677,31835,7,0.51
22678,4908,8,0.03
22679,22257,8,0.21
22680,1704,19,0.27
22681,11633,11,0.68
22682,10200,19,0.96
22683,30033,16,0.1
22684,31992,13,0.99
22685,14616,13,0.1
22686,28372,7,0.32
22687,3443,7,0.73
22688,16536,15,0.37
22689,15914,10,0.74
22690,10724,16,0.16
22691,33587,15,0.55
22692,20141,2,0.15
22693,34576,13,0.39
22694,34657,6,0.29
22695,6241,11,0.99
22696,31160,7,0.44
22697,4233,10,0.83
22698,21537,13,0.57
22699,18725,11,0.76
22700,9527,13,0.24
22701,14901,12,0.84
22702,25455,1,0.99
22703,29171,13,0.02
22704,13441,10,0.11
22705,22099,17,0.47
22706,5621,6,0.89
22707,27341,15,0.36
22708,9225,7,0.64
22709,24073,11,0.46
22710,18346,8,0.79
22711,19934,14,0.34
22712,1162,5,0.83
22713,22981,2,0.18
22714,10463,12,0.13
22715,34003,10,0.44
22716,22781,3,0.06
22717,32364,12,0.46
22718,28582,18,0.95
22719,28290,15,0.36
22720,17340,17,0.08
22721,1509,12,0.49
22722,29020,9,0.89
22723,4919,2,0.95
22724,18096,2,0.6
22725,22780,18,0.52
22726,5279,11,0.08
22727,7315,5,0.28
22728,10191,15,0.22
22729,7433,11,0.37
22730,27332,7,0.78
22731,8336,6,0.5
22732,29605,5,0.36
22733,16266,13,0.08
22734,2531,19,0.19
22735,16079,3,0.71
22736,8450,2,0.86
22737,10314,9,0.51
22738,17754,10,0.83
22739,4292,15,0.64
22740,1423,1,0.12
22741,12097,10,0.51
22742,8919,18,0.46
22743,21681,11,0.75
22744,17444,18,0.99
22745,30962,15,0.08
22746,12105,11,0.12
22747,10705,12,0.2
22748,10689,9,0.51
22749,31395,4,0.22
22750,6567,19,0.45
22751,12010,3,0.06
22752,24848,2,0.53
22753,4197,13,0.26
22754,15778,10,0.67
22755,13284,5,0.58
22756,18662,5,0.16
22757,30611,17,0.81
22758,10629,4,0.83
22759,26309,15,0.9
22760,17575,16,0.85
22761,11242,2,0.07
22762,5223,3,0.54
22763,15514,13,0.97
22764,767,9,0.49
22765,24164,16,0.07
22766,33637,10,0.92
22767,15562,9,0.71
22768,24523,12,0.07
22769,1299,6,0.92
22770,30279,4,0.69
22771,32071,17,0.02
22772,2330,7,0.71
22773,23391,16,0.65
22774,9708,16,0.75
22775,31029,13,0.14
22776,1531,8,0.58
22777,30660,16,0.19
22778,28681,14,0.29
22779,21519,7,0.84
22780,21530,17,0.87
22781,27102,18,0.9
22782,13898,17,0.17
22783,21417,18,0.63
22784,4194,6,0.54
22785,20697,15,0.77
22786,17741,8,0.9
22787,18823,18,0.64
22788,14453,17,0.5
22789,16108,15,0.56
22790,17317,9,0.02
22791,7601,12,0.3
22792,22468,9,0.59
22793,30803,13,0.65
22794,31591,14,0.38
22795,9798,2,0.12
22796,24751,3,0.9
22797,1084,4,0.35
22798,12765,1,0.33
22799,6282,16,0.16
22800,5781,17,0.47
22801,28714,18,0.06
22802,26805,11,0.35
22803,23357,9,0.26
22804,17447,16,0.72
22805,26361,3,0.03
22806,23895,9,0.17
22807,25647,16,0.45
22808,2422,1,0.72
22809,17808,10,0.8
22810,8156,11,0.26
22811,28970,10,0.8
22812,8081,2,0.27
22813,9705,2,0.07
22814,29869,12,0.44
22815,33486,10,0.41
22816,31667,15,0.71
22817,460,11,0.8
22818,12148,10,0.28
22819,29970,19,0.98
22820,10340,5,0.63
22821,21054,14,0.08
22822,27702,13,0.22
22823,17706,15,0.58
22824,28552,3,0.74
22825,23490,19,0.78
22826,26627,8,0.26
22827,7759,16,0.82
22828,11708,16,0.7
22829,25958,9,0.66
22830,22540,17,0.4
22831,23767,16,0.6
22832,34027,4,0.24
22833,21958,11,0.46
22834,34827,13,0.41
22835,1147,11,0.31
22836,16514,4,0.89
22837,19682,19,0.81
22838,7215,9,0.11
22839,26154,4,0.23
22840,28012,3,0.28
22841,17500,7,0.78
22842,34356,18,0.54
22843,6626,16,0.73
22844,2811,15,0.69
22845,11737,8,0.28
22846,12809,3,0.96
22847,12582,10,0.67
22848,31180,2,0.86
22849,28631,14,0.36
22850,259,11,0.5
22851,22456,2,0.86
22852,22606,5,0.41
22853,22896,10,0.32
22854,762,13,0.45
22855,33033,9,0.04
22856,10247,13,0.17
22857,17477,9,0.17
22858,20538,17,0.98
22859,33575,16,0.83
22860,33472,6,0.3
22861,6146,11,0.44
22862,18208,4,1.0
22863,28536,6,0.88
22864,3946,13,0.61
22865,15885,11,0.85
22866,7623,19,0.71
22867,17966,6,0.21
22868,5659,6,0.61
22869,24111,1,0.32
22870,23004,8,0.5
22871,7813,12,0.56
22872,8166,17,0.82
22873,25849,2,0.55
22874,15497,1,0.82
22875,30711,11,0.63
22876,24784,3,0.52
22877,7044,19,0.25
22878,19329,8,0.06
22879,31365,13,0.93
22880,10028,17,0.82
22881,27025,3,0.31
22882,22849,6,0.68
22883,27371,18,0.89
22884,3950,5,0.58
22885,4635,1,0.86
22886,17435,4,0.12
22887,22657,4,0.73
22888,20776,1,0.71
22889,12239,14,0.11
22890,24441,13,0.9
22891,31355,16,0.06
22892,33123,6,0.04
22893,20611,12,0.85
22894,14330,10,0.34
22895,3505,3,0.77
22896,22808,15,0.82
22897,14018,8,0.38
22898,603,18,0.35
22899,31998,13,0.05
22900,11458,9,0.55
22901,8916,11,0.03
22902,24924,3,0.8
22903,25329,1,0.89
22904,11824,15,0.99
22905,536,7,0.96
22906,31941,13,0.45
22907,34106,16,0.78
22908,18064,6,0.27
22909,9858,14,0.43
22910,9258,3,0.35
22911,8287,9,0.17
22912,20453,9,0.67
22913,18307,17,0.44
22914,28997,15,0.76
22915,2442,15,0.66
22916,24022,5,0.86
22917,20032,11,0.16
22918,34434,17,0.94
22919,18542,16,0.89
22920,8233,4,0.3
22921,155,13,0.27
22922,4226,6,0.48
22923,9183,5,0.8
22924,31333,11,0.47
22925,34975,14,0.67
22926,3136,14,0.77
22927,31472,17,0.35
22928,3825,14,0.86
22929,27098,5,0.24
22930,18134,10,0.27
22931,27311,9,0.97
22932,15474,6,0.38
22933,4484,15,0.54
22934,34514,4,0.82
22935,12463,8,0.65
22936,30707,18,0.71
22937,4353,17,0.83
22938,27569,3,0.12
22939,13115,13,0.49
22940,13843,12,0.82
22941,17411,14,0.65
22942,30297,17,0.98
22943,13640,13,0.1
22944,28340,9,0.86
22945,25145,7,0.16
22946,20970,3,0.39
22947,15465,18,0.93
22948,31287,7,0.11
22949,1004,15,0.03
22950,28633,19,1.0
22951,4761,16,0.78
22952,22708,12,0.22
22953,3096,12,0.46
22954,1714,5,0.72
22955,11038,11,0.75
22956,34361,8,0.63
22957,20592,16,0.34
22958,26713,4,0.42
22959,17881,14,0.39
22960,11543,12,0.37
22961,14393,16,0.8
22962,7974,13,0.82
22963,27057,8,0.84
22964,19034,16,0.38
22965,33498,6,0.53
22966,666,11,0.8
22967,34487,2,0.58
22968,34207,15,0.01
22969,21068,3,0.67
22970,5295,18,0.61
22971,13345,16,0.25
22972,24710,15,0.31
22973,24982,5,0.91
22974,6557,3,0.61
22975,10591,15,0.94
22976,2589,6,0.03
22977,14112,2,0.85
22978,31883,18,0.59
22979,15197,11,0.93
22980,17631,19,0.72
22981,11064,14,0.97
22982,3404,9,0.22
22983,32665,5,0.94
22984,34127,2,0.41
22985,16041,7,0.04
22986,26989,16,0.9
22987,23427,2,0.99
22988,32890,16,0.67
22989,9446,14,0.81
22990,24117,15,0.14
22991,23242,4,0.88
22992,19931,19,0.12
22993,13475,6,0.42
22994,33880,8,0.31
22995,22715,1,0.23
22996,32988,3,0.99
22997,9130,8,0.74
22998,30575,7,0.56
22999,21902,8,0.12
23000,4093,13,0.69
23001,16268,3,0.5
23002,12879,18,0.46
23003,16639,9,0.16
23004,14004,18,0.23
23005,20988,7,0.52
23006,9846,8,0.76
23007,18633,1,0.49
23008,7766,10,0.34
23009,6017,2,0.69
23010,6947,15,0.47
23011,32240,4,0.05
23012,29324,15,0.7
23013,30629,9,0.79
23014,1725,16,0.05
23015,12374,3,0.17
23016,7196,17,0.44
23017,32890,10,0.11
23018,9938,1,0.41
23019,3320,18,0.24
23020,10772,4,0.07
23021,14906,10,0.67
23022,707,4,0.02
23023,13059,17,0.54
23024,30240,14,0.62
23025,20850,6,0.3
23026,22284,13,0.62
23027,7197,15,0.64
23028,11621,16,0.98
23029,30245,14,0.94
23030,22886,5,0.07
23031,16747,11,0.71
23032,21835,12,0.29
23033,27662,17,0.36
23034,17528,15,0.8
23035,28054,7,0.42
23036,4732,6,0.3
23037,32020,8,0.33
23038,24595,18,0.57
23039,31210,19,0.52
23040,24075,16,0.09
23041,26648,4,0.43
23042,18867,10,0.93
23043,6717,2,0.75
23044,26587,14,0.2
23045,15579,10,0.46
23046,11028,14,0.6
23047,7011,13,0.99
23048,29703,6,0.83
23049,27045,7,0.31
23050,11785,4,0.77
23051,15383,12,0.84
23052,7406,5,0.24
23053,3366,9,0.97
23054,2048,17,0.14
23055,12189,19,0.02
23056,7486,15,0.62
23057,8993,3,0.62
23058,31864,8,0.88
23059,28537,7,0.05
23060,18385,13,0.86
23061,27145,8,0.91
23062,3663,1,0.21
23063,12240,12,0.97
23064,306,15,0.06
23065,28543,17,0.0
23066,2757,8,0.81
23067,236,1,0.7
23068,26345,17,0.39
23069,27764,9,0.62
23070,32383,4,0.34
23071,26708,2,0.03
23072,9587,19,0.8
23073,32150,3,0.19
23074,15876,8,0.35
23075,28033,4,0.93
23076,6353,1,0.21
23077,8691,14,0.17
23078,692,3,0.06
23079,18079,1,0.53
23080,17289,13,0.46
23081,9073,14,0.81
23082,30561,15,0.67
23083,12933,4,0.1
23084,12803,12,0.23
23085,25838,14,0.32
23086,4033,13,0.42
23087,5408,3,0.41
23088,16926,2,0.99
23089,18541,15,0.99
23090,14727,7,0.03
23091,10127,6,0.19
23092,22518,6,0.11
23093,9457,10,0.26
23094,5799,4,0.11
23095,19511,4,0.54
23096,25975,1,0.96
23097,17439,19,0.32
23098,822,19,0.32
23099,17951,1,0.25
23100,18768,17,0.36
23101,3260,13,0.23
23102,14644,14,0.15
23103,1968,1,0.38
23104,12307,8,0.14
23105,13812,1,0.58
23106,16822,5,0.91
23107,14742,16,0.06
23108,26056,6,0.37
23109,24570,7,0.12
23110,21537,12,0.29
23111,34400,18,0.39
23112,34074,8,0.61
23113,27481,9,0.03
23114,14038,2,0.58
23115,2660,17,0.32
23116,2938,16,0.22
23117,16971,11,0.83
23118,17044,3,0.93
23119,21924,8,0.92
23120,5495,14,0.56
23121,4329,1,0.96
23122,10692,3,0.16
23123,9754,1,0.99
23124,17810,4,0.8
23125,30262,14,0.62
23126,15255,15,0.93
23127,8719,18,0.15
23128,4011,15,0.61
23129,18977,10,0.33
23130,12974,11,0.42
23131,11351,16,0.65
23132,23161,15,0.88
23133,18715,15,0.14
23134,32149,17,0.5
23135,5454,4,0.75
23136,26751,2,0.2
23137,6468,10,0.79
23138,33140,3,0.26
23139,17631,10,0.32
23140,5520,3,0.17
23141,2689,12,0.59
23142,6492,7,0.1
23143,22531,11,0.81
23144,28531,5,0.82
23145,10271,19,0.05
23146,15549,7,0.9
23147,31913,2,0.5
23148,23324,3,0.08
23149,12060,8,0.84
23150,30434,18,0.99
23151,3802,19,0.77
23152,16221,10,0.6
23153,7213,4,0.08
23154,12504,16,0.63
23155,26881,16,0.53
23156,5579,17,0.96
23157,3739,2,0.62
23158,10860,7,0.0
23159,1988,17,0.43
23160,699,4,0.13
23161,17330,17,0.11
23162,15650,7,0.01
23163,11685,8,0.17
23164,7148,14,0.68
23165,31355,13,0.74
23166,31035,7,0.23
23167,1056,15,0.66
23168,763,9,0.25
23169,7053,8,0.37
23170,5332,13,0.38
23171,23707,14,0.46
23172,11281,10,0.2
23173,17718,13,0.28
23174,22663,17,0.7
23175,8175,13,0.18
23176,8033,2,0.97
23177,11637,10,0.79
23178,7040,8,0.54
23179,27142,16,0.65
23180,17576,3,0.22
23181,19828,16,0.39
23182,5987,10,0.37
23183,31601,5,0.64
23184,29058,11,0.31
23185,4251,17,0.66
23186,26841,16,0.11
23187,12638,14,0.88
23188,32935,1,0.7
23189,25251,17,0.15
23190,21769,14,0.17
23191,26285,15,0.07
23192,20653,15,0.56
23193,24302,8,0.25
23194,14309,18,0.27
23195,34060,7,0.71
23196,202,10,0.91
23197,19394,18,0.89
23198,2898,13,0.74
23199,8720,8,0.07
23200,31769,1,0.17
23201,10490,17,0.46
23202,19848,6,0.64
23203,34796,18,0.01
23204,24361,1,0.16
23205,2189,6,0.8
23206,31722,3,0.34
23207,8359,14,0.38
23208,34352,11,0.84
23209,7678,12,0.11
23210,7244,8,0.08
23211,6337,3,0.34
23212,13657,4,0.32
23213,33278,10,0.22
23214,5205,5,0.85
23215,11443,1,0.92
23216,19856,12,0.64
23217,13695,6,0.1
23218,17317,11,0.45
23219,22642,15,0.46
23220,3614,13,0.78
23221,32117,8,0.6
23222,31738,6,0.5
23223,5933,11,0.35
23224,10618,11,0.49
23225,25487,10,0.48
23226,11062,6,0.81
23227,12671,8,0.7
23228,17551,10,0.2
23229,33974,16,0.68
23230,8740,14,0.5
23231,19977,5,0.77
23232,13649,12,0.69
23233,15254,14,0.79
23234,9418,1,0.29
23235,20249,1,0.04
23236,11197,17,0.11
23237,30542,13,0.24
23238,23847,19,0.33
23239,25616,16,0.55
23240,12741,17,0.35
23241,9003,3,0.03
23242,10230,6,0.7
23243,16849,4,0.27
23244,536,19,0.85
23245,14611,2,0.68
23246,11448,11,0.39
23247,9602,17,0.44
23248,27878,4,0.78
23249,34906,6,0.71
23250,20402,11,0.71
23251,7618,16,0.41
23252,7927,9,0.11
23253,14880,5,0.28
23254,17352,7,0.47
23255,26513,19,0.89
23256,29063,8,0.93
23257,1131,19,0.55
23258,33318,14,0.26
23259,12257,14,0.75
23260,6728,15,0.51
23261,14857,17,0.83
23262,28945,1,0.67
23263,9888,15,0.17
23264,17744,4,0.32
23265,16527,11,0.6
23266,28565,19,0.38
23267,26908,8,0.72
23268,23410,5,0.4
23269,14475,6,0.59
23270,34286,2,0.59
23271,24022,1,0.71
23272,14987,8,0.85
23273,23010,17,0.12
23274,16505,18,0.79
23275,21792,2,0.81
23276,12678,4,0.93
23277,31376,19,0.85
23278,7291,4,0.94
23279,755,3,0.79
23280,11685,11,0.46
23281,8098,12,0.38
23282,6690,5,0.52
23283,1685,18,0.74
23284,17730,11,0.2
23285,33620,3,0.32
23286,10321,14,0.76
23287,22380,9,0.29
23288,33698,15,0.61
23289,24770,10,0.82
23290,29947,13,0.37
23291,20706,4,0.84
23292,28172,15,0.66
23293,10889,3,0.6
23294,28409,5,0.96
23295,5539,2,0.73
23296,2080,19,0.73
23297,23758,10,0.0
23298,14363,11,0.91
23299,2427,9,0.29
23300,26053,12,0.75
23301,28212,9,0.88
23302,6997,7,0.07
23303,23303,18,0.15
23304,31863,19,0.18
23305,3339,4,0.17
23306,27928,12,0.8
23307,16730,12,0.16
23308,12488,15,0.95
23309,31887,4,0.47
23310,8869,19,0.95
23311,29252,17,0.64
23312,28560,1,0.73
23313,33989,10,0.64
23314,14018,1,0.89
23315,11198,16,0.25
23316,12185,7,0.37
23317,27617,1,0.92
23318,5612,12,0.5
23319,3387,6,0.72
23320,29405,9,0.8
23321,28947,1,0.12
23322,33000,15,0.49
23323,30299,2,0.69
23324,6621,1,0.39
23325,129,19,0.44
23326,21076,19,0.78
23327,16454,10,0.11
23328,33198,1,0.72
23329,34835,6,0.32
23330,33060,4,0.27
23331,28521,9,0.48
23332,32244,6,0.06
23333,12959,7,0.96
23334,963,9,0.07
23335,21377,19,0.31
23336,7311,10,0.23
23337,19147,8,0.02
23338,17315,14,0.34
23339,6725,12,0.79
23340,25525,9,0.82
23341,23770,4,0.04
23342,1994,7,0.28
23343,20775,3,0.69
23344,3485,1,0.24
23345,19716,18,0.69
23346,21804,10,0.1
23347,9368,7,0.61
23348,30423,10,0.08
23349,24532,2,0.94
23350,14630,18,0.2
23351,34257,13,0.9
23352,9159,5,0.95
23353,27296,18,0.27
23354,10967,5,0.38
23355,19685,3,0.93
23356,31176,16,0.08
23357,12962,2,0.48
23358,34694,10,0.46
23359,20440,10,0.12
23360,12961,2,0.33
23361,25144,14,0.14
23362,1147,10,0.61
23363,28319,17,0.81
23364,13751,17,0.87
23365,32513,8,0.56
23366,10759,7,0.96
23367,24021,19,0.69
23368,25792,17,0.06
23369,24144,18,0.9
23370,13440,13,0.79
23371,9977,2,0.9
23372,10730,12,0.44
23373,33607,5,1.0
23374,22590,5,0.69
23375,26421,13,0.11
23376,23882,1,0.64
23377,32469,11,0.45
23378,6724,6,0.88
23379,24178,18,0.99
23380,28301,16,0.6
23381,95,5,0.61
23382,28542,16,0.49
23383,4166,7,0.63
23384,6717,5,0.85
23385,24900,5,1.0
23386,34942,15,0.6
23387,5006,9,0.5
23388,4351,16,0.74
23389,20307,16,0.54
23390,25156,18,0.63
23391,21888,4,0.04
23392,10013,7,0.06
23393,18379,18,0.8
23394,1045,6,0.16
23395,7599,4,0.93
23396,9647,8,0.04
23397,14016,3,0.3
23398,1928,18,0.3
23399,17400,6,0.12
23400,12812,16,0.68
23401,30160,1,0.42
23402,9676,19,0.58
23403,32876,19,0.99
23404,29029,4,0.54
23405,32790,1,0.58
23406,8032,5,0.1
23407,17856,19,0.27
23408,10270,9,0.88
23409,24806,13,0.18
23410,551,19,0.63
23411,19116,13,0.39
23412,3310,8,0.19
23413,16570,16,0.41
23414,16924,3,0.3
23415,652,4,0.97
23416,24783,13,0.99
23417,4376,15,0.28
23418,31695,1,0.01
23419,4672,17,0.47
23420,28065,15,0.05
23421,202,2,0.05
23422,9138,4,0.13
23423,4862,1,0.3
23424,5086,18,0.15
23425,16825,13,0.37
23426,32241,2,0.69
23427,31954,13,0.68
23428,31643,11,0.33
23429,13901,10,0.67
23430,17744,3,0.91
23431,27617,6,0.58
23432,32951,7,0.81
23433,4720,2,0.42
23434,15464,4,0.53
23435,17547,13,0.2
23436,20099,19,0.2
23437,32305,13,0.04
23438,21446,3,0.44
23439,4104,2,0.08
23440,3544,14,0.41
23441,16612,11,0.3
23442,17374,3,0.2
23443,3443,6,0.41
23444,11804,14,0.13
23445,22460,12,0.6
23446,32912,12,0.56
23447,30143,13,0.49
23448,14907,11,1.0
23449,5971,14,0.06
23450,21707,3,0.85
23451,3118,8,0.71
23452,33974,13,0.33
23453,22288,5,0.42
23454,25086,12,0.34
23455,20581,15,0.08
23456,20962,15,0.93
23457,14,3,0.29
23458,15736,2,0.09
23459,17878,6,0.09
23460,1198,5,0.58
23461,5680,17,0.42
23462,27446,8,0.11
23463,24895,17,0.02
23464,17831,1,0.15
23465,16997,5,0.69
23466,33978,11,0.87
23467,17483,1,0.61
23468,26914,4,0.19
23469,30187,2,0.39
23470,4936,10,0.89
23471,25723,3,0.93
23472,17576,19,0.22
23473,6357,4,0.08
23474,25257,1,0.27
23475,17815,15,0.07
23476,9548,1,0.73
23477,1831,17,0.26
23478,34197,18,0.94
23479,31357,9,0.82
23480,34996,17,0.88
23481,2745,1,0.26
23482,22327,1,0.99
23483,7141,9,0.33
23484,34473,7,0.02
23485,8175,1,0.09
23486,18739,14,0.88
23487,16665,7,0.37
23488,3472,19,0.35
23489,17999,17,0.82
23490,26912,10,0.7
23491,1608,1,0.87
23492,4988,11,0.25
23493,23334,2,0.31
23494,29463,19,0.2
23495,6871,17,0.83
23496,22665,14,0.85
23497,22165,18,0.74
23498,5380,6,0.64
23499,34245,18,0.56
23500,27617,4,0.01
23501,11508,3,0.93
23502,29862,7,0.09
23503,26722,1,0.08
23504,32435,10,0.86
23505,5869,18,0.95
23506,24595,8,0.61
23507,13853,15,0.37
23508,7507,10,0.01
23509,24018,6,0.16
23510,25205,6,0.28
23511,20115,14,0.45
23512,665,12,0.5
23513,13577,5,0.5
23514,13805,4,0.6
23515,5856,9,0.63
23516,8568,9,0.87
23517,10782,19,0.56
23518,9652,8,0.7
23519,5830,7,0.82
23520,23760,6,0.11
23521,31676,1,0.41
23522,9149,18,0.31
23523,3961,7,0.8
23524,7733,5,0.92
23525,34669,9,0.93
23526,27289,13,0.95
23527,13685,13,0.34
23528,11795,12,0.12
23529,21707,6,0.68
23530,12653,14,0.72
23531,25270,11,0.07
23532,33721,5,0.91
23533,10118,7,0.42
23534,26859,10,0.92
23535,21644,14,0.48
23536,3476,3,0.04
23537,11344,14,0.85
23538,14709,2,0.22
23539,5162,16,0.37
23540,31617,5,0.29
23541,29577,13,0.16
23542,3328,1,0.86
23543,27011,2,0.41
23544,30404,4,0.39
23545,24605,13,0.24
23546,16914,2,0.11
23547,33347,9,0.82
23548,27157,7,0.75
23549,3118,3,0.53
23550,31797,1,0.18
23551,31648,10,0.5
23552,1448,15,0.76
23553,11443,14,0.26
23554,11048,6,0.44
23555,9270,3,0.95
23556,25565,14,0.44
23557,13521,9,0.33
23558,33029,10,0.59
23559,10749,10,0.85
23560,156,12,0.21
23561,33086,2,0.21
23562,24341,19,0.56
23563,19306,3,0.27
23564,20021,14,0.88
23565,20377,17,0.18
23566,22711,16,0.61
23567,17189,4,0.04
23568,19526,9,0.94
23569,13498,11,0.01
23570,34714,11,0.47
23571,6489,6,0.36
23572,24273,1,0.39
23573,25355,3,0.13
23574,13417,14,0.8
23575,34808,4,0.91
23576,7874,1,0.67
23577,20835,5,0.33
23578,23727,16,0.17
23579,4766,14,0.6
23580,1478,15,0.43
23581,32574,12,0.93
23582,22413,8,0.27
23583,23885,17,0.53
23584,4581,18,0.65
23585,29031,10,0.0
23586,34501,8,0.03
23587,22939,11,0.45
23588,16551,12,0.95
23589,16710,13,0.6
23590,24228,13,0.59
23591,7759,5,0.57
23592,23021,1,0.58
23593,5334,18,0.76
23594,18403,5,0.8
23595,3621,15,0.47
23596,20440,18,0.05
23597,31865,1,0.66
23598,2657,5,0.64
23599,22649,16,0.86
23600,27399,14,0.75
23601,23786,4,0.41
23602,14127,4,0.66
23603,8387,1,0.1
23604,13196,11,0.15
23605,28970,6,0.77
23606,1819,8,0.16
23607,26425,9,0.4
23608,34608,5,0.35
23609,30413,11,0.1
23610,18269,7,0.68
23611,5528,14,0.83
23612,19409,5,0.06
23613,15290,2,0.77
23614,23634,13,0.14
23615,33082,4,0.7
23616,10165,10,0.84
23617,33889,8,0.03
23618,19294,1,0.56
23619,545,2,0.41
23620,996,16,0.85
23621,34289,15,0.73
23622,6466,13,0.65
23623,14679,4,0.42
23624,34866,6,0.94
23625,1229,14,0.77
23626,8456,12,0.38
23627,7358,4,0.71
23628,10005,4,0.97
23629,19685,9,0.14
23630,1136,14,0.13
23631,32813,6,0.12
23632,27027,6,0.78
23633,32961,15,0.45
23634,7564,1,0.25
23635,8890,7,0.19
23636,22310,18,0.16
23637,21200,6,0.29
23638,4988,16,0.97
23639,8656,1,0.33
23640,4767,10,0.04
23641,18979,6,0.26
23642,24382,15,0.48
23643,15473,9,0.36
23644,11925,12,0.92
23645,6039,6,0.71
23646,33830,13,0.84
23647,30747,18,0.97
23648,11934,18,0.73
23649,33460,16,0.99
23650,9231,1,0.36
23651,25856,1,0.56
23652,11098,18,0.46
23653,7509,10,0.27
23654,8445,17,0.26
23655,15683,3,0.25
23656,20147,10,0.62
23657,29403,17,0.91
23658,7569,5,0.48
23659,13135,19,0.13
23660,15353,10,0.4
23661,34112,8,0.71
23662,31751,5,0.01
23663,20431,18,0.86
23664,4343,15,0.33
23665,34469,14,0.1
23666,10205,5,0.07
23667,27090,10,0.35
23668,1996,14,0.91
23669,33758,8,0.4
23670,11095,15,0.02
23671,1373,3,0.92
23672,16596,10,0.91
23673,32963,2,0.58
23674,4498,9,0.25
23675,31131,7,0.86
23676,22214,7,0.13
23677,16994,6,0.15
23678,29249,11,0.55
23679,24790,2,0.27
23680,26639,14,0.47
23681,19848,12,0.21
23682,30567,1,0.43
23683,25997,1,0.81
23684,23075,10,0.73
23685,5814,5,0.67
23686,33598,10,0.89
23687,23060,11,0.5
23688,29174,18,0.57
23689,4049,12,0.69
23690,26565,3,0.78
23691,10614,4,0.77
23692,19875,9,0.82
23693,4318,4,0.87
23694,13069,3,0.84
23695,12110,14,0.76
23696,944,5,0.2
23697,34658,17,0.59
23698,4378,17,0.66
23699,33369,4,0.46
23700,24629,18,0.62
23701,2411,10,0.02
23702,32788,17,0.38
23703,21068,6,0.34
23704,16311,18,0.97
23705,10285,12,0.55
23706,25803,19,1.0
23707,21206,2,0.89
23708,16090,1,0.55
23709,22685,8,0.09
23710,31923,2,0.14
23711,24581,11,0.88
23712,14874,3,0.07
23713,27109,3,0.02
23714,25143,11,0.37
23715,33825,18,0.4
23716,5865,4,0.29
23717,24639,11,0.41
23718,20105,1,0.82
23719,21631,14,0.33
23720,23689,6,0.5
23721,11487,5,0.68
23722,9956,4,0.15
23723,22947,13,0.16
23724,8465,10,0.81
23725,6483,15,1.0
23726,22094,11,0.81
23727,26612,2,0.39
23728,21893,9,0.23
23729,19783,19,0.31
23730,7764,4,0.54
23731,6959,18,0.3
23732,781,17,0.63
23733,1756,2,0.77
23734,28528,8,0.17
23735,34533,14,0.77
23736,9079,14,0.98
23737,28559,12,0.23
23738,26129,13,0.82
23739,18006,10,0.28
23740,24394,5,0.97
23741,16916,6,0.83
23742,28558,1,0.05
23743,25617,1,0.49
23744,23611,11,0.17
23745,4541,9,0.31
23746,10558,17,0.31
23747,31777,17,0.73
23748,34672,10,0.2
23749,31911,5,0.26
23750,24497,1,0.22
23751,19729,19,0.07
23752,7528,19,0.49
23753,30752,4,0.74
23754,19083,3,0.37
23755,6661,9,0.96
23756,33820,16,0.84
23757,31115,14,0.86
23758,25108,10,0.93
23759,2402,13,0.57
23760,32572,1,0.19
23761,19714,14,0.78
23762,3962,5,0.49
23763,6280,2,0.73
23764,18142,10,0.65
23765,22646,6,0.23
23766,15426,11,0.05
23767,12376,7,0.9
23768,18284,2,0.61
23769,17617,12,0.53
23770,979,19,0.56
23771,22770,4,0.04
23772,13916,18,0.88
23773,2550,5,0.37
23774,34534,12,0.47
23775,21710,2,0.44
23776,19442,7,0.83
23777,29722,14,0.27
23778,7087,14,0.8
23779,24564,7,0.55
23780,26766,12,0.64
23781,28123,15,0.75
23782,5165,15,0.93
23783,33784,8,0.84
23784,14925,10,0.38
23785,7717,7,0.93
23786,11248,14,0.78
23787,22121,19,0.13
23788,11265,5,0.48
23789,19118,17,0.87
23790,2484,10,0.9
23791,32622,14,0.19
23792,20707,4,0.67
23793,26910,15,0.55
23794,32578,16,0.08
23795,29728,16,0.21
23796,24272,8,0.9
23797,14243,11,0.5
23798,26245,3,0.95
23799,4456,15,0.34
23800,24154,16,0.06
23801,11142,2,0.86
23802,29086,7,0.42
23803,2593,12,0.93
23804,2825,2,0.53
23805,7731,15,0.71
23806,30895,9,0.82
23807,14139,2,0.49
23808,3297,1,0.93
23809,34081,9,0.89
23810,15731,18,0.19
23811,188,18,0.72
23812,5646,16,0.98
23813,21602,10,0.36
23814,29361,7,0.56
23815,23812,9,0.68
23816,1858,1,0.81
23817,26540,10,0.24
23818,6684,4,0.57
23819,2764,2,0.23
23820,26576,14,0.07
23821,23235,1,0.77
23822,768,9,0.38
23823,1204,13,0.96
23824,2789,4,0.84
23825,17641,5,0.57
23826,30750,16,0.83
23827,1354,3,0.14
23828,18801,8,1.0
23829,22896,3,0.09
23830,26072,14,0.37
23831,4996,9,0.73
23832,8725,12,0.08
23833,19564,1,0.43
23834,2188,15,0.57
23835,12953,13,0.46
23836,11668,12,0.92
23837,3006,16,0.06
23838,28348,11,0.69
23839,3830,3,0.81
23840,24866,18,0.31
23841,25304,4,0.28
23842,6976,14,0.11
23843,23402,12,0.87
23844,27045,2,0.15
23845,1684,16,0.03
23846,7177,3,0.41
23847,16623,12,0.13
23848,9508,19,0.52
23849,23141,19,0.98
23850,17807,18,0.31
23851,7262,9,0.63
23852,23035,18,0.68
23853,19717,1,0.45
23854,1061,17,0.6
23855,21544,13,0.54
23856,29642,14,0.36
23857,24535,13,0.09
23858,28650,12,0.13
23859,28177,1,0.39
23860,24713,5,0.86
23861,26561,15,0.66
23862,15584,19,0.62
23863,24609,4,0.26
23864,8601,14,0.55
23865,5620,8,0.47
23866,15026,16,0.52
23867,4587,4,0.25
23868,21141,1,0.05
23869,3928,9,0.09
23870,23226,5,0.45
23871,33876,17,0.58
23872,20646,19,0.71
23873,22909,3,0.7
23874,26917,7,0.08
23875,4851,4,0.93
23876,24316,17,0.32
23877,15760,6,0.83
23878,18887,18,0.35
23879,1403,7,0.6
23880,22281,18,0.71
23881,26930,7,0.09
23882,9846,17,0.34
23883,25261,2,0.79
23884,2667,5,0.55
23885,13936,3,0.81
23886,8541,11,0.2
23887,15856,1,0.17
23888,18213,15,0.35
23889,29921,17,0.02
23890,22564,10,0.94
23891,33702,8,0.7
23892,29059,10,0.4
23893,5762,16,0.09
23894,21741,9,0.09
23895,4074,1,0.78
23896,12132,16,0.58
23897,34028,4,0.51
23898,25149,15,0.46
23899,34070,13,0.9
23900,29599,9,0.86
23901,11673,11,0.7
23902,31875,7,0.27
23903,28527,13,0.52
23904,23541,13,0.8
23905,9343,9,0.82
23906,10638,12,0.09
23907,314,13,0.51
23908,12739,14,0.25
23909,27252,4,0.34
23910,11411,13,0.75
23911,24089,7,0.57
23912,20706,16,0.12
23913,2375,9,0.27
23914,1021,3,0.53
23915,24830,15,0.13
23916,15461,5,0.38
23917,22295,13,0.37
23918,8593,8,0.04
23919,29460,16,0.09
23920,23660,17,0.16
23921,7001,10,0.32
23922,30612,1,0.97
23923,27870,15,0.4
23924,1065,18,0.46
23925,3456,13,0.1
23926,28095,10,0.17
23927,2668,18,0.24
23928,10840,9,0.29
23929,2778,19,0.59
23930,32192,10,0.77
23931,26816,15,0.73
23932,7600,7,0.22
23933,25518,9,0.25
23934,31071,19,0.29
23935,1202,6,0.45
23936,21546,10,0.97
23937,11545,6,0.93
23938,19821,9,0.8
23939,4995,5,0.08
23940,33765,10,0.13
23941,34335,16,0.07
23942,23932,1,0.29
23943,26723,7,0.8
23944,34075,14,0.06
23945,16693,16,0.54
23946,5575,12,0.34
23947,22424,1,0.52
23948,34817,9,0.8
23949,31725,15,0.67
23950,15307,5,0.51
23951,18489,3,0.34
23952,13938,14,0.95
23953,24485,10,0.04
23954,850,8,0.94
23955,25432,11,0.73
23956,3076,14,0.64
23957,13983,19,0.18
23958,15408,13,0.35
23959,17906,8,0.98
23960,8388,12,0.98
23961,11706,3,0.63
23962,20103,2,0.93
23963,28311,3,0.98
23964,18304,13,0.64
23965,30636,13,0.61
23966,13012,19,0.47
23967,15575,9,0.82
23968,13670,9,0.39
23969,25110,7,0.74
23970,15018,17,0.01
23971,22511,2,0.34
23972,22005,7,0.92
23973,30724,13,0.91
23974,30839,12,0.14
23975,804,18,0.94
23976,13750,9,0.03
23977,25405,17,0.12
23978,7950,2,0.86
23979,28965,2,0.49
23980,21628,4,0.82
23981,4300,13,0.66
23982,23808,8,0.32
23983,1486,17,0.03
23984,9290,17,0.68
23985,16093,2,0.14
23986,4201,10,0.97
23987,27727,11,0.15
23988,13416,5,0.03
23989,32338,17,0.0
23990,11753,16,0.73
23991,21244,14,0.36
23992,24357,12,0.39
23993,34080,15,0.77
23994,4109,12,0.51
23995,13675,9,0.45
23996,17149,3,0.09
23997,10953,19,0.18
23998,24122,17,0.07
23999,23843,2,0.37
24000,29742,2,0.14
24001,23835,3,0.01
24002,18678,16,0.67
24003,31602,12,0.86
24004,20687,7,0.05
24005,7159,5,0.39
24006,15319,7,0.51
24007,2654,14,0.73
24008,1442,18,0.28
24009,14973,13,0.99
24010,21,1,0.15
24011,10228,12,0.23
24012,2320,8,0.49
24013,28104,8,0.26
24014,24667,3,0.76
24015,7669,6,0.07
24016,455,12,0.26
24017,14111,15,0.35
24018,6648,9,0.46
24019,19661,12,0.93
24020,18502,9,0.88
24021,32935,3,0.7
24022,27926,3,0.94
24023,32553,6,0.22
24024,18711,13,0.64
24025,21396,11,0.54
24026,15349,2,0.84
24027,12134,10,0.72
24028,30731,16,0.09
24029,24702,4,0.75
24030,25342,9,0.97
24031,29418,8,0.1
24032,1343,12,0.41
24033,33509,2,0.98
24034,6125,6,0.35
24035,20783,15,0.3
24036,694,10,0.06
24037,23153,1,0.74
24038,27613,9,0.86
24039,25214,18,0.89
24040,8957,17,0.87
24041,269,11,0.36
24042,4779,6,0.62
24043,6290,1,0.26
24044,29722,12,0.18
24045,17248,7,0.32
24046,21823,1,0.15
24047,10309,8,0.16
24048,21551,5,0.16
24049,27247,15,0.35
24050,13969,1,0.37
24051,4341,3,0.23
24052,33882,2,0.74
24053,23449,18,0.58
24054,12170,10,0.71
24055,30651,19,0.86
24056,30596,3,0.24
24057,6923,5,0.21
24058,23142,11,0.02
24059,706,6,0.88
24060,11570,10,0.06
24061,28665,3,0.36
24062,24379,12,0.43
24063,21704,6,0.74
24064,21305,18,0.71
24065,1354,14,0.58
24066,27357,3,0.12
24067,20570,14,0.48
24068,30004,6,0.64
24069,19098,1,0.79
24070,881,4,0.27
24071,4620,18,0.49
24072,32171,11,0.39
24073,15737,15,0.19
24074,27654,17,0.31
24075,20587,10,0.42
24076,557,1,0.18
24077,31862,15,0.16
24078,7347,14,0.03
24079,34069,9,0.51
24080,16234,3,0.19
24081,6780,3,0.83
24082,3733,15,0.65
24083,10590,15,0.13
24084,29239,5,0.48
24085,21192,14,0.86
24086,683,14,0.43
24087,9082,15,0.8
24088,9993,3,0.59
24089,27384,17,0.15
24090,18363,6,0.09
24091,23056,18,0.24
24092,25550,10,0.45
24093,26210,9,0.99
24094,734,4,0.98
24095,8902,11,0.78
24096,3769,3,0.79
24097,33747,7,0.75
24098,26666,8,0.45
24099,23401,12,0.92
24100,4156,15,0.84
24101,30731,11,0.83
24102,25044,4,0.56
24103,4422,4,0.16
24104,189,16,0.08
24105,33974,7,0.83
24106,21376,17,0.75
24107,27243,9,0.36
24108,20801,17,0.33
24109,34941,17,0.97
24110,18395,6,0.02
24111,16598,18,0.37
24112,16110,9,0.19
24113,7826,5,0.78
24114,33906,2,0.07
24115,25353,13,0.87
24116,201,4,0.49
24117,8330,19,0.37
24118,18609,3,0.02
24119,26081,16,0.04
24120,13013,5,0.01
24121,13861,14,0.66
24122,8899,8,0.16
24123,19468,8,0.35
24124,22323,5,0.89
24125,7885,14,0.33
24126,27497,5,1.0
24127,27733,16,0.03
24128,5834,15,0.74
24129,10437,1,0.81
24130,2826,15,0.3
24131,25191,6,0.57
24132,32578,3,0.85
24133,18974,18,0.61
24134,29355,12,0.05
24135,13813,10,0.24
24136,7490,2,0.48
24137,11039,2,0.49
24138,4530,10,0.38
24139,19040,18,0.7
24140,18088,6,0.14
24141,34400,1,0.53
24142,33928,12,0.17
24143,22937,19,0.26
24144,16815,5,0.55
24145,16378,14,0.29
24146,23935,16,0.58
24147,6327,3,0.46
24148,3912,18,0.37
24149,23383,16,0.89
24150,34418,16,0.83
24151,4357,15,0.63
24152,28958,13,0.26
24153,26776,18,0.22
24154,12928,17,0.31
24155,30593,8,0.03
24156,721,2,0.88
24157,2466,8,0.14
24158,14808,8,0.03
24159,11685,9,0.59
24160,25476,16,0.9
24161,30128,12,0.16
24162,17354,10,0.32
24163,31487,1,0.43
24164,29896,3,0.74
24165,10257,11,0.77
24166,31156,5,0.28
24167,3665,8,0.29
24168,27106,19,0.74
24169,12967,9,0.44
24170,11662,9,0.03
24171,16954,4,0.19
24172,24136,11,0.45
24173,33256,19,0.62
24174,21641,5,0.95
24175,4290,14,0.63
24176,31093,18,0.41
24177,6605,4,0.51
24178,26186,14,0.45
24179,30197,1,0.26
24180,14162,1,0.58
24181,14403,14,0.79
24182,18027,12,0.37
24183,32080,6,0.45
24184,1597,8,0.06
24185,16525,6,0.42
24186,14614,17,0.2
24187,8810,17,0.47
24188,26896,1,0.62
24189,18799,11,0.98
24190,31319,15,0.76
24191,2684,1,0.67
24192,34359,13,0.22
24193,17555,13,0.03
24194,14303,9,0.98
24195,21130,1,0.9
24196,26220,2,0.11
24197,10932,11,0.08
24198,16737,19,0.13
24199,4661,10,0.07
24200,5642,9,0.59
24201,28545,18,0.15
24202,17845,13,0.32
24203,32608,9,0.92
24204,9607,13,0.76
24205,26681,11,0.54
24206,12174,15,0.06
24207,4045,12,0.59
24208,33167,17,0.62
24209,27094,8,0.16
24210,19852,8,0.84
24211,20209,8,0.54
24212,13306,16,0.4
24213,12516,8,0.95
24214,25791,16,0.7
24215,4420,19,0.98
24216,9363,1,0.31
24217,4612,5,0.23
24218,16893,13,0.61
24219,26777,1,0.57
24220,10017,17,0.15
24221,28810,12,0.39
24222,408,15,0.14
24223,27191,5,0.76
24224,18031,18,0.27
24225,2247,8,0.8
24226,28806,10,0.34
24227,31329,11,0.26
24228,18055,2,0.26
24229,25847,10,0.61
24230,22074,15,0.31
24231,1574,11,0.4
24232,12084,18,0.35
24233,18106,18,0.87
24234,22369,15,0.49
24235,3352,5,0.37
24236,3157,17,0.47
24237,11755,3,0.06
24238,15370,19,0.88
24239,13245,18,0.34
24240,22523,15,0.71
24241,10938,1,0.36
24242,33657,18,0.92
24243,26375,14,0.69
24244,1279,7,0.71
24245,15510,14,0.05
24246,28254,3,0.56
24247,26556,6,0.47
24248,20010,19,0.39
24249,4932,19,0.11
24250,18900,12,0.48
24251,29542,6,0.41
24252,5626,11,0.23
24253,979,15,0.16
24254,21502,2,0.41
24255,21554,6,0.56
24256,12410,9,0.3
24257,23836,10,0.69
24258,6610,5,0.96
24259,17497,19,0.22
24260,32283,10,0.99
24261,17579,2,0.72
24262,20464,11,0.08
24263,10268,18,0.26
24264,32551,12,0.89
24265,8022,12,0.54
24266,14339,15,0.79
24267,5762,17,0.75
24268,29857,10,0.08
24269,34529,16,0.35
24270,23688,6,0.12
24271,32424,4,0.46
24272,33392,2,0.98
24273,34697,7,0.9
24274,19200,7,0.62
24275,11326,12,0.84
24276,18343,7,0.38
24277,3631,1,0.65
24278,34442,10,0.79
24279,13364,8,0.31
24280,24428,6,0.38
24281,7549,9,0.9
24282,23630,8,0.49
24283,23268,8,0.61
24284,10329,7,0.38
24285,5064,2,0.47
24286,21993,4,0.72
24287,172,6,0.43
24288,9752,1,0.23
24289,6449,5,0.42
24290,4373,7,0.14
24291,1992,6,0.42
24292,3540,14,0.25
24293,6067,3,0.07
24294,10960,11,0.04
24295,29685,14,0.98
24296,10738,8,0.38
24297,27293,7,0.55
24298,23572,13,0.74
24299,26325,11,0.13
24300,23630,2,0.7
24301,27906,2,0.34
24302,24839,8,0.11
24303,15735,18,0.21
24304,8088,16,0.05
24305,13298,13,0.96
24306,21888,12,0.74
24307,12182,17,0.54
24308,11121,15,0.14
24309,4061,7,0.52
24310,18823,15,0.12
24311,21447,14,0.05
24312,13249,8,0.83
24313,19535,5,0.48
24314,10231,18,0.64
24315,1265,7,0.98
24316,5991,3,0.12
24317,3263,16,0.38
24318,10839,3,0.66
24319,18141,12,0.38
24320,23678,11,0.61
24321,27376,12,0.68
24322,29868,9,0.16
24323,26722,12,0.74
24324,6905,16,0.33
24325,14762,18,0.18
24326,15953,2,0.43
24327,5515,8,0.2
24328,23326,8,0.5
24329,34021,5,0.17
24330,9667,16,0.54
24331,1134,9,0.13
24332,23958,10,0.25
24333,32070,6,0.24
24334,1315,2,0.83
24335,15589,15,0.34
24336,3444,10,0.86
24337,26154,4,0.65
24338,10750,12,0.37
24339,16306,8,0.23
24340,22743,14,0.82
24341,26002,8,0.58
24342,28579,4,0.05
24343,16552,17,0.84
24344,8331,17,0.32
24345,34320,14,0.4
24346,20805,18,0.38
24347,26337,19,0.01
24348,7333,15,0.67
24349,13540,12,0.4
24350,8025,12,0.53
24351,5935,9,0.7
24352,21403,16,0.85
24353,11547,10,0.59
24354,23249,17,0.34
24355,18115,5,0.07
24356,23489,2,0.71
24357,13851,8,0.88
24358,25068,16,0.26
24359,34224,11,0.69
24360,31530,2,0.16
24361,30638,18,0.62
24362,13327,3,0.38
24363,15226,4,0.27
24364,15969,17,0.87
24365,32649,13,0.46
24366,24550,19,0.04
24367,18189,7,0.73
24368,5168,19,0.2
24369,14959,13,0.11
24370,10149,3,0.61
24371,1002,17,0.29
24372,3285,19,0.89
24373,21688,4,0.59
24374,4755,1,0.75
24375,9649,3,0.69
24376,23262,1,0.27
24377,8598,8,0.63
24378,12723,2,0.34
24379,3620,7,0.99
24380,20476,15,0.23
24381,24558,6,0.94
24382,33199,6,0.26
24383,18603,19,0.17
24384,25357,17,0.53
24385,16442,1,0.25
24386,24797,10,0.37
24387,25289,7,0.19
24388,3599,5,0.4
24389,2396,19,0.65
24390,24123,13,0.22
24391,27762,5,0.51
24392,21485,9,0.31
24393,7401,8,0.93
24394,34960,14,0.03
24395,15983,1,0.94
24396,21428,19,0.4
24397,27402,19,0.69
24398,20623,19,0.91
24399,26218,11,0.3
24400,1299,6,0.47
24401,6762,7,0.37
24402,2222,11,0.14
24403,30517,7,0.74
24404,27066,16,0.85
24405,12687,13,0.54
24406,12574,4,0.31
24407,32722,15,0.23
24408,25003,11,0.7
24409,5953,2,0.7
24410,21464,7,0.93
24411,32836,2,0.82
24412,3218,1,0.04
24413,13914,16,0.19
24414,3096,13,0.37
24415,11561,12,0.74
24416,1989,14,1.0
24417,25392,15,0.97
24418,31669,3,0.74
24419,20656,4,0.3
24420,17857,2,0.86
24421,31101,17,0.88
24422,1739,2,0.59
24423,23042,7,0.58
24424,16424,19,0.37
24425,34690,6,0.01
24426,1952,2,0.6
24427,12985,3,0.79
24428,26709,6,0.99
24429,634,3,0.03
24430,7910,16,0.93
24431,22093,4,0.29
24432,849,4,0.25
24433,2944,13,0.46
24434,10762,8,0.24
24435,23340,11,0.19
24436,28237,8,0.05
24437,1723,11,0.35
24438,21101,4,0.9
24439,24418,10,0.27
24440,34962,17,0.08
24441,11783,7,0.56
24442,4880,6,0.93
24443,195,18,0.15
24444,33943,12,0.54
24445,31619,8,0.37
24446,9267,7,0.43
24447,12178,17,0.42
24448,26801,10,0.91
24449,27161,11,0.24
24450,23318,10,0.09
24451,26835,3,0.03
24452,10365,11,0.71
24453,25853,7,0.98
24454,13285,9,0.76
24455,22466,3,0.05
24456,8982,17,0.16
24457,15616,3,0.83
24458,10774,16,0.49
24459,32500,13,0.26
24460,7450,10,0.17
24461,23183,19,0.02
24462,23636,3,0.57
24463,1560,12,0.67
24464,10730,3,0.22
24465,8305,1,0.65
24466,32409,9,0.93
24467,7290,8,0.67
24468,18268,8,0.59
24469,26708,19,0.77
24470,29707,12,0.03
24471,7705,14,0.68
24472,15090,8,0.84
24473,29714,17,0.0
24474,27093,15,0.37
24475,11855,9,0.07
24476,34203,1,0.47
24477,33891,1,0.11
24478,19561,9,0.51
24479,32912,12,0.01
24480,2889,18,0.8
24481,17309,1,0.56
24482,30794,7,0.26
24483,2575,18,0.14
24484,10253,8,0.97
24485,1999,11,0.05
24486,31527,9,0.48
24487,15268,11,0.95
24488,207,11,0.83
24489,24021,11,0.18
24490,11428,6,0.06
24491,10193,8,0.67
24492,22790,17,0.46
24493,4116,2,0.86
24494,18825,16,0.62
24495,14343,5,0.9
24496,7509,14,0.85
24497,32031,16,0.02
24498,6746,10,0.74
24499,20699,8,0.68
24500,25223,14,0.44
24501,30886,8,0.65
24502,4500,19,0.69
24503,24245,4,0.99
24504,20201,17,0.56
24505,7049,3,0.25
24506,25103,4,0.88
24507,21010,1,0.05
24508,29656,19,0.99
24509,703,9,0.7
24510,33686,18,0.69
24511,30106,7,0.54
24512,3048,4,0.92
24513,32438,16,0.49
24514,24808,13,0.15
24515,29577,6,0.7
24516,34443,11,0.1
24517,29581,19,0.26
24518,1312,7,0.83
24519,31283,8,0.49
24520,13987,10,0.07
24521,15920,7,0.98
24522,5330,10,0.92
24523,30783,14,0.09
24524,14432,9,0.79
24525,18491,8,0.47
24526,23937,6,0.5
24527,5479,2,0.03
24528,16596,16,0.32
24529,9803,10,0.31
24530,2399,6,0.41
24531,29087,15,0.41
24532,19243,12,0.66
24533,22901,7,0.6
24534,26054,2,0.18
24535,13858,14,0.07
24536,1119,10,0.12
24537,13750,14,0.21
24538,17993,19,0.66
24539,29618,9,0.61
24540,715,9,0.34
24541,25061,6,0.22
24542,27772,19,0.94
24543,14687,19,0.15
24544,23255,3,0.82
24545,6766,19,0.4
24546,18266,15,0.75
24547,25733,16,0.97
24548,3586,15,0.86
24549,29346,19,0.78
24550,12409,7,0.17
24551,19029,14,0.86
24552,3045,9,0.23
24553,30855,11,0.36
24554,15783,16,0.22
24555,4982,5,0.47
24556,2876,7,0.87
24557,19202,6,0.04
24558,30258,5,0.09
24559,25701,11,0.98
24560,6859,9,0.68
24561,34528,9,0.48
24562,9441,18,0.23
24563,19223,2,0.8
24564,34875,16,0.41
24565,2146,18,0.43
24566,16049,1,0.69
24567,9939,7,0.47
24568,15282,7,0.96
24569,77,10,0.86
24570,12965,12,0.64
24571,21560,9,0.07
24572,18371,16,0.55
24573,21408,7,0.18
24574,22721,4,0.27
24575,14727,9,0.33
24576,30697,7,0.53
24577,14388,9,0.19
24578,694,10,0.05
24579,7341,18,0.4
24580,22030,10,0.74
24581,27548,6,0.0
24582,23467,2,0.34
24583,14076,12,0.74
24584,1281,6,0.45
24585,24426,11,0.4
24586,7971,11,0.78
24587,6431,2,0.34
24588,19395,7,0.65
24589,33857,7,0.81
24590,14892,3,0.6
24591,34508,17,0.24
24592,26092,5,0.23
24593,32127,8,0.18
24594,1941,17,0.58
24595,25888,14,0.95
24596,750,6,0.73
24597,22365,14,0.07
24598,17709,18,0.28
24599,17765,9,0.17
24600,17525,11,0.07
24601,20275,10,0.12
24602,12135,14,0.22
24603,2354,3,0.78
24604,34349,5,0.42
24605,4165,3,0.1
24606,4377,9,0.54
24607,33953,15,0.25
24608,17242,8,0.66
24609,10472,2,0.71
24610,2932,13,0.05
24611,31672,12,0.18
24612,30702,17,0.37
24613,28997,1,0.93
24614,31608,9,0.66
24615,21092,15,0.32
24616,26965,11,0.62
24617,24287,5,0.42
24618,29902,3,0.76
24619,24602,19,0.08
24620,24212,16,0.3
24621,6755,16,0.66
24622,15107,19,0.44
24623,18659,1,0.7
24624,14466,6,0.1
24625,12571,8,0.8
24626,17362,12,0.24
24627,8472,8,0.97
24628,13548,8,0.72
24629,1896,6,0.5
24630,17630,8,0.19
24631,18152,18,0.52
24632,8805,4,0.53
24633,26634,18,0.57
24634,14867,3,0.87
24635,12919,16,0.91
24636,1016,10,0.38
24637,3569,17,0.89
24638,21042,16,0.22
24639,17708,17,0.68
24640,17648,16,0.61
24641,15172,7,0.82
24642,6281,17,0.24
24643,19229,9,0.2
24644,29701,13,0.19
24645,12658,2,0.08
24646,26911,13,0.57
24647,16441,12,0.06
24648,34009,10,0.08
24649,18625,5,0.41
24650,26917,2,0.5
24651,19254,8,0.98
24652,22448,16,0.74
24653,9875,10,0.1
24654,14642,11,0.47
24655,11096,19,0.11
24656,22872,9,0.79
24657,28321,15,0.32
24658,18805,2,0.02
24659,6902,14,0.61
24660,4225,19,0.62
24661,12074,3,0.82
24662,18219,11,0.33
24663,33534,2,0.3
24664,20947,13,0.61
24665,218,10,0.36
24666,15296,3,0.03
24667,6216,17,0.68
24668,26612,11,0.97
24669,27425,19,0.55
24670,5984,13,0.84
24671,22117,16,0.46
24672,29237,19,0.66
24673,16698,4,0.66
24674,15645,3,0.92
24675,12440,11,0.14
24676,21472,4,0.72
24677,12708,14,0.53
24678,2874,15,0.37
24679,12257,8,0.17
24680,3990,1,0.77
24681,4201,7,0.85
24682,24297,14,0.64
24683,19140,13,0.2
24684,29399,1,0.32
24685,20702,8,0.04
24686,7685,10,0.2
24687,27552,17,0.29
24688,31600,7,0.11
24689,7265,19,0.46
24690,9338,1,0.39
24691,26286,18,0.78
24692,9793,12,0.36
24693,11553,3,0.97
24694,26306,1,0.54
24695,3398,7,0.05
24696,9296,16,0.59
24697,8146,14,0.44
24698,23695,13,0.96
24699,16079,4,0.3
24700,21083,12,0.98
24701,24523,10,0.7
24702,14147,14,0.18
24703,19844,8,1.0
24704,12725,15,0.32
24705,14339,11,0.17
24706,8834,7,0.72
24707,24731,7,0.68
24708,28740,13,0.19
24709,32571,1,0.15
24710,28218,11,0.62
24711,27183,14,0.27
24712,15338,9,0.56
24713,25170,2,0.81
24714,6730,14,0.75
24715,23328,5,0.78
24716,4376,9,0.75
24717,26617,17,0.43
24718,24522,7,0.05
24719,7917,12,0.38
24720,10532,17,0.26
24721,14996,9,0.17
24722,7379,1,0.58
24723,12791,16,0.76
24724,4555,11,0.65
24725,27044,16,0.42
24726,32922,17,0.65
24727,14983,16,0.75
24728,32458,6,1.0
24729,15215,7,0.78
24730,17762,16,0.3
24731,32745,17,0.22
24732,28339,7,0.7
24733,24183,16,0.53
24734,16174,12,0.02
24735,20717,3,0.94
24736,31469,18,0.57
24737,34916,9,0.45
24738,32946,13,0.28
24739,30644,11,0.25
24740,14761,4,0.56
24741,31166,9,0.48
24742,30723,16,0.76
24743,31511,7,0.81
24744,19931,16,0.27
24745,27219,5,0.23
24746,18436,14,0.55
24747,12197,7,0.69
24748,26977,3,0.35
24749,27122,19,0.05
24750,31210,13,0.27
24751,21954,4,0.31
24752,33957,2,0.01
24753,2464,12,0.98
24754,17170,18,0.3
24755,30581,8,0.67
24756,29362,14,0.33
24757,29825,5,0.78
24758,12743,15,0.71
24759,5020,1,0.2
24760,2175,9,0.81
24761,8031,10,0.03
24762,26375,18,0.68
24763,34896,14,0.03
24764,26635,2,0.07
24765,30620,14,0.73
24766,26135,8,0.32
24767,26789,17,0.85
24768,33721,13,0.83
24769,8413,2,0.47
24770,28866,5,0.32
24771,30969,7,0.36
24772,2024,5,0.24
24773,3107,10,0.54
24774,29808,14,0.64
24775,25939,9,0.16
24776,3092,8,0.22
24777,22118,1,0.26
24778,13840,5,0.01
24779,28755,17,0.6
24780,33129,8,0.42
24781,15765,10,0.89
24782,32767,11,0.07
24783,3997,11,0.67
24784,13191,4,0.92
24785,22538,17,0.31
24786,18414,18,0.18
24787,22895,5,0.52
24788,14208,6,0.07
24789,13567,3,0.82
24790,28982,7,0.05
24791,1304,13,0.88
24792,34902,1,0.71
24793,10581,3,0.91
24794,32027,15,0.68
24795,33111,5,0.51
24796,28199,19,0.55
24797,14472,9,0.46
24798,9490,9,0.08
24799,27726,3,0.15
24800,33611,8,0.64
24801,3714,1,0.47
24802,24643,5,0.4
24803,6896,19,0.35
24804,29729,1,0.15
24805,26611,17,0.18
24806,4873,9,0.23
24807,7135,1,0.05
24808,6585,9,0.91
24809,16378,17,0.62
24810,18948,3,0.46
24811,23473,9,0.27
24812,17242,12,0.94
24813,26023,6,0.33
24814,7763,7,0.11
24815,33657,15,0.75
24816,31879,17,0.74
24817,12872,17,0.41
24818,10123,19,0.64
24819,6732,9,0.57
24820,29027,1,0.6
24821,23151,14,0.52
24822,28449,7,0.69
24823,30868,10,0.42
24824,11439,19,0.04
24825,18521,7,0.2
24826,22021,18,0.86
24827,30169,6,0.89
24828,7446,15,0.27
24829,27594,18,0.75
24830,18810,16,0.06
24831,1291,14,0.2
24832,149,7,0.11
24833,5968,6,0.04
24834,32085,13,0.01
24835,6658,13,0.53
24836,7447,13,0.02
24837,29358,2,0.37
24838,5817,4,0.05
24839,16160,7,0.7
24840,24304,3,0.63
24841,15821,3,0.65
24842,22268,17,0.72
24843,3531,9,0.24
24844,18838,3,0.31
24845,25731,9,0.68
24846,17421,2,0.59
24847,6110,4,0.01
24848,21977,15,0.08
24849,7810,17,0.86
24850,12864,10,0.82
24851,16644,17,0.81
24852,28589,13,0.35
24853,5481,11,0.66
24854,4771,5,0.75
24855,24365,19,0.91
24856,31649,7,0.89
24857,34646,15,0.77
24858,16854,19,0.12
24859,9215,8,0.34
24860,3937,18,0.44
24861,12083,16,0.81
24862,29726,8,0.23
24863,33710,14,0.37
24864,4372,15,0.92
24865,32496,15,0.59
24866,30755,17,0.47
24867,1766,14,0.19
24868,3478,8,0.69
24869,1587,17,0.64
24870,11183,6,0.92
24871,19979,5,0.72
24872,13088,4,0.46
24873,23850,2,0.28
24874,32438,14,0.22
24875,16284,13,0.01
24876,5924,3,0.16
24877,8883,17,0.54
24878,20399,3,0.33
24879,15152,12,0.7
24880,13189,15,0.05
24881,1830,1,0.94
24882,34121,15,0.87
24883,8062,15,0.94
24884,15405,8,0.47
24885,31454,2,0.9
24886,26181,5,0.68
24887,31218,2,0.83
24888,10008,17,0.8
24889,7373,18,0.46
24890,23376,15,0.55
24891,17846,1,0.55
24892,29327,1,0.85
24893,2036,11,0.31
24894,26548,8,0.24
24895,20497,1,0.07
24896,5621,13,0.17
24897,9984,16,0.13
24898,8462,16,0.65
24899,34552,11,0.96
24900,25460,15,0.57
24901,28446,13,0.98
24902,31971,10,0.47
24903,33129,1,0.86
24904,14752,17,0.22
24905,14759,4,0.15
24906,6170,4,0.94
24907,13797,15,0.35
24908,34379,16,0.27
24909,23816,18,0.39
24910,3044,14,0.89
24911,22079,18,0.22
24912,15715,13,0.77
24913,26263,14,0.09
24914,32598,19,0.01
24915,15993,11,0.25
24916,25853,1,0.29
24917,30781,5,0.16
24918,27727,14,0.11
24919,31880,7,0.96
24920,32917,13,0.97
24921,10149,6,0.02
24922,2028,8,0.79
24923,21656,15,0.67
24924,20263,14,0.94
24925,28695,7,0.59
24926,5699,2,0.42
24927,23946,10,0.92
24928,25091,10,0.66
24929,5472,3,0.63
24930,107,13,0.98
24931,31676,1,0.69
24932,11372,1,0.34
24933,22251,8,0.49
24934,13458,15,0.14
24935,645,7,0.5
24936,21408,16,0.68
24937,14739,19,0.93
24938,27313,19,0.6
24939,15663,3,0.45
24940,14989,9,0.46
24941,4730,9,0.71
24942,17015,2,0.89
24943,3522,6,0.97
24944,8242,14,0.95
24945,15449,5,0.48
24946,34065,17,0.23
24947,30693,12,0.67
24948,22795,1,0.74
24949,8617,17,0.62
24950,34252,6,0.77
24951,11580,1,0.61
24952,23069,17,0.6
24953,29906,9,0.48
24954,1315,12,0.8
24955,22363,9,0.95
24956,5942,18,0.89
24957,30111,18,0.01
24958,30840,12,0.09
24959,19374,19,0.38
24960,1123,14,0.81
24961,23666,13,0.56
24962,30002,16,0.18
24963,11627,5,0.26
24964,26511,17,1.0
24965,28185,1,0.14
24966,11970,4,0.05
24967,30983,17,0.16
24968,28176,12,0.2
24969,16325,12,0.14
24970,29796,3,0.88
24971,16395,14,0.66
24972,6266,3,0.07
24973,18522,18,0.47
24974,25745,14,0.22
24975,32930,4,0.02
24976,1199,5,0.78
24977,6488,18,0.13
24978,12140,19,0.03
24979,15879,17,0.74
24980,34217,5,0.51
24981,706,8,0.32
24982,17419,7,0.31
24983,72,6,0.6
24984,10574,1,0.4
24985,30942,10,0.58
24986,8324,8,0.72
24987,15627,1,0.73
24988,13417,7,0.5
24989,6089,2,0.88
24990,1689,7,0.34
24991,19288,17,0.4
24992,10393,15,0.98
24993,770,8,0.39
24994,30434,17,0.12
24995,9046,16,0.05
24996,29428,10,0.01
24997,29652,17,0.34
24998,33927,16,0.59
24999,23137,4,0.13
25000,5263,18,0.22
25001,14715,1,0.73
25002,6295,19,0.71
25003,19312,1,0.64
25004,31507,18,0.99
25005,23552,14,0.01
25006,3865,10,0.79
25007,24820,13,0.98
25008,16608,18,0.19
25009,34849,10,0.61
25010,16614,1,0.79
25011,20127,2,0.87
25012,6849,3,0.08
25013,23522,13,0.19
25014,28967,12,0.39
25015,15288,5,0.99
25016,2534,2,0.74
25017,5854,14,0.09
25018,12971,2,0.79
25019,15500,14,0.99
25020,3417,5,0.45
25021,2257,9,0.09
25022,18332,8,0.06
25023,4240,18,0.1
25024,15342,7,0.77
25025,23256,11,0.22
25026,3382,12,0.1
25027,11167,18,0.36
25028,20955,4,0.87
25029,33708,13,0.51
25030,14644,12,0.38
25031,28496,13,0.01
25032,830,10,0.06
25033,11611,12,0.09
25034,3015,17,0.22
25035,24818,5,0.75
25036,26399,7,0.15
25037,1858,5,0.45
25038,28689,12,0.88
25039,4341,7,0.29
25040,11932,8,0.37
25041,21831,2,0.62
25042,33031,3,0.9
25043,24578,14,0.51
25044,5401,2,0.53
25045,30233,14,0.54
25046,4003,4,0.09
25047,12414,9,0.37
25048,8640,19,0.23
25049,29311,5,0.76
25050,30170,5,0.48
25051,31679,16,0.67
25052,34466,3,0.92
25053,19152,14,0.16
25054,7665,15,0.12
25055,22349,12,0.71
25056,23630,13,0.88
25057,28666,15,0.24
25058,10393,8,0.25
25059,21129,6,0.13
25060,32771,14,0.87
25061,19262,2,0.74
25062,23507,17,0.73
25063,20803,1,0.37
25064,21681,13,0.21
25065,19609,4,0.67
25066,10272,9,0.38
25067,7062,15,0.85
25068,31110,8,0.75
25069,3399,8,0.61
25070,23016,10,0.83
25071,18536,14,0.56
25072,28198,18,0.9
25073,6955,8,0.68
25074,12014,17,0.74
25075,31516,1,0.8
25076,14796,15,0.86
25077,30092,18,0.3
25078,28336,6,0.39
25079,34267,11,0.38
25080,2073,14,0.23
25081,16126,10,0.22
25082,7630,16,0.83
25083,6572,5,0.97
25084,16410,17,0.73
25085,12313,9,0.89
25086,4717,16,0.04
25087,18964,18,0.24
25088,3533,18,0.9
25089,30316,7,0.72
25090,1057,2,0.79
25091,13528,10,0.78
25092,17288,11,0.63
25093,12013,13,0.46
25094,15778,19,0.42
25095,20745,7,0.44
25096,2732,6,0.69
25097,20343,15,0.61
25098,23190,6,0.41
25099,21272,13,0.8
25100,9202,15,0.62
25101,5123,1,0.93
25102,3189,2,0.13
25103,18037,13,0.31
25104,1957,17,0.94
25105,25118,11,0.04
25106,14821,2,0.03
25107,3799,13,0.28
25108,15724,16,0.98
25109,13801,7,0.44
25110,15203,14,0.05
25111,7636,16,0.52
25112,22371,8,0.62
25113,15250,9,0.37
25114,23873,13,0.33
25115,24669,12,0.86
25116,14810,7,0.11
25117,33386,12,0.96
25118,18583,2,0.08
25119,17064,18,0.38
25120,22600,11,0.72
25121,25973,3,0.74
25122,13216,4,0.12
25123,32982,1,0.46
25124,2472,10,0.28
25125,15765,11,0.72
25126,14867,4,0.76
25127,9434,9,0.01
25128,12911,15,0.43
25129,10207,10,0.34
25130,20108,17,0.45
25131,31984,9,0.48
25132,9954,10,0.48
25133,15846,8,0.05
25134,11955,14,0.38
25135,23382,13,0.96
25136,30949,9,0.55
25137,33642,19,0.25
25138,10369,2,0.19
25139,3610,8,0.02
25140,32310,4,0.75
25141,3238,6,0.89
25142,31488,13,0.2
25143,34941,13,0.13
25144,33938,4,0.06
25145,18527,15,0.23
25146,34440,6,0.25
25147,2794,14,0.6
25148,23286,11,0.85
25149,26856,18,0.8
25150,24048,14,1.0
25151,34598,9,0.18
25152,31732,13,0.43
25153,24887,3,0.23
25154,5560,15,0.17
25155,7617,13,0.2
25156,20520,16,0.08
25157,25304,4,0.94
25158,18216,11,0.01
25159,4932,10,0.02
25160,21760,15,0.0
25161,32084,5,0.13
25162,31601,8,0.79
25163,10717,17,0.3
25164,25956,5,0.99
25165,27527,4,0.86
25166,33424,3,0.22
25167,18740,15,0.85
25168,9070,4,0.02
25169,16583,18,0.16
25170,8610,13,0.9
25171,33201,3,0.71
25172,23486,8,0.58
25173,9210,2,0.85
25174,2873,4,0.49
25175,25753,12,0.57
25176,22672,14,0.46
25177,9011,10,0.54
25178,295,1,0.07
25179,5224,4,0.67
25180,32022,2,0.2
25181,27231,12,0.26
25182,17750,11,0.67
25183,13952,17,0.76
25184,4871,2,0.44
25185,28567,17,0.75
25186,29179,17,0.43
25187,18147,4,0.77
25188,1836,7,0.14
25189,32563,10,0.36
25190,2193,15,0.98
25191,4050,3,0.85
25192,28541,15,0.1
25193,25765,3,0.91
25194,33009,19,0.07
25195,26255,11,0.35
25196,29593,16,0.73
25197,22309,15,0.16
25198,17980,3,0.37
25199,31433,10,0.62
25200,9872,4,0.35
25201,29781,4,0.06
25202,16184,8,0.8
25203,21802,4,0.63
25204,3572,1,0.56
25205,4526,7,0.1
25206,12110,3,0.78
25207,4731,1,0.93
25208,21565,9,0.73
25209,20552,6,0.01
25210,19959,4,0.98
25211,24068,17,0.81
25212,25961,18,0.96
25213,11373,14,0.35
25214,29751,19,0.3
25215,15994,18,0.68
25216,31794,11,0.76
25217,14576,7,0.33
25218,559,1,0.78
25219,9707,15,0.23
25220,21386,14,0.31
25221,30662,13,0.32
25222,28701,15,0.93
25223,25465,17,0.96
25224,7100,17,0.44
25225,29546,7,0.47
25226,1304,17,0.08
25227,4540,8,0.23
25228,33214,6,0.92
25229,2755,17,0.29
25230,1333,11,0.66
25231,20410,5,0.55
25232,11800,12,0.2
25233,13549,11,0.14
25234,7460,18,0.74
25235,12628,6,0.14
25236,26472,15,0.15
25237,4156,19,0.94
25238,558,1,0.44
25239,12256,10,0.63
25240,34144,3,0.75
25241,27756,5,0.14
25242,20718,3,0.33
25243,20065,6,0.65
25244,26609,18,0.7
25245,1584,18,0.44
25246,297,8,0.41
25247,19201,13,0.54
25248,7126,3,0.31
25249,2962,9,0.25
25250,1956,19,0.58
25251,16608,14,0.46
25252,4893,17,0.53
25253,31445,17,0.64
25254,20726,18,1.0
25255,20438,3,0.38
25256,19993,5,0.83
25257,13082,12,0.83
25258,6078,4,0.92
25259,5029,7,0.7
25260,7017,14,0.91
25261,5914,18,0.87
25262,23092,14,0.79
25263,4162,4,0.17
25264,13760,6,0.38
25265,4582,1,0.76
25266,8571,12,0.96
25267,8734,5,0.11
25268,3767,16,0.22
25269,31077,5,0.47
25270,19674,5,0.36
25271,18535,6,0.8
25272,14669,16,0.35
25273,27290,15,0.83
25274,33573,11,0.68
25275,21963,4,0.09
25276,537,7,0.36
25277,824,14,0.45
25278,30235,9,0.32
25279,23117,2,0.66
25280,8204,2,0.25
25281,13431,5,0.17
25282,7327,18,0.1
25283,32264,8,0.37
25284,12806,15,0.12
25285,5670,6,0.93
25286,24456,8,0.32
25287,3771,7,0.8
25288,23248,9,0.85
25289,23441,8,0.42
25290,21860,15,0.67
25291,19747,3,0.33
25292,15336,10,0.93
25293,11988,18,0.89
25294,2973,9,0.63
25295,9749,13,0.83
25296,5760,2,0.04
25297,29293,16,0.14
25298,10572,17,0.78
25299,28760,8,0.18
25300,18258,16,0.75
25301,26910,13,0.1
25302,12073,4,0.94
25303,27811,2,0.26
25304,4748,14,0.3
25305,2196,15,0.31
25306,33076,5,0.37
25307,32849,16,0.6
25308,24318,18,0.96
25309,9582,11,0.87
25310,31988,9,0.9
25311,7897,8,0.17
25312,14782,6,0.68
25313,1976,17,0.41
25314,33148,14,0.45
25315,9088,16,0.38
25316,17670,5,0.47
25317,11069,3,0.28
25318,3907,8,0.8
25319,26710,1,0.54
25320,19831,9,1.0
25321,6507,15,0.5
25322,4440,14,0.14
25323,28237,7,0.94
25324,20791,18,0.57
25325,22533,7,0.1
25326,15763,11,0.53
25327,14094,16,0.22
25328,15454,10,0.12
25329,449,5,0.91
25330,13233,13,0.15
25331,22230,5,0.92
25332,33581,18,0.69
25333,31449,7,0.02
25334,6595,5,0.83
25335,19715,15,0.71
25336,3034,2,0.36
25337,27768,13,0.38
25338,33198,5,0.44
25339,34927,5,0.78
25340,24757,8,0.42
25341,25439,2,0.06
25342,9596,9,0.33
25343,31805,5,0.21
25344,15066,7,0.43
25345,6766,4,0.23
25346,26326,7,0.29
25347,24964,18,0.74
25348,19242,4,0.61
25349,20714,16,0.92
25350,10111,11,0.72
25351,1587,7,0.1
25352,7377,7,1.0
25353,2654,6,0.92
25354,23703,4,0.52
25355,7405,7,0.37
25356,31789,19,0.09
25357,24270,13,0.84
25358,15951,7,0.34
25359,28155,9,0.01
25360,29910,4,0.84
25361,24018,13,0.64
25362,32357,3,0.03
25363,23247,3,0.3
25364,14829,15,0.68
25365,20668,14,0.32
25366,9515,17,0.81
25367,5302,4,0.19
25368,4841,12,0.12
25369,7981,18,0.49
25370,5757,15,0.85
25371,27638,16,0.57
25372,32866,13,0.25
25373,30691,2,0.22
25374,9494,10,1.0
25375,27939,18,0.5
25376,27184,3,0.71
25377,23581,19,0.74
25378,28385,10,0.66
25379,33445,17,0.88
25380,26957,18,0.19
25381,6561,17,0.27
25382,20671,10,0.16
25383,3002,2,0.77
25384,27260,15,0.96
25385,18219,10,0.99
25386,18542,5,0.96
25387,24286,3,0.44
25388,15516,16,0.58
25389,24082,17,0.03
25390,32004,4,0.99
25391,5003,9,0.4
25392,5840,3,0.9
25393,21670,3,0.82
25394,33091,15,0.97
25395,26090,4,0.79
25396,7526,12,0.39
25397,25008,7,0.47
25398,20905,10,0.98
25399,1789,16,0.0
25400,2039,16,0.86
25401,11952,19,0.81
25402,22706,1,0.99
25403,34026,15,0.06
25404,32462,4,0.22
25405,859,3,0.89
25406,3790,9,0.44
25407,30079,8,0.15
25408,28261,16,0.02
25409,27720,15,0.27
25410,18935,1,0.18
25411,9769,19,0.29
25412,23189,9,0.33
25413,9013,8,0.58
25414,20128,12,0.74
25415,3627,1,0.74
25416,33259,9,0.99
25417,30785,2,0.35
25418,13563,4,0.3
25419,25198,1,0.34
25420,21893,13,0.98
25421,31621,10,0.59
25422,6027,4,0.05
25423,28752,5,0.35
25424,6242,13,0.93
25425,22377,1,0.52
25426,7409,15,0.38
25427,3958,13,0.31
25428,31553,14,0.69
25429,7731,16,0.86
25430,30774,19,0.56
25431,6327,16,0.05
25432,19876,7,1.0
25433,24353,16,0.2
25434,12839,19,0.84
25435,26642,7,0.41
25436,18583,5,0.36
25437,10845,3,0.22
25438,12876,4,0.61
25439,9932,4,0.45
25440,3730,9,0.19
25441,21429,12,0.31
25442,13896,2,0.12
25443,24184,13,0.19
25444,33341,1,0.19
25445,27890,4,0.97
25446,7922,4,0.57
25447,1614,17,0.22
25448,22622,7,0.08
25449,7362,9,0.46
25450,14143,9,0.04
25451,24689,10,0.72
25452,25822,19,0.28
25453,4772,12,0.71
25454,16343,19,0.56
25455,5258,15,0.09
25456,25650,1,0.07
25457,15632,13,0.79
25458,18829,12,0.95
25459,14448,10,0.98
25460,18142,4,0.5
25461,19677,6,0.96
25462,32922,4,0.28
25463,8053,18,0.45
25464,28336,7,0.43
25465,19945,13,0.43
25466,6237,2,0.07
25467,3856,16,0.83
25468,8229,2,0.63
25469,15433,18,0.3
25470,2226,7,0.06
25471,6953,19,0.04
25472,29441,5,0.86
25473,1329,19,0.91
25474,5128,17,1.0
25475,11061,15,0.68
25476,11136,11,0.44
25477,27236,7,0.21
25478,18824,6,0.53
25479,9855,8,0.95
25480,10940,7,0.88
25481,30365,1,0.9
25482,16465,19,0.76
25483,23511,13,0.22
25484,21864,6,0.58
25485,22459,12,0.19
25486,940,9,0.9
25487,2888,14,0.61
25488,17743,12,0.7
25489,3849,2,0.7
25490,6847,19,0.07
25491,29731,19,0.15
25492,20942,6,0.35
25493,21433,18,0.08
25494,31620,10,0.46
25495,8229,17,0.03
25496,28381,3,0.85
25497,29453,16,0.98
25498,22324,5,0.41
25499,30412,16,0.59
25500,28425,5,0.07
25501,222,8,0.41
25502,848,18,0.36
25503,23847,11,0.72
25504,4030,1,0.66
25505,119,4,0.76
25506,20491,4,0.33
25507,5118,1,0.61
25508,12553,2,0.19
25509,2875,18,0.08
25510,27753,6,0.87
25511,21455,16,0.75
25512,1559,14,0.71
25513,24434,7,0.1
25514,510,16,0.38
25515,26317,2,0.79
25516,30708,8,0.33
25517,20787,13,0.36
25518,23124,15,0.06
25519,13789,1,0.98
25520,8083,15,0.36
25521,29135,6,0.19
25522,26317,13,0.04
25523,24426,6,0.33
25524,13198,16,0.65
25525,29523,9,0.41
25526,24278,7,0.35
25527,30756,8,0.02
25528,29889,2,0.01
25529,24418,17,0.67
25530,30185,6,0.32
25531,3058,7,0.36
25532,34678,12,0.58
25533,24975,15,0.79
25534,1986,10,0.36
25535,32087,4,0.03
25536,31174,1,0.77
25537,6869,13,0.08
25538,25961,7,0.37
25539,16312,7,0.94
25540,11157,5,0.43
25541,19344,9,0.73
25542,33923,19,0.25
25543,4290,13,0.99
25544,8291,14,0.63
25545,6728,1,0.06
25546,30882,7,0.98
25547,24681,16,0.58
25548,31009,3,0.29
25549,9292,16,0.64
25550,17535,6,0.64
25551,25574,6,0.32
25552,33675,19,0.16
25553,15577,4,0.29
25554,1427,11,0.66
25555,5919,19,0.21
25556,17183,1,0.99
25557,26292,12,0.39
25558,2273,14,0.15
25559,7656,16,0.38
25560,10037,9,0.87
25561,56,13,0.98
25562,20508,16,0.95
25563,15726,16,0.22
25564,26622,15,0.23
25565,22090,5,0.66
25566,15452,2,0.8
25567,1392,14,0.64
25568,3535,17,0.74
25569,34770,5,0.57
25570,5439,6,0.53
25571,13202,12,0.28
25572,29873,15,1.0
25573,34406,19,0.66
25574,18665,18,0.43
25575,13763,2,0.76
25576,1716,6,0.59
25577,18239,6,0.1
25578,21426,5,0.84
25579,21263,13,0.44
25580,3342,10,0.17
25581,20737,10,0.38
25582,30182,12,0.16
25583,31237,10,0.47
25584,31349,5,0.51
25585,17326,18,0.81
25586,18554,12,0.48
25587,10856,5,0.46
25588,12230,18,0.63
25589,24172,15,0.16
25590,32730,4,0.14
25591,6494,12,0.4
25592,15457,19,0.97
25593,17589,17,0.47
25594,19184,9,0.44
25595,19242,16,0.21
25596,15199,10,0.59
25597,912,3,0.67
25598,12061,16,0.35
25599,22068,16,0.68
25600,700,12,0.67
25601,10497,5,0.82
25602,8252,11,0.42
25603,9076,17,1.0
25604,12231,18,0.6
25605,22916,1,0.4
25606,19620,3,0.18
25607,32301,13,0.76
25608,25712,4,0.88
25609,33878,2,0.11
25610,7971,18,0.26
25611,1029,2,0.32
25612,34103,17,0.06
25613,16373,17,0.87
25614,9139,15,0.68
25615,16896,8,0.8
25616,6988,12,0.82
25617,18636,18,0.97
25618,7107,3,0.13
25619,2336,15,0.71
25620,4722,10,0.33
25621,11521,12,0.92
25622,28879,11,0.42
25623,9473,4,0.39
25624,21993,8,0.66
25625,7174,13,0.41
25626,19482,9,0.31
25627,27253,8,0.41
25628,2080,18,0.61
25629,13841,8,0.72
25630,11098,17,0.82
25631,14585,5,0.82
25632,33704,16,0.09
25633,3436,1,0.18
25634,18155,14,0.47
25635,20984,5,0.56
25636,14313,8,0.17
25637,25919,3,0.79
25638,185,15,0.87
25639,29698,16,0.65
25640,107,10,0.9
25641,23291,17,0.98
25642,30371,1,0.26
25643,26750,13,0.98
25644,31503,16,0.17
25645,33763,11,0.6
25646,27154,11,0.55
25647,30883,8,0.4
25648,4565,5,0.34
25649,6667,19,0.78
25650,28407,19,0.08
25651,16870,16,0.12
25652,13790,1,0.35
25653,30518,6,0.65
25654,22445,6,0.62
25655,2884,17,0.31
25656,24687,19,0.02
25657,1386,15,0.1
25658,3821,8,0.64
25659,25338,2,0.51
25660,16350,14,0.48
25661,14013,1,0.76
25662,32406,2,0.55
25663,33214,4,0.48
25664,24948,6,0.48
25665,19887,16,0.25
25666,585,9,0.68
25667,11305,14,0.83
25668,21608,5,0.91
25669,9545,5,0.71
25670,9348,9,0.71
25671,13635,10,0.56
25672,29963,1,0.94
25673,18415,5,0.69
25674,28647,4,0.07
25675,17631,14,0.21
25676,25134,14,0.42
25677,28592,18,0.63
25678,832,5,0.42
25679,11512,11,0.33
25680,3259,15,0.16
25681,10927,12,0.77
25682,24881,19,0.15
25683,20625,11,0.76
25684,20939,11,0.06
25685,10526,15,0.39
25686,22410,19,0.81
25687,34746,12,0.49
25688,23470,16,0.74
25689,8005,4,0.04
25690,20365,4,0.49
25691,31325,18,0.53
25692,27104,11,0.37
25693,16427,3,0.45
25694,29875,12,0.48
25695,27250,7,0.57
25696,29380,18,0.49
25697,33608,8,0.61
25698,15571,13,0.5
25699,5288,19,0.3
25700,10935,5,0.45
25701,26042,5,0.08
25702,3897,10,0.86
25703,9632,6,0.23
25704,18131,18,0.29
25705,2718,5,0.24
25706,1022,18,0.37
25707,17714,3,0.6
25708,19370,13,0.71
25709,6513,9,0.11
25710,12856,12,0.61
25711,8075,17,0.8
25712,29842,8,0.15
25713,7015,15,0.36
25714,28547,16,0.6
25715,33294,7,0.51
25716,22747,14,0.87
25717,31550,10,0.01
25718,32574,8,0.92
25719,10067,11,0.48
25720,10205,8,0.53
25721,23462,6,0.62
25722,30628,14,0.91
25723,23110,12,0.9
25724,34409,12,0.53
25725,25044,14,0.14
25726,33366,7,0.98
25727,21611,7,0.39
25728,31545,9,0.37
25729,18353,2,0.57
25730,15626,8,0.8
25731,15570,2,0.35
25732,13139,14,0.49
25733,26319,12,0.72
25734,352,6,0.79
25735,30831,17,0.37
25736,26621,15,0.47
25737,21017,14,0.23
25738,12417,11,0.59
25739,2956,14,0.74
25740,15188,12,0.27
25741,24534,3,0.79
25742,12800,12,0.65
25743,9763,14,0.99
25744,20565,12,0.47
25745,31418,3,0.39
25746,7216,17,0.82
25747,5741,11,0.88
25748,12779,9,0.02
25749,25036,10,0.3
25750,15133,6,0.31
25751,33828,2,0.03
25752,8530,11,0.86
25753,1997,18,0.11
25754,18655,11,0.3
25755,27957,10,0.15
25756,12524,9,0.72
25757,23337,19,0.1
25758,12688,9,0.65
25759,30239,17,0.75
25760,4856,5,0.46
25761,25721,18,0.71
25762,4399,1,0.53
25763,5819,18,0.4
25764,28875,18,0.02
25765,33802,1,0.62
25766,14658,6,0.78
25767,30114,5,0.17
25768,19327,15,0.65
25769,29372,14,0.96
25770,30610,16,0.64
25771,4452,16,0.36
25772,1389,4,0.48
25773,15067,3,0.49
25774,11242,16,0.76
25775,3078,17,0.98
25776,10479,9,0.02
25777,34890,12,0.64
25778,955,3,0.9
25779,17338,4,0.24
25780,12199,16,0.37
25781,16640,3,0.13
25782,21254,7,0.09
25783,22604,9,0.21
25784,30852,13,0.41
25785,22617,19,0.78
25786,34712,4,0.99
25787,18293,13,0.28
25788,24907,19,0.76
25789,20666,18,0.69
25790,23589,5,0.34
25791,2037,2,0.93
25792,16785,9,0.14
25793,17804,8,0.58
25794,1623,5,0.89
25795,22435,3,0.12
25796,32988,2,0.55
25797,29644,11,0.02
25798,32993,14,0.38
25799,19927,17,0.96
25800,15718,19,0.89
25801,15734,3,0.52
25802,32866,5,0.5
25803,2876,14,0.74
25804,28747,4,0.83
25805,28219,2,0.93
25806,25955,19,0.93
25807,10784,14,0.31
25808,7920,9,0.48
25809,16640,16,0.54
25810,32142,17,0.7
25811,32141,14,0.39
25812,14006,5,0.05
25813,1422,16,0.22
25814,34293,2,0.02
25815,357,2,0.06
25816,28819,9,0.83
25817,19734,19,0.82
25818,26239,4,0.59
25819,34743,17,0.76
25820,12473,18,0.17
25821,3214,13,0.19
25822,33754,8,0.9
25823,9136,3,0.25
25824,19121,6,0.07
25825,10204,7,0.34
25826,898,13,0.12
25827,12859,11,0.95
25828,13496,11,0.14
25829,8044,11,0.6
25830,14331,16,0.88
25831,6095,18,0.09
25832,3516,3,0.01
25833,30278,16,0.43
25834,14226,1,0.67
25835,10717,7,0.2
25836,26379,8,0.25
25837,27291,1,0.39
25838,32173,9,0.31
25839,1589,19,0.22
25840,28235,5,0.53
25841,2472,5,0.49
25842,11762,16,0.72
25843,9258,4,0.98
25844,9303,5,0.11
25845,8393,15,0.05
25846,28747,8,0.87
25847,22797,1,0.38
25848,28786,14,0.76
25849,12365,7,0.11
25850,14864,2,0.99
25851,9001,9,0.02
25852,29127,17,0.6
25853,30426,12,0.54
25854,15492,5,0.23
25855,15753,13,0.18
25856,9489,4,0.5
25857,19443,1,0.82
25858,13445,5,0.24
25859,23340,16,0.48
25860,32763,6,0.01
25861,7312,10,0.34
25862,6740,11,0.61
25863,11259,8,0.31
25864,26913,7,0.77
25865,31299,5,0.31
25866,21338,6,0.59
25867,1798,17,0.99
25868,7482,18,0.74
25869,3125,18,0.03
25870,33166,11,0.44
25871,13062,1,0.43
25872,30758,8,0.54
25873,11909,4,0.97
25874,12532,13,0.89
25875,16205,7,0.7
25876,20916,9,0.32
25877,23256,14,0.26
25878,7145,8,0.27
25879,3731,3,0.13
25880,30672,13,0.71
25881,23092,14,0.2
25882,21949,1,0.52
25883,18291,3,0.09
25884,12841,8,0.89
25885,31622,4,0.1
25886,16118,11,0.37
25887,34020,2,0.81
25888,25677,7,0.69
25889,4282,12,0.58
25890,4993,15,0.18
25891,12867,15,0.98
25892,18825,6,0.81
25893,7304,8,0.21
25894,26037,14,1.0
25895,2613,3,0.58
25896,4076,2,0.37
25897,30442,12,0.65
25898,22549,17,0.94
25899,15574,13,0.96
25900,19209,9,0.87
25901,10311,18,0.45
25902,19467,6,0.37
25903,34983,10,0.37
25904,29343,19,0.34
25905,12856,8,0.85
25906,29504,19,0.25
25907,15719,2,0.85
25908,6213,9,0.98
25909,19624,5,0.81
25910,30939,14,0.86
25911,9574,19,0.17
25912,29369,19,0.56
25913,30011,19,0.32
25914,25708,10,0.77
25915,1388,5,0.96
25916,6497,16,0.5
25917,21403,13,0.66
25918,27041,6,0.71
25919,5393,18,0.24
25920,3538,2,0.43
25921,1278,10,0.21
25922,6026,11,0.19
25923,23001,1,0.71
25924,11858,10,0.38
25925,6056,11,0.63
25926,17973,4,0.7
25927,24664,16,0.67
25928,21197,18,0.49
25929,27919,14,0.67
25930,25571,19,0.37
25931,13630,5,0.95
25932,21145,10,0.92
25933,5123,15,0.89
25934,20706,15,0.85
25935,2091,1,0.57
25936,9206,1,0.06
25937,2350,15,0.56
25938,24464,3,0.58
25939,8336,14,0.44
25940,27096,10,0.88
25941,12843,11,0.83
25942,1479,18,0.97
25943,33484,1,0.76
25944,24229,17,0.83
25945,2156,7,0.79
25946,10375,8,0.36
25947,34390,2,0.53
25948,6818,9,0.17
25949,10037,11,0.33
25950,19327,5,0.35
25951,30107,6,0.55
25952,24580,8,0.37
25953,10877,15,0.34
25954,17213,5,0.69
25955,21895,9,0.23
25956,4927,3,0.45
25957,21577,17,0.36
25958,14088,15,0.0
25959,26062,2,0.06
25960,24448,8,0.84
25961,5789,19,0.53
25962,2376,3,0.96
25963,26393,3,0.15
25964,21100,2,0.38
25965,13401,2,0.82
25966,22230,15,0.65
25967,2019,16,0.27
25968,34662,10,0.1
25969,15631,19,0.56
25970,11707,4,0.43
25971,9245,9,0.35
25972,11282,2,0.87
25973,3272,19,0.05
25974,7293,7,0.26
25975,18629,6,0.1
25976,31417,6,0.56
25977,30234,18,0.14
25978,24385,1,0.33
25979,19929,14,0.68
25980,13793,12,0.53
25981,2913,15,0.85
25982,4884,11,0.69
25983,29805,19,0.57
25984,6607,1,0.1
25985,6523,5,0.17
25986,21058,2,0.61
25987,21622,1,0.09
25988,34377,16,0.42
25989,33591,19,0.25
25990,4954,11,0.14
25991,15089,7,0.17
25992,24494,11,0.66
25993,6316,15,0.74
25994,7886,13,0.78
25995,5572,1,0.45
25996,16513,13,0.11
25997,7633,3,0.78
25998,26795,14,0.08
25999,3239,6,0.67
26000,29837,19,0.83
26001,7153,18,0.93
26002,29343,15,0.72
26003,26955,14,0.16
26004,15412,19,0.44
26005,8747,19,0.97
26006,20725,13,0.06
26007,2486,13,0.78
26008,20196,19,0.32
26009,1809,12,0.35
26010,8613,1,0.71
26011,15284,1,0.38
26012,10193,5,0.01
26013,10493,1,0.76
26014,22216,11,0.26
26015,1497,5,0.43
26016,19630,3,0.64
26017,31577,2,0.18
26018,27178,8,0.86
26019,8314,15,0.03
26020,21640,1,0.51
26021,12236,5,0.33
26022,6957,11,0.38
26023,12834,19,0.56
26024,7570,19,0.37
26025,30554,15,0.39
26026,19474,6,0.05
26027,11375,3,0.25
26028,15930,18,0.04
26029,16989,7,0.08
26030,26844,11,0.98
26031,16223,17,0.83
26032,1224,8,0.45
26033,6495,12,0.79
26034,29295,18,0.12
26035,30189,15,0.68
26036,24299,17,0.11
26037,32016,3,0.89
26038,23175,15,0.66
26039,5472,13,0.74
26040,30149,11,0.96
26041,15658,5,0.65
26042,7447,9,0.19
26043,7833,15,0.57
26044,18633,17,0.57
26045,29021,7,0.03
26046,31933,5,0.53
26047,12757,10,0.11
26048,4386,2,0.78
26049,15821,12,0.45
26050,31488,18,0.36
26051,9171,3,0.72
26052,12278,18,0.18
26053,28235,3,0.43
26054,24041,2,0.86
26055,33175,6,0.14
26056,28223,8,0.32
26057,6981,1,0.28
26058,14196,13,0.34
26059,8502,8,0.28
26060,3768,16,0.09
26061,32047,19,0.82
26062,31587,4,0.41
26063,29535,13,0.83
26064,34627,18,0.41
26065,24672,11,0.76
26066,19367,6,0.19
26067,14938,7,0.48
26068,25239,1,0.36
26069,34779,18,0.61
26070,700,10,0.73
26071,29244,6,0.2
26072,26958,4,0.61
26073,19505,2,0.44
26074,9424,6,0.4
26075,13646,3,0.83
26076,13142,5,1.0
26077,34429,8,0.09
26078,9514,2,0.94
26079,29286,5,0.99
26080,9603,6,0.07
26081,4979,1,0.39
26082,15988,5,0.42
26083,6279,17,0.02
26084,23678,2,0.86
26085,13268,11,0.65
26086,11555,13,0.58
26087,3836,12,0.37
26088,24551,6,0.78
26089,13674,11,0.41
26090,23681,15,0.94
26091,34790,16,0.28
26092,15801,12,0.39
26093,30190,7,0.81
26094,26658,10,0.13
26095,2816,3,0.44
26096,21875,3,0.45
26097,16553,2,0.82
26098,29583,18,0.47
26099,718,3,0.94
26100,30126,12,0.61
26101,12031,9,0.79
26102,16104,3,0.03
26103,21767,2,0.15
26104,730,19,0.32
26105,24803,9,0.53
26106,32116,17,0.1
26107,3825,7,0.45
26108,11109,11,0.96
26109,22248,11,0.1
26110,25692,1,0.79
26111,15090,18,0.66
26112,31574,6,0.96
26113,8690,19,0.97
26114,17547,9,0.11
26115,19925,9,0.2
26116,21387,9,0.55
26117,25672,16,0.42
26118,30851,15,0.71
26119,12724,19,0.33
26120,11929,13,0.64
26121,19094,13,0.9
26122,24257,15,0.09
26123,30415,13,0.43
26124,30938,15,0.64
26125,29486,11,0.92
26126,9761,10,0.36
26127,23969,8,0.67
26128,19028,3,0.67
26129,26755,15,0.87
26130,1076,19,0.03
26131,27498,1,0.17
26132,34194,2,0.31
26133,4483,15,0.12
26134,25818,14,0.72
26135,2630,16,0.86
26136,4712,1,0.57
26137,5740,12,0.5
26138,7886,18,0.53
26139,16237,9,0.57
26140,26174,17,0.84
26141,6667,11,0.06
26142,234,1,0.13
26143,15248,15,0.1
26144,5826,6,0.34
26145,24109,1,0.91
26146,14113,2,0.92
26147,1972,4,0.14
26148,6161,19,0.09
26149,12729,3,0.65
26150,16677,16,0.53
26151,217,18,0.31
26152,9802,17,0.84
26153,1471,7,0.84
26154,5998,5,0.54
26155,10930,13,0.76
26156,11163,14,0.54
26157,26684,13,0.24
26158,29896,19,0.97
26159,9177,13,0.78
26160,6058,18,0.32
26161,22302,6,0.15
26162,23749,15,0.31
26163,13974,17,0.47
26164,25683,16,0.65
26165,19741,10,0.3
26166,14831,16,0.72
26167,9754,9,0.99
26168,9798,6,0.62
26169,27577,16,0.3
26170,10288,16,0.06
26171,14006,3,0.75
26172,17704,16,0.66
26173,31610,6,0.56
26174,3409,6,0.6
26175,28287,14,0.12
26176,12662,13,0.14
26177,10421,18,0.24
26178,3774,12,0.6
26179,25355,6,0.48
26180,13664,4,0.26
26181,21496,10,0.64
26182,12807,16,0.18
26183,33431,6,0.95
26184,5142,15,0.76
26185,14699,11,0.38
26186,9933,4,0.75
26187,20246,5,0.65
26188,7468,18,0.9
26189,24896,13,0.88
26190,2326,19,0.25
26191,18026,10,0.52
26192,5671,13,0.68
26193,3993,18,0.25
26194,1883,17,0.62
26195,26844,4,0.67
26196,3109,9,0.1
26197,31663,14,0.04
26198,1718,5,0.42
26199,7236,6,0.02
26200,7044,19,0.76
26201,30869,3,0.35
26202,5627,9,0.42
26203,31491,18,0.54
26204,1609,9,0.22
26205,21470,19,0.07
26206,11005,1,0.88
26207,15832,8,0.2
26208,7262,12,0.87
26209,21052,16,0.67
26210,30500,4,0.32
26211,24412,9,0.27
26212,29236,5,0.85
26213,3144,14,0.74
26214,23129,18,0.24
26215,20917,2,0.99
26216,23291,4,0.94
26217,17180,1,0.55
26218,29901,5,0.54
26219,33194,17,0.3
26220,32843,6,0.14
26221,29998,8,0.73
26222,655,12,0.05
26223,33274,10,0.16
26224,8941,12,0.73
26225,1744,19,0.78
26226,23336,1,0.97
26227,6707,19,0.2
26228,32089,12,0.22
26229,20740,9,0.87
26230,28910,6,0.34
26231,20076,19,0.57
26232,25768,17,0.26
26233,11916,11,0.24
26234,17116,9,0.62
26235,19542,11,0.33
26236,7333,10,0.13
26237,9020,4,0.37
26238,18103,18,0.54
26239,3539,17,0.07
26240,34560,6,0.16
26241,22324,10,0.02
26242,22006,10,0.4
26243,25279,6,0.43
26244,10941,14,0.43
26245,2332,10,0.93
26246,31758,4,0.13
26247,6020,5,0.56
26248,5921,13,0.6
26249,16061,18,0.28
26250,34483,7,0.34
26251,31991,16,0.11
26252,17409,17,0.35
26253,10126,4,0.16
26254,26405,14,0.63
26255,9878,2,0.06
26256,19711,10,0.99
26257,24133,11,0.47
26258,25549,9,0.62
26259,2862,5,0.1
26260,25736,6,0.35
26261,8792,17,0.96
26262,70,4,0.44
26263,10585,4,0.88
26264,7981,11,0.19
26265,5829,16,0.55
26266,18146,14,0.6
26267,10736,14,0.21
26268,24541,12,0.6
26269,3745,18,0.83
26270,18494,4,0.01
26271,22785,3,0.43
26272,23845,4,0.74
26273,34903,3,0.18
26274,16246,6,0.79
26275,15675,2,0.53
26276,34443,12,0.09
26277,489,15,0.79
26278,31617,19,0.72
26279,10834,9,0.89
26280,19162,3,0.05
26281,15081,12,0.55
26282,17815,9,0.45
26283,21090,16,0.93
26284,6351,6,0.35
26285,14964,15,0.88
26286,21625,10,0.72
26287,9636,17,0.13
26288,14859,18,0.85
26289,11514,5,0.39
26290,17343,9,0.77
26291,5251,2,0.84
26292,763,16,0.44
26293,4223,5,0.37
26294,18812,18,0.37
26295,11927,13,0.61
26296,28907,19,0.34
26297,79,13,0.93
26298,4996,19,0.47
26299,4534,15,0.52
26300,1690,2,0.35
26301,29161,4,0.63
26302,28101,9,0.67
26303,62,12,0.87
26304,10591,4,0.4
26305,18166,7,0.41
26306,13348,2,0.24
26307,20910,3,0.53
26308,29548,6,0.73
26309,33378,15,1.0
26310,28606,8,0.56
26311,10673,12,0.82
26312,30948,11,0.77
26313,11670,18,0.01
26314,30316,17,0.9
26315,22872,15,0.68
26316,9892,14,0.81
26317,31389,8,0.21
26318,18917,12,0.38
26319,31390,14,0.16
26320,26570,5,0.84
26321,34061,18,0.7
26322,28758,11,0.23
26323,13297,5,0.69
26324,22496,13,0.46
26325,8882,19,0.55
26326,20443,3,0.21
26327,7086,6,0.54
26328,24733,12,0.3
26329,33434,15,0.44
26330,3156,18,0.54
26331,25305,6,0.6
26332,19889,15,0.15
26333,11547,17,0.39
26334,7095,8,0.13
26335,17956,13,0.07
26336,6122,13,0.63
26337,9078,6,0.4
26338,16624,13,0.05
26339,34614,18,0.08
26340,26751,8,0.14
26341,15321,19,0.32
26342,20358,6,0.88
26343,13109,3,0.89
26344,33203,2,0.92
26345,11185,7,0.6
26346,28454,13,0.66
26347,24169,19,0.66
26348,821,2,0.37
26349,2038,2,0.25
26350,8688,6,0.14
26351,29837,6,0.5
26352,6766,7,0.82
26353,28094,15,0.9
26354,7331,9,0.66
26355,28904,19,1.0
26356,30220,17,0.01
26357,25897,18,0.98
26358,34504,7,0.23
26359,9836,15,0.51
26360,32328,1,0.84
26361,14009,13,0.08
26362,32826,13,0.89
26363,17914,12,0.46
26364,23091,9,0.01
26365,30919,13,0.45
26366,22923,3,0.01
26367,25053,16,0.56
26368,21557,7,0.25
26369,28433,10,0.7
26370,33251,12,0.33
26371,1081,3,0.09
26372,29977,6,0.43
26373,1711,6,0.5
26374,12141,4,0.11
26375,32164,2,0.78
26376,21584,1,0.91
26377,5216,17,0.29
26378,7645,17,0.13
26379,15215,2,0.17
26380,3940,10,0.84
26381,2100,19,0.33
26382,23827,5,0.55
26383,24320,16,0.95
26384,17933,14,0.67
26385,30283,8,0.07
26386,378,2,0.61
26387,7067,9,0.05
26388,23767,9,0.63
26389,32233,14,0.84
26390,24814,15,0.73
26391,14111,18,0.11
26392,2296,1,0.04
26393,5545,11,0.1
26394,14539,16,0.1
26395,26854,12,0.41
26396,164,15,1.0
26397,28613,17,0.1
26398,171,13,0.48
26399,2802,13,0.45
26400,4226,19,0.73
26401,239,16,0.34
26402,5581,18,0.67
26403,3801,12,0.99
26404,25661,16,0.96
26405,10339,7,0.02
26406,26364,15,0.35
26407,23791,10,0.07
26408,22750,10,0.36
26409,33200,9,0.41
26410,1110,13,0.19
26411,2007,19,0.91
26412,27296,16,0.72
26413,13735,7,0.42
26414,5040,16,0.99
26415,21152,1,0.2
26416,29599,14,0.01
26417,19946,2,0.95
26418,23923,16,0.85
26419,7501,12,0.39
26420,27768,7,0.67
26421,28831,14,0.99
26422,11849,7,0.85
26423,19028,3,0.76
26424,31082,13,0.5
26425,18951,17,0.21
26426,3091,10,0.18
26427,33954,15,0.35
26428,33371,1,0.83
26429,1289,17,0.52
26430,20530,2,0.69
26431,28499,18,0.6
26432,376,15,0.22
26433,18185,6,0.95
26434,34994,7,0.53
26435,30042,11,0.15
26436,16634,16,0.93
26437,26895,5,0.94
26438,26595,9,0.61
26439,16667,6,0.68
26440,1147,5,0.16
26441,5893,7,0.39
26442,17711,7,0.7
26443,18377,19,0.09
26444,24024,7,0.97
26445,30461,15,0.52
26446,5211,14,0.1
26447,29822,4,0.68
26448,27005,11,0.53
26449,33006,5,0.13
26450,15587,9,0.24
26451,21548,6,0.91
26452,2457,7,0.7
26453,15325,5,0.93
26454,26573,14,0.57
26455,25424,4,0.81
26456,21236,8,0.27
26457,11468,4,0.89
26458,6623,9,0.76
26459,8310,18,0.52
26460,31771,10,0.29
26461,14689,4,0.13
26462,31621,18,0.16
26463,1159,9,0.77
26464,3914,8,0.36
26465,19173,7,1.0
26466,10923,15,0.96
26467,59,7,0.19
26468,20257,4,0.31
26469,24868,1,0.54
26470,20683,14,0.19
26471,2058,2,0.19
26472,12401,4,0.12
26473,22089,18,0.38
26474,23928,2,0.82
26475,23228,7,0.17
26476,11440,15,0.86
26477,26837,19,0.49
26478,16205,7,0.52
26479,4346,2,0.24
26480,15677,9,0.18
26481,1818,5,0.7
26482,26177,9,0.68
26483,6302,13,0.7
26484,20263,2,0.65
26485,19759,2,0.4
26486,31541,15,1.0
26487,1321,17,0.87
26488,29944,17,0.79
26489,6634,6,0.56
26490,21938,5,0.63
26491,7394,19,0.57
26492,21776,7,0.82
26493,16213,11,0.22
26494,12785,6,0.31
26495,29638,9,0.65
26496,21758,5,0.89
26497,8028,5,0.66
26498,4433,2,0.61
26499,2078,3,0.54
26500,20085,3,0.85
26501,18171,19,0.18
26502,8725,15,0.62
26503,30294,3,0.75
26504,29581,17,0.15
26505,29112,4,0.93
26506,16492,2,0.5
26507,13453,5,0.15
26508,21287,17,0.34
26509,24597,6,0.47
26510,24151,4,0.95
26511,9323,19,0.18
26512,30694,6,0.96
26513,21658,8,0.15
26514,32674,16,0.94
26515,27457,1,1.0
26516,17152,11,0.46
26517,5195,18,0.63
26518,392,13,0.44
26519,8163,18,0.07
26520,10675,12,0.42
26521,22746,11,0.67
26522,34875,11,0.6
26523,24041,5,0.28
26524,16375,4,0.45
26525,19613,8,0.05
26526,15104,16,0.12
26527,1599,8,0.62
26528,911,5,0.77
26529,31318,14,0.26
26530,21683,9,0.28
26531,2231,14,0.76
26532,22763,5,0.41
26533,29312,5,0.67
26534,6873,16,0.92
26535,28465,13,0.56
26536,30580,15,0.64
26537,19548,16,0.82
26538,25828,15,0.19
26539,6768,16,0.26
26540,9934,14,0.69
26541,26175,9,0.15
26542,18132,19,0.48
26543,22317,12,0.01
26544,34612,17,0.21
26545,5379,19,0.67
26546,15756,4,0.45
26547,4100,13,0.35
26548,22359,3,0.0
26549,21713,14,0.89
26550,17696,13,0.77
26551,172,13,0.48
26552,4353,8,0.52
26553,9278,19,0.95
26554,11019,15,0.24
26555,7980,13,0.19
26556,14065,19,0.81
26557,17410,14,0.21
26558,25425,17,0.78
26559,32741,10,0.44
26560,17135,1,0.79
26561,20096,17,0.28
26562,24154,3,0.38
26563,27860,14,0.92
26564,744,6,0.47
26565,4861,11,0.14
26566,26339,3,0.44
26567,8415,10,0.06
26568,20675,9,0.5
26569,406,1,0.58
26570,33910,3,0.75
26571,15693,6,0.31
26572,17573,14,0.46
26573,21422,11,0.91
26574,27100,16,0.4
26575,8330,1,0.1
26576,24538,12,0.83
26577,15289,5,0.5
26578,1156,13,0.6
26579,10345,4,0.83
26580,23613,19,0.96
26581,5778,15,0.93
26582,3488,12,0.05
26583,31683,4,0.46
26584,19833,10,0.89
26585,4422,10,0.86
26586,29104,2,0.97
26587,19034,2,0.83
26588,10001,7,0.39
26589,5445,16,0.48
26590,34009,19,0.99
26591,25995,6,0.33
26592,8247,13,0.96
26593,28629,13,0.06
26594,27156,15,0.51
26595,4632,18,0.68
26596,8427,11,0.11
26597,20688,9,0.22
26598,26148,9,0.71
26599,4676,14,0.78
26600,29406,14,0.65
26601,8067,18,0.69
26602,20747,7,0.62
26603,12677,5,0.29
26604,6827,14,0.58
26605,16591,3,0.79
26606,33784,18,0.22
26607,1544,5,0.24
26608,2712,1,0.41
26609,26855,11,0.28
26610,10337,3,0.55
26611,21663,12,0.13
26612,7100,3,0.97
26613,3047,12,0.64
26614,24382,7,0.79
26615,21092,2,0.05
26616,15778,18,0.14
26617,22235,19,0.61
26618,13976,18,0.93
26619,20874,9,0.82
26620,6199,4,0.49
26621,34729,2,0.49
26622,10997,12,0.11
26623,552,8,0.27
26624,26042,13,0.89
26625,22092,12,0.52
26626,24455,2,0.21
26627,11901,12,0.7
26628,14939,14,0.42
26629,21746,16,0.77
26630,26346,17,0.74
26631,20663,7,0.44
26632,26823,10,0.7
26633,17449,12,0.13
26634,2842,5,0.5
26635,3417,16,0.22
26636,15015,17,0.76
26637,13838,3,0.17
26638,9321,19,0.46
26639,14540,10,0.56
26640,28224,13,0.57
26641,12416,4,0.44
26642,2888,14,0.69
26643,12927,2,0.07
26644,30441,16,0.69
26645,22395,2,0.3
26646,2847,9,0.62
26647,17988,6,0.76
26648,16861,5,0.05
26649,31095,3,0.42
26650,13408,18,0.96
26651,20568,6,0.88
26652,10588,6,0.88
26653,27270,4,0.72
26654,24993,8,0.27
26655,33875,15,0.8
26656,23055,19,0.1
26657,25725,13,0.64
26658,14166,13,0.66
26659,25678,3,0.67
26660,2839,4,0.32
26661,31859,6,0.05
26662,21492,19,0.71
26663,5649,18,0.82
26664,21856,11,0.15
26665,29462,5,0.65
26666,31966,14,0.31
26667,4487,5,0.45
26668,23309,16,0.58
26669,7857,13,0.29
26670,29188,17,0.1
26671,25076,7,0.77
26672,2485,7,0.68
26673,12183,17,0.03
26674,7874,11,0.03
26675,32337,15,0.05
26676,26892,2,0.6
26677,22396,18,0.46
26678,27568,6,0.03
26679,29494,11,0.85
26680,25507,4,0.71
26681,29845,13,0.47
26682,3415,10,0.58
26683,2850,11,0.33
26684,5393,4,0.68
26685,1537,5,0.04
26686,1550,17,0.72
26687,8591,12,0.85
26688,9760,8,0.98
26689,10005,4,0.7
26690,31608,8,0.42
26691,6571,12,0.52
26692,22218,9,0.01
26693,1436,2,0.33
26694,16494,15,0.15
26695,307,4,0.75
26696,5064,10,0.76
26697,846,1,0.79
26698,22409,19,0.55
26699,20112,2,0.84
26700,9210,5,0.58
26701,812,8,0.48
26702,24562,6,0.67
26703,11942,18,0.36
26704,5492,18,0.79
26705,4840,17,0.0
26706,688,7,0.07
26707,18803,2,0.16
26708,34188,17,0.26
26709,20919,9,0.1
26710,13273,7,0.32
26711,22878,8,0.61
26712,34785,2,0.87
26713,29108,18,0.67
26714,1153,14,0.56
26715,17053,5,0.06
26716,29097,19,0.08
26717,20814,17,0.37
26718,17750,18,0.78
26719,11111,7,0.39
26720,27246,18,0.68
26721,22941,2,0.55
26722,29300,2,0.37
26723,9841,6,0.54
26724,25369,12,0.46
26725,9700,2,0.33
26726,5331,5,0.19
26727,20942,8,0.56
26728,25273,15,0.86
26729,6242,11,0.14
26730,20883,3,0.81
26731,24473,5,0.43
26732,7309,11,0.76
26733,8503,16,0.28
26734,10079,2,0.27
26735,26100,12,0.03
26736,8846,2,0.59
26737,11164,13,0.21
26738,18854,17,0.5
26739,3293,18,0.62
26740,34904,10,0.14
26741,1131,2,0.77
26742,20351,18,0.3
26743,5957,12,0.46
26744,31925,17,0.33
26745,11284,1,0.77
26746,14252,17,0.48
26747,27715,7,0.2
26748,20213,4,0.81
26749,19719,5,0.37
26750,34222,12,0.14
26751,10168,2,0.15
26752,23182,19,0.51
26753,12896,1,0.6
26754,20843,6,0.65
26755,29869,10,0.65
26756,32338,6,0.92
26757,6109,13,0.33
26758,31411,4,0.65
26759,9358,1,0.02
26760,26269,14,0.68
26761,1884,9,0.71
26762,25362,2,0.47
26763,32908,19,0.77
26764,5975,11,0.81
26765,8551,12,0.08
26766,25847,9,0.37
26767,32065,1,0.34
26768,15174,4,0.28
26769,14368,12,0.63
26770,23608,4,0.01
26771,32069,4,0.04
26772,13746,15,0.92
26773,7218,4,0.95
26774,5227,16,0.3
26775,10964,17,0.65
26776,21418,3,0.49
26777,19595,18,0.83
26778,4314,1,0.45
26779,9168,13,0.23
26780,33663,8,0.11
26781,16898,12,0.35
26782,29603,16,0.23
26783,1563,3,0.02
26784,34684,16,0.97
26785,2701,9,0.07
26786,7620,6,0.69
26787,30613,7,0.29
26788,28919,11,0.32
26789,32119,15,0.02
26790,29374,5,0.3
26791,8543,9,0.96
26792,12688,7,0.84
26793,30624,9,0.44
26794,34170,9,0.6
26795,22949,7,0.26
26796,10734,4,0.35
26797,34791,18,0.29
26798,31110,15,0.96
26799,30832,10,0.59
26800,29612,17,0.32
26801,31604,19,0.11
26802,22327,3,0.08
26803,24024,4,0.55
26804,11683,19,0.48
26805,12363,12,0.59
26806,34723,11,1.0
26807,17465,10,0.06
26808,31785,17,0.2
26809,25653,14,0.55
26810,12474,15,0.81
26811,8046,10,0.21
26812,29439,16,1.0
26813,16043,12,0.26
26814,13505,18,0.29
26815,4203,8,0.48
26816,33815,12,0.23
26817,33824,19,0.39
26818,10253,11,0.85
26819,11141,9,0.56
26820,33931,1,0.48
26821,2540,5,0.51
26822,28618,18,0.1
26823,14095,1,0.01
26824,29949,14,0.75
26825,9282,17,0.39
26826,3183,6,0.41
26827,19466,11,0.9
26828,17634,2,0.02
26829,26656,7,0.64
26830,11871,10,0.14
26831,17165,19,0.47
26832,26562,17,0.52
26833,9505,12,0.21
26834,26775,13,0.7
26835,7766,15,0.28
26836,21114,10,0.25
26837,10970,4,0.46
26838,901,11,0.89
26839,29024,9,0.04
26840,508,19,1.0
26841,16529,14,0.21
26842,11501,1,0.19
26843,11411,7,0.48
26844,27911,4,0.72
26845,12448,12,0.81
26846,3367,14,0.83
26847,22018,18,0.98
26848,6585,3,0.16
26849,31252,5,0.77
26850,22481,16,0.27
26851,18032,16,0.35
26852,27156,13,0.17
26853,4532,19,0.76
26854,16081,16,0.18
26855,24721,17,0.02
26856,21265,9,0.16
26857,16020,13,0.47
26858,11874,3,0.12
26859,22496,19,0.68
26860,15885,18,0.04
26861,21257,8,0.15
26862,20975,17,0.03
26863,6224,8,0.63
26864,19516,17,0.64
26865,2852,15,0.2
26866,22832,13,0.55
26867,34438,18,0.36
26868,14314,15,0.43
26869,28793,16,0.3
26870,16381,5,0.96
26871,6178,13,0.54
26872,17007,19,0.64
26873,9039,3,0.93
26874,24140,16,0.59
26875,17150,18,0.18
26876,217,15,0.56
26877,32896,14,0.78
26878,24707,19,0.83
26879,786,11,0.85
26880,24584,1,0.92
26881,18297,14,0.11
26882,20420,6,0.4
26883,30696,5,0.84
26884,9065,9,0.64
26885,14674,18,0.28
26886,9352,10,0.97
26887,25634,13,0.06
26888,20500,7,0.3
26889,25627,8,0.59
26890,28962,2,0.2
26891,9855,19,0.57
26892,21410,16,0.04
26893,20709,5,0.78
26894,27322,18,0.72
26895,33467,8,0.08
26896,5068,7,0.24
26897,26305,13,0.21
26898,26364,11,0.52
26899,12708,7,0.23
26900,28583,12,0.43
26901,9748,3,0.23
26902,1162,4,0.56
26903,29776,13,0.94
26904,9315,18,0.87
26905,21288,9,0.96
26906,17603,17,0.52
26907,2419,4,0.11
26908,16872,12,0.33
26909,13202,1,0.12
26910,12944,16,0.45
26911,31562,18,0.22
26912,31009,12,0.04
26913,15452,3,0.04
26914,11036,5,0.94
26915,11021,17,0.65
26916,15143,16,0.75
26917,24589,13,0.02
26918,693,5,0.57
26919,19562,1,0.36
26920,4912,2,0.51
26921,3707,18,0.81
26922,13863,16,0.69
26923,11377,11,0.76
26924,27884,9,0.96
26925,24241,13,0.53
26926,27965,15,0.34
26927,18319,11,0.02
26928,25847,12,0.29
26929,17873,17,0.96
26930,4789,3,0.97
26931,28314,17,0.37
26932,4782,14,0.6
26933,18229,13,0.29
26934,6368,7,0.81
26935,26711,3,0.89
26936,29703,10,0.66
26937,27628,3,0.33
26938,8692,8,0.59
26939,34616,19,0.14
26940,5434,14,0.29
26941,23704,7,0.1
26942,9486,9,0.95
26943,9476,11,0.05
26944,24623,6,0.19
26945,14483,11,0.92
26946,13397,1,0.19
26947,31717,1,0.58
26948,10457,16,0.84
26949,21848,10,0.95
26950,14396,12,0.01
26951,12647,19,0.88
26952,18104,12,0.1
26953,22454,15,0.3
26954,31450,3,0.77
26955,5489,18,0.54
26956,10405,3,0.74
26957,19489,18,0.51
26958,10891,18,0.28
26959,6662,12,0.73
26960,23948,19,0.04
26961,777,15,0.44
26962,19600,17,0.27
26963,21060,14,0.38
26964,4276,14,0.4
26965,9516,15,0.86
26966,13972,14,0.54
26967,26640,17,0.71
26968,28035,17,0.86
26969,21664,16,0.34
26970,27877,10,0.9
26971,14021,10,0.96
26972,18909,2,0.85
26973,9933,6,0.5
26974,22187,10,0.63
26975,18610,1,0.52
26976,19391,18,0.94
26977,13738,13,0.83
26978,3042,15,0.77
26979,23580,14,0.49
26980,29361,16,0.84
26981,8329,19,0.96
26982,21224,3,0.36
26983,14955,17,0.08
26984,33881,18,0.22
26985,31696,13,0.17
26986,7156,15,1.0
26987,22091,1,0.36
26988,18679,11,0.89
26989,11744,5,0.76
26990,26626,9,0.1
26991,16167,7,0.16
26992,17855,15,0.93
26993,46,16,0.15
26994,5983,14,0.1
26995,5928,14,0.38
26996,32867,11,0.35
26997,2838,14,0.07
26998,2627,7,0.2
26999,23938,6,0.13
27000,15878,9,0.42
27001,32505,14,0.64
27002,20183,2,0.35
27003,11351,15,0.06
27004,12580,3,0.42
27005,23528,14,0.51
27006,8891,9,0.95
27007,26197,18,0.43
27008,23792,6,0.67
27009,12819,4,0.35
27010,2212,10,0.18
27011,24179,6,0.97
27012,4144,5,0.14
27013,741,13,0.83
27014,19181,17,0.78
27015,30755,5,0.42
27016,5612,9,0.5
27017,4227,10,0.83
27018,8179,14,0.32
27019,12399,7,0.62
27020,29480,14,0.34
27021,4013,13,0.52
27022,29361,11,0.11
27023,6123,16,0.75
27024,17099,18,0.06
27025,10318,8,0.38
27026,22588,4,0.55
27027,22246,18,0.46
27028,26875,9,0.31
27029,16884,11,0.73
27030,21546,10,0.73
27031,23016,10,0.78
27032,18162,8,0.84
27033,5342,2,0.02
27034,13833,7,0.14
27035,22867,6,0.16
27036,22017,2,0.77
27037,20982,5,0.66
27038,16753,5,0.49
27039,12337,13,0.75
27040,29683,10,0.38
27041,34046,6,0.83
27042,19863,8,0.26
27043,16287,16,0.81
27044,29158,12,0.7
27045,24142,2,0.03
27046,13290,9,0.81
27047,20733,13,0.76
27048,1940,12,0.37
27049,4151,4,0.81
27050,5435,19,0.52
27051,29895,17,0.12
27052,24619,6,0.34
27053,11766,4,0.84
27054,5378,3,0.18
27055,9355,15,0.6
27056,1117,6,0.93
27057,5141,13,0.92
27058,7513,12,0.91
27059,8029,3,0.25
27060,14981,18,0.61
27061,9127,14,0.12
27062,8141,11,0.95
27063,19179,9,0.21
27064,18092,6,0.19
27065,5886,9,0.25
27066,1479,16,0.99
27067,13631,16,0.84
27068,23390,5,0.17
27069,11429,2,0.21
27070,14313,1,0.91
27071,21055,1,0.72
27072,31602,18,0.58
27073,33716,17,0.26
27074,798,14,0.1
27075,26045,4,0.48
27076,24086,9,0.59
27077,28517,9,0.08
27078,27618,18,0.66
27079,12846,7,0.52
27080,33615,12,0.12
27081,19879,6,0.82
27082,27472,15,0.41
27083,25164,2,0.43
27084,10773,13,0.11
27085,19395,1,0.95
27086,16800,13,0.59
27087,32299,17,0.95
27088,30747,17,0.09
27089,25385,8,0.09
27090,12959,2,0.04
27091,5903,12,0.37
27092,11417,13,0.53
27093,17346,4,0.88
27094,31159,7,0.84
27095,26204,10,0.7
27096,18834,6,0.72
27097,20075,10,0.06
27098,21134,13,0.1
27099,13604,14,0.55
27100,4620,2,0.67
27101,33381,15,0.02
27102,31154,1,0.98
27103,1451,10,0.06
27104,17633,9,0.0
27105,25515,14,0.63
27106,9695,10,0.81
27107,11530,7,0.46
27108,34706,8,0.15
27109,12122,18,0.6
27110,30503,16,0.28
27111,7041,12,0.36
27112,11193,10,0.25
27113,4092,8,0.51
27114,20158,17,0.74
27115,7476,15,0.7
27116,29235,3,0.02
27117,13603,6,0.54
27118,3038,17,0.97
27119,12223,4,0.04
27120,16712,12,0.04
27121,13712,10,0.87
27122,513,19,0.64
27123,21314,16,0.96
27124,23741,14,0.76
27125,4999,5,0.12
27126,27826,13,0.07
27127,17379,8,0.48
27128,25409,11,0.09
27129,23347,18,0.93
27130,6418,17,0.32
27131,14793,13,0.33
27132,990,3,0.61
27133,24611,15,0.31
27134,33737,15,0.15
27135,32164,15,0.04
27136,19668,15,0.67
27137,17381,16,0.49
27138,23529,2,0.65
27139,30793,14,0.49
27140,6737,5,0.79
27141,23113,1,0.66
27142,8287,17,0.0
27143,4611,12,0.4
27144,10527,17,0.24
27145,29489,3,0.29
27146,6881,14,0.36
27147,19690,11,0.28
27148,11545,1,0.35
27149,31988,13,0.85
27150,34402,10,0.21
27151,2515,10,0.51
27152,27063,5,0.39
27153,32970,10,0.99
27154,29997,5,1.0
27155,11219,14,0.85
27156,26255,8,0.59
27157,15967,4,0.65
27158,22584,1,0.5
27159,34295,9,0.77
27160,27122,13,0.01
27161,33062,16,0.84
27162,30897,4,0.18
27163,34654,5,0.72
27164,14983,18,0.95
27165,28522,10,0.32
27166,3952,11,0.52
27167,32173,3,0.37
27168,13081,4,0.08
27169,17344,11,0.94
27170,21592,12,0.62
27171,13047,10,0.96
27172,12868,7,0.34
27173,33773,14,0.55
27174,31329,10,0.97
27175,19564,14,0.5
27176,32863,12,0.47
27177,29112,17,0.42
27178,16315,13,0.69
27179,29246,7,0.22
27180,32303,9,0.47
27181,31737,7,0.43
27182,32770,11,0.93
27183,14904,8,0.57
27184,14448,14,0.32
27185,28950,17,0.8
27186,14423,15,0.75
27187,23377,13,0.82
27188,24135,13,0.14
27189,31817,9,0.22
27190,4845,19,0.65
27191,960,11,0.65
27192,6231,11,0.5
27193,25762,14,0.7
27194,8045,12,0.98
27195,2914,19,0.63
27196,12864,7,0.74
27197,3456,17,0.52
27198,6301,4,0.37
27199,30682,11,0.63
27200,17513,9,0.8
27201,24231,18,0.5
27202,9335,13,0.21
27203,7900,18,0.05
27204,27723,6,0.43
27205,3083,15,0.54
27206,19185,2,0.71
27207,14649,3,0.58
27208,923,10,0.23
27209,11415,7,0.89
27210,33934,4,0.74
27211,6846,15,0.97
27212,25396,9,0.77
27213,8818,3,0.41
27214,11251,3,0.53
27215,17254,6,0.38
27216,3605,2,0.95
27217,31906,10,0.6
27218,15185,10,0.04
27219,30888,16,0.39
27220,32127,3,0.7
27221,2049,10,0.3
27222,18049,6,0.32
27223,23014,10,0.7
27224,11778,8,0.83
27225,28451,18,0.67
27226,22501,2,0.27
27227,13039,15,0.59
27228,24496,10,0.44
27229,29815,6,0.07
27230,34383,3,0.28
27231,19892,4,0.24
27232,29432,3,0.64
27233,32344,7,0.56
27234,23266,11,0.12
27235,12159,7,0.44
27236,34814,18,0.4
27237,3310,8,0.02
27238,18466,5,0.42
27239,16383,15,0.78
27240,5449,15,0.58
27241,21939,8,0.36
27242,24595,13,0.18
27243,13668,15,0.92
27244,10246,6,0.02
27245,7432,5,0.4
27246,12180,14,0.51
27247,19017,11,0.07
27248,17571,12,0.72
27249,29900,19,0.54
27250,11376,4,0.05
27251,16976,17,0.46
27252,15674,10,0.66
27253,8941,8,0.28
27254,19994,5,0.32
27255,29571,9,0.04
27256,11516,19,0.26
27257,7837,15,0.59
27258,6062,5,0.93
27259,21260,7,0.97
27260,27483,11,0.22
27261,2327,6,0.8
27262,22665,17,0.85
27263,29327,10,0.22
27264,13336,5,0.06
27265,11048,14,0.29
27266,16374,14,0.6
27267,23784,19,0.5
27268,14971,9,0.1
27269,18318,11,0.88
27270,19150,3,0.92
27271,17131,4,0.09
27272,26683,16,0.47
27273,12492,10,0.9
27274,33185,8,0.73
27275,32643,14,0.16
27276,12733,12,0.0
27277,14081,9,0.4
27278,6081,13,0.49
27279,11481,13,0.03
27280,31433,4,0.01
27281,32557,17,0.81
27282,16971,18,0.31
27283,32770,4,0.3
27284,6643,11,0.34
27285,16856,13,0.95
27286,5026,6,0.27
27287,24984,7,0.65
27288,19696,4,0.87
27289,32308,4,0.8
27290,24880,17,0.42
27291,27283,13,0.26
27292,21411,7,0.38
27293,13448,9,0.56
27294,15101,12,0.44
27295,27340,11,0.32
27296,17237,4,0.09
27297,29644,5,0.83
27298,7401,10,0.24
27299,30989,13,0.34
27300,3983,7,0.88
27301,13280,18,0.89
27302,1233,1,0.69
27303,8000,14,0.03
27304,31926,16,0.71
27305,27986,17,0.08
27306,3446,2,0.24
27307,2263,1,0.74
27308,30438,12,0.26
27309,25592,2,0.09
27310,14615,7,0.61
27311,32392,3,0.74
27312,14129,7,0.21
27313,28973,19,0.99
27314,2809,2,0.89
27315,14546,16,0.18
27316,26587,6,0.12
27317,8258,5,0.6
27318,19767,17,0.58
27319,11296,8,0.34
27320,33725,2,0.43
27321,25991,17,0.29
27322,32083,10,0.29
27323,11704,8,0.28
27324,15939,1,0.56
27325,28867,15,0.97
27326,773,12,0.41
27327,18196,11,0.25
27328,14359,18,0.42
27329,11152,8,0.05
27330,3136,17,0.38
27331,11556,13,0.98
27332,16463,3,0.46
27333,28154,2,0.12
27334,3820,5,0.88
27335,22193,12,0.4
27336,11459,3,0.02
27337,24128,19,0.98
27338,6340,12,0.71
27339,25200,11,0.06
27340,27750,19,0.06
27341,22206,16,0.19
27342,8819,14,0.62
27343,17846,16,0.08
27344,14191,7,0.84
27345,5687,4,0.92
27346,8958,3,0.45
27347,30203,19,0.87
27348,12726,10,0.68
27349,10138,3,0.3
27350,31940,3,0.97
27351,30582,8,0.98
27352,25573,14,0.24
27353,1548,9,0.77
27354,13271,16,0.06
27355,12653,10,0.2
27356,755,5,0.84
27357,15151,2,0.65
27358,12373,6,0.9
27359,29465,10,0.64
27360,11434,9,0.44
27361,2605,18,0.65
27362,2482,11,0.23
27363,33422,11,0.97
27364,5586,3,0.6
27365,10650,6,0.75
27366,24401,14,0.8
27367,32570,16,0.5
27368,32487,1,0.79
27369,9220,7,0.12
27370,6872,3,0.66
27371,22725,3,0.15
27372,31451,3,0.22
27373,1283,11,0.07
27374,22776,6,0.63
27375,2413,17,0.81
27376,6104,6,0.13
27377,21418,4,0.21
27378,23409,2,0.98
27379,26096,17,0.91
27380,22139,10,0.85
27381,21172,19,0.45
27382,29873,19,0.05
27383,8812,10,0.38
27384,9822,10,0.11
27385,27740,2,0.37
27386,18558,6,0.98
27387,29252,1,0.62
27388,967,7,0.7
27389,33071,2,0.05
27390,14783,17,0.42
27391,20812,5,0.18
27392,22365,2,0.59
27393,29383,2,0.63
27394,19759,8,0.11
27395,5110,10,0.77
27396,19732,13,0.5
27397,25293,3,0.54
27398,30000,16,0.6
27399,23263,4,0.54
27400,8626,16,0.5
27401,6645,19,0.15
27402,17025,19,0.29
27403,29195,1,0.71
27404,7838,3,0.72
27405,25479,4,0.11
27406,7571,5,0.41
27407,4304,19,0.09
27408,26134,8,0.58
27409,20608,16,0.36
27410,8772,11,0.18
27411,300,8,0.06
27412,24616,12,0.22
27413,16861,1,0.97
27414,20684,6,0.92
27415,12711,17,0.77
27416,4307,11,0.71
27417,25171,17,0.95
27418,1125,1,0.34
27419,12017,7,0.34
27420,31883,19,0.76
27421,4359,2,0.15
27422,20871,8,0.76
27423,31849,1,0.82
27424,29465,7,0.59
27425,28942,18,0.77
27426,2102,12,0.86
27427,31838,8,0.17
27428,14541,18,0.74
27429,10278,5,0.02
27430,17756,11,0.53
27431,34942,19,0.29
27432,15790,19,0.42
27433,27862,6,0.43
27434,27231,3,0.63
27435,30222,6,0.61
27436,23266,18,0.13
27437,17925,16,0.6
27438,26365,19,0.74
27439,20039,3,0.18
27440,32574,16,0.34
27441,11063,16,0.44
27442,6207,12,0.77
27443,3237,11,0.23
27444,24074,2,0.57
27445,11204,6,0.18
27446,3298,18,0.49
27447,8174,17,0.09
27448,19923,1,0.28
27449,2790,2,0.9
27450,11988,6,0.02
27451,29591,1,0.94
27452,30743,1,0.19
27453,244,11,0.74
27454,14645,19,0.19
27455,3086,11,0.75
27456,9347,7,0.36
27457,14511,9,0.54
27458,5586,12,0.42
27459,6576,5,0.22
27460,27353,16,0.03
27461,5972,8,0.7
27462,32412,6,0.99
27463,28671,11,0.81
27464,5508,9,0.76
27465,1787,19,0.12
27466,21163,18,0.55
27467,17404,18,0.05
27468,20238,2,0.26
27469,20372,11,0.88
27470,14739,2,0.29
27471,31620,9,0.56
27472,7273,4,0.06
27473,26337,6,0.62
27474,25484,6,0.6
27475,9264,17,0.28
27476,7837,6,0.81
27477,16357,13,0.63
27478,2151,7,0.55
27479,17614,17,0.57
27480,27581,7,0.76
27481,626,7,0.66
27482,26419,14,0.96
27483,6067,7,0.97
27484,5448,7,0.6
27485,26076,2,0.19
27486,30551,8,0.2
27487,618,9,0.81
27488,30233,7,0.25
27489,724,2,0.38
27490,14159,14,0.2
27491,25826,9,0.97
27492,1246,12,0.49
27493,28502,12,0.46
27494,27029,1,0.54
27495,22942,15,0.88
27496,11645,14,0.12
27497,18214,17,0.03
27498,25679,15,0.46
27499,34102,6,0.63
27500,14597,2,0.23
27501,33903,3,0.86
27502,6691,13,0.19
27503,29649,13,0.94
27504,17884,11,0.8
27505,19377,8,0.85
27506,1756,19,0.8
27507,29355,11,0.85
27508,7083,15,0.09
27509,23207,17,0.51
27510,32178,18,0.49
27511,17760,6,0.38
27512,32412,11,0.85
27513,2336,5,0.83
27514,18660,18,0.22
27515,15151,2,0.84
27516,32602,4,0.9
27517,19750,12,0.92
27518,22242,17,0.08
27519,4424,7,0.0
27520,4601,7,0.56
27521,11583,14,0.21
27522,3732,2,0.47
27523,27115,14,0.77
27524,8569,11,0.84
27525,14635,6,0.45
27526,2607,6,0.15
27527,4247,10,0.63
27528,28479,15,0.24
27529,12153,6,0.06
27530,20275,14,0.8
27531,26389,19,0.53
27532,25319,7,0.62
27533,16350,13,0.68
27534,31415,8,0.71
27535,7230,1,0.29
27536,14102,7,0.87
27537,21736,10,0.99
27538,195,2,0.27
27539,33420,5,0.2
27540,3217,8,0.13
27541,27053,2,0.29
27542,5817,6,0.47
27543,13235,14,0.99
27544,23343,1,0.81
27545,31870,15,0.86
27546,24451,13,0.95
27547,692,6,0.55
27548,5742,7,0.43
27549,31319,4,0.05
27550,6320,8,0.77
27551,23414,17,0.33
27552,29949,12,0.28
27553,21979,9,0.78
27554,12099,3,0.51
27555,25936,15,0.3
27556,6281,4,0.9
27557,3595,11,0.99
27558,20266,5,0.18
27559,9223,17,0.71
27560,7117,15,0.9
27561,34643,6,0.17
27562,17175,17,0.08
27563,5280,7,0.39
27564,11761,19,0.08
27565,13016,18,0.92
27566,28537,2,0.75
27567,27726,8,0.33
27568,12172,7,0.08
27569,7325,8,0.17
27570,17014,10,0.21
27571,34841,3,0.55
27572,9723,12,0.48
27573,16996,18,0.92
27574,10371,6,0.08
27575,7148,3,0.32
27576,3979,14,0.06
27577,22118,16,0.36
27578,5123,2,0.3
27579,33970,19,0.0
27580,29931,10,0.64
27581,5446,3,0.18
27582,3906,18,0.58
27583,5195,13,0.1
27584,16225,2,0.19
27585,4941,16,0.2
27586,27670,10,0.84
27587,33733,17,0.36
27588,30464,9,0.5
27589,31453,18,0.28
27590,13282,1,0.66
27591,5947,10,0.04
27592,26422,19,0.32
27593,28900,15,0.7
27594,15724,11,0.72
27595,4118,3,0.72
27596,5940,12,0.41
27597,31563,4,0.85
27598,32194,15,0.89
27599,23328,5,0.45
27600,3301,4,0.48
27601,15861,16,0.97
27602,26775,2,0.77
27603,4330,1,0.98
27604,14187,5,0.76
27605,2132,13,0.08
27606,6102,15,0.76
27607,12388,3,0.54
27608,16016,3,0.58
27609,17340,11,0.9
27610,34843,18,0.07
27611,6594,9,0.79
27612,12749,7,0.02
27613,5861,16,0.62
27614,16324,16,0.57
27615,11851,16,0.05
27616,14328,4,0.73
27617,18632,5,0.7
27618,30555,14,0.81
27619,31131,8,0.87
27620,16585,19,0.88
27621,33949,7,0.62
27622,30445,19,0.39
27623,3027,3,0.49
27624,18123,8,0.29
27625,488,5,0.16
27626,34224,10,0.29
27627,29352,1,0.8
27628,26558,17,0.81
27629,11321,18,0.48
27630,4539,3,0.48
27631,16505,17,0.01
27632,1784,13,0.86
27633,18434,17,0.73
27634,12150,4,0.32
27635,25628,9,0.65
27636,754,11,0.13
27637,11279,13,0.8
27638,10199,3,0.06
27639,21526,18,0.78
27640,33384,4,0.03
27641,20563,3,0.66
27642,30191,17,0.5
27643,20172,3,0.1
27644,17611,7,0.89
27645,18487,4,0.94
27646,20404,1,0.49
27647,31113,9,0.06
27648,15829,14,0.36
27649,18189,13,0.39
27650,18622,13,0.35
27651,8511,15,0.34
27652,34747,13,0.19
27653,16134,8,0.15
27654,6546,10,0.94
27655,11124,5,0.8
27656,25965,7,0.6
27657,17814,11,0.68
27658,34228,15,0.95
27659,27909,9,0.27
27660,4114,1,0.09
27661,32456,11,0.3
27662,2754,8,0.56
27663,21317,4,0.15
27664,8937,4,0.98
27665,24397,9,0.47
27666,14963,9,0.6
27667,21885,19,0.54
27668,6666,18,0.99
27669,16559,15,0.05
27670,11626,3,0.25
27671,2358,7,0.81
27672,12325,8,0.56
27673,18478,9,0.8
27674,15826,15,0.25
27675,31616,14,0.21
27676,15418,5,0.43
27677,1059,18,0.33
27678,25936,6,0.51
27679,16186,15,0.88
27680,9018,3,0.6
27681,2711,11,0.5
27682,20087,9,0.68
27683,16157,8,0.88
27684,13227,7,0.72
27685,28692,16,0.1
27686,34359,6,0.15
27687,19636,6,0.77
27688,28707,8,0.92
27689,34205,9,0.28
27690,13176,4,0.61
27691,12322,7,0.93
27692,22283,10,0.19
27693,7829,16,0.11
27694,28772,1,0.36
27695,4664,1,0.46
27696,32195,7,0.66
27697,2824,9,0.16
27698,22427,13,0.42
27699,8664,13,0.46
27700,32720,8,0.12
27701,24697,3,0.27
27702,12459,15,0.1
27703,25123,3,0.46
27704,11326,19,0.16
27705,15258,6,0.49
27706,9874,3,0.65
27707,17686,7,0.24
27708,28924,7,0.26
27709,11062,11,0.4
27710,967,9,0.55
27711,30312,13,0.35
27712,28117,7,0.28
27713,1469,4,0.61
27714,28767,16,0.24
27715,28218,16,0.96
27716,34788,18,0.32
27717,7221,12,0.26
27718,887,6,0.18
27719,17826,8,0.18
27720,22600,8,0.05
27721,29310,19,0.67
27722,16234,8,0.46
27723,29842,3,0.97
27724,23261,4,0.72
27725,24359,1,0.11
27726,27632,14,0.12
27727,21917,7,0.32
27728,3154,17,0.32
27729,18664,12,0.47
27730,15071,2,0.73
27731,23478,5,0.98
27732,26634,2,0.83
27733,27495,4,0.54
27734,30216,5,0.19
27735,15522,7,0.4
27736,10177,16,0.76
27737,107,2,0.27
27738,22176,16,0.17
27739,31631,8,0.32
27740,22028,11,0.58
27741,13732,1,0.93
27742,4205,18,0.97
27743,14693,10,0.85
27744,24449,8,0.84
27745,32087,16,0.93
27746,1521,10,0.17
27747,5294,6,0.73
27748,23717,10,0.65
27749,28121,18,0.72
27750,5219,11,0.81
27751,7452,15,0.04
27752,6602,7,0.43
27753,2423,12,0.59
27754,2640,3,0.68
27755,26931,19,0.6
27756,11613,5,0.05
27757,18394,9,0.94
27758,17445,9,0.66
27759,27113,13,0.7
27760,1123,9,0.96
27761,20952,1,0.67
27762,1880,19,0.42
27763,26850,8,0.47
27764,23082,9,0.41
27765,28161,16,1.0
27766,27906,15,0.07
27767,29447,1,0.36
27768,24516,9,0.9
27769,11012,15,0.94
27770,27778,10,0.51
27771,27965,9,0.46
27772,14840,19,0.8
27773,30789,8,0.88
27774,20038,1,0.54
27775,7183,17,0.77
27776,14924,4,0.92
27777,6088,4,0.68
27778,372,17,0.87
27779,11643,17,0.11
27780,11270,14,0.93
27781,11335,16,0.82
27782,15133,6,0.01
27783,5564,12,0.91
27784,2958,11,0.15
27785,33170,19,0.58
27786,30794,14,0.3
27787,4978,6,0.92
27788,1422,4,0.23
27789,5815,4,0.16
27790,11938,8,0.92
27791,17983,14,0.87
27792,18861,8,0.55
27793,27544,12,0.83
27794,32135,9,0.09
27795,5759,3,0.06
27796,27566,8,0.62
27797,11353,17,0.57
27798,13339,15,0.77
27799,21358,9,0.7
27800,27985,4,0.54
27801,26442,1,0.75
27802,6494,15,0.36
27803,9474,3,0.22
27804,1125,18,0.2
27805,19758,15,0.48
27806,15233,10,0.37
27807,18399,11,0.62
27808,12306,16,0.22
27809,2969,16,0.14
27810,26927,1,0.38
27811,8624,3,0.75
27812,24625,16,0.89
27813,4267,9,0.1
27814,748,12,0.59
27815,24387,17,0.08
27816,27607,8,0.09
27817,31428,19,0.17
27818,6438,3,0.88
27819,17386,12,0.23
27820,30144,18,0.9
27821,24431,8,0.11
27822,10729,7,0.05
27823,5192,16,0.56
27824,13858,1,0.15
27825,9228,6,0.78
27826,11040,13,0.65
27827,136,18,0.66
27828,8895,7,0.71
27829,30178,12,0.36
27830,27405,18,0.1
27831,25479,7,0.31
27832,34472,14,0.61
27833,3441,6,0.64
27834,16988,13,0.35
27835,20272,9,0.42
27836,8107,17,0.31
27837,31396,19,0.51
27838,28110,15,0.05
27839,13936,1,0.79
27840,6317,4,0.57
27841,23781,8,0.07
27842,24483,7,0.81
27843,28452,10,0.38
27844,18086,13,0.22
27845,20307,5,0.22
27846,8256,17,0.55
27847,29481,7,0.64
27848,14898,7,0.7
27849,5285,7,0.24
27850,3751,8,0.84
27851,26570,10,0.68
27852,21834,8,0.47
27853,4937,5,0.55
27854,26382,14,0.99
27855,34910,6,0.8
27856,8161,16,0.45
27857,11633,6,0.9
27858,23523,8,0.93
27859,14265,17,0.76
27860,30124,11,0.25
27861,4993,8,0.42
27862,32765,19,0.86
27863,34800,16,0.34
27864,27298,9,0.08
27865,8323,6,0.11
27866,6478,4,0.69
27867,2835,10,0.52
27868,27133,9,0.26
27869,7364,12,0.84
27870,16159,19,0.43
27871,19283,13,0.38
27872,23382,1,0.47
27873,14336,5,0.34
27874,1751,2,0.89
27875,18621,18,0.9
27876,1792,12,0.85
27877,1370,10,0.06
27878,9154,12,0.26
27879,33336,13,0.44
27880,16144,9,0.74
27881,25487,3,0.97
27882,20229,10,0.72
27883,25423,18,0.06
27884,19503,17,0.37
27885,6433,7,0.0
27886,8962,4,0.58
27887,27321,3,0.44
27888,33925,19,0.24
27889,15609,19,0.49
27890,7511,18,0.28
27891,18285,17,0.75
27892,32297,2,0.94
27893,34769,1,0.34
27894,29720,2,0.8
27895,2880,12,0.98
27896,14209,18,0.03
27897,26890,7,0.09
27898,14577,13,0.07
27899,19148,7,0.5
27900,15855,9,0.12
27901,6573,11,0.17
27902,8206,5,0.84
27903,3517,5,0.54
27904,3178,3,0.18
27905,8702,4,0.57
27906,30622,18,0.41
27907,15904,1,0.97
27908,14219,13,0.9
27909,24658,2,0.92
27910,27869,15,0.77
27911,7830,7,0.43
27912,33214,16,0.57
27913,8895,2,0.97
27914,20413,4,0.43
27915,33905,12,0.85
27916,6518,1,0.04
27917,27281,3,0.92
27918,27819,2,0.98
27919,2983,11,0.2
27920,30437,9,0.29
27921,20684,19,0.51
27922,24252,3,0.7
27923,29444,11,0.59
27924,3044,2,1.0
27925,23492,1,0.25
27926,23698,9,0.19
27927,14253,3,0.77
27928,28033,19,0.84
27929,16259,15,0.37
27930,22113,12,0.21
27931,14885,3,0.82
27932,1737,16,0.59
27933,24586,8,0.24
27934,32077,6,0.8
27935,20778,6,0.15
27936,33260,8,0.65
27937,12460,2,0.91
27938,13226,6,0.83
27939,29288,7,0.79
27940,20447,17,0.18
27941,8736,18,0.21
27942,31507,14,0.36
27943,33725,9,0.67
27944,11063,5,0.48
27945,5129,3,0.03
27946,19517,8,0.38
27947,4553,18,0.78
27948,26916,5,0.34
27949,28124,16,0.08
27950,32574,12,0.35
27951,21126,12,0.4
27952,31695,7,0.35
27953,14970,1,0.36
27954,33402,9,0.04
27955,5803,17,0.19
27956,31430,2,0.45
27957,10998,8,0.35
27958,15137,3,0.77
27959,16528,2,0.65
27960,31012,5,0.82
27961,34099,13,0.09
27962,22694,6,0.25
27963,29822,11,0.19
27964,2318,8,0.99
27965,22082,14,0.8
27966,30737,13,0.1
27967,1464,14,0.9
27968,17220,8,0.58
27969,5666,7,0.34
27970,3519,12,0.75
27971,11413,12,0.11
27972,6552,12,0.29
27973,28140,17,0.35
27974,13831,4,0.3
27975,25438,6,0.48
27976,19607,3,0.66
27977,28711,2,0.18
27978,24567,14,0.25
27979,3885,4,0.15
27980,14359,15,0.79
27981,13186,9,0.4
27982,16528,5,0.75
27983,30999,7,0.35
27984,10886,10,0.77
27985,27520,10,0.96
27986,20901,17,0.35
27987,5394,11,0.13
27988,1482,19,0.1
27989,26089,2,0.69
27990,16137,13,0.87
27991,25554,17,0.5
27992,26536,4,0.32
27993,4217,16,0.34
27994,15845,8,0.14
27995,9064,7,0.98
27996,34466,6,0.78
27997,779,10,0.05
27998,34095,2,0.59
27999,26654,12,0.37
28000,22178,16,0.86
28001,1333,6,0.83
28002,8036,17,0.23
28003,12069,5,0.79
28004,18443,8,0.4
28005,20637,10,0.82
28006,30846,18,0.39
28007,18389,1,0.4
28008,19032,8,0.4
28009,27336,15,0.07
28010,21893,5,0.4
28011,954,18,0.36
28012,12405,11,0.45
28013,18774,17,0.22
28014,16482,1,0.88
28015,29517,8,0.54
28016,32584,16,0.13
28017,7709,4,0.61
28018,19355,11,0.58
28019,27545,6,0.84
28020,30554,10,0.2
28021,31384,19,0.03
28022,26080,17,0.35
28023,25519,8,0.36
28024,20731,14,0.82
28025,19975,9,0.07
28026,28142,7,0.44
28027,33267,3,0.17
28028,11050,3,0.36
28029,32171,15,0.92
28030,11933,1,0.65
28031,13998,18,0.82
28032,15632,4,0.46
28033,10450,19,0.61
28034,2218,12,0.75
28035,12970,2,0.02
28036,20512,18,0.86
28037,1951,7,0.84
28038,30875,4,0.65
28039,32018,6,0.41
28040,7815,14,0.24
28041,32022,8,0.68
28042,20597,11,0.49
28043,9097,18,0.78
28044,10835,11,0.21
28045,750,17,0.5
28046,31963,12,0.35
28047,2777,16,0.74
28048,11551,16,0.74
28049,6795,8,0.65
28050,13487,10,0.16
28051,34153,5,0.89
28052,11026,14,0.92
28053,19825,15,0.98
28054,24432,7,0.96
28055,30290,18,0.37
28056,8452,2,0.95
28057,15580,10,0.5
28058,32601,1,0.43
28059,1497,17,0.89
28060,15768,19,0.8
28061,34734,17,0.64
28062,16604,11,0.22
28063,33586,16,0.22
28064,15308,5,0.54
28065,29810,18,0.04
28066,12269,17,0.22
28067,17477,7,0.91
28068,4986,15,0.54
28069,15330,11,0.67
28070,13563,17,0.36
28071,25382,2,0.57
28072,8705,16,0.67
28073,19287,18,0.61
28074,14210,14,0.46
28075,2401,5,0.9
28076,9024,8,0.45
28077,23392,12,0.93
28078,15884,11,0.4
28079,20343,1,0.93
28080,22585,18,0.79
28081,30078,8,0.15
28082,14988,1,0.27
28083,15079,4,0.14
28084,19649,18,0.97
28085,13921,6,0.56
28086,19610,4,0.13
28087,24262,11,0.72
28088,16373,8,0.83
28089,18588,3,0.79
28090,21071,15,0.43
28091,6993,8,0.41
28092,10578,7,0.65
28093,28742,4,0.3
28094,11436,7,0.89
28095,34619,6,0.31
28096,29515,14,0.25
28097,18589,6,0.38
28098,2331,5,0.34
28099,11594,4,0.48
28100,5508,9,0.67
28101,31992,10,0.25
28102,23081,12,0.41
28103,23050,1,0.62
28104,22201,19,0.55
28105,27350,7,0.42
28106,31874,7,0.95
28107,15277,10,0.24
28108,6053,19,0.87
28109,6344,8,0.51
28110,11045,12,0.22
28111,31204,15,0.63
28112,25551,16,0.63
28113,4036,11,0.1
28114,6399,9,0.31
28115,22528,7,0.02
28116,18125,18,0.75
28117,19920,3,0.86
28118,31910,11,0.18
28119,18396,18,0.32
28120,3285,4,0.68
28121,7989,14,0.3
28122,25066,16,0.78
28123,21920,19,0.31
28124,28146,4,0.45
28125,13850,4,0.5
28126,24491,17,0.33
28127,8455,18,0.51
28128,18479,6,0.64
28129,20835,19,0.7
28130,5155,6,0.47
28131,6463,17,0.05
28132,25218,7,0.43
28133,34291,8,0.22
28134,26416,15,0.67
28135,34411,15,0.61
28136,17559,6,0.88
28137,19214,5,0.41
28138,16767,13,0.91
28139,5057,9,0.17
28140,23642,9,0.25
28141,28247,11,0.65
28142,2053,19,0.7
28143,15318,19,0.95
28144,8943,19,0.13
28145,10824,12,0.01
28146,29409,14,0.43
28147,9071,18,0.81
28148,5638,7,0.52
28149,16030,4,0.56
28150,16324,3,0.58
28151,23914,14,0.17
28152,10158,12,0.46
28153,12637,1,0.31
28154,25658,10,0.55
28155,25478,18,0.14
28156,26831,15,0.98
28157,2335,16,0.59
28158,390,9,0.14
28159,2448,18,0.81
28160,385,8,0.71
28161,6170,2,0.23
28162,9305,10,0.96
28163,21717,15,0.14
28164,22055,1,0.85
28165,27229,16,0.7
28166,7136,9,0.64
28167,5086,10,0.01
28168,28263,10,0.89
28169,7482,10,0.13
28170,7976,4,0.76
28171,24441,18,0.61
28172,30009,18,0.53
28173,29546,19,0.81
28174,33533,11,0.16
28175,6051,13,0.06
28176,7735,3,0.26
28177,7607,8,0.71
28178,10029,6,0.04
28179,33300,16,0.57
28180,18424,3,0.48
28181,9027,2,0.42
28182,12396,15,0.83
28183,28410,2,0.92
28184,15282,8,0.91
28185,26953,12,0.54
28186,25180,9,0.27
28187,3183,8,0.06
28188,11949,9,0.91
28189,31405,3,0.72
28190,26139,2,0.81
28191,22295,14,0.07
28192,33627,3,0.97
28193,14513,11,0.1
28194,5475,13,0.53
28195,11029,7,0.29
28196,1936,1,0.37
28197,18830,17,0.0
28198,18824,7,0.23
28199,9754,9,0.21
28200,33080,18,0.04
28201,13131,5,0.48
28202,34275,16,0.74
28203,877,9,0.55
28204,3975,11,0.9
28205,28773,13,0.36
28206,16602,6,0.25
28207,8,18,0.22
28208,10020,2,0.98
28209,3959,17,0.76
28210,7628,8,0.5
28211,33598,1,0.76
28212,28309,9,0.24
28213,11532,7,0.59
28214,27177,19,0.78
28215,19847,10,0.77
28216,4252,4,0.05
28217,17501,2,0.97
28218,23603,13,0.2
28219,20073,18,0.52
28220,30551,9,0.56
28221,12036,14,0.4
28222,539,1,0.54
28223,15943,14,0.16
28224,8868,17,0.98
28225,18569,11,0.14
28226,3213,12,0.68
28227,33664,9,0.39
28228,20272,15,0.96
28229,10757,12,0.15
28230,7400,6,0.91
28231,6301,11,0.12
28232,25546,11,0.07
28233,27328,18,0.15
28234,10317,5,0.07
28235,30802,2,0.54
28236,17974,8,0.91
28237,4983,1,0.36
28238,12970,14,0.52
28239,25279,10,0.81
28240,18953,2,0.76
28241,14581,18,0.5
28242,19148,11,0.33
28243,16454,10,0.24
28244,28223,18,0.67
28245,14575,6,0.8
28246,30673,14,0.52
28247,5651,2,0.18
28248,20046,1,0.34
28249,15454,12,0.81
28250,20777,5,0.66
28251,20465,17,0.73
28252,23680,9,0.34
28253,28411,5,0.44
28254,21010,2,0.12
28255,7065,19,0.53
28256,14955,13,0.21
28257,9345,3,0.25
28258,12160,6,0.1
28259,19570,13,0.51
28260,1379,19,0.67
28261,3660,9,0.78
28262,12396,2,0.69
28263,3545,15,0.48
28264,13935,11,0.42
28265,17123,2,0.61
28266,3694,17,0.6
28267,4220,1,0.2
28268,33518,7,0.73
28269,26930,16,0.6
28270,20426,11,0.72
28271,18778,7,0.89
28272,6077,15,0.87
28273,26210,16,0.55
28274,21969,10,0.29
28275,23013,13,0.21
28276,20941,9,0.55
28277,18249,16,0.89
28278,29326,10,0.11
28279,22581,11,0.96
28280,6639,7,0.46
28281,15821,1,0.85
28282,10610,1,0.59
28283,24521,1,0.05
28284,25985,10,0.69
28285,49,12,0.77
28286,27054,9,0.35
28287,4675,7,0.59
28288,5331,9,0.97
28289,23721,5,0.41
28290,34497,10,0.3
28291,16749,17,0.61
28292,26946,17,0.37
28293,30841,10,0.84
28294,2498,6,0.07
28295,24862,18,0.72
28296,32839,17,0.06
28297,13797,17,0.33
28298,34369,5,0.56
28299,30062,3,0.03
28300,2675,3,0.26
28301,19613,18,0.01
28302,10056,5,0.18
28303,12616,17,0.67
28304,12378,17,0.02
28305,19219,8,0.99
28306,9394,2,0.76
28307,13657,3,0.05
28308,31728,6,0.6
28309,22225,13,0.01
28310,19180,19,0.57
28311,24693,11,0.0
28312,7090,13,0.89
28313,13757,7,0.39
28314,23407,11,0.04
28315,13647,4,0.44
28316,22603,9,0.16
28317,28185,19,0.44
28318,16767,2,0.45
28319,31213,3,0.75
28320,34165,2,0.07
28321,27939,14,0.43
28322,9429,5,0.87
28323,19875,14,0.26
28324,16994,11,0.0
28325,14583,14,0.47
28326,10707,15,0.09
28327,22394,9,0.25
28328,23281,1,0.61
28329,18869,9,0.74
28330,19178,15,0.68
28331,7901,17,0.57
28332,14099,2,0.11
28333,17993,4,0.87
28334,30661,18,1.0
28335,20329,3,0.92
28336,4851,5,0.97
28337,8694,5,0.92
28338,28028,2,0.84
28339,10040,11,0.18
28340,9843,10,0.28
28341,13319,15,0.42
28342,30381,19,0.46
28343,34944,12,0.83
28344,11049,18,0.38
28345,13588,8,0.33
28346,17836,14,0.15
28347,23916,17,0.53
28348,5213,4,0.87
28349,32714,5,0.9
28350,6518,8,1.0
28351,4922,2,0.89
28352,16093,1,0.42
28353,20602,14,0.1
28354,24563,8,0.62
28355,28703,4,0.09
28356,24711,7,0.86
28357,9246,6,0.73
28358,31907,13,0.08
28359,18793,1,0.2
28360,21160,18,0.64
28361,22437,6,0.98
28362,24527,11,0.18
28363,6376,7,0.25
28364,27891,3,0.9
28365,2766,12,0.72
28366,16911,18,0.38
28367,33314,16,0.64
28368,25660,8,0.36
28369,10563,19,0.74
28370,11391,12,0.29
28371,17389,3,0.56
28372,4659,9,0.8
28373,24050,13,0.12
28374,26676,18,0.05
28375,5560,1,0.61
28376,21374,19,0.88
28377,25574,13,0.4
28378,16506,11,0.47
28379,12690,6,0.63
28380,1249,18,0.79
28381,16872,5,0.98
28382,5969,9,0.66
28383,8478,14,0.98
28384,23194,2,0.08
28385,18706,18,0.69
28386,9411,3,0.12
28387,6385,18,0.25
28388,28185,14,0.93
28389,34323,2,0.43
28390,2627,3,0.48
28391,15759,9,0.87
28392,19363,4,0.21
28393,6497,9,0.45
28394,14652,8,0.34
28395,26581,8,0.65
28396,34788,7,0.14
28397,1846,8,0.1
28398,29882,18,0.93
28399,1933,2,0.39
28400,30722,12,0.79
28401,31245,8,0.33
28402,23691,1,0.64
28403,34670,3,0.16
28404,16437,6,0.11
28405,5067,1,0.7
28406,30545,16,0.49
28407,6158,8,0.62
28408,22952,11,0.84
28409,9495,15,0.67
28410,30513,15,0.58
28411,27478,3,0.11
28412,227,2,0.97
28413,25312,16,0.8
28414,30103,10,0.2
28415,18628,18,0.88
28416,3547,18,0.42
28417,24496,9,0.04
28418,1415,18,0.88
28419,20888,6,0.13
28420,17722,19,0.23
28421,14211,4,0.09
28422,14416,19,0.21
28423,32605,19,0.57
28424,30658,18,0.97
28425,23804,18,0.46
28426,19057,17,0.17
28427,4960,18,0.41
28428,16752,17,0.79
28429,4448,1,0.38
28430,23944,16,0.52
28431,19264,12,0.86
28432,21288,14,0.07
28433,22346,5,0.58
28434,17068,12,0.17
28435,11433,7,0.79
28436,17781,19,0.2
28437,10790,5,0.3
28438,19311,5,0.52
28439,3947,18,0.89
28440,18893,15,0.51
28441,2847,12,0.5
28442,23601,16,0.24
28443,1660,17,0.54
28444,32844,14,0.79
28445,3930,9,0.65
28446,9473,16,0.23
28447,11473,18,0.95
28448,17739,12,0.7
28449,4210,2,0.84
28450,10377,18,0.17
28451,11399,5,0.4
28452,18523,14,0.88
28453,21333,11,0.47
28454,20903,16,0.03
28455,16240,18,0.46
28456,16587,8,0.75
28457,20289,3,0.0
28458,9263,16,0.06
28459,29890,15,0.68
28460,6472,18,0.9
28461,9955,13,0.36
28462,14672,3,0.9
28463,13937,8,0.74
28464,22536,11,0.49
28465,16471,3,0.41
28466,32184,3,0.84
28467,30799,12,0.39
28468,11787,18,0.91
28469,15558,11,0.32
28470,15780,13,0.43
28471,13017,6,0.25
28472,19518,12,0.17
28473,11799,14,0.05
28474,14379,2,0.84
28475,4227,18,0.33
28476,16292,15,0.27
28477,4675,18,0.45
28478,30512,11,1.0
28479,10540,19,0.48
28480,34504,15,0.53
28481,6720,16,0.94
28482,30846,4,0.56
28483,4180,10,0.52
28484,74,15,0.85
28485,5347,13,0.27
28486,33236,1,0.55
28487,22995,19,0.48
28488,22649,17,0.38
28489,23846,17,0.83
28490,1971,10,0.41
28491,26674,4,0.86
28492,24584,13,0.95
28493,33618,9,0.17
28494,7415,9,0.91
28495,32979,11,0.09
28496,26192,5,0.48
28497,8963,3,0.22
28498,15141,5,0.61
28499,715,3,0.43
28500,29213,9,0.57
28501,7269,13,0.42
28502,11502,19,0.76
28503,33356,17,0.08
28504,79,7,0.41
28505,7287,7,0.21
28506,19648,14,0.47
28507,7587,3,0.06
28508,29095,2,0.22
28509,9304,14,0.66
28510,17789,19,0.37
28511,32141,11,0.13
28512,22216,13,0.85
28513,7259,4,0.01
28514,17724,14,0.38
28515,20636,2,0.73
28516,2628,4,0.65
28517,31738,13,0.9
28518,12978,9,0.9
28519,3020,8,0.76
28520,18884,15,0.41
28521,8246,9,0.48
28522,27286,8,0.94
28523,15473,10,0.46
28524,34529,3,0.72
28525,16332,3,0.9
28526,30448,1,0.39
28527,30211,1,0.52
28528,32009,9,0.83
28529,11626,7,0.45
28530,19745,5,0.8
28531,29693,8,0.77
28532,6435,3,0.96
28533,14116,14,0.94
28534,3618,16,0.78
28535,6571,8,0.78
28536,29730,11,0.84
28537,19223,4,0.37
28538,13761,17,0.6
28539,32770,4,0.81
28540,22466,6,0.99
28541,20148,19,0.71
28542,14767,12,0.01
28543,13757,13,0.54
28544,15954,5,0.43
28545,3532,10,0.38
28546,2111,15,0.48
28547,23367,4,0.13
28548,26296,18,0.25
28549,33161,15,0.74
28550,5481,19,0.98
28551,34734,7,0.37
28552,15124,15,0.2
28553,17932,16,0.87
28554,19567,10,0.72
28555,25169,15,0.02
28556,25217,13,0.37
28557,21362,17,0.75
28558,21424,16,0.81
28559,15053,2,0.21
28560,9145,4,0.03
28561,22802,14,0.98
28562,12619,12,0.47
28563,30779,9,0.61
28564,5512,14,0.14
28565,6975,18,0.22
28566,13091,5,0.03
28567,12900,5,0.81
28568,17792,1,0.57
28569,31170,17,0.61
28570,34664,4,0.13
28571,15685,6,0.88
28572,22481,1,0.92
28573,7329,1,0.41
28574,34942,7,0.37
28575,31353,19,0.22
28576,28671,15,0.25
28577,23960,18,0.0
28578,21541,5,0.74
28579,7878,5,0.99
28580,9728,1,0.45
28581,11266,11,0.89
28582,4642,12,0.78
28583,22629,11,0.06
28584,15559,18,0.62
28585,7270,1,0.46
28586,8715,10,0.29
28587,3580,5,0.58
28588,28720,12,0.47
28589,16905,13,0.92
28590,8329,8,0.07
28591,9105,13,0.92
28592,18002,4,0.58
28593,23914,11,0.94
28594,13289,5,0.64
28595,22897,7,0.1
28596,10586,1,0.35
28597,6866,13,0.84
28598,12661,3,0.46
28599,23101,9,0.78
28600,4196,16,0.22
28601,21775,17,0.45
28602,28349,13,0.98
28603,996,16,0.93
28604,21257,18,0.84
28605,24771,17,0.52
28606,34750,17,0.81
28607,7500,4,0.33
28608,2037,14,0.14
28609,2716,16,0.33
28610,9643,2,0.07
28611,20332,12,0.15
28612,34345,7,0.99
28613,33519,18,0.66
28614,14575,14,0.12
28615,5882,19,0.88
28616,12689,14,0.27
28617,15513,6,0.29
28618,17955,3,0.12
28619,28790,11,0.36
28620,28797,11,0.91
28621,8212,9,0.5
28622,34609,3,0.02
28623,5021,1,0.38
28624,4587,11,0.88
28625,18699,18,0.87
28626,27690,9,0.16
28627,24438,17,0.96
28628,20066,19,0.95
28629,22665,2,0.48
28630,28568,13,0.65
28631,30194,2,0.34
28632,25786,11,0.85
28633,15358,4,0.98
28634,25195,17,0.69
28635,27548,14,0.77
28636,28985,14,0.65
28637,32940,7,0.82
28638,16606,19,0.64
28639,7218,19,0.11
28640,18975,2,0.19
28641,26284,6,0.58
28642,3174,8,0.98
28643,12283,15,0.21
28644,6674,1,0.42
28645,33330,17,0.24
28646,9371,12,0.88
28647,20018,16,0.53
28648,6120,2,0.24
28649,7406,8,0.31
28650,3737,8,0.35
28651,27958,8,0.91
28652,24423,13,0.76
28653,31910,5,0.37
28654,32084,17,0.67
28655,16926,11,0.74
28656,16967,11,0.92
28657,7835,16,0.13
28658,13313,14,0.98
28659,25159,3,0.34
28660,16973,15,0.64
28661,11845,6,0.28
28662,16133,4,0.66
28663,2088,3,0.53
28664,9930,16,0.03
28665,21619,10,0.02
28666,22942,15,0.77
28667,2975,14,0.68
28668,6085,8,0.82
28669,29339,12,0.71
28670,26575,5,0.79
28671,1838,19,0.83
28672,1907,11,0.86
28673,20495,6,0.38
28674,6215,6,0.1
28675,18932,1,0.26
28676,27291,18,0.23
28677,9752,12,0.05
28678,10437,9,0.49
28679,1385,13,0.3
28680,7158,18,0.82
28681,21864,17,0.4
28682,20223,13,0.95
28683,21187,5,0.37
28684,4549,19,0.45
28685,23695,9,0.78
28686,15429,1,0.44
28687,24018,4,0.56
28688,12861,2,0.07
28689,3827,17,0.03
28690,1820,1,0.86
28691,22158,9,0.42
28692,5166,11,0.85
28693,12795,13,0.09
28694,23362,17,0.94
28695,9248,5,0.7
28696,26840,14,0.46
28697,23528,18,0.41
28698,24003,15,0.16
28699,21947,19,0.36
28700,21054,7,0.54
28701,13439,4,0.85
28702,16119,12,0.6
28703,386,16,0.14
28704,16807,3,0.39
28705,23722,19,0.34
28706,15167,11,0.21
28707,8025,7,0.63
28708,4660,8,0.45
28709,623,8,0.43
28710,17193,9,0.32
28711,21686,9,0.48
28712,4672,7,0.13
28713,12168,2,0.96
28714,13906,6,0.5
28715,24976,6,0.07
28716,3451,18,0.12
28717,29820,6,0.49
28718,17611,9,0.11
28719,9736,3,0.41
28720,23314,16,0.35
28721,22975,14,0.59
28722,14327,1,0.62
28723,12352,17,0.05
28724,26086,7,0.31
28725,8000,15,0.18
28726,11356,11,0.67
28727,30416,16,0.33
28728,24467,15,0.27
28729,1483,7,0.27
28730,11568,15,0.57
28731,19449,5,0.22
28732,13833,19,0.07
28733,13444,1,0.68
28734,5385,11,0.4
28735,8176,8,0.09
28736,7209,7,0.07
28737,14085,5,0.93
28738,19951,19,0.91
28739,21523,11,0.61
28740,6931,12,0.33
28741,34197,13,0.42
28742,16230,19,0.39
28743,20092,16,0.18
28744,22646,5,0.9
28745,24352,5,0.08
28746,26356,1,0.44
28747,16902,15,0.73
28748,8371,2,0.62
28749,13831,1,0.03
28750,29493,12,0.68
28751,597,18,0.69
28752,11185,6,0.25
28753,25696,18,0.86
28754,26309,7,0.05
28755,32300,16,0.05
28756,5536,9,0.3
28757,9461,3,0.19
28758,22558,1,0.7
28759,31470,11,0.73
28760,28776,5,0.67
28761,31489,8,0.18
28762,21535,16,0.36
28763,31984,17,0.85
28764,3674,9,0.41
28765,24071,15,0.1
28766,10983,4,0.87
28767,3766,1,0.47
28768,29122,3,0.94
28769,27882,6,0.54
28770,4917,18,0.42
28771,6596,19,0.31
28772,15332,12,0.37
28773,9605,5,0.02
28774,7905,16,0.66
28775,9560,17,0.83
28776,15886,14,0.73
28777,1677,2,0.1
28778,12949,15,0.54
28779,20009,10,0.67
28780,24228,17,0.66
28781,7139,17,0.84
28782,24631,14,0.06
28783,11758,5,0.1
28784,34398,1,0.12
28785,27239,2,1.0
28786,34241,7,0.43
28787,24450,11,0.07
28788,23289,8,0.84
28789,12963,18,0.61
28790,25372,15,0.1
28791,8462,18,0.64
28792,26780,4,0.69
28793,14735,2,0.33
28794,11931,8,0.29
28795,16493,12,0.67
28796,14178,3,0.68
28797,3770,6,0.37
28798,3362,4,0.38
28799,11317,8,0.59
28800,13842,18,0.51
28801,21736,12,0.87
28802,27707,19,0.49
28803,3698,18,0.15
28804,2253,4,0.47
28805,3985,1,0.9
28806,30729,12,0.46
28807,32185,12,0.14
28808,33842,10,0.48
28809,20894,19,0.56
28810,8452,17,0.66
28811,17498,19,0.05
28812,4133,8,0.99
28813,34232,13,0.01
28814,33283,2,0.46
28815,30175,8,0.82
28816,11467,9,0.15
28817,21871,13,0.82
28818,28491,8,0.65
28819,33983,17,0.71
28820,21514,17,0.49
28821,2722,15,0.4
28822,3988,11,0.91
28823,12414,18,0.65
28824,9795,15,0.35
28825,17124,8,0.29
28826,23051,9,0.46
28827,19698,3,0.29
28828,31979,4,0.73
28829,19931,14,0.17
28830,18034,8,0.61
28831,19657,11,0.73
28832,8035,7,0.01
28833,9898,15,0.49
28834,34435,7,0.62
28835,4201,1,0.59
28836,10435,14,0.17
28837,28461,2,0.51
28838,3577,13,0.67
28839,741,17,0.72
28840,31683,14,0.24
28841,2010,12,0.08
28842,7125,8,0.4
28843,22271,8,0.16
28844,19029,12,0.29
28845,2435,15,0.98
28846,19203,16,0.08
28847,8025,8,0.69
28848,17102,5,0.88
28849,29968,3,0.96
28850,6920,7,0.46
28851,3931,10,0.27
28852,19268,16,0.69
28853,1423,19,0.34
28854,5950,13,0.16
28855,28068,4,0.52
28856,21614,14,0.23
28857,24359,14,0.72
28858,5731,10,0.21
28859,9017,17,0.11
28860,31631,3,0.58
28861,34959,17,0.35
28862,27116,2,0.54
28863,29359,10,0.06
28864,6420,6,0.69
28865,6103,18,0.16
28866,24150,7,0.62
28867,13316,5,0.32
28868,16356,9,0.52
28869,16080,13,0.9
28870,3345,14,0.97
28871,34869,11,0.12
28872,30463,13,0.37
28873,736,6,0.37
28874,17243,15,0.95
28875,23026,16,0.65
28876,12087,1,0.55
28877,3944,19,0.61
28878,26300,6,0.06
28879,5266,5,0.93
28880,25583,16,0.02
28881,1840,4,0.31
28882,4121,6,0.33
28883,12104,18,0.46
28884,32468,4,0.66
28885,17854,4,0.96
28886,9295,3,0.24
28887,5966,8,0.97
28888,6340,8,0.94
28889,4876,19,0.48
28890,12039,10,0.74
28891,18609,5,0.55
28892,24897,16,0.77
28893,17775,8,0.9
28894,17337,18,0.99
28895,18065,7,0.13
28896,19975,13,0.93
28897,24695,19,0.12
28898,2735,12,0.48
28899,14613,13,0.38
28900,12101,11,0.8
28901,3282,8,0.23
28902,4887,15,0.28
28903,33435,1,0.71
28904,5803,12,0.32
28905,31668,9,0.77
28906,490,7,0.13
28907,13791,17,1.0
28908,1880,14,0.9
28909,27193,17,0.81
28910,26628,10,0.1
28911,24035,14,0.27
28912,27004,3,0.52
28913,19991,13,0.29
28914,27497,18,0.76
28915,20597,4,0.06
28916,29569,13,0.05
28917,26457,9,0.46
28918,30791,14,0.24
28919,24544,12,0.21
28920,13803,5,0.71
28921,31743,6,0.38
28922,15003,13,0.42
28923,11979,11,0.42
28924,18865,14,0.32
28925,6363,18,0.65
28926,18254,1,0.11
28927,17498,1,0.67
28928,19392,14,0.0
28929,26913,2,0.71
28930,34392,17,0.91
28931,16277,9,0.79
28932,21612,16,0.96
28933,34821,1,0.31
28934,16090,8,0.03
28935,2030,17,0.86
28936,21057,2,0.51
28937,14734,2,0.31
28938,30055,18,0.55
28939,31773,14,0.54
28940,1703,19,0.04
28941,22704,6,0.05
28942,22765,4,0.68
28943,2116,12,0.67
28944,30660,14,0.79
28945,11411,18,0.58
28946,9512,1,0.3
28947,25892,7,0.13
28948,9397,5,0.68
28949,25032,1,0.22
28950,26815,11,0.2
28951,32380,11,0.01
28952,5755,7,0.47
28953,18177,17,0.31
28954,28198,9,0.38
28955,8878,17,0.1
28956,7426,1,0.43
28957,21196,5,0.46
28958,26744,12,0.72
28959,802,11,0.57
28960,11643,3,0.7
28961,25211,4,0.41
28962,8051,10,0.1
28963,5953,14,0.24
28964,18790,11,0.02
28965,31347,11,0.8
28966,9153,18,0.08
28967,18436,4,0.31
28968,19922,13,0.72
28969,7226,9,0.44
28970,14851,16,0.63
28971,6666,14,0.41
28972,14452,13,0.35
28973,10863,14,0.99
28974,34175,1,0.75
28975,31788,3,0.38
28976,3165,14,0.75
28977,34112,15,0.96
28978,13409,2,0.7
28979,26131,14,0.23
28980,24469,5,0.08
28981,7732,11,0.54
28982,10983,5,0.19
28983,16531,16,0.7
28984,14129,16,0.75
28985,22910,19,0.0
28986,3661,14,0.56
28987,31974,8,0.55
28988,22592,10,0.94
28989,204,11,0.98
28990,11790,10,0.67
28991,13700,3,0.9
28992,32894,3,0.96
28993,27321,4,0.24
28994,29379,12,0.99
28995,25972,6,0.08
28996,9966,5,0.69
28997,34133,4,0.27
28998,15756,18,0.54
28999,12183,18,0.2
29000,25339,16,0.85
29001,17532,8,0.62
29002,3570,19,0.59
29003,4265,7,0.88
29004,23966,9,0.94
29005,28639,17,0.52
29006,19284,1,0.07
29007,8867,2,0.66
29008,14689,12,0.87
29009,16053,2,0.86
29010,19901,1,0.03
29011,384,11,0.43
29012,12752,9,0.75
29013,23671,17,0.14
29014,22643,3,0.63
29015,8926,10,0.66
29016,4273,15,0.44
29017,17900,15,0.84
29018,14038,1,0.97
29019,12684,4,0.64
29020,21447,16,0.27
29021,14759,11,0.52
29022,6151,11,0.96
29023,5523,19,0.15
29024,1176,15,0.17
29025,20890,5,0.91
29026,16816,5,0.04
29027,591,6,0.06
29028,10799,1,0.04
29029,16141,16,0.19
29030,130,2,0.44
29031,28394,15,0.03
29032,13799,18,0.62
29033,17487,11,0.74
29034,52,7,0.96
29035,31344,14,0.53
29036,20655,11,0.95
29037,11832,9,0.29
29038,32192,7,0.16
29039,30906,3,0.23
29040,2795,2,0.02
29041,26246,6,0.04
29042,29575,2,0.95
29043,10871,3,0.29
29044,14130,5,0.99
29045,16707,1,0.3
29046,34894,6,0.08
29047,27978,15,0.91
29048,16575,7,0.29
29049,10750,15,0.54
29050,8637,8,0.24
29051,14127,17,0.4
29052,4781,13,0.45
29053,31407,16,0.73
29054,30046,14,0.42
29055,5810,3,0.09
29056,33680,11,0.19
29057,10123,7,0.86
29058,28254,19,0.51
29059,17619,12,0.07
29060,31805,17,0.79
29061,31963,4,0.5
29062,12497,18,0.84
29063,24963,15,0.03
29064,11904,8,0.89
29065,3669,16,0.32
29066,8813,4,0.03
29067,2843,7,0.48
29068,2642,7,0.79
29069,5690,6,0.5
29070,33242,13,0.02
29071,24325,7,0.09
29072,19419,1,0.96
29073,10768,5,0.28
29074,30080,10,0.21
29075,23896,6,0.69
29076,10049,7,0.22
29077,32868,9,0.4
29078,3814,7,0.27
29079,2910,14,0.28
29080,24692,10,0.53
29081,30255,1,0.68
29082,33958,3,0.27
29083,22088,11,0.61
29084,5034,8,0.66
29085,24462,15,0.64
29086,28178,16,0.23
29087,11751,10,0.8
29088,2176,4,0.3
29089,985,8,0.81
29090,24584,4,0.9
29091,32743,15,0.66
29092,22127,18,0.63
29093,7621,8,0.48
29094,33837,2,0.05
29095,16936,13,0.03
29096,31752,10,0.36
29097,33640,4,0.06
29098,14746,9,0.24
29099,28699,18,0.65
29100,32292,10,0.6
29101,10194,16,0.48
29102,5335,17,0.76
29103,27954,8,0.09
29104,32536,2,0.88
29105,28750,19,0.72
29106,4964,7,0.81
29107,34074,1,0.87
29108,4242,1,0.84
29109,8668,1,0.51
29110,11336,1,0.31
29111,9629,19,0.64
29112,32107,15,0.47
29113,19629,15,0.07
29114,17775,12,0.18
29115,10021,18,0.45
29116,32935,9,0.89
29117,31721,4,0.52
29118,33950,17,0.17
29119,1553,12,0.87
29120,20267,3,0.92
29121,4075,14,0.5
29122,3334,11,0.91
29123,13819,9,0.02
29124,14716,11,0.56
29125,18918,5,0.42
29126,15011,8,0.23
29127,13173,1,0.01
29128,18009,15,0.87
29129,11158,8,0.84
29130,20073,3,0.14
29131,19044,1,0.44
29132,29877,4,0.92
29133,12573,15,0.55
29134,7507,7,0.86
29135,418,12,0.66
29136,5564,14,0.63
29137,22906,10,0.57
29138,28949,8,0.87
29139,18159,5,0.64
29140,24895,17,0.91
29141,7211,2,0.04
29142,6840,1,0.47
29143,13931,7,0.21
29144,27993,15,0.23
29145,12332,10,0.74
29146,23920,10,0.11
29147,34727,5,0.73
29148,33425,12,0.42
29149,34170,3,0.43
29150,34886,9,0.39
29151,24968,6,0.55
29152,33947,8,0.42
29153,18985,19,0.99
29154,33462,17,0.8
29155,7268,2,0.09
29156,25196,2,0.91
29157,29177,5,0.7
29158,33878,7,0.09
29159,34378,9,0.44
29160,7717,11,0.94
29161,17138,8,0.72
29162,4854,5,0.47
29163,3236,2,0.91
29164,17802,4,0.43
29165,12177,9,0.24
29166,22892,6,0.12
29167,15839,9,0.59
29168,28004,3,0.54
29169,25086,6,0.54
29170,26658,15,0.99
29171,7443,14,0.04
29172,14534,8,0.36
29173,3704,6,0.13
29174,12461,1,0.15
29175,27842,14,0.18
29176,31080,15,0.49
29177,14914,4,0.82
29178,7471,16,0.0
29179,28356,18,0.24
29180,8614,10,0.45
29181,21392,7,0.98
29182,19082,17,0.34
29183,34061,12,0.71
29184,34374,5,0.57
29185,23262,10,0.21
29186,21940,7,0.46
29187,23416,9,0.79
29188,44,2,0.32
29189,25616,10,0.31
29190,26167,12,0.41
29191,1424,15,0.53
29192,12551,9,0.89
29193,7619,15,0.08
29194,329,2,0.71
29195,1134,11,0.66
29196,12174,15,0.57
29197,7483,6,0.48
29198,34587,9,0.34
29199,17931,8,0.34
29200,9502,7,0.22
29201,15946,17,0.21
29202,14461,1,0.52
29203,9544,13,0.36
29204,25421,1,0.85
29205,4873,2,0.18
29206,11526,9,0.62
29207,1469,3,0.86
29208,13620,4,0.34
29209,23104,4,0.57
29210,27307,12,0.38
29211,27742,15,0.09
29212,9654,8,0.3
29213,20292,19,0.42
29214,6985,18,0.95
29215,24551,18,0.53
29216,27860,13,0.66
29217,11920,3,0.14
29218,17462,7,0.91
29219,10665,14,0.18
29220,17252,4,0.36
29221,9692,3,0.99
29222,13505,5,0.4
29223,24471,10,0.06
29224,17629,15,0.49
29225,15925,1,0.71
29226,19955,4,0.4
29227,15733,2,0.08
29228,9273,2,0.65
29229,1772,15,0.22
29230,13759,4,0.49
29231,2325,3,0.67
29232,20380,12,0.1
29233,4117,10,0.51
29234,5619,15,0.14
29235,17908,8,0.36
29236,16612,2,0.6
29237,25363,18,0.24
29238,13843,5,0.16
29239,29837,10,0.16
29240,31532,3,0.14
29241,2521,15,0.68
29242,24473,7,0.09
29243,33612,17,0.37
29244,18633,16,0.42
29245,22039,9,0.52
29246,19196,5,0.76
29247,33275,6,0.17
29248,3447,13,0.42
29249,13155,15,0.95
29250,21028,1,0.59
29251,1562,16,0.21
29252,3312,6,0.47
29253,34854,16,0.69
29254,21946,14,0.76
29255,10863,2,0.65
29256,16246,15,0.57
29257,4572,7,0.82
29258,18613,9,0.34
29259,4943,18,0.61
29260,9933,7,0.2
29261,19725,14,0.27
29262,8759,2,0.29
29263,18849,15,0.27
29264,27969,11,0.76
29265,11122,8,0.43
29266,13390,16,0.74
29267,25126,3,0.26
29268,6922,4,0.35
29269,34719,19,0.6
29270,28963,6,0.36
29271,28568,18,0.95
29272,12145,5,0.15
29273,12914,7,0.39
29274,16183,13,0.85
29275,31502,14,0.94
29276,32772,17,0.17
29277,30320,6,0.94
29278,13264,13,0.99
29279,31050,9,0.08
29280,26078,8,0.06
29281,29734,11,0.01
29282,1723,18,0.37
29283,10885,6,0.23
29284,11276,13,0.22
29285,22425,18,0.45
29286,26033,5,0.12
29287,10111,16,0.31
29288,27214,12,0.91
29289,20981,1,0.96
29290,15286,4,0.88
29291,1215,15,0.69
29292,7288,7,0.5
29293,23528,8,0.75
29294,21487,3,0.24
29295,1701,12,0.58
29296,14680,18,0.19
29297,22338,19,0.8
29298,8192,2,0.76
29299,33145,9,0.87
29300,25373,18,0.49
29301,13221,4,0.02
29302,5409,8,0.64
29303,16017,13,0.57
29304,16834,4,0.04
29305,19323,17,0.5
29306,15798,14,0.51
29307,30047,18,0.01
29308,13698,5,0.7
29309,21283,2,0.11
29310,30103,14,0.01
29311,25834,5,0.6
29312,26623,10,0.11
29313,31181,1,0.97
29314,16293,18,0.31
29315,27961,3,0.84
29316,15165,4,0.82
29317,18370,14,0.08
29318,21772,19,0.28
29319,23411,18,0.69
29320,27844,5,0.51
29321,17047,18,0.14
29322,17614,16,0.17
29323,8387,12,0.37
29324,8918,6,0.87
29325,4745,1,0.61
29326,7378,6,0.23
29327,26318,5,0.58
29328,15514,8,0.71
29329,14667,2,0.33
29330,3362,14,0.01
29331,15926,17,0.93
29332,18017,3,0.64
29333,18202,8,0.51
29334,22078,17,0.03
29335,16554,8,0.9
29336,8210,13,0.43
29337,28469,5,0.21
29338,15804,17,0.41
29339,9736,10,0.78
29340,18803,10,0.89
29341,11420,8,0.81
29342,19919,13,0.49
29343,27273,14,0.54
29344,30726,17,0.5
29345,33345,12,0.63
29346,32726,6,0.98
29347,945,17,0.06
29348,17358,15,0.66
29349,10613,4,0.24
29350,33274,4,0.21
29351,3047,11,0.0
29352,1641,1,0.14
29353,18046,2,0.39
29354,5340,1,0.25
29355,8757,10,0.05
29356,12715,9,0.25
29357,1036,7,0.82
29358,33941,19,0.98
29359,5919,4,0.49
29360,9736,19,0.22
29361,15096,8,0.0
29362,3088,9,0.65
29363,30721,18,0.15
29364,20180,4,0.4
29365,2084,13,0.29
29366,10234,6,0.57
29367,30254,17,0.7
29368,9740,4,0.21
29369,630,2,0.87
29370,7619,19,0.24
29371,33082,16,0.56
29372,18602,10,0.32
29373,28870,8,0.85
29374,7370,4,0.59
29375,31814,1,0.18
29376,21344,5,0.27
29377,29768,13,0.09
29378,9622,15,0.62
29379,19804,11,0.39
29380,34559,9,0.34
29381,30352,5,0.14
29382,19414,12,0.57
29383,13151,6,0.07
29384,18852,17,0.33
29385,34324,10,0.61
29386,25647,5,0.52
29387,24394,13,0.17
29388,31982,1,0.7
29389,33534,17,0.83
29390,448,10,0.15
29391,31345,3,0.85
29392,14226,7,0.37
29393,21732,1,0.29
29394,12804,6,0.55
29395,1193,4,0.76
29396,16593,16,0.23
29397,21118,13,0.23
29398,21677,12,0.39
29399,26650,9,0.57
29400,14631,1,0.76
29401,32662,17,0.09
29402,24535,15,0.78
29403,32911,15,0.57
29404,18998,12,0.83
29405,1728,12,0.29
29406,6294,3,0.53
29407,1963,13,0.92
29408,30818,18,0.77
29409,12417,3,0.27
29410,14579,10,0.42
29411,18284,17,0.98
29412,7439,5,0.27
29413,10613,1,0.97
29414,25726,6,0.35
29415,24551,11,0.66
29416,25605,3,0.29
29417,31806,5,0.06
29418,17512,3,1.0
29419,16652,4,0.16
29420,34049,8,0.96
29421,11907,6,0.94
29422,20838,1,0.21
29423,33189,2,0.05
29424,17315,14,0.47
29425,5769,3,0.22
29426,10821,3,0.79
29427,29516,15,0.7
29428,28432,16,0.67
29429,1618,6,0.81
29430,2381,2,0.22
29431,4929,14,0.46
29432,21356,10,0.72
29433,12195,15,0.26
29434,7697,16,0.44
29435,34876,1,0.39
29436,31356,6,0.2
29437,9987,3,0.63
29438,23197,1,0.28
29439,6308,7,0.07
29440,509,17,0.88
29441,3599,13,0.41
29442,31414,15,0.85
29443,20201,9,0.42
29444,34325,8,0.44
29445,27420,3,0.53
29446,25376,15,0.68
29447,11713,5,0.46
29448,13003,15,0.43
29449,16808,2,0.49
29450,2642,17,0.72
29451,19880,15,0.76
29452,32841,4,0.52
29453,4174,18,0.16
29454,32117,19,0.6
29455,19181,3,0.85
29456,11162,3,0.55
29457,14217,15,0.24
29458,1689,3,0.75
29459,17013,15,0.63
29460,31709,8,0.61
29461,32800,1,0.76
29462,31316,6,0.61
29463,15409,1,0.79
29464,28227,10,0.73
29465,8076,4,0.96
29466,3432,12,0.34
29467,30186,11,0.17
29468,4457,2,0.32
29469,17873,15,0.49
29470,19927,10,0.3
29471,13991,3,0.73
29472,25385,15,0.56
29473,34331,13,0.16
29474,21297,15,0.46
29475,19883,7,0.89
29476,31248,16,0.5
29477,31404,19,0.12
29478,7704,15,0.48
29479,1247,16,0.45
29480,31813,15,0.18
29481,9879,15,0.57
29482,28412,18,0.74
29483,22952,17,0.99
29484,30185,5,0.27
29485,10240,18,0.48
29486,19802,6,0.87
29487,3326,17,0.19
29488,26408,15,0.75
29489,19317,3,0.22
29490,8958,15,0.05
29491,22070,13,0.39
29492,7071,15,0.46
29493,12764,2,0.46
29494,6560,2,0.36
29495,26120,18,0.99
29496,10534,17,0.69
29497,17882,19,1.0
29498,19896,17,0.87
29499,28326,2,0.59
29500,15831,18,0.03
29501,3931,3,0.16
29502,901,12,0.83
29503,11279,3,0.59
29504,8360,7,0.64
29505,3797,11,0.39
29506,9937,18,0.66
29507,26853,18,0.11
29508,3621,1,0.06
29509,13570,8,0.56
29510,26125,18,0.29
29511,2666,5,0.49
29512,29046,4,0.6
29513,10319,19,0.16
29514,16400,7,0.41
29515,16767,2,0.97
29516,16807,12,0.62
29517,8992,1,0.79
29518,20629,2,0.37
29519,16463,12,0.47
29520,32401,13,0.13
29521,26096,11,0.67
29522,33251,18,0.44
29523,28010,5,0.94
29524,9091,14,0.07
29525,20352,9,0.36
29526,28730,10,0.64
29527,27107,11,0.7
29528,32947,6,0.88
29529,13940,2,0.49
29530,19592,9,0.14
29531,668,11,0.62
29532,30797,2,0.26
29533,4778,6,0.27
29534,27558,9,0.62
29535,8261,8,0.44
29536,30261,5,0.32
29537,11473,12,0.37
29538,27172,12,0.21
29539,1011,1,0.87
29540,10458,13,0.99
29541,10687,14,0.51
29542,6266,6,0.8
29543,6641,10,0.05
29544,28828,10,0.46
29545,9431,9,0.06
29546,17471,13,0.2
29547,14439,16,0.16
29548,3401,5,0.39
29549,27806,6,0.52
29550,25634,5,0.93
29551,34951,7,0.39
29552,9191,8,0.96
29553,11112,12,0.69
29554,23252,11,0.87
29555,24376,14,0.29
29556,34529,1,0.98
29557,25303,18,0.53
29558,18353,16,0.8
29559,14710,17,0.83
29560,25209,1,0.12
29561,7167,6,0.03
29562,2114,4,0.92
29563,22134,18,0.28
29564,50,8,0.79
29565,21798,18,0.75
29566,5397,2,0.98
29567,26415,15,0.39
29568,27755,17,0.65
29569,33248,16,0.81
29570,13825,8,0.57
29571,23784,7,0.13
29572,13811,16,0.64
29573,34104,9,0.26
29574,5961,19,0.86
29575,26365,8,0.23
29576,17644,9,0.08
29577,33715,3,0.72
29578,22515,15,0.29
29579,14796,12,0.11
29580,29613,9,0.22
29581,18371,7,0.23
29582,21509,8,0.59
29583,24116,3,0.92
29584,20433,3,0.44
29585,21859,9,0.36
29586,4559,15,0.32
29587,18219,11,0.78
29588,6887,1,0.77
29589,34996,14,0.84
29590,6171,9,0.5
29591,11634,5,0.08
29592,12917,18,0.59
29593,21653,4,0.06
29594,14695,14,0.76
29595,18883,15,0.58
29596,6800,12,0.8
29597,5158,12,0.15
29598,7179,1,0.81
29599,29442,10,0.34
29600,5581,4,0.47
29601,10115,14,0.86
29602,6120,16,0.11
29603,2054,5,0.78
29604,1451,14,0.26
29605,24207,2,0.34
29606,29072,1,0.37
29607,33639,3,0.98
29608,10554,4,0.18
29609,25188,1,0.42
29610,25694,4,0.93
29611,17718,19,0.84
29612,5600,9,0.81
29613,11897,19,0.04
29614,25257,18,0.8
29615,3737,4,0.67
29616,31830,17,0.3
29617,12738,6,0.39
29618,33339,11,0.51
29619,15646,2,0.83
29620,34328,12,0.25
29621,22330,12,0.96
29622,32259,4,0.67
29623,14031,6,0.43
29624,12009,7,0.56
29625,29000,13,0.51
29626,29612,3,0.63
29627,5862,13,0.22
29628,8655,12,0.46
29629,18122,19,0.93
29630,1880,6,0.12
29631,23410,16,0.31
29632,29507,14,0.75
29633,4557,1,0.94
29634,16102,17,0.93
29635,20592,11,0.84
29636,17022,4,0.62
29637,29649,15,0.37
29638,16390,18,0.44
29639,27134,7,0.03
29640,32808,13,0.04
29641,374,8,0.52
29642,19351,17,0.65
29643,27001,19,0.91
29644,28564,11,0.51
29645,10966,6,0.74
29646,28606,3,0.64
29647,21936,16,0.93
29648,28579,19,0.42
29649,24866,10,0.95
29650,25429,18,0.4
29651,16960,2,0.96
29652,31432,10,0.18
29653,17637,18,0.4
29654,10907,1,0.37
29655,16083,1,0.67
29656,25542,9,0.86
29657,3614,12,0.04
29658,11941,9,0.19
29659,21457,8,0.14
29660,26074,9,0.72
29661,17272,16,0.16
29662,29430,3,0.99
29663,26165,11,0.83
29664,20731,3,0.92
29665,6027,7,0.25
29666,3574,15,0.72
29667,5758,7,0.22
29668,5421,7,0.69
29669,4822,4,0.49
29670,9479,5,0.58
29671,270,3,0.71
29672,27723,3,0.1
29673,7533,19,0.53
29674,34492,17,0.34
29675,18527,11,0.63
29676,14688,13,0.39
29677,1862,16,0.06
29678,32085,16,0.06
29679,29406,4,0.22
29680,20058,2,0.77
29681,24189,14,0.46
29682,8041,6,0.08
29683,11940,3,0.53
29684,24973,16,0.66
29685,26750,9,0.44
29686,23508,14,0.21
29687,22163,4,0.88
29688,18381,1,0.6
29689,19971,13,0.77
29690,15713,13,0.09
29691,9164,1,0.29
29692,27905,10,0.61
29693,8965,10,0.18
29694,4871,3,0.66
29695,34714,19,0.01
29696,6858,7,0.15
29697,15962,4,0.96
29698,15376,2,0.18
29699,34900,11,0.05
29700,33713,13,0.33
29701,23469,15,0.89
29702,3987,4,0.65
29703,30336,10,0.0
29704,30344,3,0.7
29705,18327,6,0.28
29706,3472,1,0.62
29707,13727,11,0.07
29708,15608,18,0.72
29709,27092,17,0.63
29710,1835,7,0.95
29711,24848,11,0.11
29712,30940,2,0.84
29713,32997,14,0.68
29714,258,14,0.54
29715,11121,5,0.27
29716,13626,7,0.65
29717,26607,12,0.26
29718,31232,5,0.41
29719,9008,19,0.64
29720,19650,13,0.03
29721,2595,6,0.36
29722,16710,1,0.56
29723,72,12,0.04
29724,6608,19,0.5
29725,8263,15,0.65
29726,25902,18,0.88
29727,8156,2,0.47
29728,513,6,0.78
29729,8631,15,0.99
29730,19999,2,0.44
29731,29817,15,0.17
29732,29660,12,0.45
29733,21591,13,0.96
29734,27816,3,0.92
29735,32803,5,0.51
29736,1023,13,0.59
29737,31034,6,0.57
29738,9244,13,0.35
29739,28318,14,0.41
29740,31439,13,0.88
29741,18228,12,0.33
29742,10691,2,0.49
29743,7512,13,0.18
29744,28244,19,0.65
29745,19524,7,0.39
29746,15296,1,0.64
29747,6991,3,0.02
29748,17332,3,0.51
29749,15770,19,0.7
29750,4377,9,0.64
29751,16473,4,0.87
29752,31883,17,0.75
29753,3239,2,0.88
29754,31073,3,0.82
29755,4298,17,0.6
29756,24541,10,0.68
29757,21011,12,0.88
29758,6271,3,0.66
29759,22133,6,0.2
29760,23037,3,0.77
29761,16806,16,0.4
29762,9965,3,0.67
29763,27436,2,0.92
29764,17997,12,1.0
29765,22717,10,0.5
29766,23929,18,0.35
29767,4864,5,0.11
29768,26239,19,0.87
29769,6972,9,0.59
29770,7442,5,0.24
29771,20701,11,0.17
29772,26054,10,0.14
29773,28552,4,0.66
29774,7223,14,0.07
29775,4927,16,0.49
29776,25071,16,0.88
29777,15635,15,0.29
29778,30389,13,0.58
29779,30117,18,0.43
29780,30704,4,0.29
29781,8421,11,0.75
29782,19872,13,0.75
29783,29236,18,0.25
29784,12916,8,0.69
29785,7640,7,0.8
29786,18093,4,0.01
29787,8580,3,0.59
29788,17506,17,0.74
29789,10171,5,0.51
29790,20842,8,0.32
29791,15371,16,0.38
29792,25685,3,0.6
29793,2943,16,0.66
29794,31662,3,0.87
29795,10104,10,0.81
29796,14829,1,0.98
29797,22680,5,0.4
29798,13145,8,0.45
29799,11063,1,0.38
29800,19182,18,0.36
29801,30203,9,0.24
29802,3804,7,0.85
29803,3210,13,0.75
29804,23905,7,0.72
29805,6697,10,0.1
29806,5468,9,0.79
29807,2529,11,0.08
29808,5798,6,0.41
29809,22505,1,0.86
29810,13366,17,0.57
29811,19049,7,0.63
29812,4507,5,0.12
29813,5395,6,0.05
29814,11295,10,0.81
29815,13200,12,0.68
29816,15770,5,0.71
29817,18727,4,0.46
29818,34965,6,0.5
29819,16423,19,0.42
29820,9603,9,0.88
29821,28720,2,0.1
29822,33897,18,0.09
29823,4324,16,0.06
29824,15075,13,0.95
29825,21468,8,0.67
29826,14790,17,0.77
29827,11076,6,0.78
29828,27122,10,0.84
29829,13438,16,0.96
29830,24243,14,0.95
29831,18461,6,0.69
29832,23171,6,0.29
29833,31928,7,0.95
29834,34057,16,0.75
29835,9442,13,0.76
29836,21378,8,0.2
29837,32024,13,0.06
29838,10575,3,0.68
29839,33643,17,0.1
29840,31269,4,0.85
29841,2430,16,0.71
29842,4182,1,0.51
29843,19175,18,0.73
29844,8624,17,0.33
29845,9294,7,0.16
29846,34825,14,0.02
29847,3199,10,0.18
29848,9022,6,0.6
29849,4070,19,0.56
29850,15325,14,0.08
29851,13744,15,0.84
29852,21167,19,0.17
29853,34428,10,0.78
29854,11537,19,0.95
29855,15662,6,0.66
29856,14783,16,0.25
29857,16063,2,0.88
29858,10882,15,0.24
29859,15129,5,0.37
29860,3003,12,0.99
29861,12190,15,0.15
29862,9911,1,0.03
29863,12895,8,0.09
29864,33206,2,0.75
29865,18079,10,0.65
29866,17322,9,0.99
29867,23431,15,0.56
29868,27309,2,0.64
29869,31779,10,0.73
29870,11207,3,0.03
29871,26220,12,0.06
29872,7635,14,0.96
29873,9351,8,0.48
29874,32821,5,0.84
29875,15632,17,0.34
29876,16352,7,0.58
29877,29281,6,0.9
29878,6078,6,0.47
29879,21375,10,0.41
29880,32901,3,0.46
29881,2192,18,0.78
29882,32352,16,0.6
29883,30592,9,0.73
29884,32154,8,0.77
29885,21698,4,0.69
29886,4937,18,0.36
29887,34790,3,0.9
29888,3831,11,0.89
29889,32464,15,0.91
29890,15915,1,0.67
29891,18212,19,0.77
29892,23932,9,0.32
29893,17146,4,0.36
29894,20545,14,0.24
29895,8917,15,0.61
29896,2697,14,0.46
29897,33752,13,0.01
29898,20661,10,0.77
29899,21323,19,0.54
29900,34995,8,0.7
29901,6351,6,0.36
29902,2277,14,0.76
29903,17837,12,0.17
29904,3118,14,0.36
29905,17896,15,0.62
29906,34543,19,0.12
29907,30274,4,0.37
29908,22582,15,0.53
29909,3901,12,0.77
29910,11820,16,0.66
29911,21812,2,0.13
29912,28710,18,0.93
29913,3881,11,0.95
29914,15963,7,0.91
29915,33472,14,0.59
29916,4355,3,0.92
29917,6026,10,0.65
29918,30342,17,0.04
29919,14468,3,0.37
29920,6335,16,0.74
29921,846,12,0.97
29922,28791,12,0.51
29923,26966,5,1.0
29924,28732,9,0.71
29925,29393,2,0.49
29926,22085,6,0.05
29927,21871,13,0.02
29928,3813,13,0.53
29929,196,4,0.63
29930,27373,7,0.77
29931,2565,6,0.03
29932,24925,12,0.78
29933,16017,6,0.18
29934,27964,2,0.33
29935,5653,9,0.0
29936,25583,7,0.39
29937,4235,16,0.46
29938,34310,5,0.63
29939,6640,14,0.27
29940,21930,5,0.28
29941,16141,1,0.09
29942,9419,9,0.26
29943,15035,14,0.82
29944,25148,4,0.28
29945,22920,17,0.61
29946,11322,15,0.23
29947,7180,4,0.69
29948,12784,7,0.95
29949,8951,10,0.61
29950,26727,9,0.11
29951,25475,17,0.13
29952,34177,4,0.12
29953,16759,1,0.97
29954,32962,16,0.14
29955,1035,7,0.05
29956,5902,5,0.06
29957,9548,6,0.2
29958,28203,16,0.92
29959,1788,17,0.04
29960,24206,17,0.66
29961,18247,10,0.65
29962,15286,3,0.13
29963,137,10,0.75
29964,28724,18,0.84
29965,10460,11,0.74
29966,21749,7,0.29
29967,13713,10,0.56
29968,14195,8,0.78
29969,13084,15,0.44
29970,16304,9,0.53
29971,33922,6,0.83
29972,10753,13,0.26
29973,23066,6,0.27
29974,15368,1,0.42
29975,10847,12,0.94
29976,1450,13,0.99
29977,8621,16,0.29
29978,32379,14,0.24
29979,30568,3,0.94
29980,1341,2,0.96
29981,7935,4,0.13
29982,31120,19,0.59
29983,25380,3,0.02
29984,11891,11,0.6
29985,10168,1,0.03
29986,33882,7,0.46
29987,24992,12,0.21
29988,25779,2,0.0
29989,29168,18,0.5
29990,6154,6,0.45
29991,24977,8,0.79
29992,33077,18,0.77
29993,2454,19,0.64
29994,18213,8,0.33
29995,2080,9,0.48
29996,23976,2,0.29
29997,1774,16,0.45
29998,8806,2,0.2
29999,28445,13,0.57
30000,5830,15,0.83
30001,1820,5,0.27
30002,24250,7,0.56
30003,22184,15,0.06
30004,32123,15,0.79
30005,24446,11,0.39
30006,26470,15,0.96
30007,8026,18,0.28
30008,23964,8,0.41
30009,3348,8,0.97
30010,9617,4,0.07
30011,378,14,0.77
30012,20539,10,0.13
30013,32855,6,0.86
30014,237,17,0.15
30015,23555,4,0.03
30016,4220,6,0.21
30017,17174,17,0.87
30018,11665,7,0.95
30019,20952,1,0.57
30020,7213,12,0.91
30021,29324,8,0.46
30022,31446,1,0.11
30023,5939,3,0.52
30024,1076,16,0.71
30025,19045,11,0.37
30026,11043,5,0.85
30027,5679,14,0.55
30028,13021,19,0.53
30029,32901,13,0.6
30030,1211,7,0.76
30031,13733,14,0.2
30032,3165,14,0.39
30033,10660,10,0.1
30034,27842,12,0.38
30035,14625,14,0.74
30036,2485,18,0.25
30037,15223,4,0.85
30038,24425,9,0.19
30039,12153,6,0.29
30040,13777,12,0.75
30041,125,9,0.76
30042,13778,8,0.41
30043,18782,9,0.42
30044,33798,14,0.61
30045,5261,12,0.63
30046,28571,15,0.45
30047,19618,17,0.87
30048,21142,15,0.49
30049,17340,3,0.03
30050,10384,10,0.73
30051,28268,6,0.67
30052,12761,18,0.48
30053,1525,11,0.05
30054,34588,14,0.13
30055,12727,7,0.95
30056,29767,16,0.99
30057,27361,12,0.51
30058,22407,12,0.02
30059,8289,13,0.76
30060,29591,6,0.32
30061,16764,17,0.54
30062,2387,3,0.36
30063,26377,3,0.27
30064,16194,18,0.05
30065,24420,2,0.22
30066,4981,8,0.28
30067,3647,17,0.64
30068,30450,6,0.52
30069,10427,13,0.16
30070,27234,6,0.02
30071,33983,15,0.34
30072,7504,8,0.82
30073,28348,1,0.28
30074,12236,9,0.97
30075,17814,13,0.53
30076,12588,5,0.23
30077,10636,2,0.6
30078,25526,3,0.49
30079,9627,9,0.43
30080,11512,3,0.21
30081,31960,1,0.79
30082,15691,19,0.52
30083,3189,1,0.25
30084,23190,5,0.91
30085,21986,5,0.89
30086,11112,9,0.02
30087,6957,7,0.08
30088,11943,1,0.13
30089,17361,9,0.52
30090,21970,3,0.74
30091,34603,13,0.34
30092,9427,3,0.66
30093,33246,18,0.38
30094,24580,10,0.85
30095,9079,3,0.34
30096,1806,8,0.81
30097,34036,6,0.81
30098,27405,14,0.93
30099,19040,17,0.79
30100,5266,1,0.36
30101,22363,12,0.7
30102,15490,11,0.02
30103,25970,12,0.12
30104,10794,16,0.4
30105,29390,9,0.0
30106,7922,10,0.03
30107,17707,17,0.64
30108,3070,8,0.93
30109,10720,19,0.7
30110,32839,14,0.04
30111,1119,9,0.49
30112,7476,16,0.96
30113,32447,9,0.5
30114,27543,12,0.31
30115,25650,15,0.32
30116,330,8,0.04
30117,32275,6,0.16
30118,17974,3,0.25
30119,32982,1,0.43
30120,32967,14,0.11
30121,26778,3,0.1
30122,13065,9,0.16
30123,11946,15,0.39
30124,20694,7,0.41
30125,9662,19,0.82
30126,11831,17,0.64
30127,28889,10,0.7
30128,22598,4,0.32
30129,8357,11,0.7
30130,33668,3,0.35
30131,16329,16,0.74
30132,16459,11,0.39
30133,2968,1,0.85
30134,567,18,0.05
30135,5876,4,0.94
30136,15235,2,0.66
30137,6079,15,0.18
30138,18895,15,0.7
30139,34287,2,0.74
30140,29291,18,0.94
30141,24170,18,0.64
30142,30808,7,0.81
30143,24986,18,0.03
30144,27406,14,0.94
30145,23959,13,0.44
30146,11556,1,0.95
30147,26072,15,0.35
30148,5029,12,0.39
30149,29055,4,0.26
30150,15462,19,0.58
30151,9626,9,0.66
30152,11061,6,0.12
30153,5856,19,0.59
30154,6747,4,0.91
30155,8586,16,0.89
30156,10814,3,0.42
30157,21893,10,0.41
30158,25005,17,0.93
30159,14853,5,0.88
30160,17433,3,0.32
30161,17002,7,0.44
30162,25978,9,0.94
30163,20753,10,0.49
30164,12330,8,0.2
30165,32064,14,0.3
30166,23836,3,0.52
30167,3047,4,0.57
30168,17606,14,0.88
30169,31642,2,0.24
30170,13635,6,0.68
30171,32396,14,0.71
30172,11629,6,0.2
30173,25822,5,0.07
30174,14581,9,0.94
30175,12323,13,0.96
30176,1609,15,0.69
30177,22858,10,0.82
30178,28839,15,0.12
30179,4127,2,0.68
30180,20510,8,0.85
30181,32135,6,0.24
30182,9485,15,0.83
30183,29522,13,0.33
30184,19029,10,0.36
30185,28212,2,0.92
30186,34385,7,0.85
30187,29855,18,0.65
30188,27107,15,0.19
30189,6270,7,0.38
30190,14376,5,0.59
30191,626,10,0.44
30192,380,13,0.39
30193,28980,19,0.9
30194,32607,6,0.75
30195,34704,3,0.79
30196,5962,12,0.73
30197,30794,12,0.61
30198,25804,6,0.42
30199,6360,6,0.3
30200,8410,10,0.35
30201,9036,3,0.47
30202,17145,19,0.52
30203,29466,10,0.44
30204,34721,15,0.52
30205,9000,15,0.42
30206,19275,8,0.77
30207,12299,14,0.39
30208,29063,6,0.84
30209,18669,7,0.49
30210,19769,8,0.76
30211,27292,7,0.48
30212,7119,8,0.99
30213,17468,2,0.52
30214,14030,1,0.16
30215,19738,14,0.11
30216,34642,6,0.17
30217,14605,2,0.97
30218,6672,1,0.03
30219,26127,15,0.91
30220,9067,6,0.79
30221,13295,8,0.07
30222,30095,9,0.03
30223,5587,1,0.34
30224,22905,13,0.21
30225,29780,6,0.87
30226,21998,15,0.22
30227,30120,14,0.33
30228,21214,13,0.33
30229,30914,5,0.77
30230,29931,11,0.54
30231,22840,1,0.31
30232,18858,7,0.19
30233,31085,12,0.36
30234,8573,12,0.74
30235,30975,18,0.38
30236,6633,18,0.97
30237,11874,3,0.28
30238,26516,17,0.5
30239,25440,17,0.66
30240,27173,19,0.53
30241,14368,3,0.83
30242,18345,7,0.87
30243,19228,15,0.01
30244,1719,4,0.74
30245,30145,14,0.18
30246,20450,9,0.34
30247,31870,19,0.99
30248,10266,19,0.93
30249,27840,10,0.04
30250,33895,7,0.42
30251,29893,13,0.15
30252,33968,6,0.3
30253,5491,11,0.22
30254,11113,10,0.31
30255,32111,10,0.86
30256,28440,3,0.85
30257,2122,15,0.44
30258,11312,1,0.82
30259,17911,7,0.49
30260,26376,9,0.16
30261,16135,9,0.18
30262,10981,8,0.49
30263,8752,6,0.31
30264,14292,18,0.69
30265,28013,16,0.43
30266,16363,10,0.44
30267,11476,8,0.6
30268,27985,7,0.18
30269,20251,12,0.57
30270,33289,18,0.13
30271,21797,3,0.73
30272,33828,8,0.95
30273,1744,7,0.36
30274,8285,11,0.65
30275,34138,4,0.79
30276,12023,10,0.94
30277,2,10,0.8
30278,28203,4,1.0
30279,10678,2,0.87
30280,9221,2,0.42
30281,7616,15,0.1
30282,23329,7,0.57
30283,27576,3,0.24
30284,11235,12,0.32
30285,12061,18,0.35
30286,26437,1,0.83
30287,34707,6,0.57
30288,3952,6,0.6
30289,12860,18,0.76
30290,6806,2,0.85
30291,16751,4,0.61
30292,33194,17,0.97
30293,1827,13,0.87
30294,25893,14,0.65
30295,17678,8,0.47
30296,30766,2,0.32
30297,13580,11,0.07
30298,28825,12,0.64
30299,33616,17,0.79
30300,32902,17,0.89
30301,1762,16,0.32
30302,11791,3,0.49
30303,16152,12,0.84
30304,205,9,0.05
30305,34358,4,0.03
30306,34966,8,0.11
30307,27632,19,0.03
30308,15818,10,0.24
30309,7444,14,0.56
30310,11869,11,0.81
30311,1929,11,0.73
30312,5126,17,0.28
30313,23496,18,0.94
30314,8567,14,0.56
30315,26333,5,0.58
30316,923,2,0.24
30317,24177,15,0.51
30318,18266,12,0.18
30319,12734,14,0.02
30320,2345,6,0.21
30321,21013,13,0.8
30322,13797,8,0.19
30323,25209,4,0.07
30324,29307,13,0.49
30325,18411,15,0.8
30326,18216,10,0.03
30327,34790,12,0.58
30328,7575,14,0.06
30329,12088,3,0.38
30330,33580,14,0.96
30331,11626,11,0.24
30332,16125,13,0.86
30333,11471,3,0.95
30334,20761,16,0.21
30335,11021,4,0.1
30336,23798,8,0.01
30337,29640,8,0.77
30338,17701,7,0.9
30339,28380,10,0.06
30340,7838,14,0.43
30341,28606,5,0.18
30342,909,12,0.66
30343,2481,5,0.81
30344,22705,12,0.31
30345,15839,8,0.89
30346,10820,6,0.66
30347,15524,10,0.79
30348,8582,11,0.36
30349,16846,16,0.85
30350,20086,1,0.23
30351,5367,7,0.82
30352,6409,17,0.46
30353,31550,13,0.24
30354,11656,16,0.57
30355,13255,15,0.2
30356,2771,13,0.14
30357,4131,10,0.37
30358,12723,9,0.38
30359,25039,2,0.22
30360,19771,10,0.89
30361,975,3,0.51
30362,14631,19,0.61
30363,17157,9,0.02
30364,31821,5,0.71
30365,1715,1,0.33
30366,18685,16,0.27
30367,19028,18,0.08
30368,32361,14,0.72
30369,14992,12,0.36
30370,19386,17,0.92
30371,25706,13,0.94
30372,19134,10,0.33
30373,11107,3,0.73
30374,810,2,0.69
30375,19286,12,0.01
30376,1975,1,0.29
30377,15232,5,0.5
30378,13798,3,0.78
30379,11581,12,0.42
30380,10788,8,0.01
30381,20875,8,0.49
30382,6319,5,0.86
30383,21011,17,0.27
30384,17637,11,0.27
30385,13394,10,0.55
30386,24045,11,0.96
30387,29347,12,0.45
30388,34422,17,0.86
30389,10434,1,0.16
30390,21660,13,0.52
30391,16873,1,0.88
30392,6987,11,0.15
30393,17572,16,0.55
30394,19139,10,0.84
30395,21154,4,0.94
30396,31588,3,0.51
30397,6281,10,0.29
30398,12935,19,0.52
30399,29134,13,0.63
30400,16018,11,0.15
30401,33812,12,0.27
30402,1195,3,0.04
30403,22882,3,0.38
30404,32020,12,0.13
30405,20681,2,0.94
30406,24826,5,0.52
30407,2483,5,0.28
30408,32958,19,0.68
30409,31176,3,0.11
30410,6704,17,0.83
30411,19505,17,0.07
30412,23928,18,0.46
30413,10086,11,0.9
30414,16748,14,0.25
30415,19155,18,0.83
30416,921,9,0.39
30417,16093,12,0.31
30418,29669,15,0.52
30419,19169,4,0.52
30420,52,13,0.21
30421,24489,10,0.35
30422,13194,2,0.05
30423,26176,19,0.1
30424,8363,13,0.29
30425,25672,8,0.6
30426,1984,3,0.32
30427,33440,17,0.2
30428,20716,14,0.55
30429,24827,13,0.23
30430,19950,4,0.85
30431,20151,16,0.65
30432,34349,19,0.18
30433,13898,19,0.2
30434,13772,12,0.72
30435,23117,18,0.87
30436,33599,9,0.62
30437,3937,14,0.36
30438,34050,11,0.86
30439,3135,18,0.36
30440,1100,14,0.93
30441,15147,5,0.17
30442,1139,18,0.65
30443,30596,2,0.22
30444,16512,4,0.74
30445,4352,12,0.23
30446,33815,12,0.19
30447,17976,19,0.63
30448,31849,14,0.48
30449,28399,17,0.31
30450,21251,11,0.13
30451,15669,5,0.8
30452,29662,17,0.03
30453,33885,16,0.88
30454,25359,14,0.31
30455,9890,12,0.76
30456,16110,3,0.49
30457,4012,19,0.64
30458,33036,14,0.96
30459,7053,7,0.28
30460,12281,13,0.97
30461,5904,4,0.67
30462,3199,4,0.51
30463,12371,1,0.81
30464,22326,8,0.05
30465,15363,13,0.61
30466,20679,19,0.94
30467,30730,4,0.67
30468,2879,19,0.15
30469,21809,12,0.8
30470,6483,5,0.16
30471,5713,19,0.44
30472,20968,14,0.36
30473,32165,2,0.32
30474,13489,12,0.73
30475,5278,7,0.63
30476,28206,4,0.22
30477,20654,12,0.45
30478,11284,9,0.08
30479,14466,2,0.75
30480,9941,16,0.0
30481,30504,17,0.99
30482,27452,8,0.61
30483,13346,12,0.7
30484,27816,5,0.15
30485,10680,11,0.34
30486,31243,16,0.37
30487,33263,5,0.7
30488,8180,15,0.56
30489,9026,7,0.17
30490,25221,9,0.27
30491,1429,12,0.64
30492,21269,15,0.96
30493,23781,14,0.74
30494,23360,19,0.19
30495,4324,18,0.72
30496,11887,4,0.96
30497,21541,11,0.19
30498,24084,3,0.19
30499,20641,19,0.53
30500,8255,9,0.07
30501,512,6,0.17
30502,24298,14,0.53
30503,4131,3,0.93
30504,1109,19,0.78
30505,5334,13,0.75
30506,654,12,0.12
30507,18449,14,0.72
30508,32901,13,0.49
30509,10473,2,0.82
30510,15561,6,0.07
30511,9948,6,0.39
30512,23960,6,0.83
30513,26796,6,0.6
30514,28652,5,0.6
30515,13485,11,0.27
30516,18170,9,0.53
30517,29055,1,0.65
30518,23361,9,0.98
30519,29427,19,0.92
30520,10060,12,0.4
30521,1348,16,0.77
30522,12498,2,0.98
30523,24627,11,0.3
30524,530,15,0.95
30525,5166,15,0.12
30526,8483,2,0.5
30527,2243,5,0.12
30528,12846,10,0.35
30529,725,7,0.02
30530,33039,16,0.34
30531,29051,1,0.26
30532,24686,1,0.5
30533,21287,10,0.96
30534,30234,15,0.66
30535,33932,11,0.95
30536,29279,1,0.55
30537,15103,15,0.7
30538,5726,5,0.0
30539,16983,7,0.42
30540,10422,13,0.26
30541,21939,13,0.25
30542,24602,11,0.45
30543,32906,15,0.83
30544,5795,10,0.59
30545,20206,17,0.08
30546,34182,1,0.57
30547,15751,5,0.7
30548,31394,17,0.32
30549,15887,8,0.45
30550,11592,14,0.18
30551,13133,12,0.91
30552,28764,11,0.98
30553,16717,7,0.02
30554,31148,1,0.02
30555,1073,13,0.14
30556,11057,16,0.15
30557,19460,19,0.06
30558,23789,2,0.08
30559,11310,19,0.08
30560,19207,17,0.25
30561,2348,6,0.18
30562,13981,18,0.04
30563,2948,14,0.08
30564,21860,9,0.35
30565,15321,15,0.39
30566,7356,11,0.1
30567,25407,9,0.29
30568,28742,12,0.85
30569,24317,6,0.07
30570,15290,12,0.6
30571,5679,5,0.48
30572,6076,4,0.65
30573,25464,13,0.67
30574,20295,14,0.14
30575,22122,15,0.12
30576,13656,11,0.39
30577,30182,19,0.89
30578,31723,12,0.91
30579,20151,4,0.58
30580,8273,10,0.91
30581,20376,12,0.09
30582,34280,14,0.69
30583,25842,5,0.49
30584,21504,8,0.67
30585,6781,3,0.11
30586,1752,1,0.41
30587,33407,19,0.38
30588,10353,11,0.8
30589,26387,13,0.02
30590,29935,1,0.09
30591,6646,11,0.71
30592,12432,9,0.96
30593,8503,10,0.81
30594,24066,2,0.18
30595,7089,1,0.63
30596,19043,18,0.43
30597,4697,4,0.26
30598,19760,17,0.54
30599,28220,2,0.85
30600,10889,18,0.69
30601,12529,11,0.4
30602,24468,9,0.63
30603,17617,17,0.87
30604,10188,19,0.93
30605,11749,4,0.76
30606,17582,15,0.59
30607,3067,1,0.06
30608,25918,10,0.81
30609,11572,10,0.89
30610,3410,18,0.86
30611,13430,7,0.14
30612,3788,10,0.13
30613,6394,8,0.85
30614,8237,16,0.08
30615,2801,16,0.15
30616,16406,8,0.17
30617,6584,10,0.32
30618,8152,16,0.27
30619,7584,1,0.28
30620,17827,1,0.8
30621,18742,12,0.07
30622,3207,5,0.5
30623,32911,10,0.88
30624,32617,10,0.69
30625,16742,9,0.04
30626,26951,7,0.37
30627,6010,12,0.37
30628,32601,8,0.62
30629,5991,8,0.12
30630,27609,14,0.11
30631,27414,17,0.58
30632,27550,19,0.22
30633,22806,8,0.81
30634,24371,5,0.85
30635,28179,15,0.78
30636,2423,15,0.87
30637,19934,3,0.16
30638,27356,16,0.71
30639,34311,4,0.11
30640,1264,9,0.36
30641,20586,6,0.95
30642,5613,10,0.49
30643,8090,4,0.08
30644,9111,10,0.15
30645,17020,19,0.82
30646,19683,15,0.53
30647,19046,9,0.17
30648,9681,13,0.97
30649,17035,5,0.01
30650,19820,2,0.5
30651,12608,16,0.94
30652,6026,3,0.67
30653,869,16,0.29
30654,112,4,0.67
30655,20416,4,0.54
30656,22678,18,0.96
30657,10612,17,0.89
30658,22383,6,0.36
30659,11982,19,0.56
30660,30818,2,0.69
30661,32322,12,0.03
30662,19013,8,0.62
30663,21903,18,0.08
30664,19033,5,0.83
30665,1038,1,0.21
30666,14853,2,0.3
30667,32239,18,0.34
30668,13160,16,0.89
30669,20143,19,0.69
30670,25195,10,0.65
30671,16267,13,0.83
30672,15989,5,0.83
30673,32676,4,0.46
30674,31393,1,0.19
30675,31594,16,0.46
30676,29137,6,0.67
30677,30862,6,0.03
30678,31339,17,0.87
30679,23114,7,0.78
30680,33572,18,0.22
30681,20440,2,0.75
30682,1806,4,0.47
30683,8302,4,0.75
30684,31437,8,0.35
30685,26770,13,0.76
30686,21926,8,0.97
30687,13126,3,0.06
30688,7308,8,0.5
30689,3270,5,0.72
30690,5168,7,0.97
30691,8172,6,0.14
30692,1970,13,0.47
30693,30414,19,0.08
30694,17375,6,0.86
30695,30873,16,0.03
30696,4776,4,0.72
30697,32784,7,0.91
30698,12614,16,0.23
30699,21081,12,0.56
30700,19675,10,0.44
30701,6494,14,0.9
30702,24137,10,0.04
30703,25464,13,0.09
30704,3352,7,0.56
30705,33275,4,0.07
30706,20715,19,0.65
30707,34825,19,0.33
30708,14510,15,0.46
30709,31505,6,0.1
30710,5404,13,0.85
30711,2587,4,0.73
30712,13076,11,0.03
30713,18735,8,0.26
30714,23773,12,0.26
30715,15230,8,0.34
30716,596,1,0.0
30717,13905,8,0.24
30718,25217,2,0.66
30719,12814,10,0.5
30720,22065,2,0.42
30721,4185,9,0.97
30722,25616,7,0.35
30723,33219,7,0.52
30724,26727,9,0.51
30725,21075,14,0.19
30726,33876,4,0.34
30727,25368,14,0.05
30728,15151,16,0.38
30729,19862,8,0.33
30730,32422,4,0.0
30731,20740,14,0.85
30732,20674,10,0.12
30733,564,15,0.3
30734,17509,4,0.45
30735,31133,8,0.55
30736,29022,9,0.43
30737,3855,8,0.74
30738,34008,6,0.55
30739,20827,9,0.7
30740,20462,19,0.4
30741,4279,17,0.27
30742,3718,15,0.92
30743,17664,3,0.7
30744,28581,17,0.68
30745,11174,7,0.77
30746,4791,15,0.45
30747,971,13,0.27
30748,30957,3,0.56
30749,7364,19,0.65
30750,25028,10,0.36
30751,2718,6,0.62
30752,5477,7,0.83
30753,3530,10,0.95
30754,11440,19,0.82
30755,31056,18,0.41
30756,32051,7,0.36
30757,28691,5,0.81
30758,28086,6,0.65
30759,23774,8,0.49
30760,13596,6,0.63
30761,26847,14,0.14
30762,21396,6,0.72
30763,15525,4,0.11
30764,23723,16,0.77
30765,29828,3,0.27
30766,5328,16,0.52
30767,14708,15,0.58
30768,12675,17,0.7
30769,34592,8,0.4
30770,31641,16,0.63
30771,7379,11,0.21
30772,16422,10,0.25
30773,8845,13,0.88
30774,30700,6,0.67
30775,33516,5,0.95
30776,28632,4,0.34
30777,10218,4,0.9
30778,11312,3,0.38
30779,20737,4,0.68
30780,30425,7,0.81
30781,30074,12,0.82
30782,1868,4,0.13
30783,31042,4,0.94
30784,21164,16,0.04
30785,31384,12,0.91
30786,7921,18,0.62
30787,8642,11,0.76
30788,28836,8,0.04
30789,1496,4,0.33
30790,1825,3,0.43
30791,32468,10,0.18
30792,22128,11,0.8
30793,16076,1,0.88
30794,34576,6,0.1
30795,19037,8,0.83
30796,1379,14,0.83
30797,10576,2,0.52
30798,29963,3,0.08
30799,10509,5,0.3
30800,12940,12,0.9
30801,18726,14,0.89
30802,10118,5,0.3
30803,34140,3,0.83
30804,10123,15,0.2
30805,21254,8,0.68
30806,5952,2,0.26
30807,8946,9,0.27
30808,13710,9,0.33
30809,31008,16,0.53
30810,22530,13,0.84
30811,20512,9,0.96
30812,24246,3,0.3
30813,29752,10,0.92
30814,17718,3,0.9
30815,26176,2,0.4
30816,18405,7,0.65
30817,17513,18,0.17
30818,15411,3,0.81
30819,34029,10,0.17
30820,3611,10,0.59
30821,6905,2,0.2
30822,1423,16,0.19
30823,3106,13,0.91
30824,31385,4,0.93
30825,31201,18,0.86
30826,21024,1,0.18
30827,14004,2,0.53
30828,25319,10,0.29
30829,25137,10,0.15
30830,494,13,0.01
30831,17245,4,0.15
30832,1920,11,0.17
30833,16316,8,0.09
30834,5080,15,0.45
30835,30918,15,0.67
30836,11612,5,0.98
30837,12616,11,0.16
30838,3567,1,0.95
30839,6843,14,0.79
30840,4858,13,0.46
30841,5334,8,0.04
30842,9005,15,0.42
30843,2996,15,0.91
30844,33610,8,0.09
30845,27194,6,0.89
30846,5794,9,0.61
30847,19060,16,0.73
30848,421,15,0.09
30849,19087,8,0.61
30850,22257,19,0.92
30851,19842,15,0.31
30852,31630,14,0.6
30853,6196,4,0.15
30854,11273,16,0.17
30855,26718,18,0.44
30856,18405,17,0.42
30857,28235,9,0.12
30858,19076,13,0.9
30859,14,19,0.9
30860,15946,7,0.79
30861,33259,16,0.04
30862,9977,1,0.04
30863,6217,8,0.62
30864,6293,5,0.86
30865,16433,14,0.27
30866,28352,17,0.84
30867,27445,3,0.26
30868,14712,16,0.48
30869,922,8,0.11
30870,34296,4,0.19
30871,22439,14,0.61
30872,28312,18,0.22
30873,27066,8,0.86
30874,9621,3,0.26
30875,27359,15,0.79
30876,17085,13,0.62
30877,4887,14,0.13
30878,30541,9,0.31
30879,1814,15,0.9
30880,14754,16,0.82
30881,7883,8,0.96
30882,7859,2,0.45
30883,9747,12,0.85
30884,24869,1,0.98
30885,13868,3,0.21
30886,13648,13,0.52
30887,3144,9,0.2
30888,22750,5,0.78
30889,23634,6,0.45
30890,5883,7,0.4
30891,23584,3,0.95
30892,13392,14,0.99
30893,25321,9,0.57
30894,31321,12,0.26
30895,3476,6,0.52
30896,27072,11,0.54
30897,32094,16,0.52
30898,21877,6,0.08
30899,4063,10,0.14
30900,9022,17,0.11
30901,4038,10,0.98
30902,22529,2,0.75
30903,13369,12,0.18
30904,19653,2,0.31
30905,1734,7,0.8
30906,1466,7,0.6
30907,31803,19,0.5
30908,23130,15,0.16
30909,20458,15,0.2
30910,26020,8,0.8
30911,13660,5,0.45
30912,29613,15,0.69
30913,8187,6,0.52
30914,11906,19,0.4
30915,4701,5,0.47
30916,15553,9,0.45
30917,23930,11,0.66
30918,1009,16,0.94
30919,25610,4,0.11
30920,31972,8,0.36
30921,3570,7,0.67
30922,24717,6,0.2
30923,29286,14,0.27
30924,25316,10,0.0
30925,3157,7,0.16
30926,8539,19,0.41
30927,14113,18,0.47
30928,23535,1,0.85
30929,11268,13,0.56
30930,21200,19,0.15
30931,24127,15,0.65
30932,25804,19,0.99
30933,7313,2,0.28
30934,4688,4,0.84
30935,21999,3,0.66
30936,21642,3,0.01
30937,23046,1,0.01
30938,11399,16,0.26
30939,29037,14,0.5
30940,24127,17,0.02
30941,21632,6,0.25
30942,17167,1,0.24
30943,15276,11,0.23
30944,4517,9,0.32
30945,27109,14,0.37
30946,6050,2,0.48
30947,7052,1,0.3
30948,16633,1,0.26
30949,10272,5,0.57
30950,24995,1,0.54
30951,7108,18,0.24
30952,702,4,0.28
30953,27628,19,0.63
30954,18541,4,0.31
30955,7918,13,0.87
30956,17589,4,0.45
30957,31450,18,0.36
30958,19350,13,0.31
30959,6562,17,0.73
30960,6168,1,0.65
30961,7647,1,0.87
30962,30920,10,0.47
30963,7596,18,0.35
30964,32932,8,0.8
30965,27774,18,0.68
30966,30561,2,0.89
30967,31524,9,0.44
30968,15601,13,0.93
30969,2450,3,0.95
30970,25415,11,0.6
30971,6028,12,0.71
30972,9047,9,0.07
30973,4831,18,0.96
30974,27399,8,0.92
30975,15705,3,0.01
30976,29170,18,0.07
30977,15224,5,0.69
30978,16647,13,0.46
30979,2341,13,0.38
30980,778,5,0.69
30981,24576,10,0.38
30982,30721,8,0.64
30983,14296,1,0.66
30984,6148,1,0.36
30985,15910,19,0.36
30986,34908,8,0.51
30987,21142,7,0.97
30988,18560,7,0.57
30989,29435,3,0.8
30990,11980,17,0.76
30991,33991,8,0.81
30992,31655,6,0.73
30993,15324,2,0.36
30994,27381,3,0.15
30995,30140,4,0.21
30996,18464,2,0.59
30997,18470,2,0.24
30998,5290,19,0.04
30999,21249,6,0.52
31000,21232,14,0.87
31001,8523,14,0.56
31002,30739,8,0.03
31003,22724,6,0.01
31004,18210,19,0.17
31005,18704,13,0.27
31006,10809,18,0.86
31007,11724,6,0.72
31008,24479,12,0.48
31009,5156,2,0.63
31010,4363,3,0.73
31011,24360,10,0.45
31012,8037,17,0.71
31013,24167,12,0.17
31014,5486,5,0.5
31015,18601,3,0.36
31016,2502,11,0.85
31017,20283,8,0.47
31018,3129,7,0.3
31019,32622,18,0.52
31020,22094,14,0.67
31021,26087,14,0.84
31022,9653,9,0.55
31023,3571,12,0.86
31024,14288,9,0.98
31025,20810,4,0.63
31026,17129,6,0.9
31027,24656,9,0.68
31028,7504,7,0.85
31029,16303,9,0.73
31030,7366,7,0.22
31031,15684,13,0.99
31032,33730,6,0.34
31033,30685,15,0.16
31034,32299,19,0.59
31035,20160,16,0.26
31036,19836,11,0.48
31037,11940,9,0.24
31038,12051,11,0.7
31039,13137,15,0.21
31040,24265,3,0.14
31041,6657,15,0.33
31042,20656,10,0.99
31043,9470,2,0.8
31044,7654,16,0.14
31045,21487,4,0.43
31046,489,10,0.0
31047,8199,6,0.78
31048,1811,16,0.46
31049,25375,19,0.13
31050,15711,17,0.9
31051,17593,10,0.48
31052,14168,2,0.09
31053,34607,1,0.02
31054,15030,14,0.4
31055,11554,13,0.24
31056,28565,2,0.22
31057,16835,10,0.97
31058,17758,4,0.75
31059,33589,8,0.27
31060,3663,18,0.47
31061,5811,18,0.62
31062,17810,7,0.42
31063,28819,12,0.81
31064,2649,19,0.75
31065,28289,6,0.74
31066,9001,16,0.19
31067,33729,7,0.56
31068,369,2,0.51
31069,25874,6,0.45
31070,14938,9,0.23
31071,18334,18,0.59
31072,25470,6,0.98
31073,24966,9,0.3
31074,25350,8,0.6
31075,2428,7,0.41
31076,25771,9,0.93
31077,787,9,0.4
31078,28920,17,0.28
31079,34427,16,0.46
31080,29077,10,0.69
31081,6256,15,0.99
31082,21325,14,0.96
31083,14944,19,0.96
31084,12306,1,0.96
31085,11844,9,0.07
31086,10492,17,0.5
31087,22666,9,0.46
31088,24301,7,0.88
31089,15157,6,0.74
31090,4944,6,0.39
31091,29398,14,0.06
31092,9676,16,0.46
31093,31884,8,0.22
31094,9863,11,0.55
31095,15106,14,0.92
31096,6433,9,0.49
31097,451,1,0.8
31098,4106,18,0.41
31099,21808,3,0.8
31100,17132,8,0.13
31101,11884,4,0.26
31102,8477,17,0.52
31103,33066,7,0.08
31104,22677,2,0.91
31105,3651,15,0.68
31106,11761,1,0.18
31107,18232,14,0.29
31108,11907,15,0.34
31109,28733,2,0.02
31110,3284,18,0.73
31111,882,18,0.03
31112,34089,5,0.93
31113,27660,15,0.91
31114,23992,13,0.86
31115,33359,4,0.67
31116,18555,4,0.95
31117,8075,18,0.38
31118,26737,12,0.71
31119,31862,17,0.53
31120,24192,6,0.72
31121,4558,1,0.47
31122,2292,14,0.2
31123,19957,12,0.18
31124,23691,15,0.09
31125,530,9,0.47
31126,24778,5,0.37
31127,31447,9,0.93
31128,4504,2,0.98
31129,6064,9,0.54
31130,28635,18,0.33
31131,34808,1,0.18
31132,8894,1,0.97
31133,5352,5,0.38
31134,2811,3,0.45
31135,14109,5,0.47
31136,34696,15,0.26
31137,32072,5,0.28
31138,31921,7,0.67
31139,33718,1,0.16
31140,27997,6,0.17
31141,19302,2,0.3
31142,23057,16,0.42
31143,6305,9,0.57
31144,4409,19,0.16
31145,27521,4,0.39
31146,27934,5,0.69
31147,22817,6,0.0
31148,9617,2,0.51
31149,15597,11,0.11
31150,20594,7,0.47
31151,34292,13,0.87
31152,30643,3,0.73
31153,4416,17,0.47
31154,18882,6,0.12
31155,21381,11,0.67
31156,21265,18,0.79
31157,6686,6,0.78
31158,33864,2,0.39
31159,9907,11,0.78
31160,30890,9,0.11
31161,7618,3,0.23
31162,24125,2,0.98
31163,16314,1,0.08
31164,20301,4,0.41
31165,983,19,0.98
31166,23488,8,0.07
31167,22258,15,0.84
31168,18682,8,0.84
31169,6740,12,0.07
31170,12400,13,0.84
31171,3859,16,0.19
31172,21615,17,0.62
31173,5262,6,0.6
31174,27459,12,0.86
31175,31530,7,0.06
31176,10672,8,0.82
31177,34614,8,0.22
31178,2766,3,0.64
31179,20047,2,0.31
31180,32830,9,0.81
31181,1770,16,0.45
31182,6924,17,0.04
31183,4469,17,0.97
31184,16093,8,0.43
31185,15480,2,0.44
31186,25582,7,0.14
31187,6256,4,0.16
31188,1083,11,0.36
31189,20581,13,0.25
31190,26588,8,0.23
31191,3041,1,0.47
31192,6031,19,0.19
31193,9520,5,0.07
31194,11247,17,0.69
31195,3127,3,0.09
31196,6832,12,0.34
31197,21257,6,0.93
31198,17730,19,0.85
31199,2771,5,0.16
31200,12216,16,0.91
31201,9023,19,0.53
31202,14725,7,0.41
31203,8409,13,0.81
31204,11301,8,0.7
31205,20970,14,0.61
31206,6170,17,0.27
31207,32070,7,0.23
31208,32486,6,0.04
31209,5227,9,0.09
31210,29991,13,0.64
31211,22711,13,0.69
31212,34299,19,0.86
31213,26711,3,0.28
31214,2831,16,0.33
31215,8802,9,0.16
31216,25077,2,0.15
31217,16973,6,0.83
31218,11929,7,0.81
31219,9743,16,0.98
31220,86,2,0.77
31221,19641,7,0.11
31222,8955,6,0.12
31223,4150,7,0.45
31224,15606,13,0.07
31225,11913,16,0.51
31226,17444,9,0.7
31227,17857,10,0.88
31228,3188,9,0.84
31229,28077,15,0.28
31230,24322,14,0.27
31231,21991,17,0.21
31232,4639,18,0.32
31233,21324,13,0.53
31234,1970,13,0.2
31235,7420,19,0.92
31236,14429,18,0.4
31237,18846,11,0.1
31238,7502,9,0.85
31239,16254,15,0.32
31240,6603,6,0.13
31241,19821,7,0.1
31242,26673,5,0.75
31243,25571,16,0.95
31244,28300,1,0.08
31245,26845,13,0.23
31246,21385,14,0.44
31247,31988,8,0.1
31248,5741,11,0.87
31249,1437,7,0.36
31250,29299,11,0.61
31251,9780,6,0.9
31252,12494,10,0.61
31253,17182,19,0.68
31254,9089,19,0.73
31255,8249,15,0.29
31256,29749,6,0.96
31257,15137,15,0.37
31258,21717,9,0.66
31259,19175,10,0.03
31260,23850,15,0.11
31261,30690,17,0.07
31262,21087,8,0.71
31263,26048,14,0.01
31264,25716,14,0.75
31265,15388,15,0.69
31266,33630,9,0.38
31267,17526,16,0.54
31268,27163,18,0.69
31269,29873,17,0.9
31270,23190,14,0.25
31271,17722,13,0.24
31272,31256,10,0.27
31273,29876,10,0.56
31274,12510,16,0.6
31275,33268,14,0.1
31276,1677,18,0.3
31277,17022,5,0.65
31278,611,14,0.54
31279,27371,7,0.95
31280,2700,16,0.91
31281,26042,10,0.69
31282,3952,11,0.65
31283,2099,5,0.7
31284,1442,10,0.38
31285,24021,19,0.63
31286,3272,14,0.17
31287,28493,17,0.73
31288,12032,14,0.04
31289,25138,10,0.2
31290,5753,11,0.51
31291,6554,3,0.37
31292,27163,4,0.73
31293,28232,11,0.51
31294,27502,9,0.44
31295,2686,4,0.03
31296,3705,1,0.97
31297,23534,16,0.26
31298,8141,17,0.36
31299,5482,14,0.54
31300,4249,4,0.43
31301,33235,13,0.33
31302,11169,11,0.38
31303,20510,16,0.41
31304,20143,17,0.68
31305,31291,18,0.62
31306,4675,8,0.15
31307,3150,13,0.44
31308,4591,19,0.86
31309,33781,17,0.05
31310,30267,7,0.66
31311,24929,15,0.23
31312,19193,2,0.35
31313,20808,14,0.22
31314,29026,7,0.03
31315,29073,12,0.46
31316,9902,6,0.77
31317,26605,12,0.81
31318,17424,1,0.0
31319,6386,1,0.38
31320,11628,6,0.69
31321,9059,2,0.57
31322,27323,1,0.52
31323,17317,9,0.44
31324,32697,4,0.52
31325,8006,16,0.22
31326,10214,19,0.32
31327,15240,19,0.59
31328,2130,16,0.02
31329,24840,6,0.7
31330,9634,3,0.77
31331,34335,14,0.7
31332,22974,14,0.94
31333,15578,2,0.23
31334,29444,10,0.39
31335,31093,14,0.05
31336,14317,8,0.62
31337,13975,11,0.64
31338,20662,1,0.79
31339,10988,19,0.08
31340,34709,17,0.31
31341,28845,19,0.43
31342,18189,15,0.73
31343,34245,5,0.71
31344,32381,14,0.96
31345,11600,16,0.01
31346,6070,15,0.67
31347,20595,13,0.61
31348,16762,15,0.56
31349,32600,13,0.86
31350,28905,8,0.07
31351,227,8,0.6
31352,19953,13,0.47
31353,30076,5,0.46
31354,15347,14,0.93
31355,27422,3,0.41
31356,16330,2,0.88
31357,7148,4,0.61
31358,3914,1,0.47
31359,21022,3,0.89
31360,15829,2,0.28
31361,34874,9,0.35
31362,22993,9,0.27
31363,13274,10,0.23
31364,19390,5,0.18
31365,4247,3,0.18
31366,28817,2,0.2
31367,26993,4,0.97
31368,3352,10,0.15
31369,17970,14,0.04
31370,31566,13,0.97
31371,21624,17,0.04
31372,25290,2,0.6
31373,16168,8,0.45
31374,27598,2,0.36
31375,20144,10,0.64
31376,14252,16,0.53
31377,29929,4,0.7
31378,8793,19,0.0
31379,3375,4,0.16
31380,5646,1,0.31
31381,32992,6,0.39
31382,17179,16,0.2
31383,32391,17,0.18
31384,33269,15,0.3
31385,11850,17,0.38
31386,30202,6,0.68
31387,21490,14,0.24
31388,27288,12,0.9
31389,14344,5,0.64
31390,33916,14,0.99
31391,15436,6,0.0
31392,29655,13,0.53
31393,12656,11,0.97
31394,9687,4,0.81
31395,11678,7,0.31
31396,24945,8,0.37
31397,724,13,0.93
31398,18536,5,0.43
31399,24591,10,0.43
31400,20093,10,0.94
31401,34273,6,0.64
31402,2326,18,0.95
31403,3268,16,0.23
31404,29774,1,0.99
31405,17742,17,0.58
31406,23281,4,0.08
31407,5432,1,0.02
31408,9233,15,0.58
31409,19634,14,0.12
31410,32704,19,0.51
31411,253,19,0.86
31412,7362,13,0.45
31413,20660,3,0.05
31414,30327,9,0.88
31415,12380,4,0.81
31416,6360,5,0.83
31417,20940,4,0.13
31418,2911,14,0.53
31419,11190,6,0.58
31420,11584,3,0.1
31421,25369,1,0.52
31422,31269,2,0.46
31423,24036,5,0.16
31424,33948,7,0.4
31425,7051,15,0.04
31426,18251,17,0.25
31427,23951,9,0.66
31428,29263,11,0.96
31429,11141,1,0.55
31430,21827,12,0.43
31431,31139,18,0.09
31432,19595,1,0.23
31433,6111,6,0.77
31434,32458,1,0.51
31435,1098,2,0.14
31436,5102,3,0.02
31437,34052,11,0.66
31438,6319,2,0.8
31439,24958,19,0.0
31440,6235,7,0.99
31441,23548,14,0.54
31442,32969,15,0.51
31443,24222,8,0.41
31444,24921,8,0.0
31445,25052,7,0.4
31446,1512,9,0.01
31447,23299,8,0.81
31448,29099,13,0.23
31449,26539,1,0.56
31450,185,7,0.43
31451,20057,8,0.19
31452,6121,7,0.36
31453,30636,16,0.25
31454,20080,5,0.55
31455,14656,2,0.45
31456,9324,2,0.85
31457,31111,11,0.95
31458,18002,1,0.45
31459,6530,19,0.54
31460,16570,10,0.59
31461,32230,18,0.65
31462,13937,16,0.01
31463,34172,1,0.27
31464,7077,19,0.05
31465,34542,19,0.44
31466,13194,3,0.33
31467,30622,9,0.8
31468,26604,16,0.53
31469,23595,2,0.82
31470,8523,3,0.55
31471,34308,7,0.72
31472,31400,9,0.12
31473,26098,15,0.97
31474,3949,11,0.22
31475,15537,5,0.89
31476,31977,4,0.85
31477,9654,8,0.59
31478,20715,5,0.13
31479,25493,13,0.25
31480,8263,14,0.96
31481,20640,10,0.23
31482,19173,10,0.39
31483,10930,9,0.62
31484,32025,8,0.05
31485,11379,16,0.65
31486,435,15,0.88
31487,3565,17,0.1
31488,18659,6,0.64
31489,17685,6,0.1
31490,18704,11,0.18
31491,838,8,0.49
31492,1850,8,0.05
31493,12972,8,0.15
31494,478,8,0.27
31495,24090,14,0.17
31496,16727,17,0.98
31497,13721,17,0.92
31498,22137,14,0.84
31499,386,12,0.47
31500,33598,14,0.35
31501,1247,10,0.15
31502,11585,3,0.35
31503,12358,15,0.51
31504,28667,8,0.51
31505,402,2,0.52
31506,33875,6,0.49
31507,13350,15,0.92
31508,31120,8,0.41
31509,13863,2,0.77
31510,3190,17,0.83
31511,10483,18,0.11
31512,32711,11,0.35
31513,21385,4,0.97
31514,27983,9,0.82
31515,19661,2,0.61
31516,9453,9,0.42
31517,30435,6,0.93
31518,210,8,0.95
31519,21680,4,0.63
31520,9774,2,0.76
31521,3385,2,0.57
31522,26096,19,0.98
31523,6211,10,0.79
31524,1279,10,0.02
31525,2504,2,0.51
31526,29507,3,0.3
31527,25970,8,0.79
31528,34405,17,0.24
31529,13344,13,0.84
31530,17681,15,0.05
31531,15686,12,0.51
31532,23138,17,0.95
31533,15782,2,0.64
31534,8433,16,0.51
31535,10804,14,0.55
31536,31543,4,0.57
31537,34671,14,0.36
31538,26268,16,0.87
31539,10909,19,0.65
31540,769,12,0.65
31541,27658,16,0.07
31542,6356,2,0.14
31543,33960,18,0.34
31544,24490,6,0.84
31545,20074,7,0.74
31546,19134,10,0.39
31547,23521,2,0.27
31548,770,7,0.51
31549,27102,17,0.05
31550,29849,17,0.56
31551,162,3,0.85
31552,30828,15,0.68
31553,6770,17,0.77
31554,18655,7,0.06
31555,24681,12,0.48
31556,475,2,0.13
31557,3127,19,0.39
31558,4705,2,0.23
31559,33322,1,0.55
31560,5926,7,0.6
31561,27225,18,0.04
31562,23862,10,0.64
31563,1936,4,0.63
31564,9403,1,0.55
31565,22985,12,0.88
31566,29686,2,0.66
31567,17321,10,0.92
31568,566,17,0.16
31569,17130,13,0.6
31570,29502,17,0.38
31571,15760,14,0.92
31572,16044,16,0.27
31573,8800,6,0.38
31574,17227,7,0.32
31575,14252,6,0.01
31576,23337,19,0.79
31577,17787,5,0.73
31578,1833,6,0.22
31579,32411,5,0.44
31580,14754,5,0.6
31581,34154,9,0.53
31582,13353,15,0.72
31583,21410,10,0.22
31584,5893,15,0.49
31585,22638,17,0.66
31586,25595,3,0.19
31587,25407,4,0.32
31588,28965,17,0.87
31589,30002,18,0.16
31590,7980,2,0.81
31591,34445,19,0.82
31592,7393,17,0.98
31593,13488,18,0.75
31594,29467,11,0.27
31595,10041,1,0.03
31596,31496,2,0.12
31597,19896,14,0.9
31598,5234,9,0.92
31599,4159,2,0.18
31600,15807,9,0.39
31601,10984,4,0.04
31602,29883,6,0.24
31603,12416,4,0.12
31604,25082,2,0.73
31605,9181,13,0.78
31606,3782,7,0.14
31607,9445,4,0.11
31608,28757,10,0.72
31609,2101,6,0.58
31610,14152,8,0.06
31611,26279,10,0.07
31612,9787,18,0.57
31613,1814,19,0.76
31614,5999,15,0.13
31615,33930,5,0.46
31616,34651,5,0.49
31617,12193,11,0.95
31618,34655,10,0.68
31619,15931,1,0.96
31620,14374,12,0.63
31621,5741,16,0.61
31622,2934,5,0.54
31623,5648,6,0.5
31624,11805,12,0.59
31625,21809,19,0.55
31626,11015,19,0.65
31627,17350,1,0.88
31628,6966,6,0.45
31629,31817,13,0.25
31630,12920,7,0.2
31631,27645,7,0.87
31632,27011,7,0.24
31633,11761,4,0.5
31634,19456,10,0.41
31635,1140,7,0.76
31636,19306,18,0.19
31637,9746,13,0.04
31638,27440,8,0.04
31639,6366,18,0.75
31640,1454,12,0.46
31641,5736,3,0.27
31642,21876,18,0.49
31643,34712,8,0.95
31644,34009,1,0.5
31645,19597,9,0.55
31646,22253,6,0.06
31647,8825,11,0.53
31648,9753,16,0.47
31649,3640,5,0.49
31650,12133,6,0.28
31651,25753,2,0.61
31652,18567,8,0.9
31653,14185,2,0.55
31654,30495,18,0.68
31655,19195,5,0.35
31656,26413,7,0.11
31657,9900,16,0.28
31658,25366,4,0.53
31659,25304,9,0.84
31660,6694,19,0.09
31661,6199,12,0.01
31662,9968,12,0.43
31663,6797,3,0.49
31664,6978,14,0.8
31665,21658,11,0.27
31666,26233,9,0.04
31667,32276,6,0.14
31668,33655,15,0.26
31669,7158,10,0.31
31670,34580,19,0.16
31671,2788,2,0.4
31672,24296,4,0.61
31673,14713,12,0.57
31674,1285,10,0.69
31675,18198,15,0.58
31676,25695,4,0.69
31677,321,9,0.44
31678,26684,15,0.37
31679,25369,15,0.82
31680,17701,19,0.07
31681,26597,8,0.7
31682,10811,4,0.87
31683,27359,1,0.39
31684,30353,5,0.7
31685,32890,17,0.05
31686,12361,18,0.97
31687,1413,19,0.48
31688,12016,11,0.86
31689,5469,10,0.98
31690,621,12,0.81
31691,9593,16,0.33
31692,14832,3,0.46
31693,12768,15,0.98
31694,30935,15,0.48
31695,4528,19,0.48
31696,9817,1,0.59
31697,10323,5,0.28
31698,24104,4,0.37
31699,20778,3,0.91
31700,11615,11,0.18
31701,9286,13,0.14
31702,3652,2,0.22
31703,19905,19,0.68
31704,33181,18,0.66
31705,8401,1,0.38
31706,25099,14,0.22
31707,1539,2,0.8
31708,31426,4,0.04
31709,5492,17,0.34
31710,13995,3,0.5
31711,33162,9,0.99
31712,1668,18,0.32
31713,11659,11,0.41
31714,16535,6,0.2
31715,12358,3,0.58
31716,8943,2,0.05
31717,22828,9,0.89
31718,32575,13,0.17
31719,17005,11,0.58
31720,4331,1,0.49
31721,12800,9,0.11
31722,7181,5,0.45
31723,27472,13,0.01
31724,7005,15,0.64
31725,11232,12,0.56
31726,27083,1,0.58
31727,15982,11,0.96
31728,27461,18,0.03
31729,10671,9,0.57
31730,29419,17,0.22
31731,18451,18,0.13
31732,32915,11,0.86
31733,9266,19,0.05
31734,32715,8,0.53
31735,12404,18,0.74
31736,12049,9,0.06
31737,9409,8,0.69
31738,24706,10,0.67
31739,2334,16,0.4
31740,31878,14,0.92
31741,8937,2,0.86
31742,29196,10,0.01
31743,26780,11,0.19
31744,15153,8,0.63
31745,31038,10,0.81
31746,12455,16,0.06
31747,14839,1,0.91
31748,22517,13,0.09
31749,14408,19,0.32
31750,17401,3,0.69
31751,31286,2,0.92
31752,9190,11,0.81
31753,29189,12,0.61
31754,16244,7,0.58
31755,4218,17,0.27
31756,27604,15,0.09
31757,29867,18,0.65
31758,31823,18,0.51
31759,1268,11,0.43
31760,25613,16,0.86
31761,33149,6,0.23
31762,33000,12,0.59
31763,22406,2,0.2
31764,31624,18,0.14
31765,33136,12,0.6
31766,20246,19,0.44
31767,33515,7,0.64
31768,20540,14,0.32
31769,20789,4,0.91
31770,24083,7,0.59
31771,6893,13,0.13
31772,17361,15,0.59
31773,17629,10,0.54
31774,30033,3,0.99
31775,23015,10,0.34
31776,2041,3,0.28
31777,11046,10,0.81
31778,28981,13,0.83
31779,25848,12,0.66
31780,26650,16,0.54
31781,29730,13,0.52
31782,23793,13,0.22
31783,11502,12,0.06
31784,14028,5,0.01
31785,31435,5,0.39
31786,25063,5,0.82
31787,3303,19,0.79
31788,2367,14,0.13
31789,13239,6,0.34
31790,940,8,0.69
31791,8832,13,0.59
31792,21495,9,0.6
31793,31142,3,0.06
31794,4825,6,0.75
31795,26308,17,0.84
31796,2427,18,0.5
31797,6354,5,0.61
31798,4950,1,0.89
31799,18800,14,0.13
31800,23578,14,0.22
31801,14415,18,0.67
31802,32259,15,0.44
31803,34598,4,0.04
31804,17159,17,0.89
31805,28189,6,0.24
31806,20734,2,0.26
31807,29438,18,0.48
31808,15904,18,0.54
31809,28963,6,0.34
31810,17965,2,0.23
31811,32772,5,0.09
31812,7637,6,0.29
31813,22311,6,0.34
31814,11137,10,0.43
31815,21895,17,0.96
31816,10964,16,0.41
31817,2597,7,0.33
31818,22282,12,0.98
31819,11049,12,0.88
31820,17005,6,0.33
31821,8834,1,0.29
31822,14915,9,0.67
31823,11578,10,0.37
31824,4242,19,0.97
31825,12570,17,0.9
31826,14800,5,0.64
31827,29765,6,0.39
31828,9643,8,0.92
31829,16999,19,0.28
31830,13936,15,0.56
31831,8207,2,0.35
31832,3734,13,0.74
31833,24798,16,0.14
31834,13025,15,0.11
31835,14221,15,0.81
31836,29786,9,0.62
31837,11638,14,0.18
31838,26395,10,0.54
31839,5611,8,0.28
31840,21990,6,0.0
31841,20765,4,0.47
31842,7344,18,0.94
31843,10650,6,0.12
31844,13434,13,0.88
31845,26536,1,0.31
31846,8773,19,0.88
31847,22867,4,0.47
31848,29431,15,0.93
31849,24713,19,0.81
31850,17601,12,0.22
31851,12738,12,0.0
31852,2491,8,0.89
31853,26837,15,0.4
31854,13285,4,0.01
31855,26965,13,0.01
31856,33160,9,0.3
31857,2279,9,0.63
31858,17757,1,0.59
31859,20611,5,0.49
31860,20745,9,0.72
31861,713,16,0.6
31862,1362,9,0.4
31863,4636,5,0.04
31864,27290,14,0.36
31865,6926,17,0.42
31866,3248,12,0.88
31867,93,14,0.97
31868,5107,5,0.34
31869,31339,15,0.7
31870,12640,19,0.51
31871,11102,9,0.58
31872,7317,16,0.89
31873,32277,16,0.19
31874,15477,9,0.32
31875,3058,6,0.09
31876,2040,5,0.63
31877,13884,8,0.54
31878,3717,5,0.09
31879,23488,1,0.44
31880,34394,11,0.75
31881,28927,10,0.29
31882,23303,7,0.37
31883,27050,5,0.99
31884,25704,16,0.61
31885,30089,16,0.69
31886,8822,16,0.06
31887,24817,11,0.69
31888,27505,16,0.58
31889,11150,2,0.1
31890,2234,5,0.66
31891,17944,19,0.2
31892,28020,3,0.76
31893,31453,13,0.49
31894,16720,8,0.02
31895,21858,8,0.66
31896,32862,2,0.63
31897,5964,14,0.23
31898,16393,14,0.42
31899,31140,18,0.67
31900,20073,14,0.99
31901,28707,2,0.07
31902,25679,14,0.63
31903,23073,17,1.0
31904,17005,3,0.47
31905,22551,4,0.82
31906,29648,9,0.41
31907,23932,5,0.63
31908,34191,3,0.19
31909,21102,18,0.48
31910,23307,1,0.52
31911,32297,14,0.28
31912,10606,1,0.1
31913,14495,14,0.45
31914,28291,7,0.35
31915,28195,16,0.11
31916,32841,14,0.01
31917,170,14,0.37
31918,18925,5,0.67
31919,7442,11,0.33
31920,27911,5,0.88
31921,4673,15,0.81
31922,8275,17,0.69
31923,23761,17,0.62
31924,12215,4,0.83
31925,27411,5,0.7
31926,25996,9,0.61
31927,19056,1,0.95
31928,23126,4,0.24
31929,216,1,0.13
31930,1490,4,0.14
31931,31369,8,0.0
31932,11298,15,0.61
31933,14385,8,0.18
31934,29560,4,0.97
31935,8802,3,0.18
31936,12936,9,0.97
31937,19491,16,0.42
31938,25209,5,0.5
31939,13259,9,0.04
31940,1358,12,1.0
31941,21229,19,0.72
31942,1916,19,0.38
31943,1085,11,0.06
31944,5324,7,0.99
31945,21731,19,0.15
31946,20138,15,0.06
31947,7791,3,0.68
31948,16444,5,0.88
31949,4992,9,0.47
31950,12579,14,0.48
31951,886,1,0.66
31952,6808,7,0.67
31953,24420,4,0.61
31954,13859,1,0.6
31955,22103,4,0.48
31956,2133,19,0.61
31957,23248,4,0.12
31958,7098,7,0.62
31959,20932,7,0.69
31960,5464,11,0.05
31961,10129,12,0.61
31962,15499,10,0.43
31963,33592,13,0.21
31964,32285,12,0.58
31965,25272,16,1.0
31966,16846,18,0.25
31967,26241,19,0.79
31968,589,8,0.35
31969,4869,17,0.87
31970,8153,10,0.83
31971,12705,11,0.69
31972,11641,2,0.61
31973,23830,18,0.01
31974,1000,16,0.35
31975,19202,12,0.6
31976,7841,3,0.11
31977,7960,8,0.76
31978,32442,3,0.64
31979,28765,8,0.2
31980,1148,2,0.81
31981,4029,14,0.3
31982,27258,7,0.3
31983,31337,2,0.88
31984,6163,15,0.33
31985,24242,19,0.65
31986,14933,11,0.04
31987,31596,19,0.92
31988,18510,8,0.01
31989,14881,13,0.24
31990,22744,16,0.16
31991,34305,16,0.83
31992,16805,19,0.29
31993,17220,10,0.07
31994,6658,10,0.01
31995,23217,7,0.35
31996,4283,15,0.32
31997,24393,16,0.81
31998,10153,13,0.64
31999,15109,13,0.16
32000,8724,14,0.82
32001,32398,2,0.88
32002,13748,9,0.8
32003,18564,2,0.27
32004,29188,14,0.21
32005,4263,10,0.88
32006,15655,5,0.07
32007,28748,2,0.19
32008,27253,13,0.49
32009,32463,14,0.3
32010,16378,19,0.21
32011,132,14,0.1
32012,2541,7,0.25
32013,22220,12,0.21
32014,19888,16,0.16
32015,17675,19,0.86
32016,29696,11,0.49
32017,30448,8,0.31
32018,24024,6,0.83
32019,11114,1,0.68
32020,28539,15,0.96
32021,1392,12,0.6
32022,13945,10,0.12
32023,6694,3,0.3
32024,7297,4,0.04
32025,8711,12,0.08
32026,845,1,0.62
32027,7248,14,0.01
32028,2295,3,0.16
32029,32239,2,0.99
32030,34476,5,0.06
32031,23399,13,0.58
32032,6757,3,0.48
32033,32685,18,0.51
32034,1607,14,0.62
32035,1715,19,0.12
32036,3795,19,0.05
32037,8238,10,0.74
32038,33930,19,0.55
32039,19305,7,0.07
32040,4057,7,0.86
32041,27729,13,0.38
32042,12545,15,0.85
32043,7748,3,0.46
32044,1618,15,0.24
32045,18431,5,0.35
32046,16124,15,0.43
32047,14698,16,0.72
32048,10026,19,0.26
32049,25240,9,0.11
32050,7128,1,0.63
32051,23447,3,0.24
32052,29835,16,0.57
32053,7723,1,0.7
32054,16358,19,0.45
32055,27010,4,0.08
32056,24833,18,0.14
32057,17618,7,0.47
32058,28626,6,0.25
32059,16199,8,0.13
32060,9436,12,0.07
32061,27847,19,0.88
32062,1402,7,0.04
32063,20675,8,0.41
32064,1902,12,0.74
32065,23508,7,0.42
32066,7456,7,0.63
32067,11141,11,0.03
32068,33567,9,0.05
32069,24066,19,0.76
32070,25732,4,0.48
32071,1677,16,0.29
32072,16133,16,0.9
32073,4829,11,0.15
32074,29574,13,0.41
32075,24641,17,0.44
32076,23684,9,0.52
32077,28631,6,0.32
32078,20892,6,0.46
32079,11675,19,0.5
32080,14819,10,0.44
32081,5481,11,0.44
32082,15313,16,0.2
32083,10139,11,0.74
32084,20647,8,0.44
32085,16601,12,0.33
32086,27998,6,0.53
32087,32334,19,0.19
32088,23913,13,0.74
32089,20354,14,0.28
32090,16282,17,0.72
32091,5844,4,0.2
32092,22731,4,0.08
32093,15419,9,0.52
32094,30300,10,0.98
32095,5620,11,0.63
32096,19069,14,0.43
32097,12343,15,0.3
32098,7118,7,0.58
32099,12889,9,0.27
32100,34109,6,0.18
32101,23603,14,0.31
32102,15342,1,0.06
32103,7490,2,0.13
32104,26876,17,0.42
32105,11690,1,0.96
32106,22559,6,0.52
32107,27262,16,0.2
32108,9476,2,0.47
32109,20609,13,0.19
32110,33366,16,0.68
32111,29378,19,0.33
32112,4160,11,0.39
32113,20421,3,0.06
32114,26809,1,0.41
32115,33576,1,0.21
32116,26395,19,0.14
32117,5080,1,0.45
32118,15288,15,0.22
32119,7666,12,0.54
32120,27463,2,0.54
32121,21704,4,0.19
32122,29749,11,0.44
32123,1616,6,0.85
32124,26027,16,0.63
32125,1776,11,0.05
32126,21883,19,0.2
32127,33435,16,0.23
32128,21146,18,0.31
32129,29581,14,0.65
32130,12559,15,0.84
32131,11166,2,0.34
32132,24349,18,0.14
32133,30970,9,0.07
32134,3362,4,0.41
32135,4967,18,0.86
32136,14983,19,0.9
32137,4739,5,0.15
32138,25628,10,0.47
32139,31258,6,0.8
32140,1565,1,0.94
32141,15189,7,0.95
32142,25237,8,0.54
32143,32890,4,0.12
32144,18353,6,0.6
32145,31918,6,0.9
32146,32321,13,0.19
32147,7203,1,0.89
32148,8332,13,0.37
32149,17365,16,0.74
32150,16690,5,0.84
32151,34103,19,0.01
32152,17348,12,0.51
32153,32825,19,0.5
32154,30972,7,0.39
32155,5079,7,0.34
32156,25441,1,0.15
32157,17535,19,0.14
32158,29505,2,0.93
32159,16706,6,0.07
32160,14033,7,0.85
32161,2679,5,0.46
32162,3163,4,0.91
32163,92,15,0.02
32164,17176,7,0.59
32165,5979,5,0.57
32166,6109,19,0.01
32167,16483,8,0.39
32168,13156,2,0.34
32169,4264,7,0.98
32170,10410,15,0.81
32171,33054,7,0.85
32172,14455,7,0.28
32173,19813,18,0.72
32174,33297,16,0.38
32175,34338,15,0.65
32176,1441,9,0.29
32177,1913,5,0.48
32178,32616,3,0.67
32179,32923,17,0.19
32180,26634,9,0.96
32181,508,9,0.73
32182,6586,14,0.73
32183,10448,1,0.93
32184,33588,19,0.06
32185,16591,10,0.85
32186,26672,17,0.58
32187,10085,12,0.5
32188,33626,17,0.38
32189,18318,12,0.3
32190,28612,4,0.0
32191,23349,14,0.29
32192,33679,15,0.89
32193,34828,14,0.79
32194,29785,19,0.52
32195,23253,11,0.36
32196,24675,16,0.91
32197,23405,7,0.14
32198,22909,17,0.6
32199,3894,2,0.09
32200,22069,5,0.2
32201,23695,1,0.23
32202,19579,14,0.46
32203,10068,1,0.72
32204,31755,4,0.86
32205,2537,17,0.44
32206,6032,18,0.78
32207,22985,18,0.93
32208,29794,15,0.44
32209,10363,1,0.93
32210,1379,10,0.98
32211,10033,15,0.69
32212,20328,13,0.76
32213,32714,9,0.66
32214,32201,11,0.53
32215,28131,17,0.63
32216,13423,3,0.56
32217,14716,13,0.65
32218,11375,19,0.16
32219,23884,7,0.63
32220,31120,14,0.59
32221,16428,9,0.16
32222,30916,14,0.25
32223,20471,6,0.58
32224,5110,3,0.2
32225,28982,10,0.1
32226,2709,9,0.72
32227,27912,2,0.15
32228,3532,1,0.86
32229,11260,10,0.01
32230,31293,7,0.24
32231,14093,2,0.52
32232,34544,9,0.89
32233,33701,15,0.22
32234,5705,16,0.57
32235,5525,12,0.73
32236,23142,14,0.67
32237,4279,8,0.38
32238,26743,17,0.65
32239,22025,5,0.71
32240,13879,4,0.85
32241,4872,15,0.31
32242,4514,15,0.22
32243,7697,12,0.66
32244,24010,5,0.82
32245,27968,10,0.32
32246,18007,10,0.01
32247,5254,19,0.26
32248,4359,4,0.13
32249,27537,19,0.36
32250,6977,19,0.11
32251,28481,6,0.73
32252,23331,12,0.7
32253,23752,1,0.46
32254,16897,16,0.81
32255,28117,17,0.38
32256,8585,7,0.35
32257,23274,10,0.24
32258,30091,1,0.29
32259,22903,9,0.53
32260,31977,1,0.5
32261,6554,14,0.13
32262,8333,4,0.69
32263,27000,4,0.77
32264,11560,16,0.97
32265,15806,2,0.69
32266,22442,15,0.57
32267,7552,9,0.01
32268,24018,12,0.25
32269,25783,13,0.19
32270,33107,12,0.44
32271,4169,6,0.05
32272,29176,17,0.8
32273,29204,6,0.18
32274,16468,6,0.57
32275,16525,3,0.19
32276,29119,9,0.74
32277,12258,19,0.98
32278,22461,7,0.83
32279,19598,1,0.5
32280,9767,12,0.88
32281,17103,3,0.05
32282,8531,17,0.53
32283,24658,9,0.58
32284,28951,16,0.24
32285,24361,15,0.91
32286,26347,15,0.42
32287,20302,2,0.44
32288,29556,6,0.16
32289,1917,17,0.5
32290,34154,4,0.76
32291,7006,13,0.86
32292,32942,4,0.41
32293,7802,7,0.01
32294,7133,6,0.12
32295,3707,13,0.84
32296,5376,18,0.01
32297,20967,7,0.86
32298,31850,19,0.6
32299,19572,3,0.52
32300,16941,6,0.32
32301,16291,2,0.53
32302,13162,9,0.56
32303,11302,14,0.07
32304,1440,2,0.32
32305,30978,16,0.61
32306,26988,3,0.06
32307,11096,8,0.1
32308,23429,4,0.88
32309,1874,2,0.57
32310,26827,15,0.16
32311,2541,14,0.09
32312,14757,1,0.77
32313,22928,10,0.41
32314,24637,18,0.11
32315,13399,19,0.77
32316,22581,18,0.44
32317,17270,12,0.93
32318,8561,17,0.85
32319,20565,4,0.0
32320,14541,6,0.35
32321,6230,7,0.69
32322,16551,7,0.21
32323,7007,13,0.01
32324,34353,10,0.37
32325,18492,14,0.98
32326,20795,4,0.28
32327,24558,3,0.22
32328,26033,8,0.77
32329,489,19,0.06
32330,5856,14,0.37
32331,30360,9,0.19
32332,16967,11,0.55
32333,17834,13,0.04
32334,7852,3,0.43
32335,33258,18,0.46
32336,1599,3,0.12
32337,28399,1,0.84
32338,13924,16,0.19
32339,22179,13,0.58
32340,34096,11,0.23
32341,26334,9,0.45
32342,592,8,0.16
32343,34953,13,0.56
32344,15913,15,0.32
32345,20876,3,0.78
32346,31029,19,0.2
32347,25667,11,0.51
32348,9896,1,0.28
32349,3950,2,0.84
32350,27964,14,0.42
32351,6446,17,0.92
32352,14758,19,0.15
32353,29286,18,0.05
32354,30087,9,0.85
32355,28187,9,0.26
32356,5999,13,0.89
32357,34624,5,0.32
32358,4546,1,0.03
32359,34341,11,0.92
32360,34611,5,0.5
32361,28805,8,0.51
32362,10257,1,0.47
32363,25735,17,0.99
32364,28719,10,0.21
32365,15031,1,0.52
32366,13858,5,0.82
32367,12981,11,0.33
32368,769,17,0.49
32369,13264,17,0.76
32370,22499,10,0.24
32371,8464,4,0.55
32372,26543,18,0.17
32373,21486,13,0.75
32374,13298,15,0.19
32375,29942,15,0.02
32376,19556,1,0.9
32377,1751,1,0.95
32378,7842,12,0.14
32379,4306,13,0.72
32380,32124,2,0.64
32381,23097,4,0.07
32382,22595,16,0.47
32383,22,19,0.01
32384,14830,16,0.48
32385,32929,19,0.2
32386,15307,2,0.22
32387,28975,14,0.32
32388,23007,18,0.65
32389,11835,19,0.31
32390,10061,15,0.46
32391,3668,14,0.07
32392,22928,2,0.91
32393,9492,2,0.31
32394,904,3,0.59
32395,33795,15,0.57
32396,32223,8,0.59
32397,15869,5,0.29
32398,12522,2,0.54
32399,14999,1,0.42
32400,34937,2,0.04
32401,9904,13,0.41
32402,16646,4,0.58
32403,6913,13,0.83
32404,33266,19,0.28
32405,5857,8,0.16
32406,145,17,0.98
32407,18197,16,0.15
32408,15918,16,0.69
32409,4250,5,0.19
32410,10863,11,0.69
32411,14950,1,0.61
32412,3079,1,0.7
32413,8592,6,0.97
32414,6383,9,0.08
32415,34706,2,0.26
32416,3200,19,0.02
32417,23291,4,0.29
32418,4070,15,0.12
32419,6640,13,0.13
32420,6462,7,0.21
32421,13132,11,0.64
32422,8685,18,0.75
32423,32932,13,0.63
32424,34748,10,0.66
32425,15984,16,0.89
32426,18972,5,0.04
32427,4386,10,0.68
32428,25403,14,0.53
32429,1161,14,0.73
32430,28090,18,0.86
32431,5182,19,0.34
32432,21011,19,0.3
32433,848,2,0.29
32434,14694,4,0.15
32435,8479,5,0.23
32436,19514,5,0.46
32437,23592,13,0.19
32438,21633,13,0.31
32439,31976,15,0.05
32440,10100,4,0.52
32441,18491,6,0.75
32442,24057,14,0.2
32443,11998,7,0.64
32444,20217,15,0.5
32445,18493,13,0.89
32446,23443,12,0.68
32447,28253,12,0.87
32448,31502,7,0.98
32449,7039,11,1.0
32450,27943,2,0.27
32451,8874,4,0.56
32452,26184,19,0.73
32453,26961,14,0.76
32454,1929,5,0.83
32455,5385,11,0.66
32456,20640,4,0.2
32457,34571,5,0.55
32458,28658,18,0.67
32459,16922,4,0.76
32460,22115,17,0.29
32461,21818,9,0.32
32462,20818,11,0.19
32463,8739,14,0.44
32464,8540,1,0.59
32465,1066,8,0.67
32466,9225,11,0.7
32467,13531,19,0.01
32468,13672,12,0.79
32469,29546,10,0.31
32470,1178,5,0.81
32471,29896,16,0.16
32472,27550,2,0.78
32473,20990,19,0.5
32474,2304,3,0.06
32475,1929,17,0.84
32476,30522,8,0.94
32477,19322,17,0.56
32478,13202,19,0.19
32479,18520,7,0.95
32480,29241,11,0.37
32481,743,14,0.14
32482,6369,10,0.33
32483,10399,19,0.16
32484,20934,1,0.78
32485,2804,16,0.25
32486,14692,7,0.77
32487,3516,2,0.2
32488,24315,12,0.87
32489,30837,11,0.03
32490,2616,16,0.34
32491,14598,9,0.46
32492,31957,6,0.02
32493,6854,19,0.96
32494,16669,19,0.79
32495,27938,16,0.09
32496,648,11,0.09
32497,1315,19,0.78
32498,12946,8,0.85
32499,20912,13,0.59
32500,1742,4,0.48
32501,4109,3,0.15
32502,16428,6,0.84
32503,1130,2,0.15
32504,27644,17,0.38
32505,15499,3,0.31
32506,30041,9,0.13
32507,23610,8,0.25
32508,34006,15,0.26
32509,6593,11,0.85
32510,24231,3,0.57
32511,7867,1,0.5
32512,18019,7,0.99
32513,33478,6,0.44
32514,28032,19,0.87
32515,2066,4,0.53
32516,30524,14,0.15
32517,12564,1,0.48
32518,14310,6,0.71
32519,27881,1,0.7
32520,21456,4,0.97
32521,25778,9,0.04
32522,14806,15,0.42
32523,10784,17,0.99
32524,12680,19,0.43
32525,25046,6,0.15
32526,18071,12,0.4
32527,3114,10,0.3
32528,24466,10,0.76
32529,10612,4,0.59
32530,16299,6,0.61
32531,26013,10,0.88
32532,23667,5,0.01
32533,34546,15,1.0
32534,31952,14,0.27
32535,34961,1,0.48
32536,19661,6,0.86
32537,30678,15,0.59
32538,10968,4,0.78
32539,29804,6,0.73
32540,14982,14,0.46
32541,5060,5,0.97
32542,18750,3,0.75
32543,15821,19,0.95
32544,22040,14,0.19
32545,18326,19,0.37
32546,8625,11,0.5
32547,1952,9,0.94
32548,32664,9,0.91
32549,5216,15,0.18
32550,21570,18,0.83
32551,21782,6,0.58
32552,16855,7,0.65
32553,13947,7,0.09
32554,2233,3,0.05
32555,7986,11,0.91
32556,20616,18,0.06
32557,24568,14,0.32
32558,12712,5,0.99
32559,23591,2,0.31
32560,33073,11,0.91
32561,11863,11,0.84
32562,25926,15,0.43
32563,6767,8,0.29
32564,24822,19,0.24
32565,23180,9,0.54
32566,23811,8,0.76
32567,10886,11,0.62
32568,21439,11,0.93
32569,30576,5,0.17
32570,29813,7,0.38
32571,28904,10,0.48
32572,7298,6,0.12
32573,17238,14,0.37
32574,32117,3,0.78
32575,23706,19,0.29
32576,16259,8,0.52
32577,21541,14,0.8
32578,9955,13,0.73
32579,20916,15,0.19
32580,32060,3,0.46
32581,26037,17,0.86
32582,5233,13,0.87
32583,10475,10,0.48
32584,18949,2,0.27
32585,25007,9,0.71
32586,22730,1,0.07
32587,22710,11,0.69
32588,19013,6,0.95
32589,11422,9,0.01
32590,12421,10,0.09
32591,6688,16,0.92
32592,2657,12,1.0
32593,4794,10,0.33
32594,6065,14,0.5
32595,16967,19,0.19
32596,518,14,0.56
32597,10817,17,0.89
32598,24452,13,0.64
32599,4972,10,0.77
32600,5468,8,0.39
32601,7535,17,0.97
32602,8924,5,0.09
32603,11693,17,0.8
32604,2425,13,0.63
32605,26186,6,0.47
32606,12415,7,0.99
32607,13058,5,0.68
32608,34784,2,0.73
32609,14414,18,0.31
32610,24993,3,0.34
32611,24315,15,0.2
32612,10204,12,0.68
32613,2313,1,0.25
32614,4740,2,0.86
32615,6652,3,0.26
32616,34407,19,0.77
32617,1245,6,0.14
32618,34724,1,0.96
32619,10493,16,0.35
32620,7766,9,0.13
32621,22373,6,0.06
32622,26358,14,0.48
32623,12437,13,0.25
32624,28960,4,0.94
32625,17408,15,0.26
32626,19224,16,0.25
32627,32630,14,0.74
32628,22648,1,0.09
32629,32043,9,0.07
32630,17504,4,0.83
32631,31070,12,0.59
32632,21930,4,0.2
32633,16984,7,0.09
32634,5905,7,0.58
32635,32177,10,0.13
32636,31567,15,0.51
32637,34850,15,0.82
32638,12864,8,0.88
32639,8532,6,0.27
32640,31390,18,0.0
32641,6759,16,0.31
32642,11432,2,0.05
32643,31521,17,0.02
32644,28121,10,0.71
32645,824,17,0.6
32646,19184,17,0.77
32647,32794,19,0.31
32648,23104,11,0.33
32649,14050,14,0.21
32650,14333,19,0.33
32651,6013,10,0.91
32652,4258,13,0.71
32653,34630,6,0.38
32654,3305,4,0.47
32655,10943,10,0.47
32656,13338,10,0.55
32657,12568,12,0.53
32658,2954,14,0.29
32659,16755,7,0.68
32660,34316,8,0.96
32661,34324,6,0.2
32662,13977,8,0.15
32663,1772,10,0.27
32664,20186,3,0.86
32665,21190,1,0.57
32666,11757,11,0.77
32667,30277,12,0.81
32668,11066,13,0.34
32669,3953,16,0.37
32670,21910,18,0.39
32671,30647,6,0.61
32672,20105,8,0.73
32673,171,2,0.51
32674,5745,8,0.45
32675,9534,16,0.43
32676,27457,8,0.55
32677,26438,14,0.93
32678,23093,4,0.76
32679,34854,7,0.09
32680,16568,4,0.79
32681,20784,12,0.41
32682,34346,11,0.35
32683,29616,15,0.7
32684,27697,5,0.75
32685,9930,2,0.04
32686,10962,9,0.65
32687,2113,14,0.76
32688,22893,13,1.0
32689,16357,10,0.27
32690,28593,17,0.22
32691,2225,14,0.98
32692,19659,13,0.67
32693,31271,18,0.29
32694,21238,19,0.99
32695,19160,17,0.83
32696,32048,18,0.65
32697,27922,9,0.67
32698,25149,19,0.3
32699,9043,2,0.52
32700,6972,1,0.52
32701,14889,3,0.54
32702,9370,4,0.68
32703,30964,14,0.82
32704,32962,18,0.65
32705,8312,2,0.91
32706,5568,13,0.78
32707,793,3,0.29
32708,34930,16,0.16
32709,23745,3,0.56
32710,31878,12,0.67
32711,4679,2,0.09
32712,5838,19,0.28
32713,140,11,0.72
32714,33374,16,0.73
32715,5309,2,0.38
32716,8415,5,0.25
32717,18727,19,0.8
32718,31889,18,0.49
32719,9752,5,0.38
32720,2139,11,0.24
32721,26937,16,0.38
32722,30473,6,0.31
32723,14396,15,1.0
32724,793,5,0.36
32725,15298,5,0.16
32726,4733,10,0.64
32727,6185,14,0.22
32728,14402,14,0.89
32729,11816,17,0.49
32730,3044,4,0.95
32731,10254,7,0.47
32732,17715,9,0.39
32733,3985,15,0.43
32734,32929,14,0.9
32735,32341,11,0.46
32736,20033,18,0.05
32737,19506,11,0.72
32738,13471,8,0.05
32739,6341,10,0.82
32740,30132,15,0.74
32741,4261,13,0.96
32742,11768,3,0.84
32743,22247,6,0.43
32744,15810,11,0.26
32745,23404,14,0.13
32746,4404,17,0.48
32747,8637,19,0.14
32748,30840,5,0.73
32749,760,17,0.91
32750,30829,12,0.66
32751,6515,13,0.3
32752,22028,2,0.65
32753,6628,14,0.89
32754,28285,12,0.55
32755,16353,11,0.93
32756,24079,16,0.75
32757,25927,18,0.07
32758,22405,19,0.16
32759,32583,15,0.68
32760,12515,19,0.14
32761,34424,4,0.96
32762,11989,18,0.57
32763,9066,19,0.12
32764,13841,5,0.25
32765,15306,13,0.86
32766,8170,6,0.17
32767,24870,12,0.77
32768,1336,15,0.63
32769,26413,14,0.17
32770,11285,4,0.76
32771,34356,3,0.46
32772,2492,3,0.91
32773,19784,3,0.57
32774,31354,12,0.3
32775,29263,3,0.42
32776,21628,1,0.61
32777,32275,17,0.74
32778,33311,11,0.01
32779,2509,19,0.85
32780,10752,9,0.39
32781,28884,9,0.82
32782,29286,11,0.23
32783,4079,6,0.15
32784,26526,10,0.81
32785,23247,7,0.65
32786,16730,8,0.44
32787,4238,3,0.05
32788,14141,13,0.2
32789,22254,17,0.92
32790,17962,5,0.15
32791,28176,1,0.56
32792,26259,14,0.7
32793,3035,10,0.21
32794,24655,1,0.49
32795,14155,11,0.51
32796,28982,17,0.23
32797,28625,4,0.28
32798,1472,13,0.89
32799,20320,16,0.4
32800,20436,5,0.14
32801,34295,10,0.55
32802,33937,9,0.63
32803,26439,10,0.45
32804,20034,3,0.45
32805,34429,17,0.49
32806,27668,19,0.25
32807,9920,4,0.98
32808,10725,11,0.12
32809,24821,12,0.23
32810,22150,10,0.59
32811,14512,4,0.22
32812,34222,15,0.54
32813,4622,6,0.26
32814,15911,14,0.01
32815,17044,10,0.93
32816,19189,6,0.6
32817,19171,11,0.3
32818,6208,6,0.4
32819,6086,5,0.72
32820,16058,1,0.63
32821,586,18,0.18
32822,31325,18,0.03
32823,25155,10,0.47
32824,18010,4,0.4
32825,20636,6,0.24
32826,31927,9,0.62
32827,33611,13,0.65
32828,2256,4,0.66
32829,11134,5,0.03
32830,4439,5,0.36
32831,10380,4,0.84
32832,24729,11,0.17
32833,22757,4,0.35
32834,34125,14,0.12
32835,27344,3,0.25
32836,3407,3,0.39
32837,20091,13,0.5
32838,9270,16,0.53
32839,26726,7,0.5
32840,18916,3,0.94
32841,29791,12,0.24
32842,31679,13,0.56
32843,3762,3,0.44
32844,32477,16,0.83
32845,32941,17,0.06
32846,2055,16,0.31
32847,9596,13,0.96
32848,13905,16,0.56
32849,13782,4,0.11
32850,26279,15,0.81
32851,15380,2,0.69
32852,16747,10,0.47
32853,12373,16,0.75
32854,23053,4,0.37
32855,23854,18,0.78
32856,30752,6,0.37
32857,14737,8,0.18
32858,572,18,0.62
32859,28513,13,0.74
32860,21805,7,0.95
32861,31689,3,0.81
32862,2928,16,0.91
32863,3233,16,0.78
32864,22454,7,1.0
32865,18631,1,0.34
32866,23338,15,0.11
32867,30190,1,0.9
32868,26294,15,0.89
32869,13369,4,0.97
32870,34070,14,0.36
32871,19374,14,0.97
32872,21531,13,0.63
32873,13731,12,0.7
32874,4499,9,0.12
32875,6479,6,0.24
32876,29355,14,0.75
32877,12393,10,0.93
32878,1530,19,0.47
32879,6846,18,0.82
32880,17069,19,0.76
32881,9562,13,0.8
32882,11367,2,0.65
32883,7055,14,0.98
32884,15699,15,0.81
32885,17610,13,0.36
32886,18326,12,0.46
32887,9891,15,0.68
32888,9777,16,0.26
32889,18194,9,0.43
32890,16789,19,0.75
32891,12138,6,0.96
32892,6362,9,0.29
32893,23246,12,0.12
32894,4970,18,0.76
32895,14763,12,0.26
32896,18425,14,0.85
32897,28595,16,0.25
32898,4200,10,0.13
32899,19044,10,0.3
32900,15209,17,0.89
32901,34944,3,0.65
32902,4009,7,0.2
32903,28305,8,0.98
32904,15470,7,0.95
32905,32393,11,0.65
32906,6983,18,0.57
32907,34488,15,0.96
32908,11878,16,0.2
32909,19584,7,0.96
32910,31563,11,0.03
32911,14727,13,0.47
32912,11213,5,0.31
32913,29707,9,0.41
32914,18830,13,0.54
32915,34023,3,0.8
32916,30380,13,0.45
32917,699,10,0.27
32918,28890,5,0.36
32919,23839,2,0.49
32920,6963,10,0.12
32921,9389,3,0.97
32922,11139,17,0.14
32923,18046,1,0.65
32924,1452,13,0.1
32925,14513,7,0.27
32926,1641,7,0.41
32927,9075,3,0.29
32928,33497,9,0.82
32929,7513,9,0.05
32930,5744,10,0.74
32931,11294,2,0.14
32932,21619,5,0.05
32933,14273,1,0.55
32934,29705,10,0.59
32935,29379,2,0.75
32936,30798,17,0.34
32937,28720,1,0.74
32938,9690,2,0.3
32939,6293,7,0.53
32940,4323,10,0.92
32941,2031,3,0.67
32942,26892,1,0.85
32943,15010,3,0.06
32944,735,17,0.41
32945,21395,3,0.91
32946,19867,1,0.1
32947,4143,11,0.83
32948,21419,16,0.88
32949,31018,10,0.72
32950,11991,17,0.32
32951,5927,10,0.1
32952,14088,14,0.9
32953,110,11,0.2
32954,32899,14,0.13
32955,3003,12,0.64
32956,6691,5,0.1
32957,11055,5,0.7
32958,17111,15,0.17
32959,1821,6,0.45
32960,32826,13,0.87
32961,9274,9,0.94
32962,22522,15,0.87
32963,20696,5,0.88
32964,11778,13,0.61
32965,31521,19,0.57
32966,20028,15,0.14
32967,1647,14,0.71
32968,33962,15,0.9
32969,5496,9,0.52
32970,11693,11,0.42
32971,14498,9,0.87
32972,33614,18,0.94
32973,2020,7,0.37
32974,32170,16,0.84
32975,12648,10,0.79
32976,33467,11,0.51
32977,25107,3,0.75
32978,384,16,0.39
32979,18207,3,0.91
32980,4484,10,0.16
32981,5294,12,0.84
32982,31391,7,0.1
32983,25124,7,0.9
32984,18996,12,1.0
32985,22826,8,0.88
32986,9519,19,0.5
32987,20426,10,0.48
32988,26970,14,0.98
32989,28483,16,0.7
32990,28406,12,0.76
32991,33598,14,0.67
32992,24732,13,0.37
32993,3765,10,0.63
32994,15044,5,0.73
32995,28419,13,0.98
32996,15671,11,0.39
32997,15943,10,0.89
32998,25260,3,0.8
32999,14667,5,0.09
33000,32256,12,0.8
33001,30527,13,0.94
33002,7031,15,0.68
33003,19471,6,0.31
33004,1869,14,0.1
33005,9541,16,0.58
33006,9029,1,0.08
33007,2643,10,0.7
33008,20766,3,0.5
33009,28942,11,0.89
33010,23228,13,0.76
33011,32781,18,0.69
33012,9187,9,0.23
33013,2540,6,0.4
33014,5110,10,0.42
33015,5788,11,0.69
33016,1920,15,0.36
33017,14443,7,0.98
33018,11247,5,0.07
33019,12005,15,0.77
33020,17164,14,0.71
33021,25499,12,0.91
33022,5975,8,0.84
33023,15248,16,0.68
33024,22187,6,0.15
33025,2657,16,0.88
33026,6362,14,0.15
33027,16777,7,0.23
33028,2344,4,0.3
33029,23622,10,0.6
33030,19912,19,0.81
33031,33060,10,0.45
33032,5872,18,0.89
33033,6562,11,0.45
33034,17300,1,0.7
33035,28501,1,0.34
33036,26251,11,0.59
33037,12206,7,0.62
33038,24483,11,0.88
33039,31957,4,0.49
33040,2058,8,0.79
33041,27144,9,0.09
33042,21481,8,0.84
33043,21506,12,0.94
33044,3949,3,0.4
33045,36,17,0.37
33046,961,12,0.06
33047,29568,15,0.62
33048,683,10,0.96
33049,31803,14,0.66
33050,25616,15,0.84
33051,711,10,0.51
33052,121,14,0.26
33053,29707,3,0.64
33054,26062,16,0.6
33055,3109,16,0.25
33056,2486,6,0.51
33057,6999,7,0.7
33058,1464,5,0.34
33059,10208,2,0.32
33060,31809,4,0.47
33061,24047,11,0.34
33062,7393,10,0.78
33063,25323,16,0.72
33064,9591,5,0.18
33065,34654,7,0.8
33066,3713,12,0.12
33067,2330,11,0.57
33068,10844,5,0.08
33069,27578,6,0.88
33070,13582,6,1.0
33071,24034,8,0.71
33072,33419,16,0.82
33073,32776,4,0.33
33074,1778,3,0.94
33075,32490,14,0.14
33076,29986,17,0.61
33077,162,9,0.75
33078,7478,7,0.88
33079,17579,9,0.43
33080,25128,17,0.78
33081,5361,3,0.72
33082,1864,5,0.98
33083,27676,19,0.49
33084,5752,15,0.25
33085,9040,15,0.06
33086,12317,11,0.83
33087,12135,14,0.94
33088,20615,14,0.56
33089,33162,5,0.63
33090,23355,18,0.17
33091,3753,9,0.5
33092,4289,4,0.98
33093,29510,15,0.42
33094,17254,1,0.32
33095,16150,9,0.31
33096,9931,10,0.12
33097,31314,5,0.51
33098,16437,1,0.16
33099,28229,14,0.34
33100,7316,17,0.1
33101,6660,5,0.05
33102,27690,7,0.72
33103,28010,10,0.27
33104,4811,9,0.65
33105,14236,16,0.91
33106,11673,1,0.83
33107,29101,4,0.75
33108,32169,11,0.47
33109,4377,10,0.18
33110,5998,7,0.85
33111,32330,8,0.34
33112,30613,7,0.96
33113,21807,10,0.39
33114,23578,6,0.76
33115,22299,14,0.35
33116,10168,12,0.48
33117,15961,8,0.69
33118,2893,10,0.76
33119,14917,14,0.66
33120,29098,11,0.57
33121,20596,6,0.6
33122,22967,5,0.59
33123,5857,19,0.08
33124,14351,3,0.6
33125,27109,11,0.25
33126,32961,15,0.57
33127,6605,19,0.53
33128,8755,14,0.76
33129,23528,18,0.62
33130,10089,4,0.66
33131,17795,7,0.49
33132,7112,13,0.25
33133,13808,8,0.26
33134,28431,14,0.28
33135,17922,15,0.15
33136,2335,19,0.22
33137,7954,16,0.2
33138,14838,1,0.22
33139,15978,18,0.54
33140,20400,6,0.97
33141,29740,5,0.49
33142,6180,10,0.67
33143,30041,19,0.8
33144,21996,16,0.04
33145,16490,14,0.83
33146,2936,17,0.15
33147,7369,8,0.57
33148,16549,16,0.53
33149,7358,18,0.25
33150,10032,13,0.23
33151,13285,11,0.3
33152,26669,18,0.1
33153,524,4,0.13
33154,19733,9,0.9
33155,17913,17,0.81
33156,19780,13,0.51
33157,26744,5,0.49
33158,4507,9,0.83
33159,16092,9,0.32
33160,16626,1,0.23
33161,11716,8,0.08
33162,24184,7,0.81
33163,29050,3,0.58
33164,13793,13,0.57
33165,19636,4,0.76
33166,8378,1,0.32
33167,1653,19,0.74
33168,14248,16,0.87
33169,22999,2,0.59
33170,6223,3,0.69
33171,4447,17,0.39
33172,29688,11,0.55
33173,28750,2,0.78
33174,746,16,0.85
33175,6193,15,0.33
33176,23758,11,0.97
33177,6752,13,0.66
33178,21784,2,0.98
33179,3789,4,0.87
33180,3869,10,0.68
33181,9814,11,0.6
33182,16560,17,0.22
33183,25381,7,0.4
33184,22709,19,0.19
33185,18317,8,0.71
33186,10732,5,0.0
33187,5714,2,0.96
33188,31288,15,0.56
33189,19587,9,0.25
33190,23975,16,0.42
33191,34935,17,0.16
33192,20690,14,0.13
33193,31794,5,0.0
33194,9174,7,0.31
33195,26278,8,0.14
33196,33890,11,0.98
33197,28018,4,0.15
33198,5482,8,0.13
33199,8140,19,0.43
33200,2661,8,0.22
33201,15263,18,0.24
33202,19256,14,0.8
33203,15221,19,0.13
33204,4141,4,0.13
33205,34136,4,0.3
33206,22512,2,0.75
33207,10582,16,0.76
33208,1704,18,0.21
33209,32636,4,0.25
33210,23257,11,0.79
33211,13290,10,0.64
33212,9357,2,0.21
33213,13794,9,0.19
33214,6956,5,0.25
33215,8849,14,0.93
33216,8302,8,0.69
33217,22203,3,0.31
33218,5052,9,0.58
33219,33813,2,0.19
33220,2328,18,0.12
33221,1341,7,0.9
33222,23881,5,0.22
33223,16806,7,0.61
33224,4921,3,0.15
33225,24198,13,0.93
33226,2378,13,0.76
33227,4174,12,0.75
33228,5876,2,0.47
33229,14915,5,0.84
33230,14597,5,0.67
33231,7589,16,0.88
33232,31803,16,0.1
33233,3504,19,0.53
33234,7632,12,0.65
33235,31298,6,0.95
33236,23667,9,0.99
33237,21088,15,0.36
33238,23328,14,0.81
33239,32092,1,1.0
33240,31698,13,0.58
33241,477,18,0.9
33242,31121,16,0.46
33243,20064,14,0.81
33244,13538,6,0.23
33245,11607,3,0.81
33246,26517,16,0.15
33247,32734,6,0.7
33248,33999,4,0.05
33249,968,11,0.18
33250,34370,7,0.83
33251,21813,1,0.97
33252,31969,8,0.68
33253,28111,12,0.4
33254,21846,4,0.4
33255,32831,7,0.64
33256,25850,2,0.41
33257,11695,17,0.71
33258,10971,16,0.12
33259,25282,7,0.66
33260,21435,15,0.8
33261,26974,6,0.76
33262,27172,8,0.47
33263,33306,19,0.08
33264,14293,16,0.17
33265,9182,6,0.37
33266,24539,1,0.16
33267,14871,4,0.17
33268,3739,10,0.66
33269,20551,2,0.24
33270,34659,17,0.44
33271,18566,17,0.04
33272,7357,16,0.51
33273,8459,4,0.58
33274,7874,13,0.65
33275,16686,5,0.31
33276,17233,9,0.45
33277,19883,3,0.23
33278,7225,9,0.84
33279,6199,1,0.22
33280,10608,17,0.73
33281,6667,7,0.05
33282,2521,19,0.86
33283,12364,1,0.65
33284,754,10,0.75
33285,26297,19,0.26
33286,9419,15,0.7
33287,10341,10,0.62
33288,31934,18,0.64
33289,32699,2,1.0
33290,8700,11,0.78
33291,10404,17,0.81
33292,27582,6,0.27
33293,28925,11,0.6
33294,21547,12,0.76
33295,12469,19,0.96
33296,2403,2,0.04
33297,20771,4,0.91
33298,32862,9,0.38
33299,1118,4,0.02
33300,10040,3,0.51
33301,19850,18,0.59
33302,32721,16,0.22
33303,10268,15,0.83
33304,19722,3,0.33
33305,14635,17,0.8
33306,8115,18,0.41
33307,17435,11,0.76
33308,31262,1,0.45
33309,25934,7,0.01
33310,22767,1,0.18
33311,318,10,0.44
33312,28751,19,0.24
33313,8224,12,0.74
33314,1541,3,0.23
33315,2610,3,1.0
33316,9802,2,0.03
33317,8880,11,0.33
33318,24588,2,0.87
33319,226,16,0.61
33320,15760,19,0.79
33321,20209,9,0.71
33322,34040,19,0.37
33323,7665,14,0.79
33324,21160,8,0.69
33325,26950,14,0.53
33326,30790,15,0.52
33327,31581,7,0.59
33328,31061,9,0.05
33329,26304,11,0.97
33330,34361,19,0.96
33331,6124,6,0.48
33332,4941,10,0.43
33333,19046,3,0.15
33334,29845,12,0.52
33335,10530,2,0.59
33336,15725,15,0.14
33337,23899,13,0.03
33338,2023,1,0.69
33339,30221,11,0.93
33340,24837,11,0.46
33341,21309,10,0.78
33342,33589,5,0.22
33343,2597,18,0.45
33344,10831,17,0.54
33345,20660,16,0.28
33346,20712,10,0.02
33347,31485,11,0.94
33348,28317,13,0.55
33349,34650,6,0.72
33350,4693,14,0.86
33351,34761,6,0.71
33352,31170,18,0.15
33353,20150,15,0.97
33354,1537,15,0.36
33355,2314,12,0.09
33356,15145,11,0.69
33357,27536,9,0.14
33358,19103,7,0.54
33359,22842,11,0.46
33360,16650,18,0.41
33361,32732,18,0.03
33362,27771,2,0.44
33363,31219,19,0.14
33364,33837,2,0.84
33365,10312,2,0.4
33366,8551,15,0.86
33367,16741,15,0.85
33368,4362,10,0.78
33369,4931,14,0.72
33370,21589,9,0.75
33371,20059,4,0.11
33372,18382,6,0.6
33373,13639,19,0.42
33374,20935,16,0.26
33375,15851,10,0.25
33376,32744,9,0.82
33377,1244,5,0.22
33378,19219,8,0.37
33379,25793,13,0.56
33380,9356,3,0.56
33381,31413,12,0.42
33382,21718,5,0.84
33383,12352,14,0.57
33384,7044,14,0.68
33385,15913,19,0.7
33386,9341,17,0.55
33387,22589,14,0.63
33388,25500,2,0.11
33389,6195,7,0.23
33390,6614,11,0.93
33391,8867,15,0.66
33392,10291,15,0.48
33393,34804,15,0.23
33394,1427,2,0.48
33395,22375,17,0.38
33396,15120,2,0.47
33397,26238,16,0.66
33398,23685,13,0.37
33399,24819,9,0.6
33400,30597,15,0.78
33401,24215,5,0.41
33402,14559,2,0.88
33403,5684,14,0.39
33404,16903,3,0.34
33405,1934,3,0.72
33406,27428,3,0.22
33407,5646,12,0.54
33408,24089,2,0.76
33409,26379,12,0.17
33410,25130,7,0.44
33411,34079,5,0.66
33412,30407,16,0.24
33413,2312,14,0.1
33414,32315,1,0.02
33415,22948,1,0.11
33416,1578,19,0.72
33417,14877,18,0.36
33418,2596,18,0.18
33419,7542,19,0.17
33420,8350,18,0.25
33421,7595,16,0.92
33422,4637,11,0.81
33423,16469,16,0.07
33424,23687,5,0.47
33425,12227,19,0.51
33426,28302,18,0.5
33427,27219,2,0.79
33428,32232,7,0.44
33429,26499,7,0.39
33430,30209,9,0.33
33431,29942,9,0.71
33432,32615,8,0.73
33433,33394,3,0.08
33434,29360,13,0.57
33435,20244,4,0.82
33436,2818,12,0.25
33437,3509,19,0.23
33438,11746,16,0.86
33439,15660,13,0.71
33440,31880,15,0.34
33441,16651,3,0.83
33442,13580,14,0.13
33443,735,6,0.2
33444,20662,8,0.06
33445,21553,13,0.77
33446,12653,19,0.17
33447,27947,1,0.76
33448,27883,5,0.47
33449,6718,18,0.3
33450,22140,13,0.09
33451,9212,4,0.24
33452,19851,15,0.79
33453,28525,10,0.69
33454,31164,11,0.23
33455,17983,15,0.7
33456,599,12,0.29
33457,26639,4,0.92
33458,13597,4,0.81
33459,5327,4,0.02
33460,24380,12,0.96
33461,4997,7,0.22
33462,5450,17,0.75
33463,4754,10,0.42
33464,31751,10,0.31
33465,28991,10,0.84
33466,1465,6,0.06
33467,25062,6,0.24
33468,8053,15,0.39
33469,9932,16,0.67
33470,31819,4,0.9
33471,2873,9,0.5
33472,9660,4,0.18
33473,1475,10,0.39
33474,7116,19,0.58
33475,2265,7,0.96
33476,8107,12,0.16
33477,20255,19,0.41
33478,24599,10,0.78
33479,25513,9,0.64
33480,28951,4,0.92
33481,29031,7,0.8
33482,5476,17,0.21
33483,4563,7,0.2
33484,25587,18,0.76
33485,759,7,0.6
33486,24174,9,0.32
33487,5298,7,0.28
33488,24474,14,0.16
33489,7647,16,0.01
33490,20113,16,0.74
33491,32981,4,0.74
33492,27331,16,0.55
33493,4381,2,0.69
33494,12683,5,0.1
33495,15077,11,0.42
33496,34602,16,0.63
33497,10424,6,1.0
33498,18363,5,0.58
33499,7784,7,0.22
33500,19280,9,0.77
33501,11381,7,0.89
33502,25876,8,0.59
33503,30170,9,0.78
33504,29172,9,0.95
33505,22468,15,0.36
33506,23301,1,0.4
33507,6556,14,0.58
33508,28689,6,0.84
33509,26416,17,0.34
33510,5001,10,0.74
33511,12346,9,0.61
33512,28230,18,0.03
33513,33183,2,0.89
33514,5555,10,0.27
33515,19767,19,0.82
33516,3692,5,0.44
33517,32952,16,0.2
33518,6404,5,0.55
33519,33360,2,0.58
33520,3124,14,0.43
33521,20538,2,0.33
33522,15947,6,0.05
33523,4542,8,0.18
33524,30673,13,0.12
33525,25127,4,0.53
33526,255,5,0.68
33527,13122,14,0.9
33528,20859,5,0.12
33529,30360,9,0.98
33530,24754,11,0.87
33531,4897,11,0.37
33532,5710,13,0.67
33533,8023,4,0.97
33534,4242,18,0.55
33535,32400,11,0.6
33536,1631,10,0.49
33537,2497,12,0.97
33538,17918,3,0.14
33539,18689,3,0.43
33540,21014,11,0.35
33541,20587,2,0.4
33542,2978,18,0.37
33543,25687,10,0.72
33544,20780,11,0.82
33545,18423,16,0.65
33546,15001,10,0.56
33547,34981,8,0.12
33548,11421,18,0.57
33549,26015,19,0.9
33550,15515,14,0.51
33551,34029,13,0.61
33552,21799,19,0.07
33553,15438,15,0.9
33554,6005,3,0.06
33555,22627,9,0.7
33556,2986,13,0.35
33557,33007,1,0.48
33558,10328,7,0.04
33559,8326,16,0.79
33560,621,14,0.39
33561,19963,4,0.32
33562,3780,1,0.04
33563,33713,11,0.48
33564,22846,3,0.5
33565,15882,1,0.85
33566,3922,16,0.34
33567,3050,1,0.97
33568,696,8,0.45
33569,24893,18,0.88
33570,34963,13,0.25
33571,20085,1,0.43
33572,25615,16,0.19
33573,561,1,0.92
33574,9520,1,0.8
33575,27189,11,0.57
33576,33223,16,0.23
33577,29473,19,0.76
33578,34459,14,0.63
33579,33806,19,0.28
33580,9426,17,0.23
33581,25372,2,0.52
33582,18658,1,0.23
33583,26074,16,0.73
33584,15923,9,0.13
33585,4564,4,0.74
33586,8277,4,0.64
33587,28605,7,0.48
33588,8212,10,0.25
33589,22452,5,0.37
33590,20133,5,0.68
33591,6669,10,0.58
33592,29307,13,0.96
33593,211,8,0.12
33594,22781,19,0.96
33595,28580,12,0.29
33596,11256,16,0.52
33597,34642,9,0.82
33598,9319,8,0.13
33599,29670,12,0.05
33600,4580,10,0.79
33601,12916,10,0.89
33602,8804,4,0.93
33603,20864,5,0.48
33604,8793,7,0.52
33605,14159,12,0.78
33606,18424,5,0.04
33607,25578,6,0.67
33608,16896,14,0.96
33609,26159,2,0.77
33610,32373,16,0.43
33611,34433,17,0.37
33612,2556,1,0.84
33613,31096,9,0.57
33614,21433,11,0.35
33615,4791,9,0.8
33616,26232,3,0.0
33617,20133,10,0.57
33618,8175,15,0.58
33619,25646,8,0.95
33620,651,6,0.25
33621,12746,19,0.73
33622,24925,7,0.79
33623,28855,1,0.29
33624,17860,5,0.08
33625,13717,12,0.56
33626,156,1,0.51
33627,21616,4,0.15
33628,8553,7,0.11
33629,16739,9,0.65
33630,31691,3,0.7
33631,40,9,0.96
33632,25198,17,0.2
33633,16169,14,0.07
33634,7024,6,0.23
33635,25125,18,0.68
33636,32791,16,0.07
33637,18483,16,0.15
33638,20440,11,0.44
33639,5538,8,0.86
33640,15834,19,0.96
33641,14833,2,0.88
33642,5687,9,0.73
33643,24489,16,0.4
33644,31740,8,0.55
33645,24672,1,0.11
33646,30757,18,0.6
33647,29187,15,0.64
33648,1669,17,0.67
33649,581,10,0.06
33650,2876,15,0.82
33651,26922,3,0.58
33652,22439,10,0.75
33653,31675,15,0.03
33654,34914,12,0.17
33655,9999,1,0.03
33656,12213,15,0.06
33657,21672,4,0.55
33658,21166,5,0.86
33659,7849,10,0.78
33660,15092,14,0.47
33661,4068,4,0.77
33662,21708,6,0.73
33663,29320,5,0.59
33664,20637,5,0.88
33665,1626,11,0.65
33666,31168,5,0.11
33667,28956,8,0.55
33668,22770,18,0.84
33669,18406,5,0.32
33670,26937,11,0.77
33671,20812,9,0.28
33672,27745,10,0.39
33673,27740,9,0.95
33674,21001,1,0.86
33675,9403,10,0.56
33676,18204,3,0.18
33677,31324,6,0.42
33678,28395,6,0.26
33679,14897,18,0.76
33680,8813,16,0.12
33681,19761,16,0.74
33682,26426,17,0.82
33683,18341,5,0.54
33684,20453,18,0.96
33685,21921,8,0.42
33686,18803,18,0.64
33687,5647,17,0.66
33688,25541,13,0.03
33689,2499,12,0.91
33690,5940,14,0.41
33691,1168,9,0.86
33692,4427,8,0.38
33693,34883,4,0.66
33694,14332,15,0.89
33695,16115,17,0.54
33696,20608,17,0.98
33697,6152,13,0.61
33698,22738,14,0.98
33699,29805,19,0.74
33700,17413,10,0.55
33701,10954,4,0.37
33702,30860,10,0.13
33703,21172,3,0.27
33704,19442,17,0.67
33705,12065,15,0.09
33706,10859,11,0.31
33707,13479,10,0.18
33708,5174,15,0.51
33709,17259,12,0.19
33710,29320,6,0.92
33711,18210,12,0.23
33712,32915,18,0.9
33713,23496,10,0.34
33714,26368,1,0.82
33715,34529,7,0.78
33716,29466,19,0.13
33717,29357,10,0.47
33718,22819,16,0.73
33719,14742,11,0.5
33720,16534,2,0.31
33721,19022,4,0.46
33722,27994,13,0.36
33723,31903,19,0.77
33724,10880,4,0.09
33725,23429,5,0.94
33726,13692,11,0.82
33727,21343,8,0.24
33728,6677,14,0.78
33729,33053,8,0.79
33730,2244,10,0.86
33731,16607,8,0.47
33732,27345,13,0.19
33733,161,18,0.3
33734,31275,2,0.02
33735,26532,7,0.42
33736,30125,13,0.09
33737,14944,10,0.7
33738,15651,12,0.27
33739,20661,17,0.89
33740,8014,7,0.76
33741,490,13,0.44
33742,34863,10,0.73
33743,17116,15,0.94
33744,22834,9,0.06
33745,8136,4,0.98
33746,15902,7,0.75
33747,6168,3,0.38
33748,7340,10,0.32
33749,7829,5,0.8
33750,1686,16,0.11
33751,7718,13,0.92
33752,30938,13,0.56
33753,27087,15,0.37
33754,21279,7,0.5
33755,30282,8,0.11
33756,23261,19,0.63
33757,2787,10,0.69
33758,12690,14,0.68
33759,15625,12,0.07
33760,13868,4,0.94
33761,33317,14,0.8
33762,8876,11,0.82
33763,31398,5,0.05
33764,27449,10,0.9
33765,631,5,0.29
33766,33166,3,0.67
33767,24846,8,0.9
33768,28392,16,0.97
33769,29311,7,0.1
33770,28409,11,0.09
33771,17749,7,0.36
33772,2184,17,0.94
33773,20462,10,0.5
33774,28531,1,0.57
33775,13139,12,0.61
33776,12192,4,0.01
33777,29615,19,0.39
33778,9977,1,0.64
33779,19255,12,0.15
33780,16432,5,0.51
33781,22908,9,0.94
33782,21135,8,0.35
33783,32190,8,0.47
33784,11264,3,0.39
33785,23726,3,0.2
33786,1066,15,0.51
33787,19197,6,0.62
33788,6320,14,0.44
33789,3707,6,0.27
33790,10054,13,0.34
33791,24410,4,0.06
33792,10295,18,0.12
33793,33871,2,1.0
33794,15698,18,0.42
33795,34785,8,0.53
33796,2161,1,0.43
33797,31089,7,0.93
33798,33804,11,0.14
33799,11666,6,0.23
33800,19351,19,0.71
33801,20480,16,0.63
33802,25063,18,0.0
33803,16828,5,0.42
33804,13995,1,0.47
33805,20983,12,0.89
33806,5217,9,0.86
33807,5959,17,0.38
33808,5953,8,0.42
33809,15294,12,0.98
33810,32102,1,0.63
33811,31806,4,0.72
33812,25826,12,0.78
33813,21243,18,0.77
33814,26258,19,0.28
33815,29494,2,0.61
33816,13003,11,0.05
33817,27096,9,0.97
33818,18232,18,0.47
33819,794,8,0.51
33820,34945,7,0.08
33821,6750,11,0.74
33822,15253,6,0.05
33823,22748,13,0.02
33824,2421,2,0.3
33825,4777,17,0.09
33826,2734,19,0.74
33827,1755,6,0.56
33828,23002,4,0.84
33829,15170,16,0.39
33830,1029,18,0.02
33831,20088,7,0.41
33832,9075,5,0.29
33833,18386,5,0.14
33834,12037,2,0.14
33835,12194,6,0.1
33836,19130,9,0.59
33837,17849,5,0.43
33838,22335,16,0.06
33839,26351,8,0.62
33840,14777,3,0.74
33841,6016,4,0.06
33842,21390,11,0.95
33843,26553,1,0.73
33844,28572,12,0.33
33845,8687,5,0.79
33846,32213,9,0.6
33847,30080,11,0.71
33848,10318,8,0.93
33849,24492,13,0.24
33850,16424,6,0.03
33851,22180,7,0.25
33852,32260,6,0.47
33853,31127,19,0.49
33854,11310,18,0.31
33855,5446,10,0.17
33856,9086,7,0.52
33857,5716,5,0.5
33858,7036,8,0.42
33859,29463,13,0.39
33860,23189,5,0.67
33861,14117,16,0.34
33862,28579,2,0.75
33863,27284,3,0.11
33864,9618,16,0.51
33865,28492,15,0.26
33866,22667,16,0.39
33867,23624,19,0.33
33868,1777,15,0.33
33869,33045,5,0.63
33870,16761,10,0.89
33871,32172,13,0.87
33872,10521,3,0.87
33873,7119,14,0.11
33874,22457,10,0.97
33875,30031,9,0.1
33876,20751,19,0.9
33877,18447,14,0.62
33878,23958,12,0.98
33879,24933,4,0.08
33880,16137,5,0.22
33881,15017,9,0.81
33882,16662,5,0.2
33883,31995,12,0.02
33884,5541,11,0.48
33885,792,1,0.56
33886,24733,15,0.42
33887,6024,2,0.92
33888,32875,15,0.28
33889,27905,18,0.93
33890,7390,8,0.1
33891,33475,8,0.49
33892,826,16,0.86
33893,2162,4,0.38
33894,30768,17,0.37
33895,30624,13,0.47
33896,422,17,0.54
33897,12512,12,0.35
33898,19437,14,0.9
33899,18619,8,0.81
33900,10726,12,0.63
33901,20109,5,0.93
33902,13280,1,0.26
33903,81,12,0.46
33904,32377,17,0.96
33905,28041,6,0.6
33906,34618,11,0.44
33907,32669,16,0.5
33908,2822,10,0.25
33909,4674,17,0.12
33910,33831,3,0.9
33911,32807,3,0.34
33912,19737,4,0.65
33913,16430,4,0.86
33914,412,13,0.51
33915,32390,15,0.93
33916,11617,4,0.85
33917,32350,12,0.83
33918,17689,2,0.37
33919,14168,12,0.85
33920,28616,12,0.22
33921,21732,14,0.87
33922,14191,18,0.15
33923,31550,7,0.35
33924,20157,2,0.7
33925,25022,8,0.12
33926,13907,4,0.86
33927,18757,1,0.59
33928,6388,2,0.82
33929,11450,4,0.42
33930,5964,14,0.74
33931,23808,19,0.96
33932,30437,14,0.86
33933,21875,4,0.34
33934,30214,5,0.88
33935,19438,17,0.99
33936,528,5,0.14
33937,16980,17,0.84
33938,456,18,0.53
33939,21062,9,0.47
33940,26109,6,0.22
33941,9377,8,0.46
33942,8326,12,0.58
33943,25947,10,0.67
33944,24596,17,0.25
33945,32915,14,0.09
33946,28267,4,0.36
33947,9810,13,0.02
33948,630,11,0.28
33949,346,5,0.38
33950,5998,15,0.79
33951,18772,12,0.37
33952,1255,15,0.7
33953,8395,18,0.04
33954,7181,9,0.29
33955,1574,17,0.92
33956,28308,13,0.72
33957,3843,5,0.14
33958,13348,5,0.15
33959,28696,11,0.73
33960,4801,5,0.48
33961,1760,15,0.21
33962,543,11,0.97
33963,1495,10,0.4
33964,6768,2,0.46
33965,30746,4,0.02
33966,17106,3,0.5
33967,10669,14,0.24
33968,21767,8,0.05
33969,30418,11,0.36
33970,10535,13,0.68
33971,17242,17,0.23
33972,2777,3,0.64
33973,33002,4,0.07
33974,13907,1,0.78
33975,1431,9,0.37
33976,9788,18,0.05
33977,28005,9,0.64
33978,18004,12,0.17
33979,7391,5,0.32
33980,32120,15,0.98
33981,24547,9,0.47
33982,31357,3,0.69
33983,3072,19,0.55
33984,12821,1,0.01
33985,29052,7,0.06
33986,23338,3,0.02
33987,23532,8,0.05
33988,33390,17,0.77
33989,15121,17,0.62
33990,30272,10,0.6
33991,9753,12,0.29
33992,33100,13,0.51
33993,14268,5,0.2
33994,3760,17,0.26
33995,28378,6,0.04
33996,931,9,0.62
33997,7266,18,0.18
33998,6537,5,0.44
33999,7805,7,0.24
34000,13756,10,0.5
34001,33953,10,0.9
34002,5831,4,0.6
34003,14380,11,0.98
34004,8762,8,0.5
34005,10634,7,0.11
34006,32862,19,0.63
34007,22983,17,0.55
34008,17656,9,0.84
34009,18390,1,0.39
34010,10422,8,0.63
34011,16823,17,0.54
34012,28687,12,0.07
34013,25084,8,0.96
34014,8662,12,0.9
34015,18461,1,0.55
34016,18322,6,0.85
34017,18085,14,0.25
34018,2970,14,0.38
34019,22252,15,0.18
34020,19387,7,0.63
34021,1366,16,0.39
34022,2240,13,0.49
34023,18139,16,0.74
34024,33904,16,0.31
34025,11729,14,0.27
34026,10617,6,0.4
34027,29174,18,0.35
34028,31523,8,0.05
34029,5460,12,0.11
34030,18716,4,0.06
34031,24262,12,0.8
34032,3112,6,0.49
34033,18627,16,0.15
34034,34164,2,0.4
34035,9866,8,0.97
34036,12756,1,0.76
34037,10864,18,0.19
34038,15227,9,0.42
34039,21758,10,0.03
34040,34168,17,0.46
34041,11657,12,0.29
34042,14624,17,0.19
34043,17184,10,0.88
34044,9858,12,0.91
34045,9369,1,0.92
34046,21359,1,0.75
34047,17076,17,0.33
34048,16427,3,0.61
34049,11292,7,0.39
34050,5123,13,0.78
34051,27530,2,0.46
34052,33243,1,0.89
34053,30847,16,0.6
34054,13178,17,0.33
34055,14559,1,0.49
34056,30800,13,0.83
34057,14160,18,0.56
34058,12640,5,0.3
34059,22555,3,0.56
34060,1192,10,0.29
34061,2128,19,0.48
34062,10937,14,0.38
34063,18333,3,0.32
34064,8594,11,0.83
34065,16929,17,0.14
34066,27756,6,0.45
34067,24021,4,0.27
34068,2589,4,0.05
34069,29640,12,0.32
34070,28085,2,0.11
34071,20709,17,0.97
34072,13982,18,0.38
34073,26349,18,0.77
34074,14712,13,0.83
34075,7496,11,0.82
34076,13520,9,0.58
34077,3748,9,0.75
34078,5996,13,0.52
34079,29671,10,0.21
34080,28736,9,0.38
34081,14358,2,0.37
34082,29869,13,0.56
34083,30295,18,0.79
34084,9076,9,0.23
34085,1758,11,0.17
34086,25477,7,0.11
34087,24162,11,0.71
34088,11314,1,0.75
34089,32935,9,0.57
34090,28559,6,0.21
34091,2955,3,0.96
34092,74,11,0.2
34093,12971,15,0.96
34094,14566,6,0.55
34095,5288,16,0.87
34096,26343,10,0.39
34097,16006,19,0.23
34098,34579,12,0.04
34099,23930,18,0.26
34100,31715,13,0.48
34101,24768,19,0.38
34102,4309,6,0.76
34103,31963,7,0.83
34104,5478,14,0.23
34105,19821,19,0.07
34106,22150,7,0.63
34107,20514,5,0.65
34108,19558,4,0.98
34109,5502,12,0.56
34110,12970,6,0.63
34111,13811,3,0.36
34112,30547,10,0.52
34113,8484,2,0.4
34114,12899,17,0.63
34115,32785,4,0.5
34116,15003,15,0.14
34117,19663,6,0.23
34118,25416,10,0.57
34119,7170,9,0.54
34120,13342,6,0.14
34121,17741,15,0.99
34122,26812,5,0.39
34123,2381,5,0.34
34124,27189,13,0.95
34125,18798,5,0.29
34126,32823,2,0.15
34127,28112,5,0.34
34128,27876,7,0.85
34129,24763,17,0.26
34130,34396,7,0.37
34131,5671,19,0.83
34132,1367,18,0.38
34133,12080,11,0.93
34134,17967,17,0.56
34135,29304,18,0.01
34136,13739,1,0.54
34137,18792,11,0.01
34138,21494,7,0.93
34139,30910,4,0.79
34140,4780,15,0.9
34141,27539,13,0.08
34142,519,14,0.06
34143,23842,11,0.24
34144,25895,13,0.22
34145,2908,2,0.27
34146,7463,19,0.83
34147,11416,19,0.17
34148,33321,5,0.76
34149,9505,8,0.07
34150,6594,19,0.59
34151,10574,13,0.57
34152,29819,6,0.34
34153,34253,18,0.43
34154,33819,8,0.51
34155,9798,4,0.74
34156,20097,17,0.15
34157,278,10,0.96
34158,3505,9,0.38
34159,23321,6,0.21
34160,7945,19,0.28
34161,7660,10,0.97
34162,3027,14,0.14
34163,3117,1,0.6
34164,3821,11,0.89
34165,21458,18,0.64
34166,24866,18,0.3
34167,33033,6,0.27
34168,2826,2,0.91
34169,14646,11,0.07
34170,24483,12,0.55
34171,27647,9,0.12
34172,17891,11,0.1
34173,3806,19,0.47
34174,17718,7,0.17
34175,6183,5,0.03
34176,8618,14,0.42
34177,2661,18,0.66
34178,2394,16,0.64
34179,6248,2,0.5
34180,31223,14,0.49
34181,20841,6,0.13
34182,27337,1,0.92
34183,27206,19,0.51
34184,8673,6,0.26
34185,20198,3,0.73
34186,26991,13,0.58
34187,30215,9,0.94
34188,13426,1,0.31
34189,22842,4,0.07
34190,13354,15,0.22
34191,34710,14,0.55
34192,22322,7,0.32
34193,34049,8,0.8
34194,11706,8,0.06
34195,32173,17,0.28
34196,31588,5,0.52
34197,12946,7,0.99
34198,16105,1,0.3
34199,13170,11,0.23
34200,31850,11,0.02
34201,25378,7,0.32
34202,23254,14,0.41
34203,24794,1,0.79
34204,16135,1,0.97
34205,24664,5,0.76
34206,3615,1,0.34
34207,31683,17,0.29
34208,22119,13,0.87
34209,15844,16,0.22
34210,22205,8,0.78
34211,16738,16,0.79
34212,28741,5,0.4
34213,5816,15,0.41
34214,29829,11,0.42
34215,13149,2,0.49
34216,23288,17,0.53
34217,17529,1,0.03
34218,33511,9,0.64
34219,4112,4,0.62
34220,23035,10,0.03
34221,24357,4,0.48
34222,16608,16,0.23
34223,12221,2,0.17
34224,26426,7,0.56
34225,8308,1,0.86
34226,1914,17,0.51
34227,17546,9,0.33
34228,13141,2,0.94
34229,4558,5,0.41
34230,18409,10,0.73
34231,23401,14,0.32
34232,33295,17,0.62
34233,22355,12,0.03
34234,25252,18,0.43
34235,28714,11,0.7
34236,32024,16,0.24
34237,27330,6,0.11
34238,8565,7,0.52
34239,22078,1,0.98
34240,17203,17,0.64
34241,30775,14,0.68
34242,7514,18,0.52
34243,121,12,0.83
34244,34611,15,0.09
34245,24608,14,0.63
34246,21792,14,0.25
34247,4629,1,0.06
34248,20795,1,0.88
34249,25512,9,0.71
34250,22393,8,0.29
34251,34425,18,0.49
34252,941,12,0.06
34253,10639,3,0.17
34254,16177,9,0.38
34255,4766,5,0.76
34256,15259,7,0.11
34257,4834,1,1.0
34258,11842,12,0.92
34259,23129,5,0.1
34260,30809,19,0.47
34261,31980,6,0.93
34262,28515,10,0.33
34263,18624,16,0.5
34264,17926,7,0.38
34265,34035,13,0.44
34266,2296,9,0.78
34267,2039,16,0.75
34268,32638,15,0.53
34269,22429,6,0.81
34270,5138,4,0.33
34271,2942,10,0.46
34272,6808,8,0.41
34273,29444,5,0.22
34274,1276,14,0.59
34275,8135,7,0.26
34276,15853,8,0.54
34277,2248,3,0.63
34278,13034,11,0.77
34279,22579,4,0.77
34280,32906,5,0.22
34281,32185,15,0.57
34282,29802,6,0.31
34283,34802,4,0.95
34284,30952,19,0.4
34285,15309,14,0.8
34286,27172,11,0.37
34287,20176,9,0.21
34288,15426,10,0.12
34289,29785,4,0.33
34290,15084,4,0.3
34291,23979,4,0.63
34292,28284,19,0.96
34293,5926,1,0.02
34294,34755,8,0.06
34295,16200,18,0.49
34296,18027,4,0.8
34297,16523,4,0.25
34298,18704,6,0.72
34299,29691,2,0.6
34300,26362,11,0.28
34301,32352,10,0.47
34302,30704,17,0.83
34303,9205,18,0.65
34304,11998,12,0.69
34305,24583,7,0.17
34306,11403,5,0.33
34307,19276,12,0.74
34308,5582,8,0.25
34309,17725,19,0.59
34310,26849,13,0.11
34311,12123,4,0.83
34312,5358,16,0.99
34313,14928,10,0.26
34314,1639,3,0.55
34315,27713,7,0.76
34316,2502,10,0.08
34317,815,19,0.21
34318,22703,9,0.1
34319,20661,17,0.48
34320,25355,1,0.56
34321,86,12,0.69
34322,8398,12,0.63
34323,12145,18,0.64
34324,8971,9,0.19
34325,13798,18,0.93
34326,23315,17,0.35
34327,24948,4,0.27
34328,20822,5,0.49
34329,19581,3,0.91
34330,9766,15,0.74
34331,24235,7,0.07
34332,2702,6,0.96
34333,15249,16,0.26
34334,4581,10,0.42
34335,25405,7,0.61
34336,15016,3,0.97
34337,28439,14,0.93
34338,23218,5,0.44
34339,8455,1,0.06
34340,11236,8,0.27
34341,3925,10,0.32
34342,9564,5,0.5
34343,25380,7,0.09
34344,32210,4,0.76
34345,26467,17,0.78
34346,5449,1,0.84
34347,29657,2,0.94
34348,12447,17,0.81
34349,6172,18,0.83
34350,7592,6,0.43
34351,25536,12,0.69
34352,13474,3,0.18
34353,31748,4,0.89
34354,14057,18,0.25
34355,20571,12,0.72
34356,29905,5,0.79
34357,5716,3,0.01
34358,12046,19,0.05
34359,25482,6,0.41
34360,6844,3,0.51
34361,16653,5,0.98
34362,2986,5,0.21
34363,8366,14,0.72
34364,18577,1,0.16
34365,32980,2,0.33
34366,26969,12,0.55
34367,4656,8,0.65
34368,31232,3,0.2
34369,4710,4,0.34
34370,3263,8,0.56
34371,15239,10,0.13
34372,20658,9,0.06
34373,15600,19,0.56
34374,12377,8,0.25
34375,30764,3,0.83
34376,20057,15,0.67
34377,6727,8,0.38
34378,19615,16,0.18
34379,8028,8,0.11
34380,19089,2,0.81
34381,27348,14,0.58
34382,314,11,0.16
34383,30022,7,0.42
34384,6357,1,0.27
34385,25191,11,0.08
34386,1438,17,0.02
34387,17953,1,0.15
34388,21065,15,0.91
34389,24228,2,0.92
34390,17331,4,0.03
34391,16632,11,0.36
34392,1019,2,0.93
34393,9853,11,0.97
34394,17640,3,0.94
34395,18951,3,0.65
34396,8170,15,0.1
34397,19295,7,0.85
34398,8507,19,0.49
34399,29546,9,0.63
34400,1352,14,0.1
34401,17762,3,0.57
34402,17004,8,0.26
34403,14450,9,0.08
34404,18691,9,0.69
34405,34390,1,0.66
34406,16036,9,0.29
34407,27104,19,0.5
34408,14832,9,0.43
34409,21328,2,0.73
34410,26671,18,0.14
34411,31065,2,0.47
34412,29525,6,0.86
34413,7362,13,0.1
34414,1391,9,0.71
34415,29752,4,0.35
34416,28391,1,0.23
34417,26119,6,0.52
34418,31369,13,0.66
34419,23311,9,0.65
34420,13463,6,0.33
34421,13490,6,0.71
34422,22923,13,0.09
34423,18380,8,0.97
34424,18617,16,0.51
34425,755,10,0.91
34426,34700,9,0.73
34427,2359,5,0.85
34428,19417,17,0.8
34429,20472,6,0.08
34430,1308,7,0.82
34431,19739,16,0.78
34432,20332,13,0.37
34433,15889,19,0.17
34434,32695,6,0.8
34435,17959,6,0.93
34436,5319,9,0.91
34437,18446,10,0.3
34438,31028,7,0.28
34439,5346,19,0.34
34440,12469,16,0.76
34441,21225,6,0.28
34442,26784,18,0.96
34443,27494,9,0.95
34444,24102,3,0.74
34445,3811,9,0.62
34446,24713,12,0.92
34447,6436,13,0.19
34448,14688,8,0.67
34449,17281,1,0.24
34450,27565,17,0.33
34451,14600,3,0.56
34452,4833,6,0.73
34453,23227,1,0.23
34454,8246,4,0.97
34455,7305,16,0.05
34456,17235,8,0.77
34457,10782,14,0.4
34458,6746,6,0.33
34459,11140,15,0.45
34460,2010,14,0.1
34461,10002,1,0.95
34462,639,9,0.83
34463,13019,10,0.8
34464,12328,12,0.34
34465,4683,17,0.33
34466,29496,18,0.01
34467,15498,11,0.13
34468,25961,15,0.66
34469,17774,18,0.14
34470,26374,7,0.66
34471,22017,12,0.56
34472,3642,19,0.32
34473,34872,6,0.88
34474,20440,9,0.3
34475,13765,19,0.24
34476,31241,15,0.31
34477,12065,15,0.5
34478,24485,11,0.16
34479,16103,15,0.04
34480,33542,8,0.33
34481,27479,5,0.57
34482,27772,2,0.78
34483,5582,19,0.52
34484,17157,12,0.21
34485,181,1,0.27
34486,9278,19,0.46
34487,34212,7,0.29
34488,2005,17,0.83
34489,17112,16,0.56
34490,10167,9,0.33
34491,1764,13,0.97
34492,20726,1,0.59
34493,28783,17,0.53
34494,24591,16,0.99
34495,9798,16,0.94
34496,19986,13,0.59
34497,21794,12,0.85
34498,2741,18,0.15
34499,13173,16,0.89
34500,17609,17,0.28
34501,23481,4,0.08
34502,1688,4,0.24
34503,30429,9,0.03
34504,24804,16,0.86
34505,31106,15,0.4
34506,9293,15,0.69
34507,19481,11,0.78
34508,13393,1,0.03
34509,6293,3,0.43
34510,5196,11,0.71
34511,18393,18,0.99
34512,34374,17,0.9
34513,9747,13,0.81
34514,15376,12,0.21
34515,28140,7,0.04
34516,19832,11,0.57
34517,6998,19,0.82
34518,25805,2,0.92
34519,7436,19,0.38
34520,33769,3,0.09
34521,2334,8,0.75
34522,20749,7,0.91
34523,14360,16,0.83
34524,28797,7,0.01
34525,1083,18,0.82
34526,2422,17,0.77
34527,12987,2,0.97
34528,11052,12,0.52
34529,2244,19,0.55
34530,3139,4,0.62
34531,28806,9,0.37
34532,19147,12,0.93
34533,16727,8,0.03
34534,23972,3,0.3
34535,26076,9,0.94
34536,25226,17,0.28
34537,28773,18,0.7
34538,5337,2,0.48
34539,5432,19,0.98
34540,33337,12,0.52
34541,30985,13,0.31
34542,31481,11,0.38
34543,7179,19,0.0
34544,13659,6,0.84
34545,27952,5,0.06
34546,34898,11,0.05
34547,14502,5,0.54
34548,5141,8,0.41
34549,4247,2,0.78
34550,29645,9,0.02
34551,6881,6,0.67
34552,24612,18,0.7
34553,22197,5,0.13
34554,8003,5,0.93
34555,34417,2,0.62
34556,6104,14,0.33
34557,21127,3,0.66
34558,34592,19,0.28
34559,18667,11,0.76
34560,18686,13,0.43
34561,5273,6,0.48
34562,34281,11,0.1
34563,16004,12,0.84
34564,21378,15,0.28
34565,20680,16,0.87
34566,16670,9,0.62
34567,19715,13,0.51
34568,7539,10,0.29
34569,31752,18,0.8
34570,2332,10,0.86
34571,32270,14,1.0
34572,3097,13,0.55
34573,24958,9,0.22
34574,2371,13,0.26
34575,16522,9,0.18
34576,13946,16,0.81
34577,10177,19,0.06
34578,13922,7,0.86
34579,24040,16,0.88
34580,6466,15,0.31
34581,5588,17,0.59
34582,4159,8,0.39
34583,34964,17,0.0
34584,3583,6,0.15
34585,6802,6,0.37
34586,32726,12,0.21
34587,9514,17,0.78
34588,27102,7,0.85
34589,17967,3,0.12
34590,335,18,0.53
34591,18720,1,0.23
34592,32877,16,0.79
34593,9121,10,0.21
34594,9736,13,0.09
34595,14545,6,0.88
34596,27698,14,0.86
34597,8461,5,0.88
34598,15481,10,0.53
34599,9867,12,0.42
34600,20664,3,0.34
34601,10696,9,0.24
34602,18666,16,0.12
34603,25535,16,0.09
34604,10016,1,0.82
34605,12880,12,0.81
34606,20939,5,0.99
34607,34001,15,0.74
34608,13509,14,0.9
34609,7326,4,0.81
34610,17189,11,0.9
34611,7844,10,0.61
34612,28965,7,0.94
34613,33408,4,0.35
34614,29450,2,0.76
34615,24974,4,0.76
34616,15946,13,0.92
34617,3354,8,0.63
34618,27280,9,0.67
34619,18609,14,0.11
34620,24354,5,1.0
34621,8662,10,0.86
34622,24144,9,0.12
34623,19254,7,0.25
34624,22324,19,0.27
34625,18401,10,0.95
34626,18541,14,0.97
34627,24844,15,0.87
34628,20986,1,0.76
34629,19118,2,0.1
34630,9162,16,0.28
34631,34223,2,0.49
34632,23467,19,0.69
34633,1078,15,0.04
34634,31365,3,0.45
34635,33575,5,0.34
34636,32419,12,0.38
34637,14857,8,0.52
34638,520,4,0.49
34639,236,11,0.91
34640,32673,8,0.96
34641,25815,4,0.26
34642,18097,8,0.59
34643,4766,7,0.67
34644,14910,9,0.75
34645,8727,8,0.09
34646,21526,9,0.45
34647,32380,8,0.11
34648,27656,10,0.39
34649,14658,19,0.78
34650,5730,1,0.49
34651,133,16,0.91
34652,20222,9,0.82
34653,32277,1,0.34
34654,687,19,0.25
34655,23659,4,0.76
34656,20063,16,0.63
34657,31146,13,0.75
34658,4968,12,0.45
34659,20186,12,0.03
34660,3339,15,0.26
34661,24268,18,0.68
34662,22629,16,0.44
34663,2835,14,0.76
34664,7021,4,0.94
34665,15088,1,0.57
34666,16583,16,0.85
34667,11452,5,0.39
34668,3102,13,0.72
34669,17881,7,0.89
34670,33708,19,0.59
34671,26108,19,0.99
34672,14295,16,0.45
34673,10886,9,0.83
34674,16555,4,0.57
34675,22705,12,0.46
34676,269,4,0.48
34677,8699,7,0.46
34678,13034,11,0.68
34679,17525,10,0.36
34680,25303,12,0.57
34681,19052,19,0.63
34682,16738,19,0.35
34683,19304,15,0.2
34684,18579,13,0.14
34685,29803,12,0.15
34686,683,11,0.13
34687,17069,15,0.75
34688,11674,12,0.21
34689,28998,6,0.91
34690,22390,18,0.35
34691,28379,17,0.34
34692,8213,2,0.95
34693,21951,19,0.47
34694,34739,11,0.47
34695,11527,7,0.98
34696,12794,15,0.88
34697,16700,12,0.36
34698,3426,12,0.92
34699,29523,9,0.55
34700,33669,11,0.97
34701,20800,19,0.29
34702,23892,7,0.77
34703,7641,3,0.22
34704,8687,16,0.48
34705,11579,8,0.92
34706,5658,7,0.73
34707,24543,7,0.65
34708,4904,6,0.95
34709,1896,3,0.66
34710,2391,2,0.81
34711,13065,3,0.62
34712,10677,9,0.23
34713,20718,16,0.91
34714,4452,6,0.42
34715,24705,14,0.15
34716,4642,14,0.2
34717,8244,4,0.43
34718,4334,14,0.68
34719,19564,15,0.46
34720,23249,9,0.74
34721,18526,5,0.4
34722,7818,9,0.62
34723,4417,19,0.03
34724,28839,4,0.79
34725,3201,16,0.98
34726,828,13,0.04
34727,28756,6,0.92
34728,21857,7,0.25
34729,11012,11,0.07
34730,5076,1,0.75
34731,20603,19,0.54
34732,8936,16,0.94
34733,14716,16,0.27
34734,33945,8,0.85
34735,31601,8,0.61
34736,3709,10,0.52
34737,6320,16,0.96
34738,9232,13,0.52
34739,28519,10,0.74
34740,11303,19,0.56
34741,16803,17,0.44
34742,28080,1,0.07
34743,28579,2,0.18
34744,29517,10,0.83
34745,28814,1,0.76
34746,9716,1,0.61
34747,32216,13,0.36
34748,34300,18,0.71
34749,27617,5,0.99
34750,9547,18,0.97
34751,8803,6,0.0
34752,21086,9,0.17
34753,6468,5,0.04
34754,1263,7,0.76
34755,6191,19,0.07
34756,22571,7,0.0
34757,1710,18,0.65
34758,10455,15,0.54
34759,3592,12,0.11
34760,14781,15,0.51
34761,30911,5,0.32
34762,12705,2,0.91
34763,23054,16,0.56
34764,31814,2,0.79
34765,32371,11,0.69
34766,32158,14,0.51
34767,7054,11,0.11
34768,16275,19,0.54
34769,32970,2,0.33
34770,8787,4,0.85
34771,29184,13,0.67
34772,24800,7,0.66
34773,20731,9,0.43
34774,28564,14,0.56
34775,12701,15,0.74
34776,12070,2,0.36
34777,31528,10,0.36
34778,19408,2,0.27
34779,34604,5,0.89
34780,15925,9,0.49
34781,33059,2,0.95
34782,9196,9,0.22
34783,17561,14,0.99
34784,33038,15,0.36
34785,25752,9,0.98
34786,18521,7,0.14
34787,23297,15,0.3
34788,6933,6,0.3
34789,13768,1,0.3
34790,16713,6,0.05
34791,1268,9,0.91
34792,21117,11,0.7
34793,26291,8,0.79
34794,25998,19,0.97
34795,29586,4,0.89
34796,20165,12,0.37
34797,2250,12,0.06
34798,16466,7,0.5
34799,1719,4,0.32
34800,715,11,0.06
34801,30009,3,0.35
34802,4367,6,0.33
34803,14483,9,0.39
34804,20693,8,0.29
34805,14406,17,0.04
34806,25749,4,0.81
34807,3122,3,0.64
34808,6586,7,0.25
34809,30215,1,0.27
34810,24325,7,0.93
34811,23434,1,0.84
34812,32590,8,0.37
34813,25633,19,0.73
34814,21250,10,0.42
34815,21567,8,0.73
34816,24810,16,0.98
34817,7839,3,0.27
34818,15526,16,0.11
34819,1421,12,0.67
34820,27318,17,0.74
34821,33198,2,0.72
34822,12528,6,0.89
34823,22059,17,0.3
34824,13880,15,0.68
34825,19279,8,0.53
34826,801,2,0.9
34827,34663,16,0.78
34828,23311,12,0.37
34829,19301,2,0.48
34830,13435,4,0.97
34831,17285,16,0.34
34832,28917,4,0.31
34833,3378,6,0.73
34834,19908,13,0.58
34835,31462,11,0.24
34836,14845,14,0.23
34837,19703,12,0.16
34838,5752,6,0.98
34839,10921,4,0.02
34840,31047,19,0.86
34841,6624,7,0.35
34842,30061,17,0.33
34843,19862,7,0.07
34844,25733,4,0.94
34845,28411,9,0.13
34846,9164,4,0.99
34847,18263,9,0.0
34848,25495,12,0.72
34849,27870,10,0.18
34850,24644,12,0.95
34851,8873,12,0.93
34852,7394,11,0.34
34853,4902,9,0.96
34854,7338,13,0.66
34855,19994,18,0.02
34856,26331,6,0.88
34857,11003,1,0.94
34858,3086,7,0.26
34859,32667,8,0.35
34860,21982,13,0.18
34861,11265,14,0.23
34862,10263,10,0.81
34863,20743,13,0.53
34864,10063,4,0.09
34865,5258,4,0.18
34866,1609,13,0.8
34867,15916,2,0.38
34868,13239,10,0.77
34869,3514,8,0.45
34870,30907,15,0.21
34871,28225,13,0.42
34872,963,13,0.02
34873,25134,18,0.69
34874,7946,1,0.14
34875,22387,2,0.61
34876,21301,15,0.05
34877,31020,11,0.6
34878,26326,8,0.53
34879,6025,18,0.83
34880,7639,14,0.52
34881,7492,9,0.28
34882,6367,16,0.26
34883,5991,11,0.9
34884,33776,13,0.98
34885,6300,1,0.3
34886,13357,3,0.4
34887,3118,14,0.97
34888,20274,9,0.1
34889,9824,5,0.44
34890,29385,18,0.59
34891,24671,6,0.5
34892,26873,11,0.94
34893,11322,3,0.17
34894,33383,10,0.55
34895,4883,2,0.94
34896,25098,8,0.47
34897,1455,8,0.37
34898,13229,3,0.08
34899,14148,1,0.62
34900,22462,9,0.42
34901,23973,11,0.36
34902,24408,14,0.29
34903,14402,2,0.97
34904,16165,1,0.32
34905,31216,16,0.56
34906,22236,16,0.64
34907,30742,2,0.7
34908,8502,18,0.06
34909,21688,18,0.63
34910,387,10,0.99
34911,14292,18,0.25
34912,16109,13,0.13
34913,2628,16,0.44
34914,28391,8,0.17
34915,30447,2,0.98
34916,5530,18,0.5
34917,28724,17,0.45
34918,25500,4,0.57
34919,24708,12,0.52
34920,30310,10,0.57
34921,12649,14,0.84
34922,28728,18,0.69
34923,6942,16,0.7
34924,19159,18,0.77
34925,20705,14,0.56
34926,5702,1,0.02
34927,34242,9,0.6
34928,4482,3,0.14
34929,31647,17,0.88
34930,31905,18,0.03
34931,1726,17,0.35
34932,33535,14,0.45
34933,12620,2,0.56
34934,13001,6,0.44
34935,14370,15,0.36
34936,20157,4,0.38
34937,13779,3,0.17
34938,29607,1,0.71
34939,24926,7,0.93
34940,2503,7,0.06
34941,31215,19,0.93
34942,11212,8,0.04
34943,10409,14,0.75
34944,34369,2,0.81
34945,32077,16,1.0
34946,4827,4,0.21
34947,13133,9,0.77
34948,8349,18,0.68
34949,26243,13,0.21
34950,21697,11,0.68
34951,33805,3,0.03
34952,31654,4,0.73
34953,15184,7,0.35
34954,13484,19,0.5
34955,14715,17,0.53
34956,2373,19,0.88
34957,21872,16,0.15
34958,16912,16,0.87
34959,26704,2,0.76
34960,29689,13,0.57
34961,23082,5,0.41
34962,5567,2,0.19
34963,34667,15,0.78
34964,28244,9,0.47
34965,25268,10,0.59
34966,8530,9,0.35
34967,28976,17,0.22
34968,450,4,0.24
34969,5443,14,0.44
34970,21722,7,0.18
34971,22835,4,0.39
34972,21026,13,0.87
34973,22041,14,0.74
34974,14552,19,0.92
34975,15914,13,0.27
34976,13092,17,0.09
34977,10815,10,0.05
34978,13932,12,0.8
34979,10212,11,0.87
34980,27488,18,0.99
34981,10394,16,0.02
34982,7719,16,0.56
34983,8332,8,0.82
34984,29164,6,0.83
34985,34760,4,0.83
34986,18725,17,0.34
34987,17885,10,0.64
34988,25524,15,0.29
34989,12893,10,0.98
34990,10941,4,0.38
34991,9209,1,0.57
34992,9668,3,0.21
34993,23362,5,0.56
34994,33733,1,0.58
34995,26115,5,0.99
34996,30930,5,0.94
34997,20680,1,0.63
34998,3615,15,0.47
34999,9964,18,0.31
35000,11038,9,0.22
