investment_event_id,region_id,predicted_budget,roi_prediction
1,10708,15400.0,0.55
2,28013,299720.13,0.58
3,24545,129641.75,0.67
4,6171,248927.46,0.39
5,8283,73194.43,0.17
6,30705,87221.17,0.77
7,31634,184736.62,0.24
8,31791,297635.17,0.55
9,26574,447732.44,0.5
10,25458,15745.97,0.83
11,27408,249888.27,0.71
12,8192,478744.91,0.34
13,9690,391855.12,0.17
14,17590,80396.16,0.6
15,34070,388234.39,0.87
16,16341,328474.07,0.39
17,17831,119949.28,0.61
18,24754,190907.12,0.27
19,21686,411623.13,0.85
20,23521,231822.13,0.31
21,22539,383950.41,0.38
22,20595,180588.08,0.29
23,26867,398499.66,0.19
24,18316,467956.09,0.56
25,23021,28321.04,0.56
26,214,426898.59,0.72
27,30547,473562.64,0.15
28,34152,171180.16,0.77
29,4779,476988.27,0.39
30,456,226040.68,0.35
31,5986,200450.61,0.37
32,29426,232530.01,0.33
33,29894,276312.44,0.65
34,16481,291822.14,0.41
35,7821,245228.9,0.64
36,18423,135853.88,0.85
37,7139,337509.67,0.57
38,24303,74964.44,0.28
39,6390,401594.38,0.17
40,13030,131011.59,0.36
41,11770,378871.21,0.87
42,20738,363063.93,0.34
43,13653,141513.35,0.53
44,7459,478093.93,0.13
45,19090,389032.37,0.16
46,12574,309447.39,0.46
47,32927,272970.8,0.67
48,14040,15409.06,0.33
49,26110,131523.14,0.62
50,14003,436674.85,0.7
51,31280,308332.64,0.37
52,25746,199408.36,0.11
53,4709,376163.66,0.54
54,20543,99628.97,0.71
55,17138,321677.51,0.36
56,2798,60929.65,0.82
57,25419,134804.25,0.81
58,16342,219360.56,0.14
59,12398,206438.5,0.35
60,26136,407445.6,0.62
61,6996,473401.5,0.66
62,117,422813.69,0.58
63,21051,272648.95,0.66
64,10765,405052.8,0.37
65,22383,454884.0,0.62
66,2989,494952.79,0.67
67,4284,57680.47,0.13
68,12553,488417.48,0.21
69,24374,371221.11,0.27
70,29401,406703.46,0.36
71,27767,208531.52,0.71
72,5958,346264.04,0.4
73,32972,64256.47,0.18
74,19113,248500.47,0.18
75,19208,11642.54,0.84
76,15088,345232.88,0.83
77,23071,223838.16,0.24
78,2218,169380.84,0.44
79,30550,487800.13,0.88
80,8551,101701.74,0.18
81,21178,449983.23,0.65
82,9375,291169.62,0.49
83,1801,253336.78,0.64
84,10372,423750.42,0.38
85,399,292083.39,0.55
86,31457,185758.5,0.71
87,3893,94058.57,0.34
88,25993,415603.52,0.16
89,29955,312346.64,0.39
90,23365,135944.63,0.89
91,9264,431157.42,0.63
92,3020,293848.45,0.33
93,25873,125569.52,0.5
94,32046,451984.6,0.86
95,9223,240488.01,0.47
96,32416,431404.13,0.72
97,11513,358756.53,0.88
98,17392,430140.08,0.24
99,6364,155645.37,0.39
100,32213,299002.6,0.52
101,29265,267503.07,0.87
102,14029,373407.35,0.67
103,32617,395884.65,0.54
104,11812,97327.1,0.74
105,31060,152398.39,0.7
106,33,269179.07,0.28
107,33830,203389.14,0.84
108,24019,246832.33,0.58
109,8638,123756.35,0.7
110,311,15512.67,0.63
111,20931,249005.51,0.34
112,19100,163359.18,0.82
113,13953,448110.05,0.71
114,11663,317979.57,0.75
115,33029,15470.28,0.14
116,641,154269.46,0.58
117,11743,176743.72,0.18
118,18717,210565.66,0.23
119,22206,449370.15,0.72
120,2872,54452.99,0.17
121,23732,219263.02,0.43
122,15597,55605.47,0.36
123,12796,474671.72,0.73
124,31061,122001.7,0.46
125,11331,73778.29,0.58
126,33204,35870.01,0.21
127,29675,418446.04,0.82
128,32425,397707.72,0.13
129,22365,468000.86,0.24
130,13112,292762.66,0.45
131,6472,229133.87,0.32
132,18050,498868.53,0.62
133,9423,69451.82,0.42
134,26198,230899.47,0.82
135,12482,247585.97,0.34
136,20425,354558.84,0.36
137,4952,55591.4,0.8
138,323,220956.31,0.87
139,5462,321536.62,0.31
140,27491,455015.63,0.23
141,28014,352560.6,0.83
142,30859,115800.46,0.41
143,1006,371957.71,0.2
144,19475,225702.06,0.7
145,16973,130315.67,0.85
146,9487,86335.36,0.53
147,10517,169565.51,0.64
148,9251,447676.66,0.16
149,13572,138723.87,0.32
150,33717,75967.97,0.6
151,34054,267774.24,0.77
152,4040,111678.61,0.74
153,29745,135799.49,0.15
154,25443,57997.32,0.89
155,10876,308992.48,0.59
156,26254,489399.84,0.63
157,20445,164201.13,0.39
158,25687,260756.34,0.63
159,8911,453063.0,0.17
160,9567,82431.56,0.49
161,7539,172201.27,0.39
162,13158,328765.55,0.29
163,26476,17689.38,0.24
164,12864,19919.13,0.79
165,20069,17313.54,0.15
166,20736,111249.82,0.83
167,2359,29386.75,0.28
168,7156,256252.96,0.3
169,27672,126168.61,0.84
170,31186,158099.09,0.45
171,18181,386822.59,0.59
172,8208,213201.91,0.13
173,17681,451383.21,0.17
174,28034,324671.94,0.32
175,19689,190531.0,0.61
176,20502,264248.59,0.19
177,23920,327482.28,0.19
178,9827,249608.12,0.43
179,6701,200435.73,0.39
180,2459,363945.56,0.77
181,14495,101634.28,0.74
182,22185,51135.78,0.53
183,33324,170950.77,0.3
184,25524,260240.33,0.36
185,28049,83643.79,0.54
186,27905,169307.14,0.43
187,4961,296418.78,0.11
188,11565,270209.61,0.65
189,17308,106209.22,0.76
190,26885,250102.38,0.74
191,33085,60731.84,0.68
192,18039,99003.45,0.32
193,8880,132367.07,0.73
194,13736,434475.43,0.5
195,26836,120006.94,0.42
196,8884,76723.2,0.51
197,21069,335334.44,0.48
198,26233,480515.56,0.59
199,13877,459341.32,0.7
200,11606,269664.43,0.6
201,3027,182227.89,0.1
202,8660,307199.18,0.46
203,17146,181841.73,0.7
204,32146,103388.61,0.31
205,7175,78254.82,0.44
206,20491,395787.26,0.31
207,26011,298577.52,0.82
208,27347,393969.73,0.45
209,28353,139920.07,0.36
210,11476,281499.69,0.77
211,11834,64193.69,0.5
212,27145,74558.06,0.27
213,22895,90271.19,0.69
214,17012,156837.95,0.75
215,23670,161237.65,0.56
216,2180,42915.49,0.4
217,1742,119209.7,0.12
218,18324,493426.78,0.32
219,29509,275882.55,0.43
220,12527,389836.57,0.37
221,27858,240811.03,0.36
222,15788,238082.9,0.57
223,8506,371801.67,0.17
224,13111,88506.82,0.42
225,21389,61097.73,0.41
226,7447,473085.44,0.63
227,28158,269688.77,0.22
228,8750,373730.95,0.61
229,3072,130224.82,0.36
230,4731,59149.11,0.3
231,17109,205709.59,0.79
232,7791,462327.75,0.42
233,6428,25479.26,0.7
234,23933,222623.14,0.61
235,8107,174995.1,0.88
236,10517,100157.0,0.2
237,12946,163985.43,0.51
238,6460,57295.04,0.52
239,1822,167613.92,0.5
240,23010,184932.41,0.75
241,19655,81809.77,0.53
242,8649,250514.28,0.68
243,4474,125828.6,0.42
244,20239,400804.39,0.62
245,24896,21137.59,0.29
246,8368,83491.54,0.79
247,3520,448606.15,0.7
248,10222,364880.56,0.6
249,3314,57932.36,0.5
250,11556,116191.08,0.15
251,6949,13204.09,0.83
252,20842,296199.14,0.1
253,32002,370353.42,0.23
254,23635,120552.75,0.25
255,26440,356767.41,0.86
256,23430,223438.83,0.21
257,32530,176893.27,0.87
258,16724,394184.4,0.37
259,16312,330787.16,0.36
260,19433,112039.47,0.32
261,14614,109958.13,0.54
262,29681,171344.85,0.3
263,16942,240628.21,0.25
264,22256,399588.26,0.49
265,12999,17510.14,0.84
266,21507,179261.48,0.1
267,8872,218984.93,0.36
268,4205,89492.96,0.72
269,7827,457267.13,0.62
270,27046,335013.52,0.67
271,34678,476351.33,0.61
272,27395,136817.24,0.11
273,16550,196837.66,0.31
274,14540,249886.01,0.65
275,34238,323421.4,0.71
276,8557,199881.11,0.69
277,5700,462829.58,0.61
278,12180,499263.36,0.25
279,33484,138796.53,0.66
280,3276,21246.64,0.7
281,60,401842.26,0.61
282,3429,296004.41,0.77
283,5041,493884.93,0.86
284,33898,92852.29,0.69
285,25553,409272.68,0.83
286,5728,170938.74,0.74
287,15815,11678.29,0.45
288,10304,360627.08,0.18
289,10575,61377.1,0.52
290,20202,325798.8,0.11
291,22384,482475.3,0.43
292,20314,460266.42,0.38
293,26690,383096.35,0.63
294,13749,179392.05,0.81
295,3111,423926.48,0.6
296,5329,218324.15,0.28
297,22959,61187.71,0.9
298,19977,301245.46,0.85
299,7661,364099.87,0.77
300,21513,248970.7,0.32
301,27358,110294.53,0.76
302,26789,217263.07,0.2
303,9517,250383.62,0.56
304,6000,208101.67,0.56
305,29778,198886.5,0.75
306,11244,361328.71,0.34
307,9612,195799.25,0.76
308,21810,147420.18,0.84
309,5639,299673.75,0.37
310,26769,161424.16,0.57
311,16082,120829.38,0.19
312,33832,92518.36,0.48
313,2210,418152.15,0.77
314,28501,245027.3,0.53
315,3500,415939.05,0.25
316,32460,41813.64,0.69
317,3149,205064.66,0.55
318,16857,210367.51,0.26
319,4930,54521.12,0.38
320,10188,226747.96,0.79
321,19681,308926.02,0.45
322,14448,262574.07,0.76
323,6271,48976.07,0.44
324,25717,148026.46,0.6
325,18179,44278.21,0.23
326,31234,244665.38,0.25
327,25499,215514.49,0.26
328,9034,167397.75,0.78
329,9254,20451.79,0.78
330,9042,469215.12,0.73
331,1423,62368.07,0.78
332,11978,477068.04,0.38
333,25443,46487.41,0.68
334,23208,206778.65,0.41
335,30102,445170.9,0.86
336,34141,12965.68,0.74
337,4800,261812.16,0.63
338,25012,162712.99,0.24
339,33760,197229.39,0.29
340,14177,17753.71,0.14
341,1604,124309.95,0.85
342,15362,157003.88,0.36
343,3479,271119.05,0.43
344,25712,189748.93,0.2
345,7768,126975.14,0.52
346,9900,363153.92,0.53
347,4433,396796.96,0.6
348,10125,112635.97,0.75
349,7487,170417.24,0.67
350,5533,471205.04,0.47
351,5386,226686.09,0.89
352,14212,240647.18,0.65
353,27170,166054.34,0.53
354,10636,120847.69,0.72
355,4381,200202.56,0.59
356,22525,155817.78,0.71
357,32890,373223.97,0.87
358,17134,409824.1,0.77
359,15959,254660.98,0.45
360,18608,332449.77,0.71
361,5256,117702.19,0.74
362,3708,91898.01,0.21
363,20591,208825.57,0.88
364,10575,291149.35,0.88
365,1082,416018.0,0.38
366,16080,50194.05,0.17
367,10593,399528.58,0.32
368,24909,276033.32,0.25
369,10944,268832.16,0.36
370,18947,107666.49,0.2
371,12017,35458.58,0.49
372,26561,318769.04,0.42
373,23071,313245.25,0.53
374,7592,493835.57,0.32
375,26448,185382.6,0.12
376,7565,155879.28,0.33
377,3489,93442.7,0.83
378,25404,457850.85,0.33
379,15859,124063.67,0.4
380,32517,230874.6,0.39
381,1790,102433.76,0.41
382,10590,280551.74,0.65
383,7128,488405.74,0.27
384,29741,40310.94,0.69
385,24745,399202.41,0.85
386,30491,245783.36,0.59
387,4469,226302.12,0.6
388,34318,136683.29,0.78
389,4416,212466.97,0.58
390,28971,441696.38,0.69
391,34095,365622.97,0.74
392,13731,180022.73,0.48
393,12387,50900.09,0.75
394,3921,292159.74,0.7
395,22178,270827.39,0.4
396,9354,122963.79,0.71
397,8727,21012.64,0.23
398,1312,81389.83,0.66
399,7777,85185.61,0.12
400,5067,459570.08,0.8
401,24309,217684.79,0.47
402,17446,155787.21,0.69
403,10989,37094.4,0.8
404,866,258541.31,0.51
405,34141,58981.2,0.57
406,13576,409272.9,0.65
407,674,387414.13,0.19
408,23110,77871.04,0.6
409,17184,266953.98,0.5
410,9395,109032.65,0.67
411,32532,369766.53,0.78
412,1007,145775.14,0.9
413,33664,275865.17,0.23
414,25750,138116.85,0.52
415,22871,221579.55,0.36
416,25104,333939.57,0.32
417,3184,298461.73,0.74
418,15854,382932.12,0.36
419,11772,342333.49,0.38
420,17571,341297.05,0.45
421,7153,404252.27,0.46
422,27876,162019.35,0.69
423,23424,29630.33,0.56
424,27722,340105.42,0.29
425,34739,80447.21,0.66
426,3273,207279.48,0.51
427,12948,415150.49,0.18
428,21233,152087.15,0.11
429,1164,110333.27,0.82
430,7871,373300.25,0.11
431,3726,483764.9,0.64
432,2037,271923.91,0.8
433,28992,202230.85,0.72
434,17640,474541.72,0.8
435,15349,420444.68,0.19
436,6142,24652.56,0.65
437,8007,112879.01,0.25
438,22914,149500.54,0.2
439,2405,181873.12,0.84
440,31404,297573.3,0.61
441,1534,462078.45,0.44
442,32448,25600.13,0.42
443,32978,78845.35,0.31
444,23305,357413.75,0.24
445,6753,346170.83,0.46
446,27278,474331.01,0.87
447,18573,424635.77,0.52
448,12008,154434.04,0.76
449,9354,148483.94,0.3
450,34992,274484.57,0.69
451,17400,168870.69,0.12
452,11476,493168.77,0.74
453,20868,44430.63,0.47
454,29917,180286.36,0.12
455,29068,150930.39,0.43
456,33161,350920.35,0.25
457,23237,376106.19,0.19
458,26439,204056.62,0.55
459,28187,446831.21,0.1
460,27252,338763.88,0.52
461,5569,268457.31,0.65
462,11297,33115.63,0.27
463,13798,268045.95,0.21
464,14839,181842.13,0.43
465,26380,283990.68,0.6
466,32112,401174.76,0.23
467,22042,32859.39,0.82
468,13028,88553.93,0.12
469,14705,114661.92,0.9
470,18681,471780.23,0.57
471,26118,456846.06,0.77
472,15856,244007.46,0.72
473,12609,465901.18,0.63
474,29315,55376.0,0.82
475,21735,199715.44,0.18
476,32771,306789.56,0.43
477,11647,382970.58,0.87
478,9438,279989.71,0.46
479,28828,221750.39,0.33
480,33506,133097.34,0.24
481,26730,20355.73,0.18
482,8344,407155.91,0.48
483,25513,405355.89,0.54
484,15179,151075.77,0.66
485,31355,212226.96,0.28
486,31903,176974.22,0.34
487,19261,81263.14,0.82
488,26456,413722.53,0.27
489,19179,312203.3,0.85
490,27181,305808.07,0.49
491,10840,474084.95,0.35
492,32057,498683.51,0.37
493,2090,225032.73,0.38
494,14649,382126.58,0.55
495,10623,270442.77,0.57
496,24044,410766.26,0.37
497,13073,301386.89,0.58
498,32101,163666.6,0.12
499,13961,339921.49,0.14
500,19132,393430.88,0.7
501,32747,499115.05,0.4
502,29107,484166.5,0.79
503,23497,143670.3,0.42
504,30931,10003.4,0.11
505,33433,244633.9,0.28
506,3334,165549.93,0.4
507,19390,194749.64,0.87
508,3871,213368.39,0.11
509,4500,152052.37,0.29
510,31941,491608.13,0.85
511,28338,386815.05,0.11
512,29950,256614.82,0.85
513,31426,121102.83,0.88
514,32012,192170.64,0.24
515,7602,489726.15,0.56
516,31162,413701.38,0.35
517,3405,106437.81,0.74
518,22559,216139.97,0.77
519,22365,17909.6,0.65
520,28585,452996.49,0.34
521,11612,415995.0,0.47
522,27198,350740.17,0.53
523,8908,68257.05,0.3
524,9938,208817.13,0.7
525,30204,359728.34,0.13
526,1176,41959.51,0.82
527,27418,366057.52,0.67
528,6554,151045.17,0.14
529,22022,83798.66,0.89
530,31037,193761.18,0.14
531,18499,400113.19,0.14
532,30069,309277.0,0.9
533,16458,411155.96,0.74
534,20680,473520.68,0.49
535,33876,404750.61,0.67
536,4608,471658.9,0.87
537,23034,439274.72,0.69
538,31759,385317.16,0.16
539,29395,470744.4,0.66
540,127,397454.4,0.15
541,4354,287547.17,0.87
542,9335,484323.02,0.25
543,13937,434072.38,0.42
544,33830,361827.31,0.87
545,30654,168352.62,0.13
546,22297,102080.94,0.66
547,14377,23205.24,0.69
548,34857,286917.25,0.28
549,11053,370123.07,0.72
550,5394,67078.98,0.41
551,13776,166641.74,0.76
552,4649,309585.32,0.73
553,19393,399553.77,0.18
554,19026,288287.83,0.48
555,28458,255984.89,0.34
556,22879,227986.29,0.2
557,22390,130140.28,0.2
558,33813,11541.45,0.68
559,11304,221491.4,0.82
560,9166,238251.99,0.63
561,28802,199760.59,0.77
562,15734,294390.13,0.14
563,21870,234202.77,0.12
564,22595,357410.53,0.49
565,12140,321345.73,0.69
566,27902,348745.19,0.61
567,32142,269218.5,0.3
568,14852,47816.78,0.36
569,1284,327071.99,0.8
570,11604,297341.57,0.75
571,18753,321770.48,0.69
572,9444,476018.42,0.74
573,18916,410769.91,0.84
574,17412,38855.66,0.21
575,20624,77736.65,0.39
576,2347,20082.06,0.79
577,3694,66127.82,0.15
578,19248,355393.15,0.63
579,13706,378915.6,0.53
580,5543,423524.58,0.84
581,29298,135915.55,0.2
582,10078,75100.47,0.87
583,23873,261921.84,0.57
584,31252,335095.8,0.41
585,1931,158538.42,0.76
586,20135,283155.41,0.8
587,25722,285640.81,0.33
588,16672,95128.36,0.25
589,2519,201874.98,0.54
590,30999,150744.54,0.41
591,2941,266717.02,0.81
592,20866,486791.94,0.61
593,9484,200336.07,0.68
594,22552,460484.04,0.56
595,18837,109645.98,0.39
596,1354,364388.13,0.45
597,32660,415260.83,0.37
598,18592,82153.33,0.49
599,20421,269965.78,0.73
600,21661,73197.17,0.73
601,25717,324586.52,0.9
602,11801,129995.17,0.57
603,28443,484888.78,0.84
604,26837,128306.03,0.85
605,26564,97003.28,0.13
606,6815,97010.63,0.5
607,14564,297572.87,0.3
608,26371,57752.07,0.37
609,28995,217246.17,0.63
610,1811,318689.42,0.71
611,28549,257206.54,0.19
612,28643,415920.07,0.31
613,30867,147192.31,0.73
614,11146,297574.58,0.61
615,34711,462804.44,0.69
616,27585,173870.0,0.64
617,2203,383033.71,0.73
618,28037,378930.85,0.21
619,9707,288697.75,0.74
620,117,46626.46,0.13
621,32116,176697.6,0.12
622,16776,210034.89,0.8
623,31753,204892.44,0.45
624,3586,283942.84,0.13
625,5210,393675.11,0.59
626,31871,151271.9,0.75
627,16649,327991.54,0.22
628,11433,321564.48,0.32
629,14868,334806.78,0.18
630,8904,457761.3,0.37
631,3415,57445.97,0.37
632,21115,375903.68,0.84
633,34721,336621.87,0.76
634,32866,191226.73,0.5
635,29054,168408.0,0.47
636,18765,91359.67,0.78
637,14276,446031.84,0.32
638,507,465050.47,0.44
639,29101,443998.74,0.32
640,9462,307830.28,0.1
641,22225,48135.92,0.18
642,33111,12798.1,0.15
643,31785,310310.74,0.89
644,26939,21407.83,0.64
645,33515,450909.03,0.59
646,24270,258734.44,0.85
647,34545,72592.82,0.33
648,17105,147441.64,0.77
649,20721,73163.6,0.11
650,5769,257746.46,0.4
651,3072,405880.3,0.13
652,10674,469554.41,0.79
653,24206,394888.13,0.6
654,2346,30851.76,0.71
655,32094,174562.65,0.3
656,25442,408027.55,0.76
657,22070,27946.61,0.16
658,4467,393562.81,0.69
659,1597,103084.72,0.22
660,31464,396182.23,0.17
661,9832,325365.77,0.51
662,22174,136091.88,0.16
663,3752,448467.62,0.7
664,32400,267805.04,0.27
665,28171,108404.61,0.45
666,22544,74589.69,0.53
667,29392,141230.36,0.71
668,25386,338671.33,0.7
669,7432,481512.05,0.36
670,23099,268525.91,0.41
671,3475,369294.92,0.41
672,25263,206684.62,0.67
673,25076,454586.27,0.28
674,24768,226940.67,0.53
675,24303,176999.92,0.81
676,10181,305561.7,0.89
677,3858,470812.12,0.77
678,26780,131795.57,0.35
679,13644,21004.69,0.46
680,20168,182382.56,0.6
681,692,186656.46,0.35
682,27980,443810.9,0.55
683,19361,339058.06,0.76
684,32732,425319.61,0.51
685,6578,187521.96,0.85
686,20411,19730.21,0.61
687,26037,47551.17,0.49
688,31684,227231.21,0.85
689,22759,318081.12,0.78
690,5190,203229.82,0.61
691,21631,232531.61,0.24
692,1483,122444.44,0.61
693,25949,199793.04,0.39
694,33752,32792.39,0.22
695,873,124346.75,0.64
696,25295,160931.34,0.46
697,9509,280427.67,0.26
698,7361,300269.49,0.3
699,16428,122154.29,0.61
700,16929,169624.42,0.7
701,26574,205630.9,0.72
702,18784,351031.34,0.82
703,7725,56809.66,0.67
704,2520,426510.43,0.27
705,29909,321641.78,0.51
706,7549,467660.89,0.52
707,10572,364287.98,0.85
708,29547,229408.34,0.66
709,28790,374351.9,0.35
710,22020,128099.07,0.43
711,33700,252986.49,0.15
712,22990,409238.32,0.23
713,2968,142288.37,0.28
714,14554,98383.97,0.78
715,18876,463863.48,0.77
716,4597,300002.99,0.18
717,29310,450733.29,0.4
718,18669,332437.22,0.21
719,26593,269793.1,0.34
720,25039,370554.53,0.89
721,12603,196181.37,0.86
722,5932,235889.26,0.73
723,931,67854.99,0.16
724,19416,430032.08,0.33
725,829,482745.26,0.72
726,14470,129039.18,0.84
727,30069,312987.16,0.67
728,23396,242386.9,0.29
729,20739,383719.48,0.57
730,33211,422962.96,0.21
731,15776,62935.94,0.44
732,33753,245516.64,0.58
733,9207,103159.92,0.15
734,14498,446813.95,0.83
735,22612,189427.49,0.47
736,845,59537.58,0.87
737,12543,134309.25,0.66
738,30957,384862.37,0.84
739,6343,226897.68,0.32
740,13001,343374.77,0.38
741,13448,347861.2,0.21
742,34283,380955.51,0.49
743,20272,405888.47,0.53
744,2907,159603.73,0.28
745,13679,129820.8,0.32
746,13296,346669.74,0.34
747,26555,130789.14,0.44
748,17518,80419.96,0.72
749,3247,364704.99,0.34
750,24977,151513.46,0.51
751,17616,321969.12,0.27
752,19910,478001.63,0.5
753,11006,65295.07,0.64
754,1922,24928.48,0.16
755,29563,208048.94,0.84
756,34221,69969.76,0.47
757,10272,192157.92,0.54
758,337,283574.13,0.19
759,10876,320951.23,0.52
760,19267,446804.78,0.22
761,21958,407030.38,0.59
762,29511,347508.07,0.86
763,16084,386649.06,0.45
764,10217,253873.64,0.24
765,14741,214017.67,0.16
766,27308,262236.0,0.73
767,26062,355314.71,0.71
768,9885,231476.51,0.21
769,12254,14030.06,0.81
770,5109,286326.93,0.13
771,14721,485168.86,0.79
772,22686,152610.18,0.63
773,26453,57337.95,0.7
774,21122,179545.96,0.32
775,29027,92855.57,0.66
776,17700,307678.76,0.24
777,31501,30751.64,0.28
778,32534,366256.31,0.47
779,33894,403312.22,0.61
780,6272,84137.0,0.56
781,6662,192254.04,0.15
782,33567,157626.66,0.84
783,26700,42931.05,0.68
784,34370,301929.38,0.84
785,29970,118692.62,0.89
786,23821,314935.6,0.88
787,18200,372900.28,0.27
788,20423,96290.91,0.3
789,29455,136205.21,0.75
790,30609,367657.86,0.42
791,28505,173923.98,0.9
792,22979,409034.03,0.75
793,17894,245193.78,0.3
794,8963,423305.45,0.88
795,4633,41031.02,0.24
796,4344,335206.38,0.2
797,33378,354612.37,0.3
798,2773,138301.15,0.47
799,2864,359305.04,0.37
800,11510,475823.41,0.63
801,3493,274638.03,0.8
802,26902,193905.39,0.57
803,14847,499791.33,0.74
804,2444,264936.44,0.36
805,30237,352852.18,0.45
806,6540,332087.46,0.61
807,31857,366517.19,0.57
808,6415,48034.22,0.26
809,21974,30552.41,0.27
810,13351,247221.19,0.3
811,16896,316556.57,0.62
812,2866,48977.93,0.29
813,26229,40861.48,0.68
814,4953,295943.86,0.28
815,24741,203318.63,0.46
816,2600,356748.94,0.44
817,12370,461541.76,0.16
818,32690,358679.43,0.47
819,34091,128042.44,0.83
820,32780,238284.12,0.12
821,15258,371814.05,0.58
822,19194,218010.99,0.3
823,24922,446141.28,0.22
824,22398,359977.13,0.12
825,6253,419547.17,0.4
826,21862,229830.19,0.47
827,5767,389160.2,0.69
828,30864,266598.98,0.78
829,2078,17253.39,0.23
830,19015,321802.84,0.13
831,8524,178153.25,0.73
832,21233,120246.88,0.77
833,30638,236143.42,0.7
834,25511,317909.39,0.62
835,10324,228327.82,0.53
836,30133,31257.49,0.58
837,11881,400204.12,0.27
838,11101,412244.13,0.73
839,7402,12077.76,0.77
840,14722,237443.08,0.38
841,17103,122598.39,0.22
842,16488,30465.76,0.32
843,5506,446388.31,0.11
844,6158,392725.17,0.3
845,15941,13935.79,0.8
846,32520,320620.68,0.66
847,22841,117964.28,0.86
848,33433,48919.54,0.57
849,19882,154499.38,0.74
850,5871,13820.24,0.66
851,32841,68232.14,0.41
852,13528,247630.08,0.41
853,1455,447560.74,0.22
854,21956,442004.54,0.87
855,20889,18762.81,0.66
856,2821,173755.31,0.48
857,27450,327370.15,0.31
858,8497,473919.06,0.57
859,22690,122645.89,0.6
860,17029,406988.38,0.67
861,12575,286301.83,0.21
862,18766,277220.6,0.62
863,32018,80014.43,0.84
864,27984,284937.0,0.52
865,29674,421987.55,0.49
866,34819,382531.28,0.88
867,11113,280548.53,0.89
868,31844,175666.96,0.51
869,27797,30970.38,0.36
870,3055,251127.18,0.67
871,8269,84426.43,0.13
872,28639,287515.14,0.59
873,22413,360083.52,0.6
874,10276,321641.43,0.38
875,18186,15760.35,0.81
876,5826,427907.13,0.15
877,30420,410222.58,0.64
878,24021,54720.6,0.67
879,34278,334669.36,0.44
880,18381,29368.28,0.75
881,4342,302630.78,0.25
882,20755,17963.54,0.65
883,21590,274453.72,0.74
884,30463,151383.32,0.64
885,31369,152455.01,0.17
886,9895,183293.2,0.19
887,27544,42498.48,0.39
888,12830,381191.04,0.11
889,14464,45484.01,0.42
890,11484,221210.96,0.64
891,27816,20843.21,0.17
892,32151,405814.94,0.27
893,14531,310194.78,0.49
894,1205,74088.42,0.7
895,16799,281305.84,0.36
896,28629,301817.5,0.32
897,26007,174167.79,0.15
898,26889,179477.73,0.29
899,26262,51826.66,0.87
900,28008,197608.33,0.32
901,23492,491080.98,0.7
902,16849,118443.45,0.83
903,9907,209083.28,0.89
904,3221,40608.17,0.88
905,7039,173615.67,0.83
906,20929,140233.26,0.78
907,27235,327129.05,0.26
908,18890,240172.24,0.39
909,8267,79641.39,0.37
910,11684,364399.18,0.46
911,6227,358736.47,0.48
912,34160,307322.78,0.32
913,18612,421555.97,0.77
914,13050,175349.61,0.86
915,26293,204280.16,0.29
916,15843,326180.57,0.39
917,25718,23537.59,0.86
918,13637,409898.98,0.12
919,5490,452147.46,0.81
920,26920,348649.43,0.89
921,22666,149356.43,0.33
922,23724,59118.67,0.17
923,2204,219911.29,0.3
924,9972,302548.87,0.25
925,11943,46979.47,0.4
926,27996,244997.77,0.27
927,12615,377276.94,0.13
928,5821,174448.01,0.53
929,19361,174069.53,0.57
930,26649,409999.88,0.57
931,18108,464007.05,0.74
932,21096,367468.85,0.5
933,32292,12738.13,0.51
934,32862,141589.95,0.23
935,34979,57241.09,0.19
936,32748,491529.87,0.35
937,29348,106613.18,0.42
938,3811,222208.23,0.6
939,9083,25892.95,0.54
940,19776,131755.79,0.29
941,33603,23478.28,0.33
942,3885,26735.14,0.17
943,14736,339757.31,0.68
944,31652,127367.19,0.22
945,23762,440756.87,0.24
946,3771,279037.47,0.17
947,10484,60947.61,0.58
948,34317,260128.21,0.55
949,4841,160809.27,0.49
950,26085,254764.78,0.59
951,26946,310149.51,0.85
952,3729,162896.73,0.71
953,22623,402907.71,0.87
954,9474,243328.28,0.23
955,15167,178831.57,0.84
956,9744,414336.38,0.65
957,5233,35933.39,0.29
958,20079,105037.25,0.18
959,33668,277989.15,0.61
960,20408,261100.82,0.53
961,5198,32029.26,0.88
962,29877,126052.41,0.87
963,26229,318097.35,0.78
964,19111,422481.78,0.8
965,29053,367241.44,0.75
966,32739,236564.82,0.3
967,19716,298484.68,0.85
968,25046,485516.97,0.83
969,5484,320548.52,0.29
970,4335,345083.95,0.3
971,9343,174243.72,0.72
972,12126,177036.62,0.38
973,3732,212566.22,0.38
974,1203,255867.34,0.34
975,18120,487829.75,0.86
976,12084,272929.82,0.57
977,13401,474744.77,0.74
978,34942,470198.44,0.66
979,15426,424794.39,0.46
980,9391,375763.23,0.9
981,12951,36258.29,0.6
982,17201,29509.07,0.73
983,9153,135111.27,0.31
984,3886,448825.52,0.66
985,3265,321130.76,0.81
986,29180,301066.79,0.68
987,6934,179169.21,0.42
988,2343,67203.45,0.86
989,20019,431107.16,0.32
990,2164,10835.79,0.66
991,15598,63902.77,0.42
992,21088,275055.47,0.13
993,14917,153882.73,0.8
994,11779,414845.27,0.78
995,6955,382846.04,0.15
996,32586,176903.53,0.12
997,22323,70683.08,0.58
998,11248,466291.54,0.21
999,33516,68940.5,0.67
1000,18810,315831.05,0.56
1001,3971,359284.96,0.69
1002,25460,331087.02,0.66
1003,34475,107618.18,0.43
1004,27587,186592.92,0.37
1005,4353,403137.67,0.43
1006,9809,113284.26,0.66
1007,12630,440841.7,0.37
1008,6137,30049.06,0.33
1009,10852,226814.61,0.53
1010,8357,414938.05,0.61
1011,32102,85350.71,0.32
1012,2076,324715.34,0.88
1013,27304,417118.72,0.57
1014,27,94562.07,0.66
1015,34052,337774.21,0.53
1016,5496,163929.2,0.74
1017,8842,430781.32,0.74
1018,7114,68830.39,0.6
1019,30085,11998.87,0.17
1020,30493,444222.71,0.37
1021,14631,258731.8,0.29
1022,2956,337019.42,0.63
1023,32194,322288.93,0.17
1024,25557,417172.81,0.54
1025,12271,411993.89,0.66
1026,15032,33725.67,0.83
1027,30484,80262.43,0.75
1028,14097,373059.5,0.53
1029,32207,327962.8,0.71
1030,9388,172101.68,0.48
1031,1374,41654.52,0.61
1032,13651,37130.88,0.49
1033,21944,366670.92,0.62
1034,13171,108361.51,0.87
1035,34533,324292.49,0.52
1036,28085,144987.57,0.37
1037,1174,26792.99,0.23
1038,981,400801.87,0.65
1039,25390,423648.24,0.59
1040,2488,305749.97,0.57
1041,23415,394004.37,0.64
1042,33650,255820.8,0.11
1043,7878,212441.06,0.27
1044,3237,429056.83,0.31
1045,23255,497327.54,0.76
1046,33919,285987.24,0.9
1047,7470,82493.01,0.45
1048,34304,394202.19,0.49
1049,16891,218514.28,0.52
1050,10003,91433.71,0.21
1051,18726,423379.06,0.28
1052,16147,149478.05,0.59
1053,23930,414856.98,0.73
1054,13226,276757.5,0.27
1055,11441,74162.99,0.37
1056,8057,142672.57,0.44
1057,33209,313467.76,0.49
1058,29248,382192.76,0.64
1059,15338,121397.57,0.71
1060,23961,430872.51,0.62
1061,28945,223019.27,0.44
1062,11775,143638.77,0.64
1063,1243,50072.48,0.69
1064,34904,253577.45,0.62
1065,27002,416825.56,0.33
1066,11853,328012.05,0.23
1067,22849,409820.53,0.25
1068,24444,409470.31,0.59
1069,28799,368975.51,0.74
1070,20460,187119.5,0.64
1071,34759,137894.99,0.6
1072,30192,361984.87,0.26
1073,30503,237144.48,0.87
1074,12382,144389.51,0.51
1075,18572,413683.69,0.38
1076,29623,199573.51,0.46
1077,8083,57249.56,0.8
1078,21680,268598.07,0.71
1079,4716,336820.28,0.18
1080,9146,369763.87,0.4
1081,27591,142657.08,0.39
1082,7317,496558.62,0.54
1083,25182,231209.39,0.75
1084,9456,470181.66,0.49
1085,6621,180454.83,0.1
1086,16124,179300.58,0.57
1087,22212,432861.73,0.56
1088,20170,357071.74,0.1
1089,1947,87692.29,0.42
1090,32240,422630.54,0.34
1091,8450,155162.5,0.82
1092,20382,230668.13,0.72
1093,1463,281150.49,0.25
1094,869,361141.2,0.33
1095,17205,76633.97,0.39
1096,13572,301721.16,0.38
1097,26791,91769.45,0.24
1098,7101,209051.1,0.84
1099,33372,217493.41,0.18
1100,20581,61115.2,0.15
1101,30301,340467.96,0.53
1102,17964,212956.05,0.66
1103,10830,108174.68,0.22
1104,18562,55624.84,0.72
1105,7910,187874.78,0.87
1106,3487,316492.16,0.76
1107,28829,455636.58,0.31
1108,6334,306333.19,0.27
1109,6363,221444.53,0.26
1110,12719,286658.23,0.56
1111,25712,272890.21,0.15
1112,2566,38950.84,0.88
1113,33193,415761.19,0.78
1114,1583,410771.99,0.4
1115,31016,497215.17,0.16
1116,27329,285241.39,0.68
1117,24531,372627.62,0.66
1118,32562,326166.98,0.2
1119,13540,265260.3,0.56
1120,24497,103120.82,0.15
1121,10592,187788.31,0.56
1122,9851,57626.16,0.21
1123,27521,120708.19,0.46
1124,77,469817.64,0.74
1125,26509,63023.01,0.35
1126,28354,79856.19,0.18
1127,27333,188430.94,0.59
1128,10031,261687.96,0.89
1129,25827,146134.99,0.86
1130,24773,432451.5,0.25
1131,17275,98353.98,0.52
1132,28749,466336.65,0.47
1133,27141,430249.24,0.13
1134,607,291712.94,0.56
1135,1599,300890.87,0.75
1136,12848,49901.69,0.13
1137,23338,327630.94,0.87
1138,1936,92446.1,0.44
1139,16575,58463.24,0.63
1140,12307,479603.68,0.68
1141,14107,412846.67,0.52
1142,22447,231334.57,0.36
1143,28289,58054.2,0.32
1144,4868,320943.84,0.17
1145,2369,156979.37,0.37
1146,28507,450938.28,0.25
1147,24414,303404.87,0.65
1148,1564,335538.79,0.49
1149,33787,405585.02,0.36
1150,14630,80631.99,0.5
1151,18488,241335.86,0.16
1152,22370,149933.63,0.46
1153,5780,343434.45,0.25
1154,34309,262639.09,0.75
1155,2571,50682.52,0.63
1156,27750,397387.47,0.82
1157,19061,456398.04,0.61
1158,18878,122442.15,0.89
1159,29967,27832.0,0.63
1160,11664,356863.08,0.11
1161,28136,57664.33,0.58
1162,10258,180529.84,0.78
1163,20174,466919.56,0.66
1164,20716,417202.52,0.24
1165,29280,140295.77,0.85
1166,12068,250945.69,0.8
1167,27720,74564.1,0.35
1168,22777,320815.46,0.82
1169,10025,261592.86,0.35
1170,3376,313648.11,0.89
1171,32246,192970.11,0.11
1172,24067,321924.12,0.75
1173,10520,24019.69,0.78
1174,8513,296026.32,0.82
1175,5839,139720.32,0.7
1176,6484,420299.33,0.68
1177,8133,188836.29,0.83
1178,10004,136156.19,0.42
1179,29467,187451.32,0.69
1180,5763,395126.36,0.71
1181,3955,318108.64,0.12
1182,15437,351583.85,0.65
1183,10198,32893.62,0.55
1184,34016,48633.59,0.41
1185,28131,260783.43,0.52
1186,32424,32488.7,0.81
1187,7322,288147.74,0.89
1188,2539,340563.13,0.76
1189,7929,238991.81,0.41
1190,1376,121992.05,0.41
1191,6175,56587.33,0.59
1192,30127,393910.9,0.45
1193,5504,87335.35,0.75
1194,29392,389282.52,0.36
1195,30909,275018.02,0.49
1196,17248,279511.2,0.83
1197,25603,146913.53,0.81
1198,1185,222557.34,0.58
1199,34359,51438.1,0.75
1200,11746,496776.09,0.75
1201,20962,257406.31,0.4
1202,20827,408782.97,0.21
1203,31391,436086.31,0.74
1204,30275,159029.38,0.19
1205,17792,298216.2,0.7
1206,34596,48142.54,0.57
1207,19255,304399.38,0.23
1208,12662,311404.52,0.24
1209,5771,433244.1,0.54
1210,17586,51065.56,0.46
1211,18414,67970.13,0.51
1212,5890,350435.8,0.49
1213,23258,483069.65,0.75
1214,33341,265008.93,0.2
1215,907,439499.52,0.31
1216,9411,350325.04,0.41
1217,19104,278997.15,0.89
1218,24152,246284.28,0.55
1219,1778,434062.57,0.45
1220,1787,274876.52,0.3
1221,1996,257131.32,0.13
1222,5619,41206.65,0.18
1223,1104,110259.08,0.15
1224,866,493813.9,0.36
1225,7892,272887.83,0.52
1226,10224,105253.98,0.86
1227,20749,59976.98,0.17
1228,33877,67316.88,0.14
1229,6048,399135.93,0.41
1230,4735,202003.31,0.17
1231,8476,361646.21,0.74
1232,30395,273799.25,0.75
1233,3490,401870.98,0.84
1234,14284,325284.78,0.21
1235,16967,399667.22,0.81
1236,9617,63721.53,0.8
1237,7959,33610.38,0.23
1238,23413,49740.84,0.22
1239,29632,361766.5,0.6
1240,5222,340233.25,0.18
1241,2602,492135.33,0.89
1242,26808,36757.92,0.11
1243,8424,181702.9,0.27
1244,25941,447643.19,0.2
1245,32619,404121.68,0.54
1246,20957,440829.92,0.82
1247,9003,377121.8,0.8
1248,23429,410675.17,0.12
1249,6803,439734.29,0.59
1250,4969,187112.96,0.18
1251,24033,62569.45,0.5
1252,22229,404310.83,0.46
1253,3918,138491.23,0.23
1254,32846,390385.68,0.11
1255,34866,305364.61,0.87
1256,32991,457170.2,0.8
1257,19590,459167.62,0.37
1258,594,495888.99,0.21
1259,14376,65730.7,0.66
1260,22806,349020.96,0.54
1261,22629,328927.65,0.41
1262,1385,284581.71,0.33
1263,16127,313081.3,0.38
1264,10771,279254.99,0.73
1265,21027,37340.23,0.49
1266,26711,358179.98,0.16
1267,6663,102575.9,0.57
1268,13552,191617.92,0.85
1269,7996,252591.98,0.3
1270,4684,52638.31,0.12
1271,13247,356336.91,0.11
1272,10470,138461.55,0.26
1273,22472,160523.67,0.52
1274,24469,110862.87,0.35
1275,29969,51061.36,0.43
1276,6118,112734.0,0.61
1277,21983,470932.14,0.16
1278,12478,484964.42,0.57
1279,12378,364715.32,0.73
1280,33514,439529.39,0.23
1281,25611,483114.98,0.26
1282,1908,479633.37,0.44
1283,955,151414.29,0.3
1284,11381,95550.56,0.3
1285,18573,197298.67,0.8
1286,18864,267808.42,0.71
1287,3688,149348.69,0.29
1288,19665,356715.18,0.19
1289,927,221409.69,0.62
1290,5739,76539.14,0.52
1291,34352,414891.26,0.51
1292,12351,349209.54,0.14
1293,2328,276742.08,0.1
1294,12187,82951.26,0.35
1295,11416,352663.94,0.33
1296,7845,478574.45,0.47
1297,7393,126878.62,0.67
1298,21677,145858.85,0.75
1299,9370,441004.19,0.37
1300,11265,222030.95,0.18
1301,2751,261700.96,0.59
1302,26898,372881.28,0.69
1303,23134,277653.89,0.85
1304,19671,436668.56,0.74
1305,27053,127200.09,0.47
1306,9275,446545.04,0.43
1307,19411,208186.7,0.71
1308,30678,57019.33,0.81
1309,23939,142401.62,0.22
1310,31961,71925.15,0.19
1311,13885,461570.21,0.52
1312,1233,57828.28,0.76
1313,32673,417381.22,0.32
1314,10551,471569.49,0.69
1315,24022,444505.88,0.23
1316,17026,468434.46,0.3
1317,24905,248350.35,0.85
1318,33129,72675.44,0.35
1319,5919,266308.66,0.68
1320,29444,404135.81,0.79
1321,5060,237908.86,0.39
1322,9857,133947.35,0.65
1323,7668,77610.1,0.33
1324,9610,324846.81,0.27
1325,1196,409672.02,0.7
1326,34774,460152.48,0.43
1327,8612,431294.42,0.48
1328,18419,53091.67,0.36
1329,9370,255058.57,0.51
1330,20629,434484.91,0.63
1331,27459,283412.6,0.72
1332,13683,212637.1,0.61
1333,25556,461019.67,0.28
1334,6489,397397.26,0.61
1335,1074,24201.88,0.24
1336,27235,298138.86,0.19
1337,14942,245233.86,0.51
1338,26928,29959.75,0.28
1339,30082,339771.92,0.88
1340,135,93475.18,0.77
1341,10562,118494.61,0.8
1342,4073,10390.89,0.18
1343,11936,481877.18,0.6
1344,11275,457455.43,0.53
1345,21627,256591.98,0.18
1346,28592,260863.6,0.81
1347,33399,163201.94,0.22
1348,2415,332660.18,0.66
1349,22075,96269.41,0.22
1350,32360,345151.16,0.68
1351,11623,109145.15,0.48
1352,16426,474029.29,0.18
1353,17129,301706.34,0.72
1354,16842,156549.97,0.6
1355,21895,232064.62,0.19
1356,12561,207739.98,0.31
1357,29752,342203.11,0.32
1358,34527,128268.11,0.65
1359,20381,483225.52,0.24
1360,18215,479105.3,0.48
1361,18703,434610.31,0.22
1362,14981,403093.41,0.63
1363,2210,121647.86,0.83
1364,30598,427445.35,0.71
1365,34923,376732.1,0.54
1366,22431,422808.09,0.39
1367,20328,36177.99,0.64
1368,31215,303275.56,0.28
1369,9690,153881.68,0.65
1370,9933,321647.84,0.56
1371,4497,389979.41,0.64
1372,4482,214250.73,0.68
1373,24905,73057.27,0.2
1374,3834,158981.24,0.57
1375,1483,404653.62,0.41
1376,27086,229382.92,0.11
1377,2988,387382.67,0.7
1378,28400,68182.39,0.21
1379,2722,112733.36,0.62
1380,11041,148279.26,0.35
1381,7070,231537.63,0.27
1382,23243,23793.26,0.9
1383,3631,32916.48,0.33
1384,11012,479540.83,0.51
1385,16202,288422.11,0.6
1386,24050,404296.34,0.52
1387,25924,71744.62,0.81
1388,13857,126689.25,0.87
1389,26613,420389.48,0.71
1390,18441,494498.2,0.61
1391,10876,492726.88,0.57
1392,15806,412665.7,0.88
1393,3889,376151.56,0.48
1394,11916,206735.47,0.25
1395,10317,32145.13,0.62
1396,32481,107043.21,0.75
1397,6757,176705.85,0.51
1398,31096,117226.84,0.15
1399,1145,277096.48,0.37
1400,22441,235760.39,0.85
1401,24404,264020.32,0.78
1402,4358,153475.69,0.46
1403,11080,361321.77,0.34
1404,17257,152178.08,0.86
1405,17327,136367.24,0.56
1406,32050,460165.42,0.86
1407,12260,438152.78,0.46
1408,2269,115869.52,0.74
1409,20065,197762.96,0.41
1410,14793,495493.15,0.21
1411,29782,435502.0,0.68
1412,21673,320658.99,0.53
1413,2455,417632.04,0.83
1414,30286,159175.99,0.31
1415,16734,282222.77,0.13
1416,14336,479138.3,0.49
1417,11990,452065.64,0.49
1418,17664,320334.82,0.26
1419,27316,364895.95,0.88
1420,31406,289214.33,0.16
1421,27767,59038.43,0.76
1422,16887,58858.37,0.17
1423,18909,61181.65,0.23
1424,3409,450965.55,0.52
1425,31264,195471.82,0.37
1426,766,315839.35,0.78
1427,12116,179994.86,0.79
1428,8197,185470.63,0.47
1429,25797,474026.22,0.14
1430,28594,306996.9,0.59
1431,2687,412488.67,0.15
1432,11685,440871.04,0.25
1433,19430,102777.85,0.33
1434,16690,434105.24,0.26
1435,24214,192915.14,0.9
1436,7476,181282.61,0.46
1437,33008,347524.38,0.25
1438,22568,348875.7,0.77
1439,22975,330373.7,0.13
1440,25278,192904.3,0.19
1441,32610,317984.67,0.33
1442,558,45800.33,0.44
1443,12313,212225.84,0.17
1444,30448,327549.3,0.89
1445,3955,316672.91,0.26
1446,7653,132195.51,0.16
1447,29259,421291.22,0.16
1448,6468,398423.73,0.76
1449,30335,251519.13,0.15
1450,27767,276660.38,0.79
1451,29136,430011.3,0.13
1452,9683,249407.92,0.13
1453,15046,32769.43,0.8
1454,549,323940.47,0.45
1455,2973,228580.25,0.57
1456,6295,321067.12,0.77
1457,13714,392804.05,0.72
1458,21947,52416.42,0.24
1459,4850,431550.72,0.69
1460,33522,106948.36,0.4
1461,31426,470973.05,0.14
1462,2516,468165.19,0.87
1463,30765,375216.51,0.66
1464,29358,278729.74,0.78
1465,974,477780.83,0.38
1466,33591,347344.95,0.63
1467,22027,144870.82,0.56
1468,10621,108285.83,0.58
1469,1136,197755.24,0.35
1470,29829,350603.64,0.64
1471,34140,378768.44,0.56
1472,14503,82638.15,0.5
1473,19080,100983.19,0.44
1474,32562,378628.87,0.83
1475,25180,145758.13,0.74
1476,31940,360742.5,0.83
1477,24258,73248.33,0.62
1478,21271,461640.84,0.69
1479,32130,273497.29,0.83
1480,31130,108290.6,0.18
1481,29813,23900.64,0.74
1482,16499,332536.51,0.14
1483,26272,32403.69,0.18
1484,14389,51320.8,0.28
1485,10877,154468.69,0.33
1486,28837,425889.85,0.85
1487,21433,168288.29,0.63
1488,31007,490938.45,0.84
1489,28711,80401.51,0.16
1490,33571,70909.81,0.4
1491,22077,250997.88,0.13
1492,11847,497674.51,0.49
1493,31789,188099.35,0.59
1494,31486,260363.36,0.42
1495,755,197802.17,0.79
1496,23170,106851.34,0.27
1497,9771,292072.11,0.49
1498,20319,449470.24,0.21
1499,27824,154836.33,0.75
1500,19035,304594.28,0.3
1501,2249,186408.56,0.36
1502,17354,479293.11,0.37
1503,25232,170790.72,0.31
1504,915,82951.02,0.15
1505,3651,302459.63,0.23
1506,31957,198885.22,0.61
1507,9728,262419.42,0.14
1508,24612,412045.14,0.3
1509,22195,93025.68,0.4
1510,23426,494784.22,0.61
1511,11693,286631.09,0.52
1512,29841,245231.04,0.44
1513,18143,262489.09,0.25
1514,14010,256391.27,0.58
1515,26685,156842.51,0.42
1516,8484,206279.25,0.35
1517,7045,264998.32,0.14
1518,10638,207648.35,0.56
1519,23813,366518.83,0.71
1520,20264,241524.19,0.3
1521,13939,148059.65,0.25
1522,22559,20846.19,0.28
1523,31743,194135.92,0.39
1524,1407,145174.39,0.86
1525,24853,71809.13,0.76
1526,19889,80324.66,0.64
1527,5146,443723.55,0.11
1528,4891,461934.73,0.6
1529,23461,283939.68,0.67
1530,33586,63858.1,0.58
1531,26752,477057.36,0.81
1532,31944,315603.95,0.53
1533,21216,317746.6,0.9
1534,18585,393072.3,0.6
1535,22610,462388.76,0.74
1536,31543,479778.86,0.44
1537,25205,213397.81,0.51
1538,33119,254484.82,0.35
1539,30950,234358.08,0.26
1540,9736,183769.5,0.23
1541,11973,140890.23,0.58
1542,7290,149534.26,0.45
1543,31871,285330.91,0.22
1544,18290,491390.46,0.52
1545,24291,430189.97,0.47
1546,8134,410009.39,0.31
1547,10877,388724.73,0.49
1548,29814,12852.18,0.23
1549,34133,281612.97,0.15
1550,32742,373814.63,0.89
1551,25469,148161.67,0.72
1552,5193,293831.54,0.42
1553,16179,160051.08,0.7
1554,20008,414570.38,0.35
1555,4561,57468.33,0.31
1556,16973,392123.64,0.66
1557,12624,400956.21,0.76
1558,20406,369595.78,0.59
1559,24577,57904.5,0.9
1560,20511,54112.33,0.69
1561,12015,24381.98,0.66
1562,18156,383243.83,0.83
1563,6692,203723.12,0.43
1564,13232,459634.68,0.16
1565,4000,375692.02,0.39
1566,30057,439017.01,0.49
1567,14658,425936.76,0.78
1568,31811,24459.2,0.52
1569,29947,278470.62,0.7
1570,9831,225367.83,0.2
1571,34204,138176.96,0.23
1572,26504,311731.54,0.72
1573,24410,332660.26,0.42
1574,33724,437736.44,0.47
1575,29597,196212.99,0.63
1576,20871,198169.23,0.59
1577,15783,272342.53,0.48
1578,10890,326829.83,0.13
1579,30729,39076.66,0.63
1580,20630,199372.84,0.86
1581,21640,93123.06,0.77
1582,1319,386434.18,0.72
1583,33056,41586.72,0.83
1584,6041,315841.72,0.43
1585,15380,61884.36,0.39
1586,25528,251168.2,0.41
1587,19345,496434.9,0.64
1588,6807,298712.76,0.86
1589,3077,389386.96,0.35
1590,28730,120219.19,0.66
1591,14238,187314.44,0.78
1592,34795,295570.6,0.14
1593,265,196812.82,0.37
1594,2941,48453.16,0.73
1595,27499,452733.79,0.28
1596,31476,441173.56,0.18
1597,28526,242091.92,0.37
1598,18590,45355.36,0.65
1599,11773,401159.4,0.55
1600,29141,19335.88,0.71
1601,27969,366067.87,0.6
1602,2528,127747.32,0.68
1603,16424,274128.45,0.65
1604,34903,375505.1,0.53
1605,27037,205669.72,0.68
1606,13331,333392.43,0.88
1607,28213,498817.94,0.18
1608,23558,346938.44,0.12
1609,17517,335940.06,0.26
1610,18745,226853.29,0.65
1611,13223,490807.97,0.5
1612,29675,169993.1,0.48
1613,7993,389567.87,0.34
1614,24526,465003.3,0.28
1615,13972,204081.3,0.76
1616,31419,19120.08,0.46
1617,24108,230499.93,0.37
1618,13011,76835.73,0.28
1619,31330,476936.89,0.6
1620,17536,241648.85,0.68
1621,22032,226907.11,0.46
1622,784,142549.57,0.63
1623,4978,296033.85,0.84
1624,21804,27460.72,0.58
1625,16566,237313.98,0.2
1626,6013,210192.75,0.48
1627,4723,499103.21,0.52
1628,10101,331288.2,0.72
1629,19817,362747.76,0.44
1630,31427,147772.34,0.81
1631,4616,141575.63,0.84
1632,26948,27756.78,0.12
1633,7183,133486.96,0.61
1634,25151,131332.25,0.12
1635,17538,101446.09,0.46
1636,15479,19503.43,0.18
1637,16979,383341.65,0.16
1638,2158,282953.77,0.19
1639,3681,130478.73,0.83
1640,21562,494103.47,0.29
1641,12659,379878.95,0.8
1642,29218,231610.86,0.22
1643,15976,266055.79,0.68
1644,33225,254847.06,0.18
1645,29299,453013.75,0.75
1646,4215,300715.98,0.62
1647,31111,121959.33,0.22
1648,4158,309779.26,0.66
1649,27280,232686.68,0.56
1650,17761,485981.77,0.23
1651,4545,447584.71,0.64
1652,21394,282790.13,0.59
1653,16393,90970.32,0.61
1654,10919,137120.12,0.12
1655,9953,101752.14,0.41
1656,25759,84884.04,0.79
1657,2518,229021.49,0.76
1658,10463,284541.63,0.42
1659,31720,160307.13,0.75
1660,19695,453045.16,0.16
1661,18819,393224.68,0.16
1662,10708,63522.73,0.27
1663,12621,139470.05,0.74
1664,747,76749.11,0.16
1665,6461,471354.47,0.85
1666,16141,196137.71,0.6
1667,4952,392050.82,0.31
1668,32959,210325.01,0.7
1669,5322,329811.79,0.88
1670,32750,140991.72,0.58
1671,23129,89429.83,0.4
1672,12208,46874.88,0.28
1673,11081,472958.93,0.68
1674,518,399917.23,0.14
1675,22978,183814.6,0.17
1676,2522,411652.2,0.59
1677,26811,144046.22,0.36
1678,20142,253945.42,0.23
1679,32789,477596.57,0.14
1680,33080,100527.11,0.48
1681,22832,64941.81,0.36
1682,27383,199312.35,0.62
1683,29300,38613.47,0.27
1684,6765,285112.36,0.26
1685,305,399270.82,0.22
1686,24392,265880.3,0.77
1687,28644,24728.45,0.1
1688,6808,227698.27,0.35
1689,157,152661.29,0.43
1690,13015,266442.62,0.6
1691,33015,17842.2,0.86
1692,31592,341394.14,0.31
1693,20160,225944.78,0.78
1694,7351,399787.25,0.85
1695,20519,283138.31,0.27
1696,3004,467374.44,0.25
1697,27044,24314.87,0.47
1698,14378,471148.02,0.48
1699,24343,327374.78,0.69
1700,26985,313468.8,0.61
1701,2512,185629.98,0.66
1702,22460,413380.05,0.29
1703,34601,66430.16,0.79
1704,7616,281770.47,0.4
1705,18507,64557.25,0.87
1706,17385,408933.87,0.47
1707,21488,285550.72,0.49
1708,6115,243175.54,0.12
1709,27669,366984.22,0.25
1710,4213,151826.62,0.25
1711,18172,115041.18,0.31
1712,30473,328340.1,0.67
1713,11821,119666.77,0.28
1714,12474,89551.51,0.79
1715,11006,357691.87,0.39
1716,16364,231851.88,0.21
1717,15124,343070.73,0.68
1718,11603,286186.23,0.52
1719,25004,79036.72,0.64
1720,30485,408387.6,0.68
1721,21626,376614.43,0.36
1722,1535,237351.84,0.38
1723,30754,142040.27,0.21
1724,22187,488508.66,0.89
1725,17298,431484.27,0.45
1726,17986,394953.68,0.78
1727,344,351856.82,0.89
1728,27224,464656.51,0.1
1729,21057,394323.59,0.4
1730,8000,90944.86,0.54
1731,18182,371353.39,0.73
1732,33585,268427.28,0.14
1733,4022,204562.2,0.68
1734,16457,413950.6,0.52
1735,21564,270490.29,0.8
1736,16092,331315.77,0.86
1737,8267,336451.87,0.45
1738,5169,349225.75,0.54
1739,421,259773.81,0.44
1740,11556,426889.07,0.15
1741,26884,315044.53,0.25
1742,1036,143280.89,0.6
1743,4346,218444.62,0.16
1744,7326,49663.62,0.83
1745,23228,25739.95,0.72
1746,12836,322285.04,0.62
1747,23586,131888.51,0.11
1748,11975,258325.94,0.39
1749,21430,434514.55,0.53
1750,31118,197028.49,0.34
1751,7885,148881.57,0.25
1752,16311,128084.7,0.85
1753,26161,312514.61,0.31
1754,16265,20610.21,0.85
1755,31124,119135.14,0.17
1756,12951,324458.15,0.79
1757,20440,460077.33,0.35
1758,18316,229202.45,0.23
1759,6534,55339.71,0.61
1760,23502,269338.51,0.87
1761,21493,252805.52,0.63
1762,17099,378545.96,0.55
1763,32676,218690.98,0.89
1764,24644,412604.39,0.57
1765,18123,458414.36,0.48
1766,21819,285765.45,0.48
1767,331,146450.17,0.25
1768,9035,430559.46,0.66
1769,12480,482838.58,0.8
1770,25419,28798.64,0.47
1771,1972,208380.96,0.51
1772,23859,97633.76,0.72
1773,11525,304180.5,0.34
1774,4463,123832.25,0.87
1775,16848,21856.55,0.13
1776,18993,25986.36,0.44
1777,31533,144943.99,0.35
1778,18752,457745.09,0.18
1779,1473,408606.59,0.58
1780,20621,241751.97,0.42
1781,28115,486992.11,0.2
1782,18001,329770.9,0.72
1783,24892,399591.86,0.73
1784,20284,291046.39,0.27
1785,23296,183377.97,0.82
1786,13361,183446.82,0.74
1787,21335,459214.06,0.65
1788,5455,489439.65,0.22
1789,12903,187108.46,0.51
1790,22863,313583.87,0.33
1791,21131,154979.87,0.49
1792,25723,454330.71,0.26
1793,27188,19668.09,0.74
1794,17052,124402.73,0.62
1795,29779,262572.17,0.74
1796,33406,344267.95,0.36
1797,3067,320886.85,0.41
1798,15131,52714.14,0.55
1799,27256,178692.27,0.78
1800,345,175641.19,0.72
1801,20353,197124.6,0.13
1802,25748,141883.5,0.28
1803,18871,193726.17,0.6
1804,32508,234743.65,0.11
1805,18860,399565.17,0.19
1806,5144,359609.05,0.16
1807,8414,25597.0,0.71
1808,4105,359752.92,0.15
1809,6334,189622.7,0.15
1810,7557,271401.1,0.4
1811,16168,444543.36,0.45
1812,19979,253873.99,0.18
1813,22255,245272.58,0.5
1814,11684,246249.7,0.63
1815,4923,328362.91,0.61
1816,5415,493730.76,0.75
1817,19095,252591.18,0.76
1818,26598,149086.17,0.17
1819,16905,192180.63,0.23
1820,4258,211803.27,0.29
1821,32178,99184.03,0.66
1822,281,15109.67,0.55
1823,12975,194372.26,0.45
1824,17514,430903.73,0.55
1825,12504,94461.08,0.16
1826,15638,40690.71,0.57
1827,8280,401878.3,0.36
1828,20785,261186.74,0.17
1829,12698,381017.5,0.75
1830,3410,45480.57,0.7
1831,13080,254188.17,0.33
1832,34527,156237.41,0.58
1833,22149,367179.26,0.8
1834,20547,213460.79,0.68
1835,14480,277273.1,0.63
1836,3314,324437.1,0.47
1837,33420,419410.87,0.75
1838,12476,269735.16,0.32
1839,8809,153989.05,0.36
1840,173,414644.09,0.37
1841,33837,328450.45,0.34
1842,10858,340891.02,0.49
1843,24778,220771.22,0.51
1844,5251,207835.67,0.76
1845,29743,335755.23,0.51
1846,26786,381589.62,0.55
1847,16677,94908.19,0.6
1848,19329,403190.85,0.53
1849,17404,372526.96,0.5
1850,26998,163517.66,0.65
1851,677,365942.8,0.62
1852,17824,11044.53,0.58
1853,7931,276603.95,0.39
1854,21895,129130.04,0.13
1855,25487,207525.25,0.26
1856,18073,55895.67,0.4
1857,12378,357946.4,0.35
1858,3768,370604.95,0.63
1859,29554,149366.94,0.89
1860,20085,184365.9,0.16
1861,19061,322209.99,0.76
1862,29344,120248.08,0.85
1863,2956,207190.94,0.59
1864,13948,275204.26,0.23
1865,10026,289754.68,0.84
1866,10616,128098.4,0.24
1867,11084,373093.31,0.72
1868,32090,11582.31,0.35
1869,23349,373710.43,0.16
1870,1228,145140.13,0.22
1871,26510,495296.95,0.42
1872,4093,214304.82,0.87
1873,13815,39834.3,0.19
1874,21870,271165.51,0.12
1875,12436,135870.6,0.62
1876,2340,14063.37,0.21
1877,2773,489736.68,0.76
1878,23505,158429.41,0.48
1879,29556,64500.73,0.37
1880,19519,422805.85,0.75
1881,17589,278698.14,0.66
1882,10072,27468.75,0.51
1883,30303,476869.81,0.4
1884,10067,53425.73,0.22
1885,23588,178100.91,0.84
1886,30043,319070.29,0.9
1887,25515,25066.02,0.45
1888,8035,87659.63,0.81
1889,24292,137953.32,0.21
1890,21808,405033.12,0.69
1891,31004,225991.95,0.49
1892,34765,79092.93,0.48
1893,24150,142009.77,0.25
1894,8269,344955.5,0.32
1895,2942,327692.99,0.19
1896,11279,407650.83,0.49
1897,7320,107745.38,0.44
1898,12299,471348.5,0.57
1899,5473,21953.31,0.61
1900,10308,432245.76,0.15
1901,26498,194925.74,0.88
1902,32616,498937.08,0.71
1903,1872,302113.47,0.4
1904,16884,421028.98,0.48
1905,24439,357090.49,0.21
1906,13587,354773.67,0.22
1907,34119,306171.74,0.69
1908,20893,278565.19,0.6
1909,12138,274055.5,0.49
1910,14488,125310.91,0.3
1911,11452,158669.7,0.63
1912,21131,383700.16,0.52
1913,31138,141273.03,0.14
1914,29150,416644.38,0.28
1915,3709,423215.76,0.13
1916,11751,487372.22,0.84
1917,27601,284370.09,0.44
1918,18408,482107.67,0.68
1919,20325,81405.54,0.74
1920,21507,69713.15,0.78
1921,13224,280663.23,0.48
1922,26571,174056.79,0.35
1923,31154,134309.58,0.1
1924,6624,460804.41,0.58
1925,26649,468980.24,0.45
1926,26447,93206.58,0.28
1927,11529,484434.23,0.59
1928,16575,454459.1,0.28
1929,28900,479062.27,0.38
1930,8334,481502.47,0.71
1931,25511,382827.41,0.46
1932,13578,190189.78,0.48
1933,27678,366112.75,0.52
1934,16790,262635.7,0.6
1935,27245,16758.39,0.23
1936,3924,297304.87,0.11
1937,1961,434984.79,0.21
1938,21313,69201.54,0.85
1939,29086,127142.82,0.88
1940,13442,189653.65,0.82
1941,20612,185599.68,0.62
1942,25841,19179.72,0.2
1943,24772,139517.47,0.2
1944,25945,441635.89,0.41
1945,7784,286426.44,0.64
1946,10158,149929.02,0.7
1947,11758,395266.23,0.73
1948,20401,480360.27,0.2
1949,5644,166421.35,0.14
1950,14254,443982.98,0.35
1951,21833,198101.34,0.4
1952,16327,85655.65,0.46
1953,30499,471786.72,0.49
1954,27370,65520.12,0.77
1955,20497,174224.55,0.37
1956,1755,297216.74,0.21
1957,13326,44148.14,0.86
1958,4811,259063.35,0.36
1959,8074,96024.42,0.56
1960,16021,351612.33,0.34
1961,3977,182451.85,0.61
1962,27924,170453.13,0.41
1963,10065,282233.62,0.51
1964,3274,386614.38,0.73
1965,33521,159605.82,0.7
1966,16306,20336.93,0.38
1967,27147,489138.46,0.19
1968,33618,357260.17,0.59
1969,33140,61662.03,0.68
1970,2902,365114.12,0.64
1971,9039,246293.92,0.35
1972,149,244720.9,0.67
1973,16986,243798.19,0.4
1974,17964,495167.18,0.24
1975,498,298126.89,0.19
1976,1253,187591.42,0.4
1977,7642,265005.05,0.45
1978,6758,378568.23,0.44
1979,18126,458614.7,0.5
1980,18562,343651.79,0.84
1981,2566,67226.57,0.5
1982,12582,461893.25,0.42
1983,34889,351875.87,0.3
1984,15960,45803.18,0.37
1985,9739,325220.87,0.11
1986,2191,80343.43,0.64
1987,10120,450664.03,0.68
1988,18805,330357.38,0.84
1989,23622,154251.3,0.18
1990,14361,352820.82,0.54
1991,15885,107065.99,0.83
1992,5389,86211.18,0.74
1993,14738,453416.72,0.56
1994,8108,160613.5,0.3
1995,32397,247652.44,0.59
1996,14384,481738.35,0.11
1997,13032,170408.74,0.51
1998,23363,405421.17,0.21
1999,33001,408139.78,0.56
2000,28312,182925.35,0.72
2001,20768,69476.26,0.86
2002,17671,412293.2,0.45
2003,11813,394674.64,0.38
2004,5792,490526.94,0.47
2005,10362,16370.34,0.11
2006,22548,324201.01,0.14
2007,26385,161045.6,0.24
2008,33493,263244.25,0.53
2009,42,401433.99,0.64
2010,28414,192036.0,0.68
2011,27661,405699.77,0.7
2012,11048,306660.47,0.74
2013,26152,16365.79,0.76
2014,31538,377348.98,0.39
2015,2392,226137.04,0.84
2016,898,190356.0,0.39
2017,27766,394835.89,0.54
2018,17754,305231.29,0.78
2019,10113,398993.98,0.26
2020,28329,342969.61,0.2
2021,11478,377499.88,0.71
2022,22518,261630.3,0.8
2023,8667,488659.46,0.31
2024,11096,96578.54,0.88
2025,16336,445644.41,0.74
2026,30007,372841.62,0.18
2027,27463,108373.59,0.35
2028,686,403971.38,0.24
2029,16403,192101.71,0.84
2030,4218,251587.18,0.29
2031,1706,463966.22,0.52
2032,9862,374382.33,0.66
2033,4902,139603.3,0.53
2034,27145,28257.68,0.25
2035,25087,337241.84,0.83
2036,14362,58780.93,0.53
2037,5802,167306.56,0.69
2038,28617,296245.79,0.21
2039,22588,58974.96,0.75
2040,7603,386174.19,0.83
2041,5349,103342.07,0.7
2042,2687,215448.87,0.63
2043,3117,444760.2,0.81
2044,17590,29984.61,0.69
2045,23061,277105.21,0.54
2046,5504,156768.08,0.9
2047,27343,59725.99,0.75
2048,15744,170013.89,0.26
2049,17993,365749.15,0.19
2050,1117,442053.28,0.2
2051,27166,152607.5,0.56
2052,4554,110835.19,0.13
2053,621,40659.34,0.12
2054,24981,256498.67,0.17
2055,33847,10833.08,0.6
2056,920,449088.64,0.59
2057,23881,497012.76,0.82
2058,9894,176850.19,0.71
2059,8638,315355.13,0.29
2060,29787,25655.74,0.19
2061,2653,36069.63,0.16
2062,18989,422571.68,0.68
2063,17182,351538.53,0.58
2064,28120,181891.89,0.82
2065,20949,178374.99,0.46
2066,8644,123986.12,0.26
2067,33642,370145.71,0.48
2068,3106,444811.51,0.5
2069,29361,263293.03,0.77
2070,15725,429308.83,0.64
2071,26441,322844.71,0.53
2072,1603,275337.09,0.83
2073,16900,189892.71,0.16
2074,3071,247521.08,0.23
2075,3976,102704.42,0.75
2076,19488,128751.59,0.3
2077,9205,183878.02,0.87
2078,10362,37788.91,0.55
2079,32230,136800.47,0.49
2080,26416,62398.6,0.18
2081,22179,236205.49,0.54
2082,5986,243375.41,0.15
2083,9507,39140.86,0.75
2084,27683,302399.18,0.61
2085,7397,188878.29,0.81
2086,26390,86089.94,0.64
2087,9581,238111.88,0.67
2088,24592,148478.43,0.63
2089,18971,471986.66,0.69
2090,7748,60185.13,0.59
2091,1461,137324.37,0.86
2092,26016,277568.24,0.21
2093,22238,389829.9,0.44
2094,25153,473513.39,0.18
2095,30572,87278.16,0.6
2096,13838,432746.36,0.26
2097,17273,175704.45,0.52
2098,20719,294669.69,0.88
2099,29161,412357.83,0.62
2100,6109,402442.87,0.39
2101,17013,222014.49,0.35
2102,24944,296257.79,0.59
2103,17353,79453.73,0.65
2104,856,128708.98,0.44
2105,17762,118764.47,0.32
2106,12513,158526.87,0.32
2107,22273,446183.08,0.24
2108,34365,337358.94,0.34
2109,21127,459664.15,0.33
2110,23573,126913.98,0.86
2111,25254,296903.58,0.87
2112,18385,41924.2,0.84
2113,27123,214206.19,0.49
2114,12020,177319.58,0.66
2115,33834,360413.23,0.79
2116,5276,317909.5,0.74
2117,33941,93305.59,0.69
2118,13196,443802.59,0.83
2119,29932,83228.37,0.16
2120,22213,245034.86,0.9
2121,26792,69181.59,0.47
2122,34922,111131.4,0.68
2123,817,141537.38,0.76
2124,28214,67427.28,0.89
2125,22920,413553.89,0.82
2126,3905,15957.0,0.8
2127,33748,330967.57,0.64
2128,18943,38033.77,0.23
2129,6715,293437.6,0.43
2130,15950,268223.65,0.5
2131,9887,347092.44,0.59
2132,23054,319396.68,0.82
2133,10285,349708.22,0.17
2134,14681,144943.86,0.88
2135,4056,479031.79,0.71
2136,27881,264370.2,0.57
2137,29722,238105.43,0.48
2138,3722,133817.22,0.17
2139,26785,307796.65,0.31
2140,3566,438334.94,0.47
2141,5493,316340.65,0.1
2142,15187,229305.27,0.14
2143,14211,140199.48,0.49
2144,5192,309486.57,0.66
2145,285,39353.81,0.27
2146,25082,106866.76,0.11
2147,26128,348103.73,0.39
2148,29373,382879.96,0.75
2149,12796,448881.7,0.73
2150,3257,485402.69,0.35
2151,29165,69537.0,0.13
2152,10064,202082.21,0.72
2153,2936,482151.37,0.77
2154,10318,85388.85,0.79
2155,25687,458805.74,0.59
2156,11371,143466.9,0.85
2157,3128,292054.8,0.28
2158,9245,258799.7,0.56
2159,5995,389270.15,0.44
2160,33715,96748.96,0.2
2161,27642,12431.58,0.12
2162,4474,73131.89,0.7
2163,3833,359442.97,0.74
2164,3940,324085.4,0.62
2165,4747,289829.93,0.85
2166,5803,196451.23,0.38
2167,8711,111372.49,0.67
2168,11850,388284.31,0.58
2169,14654,169447.36,0.8
2170,23244,84894.09,0.37
2171,9616,336040.55,0.69
2172,8555,350104.89,0.69
2173,13749,264715.76,0.57
2174,27077,319977.51,0.64
2175,11340,481035.25,0.38
2176,23737,220335.98,0.47
2177,13255,269335.97,0.4
2178,33968,196184.15,0.41
2179,7096,478782.12,0.89
2180,15266,143071.9,0.79
2181,16842,421588.76,0.6
2182,8682,135648.26,0.85
2183,14016,384918.41,0.52
2184,13382,459678.68,0.51
2185,20525,184522.55,0.84
2186,27908,480534.69,0.78
2187,23989,275266.1,0.25
2188,14434,212173.88,0.56
2189,24912,489430.35,0.52
2190,6513,77104.86,0.58
2191,32525,490343.35,0.27
2192,34020,148141.69,0.21
2193,4464,490532.94,0.45
2194,10968,410585.37,0.33
2195,15936,96984.69,0.12
2196,11975,246915.91,0.25
2197,29951,355199.67,0.8
2198,11786,65334.84,0.45
2199,17793,29788.61,0.69
2200,30004,385790.3,0.62
2201,24773,197059.92,0.68
2202,10921,13655.17,0.59
2203,4604,224659.53,0.57
2204,19676,222433.71,0.12
2205,3273,469380.59,0.31
2206,26784,101514.61,0.48
2207,28616,20163.0,0.33
2208,17215,35661.88,0.19
2209,28110,298730.96,0.1
2210,10457,476338.49,0.49
2211,7267,188524.16,0.26
2212,4509,60878.64,0.45
2213,31451,343381.61,0.67
2214,8669,497850.02,0.65
2215,9524,183079.84,0.52
2216,9075,198505.3,0.64
2217,6719,331646.75,0.3
2218,24557,78013.0,0.57
2219,17133,192677.16,0.25
2220,12898,260148.16,0.3
2221,10840,70211.91,0.4
2222,23497,491645.81,0.44
2223,1671,143211.45,0.61
2224,17637,237465.25,0.69
2225,33248,65105.19,0.38
2226,10975,450990.62,0.15
2227,20004,483381.17,0.55
2228,4151,192884.88,0.24
2229,4920,242648.17,0.47
2230,31046,390353.6,0.89
2231,7622,396341.91,0.55
2232,14278,148908.76,0.64
2233,28866,260199.75,0.38
2234,658,291672.97,0.41
2235,2246,436279.46,0.62
2236,1591,413349.63,0.38
2237,34867,450663.9,0.85
2238,27571,31612.81,0.24
2239,34213,445769.66,0.65
2240,10644,207474.64,0.38
2241,6692,170390.18,0.76
2242,20959,467480.34,0.69
2243,1119,277052.8,0.56
2244,7323,490157.84,0.69
2245,28325,426669.36,0.19
2246,29637,383487.45,0.6
2247,34826,84747.99,0.55
2248,31504,447086.73,0.71
2249,15612,69993.06,0.28
2250,27297,252423.25,0.34
2251,32466,187873.76,0.45
2252,7042,66433.43,0.12
2253,33859,147982.19,0.25
2254,6049,207959.72,0.16
2255,3408,394934.77,0.88
2256,14902,217760.48,0.37
2257,24394,247152.65,0.51
2258,9430,27387.62,0.23
2259,22824,296661.37,0.19
2260,23248,197778.35,0.39
2261,10413,442317.79,0.82
2262,21867,432846.92,0.57
2263,27140,170239.31,0.88
2264,30529,103847.73,0.42
2265,6574,175511.93,0.85
2266,18542,338018.76,0.19
2267,21617,456758.09,0.35
2268,33343,34713.17,0.14
2269,34610,124602.43,0.22
2270,13591,27016.37,0.21
2271,5757,462363.54,0.89
2272,32794,304886.34,0.35
2273,21517,348119.26,0.57
2274,30035,268141.54,0.22
2275,4775,289645.78,0.65
2276,82,364624.5,0.43
2277,25410,98843.84,0.16
2278,15205,379251.85,0.46
2279,33619,254355.73,0.15
2280,4236,457489.92,0.85
2281,9057,52378.57,0.74
2282,23717,131719.82,0.18
2283,2513,157428.24,0.23
2284,13641,453901.27,0.36
2285,7586,396374.32,0.77
2286,502,57731.61,0.43
2287,33256,145525.73,0.6
2288,33655,370818.91,0.39
2289,14109,137442.69,0.83
2290,10906,316344.44,0.4
2291,29238,212628.35,0.62
2292,14772,319879.77,0.4
2293,220,80309.64,0.26
2294,22431,167065.57,0.68
2295,28595,249721.36,0.22
2296,33581,36956.3,0.66
2297,23047,86698.61,0.85
2298,8717,241646.34,0.8
2299,950,189528.09,0.76
2300,13682,388813.62,0.14
2301,31924,61532.09,0.67
2302,18333,330104.03,0.64
2303,19623,192740.87,0.63
2304,27737,54356.15,0.16
2305,2787,68276.39,0.14
2306,6753,203505.96,0.75
2307,31690,337396.36,0.23
2308,2980,99881.55,0.24
2309,4954,403882.28,0.88
2310,1750,197899.13,0.22
2311,21877,96800.26,0.27
2312,2517,286387.32,0.21
2313,5394,237545.42,0.14
2314,19551,188189.02,0.66
2315,3785,366543.45,0.71
2316,29879,85383.82,0.17
2317,4549,318267.23,0.27
2318,3379,335279.24,0.49
2319,33604,94392.77,0.81
2320,13598,120066.66,0.13
2321,21704,253380.15,0.25
2322,23296,194445.93,0.66
2323,23411,460910.01,0.33
2324,20778,157174.03,0.23
2325,33061,239711.08,0.17
2326,15740,49388.08,0.74
2327,26240,83191.97,0.26
2328,7866,299867.04,0.67
2329,14159,180237.01,0.61
2330,5217,473990.49,0.25
2331,29462,291134.56,0.1
2332,14424,309594.9,0.61
2333,14123,380433.63,0.4
2334,265,120306.45,0.88
2335,34036,157313.27,0.52
2336,21972,382136.3,0.57
2337,12020,179910.64,0.55
2338,30703,56029.06,0.8
2339,1842,171140.51,0.37
2340,4733,398945.62,0.82
2341,534,379728.98,0.85
2342,10329,362321.79,0.69
2343,11445,62257.48,0.16
2344,15175,349325.86,0.52
2345,15038,75278.79,0.3
2346,16029,206749.71,0.18
2347,21019,147423.18,0.37
2348,15027,215047.81,0.32
2349,4517,386978.33,0.34
2350,22204,90515.0,0.34
2351,2142,76996.58,0.75
2352,20576,336157.75,0.31
2353,26338,80900.48,0.46
2354,18362,494699.52,0.29
2355,22062,420525.2,0.69
2356,30098,186280.69,0.39
2357,4090,323291.78,0.82
2358,3688,154867.74,0.41
2359,18565,345490.39,0.21
2360,22353,176290.79,0.29
2361,18632,171158.93,0.47
2362,22283,214785.17,0.51
2363,12273,408954.95,0.79
2364,26952,296205.87,0.43
2365,1499,49431.64,0.32
2366,10453,321452.57,0.58
2367,15712,433778.11,0.86
2368,4117,434808.33,0.13
2369,2405,189168.26,0.42
2370,5095,343391.93,0.68
2371,29631,29366.11,0.41
2372,33517,240132.95,0.21
2373,9025,355050.96,0.76
2374,3564,187993.67,0.81
2375,10835,209161.05,0.8
2376,617,170880.22,0.62
2377,12170,34094.85,0.48
2378,16684,25577.91,0.59
2379,8420,89633.72,0.21
2380,2908,356806.67,0.71
2381,22742,174097.0,0.83
2382,7680,387116.74,0.21
2383,15357,71849.15,0.72
2384,11721,382385.96,0.38
2385,10202,117988.76,0.78
2386,15849,292209.01,0.42
2387,17160,358893.03,0.22
2388,8374,368285.2,0.59
2389,11120,130640.74,0.29
2390,23829,293991.71,0.5
2391,10522,270207.95,0.17
2392,33945,39310.07,0.55
2393,17954,287142.07,0.42
2394,25497,370075.86,0.83
2395,11854,391331.42,0.68
2396,609,356039.96,0.2
2397,7438,403381.08,0.4
2398,24624,336250.75,0.64
2399,33568,404929.75,0.89
2400,18124,93030.07,0.82
2401,11414,19856.41,0.52
2402,145,263017.77,0.31
2403,17594,462669.74,0.62
2404,21479,250587.5,0.15
2405,21046,444654.78,0.43
2406,14325,333677.21,0.71
2407,32961,401860.09,0.87
2408,9548,25962.29,0.61
2409,22898,473545.48,0.24
2410,14732,456994.39,0.21
2411,19328,321315.7,0.73
2412,22972,354939.24,0.68
2413,1213,136243.76,0.82
2414,19936,119717.42,0.37
2415,2873,361789.01,0.43
2416,29645,114587.29,0.19
2417,14255,440554.73,0.86
2418,25706,483039.76,0.56
2419,8411,145931.02,0.28
2420,22340,354070.42,0.57
2421,21786,257156.47,0.46
2422,531,159029.43,0.61
2423,12226,417659.02,0.26
2424,16705,96581.93,0.62
2425,16961,201100.04,0.61
2426,18597,104347.96,0.34
2427,11171,174147.89,0.13
2428,19088,296132.62,0.39
2429,7844,186094.25,0.59
2430,2286,269379.33,0.45
2431,14437,286738.69,0.78
2432,22640,493520.3,0.17
2433,29686,267847.6,0.26
2434,17243,253160.44,0.31
2435,7520,303736.59,0.47
2436,15154,195498.81,0.14
2437,13705,408801.59,0.44
2438,25796,348169.83,0.47
2439,31035,45633.82,0.55
2440,17953,117025.4,0.27
2441,17250,194112.83,0.84
2442,22627,164757.92,0.81
2443,12593,248291.35,0.82
2444,22502,389310.06,0.35
2445,7768,404928.62,0.68
2446,24159,338587.98,0.22
2447,21844,290331.31,0.5
2448,9529,418557.03,0.19
2449,367,55619.23,0.88
2450,1031,265718.02,0.83
2451,33659,116159.83,0.77
2452,806,116675.33,0.51
2453,15013,412311.63,0.27
2454,32713,141200.6,0.22
2455,738,71102.22,0.52
2456,7464,499171.6,0.62
2457,16952,125709.47,0.63
2458,8306,273880.71,0.54
2459,27963,14952.03,0.61
2460,11898,337349.09,0.4
2461,17603,464008.61,0.11
2462,5853,309683.85,0.15
2463,28959,427597.76,0.81
2464,27776,408088.04,0.24
2465,31893,348582.72,0.58
2466,14043,463270.72,0.38
2467,18038,268377.41,0.5
2468,19519,123488.82,0.21
2469,8330,420049.79,0.33
2470,21845,85643.56,0.73
2471,30708,312109.15,0.68
2472,30525,405295.97,0.8
2473,20700,375502.81,0.15
2474,29795,439601.77,0.23
2475,1691,311024.95,0.53
2476,19771,425582.38,0.57
2477,17581,244667.47,0.54
2478,12900,82816.87,0.36
2479,3004,120937.66,0.21
2480,32431,60078.04,0.6
2481,18600,157888.69,0.72
2482,23460,68321.26,0.85
2483,34761,494125.49,0.45
2484,3053,114373.87,0.46
2485,29795,299002.31,0.61
2486,26829,38249.81,0.87
2487,23367,60805.51,0.45
2488,24760,381015.83,0.76
2489,1464,250196.95,0.58
2490,30015,296745.53,0.22
2491,10501,290979.19,0.2
2492,17141,137072.05,0.53
2493,11405,124748.76,0.24
2494,5560,237171.8,0.21
2495,30074,136427.41,0.73
2496,19842,314780.95,0.47
2497,15828,491224.27,0.44
2498,6183,391014.79,0.55
2499,31257,144764.62,0.37
2500,13961,102013.39,0.55
2501,9490,216763.55,0.84
2502,27825,284679.67,0.38
2503,33740,302930.52,0.52
2504,3647,240885.3,0.26
2505,32249,67393.57,0.13
2506,9633,304926.22,0.8
2507,1277,94056.15,0.86
2508,22525,375300.15,0.86
2509,27908,286718.96,0.32
2510,18320,423478.39,0.18
2511,32223,194615.09,0.28
2512,11982,306148.06,0.71
2513,32963,435733.51,0.58
2514,13135,465638.89,0.31
2515,16772,337439.96,0.68
2516,33838,445174.95,0.27
2517,28372,101249.42,0.66
2518,4772,68736.9,0.26
2519,22679,283839.94,0.64
2520,1784,97698.9,0.52
2521,16998,423183.34,0.72
2522,17348,349581.33,0.24
2523,28134,326179.12,0.46
2524,31598,92322.47,0.26
2525,23276,11064.32,0.33
2526,10778,97161.42,0.29
2527,9501,349547.99,0.81
2528,22535,155858.15,0.39
2529,23419,435360.93,0.5
2530,4770,77777.32,0.1
2531,18168,70966.45,0.29
2532,33712,485525.25,0.14
2533,156,298624.37,0.25
2534,30138,140861.97,0.59
2535,22299,50947.93,0.7
2536,1336,120643.32,0.56
2537,10795,316584.96,0.42
2538,30046,256777.36,0.45
2539,8848,42937.71,0.66
2540,32920,50057.58,0.18
2541,29736,225721.65,0.71
2542,3457,412702.98,0.23
2543,342,223160.45,0.4
2544,16454,462596.21,0.26
2545,1046,325841.49,0.64
2546,19652,234687.49,0.36
2547,1032,421344.44,0.67
2548,30896,207745.27,0.56
2549,29774,261748.29,0.59
2550,16533,215781.51,0.44
2551,33001,134017.96,0.57
2552,22766,316812.31,0.43
2553,24062,228547.92,0.77
2554,7641,462748.46,0.37
2555,16741,448250.93,0.48
2556,20013,376573.92,0.25
2557,21053,80617.6,0.22
2558,9525,248023.89,0.33
2559,5487,60726.52,0.44
2560,14430,337703.38,0.24
2561,31949,437618.13,0.44
2562,6004,466790.38,0.38
2563,199,374085.19,0.11
2564,28354,284022.04,0.8
2565,1805,26623.07,0.11
2566,30326,498576.18,0.78
2567,11063,313926.29,0.67
2568,34600,254266.39,0.74
2569,10585,292879.01,0.79
2570,34528,120173.11,0.2
2571,2204,314639.56,0.87
2572,11841,411125.47,0.43
2573,16069,185409.72,0.58
2574,31805,335691.1,0.52
2575,25924,131920.45,0.48
2576,34238,389298.94,0.51
2577,20026,487731.68,0.72
2578,22449,421800.49,0.33
2579,25226,354192.97,0.56
2580,29880,84266.63,0.39
2581,32751,40587.45,0.52
2582,8232,43995.03,0.52
2583,6196,111172.25,0.87
2584,23019,159690.1,0.25
2585,25875,431914.1,0.82
2586,31294,91401.04,0.29
2587,12910,192263.41,0.5
2588,20537,19456.8,0.34
2589,7506,371187.58,0.25
2590,13345,312192.36,0.2
2591,8731,221097.79,0.32
2592,3694,68492.78,0.87
2593,14816,211692.15,0.59
2594,28794,59739.82,0.3
2595,8531,146824.76,0.48
2596,5961,393161.66,0.36
2597,16984,249440.49,0.25
2598,17331,218129.39,0.51
2599,21277,359138.3,0.43
2600,11403,169846.52,0.55
2601,30927,15040.41,0.25
2602,7621,251553.7,0.35
2603,33288,449457.84,0.86
2604,7263,80607.02,0.24
2605,7583,114620.99,0.76
2606,8823,353760.16,0.85
2607,20885,96941.1,0.54
2608,22997,460245.78,0.63
2609,29509,371117.77,0.77
2610,1242,348591.69,0.79
2611,30545,457988.56,0.21
2612,17875,452068.27,0.87
2613,25147,282935.29,0.27
2614,6956,277772.89,0.21
2615,5076,378547.02,0.31
2616,1754,160707.86,0.17
2617,23503,148406.54,0.26
2618,12376,120988.69,0.6
2619,19586,327446.4,0.63
2620,30612,257973.39,0.41
2621,3257,32427.9,0.41
2622,1992,362672.19,0.31
2623,16920,19164.18,0.57
2624,580,86600.45,0.22
2625,2078,32415.11,0.74
2626,6344,15840.18,0.13
2627,17644,324690.72,0.59
2628,26763,319370.85,0.22
2629,27059,338256.72,0.3
2630,30821,316200.04,0.23
2631,17580,15040.43,0.31
2632,9770,306728.17,0.87
2633,28872,148691.05,0.85
2634,33725,135003.37,0.89
2635,27911,21973.55,0.39
2636,5009,47148.42,0.31
2637,28686,187448.72,0.16
2638,22127,69832.14,0.61
2639,4195,369148.43,0.1
2640,31268,168598.81,0.17
2641,23693,413173.09,0.46
2642,28996,105964.4,0.79
2643,33606,433293.24,0.62
2644,31134,371501.75,0.14
2645,34256,319429.08,0.14
2646,25830,132736.12,0.33
2647,33293,445192.87,0.83
2648,21535,28455.24,0.66
2649,34175,266668.83,0.69
2650,7995,48781.16,0.68
2651,7517,59998.14,0.76
2652,10800,435197.34,0.3
2653,13016,320231.79,0.14
2654,2102,333253.16,0.83
2655,22383,186279.89,0.41
2656,10991,259479.56,0.9
2657,4069,157340.85,0.56
2658,18604,486974.26,0.46
2659,9172,259174.79,0.43
2660,6739,355211.84,0.87
2661,9793,295182.69,0.7
2662,30182,149234.08,0.48
2663,27387,184794.52,0.71
2664,14249,397528.37,0.22
2665,2335,176912.61,0.2
2666,24806,151298.87,0.65
2667,28655,413873.28,0.88
2668,20807,266619.62,0.82
2669,15907,33490.57,0.3
2670,14018,193012.31,0.59
2671,18284,209749.86,0.55
2672,23753,376348.47,0.46
2673,12912,155619.38,0.67
2674,19557,36842.18,0.71
2675,19809,256677.37,0.18
2676,14120,499614.29,0.62
2677,34777,47316.68,0.65
2678,4727,365592.97,0.16
2679,8620,336036.64,0.63
2680,16252,105105.34,0.13
2681,15485,204805.06,0.4
2682,8023,154586.42,0.73
2683,11309,403964.97,0.86
2684,21329,216469.42,0.89
2685,14804,84908.99,0.37
2686,4167,22788.54,0.12
2687,1718,330547.4,0.17
2688,7979,292813.33,0.18
2689,20835,155963.3,0.39
2690,11501,87004.56,0.38
2691,25848,490038.2,0.31
2692,23543,126176.97,0.2
2693,2819,150230.48,0.53
2694,22888,111309.3,0.79
2695,27712,258053.98,0.71
2696,16080,18256.44,0.87
2697,23877,171680.21,0.55
2698,17269,189953.28,0.85
2699,9011,110970.2,0.65
2700,3303,145227.0,0.89
2701,13069,114446.58,0.47
2702,1461,411393.36,0.88
2703,34678,479906.6,0.52
2704,15212,457445.4,0.49
2705,11586,164762.58,0.26
2706,8445,275217.84,0.73
2707,24281,474365.07,0.21
2708,13951,291586.3,0.44
2709,20707,499586.99,0.15
2710,225,308319.63,0.16
2711,24663,66667.96,0.84
2712,12628,166282.17,0.47
2713,80,278052.66,0.3
2714,9637,243795.05,0.19
2715,7776,386712.58,0.75
2716,3343,252361.04,0.82
2717,30182,468192.43,0.89
2718,16262,326462.81,0.62
2719,3263,257235.97,0.57
2720,30888,339695.12,0.47
2721,34636,411261.66,0.73
2722,31724,285356.99,0.36
2723,27242,391437.07,0.35
2724,5683,198331.29,0.79
2725,30465,82835.09,0.78
2726,20954,269977.2,0.39
2727,17055,106000.31,0.34
2728,34619,53610.96,0.83
2729,6721,67253.64,0.56
2730,18554,364942.74,0.24
2731,33814,303722.83,0.77
2732,22319,400560.78,0.45
2733,9997,138660.37,0.61
2734,8034,491464.34,0.42
2735,3800,362901.36,0.61
2736,26657,377581.88,0.66
2737,11629,167819.02,0.34
2738,29620,465694.17,0.65
2739,32104,85335.94,0.14
2740,10462,23217.91,0.71
2741,8517,106457.31,0.17
2742,14199,43974.17,0.54
2743,16099,208420.89,0.64
2744,26705,485180.48,0.35
2745,16702,141395.04,0.21
2746,34904,446454.43,0.65
2747,3597,211862.7,0.14
2748,26053,125148.03,0.13
2749,19260,437733.94,0.85
2750,23748,186175.01,0.61
2751,11903,195111.99,0.22
2752,20472,218529.97,0.27
2753,747,71419.39,0.13
2754,26618,219376.45,0.4
2755,14624,453330.14,0.52
2756,1489,179930.31,0.14
2757,22798,435538.38,0.14
2758,22375,50366.75,0.5
2759,23564,234236.62,0.22
2760,9406,139644.64,0.53
2761,23950,471025.91,0.12
2762,9744,419654.42,0.74
2763,33565,124901.33,0.89
2764,6173,213910.47,0.5
2765,32301,457959.12,0.65
2766,3058,385390.23,0.5
2767,1698,83971.92,0.24
2768,14369,185414.41,0.31
2769,31596,220801.89,0.39
2770,13274,123524.93,0.2
2771,793,73439.7,0.15
2772,26027,431914.38,0.47
2773,19413,473919.37,0.19
2774,25578,195539.43,0.75
2775,20162,315833.16,0.31
2776,29118,110486.76,0.48
2777,24529,390938.36,0.82
2778,28045,165908.64,0.37
2779,24381,379018.42,0.35
2780,24387,42076.7,0.39
2781,12476,191602.77,0.12
2782,27055,326045.86,0.83
2783,33953,39173.22,0.41
2784,10332,434442.04,0.29
2785,13550,400525.81,0.64
2786,27692,23490.0,0.78
2787,11397,426098.38,0.57
2788,27834,446623.08,0.59
2789,1912,490845.47,0.61
2790,25291,419043.46,0.76
2791,29225,20943.88,0.63
2792,13610,264271.48,0.77
2793,24100,457649.02,0.29
2794,4068,465777.59,0.64
2795,17386,496511.58,0.63
2796,24364,303310.65,0.51
2797,22578,361988.31,0.49
2798,15693,102600.44,0.75
2799,31988,127465.0,0.22
2800,17558,155746.09,0.38
2801,103,318940.67,0.88
2802,34882,31155.13,0.13
2803,32307,499406.65,0.49
2804,16008,142819.2,0.25
2805,31886,231342.6,0.16
2806,29622,19570.17,0.57
2807,20837,206667.52,0.15
2808,22784,355341.72,0.16
2809,29682,136966.37,0.49
2810,34132,473324.34,0.2
2811,30506,171903.0,0.11
2812,11546,144545.66,0.6
2813,15048,464288.96,0.6
2814,33785,91159.84,0.68
2815,33160,321434.36,0.68
2816,32650,221514.52,0.51
2817,21493,214116.34,0.67
2818,30215,129103.72,0.15
2819,16502,91256.47,0.33
2820,14773,192635.54,0.39
2821,13545,279636.43,0.15
2822,1612,401544.56,0.19
2823,8530,199142.57,0.52
2824,5062,51784.67,0.21
2825,33812,242760.55,0.31
2826,13468,335217.74,0.65
2827,852,53462.56,0.66
2828,14496,374899.64,0.5
2829,5994,414233.77,0.84
2830,21091,87073.53,0.63
2831,12678,419626.51,0.28
2832,25306,492513.77,0.8
2833,20342,335370.46,0.85
2834,18692,332576.81,0.63
2835,7616,32181.35,0.2
2836,23454,289453.8,0.61
2837,13659,147058.64,0.61
2838,24384,170040.03,0.52
2839,23364,257402.7,0.8
2840,27362,175050.35,0.56
2841,8686,167431.75,0.85
2842,21548,21546.6,0.25
2843,6255,237298.88,0.79
2844,10303,323632.15,0.43
2845,11123,250995.18,0.76
2846,15239,262802.84,0.87
2847,22115,230251.76,0.32
2848,11421,263463.84,0.34
2849,22857,368565.93,0.17
2850,10553,457918.96,0.23
2851,21066,132028.99,0.26
2852,30559,125172.86,0.6
2853,972,278671.5,0.55
2854,30979,420867.0,0.34
2855,21313,326415.57,0.86
2856,34029,380407.38,0.58
2857,9069,134961.8,0.66
2858,19344,492565.39,0.18
2859,34670,93311.97,0.84
2860,3780,222498.41,0.81
2861,15129,411794.5,0.66
2862,31204,166634.18,0.27
2863,31065,293704.8,0.41
2864,2793,38174.76,0.73
2865,26525,481852.0,0.62
2866,20379,455990.43,0.23
2867,23694,276692.32,0.63
2868,8105,300499.3,0.55
2869,27975,444295.0,0.48
2870,16878,499989.85,0.54
2871,10053,406702.83,0.48
2872,29642,470450.65,0.12
2873,10969,342769.82,0.86
2874,10801,249742.47,0.46
2875,9090,190207.15,0.63
2876,9757,324845.51,0.45
2877,15626,477938.53,0.12
2878,26458,49744.52,0.41
2879,9059,499476.64,0.19
2880,15566,318033.87,0.35
2881,34729,25000.37,0.5
2882,29119,486050.93,0.48
2883,29224,362824.93,0.75
2884,15593,397125.67,0.27
2885,11515,334652.56,0.47
2886,8956,259809.11,0.54
2887,31749,60898.97,0.89
2888,24243,408997.73,0.11
2889,20223,70345.78,0.63
2890,13089,160259.7,0.72
2891,26993,188152.35,0.37
2892,11149,293596.17,0.57
2893,474,281004.76,0.16
2894,11747,17343.36,0.41
2895,33210,69191.55,0.66
2896,4909,163202.27,0.56
2897,22340,474753.18,0.52
2898,20614,60186.52,0.26
2899,33160,362348.77,0.73
2900,15758,457527.98,0.48
2901,32626,198292.69,0.12
2902,4742,36881.13,0.9
2903,13603,16765.1,0.66
2904,1924,21241.11,0.77
2905,18554,83238.16,0.81
2906,6914,221912.11,0.48
2907,19297,66850.14,0.52
2908,9237,39642.45,0.37
2909,29908,283750.1,0.89
2910,21702,358208.52,0.67
2911,12706,168380.85,0.51
2912,19129,100172.57,0.56
2913,14911,76667.14,0.72
2914,7473,173988.28,0.38
2915,2359,293977.77,0.55
2916,446,312142.76,0.18
2917,15108,115563.4,0.75
2918,14254,463293.13,0.37
2919,3644,26253.06,0.32
2920,31120,258671.14,0.19
2921,8756,226508.93,0.45
2922,16434,92585.73,0.41
2923,4687,47997.61,0.59
2924,27145,83634.83,0.13
2925,2482,229466.89,0.28
2926,21133,358170.91,0.55
2927,12153,391678.25,0.53
2928,11878,140596.73,0.82
2929,19281,488237.5,0.67
2930,22704,191928.5,0.34
2931,24904,65721.55,0.65
2932,20045,28263.29,0.42
2933,17752,312722.17,0.7
2934,13004,32210.02,0.8
2935,21912,437573.82,0.59
2936,18264,195245.8,0.88
2937,31038,211585.42,0.59
2938,5299,311761.45,0.46
2939,25139,434261.8,0.8
2940,34207,208658.41,0.55
2941,32332,174150.2,0.78
2942,7801,118802.78,0.66
2943,17284,196344.73,0.26
2944,28806,466246.46,0.88
2945,21957,419648.01,0.32
2946,32599,289643.02,0.43
2947,5122,425474.92,0.18
2948,8071,380580.54,0.3
2949,18092,259349.03,0.2
2950,877,211747.97,0.24
2951,13534,439093.86,0.51
2952,12782,180744.3,0.41
2953,27415,108864.62,0.61
2954,28329,435867.16,0.59
2955,12268,457407.28,0.38
2956,34679,157436.32,0.61
2957,16867,249595.62,0.37
2958,5223,182167.38,0.77
2959,13078,281176.92,0.11
2960,16372,371304.26,0.49
2961,33537,469595.05,0.65
2962,33238,27587.45,0.85
2963,5812,159211.24,0.23
2964,14972,15895.8,0.12
2965,4908,358587.73,0.65
2966,26492,32267.02,0.15
2967,28326,329826.52,0.14
2968,14364,229638.13,0.87
2969,7753,205771.24,0.71
2970,27241,320436.81,0.44
2971,21149,378741.48,0.45
2972,10201,321331.83,0.82
2973,23516,496035.6,0.88
2974,10927,126822.73,0.58
2975,24214,252606.24,0.28
2976,2590,304567.08,0.59
2977,1961,393996.96,0.27
2978,21402,149324.68,0.55
2979,11286,369336.1,0.49
2980,23614,284556.91,0.3
2981,31508,172138.98,0.46
2982,7615,413657.21,0.72
2983,10945,247637.44,0.85
2984,23143,424112.83,0.59
2985,9972,305134.07,0.17
2986,27164,377192.43,0.82
2987,33582,339038.89,0.71
2988,5610,59641.02,0.37
2989,31904,477925.93,0.62
2990,31912,427762.97,0.17
2991,17780,392071.96,0.66
2992,18594,359960.7,0.65
2993,19788,292408.45,0.41
2994,15189,348134.81,0.24
2995,11866,41646.35,0.38
2996,1020,287799.67,0.55
2997,8287,133375.41,0.45
2998,9198,244551.32,0.4
2999,32960,287185.85,0.54
3000,28158,348226.03,0.68
3001,22051,457326.12,0.2
3002,5799,47091.93,0.33
3003,8198,136646.48,0.87
3004,7430,82780.88,0.6
3005,3348,339304.1,0.38
3006,19991,126813.63,0.37
3007,19466,229260.57,0.3
3008,15133,224668.78,0.36
3009,5396,446363.94,0.39
3010,13975,100996.55,0.57
3011,14324,127801.5,0.62
3012,28214,218046.38,0.36
3013,13372,89373.76,0.69
3014,7877,245214.82,0.85
3015,4814,55695.44,0.84
3016,23351,66194.72,0.52
3017,8828,85219.87,0.43
3018,32480,40457.58,0.59
3019,399,254180.23,0.65
3020,24323,151615.51,0.36
3021,34744,266946.32,0.19
3022,21222,498437.69,0.9
3023,12215,447996.36,0.55
3024,27025,123587.26,0.88
3025,30340,120262.78,0.58
3026,30027,341631.21,0.24
3027,31006,356004.22,0.17
3028,17366,29406.49,0.5
3029,27074,170781.5,0.47
3030,31761,165998.24,0.45
3031,32889,200275.8,0.8
3032,7608,481699.65,0.7
3033,5287,209295.52,0.14
3034,16156,449095.38,0.59
3035,31505,404345.93,0.5
3036,24393,231770.91,0.3
3037,7284,178013.44,0.32
3038,11428,217890.17,0.63
3039,31504,396953.88,0.26
3040,13797,39011.57,0.58
3041,24043,177516.43,0.32
3042,9610,318155.68,0.27
3043,19711,112478.7,0.51
3044,5600,396402.13,0.26
3045,15004,459044.98,0.44
3046,27578,446744.35,0.45
3047,26709,388350.92,0.3
3048,21197,141026.64,0.8
3049,7643,331191.36,0.43
3050,32326,232245.33,0.49
3051,27021,268637.1,0.42
3052,790,28613.78,0.83
3053,20108,212750.84,0.28
3054,8307,286953.76,0.76
3055,28120,328744.95,0.19
3056,18702,324622.38,0.24
3057,8646,95059.32,0.61
3058,24232,113708.6,0.32
3059,32060,223976.17,0.79
3060,22269,55806.21,0.51
3061,19439,293368.39,0.71
3062,27778,131203.32,0.54
3063,23079,76451.47,0.23
3064,28196,131506.32,0.27
3065,34781,326917.44,0.82
3066,1522,131642.35,0.2
3067,24414,376871.67,0.25
3068,1002,130334.06,0.45
3069,18297,218637.77,0.73
3070,11754,411569.01,0.58
3071,13527,456459.58,0.3
3072,34492,483193.94,0.43
3073,26090,318120.53,0.53
3074,13583,456388.84,0.36
3075,4260,20001.48,0.13
3076,7260,122113.38,0.44
3077,3048,212470.55,0.74
3078,8648,74029.85,0.36
3079,24004,178032.12,0.45
3080,5847,166373.51,0.59
3081,2375,363837.23,0.18
3082,2124,118346.18,0.3
3083,9398,236086.31,0.3
3084,9732,364449.05,0.81
3085,26943,340856.66,0.31
3086,34282,96229.77,0.55
3087,953,473916.81,0.41
3088,11871,234825.3,0.61
3089,24157,279354.73,0.27
3090,16427,148054.44,0.74
3091,24644,345986.16,0.12
3092,9149,125963.62,0.2
3093,19127,116754.97,0.52
3094,34977,59676.86,0.86
3095,26717,83547.26,0.55
3096,25402,208800.44,0.17
3097,24700,444669.85,0.42
3098,26891,460141.61,0.56
3099,5664,71551.47,0.54
3100,785,481533.67,0.81
3101,866,52228.01,0.34
3102,31201,140502.6,0.4
3103,9117,94245.72,0.49
3104,12038,188593.38,0.24
3105,15558,81831.17,0.66
3106,23486,59163.7,0.2
3107,15640,366549.98,0.26
3108,2240,26105.06,0.75
3109,20286,287142.9,0.51
3110,25268,116750.04,0.76
3111,11661,233670.19,0.47
3112,33230,155751.47,0.35
3113,9409,109825.24,0.58
3114,831,319453.68,0.83
3115,10014,91925.75,0.23
3116,29689,326143.56,0.6
3117,6889,22446.43,0.33
3118,409,186222.79,0.8
3119,27548,152282.21,0.49
3120,2430,43945.7,0.25
3121,4426,77656.53,0.43
3122,27896,482931.17,0.59
3123,677,103031.89,0.6
3124,1656,236723.13,0.24
3125,1984,26423.78,0.35
3126,32806,335147.2,0.64
3127,11186,81551.51,0.13
3128,34594,77845.24,0.6
3129,27030,282521.73,0.67
3130,13636,213956.36,0.34
3131,31325,37655.6,0.74
3132,10557,285585.78,0.39
3133,27810,432994.68,0.12
3134,23506,366328.25,0.24
3135,4015,158021.92,0.38
3136,26545,191368.24,0.69
3137,16718,281150.57,0.22
3138,2443,471631.95,0.74
3139,10514,314413.9,0.7
3140,2705,369271.66,0.68
3141,27557,174622.9,0.67
3142,32899,78336.42,0.51
3143,20972,61711.53,0.78
3144,27767,119327.9,0.49
3145,750,49371.02,0.31
3146,5154,228109.44,0.5
3147,22407,276581.83,0.23
3148,24846,336117.95,0.31
3149,1067,14609.2,0.84
3150,18171,331783.14,0.35
3151,5566,344527.7,0.81
3152,14623,199102.54,0.46
3153,19121,22577.45,0.17
3154,17757,413979.79,0.65
3155,28031,342966.63,0.71
3156,27014,422272.3,0.46
3157,3305,388885.35,0.26
3158,34382,492509.08,0.76
3159,12277,209211.59,0.54
3160,4045,459450.21,0.32
3161,26969,209979.8,0.57
3162,24030,252942.8,0.47
3163,20861,125949.57,0.69
3164,24219,370823.83,0.59
3165,27299,63464.8,0.57
3166,30501,116559.42,0.35
3167,16989,482252.17,0.7
3168,28936,212953.54,0.85
3169,24247,131616.4,0.27
3170,23848,143465.09,0.9
3171,30608,392318.38,0.85
3172,13396,317267.51,0.77
3173,22127,16049.7,0.62
3174,23146,218599.77,0.63
3175,22752,480631.82,0.57
3176,5351,15174.27,0.19
3177,24102,406642.69,0.47
3178,34186,391586.71,0.84
3179,29588,365585.11,0.83
3180,32280,25878.58,0.1
3181,27996,388660.0,0.79
3182,16119,240594.59,0.82
3183,24337,257959.79,0.46
3184,6154,46113.17,0.1
3185,30822,111825.1,0.88
3186,14305,254039.12,0.58
3187,12999,410685.29,0.61
3188,10222,281086.25,0.41
3189,8936,137673.16,0.28
3190,26358,213747.43,0.77
3191,19911,133777.87,0.88
3192,33798,183285.87,0.46
3193,18166,268237.92,0.44
3194,34776,172897.22,0.55
3195,9052,342859.0,0.84
3196,11553,332469.18,0.25
3197,22577,24255.42,0.88
3198,6146,454617.84,0.35
3199,23417,226626.35,0.39
3200,20950,224470.14,0.48
3201,31799,289629.05,0.29
3202,662,178087.26,0.69
3203,22612,171782.97,0.54
3204,30314,247951.11,0.39
3205,11118,105685.06,0.87
3206,15791,220648.96,0.19
3207,31604,480141.97,0.25
3208,21832,43381.62,0.58
3209,14069,57468.94,0.28
3210,151,154586.75,0.69
3211,15401,219732.12,0.41
3212,24428,67745.28,0.88
3213,19542,488937.0,0.19
3214,4210,270179.8,0.17
3215,21464,118674.4,0.82
3216,3918,62636.23,0.53
3217,19787,158349.58,0.78
3218,20882,166608.71,0.8
3219,19251,241149.21,0.59
3220,30455,292296.98,0.46
3221,24097,291285.58,0.66
3222,22033,418296.6,0.44
3223,3884,153029.45,0.8
3224,25205,205197.65,0.43
3225,13662,301112.79,0.77
3226,19294,28416.76,0.16
3227,16223,438778.99,0.45
3228,5103,469599.66,0.25
3229,21706,331449.95,0.55
3230,18114,325528.35,0.46
3231,23673,459596.38,0.42
3232,29489,351698.64,0.75
3233,4617,259652.29,0.31
3234,6904,274490.79,0.25
3235,5279,68248.47,0.71
3236,19412,223000.89,0.13
3237,497,479891.59,0.45
3238,4840,281611.26,0.57
3239,8460,226624.8,0.64
3240,29756,220714.56,0.48
3241,4765,464561.2,0.73
3242,32157,281964.16,0.19
3243,11789,125082.74,0.39
3244,7024,107657.21,0.28
3245,18378,351015.43,0.52
3246,20194,173461.15,0.62
3247,6756,498110.91,0.32
3248,6372,340452.07,0.55
3249,717,391603.94,0.15
3250,34954,363081.48,0.44
3251,16670,13045.96,0.56
3252,25059,139138.3,0.15
3253,19501,409206.63,0.14
3254,14573,462596.28,0.76
3255,2171,11415.77,0.53
3256,30982,103799.77,0.16
3257,29529,238028.75,0.81
3258,13884,448815.49,0.72
3259,4626,132362.03,0.83
3260,19101,409084.53,0.29
3261,10334,233473.07,0.71
3262,9753,470596.12,0.21
3263,20282,181316.07,0.24
3264,12002,455914.37,0.83
3265,23551,65284.21,0.78
3266,18573,326913.61,0.64
3267,7757,333231.29,0.19
3268,34230,12813.43,0.36
3269,23192,30695.18,0.22
3270,1517,46732.51,0.71
3271,23029,42430.18,0.58
3272,33197,125936.78,0.27
3273,23943,325155.02,0.4
3274,7305,119064.1,0.7
3275,4145,486677.81,0.49
3276,32723,257580.6,0.26
3277,12481,99210.49,0.26
3278,21140,119908.8,0.31
3279,33050,189436.37,0.39
3280,6526,252948.39,0.74
3281,1019,228255.3,0.16
3282,18460,151523.64,0.26
3283,20823,313340.37,0.25
3284,10715,74191.19,0.45
3285,29880,275223.31,0.76
3286,19244,152396.96,0.81
3287,8705,355121.35,0.35
3288,5209,288332.9,0.58
3289,2239,412040.17,0.88
3290,22329,286547.91,0.26
3291,33147,456177.56,0.47
3292,5419,304575.38,0.52
3293,10716,147463.84,0.36
3294,9308,53598.31,0.67
3295,9265,275206.97,0.88
3296,18853,320749.27,0.56
3297,26056,326389.72,0.8
3298,34968,474605.48,0.27
3299,30628,40593.98,0.44
3300,32830,50841.36,0.35
3301,18197,46361.92,0.55
3302,21237,139268.27,0.21
3303,28945,253368.78,0.54
3304,169,325176.17,0.48
3305,13703,321949.53,0.74
3306,16583,180751.08,0.1
3307,19072,181755.98,0.81
3308,30372,157717.08,0.44
3309,33769,169878.1,0.19
3310,33349,37270.2,0.45
3311,7742,253357.4,0.59
3312,2711,109831.62,0.31
3313,6338,260277.17,0.21
3314,8201,224434.26,0.41
3315,20714,111218.8,0.74
3316,21546,215953.35,0.35
3317,18457,108671.22,0.54
3318,26583,423946.28,0.56
3319,2736,452673.46,0.39
3320,14404,388128.85,0.23
3321,11376,198555.25,0.55
3322,32990,486198.74,0.33
3323,8505,272344.98,0.7
3324,15310,344148.69,0.6
3325,25181,361701.74,0.42
3326,22342,405841.47,0.25
3327,21015,35814.38,0.17
3328,2416,290443.46,0.16
3329,16522,350334.01,0.23
3330,13663,356235.2,0.66
3331,12857,238246.35,0.13
3332,14369,492646.28,0.68
3333,10176,396002.04,0.85
3334,7199,44844.39,0.31
3335,27575,63840.96,0.53
3336,31542,280311.54,0.78
3337,24729,30590.82,0.57
3338,34220,150028.8,0.56
3339,22050,122634.56,0.64
3340,24226,455274.25,0.17
3341,7765,30900.49,0.15
3342,2967,210279.56,0.83
3343,14865,80965.38,0.83
3344,9344,60874.09,0.33
3345,7110,81086.56,0.21
3346,22874,160409.85,0.46
3347,20079,192771.15,0.28
3348,15519,116057.37,0.89
3349,19877,475506.64,0.5
3350,10174,493724.98,0.81
3351,23124,231955.87,0.83
3352,28956,375012.36,0.42
3353,31340,354028.67,0.13
3354,21593,476171.51,0.41
3355,25075,332608.65,0.5
3356,34064,130428.36,0.68
3357,30910,357465.28,0.33
3358,30168,468251.04,0.52
3359,34377,151357.09,0.67
3360,3752,117391.13,0.48
3361,10086,201489.05,0.46
3362,29178,17832.74,0.87
3363,648,323818.25,0.22
3364,8379,303232.84,0.62
3365,5327,190355.79,0.56
3366,27041,342482.21,0.56
3367,21620,414006.24,0.66
3368,22412,188695.44,0.59
3369,20207,88686.59,0.85
3370,24568,332165.3,0.69
3371,18082,360247.5,0.88
3372,10307,194621.43,0.13
3373,15363,487815.83,0.4
3374,24333,215471.09,0.81
3375,6885,36472.9,0.79
3376,27826,184737.54,0.83
3377,9538,167661.45,0.88
3378,2466,182197.59,0.32
3379,16045,355255.57,0.44
3380,27715,480078.59,0.1
3381,6522,237872.8,0.44
3382,24243,335961.96,0.84
3383,8832,247786.54,0.43
3384,13725,165299.28,0.33
3385,2320,409631.61,0.35
3386,14968,412371.46,0.82
3387,30387,369621.63,0.61
3388,32763,153158.25,0.88
3389,10478,421036.56,0.64
3390,14314,69373.33,0.78
3391,2384,27544.19,0.3
3392,29846,352463.91,0.58
3393,26118,130936.07,0.62
3394,12163,456351.93,0.55
3395,13363,475578.11,0.59
3396,33171,412044.8,0.33
3397,32950,148719.98,0.79
3398,3886,180940.65,0.77
3399,3002,371824.78,0.89
3400,15345,390020.43,0.29
3401,27848,410369.07,0.37
3402,26540,196388.5,0.37
3403,29634,229770.34,0.49
3404,31540,437437.99,0.4
3405,22114,452431.25,0.6
3406,31508,410708.42,0.59
3407,27730,255171.7,0.13
3408,18352,102520.14,0.48
3409,9455,150582.96,0.69
3410,32335,320156.51,0.75
3411,3573,128419.63,0.33
3412,2013,475909.91,0.63
3413,28839,234195.66,0.36
3414,18959,61735.41,0.55
3415,4732,58878.35,0.14
3416,27384,103150.28,0.51
3417,4156,82872.04,0.71
3418,32189,33564.79,0.61
3419,32908,88990.31,0.41
3420,17830,351640.22,0.27
3421,31949,138306.08,0.56
3422,23157,113225.66,0.17
3423,5194,27891.97,0.3
3424,29936,191970.22,0.9
3425,1962,461999.61,0.54
3426,634,472476.04,0.76
3427,27008,54133.55,0.58
3428,12759,108168.93,0.85
3429,34616,362493.75,0.69
3430,19536,224160.07,0.35
3431,16244,407514.06,0.53
3432,32260,173602.41,0.34
3433,435,373077.79,0.11
3434,632,142791.2,0.59
3435,34639,116611.51,0.8
3436,4023,413226.52,0.71
3437,6391,244117.04,0.24
3438,21482,62683.71,0.2
3439,29830,90559.75,0.38
3440,31408,356121.63,0.6
3441,17161,376608.34,0.74
3442,32281,59765.54,0.33
3443,14479,338704.16,0.22
3444,15444,56676.16,0.83
3445,21854,259951.03,0.9
3446,1108,92275.81,0.51
3447,5215,26751.8,0.14
3448,32032,46932.87,0.84
3449,29960,326323.37,0.12
3450,15364,473317.37,0.42
3451,13442,318264.74,0.9
3452,16845,438401.83,0.87
3453,26715,442490.91,0.5
3454,30871,319632.99,0.89
3455,11241,57285.55,0.78
3456,24254,285626.43,0.18
3457,26128,204291.73,0.71
3458,7157,85276.44,0.18
3459,9958,90563.25,0.36
3460,17317,323541.1,0.88
3461,32096,386325.83,0.68
3462,254,204489.34,0.45
3463,21124,242660.06,0.82
3464,18925,444389.39,0.43
3465,31887,276065.43,0.42
3466,25502,89716.2,0.76
3467,24516,59090.51,0.14
3468,33501,12811.93,0.65
3469,21128,86101.5,0.35
3470,32793,384114.5,0.42
3471,30265,369751.52,0.56
3472,4057,133836.3,0.28
3473,29543,273261.72,0.72
3474,33834,69976.95,0.87
3475,33746,339933.9,0.21
3476,4597,456293.91,0.75
3477,1653,13136.5,0.21
3478,15270,160463.73,0.8
3479,15081,135069.81,0.52
3480,11031,278773.7,0.11
3481,14950,487360.39,0.72
3482,28002,159496.07,0.11
3483,32987,57490.32,0.55
3484,22849,494160.34,0.51
3485,14605,116560.36,0.28
3486,13557,444722.47,0.27
3487,28644,450030.97,0.88
3488,6663,262559.75,0.11
3489,22872,403195.32,0.71
3490,28551,262337.53,0.2
3491,27157,96731.41,0.66
3492,13890,400906.31,0.35
3493,17816,423032.49,0.29
3494,15730,258419.34,0.33
3495,34221,482614.63,0.14
3496,4076,489466.88,0.52
3497,34977,123345.89,0.32
3498,26162,102719.81,0.42
3499,32134,261177.34,0.69
3500,22746,125860.25,0.64
3501,17975,347440.71,0.2
3502,9807,325651.73,0.79
3503,6344,368088.84,0.86
3504,15480,208133.03,0.57
3505,3537,144465.92,0.5
3506,13785,156777.58,0.74
3507,24560,327432.18,0.6
3508,25361,62245.21,0.36
3509,20037,29591.84,0.2
3510,32169,60429.34,0.6
3511,25326,353444.51,0.27
3512,29423,368077.65,0.11
3513,4695,183817.72,0.16
3514,27570,24212.42,0.19
3515,3050,462656.27,0.76
3516,10282,388763.06,0.45
3517,13243,281881.95,0.42
3518,29545,121898.94,0.59
3519,20775,160321.13,0.21
3520,34134,370301.36,0.24
3521,23806,282930.03,0.36
3522,11669,235216.4,0.72
3523,22500,223890.61,0.24
3524,12534,213649.35,0.79
3525,34369,447963.33,0.51
3526,19969,141873.57,0.36
3527,11470,46765.05,0.13
3528,30216,428846.06,0.74
3529,30521,235523.1,0.79
3530,15519,104878.44,0.17
3531,12967,13209.83,0.58
3532,11029,467794.0,0.65
3533,22477,256403.72,0.25
3534,22356,323437.59,0.67
3535,24062,261282.41,0.79
3536,30161,43181.13,0.21
3537,2373,296001.01,0.56
3538,18138,81254.71,0.69
3539,5167,137287.19,0.69
3540,32182,65779.22,0.11
3541,31697,89549.74,0.72
3542,15256,409844.66,0.31
3543,20520,427700.21,0.79
3544,15012,106543.89,0.65
3545,27389,75674.78,0.33
3546,6599,329707.37,0.7
3547,27319,150791.31,0.55
3548,8816,17079.95,0.1
3549,30077,310008.66,0.33
3550,27033,177680.04,0.55
3551,31969,367099.31,0.39
3552,6525,236164.27,0.87
3553,4668,233174.44,0.24
3554,26659,401820.79,0.34
3555,23978,65172.43,0.22
3556,10151,153291.27,0.8
3557,9297,254721.27,0.1
3558,34025,394540.33,0.7
3559,31833,216669.0,0.89
3560,33868,43284.07,0.75
3561,6466,117239.11,0.84
3562,14985,364614.33,0.64
3563,13689,376649.24,0.72
3564,19756,444693.54,0.44
3565,21221,245156.32,0.51
3566,10881,466804.73,0.24
3567,29019,185034.7,0.42
3568,10271,110188.5,0.55
3569,17594,195570.61,0.3
3570,20521,156249.52,0.52
3571,28786,396395.61,0.71
3572,4780,387820.09,0.7
3573,24303,328423.19,0.83
3574,28559,470745.86,0.85
3575,28291,379978.95,0.11
3576,705,371903.59,0.22
3577,2456,263717.44,0.57
3578,17722,281456.71,0.29
3579,31556,125269.12,0.67
3580,7945,329669.46,0.18
3581,14839,171602.27,0.21
3582,7286,134085.4,0.87
3583,31522,155434.23,0.1
3584,23709,102045.61,0.36
3585,27759,336683.63,0.77
3586,27060,61651.02,0.29
3587,6748,74880.42,0.81
3588,6917,165752.95,0.24
3589,20114,399626.76,0.77
3590,12414,487986.89,0.59
3591,21624,73570.62,0.24
3592,28474,130211.4,0.21
3593,639,469741.45,0.17
3594,3480,312195.96,0.27
3595,2522,447996.1,0.34
3596,23872,161795.39,0.78
3597,24010,104933.88,0.87
3598,10577,104598.88,0.57
3599,2304,125604.59,0.37
3600,9345,154815.01,0.49
3601,9764,187007.68,0.39
3602,30912,480605.19,0.63
3603,11168,438362.37,0.84
3604,15411,169992.71,0.31
3605,23460,143839.28,0.46
3606,9134,259538.24,0.45
3607,22242,440614.21,0.42
3608,14202,215513.71,0.87
3609,13341,143370.36,0.67
3610,2561,466058.45,0.37
3611,10222,360626.52,0.72
3612,32735,464421.61,0.57
3613,2273,180386.37,0.5
3614,8050,98578.29,0.52
3615,32110,489670.83,0.51
3616,1423,294415.09,0.21
3617,34393,465675.48,0.52
3618,6989,352364.06,0.34
3619,9297,341043.39,0.4
3620,10645,357558.86,0.44
3621,34370,335704.68,0.84
3622,1952,120598.32,0.44
3623,9822,453569.02,0.46
3624,1969,181361.42,0.75
3625,18043,47286.33,0.18
3626,23797,285012.51,0.64
3627,9253,26045.0,0.86
3628,19518,283981.24,0.77
3629,1690,458861.5,0.29
3630,26641,482139.58,0.74
3631,25806,338591.05,0.56
3632,10806,433062.92,0.38
3633,30801,154979.76,0.69
3634,14801,347852.94,0.72
3635,12529,410394.75,0.36
3636,18344,474854.32,0.7
3637,6662,424749.27,0.24
3638,34810,275983.86,0.28
3639,25957,277132.66,0.32
3640,24335,138202.79,0.3
3641,17128,466115.05,0.16
3642,440,104765.42,0.34
3643,14553,156825.67,0.3
3644,14045,366282.76,0.33
3645,19586,354142.55,0.2
3646,15939,92929.52,0.6
3647,22123,487202.98,0.29
3648,9695,417586.24,0.22
3649,5374,307423.98,0.85
3650,5771,267647.12,0.39
3651,14449,465916.64,0.4
3652,8104,368743.25,0.5
3653,92,450230.96,0.4
3654,21240,61777.28,0.53
3655,13850,144429.85,0.69
3656,27559,368854.67,0.41
3657,23649,312065.32,0.48
3658,5028,361693.55,0.46
3659,32243,377208.35,0.27
3660,21854,47191.32,0.9
3661,26092,252130.93,0.47
3662,30597,440110.47,0.5
3663,26821,248212.58,0.25
3664,10364,382164.94,0.6
3665,7370,167726.23,0.36
3666,13998,364888.29,0.23
3667,15829,81721.63,0.8
3668,21632,134512.07,0.58
3669,11084,355939.41,0.73
3670,31873,414676.26,0.81
3671,32540,329361.56,0.77
3672,26151,119513.29,0.18
3673,5478,466368.95,0.24
3674,9524,489976.07,0.28
3675,4109,426031.65,0.29
3676,29693,187568.21,0.53
3677,28782,279530.59,0.25
3678,5056,296770.83,0.58
3679,29988,133131.16,0.46
3680,20226,493039.4,0.29
3681,8062,166442.78,0.29
3682,6829,454814.23,0.16
3683,26065,240865.69,0.25
3684,5043,22719.93,0.28
3685,24267,301141.08,0.49
3686,872,54442.11,0.36
3687,19349,282800.63,0.71
3688,10952,351475.55,0.59
3689,21832,288736.34,0.66
3690,29232,136404.39,0.88
3691,30246,153978.93,0.35
3692,24255,97719.11,0.19
3693,28959,470046.88,0.18
3694,21359,196384.4,0.25
3695,7093,375019.38,0.19
3696,23776,437809.7,0.72
3697,20169,304673.53,0.87
3698,18736,227490.5,0.64
3699,3841,317289.03,0.39
3700,12617,26192.39,0.26
3701,17888,99019.33,0.31
3702,17359,25519.13,0.31
3703,27247,409745.22,0.77
3704,9579,434741.82,0.51
3705,13149,118254.74,0.17
3706,32346,14410.78,0.88
3707,31312,388083.19,0.64
3708,10966,460182.05,0.47
3709,769,494498.42,0.71
3710,23664,143316.3,0.79
3711,11521,468768.26,0.7
3712,18557,82547.79,0.76
3713,2052,113727.54,0.49
3714,28521,289436.93,0.73
3715,25129,260823.99,0.88
3716,22861,36769.4,0.5
3717,13661,352079.58,0.48
3718,4560,300452.3,0.74
3719,15364,341001.29,0.44
3720,29648,449181.99,0.6
3721,3682,336202.3,0.3
3722,22402,74999.37,0.26
3723,24833,376836.31,0.26
3724,16995,355841.17,0.49
3725,4792,247852.07,0.24
3726,25143,22023.7,0.62
3727,6886,442946.61,0.26
3728,12566,419551.4,0.14
3729,24310,90069.15,0.17
3730,8719,464115.42,0.5
3731,8557,326613.07,0.59
3732,7561,485047.02,0.36
3733,6721,323531.66,0.65
3734,10782,213800.59,0.16
3735,1940,279990.89,0.3
3736,7257,332088.97,0.17
3737,26842,239200.11,0.48
3738,6950,75923.79,0.87
3739,27305,60570.51,0.72
3740,11625,18760.16,0.61
3741,5757,77803.53,0.3
3742,6964,76630.89,0.26
3743,23839,461890.34,0.68
3744,15329,322293.64,0.58
3745,6727,223699.62,0.86
3746,3815,31498.15,0.33
3747,13626,384121.07,0.69
3748,27794,314037.88,0.64
3749,4115,282802.48,0.5
3750,6507,46316.75,0.36
3751,33417,261467.71,0.14
3752,31347,286304.69,0.14
3753,33576,467991.62,0.44
3754,20984,350908.08,0.86
3755,24230,121174.39,0.34
3756,28879,46489.0,0.49
3757,24905,119236.24,0.62
3758,30644,130524.61,0.24
3759,10285,85543.27,0.77
3760,16216,86495.11,0.83
3761,16806,41735.62,0.24
3762,26969,88160.46,0.12
3763,7956,65736.36,0.47
3764,16324,435857.97,0.81
3765,34589,176567.96,0.41
3766,13392,393969.28,0.24
3767,33939,402331.9,0.83
3768,11170,279202.56,0.27
3769,1654,392815.66,0.65
3770,3657,389469.58,0.47
3771,3241,230705.71,0.72
3772,31430,33883.2,0.33
3773,23234,377367.66,0.3
3774,21020,331179.96,0.28
3775,23899,168955.76,0.12
3776,27547,272359.08,0.41
3777,11942,18049.85,0.87
3778,28025,135363.62,0.74
3779,30828,212877.85,0.85
3780,27139,200341.66,0.77
3781,988,482003.47,0.44
3782,4111,371832.02,0.16
3783,3106,253682.01,0.81
3784,17755,445147.66,0.15
3785,17268,102417.75,0.79
3786,28229,473885.55,0.58
3787,1818,32503.04,0.29
3788,18306,393606.85,0.81
3789,25878,382103.68,0.81
3790,25535,29139.59,0.64
3791,11578,478322.29,0.4
3792,20894,45857.53,0.24
3793,20078,395801.72,0.17
3794,20362,393283.81,0.77
3795,32101,135666.15,0.9
3796,29298,73327.45,0.26
3797,32462,80121.64,0.59
3798,26626,20948.87,0.61
3799,17798,31708.39,0.79
3800,10609,115649.14,0.76
3801,19343,411402.04,0.6
3802,1001,346720.77,0.76
3803,18880,261941.19,0.32
3804,25269,150816.18,0.16
3805,27785,386722.74,0.15
3806,2856,91013.64,0.81
3807,1417,260804.19,0.32
3808,12648,262581.79,0.54
3809,16698,473230.48,0.33
3810,8607,103805.5,0.83
3811,33936,234650.98,0.57
3812,17612,209047.26,0.8
3813,19817,96372.58,0.25
3814,25033,130260.49,0.65
3815,32622,316624.12,0.16
3816,13892,364381.99,0.73
3817,23525,459235.07,0.39
3818,21644,426024.16,0.21
3819,24949,147413.48,0.39
3820,2586,177873.62,0.78
3821,13041,166300.33,0.52
3822,29909,445712.45,0.35
3823,8618,122810.89,0.53
3824,19777,342905.72,0.15
3825,7211,485528.58,0.74
3826,6053,431343.12,0.54
3827,6651,354158.51,0.16
3828,14349,493804.75,0.67
3829,7886,236845.14,0.72
3830,7688,165540.93,0.13
3831,12407,45579.38,0.24
3832,14673,255258.09,0.38
3833,27669,64358.26,0.15
3834,32877,27913.98,0.31
3835,25669,142562.51,0.52
3836,9222,289595.95,0.25
3837,11382,321722.17,0.47
3838,307,346733.17,0.85
3839,18019,292487.53,0.25
3840,7717,491175.59,0.28
3841,34350,108501.22,0.64
3842,34955,265683.34,0.25
3843,1453,493305.82,0.26
3844,21533,72448.52,0.86
3845,27338,176189.72,0.88
3846,23510,355310.49,0.18
3847,3170,162611.45,0.58
3848,21841,353511.15,0.32
3849,31143,426548.69,0.15
3850,9255,201215.17,0.15
3851,28823,323689.3,0.11
3852,30520,482096.48,0.76
3853,23520,341552.92,0.19
3854,16571,131673.12,0.2
3855,8963,64483.92,0.53
3856,20904,247911.48,0.5
3857,12613,241014.63,0.75
3858,15520,49604.65,0.54
3859,12461,104096.56,0.44
3860,30446,140608.34,0.18
3861,30536,339649.38,0.12
3862,22359,46589.87,0.49
3863,30378,310655.64,0.81
3864,33848,278921.11,0.41
3865,23270,154247.7,0.6
3866,24320,284262.86,0.83
3867,3892,198305.23,0.48
3868,9823,162062.97,0.69
3869,13100,128910.11,0.31
3870,17993,68436.57,0.11
3871,22461,120499.39,0.48
3872,13250,230199.43,0.81
3873,26939,405783.02,0.15
3874,18439,246340.68,0.7
3875,22168,393599.94,0.54
3876,32087,105858.96,0.27
3877,9973,64251.12,0.26
3878,21124,482801.08,0.32
3879,18908,71507.9,0.14
3880,30517,120506.76,0.15
3881,16297,60478.4,0.17
3882,23741,24837.26,0.13
3883,20619,405176.85,0.18
3884,6040,345233.81,0.22
3885,20869,435529.03,0.45
3886,31869,41391.1,0.23
3887,26046,37847.4,0.11
3888,11300,475279.31,0.34
3889,20575,395670.26,0.12
3890,25510,218165.01,0.34
3891,26935,478535.64,0.68
3892,32582,144766.06,0.17
3893,5793,120539.99,0.34
3894,13349,321470.15,0.72
3895,4885,414973.04,0.2
3896,15748,285313.07,0.9
3897,14071,144199.09,0.5
3898,17586,466699.38,0.12
3899,10220,29746.46,0.43
3900,1620,284559.58,0.75
3901,28990,64939.88,0.2
3902,23256,82527.14,0.17
3903,9473,291716.0,0.59
3904,9189,236098.38,0.13
3905,15945,471415.57,0.89
3906,18601,60745.46,0.5
3907,9345,19693.1,0.59
3908,15450,247649.06,0.84
3909,1686,489727.61,0.79
3910,13678,208480.94,0.11
3911,25958,396862.4,0.52
3912,18518,165279.7,0.26
3913,12733,429916.49,0.16
3914,30048,382878.47,0.75
3915,26685,426305.92,0.55
3916,21432,248905.35,0.7
3917,28446,20840.63,0.51
3918,17928,298819.06,0.51
3919,27965,152871.04,0.24
3920,34966,369738.01,0.62
3921,8194,458452.17,0.35
3922,31241,394700.57,0.29
3923,30898,60494.72,0.84
3924,10191,239062.2,0.49
3925,9939,321783.56,0.28
3926,31218,96687.57,0.82
3927,15804,194630.7,0.85
3928,10155,378075.34,0.34
3929,27549,481375.96,0.27
3930,8618,377356.75,0.26
3931,689,489583.51,0.36
3932,8503,436432.21,0.41
3933,1354,185506.39,0.85
3934,32294,98555.74,0.45
3935,18256,481733.66,0.5
3936,1417,484719.69,0.71
3937,17607,68220.06,0.12
3938,21964,419629.72,0.47
3939,17933,133135.49,0.43
3940,3236,75150.01,0.19
3941,18944,397936.42,0.86
3942,6843,234618.33,0.87
3943,16910,216609.99,0.77
3944,2740,191789.66,0.62
3945,15871,413028.32,0.23
3946,15532,253341.9,0.51
3947,19352,90585.89,0.79
3948,12233,298557.05,0.44
3949,34231,202789.58,0.39
3950,8600,89504.12,0.19
3951,8077,480940.75,0.4
3952,27768,196866.04,0.5
3953,33634,29897.91,0.43
3954,16919,498007.86,0.69
3955,24013,490094.36,0.4
3956,13922,101107.98,0.8
3957,13486,473121.5,0.67
3958,18559,340572.68,0.36
3959,31307,179768.21,0.53
3960,11734,25089.35,0.76
3961,22019,381810.74,0.34
3962,15912,294999.39,0.56
3963,17450,106678.98,0.59
3964,8366,438315.83,0.38
3965,2957,353384.49,0.35
3966,21716,31764.44,0.41
3967,12080,286034.87,0.59
3968,23369,479065.79,0.82
3969,13247,20608.48,0.12
3970,21928,19120.13,0.21
3971,12212,325528.04,0.56
3972,13665,161849.4,0.64
3973,6982,452758.26,0.87
3974,18460,467213.89,0.82
3975,30352,410913.07,0.44
3976,13977,340125.75,0.83
3977,34181,487210.1,0.29
3978,13792,493870.13,0.45
3979,25323,383536.21,0.85
3980,651,407866.14,0.77
3981,24674,142611.92,0.18
3982,13939,52422.97,0.47
3983,33354,490339.95,0.34
3984,29912,189293.89,0.17
3985,8642,90784.81,0.39
3986,5840,173498.56,0.2
3987,8968,251222.52,0.25
3988,7907,104680.83,0.23
3989,21862,124171.95,0.39
3990,31342,329256.35,0.87
3991,26334,254480.24,0.55
3992,7395,42213.25,0.49
3993,23286,422856.52,0.76
3994,27928,109509.97,0.64
3995,7167,17907.17,0.54
3996,28954,203827.08,0.23
3997,30521,98349.95,0.74
3998,24696,317275.4,0.84
3999,19655,117596.53,0.82
4000,28732,226934.3,0.73
4001,3837,252041.97,0.89
4002,20270,95726.98,0.71
4003,11843,467091.41,0.53
4004,30846,183416.39,0.53
4005,31458,479965.45,0.12
4006,33650,281381.03,0.19
4007,11744,385321.35,0.67
4008,9700,119165.5,0.15
4009,718,146376.82,0.76
4010,25115,107635.87,0.83
4011,18003,288208.84,0.58
4012,10901,247784.13,0.66
4013,1062,281397.67,0.3
4014,33566,198050.25,0.14
4015,12344,108151.88,0.85
4016,7855,124001.87,0.33
4017,34463,213711.69,0.65
4018,19897,30360.89,0.46
4019,23616,127539.78,0.24
4020,12169,380540.19,0.76
4021,34169,23501.89,0.31
4022,28780,180404.42,0.14
4023,1709,104734.57,0.26
4024,11666,385641.86,0.68
4025,19113,375722.32,0.17
4026,9871,283573.57,0.19
4027,6027,381228.85,0.52
4028,22357,337033.48,0.29
4029,16413,436649.96,0.21
4030,2054,201281.16,0.32
4031,3704,120301.45,0.64
4032,12395,132042.45,0.69
4033,34074,26109.55,0.52
4034,14390,157668.69,0.4
4035,30307,196435.34,0.8
4036,24369,330528.03,0.42
4037,12389,260301.09,0.56
4038,22299,371128.16,0.32
4039,4599,16731.24,0.87
4040,27225,444050.23,0.81
4041,6092,479522.13,0.81
4042,14178,86714.2,0.16
4043,12836,200078.7,0.48
4044,28909,123066.14,0.6
4045,13948,143175.39,0.5
4046,13208,175342.11,0.57
4047,15828,220406.15,0.5
4048,33503,59050.6,0.87
4049,7187,290627.69,0.44
4050,29233,158740.87,0.52
4051,31215,266056.27,0.18
4052,32813,427516.85,0.14
4053,32852,454489.34,0.44
4054,22009,152970.1,0.12
4055,3171,270809.62,0.24
4056,12008,364925.94,0.62
4057,26139,466920.59,0.33
4058,7958,121861.25,0.49
4059,1183,403703.08,0.86
4060,1620,195507.19,0.32
4061,13607,11537.86,0.7
4062,4131,77616.42,0.88
4063,14103,109823.54,0.77
4064,16776,163406.36,0.32
4065,34199,239370.19,0.52
4066,20,406820.33,0.81
4067,20246,236698.8,0.33
4068,818,139396.85,0.44
4069,30705,353627.02,0.55
4070,31877,62943.03,0.15
4071,20857,284092.37,0.57
4072,17848,66640.64,0.17
4073,12824,75265.49,0.73
4074,4785,113812.51,0.85
4075,26179,399859.48,0.58
4076,27062,84042.65,0.11
4077,22350,79292.98,0.45
4078,13726,97720.66,0.23
4079,15545,189617.56,0.18
4080,18064,246650.0,0.48
4081,34280,213199.43,0.88
4082,30998,170922.23,0.58
4083,15183,125765.26,0.58
4084,15675,435870.37,0.86
4085,13374,199330.01,0.72
4086,31329,458392.92,0.83
4087,22086,104585.19,0.62
4088,33716,255312.78,0.66
4089,7427,389463.68,0.59
4090,13302,228924.9,0.84
4091,30688,15613.42,0.18
4092,20194,367790.3,0.43
4093,12360,495008.59,0.13
4094,29760,407476.13,0.9
4095,29574,377466.06,0.81
4096,2482,79473.27,0.72
4097,4288,382013.82,0.24
4098,6981,495265.25,0.44
4099,26837,221780.46,0.66
4100,18399,356896.32,0.26
4101,9444,14875.37,0.76
4102,27216,181129.72,0.74
4103,27414,417856.43,0.47
4104,18518,218964.86,0.45
4105,12810,160227.27,0.86
4106,281,257973.29,0.61
4107,27803,458879.31,0.49
4108,10793,103477.53,0.27
4109,32229,218745.67,0.44
4110,21218,159174.47,0.75
4111,8269,14432.48,0.61
4112,19009,22257.61,0.65
4113,24345,341323.98,0.79
4114,11490,77001.84,0.72
4115,13138,436184.08,0.18
4116,7443,374104.56,0.17
4117,8149,19042.5,0.25
4118,24120,458885.81,0.63
4119,15233,18509.1,0.37
4120,21725,124265.18,0.53
4121,32904,97769.77,0.24
4122,23144,209868.58,0.82
4123,27658,478158.33,0.68
4124,13010,30809.96,0.16
4125,17066,483180.36,0.68
4126,6183,197294.54,0.47
4127,26630,273536.72,0.34
4128,24840,430125.11,0.64
4129,1819,270134.15,0.77
4130,24267,54861.98,0.64
4131,22398,275689.88,0.63
4132,20471,89037.9,0.59
4133,21028,388942.23,0.26
4134,23618,293323.6,0.75
4135,21297,272853.3,0.42
4136,34231,136048.14,0.73
4137,27252,124389.92,0.71
4138,12341,460058.43,0.62
4139,34267,47334.64,0.58
4140,13616,237181.97,0.5
4141,19593,108714.16,0.47
4142,31473,49512.15,0.1
4143,18035,253189.19,0.64
4144,4040,67093.16,0.87
4145,24024,190165.04,0.57
4146,7069,27902.27,0.49
4147,2456,430699.78,0.67
4148,9448,212096.12,0.13
4149,10472,197591.63,0.53
4150,10239,416863.42,0.35
4151,30383,196632.38,0.73
4152,33220,349721.86,0.65
4153,23065,351480.49,0.35
4154,3839,414991.58,0.1
4155,23769,458670.52,0.56
4156,32117,289222.86,0.81
4157,34708,122443.3,0.57
4158,33380,299444.35,0.41
4159,21370,433768.0,0.54
4160,30140,175593.11,0.27
4161,21286,312817.46,0.18
4162,728,242848.74,0.36
4163,21823,136694.03,0.59
4164,3477,78509.06,0.16
4165,32261,212333.22,0.71
4166,23846,62888.71,0.71
4167,29303,64424.03,0.63
4168,34457,426709.94,0.37
4169,11503,462857.51,0.9
4170,22890,100911.81,0.78
4171,31241,96603.25,0.27
4172,5664,16091.02,0.3
4173,2292,265893.46,0.13
4174,7861,460076.47,0.37
4175,14395,430205.76,0.32
4176,29202,235943.33,0.72
4177,29983,306232.48,0.48
4178,28208,291403.94,0.24
4179,10315,486762.82,0.77
4180,17293,432420.97,0.41
4181,25495,413391.27,0.64
4182,5212,195100.38,0.35
4183,34762,192925.81,0.57
4184,23806,119522.37,0.21
4185,29495,109049.9,0.81
4186,26651,178338.4,0.28
4187,14816,80986.77,0.81
4188,6885,114269.09,0.61
4189,21668,437159.33,0.25
4190,2263,31182.61,0.53
4191,12619,81107.51,0.86
4192,26390,128775.31,0.62
4193,10962,355307.11,0.4
4194,26749,343066.08,0.23
4195,26772,82393.9,0.63
4196,12037,385774.19,0.3
4197,9989,497236.98,0.8
4198,2740,260877.51,0.34
4199,10127,309824.19,0.18
4200,1827,212176.85,0.88
4201,33596,61411.53,0.15
4202,33294,25178.99,0.18
4203,10643,43954.75,0.42
4204,26162,31045.24,0.29
4205,7215,450134.94,0.71
4206,22849,24429.53,0.22
4207,881,34430.37,0.4
4208,5632,96239.78,0.28
4209,27343,346066.28,0.27
4210,33465,34983.21,0.41
4211,31021,357570.33,0.58
4212,12111,354361.99,0.38
4213,28560,90449.61,0.36
4214,9509,164888.11,0.63
4215,10984,87240.71,0.37
4216,6897,210958.96,0.47
4217,32801,354813.13,0.15
4218,17878,292777.78,0.77
4219,29524,390568.17,0.43
4220,26633,282438.44,0.85
4221,11093,295296.58,0.15
4222,9273,494327.43,0.52
4223,13358,87723.14,0.4
4224,6651,188557.69,0.72
4225,16183,308185.49,0.65
4226,14767,106018.34,0.48
4227,12032,73565.57,0.28
4228,20873,30248.15,0.59
4229,32114,24338.82,0.12
4230,561,208359.59,0.35
4231,13904,216791.74,0.76
4232,27800,13936.47,0.77
4233,4342,247031.92,0.55
4234,27122,265318.01,0.42
4235,2568,207012.29,0.16
4236,11919,250039.15,0.87
4237,25160,182060.98,0.29
4238,21939,398957.54,0.23
4239,25215,297166.6,0.61
4240,7343,312368.56,0.47
4241,27381,395612.99,0.73
4242,17065,156452.0,0.58
4243,23413,295774.04,0.67
4244,21619,186750.51,0.7
4245,22842,132746.24,0.72
4246,8102,213359.35,0.55
4247,18531,405761.32,0.39
4248,13698,384707.93,0.27
4249,28375,80224.47,0.33
4250,1967,459656.32,0.6
4251,24141,108601.08,0.53
4252,17389,92618.4,0.25
4253,1392,469350.49,0.24
4254,33799,46395.4,0.87
4255,21206,254514.73,0.47
4256,29966,157681.42,0.41
4257,26631,421693.8,0.12
4258,28049,268608.97,0.55
4259,32733,445210.36,0.44
4260,18128,235103.13,0.7
4261,32346,263031.89,0.7
4262,22380,482566.67,0.58
4263,5260,252683.81,0.29
4264,14041,74041.42,0.21
4265,27109,231317.54,0.3
4266,25795,472358.03,0.66
4267,29566,51625.03,0.22
4268,3202,138932.59,0.13
4269,24350,54430.41,0.67
4270,13746,405321.79,0.48
4271,29909,405144.79,0.31
4272,20931,148873.61,0.82
4273,677,425023.07,0.45
4274,8421,482607.48,0.59
4275,8171,435544.95,0.86
4276,27821,144052.11,0.75
4277,24242,497338.9,0.17
4278,25519,55817.02,0.43
4279,11709,165351.8,0.33
4280,5357,384973.39,0.76
4281,14838,193917.82,0.2
4282,19122,220449.24,0.14
4283,31448,499331.37,0.33
4284,18762,341229.93,0.57
4285,33563,410275.13,0.84
4286,23082,168604.92,0.86
4287,21083,427163.74,0.49
4288,6819,99422.04,0.57
4289,30959,223070.29,0.11
4290,16294,53032.0,0.79
4291,34269,22966.48,0.35
4292,18550,120684.78,0.51
4293,10335,187745.49,0.22
4294,26939,419378.06,0.5
4295,2934,257450.9,0.17
4296,15195,198440.69,0.54
4297,2733,161685.13,0.63
4298,6858,80120.05,0.38
4299,19796,181684.67,0.51
4300,20835,388452.0,0.49
4301,26962,25863.27,0.67
4302,34985,172916.89,0.54
4303,18231,321927.36,0.15
4304,6569,45807.34,0.23
4305,18362,206088.44,0.49
4306,7275,201832.27,0.23
4307,17395,228400.45,0.21
4308,17656,471282.53,0.15
4309,34377,149120.38,0.78
4310,965,288610.35,0.14
4311,30676,451120.74,0.3
4312,2075,285525.67,0.73
4313,33803,364826.03,0.72
4314,25653,132816.59,0.79
4315,28219,77448.06,0.21
4316,16495,305266.35,0.65
4317,3603,12525.77,0.42
4318,34837,132266.96,0.66
4319,22373,333264.37,0.59
4320,20361,145600.55,0.75
4321,30721,413227.94,0.84
4322,26260,479118.21,0.72
4323,29962,166268.15,0.27
4324,18741,315241.82,0.79
4325,4353,193323.38,0.12
4326,14096,262880.51,0.7
4327,30818,167362.64,0.69
4328,24197,226048.89,0.77
4329,5935,460113.6,0.21
4330,20693,128983.58,0.63
4331,1293,83059.56,0.23
4332,7976,62488.48,0.76
4333,11733,233274.13,0.65
4334,10664,346306.98,0.48
4335,7325,256070.93,0.67
4336,26860,126511.14,0.81
4337,26657,89719.87,0.8
4338,5386,175781.07,0.46
4339,8889,490819.23,0.41
4340,8968,55159.3,0.37
4341,20965,178668.17,0.61
4342,13740,41895.64,0.48
4343,15917,396255.68,0.57
4344,25894,161629.89,0.52
4345,32540,314695.28,0.64
4346,11139,246332.83,0.42
4347,11776,121772.68,0.4
4348,9513,319321.03,0.34
4349,13553,311580.56,0.64
4350,5855,171368.4,0.66
4351,7751,81082.37,0.87
4352,25181,46003.29,0.14
4353,3304,418941.05,0.83
4354,20837,175628.42,0.32
4355,6079,143147.28,0.63
4356,27121,42502.74,0.81
4357,31056,130994.31,0.4
4358,30281,451420.97,0.6
4359,33009,299073.59,0.31
4360,14288,484901.91,0.63
4361,9671,279898.87,0.18
4362,13670,392936.92,0.33
4363,8261,76909.17,0.53
4364,15985,70941.54,0.19
4365,29294,298816.02,0.42
4366,17373,56001.78,0.21
4367,6845,407303.24,0.88
4368,31336,176552.07,0.19
4369,27985,492286.71,0.36
4370,32023,321465.11,0.84
4371,13868,477601.0,0.41
4372,26745,491175.24,0.37
4373,20355,457791.41,0.17
4374,27762,160534.14,0.68
4375,32706,216457.69,0.78
4376,28904,240418.23,0.85
4377,6697,85962.84,0.44
4378,26696,303331.54,0.61
4379,32182,462218.07,0.58
4380,7695,111656.9,0.35
4381,27772,173702.74,0.16
4382,26584,121380.29,0.1
4383,3246,21680.25,0.69
4384,34821,477847.92,0.6
4385,4624,366474.93,0.35
4386,14787,217514.27,0.45
4387,22098,82738.72,0.46
4388,11548,405426.78,0.82
4389,1898,247906.05,0.86
4390,24780,169068.73,0.21
4391,15842,465001.77,0.36
4392,31970,388537.75,0.24
4393,30040,81446.53,0.1
4394,34670,181453.81,0.77
4395,13481,308523.7,0.75
4396,18628,411147.88,0.67
4397,27085,148547.99,0.33
4398,19037,175148.23,0.77
4399,21786,423808.59,0.74
4400,25506,227161.43,0.31
4401,29534,30115.95,0.83
4402,2820,106681.14,0.32
4403,29740,96423.21,0.65
4404,5388,61669.14,0.11
4405,10919,472190.77,0.53
4406,6216,341874.73,0.22
4407,4988,375858.06,0.46
4408,27590,423342.1,0.57
4409,17189,323473.77,0.7
4410,18012,144267.59,0.3
4411,16377,25183.69,0.86
4412,115,353700.31,0.49
4413,7218,481096.64,0.41
4414,16711,482122.0,0.33
4415,21090,184258.79,0.75
4416,22708,318596.8,0.65
4417,11202,163482.38,0.3
4418,26237,367845.58,0.54
4419,31659,142133.08,0.44
4420,16538,217025.8,0.68
4421,32234,133899.35,0.81
4422,23615,439592.02,0.42
4423,18552,467909.41,0.62
4424,32356,27819.72,0.21
4425,20960,147113.26,0.16
4426,5224,148862.82,0.86
4427,11224,184216.94,0.55
4428,14398,428190.43,0.6
4429,2869,184921.0,0.72
4430,7604,232471.27,0.83
4431,34475,22749.64,0.81
4432,21928,483049.12,0.59
4433,33202,120407.5,0.68
4434,19735,140725.62,0.85
4435,5747,327852.59,0.12
4436,7190,54869.73,0.12
4437,13612,156423.71,0.44
4438,34262,357009.44,0.89
4439,20488,288911.05,0.85
4440,6192,360376.17,0.67
4441,23122,482820.9,0.44
4442,28477,223342.18,0.57
4443,2881,278917.95,0.9
4444,7733,353924.38,0.26
4445,29052,11495.39,0.25
4446,22649,194252.48,0.7
4447,9650,69911.01,0.89
4448,10585,434962.06,0.62
4449,3213,437846.21,0.7
4450,4231,86605.29,0.83
4451,18692,307826.91,0.89
4452,21680,67091.99,0.18
4453,29128,247272.58,0.49
4454,11284,29197.26,0.52
4455,8347,219493.54,0.67
4456,26417,56422.1,0.34
4457,21628,353867.12,0.62
4458,34962,259733.01,0.45
4459,30890,94821.61,0.41
4460,25402,118403.99,0.46
4461,29754,461822.41,0.48
4462,18823,50056.58,0.18
4463,5861,309495.17,0.54
4464,1639,196906.8,0.62
4465,9482,46899.85,0.63
4466,11830,172934.2,0.49
4467,9579,237255.52,0.46
4468,21671,370029.19,0.79
4469,23713,471385.89,0.41
4470,23067,158225.9,0.55
4471,5887,399288.32,0.15
4472,20816,410779.69,0.6
4473,6882,195118.14,0.3
4474,23619,71192.29,0.64
4475,16545,322875.15,0.11
4476,22463,186531.52,0.8
4477,21115,51225.85,0.21
4478,26079,22798.47,0.76
4479,10677,30264.41,0.13
4480,29500,377679.33,0.51
4481,10,357751.36,0.89
4482,2707,462526.07,0.69
4483,25144,205187.32,0.34
4484,16379,369824.24,0.4
4485,15388,147773.22,0.44
4486,30946,253054.47,0.38
4487,21353,455598.43,0.17
4488,25243,448270.22,0.43
4489,31425,195665.96,0.69
4490,25808,167448.16,0.68
4491,24738,374655.6,0.6
4492,1311,310140.08,0.25
4493,33142,93018.54,0.31
4494,20762,23267.99,0.75
4495,30868,374778.75,0.6
4496,21112,49182.74,0.71
4497,307,441448.26,0.36
4498,6071,184109.11,0.51
4499,6117,242318.36,0.53
4500,12500,86738.59,0.78
4501,14997,472660.9,0.81
4502,31916,333739.02,0.79
4503,1237,308685.87,0.87
4504,23708,360281.24,0.25
4505,23129,158775.35,0.36
4506,16305,24356.89,0.45
4507,20372,430415.66,0.54
4508,28866,353968.87,0.19
4509,10675,421069.6,0.65
4510,25857,405571.28,0.69
4511,9247,85645.74,0.79
4512,9302,355449.29,0.65
4513,16545,415172.04,0.47
4514,26696,261359.18,0.31
4515,550,72031.56,0.51
4516,26289,233146.95,0.33
4517,27198,188418.73,0.86
4518,25014,74144.39,0.56
4519,10473,70510.68,0.77
4520,3820,376452.39,0.62
4521,13339,175317.02,0.74
4522,15284,477588.85,0.64
4523,9091,104984.77,0.82
4524,9993,419387.83,0.34
4525,189,381249.57,0.13
4526,18152,97558.55,0.37
4527,25883,25156.28,0.28
4528,28528,446897.23,0.67
4529,32096,494855.0,0.7
4530,4706,227444.1,0.72
4531,29336,469302.3,0.86
4532,32270,223312.55,0.28
4533,15668,215647.06,0.88
4534,33421,119842.67,0.64
4535,33951,408255.13,0.55
4536,34085,196377.16,0.41
4537,10853,144517.06,0.76
4538,24036,419332.37,0.84
4539,23042,478633.76,0.34
4540,28217,81288.55,0.38
4541,17835,294736.26,0.44
4542,19675,241132.77,0.81
4543,17984,287546.82,0.84
4544,14475,415420.18,0.44
4545,8962,193906.12,0.34
4546,25027,126519.02,0.33
4547,2530,334144.54,0.48
4548,18717,242107.65,0.44
4549,13384,181298.69,0.46
4550,34563,307479.64,0.46
4551,21427,311139.97,0.84
4552,19551,381628.05,0.51
4553,7082,404448.54,0.9
4554,18894,418256.22,0.24
4555,3590,285389.78,0.12
4556,28562,291536.11,0.25
4557,31743,163376.69,0.47
4558,14929,235127.52,0.68
4559,1836,184577.5,0.83
4560,5127,310013.63,0.84
4561,21977,388273.62,0.73
4562,26271,59759.37,0.15
4563,6584,382947.25,0.23
4564,11746,156218.31,0.16
4565,16716,272452.87,0.82
4566,28406,114538.22,0.17
4567,22997,22115.04,0.33
4568,21306,127161.51,0.52
4569,2590,38101.47,0.2
4570,23267,233012.22,0.38
4571,20102,38439.42,0.65
4572,8506,384412.8,0.77
4573,20421,177638.08,0.74
4574,31063,225830.7,0.54
4575,8262,224071.87,0.42
4576,30828,168346.39,0.61
4577,17954,408573.9,0.13
4578,16548,79861.7,0.87
4579,4163,162996.13,0.22
4580,22311,260641.97,0.79
4581,1758,126076.08,0.62
4582,19647,228127.59,0.15
4583,33826,47229.84,0.51
4584,19465,316565.95,0.78
4585,9627,85302.62,0.73
4586,32287,141511.12,0.69
4587,33177,318979.74,0.67
4588,16828,339879.39,0.89
4589,7442,239511.05,0.75
4590,6355,94221.39,0.89
4591,15681,486719.95,0.24
4592,8099,58450.51,0.28
4593,31608,246885.75,0.84
4594,3594,235263.64,0.69
4595,32525,135230.99,0.39
4596,30142,303834.09,0.43
4597,22185,203657.2,0.59
4598,16216,234464.26,0.23
4599,10276,207698.53,0.11
4600,20624,264251.99,0.43
4601,32336,427451.14,0.67
4602,17718,426205.23,0.42
4603,338,243601.39,0.81
4604,33837,214306.34,0.81
4605,23432,366522.43,0.49
4606,27968,130541.8,0.58
4607,5300,127004.67,0.67
4608,10420,332139.51,0.65
4609,1720,245632.12,0.75
4610,23070,32374.93,0.45
4611,7727,311500.27,0.6
4612,419,91914.41,0.86
4613,8691,263398.01,0.86
4614,10316,30130.28,0.26
4615,33926,137062.36,0.89
4616,19087,121085.73,0.49
4617,24004,144012.11,0.45
4618,12287,425964.36,0.38
4619,10469,385516.69,0.52
4620,33384,289722.89,0.3
4621,16349,158203.01,0.44
4622,8930,111683.87,0.16
4623,8374,276004.86,0.27
4624,3138,99146.68,0.73
4625,12394,421987.26,0.31
4626,1302,37532.54,0.27
4627,19867,140119.44,0.74
4628,31128,439262.54,0.44
4629,4287,377553.99,0.15
4630,12215,57935.83,0.21
4631,1788,171447.76,0.48
4632,29240,192828.8,0.44
4633,18300,104586.1,0.23
4634,9401,350853.49,0.65
4635,22676,30744.06,0.88
4636,19374,257458.59,0.5
4637,6089,10660.96,0.71
4638,13871,50875.21,0.57
4639,12315,420103.09,0.57
4640,19735,336520.2,0.14
4641,7202,130043.57,0.75
4642,28949,62527.76,0.75
4643,27139,30369.69,0.49
4644,4024,14112.08,0.42
4645,847,396775.71,0.35
4646,8360,229397.01,0.85
4647,23437,120091.94,0.81
4648,4932,465280.5,0.87
4649,29115,10153.79,0.3
4650,32605,64948.89,0.29
4651,31449,71806.8,0.23
4652,10695,287171.17,0.2
4653,30881,338494.29,0.84
4654,5615,113147.38,0.7
4655,26282,241163.54,0.88
4656,8677,13064.02,0.5
4657,13008,97832.18,0.35
4658,1428,210081.05,0.69
4659,21204,423702.66,0.55
4660,34734,21643.13,0.72
4661,29314,160787.53,0.14
4662,21626,326553.34,0.76
4663,27845,28582.35,0.42
4664,4892,109664.98,0.86
4665,13312,130119.1,0.74
4666,14844,347898.82,0.12
4667,14712,170021.16,0.17
4668,6001,383522.24,0.45
4669,34850,162564.58,0.41
4670,16869,270254.49,0.63
4671,33290,61806.69,0.84
4672,2510,374805.59,0.44
4673,11978,271428.18,0.68
4674,10191,307400.67,0.42
4675,25395,333517.07,0.39
4676,10267,105512.35,0.83
4677,4254,39509.52,0.78
4678,22761,22299.86,0.44
4679,4307,329123.84,0.31
4680,22741,397429.18,0.72
4681,22911,169865.42,0.41
4682,26836,63723.99,0.81
4683,10071,467178.68,0.72
4684,5546,113614.67,0.82
4685,28186,433670.15,0.48
4686,1731,218196.74,0.23
4687,25229,263257.47,0.5
4688,33305,168691.88,0.59
4689,12324,335552.52,0.47
4690,5814,310766.32,0.81
4691,34179,432729.82,0.42
4692,11248,381300.73,0.83
4693,22002,207040.73,0.32
4694,13079,35409.71,0.25
4695,28826,445693.83,0.3
4696,12067,145570.31,0.1
4697,8265,146021.07,0.73
4698,19406,122328.54,0.13
4699,17726,124429.01,0.67
4700,19757,319212.34,0.26
4701,6406,361448.33,0.42
4702,16439,106366.07,0.2
4703,11600,70330.76,0.4
4704,32475,476290.87,0.13
4705,26438,267035.96,0.61
4706,12184,389157.52,0.76
4707,2649,53524.27,0.13
4708,27737,413279.95,0.38
4709,12570,420421.85,0.37
4710,28526,117065.35,0.51
4711,4145,12912.05,0.66
4712,4140,459629.17,0.25
4713,19913,495502.75,0.26
4714,19440,321269.6,0.51
4715,21822,84908.12,0.71
4716,26903,209005.22,0.17
4717,27710,390526.7,0.3
4718,3688,107258.23,0.84
4719,25209,485561.49,0.47
4720,17608,165132.73,0.52
4721,29276,216524.23,0.26
4722,20698,107780.68,0.73
4723,5890,295527.11,0.76
4724,7980,98991.61,0.65
4725,25075,146145.4,0.72
4726,30086,251149.43,0.89
4727,32847,417864.57,0.89
4728,7658,468699.62,0.84
4729,31034,14514.24,0.31
4730,24677,146713.36,0.22
4731,23796,297055.55,0.23
4732,16826,319087.73,0.12
4733,14819,304714.23,0.23
4734,11282,243634.22,0.35
4735,13580,218211.79,0.36
4736,14244,224567.68,0.76
4737,28014,224482.3,0.31
4738,20021,254882.36,0.44
4739,32658,205545.35,0.14
4740,7017,418947.83,0.6
4741,18425,497559.69,0.7
4742,9835,296436.34,0.17
4743,12457,466729.81,0.23
4744,13457,351889.97,0.26
4745,32452,496202.6,0.56
4746,22057,418079.16,0.28
4747,4782,443397.99,0.87
4748,20439,125043.32,0.28
4749,25761,331871.45,0.33
4750,1068,459835.46,0.36
4751,9247,388555.03,0.38
4752,20736,174284.88,0.74
4753,23768,112016.86,0.75
4754,29015,124343.66,0.42
4755,6500,121365.24,0.67
4756,33861,355647.26,0.28
4757,12463,177619.69,0.4
4758,22789,377008.14,0.21
4759,5481,490352.67,0.33
4760,22220,429954.31,0.69
4761,16309,382881.86,0.52
4762,17934,21464.32,0.87
4763,22121,400379.52,0.73
4764,33442,296045.75,0.16
4765,12317,172590.47,0.43
4766,15608,280045.06,0.85
4767,30515,439940.98,0.51
4768,23259,210182.8,0.48
4769,31120,360677.16,0.23
4770,13949,20800.24,0.68
4771,32682,372518.91,0.88
4772,19071,378476.83,0.15
4773,8110,209125.77,0.19
4774,9003,25068.08,0.12
4775,6587,105260.5,0.12
4776,29876,258797.93,0.77
4777,10487,105608.59,0.32
4778,22376,465143.14,0.48
4779,14837,424763.31,0.67
4780,28644,495475.98,0.65
4781,28029,28353.69,0.57
4782,14014,165991.19,0.29
4783,26373,387755.76,0.21
4784,10395,37446.27,0.89
4785,32758,405477.19,0.71
4786,11993,90860.02,0.88
4787,19593,417604.41,0.69
4788,5260,376148.34,0.14
4789,14213,54829.25,0.64
4790,15190,444625.44,0.52
4791,33756,380798.18,0.32
4792,22627,93128.97,0.72
4793,8493,201888.27,0.52
4794,4814,135880.62,0.87
4795,10809,262193.98,0.52
4796,34392,367983.47,0.76
4797,28875,362092.89,0.46
4798,4917,207463.4,0.39
4799,9656,119736.67,0.15
4800,21765,189509.41,0.11
4801,4839,114867.98,0.46
4802,28752,168624.76,0.66
4803,19068,70625.68,0.22
4804,20926,197957.19,0.23
4805,28794,194274.71,0.51
4806,18619,392747.53,0.24
4807,3624,338194.43,0.63
4808,9317,415125.56,0.89
4809,4282,19797.36,0.24
4810,17491,383788.27,0.33
4811,19470,43016.19,0.73
4812,17926,60546.04,0.21
4813,28751,480794.79,0.19
4814,23772,28781.3,0.4
4815,373,429506.38,0.48
4816,6466,193877.73,0.51
4817,18062,96748.75,0.71
4818,26912,323957.0,0.56
4819,16707,379713.35,0.54
4820,1542,353097.83,0.55
4821,11645,154312.02,0.64
4822,15625,389095.08,0.52
4823,8856,284105.6,0.55
4824,31012,249686.6,0.63
4825,29545,206022.52,0.15
4826,25417,283131.06,0.6
4827,21590,28753.55,0.84
4828,3886,52954.49,0.57
4829,29836,391015.15,0.53
4830,8637,14283.72,0.82
4831,21800,338292.92,0.36
4832,29353,337291.19,0.9
4833,17700,407399.15,0.89
4834,2812,458039.44,0.74
4835,22799,328483.91,0.26
4836,26142,67017.69,0.85
4837,21340,66638.36,0.3
4838,14022,295040.74,0.83
4839,24149,172066.6,0.16
4840,14466,180693.52,0.66
4841,23397,64150.65,0.35
4842,12976,317053.06,0.51
4843,19297,281121.96,0.46
4844,15445,27139.48,0.43
4845,19269,41578.75,0.78
4846,16927,335075.7,0.24
4847,16625,117664.23,0.52
4848,5328,458918.98,0.46
4849,13966,85913.19,0.31
4850,20192,305260.6,0.34
4851,27799,437996.43,0.55
4852,20380,469559.4,0.51
4853,5429,199332.29,0.22
4854,10318,279778.59,0.87
4855,29678,293528.44,0.58
4856,32705,126060.93,0.55
4857,7137,216977.17,0.2
4858,1452,275745.58,0.32
4859,10882,94853.61,0.88
4860,13230,124297.7,0.87
4861,6501,349661.24,0.68
4862,31215,217160.68,0.56
4863,13116,458800.84,0.65
4864,33118,369389.08,0.75
4865,4091,232411.57,0.55
4866,4568,447874.35,0.41
4867,770,262760.91,0.66
4868,9287,226775.49,0.39
4869,6946,401435.06,0.57
4870,5373,478591.94,0.37
4871,9037,315947.44,0.28
4872,28614,335239.25,0.41
4873,33893,18723.28,0.17
4874,29956,62996.03,0.85
4875,2152,154513.85,0.35
4876,2910,497070.97,0.35
4877,20711,16563.67,0.52
4878,7909,365638.23,0.69
4879,20031,84697.96,0.61
4880,9231,183582.15,0.52
4881,12017,479524.8,0.79
4882,975,78268.11,0.75
4883,401,58037.93,0.42
4884,26845,485524.43,0.45
4885,32716,101312.32,0.13
4886,3417,34333.45,0.53
4887,31034,429161.4,0.4
4888,6865,109162.99,0.42
4889,26646,468423.48,0.21
4890,14417,103578.59,0.48
4891,15120,111149.25,0.28
4892,20496,193515.18,0.36
4893,34812,466445.57,0.47
4894,6078,112789.65,0.87
4895,2703,396347.43,0.8
4896,376,154465.8,0.69
4897,26944,219084.62,0.88
4898,21113,85481.42,0.58
4899,19962,487957.73,0.24
4900,3806,390083.19,0.41
4901,11404,78137.88,0.44
4902,4293,160257.34,0.73
4903,9789,96581.95,0.86
4904,2353,290899.09,0.4
4905,1248,412839.3,0.17
4906,16280,271450.26,0.79
4907,18538,225447.65,0.78
4908,26871,269124.02,0.25
4909,10457,174243.26,0.37
4910,11849,167510.49,0.28
4911,15246,215347.07,0.13
4912,25635,484678.73,0.72
4913,2176,369887.17,0.63
4914,19009,367757.01,0.54
4915,3829,292455.69,0.29
4916,25772,250619.57,0.6
4917,12813,493646.73,0.53
4918,16860,150203.58,0.56
4919,16218,23033.37,0.18
4920,17717,468900.15,0.8
4921,20482,110108.61,0.25
4922,7370,356479.93,0.38
4923,18947,425427.17,0.33
4924,10596,438526.83,0.32
4925,10602,435512.64,0.38
4926,17576,379037.57,0.34
4927,32474,477825.25,0.76
4928,29383,337541.23,0.53
4929,25576,435348.03,0.45
4930,15904,89409.52,0.88
4931,34578,277373.8,0.88
4932,22801,453854.71,0.27
4933,16171,235573.94,0.14
4934,9805,94926.15,0.25
4935,25749,457670.59,0.55
4936,9652,295670.66,0.37
4937,33484,429856.41,0.53
4938,1872,429661.5,0.6
4939,17243,248148.1,0.25
4940,9998,269521.22,0.65
4941,20223,300772.7,0.45
4942,18097,403636.52,0.27
4943,14560,416182.79,0.5
4944,11522,88159.67,0.26
4945,2774,252204.89,0.28
4946,8833,46132.34,0.2
4947,28363,217320.95,0.48
4948,1757,12559.03,0.8
4949,20058,321500.67,0.77
4950,30073,346970.63,0.63
4951,19398,225245.68,0.74
4952,18255,489971.67,0.25
4953,17707,306521.98,0.72
4954,3891,56603.57,0.51
4955,19855,183543.11,0.17
4956,8504,235406.0,0.76
4957,18013,169001.4,0.36
4958,24745,492458.31,0.37
4959,29731,387139.98,0.77
4960,15729,446567.98,0.12
4961,31880,359527.88,0.32
4962,6284,447676.22,0.73
4963,4042,251442.2,0.88
4964,9608,407301.21,0.52
4965,33621,365054.96,0.34
4966,21309,489159.14,0.43
4967,21359,487007.74,0.25
4968,10441,124604.44,0.29
4969,15848,416677.44,0.56
4970,27297,102524.16,0.48
4971,782,499987.07,0.21
4972,9358,179156.24,0.54
4973,15738,174591.18,0.11
4974,23168,151015.19,0.31
4975,18560,114173.74,0.1
4976,2217,314628.52,0.14
4977,13768,205611.27,0.15
4978,13478,396324.76,0.82
4979,34507,417592.47,0.79
4980,16818,43878.3,0.79
4981,18660,25300.54,0.71
4982,4930,207570.44,0.43
4983,16601,149613.26,0.39
4984,2863,425437.53,0.63
4985,31223,488688.32,0.63
4986,3453,132628.95,0.64
4987,14858,354906.8,0.42
4988,19512,117402.45,0.55
4989,8702,195067.6,0.12
4990,29829,220936.88,0.76
4991,25710,457661.28,0.21
4992,28591,43740.3,0.66
4993,14735,62958.12,0.82
4994,23901,85399.52,0.64
4995,24278,170193.39,0.83
4996,26337,300807.31,0.85
4997,5593,174010.49,0.69
4998,7931,429344.31,0.24
4999,27007,437578.53,0.23
5000,24014,142418.6,0.8
5001,6124,173796.5,0.15
5002,30978,364369.01,0.72
5003,34241,158943.69,0.86
5004,20255,237217.74,0.7
5005,5119,440443.12,0.16
5006,8991,274567.31,0.37
5007,34494,259567.57,0.69
5008,16247,404148.27,0.42
5009,15128,282887.81,0.43
5010,4557,157372.77,0.29
5011,20344,302795.37,0.36
5012,942,496449.12,0.36
5013,6853,484298.92,0.63
5014,23899,238565.86,0.82
5015,20275,489313.48,0.23
5016,176,305339.57,0.83
5017,25438,392327.36,0.64
5018,33925,311718.38,0.6
5019,8783,13104.14,0.48
5020,6130,255819.63,0.41
5021,21067,207026.05,0.44
5022,17208,202636.17,0.18
5023,13265,114386.97,0.43
5024,4718,359677.47,0.86
5025,23681,301680.56,0.83
5026,4781,450404.05,0.4
5027,21121,90717.56,0.53
5028,15426,89018.2,0.22
5029,11352,297349.81,0.15
5030,19786,137355.92,0.29
5031,30484,20036.92,0.18
5032,13826,120595.99,0.22
5033,20758,231741.67,0.81
5034,31520,370794.95,0.66
5035,15294,441564.94,0.5
5036,10998,408635.46,0.68
5037,3494,280398.13,0.2
5038,9488,375435.29,0.9
5039,32975,334840.29,0.54
5040,21823,337545.4,0.86
5041,8212,387875.71,0.16
5042,20014,36115.31,0.85
5043,18335,307342.82,0.41
5044,17860,372199.14,0.61
5045,1772,59100.24,0.79
5046,13175,246931.12,0.63
5047,9013,360789.58,0.13
5048,15587,367244.98,0.59
5049,11459,252076.07,0.49
5050,7971,215681.52,0.81
5051,11622,213359.43,0.84
5052,24245,401807.54,0.64
5053,8325,169728.03,0.87
5054,23061,453539.18,0.27
5055,22560,280061.17,0.3
5056,14697,392890.46,0.87
5057,33136,267639.56,0.79
5058,2027,45288.53,0.2
5059,27800,200302.33,0.32
5060,34351,428632.86,0.48
5061,4723,213222.02,0.15
5062,23837,339866.75,0.67
5063,3790,61800.11,0.26
5064,16701,337576.37,0.81
5065,11879,82918.26,0.88
5066,12993,388033.91,0.87
5067,31805,481828.74,0.17
5068,15054,108053.83,0.59
5069,17672,58850.13,0.84
5070,26316,398425.98,0.61
5071,9201,437751.28,0.63
5072,2592,437807.45,0.15
5073,402,243083.3,0.22
5074,2570,391890.78,0.34
5075,2305,363441.13,0.48
5076,3392,194637.6,0.19
5077,20502,32579.19,0.19
5078,12029,465410.07,0.9
5079,13123,296036.76,0.46
5080,8862,376344.14,0.74
5081,21199,233570.92,0.7
5082,20285,435210.72,0.54
5083,25576,174397.46,0.63
5084,5354,15311.84,0.37
5085,2362,433711.94,0.31
5086,33125,72230.31,0.64
5087,32247,462697.27,0.15
5088,2426,98554.15,0.21
5089,4673,94107.87,0.59
5090,11133,448500.22,0.81
5091,21515,269683.4,0.2
5092,17549,158529.58,0.46
5093,7901,461692.38,0.37
5094,20086,189578.35,0.14
5095,11752,280968.11,0.39
5096,20473,333148.05,0.3
5097,31624,176282.63,0.57
5098,25004,458405.11,0.76
5099,19672,471026.92,0.27
5100,14448,58776.95,0.14
5101,22937,414688.2,0.89
5102,22276,161798.63,0.56
5103,20662,15605.76,0.83
5104,6587,11808.79,0.33
5105,24215,237366.79,0.15
5106,10514,457011.09,0.83
5107,33800,15630.54,0.56
5108,8028,66855.7,0.12
5109,6333,66816.78,0.11
5110,26698,103192.02,0.67
5111,14593,61401.66,0.66
5112,16648,301951.18,0.47
5113,11555,325130.48,0.73
5114,9498,105826.93,0.2
5115,10022,323924.24,0.82
5116,9909,132489.16,0.7
5117,30064,65920.21,0.45
5118,13636,268165.15,0.3
5119,9580,466822.49,0.52
5120,31347,155102.14,0.78
5121,27857,90399.12,0.79
5122,3749,190888.82,0.11
5123,20942,128548.12,0.76
5124,30049,411929.02,0.76
5125,26391,278775.01,0.57
5126,16742,44318.85,0.64
5127,17192,320666.86,0.41
5128,9038,486173.86,0.73
5129,28747,226981.67,0.56
5130,30923,458799.02,0.46
5131,24191,405341.94,0.27
5132,4539,467538.21,0.72
5133,17955,307797.28,0.29
5134,438,23767.78,0.63
5135,12042,422633.32,0.29
5136,3655,59281.01,0.11
5137,29648,479257.7,0.25
5138,27709,249676.3,0.67
5139,10372,379698.59,0.4
5140,30574,392019.89,0.27
5141,34234,379194.94,0.59
5142,17213,316667.16,0.49
5143,22815,269325.41,0.27
5144,33973,366264.1,0.71
5145,34189,204203.93,0.37
5146,17176,333050.38,0.71
5147,19826,129259.36,0.37
5148,8010,326888.35,0.2
5149,7030,403121.45,0.62
5150,30238,414785.62,0.64
5151,25623,329689.76,0.86
5152,24008,17012.11,0.39
5153,30727,455074.76,0.66
5154,2367,489792.16,0.37
5155,12656,412877.29,0.14
5156,13055,341635.67,0.57
5157,23952,363637.55,0.75
5158,24330,196966.99,0.77
5159,5728,53053.78,0.25
5160,26636,392311.41,0.54
5161,13268,420832.32,0.67
5162,22825,334873.27,0.7
5163,25474,202148.58,0.24
5164,24307,347866.67,0.55
5165,9493,43332.04,0.45
5166,27134,158697.34,0.28
5167,28593,200603.73,0.29
5168,2120,428251.13,0.46
5169,20479,151094.92,0.34
5170,1304,130252.2,0.43
5171,685,112101.39,0.26
5172,32121,134827.34,0.52
5173,10035,83724.83,0.58
5174,12104,217099.19,0.73
5175,7256,300637.49,0.84
5176,28482,197714.05,0.76
5177,25488,333234.35,0.26
5178,13779,371529.67,0.78
5179,29206,64854.81,0.48
5180,22202,137684.73,0.51
5181,1975,68717.92,0.22
5182,20778,93262.08,0.61
5183,11254,207217.58,0.25
5184,4378,53907.86,0.4
5185,5204,145860.2,0.88
5186,27638,31001.15,0.14
5187,3592,410988.05,0.22
5188,31506,192347.4,0.87
5189,32462,374256.23,0.89
5190,26507,188967.66,0.58
5191,18290,119679.28,0.14
5192,15161,334848.97,0.84
5193,28547,59777.78,0.25
5194,34823,84509.06,0.2
5195,14146,396056.84,0.63
5196,26790,38828.09,0.4
5197,27223,368597.59,0.44
5198,4277,52262.58,0.26
5199,14102,239651.16,0.78
5200,6254,305580.34,0.18
5201,4611,299337.6,0.32
5202,20316,193718.48,0.84
5203,696,38562.45,0.18
5204,26940,498760.19,0.23
5205,27601,120803.2,0.23
5206,768,140564.15,0.57
5207,22127,368628.65,0.39
5208,34750,295971.88,0.84
5209,19094,27008.89,0.42
5210,20767,359942.57,0.73
5211,16911,92751.91,0.88
5212,4310,86251.76,0.21
5213,9929,157991.41,0.82
5214,19090,460477.96,0.72
5215,33226,280554.27,0.37
5216,8482,70011.08,0.89
5217,15383,249525.06,0.67
5218,10718,266916.7,0.89
5219,5219,418965.42,0.36
5220,20217,307553.38,0.4
5221,11811,495088.01,0.61
5222,28458,13879.05,0.26
5223,29702,284317.15,0.37
5224,4742,135887.84,0.29
5225,28185,99220.63,0.41
5226,29305,498794.99,0.73
5227,23536,471000.58,0.6
5228,12453,322328.76,0.25
5229,969,494235.9,0.79
5230,1623,175479.48,0.5
5231,23029,103152.73,0.79
5232,28130,391376.71,0.56
5233,15139,440771.58,0.23
5234,19993,311835.12,0.11
5235,25148,158994.87,0.76
5236,812,56856.2,0.62
5237,12026,444762.0,0.77
5238,7214,139010.74,0.48
5239,8057,126421.34,0.76
5240,27909,279852.14,0.52
5241,25540,372185.33,0.54
5242,33703,341708.32,0.76
5243,18021,190512.53,0.43
5244,29730,29449.61,0.78
5245,7383,113850.15,0.43
5246,17620,34908.41,0.33
5247,34010,182554.51,0.16
5248,4858,260069.3,0.77
5249,25849,264649.12,0.62
5250,33416,394459.96,0.83
5251,23335,19114.41,0.17
5252,15901,196760.31,0.24
5253,18004,163966.78,0.87
5254,9473,332869.71,0.21
5255,6806,112767.27,0.2
5256,28915,314355.02,0.83
5257,18222,306241.17,0.26
5258,11831,112063.8,0.64
5259,29414,388875.84,0.27
5260,25522,357611.14,0.58
5261,7017,370238.76,0.89
5262,12565,491924.2,0.83
5263,21408,391807.61,0.63
5264,16811,417069.04,0.85
5265,22371,112874.98,0.63
5266,21339,361308.81,0.27
5267,2979,230290.79,0.27
5268,16851,279777.94,0.25
5269,14543,75866.33,0.42
5270,3475,250273.45,0.37
5271,13094,105683.68,0.43
5272,29980,298998.13,0.62
5273,20215,221833.74,0.83
5274,24218,454399.31,0.17
5275,1766,337598.64,0.32
5276,14637,437344.65,0.55
5277,1262,397921.19,0.46
5278,6523,305496.68,0.24
5279,18153,413954.82,0.36
5280,32813,453645.93,0.71
5281,31433,403232.24,0.69
5282,14021,156890.68,0.86
5283,12185,285258.04,0.27
5284,17044,59340.75,0.64
5285,17998,445662.72,0.14
5286,11678,250830.67,0.65
5287,22608,260696.59,0.41
5288,31016,25457.85,0.81
5289,2778,217262.29,0.28
5290,11797,378062.57,0.49
5291,12537,205232.31,0.82
5292,19328,365065.54,0.26
5293,30346,121866.81,0.69
5294,29987,222353.63,0.13
5295,12956,481455.08,0.31
5296,24012,177877.4,0.65
5297,20803,473813.2,0.3
5298,24801,488326.31,0.72
5299,23555,47141.79,0.32
5300,7050,353289.86,0.2
5301,2908,416074.18,0.82
5302,5446,42374.11,0.28
5303,5310,126372.67,0.12
5304,22335,202247.98,0.77
5305,14198,354248.5,0.18
5306,13098,282718.45,0.12
5307,21,69276.42,0.47
5308,21374,475931.74,0.47
5309,26768,412970.02,0.37
5310,28404,307633.3,0.67
5311,2717,335793.58,0.77
5312,12692,328116.62,0.42
5313,9145,116243.26,0.35
5314,18531,139801.11,0.47
5315,25100,377095.66,0.12
5316,30016,440901.31,0.68
5317,16441,316386.86,0.23
5318,3836,120102.43,0.67
5319,14503,51647.54,0.71
5320,11272,297860.5,0.64
5321,10460,31128.65,0.44
5322,10920,490465.91,0.64
5323,18461,356406.53,0.81
5324,15676,491748.84,0.16
5325,25951,391166.78,0.82
5326,25356,250237.42,0.44
5327,8835,464137.63,0.51
5328,11067,44281.41,0.85
5329,11467,440097.18,0.85
5330,12812,391385.89,0.42
5331,10793,380363.74,0.46
5332,27418,416742.88,0.24
5333,12387,156654.67,0.48
5334,5176,291110.7,0.11
5335,3290,301205.01,0.51
5336,1671,162539.56,0.4
5337,25777,94681.95,0.81
5338,5938,163516.63,0.14
5339,27236,98439.12,0.52
5340,1936,149614.43,0.67
5341,4812,330217.06,0.16
5342,17448,45826.53,0.77
5343,21298,232107.35,0.12
5344,4212,68398.14,0.21
5345,189,47519.2,0.35
5346,11643,491921.55,0.52
5347,8224,117620.77,0.45
5348,18367,67712.81,0.57
5349,10678,277654.95,0.81
5350,8230,184746.65,0.68
5351,30970,382574.16,0.84
5352,19561,191926.22,0.31
5353,17930,62295.75,0.14
5354,28408,107685.83,0.75
5355,32212,210935.74,0.5
5356,13138,464872.91,0.68
5357,19913,481486.39,0.13
5358,4701,157996.52,0.63
5359,10533,408435.04,0.51
5360,9788,385854.91,0.44
5361,33898,261290.36,0.75
5362,20306,169612.58,0.64
5363,19247,229252.34,0.71
5364,14072,54700.75,0.72
5365,30016,160693.84,0.55
5366,11410,445649.51,0.68
5367,32268,332401.78,0.13
5368,7897,443220.78,0.24
5369,9933,221040.22,0.31
5370,14747,316144.25,0.79
5371,13045,119331.29,0.49
5372,19357,213589.29,0.82
5373,17724,384533.33,0.87
5374,3232,247456.99,0.54
5375,10159,251826.73,0.11
5376,20689,396633.83,0.49
5377,82,169677.79,0.57
5378,30979,309088.86,0.61
5379,22658,371572.22,0.1
5380,4799,151735.33,0.28
5381,26505,404932.01,0.69
5382,26479,388604.29,0.52
5383,17496,50573.39,0.26
5384,881,185662.92,0.49
5385,34613,185744.28,0.8
5386,5158,82413.74,0.25
5387,27913,149532.11,0.61
5388,19429,494736.13,0.43
5389,14541,198832.99,0.86
5390,13528,105187.88,0.48
5391,21245,476783.34,0.79
5392,28184,267599.31,0.65
5393,34319,172179.89,0.27
5394,26080,494633.26,0.79
5395,15877,33950.38,0.14
5396,14197,53698.79,0.62
5397,32840,342225.69,0.45
5398,3632,188193.23,0.15
5399,13633,162172.89,0.57
5400,19209,122742.73,0.62
5401,32828,184671.08,0.29
5402,2986,265454.01,0.54
5403,19391,268431.57,0.53
5404,19846,418506.09,0.15
5405,11139,382970.69,0.68
5406,10627,353734.19,0.2
5407,9877,419267.08,0.49
5408,16042,326755.38,0.82
5409,4139,66437.94,0.21
5410,10824,77953.01,0.85
5411,14447,96838.22,0.79
5412,2867,350463.02,0.37
5413,26114,454091.15,0.41
5414,10319,310363.73,0.42
5415,1468,65869.89,0.89
5416,12570,62622.43,0.52
5417,18049,96911.6,0.45
5418,308,216758.24,0.62
5419,31017,454551.01,0.35
5420,29345,181541.91,0.33
5421,29230,208292.52,0.23
5422,3074,201589.32,0.31
5423,33188,495984.14,0.29
5424,27989,279441.68,0.27
5425,25213,320503.51,0.82
5426,5959,324785.27,0.11
5427,31499,357169.31,0.8
5428,28889,131091.67,0.41
5429,10696,432031.85,0.62
5430,33438,206529.16,0.12
5431,7134,37638.63,0.88
5432,34189,394606.29,0.24
5433,17822,421904.4,0.88
5434,32907,450007.05,0.4
5435,7346,136174.09,0.63
5436,23752,481103.25,0.71
5437,9276,470026.05,0.77
5438,8504,309465.72,0.32
5439,23858,358918.3,0.84
5440,503,340498.21,0.83
5441,8879,133638.69,0.35
5442,29080,403777.78,0.77
5443,11211,499857.61,0.82
5444,23498,64564.99,0.46
5445,28727,360179.82,0.72
5446,32484,470830.58,0.73
5447,11482,311473.17,0.41
5448,18497,431047.58,0.36
5449,10433,192253.17,0.52
5450,27853,328474.77,0.75
5451,21261,44978.7,0.15
5452,21834,169198.55,0.66
5453,25886,285523.33,0.34
5454,15241,64742.27,0.43
5455,25173,189022.53,0.3
5456,11381,374310.24,0.71
5457,6829,423844.01,0.5
5458,9964,451326.75,0.4
5459,12372,209088.44,0.9
5460,33438,292564.59,0.89
5461,6664,13404.97,0.12
5462,12923,22702.95,0.14
5463,10180,496372.24,0.75
5464,33349,319650.18,0.38
5465,2915,86216.77,0.64
5466,18753,263884.09,0.61
5467,10551,309214.05,0.64
5468,11858,140171.17,0.12
5469,22440,320665.24,0.18
5470,1656,344915.66,0.88
5471,8747,133467.69,0.34
5472,5892,281404.59,0.65
5473,6235,481278.69,0.37
5474,26647,423479.23,0.65
5475,20598,471763.01,0.16
5476,7448,454388.99,0.29
5477,23162,179872.89,0.73
5478,34884,88653.18,0.55
5479,26512,222683.11,0.49
5480,15614,295031.08,0.22
5481,29987,475010.1,0.44
5482,15415,244447.92,0.15
5483,32648,23253.07,0.38
5484,31581,312563.45,0.12
5485,20338,217909.15,0.88
5486,7873,308831.83,0.25
5487,32479,344179.1,0.29
5488,26700,205404.96,0.17
5489,2785,433706.11,0.89
5490,20763,290094.13,0.16
5491,28726,414494.74,0.58
5492,3610,133656.27,0.44
5493,1691,328402.0,0.69
5494,1584,173824.95,0.78
5495,28958,145082.79,0.3
5496,1264,89650.66,0.9
5497,17446,230005.04,0.73
5498,27508,473866.75,0.29
5499,7989,129566.86,0.37
5500,32367,456986.76,0.22
5501,14825,214521.45,0.47
5502,33675,236661.36,0.77
5503,14125,201624.28,0.22
5504,23338,346540.04,0.71
5505,8323,374118.51,0.18
5506,6962,150610.24,0.22
5507,23461,431203.61,0.77
5508,9454,83208.02,0.49
5509,18120,330428.92,0.75
5510,21749,186174.07,0.31
5511,27147,23182.1,0.29
5512,16507,278856.09,0.22
5513,15434,121054.63,0.44
5514,27051,173441.63,0.31
5515,28745,287622.24,0.5
5516,19134,34084.31,0.39
5517,3987,174769.66,0.61
5518,19474,175550.4,0.51
5519,29860,386022.49,0.62
5520,27582,301765.42,0.9
5521,11980,142037.71,0.6
5522,20438,184430.51,0.88
5523,751,102079.9,0.65
5524,33335,14823.65,0.85
5525,10375,69366.31,0.69
5526,177,225225.8,0.23
5527,17036,98633.92,0.55
5528,24289,459691.35,0.66
5529,18948,140903.89,0.7
5530,27818,303979.07,0.76
5531,26264,195878.06,0.72
5532,7532,494777.11,0.54
5533,15019,413954.65,0.9
5534,31798,269516.42,0.48
5535,11731,81296.18,0.26
5536,8783,468240.23,0.76
5537,33490,167603.74,0.48
5538,22192,323734.43,0.44
5539,698,161434.61,0.1
5540,7619,197039.02,0.85
5541,2057,172657.12,0.7
5542,34179,20710.55,0.8
5543,17936,296731.57,0.68
5544,28947,471826.13,0.64
5545,33128,142343.04,0.74
5546,31620,409332.96,0.69
5547,6353,351710.3,0.54
5548,19130,312183.05,0.83
5549,19670,475533.99,0.23
5550,34657,148219.49,0.46
5551,22334,446782.82,0.32
5552,991,287320.84,0.84
5553,10912,165058.82,0.71
5554,3022,12063.05,0.27
5555,22137,331475.83,0.36
5556,33740,357740.83,0.2
5557,9607,276610.75,0.61
5558,6105,116976.61,0.43
5559,25833,144813.11,0.79
5560,32815,53125.82,0.29
5561,15588,27954.57,0.15
5562,2015,277633.98,0.74
5563,212,405928.84,0.51
5564,26937,498926.32,0.71
5565,24940,154125.54,0.49
5566,13723,248659.73,0.36
5567,13731,113302.42,0.34
5568,34659,115898.98,0.14
5569,10009,131860.89,0.39
5570,1014,403647.52,0.43
5571,32846,79525.54,0.87
5572,26451,55323.38,0.81
5573,982,492492.56,0.61
5574,28961,26614.68,0.78
5575,895,208123.0,0.56
5576,745,26393.32,0.45
5577,6781,397629.19,0.79
5578,21997,73462.63,0.49
5579,15263,200062.98,0.66
5580,13497,305002.41,0.45
5581,18609,406536.35,0.13
5582,7169,160373.93,0.52
5583,30271,77071.0,0.58
5584,19837,373090.96,0.42
5585,33925,332862.19,0.24
5586,16564,48644.8,0.56
5587,32522,237484.97,0.45
5588,7137,418098.23,0.84
5589,4252,52772.25,0.69
5590,6426,449638.0,0.45
5591,9221,252812.65,0.65
5592,3485,186270.94,0.21
5593,21499,330171.65,0.4
5594,5122,318368.67,0.23
5595,2662,335448.34,0.57
5596,9753,163564.69,0.69
5597,14063,193420.68,0.43
5598,249,60790.78,0.82
5599,21577,474922.8,0.51
5600,18002,258347.56,0.57
5601,24697,481040.2,0.39
5602,28009,210010.46,0.25
5603,5982,18489.62,0.49
5604,18011,470898.47,0.4
5605,15739,352962.32,0.4
5606,9989,115205.7,0.35
5607,32983,185457.81,0.79
5608,15109,410193.6,0.42
5609,10176,128408.66,0.18
5610,13596,362340.19,0.65
5611,31060,61849.9,0.55
5612,1628,35232.57,0.4
5613,26773,409184.29,0.18
5614,28879,246038.45,0.74
5615,11596,140926.3,0.34
5616,3551,446436.46,0.14
5617,15498,368298.98,0.4
5618,16512,321026.32,0.29
5619,6341,290544.4,0.23
5620,5677,242880.04,0.83
5621,15638,457155.31,0.38
5622,29332,273528.69,0.29
5623,17277,53512.64,0.47
5624,13983,138510.38,0.14
5625,6783,26039.04,0.85
5626,29645,149770.13,0.9
5627,28097,90127.5,0.73
5628,34573,455896.71,0.24
5629,28898,200585.96,0.16
5630,10101,421394.94,0.1
5631,5447,280278.23,0.85
5632,13831,360195.77,0.4
5633,21750,204930.88,0.66
5634,4131,222551.46,0.51
5635,33013,468835.43,0.79
5636,17365,154815.99,0.8
5637,2718,125147.85,0.2
5638,4967,140999.02,0.19
5639,22614,135759.51,0.74
5640,31916,120891.5,0.44
5641,14794,75232.5,0.22
5642,31238,205022.84,0.16
5643,53,192970.1,0.58
5644,5078,139291.37,0.52
5645,27349,420403.12,0.83
5646,1513,279615.85,0.55
5647,22123,193577.77,0.5
5648,3892,172453.12,0.55
5649,13259,304025.1,0.48
5650,6032,400212.81,0.59
5651,34049,254265.58,0.34
5652,17658,184290.7,0.28
5653,25556,312457.72,0.63
5654,57,16786.19,0.87
5655,23393,301845.29,0.67
5656,34321,253832.04,0.28
5657,28107,413030.7,0.78
5658,15563,403191.69,0.26
5659,25147,55653.97,0.81
5660,7197,145610.15,0.85
5661,11489,138386.81,0.12
5662,31678,343051.4,0.5
5663,32552,354270.49,0.85
5664,13849,481518.47,0.44
5665,5260,167959.52,0.36
5666,25683,43528.66,0.77
5667,7176,66116.27,0.31
5668,33305,42462.73,0.69
5669,1272,296834.5,0.67
5670,1735,128318.71,0.1
5671,27503,344896.32,0.11
5672,12707,328565.03,0.23
5673,33315,149112.23,0.11
5674,5329,11288.44,0.22
5675,12090,441670.54,0.54
5676,6045,351289.47,0.57
5677,23803,158595.32,0.28
5678,33292,263971.18,0.2
5679,29930,295458.35,0.31
5680,7291,365903.48,0.65
5681,24598,38943.71,0.42
5682,9627,177997.78,0.4
5683,23466,236918.56,0.12
5684,12995,444709.73,0.28
5685,22040,107724.15,0.76
5686,30438,37151.66,0.66
5687,5008,477456.57,0.64
5688,31879,119891.16,0.78
5689,21338,214554.67,0.11
5690,15096,195830.48,0.24
5691,26297,443243.89,0.82
5692,31991,12038.63,0.24
5693,8128,304181.23,0.24
5694,14082,49963.54,0.21
5695,8452,47578.58,0.55
5696,1270,125377.79,0.68
5697,33102,457143.62,0.22
5698,13576,254343.96,0.43
5699,34570,126187.73,0.2
5700,8320,483913.51,0.1
5701,1363,368389.04,0.28
5702,10075,340697.59,0.42
5703,22511,465249.43,0.61
5704,20473,482480.98,0.13
5705,13592,163210.57,0.2
5706,2619,249252.44,0.71
5707,2886,109560.38,0.27
5708,3558,117120.3,0.29
5709,4511,170765.51,0.58
5710,25575,31556.62,0.45
5711,14861,304616.19,0.44
5712,11337,109026.53,0.14
5713,13557,216092.55,0.13
5714,27955,279128.35,0.25
5715,26050,375466.11,0.61
5716,2971,437859.35,0.67
5717,31209,178101.65,0.82
5718,22196,221347.61,0.63
5719,7126,101932.47,0.52
5720,17001,481567.05,0.85
5721,16556,189573.45,0.31
5722,24984,338939.75,0.78
5723,30416,357195.75,0.27
5724,17973,376784.77,0.2
5725,7383,18042.21,0.21
5726,17466,174961.5,0.39
5727,26704,376378.07,0.76
5728,23867,101274.47,0.32
5729,32848,134601.35,0.52
5730,14492,22134.3,0.1
5731,21989,493724.92,0.85
5732,13921,75648.48,0.76
5733,15130,174087.18,0.42
5734,25333,398803.94,0.2
5735,17689,84772.8,0.46
5736,29920,477024.05,0.12
5737,24511,248059.77,0.77
5738,26029,443261.35,0.55
5739,18231,250496.67,0.62
5740,7046,344293.74,0.72
5741,194,492269.67,0.74
5742,31724,26078.03,0.63
5743,28817,451785.38,0.35
5744,13250,452903.63,0.41
5745,28662,427128.67,0.59
5746,705,286642.03,0.65
5747,3119,38293.27,0.42
5748,2783,413552.97,0.73
5749,23776,100980.24,0.65
5750,19435,216392.44,0.66
5751,20193,291574.08,0.74
5752,24653,370726.58,0.46
5753,33137,185982.5,0.57
5754,18150,243782.83,0.82
5755,29469,458395.41,0.72
5756,18839,316729.03,0.83
5757,16461,18377.03,0.14
5758,22480,171379.81,0.35
5759,24826,242093.34,0.62
5760,25326,295107.99,0.77
5761,31312,351902.56,0.85
5762,14681,231498.15,0.11
5763,25715,494566.66,0.73
5764,18854,156741.18,0.51
5765,22415,291540.95,0.72
5766,17543,440007.47,0.56
5767,8810,176612.82,0.71
5768,30157,271258.79,0.47
5769,14441,193811.55,0.88
5770,20372,393801.45,0.71
5771,25096,13303.3,0.85
5772,27641,266117.17,0.31
5773,15830,97055.23,0.12
5774,2172,183065.61,0.49
5775,5570,131561.82,0.23
5776,34843,100088.61,0.24
5777,19272,350171.52,0.45
5778,34944,233374.25,0.27
5779,5168,25826.4,0.52
5780,11150,19305.41,0.68
5781,12486,301846.11,0.34
5782,30341,360454.33,0.83
5783,12738,336549.09,0.37
5784,17093,478876.09,0.67
5785,27761,182822.01,0.24
5786,21151,408294.43,0.3
5787,19830,446783.6,0.12
5788,16535,216104.03,0.18
5789,15049,350761.41,0.73
5790,23238,409279.89,0.13
5791,4975,178270.39,0.18
5792,28139,367488.42,0.31
5793,11344,319036.11,0.13
5794,1976,109774.29,0.22
5795,24472,305353.35,0.23
5796,8833,318202.88,0.38
5797,7260,160173.2,0.44
5798,22122,455840.11,0.65
5799,32541,378405.84,0.23
5800,22561,41269.41,0.65
5801,1650,308786.72,0.87
5802,20717,231653.48,0.83
5803,2198,29086.45,0.62
5804,9562,335462.99,0.3
5805,5067,151027.32,0.8
5806,20848,33741.21,0.52
5807,19040,20549.29,0.45
5808,11863,388000.96,0.85
5809,31579,24227.69,0.79
5810,34263,143080.74,0.73
5811,19083,197396.12,0.37
5812,32273,93197.89,0.11
5813,22152,171959.68,0.62
5814,9016,59718.01,0.11
5815,31260,77962.18,0.71
5816,23632,44646.01,0.89
5817,3615,471795.35,0.59
5818,8926,237070.81,0.19
5819,5701,433401.68,0.73
5820,8408,396742.65,0.47
5821,1199,478450.78,0.14
5822,24512,210229.03,0.35
5823,33525,52995.01,0.16
5824,21428,411540.53,0.58
5825,2872,28478.78,0.5
5826,28856,153034.6,0.57
5827,9012,459506.88,0.26
5828,13618,15102.7,0.53
5829,4218,60866.15,0.53
5830,6229,461287.57,0.87
5831,10760,342326.82,0.47
5832,32294,228210.11,0.8
5833,34407,146663.77,0.16
5834,10450,118357.95,0.65
5835,1424,290288.58,0.77
5836,18076,174931.63,0.84
5837,2435,184940.92,0.13
5838,16403,300748.91,0.15
5839,29612,391557.81,0.65
5840,15822,293881.36,0.62
5841,12106,495928.56,0.15
5842,12744,336797.44,0.68
5843,9233,166047.32,0.49
5844,5866,236553.27,0.77
5845,21063,284684.2,0.19
5846,858,137282.08,0.75
5847,1178,391373.45,0.33
5848,24174,300943.31,0.2
5849,11117,488875.15,0.21
5850,19247,22311.8,0.35
5851,3432,380803.83,0.88
5852,33252,19583.32,0.83
5853,8950,156450.67,0.48
5854,32986,114450.89,0.62
5855,14890,42098.2,0.55
5856,29098,226115.61,0.49
5857,5757,390202.39,0.52
5858,22083,40574.28,0.63
5859,28506,316857.33,0.21
5860,4852,227563.8,0.87
5861,18678,350602.89,0.13
5862,1480,206367.46,0.48
5863,32820,227680.55,0.9
5864,6361,364945.15,0.36
5865,5803,161581.75,0.41
5866,5050,162721.73,0.11
5867,14796,259718.76,0.64
5868,17365,239086.41,0.55
5869,14617,272172.41,0.7
5870,29194,428923.21,0.58
5871,19626,334558.28,0.27
5872,18601,34111.83,0.27
5873,26170,186947.92,0.73
5874,11401,231227.44,0.27
5875,8853,179147.49,0.6
5876,30558,42351.24,0.82
5877,28673,15632.1,0.68
5878,33536,94791.75,0.34
5879,26701,18305.93,0.86
5880,5457,277539.72,0.51
5881,32391,341181.35,0.86
5882,6587,134259.67,0.84
5883,27147,297117.44,0.34
5884,18333,293107.0,0.32
5885,3110,17985.15,0.28
5886,17090,277077.83,0.17
5887,18645,243393.44,0.72
5888,10935,246084.63,0.27
5889,7919,296427.47,0.24
5890,6545,185033.7,0.12
5891,21048,438892.17,0.67
5892,7462,56267.35,0.67
5893,17599,280464.17,0.78
5894,34019,93775.5,0.9
5895,31814,377915.89,0.84
5896,18761,94928.06,0.84
5897,31750,261420.5,0.2
5898,1292,449638.5,0.8
5899,17699,83023.22,0.48
5900,3953,422861.47,0.34
5901,23643,326344.28,0.73
5902,2624,324186.09,0.81
5903,12061,198656.84,0.22
5904,26261,464873.57,0.11
5905,13650,231878.96,0.65
5906,24631,62874.04,0.79
5907,27898,288836.9,0.16
5908,31455,138640.62,0.3
5909,14257,18775.71,0.34
5910,13765,493666.27,0.82
5911,25348,410026.9,0.34
5912,30970,450193.8,0.14
5913,16310,95442.73,0.44
5914,13939,434118.48,0.42
5915,16946,296437.1,0.71
5916,692,341436.49,0.42
5917,14697,216916.57,0.48
5918,14445,60657.57,0.64
5919,33815,273301.52,0.11
5920,23738,72626.64,0.56
5921,18691,441524.32,0.25
5922,18990,122345.88,0.85
5923,27629,203602.65,0.46
5924,13415,173655.32,0.21
5925,14935,107125.06,0.86
5926,8789,100213.29,0.17
5927,19712,379291.33,0.13
5928,23743,350931.01,0.71
5929,25101,192427.64,0.47
5930,16035,54782.5,0.5
5931,11514,85918.75,0.42
5932,12276,374835.08,0.72
5933,26230,489153.69,0.66
5934,27334,292271.18,0.64
5935,20850,16473.4,0.28
5936,20747,184632.36,0.26
5937,11426,364119.84,0.46
5938,1473,67843.01,0.73
5939,19279,358704.48,0.39
5940,19689,119484.11,0.71
5941,26903,274944.21,0.47
5942,1206,383391.04,0.42
5943,9251,407737.46,0.13
5944,32721,159124.28,0.3
5945,20091,401861.59,0.38
5946,16636,433069.49,0.63
5947,4367,63280.28,0.46
5948,29185,425042.53,0.6
5949,26726,260741.95,0.13
5950,7097,346476.31,0.3
5951,29442,30884.45,0.79
5952,9067,41184.18,0.72
5953,5912,482365.35,0.42
5954,15050,427855.83,0.71
5955,10516,13803.84,0.63
5956,24766,109218.29,0.43
5957,18429,427584.89,0.74
5958,28834,133245.58,0.47
5959,25588,302524.51,0.41
5960,1147,430592.65,0.74
5961,29334,167108.12,0.18
5962,13681,167545.45,0.88
5963,17511,475717.84,0.7
5964,5567,160115.85,0.82
5965,29397,402483.9,0.77
5966,9965,273390.01,0.23
5967,32613,390084.94,0.37
5968,32331,243243.95,0.3
5969,34067,108835.98,0.4
5970,29068,89917.32,0.49
5971,23289,65947.28,0.64
5972,4895,41743.22,0.89
5973,11446,483092.52,0.36
5974,18787,120299.89,0.3
5975,14441,341854.28,0.52
5976,5471,280605.74,0.88
5977,12549,50365.46,0.5
5978,32711,138760.96,0.12
5979,27207,396178.08,0.46
5980,824,377281.56,0.12
5981,2264,74336.01,0.33
5982,32787,250711.17,0.65
5983,5195,340310.72,0.43
5984,26979,220027.1,0.86
5985,25537,297759.93,0.18
5986,28326,127146.72,0.25
5987,18919,307884.79,0.18
5988,14808,271641.6,0.24
5989,15708,426676.03,0.68
5990,30206,370990.47,0.64
5991,33959,182897.46,0.12
5992,33938,354817.63,0.55
5993,31343,124308.76,0.26
5994,8249,483722.57,0.31
5995,18156,209793.01,0.86
5996,11380,254447.3,0.28
5997,8246,281008.74,0.66
5998,4161,69703.38,0.84
5999,6145,181189.8,0.13
6000,12669,384241.96,0.72
6001,33447,81038.27,0.28
6002,33701,150400.28,0.7
6003,25963,342791.64,0.52
6004,29888,251270.53,0.51
6005,34583,148869.2,0.77
6006,2578,366510.5,0.37
6007,31005,419509.82,0.82
6008,13230,197655.73,0.65
6009,4113,46719.13,0.2
6010,10445,105317.57,0.59
6011,11092,364051.23,0.56
6012,18272,182916.15,0.6
6013,8177,287407.84,0.69
6014,10427,424529.12,0.59
6015,23007,71059.93,0.58
6016,27489,69496.11,0.5
6017,14453,271213.23,0.5
6018,34884,480460.26,0.49
6019,23849,331915.79,0.35
6020,20474,147149.55,0.81
6021,32881,380627.72,0.6
6022,24988,426590.74,0.23
6023,32142,269040.4,0.25
6024,24267,429816.53,0.84
6025,18627,443676.21,0.34
6026,20496,262560.28,0.1
6027,31950,365827.13,0.51
6028,30619,286200.52,0.81
6029,1851,51845.18,0.9
6030,30031,282939.9,0.26
6031,3220,380197.22,0.76
6032,8858,452518.71,0.41
6033,34074,295444.61,0.55
6034,2452,234350.13,0.11
6035,14789,413234.12,0.68
6036,22185,441091.74,0.62
6037,5027,455405.69,0.23
6038,15888,265561.46,0.27
6039,18050,240858.84,0.66
6040,23513,116797.21,0.14
6041,20015,96252.17,0.52
6042,29227,112767.92,0.77
6043,20635,108550.6,0.51
6044,22906,215102.48,0.42
6045,3739,65832.06,0.82
6046,17199,131338.34,0.19
6047,34049,290332.18,0.35
6048,32794,346794.55,0.7
6049,25258,485442.71,0.84
6050,22363,147682.38,0.27
6051,34313,364637.55,0.61
6052,15431,370860.82,0.49
6053,1264,387515.76,0.64
6054,2627,203338.81,0.41
6055,30700,307838.54,0.32
6056,14170,450529.25,0.52
6057,21560,397296.14,0.58
6058,19412,199795.28,0.63
6059,14971,372791.3,0.46
6060,27859,388873.81,0.56
6061,24104,351039.85,0.23
6062,17285,292083.31,0.14
6063,23460,430216.96,0.87
6064,568,20471.78,0.87
6065,17516,319393.68,0.12
6066,5253,182743.48,0.78
6067,10042,181120.63,0.64
6068,9600,327666.16,0.82
6069,33743,267651.66,0.34
6070,17705,205550.31,0.85
6071,18538,413583.28,0.75
6072,4457,469766.33,0.26
6073,7763,20877.61,0.33
6074,27518,280954.41,0.58
6075,12858,311306.6,0.78
6076,13558,412544.38,0.36
6077,27268,265637.42,0.77
6078,21718,395467.64,0.9
6079,30455,151427.53,0.61
6080,15115,309169.32,0.55
6081,23736,69013.77,0.4
6082,14498,286031.69,0.34
6083,5365,412677.69,0.18
6084,10517,153493.15,0.68
6085,3700,118831.04,0.54
6086,25635,396852.39,0.84
6087,16318,130834.6,0.57
6088,28844,477991.12,0.58
6089,12817,240470.83,0.62
6090,17301,406222.85,0.82
6091,7597,60876.29,0.77
6092,13025,229294.02,0.39
6093,23920,411026.65,0.8
6094,2430,95727.17,0.39
6095,27334,257961.24,0.53
6096,13158,390857.4,0.32
6097,1890,49990.91,0.2
6098,7724,165705.01,0.61
6099,732,277820.31,0.64
6100,3591,190568.86,0.34
6101,13039,430063.17,0.25
6102,10,491222.08,0.27
6103,27633,354817.24,0.27
6104,19902,331977.97,0.83
6105,26106,334870.58,0.43
6106,18924,241157.46,0.31
6107,29905,155541.93,0.62
6108,11788,50784.21,0.61
6109,30886,76083.14,0.68
6110,25030,438926.35,0.62
6111,15165,413072.97,0.41
6112,21354,427389.51,0.83
6113,29329,190436.47,0.75
6114,24331,38317.27,0.54
6115,25011,101149.46,0.27
6116,29814,130221.42,0.84
6117,26479,42876.69,0.68
6118,19713,446383.03,0.49
6119,17916,130092.52,0.39
6120,10558,262453.33,0.8
6121,14470,192486.46,0.62
6122,13939,355500.9,0.18
6123,10975,383910.85,0.32
6124,9537,173511.01,0.89
6125,9930,59503.18,0.81
6126,23374,15236.87,0.82
6127,16936,349307.92,0.55
6128,7133,358787.21,0.14
6129,3212,294489.95,0.75
6130,12527,439698.55,0.56
6131,10145,99699.93,0.43
6132,6472,20672.22,0.3
6133,27947,270775.66,0.88
6134,25819,322344.17,0.56
6135,32580,273662.74,0.63
6136,2179,73701.71,0.52
6137,25407,470906.4,0.21
6138,13768,162414.42,0.67
6139,31094,450433.06,0.18
6140,9689,452037.13,0.18
6141,29331,480737.72,0.6
6142,30184,496309.86,0.48
6143,23942,179011.87,0.18
6144,20700,376052.9,0.53
6145,27013,150836.05,0.68
6146,9807,230680.77,0.21
6147,33704,203055.07,0.57
6148,26566,446389.84,0.28
6149,12720,275888.3,0.22
6150,32544,157488.59,0.42
6151,2586,164264.18,0.38
6152,2526,161028.08,0.87
6153,4782,492447.27,0.1
6154,29903,242605.96,0.24
6155,25323,302990.89,0.45
6156,25658,239357.17,0.88
6157,8920,385257.94,0.46
6158,13508,178723.8,0.87
6159,10349,336398.84,0.14
6160,15800,109297.34,0.31
6161,18232,19647.52,0.58
6162,28477,388594.07,0.88
6163,32193,93796.22,0.57
6164,32001,157702.42,0.36
6165,5368,446724.47,0.29
6166,15575,67590.79,0.69
6167,31205,100918.0,0.72
6168,9421,338139.8,0.69
6169,15648,138667.62,0.88
6170,10600,495447.0,0.68
6171,489,285983.97,0.4
6172,32975,62927.37,0.42
6173,744,425398.07,0.14
6174,21920,491010.21,0.5
6175,16121,227081.59,0.69
6176,16301,372569.15,0.78
6177,24737,413805.7,0.34
6178,8384,422537.04,0.87
6179,27522,395237.98,0.79
6180,6291,450039.6,0.32
6181,10558,281516.5,0.12
6182,8607,245501.68,0.15
6183,18582,357779.45,0.3
6184,16862,453232.46,0.85
6185,17496,279348.81,0.5
6186,33715,372401.2,0.9
6187,3009,462536.89,0.22
6188,10744,67249.68,0.22
6189,22058,463257.99,0.51
6190,17567,108104.62,0.43
6191,23239,142405.92,0.25
6192,9679,98971.14,0.1
6193,29553,412949.93,0.58
6194,20722,251395.41,0.31
6195,13646,43844.61,0.1
6196,28371,373950.85,0.55
6197,14727,117531.04,0.21
6198,26723,474126.33,0.84
6199,29010,51133.14,0.1
6200,6751,60925.25,0.27
6201,24434,25454.18,0.71
6202,2778,271934.21,0.33
6203,12305,375881.59,0.3
6204,29520,87049.88,0.78
6205,2670,383033.0,0.57
6206,7306,91079.79,0.19
6207,5368,279331.64,0.51
6208,21881,50280.17,0.84
6209,12001,78187.16,0.42
6210,27458,491471.68,0.19
6211,13164,58033.01,0.68
6212,5080,459331.59,0.26
6213,20688,113253.3,0.68
6214,23744,405441.84,0.41
6215,7775,337524.73,0.17
6216,14448,234159.36,0.59
6217,15764,471663.79,0.57
6218,7850,107093.21,0.62
6219,1488,449581.79,0.89
6220,3246,253714.74,0.47
6221,9527,185669.96,0.9
6222,1566,263155.53,0.64
6223,12418,255531.28,0.49
6224,25370,439695.96,0.27
6225,20504,356616.78,0.39
6226,9764,248973.96,0.61
6227,9086,377732.7,0.31
6228,1048,211138.89,0.41
6229,14321,324787.23,0.17
6230,16413,176301.76,0.15
6231,12183,400720.94,0.76
6232,9283,124596.69,0.41
6233,20802,91561.61,0.78
6234,34380,291356.71,0.11
6235,33476,31482.96,0.43
6236,26932,29082.64,0.87
6237,17946,103020.38,0.54
6238,19604,81538.11,0.86
6239,6282,455073.25,0.48
6240,14802,153837.66,0.41
6241,10861,27307.1,0.12
6242,29221,302385.05,0.24
6243,30923,203752.41,0.53
6244,28252,437896.64,0.19
6245,9052,428195.05,0.49
6246,8336,446585.19,0.28
6247,8983,381586.89,0.88
6248,29550,172971.51,0.75
6249,12230,488336.66,0.67
6250,8222,163127.54,0.31
6251,27148,136474.22,0.53
6252,4655,309541.88,0.75
6253,29947,59553.51,0.43
6254,27793,347091.63,0.21
6255,28562,144694.51,0.33
6256,30540,198132.9,0.23
6257,29371,127562.19,0.41
6258,10222,432325.62,0.82
6259,32796,432076.05,0.88
6260,33941,23842.14,0.61
6261,19173,149762.48,0.5
6262,31224,31911.38,0.74
6263,18547,151587.07,0.37
6264,29071,486368.1,0.5
6265,6190,100281.48,0.31
6266,23924,78194.19,0.18
6267,33864,277620.67,0.72
6268,6921,117245.14,0.29
6269,23853,245033.2,0.54
6270,21805,426077.48,0.4
6271,7871,389427.63,0.78
6272,15671,88069.04,0.88
6273,21314,137182.36,0.41
6274,23375,394847.36,0.76
6275,26269,88844.31,0.59
6276,12708,260912.2,0.61
6277,27559,231417.38,0.16
6278,1340,99744.52,0.32
6279,30835,22781.79,0.81
6280,17053,317641.34,0.72
6281,31200,10573.47,0.6
6282,30350,260806.98,0.65
6283,5761,498005.34,0.47
6284,18824,48143.05,0.33
6285,21123,228918.7,0.2
6286,11479,491305.55,0.39
6287,22088,303316.3,0.36
6288,3035,171259.95,0.19
6289,271,335921.64,0.23
6290,5385,108753.75,0.69
6291,4625,235765.32,0.21
6292,3041,102115.06,0.6
6293,16098,170237.34,0.58
6294,24694,499651.57,0.53
6295,129,411997.22,0.19
6296,27331,114793.74,0.81
6297,17375,492536.23,0.62
6298,13632,440508.43,0.26
6299,2016,426978.45,0.77
6300,28709,442611.25,0.49
6301,23875,495315.17,0.62
6302,15834,174767.57,0.89
6303,27043,266950.36,0.54
6304,31568,183587.71,0.29
6305,28687,127095.77,0.12
6306,4600,164570.26,0.56
6307,22945,222586.79,0.46
6308,29205,122246.74,0.86
6309,27004,26817.46,0.86
6310,1946,123760.8,0.1
6311,31832,456726.42,0.82
6312,26893,382431.88,0.38
6313,13824,150550.12,0.43
6314,26448,51021.66,0.4
6315,4758,335770.2,0.23
6316,33731,51376.45,0.59
6317,2085,262374.92,0.38
6318,31568,296671.08,0.29
6319,27675,460971.65,0.31
6320,6805,457014.53,0.49
6321,23992,365247.43,0.16
6322,16528,92828.81,0.31
6323,9282,131746.49,0.89
6324,20841,46749.87,0.32
6325,34928,372133.66,0.32
6326,25019,495453.56,0.7
6327,16274,260943.07,0.33
6328,1698,484044.34,0.28
6329,1067,478804.19,0.39
6330,27394,360721.79,0.15
6331,34417,281358.28,0.28
6332,29545,103614.49,0.79
6333,15102,450643.18,0.62
6334,23782,282039.23,0.6
6335,2851,458209.41,0.24
6336,30981,165663.28,0.51
6337,24883,247386.69,0.34
6338,18896,66420.72,0.51
6339,5729,76543.93,0.79
6340,10013,183566.72,0.26
6341,18096,464954.15,0.4
6342,1529,38111.35,0.73
6343,15547,182677.51,0.79
6344,27312,290229.57,0.81
6345,20609,263696.07,0.26
6346,6591,64407.65,0.29
6347,7287,297037.33,0.64
6348,14026,277710.92,0.52
6349,566,349855.81,0.51
6350,11610,272428.69,0.44
6351,28938,82967.45,0.53
6352,14445,143991.28,0.26
6353,20473,294681.05,0.48
6354,32749,181790.77,0.2
6355,5709,340541.98,0.28
6356,10050,90757.31,0.49
6357,30259,497147.69,0.7
6358,33614,26383.05,0.16
6359,22965,361806.93,0.7
6360,32418,18844.28,0.88
6361,20167,160320.51,0.26
6362,25339,297647.5,0.12
6363,28930,400019.78,0.45
6364,13060,305308.36,0.82
6365,11566,43200.55,0.29
6366,34511,472818.58,0.13
6367,25208,135421.05,0.45
6368,8313,208698.99,0.32
6369,34733,232351.2,0.55
6370,13856,470516.98,0.78
6371,19748,165622.18,0.39
6372,32230,480037.29,0.8
6373,29093,165442.48,0.14
6374,7669,65847.67,0.37
6375,2812,16949.55,0.85
6376,5773,382522.25,0.37
6377,24544,78265.77,0.15
6378,3766,59038.26,0.14
6379,34741,94841.44,0.59
6380,24804,108305.05,0.25
6381,14374,148530.57,0.7
6382,24139,191119.29,0.56
6383,29790,433830.16,0.83
6384,1388,465422.39,0.87
6385,526,318418.52,0.74
6386,25237,297226.1,0.56
6387,33226,29609.65,0.24
6388,6352,204111.03,0.81
6389,22625,438975.08,0.62
6390,4503,95923.7,0.21
6391,24985,31651.42,0.39
6392,32177,132686.4,0.78
6393,27830,467636.44,0.53
6394,14608,273242.32,0.18
6395,33042,268316.73,0.65
6396,8143,123082.7,0.73
6397,34109,155893.67,0.87
6398,11675,26397.11,0.9
6399,15874,115595.21,0.73
6400,6993,290903.71,0.43
6401,24593,185545.22,0.88
6402,9018,36247.41,0.85
6403,4317,254120.22,0.31
6404,17438,220801.83,0.38
6405,14013,186409.09,0.36
6406,6676,241253.86,0.65
6407,10509,441554.64,0.48
6408,28394,388315.25,0.26
6409,10771,475109.32,0.19
6410,33417,124521.27,0.19
6411,3067,41370.31,0.11
6412,14633,204240.59,0.45
6413,6088,332269.72,0.31
6414,4796,300678.0,0.42
6415,19145,58489.02,0.3
6416,34480,123384.48,0.17
6417,1476,320442.15,0.58
6418,6804,390262.64,0.73
6419,31691,482477.83,0.65
6420,29554,247238.45,0.11
6421,20463,273693.12,0.64
6422,8470,203614.29,0.58
6423,13527,38775.46,0.73
6424,4942,394585.87,0.74
6425,17152,98174.64,0.22
6426,7892,413276.29,0.47
6427,13842,235037.91,0.16
6428,33553,455730.91,0.69
6429,11720,318705.6,0.17
6430,2114,254879.31,0.13
6431,27377,459646.23,0.85
6432,31050,29262.59,0.13
6433,10527,257729.95,0.54
6434,13715,450899.41,0.46
6435,10676,93858.12,0.61
6436,24541,354246.06,0.16
6437,17735,233146.03,0.51
6438,8325,313878.16,0.37
6439,24245,161774.9,0.14
6440,9037,13943.32,0.42
6441,9640,403133.57,0.17
6442,6445,207399.86,0.61
6443,20641,90650.68,0.24
6444,8850,339210.88,0.88
6445,12696,409825.98,0.22
6446,12555,165545.82,0.14
6447,31264,54745.98,0.51
6448,11144,244308.44,0.13
6449,24870,192519.31,0.84
6450,23641,260723.72,0.52
6451,7279,222307.34,0.49
6452,28864,58653.72,0.8
6453,848,70332.71,0.87
6454,34659,85484.57,0.11
6455,1099,392737.47,0.83
6456,10975,319758.54,0.57
6457,9028,335633.82,0.86
6458,25096,342340.52,0.69
6459,10578,234017.63,0.17
6460,28899,114870.85,0.34
6461,32490,216255.4,0.4
6462,10139,340579.28,0.25
6463,9648,75625.51,0.32
6464,6797,95118.95,0.5
6465,18253,39449.46,0.25
6466,10056,126778.01,0.13
6467,13145,67081.55,0.68
6468,30922,262857.44,0.4
6469,20338,292029.92,0.28
6470,14343,259952.42,0.49
6471,14251,258035.18,0.48
6472,12653,400499.27,0.34
6473,9801,312721.35,0.13
6474,18455,311140.66,0.16
6475,27062,140271.08,0.27
6476,10461,103934.05,0.54
6477,24572,466127.2,0.74
6478,7564,465604.7,0.84
6479,31318,444932.93,0.63
6480,26181,178422.83,0.76
6481,11595,18506.85,0.56
6482,34312,447958.11,0.74
6483,33453,43245.41,0.78
6484,27583,198891.69,0.61
6485,24565,208378.64,0.78
6486,24781,23197.03,0.41
6487,11,31525.66,0.33
6488,14378,220628.76,0.46
6489,31267,492804.75,0.53
6490,8607,239855.84,0.1
6491,17644,46464.87,0.45
6492,32343,21392.55,0.85
6493,15739,462657.3,0.17
6494,7276,340662.13,0.12
6495,9400,420566.23,0.87
6496,15297,116220.2,0.41
6497,24291,376769.83,0.57
6498,4346,34696.31,0.66
6499,33099,112617.38,0.27
6500,21307,453316.43,0.78
6501,34651,11105.95,0.69
6502,29701,409110.01,0.35
6503,21428,74348.28,0.29
6504,21949,479119.49,0.88
6505,29253,305062.18,0.76
6506,14863,62569.83,0.55
6507,21144,268368.06,0.18
6508,23083,233003.58,0.45
6509,34923,233081.07,0.39
6510,16965,244092.99,0.27
6511,26227,36104.76,0.65
6512,22403,22880.94,0.58
6513,17512,389746.17,0.5
6514,31081,366538.7,0.17
6515,26485,50042.21,0.29
6516,10029,112576.26,0.21
6517,4551,476625.9,0.19
6518,29768,29234.24,0.51
6519,24255,223452.91,0.85
6520,34944,416960.84,0.88
6521,15158,78826.64,0.58
6522,6071,31089.99,0.3
6523,28865,402013.5,0.54
6524,482,34423.69,0.45
6525,21420,271516.25,0.34
6526,11841,141305.14,0.76
6527,2773,441353.95,0.43
6528,6598,371201.46,0.36
6529,29614,487567.09,0.44
6530,12911,102271.47,0.68
6531,30464,135967.38,0.39
6532,29779,116137.88,0.89
6533,19567,251038.51,0.66
6534,30571,42827.2,0.81
6535,10350,358222.03,0.78
6536,21739,290759.81,0.27
6537,3077,81742.52,0.73
6538,25410,93078.34,0.59
6539,18574,101051.54,0.58
6540,18265,174461.52,0.67
6541,28939,94647.59,0.4
6542,32294,480172.93,0.29
6543,1156,130725.87,0.48
6544,30759,493933.24,0.36
6545,5334,67275.23,0.39
6546,32392,426851.65,0.54
6547,1093,80752.91,0.76
6548,19193,278462.75,0.41
6549,5787,340802.28,0.33
6550,21654,315247.88,0.28
6551,34499,49494.15,0.63
6552,264,392108.19,0.43
6553,18987,13151.05,0.32
6554,21203,496309.31,0.23
6555,12912,476934.75,0.28
6556,16488,183522.58,0.33
6557,8031,449019.63,0.22
6558,13311,453031.96,0.34
6559,4201,109305.53,0.12
6560,20342,409836.67,0.23
6561,26086,494584.61,0.58
6562,8794,10015.41,0.35
6563,9766,443586.32,0.21
6564,15816,183702.82,0.85
6565,27966,497073.21,0.8
6566,3543,241256.69,0.23
6567,24990,59357.76,0.89
6568,29384,196707.25,0.5
6569,16944,161996.29,0.28
6570,13631,450753.95,0.61
6571,26051,71264.0,0.85
6572,30272,70435.82,0.2
6573,14555,270998.75,0.22
6574,28590,228411.79,0.64
6575,27033,360869.53,0.69
6576,25224,416680.16,0.35
6577,12107,283944.4,0.78
6578,7424,175785.48,0.39
6579,33866,226763.16,0.33
6580,31794,343852.55,0.17
6581,26726,160746.35,0.5
6582,25316,420406.84,0.72
6583,732,130581.4,0.29
6584,10342,79759.49,0.1
6585,1057,227938.67,0.33
6586,30182,467986.9,0.64
6587,4980,135513.38,0.32
6588,9112,342867.37,0.38
6589,28503,92444.01,0.87
6590,21754,458723.81,0.61
6591,16811,163638.02,0.63
6592,13069,428401.16,0.38
6593,21364,108752.44,0.75
6594,25523,214315.69,0.8
6595,2937,40354.57,0.16
6596,19383,162219.77,0.14
6597,24858,27147.04,0.84
6598,13715,235776.85,0.79
6599,3327,449882.12,0.77
6600,21435,405983.93,0.44
6601,29586,414264.16,0.27
6602,7119,69486.8,0.48
6603,23894,277225.07,0.68
6604,22335,254067.04,0.6
6605,3061,456249.57,0.15
6606,8205,62244.91,0.35
6607,23743,490890.21,0.17
6608,581,151488.05,0.48
6609,17946,78044.41,0.27
6610,31730,69676.8,0.4
6611,16047,427082.13,0.81
6612,28058,297636.92,0.73
6613,12721,271826.84,0.76
6614,32668,360622.37,0.42
6615,25548,263982.45,0.12
6616,8284,155423.71,0.83
6617,15434,98666.53,0.17
6618,28017,164918.79,0.53
6619,20533,289055.71,0.19
6620,28943,415355.78,0.29
6621,1875,434449.09,0.56
6622,3111,185919.15,0.49
6623,18457,280274.88,0.37
6624,12803,123971.65,0.56
6625,3897,305690.05,0.17
6626,4578,332330.96,0.2
6627,10558,454337.91,0.33
6628,4957,92999.2,0.14
6629,33196,382884.59,0.16
6630,30328,135013.35,0.37
6631,29756,288125.52,0.74
6632,16347,49937.23,0.76
6633,1173,306278.37,0.36
6634,26800,67088.28,0.54
6635,32647,107203.83,0.57
6636,25463,448046.92,0.21
6637,4077,441957.12,0.62
6638,11999,242738.91,0.66
6639,18740,139881.75,0.16
6640,27730,246617.67,0.26
6641,3407,313851.63,0.42
6642,13574,463895.96,0.52
6643,13141,46879.88,0.9
6644,33139,418799.95,0.63
6645,21344,205261.96,0.28
6646,15502,227464.13,0.81
6647,16583,449369.15,0.38
6648,14054,294094.95,0.32
6649,29546,345197.41,0.57
6650,13709,156799.97,0.67
6651,1862,130843.26,0.51
6652,24626,215430.65,0.7
6653,25809,479579.34,0.21
6654,28923,216098.41,0.67
6655,32909,310382.62,0.72
6656,1317,115752.75,0.61
6657,6267,56121.07,0.24
6658,26324,320452.09,0.25
6659,9320,263738.04,0.35
6660,10915,130617.81,0.34
6661,27982,230592.98,0.29
6662,24222,276995.64,0.64
6663,20120,365993.15,0.11
6664,7923,36497.23,0.56
6665,5100,235702.56,0.41
6666,28291,184604.32,0.65
6667,2388,449946.33,0.17
6668,10188,363880.49,0.87
6669,34850,295660.4,0.37
6670,24871,322142.21,0.18
6671,11683,255427.39,0.75
6672,17541,367070.23,0.61
6673,8712,206063.48,0.14
6674,33458,434284.04,0.77
6675,31032,300808.19,0.48
6676,8089,276975.68,0.72
6677,13135,62325.54,0.84
6678,32400,369955.03,0.24
6679,17169,269394.35,0.85
6680,15590,437596.91,0.43
6681,18107,318767.93,0.76
6682,15390,396836.11,0.47
6683,31897,263359.24,0.55
6684,7111,134942.92,0.88
6685,20189,285430.36,0.68
6686,5128,121473.63,0.62
6687,23787,402995.8,0.14
6688,4477,15611.86,0.22
6689,15793,295269.08,0.53
6690,20152,109294.26,0.73
6691,29942,490537.88,0.16
6692,27424,239344.27,0.89
6693,3988,252044.59,0.87
6694,26638,91795.34,0.6
6695,18019,230422.48,0.88
6696,19984,274383.93,0.64
6697,12792,280362.07,0.34
6698,4805,454321.16,0.56
6699,14615,249290.82,0.16
6700,670,440422.09,0.31
6701,33197,143373.77,0.86
6702,34081,300527.65,0.29
6703,34462,282772.53,0.15
6704,32159,405819.99,0.88
6705,33834,387006.58,0.58
6706,28017,164934.36,0.16
6707,10070,461065.07,0.26
6708,33703,357753.83,0.86
6709,28550,37458.35,0.38
6710,22077,389499.33,0.72
6711,13692,276337.72,0.69
6712,16305,360737.9,0.7
6713,17366,192239.6,0.36
6714,30811,186959.32,0.34
6715,7501,273602.03,0.24
6716,8039,75631.5,0.14
6717,31522,10120.75,0.34
6718,12074,425074.2,0.28
6719,11723,165439.76,0.42
6720,33807,69526.73,0.41
6721,4160,471044.62,0.12
6722,2813,370616.77,0.18
6723,4025,76711.87,0.5
6724,20484,482362.94,0.72
6725,22027,29582.9,0.13
6726,21683,342484.18,0.84
6727,21271,247997.28,0.13
6728,7578,197607.35,0.4
6729,33179,86235.24,0.52
6730,692,480141.1,0.32
6731,1270,216813.04,0.34
6732,5907,62601.73,0.26
6733,11287,50107.44,0.55
6734,10966,99745.4,0.55
6735,9136,376244.81,0.86
6736,6688,473273.99,0.68
6737,3911,359315.11,0.27
6738,7254,378476.75,0.21
6739,1888,493991.48,0.82
6740,31084,384695.79,0.29
6741,402,170586.34,0.67
6742,8359,353567.74,0.88
6743,24549,49602.5,0.84
6744,23472,418675.12,0.81
6745,24697,336273.53,0.74
6746,18523,364935.65,0.75
6747,2695,165672.01,0.74
6748,25447,234122.03,0.49
6749,19428,335955.26,0.43
6750,31043,485859.66,0.59
6751,33640,394170.86,0.78
6752,25163,419572.53,0.48
6753,26346,19847.64,0.51
6754,20576,117381.58,0.3
6755,29224,192544.11,0.83
6756,22327,298266.49,0.56
6757,21236,231641.27,0.87
6758,11213,311141.0,0.6
6759,22258,99702.07,0.56
6760,5195,359572.0,0.64
6761,22173,131257.96,0.86
6762,938,355935.23,0.79
6763,26969,314680.0,0.46
6764,22950,361731.58,0.37
6765,7991,445990.23,0.36
6766,27843,187504.6,0.34
6767,34894,395736.27,0.22
6768,6970,356704.3,0.32
6769,13804,202976.64,0.41
6770,11696,301747.82,0.22
6771,5250,178462.44,0.53
6772,7547,462041.65,0.6
6773,29970,181873.87,0.35
6774,10118,418550.38,0.2
6775,17252,305062.22,0.88
6776,18035,155794.16,0.55
6777,8405,403586.56,0.25
6778,12464,252036.09,0.15
6779,16806,222465.45,0.89
6780,34257,455464.19,0.57
6781,21559,18862.38,0.14
6782,1572,330915.37,0.39
6783,13925,21266.93,0.49
6784,30246,25324.88,0.3
6785,13415,349455.19,0.58
6786,502,22898.01,0.11
6787,28524,339823.11,0.74
6788,6205,188674.51,0.54
6789,32411,243001.01,0.59
6790,20487,236248.15,0.67
6791,9972,469369.32,0.64
6792,27784,459075.47,0.8
6793,23803,290125.31,0.18
6794,34716,228359.3,0.16
6795,28974,463575.73,0.24
6796,28774,179501.7,0.51
6797,12881,203065.23,0.54
6798,2977,216021.41,0.43
6799,16636,476063.17,0.19
6800,27659,229414.93,0.89
6801,185,106841.76,0.23
6802,21777,404053.5,0.33
6803,26639,431012.38,0.83
6804,29609,45950.1,0.81
6805,2245,188712.34,0.52
6806,13968,147337.45,0.27
6807,23191,352211.34,0.52
6808,12109,258288.35,0.42
6809,14994,336398.03,0.49
6810,11643,235280.97,0.14
6811,28298,427544.95,0.54
6812,31792,335384.8,0.66
6813,31333,421764.59,0.18
6814,22668,391762.41,0.78
6815,11825,380854.09,0.68
6816,448,314996.2,0.16
6817,11552,320398.49,0.75
6818,30992,364481.1,0.62
6819,32536,405123.66,0.65
6820,22523,332030.17,0.77
6821,13150,108942.73,0.79
6822,13670,480645.68,0.17
6823,5611,314648.33,0.74
6824,20977,278838.65,0.57
6825,7197,120603.13,0.42
6826,25546,163915.05,0.69
6827,16545,286860.48,0.5
6828,8074,477433.25,0.63
6829,29423,312994.07,0.45
6830,19120,469033.2,0.49
6831,5255,190039.63,0.89
6832,868,363373.92,0.13
6833,19161,296881.16,0.34
6834,20513,358443.95,0.68
6835,1445,249450.09,0.54
6836,31249,357319.48,0.75
6837,6316,285024.44,0.38
6838,29896,22692.74,0.57
6839,20141,441133.12,0.21
6840,31308,107629.71,0.9
6841,32181,318861.92,0.56
6842,2863,95857.62,0.76
6843,18668,184916.11,0.75
6844,34612,232350.13,0.16
6845,4002,214278.07,0.26
6846,2794,479269.02,0.18
6847,32669,268788.6,0.85
6848,11119,81801.8,0.5
6849,8486,190592.0,0.26
6850,7003,100894.04,0.58
6851,23353,104119.86,0.69
6852,27558,385285.47,0.79
6853,29479,73554.23,0.43
6854,17950,354474.25,0.64
6855,807,215620.01,0.35
6856,4952,256998.63,0.42
6857,21108,402720.43,0.62
6858,24223,11002.61,0.88
6859,22107,232004.96,0.81
6860,29210,158223.58,0.9
6861,2832,324123.69,0.78
6862,24799,420297.47,0.9
6863,6530,188097.42,0.75
6864,19309,214542.07,0.56
6865,32670,451001.39,0.25
6866,15899,399717.62,0.4
6867,23478,396356.23,0.66
6868,6228,16532.94,0.11
6869,8474,497527.11,0.65
6870,30439,318512.47,0.38
6871,28883,401287.58,0.82
6872,6896,96195.96,0.79
6873,1172,465582.88,0.37
6874,1050,346867.12,0.79
6875,14452,46640.91,0.33
6876,15102,103889.74,0.85
6877,18594,365890.75,0.24
6878,12843,360200.53,0.1
6879,5241,426596.75,0.81
6880,18989,125076.17,0.46
6881,1288,354279.28,0.35
6882,17226,429499.47,0.8
6883,34148,116259.3,0.29
6884,30714,301790.28,0.21
6885,1553,273953.63,0.47
6886,25923,434310.96,0.58
6887,21886,108179.46,0.82
6888,3093,201750.74,0.82
6889,29839,115215.69,0.84
6890,9968,272650.13,0.47
6891,30385,287949.63,0.6
6892,4013,120619.15,0.55
6893,14108,177492.31,0.35
6894,17262,75202.14,0.15
6895,15714,371734.62,0.13
6896,6171,382465.96,0.16
6897,8698,44422.64,0.46
6898,1801,43607.27,0.48
6899,18159,465323.65,0.57
6900,25541,321505.8,0.72
6901,31507,352968.19,0.69
6902,25422,22940.02,0.25
6903,23406,233388.51,0.54
6904,20660,457552.23,0.18
6905,16694,72605.12,0.39
6906,15295,429768.44,0.85
6907,6179,20752.47,0.78
6908,12119,56857.82,0.68
6909,16794,193274.21,0.56
6910,29751,11115.16,0.84
6911,34464,157293.01,0.33
6912,9633,275757.12,0.79
6913,13414,433124.68,0.71
6914,15057,365121.55,0.52
6915,21707,422887.8,0.53
6916,14289,176363.74,0.64
6917,2516,416734.07,0.69
6918,19319,170937.81,0.3
6919,5197,90751.04,0.31
6920,30950,144403.7,0.42
6921,14814,73376.69,0.66
6922,10079,251576.68,0.14
6923,20894,143275.78,0.59
6924,30183,252339.45,0.48
6925,20349,392768.48,0.56
6926,32926,473652.14,0.17
6927,20140,333333.35,0.76
6928,21523,357613.1,0.54
6929,13621,70672.51,0.49
6930,18127,213828.4,0.49
6931,15977,273883.29,0.45
6932,9680,272986.83,0.45
6933,25843,46197.06,0.61
6934,20291,248928.37,0.57
6935,16272,298843.86,0.79
6936,14923,30328.54,0.8
6937,7653,326840.52,0.29
6938,1329,374134.94,0.14
6939,16366,460365.26,0.42
6940,7535,120449.12,0.38
6941,11808,439750.97,0.31
6942,9267,464875.73,0.18
6943,24261,177147.36,0.28
6944,3512,420341.07,0.65
6945,32710,151757.42,0.79
6946,2845,295978.09,0.23
6947,24802,16025.27,0.45
6948,25642,191764.25,0.42
6949,31098,314253.95,0.57
6950,15523,439122.38,0.35
6951,26871,142693.0,0.31
6952,22874,441986.23,0.16
6953,10130,449965.62,0.8
6954,19345,11535.69,0.44
6955,6134,276609.02,0.22
6956,26813,188452.77,0.2
6957,15858,280426.41,0.73
6958,18734,132196.87,0.46
6959,219,89622.55,0.87
6960,23447,51719.49,0.4
6961,10432,302907.96,0.83
6962,12741,495492.26,0.55
6963,12034,24894.15,0.8
6964,8955,384309.02,0.66
6965,6481,342533.73,0.88
6966,7984,465058.27,0.51
6967,34527,372435.35,0.11
6968,14102,183457.24,0.46
6969,2845,462920.76,0.76
6970,29372,37617.13,0.61
6971,20558,336550.77,0.12
6972,16026,171449.43,0.3
6973,32263,276836.18,0.29
6974,6379,17535.72,0.79
6975,34680,239571.93,0.16
6976,4711,275355.81,0.68
6977,9681,206217.37,0.77
6978,9771,215046.89,0.18
6979,27224,264865.82,0.34
6980,11776,476270.72,0.75
6981,30568,147409.77,0.66
6982,21876,372287.43,0.7
6983,27223,152377.9,0.79
6984,27452,160180.4,0.34
6985,3706,460251.77,0.32
6986,11175,496808.61,0.28
6987,15152,402035.29,0.77
6988,7170,266771.28,0.11
6989,18600,397332.21,0.54
6990,22777,92858.17,0.71
6991,24265,169524.23,0.76
6992,33877,341231.51,0.37
6993,1559,330066.86,0.85
6994,7330,286758.83,0.25
6995,18542,99524.04,0.25
6996,14707,274171.11,0.7
6997,4625,296088.19,0.48
6998,33614,50640.9,0.39
6999,27835,177931.96,0.29
7000,7250,129756.79,0.37
7001,11175,395548.77,0.87
7002,20049,486322.51,0.33
7003,14622,103410.89,0.36
7004,1656,36571.55,0.55
7005,182,281073.48,0.1
7006,14045,39252.27,0.43
7007,23373,147485.93,0.15
7008,13679,211040.86,0.52
7009,33049,146718.28,0.35
7010,7675,52414.52,0.56
7011,10941,211440.41,0.67
7012,30652,100650.45,0.64
7013,29224,81114.5,0.41
7014,10120,197666.6,0.45
7015,21545,68275.15,0.11
7016,1034,177908.33,0.68
7017,28953,128287.1,0.87
7018,12682,360061.61,0.33
7019,31767,269964.78,0.78
7020,12340,116665.26,0.53
7021,2361,383397.61,0.51
7022,32364,27951.7,0.81
7023,7394,244738.12,0.6
7024,31373,226977.45,0.76
7025,95,481264.93,0.78
7026,28711,44528.94,0.86
7027,1573,307161.13,0.74
7028,7647,67031.88,0.47
7029,19297,123473.74,0.49
7030,21388,62955.69,0.37
7031,30991,472528.1,0.73
7032,16269,409789.67,0.44
7033,26230,29632.52,0.79
7034,12285,431939.46,0.16
7035,19902,142617.4,0.8
7036,7687,108179.55,0.71
7037,1098,128719.86,0.18
7038,25537,477962.64,0.82
7039,19959,378878.06,0.87
7040,18077,65125.1,0.46
7041,20241,372759.15,0.63
7042,13375,33325.46,0.89
7043,29968,152687.52,0.15
7044,16174,387577.65,0.45
7045,14705,367503.65,0.24
7046,5279,354934.11,0.12
7047,18832,461607.31,0.31
7048,1787,284659.65,0.27
7049,33437,275303.41,0.71
7050,22558,310250.13,0.29
7051,25390,490007.66,0.32
7052,30092,440248.42,0.68
7053,24451,486412.07,0.48
7054,27631,49619.05,0.49
7055,16112,255445.42,0.41
7056,26266,310056.33,0.72
7057,14282,294378.41,0.71
7058,15995,30808.34,0.1
7059,34771,242617.86,0.74
7060,3997,122735.78,0.51
7061,23505,67577.34,0.77
7062,30537,494463.62,0.43
7063,29690,260459.34,0.24
7064,16194,400015.63,0.13
7065,32505,109486.37,0.83
7066,28552,298399.69,0.14
7067,637,266005.02,0.77
7068,4455,364621.12,0.26
7069,17028,470883.05,0.53
7070,28732,471421.42,0.83
7071,12391,19968.02,0.77
7072,23182,31498.3,0.87
7073,27814,356457.69,0.35
7074,22761,343990.47,0.87
7075,8568,20587.48,0.12
7076,9880,493899.12,0.83
7077,4288,457992.1,0.85
7078,18378,61358.33,0.29
7079,28110,173937.45,0.53
7080,1715,69562.66,0.36
7081,21168,385878.17,0.72
7082,13675,50551.91,0.78
7083,27928,29407.52,0.14
7084,2684,90334.96,0.58
7085,6571,122022.87,0.14
7086,9009,187669.07,0.6
7087,21552,382887.93,0.81
7088,7334,331468.24,0.34
7089,14765,279874.54,0.22
7090,24776,168371.54,0.71
7091,12611,279790.58,0.38
7092,16161,481605.17,0.43
7093,21413,199347.66,0.39
7094,27041,161109.77,0.89
7095,7249,212784.41,0.41
7096,10943,431512.51,0.23
7097,11563,177768.65,0.59
7098,7265,357627.06,0.59
7099,7716,25150.92,0.3
7100,28481,336339.42,0.83
7101,34802,132309.13,0.59
7102,34226,484792.45,0.88
7103,11520,134912.28,0.81
7104,33487,409287.26,0.35
7105,20652,68826.68,0.41
7106,30612,195620.53,0.21
7107,30608,240225.42,0.71
7108,8132,310195.18,0.73
7109,11297,266946.57,0.61
7110,990,35089.58,0.14
7111,26574,279479.01,0.14
7112,27822,213551.76,0.81
7113,10433,270985.29,0.87
7114,19839,36248.65,0.4
7115,3215,71238.65,0.32
7116,24976,297435.41,0.54
7117,23926,396931.47,0.81
7118,21539,435467.94,0.82
7119,24999,366379.73,0.18
7120,34009,396726.32,0.8
7121,6117,45582.82,0.64
7122,25987,344739.07,0.24
7123,21171,319447.86,0.22
7124,25463,438095.0,0.32
7125,30521,262505.2,0.39
7126,34504,439106.66,0.68
7127,34193,349573.75,0.76
7128,33242,460896.58,0.11
7129,9824,251565.96,0.45
7130,16934,183726.57,0.35
7131,15640,474568.89,0.85
7132,12428,91532.18,0.42
7133,17858,204299.82,0.85
7134,20753,350703.01,0.7
7135,10700,354307.59,0.29
7136,10704,17799.79,0.56
7137,33799,266523.19,0.27
7138,12316,87960.84,0.63
7139,17415,231289.75,0.25
7140,32099,418509.32,0.25
7141,17239,28459.86,0.29
7142,12265,417766.7,0.21
7143,16248,419442.28,0.12
7144,9343,40509.58,0.69
7145,28004,382888.78,0.2
7146,175,454273.41,0.55
7147,2266,245971.16,0.41
7148,5203,18501.17,0.45
7149,31863,481633.18,0.74
7150,15200,85338.08,0.28
7151,34034,220795.53,0.88
7152,7222,130090.25,0.82
7153,15738,161427.49,0.62
7154,9506,43702.44,0.34
7155,1375,362849.98,0.19
7156,13154,407182.36,0.31
7157,1426,443398.36,0.52
7158,23232,149125.57,0.21
7159,22151,127715.84,0.56
7160,15728,262168.41,0.62
7161,26785,259533.37,0.15
7162,12575,395686.1,0.74
7163,20927,99216.79,0.57
7164,2819,464168.75,0.67
7165,24767,224581.09,0.28
7166,22770,67576.41,0.82
7167,23285,347999.63,0.48
7168,9170,128643.93,0.52
7169,2,294857.24,0.61
7170,28502,73259.87,0.85
7171,6993,421806.53,0.49
7172,20259,28394.67,0.46
7173,31710,155214.49,0.43
7174,7137,223833.26,0.52
7175,18242,318651.85,0.71
7176,16953,256232.7,0.31
7177,31457,186467.31,0.51
7178,29716,149474.64,0.38
7179,8039,377337.45,0.76
7180,15195,290961.56,0.71
7181,7990,62930.13,0.54
7182,31806,61641.99,0.31
7183,3728,313528.97,0.53
7184,6157,331190.72,0.25
7185,14039,424093.64,0.44
7186,4590,327211.17,0.76
7187,17971,476582.19,0.67
7188,14382,397245.54,0.59
7189,18375,477845.82,0.87
7190,21809,401393.09,0.76
7191,3362,446859.04,0.7
7192,17229,156661.0,0.19
7193,4884,365110.04,0.34
7194,10513,164013.22,0.28
7195,2986,426750.06,0.85
7196,6761,120546.86,0.5
7197,799,441192.61,0.25
7198,18674,68245.27,0.19
7199,14964,85353.19,0.59
7200,23334,344754.03,0.3
7201,20034,152309.36,0.89
7202,15552,447691.59,0.43
7203,7080,249215.62,0.39
7204,317,161409.69,0.45
7205,2165,60986.4,0.23
7206,17655,130601.97,0.23
7207,20817,245861.22,0.34
7208,24956,252402.17,0.22
7209,7336,62045.35,0.24
7210,13071,405746.74,0.78
7211,8319,192116.75,0.67
7212,32566,13544.67,0.31
7213,12471,90942.87,0.54
7214,15283,417771.83,0.42
7215,11213,444799.87,0.86
7216,6039,47540.4,0.47
7217,930,159956.6,0.85
7218,9484,355646.26,0.64
7219,23643,262867.77,0.5
7220,20054,293680.41,0.22
7221,26766,178003.33,0.24
7222,16346,426491.88,0.26
7223,33253,208544.77,0.34
7224,34602,455116.36,0.45
7225,15259,331244.3,0.29
7226,27882,169811.63,0.35
7227,5054,96634.18,0.46
7228,13540,174905.82,0.32
7229,3303,268976.44,0.39
7230,25761,54644.9,0.23
7231,31965,100992.41,0.57
7232,7855,329133.23,0.67
7233,28308,36674.26,0.21
7234,14924,372755.2,0.8
7235,16725,376618.02,0.41
7236,29350,40729.75,0.89
7237,1415,75681.69,0.56
7238,9281,90992.77,0.65
7239,2998,310204.1,0.55
7240,32449,115199.93,0.59
7241,15760,391713.44,0.53
7242,20965,81842.57,0.7
7243,24496,413305.05,0.74
7244,1210,87159.87,0.41
7245,5574,259407.79,0.58
7246,9785,30844.17,0.11
7247,1481,251093.14,0.13
7248,22251,337601.25,0.29
7249,26348,103144.41,0.16
7250,17179,86704.07,0.85
7251,23668,101756.55,0.53
7252,15900,93542.16,0.46
7253,1644,267013.56,0.13
7254,9535,467278.94,0.4
7255,8224,247364.44,0.4
7256,6896,390884.84,0.81
7257,22943,472656.27,0.27
7258,14767,211268.14,0.66
7259,30264,210904.16,0.55
7260,6105,127712.8,0.61
7261,9382,167147.13,0.33
7262,28716,290412.6,0.85
7263,14049,254083.0,0.16
7264,30858,166867.0,0.42
7265,8630,79696.51,0.34
7266,28125,105584.12,0.48
7267,1013,250554.33,0.16
7268,7120,19446.53,0.65
7269,29429,332965.27,0.46
7270,4573,59725.31,0.53
7271,8887,455150.06,0.18
7272,28694,158493.55,0.79
7273,34544,15710.54,0.41
7274,17830,348524.3,0.57
7275,30449,362227.25,0.2
7276,30656,232643.35,0.79
7277,21063,193312.56,0.5
7278,5196,96670.31,0.64
7279,32498,412627.67,0.72
7280,5855,372993.81,0.74
7281,7763,88649.66,0.89
7282,16379,220820.28,0.66
7283,12987,121434.24,0.85
7284,429,366375.26,0.34
7285,3225,408405.64,0.27
7286,26572,410287.26,0.65
7287,28205,59290.61,0.59
7288,20019,120793.67,0.39
7289,5505,498501.96,0.68
7290,825,272431.96,0.78
7291,20849,250200.65,0.86
7292,14675,256869.61,0.7
7293,13036,328929.67,0.3
7294,17723,157935.15,0.69
7295,32681,251073.07,0.71
7296,31673,360720.43,0.3
7297,26024,324308.44,0.23
7298,14317,266928.34,0.84
7299,6189,212115.02,0.79
7300,29219,140404.9,0.23
7301,10699,190465.19,0.58
7302,27708,311415.88,0.52
7303,17331,490107.3,0.36
7304,21802,487006.9,0.24
7305,30560,359652.24,0.8
7306,26258,279341.06,0.67
7307,27780,109833.27,0.59
7308,543,461370.41,0.29
7309,15760,483179.51,0.28
7310,28778,106352.33,0.49
7311,21843,98435.62,0.54
7312,29782,331047.95,0.52
7313,23498,24545.2,0.44
7314,5113,417978.06,0.56
7315,31792,373648.52,0.72
7316,7471,204654.64,0.18
7317,16894,400889.23,0.23
7318,691,266177.92,0.81
7319,29051,231824.77,0.69
7320,9251,446711.14,0.11
7321,27467,380110.62,0.52
7322,5287,126780.84,0.27
7323,31409,441607.2,0.52
7324,27847,177349.65,0.21
7325,22301,179700.81,0.31
7326,23139,343656.53,0.24
7327,29070,27898.97,0.32
7328,12268,126355.58,0.21
7329,23331,359736.08,0.79
7330,7995,415461.32,0.75
7331,7185,472750.1,0.28
7332,9645,220928.04,0.59
7333,26319,435407.6,0.12
7334,32804,461519.95,0.3
7335,13427,310520.39,0.25
7336,34887,51848.48,0.16
7337,1934,356058.27,0.63
7338,15518,386032.96,0.77
7339,14228,403422.33,0.74
7340,14923,77996.76,0.48
7341,9078,439269.43,0.2
7342,13104,71250.43,0.41
7343,33335,281048.74,0.51
7344,9058,158078.18,0.21
7345,23169,40908.48,0.37
7346,21920,347013.9,0.78
7347,30945,366679.02,0.49
7348,26056,152839.26,0.38
7349,32987,49251.78,0.78
7350,3676,440620.89,0.33
7351,4170,175093.3,0.22
7352,27914,428335.57,0.71
7353,6495,118736.31,0.23
7354,15426,276620.08,0.56
7355,15515,41439.63,0.35
7356,20087,387388.44,0.23
7357,31103,350464.56,0.24
7358,3866,308021.71,0.23
7359,31361,386769.62,0.54
7360,13813,429686.54,0.83
7361,9886,171655.18,0.84
7362,21894,464666.49,0.55
7363,15768,388196.03,0.59
7364,19154,72320.65,0.32
7365,3811,78162.43,0.68
7366,13613,113741.7,0.6
7367,21317,241258.65,0.61
7368,4161,193994.06,0.49
7369,32556,56446.65,0.44
7370,21807,469956.92,0.69
7371,15047,56501.92,0.63
7372,18539,93166.28,0.65
7373,21756,149834.09,0.72
7374,15352,142461.66,0.31
7375,33156,10713.07,0.63
7376,34459,361102.96,0.67
7377,5045,224956.37,0.68
7378,3209,480564.13,0.5
7379,9872,52373.59,0.4
7380,29298,445424.41,0.81
7381,12163,251462.9,0.53
7382,3662,75539.4,0.3
7383,34300,246811.09,0.84
7384,31293,169103.73,0.7
7385,23094,373104.04,0.68
7386,17093,370575.51,0.79
7387,24092,169901.92,0.61
7388,28161,270993.71,0.11
7389,11224,114537.66,0.64
7390,20444,78716.63,0.42
7391,29842,277907.84,0.53
7392,4669,398763.89,0.18
7393,21199,181018.21,0.11
7394,32359,207760.3,0.72
7395,5730,405259.37,0.16
7396,16271,357080.51,0.69
7397,2422,259588.01,0.1
7398,12706,310662.61,0.43
7399,13483,127394.18,0.39
7400,23904,266732.38,0.81
7401,31479,463242.3,0.55
7402,20622,86868.43,0.64
7403,1346,315867.0,0.29
7404,18210,343656.49,0.72
7405,24976,388025.35,0.88
7406,32425,467552.25,0.5
7407,7764,240530.18,0.86
7408,27199,448883.63,0.82
7409,2179,28121.61,0.15
7410,33874,350839.46,0.53
7411,28466,123577.96,0.41
7412,27953,458137.72,0.28
7413,27518,287309.06,0.22
7414,20412,123484.9,0.15
7415,1990,407268.38,0.16
7416,10029,476631.96,0.23
7417,26425,367494.25,0.61
7418,8948,29076.76,0.48
7419,9643,385719.41,0.4
7420,34650,387650.18,0.48
7421,34177,133335.15,0.2
7422,27878,154325.51,0.22
7423,24181,87650.69,0.79
7424,4416,88237.44,0.72
7425,5140,28770.34,0.22
7426,18423,388687.11,0.47
7427,31930,100472.3,0.3
7428,16766,241989.51,0.38
7429,10152,205559.79,0.82
7430,26728,346754.37,0.49
7431,5487,499221.23,0.39
7432,15717,295029.68,0.66
7433,21234,174664.44,0.43
7434,27743,10763.86,0.2
7435,24537,275708.31,0.55
7436,24030,493011.51,0.87
7437,10589,69651.05,0.55
7438,2273,475054.01,0.6
7439,28871,425931.98,0.11
7440,16625,357013.82,0.62
7441,29153,197736.16,0.33
7442,25183,241591.76,0.18
7443,22856,442882.06,0.28
7444,27632,358774.52,0.25
7445,263,461129.45,0.86
7446,17040,175975.89,0.83
7447,18903,245946.16,0.58
7448,488,216107.63,0.61
7449,34303,493273.86,0.22
7450,6673,30593.88,0.81
7451,9128,88438.79,0.23
7452,6412,207613.13,0.72
7453,3686,442177.84,0.71
7454,3569,222722.39,0.26
7455,16106,71958.78,0.68
7456,8700,99928.77,0.12
7457,8652,491103.74,0.5
7458,28127,214496.92,0.16
7459,3665,474267.8,0.15
7460,6866,308915.56,0.12
7461,15833,477740.16,0.44
7462,4574,283695.38,0.55
7463,29906,115491.58,0.37
7464,14519,11534.33,0.42
7465,34425,155586.75,0.68
7466,19068,337197.63,0.51
7467,24363,111959.82,0.17
7468,9467,494083.12,0.39
7469,18369,492398.25,0.17
7470,30639,491874.93,0.13
7471,30182,348157.58,0.15
7472,14930,54278.33,0.29
7473,7483,104802.1,0.81
7474,1946,336682.92,0.21
7475,286,246396.5,0.31
7476,30092,114001.19,0.36
7477,6427,361176.99,0.76
7478,33428,174317.38,0.63
7479,1177,379073.3,0.34
7480,12686,381441.13,0.64
7481,17977,114729.54,0.16
7482,9056,165389.31,0.18
7483,12889,81930.71,0.73
7484,22034,203405.4,0.18
7485,26595,291016.39,0.13
7486,25684,140652.94,0.37
7487,21177,325021.26,0.53
7488,18663,397584.47,0.49
7489,4732,54749.57,0.58
7490,13014,226650.89,0.89
7491,29790,394804.53,0.75
7492,7760,165719.02,0.34
7493,30741,320663.49,0.35
7494,2751,367710.17,0.85
7495,7577,184021.85,0.12
7496,31524,271815.11,0.25
7497,34106,82697.97,0.68
7498,30845,402353.69,0.2
7499,30330,29896.23,0.77
7500,30893,479064.8,0.16
7501,18849,384788.66,0.31
7502,30204,277835.62,0.52
7503,17168,113228.82,0.1
7504,25822,87724.25,0.49
7505,25314,109651.32,0.25
7506,30246,270789.91,0.48
7507,26402,117964.38,0.36
7508,13789,53309.52,0.31
7509,27685,295660.3,0.17
7510,12077,419492.51,0.45
7511,23037,382276.03,0.26
7512,7775,229776.34,0.35
7513,32627,457608.55,0.84
7514,11816,133685.92,0.87
7515,16164,222890.67,0.85
7516,30436,267071.38,0.48
7517,14233,13042.4,0.72
7518,24815,352086.71,0.76
7519,1188,39914.26,0.21
7520,26466,229050.76,0.64
7521,6989,245677.85,0.25
7522,11422,182099.78,0.76
7523,7992,486090.98,0.5
7524,23854,175387.36,0.17
7525,9578,216813.87,0.31
7526,522,342913.1,0.11
7527,6708,115732.62,0.63
7528,11097,245385.85,0.2
7529,30231,192923.6,0.58
7530,18286,57495.37,0.9
7531,3796,191266.2,0.6
7532,15291,223380.69,0.16
7533,10987,142079.65,0.63
7534,28520,156622.85,0.14
7535,14659,303990.98,0.6
7536,28194,466790.85,0.37
7537,27038,345171.81,0.85
7538,16794,390726.52,0.78
7539,28584,327215.14,0.69
7540,28402,277098.47,0.21
7541,22080,399258.84,0.79
7542,31619,495048.48,0.13
7543,5116,438117.12,0.9
7544,58,56904.68,0.76
7545,685,489426.11,0.53
7546,7985,444974.9,0.63
7547,10299,247662.9,0.46
7548,22576,429775.24,0.46
7549,23231,33355.76,0.4
7550,29384,356530.18,0.4
7551,29396,15678.82,0.33
7552,32457,101245.75,0.69
7553,26152,377677.59,0.27
7554,7835,109407.92,0.67
7555,8538,228645.07,0.41
7556,9063,222016.11,0.59
7557,3069,476793.98,0.23
7558,30548,154014.46,0.74
7559,25585,88234.45,0.41
7560,23346,377174.57,0.61
7561,30074,184543.68,0.84
7562,32665,117344.33,0.13
7563,11791,241788.84,0.57
7564,2649,192795.97,0.69
7565,14933,149436.3,0.85
7566,6950,418576.41,0.86
7567,25076,380879.93,0.59
7568,22135,362411.85,0.9
7569,13536,284360.14,0.81
7570,10868,461631.23,0.65
7571,7453,475357.6,0.45
7572,29472,486310.72,0.73
7573,33021,372134.52,0.55
7574,5862,348153.2,0.76
7575,7587,397076.37,0.27
7576,3402,124870.81,0.13
7577,17170,397922.85,0.27
7578,15652,209746.11,0.62
7579,6870,246744.42,0.54
7580,2898,177879.32,0.8
7581,9093,272346.87,0.64
7582,9239,288934.35,0.2
7583,24087,50687.3,0.44
7584,18448,285585.13,0.46
7585,382,28978.35,0.82
7586,14972,190268.7,0.79
7587,16159,74110.8,0.45
7588,4499,22510.45,0.88
7589,14656,256782.45,0.72
7590,26328,27187.8,0.62
7591,4617,279777.09,0.15
7592,22347,213268.13,0.39
7593,2169,486202.69,0.65
7594,14242,327684.33,0.34
7595,28993,219092.42,0.64
7596,6267,401904.58,0.65
7597,18103,306810.31,0.4
7598,30947,451682.92,0.11
7599,13465,291430.23,0.65
7600,8607,416843.17,0.47
7601,18643,69981.01,0.36
7602,6818,447974.88,0.11
7603,32545,293024.47,0.13
7604,32223,89611.96,0.15
7605,20077,92480.65,0.55
7606,10617,297390.47,0.3
7607,17184,290410.1,0.87
7608,16581,64514.27,0.12
7609,22536,73744.51,0.62
7610,17619,201198.18,0.35
7611,8441,447597.08,0.64
7612,10065,434606.2,0.87
7613,4312,194045.32,0.58
7614,4807,261022.37,0.65
7615,15489,301203.17,0.16
7616,9641,235189.52,0.62
7617,25582,170813.88,0.74
7618,22019,499524.74,0.86
7619,6823,58977.64,0.53
7620,32402,219093.62,0.54
7621,9046,354200.89,0.13
7622,16055,181338.62,0.46
7623,23688,433695.25,0.42
7624,13167,160473.91,0.32
7625,29143,51138.65,0.26
7626,17510,343620.21,0.67
7627,1952,86732.03,0.45
7628,39,86500.74,0.57
7629,15994,340926.18,0.39
7630,10981,239334.1,0.2
7631,6503,39997.63,0.83
7632,266,423688.45,0.41
7633,25648,197054.08,0.71
7634,3404,181388.83,0.89
7635,15051,337096.18,0.33
7636,4003,453337.86,0.88
7637,30387,22312.27,0.78
7638,19487,395385.27,0.47
7639,14134,403598.23,0.36
7640,26390,450219.82,0.17
7641,29764,480902.9,0.45
7642,8981,395742.51,0.29
7643,32999,204016.95,0.42
7644,7059,414012.32,0.21
7645,15470,228465.49,0.45
7646,33269,58173.71,0.65
7647,10716,214909.34,0.87
7648,28672,374883.57,0.54
7649,16223,122016.11,0.14
7650,6710,458607.78,0.42
7651,492,387736.65,0.29
7652,22885,282964.7,0.31
7653,14411,326531.38,0.87
7654,18657,468561.39,0.75
7655,571,35829.09,0.76
7656,31153,338471.57,0.16
7657,20145,86450.09,0.44
7658,24223,344666.2,0.11
7659,23027,293735.92,0.19
7660,5849,107039.93,0.16
7661,3956,177169.01,0.27
7662,32962,111314.63,0.19
7663,5553,445032.32,0.56
7664,17779,92206.03,0.33
7665,16570,256799.28,0.4
7666,27179,132025.37,0.4
7667,13988,252312.67,0.39
7668,28909,151870.28,0.61
7669,6055,479642.22,0.57
7670,6536,31651.39,0.39
7671,24724,200357.69,0.39
7672,18725,337521.95,0.58
7673,32446,305801.39,0.52
7674,33128,80402.85,0.75
7675,24742,304425.41,0.81
7676,31280,341660.74,0.54
7677,21879,273004.31,0.75
7678,7682,107732.02,0.42
7679,8544,437829.67,0.72
7680,11318,295480.22,0.37
7681,15882,293981.2,0.18
7682,4585,214552.19,0.43
7683,13533,453735.86,0.87
7684,9166,324168.61,0.79
7685,9909,79283.04,0.55
7686,22096,458293.79,0.37
7687,33879,43716.03,0.4
7688,17136,111316.57,0.17
7689,16491,424305.65,0.44
7690,31569,40838.69,0.57
7691,30549,293181.18,0.4
7692,24595,433862.63,0.17
7693,15317,485977.98,0.68
7694,16488,238069.2,0.26
7695,33204,306920.61,0.57
7696,2105,353913.89,0.76
7697,18156,194479.96,0.86
7698,26228,486805.39,0.11
7699,8935,233916.01,0.44
7700,22006,89010.1,0.53
7701,22388,471521.52,0.56
7702,10165,174996.58,0.86
7703,19940,127279.68,0.74
7704,2477,110853.58,0.54
7705,34161,421736.1,0.61
7706,29163,258543.02,0.54
7707,15468,437903.04,0.53
7708,10082,388766.17,0.84
7709,5197,265585.52,0.49
7710,33045,253158.13,0.69
7711,15571,242830.66,0.81
7712,7317,383718.18,0.13
7713,2089,321539.09,0.4
7714,22643,182594.23,0.23
7715,32871,241656.86,0.53
7716,25913,319977.51,0.51
7717,19572,256325.33,0.36
7718,19968,211607.66,0.68
7719,12709,350157.53,0.68
7720,9687,444593.01,0.19
7721,15474,467626.91,0.86
7722,30294,83348.59,0.87
7723,13424,161130.27,0.79
7724,34527,262279.11,0.81
7725,16373,433492.06,0.12
7726,27787,166136.16,0.26
7727,27897,246856.41,0.62
7728,5226,493672.18,0.64
7729,16863,248678.46,0.34
7730,32918,458636.59,0.22
7731,2293,56826.67,0.66
7732,10342,171012.23,0.9
7733,8759,357235.22,0.72
7734,663,138364.11,0.31
7735,29171,201294.32,0.45
7736,33497,471431.31,0.37
7737,13092,37848.06,0.23
7738,893,353254.74,0.73
7739,19267,286734.86,0.33
7740,18784,445974.1,0.23
7741,32265,213007.29,0.47
7742,9074,279912.11,0.3
7743,12808,449608.67,0.64
7744,33216,304337.79,0.59
7745,19745,26940.53,0.23
7746,27721,85235.52,0.36
7747,16898,365067.71,0.57
7748,23670,60521.27,0.36
7749,10510,476876.51,0.9
7750,30862,147515.07,0.76
7751,23756,163286.11,0.64
7752,19984,55776.79,0.35
7753,5510,94732.34,0.44
7754,7969,45759.97,0.41
7755,16474,317909.16,0.25
7756,1837,377629.33,0.64
7757,3547,378662.94,0.21
7758,6448,186602.84,0.52
7759,4718,294054.68,0.82
7760,34490,210951.82,0.77
7761,25999,43715.2,0.8
7762,23285,53974.32,0.83
7763,25007,259481.28,0.25
7764,22647,494968.95,0.34
7765,8148,290652.94,0.47
7766,17405,183558.04,0.42
7767,13838,146562.52,0.46
7768,21442,428108.81,0.69
7769,4583,419435.04,0.14
7770,30011,173273.98,0.18
7771,8889,12082.8,0.46
7772,13708,361591.39,0.84
7773,21853,101722.88,0.64
7774,32890,186529.27,0.64
7775,24787,483797.8,0.18
7776,17099,356558.08,0.19
7777,2123,57521.51,0.68
7778,8233,427642.16,0.53
7779,31272,34493.34,0.13
7780,5120,114625.13,0.18
7781,11347,437479.58,0.84
7782,24847,370445.42,0.55
7783,13872,272092.04,0.6
7784,18782,190622.06,0.35
7785,15203,287077.72,0.83
7786,9198,266214.53,0.88
7787,15245,95438.43,0.6
7788,33213,478127.69,0.37
7789,203,132191.79,0.82
7790,28444,356349.81,0.89
7791,522,104084.2,0.58
7792,28891,376447.29,0.46
7793,7858,10086.0,0.58
7794,1936,292088.43,0.25
7795,25701,129274.79,0.76
7796,15578,18146.76,0.81
7797,13400,491688.84,0.25
7798,29271,407287.28,0.38
7799,1722,471637.87,0.5
7800,31937,335043.12,0.82
7801,30704,488501.93,0.59
7802,20156,61075.88,0.18
7803,15170,80809.05,0.27
7804,3038,39455.56,0.38
7805,32374,85372.28,0.43
7806,9465,178370.74,0.21
7807,19987,278848.25,0.34
7808,2901,198125.99,0.16
7809,22155,390220.69,0.15
7810,2984,53938.89,0.53
7811,18923,174687.3,0.16
7812,26994,85200.93,0.57
7813,17257,287664.07,0.54
7814,1241,398545.63,0.64
7815,10141,213801.99,0.78
7816,17912,256660.66,0.1
7817,11878,318207.82,0.78
7818,30170,16562.71,0.87
7819,12385,452810.19,0.12
7820,26981,465205.62,0.45
7821,25022,317573.71,0.74
7822,14865,169263.43,0.51
7823,10884,122179.7,0.75
7824,27590,324016.31,0.47
7825,16685,196119.38,0.82
7826,24170,212231.46,0.16
7827,3560,147599.85,0.29
7828,3507,427648.15,0.14
7829,19888,188203.97,0.63
7830,11976,364296.79,0.67
7831,32333,36906.88,0.15
7832,4578,338221.11,0.27
7833,21536,162119.95,0.7
7834,18026,499832.38,0.42
7835,16210,171538.51,0.41
7836,29572,313659.1,0.89
7837,9260,12929.02,0.34
7838,18904,443558.0,0.34
7839,20058,477144.36,0.54
7840,14854,369012.62,0.21
7841,23406,450918.0,0.86
7842,7457,112612.99,0.36
7843,28419,284071.84,0.18
7844,16025,226378.39,0.73
7845,8686,474836.91,0.66
7846,21989,166135.86,0.6
7847,11693,24109.22,0.15
7848,9041,44775.66,0.64
7849,15902,433543.56,0.23
7850,13498,221570.2,0.19
7851,28995,152556.65,0.64
7852,13221,427783.85,0.67
7853,10215,66031.35,0.44
7854,20591,174729.65,0.38
7855,14698,83055.14,0.69
7856,12120,225530.26,0.82
7857,14298,317733.11,0.17
7858,5791,41832.55,0.14
7859,14671,323348.07,0.66
7860,508,64442.97,0.29
7861,11470,275994.65,0.7
7862,9060,340727.29,0.15
7863,16675,24177.52,0.17
7864,11721,114154.73,0.82
7865,22966,203784.71,0.6
7866,18630,68237.57,0.42
7867,6741,136889.04,0.61
7868,15199,236691.26,0.47
7869,28243,228439.61,0.7
7870,2861,408923.88,0.53
7871,20553,140185.87,0.65
7872,12275,328398.43,0.79
7873,333,277702.31,0.31
7874,22375,308777.85,0.64
7875,32672,322294.89,0.13
7876,34750,113499.07,0.37
7877,3932,176687.39,0.33
7878,29940,132997.35,0.23
7879,22494,329997.56,0.59
7880,22869,10523.51,0.72
7881,23994,222544.92,0.42
7882,7562,138177.51,0.83
7883,3510,357802.01,0.39
7884,30267,490909.54,0.37
7885,25514,345669.69,0.9
7886,29095,479486.09,0.25
7887,2591,475488.92,0.5
7888,24431,412753.19,0.81
7889,6799,361942.43,0.16
7890,23924,193916.46,0.16
7891,23581,245082.9,0.87
7892,30263,215743.02,0.87
7893,9326,473095.58,0.56
7894,9214,182128.02,0.76
7895,5714,205266.89,0.43
7896,2384,81257.61,0.25
7897,17806,130097.9,0.89
7898,27871,186327.69,0.45
7899,27725,367768.46,0.54
7900,5757,35865.09,0.45
7901,27754,211464.88,0.3
7902,31061,209666.61,0.54
7903,19411,380672.69,0.1
7904,20207,25932.52,0.48
7905,15661,101450.0,0.19
7906,7702,382808.81,0.89
7907,23908,278053.4,0.17
7908,7665,206374.66,0.69
7909,12685,374567.67,0.87
7910,22735,141474.02,0.7
7911,9185,252661.36,0.26
7912,12143,235428.01,0.81
7913,3459,431233.11,0.47
7914,20217,361064.46,0.12
7915,11249,112668.13,0.86
7916,1357,150693.18,0.56
7917,9783,402218.53,0.29
7918,9904,137545.14,0.61
7919,15053,475002.43,0.47
7920,5342,18230.57,0.27
7921,25408,74149.63,0.55
7922,28100,174150.06,0.17
7923,32038,258859.65,0.82
7924,26868,377476.64,0.22
7925,5026,24686.29,0.15
7926,18954,90541.84,0.54
7927,671,215977.49,0.72
7928,27880,216892.61,0.82
7929,14334,410452.61,0.19
7930,34459,96116.55,0.54
7931,6295,403754.19,0.59
7932,24317,158265.59,0.14
7933,25371,197191.35,0.46
7934,27465,497811.54,0.66
7935,28115,384837.19,0.38
7936,28866,30940.59,0.27
7937,18993,182327.73,0.18
7938,8379,359557.27,0.89
7939,31949,240861.49,0.36
7940,2306,348315.65,0.78
7941,33250,79087.55,0.42
7942,2985,465995.73,0.54
7943,20094,297621.24,0.52
7944,10586,78810.41,0.85
7945,26303,230819.37,0.3
7946,11738,371229.45,0.48
7947,23347,58701.38,0.62
7948,32950,285321.21,0.31
7949,19740,164411.83,0.44
7950,9606,312642.21,0.83
7951,28703,126798.62,0.81
7952,24396,480260.16,0.67
7953,26238,104680.43,0.46
7954,3162,54480.43,0.73
7955,19404,124372.26,0.63
7956,30104,207690.21,0.83
7957,27206,100149.49,0.9
7958,5884,52375.26,0.87
7959,9958,215602.54,0.74
7960,21101,460791.41,0.84
7961,1454,407173.57,0.55
7962,15735,227938.16,0.44
7963,31735,373614.64,0.88
7964,15367,457390.85,0.63
7965,6687,274114.65,0.82
7966,15944,476285.94,0.89
7967,23170,426517.46,0.51
7968,20648,263748.53,0.3
7969,31314,105236.95,0.54
7970,20567,322636.4,0.74
7971,14206,168369.23,0.43
7972,29315,66179.38,0.38
7973,14299,189003.01,0.63
7974,30128,127348.02,0.33
7975,6344,344029.93,0.85
7976,21610,496518.25,0.56
7977,3462,404891.13,0.3
7978,8064,463179.48,0.25
7979,10585,165599.15,0.1
7980,961,263916.48,0.9
7981,20566,361985.05,0.3
7982,19335,373218.5,0.47
7983,30990,243385.12,0.81
7984,22771,168290.11,0.18
7985,13205,304467.85,0.18
7986,5641,110984.6,0.27
7987,23330,105590.34,0.39
7988,30293,297138.03,0.4
7989,21793,156602.71,0.52
7990,28718,90120.8,0.31
7991,32227,42694.47,0.21
7992,22107,459002.24,0.64
7993,2005,263928.1,0.77
7994,3598,450858.25,0.58
7995,31916,271613.97,0.59
7996,10650,314731.98,0.46
7997,26812,389979.3,0.51
7998,9269,129255.4,0.53
7999,19965,74882.6,0.74
8000,25506,54070.35,0.41
8001,1584,97361.62,0.47
8002,16011,349382.14,0.83
8003,22975,229153.49,0.7
8004,22237,154819.74,0.71
8005,3862,227877.97,0.27
8006,24559,372671.43,0.73
8007,8878,49077.25,0.87
8008,32821,296750.52,0.45
8009,15115,291537.73,0.58
8010,26008,62664.24,0.85
8011,11467,210895.8,0.45
8012,34390,151445.05,0.83
8013,11043,93487.8,0.19
8014,27667,63405.12,0.69
8015,9755,296317.47,0.84
8016,24848,26153.98,0.44
8017,364,420107.06,0.18
8018,5740,334635.08,0.28
8019,26124,345462.58,0.9
8020,25775,110334.42,0.84
8021,21401,176051.53,0.67
8022,20680,267419.52,0.32
8023,22366,481156.23,0.47
8024,4952,210660.05,0.75
8025,6328,364970.99,0.56
8026,12115,198406.03,0.64
8027,30692,88591.03,0.22
8028,34959,387795.85,0.41
8029,2819,262421.43,0.38
8030,7417,483118.99,0.81
8031,7484,400619.46,0.29
8032,31595,389012.46,0.2
8033,13874,397313.51,0.63
8034,1375,344071.52,0.53
8035,16414,233865.36,0.15
8036,28137,273087.12,0.56
8037,19333,490179.59,0.49
8038,136,295523.01,0.2
8039,11977,149077.96,0.69
8040,25479,341031.98,0.36
8041,10863,147109.12,0.3
8042,32903,120039.79,0.14
8043,27137,362932.4,0.19
8044,34876,253022.92,0.27
8045,6065,215721.83,0.64
8046,11633,128130.61,0.82
8047,27636,210120.19,0.7
8048,3524,365083.76,0.42
8049,30737,90495.01,0.32
8050,30663,464904.8,0.67
8051,22413,142455.29,0.62
8052,11710,284826.57,0.34
8053,4449,335994.44,0.5
8054,31681,130379.73,0.2
8055,26839,469072.96,0.33
8056,9864,263853.24,0.45
8057,15539,421157.18,0.71
8058,24421,37870.43,0.54
8059,31076,465180.84,0.66
8060,4642,366136.58,0.62
8061,34578,281209.16,0.6
8062,27466,354789.62,0.33
8063,8806,129534.39,0.28
8064,4440,305553.18,0.16
8065,16848,94327.95,0.56
8066,7867,179033.23,0.56
8067,20884,444176.26,0.17
8068,14984,29365.45,0.62
8069,31631,25428.51,0.78
8070,22660,341204.54,0.36
8071,9567,90393.95,0.35
8072,19908,175370.14,0.57
8073,10058,21676.21,0.14
8074,5036,466461.58,0.14
8075,18141,390158.7,0.6
8076,19048,338434.77,0.3
8077,27190,366236.36,0.27
8078,8405,250455.86,0.86
8079,5024,275727.06,0.65
8080,11604,285897.07,0.23
8081,12484,472031.94,0.21
8082,5311,396212.72,0.19
8083,20042,198952.66,0.87
8084,3976,255911.96,0.54
8085,20172,110035.04,0.67
8086,19908,255479.24,0.87
8087,20837,128827.86,0.14
8088,1757,21744.04,0.28
8089,14788,63031.16,0.77
8090,1668,250303.1,0.48
8091,25089,372114.07,0.52
8092,6604,171786.91,0.72
8093,32409,99391.65,0.35
8094,5920,268117.03,0.27
8095,29512,254001.99,0.35
8096,25530,352948.48,0.22
8097,4683,146793.82,0.34
8098,584,356111.02,0.88
8099,11058,268712.33,0.12
8100,4845,88492.08,0.48
8101,11333,217823.85,0.62
8102,2660,375333.46,0.21
8103,18834,385300.54,0.85
8104,34221,191833.64,0.11
8105,9943,203432.36,0.34
8106,23253,155801.0,0.45
8107,19348,124868.47,0.68
8108,22671,39207.97,0.84
8109,19244,50384.31,0.13
8110,7920,465527.71,0.76
8111,7191,171224.58,0.9
8112,9437,184824.21,0.56
8113,27809,373522.9,0.66
8114,19109,423935.89,0.21
8115,2576,212115.52,0.14
8116,27882,212317.58,0.76
8117,21975,299568.28,0.79
8118,16120,410590.82,0.77
8119,1613,11030.42,0.26
8120,23369,30224.31,0.27
8121,34932,360697.71,0.26
8122,33851,215741.85,0.74
8123,27645,150884.22,0.2
8124,7720,38158.34,0.18
8125,27528,45981.16,0.12
8126,8411,355844.23,0.57
8127,25664,376224.11,0.84
8128,30125,204126.7,0.4
8129,8494,76836.74,0.41
8130,7069,458849.44,0.44
8131,22221,101912.43,0.67
8132,8044,398121.78,0.67
8133,27154,153694.07,0.62
8134,12170,142470.63,0.85
8135,17741,128651.89,0.86
8136,32769,494512.68,0.75
8137,29,323145.43,0.21
8138,24540,75885.49,0.76
8139,14758,267926.2,0.67
8140,19282,465726.95,0.82
8141,11870,165732.44,0.78
8142,8572,382377.38,0.56
8143,14976,97959.63,0.19
8144,34784,332659.75,0.55
8145,29095,252999.69,0.87
8146,28094,165135.4,0.11
8147,25067,266743.97,0.63
8148,6506,414090.51,0.48
8149,29466,406010.8,0.36
8150,21708,110650.93,0.47
8151,30165,141568.41,0.33
8152,27337,114162.7,0.89
8153,6570,342304.82,0.37
8154,33895,408899.54,0.28
8155,29272,330062.5,0.3
8156,27466,220361.41,0.11
8157,13730,134934.49,0.81
8158,19781,112978.22,0.32
8159,846,229569.76,0.69
8160,9065,100265.83,0.51
8161,34512,290446.4,0.23
8162,13494,196176.48,0.53
8163,33278,325137.88,0.37
8164,30772,457686.5,0.38
8165,12568,179474.4,0.16
8166,6922,469918.55,0.45
8167,9852,455672.88,0.85
8168,4035,395901.39,0.23
8169,15992,367308.45,0.24
8170,19321,49226.21,0.39
8171,31103,479593.19,0.59
8172,28078,84624.55,0.79
8173,25154,182064.94,0.33
8174,32089,63343.8,0.85
8175,2511,411154.17,0.66
8176,6172,318482.38,0.29
8177,6302,434501.42,0.62
8178,3608,98013.15,0.68
8179,22676,480292.64,0.21
8180,5704,303295.36,0.23
8181,32242,213889.5,0.19
8182,6740,385891.92,0.66
8183,12323,202334.95,0.15
8184,10446,358215.06,0.22
8185,2375,413340.88,0.6
8186,11522,353842.44,0.68
8187,21398,118145.03,0.59
8188,25124,263063.43,0.36
8189,6915,288210.91,0.13
8190,6264,222922.16,0.49
8191,27515,396914.63,0.68
8192,16702,238549.49,0.36
8193,2348,224301.72,0.52
8194,26383,100308.62,0.14
8195,22124,453690.77,0.15
8196,8179,107593.86,0.1
8197,2521,294025.33,0.33
8198,8913,185919.09,0.26
8199,5722,387977.23,0.64
8200,12553,457525.72,0.76
8201,6431,475166.34,0.45
8202,733,395868.95,0.59
8203,2903,428782.47,0.23
8204,2926,441080.27,0.22
8205,34416,60029.81,0.36
8206,20581,219775.33,0.86
8207,12309,16703.02,0.77
8208,32290,344373.49,0.22
8209,27464,264479.51,0.72
8210,29054,401312.15,0.82
8211,16724,265271.25,0.23
8212,27993,390688.3,0.88
8213,23374,101537.51,0.77
8214,1281,353767.77,0.56
8215,10035,25345.39,0.2
8216,12455,480537.63,0.77
8217,1707,199947.37,0.77
8218,16287,104776.79,0.4
8219,27474,278852.67,0.46
8220,21231,423054.76,0.81
8221,26614,442671.92,0.32
8222,27113,428054.52,0.32
8223,5422,496808.7,0.55
8224,19063,499488.26,0.63
8225,6035,471636.89,0.28
8226,24436,431765.1,0.7
8227,16876,345462.05,0.6
8228,33900,404514.39,0.83
8229,2657,154940.12,0.63
8230,980,423501.98,0.34
8231,24899,472876.37,0.61
8232,1257,242509.64,0.47
8233,2301,271564.46,0.53
8234,34471,321970.65,0.84
8235,31965,308393.31,0.69
8236,1886,352378.05,0.83
8237,24562,181345.91,0.16
8238,18872,366207.59,0.3
8239,9094,320586.45,0.17
8240,24842,256781.63,0.3
8241,14843,15514.95,0.59
8242,14631,394031.17,0.22
8243,1137,473667.27,0.65
8244,28542,288009.29,0.36
8245,18093,351713.99,0.71
8246,30650,451417.02,0.23
8247,12308,73972.92,0.73
8248,2129,444361.67,0.84
8249,25951,394655.4,0.32
8250,8055,181377.73,0.67
8251,29096,312242.14,0.87
8252,12517,355395.61,0.47
8253,24140,397885.24,0.59
8254,27664,358568.41,0.1
8255,28188,136371.22,0.16
8256,10316,226661.69,0.8
8257,15363,91062.74,0.28
8258,31166,12798.25,0.73
8259,25224,146022.92,0.41
8260,5293,362802.53,0.83
8261,32539,477703.05,0.86
8262,5679,255860.17,0.16
8263,20927,82947.41,0.44
8264,15959,408741.24,0.25
8265,17877,114881.24,0.19
8266,11531,49270.69,0.26
8267,23389,310199.99,0.15
8268,175,137716.36,0.79
8269,23981,383357.13,0.2
8270,22967,32672.91,0.68
8271,12286,168378.38,0.45
8272,10708,287224.3,0.3
8273,5609,424722.0,0.56
8274,7544,349489.03,0.44
8275,20038,150225.61,0.23
8276,31360,76393.76,0.81
8277,20096,470627.51,0.68
8278,12828,346203.6,0.49
8279,10007,38812.59,0.34
8280,22056,18851.07,0.64
8281,12299,419377.0,0.31
8282,12626,276985.3,0.26
8283,28092,174775.87,0.72
8284,14934,157275.78,0.65
8285,13769,301164.52,0.47
8286,11968,475664.87,0.66
8287,5181,213443.26,0.75
8288,2077,450779.17,0.24
8289,10909,259672.13,0.18
8290,25928,134633.99,0.87
8291,91,269080.46,0.1
8292,13657,252045.22,0.4
8293,21446,146738.49,0.38
8294,11696,177352.97,0.43
8295,9233,127524.25,0.89
8296,23164,193074.45,0.16
8297,16855,463039.1,0.56
8298,9921,425131.69,0.46
8299,20477,218223.68,0.48
8300,20207,459891.29,0.33
8301,22381,413099.59,0.71
8302,13713,21365.22,0.1
8303,5559,35109.39,0.83
8304,18520,482859.11,0.28
8305,20866,241019.76,0.21
8306,32405,171385.05,0.82
8307,4997,202090.68,0.49
8308,7042,380574.9,0.15
8309,20576,475621.47,0.56
8310,2174,242114.21,0.32
8311,15174,470201.88,0.12
8312,11682,68316.66,0.8
8313,30683,421775.39,0.38
8314,14323,314016.74,0.36
8315,10128,112891.95,0.42
8316,20342,152126.21,0.19
8317,10436,313066.92,0.4
8318,18784,203230.66,0.38
8319,31074,265180.84,0.88
8320,24760,183807.44,0.72
8321,11389,46882.98,0.26
8322,2477,246224.62,0.77
8323,3153,477908.39,0.21
8324,32171,401804.59,0.13
8325,33929,420254.2,0.19
8326,2448,441098.19,0.34
8327,12750,126914.25,0.51
8328,18917,87979.45,0.87
8329,28402,48781.71,0.57
8330,19514,392062.46,0.22
8331,32117,312621.06,0.4
8332,2247,456903.62,0.67
8333,19488,389524.57,0.22
8334,27416,208199.07,0.14
8335,9125,76933.09,0.81
8336,26280,354113.73,0.55
8337,14320,149855.14,0.34
8338,26970,257721.28,0.13
8339,18345,412883.72,0.3
8340,1321,91132.15,0.83
8341,26673,476604.42,0.17
8342,17453,181881.46,0.63
8343,4535,118188.38,0.16
8344,30197,367722.9,0.43
8345,30415,293698.21,0.18
8346,18550,112430.74,0.3
8347,15836,258169.67,0.65
8348,11264,167657.32,0.85
8349,33678,13469.19,0.56
8350,6637,251952.41,0.11
8351,16875,304052.41,0.74
8352,18936,335695.91,0.75
8353,4090,287736.34,0.25
8354,333,118371.36,0.41
8355,20943,473443.15,0.67
8356,14135,316858.44,0.14
8357,33805,105155.64,0.79
8358,32305,493150.32,0.7
8359,22226,294591.58,0.52
8360,26641,270926.81,0.42
8361,15,254697.41,0.63
8362,32933,453587.27,0.68
8363,21884,438851.21,0.52
8364,26359,379029.83,0.28
8365,4671,351908.6,0.43
8366,20063,315771.8,0.27
8367,30994,345136.06,0.59
8368,20954,281826.38,0.53
8369,13166,257050.11,0.12
8370,11510,339946.99,0.89
8371,27598,267520.56,0.2
8372,34675,418783.86,0.77
8373,29141,77492.88,0.21
8374,20975,440479.92,0.34
8375,7486,34993.28,0.57
8376,32858,147105.12,0.6
8377,19658,230743.07,0.31
8378,31160,208180.13,0.12
8379,11720,183365.65,0.6
8380,30157,436026.13,0.52
8381,24796,396071.37,0.26
8382,22123,322412.25,0.29
8383,4687,152529.31,0.46
8384,10906,48876.23,0.25
8385,7735,339896.94,0.25
8386,24899,47738.05,0.84
8387,13925,145257.91,0.67
8388,20878,64956.2,0.13
8389,18555,408100.99,0.68
8390,31679,295975.29,0.11
8391,12376,338512.77,0.58
8392,4581,65523.47,0.84
8393,34168,107142.9,0.15
8394,16191,260297.47,0.25
8395,25652,340681.84,0.6
8396,33654,67353.96,0.16
8397,22116,151507.88,0.56
8398,27394,40690.94,0.41
8399,2052,101132.99,0.85
8400,25438,263042.77,0.68
8401,28301,269463.34,0.26
8402,24731,433081.27,0.82
8403,4443,79038.13,0.44
8404,3918,327398.44,0.66
8405,34315,335890.53,0.5
8406,10793,340504.63,0.15
8407,27440,37702.47,0.4
8408,34195,30608.75,0.5
8409,15717,176816.3,0.79
8410,33793,203329.27,0.1
8411,9758,49446.96,0.25
8412,11091,265771.77,0.27
8413,9075,404140.07,0.34
8414,5593,314531.82,0.36
8415,31591,74951.08,0.13
8416,16608,395034.44,0.15
8417,4854,426293.75,0.12
8418,4267,88192.26,0.64
8419,7345,352481.61,0.78
8420,7779,463437.41,0.67
8421,30422,155313.57,0.45
8422,31421,447027.78,0.36
8423,34495,223119.8,0.56
8424,25921,64088.26,0.17
8425,18508,244070.14,0.63
8426,34150,363603.3,0.65
8427,7258,135796.62,0.52
8428,1326,423955.19,0.57
8429,30443,129086.55,0.25
8430,14630,363261.59,0.75
8431,12213,117825.15,0.43
8432,26433,363930.78,0.9
8433,27638,460472.7,0.77
8434,5911,403744.54,0.14
8435,16882,223269.52,0.41
8436,13221,95914.22,0.76
8437,2430,121146.55,0.4
8438,9093,354369.39,0.39
8439,27165,256235.38,0.11
8440,9479,210841.27,0.11
8441,15715,453227.01,0.56
8442,24044,235001.5,0.3
8443,4544,392355.85,0.41
8444,537,411574.55,0.47
8445,7821,94169.41,0.64
8446,4064,202734.71,0.34
8447,10577,68461.18,0.26
8448,11984,102775.96,0.64
8449,4503,474507.34,0.34
8450,32252,25521.63,0.46
8451,27229,462335.67,0.42
8452,30060,221974.15,0.79
8453,7525,423953.61,0.36
8454,6642,195100.36,0.38
8455,31296,161538.84,0.44
8456,30289,386113.35,0.71
8457,14805,70045.19,0.53
8458,30278,315330.72,0.68
8459,27869,294547.03,0.79
8460,27264,57250.62,0.8
8461,2868,485403.64,0.17
8462,2932,131439.12,0.69
8463,2020,266171.3,0.83
8464,17909,129850.9,0.43
8465,961,423782.59,0.72
8466,25050,281224.75,0.21
8467,34262,482247.32,0.22
8468,3409,440784.38,0.33
8469,25842,227905.65,0.75
8470,32971,53058.88,0.56
8471,3667,278801.76,0.88
8472,24941,468629.6,0.26
8473,1659,201041.31,0.45
8474,1085,75883.88,0.32
8475,4776,47578.37,0.48
8476,5510,189410.03,0.58
8477,10794,158376.89,0.57
8478,30928,410385.01,0.1
8479,26601,441963.12,0.73
8480,28939,395611.8,0.77
8481,4819,477399.97,0.6
8482,24702,461098.01,0.7
8483,25577,494344.1,0.17
8484,25830,461144.73,0.37
8485,20818,311433.38,0.38
8486,10650,321485.93,0.53
8487,27993,256907.21,0.39
8488,18689,271411.91,0.87
8489,15187,12334.45,0.76
8490,21326,323581.71,0.12
8491,4260,483309.71,0.18
8492,442,251199.05,0.28
8493,31958,32708.9,0.81
8494,34667,475189.24,0.22
8495,20668,63108.01,0.28
8496,1653,451782.4,0.47
8497,2659,134684.06,0.79
8498,10305,26477.5,0.17
8499,32640,13680.44,0.64
8500,26820,436164.23,0.23
8501,15269,293424.71,0.48
8502,19349,459255.07,0.61
8503,10266,201274.62,0.19
8504,19987,432606.44,0.31
8505,22249,288411.73,0.48
8506,2490,78976.29,0.69
8507,24419,197931.89,0.4
8508,13410,149014.09,0.61
8509,32589,156489.85,0.64
8510,30429,116058.05,0.36
8511,1319,71980.66,0.11
8512,32934,122031.85,0.15
8513,32573,201054.79,0.4
8514,15390,352407.09,0.19
8515,17127,451132.44,0.78
8516,24262,28390.48,0.13
8517,28715,438527.3,0.87
8518,33985,271691.23,0.25
8519,10016,475522.74,0.87
8520,20382,228252.73,0.23
8521,594,335839.34,0.15
8522,15990,10488.45,0.39
8523,5468,221518.08,0.75
8524,19118,269759.98,0.89
8525,16824,372442.92,0.37
8526,1836,421175.68,0.18
8527,1448,122934.21,0.11
8528,9133,179571.33,0.33
8529,27992,431648.55,0.2
8530,13200,121434.49,0.33
8531,12288,64176.24,0.22
8532,4967,135791.7,0.59
8533,32691,45604.58,0.13
8534,27934,421371.52,0.82
8535,28211,48640.0,0.69
8536,26830,281305.46,0.88
8537,7829,282013.71,0.85
8538,14081,483208.84,0.89
8539,16277,84724.95,0.11
8540,14185,259558.26,0.44
8541,6285,82261.53,0.83
8542,28258,494800.89,0.88
8543,11641,86282.29,0.1
8544,3218,369445.42,0.19
8545,7979,410450.95,0.17
8546,7079,487423.9,0.38
8547,28982,486505.39,0.11
8548,23791,29762.53,0.26
8549,8259,153932.56,0.21
8550,7779,320344.49,0.68
8551,19938,229792.78,0.12
8552,790,117441.79,0.39
8553,19542,80895.46,0.16
8554,26913,77058.89,0.65
8555,15772,119000.8,0.25
8556,16945,63174.48,0.21
8557,9118,168658.53,0.81
8558,30314,81077.06,0.76
8559,20110,138256.79,0.79
8560,10642,189365.46,0.4
8561,8214,392897.67,0.22
8562,29083,478274.27,0.71
8563,4970,327425.96,0.57
8564,21789,161251.95,0.67
8565,1108,429669.29,0.27
8566,13957,63137.94,0.51
8567,27421,322545.71,0.78
8568,1515,207759.56,0.41
8569,13428,366200.13,0.43
8570,9159,466108.28,0.31
8571,33759,67692.75,0.28
8572,9071,222815.83,0.46
8573,31964,47626.0,0.49
8574,9461,295589.6,0.39
8575,30625,286441.19,0.44
8576,6708,376363.76,0.34
8577,28043,484358.93,0.39
8578,20603,194772.85,0.89
8579,198,380206.61,0.34
8580,5994,494683.69,0.71
8581,23103,176152.45,0.61
8582,20637,497636.6,0.23
8583,18753,185779.14,0.46
8584,4935,127766.77,0.64
8585,25772,352462.7,0.31
8586,34249,29381.21,0.62
8587,22218,427767.89,0.24
8588,20666,60703.64,0.29
8589,27550,154287.81,0.12
8590,27186,378752.09,0.54
8591,17563,355748.2,0.59
8592,6380,190500.95,0.29
8593,24545,440053.49,0.12
8594,7166,243947.78,0.89
8595,25900,18044.67,0.6
8596,18255,367996.16,0.42
8597,4743,283143.05,0.76
8598,8021,174558.38,0.11
8599,11541,102185.08,0.13
8600,17039,95643.06,0.38
8601,15670,297263.38,0.65
8602,10791,97874.25,0.23
8603,12141,494971.41,0.86
8604,17113,285344.4,0.72
8605,31336,211942.73,0.2
8606,33497,178463.81,0.11
8607,14094,338865.81,0.26
8608,3754,30729.24,0.39
8609,19604,483748.33,0.52
8610,26299,414968.75,0.89
8611,20614,220928.19,0.89
8612,21445,289285.3,0.66
8613,10882,269133.86,0.88
8614,420,258881.23,0.82
8615,8469,317206.4,0.8
8616,12947,325349.56,0.53
8617,1188,282367.1,0.52
8618,16257,228406.16,0.57
8619,32926,419295.53,0.39
8620,16432,190335.68,0.64
8621,19027,442567.04,0.2
8622,27872,138550.32,0.36
8623,11370,490374.05,0.18
8624,4481,45946.52,0.47
8625,537,98112.66,0.67
8626,29824,272510.32,0.33
8627,4367,399849.45,0.28
8628,17113,68455.39,0.78
8629,20955,163610.76,0.74
8630,6292,225473.64,0.5
8631,13961,79135.82,0.1
8632,34230,201597.31,0.39
8633,31746,322381.46,0.79
8634,4773,64566.57,0.67
8635,22251,473803.86,0.13
8636,1107,43691.54,0.72
8637,1338,489453.94,0.38
8638,28665,102068.56,0.72
8639,3285,183427.9,0.74
8640,25361,127070.25,0.55
8641,32287,316102.51,0.23
8642,357,250957.52,0.36
8643,27560,66646.92,0.75
8644,10591,372605.63,0.13
8645,17238,437000.68,0.45
8646,14155,18368.58,0.18
8647,34834,468589.88,0.27
8648,11862,468369.81,0.1
8649,6796,254509.37,0.79
8650,18585,358082.5,0.25
8651,27763,351785.66,0.74
8652,4001,186180.53,0.78
8653,21295,45531.58,0.42
8654,17575,134847.42,0.13
8655,4904,444628.74,0.78
8656,23191,341579.06,0.66
8657,10298,26931.32,0.28
8658,19056,404630.64,0.29
8659,30053,445573.71,0.81
8660,11261,68902.82,0.32
8661,5982,454450.03,0.55
8662,30149,413276.81,0.3
8663,5614,319927.28,0.85
8664,34959,130533.57,0.48
8665,30435,218652.66,0.33
8666,23244,196850.77,0.35
8667,32330,70508.29,0.81
8668,1607,221651.92,0.81
8669,32055,343581.63,0.56
8670,4280,82484.34,0.81
8671,12055,353293.88,0.66
8672,16675,201158.52,0.57
8673,2157,427170.49,0.82
8674,31765,94561.41,0.74
8675,27535,372237.48,0.11
8676,34163,348062.21,0.38
8677,30944,367262.85,0.45
8678,275,373914.21,0.85
8679,27682,104573.44,0.43
8680,19582,225028.39,0.33
8681,26868,369898.13,0.16
8682,6746,55796.13,0.62
8683,23177,42194.65,0.76
8684,291,357711.98,0.81
8685,19381,353386.72,0.6
8686,23281,112116.08,0.77
8687,1118,461241.02,0.54
8688,12325,203788.53,0.21
8689,3883,369059.59,0.29
8690,18619,337766.7,0.18
8691,1378,162849.84,0.68
8692,757,169087.72,0.33
8693,2865,258534.68,0.58
8694,13961,54339.65,0.24
8695,3942,26857.36,0.19
8696,9105,203251.78,0.6
8697,22534,297216.11,0.68
8698,25911,160785.14,0.75
8699,25347,224219.36,0.18
8700,15586,472169.09,0.62
8701,18327,487345.34,0.56
8702,860,330465.57,0.56
8703,20811,114347.0,0.76
8704,21271,368850.17,0.2
8705,21246,485871.8,0.65
8706,755,56728.08,0.83
8707,15888,442150.45,0.87
8708,23275,100874.53,0.15
8709,16365,346467.42,0.71
8710,10354,396786.42,0.23
8711,26552,460424.01,0.53
8712,18599,82602.28,0.16
8713,34311,223584.34,0.31
8714,11517,454217.48,0.61
8715,32279,137321.22,0.53
8716,32948,479980.48,0.15
8717,8649,53996.53,0.32
8718,25748,453990.35,0.89
8719,23205,348372.36,0.21
8720,6655,358870.89,0.15
8721,33720,160132.46,0.89
8722,31494,208894.15,0.19
8723,26896,423929.86,0.72
8724,18608,337873.74,0.16
8725,862,105381.72,0.9
8726,9314,206278.32,0.74
8727,17423,214570.54,0.44
8728,26324,367881.72,0.6
8729,21417,402593.5,0.49
8730,16385,453961.63,0.47
8731,17023,216061.84,0.18
8732,33379,296340.46,0.75
8733,4329,340949.17,0.65
8734,25003,294776.42,0.32
8735,6,449457.39,0.86
8736,1222,256451.5,0.61
8737,11591,282274.89,0.34
8738,29091,382970.18,0.26
8739,7714,76842.55,0.75
8740,10066,477926.16,0.14
8741,6053,138731.89,0.16
8742,30503,50571.09,0.5
8743,7587,231418.99,0.84
8744,14396,223374.55,0.37
8745,9100,109288.88,0.6
8746,5849,342836.09,0.76
8747,2550,296474.16,0.7
8748,32122,334173.85,0.43
8749,18634,131883.08,0.5
8750,15575,475431.4,0.57
8751,2132,106948.24,0.38
8752,34512,362962.65,0.58
8753,21421,79868.93,0.11
8754,2518,100131.87,0.52
8755,9626,201258.45,0.56
8756,29550,355864.86,0.44
8757,2703,122658.12,0.86
8758,33019,377401.73,0.72
8759,29537,112908.9,0.34
8760,23706,70511.94,0.21
8761,3885,18309.87,0.81
8762,27232,412705.49,0.73
8763,2641,409036.08,0.27
8764,2577,272598.08,0.56
8765,27199,57398.02,0.21
8766,4135,470233.55,0.35
8767,27401,431413.61,0.5
8768,30765,336436.88,0.3
8769,1232,160269.93,0.5
8770,19963,408733.07,0.54
8771,27541,467536.51,0.36
8772,8878,230569.52,0.63
8773,22763,44960.97,0.13
8774,18789,472977.86,0.42
8775,9227,58342.99,0.8
8776,26377,128927.44,0.79
8777,16942,88644.02,0.83
8778,6909,109819.96,0.17
8779,27933,290424.88,0.4
8780,24883,433208.29,0.66
8781,10181,489963.29,0.86
8782,5273,370359.81,0.87
8783,7513,117034.99,0.76
8784,1579,116054.13,0.77
8785,10772,475966.36,0.76
8786,478,484928.0,0.26
8787,10709,435466.19,0.68
8788,32340,272959.65,0.31
8789,23035,16416.48,0.8
8790,31884,252597.59,0.38
8791,17891,18123.44,0.35
8792,29649,422995.35,0.78
8793,33635,96400.99,0.49
8794,5924,266850.37,0.61
8795,33139,304413.77,0.26
8796,24880,178559.77,0.62
8797,33001,413361.72,0.26
8798,17625,443021.74,0.32
8799,33339,489129.86,0.53
8800,8115,493183.11,0.13
8801,31946,71792.62,0.6
8802,29520,438911.7,0.29
8803,13629,471706.81,0.43
8804,16015,236678.16,0.72
8805,13735,377544.25,0.34
8806,25434,441780.37,0.15
8807,16785,307962.8,0.76
8808,8406,225664.83,0.74
8809,20834,330224.84,0.35
8810,28232,337837.49,0.41
8811,31878,228569.02,0.11
8812,15455,48818.44,0.16
8813,25490,240635.73,0.77
8814,25928,271365.02,0.58
8815,26776,27742.95,0.65
8816,24052,380217.42,0.45
8817,9261,127564.56,0.56
8818,30007,465164.2,0.16
8819,25915,324906.01,0.8
8820,31598,388810.28,0.29
8821,9423,215748.25,0.68
8822,19140,51345.94,0.69
8823,8442,369508.53,0.4
8824,7931,429040.84,0.21
8825,18085,79033.8,0.26
8826,34142,326369.2,0.37
8827,33553,75278.86,0.58
8828,22302,361894.56,0.12
8829,17495,99395.09,0.6
8830,6904,163879.98,0.62
8831,13966,160295.07,0.44
8832,22387,74558.56,0.1
8833,15877,162418.04,0.67
8834,21580,58238.59,0.59
8835,25818,70665.46,0.76
8836,17464,311579.67,0.32
8837,10167,319667.93,0.14
8838,18195,423234.69,0.13
8839,16028,213134.35,0.78
8840,16743,216242.49,0.62
8841,272,405310.39,0.86
8842,20800,283962.66,0.36
8843,25275,274747.75,0.77
8844,32726,474277.39,0.54
8845,18542,129640.53,0.61
8846,31685,29373.38,0.13
8847,24964,307428.23,0.38
8848,21835,249923.6,0.5
8849,34689,456103.1,0.55
8850,30710,186212.88,0.53
8851,25669,51003.75,0.24
8852,18556,269048.53,0.15
8853,20785,53988.99,0.29
8854,2378,289703.1,0.23
8855,16252,474025.63,0.57
8856,18375,311445.19,0.47
8857,23999,23990.1,0.41
8858,29103,24558.35,0.17
8859,8128,186241.92,0.5
8860,23039,334212.33,0.53
8861,8203,190317.94,0.44
8862,32102,144294.71,0.43
8863,10076,418334.86,0.57
8864,8034,101609.08,0.77
8865,21958,370596.31,0.27
8866,1488,158187.72,0.72
8867,33814,480508.17,0.44
8868,3621,252056.99,0.23
8869,30641,382372.28,0.32
8870,33866,321707.43,0.43
8871,32734,289440.15,0.45
8872,33577,434337.48,0.2
8873,5981,463195.23,0.7
8874,29428,159722.8,0.33
8875,4436,187580.21,0.36
8876,27121,67084.76,0.43
8877,34583,330874.92,0.24
8878,17421,84605.5,0.76
8879,1659,341052.46,0.24
8880,2285,242968.28,0.58
8881,6246,216769.01,0.46
8882,6223,331055.3,0.79
8883,16827,108565.1,0.27
8884,16314,122516.29,0.18
8885,1285,223237.33,0.68
8886,19963,43605.36,0.5
8887,13310,389858.43,0.57
8888,7107,67965.99,0.32
8889,16496,220570.76,0.73
8890,27746,186718.31,0.3
8891,2554,314722.39,0.39
8892,12702,27250.05,0.52
8893,31315,370890.54,0.81
8894,33543,187260.06,0.62
8895,30559,25964.04,0.34
8896,6459,118167.89,0.6
8897,19723,414141.0,0.16
8898,34758,356921.55,0.36
8899,13564,77535.7,0.76
8900,31915,287738.95,0.26
8901,30527,88841.98,0.68
8902,1737,132886.53,0.49
8903,22450,388479.07,0.56
8904,30294,337559.98,0.59
8905,4681,227945.93,0.8
8906,1193,106937.88,0.18
8907,15349,481479.82,0.57
8908,16006,354661.0,0.65
8909,4896,283076.93,0.41
8910,26295,303238.44,0.86
8911,20436,145395.43,0.36
8912,13844,132809.45,0.51
8913,26808,423929.92,0.32
8914,27031,262628.45,0.74
8915,1966,425716.96,0.56
8916,11161,283920.74,0.62
8917,30047,168890.03,0.38
8918,2815,220409.35,0.62
8919,29711,436846.4,0.74
8920,9014,93392.99,0.76
8921,15164,478478.05,0.12
8922,14789,119941.11,0.53
8923,19534,218563.01,0.51
8924,10695,82122.7,0.53
8925,31785,374151.38,0.76
8926,2123,83668.5,0.44
8927,27891,192975.12,0.61
8928,32198,53653.44,0.77
8929,34272,13439.79,0.4
8930,7267,441832.51,0.32
8931,4849,304442.73,0.69
8932,14492,71888.15,0.58
8933,2278,236452.76,0.46
8934,27414,75209.68,0.3
8935,33037,260816.36,0.84
8936,26669,374267.01,0.17
8937,3563,136360.76,0.31
8938,7607,175525.23,0.66
8939,31198,434903.36,0.33
8940,17360,22230.98,0.86
8941,3097,143951.54,0.54
8942,19790,39334.69,0.17
8943,5564,12226.75,0.51
8944,31609,82929.16,0.47
8945,15119,307555.2,0.4
8946,20969,440157.63,0.89
8947,7224,150651.76,0.61
8948,28378,35397.39,0.11
8949,21913,308708.41,0.77
8950,8067,112713.35,0.89
8951,8501,158239.48,0.11
8952,10552,89913.92,0.19
8953,28090,56556.97,0.18
8954,28585,121829.48,0.68
8955,32104,431126.97,0.85
8956,18984,343662.89,0.12
8957,34034,480212.36,0.73
8958,30640,266535.16,0.25
8959,16871,488883.05,0.56
8960,14691,363409.17,0.45
8961,7134,121710.36,0.74
8962,4829,63165.55,0.36
8963,4016,196567.71,0.21
8964,17312,466290.92,0.22
8965,9556,22133.03,0.8
8966,22848,259304.21,0.18
8967,19039,210450.27,0.52
8968,11387,375585.61,0.29
8969,89,272827.25,0.84
8970,5653,129580.28,0.36
8971,30539,239468.48,0.42
8972,5887,244532.32,0.88
8973,5832,235155.87,0.73
8974,34630,295790.92,0.58
8975,24615,87776.16,0.12
8976,17177,469813.22,0.86
8977,12474,152395.0,0.42
8978,10268,241149.69,0.9
8979,2548,319668.29,0.12
8980,17184,59335.33,0.53
8981,18405,304158.96,0.35
8982,11061,287840.5,0.12
8983,12091,239399.46,0.77
8984,20644,49360.45,0.69
8985,26784,249823.89,0.5
8986,21936,401033.75,0.13
8987,19945,23884.33,0.56
8988,19258,214957.1,0.15
8989,13881,451936.76,0.73
8990,7089,248899.97,0.38
8991,24296,181031.91,0.46
8992,28718,130194.22,0.49
8993,25536,24144.1,0.71
8994,15555,388628.92,0.61
8995,34042,451886.84,0.4
8996,18436,242556.75,0.29
8997,16099,243950.83,0.11
8998,22523,401031.26,0.36
8999,858,210050.63,0.59
9000,9759,318565.49,0.86
9001,32017,162275.41,0.52
9002,16015,92166.04,0.38
9003,18851,60013.19,0.12
9004,33983,212564.18,0.77
9005,16058,429911.61,0.23
9006,4553,482089.62,0.55
9007,16888,35031.25,0.53
9008,12897,332958.67,0.36
9009,25855,412856.19,0.52
9010,23371,488190.1,0.52
9011,4211,331108.37,0.24
9012,31311,411935.68,0.45
9013,32670,487395.74,0.25
9014,31131,373793.09,0.82
9015,7633,254573.51,0.42
9016,7778,488274.36,0.6
9017,34253,480685.18,0.82
9018,22214,314563.85,0.72
9019,32079,247725.07,0.69
9020,29256,396741.06,0.54
9021,30490,49866.07,0.8
9022,14799,97893.29,0.13
9023,7367,191506.84,0.41
9024,260,103939.37,0.12
9025,16376,369129.45,0.54
9026,15273,496993.24,0.36
9027,4728,187545.53,0.23
9028,22159,491175.6,0.7
9029,1691,444578.77,0.51
9030,13554,47217.43,0.27
9031,14321,166245.61,0.52
9032,9508,32381.93,0.52
9033,462,71814.21,0.39
9034,20751,388197.04,0.27
9035,1891,400897.11,0.61
9036,27855,54510.39,0.37
9037,29086,67692.31,0.63
9038,7760,262038.08,0.33
9039,4077,195739.42,0.38
9040,28987,125999.38,0.82
9041,9558,417547.13,0.5
9042,31763,328751.48,0.47
9043,4027,462292.99,0.63
9044,22409,52793.43,0.24
9045,22928,14358.42,0.36
9046,27531,499124.68,0.2
9047,5430,137525.34,0.46
9048,33920,228191.71,0.16
9049,29456,274767.29,0.22
9050,8542,287067.0,0.89
9051,6966,104629.0,0.52
9052,9414,109862.56,0.31
9053,7973,396736.45,0.66
9054,12698,470410.09,0.82
9055,19040,54987.48,0.29
9056,14368,278209.3,0.25
9057,32421,474192.72,0.87
9058,4069,162590.47,0.29
9059,6998,478945.84,0.62
9060,31870,47830.98,0.47
9061,8744,362762.64,0.44
9062,19353,350582.82,0.87
9063,14516,114157.91,0.83
9064,12310,24574.58,0.82
9065,17770,81915.53,0.27
9066,31331,260197.04,0.21
9067,2594,183224.54,0.14
9068,14645,341127.29,0.18
9069,20789,343987.9,0.75
9070,30657,394466.56,0.29
9071,22914,376377.11,0.15
9072,4391,466922.31,0.56
9073,33387,430265.27,0.12
9074,31864,147131.12,0.65
9075,27336,335495.86,0.76
9076,25034,310905.5,0.18
9077,19512,53570.05,0.28
9078,15323,311897.74,0.18
9079,24829,386722.52,0.89
9080,2653,402711.12,0.52
9081,3047,397817.45,0.59
9082,31695,383730.41,0.1
9083,5487,387400.84,0.16
9084,8376,451430.58,0.65
9085,13008,254971.83,0.39
9086,24212,79015.4,0.14
9087,33679,161866.36,0.42
9088,10420,91272.31,0.22
9089,6900,471309.11,0.21
9090,10701,167757.31,0.72
9091,14186,230036.0,0.86
9092,17747,475473.44,0.5
9093,30749,345973.21,0.62
9094,25872,27090.07,0.68
9095,26433,109469.29,0.47
9096,17359,78566.75,0.65
9097,19041,69518.58,0.32
9098,29808,322453.12,0.43
9099,26831,294976.45,0.58
9100,10911,286335.56,0.69
9101,32162,468115.2,0.46
9102,7682,457810.96,0.81
9103,4405,269632.54,0.12
9104,21638,255633.77,0.6
9105,23441,98495.44,0.13
9106,10972,279282.44,0.52
9107,3611,497487.0,0.33
9108,16005,89961.29,0.76
9109,23056,411479.69,0.89
9110,7152,486205.15,0.87
9111,10484,241208.9,0.34
9112,32686,295321.71,0.71
9113,25667,183945.13,0.26
9114,19503,215910.69,0.26
9115,31022,361732.1,0.78
9116,4762,295829.41,0.28
9117,22257,47308.88,0.32
9118,19216,458103.12,0.68
9119,32103,12721.1,0.78
9120,26337,257151.86,0.28
9121,18322,471059.01,0.37
9122,29848,74604.36,0.1
9123,22105,238488.0,0.77
9124,23890,374365.72,0.36
9125,32764,113456.97,0.72
9126,22237,18085.51,0.2
9127,16079,436145.75,0.53
9128,10201,346865.71,0.44
9129,18567,265860.49,0.4
9130,31489,145269.18,0.83
9131,8210,490762.8,0.24
9132,25836,274218.17,0.88
9133,10934,473671.88,0.53
9134,16165,361765.19,0.12
9135,33893,326133.68,0.82
9136,19768,171507.52,0.74
9137,11954,339075.43,0.46
9138,10099,387878.08,0.53
9139,2418,424556.64,0.15
9140,26973,372255.5,0.85
9141,9334,353477.43,0.67
9142,15305,47015.25,0.16
9143,26774,406763.81,0.36
9144,32476,111096.3,0.43
9145,16994,59330.43,0.58
9146,20869,55226.39,0.31
9147,6184,184877.19,0.14
9148,15403,231300.82,0.8
9149,7433,12183.29,0.11
9150,27887,481518.84,0.86
9151,7946,306644.06,0.44
9152,25547,464426.7,0.26
9153,32638,325115.62,0.18
9154,8600,466868.6,0.78
9155,22359,373861.84,0.64
9156,32669,416748.94,0.68
9157,30760,169712.84,0.24
9158,21017,455200.21,0.59
9159,8943,326995.13,0.74
9160,744,226793.79,0.55
9161,26402,118511.03,0.14
9162,32019,409990.42,0.17
9163,6957,71373.67,0.71
9164,32879,107068.85,0.56
9165,32077,361310.51,0.47
9166,25604,251475.27,0.74
9167,11794,220594.78,0.42
9168,34129,315817.45,0.28
9169,27453,300903.37,0.59
9170,15941,287263.89,0.36
9171,33123,396440.24,0.18
9172,731,349767.62,0.73
9173,16125,51466.43,0.5
9174,26302,497913.39,0.43
9175,9602,285028.07,0.25
9176,28538,167760.19,0.45
9177,11154,262553.49,0.42
9178,19097,338297.36,0.17
9179,34130,127238.84,0.59
9180,24199,246372.14,0.76
9181,17615,41913.18,0.4
9182,18645,222471.51,0.85
9183,23278,445058.85,0.48
9184,9410,304284.93,0.75
9185,17216,384192.53,0.26
9186,13100,97126.85,0.39
9187,30500,463701.27,0.13
9188,30018,469408.99,0.73
9189,5265,17317.57,0.42
9190,31178,396327.76,0.86
9191,25068,370057.9,0.32
9192,16362,57795.09,0.14
9193,650,298067.73,0.82
9194,23982,96277.39,0.89
9195,3048,232005.56,0.47
9196,9164,208622.98,0.2
9197,29757,184892.22,0.59
9198,12192,331103.45,0.64
9199,24416,443343.36,0.49
9200,30459,475538.66,0.1
9201,17690,76476.26,0.67
9202,10008,348228.09,0.51
9203,5795,225676.37,0.77
9204,33446,198452.23,0.79
9205,25916,130028.59,0.27
9206,31039,232296.67,0.54
9207,19686,81336.59,0.71
9208,2508,74173.09,0.23
9209,23686,248244.2,0.24
9210,7636,164040.36,0.68
9211,26535,485902.06,0.65
9212,1133,481022.28,0.73
9213,18084,476252.49,0.24
9214,4587,110406.96,0.32
9215,32261,75857.47,0.84
9216,6180,222507.97,0.68
9217,9444,477412.25,0.45
9218,11380,49548.69,0.27
9219,28448,116783.65,0.7
9220,34787,462616.17,0.85
9221,14851,305746.64,0.48
9222,6400,262531.17,0.8
9223,21819,318871.85,0.86
9224,22176,206745.01,0.55
9225,2270,392445.01,0.87
9226,16147,181524.92,0.45
9227,13577,27985.92,0.69
9228,12360,413635.38,0.46
9229,6984,20499.35,0.86
9230,19724,397300.72,0.73
9231,1933,413913.53,0.62
9232,19439,87684.82,0.83
9233,22339,226379.96,0.29
9234,2631,19459.82,0.62
9235,15356,301542.09,0.17
9236,32265,302156.51,0.33
9237,13040,153928.53,0.59
9238,15193,345692.88,0.73
9239,15928,35064.58,0.54
9240,33914,100295.56,0.12
9241,32527,171383.23,0.44
9242,17537,195659.61,0.27
9243,17865,468413.38,0.23
9244,28306,83922.55,0.55
9245,26878,496087.72,0.81
9246,5739,233460.67,0.51
9247,14067,59297.46,0.13
9248,22009,238052.83,0.89
9249,26880,66815.13,0.18
9250,13187,361952.66,0.42
9251,18299,209885.39,0.34
9252,15687,104932.81,0.31
9253,5107,498687.58,0.61
9254,9707,27429.29,0.81
9255,20637,425012.76,0.86
9256,15831,489725.56,0.63
9257,9450,362277.29,0.75
9258,7333,198685.16,0.33
9259,13753,317730.27,0.59
9260,23155,482960.5,0.86
9261,3305,470098.68,0.49
9262,16191,465912.06,0.6
9263,15907,387216.05,0.77
9264,23146,189940.23,0.71
9265,20129,389458.13,0.32
9266,7707,10727.2,0.65
9267,2571,420240.72,0.84
9268,29836,233070.83,0.85
9269,30241,129067.46,0.42
9270,21898,395372.97,0.75
9271,14657,197421.87,0.42
9272,33077,390080.44,0.79
9273,6186,279769.66,0.76
9274,34142,271791.66,0.66
9275,9944,236564.84,0.33
9276,9718,262724.37,0.56
9277,33122,109586.22,0.18
9278,12032,481358.3,0.85
9279,12403,176943.88,0.68
9280,11521,153618.55,0.54
9281,14150,116338.08,0.28
9282,24812,400507.23,0.24
9283,12419,100535.52,0.7
9284,21448,298058.71,0.73
9285,9966,14077.24,0.48
9286,20288,61687.95,0.75
9287,22173,17364.55,0.73
9288,34423,81113.12,0.13
9289,22335,279914.6,0.16
9290,33639,166719.07,0.89
9291,6038,452984.02,0.78
9292,22838,291653.15,0.84
9293,29337,13591.17,0.44
9294,11943,166745.0,0.23
9295,31646,421493.21,0.29
9296,21732,223069.72,0.83
9297,25785,188974.17,0.38
9298,22197,260077.01,0.28
9299,13090,399329.08,0.84
9300,19361,314399.85,0.26
9301,11959,253645.24,0.69
9302,19385,202855.25,0.17
9303,2592,175503.78,0.53
9304,12377,175800.06,0.9
9305,4756,307608.37,0.84
9306,25142,239571.14,0.45
9307,23096,23929.44,0.57
9308,2818,465409.11,0.31
9309,5465,193296.33,0.71
9310,33013,424212.9,0.18
9311,7442,96547.5,0.19
9312,3349,19453.7,0.7
9313,12272,267602.28,0.37
9314,1234,158982.33,0.43
9315,21416,312386.38,0.58
9316,10943,175139.42,0.29
9317,6926,191257.31,0.83
9318,31748,173164.95,0.7
9319,2636,375638.86,0.9
9320,15844,358766.8,0.44
9321,12437,407680.6,0.37
9322,9920,260581.52,0.2
9323,4326,162816.44,0.46
9324,28941,175482.08,0.3
9325,4950,119502.21,0.39
9326,27123,271064.87,0.41
9327,16402,102162.31,0.65
9328,26561,380334.22,0.18
9329,9827,440432.14,0.54
9330,3852,183483.38,0.57
9331,19896,281948.28,0.86
9332,2902,342894.14,0.89
9333,19162,273716.18,0.38
9334,2842,453158.58,0.44
9335,34054,323189.88,0.66
9336,23310,305564.83,0.3
9337,28058,67106.91,0.22
9338,14505,158381.8,0.47
9339,27324,144725.19,0.88
9340,30145,215545.83,0.61
9341,20169,402971.81,0.28
9342,34108,226929.74,0.46
9343,20737,339199.12,0.6
9344,20249,364878.86,0.65
9345,32962,468944.68,0.36
9346,20183,215031.38,0.48
9347,9293,112914.35,0.68
9348,17882,89684.1,0.47
9349,16022,368938.26,0.47
9350,17049,246344.94,0.72
9351,16292,338347.61,0.17
9352,22408,41896.44,0.74
9353,29782,283950.12,0.2
9354,15772,133073.87,0.46
9355,32766,490338.85,0.39
9356,31883,128032.42,0.3
9357,19302,59449.6,0.61
9358,12976,335052.55,0.85
9359,19873,229877.73,0.33
9360,32760,154546.68,0.18
9361,20022,475183.85,0.27
9362,33738,256132.94,0.12
9363,29027,109041.54,0.59
9364,24092,286535.99,0.3
9365,17352,53179.87,0.35
9366,23784,289121.55,0.35
9367,19518,290464.52,0.38
9368,5831,462354.26,0.13
9369,3936,359611.05,0.22
9370,4481,85502.73,0.58
9371,27010,58968.19,0.46
9372,19695,101554.24,0.81
9373,25468,358285.29,0.5
9374,8070,198049.06,0.23
9375,32189,151384.35,0.77
9376,26136,351148.5,0.86
9377,3151,253269.03,0.39
9378,26097,468911.06,0.31
9379,6394,490629.39,0.86
9380,30980,479806.29,0.42
9381,319,15394.62,0.55
9382,33779,338129.89,0.79
9383,32178,96088.76,0.71
9384,11318,433734.71,0.8
9385,30704,155626.88,0.61
9386,15383,250994.1,0.27
9387,2471,312609.31,0.54
9388,5593,417525.21,0.82
9389,5020,229657.05,0.46
9390,2101,411874.82,0.72
9391,30054,76147.8,0.26
9392,25772,142074.26,0.54
9393,12169,432362.13,0.19
9394,17297,233099.63,0.36
9395,673,363082.57,0.71
9396,10312,14238.76,0.25
9397,1831,215481.18,0.49
9398,21651,300399.74,0.81
9399,4694,444216.62,0.39
9400,6613,193382.61,0.7
9401,437,179126.56,0.43
9402,15017,302362.19,0.66
9403,26736,310696.11,0.55
9404,12973,346300.89,0.58
9405,521,317241.31,0.83
9406,7818,325345.9,0.5
9407,30661,390890.14,0.23
9408,104,153613.94,0.16
9409,24656,308723.25,0.73
9410,15399,426053.55,0.11
9411,15994,210889.3,0.37
9412,14034,409018.91,0.24
9413,34766,260612.33,0.39
9414,1534,427515.78,0.27
9415,28474,68299.38,0.42
9416,22638,456690.57,0.33
9417,2801,315219.05,0.5
9418,14056,15526.62,0.7
9419,34857,483783.42,0.28
9420,22923,117025.81,0.66
9421,23883,227876.43,0.89
9422,5140,427424.46,0.49
9423,34137,351324.53,0.12
9424,34383,24043.25,0.66
9425,4280,114264.52,0.73
9426,31239,249748.41,0.45
9427,31658,179329.3,0.26
9428,31256,336666.89,0.56
9429,34275,84423.02,0.81
9430,17460,394433.15,0.41
9431,21616,116581.9,0.12
9432,16793,191658.18,0.2
9433,17522,218888.35,0.64
9434,23733,133179.63,0.26
9435,4964,134769.27,0.19
9436,33918,338346.96,0.61
9437,22459,51319.03,0.72
9438,33196,133177.07,0.7
9439,28918,459857.2,0.19
9440,34840,397488.33,0.46
9441,30085,399209.69,0.65
9442,17517,220408.7,0.42
9443,804,27091.27,0.78
9444,11542,490087.19,0.24
9445,9381,294724.57,0.19
9446,32465,285417.86,0.17
9447,5728,401575.68,0.33
9448,24277,40306.19,0.61
9449,10494,331232.54,0.84
9450,14193,85608.44,0.63
9451,4855,125680.93,0.36
9452,3908,435688.53,0.39
9453,29124,26900.22,0.78
9454,34967,291994.05,0.44
9455,10230,309801.9,0.55
9456,23972,183025.17,0.16
9457,30759,17051.13,0.86
9458,10523,148045.82,0.51
9459,12594,358463.14,0.54
9460,8912,335682.51,0.65
9461,4052,208973.43,0.48
9462,5700,282754.84,0.9
9463,2780,433872.11,0.64
9464,32193,383985.04,0.8
9465,13665,465399.85,0.22
9466,19665,431811.42,0.48
9467,20614,82567.64,0.89
9468,6478,326308.49,0.13
9469,14531,370871.83,0.21
9470,29904,471137.19,0.56
9471,19133,363034.47,0.85
9472,1393,336379.93,0.22
9473,20044,45537.61,0.83
9474,6875,61012.37,0.33
9475,31392,329717.88,0.11
9476,16967,473404.85,0.76
9477,11189,174447.93,0.15
9478,11124,409846.03,0.59
9479,14728,434508.96,0.82
9480,17248,469105.63,0.71
9481,25570,274504.78,0.89
9482,10535,383494.93,0.59
9483,29000,431497.83,0.39
9484,12194,352811.34,0.67
9485,20125,147705.85,0.43
9486,8319,199052.91,0.39
9487,32282,158777.14,0.4
9488,16299,23624.97,0.45
9489,13080,313126.12,0.53
9490,27713,58739.67,0.3
9491,32806,162603.21,0.79
9492,6350,211532.58,0.7
9493,19633,344121.67,0.36
9494,4791,418122.95,0.16
9495,7097,431706.91,0.49
9496,14008,119888.32,0.51
9497,30202,378732.48,0.2
9498,24233,81090.89,0.15
9499,20498,311820.97,0.33
9500,9256,284307.24,0.7
9501,23164,124811.36,0.64
9502,4996,490079.96,0.29
9503,7662,290386.82,0.83
9504,2729,382897.04,0.43
9505,1915,281672.69,0.69
9506,25747,111027.18,0.14
9507,9068,14566.25,0.48
9508,8836,488376.6,0.81
9509,15772,371341.86,0.75
9510,24979,105190.3,0.81
9511,3382,98121.22,0.27
9512,2415,328181.02,0.19
9513,29678,365829.5,0.32
9514,15421,211238.8,0.65
9515,13904,144800.37,0.75
9516,32717,27131.21,0.43
9517,19475,74368.5,0.15
9518,15363,461687.56,0.42
9519,10184,480782.57,0.15
9520,10239,259813.77,0.19
9521,23619,437190.54,0.36
9522,23531,332196.64,0.54
9523,11023,11448.94,0.25
9524,3886,21738.93,0.34
9525,22523,193430.41,0.39
9526,34829,105436.77,0.71
9527,28366,347204.88,0.2
9528,28131,282964.12,0.47
9529,32283,387060.5,0.38
9530,32800,384067.39,0.35
9531,19702,79690.26,0.36
9532,14019,399012.01,0.14
9533,30611,282794.73,0.71
9534,2122,432688.19,0.5
9535,26416,333763.43,0.36
9536,2130,343159.81,0.79
9537,5834,282590.42,0.62
9538,31930,327610.53,0.69
9539,2774,150241.73,0.29
9540,26024,184212.81,0.64
9541,25829,131401.15,0.26
9542,2405,235885.3,0.75
9543,32623,497163.94,0.33
9544,19834,39238.04,0.21
9545,3050,18469.77,0.78
9546,519,84226.05,0.86
9547,34841,89124.06,0.2
9548,14917,165546.99,0.35
9549,10620,478156.4,0.48
9550,32741,386879.87,0.17
9551,27214,332636.85,0.57
9552,29777,21782.03,0.14
9553,22414,355813.42,0.45
9554,24745,494231.5,0.69
9555,24434,319158.99,0.82
9556,14178,363720.19,0.61
9557,26289,476188.42,0.81
9558,29721,214767.83,0.65
9559,24432,47573.13,0.41
9560,9158,81991.25,0.44
9561,22403,378253.56,0.54
9562,20783,50288.03,0.88
9563,22206,470764.05,0.2
9564,5290,227590.67,0.46
9565,11656,227160.67,0.75
9566,33360,107866.92,0.3
9567,3662,169427.06,0.33
9568,17675,124156.84,0.79
9569,20699,386848.5,0.29
9570,9014,489907.32,0.51
9571,1609,129453.04,0.49
9572,27913,254864.39,0.59
9573,20811,448997.69,0.31
9574,31828,282168.63,0.25
9575,32223,371722.29,0.54
9576,34183,364628.86,0.49
9577,16357,58676.73,0.75
9578,29468,125860.84,0.64
9579,4319,170923.95,0.26
9580,9814,489528.09,0.73
9581,9713,68745.15,0.64
9582,33168,162957.96,0.35
9583,6601,295943.59,0.69
9584,14409,153887.46,0.81
9585,2322,57323.41,0.64
9586,12448,398780.43,0.58
9587,34717,307138.59,0.23
9588,34189,379719.12,0.88
9589,11334,359237.21,0.29
9590,33882,335554.12,0.87
9591,22620,442172.42,0.24
9592,6476,174459.57,0.46
9593,18257,443811.43,0.46
9594,13940,167375.71,0.76
9595,27103,178107.89,0.27
9596,7196,393402.17,0.5
9597,28556,132138.43,0.47
9598,6370,416003.32,0.56
9599,33643,324818.69,0.53
9600,15362,14495.59,0.41
9601,29863,294823.18,0.29
9602,27266,70618.01,0.14
9603,6763,267903.7,0.3
9604,26305,206061.1,0.18
9605,28678,320441.91,0.42
9606,6431,446319.48,0.71
9607,3892,488116.78,0.17
9608,11263,418052.47,0.21
9609,2984,81749.74,0.49
9610,17473,122381.54,0.17
9611,29346,55007.38,0.89
9612,17059,245057.9,0.86
9613,7665,404930.99,0.59
9614,5865,369048.46,0.54
9615,9128,476734.38,0.35
9616,20092,496600.95,0.57
9617,23081,228583.73,0.46
9618,7375,298475.7,0.84
9619,7377,281345.3,0.21
9620,34883,130582.29,0.1
9621,29817,208208.15,0.25
9622,4812,428078.59,0.33
9623,1054,24712.55,0.3
9624,11979,309700.91,0.51
9625,8259,141421.58,0.31
9626,2407,291306.77,0.16
9627,23615,464712.71,0.4
9628,31830,496332.08,0.67
9629,22096,138957.0,0.23
9630,27189,384068.41,0.55
9631,12619,79997.81,0.8
9632,3772,56304.14,0.46
9633,5933,204745.93,0.11
9634,15774,21525.82,0.71
9635,32655,486655.07,0.75
9636,13340,456246.45,0.56
9637,5354,220177.35,0.22
9638,11347,279208.76,0.5
9639,21738,155392.34,0.31
9640,20395,316899.49,0.6
9641,1022,135530.24,0.42
9642,11856,175239.86,0.77
9643,19599,376202.0,0.89
9644,27373,295930.88,0.53
9645,3251,226673.46,0.57
9646,31321,475707.54,0.32
9647,21950,235269.02,0.47
9648,21969,40965.85,0.2
9649,8320,209415.35,0.69
9650,2210,459879.71,0.25
9651,7997,308774.34,0.48
9652,23513,71501.8,0.72
9653,30446,46506.78,0.39
9654,13781,353691.8,0.84
9655,13109,427310.9,0.22
9656,33249,301531.8,0.41
9657,5362,31034.43,0.71
9658,32887,375546.59,0.14
9659,14996,269062.92,0.38
9660,1156,406280.68,0.85
9661,6255,261872.01,0.85
9662,3208,22396.7,0.2
9663,23464,112701.17,0.43
9664,23104,361226.14,0.34
9665,13917,404289.3,0.13
9666,33090,218087.05,0.79
9667,4792,174871.74,0.52
9668,531,283878.47,0.22
9669,10923,35088.37,0.18
9670,19521,392732.15,0.26
9671,2119,456307.13,0.82
9672,26736,280121.46,0.43
9673,16293,220837.27,0.15
9674,8357,365335.47,0.54
9675,33008,293484.97,0.15
9676,12115,76942.2,0.46
9677,8795,144434.32,0.43
9678,31941,117943.39,0.29
9679,8151,413347.78,0.39
9680,28022,199724.41,0.27
9681,28455,79585.11,0.14
9682,2294,296889.0,0.35
9683,25655,405520.1,0.82
9684,16848,109719.76,0.73
9685,20791,448919.77,0.28
9686,6962,154318.94,0.11
9687,12591,184511.74,0.15
9688,6990,452921.47,0.79
9689,11097,345792.1,0.8
9690,3166,431030.82,0.76
9691,16684,215766.67,0.17
9692,18607,205272.68,0.56
9693,27539,149855.54,0.13
9694,21249,16671.4,0.73
9695,34075,126602.87,0.63
9696,23026,265677.52,0.83
9697,13258,389730.89,0.22
9698,24999,337653.06,0.58
9699,9614,291536.22,0.67
9700,34639,354259.67,0.26
9701,20907,409033.08,0.31
9702,5644,305663.6,0.19
9703,30612,171964.43,0.85
9704,9112,128802.29,0.17
9705,13875,307097.83,0.21
9706,10227,277051.83,0.41
9707,7638,16401.24,0.46
9708,30713,206123.09,0.2
9709,33951,256629.65,0.87
9710,29548,208359.87,0.65
9711,10084,287320.85,0.18
9712,1808,416266.85,0.19
9713,34224,225670.59,0.72
9714,31303,189067.48,0.72
9715,21337,82032.93,0.33
9716,8495,456226.33,0.42
9717,8542,10334.33,0.72
9718,2894,402907.17,0.27
9719,23732,190540.25,0.44
9720,26453,458629.44,0.36
9721,698,440709.42,0.38
9722,9141,21006.4,0.56
9723,3750,326956.8,0.12
9724,1565,273749.36,0.27
9725,7132,319098.95,0.27
9726,18385,187608.62,0.46
9727,10282,34220.01,0.13
9728,1589,254073.71,0.2
9729,21412,398469.59,0.47
9730,23880,382796.08,0.7
9731,14892,241755.71,0.84
9732,32472,362160.18,0.17
9733,29125,34004.07,0.84
9734,33476,39680.76,0.75
9735,4625,125592.93,0.38
9736,21988,128505.65,0.37
9737,29754,412775.41,0.71
9738,25063,332974.25,0.89
9739,6161,316027.7,0.44
9740,11149,384144.13,0.2
9741,21171,265633.83,0.48
9742,14597,63508.31,0.65
9743,5878,18970.6,0.88
9744,12375,405017.52,0.29
9745,9214,240252.31,0.68
9746,21,293543.57,0.69
9747,17289,383856.31,0.2
9748,19687,212059.49,0.39
9749,16650,494420.97,0.45
9750,22915,370720.94,0.62
9751,27815,194872.68,0.52
9752,30773,322788.92,0.64
9753,13028,233922.93,0.83
9754,25210,21683.4,0.75
9755,6823,40327.22,0.23
9756,7047,386393.66,0.58
9757,11682,184516.4,0.12
9758,11831,200862.04,0.46
9759,6975,284895.43,0.46
9760,24121,423023.09,0.13
9761,25913,439049.88,0.56
9762,30229,444661.56,0.2
9763,28152,483978.78,0.86
9764,2929,389785.72,0.34
9765,1528,207746.27,0.55
9766,18190,423775.11,0.71
9767,21257,431492.59,0.9
9768,19606,377351.16,0.78
9769,12667,163469.18,0.35
9770,3144,163800.67,0.74
9771,1147,491343.83,0.47
9772,30457,377812.15,0.15
9773,2695,468182.38,0.24
9774,30896,85172.09,0.29
9775,12125,271769.1,0.81
9776,6436,96493.14,0.83
9777,9516,28243.98,0.64
9778,31845,24373.22,0.38
9779,9095,367149.93,0.59
9780,3556,235407.76,0.58
9781,29213,288415.68,0.3
9782,33290,58634.13,0.86
9783,28279,178225.73,0.76
9784,26792,137963.06,0.28
9785,8812,258457.14,0.42
9786,10912,334488.67,0.2
9787,33661,115332.96,0.45
9788,5107,165003.81,0.28
9789,29961,362252.09,0.3
9790,30697,26457.92,0.57
9791,25842,104593.09,0.16
9792,34455,201324.22,0.26
9793,33449,421344.38,0.36
9794,11763,29840.69,0.3
9795,28620,12925.58,0.34
9796,25137,82838.92,0.7
9797,4449,457767.59,0.41
9798,11073,30917.72,0.79
9799,33060,480577.47,0.14
9800,12479,328906.9,0.73
9801,30727,361645.51,0.24
9802,11682,398395.33,0.59
9803,17737,335309.3,0.4
9804,11843,278448.44,0.18
9805,24017,262719.24,0.21
9806,4738,73186.25,0.27
9807,31775,186629.63,0.47
9808,22386,21818.12,0.86
9809,17660,244854.63,0.66
9810,11701,120822.83,0.42
9811,1079,130972.25,0.86
9812,3294,206303.32,0.26
9813,5881,366222.48,0.42
9814,11400,404105.09,0.13
9815,8312,146651.66,0.85
9816,6976,227442.83,0.59
9817,17922,395060.21,0.85
9818,899,73337.07,0.41
9819,30829,117781.9,0.14
9820,1242,351291.51,0.7
9821,12576,349606.07,0.54
9822,7119,435313.08,0.84
9823,14261,95551.08,0.37
9824,23998,89101.71,0.33
9825,14467,212378.42,0.23
9826,7491,36925.21,0.6
9827,28896,430045.18,0.72
9828,26248,312221.15,0.17
9829,17449,154745.1,0.38
9830,11362,77033.23,0.15
9831,1332,293460.86,0.17
9832,438,295060.52,0.11
9833,4290,27321.92,0.69
9834,3774,411038.44,0.13
9835,23036,62897.05,0.13
9836,33163,229439.61,0.18
9837,23400,472618.08,0.47
9838,30715,62037.13,0.42
9839,4536,286431.88,0.25
9840,9811,79802.44,0.52
9841,29671,100416.31,0.68
9842,22654,477839.75,0.12
9843,17066,393842.16,0.4
9844,9143,330604.33,0.85
9845,637,170051.06,0.7
9846,1057,208601.54,0.12
9847,118,343836.67,0.24
9848,1745,300508.73,0.18
9849,26171,127088.29,0.26
9850,34693,305158.67,0.72
9851,25083,197209.99,0.42
9852,29883,477581.07,0.87
9853,24120,232231.31,0.12
9854,12566,125556.65,0.26
9855,10460,117109.05,0.75
9856,10127,312818.0,0.27
9857,20804,74681.52,0.13
9858,10145,286561.16,0.69
9859,12594,101798.73,0.5
9860,749,63836.42,0.55
9861,6689,423929.74,0.88
9862,6086,138950.97,0.61
9863,17718,427977.73,0.18
9864,13268,391071.34,0.76
9865,32798,476622.68,0.79
9866,27367,99052.97,0.62
9867,12280,281747.45,0.28
9868,7374,293152.81,0.4
9869,26566,414204.9,0.69
9870,13494,377590.7,0.56
9871,8749,172845.64,0.28
9872,28391,463159.35,0.45
9873,10848,12608.75,0.81
9874,11679,151373.93,0.37
9875,12796,169309.26,0.36
9876,4678,248249.53,0.85
9877,1458,140613.6,0.5
9878,18949,57076.81,0.41
9879,33530,144370.12,0.39
9880,10863,443376.84,0.8
9881,8881,458651.27,0.4
9882,12345,349368.04,0.31
9883,11502,361982.85,0.7
9884,32903,355617.9,0.65
9885,34108,211317.88,0.46
9886,11578,132632.64,0.41
9887,32415,388244.81,0.13
9888,14876,84780.27,0.81
9889,12678,493399.79,0.27
9890,26946,489355.25,0.45
9891,21496,485102.0,0.62
9892,14513,324287.77,0.66
9893,21109,472340.85,0.62
9894,32096,349491.67,0.78
9895,25558,132985.55,0.48
9896,25316,464794.62,0.87
9897,13194,56220.22,0.84
9898,6117,460439.4,0.42
9899,3580,427007.28,0.88
9900,4264,221242.22,0.42
9901,9807,293045.2,0.69
9902,21351,118191.55,0.69
9903,15337,143185.92,0.49
9904,21714,16485.42,0.77
9905,11920,355646.49,0.51
9906,22904,334646.37,0.38
9907,8424,278498.53,0.55
9908,12475,41081.38,0.49
9909,27965,350984.07,0.27
9910,5479,289667.33,0.61
9911,14450,232855.0,0.79
9912,10843,437641.35,0.52
9913,28388,481507.63,0.38
9914,18034,182712.82,0.12
9915,32579,369557.46,0.52
9916,13241,315541.02,0.25
9917,11279,297115.3,0.87
9918,5543,178933.46,0.48
9919,18283,282366.85,0.55
9920,11215,233282.03,0.5
9921,12094,95972.55,0.82
9922,3642,482035.96,0.29
9923,10216,473088.79,0.35
9924,30629,179647.34,0.9
9925,29212,371473.29,0.46
9926,16147,330743.66,0.43
9927,12535,108069.94,0.13
9928,4773,258051.51,0.27
9929,33130,250544.92,0.77
9930,28607,410411.95,0.45
9931,10473,477907.32,0.81
9932,34345,81586.94,0.44
9933,15591,99247.7,0.44
9934,33925,299024.29,0.37
9935,23291,64121.62,0.86
9936,8739,69895.84,0.59
9937,13507,225875.28,0.14
9938,11617,152281.08,0.39
9939,22595,130104.68,0.41
9940,26104,181981.28,0.15
9941,9925,153110.5,0.76
9942,13470,297075.81,0.54
9943,34314,371654.62,0.85
9944,13388,138770.0,0.44
9945,34931,134133.27,0.28
9946,3751,39866.67,0.62
9947,31025,166660.3,0.62
9948,26837,319035.11,0.83
9949,20161,265052.78,0.74
9950,29482,364083.73,0.45
9951,10063,472406.18,0.65
9952,29379,374041.29,0.56
9953,23510,299710.18,0.75
9954,11482,93350.46,0.48
9955,30107,197407.78,0.3
9956,24787,435817.74,0.69
9957,25500,151447.48,0.49
9958,18228,46492.83,0.89
9959,21378,193905.32,0.41
9960,25688,277336.63,0.82
9961,9762,289861.67,0.64
9962,12319,358300.04,0.55
9963,14446,303271.63,0.6
9964,33101,377182.5,0.24
9965,25770,163256.35,0.9
9966,7489,490404.29,0.82
9967,5105,43612.99,0.74
9968,8940,492128.17,0.85
9969,20781,28298.13,0.85
9970,20369,87549.64,0.45
9971,20970,276517.27,0.31
9972,2323,280754.4,0.3
9973,3632,24018.9,0.4
9974,31020,198628.89,0.23
9975,27118,47439.12,0.85
9976,29720,67859.51,0.12
9977,32131,328279.63,0.63
9978,14618,67844.95,0.22
9979,19994,357357.85,0.17
9980,24146,258252.66,0.14
9981,2237,186783.4,0.11
9982,24990,429986.84,0.5
9983,22812,47354.87,0.11
9984,8842,299119.44,0.81
9985,21705,360262.11,0.32
9986,23650,489557.61,0.21
9987,11190,111692.47,0.25
9988,30147,65875.57,0.39
9989,31828,373782.35,0.35
9990,26762,13152.39,0.33
9991,3592,426660.44,0.4
9992,27527,451610.23,0.4
9993,8792,312099.92,0.26
9994,23014,182952.66,0.86
9995,22218,119057.86,0.29
9996,23355,302007.72,0.88
9997,8995,476177.42,0.43
9998,21928,412693.1,0.24
9999,19401,120856.53,0.13
10000,12923,17045.19,0.19
10001,15034,384345.63,0.88
10002,28788,469462.55,0.24
10003,9424,388734.68,0.46
10004,20258,412856.17,0.2
10005,6205,412096.17,0.18
10006,24063,426844.26,0.48
10007,15524,317690.98,0.86
10008,33921,398120.38,0.55
10009,28771,374571.54,0.2
10010,30971,414204.42,0.62
10011,31579,383453.67,0.24
10012,16991,208769.71,0.35
10013,34015,317117.25,0.7
10014,25334,32799.79,0.78
10015,9052,398603.49,0.78
10016,34951,18846.2,0.2
10017,11955,421044.57,0.17
10018,14615,211557.68,0.43
10019,21385,441034.31,0.6
10020,32689,391547.37,0.46
10021,25174,301061.41,0.48
10022,2715,434218.76,0.78
10023,33883,114626.78,0.79
10024,21642,320487.52,0.58
10025,27791,160848.94,0.59
10026,7164,354905.82,0.67
10027,4063,281542.98,0.46
10028,26292,303303.54,0.21
10029,7923,430287.05,0.28
10030,8404,393219.93,0.89
10031,2484,416166.92,0.82
10032,27528,279370.18,0.61
10033,16257,268250.01,0.31
10034,11203,83003.15,0.16
10035,1889,72045.28,0.23
10036,24119,198889.87,0.83
10037,27363,174823.58,0.87
10038,6417,497290.06,0.74
10039,19007,120877.27,0.35
10040,6628,255541.98,0.54
10041,34851,464626.13,0.71
10042,4197,67040.06,0.53
10043,26557,312873.9,0.43
10044,28872,213063.58,0.69
10045,19263,266937.63,0.41
10046,11247,230465.86,0.61
10047,4207,323732.15,0.74
10048,23407,122316.53,0.6
10049,33522,215633.3,0.32
10050,22209,241554.17,0.59
10051,266,287419.5,0.6
10052,4730,484331.52,0.78
10053,20384,173912.59,0.17
10054,22942,157670.02,0.69
10055,13269,482988.05,0.87
10056,14514,93042.49,0.54
10057,15498,26026.78,0.25
10058,34808,291540.74,0.46
10059,1133,151901.27,0.63
10060,33550,314171.2,0.54
10061,26797,312853.8,0.88
10062,10517,460404.23,0.29
10063,15682,344363.59,0.23
10064,18387,495730.06,0.18
10065,21280,99145.54,0.65
10066,31996,390204.0,0.23
10067,30924,381671.7,0.87
10068,7970,444787.66,0.76
10069,30200,109781.92,0.89
10070,9881,260953.38,0.83
10071,27158,392551.43,0.54
10072,30014,229230.71,0.36
10073,22852,132707.66,0.28
10074,15366,28641.23,0.4
10075,2102,365232.44,0.26
10076,22813,12801.58,0.71
10077,10593,64050.22,0.24
10078,14628,483790.79,0.8
10079,15827,46614.5,0.69
10080,33975,249061.77,0.25
10081,20095,491517.09,0.19
10082,31889,450025.53,0.13
10083,15091,383847.43,0.39
10084,22304,440617.68,0.6
10085,11842,184290.9,0.4
10086,27961,201914.47,0.49
10087,34829,141720.55,0.41
10088,24350,27685.87,0.74
10089,706,435464.69,0.49
10090,15570,182840.95,0.64
10091,14711,436078.92,0.32
10092,5963,489290.64,0.66
10093,8085,315203.41,0.5
10094,21788,110154.08,0.4
10095,16548,416925.42,0.58
10096,24288,461466.04,0.26
10097,16583,97485.97,0.51
10098,17388,247536.79,0.67
10099,1276,199026.75,0.24
10100,18566,16214.92,0.63
10101,18849,463319.74,0.54
10102,22384,78323.74,0.62
10103,12938,258240.57,0.55
10104,20456,145148.99,0.21
10105,9765,396599.06,0.83
10106,6346,47689.07,0.4
10107,26534,298677.32,0.6
10108,5214,413588.94,0.39
10109,445,217994.1,0.16
10110,16812,356071.19,0.42
10111,22320,171223.58,0.1
10112,28663,285165.54,0.23
10113,24529,118868.15,0.54
10114,22817,312257.86,0.68
10115,24592,47361.19,0.89
10116,31863,227535.44,0.51
10117,5511,330398.42,0.58
10118,31399,221167.89,0.85
10119,8330,18403.68,0.77
10120,12957,219751.85,0.68
10121,19695,177087.96,0.87
10122,2075,304243.52,0.43
10123,18714,377403.17,0.25
10124,7739,373081.75,0.19
10125,11447,438276.65,0.66
10126,12947,80187.91,0.29
10127,2490,302102.13,0.13
10128,13810,450301.32,0.76
10129,33195,143547.24,0.88
10130,16317,21908.82,0.39
10131,20134,240675.72,0.28
10132,12167,334120.69,0.66
10133,29805,250966.65,0.83
10134,14545,272205.61,0.59
10135,7247,387345.54,0.63
10136,32815,29905.06,0.48
10137,23165,73686.14,0.26
10138,24851,124316.58,0.25
10139,3118,237272.7,0.45
10140,31392,242512.57,0.79
10141,7398,128922.0,0.44
10142,27050,309794.65,0.6
10143,13679,171199.39,0.83
10144,24212,393994.31,0.23
10145,7048,17930.24,0.78
10146,1092,31069.01,0.3
10147,29610,164604.26,0.21
10148,4009,176951.95,0.7
10149,33982,67572.84,0.84
10150,13219,347190.27,0.29
10151,5972,53743.86,0.36
10152,30001,101910.28,0.29
10153,2976,455074.81,0.88
10154,25804,405490.27,0.22
10155,21680,126141.3,0.13
10156,25103,166702.34,0.38
10157,32041,300152.57,0.6
10158,23004,124825.24,0.74
10159,20658,19695.61,0.86
10160,19784,493847.89,0.53
10161,160,166659.03,0.41
10162,16127,325721.43,0.88
10163,12690,435650.93,0.5
10164,33285,40164.92,0.81
10165,19686,176981.05,0.71
10166,22024,34696.37,0.55
10167,5390,36729.49,0.14
10168,13597,363404.77,0.62
10169,12359,111047.64,0.14
10170,18271,411439.75,0.14
10171,2582,60402.95,0.75
10172,12423,317788.81,0.67
10173,2938,143050.82,0.76
10174,27762,483999.72,0.13
10175,1953,294393.46,0.3
10176,31061,352311.18,0.26
10177,7123,267167.23,0.56
10178,3415,382578.56,0.74
10179,34034,309422.21,0.38
10180,10228,457375.37,0.38
10181,22264,208416.44,0.31
10182,17897,390254.34,0.12
10183,621,425938.16,0.38
10184,34386,408541.14,0.65
10185,29979,98356.06,0.42
10186,28808,186809.49,0.77
10187,7105,128625.8,0.82
10188,25668,140503.33,0.13
10189,34070,391731.04,0.38
10190,448,449758.11,0.61
10191,990,246686.93,0.3
10192,32458,138218.7,0.63
10193,29651,82200.84,0.86
10194,28249,225299.88,0.11
10195,11243,389258.0,0.26
10196,34395,474663.87,0.25
10197,19608,476944.21,0.54
10198,26595,35947.94,0.39
10199,7640,122788.29,0.76
10200,18456,437905.53,0.7
10201,26237,71635.14,0.54
10202,13060,218614.17,0.11
10203,24315,493330.58,0.86
10204,21812,389981.18,0.2
10205,3628,466162.32,0.8
10206,1735,89073.95,0.68
10207,15885,466993.1,0.22
10208,7027,97085.52,0.39
10209,21854,333035.38,0.72
10210,27643,235960.61,0.31
10211,21375,318002.69,0.2
10212,17860,413003.47,0.43
10213,19461,415586.43,0.32
10214,31328,174063.1,0.6
10215,25394,179328.17,0.66
10216,21923,134424.25,0.15
10217,26751,66615.8,0.56
10218,34152,174748.25,0.38
10219,26982,416661.06,0.18
10220,19271,364823.23,0.21
10221,9259,364976.2,0.42
10222,24184,430690.44,0.71
10223,33767,50862.83,0.24
10224,19761,289741.3,0.19
10225,5461,482636.78,0.73
10226,1323,240203.46,0.51
10227,9795,441354.08,0.47
10228,23672,97266.14,0.22
10229,13322,471282.97,0.37
10230,22838,171340.6,0.61
10231,17016,215072.61,0.28
10232,6889,45704.3,0.69
10233,31114,80608.43,0.66
10234,3475,115388.76,0.87
10235,18548,325135.4,0.55
10236,7584,115287.18,0.46
10237,7955,49366.27,0.16
10238,8671,91513.8,0.63
10239,16406,289491.58,0.46
10240,9421,488973.97,0.84
10241,21448,167817.49,0.27
10242,18269,457919.99,0.67
10243,18444,342042.83,0.66
10244,7872,162312.89,0.22
10245,30707,305341.23,0.18
10246,4376,119213.75,0.52
10247,8934,144836.72,0.54
10248,34375,234761.99,0.86
10249,14994,37999.94,0.86
10250,29373,363455.82,0.67
10251,17889,150118.27,0.8
10252,10867,253363.9,0.16
10253,31405,366498.88,0.72
10254,23971,95267.92,0.21
10255,7443,465210.11,0.32
10256,34612,418356.74,0.31
10257,31030,277938.9,0.4
10258,11358,116093.33,0.8
10259,2613,71964.95,0.57
10260,25315,322660.31,0.17
10261,218,499492.95,0.75
10262,7187,211848.55,0.6
10263,24372,106133.65,0.58
10264,12399,129686.12,0.61
10265,2753,394139.95,0.25
10266,20366,173508.1,0.67
10267,8732,36223.72,0.14
10268,29454,426539.4,0.38
10269,17708,140162.36,0.49
10270,3865,26787.99,0.87
10271,24454,13198.45,0.13
10272,4250,351002.56,0.8
10273,24127,34228.22,0.13
10274,18746,330483.66,0.31
10275,30221,229470.6,0.77
10276,3750,113540.48,0.59
10277,2372,79581.83,0.6
10278,9999,355660.54,0.74
10279,10660,408778.49,0.61
10280,24994,195223.26,0.49
10281,13257,58760.79,0.76
10282,17347,375416.44,0.36
10283,3624,81948.74,0.53
10284,6356,358454.06,0.65
10285,22960,358268.87,0.71
10286,34658,450490.8,0.86
10287,5783,146138.56,0.21
10288,20429,314976.57,0.75
10289,23842,301934.74,0.81
10290,31005,45747.97,0.69
10291,10582,326466.81,0.16
10292,28127,264591.39,0.77
10293,18642,181250.55,0.16
10294,22818,302134.94,0.62
10295,18487,55794.08,0.22
10296,23505,360486.94,0.54
10297,3693,445555.59,0.34
10298,5479,440621.84,0.85
10299,30347,131572.81,0.88
10300,12003,106883.28,0.87
10301,11519,320003.8,0.81
10302,7839,79691.45,0.84
10303,60,14074.56,0.38
10304,26962,145860.35,0.74
10305,2235,233785.16,0.2
10306,4849,485764.25,0.45
10307,1411,160162.52,0.13
10308,11897,417926.97,0.54
10309,32943,205740.78,0.85
10310,38,167367.15,0.36
10311,21201,273799.45,0.85
10312,34207,263246.25,0.59
10313,7018,313983.67,0.17
10314,18183,154633.81,0.28
10315,29698,57921.91,0.4
10316,13666,104255.45,0.33
10317,22403,26801.73,0.88
10318,20086,349434.44,0.23
10319,23361,316675.46,0.17
10320,22649,166243.59,0.8
10321,14381,441411.75,0.43
10322,17100,352291.28,0.41
10323,23233,29447.09,0.67
10324,8631,111273.2,0.68
10325,5024,121384.64,0.31
10326,6979,447702.27,0.11
10327,30271,77332.05,0.61
10328,3,301631.64,0.54
10329,27178,403591.6,0.86
10330,10130,456512.48,0.4
10331,29623,98994.52,0.78
10332,169,387183.05,0.81
10333,27358,223342.0,0.63
10334,19438,415690.46,0.26
10335,17151,445600.05,0.43
10336,22472,313539.4,0.23
10337,6890,271228.57,0.14
10338,26240,403525.07,0.4
10339,399,178225.36,0.3
10340,9769,268301.47,0.36
10341,21920,350695.93,0.54
10342,29788,294020.89,0.43
10343,32922,379404.35,0.22
10344,1559,34459.46,0.6
10345,31074,477118.95,0.69
10346,26637,86289.04,0.73
10347,27155,476150.6,0.82
10348,26846,455998.27,0.11
10349,3192,159990.25,0.18
10350,5032,144015.72,0.63
10351,24889,224010.42,0.57
10352,3371,37564.55,0.37
10353,12030,384685.36,0.73
10354,14924,167904.64,0.48
10355,33609,245451.05,0.51
10356,10291,227074.76,0.54
10357,20457,377926.99,0.15
10358,8236,73892.87,0.68
10359,23220,421243.62,0.22
10360,31363,207574.32,0.5
10361,23491,338525.83,0.65
10362,8326,296171.39,0.76
10363,25852,164998.6,0.55
10364,34491,492582.86,0.56
10365,4142,149620.29,0.81
10366,3590,385154.41,0.2
10367,19411,59915.8,0.58
10368,12427,407533.51,0.22
10369,31969,348432.77,0.69
10370,34919,396955.07,0.22
10371,31551,310322.47,0.36
10372,33547,309318.83,0.65
10373,9255,440475.37,0.81
10374,23589,139386.65,0.37
10375,11236,81333.88,0.19
10376,10485,152359.72,0.75
10377,33670,36777.7,0.52
10378,26309,86570.25,0.56
10379,28273,32010.28,0.66
10380,23864,375942.63,0.22
10381,21315,441321.07,0.31
10382,13579,282299.57,0.3
10383,24675,260407.51,0.82
10384,33412,175619.89,0.61
10385,4739,341620.8,0.46
10386,4527,469690.8,0.8
10387,9648,473608.69,0.32
10388,29512,200066.57,0.42
10389,22494,323872.66,0.46
10390,6155,498875.26,0.28
10391,1328,384317.12,0.22
10392,31631,282120.45,0.37
10393,1289,342330.88,0.52
10394,16843,142991.14,0.59
10395,4371,183968.5,0.2
10396,18496,327858.89,0.51
10397,32287,337709.32,0.26
10398,3879,362665.35,0.68
10399,29881,300429.12,0.37
10400,19800,126245.37,0.21
10401,4141,139503.06,0.4
10402,12952,292663.99,0.4
10403,18926,440940.32,0.41
10404,10679,257086.29,0.56
10405,16569,446217.72,0.71
10406,34989,402909.44,0.17
10407,27474,463789.3,0.45
10408,23648,442619.14,0.83
10409,20273,73384.56,0.43
10410,1055,371930.26,0.67
10411,19219,346749.6,0.62
10412,23119,108872.85,0.16
10413,8693,394715.69,0.8
10414,25435,262155.68,0.19
10415,25638,196744.09,0.36
10416,5774,487710.35,0.88
10417,169,300479.02,0.17
10418,8677,79816.02,0.21
10419,32989,192746.05,0.82
10420,25659,450808.09,0.11
10421,9470,210076.18,0.83
10422,9460,167319.02,0.46
10423,16541,194922.21,0.21
10424,2990,230167.84,0.69
10425,26188,189759.56,0.57
10426,31570,438792.76,0.82
10427,16009,491020.69,0.36
10428,14912,15019.23,0.65
10429,4549,47263.92,0.71
10430,32361,266438.38,0.81
10431,17946,243725.57,0.27
10432,4087,405310.75,0.4
10433,18044,402510.84,0.26
10434,17579,386386.93,0.52
10435,32791,222054.01,0.45
10436,19068,269176.11,0.59
10437,20627,485537.56,0.31
10438,9689,27209.06,0.51
10439,12821,325077.88,0.82
10440,27706,394616.51,0.39
10441,30158,390272.37,0.34
10442,27628,128220.12,0.43
10443,15446,13106.21,0.27
10444,1004,434946.56,0.31
10445,17708,341855.26,0.1
10446,13348,325369.67,0.33
10447,14582,47677.69,0.39
10448,29307,104434.64,0.2
10449,15655,259466.07,0.4
10450,10982,168281.33,0.34
10451,18887,217858.48,0.28
10452,11020,25961.23,0.42
10453,7287,114159.5,0.28
10454,18090,346451.19,0.36
10455,3744,260047.68,0.83
10456,19684,355688.38,0.72
10457,18145,253038.69,0.83
10458,26712,179642.62,0.4
10459,24142,97645.27,0.27
10460,24641,192429.01,0.23
10461,15313,191728.07,0.3
10462,9221,348879.28,0.46
10463,13798,451076.3,0.51
10464,16388,218275.56,0.6
10465,14527,471481.75,0.27
10466,10585,273543.23,0.17
10467,11563,390636.33,0.62
10468,17941,406311.74,0.52
10469,33740,83560.95,0.54
10470,2169,124201.99,0.35
10471,2313,465763.32,0.26
10472,26087,461701.1,0.22
10473,15783,165904.27,0.41
10474,6533,452206.23,0.54
10475,2023,283722.14,0.37
10476,14714,47422.05,0.12
10477,5756,241037.88,0.42
10478,14119,50339.98,0.72
10479,5066,260471.06,0.26
10480,17919,392956.79,0.16
10481,1390,158398.51,0.89
10482,29627,145093.83,0.19
10483,8253,284695.26,0.45
10484,7273,384485.19,0.56
10485,26228,160170.45,0.42
10486,23647,155329.07,0.7
10487,24758,221993.13,0.71
10488,32199,320963.97,0.78
10489,22834,11394.69,0.22
10490,13164,433779.19,0.47
10491,23142,247145.88,0.73
10492,2280,57783.35,0.84
10493,1970,137349.75,0.2
10494,19030,194064.79,0.66
10495,19203,94333.33,0.51
10496,23209,144329.59,0.8
10497,26713,88768.55,0.16
10498,34003,81100.73,0.38
10499,10588,486424.87,0.77
10500,936,121263.6,0.62
10501,31167,16746.8,0.65
10502,5882,493988.77,0.49
10503,19040,347934.37,0.32
10504,14145,343043.8,0.57
10505,34425,177016.63,0.59
10506,10633,256916.43,0.63
10507,23761,239169.99,0.71
10508,21204,167176.63,0.31
10509,9248,228585.19,0.62
10510,6476,470809.54,0.45
10511,3279,238701.7,0.62
10512,31496,348610.84,0.51
10513,6865,430649.0,0.41
10514,17114,379824.42,0.4
10515,18213,414008.32,0.15
10516,28748,60135.29,0.84
10517,28505,25324.56,0.64
10518,31840,62479.16,0.21
10519,4739,158627.22,0.12
10520,11411,92021.24,0.79
10521,1462,336291.82,0.14
10522,15110,130505.8,0.49
10523,25426,447860.83,0.8
10524,12772,337022.24,0.49
10525,1502,372163.77,0.53
10526,7659,213942.69,0.33
10527,27026,355466.85,0.18
10528,12743,128385.87,0.85
10529,27027,483651.53,0.78
10530,12998,381615.45,0.26
10531,23752,190173.31,0.67
10532,28900,30584.83,0.42
10533,28233,261079.77,0.11
10534,25052,424722.62,0.67
10535,15116,155033.16,0.38
10536,26687,62029.54,0.68
10537,33946,371565.47,0.9
10538,23954,390842.25,0.37
10539,27990,447643.54,0.54
10540,34606,377414.5,0.61
10541,3515,388044.14,0.37
10542,32040,175963.76,0.84
10543,8437,41430.56,0.25
10544,18516,90052.91,0.39
10545,2513,473209.46,0.89
10546,10766,189149.55,0.69
10547,25221,321044.87,0.24
10548,22595,355884.4,0.38
10549,34701,35576.62,0.57
10550,3685,485634.25,0.68
10551,14581,150169.17,0.73
10552,4204,161808.06,0.86
10553,12707,157357.18,0.29
10554,8512,434741.16,0.28
10555,20154,40434.52,0.79
10556,26329,29543.67,0.17
10557,535,182617.15,0.26
10558,12319,120048.22,0.83
10559,21745,405242.03,0.68
10560,30435,74026.87,0.75
10561,6418,19036.15,0.72
10562,1295,228518.19,0.68
10563,18298,323027.78,0.67
10564,17430,479530.08,0.21
10565,1864,315443.46,0.1
10566,29092,21218.86,0.36
10567,1901,143964.52,0.86
10568,23247,328649.1,0.61
10569,4527,145529.57,0.22
10570,4377,199134.77,0.43
10571,25065,481680.27,0.89
10572,26645,169354.55,0.12
10573,2201,378023.1,0.82
10574,22509,420259.09,0.42
10575,31174,469877.4,0.67
10576,5720,424067.31,0.55
10577,21135,438590.59,0.49
10578,16103,340570.7,0.54
10579,19240,14942.78,0.54
10580,12165,82597.53,0.6
10581,13343,226190.94,0.73
10582,25393,44267.57,0.19
10583,21942,269468.68,0.42
10584,23462,67929.03,0.4
10585,11359,117461.48,0.19
10586,14167,499857.97,0.51
10587,6161,470434.49,0.18
10588,25441,66504.33,0.23
10589,9281,341444.36,0.26
10590,20914,166232.68,0.38
10591,29333,133158.13,0.22
10592,32234,118143.05,0.75
10593,4322,218785.66,0.27
10594,4018,270180.24,0.1
10595,11203,127658.7,0.63
10596,25126,93126.01,0.59
10597,24782,287353.31,0.42
10598,12557,130394.27,0.89
10599,25710,458906.14,0.23
10600,25664,302884.91,0.88
10601,8225,483882.67,0.15
10602,9068,263772.26,0.31
10603,28336,495529.15,0.45
10604,32187,225850.84,0.65
10605,26403,101479.77,0.5
10606,18978,76568.58,0.87
10607,23844,315140.48,0.86
10608,24082,164162.03,0.14
10609,22448,73499.19,0.19
10610,11298,129137.55,0.41
10611,24241,202848.75,0.68
10612,28840,126741.4,0.21
10613,3091,257914.21,0.59
10614,10676,180891.8,0.89
10615,26699,39756.3,0.57
10616,32327,359757.11,0.65
10617,6569,22899.86,0.23
10618,1870,472428.06,0.17
10619,30310,87857.6,0.26
10620,16771,142083.24,0.19
10621,24084,491012.66,0.21
10622,502,152017.4,0.49
10623,25051,426901.13,0.17
10624,26549,85439.14,0.73
10625,9945,422411.5,0.16
10626,13205,172353.32,0.7
10627,10415,92011.64,0.41
10628,4346,201518.05,0.34
10629,22420,142157.95,0.37
10630,19544,313670.72,0.12
10631,5157,398344.84,0.69
10632,26280,137285.14,0.61
10633,18383,233409.1,0.47
10634,27399,309202.25,0.38
10635,29807,188335.89,0.37
10636,13284,100901.69,0.48
10637,19796,241724.38,0.25
10638,7401,361896.78,0.77
10639,18950,188661.15,0.71
10640,34833,303727.34,0.38
10641,7744,409593.59,0.61
10642,15967,66846.84,0.88
10643,8852,371230.43,0.89
10644,5031,493529.18,0.28
10645,8731,498397.5,0.51
10646,19477,269069.0,0.25
10647,29958,430721.81,0.43
10648,24220,463212.37,0.38
10649,23507,79891.2,0.47
10650,30228,373955.67,0.21
10651,32323,200704.08,0.51
10652,18328,72364.17,0.88
10653,25472,468178.67,0.64
10654,21212,366099.01,0.2
10655,6275,322352.59,0.41
10656,10104,172427.43,0.29
10657,1159,228521.31,0.64
10658,8418,432824.57,0.55
10659,28599,245653.73,0.75
10660,15543,291466.22,0.8
10661,27001,303890.69,0.78
10662,23582,92432.06,0.28
10663,31552,306085.52,0.81
10664,28812,319248.78,0.69
10665,29977,374315.98,0.63
10666,622,90712.67,0.28
10667,20069,441849.88,0.11
10668,20712,424554.85,0.59
10669,30829,250163.97,0.23
10670,20872,118795.74,0.61
10671,5243,179049.25,0.83
10672,11762,112687.41,0.69
10673,6347,438089.21,0.43
10674,26304,481148.89,0.49
10675,31126,388591.76,0.16
10676,25055,281889.55,0.4
10677,916,209063.86,0.69
10678,1761,68865.24,0.51
10679,9799,212903.08,0.27
10680,5110,165619.88,0.68
10681,33847,491934.75,0.65
10682,17182,299847.64,0.8
10683,30856,490911.14,0.48
10684,13526,20875.86,0.8
10685,34923,372423.73,0.52
10686,26643,426457.27,0.37
10687,18762,22560.24,0.28
10688,6970,123185.2,0.9
10689,2876,69774.5,0.72
10690,25734,396010.46,0.41
10691,23,497678.43,0.42
10692,19536,215646.25,0.28
10693,5081,152969.1,0.2
10694,3631,81207.99,0.56
10695,16321,454978.23,0.46
10696,31034,131230.13,0.23
10697,6339,371636.8,0.7
10698,19854,169953.33,0.75
10699,5253,395423.97,0.17
10700,26713,293500.07,0.28
10701,15109,495754.83,0.64
10702,15728,436383.01,0.31
10703,115,90270.72,0.81
10704,10117,193959.77,0.29
10705,16206,215188.66,0.45
10706,26773,216501.03,0.51
10707,31010,243112.41,0.27
10708,27228,366294.76,0.66
10709,31483,77484.59,0.78
10710,9630,112128.28,0.66
10711,34136,126932.07,0.44
10712,23877,13706.11,0.59
10713,21255,71466.17,0.87
10714,22185,118627.3,0.35
10715,968,163853.1,0.9
10716,32572,280220.3,0.66
10717,13635,130316.85,0.38
10718,10899,415977.25,0.18
10719,11783,377034.73,0.83
10720,20076,30901.87,0.19
10721,8744,257327.39,0.36
10722,29969,177837.08,0.24
10723,12613,111994.03,0.22
10724,28437,409580.56,0.86
10725,15355,250502.84,0.8
10726,4910,486920.14,0.41
10727,11798,158663.33,0.14
10728,34510,496131.88,0.87
10729,34212,393260.61,0.61
10730,5447,463517.46,0.19
10731,33998,421599.82,0.34
10732,5816,462531.69,0.49
10733,4505,295601.9,0.28
10734,32346,452568.69,0.25
10735,29118,132913.6,0.69
10736,16554,461437.26,0.1
10737,12679,257097.26,0.11
10738,32407,370370.16,0.51
10739,22681,184018.62,0.12
10740,12337,222894.28,0.23
10741,29967,20832.61,0.37
10742,8742,410940.34,0.57
10743,8568,127345.49,0.85
10744,31984,43731.61,0.2
10745,23300,340492.28,0.16
10746,22731,72980.06,0.34
10747,16174,208292.95,0.64
10748,876,384260.19,0.47
10749,10966,262397.55,0.56
10750,34695,253796.31,0.77
10751,23104,307464.93,0.32
10752,30402,23972.9,0.47
10753,33667,115634.42,0.65
10754,15919,253314.86,0.82
10755,24582,287233.13,0.71
10756,32246,308287.95,0.77
10757,2496,26885.19,0.78
10758,1294,123029.64,0.63
10759,6349,37529.22,0.74
10760,25906,432864.38,0.43
10761,25178,281519.82,0.14
10762,8086,393223.79,0.51
10763,1191,193192.6,0.12
10764,30308,227109.63,0.36
10765,28244,113585.37,0.34
10766,11719,266269.84,0.55
10767,26061,498747.92,0.88
10768,18665,215925.57,0.63
10769,31810,96688.03,0.38
10770,14317,427934.38,0.52
10771,3450,429341.52,0.13
10772,20419,76763.3,0.37
10773,24312,304542.18,0.58
10774,16337,254000.22,0.28
10775,10347,168914.88,0.15
10776,33407,349018.26,0.81
10777,7900,325163.25,0.44
10778,10568,495304.1,0.2
10779,7950,152454.07,0.14
10780,16593,383018.92,0.73
10781,28525,171509.01,0.62
10782,15888,273752.45,0.83
10783,11669,227462.83,0.57
10784,29739,62914.84,0.42
10785,18905,408972.01,0.58
10786,21494,14589.84,0.46
10787,34765,404172.0,0.4
10788,10980,344773.53,0.86
10789,26646,128164.75,0.37
10790,12662,476888.78,0.2
10791,10515,448984.0,0.6
10792,5463,294134.35,0.48
10793,33324,103672.43,0.5
10794,17993,227401.33,0.51
10795,10387,316756.42,0.45
10796,20010,43299.82,0.54
10797,70,180760.2,0.2
10798,9190,411020.25,0.21
10799,23680,170735.83,0.44
10800,33905,231141.72,0.59
10801,18469,370097.29,0.49
10802,21211,15119.19,0.25
10803,21107,279486.37,0.54
10804,1558,331114.2,0.42
10805,34309,176877.42,0.69
10806,20532,235058.29,0.13
10807,24543,56597.73,0.83
10808,1732,269165.09,0.7
10809,20892,238286.15,0.26
10810,10283,88302.19,0.72
10811,9692,118623.66,0.5
10812,26241,79845.64,0.19
10813,16703,311942.06,0.89
10814,13798,448476.88,0.34
10815,33275,395749.64,0.53
10816,27087,175184.37,0.79
10817,34240,200707.93,0.82
10818,7048,398817.08,0.69
10819,33860,328930.66,0.2
10820,4512,317908.39,0.9
10821,611,472087.83,0.33
10822,33016,286550.48,0.17
10823,8175,410034.86,0.72
10824,10870,137470.15,0.78
10825,18583,453201.39,0.42
10826,14452,374618.65,0.29
10827,21717,442972.52,0.44
10828,21795,130065.91,0.44
10829,29004,214218.55,0.23
10830,28127,462128.46,0.66
10831,24771,60092.22,0.71
10832,8074,298595.13,0.75
10833,23997,86610.43,0.16
10834,22552,240564.04,0.76
10835,24837,154488.82,0.49
10836,10974,278600.87,0.37
10837,28063,143281.11,0.28
10838,4861,68133.33,0.44
10839,19006,376710.6,0.14
10840,28340,474238.7,0.28
10841,22983,417357.4,0.79
10842,1591,474106.82,0.85
10843,1165,470158.75,0.85
10844,20281,245578.3,0.72
10845,28847,123951.73,0.6
10846,491,434017.61,0.21
10847,20558,356289.89,0.53
10848,11232,245904.29,0.17
10849,609,82389.59,0.51
10850,3491,95791.26,0.7
10851,1009,67524.0,0.31
10852,9504,80602.68,0.23
10853,31310,358084.96,0.2
10854,18814,182028.11,0.33
10855,4125,55260.22,0.72
10856,31901,141788.59,0.88
10857,6291,311440.88,0.45
10858,30892,116010.68,0.51
10859,4329,59242.59,0.81
10860,13589,55362.23,0.21
10861,570,366613.16,0.65
10862,5253,240995.58,0.27
10863,1906,163763.3,0.65
10864,32046,51925.04,0.18
10865,17516,68981.4,0.84
10866,34904,322223.48,0.28
10867,4824,196975.18,0.29
10868,27414,119736.67,0.48
10869,13405,365611.42,0.89
10870,2876,95057.29,0.41
10871,6514,301735.83,0.46
10872,26428,194861.69,0.36
10873,30552,279143.01,0.53
10874,28592,239115.24,0.62
10875,5454,247247.84,0.13
10876,943,266152.59,0.58
10877,14923,178658.09,0.25
10878,13512,55662.58,0.84
10879,16837,126604.71,0.84
10880,22195,496104.57,0.24
10881,22531,116295.34,0.39
10882,28222,70892.68,0.87
10883,3169,495202.31,0.43
10884,14616,393073.56,0.11
10885,11630,145757.36,0.83
10886,22855,314933.3,0.45
10887,156,107982.96,0.17
10888,23967,434466.61,0.26
10889,21435,259652.99,0.15
10890,23933,82984.42,0.11
10891,29277,329784.1,0.15
10892,28246,304996.43,0.58
10893,1098,412554.47,0.15
10894,224,231014.51,0.12
10895,240,283089.43,0.44
10896,5687,418938.65,0.85
10897,732,124177.68,0.77
10898,32982,363644.26,0.43
10899,11576,290130.63,0.29
10900,16339,261028.52,0.69
10901,23093,375174.17,0.65
10902,9713,342074.16,0.49
10903,25774,13454.65,0.11
10904,6469,488853.02,0.43
10905,18654,223830.02,0.55
10906,30333,164390.67,0.72
10907,3034,159168.46,0.84
10908,15812,391242.36,0.84
10909,13914,44444.46,0.9
10910,7921,216113.84,0.33
10911,26621,97472.75,0.34
10912,16676,126245.16,0.78
10913,8856,204756.04,0.51
10914,25032,376094.6,0.89
10915,23690,452305.34,0.35
10916,5844,216424.6,0.65
10917,9363,235134.75,0.77
10918,24266,130903.54,0.87
10919,22784,93844.71,0.11
10920,31036,282339.77,0.1
10921,4401,127696.46,0.72
10922,3019,66559.87,0.33
10923,20986,375641.63,0.17
10924,34207,442434.91,0.21
10925,22468,65968.42,0.82
10926,30061,335100.74,0.5
10927,24266,457473.37,0.41
10928,3563,276503.58,0.42
10929,4618,208601.25,0.37
10930,30910,226463.31,0.76
10931,5952,154541.34,0.63
10932,26278,255138.45,0.76
10933,25336,96464.66,0.64
10934,18858,314107.04,0.8
10935,14115,64334.68,0.77
10936,17107,265365.1,0.6
10937,10163,76006.05,0.43
10938,21299,28326.25,0.78
10939,16575,86273.86,0.59
10940,1120,497690.26,0.44
10941,24005,404745.08,0.64
10942,14639,333763.59,0.17
10943,3640,413145.5,0.31
10944,23837,274193.91,0.27
10945,20734,312557.99,0.67
10946,14364,102776.76,0.54
10947,26094,35278.35,0.6
10948,31337,27876.99,0.34
10949,1924,485016.91,0.8
10950,21043,140105.47,0.65
10951,5358,80670.48,0.5
10952,26377,249072.48,0.89
10953,19914,372470.99,0.52
10954,32598,465261.05,0.22
10955,28723,256760.1,0.2
10956,16901,445165.86,0.29
10957,23967,155366.72,0.58
10958,21206,303585.25,0.14
10959,31371,468746.8,0.83
10960,11359,309317.63,0.52
10961,19677,362457.01,0.31
10962,10999,476683.71,0.16
10963,23285,223140.6,0.71
10964,15727,159983.86,0.63
10965,2006,322617.43,0.85
10966,11882,227866.81,0.4
10967,15780,333424.37,0.65
10968,14148,349011.56,0.74
10969,22211,173684.02,0.56
10970,25278,291370.15,0.17
10971,10274,296468.17,0.5
10972,29004,187300.13,0.27
10973,24631,260757.42,0.34
10974,26124,43806.51,0.88
10975,12593,196207.97,0.24
10976,15677,87393.12,0.45
10977,33737,17043.33,0.42
10978,5482,36311.21,0.2
10979,25519,277287.79,0.5
10980,435,206422.01,0.57
10981,33140,83635.8,0.75
10982,17512,320701.85,0.72
10983,31651,471695.72,0.8
10984,33632,55177.12,0.76
10985,10142,398873.02,0.63
10986,21822,363690.3,0.3
10987,34643,414348.94,0.2
10988,5505,80610.4,0.74
10989,21354,283904.77,0.61
10990,27201,275027.34,0.29
10991,4684,263007.14,0.85
10992,24709,116484.33,0.9
10993,19704,332179.5,0.89
10994,34842,40678.73,0.33
10995,19228,82555.31,0.89
10996,67,238542.84,0.63
10997,2603,342472.52,0.22
10998,12915,309623.91,0.34
10999,17119,197138.84,0.78
11000,4330,147836.18,0.83
11001,16890,313673.54,0.12
11002,7780,477129.98,0.39
11003,7281,377146.73,0.59
11004,7736,88293.85,0.81
11005,2352,97821.33,0.72
11006,17739,483197.2,0.75
11007,22307,159742.18,0.59
11008,19839,381494.12,0.58
11009,10852,384697.0,0.52
11010,29107,76116.81,0.65
11011,5410,231318.01,0.77
11012,1969,311161.31,0.86
11013,19460,317408.01,0.85
11014,31480,423513.67,0.38
11015,31469,246652.6,0.81
11016,33660,435187.78,0.81
11017,9308,434126.99,0.48
11018,19633,64109.69,0.52
11019,4087,247523.62,0.68
11020,29089,289219.5,0.81
11021,1733,328232.05,0.23
11022,3913,68027.7,0.87
11023,28741,384374.99,0.56
11024,19576,99383.36,0.78
11025,1228,65707.96,0.18
11026,22604,95559.67,0.78
11027,14676,65691.41,0.46
11028,31648,300330.49,0.49
11029,13866,383298.46,0.7
11030,33997,281948.32,0.11
11031,3157,332761.1,0.18
11032,17037,256193.79,0.13
11033,23605,88211.23,0.41
11034,29661,455852.37,0.14
11035,14553,460071.42,0.13
11036,7419,212826.83,0.57
11037,34843,191367.82,0.23
11038,31805,260622.37,0.17
11039,28956,52352.32,0.15
11040,10605,161203.73,0.84
11041,31523,441629.22,0.65
11042,7916,436893.55,0.22
11043,29305,87148.0,0.73
11044,9123,203039.81,0.61
11045,12578,267670.49,0.14
11046,438,63593.08,0.41
11047,5030,306670.15,0.29
11048,8502,189387.24,0.58
11049,17455,443789.12,0.41
11050,17559,205094.4,0.26
11051,31070,16599.75,0.41
11052,11491,69776.05,0.17
11053,30495,152326.05,0.61
11054,24204,168450.62,0.82
11055,12574,461637.47,0.4
11056,12351,488734.06,0.16
11057,6198,347444.73,0.58
11058,25886,131255.39,0.53
11059,6705,50767.83,0.81
11060,15291,180481.14,0.6
11061,15236,495905.9,0.4
11062,21444,475021.52,0.35
11063,28621,186712.33,0.41
11064,14621,368788.47,0.66
11065,22839,359305.11,0.57
11066,5594,395847.46,0.67
11067,5629,281008.8,0.25
11068,339,341768.3,0.75
11069,15192,384071.55,0.82
11070,33751,253523.07,0.13
11071,30861,259710.52,0.25
11072,19611,466276.26,0.15
11073,2152,466581.87,0.56
11074,14605,215091.17,0.31
11075,20665,62610.89,0.87
11076,30621,305408.73,0.52
11077,1938,272338.33,0.46
11078,18058,111347.2,0.7
11079,15713,398388.32,0.11
11080,31464,433396.37,0.46
11081,7062,374436.82,0.84
11082,11690,266387.34,0.78
11083,17094,144865.59,0.52
11084,10718,99413.6,0.43
11085,12592,270813.13,0.12
11086,9819,467264.85,0.13
11087,2431,372356.99,0.56
11088,11565,367116.59,0.67
11089,19034,347791.33,0.34
11090,6679,101728.76,0.89
11091,18863,389744.42,0.11
11092,33020,431152.25,0.11
11093,33111,261575.72,0.18
11094,30512,307166.4,0.79
11095,3194,17060.36,0.43
11096,27497,91631.06,0.36
11097,13816,93792.88,0.9
11098,13352,71064.29,0.29
11099,7322,243799.56,0.41
11100,21616,344483.59,0.14
11101,1502,277356.18,0.43
11102,11330,40629.03,0.37
11103,10073,457992.81,0.72
11104,15072,290754.2,0.48
11105,27487,133649.17,0.39
11106,31583,301743.19,0.55
11107,5294,21312.51,0.62
11108,487,363794.64,0.83
11109,6168,13355.05,0.14
11110,15144,288887.55,0.1
11111,884,450760.95,0.61
11112,884,281235.49,0.68
11113,25180,122034.56,0.25
11114,22434,486272.55,0.89
11115,25758,110913.46,0.55
11116,16323,384918.28,0.84
11117,19930,245453.91,0.84
11118,23123,220229.89,0.41
11119,12084,295277.75,0.44
11120,1295,354083.67,0.33
11121,32145,227333.66,0.58
11122,26697,48091.08,0.33
11123,27801,21133.99,0.58
11124,32281,473323.35,0.64
11125,20114,168246.09,0.54
11126,12507,443308.09,0.21
11127,5944,366985.15,0.69
11128,18402,370808.33,0.87
11129,7937,60844.91,0.22
11130,2575,167164.01,0.68
11131,14649,266931.57,0.69
11132,8957,149114.17,0.89
11133,34227,482719.68,0.43
11134,13895,461460.54,0.81
11135,4611,90909.28,0.8
11136,16937,315773.39,0.8
11137,4603,27283.94,0.22
11138,7960,24688.44,0.24
11139,22298,203843.67,0.8
11140,6658,255482.91,0.64
11141,11281,147492.91,0.42
11142,5833,436220.75,0.47
11143,23140,306067.08,0.12
11144,20421,177012.26,0.27
11145,28178,483102.51,0.35
11146,5824,361826.08,0.72
11147,12327,201204.14,0.34
11148,10004,259672.31,0.51
11149,34862,463828.79,0.35
11150,22429,211932.64,0.2
11151,8496,130698.48,0.89
11152,20027,431588.52,0.28
11153,29202,150097.28,0.69
11154,11639,260866.42,0.19
11155,12851,426437.99,0.23
11156,7735,139001.3,0.63
11157,26008,316440.66,0.49
11158,3984,437385.17,0.24
11159,3716,454850.42,0.18
11160,23525,478789.1,0.26
11161,34253,395221.83,0.9
11162,10255,12882.77,0.75
11163,20460,179456.58,0.12
11164,7069,80523.8,0.64
11165,26600,254456.25,0.86
11166,4900,311103.65,0.29
11167,2474,25533.61,0.56
11168,20506,259931.0,0.5
11169,18403,210273.57,0.83
11170,9036,468884.96,0.79
11171,15328,390696.82,0.79
11172,11353,356070.41,0.81
11173,6355,171068.35,0.79
11174,7894,227329.76,0.32
11175,12507,171075.17,0.85
11176,18607,345923.33,0.84
11177,3158,422132.79,0.25
11178,5878,210418.17,0.64
11179,12550,118262.47,0.43
11180,22889,72071.0,0.82
11181,6482,406719.27,0.89
11182,30527,288312.75,0.35
11183,34893,208172.44,0.21
11184,30279,406422.82,0.74
11185,15766,399640.22,0.88
11186,8526,229742.8,0.72
11187,23427,191986.82,0.35
11188,10819,77127.71,0.22
11189,31888,409067.43,0.11
11190,11864,283425.0,0.9
11191,22251,121372.11,0.55
11192,27361,243076.89,0.1
11193,518,18681.44,0.36
11194,13750,495808.91,0.82
11195,6695,340193.08,0.68
11196,3615,232078.9,0.29
11197,19653,63955.74,0.25
11198,6326,363244.94,0.61
11199,33004,437362.74,0.48
11200,15905,389967.2,0.12
11201,2402,221092.23,0.25
11202,4039,34607.78,0.76
11203,27649,411312.91,0.19
11204,15467,346688.91,0.21
11205,1460,384692.68,0.64
11206,12144,266943.95,0.75
11207,6735,402196.45,0.82
11208,34003,478250.46,0.4
11209,30191,478946.51,0.65
11210,31571,114182.94,0.37
11211,34030,48218.28,0.73
11212,15666,349754.92,0.83
11213,4092,119389.31,0.28
11214,24806,471090.0,0.56
11215,28027,13579.96,0.41
11216,3037,94561.38,0.4
11217,32871,237610.11,0.51
11218,19317,352758.86,0.18
11219,18900,78185.16,0.59
11220,15607,338467.83,0.57
11221,28830,30610.94,0.32
11222,31258,236461.08,0.75
11223,28593,168018.02,0.86
11224,7966,409948.53,0.82
11225,993,42954.01,0.66
11226,4261,431664.36,0.22
11227,34663,174436.98,0.47
11228,31095,54295.29,0.76
11229,12089,421894.68,0.87
11230,16504,480457.47,0.32
11231,17435,271079.37,0.65
11232,4760,469311.65,0.5
11233,9426,390490.5,0.8
11234,7679,468231.85,0.11
11235,31363,475861.59,0.13
11236,3671,146913.75,0.36
11237,9217,211841.52,0.32
11238,29744,291462.57,0.15
11239,16722,182608.64,0.71
11240,20936,84621.09,0.64
11241,27082,280837.69,0.46
11242,13860,478330.13,0.34
11243,3310,390371.32,0.61
11244,22322,230989.81,0.28
11245,20731,60487.66,0.72
11246,10847,227977.68,0.77
11247,27300,177707.23,0.23
11248,21214,486016.31,0.57
11249,34136,392991.16,0.77
11250,5558,50459.42,0.44
11251,24299,359992.1,0.31
11252,2720,254988.58,0.26
11253,3460,157981.25,0.16
11254,23647,56555.72,0.68
11255,26923,237095.05,0.54
11256,21298,338369.17,0.49
11257,28484,186002.09,0.49
11258,731,418382.96,0.39
11259,31334,379708.16,0.33
11260,31541,142231.95,0.51
11261,1481,307380.01,0.55
11262,15184,195644.42,0.7
11263,400,367173.25,0.22
11264,26089,445331.5,0.66
11265,10984,272121.23,0.83
11266,4652,278515.28,0.67
11267,21160,328919.57,0.48
11268,19250,406757.77,0.17
11269,27440,212236.2,0.42
11270,2379,446605.92,0.16
11271,14545,495442.41,0.18
11272,22001,257163.44,0.33
11273,10390,477428.63,0.23
11274,13447,73382.83,0.46
11275,20942,424965.21,0.62
11276,6333,352768.92,0.85
11277,8803,474842.24,0.37
11278,20186,75320.72,0.51
11279,29582,76599.9,0.53
11280,27917,223229.98,0.88
11281,14360,416524.29,0.19
11282,12562,136473.55,0.77
11283,21860,182433.87,0.64
11284,28998,63286.86,0.14
11285,27068,286318.18,0.2
11286,14446,247703.58,0.78
11287,20045,75000.12,0.44
11288,19018,248312.43,0.38
11289,24386,201223.79,0.32
11290,24204,68697.48,0.49
11291,7621,103803.87,0.13
11292,2970,45997.25,0.62
11293,21868,160316.31,0.3
11294,2799,492550.95,0.43
11295,21741,204959.73,0.86
11296,17705,329925.34,0.18
11297,14996,493832.66,0.8
11298,10448,163838.47,0.19
11299,21767,194919.32,0.89
11300,28523,152042.68,0.39
11301,19199,222570.18,0.5
11302,3119,301894.68,0.89
11303,1369,130569.29,0.78
11304,23385,187015.9,0.85
11305,5601,381054.13,0.88
11306,21483,138799.35,0.78
11307,576,424783.52,0.67
11308,21549,100134.69,0.57
11309,31256,137033.28,0.17
11310,32211,96620.13,0.68
11311,12890,376097.43,0.35
11312,20466,140073.14,0.8
11313,1114,327730.12,0.56
11314,25177,219167.9,0.49
11315,13776,121801.53,0.66
11316,29890,103020.87,0.88
11317,8711,198780.78,0.77
11318,4446,467092.61,0.45
11319,14979,149961.34,0.2
11320,2027,64632.16,0.45
11321,16790,197944.38,0.61
11322,4415,150226.34,0.4
11323,10831,249584.31,0.3
11324,34331,162153.84,0.46
11325,12943,36152.99,0.26
11326,5554,480476.19,0.5
11327,22372,50705.61,0.49
11328,28955,476088.21,0.25
11329,5581,387194.35,0.5
11330,24528,353158.79,0.53
11331,14545,314104.48,0.65
11332,16226,415543.29,0.4
11333,30302,472307.83,0.51
11334,18607,162261.86,0.68
11335,3078,213332.71,0.68
11336,4275,243075.02,0.48
11337,31431,471293.98,0.64
11338,21831,179581.74,0.78
11339,16287,172699.4,0.58
11340,20978,133543.4,0.28
11341,16568,464294.28,0.61
11342,23884,446688.65,0.65
11343,6565,85200.85,0.49
11344,10804,248872.65,0.5
11345,1513,266327.67,0.32
11346,2907,23308.15,0.83
11347,30047,132434.57,0.76
11348,34264,476279.43,0.59
11349,10309,496284.66,0.36
11350,15914,470570.35,0.7
11351,10392,474421.15,0.44
11352,7125,22513.09,0.49
11353,7139,444868.23,0.58
11354,27427,186194.82,0.44
11355,27879,234448.97,0.17
11356,8015,451214.83,0.61
11357,18645,448431.39,0.11
11358,8648,258776.64,0.54
11359,34117,310948.72,0.72
11360,6310,341145.29,0.11
11361,12475,130616.06,0.19
11362,33298,17579.71,0.75
11363,9772,196421.65,0.32
11364,16430,248828.06,0.82
11365,31332,205345.83,0.67
11366,8658,210328.56,0.81
11367,33828,398205.23,0.74
11368,31472,496361.77,0.33
11369,27241,214960.44,0.4
11370,8751,126934.52,0.39
11371,629,303229.95,0.9
11372,8490,447911.36,0.36
11373,29313,54884.14,0.36
11374,13262,255808.05,0.39
11375,12814,395510.53,0.38
11376,12572,432313.56,0.26
11377,33324,242342.75,0.74
11378,15757,471426.78,0.54
11379,25980,113036.09,0.3
11380,15590,109387.66,0.45
11381,25088,10063.19,0.59
11382,27236,175912.48,0.38
11383,9603,306848.15,0.61
11384,2476,250743.89,0.24
11385,32194,220627.68,0.7
11386,29242,443751.41,0.17
11387,21358,231719.97,0.21
11388,7049,301135.22,0.84
11389,33097,107718.77,0.82
11390,32677,301138.09,0.5
11391,30712,50926.06,0.64
11392,17396,484409.93,0.66
11393,11043,471472.1,0.47
11394,21332,287548.97,0.52
11395,32757,337903.15,0.51
11396,15433,119129.08,0.34
11397,30353,372270.98,0.62
11398,21178,218136.84,0.76
11399,16540,11131.62,0.6
11400,16056,354653.1,0.87
11401,24959,73152.94,0.71
11402,10972,410817.29,0.46
11403,28411,245690.43,0.6
11404,12471,327711.86,0.54
11405,9127,15577.92,0.16
11406,29150,234776.94,0.45
11407,24995,394716.67,0.32
11408,8348,121556.08,0.24
11409,12373,133032.43,0.78
11410,2754,269849.8,0.24
11411,16115,315872.31,0.13
11412,17137,186415.67,0.52
11413,695,114914.97,0.14
11414,26248,108755.67,0.76
11415,15725,135129.67,0.75
11416,4953,400364.46,0.78
11417,19879,435030.03,0.32
11418,34405,447663.64,0.11
11419,5120,390638.81,0.52
11420,13480,49733.04,0.47
11421,24593,278231.61,0.17
11422,16468,54733.82,0.81
11423,2034,18315.07,0.24
11424,16581,382277.44,0.51
11425,31886,488768.68,0.56
11426,15400,439907.44,0.59
11427,26733,487146.44,0.17
11428,22,310530.55,0.83
11429,24250,497144.85,0.38
11430,1719,431043.35,0.34
11431,20359,280445.01,0.69
11432,11445,291605.15,0.32
11433,16148,450260.87,0.72
11434,710,334897.25,0.57
11435,25373,232975.81,0.43
11436,12442,51234.1,0.1
11437,10558,132649.88,0.31
11438,27728,470567.82,0.86
11439,4097,173975.28,0.41
11440,23466,421380.7,0.39
11441,25454,49739.42,0.79
11442,21078,356516.34,0.15
11443,30450,273595.22,0.57
11444,23805,64179.35,0.79
11445,22195,347088.35,0.43
11446,14316,148125.58,0.36
11447,5088,166263.54,0.22
11448,31987,50539.93,0.61
11449,15775,456841.32,0.35
11450,16236,403898.32,0.72
11451,33473,199292.2,0.81
11452,28736,412687.51,0.81
11453,33858,59997.95,0.26
11454,7306,51218.64,0.72
11455,12294,273419.54,0.38
11456,11222,292181.3,0.72
11457,13338,243784.88,0.64
11458,16927,395952.59,0.27
11459,27445,217853.37,0.46
11460,26850,103411.33,0.73
11461,6719,304308.39,0.85
11462,838,163767.16,0.51
11463,6209,312014.6,0.63
11464,29512,118604.84,0.5
11465,28740,124215.92,0.84
11466,7894,115621.18,0.11
11467,3929,365717.27,0.15
11468,18153,281883.64,0.89
11469,15509,287161.31,0.65
11470,16660,161927.6,0.37
11471,25714,327768.8,0.5
11472,27732,195028.05,0.89
11473,32675,316393.79,0.69
11474,2678,225234.36,0.54
11475,16688,156535.74,0.38
11476,4195,480267.98,0.51
11477,17383,59281.96,0.1
11478,25257,20750.86,0.5
11479,30363,451008.29,0.56
11480,28,391157.21,0.59
11481,29982,345919.22,0.11
11482,13514,446521.67,0.63
11483,34455,93292.88,0.42
11484,12589,295602.78,0.21
11485,32498,290259.04,0.25
11486,28440,275277.55,0.37
11487,2839,238930.8,0.44
11488,30290,72535.68,0.81
11489,26864,206923.9,0.19
11490,19607,275856.81,0.49
11491,12952,407128.15,0.68
11492,6462,349414.28,0.67
11493,25358,467385.13,0.44
11494,23435,66752.96,0.58
11495,13435,498297.82,0.53
11496,33214,90732.42,0.17
11497,14384,175347.77,0.32
11498,31091,480538.81,0.67
11499,717,203087.13,0.59
11500,18504,431890.61,0.12
11501,3770,466050.82,0.77
11502,1998,353156.77,0.68
11503,12161,330480.13,0.59
11504,16190,270949.99,0.54
11505,3479,202136.22,0.26
11506,3183,90439.55,0.64
11507,5885,463457.54,0.8
11508,28033,119307.61,0.88
11509,17530,226721.26,0.88
11510,3468,416163.38,0.21
11511,20922,21089.12,0.62
11512,19293,56282.01,0.74
11513,29261,330811.92,0.79
11514,20175,306138.68,0.85
11515,21733,45576.46,0.76
11516,33521,108098.0,0.58
11517,34533,487951.1,0.15
11518,17142,288751.6,0.57
11519,1294,275267.71,0.58
11520,18632,476120.96,0.59
11521,541,499159.4,0.32
11522,2133,63878.87,0.39
11523,25912,332434.47,0.57
11524,2501,420869.98,0.31
11525,24135,206699.98,0.16
11526,28642,295106.36,0.26
11527,33401,370398.87,0.62
11528,1893,257678.14,0.26
11529,30693,96486.09,0.63
11530,24709,264852.68,0.6
11531,27471,242535.92,0.3
11532,22763,366086.29,0.78
11533,20258,497873.92,0.21
11534,15522,99042.29,0.1
11535,32289,217220.69,0.2
11536,8237,115552.32,0.53
11537,25600,176289.62,0.74
11538,34660,473238.83,0.76
11539,16697,400933.33,0.51
11540,25636,163604.38,0.84
11541,25056,122133.45,0.33
11542,20007,448145.03,0.82
11543,2122,414019.04,0.61
11544,1520,288453.65,0.89
11545,22471,316024.53,0.64
11546,4867,109183.03,0.47
11547,20292,46923.01,0.21
11548,1951,459850.5,0.86
11549,4008,136434.88,0.32
11550,32185,110501.05,0.45
11551,18231,62304.08,0.54
11552,2162,436004.78,0.74
11553,2123,480572.66,0.85
11554,7612,287866.78,0.38
11555,12750,123303.8,0.79
11556,5043,429146.34,0.4
11557,33275,138777.36,0.51
11558,28325,341413.23,0.42
11559,26065,140162.73,0.12
11560,10177,406052.33,0.77
11561,10648,150794.77,0.28
11562,15498,151754.56,0.84
11563,24162,493429.49,0.35
11564,16445,359408.86,0.87
11565,16414,346480.55,0.83
11566,13757,303791.74,0.25
11567,16679,261521.62,0.49
11568,592,294733.29,0.57
11569,24143,311542.7,0.19
11570,13417,91493.48,0.13
11571,16730,197072.5,0.59
11572,22923,151407.94,0.19
11573,24975,356371.06,0.38
11574,6985,402963.75,0.83
11575,3142,48111.8,0.54
11576,25542,432471.37,0.83
11577,20493,423005.65,0.29
11578,32514,282192.33,0.47
11579,18549,242620.34,0.55
11580,10790,397465.21,0.34
11581,12430,265461.83,0.16
11582,4249,246152.49,0.37
11583,17393,488168.76,0.68
11584,13250,464682.27,0.48
11585,13726,402851.64,0.84
11586,25967,406085.93,0.36
11587,30547,123008.1,0.49
11588,21382,188958.62,0.83
11589,21339,394195.41,0.48
11590,5871,266891.6,0.79
11591,19183,14852.23,0.33
11592,3875,79195.9,0.7
11593,3269,226676.72,0.28
11594,9951,44701.32,0.51
11595,3907,295510.89,0.79
11596,19744,35335.7,0.53
11597,14482,495107.7,0.36
11598,1052,401691.14,0.54
11599,31381,376555.07,0.83
11600,15618,462235.96,0.7
11601,30136,346793.21,0.81
11602,18883,417386.66,0.82
11603,26526,83509.74,0.4
11604,19335,152584.97,0.18
11605,25283,260508.44,0.36
11606,11057,299765.41,0.53
11607,12403,159252.86,0.9
11608,8666,235916.34,0.27
11609,16,371040.93,0.38
11610,12397,443137.37,0.47
11611,21916,135959.42,0.3
11612,1307,172345.01,0.62
11613,31877,72365.18,0.48
11614,27800,212433.82,0.59
11615,29522,397667.2,0.7
11616,30577,262821.67,0.77
11617,13116,318243.19,0.22
11618,31948,124932.97,0.59
11619,13427,231862.23,0.51
11620,28793,310247.81,0.43
11621,20730,181280.93,0.53
11622,1242,380539.94,0.22
11623,28969,443016.13,0.66
11624,6320,37809.01,0.8
11625,1231,96394.3,0.53
11626,24730,423593.29,0.21
11627,14295,52199.27,0.37
11628,31323,362608.24,0.32
11629,10464,229159.1,0.72
11630,2220,153890.91,0.73
11631,7027,198442.4,0.19
11632,11637,275013.93,0.58
11633,19673,414741.92,0.38
11634,7021,94938.1,0.26
11635,33732,279199.69,0.79
11636,6446,71669.23,0.88
11637,20171,473263.2,0.9
11638,28830,163647.91,0.15
11639,24981,364152.57,0.23
11640,2059,417871.19,0.5
11641,20582,82889.89,0.29
11642,10112,317691.66,0.53
11643,11516,39787.76,0.23
11644,10531,464293.37,0.84
11645,16747,317034.16,0.37
11646,34555,139584.45,0.7
11647,11043,368269.67,0.86
11648,23847,386771.53,0.28
11649,10803,188458.55,0.76
11650,6986,253188.18,0.62
11651,11913,379850.5,0.64
11652,5462,378853.04,0.25
11653,30442,291793.49,0.34
11654,17107,178239.67,0.87
11655,3270,69598.13,0.22
11656,12427,31498.74,0.38
11657,22295,80576.67,0.53
11658,22493,311894.9,0.88
11659,23764,405405.47,0.67
11660,3576,474681.82,0.2
11661,26445,117578.47,0.21
11662,5486,401912.89,0.18
11663,19387,92952.84,0.35
11664,11748,422358.33,0.84
11665,6944,327915.64,0.39
11666,4256,186362.35,0.46
11667,22522,331294.98,0.23
11668,1853,27349.37,0.12
11669,30262,58317.24,0.46
11670,31030,381671.55,0.7
11671,4299,115750.53,0.2
11672,8128,426191.84,0.77
11673,31443,394417.76,0.82
11674,6906,187889.98,0.38
11675,13926,34148.17,0.29
11676,2681,53163.09,0.33
11677,163,192858.83,0.1
11678,1018,12566.68,0.44
11679,7563,337853.52,0.14
11680,22078,355867.14,0.29
11681,33592,72199.17,0.37
11682,15447,358863.36,0.35
11683,33645,357441.1,0.47
11684,14921,246856.32,0.19
11685,15085,15746.49,0.56
11686,33919,290695.07,0.7
11687,17447,210758.12,0.63
11688,2583,27419.06,0.29
11689,26085,393789.69,0.63
11690,19771,79536.37,0.16
11691,548,206882.22,0.29
11692,33024,238477.96,0.52
11693,27039,379094.01,0.6
11694,22803,281546.69,0.14
11695,16088,271418.53,0.16
11696,22725,353329.27,0.64
11697,13965,274383.37,0.39
11698,27763,354857.66,0.56
11699,2768,338170.93,0.57
11700,25460,72183.74,0.78
11701,26966,460521.86,0.7
11702,24433,321234.84,0.71
11703,1439,72395.6,0.27
11704,17922,174806.51,0.76
11705,19327,420555.25,0.21
11706,25865,297114.86,0.57
11707,23514,357288.27,0.35
11708,6908,13578.98,0.37
11709,18118,32743.84,0.16
11710,13094,323037.31,0.16
11711,2896,17688.8,0.48
11712,9379,246706.72,0.32
11713,25259,360242.13,0.5
11714,21655,332522.04,0.58
11715,20372,184120.38,0.75
11716,5786,281489.08,0.62
11717,28002,202555.75,0.84
11718,30539,68100.55,0.21
11719,27989,162609.86,0.2
11720,426,40809.88,0.88
11721,19600,293927.45,0.45
11722,24250,326423.86,0.26
11723,8826,314078.59,0.82
11724,21477,232794.02,0.3
11725,2344,491974.25,0.76
11726,4152,110717.57,0.56
11727,27587,186846.9,0.5
11728,21254,276376.91,0.13
11729,24523,231397.32,0.4
11730,1760,393894.17,0.34
11731,10301,329608.81,0.81
11732,26814,109140.99,0.76
11733,27609,95198.81,0.42
11734,12962,424546.3,0.33
11735,32421,74860.37,0.88
11736,27000,449517.92,0.21
11737,34204,293103.13,0.88
11738,31302,77830.41,0.55
11739,15297,198993.33,0.24
11740,33035,251543.32,0.34
11741,18162,106553.28,0.85
11742,16281,467074.36,0.63
11743,20569,387736.85,0.17
11744,20870,12038.93,0.63
11745,12094,77062.8,0.26
11746,30690,237165.01,0.51
11747,5167,168139.76,0.4
11748,24124,12311.22,0.35
11749,7296,404027.12,0.72
11750,13867,413604.58,0.38
11751,25501,120102.83,0.36
11752,29382,444981.5,0.15
11753,27757,424892.15,0.68
11754,27701,166184.52,0.62
11755,20919,202937.35,0.35
11756,22931,272145.48,0.54
11757,1331,320201.91,0.22
11758,25638,481960.43,0.59
11759,28782,403873.91,0.38
11760,4130,258763.03,0.73
11761,1093,194451.12,0.66
11762,3796,455149.55,0.35
11763,610,172993.85,0.16
11764,23586,460685.7,0.61
11765,6388,146887.4,0.11
11766,31487,134923.28,0.34
11767,34100,317010.75,0.28
11768,638,31874.2,0.64
11769,31073,89972.07,0.89
11770,29260,337225.57,0.52
11771,8806,301750.3,0.3
11772,2270,462644.33,0.72
11773,22839,384772.13,0.45
11774,16866,411141.8,0.64
11775,14159,464593.5,0.56
11776,25328,237159.97,0.37
11777,17989,393266.28,0.41
11778,20791,258211.02,0.59
11779,15365,189608.07,0.59
11780,21464,467635.32,0.13
11781,29691,64208.32,0.48
11782,7687,153108.34,0.63
11783,63,381083.51,0.84
11784,7562,196872.31,0.76
11785,5937,285217.49,0.68
11786,27872,14314.14,0.7
11787,20840,346335.14,0.28
11788,3738,178664.29,0.87
11789,1705,229349.0,0.25
11790,9551,441498.38,0.45
11791,5621,498539.74,0.54
11792,10608,171323.19,0.34
11793,34245,492423.81,0.4
11794,27444,263448.68,0.56
11795,29861,179217.91,0.47
11796,10440,73828.39,0.26
11797,32835,91845.21,0.79
11798,6234,117511.1,0.76
11799,1228,383301.26,0.59
11800,18788,459332.47,0.62
11801,3690,455246.94,0.4
11802,4756,249592.36,0.54
11803,22453,157385.33,0.51
11804,16799,298606.93,0.46
11805,17161,224057.5,0.71
11806,10896,423247.01,0.65
11807,21155,113026.54,0.53
11808,20195,42499.96,0.35
11809,1476,481929.99,0.75
11810,22827,30050.85,0.24
11811,31590,477370.49,0.51
11812,15995,160640.88,0.8
11813,6158,424925.05,0.56
11814,28428,29341.07,0.32
11815,18763,484983.76,0.15
11816,29820,284148.04,0.86
11817,7410,179794.79,0.8
11818,19451,395014.79,0.28
11819,11279,111192.6,0.37
11820,9532,192617.48,0.67
11821,34806,210359.68,0.17
11822,5509,181674.98,0.21
11823,1265,264643.04,0.61
11824,11902,78084.88,0.89
11825,27001,99270.22,0.45
11826,10538,392037.56,0.59
11827,11220,320660.62,0.24
11828,15849,83744.59,0.36
11829,911,12595.08,0.18
11830,18209,212392.76,0.56
11831,10696,367987.49,0.19
11832,10371,128715.23,0.17
11833,15876,468729.77,0.16
11834,25939,402990.69,0.19
11835,1662,398096.27,0.14
11836,24103,26742.31,0.83
11837,14955,426364.74,0.64
11838,10307,381655.23,0.12
11839,10558,224450.36,0.75
11840,25555,204317.53,0.67
11841,2665,210623.51,0.34
11842,2470,20064.62,0.69
11843,29764,283862.26,0.85
11844,6834,431713.79,0.9
11845,492,471394.26,0.66
11846,30384,350016.16,0.77
11847,28114,83810.2,0.66
11848,30978,345410.94,0.21
11849,27879,131869.4,0.35
11850,11602,439411.55,0.81
11851,14924,289131.5,0.67
11852,31981,499526.7,0.55
11853,245,13796.13,0.77
11854,28530,247287.58,0.21
11855,31904,381060.29,0.18
11856,26161,42662.61,0.28
11857,18261,223164.74,0.66
11858,30510,299028.01,0.65
11859,25376,375574.39,0.58
11860,25688,227073.65,0.21
11861,15903,147902.82,0.58
11862,5770,166460.77,0.73
11863,7797,52930.5,0.25
11864,11014,195488.58,0.73
11865,11592,344017.93,0.26
11866,593,67901.59,0.47
11867,9684,120995.09,0.85
11868,29689,474066.96,0.66
11869,19728,66558.69,0.27
11870,28799,31723.93,0.2
11871,29308,141350.92,0.81
11872,13037,345199.05,0.85
11873,18114,313731.47,0.36
11874,19033,10344.46,0.7
11875,10963,102214.93,0.64
11876,15378,276032.02,0.68
11877,7012,332590.49,0.55
11878,27804,451257.43,0.11
11879,757,80891.48,0.36
11880,8648,141760.42,0.73
11881,6102,324231.63,0.57
11882,14275,333010.53,0.51
11883,30085,197615.98,0.64
11884,5634,431119.37,0.48
11885,2302,221035.98,0.54
11886,3851,159319.37,0.75
11887,19587,222746.29,0.35
11888,4392,300520.81,0.83
11889,18727,324786.54,0.68
11890,21149,486219.77,0.21
11891,17041,264401.24,0.87
11892,26914,265868.86,0.59
11893,23448,110073.43,0.12
11894,19983,486296.6,0.35
11895,9601,217194.73,0.68
11896,15432,159796.76,0.52
11897,21266,151258.31,0.65
11898,19201,255630.86,0.72
11899,31747,282114.31,0.88
11900,33410,261674.76,0.24
11901,12604,200372.42,0.6
11902,28039,228407.5,0.35
11903,3759,259216.57,0.3
11904,10456,179694.03,0.77
11905,27276,466533.16,0.61
11906,14689,411929.33,0.29
11907,15795,274438.45,0.23
11908,849,180174.11,0.69
11909,773,387238.26,0.2
11910,7199,488377.77,0.27
11911,5345,64424.95,0.14
11912,4556,217290.72,0.78
11913,21367,346314.23,0.81
11914,13798,324927.76,0.81
11915,5021,30049.55,0.13
11916,34501,327139.71,0.27
11917,25048,82997.34,0.65
11918,20776,215479.37,0.87
11919,17485,356705.48,0.75
11920,7830,363787.51,0.79
11921,34906,252580.58,0.14
11922,8274,78646.53,0.34
11923,20328,261362.92,0.8
11924,23364,443841.8,0.16
11925,10023,25996.69,0.49
11926,14454,105208.52,0.48
11927,6086,460300.63,0.42
11928,8420,25722.38,0.23
11929,11973,289343.42,0.48
11930,12064,114220.28,0.76
11931,15393,361749.69,0.44
11932,1878,180614.63,0.13
11933,5369,288188.91,0.57
11934,3006,309436.09,0.63
11935,3743,87323.67,0.29
11936,31037,236197.04,0.54
11937,9515,259681.83,0.9
11938,16688,137014.81,0.48
11939,6102,495437.24,0.74
11940,14746,64513.62,0.25
11941,28528,98957.6,0.11
11942,33874,450552.01,0.67
11943,11722,80433.92,0.76
11944,33048,66839.27,0.17
11945,15057,332402.52,0.61
11946,28654,315646.61,0.33
11947,33843,227397.28,0.1
11948,5046,313869.23,0.37
11949,34227,249690.89,0.38
11950,25405,198411.61,0.3
11951,21367,420071.12,0.26
11952,28752,436861.93,0.62
11953,2220,390482.2,0.1
11954,19797,416397.06,0.57
11955,3278,343819.24,0.28
11956,98,330539.05,0.3
11957,25255,40946.19,0.78
11958,19236,308523.9,0.62
11959,3778,456990.65,0.82
11960,29922,318913.87,0.57
11961,14626,303302.09,0.35
11962,33251,482369.68,0.71
11963,1007,490349.38,0.86
11964,15599,349184.45,0.49
11965,5779,276208.29,0.65
11966,2324,51205.97,0.11
11967,30917,299685.22,0.67
11968,84,327146.26,0.35
11969,6582,399344.82,0.5
11970,9468,347893.39,0.76
11971,34106,391878.41,0.49
11972,32115,147318.69,0.32
11973,16317,153402.51,0.39
11974,10385,22959.57,0.76
11975,31470,15216.67,0.16
11976,17901,432805.13,0.52
11977,27610,115414.81,0.67
11978,23180,276224.82,0.15
11979,21094,419057.66,0.28
11980,27564,348883.87,0.9
11981,26840,499778.25,0.21
11982,29717,202912.24,0.31
11983,27076,116900.83,0.21
11984,1323,246988.08,0.29
11985,27036,67451.9,0.2
11986,28203,96116.91,0.39
11987,8495,131185.98,0.77
11988,11964,277941.39,0.21
11989,32548,217550.66,0.54
11990,31540,363795.52,0.87
11991,12879,279021.53,0.53
11992,23105,30689.45,0.83
11993,9041,361600.67,0.3
11994,26606,155640.13,0.72
11995,21830,383025.06,0.84
11996,29634,76938.01,0.67
11997,3607,475890.43,0.88
11998,2340,128968.33,0.73
11999,28620,232995.03,0.17
12000,29925,27976.28,0.6
12001,5747,134685.81,0.38
12002,30745,350761.77,0.76
12003,3475,13992.8,0.41
12004,29827,32198.94,0.53
12005,11864,403247.58,0.71
12006,19440,207475.23,0.55
12007,21188,117087.42,0.41
12008,28152,247426.51,0.89
12009,18844,260087.01,0.81
12010,141,291397.46,0.35
12011,27880,488479.75,0.56
12012,19543,265357.7,0.7
12013,30950,163098.3,0.44
12014,2993,492714.91,0.85
12015,10550,299208.98,0.46
12016,4385,445564.98,0.13
12017,17951,357646.26,0.85
12018,18991,12062.04,0.75
12019,18444,31340.86,0.61
12020,23022,314242.88,0.43
12021,1974,353559.74,0.72
12022,10168,210525.61,0.31
12023,2063,302770.33,0.87
12024,11242,17211.07,0.57
12025,30734,72837.47,0.75
12026,21356,117673.11,0.25
12027,11317,109064.69,0.2
12028,8807,497040.23,0.19
12029,20481,330699.38,0.38
12030,4217,122285.83,0.59
12031,19903,212921.99,0.37
12032,16303,164904.53,0.61
12033,26206,383300.54,0.36
12034,18064,278470.13,0.52
12035,25281,464903.18,0.48
12036,1118,384595.02,0.12
12037,2679,98087.63,0.53
12038,18460,139745.06,0.2
12039,32881,314246.08,0.32
12040,25481,323612.66,0.16
12041,32192,160356.72,0.26
12042,28109,427062.11,0.64
12043,33172,206070.09,0.15
12044,6622,160186.99,0.75
12045,24631,229380.56,0.24
12046,4472,462698.81,0.89
12047,12904,194214.6,0.36
12048,3670,234700.91,0.32
12049,8772,368969.81,0.61
12050,27705,268759.8,0.6
12051,16504,180625.75,0.48
12052,4623,190310.97,0.44
12053,14977,178724.89,0.19
12054,6438,167712.22,0.6
12055,13446,385446.03,0.14
12056,17860,316255.88,0.1
12057,5782,380562.24,0.35
12058,32899,111802.6,0.86
12059,12060,62025.48,0.57
12060,15149,307705.76,0.89
12061,7671,78871.51,0.7
12062,16393,32804.75,0.52
12063,33823,264611.15,0.45
12064,11625,381930.24,0.76
12065,29228,404343.97,0.64
12066,16016,17443.75,0.87
12067,13210,68591.6,0.74
12068,3711,428982.36,0.19
12069,18371,439329.48,0.31
12070,27648,109609.06,0.2
12071,12618,125229.13,0.13
12072,5131,383937.19,0.84
12073,7273,187669.99,0.72
12074,8354,200875.36,0.6
12075,20706,402539.62,0.32
12076,7658,429765.36,0.72
12077,30814,458692.54,0.72
12078,10117,302674.25,0.86
12079,30792,249855.72,0.68
12080,22907,141462.63,0.5
12081,23422,107477.31,0.73
12082,18482,217120.22,0.84
12083,5085,44537.62,0.2
12084,21181,89585.68,0.57
12085,19047,166992.57,0.5
12086,10229,91059.55,0.34
12087,4878,389883.1,0.34
12088,1672,494975.03,0.31
12089,30924,91262.33,0.66
12090,26980,90878.97,0.55
12091,11815,126892.02,0.19
12092,14080,91391.11,0.55
12093,21959,226422.42,0.81
12094,30917,470259.36,0.89
12095,6619,184563.71,0.71
12096,18754,78427.91,0.5
12097,19503,51377.64,0.86
12098,26995,397707.94,0.12
12099,21429,350388.73,0.61
12100,2974,29018.17,0.18
12101,14001,324426.48,0.85
12102,25111,290291.69,0.84
12103,7471,474480.5,0.62
12104,34653,208631.15,0.54
12105,29008,396518.15,0.14
12106,11071,327894.64,0.15
12107,34810,146773.34,0.9
12108,25402,230139.76,0.36
12109,34393,265459.6,0.5
12110,24460,153602.45,0.15
12111,24275,493231.73,0.81
12112,380,203434.53,0.3
12113,17207,324026.44,0.55
12114,29988,228373.56,0.82
12115,26007,351624.36,0.26
12116,25852,476334.91,0.86
12117,18340,306795.94,0.19
12118,11067,455986.91,0.28
12119,3705,62926.37,0.56
12120,34826,144502.06,0.76
12121,22659,90481.25,0.18
12122,14945,400011.74,0.32
12123,12215,26760.2,0.73
12124,5192,49098.57,0.12
12125,26244,367857.8,0.55
12126,5233,473787.84,0.37
12127,7091,185664.21,0.17
12128,22371,31926.36,0.15
12129,23328,161197.34,0.61
12130,17155,113651.97,0.29
12131,8144,45970.24,0.35
12132,13503,497320.17,0.4
12133,8511,32067.27,0.14
12134,741,479181.48,0.31
12135,30229,381767.36,0.37
12136,4179,182902.23,0.33
12137,16863,335917.4,0.42
12138,13210,120157.49,0.37
12139,16901,278367.35,0.45
12140,10026,299413.19,0.45
12141,10252,411257.86,0.32
12142,8196,206936.9,0.67
12143,29568,251381.48,0.87
12144,32981,253160.81,0.19
12145,10710,451432.62,0.33
12146,26385,471232.37,0.88
12147,2292,164390.15,0.33
12148,24001,454648.44,0.64
12149,8138,474589.76,0.47
12150,7551,85245.86,0.47
12151,23192,132456.42,0.35
12152,32720,398859.36,0.61
12153,25121,209897.54,0.72
12154,30648,475208.34,0.52
12155,21139,175479.14,0.78
12156,17187,359864.01,0.19
12157,27801,276717.0,0.73
12158,14503,342426.18,0.78
12159,8946,69705.86,0.49
12160,33066,469601.9,0.38
12161,20004,86504.06,0.8
12162,33515,252959.37,0.72
12163,26687,351499.52,0.58
12164,6077,447709.84,0.33
12165,7453,198865.32,0.61
12166,3367,55057.17,0.58
12167,3835,308329.29,0.61
12168,23776,487077.17,0.47
12169,370,465400.93,0.19
12170,26822,213774.79,0.19
12171,18443,261921.13,0.35
12172,1836,61408.33,0.71
12173,30498,89173.82,0.21
12174,25253,89254.6,0.2
12175,9272,288907.15,0.86
12176,22952,219930.04,0.19
12177,10102,308480.7,0.52
12178,4409,207254.5,0.33
12179,12606,101702.59,0.71
12180,28659,143077.9,0.59
12181,17556,226340.07,0.59
12182,11787,10134.68,0.25
12183,26399,485978.57,0.39
12184,11248,92273.39,0.59
12185,18160,220775.43,0.87
12186,20267,243485.86,0.2
12187,1004,57665.68,0.19
12188,22483,170023.88,0.71
12189,6707,78481.69,0.63
12190,14502,163033.01,0.54
12191,18055,357551.83,0.57
12192,16615,336725.4,0.48
12193,7631,431592.79,0.85
12194,18114,133761.6,0.37
12195,34677,166155.76,0.63
12196,21628,161596.35,0.16
12197,7325,260348.55,0.14
12198,16484,454926.12,0.62
12199,23425,387536.63,0.71
12200,19564,240492.33,0.9
12201,25603,418944.81,0.5
12202,31144,464073.96,0.16
12203,29256,192092.06,0.62
12204,11942,246255.51,0.34
12205,23620,132689.62,0.29
12206,27759,433852.87,0.39
12207,15019,329608.57,0.35
12208,15545,90675.54,0.51
12209,16259,173930.56,0.18
12210,13310,128155.47,0.9
12211,14662,440916.68,0.56
12212,15759,454367.35,0.73
12213,32552,328458.99,0.67
12214,1351,475390.48,0.28
12215,19471,402728.52,0.78
12216,8133,404966.91,0.42
12217,33675,159178.99,0.45
12218,14953,353329.84,0.9
12219,30019,287007.8,0.82
12220,13838,376942.96,0.68
12221,28385,22048.2,0.12
12222,23262,472663.32,0.31
12223,13405,97456.42,0.23
12224,231,182116.98,0.44
12225,7982,345496.84,0.62
12226,19613,192632.89,0.11
12227,25121,369385.17,0.8
12228,8247,35258.19,0.9
12229,11172,172991.91,0.29
12230,30147,290149.51,0.56
12231,19502,175302.79,0.71
12232,25168,199860.79,0.55
12233,24704,223179.03,0.15
12234,30098,292702.6,0.26
12235,30640,304776.08,0.83
12236,17151,482417.28,0.4
12237,6027,42745.25,0.85
12238,30441,70528.88,0.32
12239,23737,276765.7,0.13
12240,13536,330010.14,0.63
12241,7101,498352.2,0.69
12242,13278,225834.64,0.37
12243,32942,25496.25,0.89
12244,6492,317779.69,0.16
12245,34766,207301.54,0.43
12246,3847,368857.4,0.2
12247,28100,267284.95,0.89
12248,11631,236429.95,0.1
12249,12972,237196.72,0.46
12250,30155,330236.33,0.21
12251,24506,395693.43,0.59
12252,20260,33581.83,0.84
12253,24468,234818.69,0.47
12254,2590,255664.16,0.45
12255,34385,441395.43,0.77
12256,29291,255722.91,0.51
12257,29094,32616.78,0.63
12258,30998,320971.02,0.25
12259,11048,265427.5,0.75
12260,16318,496996.82,0.79
12261,23580,255423.99,0.53
12262,25850,423076.75,0.54
12263,21730,236238.76,0.1
12264,25030,142576.88,0.57
12265,30289,273728.28,0.33
12266,17001,434628.39,0.45
12267,3545,402060.74,0.69
12268,29709,274602.38,0.14
12269,18789,190642.24,0.21
12270,5667,454077.02,0.64
12271,186,297847.58,0.73
12272,32535,74008.36,0.33
12273,8221,423208.95,0.84
12274,4243,384621.97,0.71
12275,18990,458300.06,0.46
12276,7811,343100.1,0.63
12277,8779,22851.07,0.84
12278,26588,335001.95,0.26
12279,8345,413496.64,0.16
12280,7114,365422.01,0.45
12281,17895,50295.66,0.21
12282,29793,157346.53,0.83
12283,33519,97673.49,0.87
12284,25974,68348.79,0.86
12285,6067,469475.27,0.71
12286,17758,145050.68,0.32
12287,12710,288870.63,0.8
12288,25860,50461.01,0.67
12289,14663,356912.7,0.73
12290,34568,98802.03,0.49
12291,5602,103208.78,0.9
12292,6653,30170.08,0.62
12293,19173,22712.21,0.69
12294,14653,238398.37,0.5
12295,30320,78350.71,0.41
12296,28364,170813.61,0.83
12297,23325,153942.81,0.64
12298,626,343004.62,0.66
12299,6853,457651.7,0.84
12300,7962,190603.37,0.13
12301,12729,255217.5,0.24
12302,29835,496897.05,0.54
12303,9718,63971.46,0.76
12304,8683,348416.63,0.22
12305,3321,448401.59,0.81
12306,2263,423650.81,0.86
12307,2983,303101.16,0.83
12308,14233,10994.17,0.19
12309,13350,258136.74,0.51
12310,21716,108761.12,0.52
12311,33683,285337.97,0.72
12312,16943,430350.12,0.38
12313,30109,457915.72,0.45
12314,7758,477284.63,0.45
12315,31147,177679.2,0.33
12316,26004,241035.97,0.16
12317,197,478646.35,0.32
12318,10150,217603.54,0.57
12319,12693,38434.99,0.66
12320,8220,233657.87,0.41
12321,11388,137352.59,0.53
12322,16640,47237.88,0.18
12323,924,242120.59,0.66
12324,26602,324453.8,0.39
12325,21309,122607.0,0.18
12326,12918,39554.18,0.7
12327,31353,190251.57,0.89
12328,223,417739.71,0.73
12329,14366,208507.26,0.26
12330,24941,38797.58,0.28
12331,27031,381638.52,0.48
12332,17478,134350.75,0.75
12333,2534,392686.01,0.14
12334,33976,298432.58,0.59
12335,33343,375588.27,0.19
12336,8221,256045.67,0.49
12337,32809,169354.55,0.24
12338,34423,89629.29,0.31
12339,1799,151395.14,0.28
12340,21572,300772.49,0.47
12341,21341,312276.47,0.53
12342,34739,337569.49,0.53
12343,22599,312784.46,0.24
12344,12106,37091.93,0.3
12345,21360,139015.54,0.13
12346,19839,453319.89,0.84
12347,29088,409953.36,0.12
12348,8322,51157.07,0.82
12349,14007,248730.64,0.39
12350,33708,323906.02,0.45
12351,18855,475862.94,0.54
12352,15011,54918.82,0.59
12353,13103,10264.59,0.31
12354,16720,346817.06,0.46
12355,17003,441980.51,0.35
12356,14174,319031.67,0.22
12357,18564,272849.16,0.32
12358,30750,272993.96,0.57
12359,23216,26998.35,0.79
12360,15218,480061.42,0.11
12361,15411,18685.98,0.12
12362,26969,432711.99,0.62
12363,29452,114004.53,0.63
12364,9353,362877.43,0.12
12365,4210,256757.9,0.31
12366,33140,59974.43,0.77
12367,32911,103693.71,0.67
12368,28859,280883.4,0.14
12369,32750,12308.52,0.13
12370,12459,43537.02,0.81
12371,27768,425431.6,0.53
12372,19434,297161.36,0.75
12373,9470,38075.2,0.66
12374,2177,395502.22,0.21
12375,4750,88429.08,0.9
12376,26551,468293.07,0.53
12377,12252,269595.31,0.12
12378,11665,453334.69,0.8
12379,4620,275592.45,0.26
12380,16647,69532.25,0.68
12381,6799,356820.26,0.89
12382,20502,238951.78,0.3
12383,10456,431274.28,0.65
12384,2156,154525.0,0.38
12385,28715,14400.6,0.6
12386,22210,239035.37,0.88
12387,30621,167008.23,0.31
12388,23163,32734.51,0.41
12389,8027,175992.69,0.2
12390,17628,74809.32,0.42
12391,19275,163157.68,0.19
12392,27948,370354.91,0.13
12393,26316,263828.01,0.29
12394,7708,67316.39,0.85
12395,11892,243351.9,0.34
12396,12014,391301.07,0.65
12397,17247,60136.53,0.65
12398,32340,239516.21,0.23
12399,8321,288489.56,0.43
12400,976,206923.37,0.86
12401,32386,227184.78,0.68
12402,29349,410038.83,0.23
12403,8703,265063.66,0.44
12404,17276,57570.03,0.48
12405,34661,172053.7,0.6
12406,16096,334768.63,0.48
12407,9949,317825.79,0.38
12408,14891,58049.96,0.87
12409,7143,209792.2,0.29
12410,27620,287363.72,0.49
12411,23253,104812.0,0.16
12412,31879,288229.82,0.41
12413,12224,397144.06,0.49
12414,20198,224624.33,0.63
12415,27764,126125.84,0.53
12416,16772,25431.14,0.52
12417,24812,16503.57,0.17
12418,19994,323602.68,0.32
12419,26049,185201.09,0.87
12420,6175,102603.32,0.53
12421,32417,462065.02,0.35
12422,27668,460603.43,0.58
12423,26167,332078.99,0.79
12424,25566,459876.14,0.36
12425,14300,257517.11,0.21
12426,5176,323824.37,0.58
12427,6953,359266.0,0.66
12428,9362,98363.07,0.57
12429,31994,43087.22,0.24
12430,12449,72057.61,0.61
12431,19924,373765.25,0.35
12432,16365,319414.53,0.19
12433,5723,392171.22,0.14
12434,18608,68024.67,0.34
12435,8262,194372.08,0.3
12436,22293,346339.53,0.11
12437,13854,287301.1,0.76
12438,24092,352373.7,0.68
12439,11258,459432.91,0.81
12440,22785,316998.39,0.4
12441,5808,304688.79,0.45
12442,30415,80620.48,0.39
12443,2879,246828.59,0.8
12444,32164,329341.99,0.45
12445,20345,490514.01,0.43
12446,21887,104466.77,0.53
12447,21247,82237.49,0.61
12448,31137,467537.44,0.13
12449,10941,391517.17,0.5
12450,8050,348772.55,0.42
12451,27411,174961.14,0.39
12452,30118,165230.37,0.6
12453,33943,242740.58,0.27
12454,23745,67896.2,0.4
12455,9628,51775.2,0.28
12456,32010,225530.57,0.56
12457,29013,233848.66,0.53
12458,527,375837.82,0.81
12459,34794,283568.03,0.63
12460,34402,410708.71,0.88
12461,13060,451361.5,0.71
12462,1834,82749.65,0.44
12463,2937,221503.17,0.36
12464,24777,200005.64,0.22
12465,33570,111221.61,0.48
12466,34318,76372.91,0.66
12467,20413,390392.34,0.77
12468,25454,317731.09,0.21
12469,33420,11859.17,0.52
12470,14415,454328.27,0.48
12471,527,462981.39,0.86
12472,6788,198597.75,0.13
12473,14252,260650.72,0.21
12474,8799,30505.69,0.55
12475,31771,408336.97,0.43
12476,29964,309121.38,0.32
12477,32310,372080.59,0.54
12478,21417,237264.18,0.74
12479,27803,368302.88,0.7
12480,30484,74884.37,0.62
12481,804,244013.13,0.35
12482,29872,490749.98,0.71
12483,9848,187303.03,0.24
12484,19717,397080.46,0.46
12485,3216,197546.66,0.54
12486,7292,35125.39,0.25
12487,33232,422012.33,0.8
12488,13398,25450.45,0.7
12489,7546,105252.22,0.12
12490,6347,173979.04,0.54
12491,34993,251999.73,0.43
12492,1793,357553.62,0.78
12493,33079,457586.26,0.85
12494,16264,98429.17,0.52
12495,33781,370586.88,0.64
12496,21133,131397.8,0.83
12497,33276,484432.5,0.33
12498,31258,210612.51,0.5
12499,29133,242673.28,0.21
12500,15923,164513.86,0.46
12501,6124,343999.54,0.9
12502,18581,408821.3,0.1
12503,8285,99322.09,0.77
12504,573,431275.82,0.79
12505,32691,68504.68,0.3
12506,6698,431408.86,0.8
12507,28932,283851.21,0.56
12508,31331,482185.3,0.48
12509,29986,76546.41,0.38
12510,11963,480191.21,0.86
12511,30479,340349.73,0.17
12512,7825,26846.34,0.88
12513,21177,360692.93,0.61
12514,21442,25413.26,0.47
12515,3737,90823.86,0.2
12516,24619,150661.99,0.63
12517,23736,345168.23,0.13
12518,19194,432768.26,0.86
12519,34726,428731.04,0.78
12520,19094,491992.2,0.17
12521,8009,78794.93,0.14
12522,17030,223510.59,0.79
12523,9260,494884.45,0.82
12524,31372,177400.39,0.62
12525,19282,17373.77,0.45
12526,3909,148549.71,0.3
12527,32453,77337.38,0.12
12528,30603,80678.4,0.65
12529,20668,162215.81,0.84
12530,30810,116022.54,0.16
12531,30055,448389.45,0.53
12532,15596,471375.21,0.46
12533,19019,170456.59,0.79
12534,31352,319290.83,0.24
12535,13017,441040.54,0.68
12536,2718,219371.69,0.13
12537,30298,421136.11,0.71
12538,33990,359104.85,0.54
12539,29063,184053.79,0.24
12540,27975,320317.46,0.5
12541,2623,455781.64,0.24
12542,9753,326886.67,0.76
12543,2809,30110.73,0.55
12544,24312,109575.81,0.48
12545,12244,382993.11,0.24
12546,1269,110275.48,0.25
12547,24026,191249.93,0.32
12548,2933,497783.66,0.37
12549,3179,454206.27,0.78
12550,18926,477374.17,0.46
12551,16549,345878.79,0.64
12552,31900,65181.47,0.27
12553,21724,321241.84,0.39
12554,17056,159460.0,0.83
12555,28812,36254.95,0.46
12556,31522,383193.17,0.14
12557,1457,455586.65,0.53
12558,2123,211946.75,0.8
12559,9244,155162.75,0.42
12560,15914,184584.49,0.15
12561,34921,34889.98,0.73
12562,22278,366624.72,0.57
12563,14459,488652.4,0.52
12564,34762,124199.76,0.45
12565,28781,417197.04,0.65
12566,13583,299730.84,0.42
12567,1167,175879.34,0.23
12568,4225,13608.94,0.81
12569,12940,421239.18,0.8
12570,1526,49853.86,0.42
12571,18621,56480.42,0.82
12572,17911,143941.53,0.31
12573,30583,365977.74,0.41
12574,33536,420717.52,0.45
12575,30067,427424.54,0.19
12576,10740,455199.77,0.65
12577,18598,491391.46,0.57
12578,33884,453990.97,0.81
12579,27236,49762.02,0.84
12580,24126,448343.8,0.62
12581,26552,48792.33,0.67
12582,27848,336501.99,0.58
12583,7740,300029.63,0.61
12584,11523,166547.1,0.82
12585,32525,182240.55,0.7
12586,33135,121626.04,0.57
12587,25426,362003.54,0.25
12588,32597,474166.76,0.24
12589,22791,139737.99,0.63
12590,864,442739.69,0.68
12591,3261,268780.22,0.32
12592,7968,387090.06,0.36
12593,19844,225567.47,0.18
12594,92,137696.29,0.29
12595,11860,451848.67,0.68
12596,438,214862.39,0.28
12597,2251,300489.74,0.56
12598,29789,306780.87,0.47
12599,24418,302092.89,0.13
12600,484,476875.7,0.48
12601,26342,132357.62,0.3
12602,31862,24392.32,0.46
12603,13653,210422.27,0.37
12604,12603,158434.95,0.13
12605,24384,345092.89,0.8
12606,9980,223567.07,0.36
12607,26012,44630.82,0.16
12608,29542,461493.78,0.84
12609,33176,412770.82,0.44
12610,32958,284510.46,0.16
12611,10148,275857.99,0.33
12612,10334,436366.03,0.22
12613,16531,46739.43,0.21
12614,25286,441213.88,0.33
12615,10261,335403.86,0.28
12616,10636,222445.56,0.62
12617,12856,339796.81,0.79
12618,22695,186721.23,0.78
12619,7575,382774.43,0.73
12620,4346,473306.98,0.52
12621,16554,319576.9,0.9
12622,8498,317534.48,0.3
12623,32166,398649.06,0.9
12624,5989,99364.82,0.57
12625,15820,21670.95,0.75
12626,19532,142995.63,0.13
12627,26088,59951.65,0.8
12628,17728,321689.73,0.35
12629,1088,468846.94,0.25
12630,15078,214425.17,0.87
12631,16159,472946.48,0.42
12632,15142,77825.73,0.42
12633,26055,490704.63,0.18
12634,22595,424782.29,0.32
12635,1209,227820.51,0.69
12636,7823,121090.51,0.84
12637,28270,210586.35,0.27
12638,32160,90280.24,0.6
12639,27608,169348.03,0.67
12640,12014,493012.8,0.66
12641,28420,277160.08,0.83
12642,29356,420019.27,0.66
12643,29749,69104.12,0.42
12644,10460,218669.06,0.16
12645,457,52937.0,0.19
12646,20016,113074.01,0.53
12647,3941,235625.0,0.14
12648,20110,445228.88,0.56
12649,19632,287654.38,0.11
12650,7015,100413.51,0.72
12651,25833,123400.01,0.48
12652,1311,246769.16,0.28
12653,15674,474183.92,0.32
12654,24187,453909.79,0.24
12655,16670,315881.58,0.83
12656,14829,245870.64,0.16
12657,16725,97948.7,0.68
12658,19938,471842.46,0.81
12659,4158,13379.16,0.66
12660,33378,122490.87,0.23
12661,5643,468321.83,0.65
12662,18561,194120.99,0.19
12663,14518,126631.72,0.32
12664,2248,315760.37,0.37
12665,16783,467758.45,0.85
12666,13624,94853.06,0.61
12667,32905,484527.63,0.67
12668,25276,131866.58,0.78
12669,32366,17813.77,0.58
12670,184,470055.11,0.19
12671,30130,54529.63,0.61
12672,32269,136159.81,0.68
12673,12095,323879.14,0.82
12674,11129,190206.98,0.61
12675,24141,304395.0,0.65
12676,33866,421217.52,0.14
12677,4692,446297.5,0.5
12678,17879,130781.84,0.63
12679,3063,25108.25,0.86
12680,24356,120768.75,0.43
12681,24316,363981.19,0.47
12682,24632,65534.34,0.15
12683,24266,284033.82,0.29
12684,9691,119576.44,0.42
12685,30746,305824.87,0.84
12686,7305,386965.23,0.47
12687,4668,159088.14,0.41
12688,23811,278273.21,0.46
12689,27568,139920.17,0.31
12690,23732,383504.4,0.81
12691,7000,419968.19,0.31
12692,13696,139619.12,0.1
12693,3672,305064.73,0.37
12694,24055,58758.48,0.57
12695,2134,78206.12,0.77
12696,27529,269037.16,0.53
12697,30636,455213.17,0.63
12698,20033,36808.17,0.24
12699,15850,66145.98,0.63
12700,29751,163850.01,0.26
12701,979,197436.58,0.51
12702,32139,325460.97,0.24
12703,10753,239665.66,0.58
12704,1452,158537.04,0.47
12705,27417,404204.65,0.66
12706,18313,320894.93,0.38
12707,20722,229850.66,0.19
12708,31010,371142.71,0.11
12709,28202,24224.37,0.29
12710,4878,443200.8,0.73
12711,32536,414975.44,0.79
12712,24979,338731.19,0.72
12713,12442,423832.75,0.34
12714,32998,418843.53,0.18
12715,9774,151262.05,0.14
12716,6739,14750.27,0.32
12717,10340,70099.67,0.47
12718,29593,51325.45,0.22
12719,24036,474690.29,0.33
12720,23365,168908.07,0.53
12721,5890,296934.87,0.56
12722,6985,284636.34,0.88
12723,18831,203936.34,0.49
12724,30681,115093.17,0.56
12725,10326,210274.52,0.53
12726,23190,237297.81,0.21
12727,26122,453194.61,0.52
12728,486,22936.02,0.35
12729,5056,27400.74,0.25
12730,641,91352.23,0.28
12731,29029,141261.89,0.58
12732,19503,57987.99,0.57
12733,5015,26516.32,0.31
12734,13765,494077.83,0.39
12735,8019,273069.92,0.87
12736,4138,273494.74,0.6
12737,21800,102801.47,0.88
12738,5577,138242.19,0.76
12739,18958,447426.11,0.27
12740,2245,484090.64,0.87
12741,6467,273792.98,0.74
12742,4468,44227.53,0.38
12743,30203,259386.58,0.42
12744,30402,147489.46,0.24
12745,33138,283651.8,0.24
12746,7795,50345.99,0.31
12747,7069,442626.06,0.71
12748,6564,334853.27,0.26
12749,34535,151099.61,0.85
12750,8497,432932.79,0.32
12751,7309,115218.66,0.3
12752,25491,324854.49,0.25
12753,24421,13869.67,0.28
12754,32372,398524.32,0.82
12755,15763,55845.43,0.23
12756,16417,286758.03,0.2
12757,32306,150781.7,0.54
12758,20403,60000.96,0.52
12759,5672,113428.26,0.17
12760,13427,128655.26,0.83
12761,23414,386630.63,0.25
12762,5305,412611.84,0.13
12763,20556,204993.47,0.68
12764,10066,133240.87,0.1
12765,12925,399812.69,0.5
12766,31500,35005.63,0.67
12767,30835,310278.14,0.83
12768,14197,354375.44,0.2
12769,27752,357069.69,0.23
12770,27494,402682.39,0.63
12771,17453,202775.83,0.31
12772,16505,166295.94,0.55
12773,13688,360877.42,0.29
12774,25190,160085.96,0.2
12775,31493,97076.98,0.23
12776,32027,196338.0,0.12
12777,31120,50800.15,0.27
12778,16636,112485.94,0.48
12779,19153,281196.0,0.9
12780,9980,244275.66,0.75
12781,34232,413372.47,0.59
12782,7286,402832.84,0.78
12783,4040,165824.57,0.48
12784,30616,280568.95,0.29
12785,347,440506.76,0.73
12786,29799,356172.65,0.17
12787,12826,498437.78,0.18
12788,9641,184089.82,0.33
12789,33996,28094.06,0.87
12790,16906,294321.61,0.12
12791,22096,257699.74,0.31
12792,7731,48590.97,0.49
12793,633,307122.92,0.71
12794,24014,195674.99,0.89
12795,8419,219551.32,0.17
12796,10646,411801.02,0.16
12797,6375,309959.32,0.32
12798,17225,254545.1,0.74
12799,24820,104765.99,0.65
12800,10262,89135.54,0.31
12801,3961,85451.2,0.77
12802,6739,212176.91,0.6
12803,31600,444055.81,0.63
12804,2872,61671.8,0.83
12805,6599,110867.76,0.53
12806,1652,11612.92,0.82
12807,10697,340959.78,0.77
12808,15051,43921.37,0.65
12809,10147,71443.14,0.58
12810,9582,364714.93,0.53
12811,1684,173290.38,0.45
12812,25674,91415.94,0.38
12813,27626,498052.28,0.33
12814,12235,420714.94,0.13
12815,26964,172145.21,0.52
12816,24581,92999.85,0.84
12817,32379,422942.12,0.52
12818,11828,410201.96,0.32
12819,33996,207869.19,0.26
12820,32547,491948.13,0.65
12821,13964,80623.11,0.66
12822,10626,205122.78,0.65
12823,32781,387819.47,0.89
12824,7938,441687.36,0.23
12825,22654,196173.84,0.75
12826,13274,469886.18,0.51
12827,16538,407916.9,0.22
12828,10313,55604.56,0.63
12829,25932,110302.34,0.47
12830,11638,319964.88,0.66
12831,24068,195431.35,0.12
12832,23251,490367.81,0.58
12833,31623,193387.59,0.37
12834,34500,160436.57,0.37
12835,18058,434657.24,0.27
12836,25593,21391.54,0.16
12837,12771,498729.87,0.62
12838,10448,313959.34,0.32
12839,19486,331876.73,0.73
12840,6068,116204.81,0.49
12841,16770,208742.34,0.41
12842,14698,177149.63,0.7
12843,34877,108487.83,0.56
12844,8784,153565.17,0.4
12845,13537,62648.72,0.89
12846,19170,387993.64,0.69
12847,15614,336994.3,0.37
12848,25764,206677.36,0.74
12849,14038,426908.42,0.58
12850,2742,55014.26,0.65
12851,25463,339661.01,0.31
12852,13641,364345.51,0.28
12853,16307,201612.06,0.44
12854,26322,467905.66,0.83
12855,33387,56129.37,0.11
12856,18592,49380.27,0.3
12857,26622,453983.98,0.69
12858,19225,326209.04,0.79
12859,8956,141959.21,0.33
12860,10038,50329.96,0.9
12861,8619,153732.94,0.66
12862,25458,14882.81,0.74
12863,31767,236628.15,0.24
12864,8196,465478.02,0.68
12865,17032,13747.73,0.17
12866,13576,133074.8,0.49
12867,15939,273294.17,0.49
12868,22925,219598.61,0.21
12869,33493,378538.01,0.72
12870,20783,81984.17,0.12
12871,4294,12402.27,0.23
12872,30142,394976.52,0.26
12873,3859,100330.32,0.72
12874,84,319903.32,0.27
12875,5387,450103.29,0.45
12876,14418,318328.64,0.74
12877,10241,345892.23,0.88
12878,24995,104916.75,0.55
12879,1491,18933.53,0.87
12880,1459,377500.68,0.4
12881,13493,90225.47,0.49
12882,28627,197045.31,0.1
12883,21325,63225.19,0.38
12884,33121,33578.04,0.81
12885,16890,417274.22,0.29
12886,17922,339091.06,0.44
12887,3466,64343.2,0.41
12888,23043,76868.78,0.9
12889,19345,242629.48,0.81
12890,9442,243300.79,0.46
12891,15263,200235.12,0.35
12892,33425,428269.4,0.28
12893,33685,87556.47,0.58
12894,10599,240383.53,0.83
12895,4586,106248.84,0.74
12896,31738,433779.35,0.76
12897,16639,144155.81,0.64
12898,16583,325309.52,0.56
12899,22134,54225.31,0.42
12900,4148,470480.67,0.13
12901,21977,212780.26,0.29
12902,9669,411612.64,0.53
12903,13807,158741.96,0.28
12904,19589,409530.13,0.8
12905,34553,201426.71,0.76
12906,18649,364684.84,0.3
12907,12994,159919.7,0.54
12908,21739,294116.61,0.11
12909,13460,212277.07,0.42
12910,14415,313228.95,0.76
12911,30011,461885.73,0.87
12912,11622,82740.96,0.16
12913,22159,262910.19,0.24
12914,27771,417515.84,0.19
12915,13053,141572.53,0.56
12916,27010,337902.93,0.29
12917,27162,212236.48,0.16
12918,7460,451367.65,0.12
12919,27453,126574.02,0.84
12920,29040,301179.86,0.67
12921,5061,239391.12,0.47
12922,9513,492418.43,0.54
12923,33608,441297.45,0.76
12924,27232,71317.66,0.54
12925,11608,464722.88,0.56
12926,17526,163100.51,0.75
12927,33147,499843.62,0.54
12928,27469,162197.58,0.76
12929,18341,328459.91,0.86
12930,20788,291123.82,0.22
12931,30759,221251.5,0.77
12932,2142,384207.29,0.86
12933,16879,228185.98,0.2
12934,9006,268135.41,0.43
12935,13294,89674.13,0.48
12936,26389,72896.69,0.63
12937,31365,409436.37,0.67
12938,10249,24560.96,0.28
12939,15139,409450.56,0.44
12940,1759,27098.81,0.31
12941,20877,432182.41,0.67
12942,30736,404412.22,0.35
12943,6233,266305.19,0.37
12944,30530,183068.98,0.15
12945,25003,460298.99,0.13
12946,15882,101179.74,0.18
12947,31082,262804.25,0.67
12948,13469,79313.29,0.19
12949,27196,161107.18,0.87
12950,10292,75270.14,0.76
12951,30777,427256.19,0.31
12952,6428,449792.2,0.13
12953,18317,232063.18,0.55
12954,26646,455470.41,0.31
12955,25422,138082.3,0.25
12956,7131,103817.75,0.48
12957,28866,483667.17,0.46
12958,27255,49350.3,0.89
12959,26617,224444.91,0.85
12960,23703,152665.26,0.22
12961,20462,169213.03,0.3
12962,12364,228236.44,0.5
12963,13990,146353.22,0.24
12964,24660,385524.06,0.42
12965,13159,358623.85,0.6
12966,27325,186779.88,0.14
12967,5990,79287.73,0.56
12968,18542,94165.57,0.43
12969,5442,173795.83,0.46
12970,32727,323968.58,0.3
12971,24964,285431.14,0.36
12972,4732,215636.24,0.49
12973,16732,430773.22,0.25
12974,33203,219379.68,0.27
12975,12275,21310.22,0.89
12976,29572,208116.54,0.27
12977,10687,354657.77,0.44
12978,5816,181192.0,0.51
12979,14723,205590.78,0.54
12980,29114,369112.72,0.89
12981,33227,324233.92,0.37
12982,22870,95208.63,0.8
12983,11118,144766.68,0.82
12984,26574,289915.15,0.77
12985,9815,341496.09,0.18
12986,15430,458378.69,0.69
12987,3295,451353.22,0.58
12988,24045,44715.69,0.43
12989,15139,490289.06,0.41
12990,2672,178830.6,0.45
12991,29597,128637.32,0.17
12992,3951,440316.17,0.31
12993,26870,341051.31,0.11
12994,27962,246878.63,0.87
12995,17199,492733.34,0.44
12996,24885,200630.87,0.65
12997,10842,377636.4,0.35
12998,30324,318954.39,0.88
12999,11112,179424.95,0.26
13000,19334,303130.76,0.39
13001,2519,481136.62,0.33
13002,3600,117608.72,0.23
13003,22313,378348.68,0.32
13004,19543,174667.08,0.81
13005,11081,222972.05,0.79
13006,21300,432304.59,0.83
13007,10448,272960.58,0.57
13008,827,401251.81,0.42
13009,3569,182050.46,0.1
13010,23073,73644.47,0.15
13011,1524,238128.84,0.3
13012,21483,66700.38,0.85
13013,18831,260534.84,0.68
13014,7470,325092.19,0.34
13015,31975,465813.12,0.55
13016,7804,373900.53,0.47
13017,17016,115862.02,0.41
13018,13628,442782.31,0.41
13019,20916,27178.84,0.51
13020,24716,157116.13,0.41
13021,25720,414308.98,0.44
13022,15267,370017.47,0.6
13023,11817,204903.04,0.2
13024,29448,209112.96,0.63
13025,26389,199406.48,0.86
13026,21928,129064.68,0.6
13027,27807,207411.61,0.5
13028,23898,222871.04,0.26
13029,4665,292104.01,0.51
13030,29235,126058.46,0.87
13031,1125,205805.13,0.63
13032,27124,95537.77,0.8
13033,10452,109217.7,0.43
13034,34055,257960.03,0.81
13035,16251,164795.8,0.36
13036,31434,382703.32,0.52
13037,7403,292526.98,0.22
13038,20218,198036.99,0.63
13039,15285,262072.44,0.28
13040,8953,19414.29,0.75
13041,2713,158987.87,0.3
13042,23695,455564.76,0.52
13043,632,305248.3,0.51
13044,5225,323500.14,0.41
13045,247,140642.25,0.34
13046,22907,79804.44,0.47
13047,7683,408855.5,0.1
13048,28230,321867.13,0.59
13049,2562,305712.6,0.69
13050,1763,80244.76,0.51
13051,33072,169275.72,0.83
13052,27345,314994.17,0.87
13053,17344,334760.99,0.38
13054,18325,170605.96,0.75
13055,2574,59512.64,0.24
13056,16139,426443.89,0.41
13057,19419,406539.49,0.44
13058,7683,43424.19,0.38
13059,30341,452989.27,0.26
13060,22808,137221.63,0.14
13061,30123,313472.55,0.42
13062,32538,422610.33,0.31
13063,28114,123536.09,0.69
13064,27167,249205.94,0.12
13065,921,250674.9,0.54
13066,19356,453420.29,0.36
13067,22530,367574.24,0.31
13068,26403,70251.02,0.24
13069,2635,313083.99,0.27
13070,26560,245103.22,0.54
13071,34202,126723.32,0.32
13072,12704,493557.04,0.19
13073,6295,111777.56,0.79
13074,34296,434347.43,0.89
13075,26033,11438.3,0.51
13076,11575,492130.16,0.88
13077,26430,261259.9,0.17
13078,14134,325215.68,0.18
13079,11074,19633.12,0.63
13080,21498,306346.05,0.36
13081,30511,169806.62,0.74
13082,19242,191316.59,0.42
13083,30333,368992.46,0.49
13084,19902,444494.33,0.54
13085,15995,190628.89,0.54
13086,26244,98716.33,0.79
13087,3878,328714.47,0.6
13088,26924,56014.65,0.72
13089,25739,185251.3,0.78
13090,2243,214463.47,0.56
13091,18867,342632.27,0.75
13092,8179,297025.2,0.35
13093,11829,45384.04,0.29
13094,1227,69753.4,0.53
13095,8390,23265.07,0.8
13096,29627,146869.0,0.11
13097,5164,315408.38,0.16
13098,23430,397991.16,0.57
13099,9599,61215.65,0.24
13100,28550,352292.55,0.54
13101,31417,263059.89,0.25
13102,6188,474620.59,0.88
13103,12168,411353.83,0.15
13104,7064,488784.15,0.8
13105,3991,219301.36,0.67
13106,29243,227540.94,0.87
13107,27269,32449.46,0.17
13108,13652,464959.73,0.35
13109,3256,153877.41,0.23
13110,33429,288217.94,0.5
13111,7059,206675.27,0.45
13112,2902,122019.13,0.27
13113,30852,45790.91,0.64
13114,24085,273640.76,0.64
13115,10372,281825.13,0.79
13116,13041,479538.0,0.7
13117,18607,241060.15,0.54
13118,4722,287428.38,0.66
13119,9731,352212.84,0.54
13120,34152,26656.46,0.8
13121,15821,41993.65,0.69
13122,28608,345941.3,0.19
13123,9382,204490.4,0.43
13124,82,461853.33,0.7
13125,19712,87520.37,0.58
13126,15447,263874.14,0.23
13127,1752,463499.35,0.51
13128,19559,162136.88,0.38
13129,9672,486716.87,0.44
13130,34893,35582.9,0.19
13131,8586,357651.93,0.25
13132,16252,49692.34,0.24
13133,13173,125972.88,0.62
13134,8205,73383.48,0.24
13135,3002,190810.54,0.79
13136,32468,343985.57,0.17
13137,9442,69693.7,0.47
13138,24736,20701.76,0.51
13139,2598,21254.39,0.64
13140,8941,362294.93,0.76
13141,29547,66462.21,0.19
13142,4561,428320.82,0.37
13143,25456,186880.71,0.76
13144,18532,314063.98,0.83
13145,8090,141415.39,0.5
13146,31395,164196.51,0.75
13147,19486,307673.31,0.28
13148,10305,203236.84,0.35
13149,18220,117428.47,0.74
13150,13686,289516.38,0.4
13151,32931,163749.83,0.75
13152,30414,395416.56,0.84
13153,9493,313185.32,0.71
13154,31852,136843.86,0.43
13155,30697,11691.85,0.43
13156,17912,176552.26,0.39
13157,12694,255077.12,0.58
13158,31449,31880.52,0.19
13159,18004,78340.13,0.83
13160,31786,251698.86,0.23
13161,2379,57597.49,0.73
13162,24522,489073.2,0.4
13163,11203,237874.03,0.13
13164,529,253682.02,0.8
13165,14702,101073.33,0.37
13166,19695,205610.58,0.66
13167,19774,242755.2,0.56
13168,9519,420842.33,0.31
13169,27064,271249.31,0.58
13170,3806,127202.88,0.28
13171,27099,352726.6,0.15
13172,1903,157787.53,0.34
13173,8062,145741.23,0.56
13174,13870,17950.25,0.3
13175,6754,151444.3,0.23
13176,6958,202964.67,0.64
13177,1832,104911.27,0.5
13178,18558,60667.54,0.52
13179,22726,19577.6,0.72
13180,22367,69651.05,0.13
13181,25320,350902.82,0.53
13182,19687,154726.83,0.49
13183,21882,483336.02,0.49
13184,28301,193275.74,0.46
13185,33198,210561.22,0.8
13186,19226,454395.04,0.61
13187,16668,358696.19,0.14
13188,13279,486029.15,0.44
13189,31269,389025.31,0.24
13190,26438,138383.38,0.53
13191,12999,446344.71,0.6
13192,25546,62155.01,0.84
13193,13277,69252.6,0.39
13194,754,272530.25,0.52
13195,9566,260101.29,0.83
13196,24457,434335.96,0.12
13197,25087,196399.92,0.64
13198,25761,207536.93,0.57
13199,31764,298371.2,0.49
13200,14579,281374.76,0.73
13201,3205,257236.43,0.89
13202,26331,129134.88,0.15
13203,13079,101194.27,0.66
13204,33321,310367.02,0.19
13205,13844,365095.87,0.36
13206,26783,283946.39,0.83
13207,7745,320669.46,0.22
13208,21854,141391.98,0.22
13209,538,38206.84,0.33
13210,17511,312540.55,0.22
13211,19511,372170.72,0.73
13212,28116,250360.53,0.51
13213,15670,160237.38,0.65
13214,25797,67992.87,0.12
13215,17540,390526.85,0.37
13216,34086,185073.58,0.41
13217,10484,479932.88,0.65
13218,6311,333807.36,0.55
13219,32711,447713.72,0.54
13220,4668,69558.09,0.58
13221,24497,67447.81,0.16
13222,14501,314045.49,0.2
13223,20616,163022.99,0.8
13224,28052,216421.19,0.38
13225,22664,446992.22,0.74
13226,25078,327798.5,0.44
13227,11568,19290.6,0.77
13228,9725,407663.12,0.37
13229,23053,217040.1,0.36
13230,13066,489551.07,0.64
13231,27487,249134.74,0.84
13232,28971,458172.7,0.24
13233,15798,94253.66,0.24
13234,5914,442005.2,0.38
13235,7279,26275.85,0.53
13236,23440,218668.66,0.81
13237,9318,354892.53,0.43
13238,34713,234552.2,0.84
13239,14019,366338.02,0.76
13240,14663,91634.76,0.34
13241,24475,381765.18,0.42
13242,34570,113313.95,0.71
13243,7845,374176.39,0.78
13244,32840,86032.54,0.15
13245,22327,182934.8,0.6
13246,21550,90126.44,0.68
13247,22457,262573.08,0.72
13248,18439,250553.98,0.63
13249,2682,72299.74,0.16
13250,17902,482522.87,0.1
13251,662,246357.3,0.17
13252,17473,232998.43,0.86
13253,21301,483149.04,0.73
13254,14820,373502.75,0.48
13255,19877,12306.92,0.48
13256,30721,474097.66,0.9
13257,18992,438282.56,0.48
13258,30160,29967.96,0.22
13259,28965,285817.83,0.19
13260,33969,404951.7,0.39
13261,26165,284536.41,0.21
13262,28438,67030.56,0.21
13263,33106,245170.35,0.84
13264,32486,64355.18,0.58
13265,7559,146774.25,0.26
13266,329,311018.36,0.39
13267,31172,349696.84,0.57
13268,11781,188946.89,0.44
13269,26767,343721.91,0.56
13270,15374,460756.0,0.13
13271,16185,55351.88,0.45
13272,5457,194976.96,0.2
13273,29804,57571.85,0.47
13274,8919,100308.4,0.54
13275,20505,38351.93,0.22
13276,23914,64319.43,0.6
13277,23014,371186.16,0.14
13278,30069,308619.65,0.77
13279,32628,15688.62,0.32
13280,21095,101066.18,0.47
13281,27248,131825.31,0.72
13282,23976,87456.73,0.72
13283,13737,54888.75,0.22
13284,8945,364723.23,0.32
13285,21374,124554.37,0.59
13286,21361,55227.57,0.81
13287,12707,78623.54,0.67
13288,3742,246856.35,0.46
13289,30828,177759.31,0.32
13290,23155,236009.85,0.79
13291,23960,380585.24,0.16
13292,13602,308030.23,0.11
13293,11946,447295.35,0.81
13294,26498,311345.39,0.57
13295,25413,69298.43,0.25
13296,19484,181810.49,0.52
13297,19531,33859.37,0.11
13298,27187,385018.54,0.85
13299,8139,290605.0,0.61
13300,26920,190936.79,0.35
13301,29408,288484.57,0.51
13302,23571,301808.79,0.62
13303,29053,337235.7,0.37
13304,10312,35430.01,0.58
13305,2914,432744.8,0.27
13306,17482,226062.33,0.69
13307,598,209383.63,0.65
13308,18643,430255.89,0.11
13309,2194,162633.03,0.46
13310,14499,175241.5,0.31
13311,24777,212115.6,0.19
13312,20671,298407.6,0.55
13313,33373,40380.47,0.19
13314,19358,155430.37,0.35
13315,34634,316371.42,0.71
13316,25824,315297.86,0.14
13317,28517,493687.7,0.4
13318,8019,364791.46,0.13
13319,23730,238372.18,0.12
13320,24240,225366.69,0.67
13321,12302,308719.39,0.24
13322,7869,122183.24,0.24
13323,26484,395672.41,0.64
13324,16112,426934.36,0.28
13325,25662,69679.71,0.72
13326,27548,124819.0,0.57
13327,2682,306924.93,0.51
13328,9291,419780.2,0.51
13329,23825,359629.28,0.8
13330,29937,446795.37,0.33
13331,1749,162537.75,0.65
13332,29157,272158.09,0.12
13333,24956,406457.83,0.36
13334,15488,321376.92,0.19
13335,31427,106065.54,0.56
13336,10632,493810.61,0.87
13337,33308,45601.68,0.14
13338,17180,276197.25,0.86
13339,13808,168803.3,0.79
13340,31674,338075.68,0.41
13341,17077,193633.06,0.56
13342,15796,431244.7,0.48
13343,29654,337526.16,0.42
13344,24784,116282.21,0.58
13345,29116,239741.07,0.67
13346,21041,347768.23,0.66
13347,12392,45561.2,0.87
13348,19722,300516.42,0.44
13349,2484,183413.24,0.25
13350,21782,73914.33,0.34
13351,24530,144473.57,0.12
13352,30698,405992.09,0.22
13353,12246,92891.15,0.51
13354,21639,467519.69,0.76
13355,5833,121381.03,0.1
13356,33652,334053.83,0.2
13357,14037,352302.93,0.31
13358,3778,466502.14,0.66
13359,13063,425657.43,0.76
13360,14145,420288.08,0.28
13361,7453,103693.31,0.51
13362,6575,359454.43,0.5
13363,1574,17143.83,0.23
13364,14667,443051.65,0.25
13365,17941,470807.54,0.81
13366,22442,187443.69,0.79
13367,23850,416692.63,0.22
13368,19535,175091.15,0.68
13369,17641,265221.93,0.18
13370,30553,260612.73,0.79
13371,10572,306276.98,0.55
13372,31496,233105.09,0.49
13373,10969,106682.16,0.63
13374,322,491048.48,0.29
13375,8943,401895.62,0.24
13376,5908,54900.92,0.5
13377,22992,144293.98,0.8
13378,17293,376593.46,0.72
13379,23594,94882.94,0.24
13380,24222,465079.78,0.58
13381,10532,361064.17,0.7
13382,28666,468948.77,0.59
13383,2159,462739.9,0.53
13384,18430,196484.23,0.57
13385,14255,141989.49,0.43
13386,15862,322783.11,0.35
13387,28036,152610.25,0.15
13388,11336,12648.9,0.87
13389,16981,305728.8,0.55
13390,17105,186500.46,0.81
13391,22648,149213.57,0.45
13392,19010,341645.44,0.1
13393,27514,275108.29,0.89
13394,5405,292529.78,0.51
13395,10673,361977.43,0.29
13396,10184,377071.17,0.11
13397,5051,169904.41,0.26
13398,24036,427523.19,0.56
13399,17625,405587.26,0.25
13400,18146,446234.18,0.35
13401,843,231678.5,0.8
13402,29031,159153.51,0.86
13403,14817,327799.14,0.19
13404,14225,442234.88,0.54
13405,16624,474924.68,0.51
13406,254,463532.81,0.48
13407,9437,380529.22,0.16
13408,17447,247487.45,0.22
13409,26412,444874.01,0.67
13410,29907,186387.22,0.49
13411,11016,197961.26,0.11
13412,28935,148082.68,0.65
13413,33520,82491.62,0.66
13414,33719,281213.72,0.13
13415,7958,499986.88,0.43
13416,19694,345182.5,0.21
13417,13855,123645.54,0.81
13418,22729,192720.12,0.6
13419,27732,133002.54,0.74
13420,5266,237593.83,0.34
13421,11823,422994.69,0.21
13422,33343,72853.91,0.1
13423,26910,347997.7,0.33
13424,5174,77853.69,0.46
13425,22830,284824.95,0.32
13426,22386,434456.25,0.26
13427,8250,87544.0,0.54
13428,14799,166398.56,0.74
13429,3972,247020.51,0.87
13430,16433,155601.98,0.47
13431,32026,215120.02,0.49
13432,26881,107863.5,0.31
13433,26429,21131.86,0.12
13434,34812,394202.31,0.28
13435,7861,31823.05,0.46
13436,27493,444171.68,0.42
13437,13097,299422.85,0.6
13438,19382,126193.87,0.38
13439,12900,262171.49,0.12
13440,26212,412993.15,0.16
13441,34132,255842.06,0.53
13442,1595,291254.03,0.48
13443,15277,102495.7,0.41
13444,20377,86256.48,0.67
13445,33429,32642.07,0.38
13446,29967,386603.61,0.19
13447,2288,54420.32,0.29
13448,23828,479445.06,0.25
13449,18228,467819.63,0.71
13450,17295,285867.37,0.31
13451,15663,394233.25,0.7
13452,26451,420525.72,0.14
13453,30599,428565.81,0.22
13454,17114,281922.3,0.82
13455,14496,268885.0,0.56
13456,27577,60822.44,0.3
13457,22959,391088.53,0.66
13458,491,189925.53,0.6
13459,18245,106104.98,0.71
13460,21816,15749.6,0.26
13461,27939,287710.49,0.38
13462,14899,458286.52,0.22
13463,29605,80447.7,0.36
13464,12030,469323.15,0.44
13465,20017,330808.53,0.21
13466,5431,48585.33,0.28
13467,28559,85565.98,0.18
13468,23741,117953.56,0.85
13469,34095,307255.81,0.37
13470,28638,40889.07,0.3
13471,5833,205499.55,0.78
13472,16184,406635.17,0.68
13473,1046,321593.98,0.14
13474,17599,292196.31,0.79
13475,3106,117630.45,0.61
13476,9403,342682.11,0.45
13477,21469,71269.13,0.5
13478,19211,53785.2,0.74
13479,12156,441182.19,0.17
13480,29439,49339.59,0.15
13481,9844,112746.09,0.86
13482,18993,423754.5,0.45
13483,2380,437158.46,0.38
13484,3003,119121.41,0.32
13485,12058,250994.03,0.4
13486,17332,422066.58,0.74
13487,2052,153857.97,0.31
13488,1767,436177.59,0.71
13489,29331,14718.71,0.46
13490,28053,310491.54,0.33
13491,33023,188165.74,0.49
13492,24088,430648.77,0.57
13493,7322,12218.98,0.22
13494,28932,312962.07,0.55
13495,22948,40559.65,0.57
13496,28755,139824.97,0.74
13497,173,243039.91,0.57
13498,27029,324669.8,0.11
13499,2044,56472.16,0.38
13500,16723,17319.49,0.72
13501,30860,102428.84,0.33
13502,24911,105131.77,0.39
13503,6694,494807.27,0.41
13504,17710,407659.01,0.3
13505,30089,338000.31,0.61
13506,1229,36605.29,0.39
13507,30812,136831.37,0.42
13508,31107,463873.0,0.73
13509,8796,429772.69,0.23
13510,20313,148320.06,0.66
13511,3680,354039.41,0.18
13512,24327,263274.24,0.57
13513,28983,105645.75,0.23
13514,20648,471872.31,0.78
13515,21785,349622.53,0.8
13516,26149,151737.05,0.21
13517,20749,318734.23,0.79
13518,8889,48316.28,0.2
13519,26539,205283.55,0.17
13520,27963,207622.89,0.9
13521,23551,163801.74,0.33
13522,25265,212101.83,0.1
13523,13695,231182.76,0.39
13524,6901,320464.64,0.61
13525,28419,111986.5,0.69
13526,26008,169284.28,0.59
13527,28877,436469.55,0.32
13528,25906,79460.98,0.84
13529,19376,409056.7,0.82
13530,31281,324882.16,0.88
13531,27933,147743.73,0.89
13532,16932,493786.43,0.4
13533,23163,275035.87,0.53
13534,23413,30288.28,0.31
13535,32027,117397.98,0.31
13536,1831,444093.71,0.75
13537,30190,284210.47,0.86
13538,25279,82555.33,0.13
13539,33816,470493.86,0.8
13540,18429,83922.5,0.6
13541,8013,272016.25,0.19
13542,28919,287596.24,0.64
13543,15044,488107.61,0.62
13544,9884,127274.24,0.12
13545,5938,412838.65,0.58
13546,14990,138011.93,0.71
13547,11151,410456.15,0.44
13548,12001,484959.78,0.58
13549,2860,215734.29,0.62
13550,620,411214.85,0.19
13551,1211,285296.92,0.65
13552,34891,133329.28,0.55
13553,25537,364228.84,0.32
13554,10028,460997.32,0.28
13555,7889,256381.63,0.57
13556,26885,415687.72,0.2
13557,2493,87101.13,0.61
13558,29251,230722.78,0.59
13559,31772,39450.93,0.5
13560,27795,274713.42,0.26
13561,11299,295784.09,0.65
13562,21478,296801.55,0.54
13563,3129,221748.53,0.73
13564,30266,258038.38,0.16
13565,25956,293855.84,0.25
13566,25044,419811.4,0.69
13567,4187,309594.03,0.76
13568,12712,52472.66,0.29
13569,33309,454362.75,0.77
13570,9296,423606.68,0.77
13571,30190,182803.11,0.55
13572,7692,416674.77,0.13
13573,420,51702.88,0.28
13574,901,133423.65,0.33
13575,22279,419830.13,0.72
13576,22156,329391.14,0.45
13577,24436,344773.61,0.38
13578,19890,477569.32,0.3
13579,9253,236655.49,0.13
13580,23795,23166.78,0.49
13581,29596,400098.41,0.86
13582,33657,449237.61,0.5
13583,10164,226700.58,0.3
13584,22288,319081.84,0.35
13585,14137,26106.6,0.58
13586,27795,245010.32,0.31
13587,27260,218183.8,0.85
13588,31782,296156.25,0.78
13589,33639,187340.16,0.76
13590,14724,378019.81,0.26
13591,17255,72009.2,0.26
13592,29161,287663.29,0.76
13593,18266,143949.23,0.84
13594,5436,116698.25,0.42
13595,22134,276587.53,0.25
13596,20567,336442.26,0.38
13597,16658,223049.01,0.36
13598,1789,475588.84,0.52
13599,20003,47687.19,0.8
13600,18141,188778.73,0.59
13601,31905,314745.51,0.56
13602,2355,231493.65,0.72
13603,14263,372636.32,0.47
13604,32549,307194.69,0.13
13605,15194,117335.04,0.45
13606,14030,183454.05,0.31
13607,28754,320960.07,0.52
13608,5670,437882.35,0.72
13609,13803,388327.91,0.54
13610,26382,216399.5,0.8
13611,30239,473246.26,0.59
13612,34328,269836.59,0.38
13613,32291,278673.1,0.4
13614,27241,486482.35,0.89
13615,32167,241693.5,0.47
13616,33302,161870.14,0.84
13617,23615,286082.67,0.42
13618,3607,212994.74,0.57
13619,28784,499912.8,0.33
13620,7998,55977.05,0.7
13621,15391,125019.35,0.77
13622,21277,74620.95,0.78
13623,33007,135757.06,0.26
13624,17876,19027.62,0.43
13625,15426,292581.87,0.81
13626,5917,183522.24,0.84
13627,29135,21990.39,0.36
13628,31444,447209.95,0.26
13629,10739,274195.37,0.18
13630,19024,415350.4,0.45
13631,17194,91673.79,0.66
13632,32144,152036.44,0.27
13633,34567,316435.23,0.82
13634,3608,320637.37,0.58
13635,17613,400907.77,0.15
13636,5260,192146.22,0.66
13637,25850,74954.72,0.77
13638,10040,357227.67,0.57
13639,15263,489704.17,0.6
13640,28166,54990.96,0.4
13641,11115,355175.11,0.75
13642,5501,403298.73,0.84
13643,1365,389525.99,0.78
13644,31800,420605.73,0.88
13645,6763,449415.58,0.11
13646,4783,415487.76,0.61
13647,10998,11108.86,0.82
13648,9075,459151.51,0.64
13649,3637,357026.65,0.56
13650,28711,16776.65,0.35
13651,22995,304204.44,0.64
13652,14268,246085.13,0.7
13653,1973,131738.24,0.31
13654,4415,72224.28,0.36
13655,6382,434442.82,0.1
13656,2652,427750.81,0.32
13657,26126,126932.8,0.54
13658,8493,401925.07,0.18
13659,20954,154448.77,0.56
13660,14657,264063.6,0.14
13661,20856,91851.04,0.82
13662,2093,175771.5,0.18
13663,10995,341390.45,0.85
13664,10963,75699.89,0.11
13665,8163,166388.26,0.13
13666,4118,199159.21,0.53
13667,27885,479387.6,0.37
13668,28033,52504.97,0.46
13669,3068,465912.3,0.75
13670,11842,256335.12,0.13
13671,16276,264878.17,0.14
13672,31131,125499.28,0.1
13673,12790,368690.93,0.9
13674,21002,131123.52,0.44
13675,15262,296923.35,0.69
13676,16008,310228.32,0.79
13677,387,436051.22,0.32
13678,7314,213516.44,0.33
13679,13257,362172.78,0.31
13680,18222,25194.22,0.67
13681,32005,431326.08,0.33
13682,13521,85732.52,0.53
13683,5512,236225.11,0.82
13684,25603,145066.2,0.7
13685,25234,489510.08,0.4
13686,23102,155892.4,0.22
13687,21583,151901.92,0.81
13688,33085,325684.76,0.22
13689,30067,160843.19,0.16
13690,16964,441141.36,0.11
13691,28481,187504.54,0.23
13692,22370,331031.7,0.7
13693,23048,142247.65,0.57
13694,11044,343671.63,0.24
13695,9648,63813.78,0.49
13696,33415,489147.85,0.19
13697,3255,241250.81,0.41
13698,20242,183183.12,0.58
13699,1613,454792.53,0.23
13700,24684,128386.45,0.34
13701,22687,362758.57,0.48
13702,474,428191.38,0.31
13703,12810,268855.46,0.59
13704,8131,167270.17,0.89
13705,31290,256725.0,0.38
13706,25430,134305.21,0.12
13707,25891,459107.31,0.84
13708,31218,43591.79,0.24
13709,21881,481452.66,0.89
13710,4271,240074.91,0.61
13711,31388,311773.68,0.13
13712,17912,58368.72,0.36
13713,11071,474567.6,0.49
13714,32365,180504.09,0.36
13715,31763,144215.39,0.47
13716,27228,291554.53,0.25
13717,9932,34876.08,0.23
13718,27721,499724.83,0.75
13719,34865,484789.11,0.53
13720,27287,156806.08,0.34
13721,23408,177657.44,0.17
13722,31080,417968.9,0.2
13723,28918,431081.96,0.67
13724,21637,316423.5,0.68
13725,30709,437147.42,0.4
13726,13762,148391.4,0.14
13727,29170,146174.05,0.23
13728,7167,337133.87,0.48
13729,8382,229196.12,0.54
13730,31100,169760.44,0.54
13731,34986,122342.8,0.21
13732,29371,481452.13,0.74
13733,30116,97161.8,0.81
13734,5751,324125.48,0.1
13735,13958,214794.94,0.2
13736,25655,242372.5,0.29
13737,9135,98123.01,0.6
13738,4676,401013.19,0.55
13739,24063,416502.29,0.89
13740,39,279810.76,0.73
13741,23602,174235.31,0.5
13742,24195,377063.52,0.84
13743,3222,32737.89,0.3
13744,18841,409811.27,0.76
13745,14051,183253.8,0.39
13746,3715,32122.13,0.79
13747,33419,282882.92,0.62
13748,13226,199115.16,0.47
13749,25374,184323.23,0.19
13750,31998,191363.85,0.57
13751,14954,51374.59,0.86
13752,17447,99773.57,0.21
13753,10386,195805.29,0.68
13754,34937,39904.2,0.64
13755,7537,266349.63,0.13
13756,28339,223090.09,0.7
13757,3391,16918.87,0.39
13758,17425,365087.08,0.86
13759,31591,165844.19,0.32
13760,26489,281917.37,0.21
13761,8994,224686.64,0.27
13762,13617,209998.21,0.58
13763,32260,298777.67,0.77
13764,33908,489747.29,0.27
13765,31706,438788.76,0.62
13766,5914,154997.9,0.14
13767,18905,368041.58,0.44
13768,29719,194638.87,0.89
13769,20848,341506.55,0.62
13770,31351,319326.94,0.43
13771,11013,23235.31,0.32
13772,12678,220771.19,0.41
13773,15583,298102.51,0.75
13774,13280,493631.34,0.16
13775,27471,352557.02,0.39
13776,17299,324485.26,0.31
13777,9754,98804.16,0.23
13778,28522,41928.98,0.6
13779,1772,112978.95,0.84
13780,19483,269690.84,0.19
13781,15793,49264.33,0.74
13782,9650,148021.84,0.55
13783,22939,211592.06,0.25
13784,8309,146073.17,0.17
13785,12723,285673.13,0.79
13786,9154,355593.01,0.68
13787,14413,130584.34,0.65
13788,21149,145798.8,0.87
13789,10247,331389.14,0.21
13790,11710,326575.68,0.17
13791,2153,56668.75,0.77
13792,6707,196898.8,0.49
13793,3234,476847.8,0.13
13794,27702,361237.68,0.64
13795,8153,495076.18,0.29
13796,29171,270053.56,0.59
13797,20770,150914.01,0.13
13798,8649,362214.85,0.73
13799,23027,470160.18,0.32
13800,31086,202805.96,0.41
13801,11360,330501.2,0.65
13802,23945,345459.26,0.53
13803,5818,300415.0,0.34
13804,34406,185366.56,0.45
13805,16031,424357.65,0.78
13806,34479,441985.93,0.49
13807,10532,432232.57,0.17
13808,24442,260622.1,0.42
13809,29078,255487.2,0.26
13810,25543,491780.81,0.48
13811,3248,76086.43,0.26
13812,33776,221368.87,0.6
13813,28309,50831.21,0.71
13814,18865,202907.99,0.35
13815,25484,17949.91,0.21
13816,28508,491395.31,0.25
13817,11560,476563.17,0.78
13818,25043,85391.44,0.53
13819,2676,444486.16,0.87
13820,7911,141663.35,0.84
13821,7493,389472.34,0.36
13822,5790,43171.49,0.71
13823,28506,318546.07,0.57
13824,6447,475489.83,0.31
13825,26799,80153.37,0.56
13826,4724,253210.26,0.32
13827,30852,138185.13,0.7
13828,1394,164486.55,0.4
13829,23993,298942.56,0.88
13830,22263,85747.59,0.59
13831,7146,125909.72,0.85
13832,8414,381836.07,0.44
13833,15192,264604.97,0.12
13834,22656,120742.8,0.59
13835,31171,144558.75,0.57
13836,10621,399183.01,0.14
13837,4219,186699.82,0.77
13838,24830,272587.8,0.62
13839,29388,118293.08,0.54
13840,9431,80082.4,0.45
13841,16337,351364.86,0.54
13842,2311,198111.81,0.13
13843,32127,382790.94,0.43
13844,24407,290869.55,0.24
13845,9956,317633.73,0.78
13846,32658,62093.91,0.45
13847,383,107672.27,0.41
13848,944,403661.38,0.73
13849,22785,322138.06,0.3
13850,31707,54447.17,0.72
13851,16680,17147.39,0.89
13852,12538,193908.42,0.32
13853,1758,234999.83,0.2
13854,14880,16371.09,0.79
13855,16945,390811.03,0.39
13856,5327,41453.29,0.66
13857,716,54631.05,0.39
13858,13101,415457.88,0.1
13859,32203,490013.99,0.38
13860,17233,385420.47,0.77
13861,11167,286803.29,0.1
13862,14140,486127.8,0.6
13863,13634,218348.05,0.49
13864,3119,196001.8,0.27
13865,33581,282055.18,0.78
13866,20962,185940.69,0.34
13867,29214,370660.84,0.36
13868,13949,275671.35,0.28
13869,31909,149119.65,0.16
13870,15683,315024.52,0.3
13871,13555,216514.59,0.46
13872,10236,75893.1,0.17
13873,13340,251778.01,0.85
13874,22225,295071.5,0.38
13875,34765,277153.42,0.26
13876,1977,217970.27,0.88
13877,7733,174039.47,0.16
13878,32622,307620.25,0.52
13879,18776,418390.55,0.46
13880,1983,119057.4,0.59
13881,25296,23751.14,0.45
13882,5977,416783.22,0.6
13883,20497,309622.11,0.41
13884,32409,94846.09,0.89
13885,4782,112122.19,0.66
13886,1119,344991.98,0.54
13887,14304,260907.35,0.67
13888,4878,310810.24,0.63
13889,28481,377653.59,0.69
13890,14578,488941.45,0.51
13891,25382,173303.59,0.47
13892,32634,81304.09,0.21
13893,12387,499908.96,0.48
13894,24054,328815.51,0.33
13895,3260,435619.86,0.29
13896,6952,286213.33,0.81
13897,9690,375335.49,0.28
13898,4346,226800.32,0.24
13899,16629,174199.13,0.66
13900,14313,285045.05,0.6
13901,33518,488826.35,0.59
13902,21452,164639.64,0.38
13903,1609,388943.23,0.52
13904,29028,370600.65,0.48
13905,11070,322202.68,0.74
13906,20781,483709.67,0.37
13907,13715,289709.52,0.76
13908,22184,14189.85,0.49
13909,34081,22803.72,0.23
13910,26042,270464.69,0.38
13911,23969,282676.78,0.88
13912,33492,219363.63,0.29
13913,4564,345746.18,0.51
13914,2577,488325.94,0.61
13915,20384,416100.04,0.59
13916,19990,66877.49,0.53
13917,9727,326744.1,0.23
13918,9487,410586.16,0.43
13919,2602,419744.85,0.7
13920,31783,17149.22,0.48
13921,22486,278908.13,0.23
13922,15078,351223.16,0.87
13923,27326,89568.66,0.42
13924,2010,222904.06,0.48
13925,19972,242292.08,0.22
13926,9122,248053.28,0.43
13927,17204,316499.84,0.64
13928,20167,180468.39,0.88
13929,9869,56293.35,0.19
13930,18767,25097.27,0.53
13931,19663,279373.49,0.52
13932,16091,177297.49,0.38
13933,10074,310608.21,0.76
13934,2836,489358.05,0.17
13935,29725,44988.68,0.23
13936,31946,350088.86,0.2
13937,10753,171786.46,0.48
13938,9428,365741.5,0.31
13939,26535,455287.84,0.77
13940,27492,77965.69,0.57
13941,32344,316054.45,0.45
13942,20862,421602.39,0.7
13943,24426,22228.5,0.16
13944,19729,287819.61,0.49
13945,15581,396690.56,0.55
13946,19528,366525.18,0.79
13947,11918,413733.27,0.46
13948,12937,213958.35,0.37
13949,23182,48739.74,0.66
13950,732,230445.48,0.21
13951,4124,45583.77,0.42
13952,23850,126518.35,0.49
13953,23610,175375.68,0.81
13954,15645,289566.72,0.11
13955,3500,218957.95,0.51
13956,2706,456129.77,0.41
13957,7291,104060.42,0.62
13958,20648,173808.34,0.21
13959,12437,123887.73,0.86
13960,8172,245021.93,0.62
13961,3847,331063.94,0.48
13962,34870,314987.14,0.66
13963,13036,95080.76,0.65
13964,21586,63878.98,0.34
13965,34095,403384.95,0.57
13966,18233,101201.45,0.46
13967,4000,109441.7,0.47
13968,4653,293457.3,0.68
13969,18418,229442.09,0.22
13970,2777,401294.05,0.79
13971,21543,448572.62,0.73
13972,6221,266718.91,0.55
13973,32255,452723.52,0.61
13974,14434,52667.44,0.2
13975,5490,420862.3,0.61
13976,4324,403140.29,0.61
13977,13812,277929.61,0.42
13978,3455,214793.64,0.71
13979,10185,188616.74,0.3
13980,27426,38644.31,0.61
13981,26047,287033.12,0.78
13982,11102,221957.83,0.69
13983,1624,75854.76,0.58
13984,4989,315891.27,0.23
13985,8974,75874.4,0.77
13986,9004,263452.79,0.22
13987,27901,298724.97,0.31
13988,18154,377934.78,0.43
13989,29904,202178.29,0.8
13990,25334,428529.49,0.54
13991,14717,161996.26,0.58
13992,18090,95815.36,0.53
13993,3019,497164.77,0.59
13994,15532,137704.08,0.77
13995,13079,406169.76,0.25
13996,403,327936.7,0.35
13997,19702,366871.3,0.42
13998,12715,90103.01,0.4
13999,33685,206208.3,0.51
14000,17623,238991.53,0.19
14001,7118,77726.61,0.31
14002,23983,197873.09,0.8
14003,9982,170541.15,0.85
14004,7199,239911.11,0.74
14005,21703,134543.5,0.36
14006,6738,338817.13,0.59
14007,1192,497911.54,0.87
14008,21745,127441.63,0.54
14009,33286,434739.66,0.32
14010,10404,118062.21,0.11
14011,9198,348757.28,0.5
14012,31551,385214.53,0.41
14013,12965,437780.21,0.74
14014,5489,127151.14,0.48
14015,29752,21725.59,0.43
14016,23826,452445.87,0.76
14017,20195,314295.66,0.55
14018,21764,110584.99,0.8
14019,26805,419584.3,0.13
14020,6176,53374.12,0.21
14021,15837,306104.97,0.41
14022,25197,221852.54,0.41
14023,8465,122681.82,0.27
14024,14955,290079.76,0.65
14025,8339,424408.05,0.11
14026,8906,230990.76,0.31
14027,25184,305212.41,0.59
14028,12773,206497.8,0.85
14029,11103,96331.89,0.1
14030,6895,150475.77,0.14
14031,10032,238410.73,0.61
14032,12290,368281.11,0.12
14033,181,75442.15,0.51
14034,11739,350458.61,0.58
14035,13645,444061.62,0.58
14036,8661,271627.37,0.55
14037,31382,350332.82,0.33
14038,5907,25428.6,0.59
14039,2088,159749.96,0.26
14040,5007,465433.74,0.71
14041,2069,139259.6,0.57
14042,32360,337528.61,0.61
14043,2106,281047.7,0.16
14044,2081,96304.55,0.32
14045,14389,74322.86,0.8
14046,30925,199829.53,0.45
14047,18122,377690.05,0.82
14048,13073,299551.52,0.57
14049,19268,410198.43,0.45
14050,11632,485392.32,0.33
14051,29692,440091.18,0.53
14052,18249,407893.64,0.24
14053,18586,158768.24,0.88
14054,26101,261981.15,0.23
14055,17297,163686.85,0.83
14056,15350,158825.58,0.26
14057,33967,457290.85,0.9
14058,3904,111179.63,0.62
14059,33260,95979.87,0.85
14060,21737,424536.0,0.67
14061,23053,290797.17,0.85
14062,11298,364534.91,0.64
14063,34989,183148.98,0.45
14064,20599,401869.3,0.29
14065,22209,33626.76,0.71
14066,15748,191404.97,0.27
14067,13203,100658.72,0.36
14068,12243,226189.72,0.2
14069,9440,38118.92,0.54
14070,2311,479264.65,0.19
14071,9299,344399.22,0.64
14072,5842,136332.67,0.85
14073,32418,361582.79,0.41
14074,22176,78725.31,0.14
14075,30717,177652.73,0.31
14076,12670,272035.87,0.82
14077,33405,290865.7,0.2
14078,12558,362290.52,0.81
14079,7348,170763.98,0.24
14080,32354,28144.75,0.85
14081,13636,125178.83,0.46
14082,8131,366925.25,0.82
14083,4564,160183.92,0.17
14084,2169,295171.65,0.16
14085,23272,22932.01,0.57
14086,27223,441973.6,0.64
14087,21712,399074.65,0.12
14088,31457,496783.8,0.22
14089,32892,258314.52,0.73
14090,4698,128767.77,0.43
14091,1250,106345.3,0.76
14092,10535,334750.08,0.41
14093,4925,416696.42,0.42
14094,30863,211125.39,0.37
14095,29696,16841.1,0.37
14096,16143,249856.9,0.22
14097,32999,417745.3,0.69
14098,25610,247580.64,0.5
14099,15034,339979.49,0.47
14100,19361,238427.01,0.83
14101,34596,307094.39,0.43
14102,12686,131070.85,0.56
14103,21780,101169.31,0.79
14104,29949,404903.01,0.27
14105,13895,111983.31,0.89
14106,14050,286552.05,0.87
14107,32597,498118.16,0.33
14108,7184,78124.04,0.69
14109,23080,149629.44,0.42
14110,2185,231783.17,0.26
14111,29248,172323.56,0.1
14112,34081,368993.1,0.63
14113,26562,63606.0,0.59
14114,13119,97657.62,0.28
14115,15983,11561.29,0.35
14116,21873,234104.89,0.41
14117,13315,171116.7,0.88
14118,1473,415999.59,0.22
14119,16176,144058.15,0.23
14120,24487,13973.13,0.75
14121,25588,488424.47,0.11
14122,15805,313354.58,0.29
14123,5642,336990.77,0.48
14124,20065,37084.15,0.27
14125,27679,49881.77,0.54
14126,1905,321026.22,0.51
14127,427,68122.63,0.21
14128,33943,468414.24,0.56
14129,26524,131216.51,0.15
14130,3037,391748.16,0.8
14131,28569,37451.27,0.5
14132,30126,280134.52,0.69
14133,23176,407469.18,0.55
14134,10872,301930.72,0.81
14135,32341,172890.08,0.17
14136,13656,464277.77,0.68
14137,26182,254578.7,0.88
14138,11817,369005.81,0.7
14139,11451,380111.19,0.37
14140,22508,340834.09,0.66
14141,8422,211708.73,0.61
14142,11002,75281.48,0.23
14143,19973,278320.98,0.82
14144,28147,367802.26,0.79
14145,10045,455126.95,0.75
14146,12721,363340.29,0.13
14147,28573,114085.18,0.32
14148,5566,80293.72,0.27
14149,10342,223317.82,0.12
14150,22399,264665.82,0.42
14151,14795,486863.07,0.22
14152,18008,60869.72,0.65
14153,11421,298725.41,0.38
14154,7453,270931.21,0.43
14155,18764,316004.21,0.78
14156,29193,176930.07,0.62
14157,18940,156326.17,0.83
14158,30574,474632.16,0.82
14159,34956,399843.36,0.82
14160,7909,145812.27,0.5
14161,1317,363635.51,0.54
14162,25456,263283.47,0.67
14163,6106,329137.55,0.36
14164,3798,338978.87,0.23
14165,12836,458127.72,0.49
14166,33503,420095.15,0.81
14167,5092,153111.53,0.58
14168,10658,466379.53,0.2
14169,458,299334.15,0.71
14170,22529,220280.54,0.42
14171,29371,241919.29,0.86
14172,31913,375233.69,0.83
14173,13972,17167.33,0.81
14174,8297,255078.59,0.34
14175,7356,428776.11,0.34
14176,7710,449367.01,0.76
14177,25664,104716.29,0.38
14178,25127,239585.3,0.49
14179,16470,453206.62,0.18
14180,20551,459805.54,0.74
14181,26035,339461.95,0.58
14182,8783,119423.82,0.88
14183,15541,13926.83,0.51
14184,14840,464026.06,0.45
14185,16316,343049.64,0.66
14186,4489,368866.15,0.33
14187,12788,357137.67,0.12
14188,2704,177439.86,0.86
14189,14137,82504.23,0.45
14190,34389,86945.69,0.55
14191,30613,209803.21,0.56
14192,29428,52660.59,0.38
14193,24511,268354.73,0.26
14194,24336,266883.27,0.75
14195,2386,320046.31,0.2
14196,3356,54836.66,0.51
14197,30636,88999.5,0.76
14198,31518,374293.27,0.29
14199,682,128326.27,0.72
14200,6995,133654.61,0.2
14201,10175,157003.63,0.63
14202,25100,341879.37,0.23
14203,10469,106635.78,0.78
14204,25408,348165.47,0.7
14205,1915,378582.77,0.23
14206,306,312676.99,0.87
14207,5053,324101.37,0.29
14208,10026,293472.3,0.67
14209,9038,143495.35,0.35
14210,27278,263498.07,0.78
14211,21768,401419.62,0.83
14212,20378,253935.15,0.43
14213,11576,344429.96,0.61
14214,22905,287542.66,0.72
14215,21007,57167.04,0.56
14216,20533,158742.2,0.43
14217,478,395187.62,0.61
14218,20714,239390.63,0.61
14219,8626,380021.7,0.23
14220,32746,479008.11,0.8
14221,16303,133945.52,0.87
14222,23098,496133.15,0.72
14223,31786,160782.68,0.27
14224,22388,101924.7,0.23
14225,11693,124941.06,0.53
14226,30466,59086.11,0.65
14227,8082,162321.25,0.81
14228,10635,391796.99,0.68
14229,25030,291905.2,0.7
14230,11394,318217.84,0.78
14231,17814,353117.75,0.36
14232,1522,379133.44,0.58
14233,23511,412786.83,0.67
14234,20609,482635.35,0.65
14235,2559,107646.34,0.88
14236,7707,81216.64,0.59
14237,4554,249046.37,0.75
14238,898,175424.7,0.36
14239,30905,298577.58,0.76
14240,26789,424297.96,0.74
14241,14790,28254.62,0.65
14242,33263,388177.98,0.74
14243,3130,11483.63,0.89
14244,25910,208295.38,0.79
14245,24604,126342.86,0.35
14246,32608,474870.84,0.69
14247,1954,269161.71,0.87
14248,14342,497315.58,0.59
14249,7428,432643.94,0.13
14250,22689,453404.66,0.69
14251,13514,168225.72,0.33
14252,21042,60840.26,0.9
14253,23704,400577.04,0.33
14254,31494,232229.61,0.83
14255,2953,478741.22,0.32
14256,10925,481275.93,0.2
14257,25155,275955.03,0.63
14258,34717,128999.65,0.71
14259,6482,456982.55,0.88
14260,16413,133316.8,0.74
14261,15142,305402.56,0.1
14262,5350,204028.43,0.6
14263,10480,345076.85,0.39
14264,20496,106617.55,0.45
14265,29361,50838.01,0.61
14266,32627,405483.22,0.51
14267,33326,411086.27,0.75
14268,11257,238232.1,0.68
14269,16232,349053.32,0.78
14270,4852,44947.6,0.23
14271,31144,432543.91,0.8
14272,23141,298387.19,0.49
14273,25476,50021.57,0.43
14274,28880,274655.36,0.28
14275,5267,16672.62,0.6
14276,8719,236641.88,0.28
14277,1424,149602.97,0.72
14278,19256,480584.93,0.85
14279,13,216791.92,0.55
14280,15460,314576.48,0.44
14281,8816,389573.58,0.11
14282,24522,384310.89,0.61
14283,34317,336151.89,0.24
14284,28647,32935.05,0.74
14285,11207,104246.92,0.26
14286,32705,362830.25,0.14
14287,10176,376305.35,0.8
14288,32981,96427.91,0.26
14289,26387,69646.42,0.73
14290,18015,400806.07,0.82
14291,25174,470146.34,0.38
14292,21170,205223.02,0.89
14293,25968,89767.9,0.87
14294,20584,339419.82,0.44
14295,17219,446013.46,0.41
14296,20730,171926.89,0.28
14297,23548,368674.54,0.41
14298,24926,110258.19,0.49
14299,15700,312629.38,0.13
14300,10125,412912.54,0.5
14301,26826,235982.05,0.2
14302,11575,496827.25,0.19
14303,29335,225515.39,0.25
14304,33401,245999.98,0.2
14305,5416,216401.39,0.29
14306,6430,79473.11,0.29
14307,32132,155159.78,0.4
14308,32274,350291.27,0.7
14309,6980,448414.6,0.14
14310,25523,386354.21,0.38
14311,24054,236338.12,0.18
14312,5123,298851.69,0.83
14313,19044,274919.12,0.57
14314,18494,344512.19,0.51
14315,1535,60301.72,0.47
14316,33684,468751.83,0.66
14317,10836,306917.6,0.22
14318,6641,18059.14,0.17
14319,1778,464032.16,0.4
14320,5385,364293.28,0.8
14321,2403,481418.24,0.86
14322,22374,372404.17,0.25
14323,30548,57648.49,0.7
14324,6064,200610.26,0.88
14325,9886,101602.5,0.9
14326,14185,35872.4,0.18
14327,10730,265941.31,0.13
14328,2881,326613.34,0.23
14329,25005,64798.01,0.23
14330,12605,83737.46,0.86
14331,25336,224080.17,0.58
14332,28263,60064.32,0.79
14333,5303,165868.22,0.15
14334,6265,187636.92,0.64
14335,16853,305579.31,0.89
14336,12773,160845.12,0.48
14337,29406,233660.07,0.28
14338,9958,290713.49,0.83
14339,29229,262558.45,0.7
14340,30476,244548.68,0.31
14341,18039,31207.65,0.83
14342,6478,245812.85,0.62
14343,15786,266228.37,0.42
14344,30496,458062.81,0.51
14345,6684,99341.63,0.36
14346,12416,139719.39,0.78
14347,12510,403564.46,0.87
14348,16893,102174.51,0.2
14349,21983,469114.77,0.3
14350,28301,121479.85,0.12
14351,23522,255529.28,0.77
14352,22337,338924.26,0.66
14353,739,102009.21,0.23
14354,17921,31814.42,0.69
14355,12218,474543.36,0.28
14356,13188,323841.6,0.11
14357,24152,21970.57,0.15
14358,28173,167180.24,0.27
14359,33678,185609.86,0.55
14360,23288,39876.6,0.46
14361,31989,210289.52,0.81
14362,26177,11574.28,0.55
14363,31343,463757.09,0.56
14364,30774,474858.51,0.21
14365,21110,227583.77,0.13
14366,20945,50373.0,0.42
14367,14200,200953.94,0.42
14368,6323,56983.61,0.58
14369,27134,464136.86,0.34
14370,4854,471016.38,0.77
14371,7332,50305.24,0.64
14372,768,392072.83,0.51
14373,11047,490826.58,0.79
14374,16960,171289.63,0.11
14375,28620,34575.67,0.74
14376,31,267578.12,0.49
14377,21185,322319.24,0.8
14378,5595,292457.01,0.82
14379,21921,460593.53,0.43
14380,8915,367022.36,0.31
14381,15585,158364.37,0.1
14382,17566,56798.33,0.38
14383,8676,231249.91,0.26
14384,24025,378631.92,0.53
14385,24675,206483.56,0.61
14386,17767,304050.12,0.19
14387,19800,10118.25,0.12
14388,1218,224018.35,0.14
14389,10428,198726.75,0.59
14390,28206,490799.96,0.75
14391,26640,105829.46,0.59
14392,2352,249300.38,0.48
14393,1526,447343.65,0.13
14394,11776,327968.27,0.74
14395,22621,214974.64,0.85
14396,33345,296184.06,0.51
14397,29933,288959.98,0.4
14398,23320,165555.61,0.37
14399,31963,186406.0,0.78
14400,5923,49777.26,0.5
14401,10955,498482.51,0.69
14402,8500,89670.52,0.7
14403,20066,465949.21,0.43
14404,13299,95419.56,0.38
14405,2775,355150.48,0.66
14406,6877,336149.69,0.39
14407,4382,291839.11,0.55
14408,27399,101453.56,0.67
14409,33049,299810.11,0.8
14410,31385,92869.46,0.39
14411,14475,260616.37,0.85
14412,29685,212107.58,0.31
14413,26245,388007.85,0.4
14414,27256,133882.06,0.2
14415,5518,17896.33,0.41
14416,12393,194421.98,0.46
14417,20343,346492.91,0.16
14418,1434,222932.04,0.34
14419,5298,237156.18,0.29
14420,18232,320966.91,0.75
14421,32570,200324.41,0.15
14422,33363,483305.47,0.37
14423,4424,130881.59,0.47
14424,6599,359629.47,0.85
14425,33781,408313.73,0.71
14426,30527,396158.25,0.88
14427,11216,374456.59,0.23
14428,34173,185144.76,0.56
14429,14515,417764.21,0.73
14430,21889,239707.88,0.79
14431,21181,160404.37,0.32
14432,16576,127079.04,0.27
14433,30223,319636.92,0.76
14434,8017,139555.13,0.16
14435,16802,91479.26,0.17
14436,11939,491974.99,0.56
14437,16983,385159.41,0.88
14438,10284,40096.73,0.27
14439,28452,58621.99,0.3
14440,9812,423113.68,0.76
14441,14092,471495.96,0.5
14442,24419,233316.55,0.88
14443,24406,438221.83,0.42
14444,12916,433207.38,0.34
14445,11713,287506.02,0.49
14446,22586,197213.35,0.74
14447,12188,142037.79,0.22
14448,10604,261818.86,0.57
14449,16548,439625.82,0.35
14450,22650,229389.39,0.39
14451,12234,278330.36,0.35
14452,5164,217717.69,0.21
14453,15982,388563.79,0.36
14454,7394,464224.12,0.36
14455,31083,195181.04,0.37
14456,16841,196239.04,0.21
14457,24701,393592.53,0.24
14458,22381,259579.99,0.59
14459,31557,246965.04,0.19
14460,22930,30962.5,0.1
14461,15322,217577.86,0.43
14462,16749,489807.1,0.49
14463,30305,21485.1,0.28
14464,20332,273064.96,0.65
14465,13420,22324.38,0.59
14466,6589,368160.88,0.36
14467,2708,238337.24,0.31
14468,29877,336316.65,0.65
14469,8169,63420.82,0.67
14470,30769,381700.31,0.7
14471,10573,61032.71,0.42
14472,29748,304168.09,0.29
14473,31707,390803.03,0.54
14474,33281,427255.57,0.7
14475,7277,264749.57,0.86
14476,25009,85924.26,0.26
14477,14623,345322.54,0.36
14478,11908,345635.72,0.41
14479,18842,257526.29,0.15
14480,31597,202558.37,0.36
14481,33875,453806.59,0.83
14482,9808,217001.42,0.48
14483,3199,307466.27,0.63
14484,28080,31715.93,0.58
14485,33438,441247.38,0.58
14486,15189,219020.27,0.33
14487,21676,381281.9,0.41
14488,32738,162305.44,0.75
14489,6602,322884.77,0.16
14490,2756,452946.73,0.79
14491,12054,453812.26,0.88
14492,31266,489994.1,0.12
14493,6263,351186.32,0.9
14494,13634,352580.95,0.33
14495,24833,306197.28,0.29
14496,30591,190516.13,0.66
14497,14321,218036.53,0.23
14498,9573,272343.14,0.9
14499,22455,183767.43,0.65
14500,19750,446668.09,0.65
14501,9691,487363.76,0.86
14502,8525,282043.08,0.27
14503,18073,376407.41,0.58
14504,34574,37630.21,0.71
14505,12045,219181.53,0.84
14506,14200,387205.06,0.22
14507,34760,43577.52,0.68
14508,4163,241927.55,0.61
14509,23788,250224.93,0.34
14510,24377,345058.46,0.3
14511,15224,29742.46,0.89
14512,32318,319116.48,0.11
14513,7734,244316.63,0.87
14514,8852,10157.14,0.77
14515,14887,148177.7,0.55
14516,15306,311188.78,0.52
14517,6275,405184.15,0.63
14518,24233,166753.85,0.16
14519,33528,323109.11,0.41
14520,26264,123289.24,0.34
14521,362,482219.93,0.75
14522,24606,372939.03,0.85
14523,3235,234799.41,0.86
14524,21821,338190.56,0.1
14525,12359,412261.0,0.39
14526,29228,411831.68,0.31
14527,34863,259976.26,0.21
14528,26572,430288.57,0.81
14529,24980,148887.86,0.8
14530,3142,466037.94,0.83
14531,14323,124415.81,0.56
14532,33159,355594.71,0.45
14533,29292,230398.17,0.16
14534,9563,124358.26,0.89
14535,33221,221985.83,0.6
14536,9081,367236.95,0.87
14537,26999,128529.55,0.5
14538,5787,272391.34,0.51
14539,31642,133718.26,0.4
14540,15056,166108.25,0.29
14541,25837,271601.33,0.57
14542,7111,84084.88,0.35
14543,19986,341932.71,0.32
14544,9272,163951.79,0.52
14545,1390,315503.36,0.7
14546,13137,209060.69,0.45
14547,11436,21884.87,0.87
14548,2469,287184.93,0.77
14549,31315,461281.78,0.35
14550,33865,91991.55,0.55
14551,3719,134301.4,0.82
14552,17646,424523.87,0.29
14553,17224,427313.73,0.68
14554,25400,131569.5,0.53
14555,1512,492765.34,0.49
14556,16687,420313.66,0.34
14557,5512,221780.74,0.5
14558,15381,358683.11,0.56
14559,25554,468103.55,0.8
14560,7920,182227.43,0.38
14561,9061,219810.1,0.33
14562,16646,151057.97,0.76
14563,18850,423579.02,0.5
14564,30884,113336.11,0.75
14565,3903,253964.58,0.2
14566,137,364851.65,0.88
14567,23254,174807.79,0.44
14568,18828,309296.04,0.76
14569,4136,242189.59,0.62
14570,6179,395525.44,0.29
14571,21011,128015.95,0.54
14572,20046,16928.91,0.59
14573,24152,355698.46,0.71
14574,25517,481883.94,0.52
14575,10974,51045.68,0.3
14576,15243,95402.35,0.14
14577,6043,423666.7,0.78
14578,4519,372042.43,0.54
14579,539,404557.37,0.73
14580,4066,45737.25,0.68
14581,4983,259438.2,0.13
14582,17378,149661.06,0.48
14583,13649,81125.96,0.8
14584,10430,268392.58,0.76
14585,31472,400291.65,0.81
14586,25640,452116.45,0.58
14587,8402,17437.39,0.67
14588,14193,131547.61,0.56
14589,16460,403037.29,0.86
14590,20690,455782.48,0.53
14591,14743,351819.6,0.6
14592,31533,357867.14,0.21
14593,32131,486933.46,0.18
14594,6851,395738.63,0.25
14595,7835,320938.05,0.44
14596,34858,43811.17,0.86
14597,18949,462946.46,0.36
14598,18048,54113.56,0.76
14599,31415,206590.99,0.67
14600,2486,440046.45,0.41
14601,30449,419325.11,0.34
14602,28107,285086.86,0.18
14603,26615,50344.07,0.15
14604,9406,140035.42,0.78
14605,28044,344472.35,0.88
14606,14854,389099.48,0.34
14607,12794,416649.51,0.47
14608,6488,76755.47,0.28
14609,24174,380888.08,0.27
14610,7242,321740.4,0.77
14611,15762,243622.46,0.41
14612,23667,132139.81,0.29
14613,19471,172916.96,0.89
14614,8972,458275.39,0.55
14615,10761,116648.96,0.37
14616,9150,76780.2,0.29
14617,23273,148253.16,0.11
14618,23175,67256.93,0.51
14619,28939,447159.86,0.45
14620,6466,468806.92,0.66
14621,24402,431491.77,0.83
14622,7011,312515.85,0.75
14623,1734,433310.91,0.74
14624,5202,69094.45,0.69
14625,23512,398854.89,0.62
14626,32165,10920.74,0.52
14627,7714,57192.92,0.51
14628,7198,356449.72,0.83
14629,9815,19212.75,0.4
14630,12757,55212.97,0.12
14631,18825,394723.96,0.2
14632,32380,230813.35,0.47
14633,12303,322567.71,0.75
14634,6330,457354.07,0.11
14635,15327,479591.26,0.84
14636,2971,487929.75,0.57
14637,7565,332180.06,0.84
14638,28372,46142.95,0.11
14639,18792,367756.64,0.51
14640,22018,253681.84,0.39
14641,11560,33364.38,0.16
14642,13949,202196.45,0.11
14643,28726,397194.53,0.16
14644,19588,393858.64,0.26
14645,2542,19797.8,0.68
14646,26698,411174.7,0.5
14647,18932,53244.13,0.43
14648,20345,241595.64,0.62
14649,12312,432585.91,0.26
14650,3286,449931.8,0.29
14651,31878,134136.16,0.11
14652,34629,269410.07,0.51
14653,27576,298086.92,0.35
14654,9895,233775.59,0.51
14655,17783,159499.28,0.39
14656,25050,185190.15,0.81
14657,6236,37467.8,0.55
14658,28238,195352.53,0.27
14659,17183,133430.87,0.72
14660,27912,388651.24,0.2
14661,33015,135675.64,0.23
14662,17031,323252.09,0.84
14663,21444,135869.69,0.83
14664,21146,330938.06,0.7
14665,28977,273244.18,0.67
14666,13303,129942.59,0.26
14667,16560,195996.51,0.13
14668,758,256735.38,0.58
14669,94,373737.32,0.54
14670,18636,77111.79,0.25
14671,12088,279820.09,0.5
14672,13004,331460.51,0.51
14673,27397,75485.33,0.23
14674,17708,246836.41,0.66
14675,28895,262120.5,0.28
14676,11635,457032.19,0.51
14677,34226,464627.15,0.28
14678,16555,375059.08,0.52
14679,20911,236325.92,0.74
14680,12001,132628.68,0.58
14681,6032,319665.7,0.53
14682,33937,301867.8,0.38
14683,34493,464559.33,0.51
14684,11874,409759.67,0.59
14685,561,392785.74,0.64
14686,24051,257109.58,0.88
14687,4564,424335.21,0.66
14688,7118,210208.21,0.31
14689,18978,176643.5,0.15
14690,9986,152458.37,0.88
14691,4884,297525.02,0.32
14692,6045,147087.19,0.51
14693,30927,307936.58,0.34
14694,204,210564.39,0.26
14695,12635,17999.24,0.33
14696,385,346621.85,0.75
14697,28115,138822.02,0.85
14698,6843,319276.71,0.37
14699,823,405613.2,0.25
14700,27601,277296.16,0.68
14701,8825,231782.15,0.7
14702,13696,255477.56,0.32
14703,27032,12174.26,0.23
14704,2309,353753.53,0.39
14705,19912,13579.74,0.32
14706,34173,422845.55,0.56
14707,27200,260256.67,0.32
14708,19280,335919.19,0.51
14709,2144,356529.35,0.56
14710,7391,166126.26,0.75
14711,25108,276596.31,0.75
14712,11084,71152.59,0.13
14713,34102,499873.0,0.19
14714,1369,258928.18,0.29
14715,4377,235318.77,0.41
14716,8068,245994.82,0.8
14717,25883,158218.5,0.83
14718,8602,290348.4,0.37
14719,17799,312869.79,0.77
14720,27612,394893.29,0.61
14721,6731,315433.17,0.78
14722,1285,174788.7,0.16
14723,32292,331719.53,0.9
14724,4194,338635.94,0.79
14725,4095,167676.87,0.76
14726,1267,398749.37,0.33
14727,6723,78767.51,0.37
14728,22459,49303.15,0.81
14729,7598,289864.61,0.84
14730,34335,47912.28,0.42
14731,16184,124049.04,0.53
14732,20015,88298.41,0.81
14733,15724,439345.87,0.9
14734,6279,294309.55,0.17
14735,19444,57823.86,0.15
14736,8017,166649.97,0.1
14737,24758,321543.41,0.87
14738,25018,293632.32,0.4
14739,17952,422315.71,0.5
14740,15704,194161.33,0.89
14741,20460,306288.84,0.5
14742,20848,224395.54,0.84
14743,34566,246608.54,0.44
14744,15482,229073.97,0.66
14745,22429,447238.58,0.18
14746,19668,85620.66,0.57
14747,9319,445561.06,0.38
14748,23833,416689.42,0.19
14749,5505,71096.11,0.67
14750,18904,438338.08,0.32
14751,12022,26128.67,0.49
14752,20863,338990.6,0.67
14753,300,367589.47,0.71
14754,5633,131318.72,0.44
14755,33204,453460.09,0.28
14756,1667,321722.48,0.34
14757,10680,492841.58,0.19
14758,16632,39977.28,0.71
14759,32826,453072.87,0.37
14760,30256,37308.59,0.43
14761,2812,196502.83,0.49
14762,1809,254392.4,0.19
14763,17247,432718.98,0.6
14764,13683,403460.5,0.74
14765,19571,486859.92,0.77
14766,10817,232311.57,0.37
14767,20770,40996.3,0.51
14768,31411,200471.69,0.2
14769,11640,54600.54,0.39
14770,3305,66891.66,0.62
14771,31140,117179.39,0.4
14772,24513,286016.25,0.78
14773,20096,303356.74,0.15
14774,7330,471359.12,0.54
14775,549,484374.38,0.11
14776,15742,479826.02,0.48
14777,807,483054.16,0.46
14778,13684,436208.07,0.35
14779,10458,246133.46,0.74
14780,14060,219880.56,0.23
14781,26122,417963.78,0.2
14782,16559,365525.84,0.74
14783,32444,372574.3,0.69
14784,28408,497764.84,0.2
14785,8072,353179.17,0.32
14786,621,52264.32,0.77
14787,28811,372026.43,0.19
14788,18270,171239.3,0.75
14789,21628,162399.51,0.42
14790,11568,269154.16,0.56
14791,4550,24448.62,0.62
14792,15838,264349.87,0.45
14793,29804,204783.0,0.58
14794,23785,131973.05,0.72
14795,4277,30609.49,0.58
14796,18722,165258.6,0.62
14797,32152,284966.73,0.69
14798,778,186573.15,0.55
14799,30547,91075.55,0.61
14800,7189,381371.9,0.16
14801,2853,133353.65,0.28
14802,16258,191051.2,0.63
14803,2147,295615.78,0.84
14804,12184,146075.41,0.74
14805,1881,471319.28,0.74
14806,29102,447249.39,0.35
14807,17463,17135.04,0.23
14808,11124,382786.87,0.16
14809,19204,444216.47,0.73
14810,8371,491192.13,0.34
14811,23791,484094.01,0.32
14812,11712,171093.15,0.48
14813,12870,169619.42,0.41
14814,9891,488534.56,0.22
14815,3605,459167.46,0.15
14816,12289,53179.68,0.77
14817,31131,345989.12,0.68
14818,12435,78455.91,0.22
14819,25808,467240.38,0.19
14820,3103,265821.49,0.2
14821,24184,345331.24,0.69
14822,12112,305444.06,0.58
14823,3541,182641.01,0.77
14824,27172,126356.84,0.43
14825,3629,359444.15,0.59
14826,18549,396324.44,0.25
14827,417,75009.99,0.27
14828,33219,280421.14,0.4
14829,12830,143542.34,0.17
14830,1993,373556.57,0.75
14831,16500,235187.71,0.27
14832,27172,396602.21,0.3
14833,2530,384295.38,0.47
14834,2001,159826.28,0.57
14835,23471,194226.27,0.4
14836,18927,291511.42,0.48
14837,10283,334046.94,0.74
14838,10414,481737.07,0.2
14839,7358,69634.32,0.14
14840,12301,105679.62,0.73
14841,30321,496732.22,0.56
14842,30860,439109.21,0.74
14843,13437,153911.29,0.6
14844,18305,308747.36,0.85
14845,18490,21566.66,0.21
14846,27855,99002.51,0.68
14847,459,152220.23,0.75
14848,4678,11617.58,0.85
14849,32224,409480.34,0.22
14850,32297,355916.07,0.22
14851,14625,142581.61,0.69
14852,18072,418312.9,0.68
14853,22845,179379.26,0.84
14854,31088,209980.38,0.41
14855,3627,433714.64,0.58
14856,19628,275399.97,0.8
14857,986,314470.87,0.53
14858,7782,431828.37,0.27
14859,32599,458321.83,0.65
14860,11993,246713.42,0.83
14861,16847,50917.75,0.26
14862,26144,221336.16,0.68
14863,6902,364066.01,0.53
14864,5320,242696.84,0.41
14865,24129,15110.77,0.81
14866,25999,57006.58,0.58
14867,18644,481693.85,0.31
14868,17020,141233.57,0.68
14869,22169,185139.94,0.3
14870,22065,262170.83,0.1
14871,3718,357965.89,0.45
14872,8876,39050.58,0.8
14873,13562,20880.73,0.73
14874,14857,90215.55,0.31
14875,3775,19155.64,0.63
14876,15894,145836.67,0.74
14877,7691,187415.67,0.87
14878,29273,206987.01,0.49
14879,25132,181853.35,0.7
14880,4285,49269.41,0.86
14881,16221,131381.53,0.24
14882,1821,166694.32,0.77
14883,34849,343875.41,0.19
14884,527,42062.05,0.19
14885,11494,154464.41,0.88
14886,6942,348903.85,0.56
14887,25030,184847.93,0.62
14888,14142,439515.53,0.59
14889,30595,204616.46,0.39
14890,18106,445509.9,0.67
14891,34595,429517.18,0.66
14892,23095,207646.89,0.63
14893,13601,436449.87,0.73
14894,28774,155407.71,0.69
14895,30159,457600.48,0.17
14896,17458,420062.93,0.66
14897,13163,172301.83,0.3
14898,32657,192970.3,0.12
14899,30275,368310.37,0.39
14900,33362,219220.79,0.61
14901,7977,77120.28,0.41
14902,15044,480976.34,0.31
14903,6832,418405.3,0.87
14904,7725,258716.08,0.11
14905,25172,244157.46,0.49
14906,13180,306414.02,0.49
14907,8553,407697.87,0.5
14908,33724,145150.55,0.81
14909,18470,268066.24,0.27
14910,31815,116692.27,0.31
14911,18836,158805.68,0.22
14912,12362,315334.65,0.27
14913,14986,142730.72,0.67
14914,15244,354417.26,0.74
14915,32508,223930.03,0.24
14916,7740,146228.87,0.58
14917,6723,338497.83,0.12
14918,5039,411519.56,0.2
14919,24318,291816.18,0.32
14920,28856,51495.05,0.79
14921,9192,367158.91,0.57
14922,9048,305474.5,0.52
14923,26695,121156.59,0.21
14924,23398,190239.75,0.18
14925,27110,332491.15,0.61
14926,28463,293260.06,0.12
14927,27270,216387.24,0.86
14928,14051,337986.88,0.68
14929,11782,272441.13,0.85
14930,15153,184061.1,0.34
14931,22345,95872.13,0.3
14932,9288,85630.96,0.22
14933,7524,86894.44,0.86
14934,21552,210213.08,0.68
14935,28610,394769.22,0.59
14936,12548,254494.18,0.78
14937,12640,368555.06,0.32
14938,18722,134613.55,0.79
14939,21598,116357.65,0.86
14940,10595,453309.03,0.52
14941,16539,291892.7,0.47
14942,25331,53312.79,0.26
14943,13411,67092.03,0.23
14944,2464,190106.39,0.18
14945,25981,274807.43,0.55
14946,21815,303972.12,0.85
14947,332,59115.38,0.26
14948,32524,497421.47,0.37
14949,27885,239997.73,0.73
14950,1427,168646.5,0.22
14951,9624,176723.42,0.38
14952,6662,438768.65,0.15
14953,3432,58910.56,0.87
14954,5993,255409.08,0.1
14955,28309,369578.13,0.43
14956,23512,78868.93,0.68
14957,22037,311848.85,0.2
14958,6953,111939.33,0.44
14959,2567,464452.02,0.22
14960,20537,439937.63,0.13
14961,31258,386639.94,0.19
14962,24104,159515.26,0.74
14963,24956,241339.07,0.21
14964,1622,244695.36,0.37
14965,19202,91397.14,0.69
14966,34014,448813.8,0.83
14967,10648,175652.74,0.53
14968,28992,352654.09,0.22
14969,28453,498451.92,0.39
14970,20905,208910.87,0.67
14971,713,100399.87,0.18
14972,28487,180852.46,0.22
14973,28868,416252.21,0.13
14974,17400,438216.14,0.43
14975,33235,221250.65,0.82
14976,6687,336558.59,0.56
14977,25446,72398.93,0.8
14978,12027,461126.6,0.57
14979,9140,433007.76,0.77
14980,3017,241783.63,0.58
14981,3065,197287.07,0.71
14982,31427,228921.11,0.61
14983,3712,405792.6,0.12
14984,7592,34307.03,0.21
14985,3070,143027.09,0.67
14986,4879,159949.04,0.57
14987,3808,405903.33,0.83
14988,26700,405929.6,0.68
14989,25720,136072.05,0.27
14990,12260,112376.19,0.61
14991,23681,290763.82,0.71
14992,15512,190388.81,0.35
14993,24499,143264.97,0.4
14994,14708,462531.67,0.2
14995,26568,138259.43,0.35
14996,7419,147849.1,0.84
14997,20079,94437.32,0.88
14998,14701,36189.89,0.5
14999,11602,349643.61,0.44
15000,31258,279802.03,0.88
15001,25514,96131.87,0.25
15002,9484,156332.47,0.48
15003,6533,343754.5,0.47
15004,8718,126207.72,0.49
15005,26523,164711.06,0.13
15006,18594,183504.16,0.4
15007,11172,237204.51,0.58
15008,17422,286760.6,0.12
15009,16785,231115.81,0.71
15010,31998,82730.44,0.87
15011,25279,468657.44,0.18
15012,33636,442730.08,0.27
15013,19167,478980.6,0.88
15014,27623,312570.39,0.74
15015,19605,89161.73,0.19
15016,27812,216084.66,0.55
15017,21494,93820.13,0.17
15018,22153,96469.38,0.75
15019,15031,200284.47,0.55
15020,31587,181285.49,0.19
15021,9834,136412.98,0.24
15022,12173,273218.89,0.13
15023,19847,426794.38,0.62
15024,11205,213495.1,0.16
15025,14678,160165.87,0.35
15026,4970,371608.91,0.49
15027,19501,398593.26,0.36
15028,33368,141158.98,0.86
15029,32593,242619.64,0.76
15030,5712,184045.89,0.89
15031,6893,117307.32,0.85
15032,852,457296.79,0.27
15033,8871,275521.94,0.51
15034,28243,237983.19,0.22
15035,30720,130903.29,0.23
15036,10931,26798.12,0.21
15037,32259,439696.48,0.87
15038,7988,385074.44,0.26
15039,19561,482694.73,0.32
15040,33197,58369.15,0.55
15041,20524,121472.79,0.66
15042,31333,452943.72,0.67
15043,33914,206593.83,0.65
15044,22195,436290.56,0.55
15045,11469,282813.12,0.32
15046,22692,263634.81,0.77
15047,32499,143009.41,0.27
15048,16384,240289.03,0.16
15049,10193,267265.01,0.56
15050,18316,346644.7,0.86
15051,5146,188086.56,0.28
15052,11082,67518.96,0.21
15053,9241,448712.91,0.41
15054,22895,74778.21,0.37
15055,4631,222153.41,0.72
15056,10742,329630.76,0.11
15057,24023,132760.16,0.83
15058,22775,348969.62,0.43
15059,22826,341668.97,0.14
15060,14641,323764.71,0.56
15061,11791,42008.95,0.57
15062,14561,59542.29,0.63
15063,24196,322152.48,0.44
15064,23335,247957.54,0.53
15065,8135,179629.82,0.64
15066,20882,324527.35,0.12
15067,7172,395734.26,0.15
15068,7275,269785.77,0.33
15069,22500,324194.59,0.55
15070,27629,106086.77,0.67
15071,33026,147638.41,0.45
15072,20518,308357.71,0.29
15073,1678,104156.37,0.87
15074,9844,111897.91,0.58
15075,16342,328702.93,0.39
15076,23855,482214.36,0.73
15077,18656,44257.56,0.38
15078,165,230791.31,0.85
15079,26500,485066.68,0.4
15080,28060,74857.49,0.35
15081,20959,484523.03,0.86
15082,34506,64664.08,0.15
15083,27454,291086.87,0.37
15084,4369,184971.11,0.48
15085,30827,434422.28,0.72
15086,16781,366966.25,0.63
15087,27481,49151.49,0.6
15088,22882,35722.81,0.62
15089,20055,126222.99,0.33
15090,23222,288930.93,0.5
15091,19922,197499.8,0.58
15092,16250,225915.18,0.83
15093,30416,22574.33,0.43
15094,7581,210471.05,0.89
15095,835,208042.08,0.28
15096,21531,57708.72,0.7
15097,3454,64146.07,0.46
15098,25639,174169.15,0.57
15099,31669,470409.96,0.17
15100,13988,189503.51,0.43
15101,7080,461226.72,0.72
15102,21341,441726.22,0.88
15103,34417,428602.75,0.16
15104,9530,472188.54,0.33
15105,27063,249976.35,0.27
15106,5376,20247.14,0.15
15107,6999,152075.66,0.61
15108,2624,411736.58,0.61
15109,27746,147942.16,0.5
15110,9189,327728.32,0.75
15111,18410,242988.18,0.23
15112,25165,32594.09,0.41
15113,3525,498201.61,0.5
15114,23521,102952.87,0.19
15115,18473,146514.62,0.2
15116,10328,65539.58,0.56
15117,22632,401667.6,0.17
15118,386,31161.95,0.51
15119,26663,26947.43,0.14
15120,4765,190115.77,0.45
15121,2249,340776.54,0.62
15122,12094,19601.79,0.29
15123,17157,338195.39,0.63
15124,26483,65527.71,0.16
15125,7003,115995.47,0.46
15126,20015,345263.88,0.77
15127,29698,94954.43,0.47
15128,27481,372612.81,0.22
15129,14938,116090.87,0.26
15130,20497,99512.27,0.58
15131,3480,10568.6,0.81
15132,28640,453557.28,0.67
15133,21085,78624.86,0.84
15134,28540,404364.23,0.51
15135,2717,140923.9,0.68
15136,6396,427924.44,0.87
15137,2423,166375.62,0.58
15138,21829,26459.9,0.53
15139,15573,388503.03,0.72
15140,20504,457236.56,0.44
15141,445,409309.05,0.59
15142,11262,431260.13,0.59
15143,3499,477183.29,0.88
15144,25971,332149.31,0.28
15145,19770,358284.28,0.63
15146,3583,191730.41,0.9
15147,10339,441597.89,0.25
15148,4973,68502.48,0.3
15149,28907,317507.33,0.32
15150,10285,69756.03,0.32
15151,1993,433736.17,0.48
15152,33891,180721.43,0.35
15153,23412,100149.44,0.3
15154,2009,259906.42,0.23
15155,31592,310056.43,0.34
15156,8700,143387.27,0.47
15157,17740,488998.24,0.4
15158,11967,142974.5,0.16
15159,33119,428573.05,0.25
15160,14506,413919.41,0.71
15161,26996,30053.9,0.23
15162,29954,198534.69,0.12
15163,29549,244460.46,0.64
15164,11008,319928.21,0.28
15165,33510,167530.76,0.86
15166,20227,400181.13,0.59
15167,16980,391853.87,0.81
15168,19611,432746.78,0.76
15169,22324,438091.19,0.66
15170,22497,428848.57,0.73
15171,27174,384209.67,0.8
15172,13497,189523.39,0.88
15173,1850,362124.09,0.12
15174,32073,152705.17,0.46
15175,4198,193077.73,0.22
15176,5483,239160.02,0.67
15177,27969,440631.74,0.54
15178,3546,336280.8,0.48
15179,28052,181930.01,0.86
15180,25718,311403.73,0.28
15181,1846,40713.35,0.31
15182,601,348232.2,0.26
15183,37,449455.71,0.51
15184,7563,234634.13,0.75
15185,12425,111791.67,0.74
15186,17983,103066.22,0.62
15187,32754,495609.22,0.4
15188,7042,434485.01,0.73
15189,20081,95182.89,0.28
15190,26605,108122.39,0.51
15191,28282,32414.76,0.31
15192,13510,389727.34,0.65
15193,13103,73667.08,0.23
15194,18196,289916.48,0.57
15195,7998,391951.3,0.61
15196,31294,400281.04,0.77
15197,20374,421467.41,0.75
15198,21863,310154.27,0.3
15199,7750,401652.49,0.46
15200,14699,89055.21,0.19
15201,24,338740.35,0.59
15202,1287,449357.59,0.72
15203,24608,342009.92,0.6
15204,3827,491414.07,0.25
15205,161,236173.27,0.89
15206,5787,307229.97,0.59
15207,7146,480404.54,0.56
15208,1217,453467.47,0.31
15209,7223,407273.48,0.4
15210,17874,347588.59,0.55
15211,29789,236536.86,0.78
15212,13141,29662.36,0.28
15213,27422,325740.37,0.89
15214,29132,175538.08,0.11
15215,11675,131600.64,0.17
15216,10417,492808.69,0.72
15217,14398,299624.69,0.79
15218,27149,420536.58,0.68
15219,16757,401384.97,0.41
15220,1297,322328.2,0.46
15221,17645,113818.1,0.45
15222,17556,201594.01,0.51
15223,16232,186979.5,0.86
15224,15403,293157.86,0.11
15225,5702,464206.53,0.32
15226,11172,322160.08,0.4
15227,18475,227254.68,0.15
15228,572,483220.4,0.42
15229,33949,276663.72,0.29
15230,24981,26903.73,0.76
15231,28777,175246.42,0.54
15232,1495,465423.79,0.9
15233,17056,28413.02,0.4
15234,34157,486994.26,0.85
15235,34264,306912.17,0.5
15236,17845,470105.92,0.27
15237,3899,227825.49,0.7
15238,5580,221396.19,0.74
15239,29343,455731.42,0.27
15240,28958,54094.06,0.54
15241,17975,498233.28,0.69
15242,13648,395316.44,0.64
15243,8120,165064.47,0.65
15244,24475,334467.35,0.81
15245,27354,197074.7,0.3
15246,18728,272162.17,0.82
15247,16204,164632.5,0.71
15248,25611,472987.57,0.85
15249,30374,113806.26,0.43
15250,22272,474822.16,0.81
15251,21861,172610.69,0.73
15252,34565,418035.91,0.49
15253,8288,71659.18,0.43
15254,15463,60562.9,0.65
15255,32990,131147.45,0.86
15256,28283,478264.87,0.69
15257,13864,70504.43,0.32
15258,20095,158678.87,0.57
15259,28657,277603.34,0.75
15260,2136,396015.06,0.16
15261,16804,450919.99,0.8
15262,20995,326808.76,0.86
15263,18031,137077.94,0.3
15264,22356,434726.61,0.88
15265,19086,48311.27,0.8
15266,11396,37317.29,0.37
15267,11482,63624.38,0.21
15268,66,81606.36,0.62
15269,26726,255597.79,0.66
15270,30453,420256.16,0.32
15271,20252,155274.21,0.47
15272,605,205116.39,0.82
15273,32461,372997.77,0.64
15274,2615,168061.04,0.34
15275,34722,237876.2,0.35
15276,14672,203153.03,0.76
15277,21664,87435.76,0.18
15278,6523,29477.59,0.87
15279,14468,318313.77,0.58
15280,3516,316879.11,0.41
15281,25804,168885.35,0.55
15282,27200,376928.07,0.46
15283,6706,20719.99,0.53
15284,29815,463354.85,0.42
15285,32469,111925.38,0.85
15286,7810,114203.88,0.29
15287,2295,498192.96,0.71
15288,17968,128199.27,0.86
15289,20583,154000.04,0.17
15290,30600,290699.81,0.87
15291,8912,204327.97,0.76
15292,11409,109530.09,0.19
15293,1500,495652.0,0.54
15294,24301,214406.91,0.33
15295,3657,459076.63,0.18
15296,24796,461315.23,0.38
15297,33367,306645.65,0.23
15298,17926,65006.09,0.29
15299,4509,167778.14,0.63
15300,32550,411333.7,0.12
15301,16313,279049.59,0.5
15302,14822,449016.52,0.48
15303,21508,426331.98,0.12
15304,1620,310760.99,0.28
15305,5619,293259.61,0.24
15306,5784,119416.86,0.28
15307,34461,23159.74,0.33
15308,11340,240591.62,0.33
15309,6962,96618.75,0.52
15310,22558,330814.96,0.32
15311,18075,456198.57,0.35
15312,1837,63098.53,0.85
15313,30566,438769.63,0.83
15314,11595,99836.56,0.49
15315,21156,496600.15,0.61
15316,16448,333859.88,0.48
15317,2660,272372.92,0.25
15318,3030,208569.03,0.15
15319,26358,188525.29,0.29
15320,13556,112156.65,0.84
15321,15737,301729.5,0.43
15322,23406,78144.35,0.22
15323,19640,335208.04,0.75
15324,19149,38917.85,0.4
15325,23881,412731.48,0.46
15326,289,168715.61,0.65
15327,10023,283114.93,0.21
15328,18540,248703.81,0.12
15329,26912,468879.15,0.57
15330,1284,442369.47,0.43
15331,17440,156607.64,0.27
15332,9621,294351.53,0.6
15333,25771,468249.55,0.51
15334,4958,376302.08,0.23
15335,1133,114432.39,0.51
15336,22145,338348.65,0.53
15337,32551,406498.28,0.55
15338,10654,34462.89,0.33
15339,16066,248969.02,0.28
15340,21100,470523.36,0.13
15341,39,183501.56,0.57
15342,22676,286951.28,0.1
15343,2583,55394.91,0.44
15344,8326,348755.02,0.36
15345,25015,89763.78,0.6
15346,27240,95023.69,0.76
15347,18063,184664.9,0.83
15348,32562,401314.99,0.34
15349,2510,195005.18,0.81
15350,33468,472693.93,0.33
15351,19822,324987.95,0.62
15352,33685,226085.81,0.1
15353,8043,258995.55,0.79
15354,32833,225661.16,0.28
15355,5369,110691.29,0.81
15356,8780,166943.62,0.87
15357,12855,257330.2,0.37
15358,9986,316554.16,0.19
15359,32439,35230.9,0.23
15360,14692,337284.63,0.51
15361,161,222100.32,0.68
15362,11158,57598.05,0.77
15363,9730,225213.6,0.22
15364,34710,347241.91,0.84
15365,19081,234065.66,0.28
15366,10072,242687.69,0.29
15367,17942,318983.53,0.35
15368,19030,355973.26,0.34
15369,2143,486689.67,0.33
15370,20263,213259.26,0.55
15371,33006,336420.07,0.11
15372,30483,424480.28,0.32
15373,24047,302531.88,0.58
15374,4010,493878.36,0.4
15375,22587,185699.95,0.78
15376,1780,464193.25,0.16
15377,4334,370163.55,0.65
15378,1475,410531.79,0.74
15379,11594,382683.17,0.46
15380,26364,482664.27,0.11
15381,23227,128739.17,0.75
15382,19491,440978.46,0.58
15383,25124,122470.84,0.25
15384,18227,369118.7,0.89
15385,20452,382106.84,0.26
15386,28512,99996.31,0.11
15387,16911,400608.55,0.52
15388,32646,140622.45,0.88
15389,14390,483814.94,0.24
15390,30255,24146.0,0.28
15391,27901,417836.68,0.51
15392,18535,107256.69,0.71
15393,31920,360799.6,0.53
15394,21804,372381.79,0.38
15395,28508,499671.04,0.38
15396,9807,26865.59,0.23
15397,16387,357576.01,0.44
15398,25057,110473.59,0.73
15399,443,83482.52,0.47
15400,34207,317773.17,0.31
15401,12992,357836.3,0.55
15402,16518,288052.28,0.52
15403,30025,388099.41,0.23
15404,17532,165705.86,0.72
15405,10799,412104.67,0.85
15406,32783,151485.77,0.86
15407,27216,71455.18,0.35
15408,22192,436858.05,0.12
15409,27967,345749.21,0.55
15410,27804,184176.07,0.77
15411,9843,373438.7,0.5
15412,17860,123801.87,0.39
15413,10290,461284.3,0.11
15414,29310,193157.59,0.82
15415,17099,81424.23,0.11
15416,7725,267485.37,0.85
15417,22616,369634.72,0.66
15418,10077,233492.23,0.45
15419,11577,59428.94,0.39
15420,30946,461708.3,0.44
15421,1600,17608.18,0.8
15422,31865,356382.9,0.26
15423,24041,105639.0,0.1
15424,15797,403661.65,0.85
15425,28115,466385.3,0.63
15426,30847,190153.02,0.32
15427,10093,179511.22,0.9
15428,6776,482836.05,0.58
15429,25417,27771.95,0.52
15430,18936,422117.91,0.33
15431,6282,79569.93,0.89
15432,2554,106306.61,0.12
15433,191,229430.18,0.22
15434,15665,24100.47,0.74
15435,5355,188035.73,0.52
15436,1147,26608.59,0.27
15437,19972,89366.0,0.13
15438,26782,180020.04,0.34
15439,17536,14707.06,0.9
15440,2200,334911.49,0.84
15441,10703,156843.31,0.18
15442,27764,397484.82,0.31
15443,17646,238971.75,0.35
15444,33074,499170.81,0.8
15445,7324,332814.58,0.51
15446,17481,76560.06,0.7
15447,29393,482444.37,0.49
15448,10834,231379.41,0.39
15449,23582,11566.3,0.18
15450,32016,29922.66,0.36
15451,3981,211382.75,0.52
15452,33114,52299.48,0.12
15453,1419,300253.76,0.35
15454,25726,385557.15,0.51
15455,1186,320440.36,0.84
15456,747,18687.23,0.49
15457,21397,438494.16,0.22
15458,8973,155146.06,0.79
15459,18153,486225.86,0.42
15460,28683,194663.89,0.12
15461,16913,153331.53,0.42
15462,23673,56552.87,0.87
15463,27462,128251.6,0.78
15464,23577,423387.0,0.29
15465,12300,16144.72,0.3
15466,16440,251339.98,0.77
15467,271,91241.56,0.14
15468,20162,168742.88,0.59
15469,22861,438203.08,0.88
15470,14258,178643.78,0.14
15471,13439,135361.6,0.39
15472,31533,132680.62,0.87
15473,28901,216997.6,0.71
15474,28297,16048.82,0.16
15475,32625,270978.48,0.63
15476,33529,173388.19,0.13
15477,20655,206305.46,0.46
15478,32218,137889.23,0.63
15479,30506,18238.64,0.83
15480,9913,83115.69,0.44
15481,7342,261402.42,0.22
15482,9491,194263.24,0.68
15483,13119,79038.66,0.2
15484,6809,470414.31,0.3
15485,34001,463105.93,0.61
15486,34957,216943.36,0.72
15487,23159,417026.39,0.13
15488,19110,423463.99,0.14
15489,15657,146434.34,0.75
15490,13833,117233.57,0.53
15491,33167,260502.4,0.65
15492,29763,381148.65,0.56
15493,5953,289850.45,0.33
15494,22105,169591.33,0.69
15495,15716,480167.82,0.5
15496,7479,424276.27,0.19
15497,1389,462862.03,0.72
15498,5119,52036.5,0.18
15499,22078,457695.51,0.39
15500,13956,237977.31,0.17
15501,15528,189141.62,0.35
15502,32725,471847.39,0.28
15503,28532,197658.43,0.49
15504,29836,333485.18,0.25
15505,23447,474527.68,0.66
15506,12582,84732.56,0.89
15507,726,307223.2,0.75
15508,34616,88443.24,0.12
15509,32489,396418.55,0.27
15510,423,211276.2,0.7
15511,30127,209133.47,0.62
15512,24145,266617.94,0.35
15513,1404,91472.1,0.58
15514,24226,452298.16,0.44
15515,21995,252274.56,0.46
15516,24959,45190.08,0.26
15517,908,382359.95,0.12
15518,178,383366.56,0.43
15519,785,119201.75,0.37
15520,12245,120969.64,0.52
15521,13756,135747.8,0.4
15522,27585,387744.72,0.68
15523,10529,434147.98,0.62
15524,28370,253596.64,0.29
15525,27855,378161.22,0.85
15526,25142,355095.91,0.82
15527,32682,209182.79,0.78
15528,21820,453234.0,0.6
15529,22784,238956.46,0.2
15530,13996,172403.37,0.75
15531,27461,430646.71,0.67
15532,30762,320268.51,0.72
15533,14510,340160.15,0.79
15534,8280,355540.57,0.52
15535,23479,483494.12,0.82
15536,15287,185224.22,0.28
15537,5526,424118.88,0.67
15538,22005,13574.06,0.81
15539,32695,295040.1,0.62
15540,29173,447062.8,0.16
15541,10636,25888.83,0.48
15542,25691,491531.42,0.89
15543,6670,491137.51,0.69
15544,27972,443678.57,0.23
15545,32328,117301.64,0.25
15546,738,26656.86,0.3
15547,34449,150990.81,0.57
15548,24902,382604.12,0.29
15549,4733,492588.34,0.42
15550,27841,212371.47,0.37
15551,33424,190028.38,0.3
15552,2102,466202.29,0.69
15553,5185,405719.84,0.58
15554,32639,390166.27,0.84
15555,12377,112162.54,0.59
15556,4006,160983.44,0.71
15557,17975,41298.36,0.46
15558,14309,178633.61,0.11
15559,17261,152921.62,0.88
15560,11157,116276.65,0.5
15561,24646,444265.97,0.79
15562,29587,453787.49,0.77
15563,3285,190827.05,0.51
15564,11249,135762.55,0.36
15565,7585,46813.7,0.49
15566,31257,491359.21,0.26
15567,29705,357773.9,0.57
15568,5617,52530.08,0.89
15569,946,311536.0,0.62
15570,4726,13575.37,0.7
15571,30791,210908.01,0.89
15572,4649,235193.56,0.77
15573,16819,152384.55,0.5
15574,33031,226667.57,0.36
15575,15605,302481.08,0.65
15576,2342,414614.84,0.67
15577,480,187578.97,0.54
15578,32808,393890.2,0.34
15579,22978,221997.76,0.75
15580,26609,326293.22,0.19
15581,9243,359686.42,0.47
15582,20126,43335.63,0.49
15583,3336,289990.85,0.87
15584,30955,23081.29,0.21
15585,32563,207917.46,0.67
15586,21030,64032.52,0.65
15587,24957,418070.7,0.13
15588,17676,484458.08,0.15
15589,21185,213238.83,0.44
15590,31838,250007.98,0.71
15591,9277,117664.87,0.72
15592,20504,33570.09,0.18
15593,17080,411122.16,0.48
15594,33621,401952.39,0.84
15595,6787,440920.05,0.64
15596,29349,247164.32,0.86
15597,7704,97992.51,0.39
15598,19382,458307.1,0.23
15599,29324,54111.39,0.31
15600,4181,203531.5,0.83
15601,16789,390422.55,0.45
15602,12741,26999.64,0.15
15603,15524,215180.63,0.84
15604,16415,272432.34,0.76
15605,34416,365781.81,0.8
15606,33964,346721.56,0.63
15607,5058,257325.55,0.54
15608,8299,396986.98,0.68
15609,17641,226057.15,0.82
15610,31965,260005.24,0.46
15611,4361,122614.88,0.66
15612,6002,85686.94,0.87
15613,30504,312845.26,0.36
15614,16687,122423.19,0.32
15615,20665,171155.22,0.46
15616,23717,459306.81,0.52
15617,26231,402729.91,0.31
15618,6170,352523.07,0.11
15619,4718,185825.54,0.36
15620,10249,395048.84,0.42
15621,28921,490549.62,0.69
15622,21890,153151.94,0.57
15623,22087,313413.22,0.32
15624,9445,118749.58,0.65
15625,15596,59167.45,0.69
15626,4181,410665.38,0.75
15627,10793,494113.58,0.22
15628,29557,17565.9,0.32
15629,32445,399714.5,0.62
15630,9627,425888.68,0.82
15631,260,106333.22,0.62
15632,4704,441916.27,0.36
15633,10200,193154.26,0.46
15634,24271,181928.63,0.59
15635,24733,439998.5,0.46
15636,30199,217882.6,0.29
15637,5152,197140.52,0.74
15638,29071,285534.42,0.15
15639,7922,114475.09,0.31
15640,5395,118614.75,0.8
15641,26876,371115.95,0.86
15642,24031,365503.48,0.9
15643,9457,21255.63,0.82
15644,6001,52331.11,0.67
15645,18703,436024.33,0.7
15646,2554,333371.2,0.68
15647,7547,223679.97,0.86
15648,28457,257996.06,0.51
15649,13270,274548.02,0.47
15650,7194,267183.6,0.29
15651,23938,233447.39,0.28
15652,6568,447777.94,0.77
15653,33598,225605.95,0.69
15654,28540,471051.06,0.34
15655,1311,183985.42,0.66
15656,33785,350373.93,0.7
15657,19441,413062.13,0.79
15658,24718,467397.07,0.8
15659,6357,32016.22,0.78
15660,26788,268324.59,0.59
15661,15877,96702.02,0.5
15662,10914,116267.45,0.66
15663,16230,74035.45,0.34
15664,13178,325978.18,0.82
15665,23672,230077.64,0.83
15666,18967,476086.04,0.81
15667,34729,136894.79,0.38
15668,10462,172038.89,0.24
15669,12140,160474.32,0.42
15670,11002,281939.29,0.17
15671,8245,46586.86,0.77
15672,9215,16106.78,0.35
15673,19712,496497.67,0.38
15674,21319,435697.82,0.87
15675,4934,432658.43,0.24
15676,3487,130812.26,0.1
15677,29270,179528.86,0.39
15678,16061,448033.17,0.24
15679,9843,196688.73,0.66
15680,11390,166066.14,0.73
15681,5104,105059.85,0.54
15682,6642,205764.83,0.57
15683,19251,20753.26,0.78
15684,530,365449.92,0.49
15685,3876,10817.5,0.12
15686,33912,11710.24,0.73
15687,33553,119979.58,0.7
15688,16130,411912.36,0.14
15689,72,474111.42,0.6
15690,28754,119411.02,0.81
15691,236,136559.82,0.7
15692,3042,399680.21,0.23
15693,23427,257822.91,0.3
15694,20940,196929.32,0.35
15695,212,191325.71,0.16
15696,23496,417407.98,0.1
15697,8006,143000.38,0.9
15698,3185,21767.07,0.67
15699,27009,98650.21,0.86
15700,10102,306927.1,0.52
15701,17926,404111.06,0.28
15702,24232,149585.21,0.24
15703,19749,485793.09,0.85
15704,262,217500.15,0.52
15705,25477,294228.36,0.85
15706,26832,67072.46,0.75
15707,19256,16580.12,0.23
15708,30835,54383.63,0.4
15709,25155,20977.73,0.7
15710,7054,63379.82,0.38
15711,19498,304967.61,0.84
15712,16755,193145.39,0.82
15713,7049,211662.78,0.26
15714,6663,259693.44,0.83
15715,6443,375709.19,0.83
15716,25649,403271.76,0.7
15717,22964,54060.2,0.52
15718,20508,498215.62,0.16
15719,33184,327602.0,0.47
15720,10132,165490.55,0.27
15721,8649,16090.54,0.22
15722,28024,179424.35,0.44
15723,17033,89588.75,0.18
15724,10244,249787.19,0.42
15725,1862,318195.63,0.49
15726,23009,103994.01,0.41
15727,14576,153712.48,0.49
15728,18802,499321.92,0.45
15729,8500,249937.99,0.16
15730,19054,99657.9,0.21
15731,26970,452117.97,0.53
15732,5589,497949.19,0.34
15733,16288,231945.4,0.32
15734,22889,378292.15,0.69
15735,17044,300099.11,0.52
15736,28933,287807.22,0.48
15737,31704,127197.87,0.66
15738,32506,69410.68,0.8
15739,24215,292687.62,0.18
15740,19677,202933.09,0.79
15741,33362,423174.19,0.56
15742,33645,429339.6,0.88
15743,22464,144527.42,0.6
15744,17475,54725.84,0.38
15745,14482,233663.76,0.87
15746,5032,423832.83,0.85
15747,17534,101519.28,0.79
15748,17243,213334.43,0.21
15749,9856,76573.27,0.35
15750,21258,386752.31,0.46
15751,16357,155136.17,0.54
15752,18707,84275.25,0.68
15753,32687,52274.44,0.13
15754,29480,236579.94,0.47
15755,31166,46216.18,0.25
15756,22437,302532.52,0.75
15757,28986,13018.53,0.88
15758,32180,257867.45,0.34
15759,1545,492445.83,0.72
15760,7260,350983.59,0.11
15761,29111,58223.88,0.17
15762,22700,434576.13,0.24
15763,6019,226386.95,0.15
15764,20625,297837.77,0.48
15765,5675,89269.58,0.82
15766,12945,136958.28,0.82
15767,1007,487974.14,0.33
15768,22599,177046.26,0.43
15769,29446,393894.06,0.49
15770,29761,157229.15,0.16
15771,6259,275397.41,0.76
15772,4563,329203.3,0.43
15773,12623,293095.85,0.24
15774,11283,391746.15,0.62
15775,7429,222649.75,0.79
15776,10835,358870.78,0.53
15777,5130,350508.46,0.71
15778,31165,159837.46,0.84
15779,4142,429592.71,0.52
15780,13870,201587.99,0.24
15781,22800,358310.31,0.22
15782,439,305791.77,0.23
15783,8433,390853.68,0.18
15784,15842,53969.79,0.72
15785,20582,26559.28,0.13
15786,34997,210865.17,0.79
15787,33343,247373.88,0.82
15788,20546,294596.34,0.79
15789,32915,460128.71,0.15
15790,10496,181708.33,0.62
15791,26313,77695.84,0.81
15792,25118,277287.57,0.68
15793,11704,243009.28,0.71
15794,1273,376178.08,0.22
15795,5996,22134.16,0.2
15796,18941,230938.18,0.63
15797,28479,316072.96,0.76
15798,29301,357917.96,0.86
15799,14301,79294.38,0.26
15800,26437,217829.6,0.56
15801,27158,154246.68,0.43
15802,30927,424659.77,0.19
15803,15103,30779.6,0.71
15804,1645,449714.67,0.68
15805,22574,339307.43,0.11
15806,16018,213074.85,0.37
15807,26319,159727.37,0.19
15808,21894,181675.81,0.36
15809,5935,461253.09,0.78
15810,6774,91867.28,0.79
15811,16559,343384.04,0.29
15812,5192,11333.85,0.46
15813,13429,495990.16,0.53
15814,5850,377137.47,0.74
15815,33150,201513.79,0.78
15816,25579,370525.08,0.45
15817,28619,404340.27,0.88
15818,10584,440206.71,0.72
15819,30179,150921.16,0.55
15820,21128,151734.51,0.77
15821,23615,76500.56,0.22
15822,18586,355306.55,0.68
15823,19758,75181.7,0.81
15824,26854,115157.02,0.5
15825,3659,212489.87,0.55
15826,16789,210107.65,0.62
15827,12718,366252.54,0.67
15828,4582,17591.3,0.23
15829,7887,112286.94,0.2
15830,32471,148807.39,0.75
15831,28101,45088.38,0.26
15832,18858,77891.89,0.61
15833,18789,307283.12,0.72
15834,10841,278394.21,0.31
15835,4529,264960.6,0.41
15836,34608,63366.68,0.14
15837,15325,132313.95,0.36
15838,14896,70805.57,0.86
15839,31672,387444.83,0.57
15840,28227,402276.18,0.4
15841,1263,469898.28,0.13
15842,30448,143886.9,0.81
15843,10095,463896.62,0.4
15844,21246,262945.94,0.72
15845,23661,232854.47,0.72
15846,32701,453417.98,0.67
15847,6090,34209.17,0.67
15848,11256,234138.18,0.29
15849,19550,422346.76,0.33
15850,34128,279845.93,0.38
15851,31184,26270.01,0.22
15852,31636,104714.12,0.51
15853,24159,300985.89,0.38
15854,16890,197090.73,0.51
15855,7932,268422.08,0.66
15856,15234,254013.08,0.73
15857,2129,454508.97,0.77
15858,33115,364211.73,0.64
15859,23608,387680.05,0.34
15860,10220,308213.43,0.48
15861,13720,250456.11,0.53
15862,6728,239377.76,0.51
15863,13923,467133.92,0.14
15864,31885,66971.58,0.22
15865,14132,101098.68,0.26
15866,23754,146292.69,0.23
15867,30582,409773.58,0.74
15868,20721,341539.16,0.39
15869,25673,286631.35,0.71
15870,27041,20862.49,0.15
15871,15689,301604.92,0.59
15872,11412,32515.51,0.31
15873,11605,279894.81,0.74
15874,25757,400785.04,0.31
15875,4200,228350.11,0.38
15876,33635,42187.13,0.18
15877,27831,465613.33,0.79
15878,11316,87670.08,0.35
15879,23058,298416.4,0.77
15880,33618,391676.28,0.23
15881,19571,239820.6,0.21
15882,12965,203042.37,0.56
15883,24879,56487.87,0.46
15884,32206,367872.83,0.59
15885,12427,386589.66,0.35
15886,22045,335709.5,0.26
15887,6286,87603.74,0.38
15888,22715,74115.26,0.17
15889,20807,136375.71,0.72
15890,12670,446622.41,0.76
15891,24530,209486.0,0.81
15892,16140,421898.54,0.47
15893,11267,216220.18,0.24
15894,4890,312072.51,0.72
15895,29236,495469.14,0.79
15896,30598,438345.92,0.49
15897,1907,71825.3,0.65
15898,15265,189868.29,0.84
15899,5302,442589.97,0.45
15900,23221,216930.54,0.7
15901,3306,244537.37,0.59
15902,10128,93799.35,0.67
15903,30636,76747.97,0.34
15904,28566,433217.73,0.48
15905,5437,464991.06,0.3
15906,22264,467586.99,0.54
15907,9337,365074.37,0.47
15908,29624,99309.86,0.25
15909,16789,322698.1,0.26
15910,25259,14827.85,0.31
15911,8254,407174.57,0.31
15912,16041,430817.77,0.4
15913,15227,59190.8,0.15
15914,19224,353998.23,0.89
15915,25429,62154.81,0.55
15916,11669,163852.71,0.29
15917,11441,446256.53,0.77
15918,34757,93407.87,0.25
15919,34101,442726.56,0.47
15920,14677,206430.12,0.86
15921,648,246600.31,0.13
15922,12316,334186.67,0.12
15923,4083,449272.49,0.41
15924,1258,315881.25,0.88
15925,24303,344287.17,0.38
15926,3105,440193.23,0.44
15927,33829,23817.86,0.73
15928,21419,113287.19,0.74
15929,19917,239295.81,0.17
15930,2079,107145.41,0.53
15931,18813,481667.25,0.51
15932,32313,161351.09,0.53
15933,32264,87854.54,0.32
15934,6485,201667.92,0.89
15935,18792,251035.74,0.9
15936,22633,158328.92,0.62
15937,15723,395165.83,0.35
15938,13102,126296.0,0.77
15939,8981,219015.8,0.48
15940,9783,333876.64,0.11
15941,24802,198596.54,0.39
15942,20187,103135.29,0.72
15943,10718,343573.74,0.5
15944,31018,16699.45,0.78
15945,33491,125133.18,0.81
15946,12996,450662.16,0.76
15947,6770,445669.16,0.72
15948,4344,97729.89,0.48
15949,28709,341182.58,0.27
15950,23566,357498.84,0.82
15951,27581,379668.49,0.12
15952,19286,473594.61,0.39
15953,22805,25551.26,0.53
15954,13697,335137.5,0.2
15955,4664,227715.11,0.58
15956,19088,216318.45,0.3
15957,15638,178696.03,0.71
15958,6089,329458.61,0.81
15959,1510,384794.29,0.82
15960,28883,119926.65,0.2
15961,23825,436036.01,0.29
15962,17532,140591.48,0.51
15963,14556,83647.27,0.88
15964,8488,146951.36,0.19
15965,5561,61763.68,0.62
15966,22510,186861.36,0.14
15967,3913,482293.97,0.28
15968,10502,365918.49,0.26
15969,33872,250517.44,0.67
15970,5751,98686.47,0.4
15971,33736,474844.71,0.6
15972,13591,473768.47,0.38
15973,27437,132693.33,0.76
15974,34313,468480.92,0.53
15975,8095,475093.54,0.45
15976,11909,488940.47,0.15
15977,6090,309224.8,0.26
15978,1242,219904.04,0.62
15979,26888,163477.38,0.57
15980,5717,438040.31,0.69
15981,25159,418553.29,0.12
15982,14942,276503.42,0.18
15983,18343,233189.49,0.66
15984,28798,200218.06,0.21
15985,19117,21438.79,0.88
15986,26496,381906.81,0.6
15987,9408,160577.25,0.87
15988,32431,498139.71,0.62
15989,22613,32794.43,0.85
15990,34649,133935.21,0.47
15991,6206,421911.24,0.33
15992,9445,407342.42,0.8
15993,19025,101771.18,0.41
15994,33570,225556.56,0.61
15995,17632,288505.85,0.38
15996,10558,404530.21,0.87
15997,25913,14850.42,0.56
15998,4596,141337.02,0.38
15999,27184,497691.7,0.31
16000,9357,62170.41,0.85
16001,14366,384573.42,0.16
16002,30712,77993.05,0.86
16003,9536,33212.64,0.78
16004,26006,56906.33,0.63
16005,27770,63278.51,0.2
16006,21302,107588.99,0.47
16007,10601,262513.81,0.88
16008,24536,342824.05,0.47
16009,31652,483029.65,0.64
16010,4316,47212.49,0.3
16011,1109,349218.53,0.45
16012,15313,425758.61,0.75
16013,6144,46673.16,0.5
16014,25585,170924.87,0.81
16015,22607,397379.46,0.86
16016,27331,370767.44,0.53
16017,28420,369640.44,0.68
16018,27283,341119.65,0.82
16019,9612,413045.31,0.45
16020,18347,53526.27,0.17
16021,23431,207902.04,0.61
16022,5942,207478.55,0.45
16023,4507,456464.45,0.74
16024,32698,215918.07,0.42
16025,21537,331733.14,0.76
16026,3474,139102.03,0.29
16027,14252,244659.58,0.41
16028,23186,372405.89,0.1
16029,15564,286944.22,0.48
16030,23860,410915.92,0.26
16031,30722,232241.68,0.31
16032,25202,285885.45,0.8
16033,19800,195466.17,0.89
16034,16634,452853.47,0.12
16035,10616,169718.66,0.76
16036,14376,22489.17,0.78
16037,22762,424713.97,0.89
16038,24084,173768.62,0.61
16039,1728,28185.91,0.82
16040,31443,282710.8,0.22
16041,32567,444288.76,0.48
16042,29847,300268.04,0.56
16043,3062,184033.13,0.5
16044,17622,392828.67,0.54
16045,25100,66754.71,0.73
16046,3087,491189.82,0.69
16047,17012,450900.88,0.5
16048,26384,23951.31,0.33
16049,3346,415340.21,0.37
16050,12475,140987.14,0.23
16051,10952,356765.0,0.29
16052,15,216259.02,0.46
16053,20776,365143.22,0.48
16054,10538,245945.39,0.16
16055,29639,171560.05,0.3
16056,4565,143771.66,0.7
16057,17535,327220.56,0.34
16058,7533,243069.81,0.79
16059,10887,143962.02,0.16
16060,11991,231252.96,0.17
16061,15911,304678.2,0.83
16062,18432,393123.17,0.71
16063,29913,121461.26,0.35
16064,34197,117272.6,0.33
16065,33162,108710.27,0.77
16066,10303,428879.29,0.72
16067,24273,115989.52,0.69
16068,12948,400101.64,0.85
16069,20609,384762.24,0.68
16070,1018,291853.12,0.24
16071,7774,254860.9,0.31
16072,28690,432261.18,0.17
16073,9747,161390.77,0.46
16074,29382,359077.81,0.65
16075,28500,10201.88,0.86
16076,21892,324709.3,0.59
16077,32970,18860.45,0.81
16078,32233,67140.24,0.32
16079,27845,391982.19,0.45
16080,10449,384409.43,0.5
16081,30908,191953.6,0.2
16082,30158,406802.09,0.42
16083,4494,123036.83,0.31
16084,18614,132403.16,0.31
16085,8189,456273.61,0.61
16086,1249,219488.91,0.7
16087,32941,325231.0,0.56
16088,16892,371055.45,0.24
16089,21709,284095.47,0.85
16090,22280,468015.63,0.19
16091,28767,386763.53,0.45
16092,8056,192215.82,0.21
16093,8357,153559.18,0.59
16094,12920,176683.91,0.59
16095,11460,143272.03,0.36
16096,5321,78381.95,0.46
16097,31139,307044.0,0.33
16098,34758,330379.95,0.6
16099,5873,79599.85,0.51
16100,11267,37263.98,0.39
16101,20177,398345.19,0.4
16102,33336,319490.54,0.46
16103,28035,282714.18,0.58
16104,3190,356370.04,0.39
16105,33182,369869.45,0.88
16106,25326,185868.46,0.24
16107,24526,498873.34,0.5
16108,31156,46579.72,0.22
16109,12822,159055.87,0.29
16110,32636,293498.61,0.32
16111,29676,55064.07,0.6
16112,7668,307896.61,0.45
16113,24790,478008.65,0.39
16114,15962,300837.41,0.85
16115,23212,49204.77,0.14
16116,5451,212588.17,0.69
16117,297,385353.09,0.51
16118,28702,180888.92,0.74
16119,14983,322918.86,0.49
16120,33544,27027.98,0.77
16121,16966,378981.1,0.82
16122,14350,378787.57,0.4
16123,23800,425537.59,0.14
16124,18117,228933.05,0.52
16125,31190,296530.02,0.77
16126,4293,12273.52,0.2
16127,21879,280177.42,0.59
16128,12689,184792.05,0.48
16129,26092,246315.39,0.14
16130,29813,203026.69,0.32
16131,18973,288970.65,0.4
16132,11931,241527.61,0.23
16133,14035,489822.54,0.77
16134,22942,182724.74,0.35
16135,34027,222797.68,0.33
16136,10542,233978.83,0.48
16137,27995,183748.91,0.33
16138,11706,176572.19,0.68
16139,18267,485767.32,0.34
16140,24709,443795.97,0.6
16141,32723,22663.46,0.11
16142,21032,460086.01,0.25
16143,34965,395246.38,0.77
16144,26306,71345.99,0.71
16145,5263,103563.46,0.3
16146,7955,290369.5,0.58
16147,944,217820.68,0.44
16148,14910,189810.17,0.62
16149,20356,215766.78,0.87
16150,14779,43259.86,0.49
16151,3349,246568.83,0.24
16152,30647,437984.64,0.15
16153,1012,404735.67,0.68
16154,34431,188727.92,0.61
16155,940,367428.45,0.37
16156,6323,182603.94,0.25
16157,1710,160518.13,0.78
16158,9936,198920.1,0.88
16159,10259,421136.47,0.87
16160,22490,227623.85,0.25
16161,27777,270950.4,0.82
16162,7465,264517.59,0.22
16163,25455,451356.82,0.62
16164,20369,230475.47,0.4
16165,7691,110496.75,0.35
16166,32924,103000.52,0.39
16167,32425,470052.57,0.13
16168,13439,280672.55,0.53
16169,9650,212796.73,0.17
16170,24953,197020.16,0.28
16171,30307,48830.73,0.88
16172,31242,160407.52,0.15
16173,14108,81167.37,0.72
16174,27488,318156.17,0.25
16175,7218,181149.49,0.21
16176,17221,244000.04,0.34
16177,1191,378276.84,0.12
16178,7624,332625.62,0.68
16179,12697,442742.12,0.77
16180,23633,290201.12,0.86
16181,25029,418207.01,0.9
16182,22193,427314.99,0.15
16183,29960,192687.86,0.86
16184,5665,70518.56,0.46
16185,29744,84830.92,0.84
16186,19155,235711.37,0.74
16187,20455,356334.93,0.68
16188,31580,13403.86,0.76
16189,17046,14349.17,0.85
16190,20671,436998.91,0.2
16191,33375,171337.29,0.34
16192,24320,109221.65,0.85
16193,31514,307435.48,0.63
16194,6654,51718.78,0.81
16195,34432,240515.81,0.69
16196,4127,376603.13,0.65
16197,29727,364442.11,0.8
16198,18905,124442.99,0.75
16199,5488,365465.69,0.39
16200,30430,124905.38,0.7
16201,15464,167577.53,0.59
16202,28139,22264.81,0.71
16203,1174,310093.24,0.5
16204,19686,156063.4,0.41
16205,12973,54912.84,0.33
16206,21278,459755.4,0.38
16207,18645,180925.76,0.78
16208,17560,315920.69,0.62
16209,11386,60164.06,0.64
16210,22139,439687.27,0.75
16211,24372,334945.13,0.63
16212,31459,492804.9,0.5
16213,9372,410711.62,0.58
16214,28844,244594.38,0.6
16215,12181,483451.34,0.82
16216,13553,338509.88,0.39
16217,24509,456248.42,0.48
16218,17695,206974.15,0.37
16219,26163,33732.33,0.5
16220,28238,20491.27,0.55
16221,9647,236625.1,0.67
16222,19362,278830.25,0.75
16223,4613,473823.59,0.6
16224,9611,277655.49,0.25
16225,33818,470759.3,0.6
16226,26957,42792.5,0.72
16227,16198,422416.01,0.13
16228,16009,377529.29,0.56
16229,32150,175514.12,0.17
16230,2528,21858.68,0.15
16231,3473,112560.05,0.82
16232,27918,293038.65,0.69
16233,28748,431843.62,0.46
16234,347,203074.7,0.53
16235,26591,116979.13,0.24
16236,7418,124817.98,0.43
16237,28039,184099.72,0.55
16238,16042,359708.41,0.11
16239,6698,46982.21,0.65
16240,11440,94214.88,0.79
16241,13787,89345.16,0.89
16242,16410,15438.87,0.47
16243,9366,125462.11,0.69
16244,6061,285954.89,0.54
16245,26840,419233.44,0.62
16246,11224,313622.91,0.12
16247,34745,107147.57,0.87
16248,25337,472777.41,0.24
16249,18621,195700.38,0.76
16250,23115,149233.99,0.78
16251,33619,265590.24,0.34
16252,19347,212858.47,0.74
16253,32298,476281.73,0.22
16254,10116,87552.19,0.78
16255,12545,363865.31,0.27
16256,21984,280708.26,0.77
16257,32960,408260.58,0.48
16258,820,294768.58,0.16
16259,23918,473595.42,0.74
16260,25903,167818.85,0.44
16261,22934,327436.38,0.46
16262,21309,380855.8,0.72
16263,7668,167125.46,0.26
16264,30963,309540.65,0.51
16265,24186,286563.72,0.83
16266,8791,74252.08,0.47
16267,14523,21066.97,0.72
16268,18158,166009.05,0.82
16269,24057,239663.16,0.68
16270,17276,17986.57,0.12
16271,17824,128489.82,0.37
16272,21107,251015.17,0.86
16273,26046,28995.88,0.48
16274,14987,463305.57,0.79
16275,19916,201775.53,0.76
16276,10501,384881.05,0.62
16277,27203,290859.59,0.47
16278,22795,95091.13,0.53
16279,27815,124276.9,0.47
16280,7611,495318.0,0.3
16281,34116,395601.6,0.72
16282,11082,20094.05,0.23
16283,6841,255991.83,0.81
16284,20296,249965.93,0.71
16285,18306,402364.76,0.49
16286,4501,154496.57,0.43
16287,18360,24467.38,0.31
16288,34375,135538.34,0.17
16289,34968,49735.77,0.3
16290,13384,195460.08,0.26
16291,28609,377305.75,0.36
16292,19153,431677.83,0.45
16293,15435,445533.99,0.52
16294,27582,191632.5,0.29
16295,27055,192573.57,0.84
16296,18580,385609.75,0.37
16297,6714,146440.34,0.21
16298,5581,404068.93,0.36
16299,15976,127522.81,0.65
16300,32017,415832.55,0.5
16301,31091,49670.44,0.68
16302,25278,337944.94,0.19
16303,13437,201677.43,0.72
16304,28978,13010.66,0.38
16305,8020,265897.77,0.16
16306,14395,283495.79,0.79
16307,3838,217828.35,0.54
16308,25461,247189.58,0.74
16309,13207,158355.11,0.37
16310,14250,298387.09,0.75
16311,20070,128804.28,0.31
16312,25228,389303.19,0.4
16313,27558,290775.81,0.78
16314,2129,132116.36,0.57
16315,33751,36828.65,0.1
16316,6376,405003.54,0.57
16317,28025,220225.96,0.86
16318,3851,484162.86,0.8
16319,6495,295674.52,0.73
16320,20111,170262.25,0.44
16321,34867,410969.55,0.5
16322,6329,287435.42,0.64
16323,21077,423686.6,0.63
16324,4682,145496.79,0.86
16325,10131,457806.7,0.8
16326,23425,83500.32,0.29
16327,29466,405127.76,0.33
16328,2705,253835.29,0.7
16329,30813,454603.93,0.29
16330,31006,106434.48,0.4
16331,13318,136735.68,0.87
16332,34206,341470.87,0.83
16333,27486,77618.76,0.65
16334,32516,471469.16,0.68
16335,20652,12543.98,0.62
16336,15765,98776.96,0.3
16337,20949,368510.9,0.37
16338,34640,15701.01,0.71
16339,12695,405020.1,0.62
16340,8961,348668.05,0.15
16341,23339,148174.38,0.74
16342,30655,193174.36,0.63
16343,10887,334371.36,0.67
16344,8066,403872.09,0.64
16345,14225,83397.76,0.15
16346,27417,330166.32,0.1
16347,33285,21763.02,0.1
16348,1333,367774.56,0.82
16349,12692,265285.86,0.71
16350,30119,45653.38,0.81
16351,31087,470546.77,0.8
16352,25536,300759.62,0.2
16353,9703,219476.25,0.13
16354,7499,102668.99,0.18
16355,7515,55351.3,0.77
16356,16076,387260.89,0.24
16357,25312,442072.78,0.47
16358,2772,394072.58,0.16
16359,18378,173194.03,0.16
16360,30773,261576.84,0.11
16361,18361,387100.19,0.56
16362,18338,159089.14,0.45
16363,31494,64664.42,0.86
16364,12826,469780.05,0.35
16365,8559,446443.04,0.53
16366,4058,311155.3,0.31
16367,8490,486262.15,0.82
16368,18230,35730.6,0.7
16369,6333,46071.14,0.67
16370,28761,80622.14,0.62
16371,20140,219670.92,0.54
16372,33215,49849.46,0.71
16373,8935,347576.34,0.31
16374,3178,346355.21,0.6
16375,19877,165515.99,0.14
16376,14323,169477.97,0.44
16377,16266,324826.7,0.62
16378,28890,242223.22,0.55
16379,9159,86175.59,0.49
16380,17985,341744.12,0.83
16381,23595,157961.76,0.85
16382,32994,161987.65,0.78
16383,32276,73704.38,0.42
16384,22879,186209.1,0.46
16385,26733,331864.49,0.67
16386,815,210040.31,0.35
16387,5994,125629.72,0.44
16388,4302,348234.52,0.27
16389,16712,54941.28,0.62
16390,4622,301879.52,0.56
16391,26783,228775.69,0.22
16392,8489,197821.99,0.47
16393,17840,392559.85,0.79
16394,6416,20047.95,0.66
16395,5326,158559.59,0.43
16396,8090,492764.86,0.87
16397,8029,473899.85,0.65
16398,6045,199970.54,0.44
16399,25602,42296.8,0.74
16400,26159,334950.65,0.43
16401,9083,26778.04,0.28
16402,4916,287760.11,0.75
16403,16489,322341.67,0.78
16404,13075,201294.13,0.85
16405,2835,281086.16,0.76
16406,3156,300862.11,0.14
16407,13169,37451.54,0.38
16408,33451,78945.14,0.33
16409,8193,144493.86,0.87
16410,29475,36383.59,0.51
16411,6150,89669.3,0.42
16412,8582,173520.99,0.47
16413,18334,304025.84,0.26
16414,7148,87446.95,0.24
16415,16841,450236.79,0.5
16416,2501,66496.13,0.58
16417,30431,255405.74,0.25
16418,12213,29581.13,0.18
16419,32895,73761.57,0.18
16420,11438,433262.78,0.51
16421,10498,122962.64,0.25
16422,12211,82780.32,0.81
16423,9212,488659.37,0.52
16424,33059,290293.79,0.64
16425,13484,326435.6,0.83
16426,7187,434577.22,0.32
16427,17252,130280.94,0.27
16428,17260,126163.4,0.18
16429,18034,313436.18,0.11
16430,29807,136928.77,0.51
16431,33479,249117.85,0.8
16432,3711,54344.98,0.28
16433,26615,299159.78,0.68
16434,4661,109626.85,0.59
16435,25902,281981.89,0.84
16436,22942,362198.83,0.12
16437,34178,419244.43,0.65
16438,8485,140170.03,0.56
16439,23661,106576.37,0.17
16440,6374,335218.78,0.89
16441,4692,385139.92,0.7
16442,16964,77410.52,0.11
16443,991,237920.56,0.19
16444,26902,339819.45,0.81
16445,13556,20208.49,0.47
16446,10146,390959.69,0.33
16447,9789,340877.05,0.23
16448,20324,362947.24,0.21
16449,16534,424892.1,0.69
16450,11812,20646.74,0.17
16451,14791,493661.8,0.84
16452,33633,264894.26,0.75
16453,14644,474648.23,0.45
16454,12599,175309.96,0.68
16455,32368,82675.11,0.63
16456,9048,178105.93,0.44
16457,763,217467.89,0.89
16458,29899,413556.27,0.2
16459,26823,314858.7,0.79
16460,32187,397089.5,0.3
16461,9220,190681.29,0.86
16462,9892,264366.71,0.16
16463,7577,323910.83,0.21
16464,15549,35946.34,0.57
16465,11109,151935.86,0.32
16466,6665,104318.64,0.6
16467,13551,301872.01,0.81
16468,3602,359965.93,0.14
16469,18270,77481.99,0.29
16470,3856,382585.69,0.59
16471,16967,342835.0,0.54
16472,10437,211642.91,0.52
16473,5999,14290.14,0.63
16474,20373,193643.25,0.11
16475,30463,230582.77,0.83
16476,4500,476668.18,0.26
16477,25777,98870.84,0.29
16478,34099,71149.84,0.7
16479,16091,439686.9,0.81
16480,31764,34047.81,0.79
16481,212,114078.25,0.81
16482,929,455285.5,0.18
16483,28441,256360.39,0.67
16484,2296,496089.26,0.85
16485,5878,455809.25,0.77
16486,2409,388107.26,0.47
16487,11552,236289.27,0.77
16488,24709,285703.28,0.58
16489,22743,473682.93,0.61
16490,33285,181186.12,0.88
16491,15774,158689.99,0.45
16492,366,322644.32,0.33
16493,16202,376622.19,0.13
16494,14600,41602.2,0.89
16495,26483,33191.06,0.28
16496,1324,118707.95,0.74
16497,8280,446447.55,0.61
16498,1502,236834.01,0.76
16499,1043,108255.59,0.89
16500,28036,294571.94,0.72
16501,24585,59068.82,0.53
16502,9531,369229.81,0.75
16503,26385,226221.97,0.4
16504,33693,172456.44,0.5
16505,31774,270596.44,0.86
16506,29546,263893.58,0.17
16507,897,171323.04,0.86
16508,11828,59205.44,0.47
16509,18375,462685.22,0.41
16510,25468,227962.2,0.55
16511,8312,441816.04,0.89
16512,15187,264668.18,0.35
16513,32470,257096.44,0.87
16514,29018,51053.74,0.7
16515,6957,369621.24,0.3
16516,10149,369469.86,0.75
16517,10851,338970.62,0.85
16518,25183,351483.45,0.37
16519,3900,299406.55,0.2
16520,14536,110129.96,0.25
16521,1147,78625.09,0.25
16522,7193,461372.72,0.87
16523,7292,216448.26,0.21
16524,27801,463255.14,0.87
16525,10605,495840.89,0.22
16526,2226,179303.21,0.65
16527,4467,52450.81,0.55
16528,9432,210968.77,0.26
16529,7860,304585.09,0.82
16530,3122,387748.58,0.46
16531,10928,309964.83,0.47
16532,23011,393666.95,0.64
16533,6679,62398.7,0.3
16534,2917,256462.85,0.16
16535,25118,88270.32,0.26
16536,32540,330581.02,0.33
16537,23447,290388.4,0.38
16538,34704,385698.25,0.89
16539,21999,252840.05,0.68
16540,27902,293143.32,0.32
16541,12395,374837.86,0.5
16542,19269,105805.79,0.29
16543,6614,16106.72,0.18
16544,1251,292080.18,0.4
16545,9609,457387.17,0.38
16546,1950,166834.72,0.7
16547,21441,441038.64,0.65
16548,18446,356952.3,0.9
16549,725,200969.78,0.44
16550,5825,459388.56,0.63
16551,33776,334006.73,0.1
16552,10779,342833.26,0.2
16553,12977,77222.38,0.24
16554,8532,222147.11,0.83
16555,15477,409530.3,0.21
16556,7561,358154.56,0.68
16557,3012,134148.48,0.43
16558,6747,299986.77,0.43
16559,2786,157636.39,0.59
16560,11993,242634.83,0.43
16561,15048,91322.82,0.45
16562,8225,383337.76,0.47
16563,9769,107957.96,0.33
16564,33637,243456.11,0.32
16565,4806,436003.68,0.14
16566,28717,483352.4,0.64
16567,2389,155595.32,0.9
16568,23955,59536.18,0.88
16569,1396,44891.43,0.48
16570,33460,479073.42,0.39
16571,17343,39392.89,0.39
16572,22981,54046.59,0.36
16573,22198,136952.96,0.5
16574,18664,63798.3,0.63
16575,11270,281032.82,0.16
16576,33768,17555.2,0.29
16577,20693,290081.09,0.16
16578,19354,136828.3,0.69
16579,16508,362302.67,0.8
16580,17742,395594.2,0.39
16581,2296,115982.38,0.68
16582,28927,339038.35,0.89
16583,15429,15065.63,0.56
16584,27180,481572.83,0.21
16585,29873,459625.79,0.67
16586,232,57480.8,0.55
16587,6827,306190.39,0.83
16588,22111,176066.14,0.57
16589,28534,27821.85,0.44
16590,17638,39827.31,0.77
16591,12926,369039.87,0.11
16592,24859,108219.29,0.17
16593,6278,327417.91,0.29
16594,20440,277035.37,0.55
16595,1597,112059.26,0.27
16596,6065,238691.29,0.38
16597,448,391508.33,0.52
16598,21811,156658.84,0.25
16599,33195,154214.66,0.37
16600,19751,133133.5,0.47
16601,5881,238935.07,0.2
16602,7432,44386.47,0.58
16603,13898,380608.69,0.12
16604,3491,342154.83,0.87
16605,18639,160649.68,0.7
16606,34568,450393.3,0.51
16607,13209,427617.58,0.19
16608,2931,15417.12,0.4
16609,17989,208948.44,0.73
16610,23607,165763.31,0.59
16611,18983,411772.55,0.6
16612,19697,121349.59,0.76
16613,1899,130447.21,0.28
16614,23027,126876.78,0.19
16615,30109,66008.7,0.25
16616,9524,153747.8,0.15
16617,4474,225057.71,0.72
16618,28789,266512.05,0.28
16619,7460,326816.41,0.39
16620,27843,243310.98,0.18
16621,14512,38471.82,0.56
16622,31557,138134.89,0.57
16623,34924,111694.14,0.36
16624,27302,206376.72,0.6
16625,11499,348121.23,0.18
16626,23496,265653.24,0.49
16627,14084,236238.54,0.58
16628,8100,279907.74,0.8
16629,16723,77049.47,0.82
16630,29282,48555.38,0.29
16631,11054,48059.2,0.84
16632,5438,497510.21,0.34
16633,30358,336401.4,0.79
16634,1824,96643.44,0.31
16635,32626,135458.04,0.8
16636,22535,197438.64,0.38
16637,18001,246902.36,0.77
16638,21888,325179.49,0.3
16639,8449,459850.72,0.27
16640,32939,378647.18,0.59
16641,33413,77842.68,0.47
16642,2470,163706.07,0.5
16643,5979,270565.97,0.75
16644,1353,477555.99,0.81
16645,29375,372572.91,0.64
16646,8262,327935.05,0.81
16647,28076,247781.54,0.1
16648,7023,208835.21,0.41
16649,5884,216470.08,0.22
16650,30454,204462.86,0.69
16651,2281,408375.76,0.16
16652,786,141088.57,0.36
16653,2188,157751.6,0.16
16654,893,64357.8,0.71
16655,23640,105245.26,0.32
16656,4939,171318.96,0.73
16657,26690,161395.05,0.27
16658,19392,146043.77,0.19
16659,9403,329414.21,0.34
16660,18443,461285.73,0.3
16661,3673,305409.18,0.25
16662,28195,27593.62,0.12
16663,9877,475774.05,0.39
16664,1934,367325.96,0.15
16665,11345,271480.35,0.27
16666,20960,421519.55,0.79
16667,5709,83817.67,0.64
16668,5394,445389.39,0.12
16669,1417,27637.91,0.66
16670,6306,494435.73,0.14
16671,6580,235202.29,0.52
16672,24167,296303.13,0.56
16673,25513,76787.41,0.13
16674,34071,260403.28,0.18
16675,31149,341788.47,0.15
16676,6672,194080.17,0.72
16677,2557,375463.62,0.21
16678,24014,191992.09,0.65
16679,29211,381187.92,0.45
16680,22971,455534.26,0.55
16681,30300,361552.61,0.29
16682,1598,97162.81,0.65
16683,20268,374591.05,0.24
16684,25792,487368.59,0.6
16685,9894,253825.22,0.25
16686,23064,50304.72,0.88
16687,30705,323562.5,0.7
16688,27746,209745.3,0.47
16689,26387,452506.95,0.3
16690,24671,226734.63,0.38
16691,28178,183701.3,0.16
16692,24896,141082.79,0.74
16693,21942,451032.54,0.55
16694,184,403388.28,0.89
16695,25331,368412.0,0.12
16696,17791,12946.66,0.78
16697,11926,354177.11,0.46
16698,12787,409705.42,0.47
16699,2183,448788.95,0.7
16700,6825,111337.2,0.41
16701,26357,134746.7,0.48
16702,16402,154090.84,0.64
16703,10695,491143.2,0.4
16704,1423,57379.1,0.46
16705,185,371476.57,0.72
16706,4535,65413.98,0.87
16707,3539,265674.31,0.79
16708,7828,460146.68,0.8
16709,11222,258885.88,0.66
16710,20010,477092.74,0.54
16711,1714,29887.32,0.71
16712,25607,416680.37,0.42
16713,28468,477894.2,0.43
16714,13265,364365.09,0.22
16715,34749,197214.9,0.72
16716,20059,67800.41,0.68
16717,11748,341487.38,0.31
16718,3153,419110.4,0.17
16719,32260,446971.23,0.37
16720,26072,18782.44,0.68
16721,18512,83342.52,0.74
16722,16229,162963.12,0.22
16723,14735,165024.24,0.87
16724,11158,182873.86,0.73
16725,12461,357601.47,0.48
16726,405,407663.2,0.12
16727,32460,345546.9,0.64
16728,27487,425714.15,0.11
16729,21452,360267.98,0.53
16730,19845,17750.17,0.79
16731,29140,456845.23,0.59
16732,28171,442002.85,0.15
16733,2497,352250.08,0.75
16734,26259,398502.75,0.39
16735,22558,435530.1,0.39
16736,1409,225357.22,0.84
16737,18424,159868.13,0.26
16738,13924,16878.9,0.4
16739,18435,277364.89,0.65
16740,22369,428500.78,0.59
16741,4594,351096.13,0.65
16742,23770,446655.08,0.61
16743,4051,211543.61,0.54
16744,611,256030.08,0.84
16745,18970,304502.79,0.63
16746,630,127718.33,0.74
16747,11292,78965.79,0.18
16748,34456,124190.37,0.2
16749,9377,163445.14,0.38
16750,27541,168209.98,0.63
16751,18289,447560.31,0.44
16752,11027,180129.48,0.2
16753,10151,220129.12,0.19
16754,9688,386672.68,0.31
16755,5187,46062.49,0.81
16756,12693,455198.66,0.88
16757,28364,324298.12,0.75
16758,28795,495477.95,0.38
16759,320,43179.78,0.47
16760,23154,227423.12,0.26
16761,32627,333230.17,0.27
16762,34741,122108.61,0.8
16763,21848,107917.71,0.14
16764,4864,12077.56,0.41
16765,17795,84533.59,0.55
16766,7033,168896.55,0.58
16767,12870,78618.84,0.69
16768,27161,137189.7,0.48
16769,13874,371504.88,0.38
16770,11887,283859.75,0.78
16771,1314,182582.97,0.89
16772,18817,51329.58,0.84
16773,1833,183227.49,0.64
16774,21036,262182.33,0.2
16775,12866,173043.49,0.24
16776,34592,373666.31,0.85
16777,31637,15866.53,0.33
16778,29015,462175.19,0.76
16779,26889,154992.3,0.87
16780,18196,32074.26,0.74
16781,16574,297789.47,0.49
16782,5556,183084.41,0.61
16783,33889,91419.4,0.32
16784,19870,186664.81,0.26
16785,1971,262970.25,0.42
16786,12959,370257.41,0.74
16787,26946,158779.87,0.19
16788,3574,326990.72,0.2
16789,6343,424164.27,0.78
16790,13752,386523.46,0.71
16791,4579,343905.08,0.51
16792,25180,52102.32,0.39
16793,12521,258059.76,0.7
16794,9620,151614.1,0.67
16795,16768,359720.66,0.11
16796,3672,321127.94,0.25
16797,9436,343957.92,0.18
16798,7573,229173.89,0.43
16799,6318,258239.59,0.6
16800,27594,470984.51,0.85
16801,23236,259693.41,0.21
16802,24941,438370.08,0.11
16803,1112,110960.64,0.71
16804,24893,12560.95,0.22
16805,30909,54556.52,0.79
16806,30092,124955.12,0.36
16807,8624,263008.24,0.43
16808,25802,140424.13,0.67
16809,3716,184870.94,0.65
16810,20209,95249.11,0.72
16811,34589,315846.16,0.58
16812,6374,203236.71,0.89
16813,8675,252200.68,0.27
16814,31431,358423.51,0.68
16815,16223,427567.47,0.73
16816,23808,340915.64,0.33
16817,592,90119.37,0.31
16818,14614,405045.42,0.59
16819,8596,94884.7,0.77
16820,1084,17951.44,0.49
16821,12969,98167.12,0.85
16822,18133,319430.86,0.1
16823,21558,209423.73,0.17
16824,6580,162181.11,0.17
16825,23118,291189.92,0.56
16826,21546,80344.99,0.16
16827,18965,185910.64,0.28
16828,13821,486921.21,0.59
16829,5031,487757.77,0.5
16830,26797,465331.42,0.51
16831,26922,164554.81,0.13
16832,31796,138577.84,0.51
16833,15321,130800.7,0.56
16834,23654,247029.66,0.23
16835,2153,458747.43,0.14
16836,4838,343296.72,0.43
16837,27445,168041.13,0.7
16838,31023,128289.18,0.1
16839,18547,376958.73,0.78
16840,28662,251319.28,0.7
16841,26324,274614.53,0.7
16842,24921,85742.94,0.57
16843,22569,144764.49,0.56
16844,3437,435065.3,0.86
16845,24827,359657.64,0.35
16846,34240,335652.83,0.46
16847,31668,228823.57,0.62
16848,32737,172226.74,0.26
16849,18569,343322.7,0.89
16850,33681,138343.48,0.64
16851,2740,287960.24,0.18
16852,10367,411336.18,0.16
16853,16344,371087.47,0.65
16854,8600,71281.74,0.5
16855,16129,271549.24,0.43
16856,32210,208435.67,0.38
16857,20588,347070.14,0.17
16858,20032,145338.02,0.57
16859,6118,407168.25,0.68
16860,3066,169990.65,0.51
16861,15796,358395.98,0.19
16862,30769,178915.82,0.49
16863,11779,45541.46,0.21
16864,29349,10330.35,0.1
16865,6219,379924.59,0.58
16866,20455,274780.15,0.53
16867,34455,347749.72,0.54
16868,27102,289098.7,0.89
16869,30254,93237.91,0.33
16870,30359,391857.04,0.16
16871,3225,105189.51,0.31
16872,9046,387628.59,0.22
16873,13032,174592.54,0.36
16874,17990,115300.34,0.51
16875,3678,245518.84,0.46
16876,9132,278962.28,0.57
16877,15021,428846.47,0.53
16878,33685,30140.07,0.12
16879,15666,272476.05,0.67
16880,2553,437790.69,0.37
16881,29746,469544.97,0.27
16882,13229,123201.27,0.3
16883,20753,416092.97,0.34
16884,21771,367514.39,0.43
16885,2572,57195.89,0.62
16886,4692,227492.99,0.88
16887,3086,472481.51,0.89
16888,6891,227603.83,0.84
16889,8161,110872.77,0.86
16890,8012,386571.71,0.13
16891,23191,159153.68,0.64
16892,23549,225751.97,0.67
16893,30097,185623.05,0.37
16894,18520,162307.18,0.75
16895,2798,294792.7,0.63
16896,29868,384954.6,0.61
16897,1725,138137.08,0.33
16898,17306,328909.86,0.75
16899,23526,385150.59,0.21
16900,21046,382298.24,0.59
16901,27385,257024.82,0.6
16902,15791,67669.41,0.68
16903,33177,215592.06,0.41
16904,20091,408817.65,0.8
16905,26796,262295.87,0.28
16906,10748,466699.09,0.53
16907,987,107486.68,0.68
16908,15151,58992.49,0.18
16909,21513,139667.91,0.73
16910,27860,74386.3,0.53
16911,27607,265924.27,0.76
16912,4624,264259.33,0.57
16913,20556,250570.25,0.51
16914,7805,446422.05,0.74
16915,28713,64308.09,0.82
16916,33431,86239.16,0.84
16917,32400,21214.8,0.81
16918,4391,407746.26,0.55
16919,12895,214910.17,0.15
16920,145,328717.82,0.75
16921,14346,229834.75,0.39
16922,20732,319607.39,0.77
16923,6470,411555.41,0.43
16924,1647,477024.42,0.45
16925,21987,112510.55,0.28
16926,30325,188386.05,0.48
16927,735,430854.51,0.66
16928,3688,425510.39,0.33
16929,20403,269094.47,0.28
16930,16937,122707.36,0.78
16931,17430,186567.3,0.67
16932,18792,207010.39,0.57
16933,21021,385913.02,0.86
16934,30275,29775.48,0.32
16935,2643,50602.36,0.88
16936,33983,407824.43,0.61
16937,31920,83905.43,0.35
16938,3201,152917.79,0.9
16939,13475,384116.9,0.83
16940,6435,315034.31,0.5
16941,22431,358415.64,0.34
16942,4728,262927.48,0.66
16943,22493,423642.46,0.18
16944,12915,330844.68,0.45
16945,23987,315360.55,0.17
16946,30882,447194.05,0.24
16947,10086,220362.32,0.86
16948,33922,211598.69,0.42
16949,31526,445256.17,0.78
16950,7749,11137.26,0.72
16951,19524,498919.28,0.34
16952,33362,250138.54,0.84
16953,6128,268174.24,0.56
16954,8091,396470.41,0.55
16955,29567,277355.14,0.65
16956,8681,389743.16,0.88
16957,15332,195606.61,0.57
16958,4708,257898.63,0.86
16959,18508,247251.02,0.81
16960,4906,211019.06,0.27
16961,14055,239919.24,0.35
16962,21985,312821.77,0.67
16963,29835,127740.57,0.71
16964,31793,454604.79,0.12
16965,32238,430953.34,0.78
16966,12446,223398.51,0.47
16967,33743,75259.6,0.36
16968,4448,306609.6,0.22
16969,16625,448759.74,0.76
16970,22858,310334.99,0.89
16971,13420,400722.96,0.46
16972,12629,153519.43,0.54
16973,6382,481090.78,0.24
16974,4732,359035.41,0.75
16975,14546,181827.04,0.59
16976,3515,174736.12,0.16
16977,1080,337094.91,0.48
16978,24771,36608.62,0.23
16979,26112,43438.33,0.26
16980,12720,174626.02,0.38
16981,26441,230869.12,0.2
16982,20514,279427.87,0.18
16983,24313,448576.79,0.26
16984,3865,380336.35,0.51
16985,33403,334690.7,0.74
16986,3649,72904.13,0.18
16987,30184,372622.05,0.29
16988,10841,33974.97,0.36
16989,26499,23709.39,0.64
16990,15579,478421.23,0.41
16991,20628,318578.45,0.23
16992,10072,448442.28,0.21
16993,14737,437186.0,0.23
16994,12842,460670.87,0.73
16995,29771,312253.48,0.44
16996,5423,193106.55,0.44
16997,26797,330341.75,0.21
16998,21295,12587.32,0.67
16999,12785,191163.39,0.46
17000,9411,364247.63,0.61
17001,18767,142475.67,0.82
17002,11987,494113.23,0.89
17003,22849,162246.73,0.44
17004,15722,490923.8,0.42
17005,8917,125483.6,0.46
17006,18399,418429.87,0.77
17007,17685,458662.11,0.49
17008,30626,382811.51,0.45
17009,7573,468609.3,0.65
17010,15127,156351.21,0.46
17011,18597,179568.94,0.49
17012,9979,392689.36,0.16
17013,10867,80585.6,0.48
17014,5707,243549.1,0.62
17015,21943,365740.6,0.14
17016,9480,68440.78,0.57
17017,16450,442258.29,0.15
17018,32032,391951.46,0.23
17019,13484,267051.81,0.48
17020,24380,162884.27,0.1
17021,23032,43636.52,0.86
17022,31719,420738.21,0.26
17023,7830,278976.07,0.38
17024,9568,180021.82,0.78
17025,14091,239019.62,0.33
17026,5142,472557.8,0.51
17027,6547,43021.02,0.8
17028,5711,94705.9,0.11
17029,11834,73080.96,0.3
17030,9940,257556.23,0.58
17031,26776,300572.11,0.52
17032,28784,210440.41,0.81
17033,14735,475591.74,0.45
17034,14936,168587.1,0.66
17035,12410,202195.78,0.25
17036,24071,179528.6,0.48
17037,5393,196956.34,0.47
17038,9105,463628.6,0.42
17039,27411,481943.43,0.12
17040,34342,371104.8,0.45
17041,30422,199066.8,0.79
17042,26429,288374.46,0.32
17043,31218,338038.53,0.29
17044,10352,153175.07,0.63
17045,20799,154191.59,0.11
17046,9555,11861.8,0.73
17047,13250,21112.4,0.18
17048,17698,339054.08,0.33
17049,23023,137880.94,0.17
17050,23377,284009.6,0.53
17051,26395,21273.89,0.7
17052,19379,56332.18,0.59
17053,11398,206220.97,0.35
17054,5323,49353.19,0.74
17055,18519,418544.41,0.62
17056,8082,21568.6,0.61
17057,12518,349780.29,0.83
17058,29369,356822.78,0.54
17059,3556,368452.96,0.23
17060,11328,287076.42,0.2
17061,12886,35720.41,0.29
17062,10087,203317.15,0.45
17063,8734,365755.77,0.34
17064,6778,178358.63,0.21
17065,8242,446646.2,0.68
17066,15286,270061.5,0.31
17067,5326,352549.95,0.64
17068,21553,205785.8,0.85
17069,28959,318568.18,0.7
17070,1142,251468.96,0.7
17071,11254,317589.19,0.6
17072,27010,106299.21,0.53
17073,23890,248413.61,0.88
17074,22823,324460.36,0.87
17075,31716,241813.58,0.67
17076,6906,177966.65,0.22
17077,11749,437745.01,0.18
17078,12297,497091.81,0.12
17079,22150,66178.28,0.42
17080,14942,430843.4,0.88
17081,33583,399708.23,0.69
17082,14176,453274.42,0.49
17083,4229,163205.28,0.23
17084,18128,195109.69,0.61
17085,25750,280903.79,0.24
17086,31411,404997.71,0.73
17087,33165,151693.85,0.13
17088,3465,236168.6,0.78
17089,34451,271784.6,0.35
17090,31962,362731.63,0.58
17091,10983,41714.75,0.87
17092,5950,433835.04,0.18
17093,33894,366722.36,0.49
17094,21674,176797.42,0.49
17095,4563,285554.55,0.47
17096,5290,453628.99,0.76
17097,27002,339617.16,0.54
17098,26552,115066.06,0.26
17099,7671,141046.09,0.11
17100,11687,33622.34,0.78
17101,24995,41383.75,0.46
17102,29426,202647.08,0.69
17103,2258,332125.12,0.19
17104,12868,306985.69,0.82
17105,26947,51230.96,0.52
17106,22670,144148.95,0.67
17107,23809,100048.76,0.54
17108,7662,270523.76,0.16
17109,2565,437628.77,0.83
17110,13700,270216.37,0.47
17111,31305,131381.06,0.15
17112,27389,387645.29,0.83
17113,27472,116319.93,0.61
17114,7562,379149.27,0.44
17115,19897,456456.45,0.52
17116,32536,495681.4,0.48
17117,19088,427837.11,0.82
17118,32233,465874.55,0.42
17119,28021,343987.37,0.17
17120,34591,449102.48,0.51
17121,19663,229547.8,0.74
17122,34179,67766.74,0.48
17123,23212,94600.31,0.23
17124,10002,438078.37,0.68
17125,30007,101083.63,0.37
17126,17975,115348.47,0.62
17127,30484,282749.53,0.19
17128,11307,479911.18,0.87
17129,4942,405813.82,0.21
17130,9294,165665.69,0.21
17131,33527,188275.33,0.85
17132,13834,414787.08,0.47
17133,19255,216289.64,0.52
17134,3293,396703.55,0.2
17135,13658,18213.85,0.32
17136,24087,141505.74,0.63
17137,19208,166785.79,0.77
17138,11657,444563.75,0.76
17139,30176,275263.04,0.49
17140,13650,470919.61,0.25
17141,16296,282537.51,0.19
17142,12304,272459.44,0.26
17143,5255,377548.55,0.3
17144,1492,416080.87,0.14
17145,22673,25548.93,0.76
17146,24627,132435.67,0.35
17147,4264,136501.44,0.28
17148,33547,425098.42,0.32
17149,20478,16790.85,0.55
17150,33412,248774.36,0.11
17151,11442,87405.87,0.12
17152,5956,340854.07,0.12
17153,18145,326880.37,0.1
17154,33389,95453.39,0.44
17155,21403,22920.69,0.19
17156,30701,34922.04,0.85
17157,27097,497936.96,0.1
17158,27890,138408.78,0.57
17159,8824,367221.85,0.14
17160,6847,473486.99,0.53
17161,8257,367606.92,0.31
17162,30541,255995.02,0.4
17163,3846,379047.11,0.85
17164,17627,481853.6,0.26
17165,2796,284113.28,0.58
17166,1265,270859.13,0.15
17167,32483,77531.29,0.81
17168,31195,39285.48,0.72
17169,23324,272443.54,0.33
17170,2878,156033.52,0.49
17171,18138,339847.05,0.82
17172,24638,428876.05,0.28
17173,22533,37517.67,0.55
17174,7964,130516.53,0.55
17175,5901,298218.58,0.74
17176,16049,484353.36,0.54
17177,2779,408668.34,0.3
17178,28024,462059.06,0.37
17179,1725,269045.59,0.63
17180,4681,308298.65,0.17
17181,4730,463429.74,0.23
17182,1005,76206.89,0.56
17183,25076,86908.92,0.41
17184,22000,437745.11,0.35
17185,25256,26467.25,0.25
17186,5633,278713.32,0.17
17187,11325,116474.66,0.7
17188,17482,465677.18,0.65
17189,3695,58687.26,0.58
17190,19964,406493.11,0.84
17191,13731,350886.45,0.64
17192,34198,215077.57,0.71
17193,4793,385997.64,0.4
17194,1127,348252.43,0.36
17195,1292,102411.52,0.81
17196,6435,375407.93,0.68
17197,8534,232635.37,0.41
17198,330,69857.51,0.11
17199,9314,15050.86,0.54
17200,25981,156202.72,0.82
17201,16054,85051.74,0.48
17202,1565,309059.03,0.81
17203,28217,184722.84,0.8
17204,24806,450831.44,0.34
17205,17094,95885.61,0.88
17206,8126,228415.56,0.71
17207,14497,179674.62,0.23
17208,27563,109742.75,0.37
17209,3473,426119.08,0.16
17210,15025,386219.29,0.19
17211,18911,90161.26,0.26
17212,14610,351310.67,0.51
17213,13343,406311.89,0.82
17214,5282,407424.37,0.59
17215,26005,287152.99,0.11
17216,326,425835.75,0.4
17217,26289,333068.35,0.36
17218,20054,56066.82,0.71
17219,20071,194472.09,0.45
17220,10299,175780.16,0.9
17221,15096,249229.07,0.44
17222,4406,448026.25,0.24
17223,12718,495973.35,0.15
17224,23867,135926.77,0.62
17225,3754,383447.07,0.41
17226,2672,492408.03,0.7
17227,12699,300201.01,0.18
17228,33079,391821.07,0.34
17229,3563,21998.75,0.46
17230,709,240489.8,0.35
17231,24803,257293.08,0.7
17232,27082,440319.06,0.24
17233,19183,440988.14,0.89
17234,9313,322678.36,0.23
17235,8341,126312.52,0.7
17236,12560,131392.84,0.18
17237,13544,273218.04,0.68
17238,32557,422830.42,0.35
17239,18057,96064.41,0.9
17240,33867,15417.86,0.54
17241,1643,98368.63,0.48
17242,5412,420751.37,0.67
17243,34370,310420.43,0.53
17244,9189,92420.82,0.51
17245,19713,225627.72,0.65
17246,10892,199425.25,0.79
17247,16849,498858.68,0.41
17248,1788,72710.96,0.12
17249,5447,27267.26,0.47
17250,3934,61366.96,0.5
17251,21066,358883.48,0.78
17252,12062,463647.28,0.3
17253,2559,176326.43,0.3
17254,19951,354636.33,0.84
17255,13507,224486.05,0.38
17256,16067,273864.0,0.4
17257,29731,383736.65,0.48
17258,18408,402611.53,0.55
17259,4907,117126.61,0.42
17260,8379,120297.19,0.62
17261,31226,342545.09,0.2
17262,28217,49167.69,0.88
17263,21172,496867.73,0.78
17264,3557,140529.23,0.41
17265,14388,384289.03,0.25
17266,17043,109011.0,0.12
17267,14209,296879.41,0.87
17268,10402,42491.12,0.25
17269,21439,487403.74,0.46
17270,17435,92670.13,0.89
17271,19260,79173.96,0.7
17272,16488,411851.66,0.21
17273,28349,331942.52,0.22
17274,31303,241342.15,0.31
17275,2046,401428.17,0.41
17276,9614,177347.62,0.72
17277,3487,178710.98,0.63
17278,1899,34465.36,0.19
17279,18864,45524.01,0.82
17280,25181,434676.45,0.11
17281,10148,452912.86,0.43
17282,28498,115324.12,0.54
17283,278,287265.62,0.76
17284,10932,248517.13,0.87
17285,18948,219706.43,0.69
17286,4088,92522.84,0.84
17287,19155,30676.27,0.27
17288,14428,241588.62,0.54
17289,26757,245966.38,0.22
17290,19024,446526.77,0.23
17291,15971,481873.54,0.71
17292,9569,142871.43,0.68
17293,3159,206031.89,0.66
17294,9808,218569.08,0.37
17295,11209,170093.45,0.25
17296,22874,121171.48,0.67
17297,10983,140085.93,0.51
17298,27448,159914.38,0.56
17299,16389,320512.03,0.84
17300,19839,447856.91,0.4
17301,12756,14651.5,0.89
17302,591,447705.25,0.28
17303,3817,489319.44,0.61
17304,682,260950.31,0.84
17305,15194,387490.32,0.56
17306,18169,273691.88,0.4
17307,33255,101160.0,0.79
17308,19254,120079.68,0.14
17309,10356,265736.68,0.1
17310,18808,166235.14,0.13
17311,21140,392356.16,0.15
17312,8843,86996.81,0.83
17313,22621,206818.57,0.11
17314,7238,218648.05,0.38
17315,27476,45037.79,0.62
17316,3795,15831.52,0.49
17317,18457,312285.92,0.73
17318,6555,464276.61,0.81
17319,27647,362201.73,0.22
17320,21030,470720.5,0.31
17321,30960,364986.0,0.9
17322,155,290131.56,0.23
17323,26704,470058.95,0.43
17324,6951,271232.22,0.84
17325,3730,379949.02,0.67
17326,17641,264894.76,0.27
17327,29023,339386.17,0.69
17328,20589,171147.48,0.26
17329,6074,137112.92,0.48
17330,21646,121316.42,0.52
17331,7723,47917.78,0.81
17332,20680,453640.41,0.43
17333,6100,191818.16,0.6
17334,32647,442721.76,0.16
17335,34362,341051.38,0.41
17336,21043,154471.98,0.27
17337,20660,80370.14,0.51
17338,28657,127438.67,0.47
17339,31763,325118.17,0.7
17340,8788,413525.42,0.47
17341,31555,454010.87,0.72
17342,25824,327831.67,0.72
17343,8425,47342.69,0.7
17344,16634,142089.89,0.16
17345,10655,272095.82,0.71
17346,7877,107209.69,0.3
17347,15141,122121.93,0.72
17348,9074,164427.15,0.21
17349,12957,46549.08,0.4
17350,13247,484771.11,0.81
17351,2707,16181.91,0.78
17352,11888,418611.91,0.18
17353,15639,343228.57,0.63
17354,5381,435406.96,0.7
17355,11865,352846.74,0.78
17356,34363,296982.79,0.4
17357,22160,333047.74,0.43
17358,32125,158597.9,0.79
17359,11226,273862.2,0.41
17360,23150,452089.84,0.57
17361,6266,467567.01,0.7
17362,24392,79215.16,0.14
17363,2516,119843.32,0.2
17364,18539,146372.87,0.73
17365,18186,292769.63,0.77
17366,4858,443753.02,0.25
17367,30040,387876.91,0.79
17368,4324,344986.97,0.6
17369,14692,90164.6,0.63
17370,31900,136296.15,0.37
17371,1908,10234.3,0.22
17372,28190,125231.7,0.58
17373,22592,289255.72,0.67
17374,11924,207237.57,0.53
17375,7857,30765.17,0.61
17376,30646,293955.43,0.55
17377,22713,385685.35,0.17
17378,24648,355749.28,0.26
17379,2244,258275.23,0.44
17380,18812,232985.93,0.86
17381,28007,488977.71,0.82
17382,23122,196009.53,0.73
17383,27760,208387.98,0.54
17384,13432,175610.84,0.27
17385,3755,202132.39,0.33
17386,21436,309739.79,0.54
17387,33988,143088.5,0.24
17388,3485,309414.03,0.14
17389,16280,22494.62,0.68
17390,2517,386827.54,0.35
17391,2406,302570.54,0.48
17392,27733,228849.45,0.11
17393,147,399288.6,0.32
17394,19875,440706.47,0.41
17395,22543,266881.05,0.73
17396,20711,418001.46,0.49
17397,21624,64570.94,0.86
17398,5317,481926.0,0.58
17399,11373,260487.4,0.15
17400,1655,256332.43,0.45
17401,5155,168369.15,0.77
17402,23145,493596.73,0.47
17403,13354,303168.24,0.33
17404,5961,336255.01,0.7
17405,18840,348496.7,0.13
17406,18887,496635.27,0.19
17407,29707,174384.26,0.41
17408,18022,310839.77,0.46
17409,2666,458796.08,0.71
17410,25944,394060.08,0.41
17411,8626,249768.92,0.53
17412,15920,476420.43,0.48
17413,8328,215111.93,0.72
17414,30289,327734.2,0.72
17415,26137,496361.74,0.47
17416,20473,476786.17,0.76
17417,23168,122311.78,0.82
17418,17134,19421.83,0.5
17419,8872,89420.14,0.21
17420,9464,64203.14,0.69
17421,9167,196639.03,0.41
17422,29924,31655.31,0.13
17423,7257,15099.78,0.9
17424,23610,478865.83,0.7
17425,23370,165639.69,0.46
17426,10371,14226.91,0.56
17427,27033,202548.71,0.17
17428,9208,35852.22,0.36
17429,26749,486695.63,0.81
17430,5259,148774.26,0.85
17431,9057,230441.24,0.66
17432,16036,262743.01,0.78
17433,23209,262941.53,0.61
17434,33578,241634.24,0.68
17435,2288,295261.62,0.47
17436,19636,348326.01,0.16
17437,280,388490.98,0.84
17438,20646,385866.44,0.11
17439,12272,204068.75,0.61
17440,19460,221880.51,0.62
17441,17900,41559.35,0.77
17442,26782,126097.59,0.68
17443,16740,259772.95,0.59
17444,3659,474410.42,0.64
17445,25462,498922.76,0.48
17446,11872,187335.35,0.75
17447,21967,437361.78,0.56
17448,24380,375062.57,0.43
17449,3391,283699.68,0.88
17450,27527,174319.22,0.84
17451,22894,259671.27,0.7
17452,8121,119099.28,0.49
17453,9893,430356.03,0.26
17454,19559,420537.97,0.49
17455,17164,303639.25,0.84
17456,8666,340497.38,0.82
17457,23673,259361.7,0.44
17458,17823,281278.01,0.76
17459,16038,291719.01,0.85
17460,31489,415360.01,0.63
17461,8608,493057.02,0.2
17462,14027,205989.7,0.49
17463,19360,437309.87,0.79
17464,31119,377102.16,0.61
17465,2398,200353.41,0.38
17466,33803,280832.2,0.61
17467,16680,139891.06,0.36
17468,16250,180108.37,0.84
17469,18021,113367.74,0.75
17470,11914,165927.55,0.16
17471,19340,333319.01,0.19
17472,20,116624.6,0.86
17473,21987,408346.14,0.87
17474,6956,468676.6,0.85
17475,30234,244681.74,0.43
17476,16047,258146.63,0.47
17477,14581,195362.51,0.84
17478,15585,290748.89,0.86
17479,12589,81566.66,0.31
17480,22920,32985.46,0.82
17481,1854,34379.38,0.82
17482,28824,463568.49,0.57
17483,23642,250838.36,0.76
17484,364,465386.82,0.71
17485,4647,16721.95,0.46
17486,29043,129673.2,0.37
17487,8060,31658.3,0.18
17488,7237,157050.24,0.63
17489,17357,88244.39,0.43
17490,9633,286985.77,0.79
17491,1444,431874.32,0.41
17492,14249,228818.91,0.24
17493,16260,402232.15,0.21
17494,9621,478212.38,0.41
17495,33155,122258.33,0.31
17496,28929,216002.99,0.46
17497,2070,253138.84,0.7
17498,15311,434307.01,0.26
17499,12729,319564.53,0.56
17500,32294,254004.86,0.84
17501,24471,44957.72,0.46
17502,31698,465566.46,0.44
17503,25909,311868.55,0.3
17504,22664,406357.37,0.78
17505,28925,445259.43,0.28
17506,9628,36284.97,0.85
17507,12765,472161.2,0.66
17508,30250,90789.34,0.62
17509,25459,174355.79,0.28
17510,8633,193484.93,0.86
17511,4125,463724.22,0.85
17512,16810,470824.72,0.19
17513,15860,247979.08,0.82
17514,20307,166636.26,0.76
17515,15142,35404.4,0.15
17516,7997,114267.94,0.79
17517,5391,489498.24,0.46
17518,26709,413179.04,0.34
17519,9296,365945.03,0.18
17520,31337,122395.35,0.56
17521,12145,280899.97,0.4
17522,29234,172746.53,0.46
17523,13811,306110.16,0.48
17524,2054,272480.89,0.44
17525,18958,266304.09,0.39
17526,17584,342304.98,0.4
17527,1896,360134.77,0.83
17528,14018,294242.39,0.29
17529,25609,83917.89,0.17
17530,33565,338214.66,0.16
17531,13034,373217.27,0.48
17532,14073,182108.15,0.76
17533,6753,357521.28,0.22
17534,23919,193343.25,0.69
17535,27262,359310.58,0.76
17536,23886,492964.57,0.26
17537,24282,97061.46,0.28
17538,1876,458532.64,0.45
17539,2669,136774.05,0.54
17540,7922,444958.83,0.71
17541,26058,441350.03,0.64
17542,8408,384820.08,0.21
17543,9515,293200.78,0.71
17544,12289,391930.88,0.51
17545,32656,14728.38,0.64
17546,26180,219447.28,0.58
17547,9034,388139.43,0.38
17548,32401,250515.0,0.49
17549,10769,99980.91,0.22
17550,3986,380849.09,0.89
17551,950,83741.83,0.59
17552,10777,173050.09,0.49
17553,6288,486200.84,0.31
17554,28850,284409.6,0.25
17555,4324,107677.29,0.17
17556,939,430043.52,0.3
17557,23828,363005.87,0.16
17558,19972,111078.71,0.18
17559,23280,109793.5,0.62
17560,32095,175040.26,0.41
17561,8659,113545.52,0.81
17562,9063,339383.15,0.78
17563,5684,59252.65,0.16
17564,34230,141281.38,0.17
17565,843,319849.55,0.83
17566,16703,158572.59,0.63
17567,1523,374994.91,0.41
17568,27009,348198.61,0.62
17569,8830,185637.6,0.47
17570,15941,159894.35,0.6
17571,1630,368983.89,0.71
17572,33657,469890.96,0.76
17573,4381,422314.78,0.3
17574,9337,307005.68,0.16
17575,13462,477899.92,0.31
17576,3794,289366.6,0.48
17577,10789,336599.81,0.43
17578,1094,211000.82,0.72
17579,14145,396908.58,0.65
17580,19834,257630.4,0.77
17581,14368,289915.07,0.21
17582,12756,388120.87,0.39
17583,11680,411640.04,0.28
17584,3945,88177.41,0.2
17585,31879,399806.23,0.48
17586,33984,225974.54,0.39
17587,26001,268275.63,0.89
17588,28645,394505.94,0.47
17589,27209,161723.12,0.49
17590,23228,274776.45,0.31
17591,9234,208768.03,0.49
17592,19071,480188.04,0.34
17593,13786,294137.98,0.41
17594,24868,241558.98,0.28
17595,11889,384606.21,0.43
17596,16423,282663.21,0.56
17597,17252,403006.13,0.85
17598,16684,316123.91,0.58
17599,31284,439972.34,0.57
17600,12214,274938.4,0.21
17601,26595,321554.67,0.38
17602,11773,377832.65,0.31
17603,16374,121314.85,0.67
17604,1505,58682.1,0.36
17605,14117,336296.66,0.21
17606,19449,40669.3,0.66
17607,23984,50572.02,0.47
17608,404,40185.16,0.51
17609,8770,88565.55,0.68
17610,8767,419252.52,0.36
17611,11994,263429.95,0.71
17612,27519,247055.46,0.68
17613,31263,235071.48,0.42
17614,17488,284001.03,0.81
17615,13129,25701.44,0.78
17616,10052,379923.14,0.38
17617,27462,241749.77,0.17
17618,12861,27872.09,0.89
17619,28387,469199.15,0.77
17620,10947,319611.44,0.65
17621,11866,88899.45,0.71
17622,15694,98826.04,0.53
17623,3914,309618.63,0.51
17624,29979,91190.09,0.5
17625,30451,19799.58,0.69
17626,2978,141247.64,0.37
17627,8668,17950.01,0.11
17628,5707,228048.04,0.27
17629,30310,261144.22,0.6
17630,17200,228032.33,0.86
17631,4025,94136.21,0.23
17632,9928,147371.36,0.86
17633,17691,325699.96,0.25
17634,31894,300715.3,0.31
17635,15605,122553.4,0.45
17636,14197,453560.82,0.25
17637,1455,123806.22,0.17
17638,24404,392350.8,0.18
17639,20876,40516.29,0.41
17640,8691,445939.91,0.89
17641,24794,183952.85,0.39
17642,15237,35751.23,0.46
17643,19700,337160.81,0.37
17644,3278,118388.96,0.42
17645,32012,409330.33,0.78
17646,1748,58738.21,0.16
17647,7727,362629.24,0.78
17648,32378,448499.1,0.79
17649,18867,229552.32,0.1
17650,19805,351506.79,0.72
17651,5751,130302.93,0.52
17652,5142,491773.81,0.72
17653,32175,464216.21,0.76
17654,16951,171195.16,0.16
17655,23853,149868.46,0.61
17656,2789,214291.69,0.69
17657,15066,179181.88,0.89
17658,32749,94248.32,0.26
17659,33044,213115.26,0.15
17660,967,320304.58,0.73
17661,10724,287396.32,0.1
17662,22231,23041.98,0.67
17663,7502,142454.22,0.68
17664,22034,445055.74,0.54
17665,33064,454307.64,0.88
17666,29004,160366.3,0.79
17667,7277,474518.31,0.64
17668,21374,295387.95,0.82
17669,9317,214827.03,0.51
17670,30602,465093.57,0.64
17671,12558,489021.08,0.79
17672,20429,135060.6,0.57
17673,13654,352497.66,0.86
17674,33499,46496.73,0.59
17675,18150,419932.32,0.42
17676,26449,337125.89,0.8
17677,17441,357300.38,0.49
17678,13337,16118.63,0.73
17679,3730,22523.47,0.66
17680,13452,312948.56,0.83
17681,9032,34382.16,0.28
17682,16824,242998.58,0.12
17683,13350,61279.14,0.29
17684,24671,107007.46,0.54
17685,18018,35234.67,0.74
17686,19450,164784.51,0.19
17687,32956,99460.09,0.28
17688,5396,456456.34,0.51
17689,19848,191100.17,0.55
17690,32178,117531.77,0.63
17691,29050,362665.56,0.78
17692,2149,448425.89,0.49
17693,32064,427080.86,0.62
17694,17579,350304.8,0.47
17695,5267,295085.03,0.47
17696,29372,139857.77,0.14
17697,24405,327040.89,0.51
17698,32205,131956.72,0.79
17699,22574,152845.96,0.15
17700,21666,67016.78,0.11
17701,13371,378059.05,0.37
17702,430,46479.56,0.31
17703,2875,227502.71,0.34
17704,6515,342576.66,0.2
17705,19646,243076.49,0.32
17706,5069,353617.71,0.71
17707,34660,316797.32,0.57
17708,12599,382398.73,0.89
17709,16089,303803.78,0.74
17710,24425,199566.78,0.74
17711,329,409828.36,0.58
17712,14870,466881.91,0.78
17713,14062,305422.96,0.75
17714,17466,209741.51,0.16
17715,5343,14390.32,0.87
17716,24826,341599.26,0.64
17717,3354,72152.01,0.31
17718,21580,214916.45,0.37
17719,6730,441420.31,0.44
17720,5951,124117.81,0.67
17721,9299,107471.75,0.53
17722,29203,306713.71,0.75
17723,12659,413857.4,0.16
17724,16495,78114.48,0.28
17725,10230,369589.02,0.11
17726,4973,20139.9,0.36
17727,28603,214081.51,0.4
17728,28201,439981.53,0.59
17729,5537,149361.37,0.71
17730,1413,275819.6,0.79
17731,31337,374849.81,0.2
17732,2687,188651.96,0.55
17733,27057,241512.55,0.48
17734,16443,222652.19,0.57
17735,26996,196689.36,0.86
17736,22715,55475.5,0.52
17737,17646,312104.74,0.19
17738,21767,210448.14,0.76
17739,20830,105885.05,0.84
17740,18171,437025.58,0.78
17741,9031,230389.57,0.68
17742,21485,180541.92,0.38
17743,26833,467652.4,0.42
17744,13878,436259.07,0.53
17745,855,227981.44,0.23
17746,31888,376848.4,0.61
17747,21241,493685.04,0.75
17748,14117,87244.15,0.18
17749,17003,416238.27,0.27
17750,29457,400672.57,0.74
17751,7087,492499.66,0.36
17752,14781,92492.75,0.37
17753,4653,158058.48,0.11
17754,33588,180290.82,0.74
17755,13379,382087.67,0.6
17756,21825,220043.21,0.73
17757,5319,223172.14,0.18
17758,14098,396274.53,0.87
17759,16461,490768.75,0.59
17760,5165,316756.93,0.38
17761,27671,375963.86,0.78
17762,11826,303379.94,0.16
17763,24838,393879.56,0.83
17764,11453,413871.69,0.8
17765,20328,228208.55,0.51
17766,27642,273935.54,0.3
17767,23905,93026.48,0.67
17768,27364,258097.28,0.16
17769,17849,78994.07,0.39
17770,34362,462937.19,0.82
17771,3738,364020.11,0.72
17772,6679,31372.19,0.79
17773,7590,303213.09,0.83
17774,26425,470295.45,0.27
17775,4846,163607.5,0.42
17776,9561,355500.55,0.77
17777,25643,366441.66,0.77
17778,7173,207665.53,0.37
17779,21239,297625.64,0.26
17780,7749,97731.61,0.19
17781,10385,102389.36,0.54
17782,22115,316051.46,0.14
17783,4896,349448.31,0.7
17784,22563,59489.94,0.25
17785,10753,158965.28,0.22
17786,11307,42411.42,0.42
17787,2057,410094.34,0.77
17788,23465,119918.67,0.23
17789,17474,249394.52,0.64
17790,18622,469852.36,0.63
17791,22984,379589.64,0.63
17792,4517,232760.77,0.86
17793,12961,384017.18,0.77
17794,19299,311970.69,0.77
17795,28324,462485.97,0.83
17796,33898,434531.39,0.41
17797,27579,390449.8,0.57
17798,26526,357329.23,0.45
17799,2280,195848.54,0.61
17800,21996,25117.06,0.54
17801,29262,266794.58,0.78
17802,5904,415215.51,0.68
17803,16615,161493.08,0.19
17804,30531,319848.24,0.52
17805,15617,87920.44,0.46
17806,9357,165142.96,0.48
17807,17753,258041.15,0.88
17808,8571,436464.88,0.64
17809,7526,74904.31,0.68
17810,33884,220485.1,0.12
17811,14166,162916.71,0.85
17812,16295,35225.92,0.34
17813,12289,192324.71,0.67
17814,2217,487087.48,0.42
17815,8656,173927.54,0.34
17816,3279,85600.88,0.13
17817,23080,166640.04,0.4
17818,30477,474988.49,0.71
17819,26282,111892.46,0.76
17820,19690,356465.81,0.21
17821,27848,80344.8,0.59
17822,19778,368524.66,0.35
17823,12013,395145.99,0.86
17824,25308,198722.31,0.5
17825,9539,426631.84,0.45
17826,10694,210922.17,0.6
17827,22,123097.9,0.73
17828,4532,353764.91,0.39
17829,21829,452088.18,0.13
17830,7882,247196.18,0.11
17831,3366,386154.35,0.33
17832,21146,163089.44,0.21
17833,26090,187236.83,0.24
17834,1276,99679.63,0.2
17835,32084,444296.0,0.22
17836,26621,82661.67,0.52
17837,2008,184294.76,0.41
17838,15980,229689.77,0.26
17839,868,234472.86,0.42
17840,3265,483064.5,0.2
17841,33124,237269.77,0.2
17842,8659,222774.54,0.69
17843,12543,392626.89,0.14
17844,10378,282846.82,0.25
17845,31674,375891.48,0.68
17846,3512,222132.79,0.61
17847,9057,293849.81,0.82
17848,11813,190771.37,0.19
17849,34254,128412.82,0.14
17850,25068,496913.0,0.65
17851,31944,238143.4,0.75
17852,22317,372826.74,0.26
17853,7777,175343.32,0.15
17854,17011,241562.24,0.89
17855,24800,237752.03,0.76
17856,555,447621.53,0.6
17857,21180,476926.19,0.56
17858,28707,418380.11,0.74
17859,1954,163740.75,0.19
17860,19313,281780.68,0.33
17861,12677,447157.62,0.22
17862,26529,284170.23,0.36
17863,24273,479382.87,0.29
17864,24464,264963.54,0.33
17865,34637,186039.2,0.45
17866,4233,363563.75,0.14
17867,32695,335948.51,0.62
17868,7894,492950.55,0.71
17869,6732,136944.32,0.28
17870,12096,305949.6,0.31
17871,7051,290221.99,0.58
17872,24986,311662.67,0.88
17873,25831,113657.33,0.67
17874,8310,155006.37,0.74
17875,8188,49319.96,0.66
17876,14935,491716.78,0.76
17877,23266,270841.19,0.45
17878,12647,178101.4,0.69
17879,28884,216220.88,0.56
17880,23888,492196.65,0.74
17881,11729,213690.03,0.32
17882,34878,262595.69,0.48
17883,3236,54871.1,0.31
17884,6171,416314.79,0.42
17885,20915,101666.34,0.69
17886,3024,178097.96,0.14
17887,12005,391811.6,0.61
17888,23444,401180.29,0.88
17889,33836,490658.77,0.87
17890,26872,456755.52,0.13
17891,15345,132616.41,0.87
17892,27546,431324.25,0.28
17893,21812,230865.98,0.82
17894,6803,388654.21,0.71
17895,26034,22913.72,0.27
17896,19756,30267.81,0.25
17897,29679,166491.35,0.51
17898,27991,161033.15,0.27
17899,3312,477896.9,0.56
17900,20167,108761.75,0.89
17901,18454,405090.47,0.84
17902,24404,164869.29,0.14
17903,20302,244743.67,0.23
17904,2290,97532.66,0.72
17905,34604,116016.61,0.58
17906,1111,428108.92,0.32
17907,26878,162339.05,0.54
17908,23360,196327.59,0.65
17909,14005,108329.77,0.11
17910,27102,78414.09,0.34
17911,27969,362688.79,0.62
17912,5451,253969.27,0.71
17913,24087,217348.56,0.57
17914,24523,283283.3,0.29
17915,32745,494557.86,0.71
17916,744,56743.03,0.76
17917,18985,410348.69,0.76
17918,19942,275508.56,0.46
17919,28037,466133.77,0.68
17920,17844,165172.64,0.74
17921,32642,300337.67,0.77
17922,14214,448872.78,0.83
17923,11339,147673.02,0.69
17924,6312,78502.87,0.78
17925,3314,143882.7,0.58
17926,33596,134519.51,0.59
17927,34346,77186.41,0.44
17928,34837,285137.63,0.81
17929,21278,218329.65,0.43
17930,25570,191174.65,0.67
17931,6532,245077.23,0.71
17932,30904,448248.15,0.86
17933,23105,332420.18,0.43
17934,17014,113164.25,0.73
17935,26295,160132.76,0.86
17936,15819,405558.14,0.54
17937,10037,112295.43,0.63
17938,31246,282441.94,0.82
17939,34240,368322.12,0.47
17940,16774,38441.0,0.63
17941,9344,312259.18,0.87
17942,4315,332546.88,0.41
17943,22024,67989.41,0.41
17944,19422,319366.84,0.67
17945,11313,463032.54,0.57
17946,33554,411386.21,0.63
17947,32114,438393.0,0.64
17948,31834,167236.42,0.48
17949,34416,391741.95,0.61
17950,21435,460716.56,0.55
17951,32685,496492.27,0.12
17952,3964,480913.78,0.31
17953,24966,351843.97,0.11
17954,33594,162540.57,0.6
17955,30205,220073.78,0.75
17956,25604,301501.88,0.57
17957,6208,255759.35,0.66
17958,8111,260920.05,0.43
17959,17050,90357.6,0.62
17960,1562,238155.92,0.22
17961,18519,143457.95,0.5
17962,30786,488116.2,0.21
17963,27455,337478.78,0.36
17964,9246,432365.53,0.32
17965,23529,155553.41,0.79
17966,2381,293746.42,0.8
17967,29520,227569.53,0.14
17968,33629,438189.02,0.41
17969,6699,117762.62,0.28
17970,373,442300.89,0.76
17971,16851,158477.38,0.69
17972,32245,64538.42,0.54
17973,24555,33861.63,0.6
17974,7196,253792.2,0.73
17975,4075,145272.34,0.58
17976,33959,483329.65,0.48
17977,5963,29849.22,0.71
17978,16852,230033.95,0.73
17979,19876,428385.96,0.73
17980,16575,256897.25,0.42
17981,22900,119733.63,0.47
17982,29122,302015.5,0.86
17983,14433,226907.53,0.35
17984,6649,356181.2,0.7
17985,31529,241498.14,0.13
17986,8508,413746.0,0.86
17987,34459,399889.96,0.41
17988,16043,426233.79,0.84
17989,26821,146449.93,0.74
17990,24609,256363.21,0.25
17991,11789,162412.81,0.6
17992,16176,119453.07,0.47
17993,30147,450895.16,0.48
17994,3550,413111.73,0.12
17995,34161,76138.87,0.71
17996,27677,194569.45,0.51
17997,3827,252501.83,0.63
17998,18515,310955.28,0.52
17999,3917,133593.46,0.28
18000,27888,85701.03,0.64
18001,21336,229432.04,0.64
18002,16035,401554.33,0.19
18003,9669,473575.97,0.28
18004,28248,25276.36,0.63
18005,19029,135751.68,0.35
18006,17790,124416.0,0.73
18007,27816,473051.76,0.36
18008,23345,207128.39,0.78
18009,16845,138220.61,0.74
18010,4809,63429.49,0.39
18011,4114,417053.33,0.78
18012,14594,79199.57,0.2
18013,24229,117640.7,0.47
18014,6975,171035.87,0.54
18015,26811,190806.49,0.3
18016,22360,450775.85,0.53
18017,26702,123309.86,0.74
18018,11488,309357.86,0.48
18019,33988,306371.72,0.78
18020,13459,104067.25,0.46
18021,7284,189874.45,0.52
18022,31422,153639.65,0.38
18023,32134,387033.24,0.62
18024,10764,469071.43,0.14
18025,6625,175683.57,0.27
18026,22286,477446.96,0.77
18027,420,117706.68,0.6
18028,2932,23394.54,0.48
18029,27632,329491.21,0.84
18030,10388,444906.7,0.34
18031,9693,171523.1,0.73
18032,31997,474385.76,0.15
18033,15753,312399.22,0.35
18034,28632,369344.52,0.51
18035,22806,331090.48,0.18
18036,30775,404608.86,0.64
18037,12761,60743.85,0.35
18038,32431,242317.02,0.52
18039,17775,213363.31,0.52
18040,15356,444983.13,0.61
18041,5098,282997.99,0.2
18042,27065,498429.14,0.64
18043,30929,378594.88,0.76
18044,14958,76062.63,0.79
18045,9486,314728.64,0.54
18046,15863,358587.32,0.12
18047,8434,425435.26,0.22
18048,34936,359903.87,0.44
18049,21112,417446.91,0.38
18050,19276,53449.67,0.64
18051,29635,476278.46,0.21
18052,32696,257155.73,0.25
18053,25662,136590.72,0.86
18054,3032,74550.27,0.15
18055,6946,491630.83,0.52
18056,11481,457916.12,0.55
18057,2352,103790.95,0.6
18058,24777,69556.35,0.58
18059,18829,41564.79,0.61
18060,25892,16738.27,0.62
18061,17208,221878.36,0.12
18062,3347,186674.91,0.42
18063,33812,390234.71,0.29
18064,18578,478703.67,0.19
18065,25065,255456.25,0.47
18066,3802,414448.33,0.3
18067,20442,374636.07,0.47
18068,17857,300744.84,0.8
18069,17898,228407.94,0.12
18070,8710,59906.49,0.15
18071,34553,468327.53,0.85
18072,23468,271071.94,0.57
18073,34391,82274.77,0.51
18074,32443,78669.03,0.31
18075,15168,442946.5,0.56
18076,27695,375045.43,0.45
18077,32879,13973.65,0.52
18078,27543,73793.3,0.8
18079,19268,443344.1,0.69
18080,6279,320330.78,0.42
18081,10500,380223.33,0.28
18082,11887,191846.27,0.31
18083,9313,439263.45,0.15
18084,23515,398767.11,0.59
18085,30358,447868.09,0.85
18086,27140,114198.69,0.81
18087,2945,351325.4,0.61
18088,15293,363641.07,0.56
18089,18024,189416.3,0.12
18090,19670,267876.13,0.78
18091,16012,323813.06,0.13
18092,34866,418324.2,0.2
18093,20458,181240.11,0.84
18094,4269,162790.48,0.22
18095,27268,312235.52,0.52
18096,32000,451566.35,0.68
18097,13916,158584.87,0.44
18098,34515,357790.7,0.24
18099,20848,328026.51,0.55
18100,11772,277111.17,0.56
18101,21900,108783.02,0.36
18102,15241,276315.94,0.69
18103,30353,97893.74,0.65
18104,20705,31164.36,0.81
18105,10988,70483.97,0.64
18106,19683,170724.31,0.59
18107,3433,123100.69,0.44
18108,14435,278299.76,0.71
18109,27511,321837.82,0.47
18110,17835,481998.04,0.83
18111,4861,234478.28,0.68
18112,7608,183592.63,0.36
18113,5927,238961.46,0.45
18114,3921,354018.33,0.87
18115,25602,221545.33,0.31
18116,12007,263414.19,0.75
18117,518,403231.45,0.61
18118,13474,197987.93,0.12
18119,11339,218509.32,0.56
18120,3590,176004.79,0.59
18121,5973,359295.33,0.82
18122,21648,214277.49,0.82
18123,5883,425634.01,0.32
18124,3059,75163.65,0.11
18125,10332,284659.91,0.55
18126,5984,395748.99,0.57
18127,11686,47703.38,0.83
18128,16767,63488.26,0.43
18129,16752,229479.29,0.38
18130,19264,35328.57,0.79
18131,17010,100317.82,0.31
18132,16009,126740.98,0.69
18133,31603,491352.32,0.26
18134,17776,262574.87,0.27
18135,3702,314468.49,0.6
18136,23334,274047.86,0.75
18137,17905,111163.54,0.34
18138,26837,307677.44,0.43
18139,11042,22385.74,0.39
18140,1994,43708.29,0.14
18141,14379,150980.85,0.69
18142,19072,348417.84,0.18
18143,23583,102176.4,0.86
18144,4669,437525.55,0.43
18145,25630,83227.56,0.84
18146,17370,326038.07,0.65
18147,12211,171628.08,0.34
18148,24671,437250.19,0.67
18149,34580,439907.21,0.2
18150,14986,165013.11,0.59
18151,16844,490897.28,0.76
18152,11031,151879.3,0.86
18153,17250,164008.97,0.21
18154,31874,339880.66,0.85
18155,19412,165872.9,0.21
18156,14250,43418.38,0.17
18157,19646,297993.8,0.19
18158,22922,413096.26,0.33
18159,5584,121897.54,0.55
18160,7609,188576.19,0.29
18161,19813,444932.57,0.41
18162,34297,197501.06,0.35
18163,32990,218532.48,0.51
18164,34197,264668.76,0.21
18165,18421,285318.68,0.66
18166,5222,191995.26,0.31
18167,6372,278922.15,0.12
18168,15781,187585.48,0.57
18169,10205,33861.63,0.2
18170,1156,370847.13,0.32
18171,30482,397919.74,0.42
18172,26937,106768.17,0.12
18173,19002,268281.06,0.35
18174,19396,337573.26,0.3
18175,14313,320407.98,0.33
18176,9032,101803.28,0.86
18177,17787,452877.22,0.63
18178,32061,326396.14,0.75
18179,10580,143781.2,0.33
18180,14893,165380.9,0.54
18181,20267,434318.15,0.16
18182,13020,201409.19,0.32
18183,8117,298543.54,0.11
18184,22365,236530.95,0.57
18185,9419,188158.22,0.4
18186,31261,137850.38,0.2
18187,32730,76709.86,0.4
18188,4042,149213.42,0.11
18189,320,198243.0,0.69
18190,15817,302449.65,0.39
18191,9867,361960.02,0.36
18192,6753,486686.21,0.75
18193,26103,355468.38,0.18
18194,21371,82965.93,0.76
18195,32702,454822.73,0.55
18196,5137,58857.27,0.36
18197,14529,432774.34,0.51
18198,32134,154849.18,0.73
18199,16150,449292.13,0.16
18200,19747,435951.69,0.26
18201,7111,210374.51,0.56
18202,24556,61421.55,0.55
18203,30511,80838.61,0.78
18204,1057,346295.6,0.77
18205,3127,218724.22,0.14
18206,30326,296423.49,0.54
18207,6136,472036.6,0.17
18208,10786,479247.99,0.72
18209,22256,485241.61,0.78
18210,16712,109952.36,0.58
18211,15976,436869.58,0.85
18212,23599,328086.79,0.66
18213,23637,92192.52,0.6
18214,18096,322447.4,0.36
18215,10176,141296.57,0.5
18216,30517,472337.69,0.4
18217,5791,312807.28,0.75
18218,5654,221991.26,0.54
18219,33938,357523.99,0.44
18220,17701,157011.75,0.73
18221,29115,269584.84,0.73
18222,20250,26593.4,0.24
18223,30799,76073.88,0.28
18224,20174,133105.15,0.35
18225,34522,213968.25,0.56
18226,24904,463796.17,0.68
18227,16859,307610.35,0.61
18228,16354,308660.43,0.14
18229,25922,37697.32,0.7
18230,2960,11138.22,0.42
18231,16541,141264.24,0.84
18232,4953,393933.37,0.86
18233,4815,309380.64,0.37
18234,2645,318420.16,0.74
18235,25693,368289.71,0.37
18236,25363,424064.4,0.78
18237,12858,126050.7,0.59
18238,26025,12970.79,0.11
18239,27352,260589.33,0.32
18240,31907,296859.08,0.87
18241,15679,197841.72,0.79
18242,21767,99722.24,0.34
18243,28054,284668.84,0.5
18244,7479,279013.73,0.75
18245,1442,126274.46,0.21
18246,2353,473530.9,0.36
18247,15053,206875.63,0.36
18248,2180,266519.31,0.77
18249,19034,455750.84,0.51
18250,22644,479573.74,0.42
18251,6684,88992.83,0.24
18252,21702,261091.03,0.62
18253,32455,356781.97,0.75
18254,21368,45986.37,0.69
18255,33080,315823.08,0.66
18256,33260,426787.85,0.13
18257,17459,390336.82,0.74
18258,4834,439132.5,0.8
18259,19700,67416.05,0.59
18260,11211,54255.98,0.76
18261,14390,354377.09,0.3
18262,27113,61169.06,0.61
18263,32718,436812.34,0.59
18264,31044,311278.67,0.34
18265,8228,486325.63,0.15
18266,11645,146366.63,0.41
18267,11700,365171.27,0.71
18268,27017,454585.23,0.72
18269,22761,241206.63,0.87
18270,30451,71836.97,0.11
18271,10876,481752.7,0.57
18272,3252,27033.85,0.43
18273,34158,114860.85,0.13
18274,11030,175439.7,0.31
18275,5159,131818.15,0.71
18276,25928,307587.05,0.76
18277,10614,168531.38,0.84
18278,33699,340433.36,0.21
18279,14571,418372.67,0.61
18280,12839,126471.82,0.16
18281,3601,128094.53,0.84
18282,8922,376966.68,0.14
18283,9523,102181.76,0.32
18284,33418,399022.73,0.22
18285,32655,361483.35,0.56
18286,21875,255421.08,0.25
18287,17150,179170.04,0.66
18288,7691,281868.04,0.45
18289,11555,187540.16,0.12
18290,3005,386078.47,0.55
18291,7888,355387.83,0.48
18292,25457,457635.96,0.33
18293,5513,101686.71,0.74
18294,4495,163475.71,0.59
18295,25801,118266.29,0.23
18296,7229,296257.62,0.75
18297,15551,82261.91,0.69
18298,3371,462172.33,0.17
18299,1301,114151.3,0.13
18300,17787,204186.59,0.15
18301,26071,146921.82,0.51
18302,30194,383944.64,0.85
18303,29710,259175.61,0.28
18304,29545,180840.82,0.61
18305,16774,43021.69,0.78
18306,3195,33913.22,0.73
18307,21656,83380.55,0.87
18308,34190,451047.01,0.52
18309,14893,197529.95,0.13
18310,15910,152368.05,0.82
18311,6000,94939.06,0.83
18312,3479,399244.3,0.6
18313,18213,456422.72,0.13
18314,7848,479947.76,0.43
18315,19535,260287.09,0.42
18316,3830,468322.94,0.24
18317,25614,448902.33,0.37
18318,23181,90717.53,0.53
18319,11312,461805.59,0.29
18320,30250,94492.12,0.5
18321,30052,239731.09,0.12
18322,32296,162662.81,0.55
18323,29776,142291.81,0.65
18324,29875,30671.48,0.34
18325,28237,236502.83,0.84
18326,4134,343335.52,0.59
18327,13692,106743.43,0.52
18328,4183,405432.03,0.24
18329,23129,63496.19,0.5
18330,18591,344603.37,0.82
18331,3942,31375.83,0.41
18332,20833,311406.69,0.77
18333,13238,459473.33,0.82
18334,27312,436281.6,0.37
18335,30140,380146.63,0.72
18336,30166,141398.24,0.61
18337,29656,254232.51,0.48
18338,16089,124343.56,0.14
18339,26795,287945.36,0.45
18340,28752,256459.43,0.4
18341,10445,64292.25,0.37
18342,24146,234665.1,0.8
18343,5076,134633.37,0.76
18344,17591,306736.71,0.36
18345,29231,152459.18,0.13
18346,33040,107757.82,0.61
18347,9692,140978.47,0.58
18348,16165,266351.8,0.83
18349,16859,169155.99,0.13
18350,11648,30059.87,0.77
18351,29087,455576.02,0.36
18352,14095,204057.49,0.43
18353,4774,15223.65,0.17
18354,19567,254242.0,0.3
18355,25578,240626.94,0.79
18356,9341,115164.31,0.8
18357,28969,433331.5,0.25
18358,26885,312827.57,0.2
18359,21793,246853.52,0.51
18360,9015,195670.71,0.16
18361,2619,499643.48,0.68
18362,5718,214434.81,0.32
18363,544,415845.58,0.23
18364,19968,306608.07,0.22
18365,29547,239680.26,0.29
18366,18371,171814.19,0.41
18367,15408,407428.82,0.85
18368,6416,276005.8,0.77
18369,30639,266165.83,0.77
18370,23366,79998.78,0.37
18371,26176,42900.22,0.44
18372,98,436576.88,0.28
18373,26428,396243.29,0.67
18374,12482,230135.12,0.68
18375,26348,276308.69,0.63
18376,13425,216764.91,0.57
18377,1754,332766.41,0.26
18378,3376,73180.89,0.43
18379,21338,102525.79,0.8
18380,14336,46922.29,0.7
18381,30976,211580.07,0.87
18382,22580,210110.14,0.26
18383,8592,52658.61,0.65
18384,32627,99215.8,0.69
18385,12324,63677.29,0.42
18386,7458,146633.86,0.36
18387,5490,98781.39,0.72
18388,784,380371.66,0.67
18389,13567,356121.89,0.75
18390,27267,425925.85,0.32
18391,16947,265641.32,0.5
18392,21059,405803.28,0.63
18393,9303,356442.46,0.78
18394,31066,115028.25,0.23
18395,18221,142059.69,0.25
18396,25156,26170.16,0.78
18397,8414,422330.79,0.86
18398,2722,432326.64,0.14
18399,17477,54487.01,0.2
18400,15494,24382.43,0.55
18401,31564,220960.66,0.53
18402,22697,62861.96,0.38
18403,3174,23540.94,0.17
18404,33593,270292.22,0.21
18405,7830,304024.2,0.77
18406,2188,179486.92,0.42
18407,29061,196486.45,0.42
18408,16307,381931.85,0.73
18409,1288,111307.52,0.58
18410,31970,469745.61,0.77
18411,21821,495171.02,0.76
18412,4863,85536.33,0.56
18413,25515,429725.77,0.29
18414,15037,167591.66,0.71
18415,30030,383139.65,0.14
18416,24476,360488.38,0.15
18417,18464,256615.42,0.2
18418,3154,353478.58,0.4
18419,3626,158400.05,0.33
18420,23356,71381.63,0.13
18421,17592,301801.56,0.69
18422,30816,260860.0,0.37
18423,30725,107314.02,0.42
18424,15029,109736.25,0.14
18425,31854,493402.1,0.11
18426,29081,319172.26,0.75
18427,7936,425339.82,0.82
18428,23505,403098.15,0.47
18429,31724,446009.79,0.88
18430,12062,173719.8,0.74
18431,11277,341258.78,0.27
18432,14060,129825.69,0.58
18433,12753,197954.63,0.11
18434,17160,138728.2,0.45
18435,18813,295924.91,0.83
18436,11599,274140.87,0.46
18437,25228,371244.16,0.74
18438,2573,400814.57,0.6
18439,7846,477735.67,0.54
18440,26140,305926.69,0.85
18441,1000,49761.58,0.66
18442,9290,397282.34,0.28
18443,9489,61519.5,0.76
18444,12838,360222.0,0.26
18445,5531,197180.04,0.33
18446,13335,89045.98,0.14
18447,17713,223390.17,0.82
18448,17305,199914.7,0.65
18449,34058,323923.42,0.28
18450,28233,395058.26,0.2
18451,5870,149921.21,0.26
18452,28849,177435.85,0.9
18453,33468,47783.36,0.59
18454,10679,355558.97,0.56
18455,27143,157020.61,0.3
18456,25408,295932.75,0.33
18457,34633,413955.1,0.13
18458,11009,110767.11,0.62
18459,17160,205640.32,0.23
18460,14366,499857.74,0.33
18461,684,196848.06,0.5
18462,4649,259258.67,0.36
18463,34396,284246.84,0.11
18464,28469,298174.43,0.75
18465,7854,215344.37,0.57
18466,22359,385180.99,0.22
18467,24572,226979.82,0.24
18468,14427,460302.46,0.77
18469,30961,216935.99,0.38
18470,781,258740.38,0.52
18471,20760,141560.51,0.59
18472,23063,444891.86,0.71
18473,33847,272042.32,0.83
18474,29321,467679.32,0.76
18475,4019,177392.45,0.58
18476,9269,233117.19,0.1
18477,8371,363072.94,0.48
18478,28363,493972.84,0.13
18479,27202,408500.84,0.36
18480,4986,58446.52,0.38
18481,3988,197216.59,0.37
18482,6461,109284.82,0.84
18483,11771,285155.11,0.47
18484,22488,331421.92,0.3
18485,25988,307675.55,0.59
18486,30449,196079.93,0.39
18487,15965,54398.91,0.89
18488,2882,452471.98,0.63
18489,23005,184921.09,0.54
18490,15755,453551.89,0.69
18491,27472,76594.02,0.36
18492,28554,210449.19,0.12
18493,31013,244243.33,0.66
18494,7190,208490.98,0.53
18495,17571,285847.22,0.46
18496,6160,191789.4,0.35
18497,440,91998.73,0.62
18498,30633,38760.68,0.4
18499,21776,441724.24,0.58
18500,28857,215495.75,0.83
18501,18355,312615.76,0.33
18502,11574,410098.84,0.27
18503,25925,129166.51,0.86
18504,19966,272124.63,0.82
18505,5259,84382.8,0.28
18506,33639,97114.12,0.56
18507,12095,29370.52,0.17
18508,33836,465638.35,0.19
18509,13470,424823.15,0.77
18510,5179,339109.57,0.4
18511,31334,419471.52,0.5
18512,15739,354949.79,0.61
18513,34489,438854.71,0.84
18514,26952,244293.37,0.82
18515,20616,12815.37,0.57
18516,7742,305240.45,0.53
18517,29943,124700.74,0.9
18518,14860,58371.13,0.44
18519,49,372614.28,0.3
18520,30291,239351.65,0.64
18521,16153,357954.51,0.29
18522,30896,263361.64,0.15
18523,23863,221318.61,0.37
18524,1334,492268.23,0.28
18525,1731,166256.15,0.28
18526,12967,251289.52,0.77
18527,5355,49526.53,0.37
18528,23580,144609.52,0.47
18529,2179,376420.13,0.39
18530,27731,228715.12,0.51
18531,28892,212773.07,0.65
18532,14108,374927.67,0.53
18533,31368,414517.2,0.4
18534,28673,320362.51,0.15
18535,16266,427077.87,0.46
18536,13255,60672.8,0.22
18537,5586,381717.05,0.14
18538,15843,271409.46,0.15
18539,33570,267243.75,0.51
18540,27847,130076.4,0.64
18541,26959,111045.71,0.74
18542,31735,305356.09,0.62
18543,28927,227508.69,0.84
18544,28224,137769.6,0.43
18545,19978,143842.35,0.31
18546,2293,242659.17,0.83
18547,14002,58280.35,0.13
18548,19742,293683.04,0.15
18549,1109,306747.73,0.3
18550,12177,150596.06,0.39
18551,16118,195081.56,0.5
18552,15250,241582.88,0.24
18553,13211,450662.22,0.8
18554,33440,419508.35,0.77
18555,2077,157915.15,0.83
18556,25815,289148.32,0.81
18557,34856,405843.1,0.56
18558,16570,494331.74,0.11
18559,4832,316303.15,0.11
18560,28105,85786.78,0.55
18561,3716,287388.37,0.58
18562,27140,219685.99,0.52
18563,20544,67548.87,0.42
18564,21933,489425.33,0.28
18565,4628,66038.08,0.12
18566,5346,161562.41,0.2
18567,14675,236489.22,0.52
18568,11715,200189.9,0.83
18569,33437,180476.97,0.8
18570,9820,198464.52,0.58
18571,7596,458438.39,0.54
18572,32183,351794.36,0.51
18573,9709,22721.16,0.63
18574,25995,87280.88,0.24
18575,32394,175964.42,0.1
18576,17750,429240.45,0.7
18577,30358,169608.0,0.23
18578,579,177825.65,0.4
18579,7659,288592.56,0.44
18580,25202,93815.92,0.34
18581,21805,268019.4,0.51
18582,16874,281196.1,0.69
18583,31617,279384.59,0.61
18584,3885,85776.01,0.82
18585,15236,90415.19,0.65
18586,26736,113597.91,0.32
18587,9217,135402.61,0.42
18588,29992,102469.01,0.68
18589,13088,332105.99,0.63
18590,31139,331218.76,0.4
18591,9360,228458.28,0.61
18592,31840,432709.49,0.22
18593,7924,265678.34,0.14
18594,1539,283299.21,0.61
18595,11704,316268.58,0.22
18596,11973,182280.7,0.72
18597,13226,40621.36,0.62
18598,12896,438151.77,0.62
18599,2420,298210.47,0.78
18600,31097,142244.63,0.47
18601,29117,291596.23,0.12
18602,13313,321430.06,0.59
18603,24756,56707.73,0.67
18604,31521,157754.98,0.72
18605,18085,342225.38,0.24
18606,30677,397272.62,0.15
18607,835,299635.86,0.14
18608,21641,314194.37,0.81
18609,4159,274726.07,0.14
18610,11516,301407.9,0.38
18611,1784,409189.24,0.8
18612,34864,327700.24,0.53
18613,21826,193244.03,0.64
18614,9356,357080.43,0.57
18615,18808,79320.48,0.45
18616,10256,217876.28,0.5
18617,14883,141031.7,0.9
18618,4464,169321.05,0.73
18619,34405,205060.52,0.58
18620,18778,304281.09,0.38
18621,17153,319054.84,0.61
18622,26696,148577.29,0.18
18623,12052,377280.56,0.11
18624,28238,120152.91,0.6
18625,6684,433291.14,0.3
18626,15366,476332.8,0.71
18627,14676,457405.84,0.57
18628,15024,162587.98,0.22
18629,10553,407184.11,0.88
18630,16251,242294.17,0.37
18631,5256,315276.49,0.49
18632,2907,165866.74,0.18
18633,26154,360399.69,0.85
18634,27792,254732.03,0.44
18635,17404,339150.78,0.88
18636,6200,269748.63,0.5
18637,7606,169816.13,0.63
18638,26701,357271.33,0.71
18639,5286,176561.36,0.62
18640,5515,390945.02,0.23
18641,31767,491738.96,0.31
18642,28943,94731.06,0.47
18643,228,149630.12,0.86
18644,34080,477010.04,0.43
18645,22486,307701.93,0.18
18646,5918,368653.01,0.24
18647,14127,450744.28,0.39
18648,16954,114328.42,0.74
18649,32881,184963.15,0.52
18650,32616,411009.62,0.59
18651,22395,151232.4,0.71
18652,9927,89871.6,0.59
18653,5414,388695.12,0.36
18654,34103,111276.14,0.9
18655,12712,39230.6,0.16
18656,2231,132159.67,0.16
18657,33620,47796.12,0.25
18658,4801,293738.81,0.13
18659,14872,307315.64,0.62
18660,27651,477414.77,0.47
18661,13573,409520.14,0.4
18662,30138,253874.11,0.63
18663,24463,11740.32,0.15
18664,33782,358383.15,0.32
18665,4771,117038.22,0.4
18666,2375,288464.08,0.25
18667,29073,402886.58,0.61
18668,10528,122928.31,0.68
18669,21176,39037.22,0.11
18670,25392,289142.24,0.4
18671,14809,233955.02,0.9
18672,6178,445037.02,0.17
18673,12993,51862.44,0.66
18674,4497,493371.51,0.63
18675,3566,187850.98,0.65
18676,17700,32710.22,0.72
18677,25574,182459.84,0.32
18678,33166,18848.41,0.37
18679,29003,413210.7,0.19
18680,6454,212880.86,0.67
18681,9086,80688.24,0.45
18682,13899,471452.47,0.18
18683,21812,389942.74,0.68
18684,6218,404093.71,0.22
18685,9914,426710.9,0.85
18686,30450,374491.68,0.36
18687,21768,77238.12,0.81
18688,26038,464931.82,0.85
18689,4641,318589.58,0.34
18690,10238,25922.89,0.43
18691,18435,268509.91,0.38
18692,24545,31207.17,0.29
18693,20513,351289.46,0.77
18694,31779,390473.79,0.9
18695,22441,453736.82,0.13
18696,30430,190450.32,0.49
18697,2636,448599.11,0.45
18698,1497,428369.65,0.65
18699,13840,330191.24,0.27
18700,13764,215637.57,0.59
18701,12868,266405.85,0.26
18702,13538,296199.71,0.69
18703,29080,342227.51,0.32
18704,34374,239070.99,0.4
18705,13843,470181.86,0.41
18706,19836,276992.15,0.71
18707,23752,459383.86,0.88
18708,3631,143736.49,0.62
18709,28895,186457.17,0.38
18710,28752,11691.7,0.85
18711,9121,141750.68,0.7
18712,6354,46354.53,0.49
18713,20238,118891.21,0.48
18714,26968,340347.65,0.63
18715,17393,251827.9,0.53
18716,30620,139854.36,0.87
18717,25343,114528.21,0.3
18718,24168,206247.17,0.48
18719,29672,76662.33,0.47
18720,6047,437427.44,0.22
18721,32219,344931.26,0.84
18722,25458,483585.69,0.22
18723,15162,345179.39,0.2
18724,25946,126374.2,0.38
18725,23095,19544.7,0.56
18726,5352,245951.79,0.39
18727,3452,256969.36,0.9
18728,19052,386668.82,0.2
18729,17696,353687.37,0.74
18730,31837,82294.03,0.41
18731,10222,40970.49,0.8
18732,7570,239548.55,0.59
18733,11619,275791.7,0.24
18734,1916,111326.95,0.47
18735,11261,396170.72,0.21
18736,4888,459628.86,0.67
18737,5594,59540.24,0.37
18738,24289,396039.74,0.14
18739,32819,322361.75,0.89
18740,28342,354583.44,0.39
18741,29342,54509.34,0.86
18742,13556,285317.83,0.27
18743,22669,474030.97,0.15
18744,33490,123061.0,0.8
18745,20875,393667.28,0.15
18746,19303,115361.82,0.68
18747,22514,394484.85,0.78
18748,2724,354573.88,0.64
18749,12370,494792.3,0.36
18750,8742,368248.41,0.85
18751,14202,183452.0,0.31
18752,14636,422232.37,0.89
18753,24991,439130.95,0.82
18754,18799,139649.13,0.73
18755,29923,275708.9,0.19
18756,21925,269910.93,0.88
18757,2818,77305.93,0.12
18758,4437,230651.1,0.44
18759,20131,112596.17,0.23
18760,22256,470647.24,0.19
18761,22351,451545.42,0.75
18762,30059,77420.15,0.27
18763,22801,173916.74,0.87
18764,28790,297809.92,0.67
18765,26164,341672.13,0.45
18766,33068,96222.42,0.73
18767,3365,267474.53,0.16
18768,10111,431613.68,0.52
18769,19347,126978.51,0.26
18770,18771,115137.77,0.44
18771,34979,35778.88,0.22
18772,12514,437814.24,0.68
18773,16643,300853.07,0.28
18774,11024,450888.75,0.19
18775,13330,321222.87,0.18
18776,981,413598.7,0.72
18777,13135,484760.99,0.79
18778,10852,54191.48,0.28
18779,32317,413727.38,0.4
18780,5663,173086.64,0.55
18781,31355,163818.42,0.88
18782,12617,151836.99,0.64
18783,34973,394014.32,0.62
18784,20298,95096.21,0.73
18785,26314,192264.97,0.19
18786,17458,339719.49,0.43
18787,33355,133439.52,0.75
18788,27262,465524.89,0.86
18789,28072,104225.49,0.22
18790,20853,155187.25,0.12
18791,16535,46907.2,0.52
18792,5245,85118.81,0.48
18793,32234,106219.72,0.9
18794,11965,430664.35,0.7
18795,21513,158798.28,0.39
18796,15317,43818.37,0.87
18797,10377,35032.23,0.29
18798,3491,474270.92,0.8
18799,6831,143323.46,0.79
18800,21990,259245.69,0.2
18801,7499,69804.11,0.31
18802,7635,390870.08,0.42
18803,23958,315131.13,0.8
18804,33814,298380.11,0.6
18805,25763,87283.27,0.17
18806,20713,444995.85,0.62
18807,6747,283610.28,0.88
18808,22159,204381.2,0.79
18809,2494,287203.37,0.87
18810,23826,119129.21,0.38
18811,2021,320918.56,0.62
18812,1826,176145.84,0.32
18813,33626,131413.68,0.13
18814,19310,334767.96,0.68
18815,14273,91446.46,0.52
18816,9777,272902.82,0.84
18817,423,263947.52,0.61
18818,2330,462465.56,0.65
18819,32405,176296.16,0.14
18820,8689,175564.32,0.69
18821,18275,263607.49,0.54
18822,7425,290117.16,0.44
18823,5560,231698.34,0.37
18824,6675,143958.47,0.87
18825,33162,299931.19,0.62
18826,19122,84960.33,0.86
18827,21071,342718.71,0.5
18828,4631,74151.15,0.71
18829,29836,430473.62,0.61
18830,34167,272882.96,0.62
18831,18937,226233.73,0.7
18832,13582,315580.75,0.39
18833,27150,363672.31,0.27
18834,3506,184724.54,0.75
18835,13017,50778.43,0.25
18836,19607,341803.35,0.4
18837,30570,152644.08,0.27
18838,29669,29855.54,0.24
18839,15446,404281.56,0.68
18840,8714,108652.52,0.12
18841,16951,224447.94,0.84
18842,5580,330413.81,0.86
18843,28324,426053.51,0.28
18844,14502,90691.24,0.28
18845,2905,115678.41,0.2
18846,7250,272294.23,0.44
18847,10877,349589.41,0.62
18848,14616,49972.94,0.63
18849,10625,431004.77,0.4
18850,10174,296142.72,0.83
18851,22084,167317.33,0.18
18852,720,70353.53,0.6
18853,26927,180315.68,0.5
18854,15392,230637.69,0.32
18855,26031,83538.91,0.6
18856,17097,242865.86,0.84
18857,21206,198458.09,0.9
18858,3284,151497.88,0.46
18859,5153,25150.4,0.69
18860,25827,178254.69,0.72
18861,3028,342710.55,0.27
18862,3474,472105.95,0.73
18863,4723,453299.25,0.82
18864,8317,340813.57,0.75
18865,26903,349906.24,0.79
18866,11394,265117.62,0.71
18867,3259,141665.72,0.5
18868,25222,456823.43,0.61
18869,27983,431086.86,0.13
18870,32321,415701.6,0.89
18871,22964,434964.92,0.34
18872,1438,200482.58,0.62
18873,27128,213801.17,0.68
18874,6325,376179.73,0.55
18875,20230,113123.6,0.66
18876,29606,347659.5,0.29
18877,27038,397289.33,0.74
18878,34828,236039.56,0.57
18879,17092,395860.55,0.32
18880,12500,302387.27,0.6
18881,20591,145344.19,0.3
18882,18986,419526.63,0.64
18883,4517,203411.2,0.54
18884,19832,218134.66,0.78
18885,34534,124874.95,0.71
18886,33353,319853.48,0.45
18887,6804,53253.31,0.89
18888,4907,405946.3,0.51
18889,18132,292471.1,0.48
18890,27476,443499.08,0.11
18891,10214,402200.55,0.4
18892,18867,168572.18,0.59
18893,6704,189837.71,0.23
18894,22314,466882.43,0.31
18895,32491,258848.59,0.47
18896,31688,58960.21,0.14
18897,9211,87578.27,0.63
18898,32275,255144.31,0.61
18899,34126,457375.16,0.55
18900,12507,156055.49,0.73
18901,1196,16761.06,0.5
18902,34144,373225.17,0.72
18903,27002,189769.36,0.64
18904,29149,125199.79,0.54
18905,29264,150854.4,0.12
18906,27176,465594.75,0.34
18907,17436,232291.3,0.61
18908,10306,276780.3,0.25
18909,29643,399072.93,0.52
18910,16616,408624.63,0.48
18911,10795,222567.75,0.43
18912,2768,436830.98,0.29
18913,8193,41511.66,0.89
18914,26635,25670.22,0.82
18915,27206,32934.28,0.31
18916,4128,105542.04,0.79
18917,29765,346127.11,0.45
18918,26149,484101.63,0.16
18919,24699,493223.0,0.38
18920,20637,415539.03,0.76
18921,15038,70598.77,0.79
18922,8215,494196.23,0.83
18923,29278,21327.89,0.48
18924,5064,343520.84,0.75
18925,2677,195198.35,0.38
18926,28167,88880.12,0.55
18927,12317,217201.98,0.24
18928,2343,222520.15,0.63
18929,17283,476401.75,0.11
18930,8921,68001.5,0.79
18931,7866,95756.78,0.19
18932,13807,417596.83,0.72
18933,29519,323539.24,0.82
18934,12047,274556.97,0.25
18935,21162,463034.31,0.16
18936,14287,112832.22,0.87
18937,28843,345719.57,0.83
18938,30402,456080.8,0.76
18939,30016,262768.17,0.35
18940,23535,222191.01,0.15
18941,4205,95016.09,0.8
18942,18668,90462.08,0.88
18943,17921,103147.8,0.21
18944,26056,364529.8,0.7
18945,4655,195463.85,0.23
18946,16239,479836.01,0.48
18947,20152,108972.51,0.15
18948,34480,477891.78,0.26
18949,25752,205643.02,0.2
18950,24292,469613.47,0.75
18951,25937,63857.4,0.28
18952,2227,301523.04,0.57
18953,17944,323243.67,0.22
18954,1983,179115.14,0.36
18955,28542,42102.73,0.35
18956,17874,301930.82,0.11
18957,10349,289522.3,0.29
18958,20942,66665.08,0.86
18959,6502,398044.59,0.54
18960,11164,125115.72,0.3
18961,29556,440295.95,0.56
18962,34684,18796.67,0.45
18963,31987,398139.48,0.65
18964,26843,327234.75,0.56
18965,31467,267760.68,0.82
18966,19991,85054.52,0.75
18967,13565,214970.76,0.2
18968,8933,278366.98,0.76
18969,16441,270558.11,0.84
18970,25206,417316.03,0.39
18971,1339,437287.69,0.8
18972,23291,191784.06,0.77
18973,23744,492510.45,0.75
18974,15897,289635.65,0.83
18975,311,366342.91,0.13
18976,26843,112377.44,0.33
18977,17687,402559.09,0.87
18978,9609,137650.51,0.36
18979,7297,74674.03,0.78
18980,27950,293950.39,0.34
18981,27298,25906.54,0.17
18982,32034,120082.84,0.66
18983,22284,88480.88,0.54
18984,21267,465369.54,0.54
18985,20246,397186.17,0.76
18986,26555,190428.95,0.37
18987,24303,77280.78,0.29
18988,32930,269030.71,0.14
18989,21127,146268.15,0.54
18990,34786,294524.86,0.57
18991,31711,301181.78,0.87
18992,1410,48182.35,0.33
18993,28685,290193.98,0.44
18994,26061,311643.39,0.11
18995,19746,108233.27,0.27
18996,8169,253928.7,0.36
18997,18885,139601.86,0.81
18998,21419,324863.81,0.17
18999,34236,453610.75,0.71
19000,2459,13675.64,0.19
19001,4855,153279.83,0.62
19002,23680,55017.62,0.34
19003,23219,169326.14,0.83
19004,16197,46952.55,0.22
19005,21549,126886.2,0.71
19006,20183,192207.31,0.16
19007,8223,14806.47,0.4
19008,19046,370660.6,0.25
19009,23258,404526.2,0.77
19010,9610,488246.0,0.14
19011,3092,234994.84,0.69
19012,18556,401947.09,0.79
19013,4760,33031.45,0.37
19014,33289,245483.58,0.19
19015,22658,489874.54,0.86
19016,31791,56161.28,0.55
19017,12076,221855.85,0.68
19018,23356,85652.27,0.87
19019,21872,198206.87,0.29
19020,21190,35996.11,0.74
19021,19829,483642.42,0.79
19022,27073,333702.69,0.46
19023,16147,261508.99,0.42
19024,30117,459911.94,0.84
19025,34967,459524.51,0.27
19026,11998,37896.28,0.81
19027,16320,207542.35,0.55
19028,33102,82259.42,0.3
19029,31849,346717.39,0.43
19030,12466,260055.48,0.6
19031,22224,12662.94,0.37
19032,26674,84226.63,0.38
19033,12113,40456.78,0.42
19034,19176,122994.97,0.84
19035,28987,251039.19,0.49
19036,2544,299954.76,0.51
19037,12476,86264.83,0.34
19038,29796,98574.64,0.54
19039,21134,257861.51,0.82
19040,25923,293164.22,0.8
19041,12562,96075.11,0.19
19042,2060,375924.28,0.79
19043,6575,10635.39,0.29
19044,16642,410142.11,0.54
19045,29122,170022.19,0.39
19046,7710,102798.55,0.44
19047,30507,133727.36,0.39
19048,34640,258192.64,0.62
19049,29612,423859.44,0.76
19050,6847,119674.72,0.23
19051,5143,348935.13,0.22
19052,6760,156069.73,0.22
19053,30205,355552.64,0.79
19054,190,102286.95,0.33
19055,12220,426401.77,0.34
19056,8181,486035.6,0.76
19057,32675,153270.14,0.51
19058,5893,102735.95,0.48
19059,12003,172884.94,0.68
19060,17988,125923.81,0.29
19061,17412,431840.57,0.85
19062,3199,437567.24,0.24
19063,20119,220708.15,0.41
19064,8828,309797.09,0.59
19065,2760,463765.79,0.23
19066,10271,442159.93,0.69
19067,11335,404302.68,0.83
19068,21660,200093.3,0.76
19069,25817,313904.79,0.64
19070,23107,295626.36,0.63
19071,23015,335311.67,0.25
19072,1050,35484.33,0.66
19073,20496,399386.67,0.12
19074,16848,325368.5,0.29
19075,25180,53580.64,0.12
19076,23386,193459.8,0.87
19077,20845,21794.95,0.51
19078,32951,139388.11,0.53
19079,21579,310532.57,0.56
19080,19979,280295.71,0.4
19081,17717,217484.16,0.37
19082,20205,479118.28,0.18
19083,10203,259413.88,0.6
19084,1603,495881.12,0.78
19085,11466,294669.28,0.18
19086,5273,178207.16,0.54
19087,10767,209961.67,0.2
19088,8207,25624.17,0.17
19089,23451,188683.95,0.2
19090,3036,63559.12,0.85
19091,23829,298013.42,0.59
19092,15025,326403.07,0.23
19093,3581,205341.43,0.61
19094,30043,166008.12,0.5
19095,30333,255599.02,0.81
19096,14795,206996.41,0.39
19097,26812,485135.07,0.54
19098,1085,15496.93,0.26
19099,21147,325073.09,0.4
19100,11497,311582.01,0.48
19101,5079,351481.62,0.42
19102,4880,241337.77,0.47
19103,34879,21588.24,0.37
19104,33515,468460.95,0.76
19105,22740,177802.88,0.9
19106,9751,183159.77,0.7
19107,17793,321291.06,0.9
19108,29150,253106.59,0.54
19109,30455,403499.58,0.24
19110,5889,143594.67,0.46
19111,32084,417201.5,0.17
19112,33352,362292.59,0.36
19113,30693,95967.43,0.52
19114,16697,172996.66,0.79
19115,16013,217010.27,0.18
19116,18516,156172.34,0.36
19117,8149,346333.34,0.74
19118,26330,362185.55,0.22
19119,17330,28955.48,0.15
19120,15454,184455.75,0.54
19121,20271,49118.35,0.41
19122,21914,120095.06,0.27
19123,16518,467813.85,0.23
19124,2767,169004.69,0.86
19125,12807,228812.91,0.17
19126,21285,36842.82,0.29
19127,34212,230833.08,0.44
19128,30757,258730.1,0.1
19129,11278,452263.21,0.33
19130,5678,104007.24,0.11
19131,17046,76785.52,0.71
19132,20224,409400.88,0.21
19133,22989,466236.03,0.51
19134,8625,367685.42,0.8
19135,31539,192000.52,0.48
19136,17519,266767.07,0.6
19137,7551,70647.36,0.5
19138,1462,113564.58,0.54
19139,347,33150.26,0.55
19140,26108,223391.75,0.52
19141,30702,386061.93,0.81
19142,34557,248598.77,0.18
19143,18245,22876.09,0.84
19144,604,242380.99,0.33
19145,25531,418362.03,0.22
19146,9528,468695.05,0.75
19147,2728,159697.35,0.72
19148,30337,215771.43,0.8
19149,31827,103694.2,0.53
19150,8810,246828.79,0.53
19151,18790,239830.73,0.58
19152,24799,468900.1,0.73
19153,32302,470252.28,0.19
19154,24469,252490.82,0.16
19155,9998,305398.99,0.12
19156,27166,109368.75,0.75
19157,9792,109587.67,0.23
19158,17061,249537.12,0.77
19159,18463,252442.72,0.17
19160,14474,486576.58,0.38
19161,21254,486353.06,0.63
19162,45,158163.9,0.33
19163,25226,492533.48,0.75
19164,17486,485116.0,0.22
19165,25013,458653.4,0.62
19166,16003,185253.31,0.45
19167,2160,151777.84,0.5
19168,31752,439197.24,0.66
19169,1398,304501.25,0.78
19170,27040,140402.53,0.11
19171,28429,407803.46,0.8
19172,3431,394005.57,0.4
19173,22568,427814.79,0.62
19174,15835,132246.03,0.65
19175,3380,247229.87,0.54
19176,793,406353.71,0.21
19177,19069,262872.3,0.39
19178,30437,318873.71,0.76
19179,27270,195155.53,0.5
19180,29992,66854.91,0.59
19181,34027,456798.51,0.51
19182,30909,448478.0,0.17
19183,14170,382852.33,0.12
19184,6981,380222.62,0.23
19185,18255,475990.79,0.46
19186,32700,444828.06,0.5
19187,26075,203329.94,0.28
19188,30096,157087.64,0.51
19189,14017,294899.57,0.29
19190,33370,152536.45,0.82
19191,17129,457852.33,0.12
19192,22036,253935.6,0.83
19193,26729,250916.84,0.81
19194,10986,486211.59,0.72
19195,21184,307655.04,0.86
19196,4332,121805.41,0.51
19197,10308,131786.99,0.29
19198,23416,189085.27,0.45
19199,33717,271934.24,0.21
19200,8801,185044.81,0.87
19201,18121,454003.7,0.77
19202,26783,352072.68,0.8
19203,20926,476334.96,0.12
19204,25629,276986.24,0.36
19205,6872,360976.64,0.31
19206,6938,283690.78,0.58
19207,31864,339634.37,0.43
19208,6071,368859.3,0.36
19209,398,48797.22,0.84
19210,4628,431388.99,0.79
19211,16311,220490.28,0.89
19212,14147,165590.15,0.71
19213,3663,223310.34,0.72
19214,19555,278798.06,0.82
19215,1350,249330.1,0.41
19216,28063,433755.84,0.27
19217,30682,225368.03,0.8
19218,14150,276504.59,0.36
19219,5704,53764.05,0.47
19220,21362,185105.09,0.66
19221,18553,182454.28,0.13
19222,3853,471704.43,0.76
19223,984,50939.24,0.9
19224,31470,425413.39,0.88
19225,13755,359009.18,0.86
19226,32803,229923.95,0.13
19227,11013,322084.02,0.49
19228,9785,356890.55,0.31
19229,20577,56378.66,0.38
19230,18420,380512.91,0.89
19231,34342,322790.25,0.72
19232,1496,166544.9,0.43
19233,33709,48395.45,0.73
19234,12105,406681.54,0.31
19235,32414,466427.49,0.66
19236,27461,152244.41,0.24
19237,30987,57219.39,0.13
19238,24170,131620.01,0.54
19239,13428,395153.27,0.15
19240,21428,38751.24,0.42
19241,24691,341620.25,0.79
19242,13670,31793.41,0.19
19243,33412,332993.26,0.57
19244,23141,470451.16,0.19
19245,23272,258609.36,0.48
19246,56,267959.96,0.69
19247,28501,300408.45,0.6
19248,25463,46991.37,0.51
19249,13336,361389.56,0.68
19250,16657,265257.24,0.37
19251,6944,205202.48,0.19
19252,13500,181734.48,0.52
19253,29187,222705.09,0.36
19254,1274,490694.47,0.28
19255,33968,310703.34,0.6
19256,8625,429819.51,0.78
19257,31978,27808.04,0.39
19258,14063,265190.7,0.79
19259,16802,436110.92,0.5
19260,24378,117973.78,0.64
19261,3481,227047.32,0.36
19262,27159,63887.96,0.83
19263,23912,271827.46,0.56
19264,7368,116581.41,0.25
19265,14746,57368.46,0.81
19266,32525,91901.19,0.7
19267,18293,326173.83,0.85
19268,8955,472725.06,0.72
19269,17015,136659.61,0.61
19270,6032,325917.76,0.58
19271,34509,282534.94,0.87
19272,14148,200614.31,0.32
19273,20483,410713.87,0.75
19274,28336,23412.98,0.19
19275,25544,12564.78,0.11
19276,4344,21832.84,0.3
19277,18556,265068.04,0.49
19278,24835,79308.13,0.88
19279,28372,336351.74,0.89
19280,32747,414138.43,0.53
19281,33080,268610.86,0.21
19282,5551,461508.63,0.59
19283,14747,423718.55,0.18
19284,10335,112264.23,0.15
19285,17230,435057.22,0.3
19286,17266,456572.93,0.33
19287,6476,283496.42,0.45
19288,14293,240843.19,0.37
19289,13093,249999.98,0.7
19290,5249,341532.35,0.73
19291,13037,446208.54,0.25
19292,2850,491348.59,0.39
19293,13252,64456.95,0.75
19294,9239,250346.94,0.54
19295,27254,309531.54,0.75
19296,20869,406775.03,0.36
19297,27109,219791.86,0.27
19298,14783,54564.35,0.64
19299,21944,25104.3,0.23
19300,23877,367306.42,0.57
19301,22387,344452.93,0.35
19302,18181,133707.72,0.67
19303,19875,52575.2,0.26
19304,5939,490548.44,0.43
19305,32034,373344.94,0.66
19306,33766,487633.67,0.12
19307,31487,68765.75,0.32
19308,12904,102265.37,0.43
19309,19188,354851.05,0.36
19310,17517,26773.11,0.26
19311,23323,441525.22,0.69
19312,2607,245158.16,0.55
19313,16018,71199.86,0.42
19314,24117,342254.38,0.76
19315,14836,150262.91,0.5
19316,15194,176975.1,0.47
19317,26041,48343.19,0.71
19318,30947,316769.08,0.51
19319,2075,181041.05,0.71
19320,22405,108697.61,0.44
19321,21866,77277.84,0.69
19322,26872,186943.19,0.52
19323,2758,45168.26,0.42
19324,14166,304248.06,0.44
19325,20836,246976.72,0.69
19326,7940,160376.63,0.37
19327,5004,230423.57,0.12
19328,7153,33511.3,0.46
19329,33133,319602.02,0.8
19330,10381,401262.84,0.43
19331,7745,483447.2,0.66
19332,17478,238565.72,0.76
19333,2954,199318.85,0.75
19334,20361,189391.36,0.18
19335,9639,332126.96,0.73
19336,13112,150017.16,0.32
19337,27963,416468.66,0.7
19338,31978,466647.98,0.52
19339,15851,55136.48,0.44
19340,3864,44245.1,0.42
19341,4214,407753.02,0.23
19342,28118,70752.82,0.66
19343,12704,241349.57,0.41
19344,17180,439389.34,0.88
19345,23306,134241.7,0.31
19346,15348,185828.09,0.54
19347,14360,23400.39,0.42
19348,18133,72459.92,0.83
19349,7525,54520.66,0.89
19350,23978,317183.89,0.58
19351,32209,123282.17,0.2
19352,11941,205477.86,0.17
19353,29704,485327.29,0.19
19354,2133,424972.81,0.84
19355,15319,407619.48,0.75
19356,13880,130982.53,0.5
19357,2352,309456.18,0.32
19358,29684,327350.4,0.21
19359,12293,431816.26,0.1
19360,12441,106252.45,0.48
19361,16656,333844.28,0.85
19362,20689,386062.3,0.22
19363,21712,383163.25,0.13
19364,27918,463918.12,0.18
19365,22502,282366.43,0.12
19366,13631,46820.9,0.4
19367,6737,252874.9,0.67
19368,30196,413602.96,0.2
19369,24781,240307.79,0.81
19370,14629,364919.46,0.71
19371,25643,236596.52,0.69
19372,3322,244899.07,0.25
19373,21681,400152.18,0.6
19374,23418,155903.88,0.73
19375,3380,353761.73,0.49
19376,5295,283842.3,0.23
19377,26745,288341.31,0.33
19378,20951,443087.58,0.58
19379,22912,32524.68,0.31
19380,29774,197345.1,0.35
19381,25113,282080.04,0.6
19382,33079,374440.67,0.67
19383,25197,340023.68,0.28
19384,19387,164075.03,0.37
19385,11971,396533.81,0.84
19386,29489,14001.68,0.21
19387,20040,364059.13,0.68
19388,14263,462276.34,0.79
19389,25838,301821.03,0.2
19390,33333,171097.24,0.89
19391,19614,146433.68,0.28
19392,22036,29575.1,0.71
19393,14913,471803.35,0.8
19394,32398,172997.39,0.42
19395,17473,40195.33,0.65
19396,11210,129755.75,0.79
19397,22624,295609.57,0.57
19398,8806,401763.69,0.51
19399,24104,447233.37,0.71
19400,28346,275225.25,0.36
19401,30428,384557.36,0.68
19402,249,400197.47,0.77
19403,9817,378294.75,0.39
19404,18179,151646.13,0.68
19405,32963,55211.25,0.6
19406,21578,241669.53,0.27
19407,26659,320991.12,0.3
19408,16992,78620.95,0.83
19409,1124,26395.13,0.12
19410,31293,108095.92,0.21
19411,1094,379374.12,0.11
19412,4148,149421.37,0.83
19413,29763,68280.0,0.45
19414,33635,425812.57,0.39
19415,7589,204185.59,0.13
19416,5155,192768.97,0.12
19417,109,312565.81,0.76
19418,4887,284102.75,0.19
19419,25565,423574.01,0.38
19420,13876,451056.54,0.11
19421,11295,52685.86,0.65
19422,8434,457218.5,0.24
19423,13136,398341.35,0.12
19424,10093,298194.86,0.42
19425,8075,322030.73,0.41
19426,28828,236882.68,0.41
19427,28267,296211.36,0.26
19428,5538,393681.25,0.79
19429,2946,488163.77,0.78
19430,10228,376539.17,0.84
19431,24416,18017.9,0.16
19432,3116,402740.0,0.73
19433,5068,200919.03,0.53
19434,25785,67510.9,0.66
19435,13168,313505.06,0.19
19436,921,163593.8,0.53
19437,26850,175434.72,0.12
19438,31488,480330.74,0.38
19439,14308,425827.14,0.85
19440,17929,321794.69,0.6
19441,10273,429879.26,0.43
19442,2138,301439.63,0.5
19443,32813,178551.91,0.49
19444,23818,170159.7,0.34
19445,24837,438029.19,0.18
19446,13218,178215.55,0.67
19447,1565,312594.02,0.23
19448,8058,373875.81,0.78
19449,29345,252759.47,0.44
19450,29762,403677.22,0.21
19451,34675,356971.39,0.17
19452,30992,292322.13,0.22
19453,21937,408626.89,0.43
19454,34907,440134.23,0.75
19455,17685,103783.19,0.57
19456,7756,47506.9,0.42
19457,18104,176410.44,0.83
19458,27082,367195.26,0.86
19459,13123,304613.7,0.5
19460,21807,445088.08,0.55
19461,9647,183852.15,0.75
19462,31109,195289.12,0.84
19463,21332,360482.6,0.36
19464,14845,306666.17,0.9
19465,12848,62526.5,0.23
19466,24541,183427.0,0.37
19467,22465,10339.88,0.64
19468,28215,129098.91,0.6
19469,23854,78807.93,0.66
19470,30568,487570.58,0.82
19471,1751,304240.28,0.28
19472,27343,355027.54,0.39
19473,19166,431022.64,0.55
19474,21886,448204.99,0.7
19475,29311,211047.37,0.53
19476,33166,284976.4,0.16
19477,5144,445977.8,0.87
19478,24446,367588.68,0.83
19479,29374,374868.62,0.65
19480,31058,477787.6,0.62
19481,31294,378849.66,0.67
19482,9499,305134.98,0.43
19483,33477,230882.52,0.11
19484,1383,243936.38,0.39
19485,18100,34131.61,0.8
19486,7636,460855.09,0.14
19487,6708,415630.77,0.57
19488,32174,380297.09,0.53
19489,9739,405317.4,0.85
19490,14515,101399.28,0.15
19491,15153,490686.6,0.65
19492,8669,328745.88,0.28
19493,27194,427837.48,0.67
19494,27321,310881.33,0.71
19495,29416,285805.13,0.4
19496,2884,105674.69,0.14
19497,21891,455305.75,0.14
19498,16201,18854.53,0.45
19499,2350,184822.1,0.32
19500,27326,195079.56,0.71
19501,19120,38514.65,0.57
19502,30745,383215.08,0.21
19503,16456,491032.38,0.5
19504,20628,373570.77,0.39
19505,5052,330032.27,0.78
19506,24092,117551.65,0.38
19507,7049,332303.56,0.26
19508,28606,445529.31,0.85
19509,11681,349533.51,0.87
19510,1322,457265.66,0.24
19511,6995,143774.41,0.25
19512,18828,137117.44,0.78
19513,8106,316344.24,0.31
19514,31721,399791.2,0.19
19515,8033,326549.74,0.58
19516,10115,286023.67,0.67
19517,20454,148107.41,0.64
19518,23990,115860.52,0.52
19519,31982,374385.81,0.34
19520,21081,261168.22,0.49
19521,5558,51200.89,0.49
19522,29134,207296.6,0.36
19523,17092,57938.45,0.13
19524,12000,274069.25,0.68
19525,15148,435640.76,0.15
19526,13519,462834.63,0.26
19527,31770,469470.79,0.23
19528,16820,496365.62,0.28
19529,15524,230489.99,0.52
19530,16373,107897.17,0.23
19531,11701,247833.99,0.68
19532,10125,222890.2,0.1
19533,6251,321920.53,0.81
19534,17675,455838.92,0.52
19535,23384,143426.73,0.81
19536,2177,15060.33,0.56
19537,16196,244574.81,0.45
19538,11980,53943.28,0.79
19539,24239,160810.12,0.14
19540,15453,207123.93,0.85
19541,15390,404813.91,0.72
19542,12055,103880.94,0.73
19543,5458,178082.78,0.52
19544,33168,410529.41,0.64
19545,4856,419505.36,0.27
19546,3918,337962.66,0.77
19547,14926,390223.38,0.34
19548,17784,26082.72,0.59
19549,5953,365604.5,0.54
19550,9454,225824.12,0.68
19551,21770,123193.53,0.65
19552,25401,285116.12,0.1
19553,16301,32006.57,0.69
19554,24888,422608.85,0.48
19555,4287,204516.6,0.49
19556,896,153392.72,0.82
19557,4278,439920.28,0.21
19558,22113,256775.16,0.44
19559,20386,76200.93,0.43
19560,3210,34027.64,0.4
19561,20055,264011.45,0.43
19562,20907,413269.08,0.57
19563,5658,330430.2,0.15
19564,11487,209975.69,0.43
19565,17538,295805.64,0.81
19566,20260,148979.39,0.82
19567,32499,146354.0,0.46
19568,34169,371411.93,0.32
19569,12850,346185.2,0.2
19570,7712,135044.7,0.57
19571,30815,256209.59,0.12
19572,17046,466271.78,0.66
19573,25937,123766.0,0.28
19574,19139,498510.12,0.42
19575,6810,390006.34,0.36
19576,9678,251959.15,0.6
19577,32710,478881.98,0.6
19578,15858,211500.58,0.82
19579,30287,25783.0,0.13
19580,28370,400209.18,0.19
19581,33344,214395.48,0.89
19582,14390,490791.01,0.75
19583,25141,11815.22,0.52
19584,9754,469155.76,0.3
19585,5010,492228.13,0.25
19586,16307,187619.92,0.59
19587,26786,28207.62,0.44
19588,25715,289741.23,0.19
19589,22157,47438.64,0.37
19590,12011,46481.84,0.75
19591,4670,291026.82,0.84
19592,17563,491461.5,0.48
19593,3155,34709.92,0.42
19594,17884,36808.76,0.43
19595,17878,135527.13,0.11
19596,25584,116846.77,0.16
19597,1300,228179.08,0.57
19598,18214,243625.77,0.31
19599,19223,216823.39,0.23
19600,23510,446032.91,0.48
19601,34794,303261.96,0.84
19602,23300,461893.86,0.63
19603,4421,78271.73,0.18
19604,33617,24194.42,0.81
19605,8162,373024.27,0.4
19606,28168,358844.33,0.63
19607,8727,219604.95,0.36
19608,22780,60292.97,0.14
19609,25473,468944.25,0.81
19610,16467,26250.78,0.56
19611,30325,359060.52,0.41
19612,22207,458542.95,0.32
19613,25078,382005.5,0.19
19614,19399,97081.3,0.68
19615,24131,421240.65,0.22
19616,13663,127883.44,0.31
19617,2427,458500.54,0.3
19618,28074,278488.31,0.58
19619,9912,93039.26,0.16
19620,33832,112748.34,0.42
19621,12947,138630.85,0.16
19622,20725,494641.27,0.24
19623,30774,16751.69,0.81
19624,22039,143447.96,0.77
19625,22723,467242.75,0.4
19626,9055,427970.69,0.3
19627,15192,172040.87,0.75
19628,31116,22117.1,0.8
19629,14736,153001.22,0.4
19630,545,468889.95,0.65
19631,10865,381582.65,0.22
19632,8821,402895.76,0.16
19633,27051,291939.47,0.54
19634,11737,293578.88,0.38
19635,15500,372722.81,0.88
19636,17130,27157.47,0.64
19637,27909,283473.01,0.84
19638,26577,98675.92,0.49
19639,19267,182929.35,0.23
19640,34393,114960.21,0.81
19641,28690,274385.37,0.46
19642,6738,205750.11,0.31
19643,17431,163036.8,0.63
19644,30491,254872.56,0.17
19645,16556,31396.85,0.74
19646,4329,183641.49,0.13
19647,22553,235754.94,0.58
19648,33869,67449.63,0.57
19649,886,341456.75,0.47
19650,27794,175594.08,0.18
19651,17916,411066.61,0.78
19652,17894,135580.12,0.37
19653,983,481142.71,0.19
19654,32067,218526.81,0.2
19655,3636,148584.16,0.84
19656,7833,281935.78,0.62
19657,16628,250765.32,0.16
19658,27710,133510.04,0.31
19659,22871,209098.32,0.58
19660,5781,219588.73,0.44
19661,10723,102609.83,0.37
19662,15315,207408.83,0.32
19663,34872,238949.11,0.59
19664,15556,26037.34,0.88
19665,3166,102635.45,0.55
19666,15169,54584.84,0.18
19667,23899,390030.78,0.15
19668,33926,471614.32,0.35
19669,26950,115119.97,0.36
19670,34281,252202.63,0.33
19671,22046,52388.75,0.39
19672,3558,17950.65,0.8
19673,27542,325473.52,0.71
19674,30038,296796.71,0.33
19675,2784,253498.4,0.24
19676,22463,476287.39,0.46
19677,22454,174388.37,0.82
19678,12280,89664.64,0.47
19679,15011,329741.45,0.56
19680,3304,466254.24,0.54
19681,22462,24684.78,0.38
19682,2265,327140.6,0.56
19683,82,420603.81,0.79
19684,15679,33504.11,0.38
19685,23531,309995.22,0.23
19686,9548,34330.7,0.76
19687,27594,106222.72,0.76
19688,13191,285153.75,0.7
19689,28216,407214.16,0.59
19690,28054,427748.44,0.5
19691,1741,453011.98,0.63
19692,31485,140749.03,0.68
19693,6749,162883.09,0.7
19694,34774,241645.67,0.61
19695,22905,265590.07,0.62
19696,28074,93138.68,0.14
19697,32037,292342.03,0.18
19698,10197,489662.15,0.33
19699,8111,493215.92,0.61
19700,33061,215501.47,0.87
19701,27487,413830.33,0.24
19702,14322,144363.16,0.21
19703,7661,285440.8,0.65
19704,2206,460314.69,0.56
19705,16888,350455.5,0.43
19706,11959,259000.95,0.47
19707,27024,46545.16,0.4
19708,18426,247368.13,0.38
19709,10953,131945.02,0.88
19710,34330,32077.51,0.18
19711,10059,259080.68,0.61
19712,22514,457822.41,0.46
19713,17472,255882.22,0.65
19714,3097,299088.46,0.42
19715,17643,410309.74,0.68
19716,10242,497558.67,0.72
19717,21041,381947.7,0.5
19718,33500,422678.99,0.43
19719,22633,434030.03,0.87
19720,21011,342005.99,0.8
19721,30144,128571.11,0.46
19722,15810,365052.99,0.7
19723,22862,13531.47,0.4
19724,18797,476085.52,0.77
19725,28904,290058.96,0.43
19726,21281,473273.97,0.84
19727,9487,74462.89,0.43
19728,27835,15233.69,0.81
19729,2082,49657.17,0.43
19730,30831,361864.5,0.87
19731,34771,185665.18,0.47
19732,14394,240946.85,0.64
19733,599,179370.58,0.47
19734,34819,472931.57,0.75
19735,22461,351560.29,0.64
19736,6381,114038.48,0.58
19737,5730,288484.02,0.56
19738,13088,145078.2,0.53
19739,30473,162543.92,0.87
19740,7530,30126.36,0.22
19741,5266,245655.12,0.6
19742,23912,168689.61,0.9
19743,13785,377637.98,0.35
19744,34865,23853.21,0.72
19745,13567,189765.95,0.4
19746,7979,278014.8,0.65
19747,29979,74829.94,0.55
19748,3635,155519.32,0.81
19749,32844,350629.74,0.86
19750,15958,224052.87,0.83
19751,495,257906.94,0.55
19752,9245,23729.85,0.77
19753,32679,426594.03,0.76
19754,10383,282081.23,0.86
19755,7221,74905.83,0.66
19756,10621,430502.39,0.72
19757,19530,40809.43,0.22
19758,14514,130864.69,0.53
19759,20160,271938.7,0.67
19760,19950,100761.11,0.75
19761,14946,10275.85,0.23
19762,31080,247347.17,0.55
19763,30165,478352.07,0.86
19764,2799,358496.3,0.77
19765,8612,300071.0,0.89
19766,17531,358309.48,0.18
19767,22699,137815.71,0.76
19768,5992,389630.56,0.85
19769,34576,37322.7,0.88
19770,7341,91122.68,0.18
19771,9412,230271.66,0.64
19772,9924,253504.32,0.54
19773,27109,282339.1,0.64
19774,27045,492190.0,0.88
19775,30676,172968.46,0.88
19776,30430,10829.75,0.28
19777,31423,199410.79,0.62
19778,5025,465158.45,0.54
19779,16322,32973.1,0.46
19780,30451,376139.25,0.7
19781,2444,219983.02,0.26
19782,20869,285635.95,0.88
19783,10158,340633.96,0.15
19784,8546,28163.81,0.17
19785,11358,395105.72,0.85
19786,22282,223348.56,0.16
19787,30282,499967.77,0.77
19788,12638,35579.17,0.7
19789,9364,274017.01,0.86
19790,31398,70978.36,0.4
19791,34459,402964.08,0.26
19792,10052,19311.64,0.81
19793,17380,328534.55,0.37
19794,26301,163346.16,0.52
19795,5708,338937.43,0.63
19796,8836,480355.7,0.82
19797,28164,403707.18,0.4
19798,20001,336449.94,0.38
19799,2636,349498.6,0.3
19800,17188,63125.91,0.53
19801,23329,110005.18,0.57
19802,26248,310850.64,0.11
19803,34383,225013.02,0.34
19804,19421,439570.43,0.64
19805,8024,164613.03,0.54
19806,30219,455423.0,0.28
19807,20070,354342.77,0.46
19808,25669,472516.07,0.78
19809,6273,310355.99,0.18
19810,7730,410557.96,0.46
19811,2429,449031.48,0.13
19812,33580,422101.03,0.66
19813,28445,382646.75,0.73
19814,2288,274766.29,0.82
19815,18138,94314.99,0.28
19816,3873,160048.22,0.31
19817,6129,399048.75,0.88
19818,29960,180697.55,0.82
19819,15995,112718.26,0.86
19820,25198,294344.66,0.43
19821,8767,350654.04,0.13
19822,13112,486882.68,0.83
19823,3865,179705.29,0.41
19824,20915,14570.75,0.61
19825,20535,238089.06,0.14
19826,13288,190851.05,0.52
19827,26155,220943.99,0.38
19828,13806,26830.35,0.52
19829,19624,337921.19,0.33
19830,16462,356674.49,0.17
19831,23859,387027.91,0.4
19832,17286,435233.51,0.46
19833,1379,269668.05,0.42
19834,11802,309472.18,0.31
19835,27331,246178.93,0.46
19836,7303,134049.5,0.64
19837,17784,294240.15,0.68
19838,3413,194711.63,0.67
19839,4149,139442.88,0.24
19840,7771,150164.87,0.2
19841,5075,366628.36,0.88
19842,22121,205653.22,0.4
19843,5407,413888.44,0.19
19844,7552,173941.89,0.77
19845,29791,196738.77,0.41
19846,24102,188080.07,0.28
19847,32735,214448.32,0.83
19848,18232,121427.55,0.71
19849,16412,238894.28,0.66
19850,29033,486167.59,0.4
19851,13974,83016.16,0.14
19852,20423,24009.01,0.72
19853,32377,293566.99,0.17
19854,10839,439220.58,0.39
19855,19307,362941.76,0.71
19856,14205,128632.43,0.76
19857,22366,383335.65,0.73
19858,880,104010.46,0.22
19859,30086,309836.58,0.27
19860,289,358604.76,0.28
19861,21422,478835.31,0.65
19862,8382,351322.47,0.49
19863,18620,345364.05,0.2
19864,29139,428609.16,0.79
19865,34709,45973.27,0.11
19866,9315,363863.62,0.32
19867,8733,450775.36,0.37
19868,18691,244802.62,0.64
19869,3403,39396.18,0.29
19870,27290,63767.56,0.25
19871,22917,292534.41,0.2
19872,13952,186952.1,0.52
19873,19666,361492.56,0.16
19874,12507,347376.81,0.69
19875,8038,170473.73,0.44
19876,15391,282243.31,0.65
19877,5021,323119.69,0.45
19878,5109,95608.07,0.17
19879,24706,284252.84,0.75
19880,29360,23704.95,0.73
19881,26083,73218.14,0.53
19882,31404,103943.43,0.51
19883,32779,458932.28,0.87
19884,26640,239032.68,0.35
19885,25345,311137.57,0.47
19886,12672,40798.54,0.67
19887,30314,198465.53,0.15
19888,27968,293046.7,0.79
19889,9852,282631.7,0.23
19890,32821,154402.94,0.37
19891,28330,349804.34,0.89
19892,20785,458986.17,0.12
19893,7146,409691.24,0.81
19894,17676,107625.79,0.79
19895,7383,446873.8,0.53
19896,26163,381393.91,0.49
19897,28085,470945.52,0.64
19898,2218,79639.47,0.25
19899,28056,14396.64,0.74
19900,31524,468426.98,0.63
19901,17228,307760.94,0.6
19902,34324,324118.83,0.27
19903,32443,268358.07,0.42
19904,16261,257899.85,0.75
19905,15288,338035.09,0.5
19906,22230,47108.38,0.19
19907,15035,391811.85,0.29
19908,16000,164190.46,0.52
19909,7756,107159.87,0.62
19910,7703,438810.4,0.73
19911,2254,36311.92,0.27
19912,24157,153807.36,0.86
19913,3796,105885.43,0.64
19914,31146,84882.71,0.53
19915,2215,434414.12,0.46
19916,34967,384817.23,0.32
19917,26323,250144.59,0.77
19918,1090,31171.21,0.3
19919,5374,372641.33,0.64
19920,6347,314928.84,0.22
19921,29486,475534.16,0.39
19922,6398,347631.3,0.36
19923,4160,406441.72,0.35
19924,25885,271856.33,0.8
19925,22714,228233.24,0.28
19926,9787,195469.82,0.43
19927,26664,335741.82,0.35
19928,8888,410088.52,0.33
19929,6473,54343.06,0.34
19930,16,433248.51,0.57
19931,1982,62766.21,0.54
19932,28107,440696.2,0.2
19933,9945,24238.81,0.37
19934,17159,355761.06,0.44
19935,1772,45422.34,0.67
19936,6201,160895.56,0.19
19937,21256,135941.99,0.59
19938,3594,340778.79,0.58
19939,23028,399957.92,0.66
19940,7808,58153.05,0.87
19941,19062,439889.75,0.54
19942,11739,349086.09,0.18
19943,31475,293911.27,0.79
19944,26330,99709.81,0.47
19945,26988,397851.43,0.7
19946,1477,217931.78,0.21
19947,29390,437694.89,0.64
19948,31129,90186.19,0.63
19949,17817,316278.06,0.9
19950,34739,327566.92,0.28
19951,11516,31053.23,0.42
19952,15163,126040.0,0.16
19953,13616,288981.86,0.1
19954,31198,259736.97,0.15
19955,14267,43093.04,0.79
19956,22402,316847.02,0.36
19957,7381,368279.76,0.44
19958,11579,404712.11,0.53
19959,31181,250499.49,0.22
19960,29280,362847.71,0.46
19961,14883,102404.04,0.3
19962,15300,419505.24,0.87
19963,7873,257563.67,0.15
19964,2142,447549.52,0.65
19965,16066,232004.32,0.26
19966,34803,293190.89,0.9
19967,14549,313568.19,0.28
19968,14366,179291.75,0.5
19969,20519,237337.33,0.11
19970,26881,222753.3,0.47
19971,25585,302738.16,0.69
19972,6110,103779.94,0.36
19973,763,119067.08,0.28
19974,15593,398491.05,0.24
19975,21050,349772.49,0.29
19976,21012,469386.89,0.72
19977,24628,251109.92,0.63
19978,11120,33381.74,0.2
19979,20859,423784.51,0.13
19980,16587,462248.88,0.58
19981,18846,176557.23,0.72
19982,11227,388124.5,0.37
19983,25602,359779.65,0.8
19984,10151,426720.6,0.29
19985,17549,471454.71,0.78
19986,4255,488655.2,0.22
19987,21811,210236.86,0.27
19988,4636,24201.48,0.65
19989,24625,30833.02,0.81
19990,24717,312552.99,0.54
19991,595,99484.45,0.52
19992,20336,413292.74,0.88
19993,31618,35751.15,0.47
19994,851,49379.11,0.22
19995,16333,302254.92,0.81
19996,29738,177163.64,0.18
19997,31880,243114.71,0.6
19998,17437,252293.04,0.37
19999,2196,480169.33,0.13
20000,11088,309611.29,0.74
20001,18669,26389.24,0.16
20002,23506,139275.46,0.77
20003,10868,380972.04,0.34
20004,769,59305.74,0.2
20005,11358,288024.22,0.45
20006,15793,43322.23,0.42
20007,1152,62230.31,0.23
20008,29741,197936.18,0.77
20009,21926,54062.7,0.69
20010,32877,334026.2,0.16
20011,9483,274415.87,0.36
20012,4147,479278.98,0.32
20013,21930,497286.81,0.53
20014,27548,42601.85,0.69
20015,7760,265328.27,0.42
20016,26823,379016.03,0.33
20017,6233,34397.97,0.77
20018,32813,341660.5,0.44
20019,31095,364256.42,0.64
20020,22644,351761.32,0.48
20021,28008,194169.38,0.66
20022,10597,270231.38,0.88
20023,31630,377701.66,0.2
20024,20821,259624.91,0.2
20025,33087,311545.57,0.31
20026,21899,417870.9,0.86
20027,32564,137200.09,0.82
20028,19989,106406.6,0.42
20029,12142,210391.1,0.79
20030,32227,256539.76,0.87
20031,2171,230595.32,0.7
20032,17493,460521.26,0.23
20033,22853,442717.46,0.78
20034,25248,482617.89,0.62
20035,17711,328312.41,0.51
20036,7064,473633.41,0.56
20037,19100,137116.56,0.68
20038,14020,35269.76,0.27
20039,4492,136358.35,0.14
20040,30413,62404.56,0.65
20041,19084,77319.7,0.84
20042,22439,199911.76,0.53
20043,31306,217375.09,0.63
20044,18728,307512.34,0.62
20045,8324,241775.74,0.47
20046,11048,197639.99,0.86
20047,25079,62151.52,0.74
20048,29962,33862.29,0.9
20049,2050,475841.65,0.61
20050,10618,256559.51,0.65
20051,27306,39118.73,0.67
20052,16270,343788.27,0.13
20053,19985,450155.46,0.83
20054,34888,285643.44,0.65
20055,7,484745.83,0.29
20056,1560,450442.64,0.64
20057,8717,437404.31,0.32
20058,22424,290153.43,0.8
20059,3360,88586.62,0.29
20060,15432,150131.92,0.63
20061,33073,121759.88,0.54
20062,12577,31642.41,0.44
20063,27656,154768.01,0.24
20064,11612,268269.68,0.77
20065,1433,446265.95,0.83
20066,24967,491069.96,0.83
20067,26650,233726.43,0.17
20068,27807,282462.94,0.67
20069,18465,496513.52,0.8
20070,12748,44079.08,0.21
20071,30583,415458.25,0.35
20072,4021,134295.57,0.42
20073,24833,155735.37,0.82
20074,20684,393118.75,0.31
20075,7359,68026.66,0.79
20076,27337,112547.7,0.77
20077,30604,330140.0,0.38
20078,33750,383461.13,0.26
20079,17082,297296.31,0.88
20080,4096,260312.66,0.23
20081,26108,308742.02,0.14
20082,13902,177221.68,0.32
20083,15514,320757.89,0.59
20084,52,281027.18,0.59
20085,4911,319478.58,0.34
20086,12902,179582.7,0.77
20087,3608,27631.62,0.35
20088,7639,48666.11,0.78
20089,27205,209819.51,0.59
20090,9383,253448.65,0.72
20091,12240,353955.29,0.74
20092,34887,135263.96,0.6
20093,27321,181259.38,0.42
20094,15147,356728.71,0.29
20095,32515,303065.57,0.78
20096,19696,263410.26,0.66
20097,17641,64162.75,0.3
20098,32202,122407.96,0.17
20099,14454,229241.36,0.34
20100,3063,349173.28,0.51
20101,16970,350847.17,0.42
20102,9326,419945.0,0.64
20103,9660,309092.68,0.37
20104,24204,141781.39,0.19
20105,20708,490392.08,0.8
20106,11459,402524.4,0.32
20107,8326,216767.25,0.86
20108,31307,151555.42,0.46
20109,4230,453656.94,0.23
20110,27786,269059.55,0.33
20111,18610,463143.23,0.47
20112,6002,200061.05,0.45
20113,4855,206013.77,0.65
20114,30699,275983.86,0.6
20115,16328,64381.12,0.84
20116,3131,314445.51,0.59
20117,9284,317513.15,0.35
20118,30470,48811.21,0.4
20119,14438,492398.55,0.2
20120,14016,260317.44,0.46
20121,8755,33635.49,0.87
20122,3252,250787.13,0.49
20123,27497,455310.83,0.32
20124,19466,423386.66,0.72
20125,34439,74873.33,0.27
20126,9660,229822.94,0.76
20127,10020,479038.31,0.38
20128,28365,116845.4,0.19
20129,28946,372864.55,0.26
20130,22489,91326.46,0.71
20131,22773,222037.05,0.8
20132,1923,104031.53,0.86
20133,23444,183016.61,0.75
20134,7662,306222.54,0.45
20135,28426,88126.99,0.81
20136,10553,259010.03,0.41
20137,32506,247040.88,0.23
20138,18696,448314.26,0.43
20139,30040,35171.57,0.68
20140,21271,354659.08,0.65
20141,3640,243731.55,0.29
20142,28236,45090.42,0.7
20143,31494,218157.56,0.58
20144,11233,269210.97,0.33
20145,23447,482385.28,0.69
20146,11399,378300.18,0.25
20147,20020,304295.19,0.2
20148,12963,412854.94,0.42
20149,7459,435405.4,0.18
20150,22375,71452.49,0.39
20151,21628,314954.83,0.58
20152,14555,154814.03,0.64
20153,1690,435491.09,0.37
20154,19830,114559.0,0.26
20155,15010,168096.52,0.63
20156,18885,385771.94,0.4
20157,29481,80221.55,0.79
20158,7738,19159.59,0.15
20159,29416,293306.52,0.43
20160,18308,238829.54,0.85
20161,7703,301339.09,0.44
20162,28904,314540.03,0.79
20163,34287,358042.54,0.37
20164,25408,275551.54,0.51
20165,14328,433356.66,0.1
20166,6278,497736.71,0.73
20167,30282,301476.56,0.17
20168,11327,374265.71,0.27
20169,32835,146360.84,0.82
20170,14938,274246.57,0.37
20171,1386,187424.06,0.66
20172,21266,46679.42,0.31
20173,5657,354606.97,0.21
20174,13328,264734.76,0.29
20175,11341,105220.88,0.31
20176,6813,58768.62,0.49
20177,650,240545.41,0.66
20178,22415,208740.14,0.53
20179,22335,131684.73,0.64
20180,21693,245270.52,0.22
20181,28386,266955.54,0.56
20182,18829,73343.69,0.81
20183,3283,425724.86,0.66
20184,33079,31786.76,0.58
20185,18238,296969.67,0.72
20186,22100,259067.66,0.26
20187,26480,317645.3,0.82
20188,33635,159911.05,0.72
20189,15127,178153.36,0.66
20190,21175,387949.65,0.77
20191,18318,193824.25,0.38
20192,20617,363770.06,0.29
20193,7946,351850.81,0.19
20194,22006,155153.08,0.82
20195,7885,119343.85,0.55
20196,19720,498661.33,0.16
20197,7066,425245.09,0.51
20198,19725,489657.63,0.49
20199,20324,451454.9,0.88
20200,8346,118980.87,0.11
20201,9725,245765.1,0.82
20202,15961,120679.39,0.39
20203,5935,284165.88,0.51
20204,34142,245776.44,0.66
20205,10490,105936.72,0.67
20206,31347,419499.47,0.76
20207,18602,122127.23,0.43
20208,4935,497910.95,0.58
20209,31027,239209.52,0.55
20210,20809,108484.96,0.31
20211,21830,359665.87,0.29
20212,19698,283811.14,0.56
20213,6934,99385.76,0.63
20214,19955,122354.53,0.66
20215,17275,258503.17,0.25
20216,165,39202.05,0.59
20217,4425,268504.97,0.77
20218,6616,409293.74,0.42
20219,516,203437.11,0.45
20220,28648,362117.41,0.23
20221,27965,381446.37,0.51
20222,28915,296359.96,0.16
20223,32194,480439.46,0.71
20224,22243,161304.91,0.65
20225,29025,232236.27,0.24
20226,16266,55915.6,0.14
20227,1576,94083.58,0.29
20228,25509,487414.45,0.14
20229,20294,145837.17,0.64
20230,34903,152995.95,0.31
20231,32068,420947.18,0.7
20232,23371,132323.27,0.41
20233,6969,61094.29,0.57
20234,23093,302850.84,0.58
20235,17877,343329.62,0.61
20236,1883,331325.46,0.89
20237,11788,285868.95,0.47
20238,34255,366528.17,0.65
20239,33978,489258.38,0.28
20240,6380,184421.75,0.66
20241,4636,497286.42,0.64
20242,1171,435163.9,0.5
20243,3953,12390.52,0.2
20244,21276,80835.98,0.37
20245,17145,153989.32,0.35
20246,20838,113378.18,0.75
20247,24049,310009.51,0.63
20248,15147,325439.31,0.42
20249,4369,446878.88,0.46
20250,26619,43160.32,0.4
20251,26287,197876.07,0.19
20252,17483,208249.54,0.33
20253,9500,307342.32,0.35
20254,28008,421253.73,0.59
20255,34866,372797.98,0.19
20256,2167,320407.08,0.85
20257,5391,229247.08,0.82
20258,11491,154183.83,0.43
20259,19360,445987.44,0.76
20260,683,371069.61,0.42
20261,7659,422606.88,0.61
20262,30746,281297.09,0.82
20263,30957,177513.77,0.82
20264,855,191015.55,0.87
20265,24787,397220.92,0.17
20266,12656,395161.54,0.15
20267,31218,14802.04,0.53
20268,23422,107229.98,0.67
20269,34002,383219.09,0.62
20270,12876,196045.47,0.62
20271,31465,345067.09,0.64
20272,10044,498655.57,0.89
20273,21073,263946.76,0.51
20274,28097,441493.27,0.19
20275,34001,273378.67,0.49
20276,30855,476448.32,0.13
20277,2059,404206.84,0.36
20278,4818,203603.32,0.57
20279,24321,205908.82,0.2
20280,25466,58269.78,0.3
20281,34830,328507.96,0.43
20282,29165,440754.99,0.12
20283,20476,154744.26,0.19
20284,13389,146015.55,0.81
20285,20632,121177.85,0.32
20286,15794,440714.9,0.76
20287,31432,156798.6,0.75
20288,28960,130003.82,0.23
20289,20480,448205.64,0.72
20290,29097,313685.56,0.45
20291,15521,321716.53,0.35
20292,13649,177935.12,0.63
20293,4514,423769.15,0.49
20294,29561,285971.2,0.44
20295,5264,315768.26,0.89
20296,20357,237374.65,0.23
20297,29431,47087.81,0.82
20298,13173,271176.85,0.83
20299,27588,325117.4,0.26
20300,31522,195822.79,0.39
20301,934,344152.38,0.35
20302,12752,383433.62,0.19
20303,9113,347117.08,0.72
20304,18135,89138.77,0.28
20305,3861,128896.81,0.62
20306,29618,179713.49,0.42
20307,5783,361235.67,0.64
20308,28454,106693.74,0.82
20309,27031,219845.27,0.87
20310,9645,308808.39,0.27
20311,17023,218992.14,0.85
20312,16103,241735.9,0.17
20313,22147,418289.23,0.68
20314,19708,355004.37,0.43
20315,32347,85079.98,0.17
20316,32427,425207.54,0.43
20317,18110,93025.43,0.52
20318,2883,224231.42,0.78
20319,308,284097.66,0.69
20320,1995,450238.9,0.14
20321,6668,160080.75,0.24
20322,6241,422188.09,0.86
20323,2598,300598.04,0.29
20324,22005,498143.19,0.86
20325,23873,172252.99,0.12
20326,9718,447884.01,0.45
20327,28675,227314.26,0.69
20328,32830,324393.79,0.48
20329,30567,401077.72,0.4
20330,27605,368182.8,0.23
20331,27401,13915.0,0.25
20332,10034,98810.59,0.62
20333,13472,416350.09,0.62
20334,2506,244747.82,0.39
20335,686,294377.34,0.31
20336,17077,200746.52,0.38
20337,12410,159352.15,0.38
20338,17133,204375.61,0.64
20339,12799,378864.3,0.89
20340,5466,391228.36,0.58
20341,30865,99608.32,0.22
20342,33879,390300.37,0.41
20343,29932,45185.74,0.78
20344,26827,484160.72,0.56
20345,10495,160034.98,0.62
20346,27822,173395.48,0.11
20347,20627,391347.44,0.39
20348,20504,129617.23,0.65
20349,19913,277160.88,0.39
20350,15209,275801.15,0.66
20351,27890,388235.11,0.65
20352,20614,405437.05,0.55
20353,17265,134515.51,0.65
20354,11478,197590.31,0.63
20355,28595,292429.82,0.52
20356,16189,167694.21,0.33
20357,33064,431691.27,0.83
20358,25511,16949.5,0.64
20359,23168,205838.81,0.47
20360,6093,321220.73,0.65
20361,14723,138464.36,0.71
20362,1723,286649.47,0.4
20363,7894,317657.04,0.16
20364,9969,64809.8,0.3
20365,24790,178770.84,0.37
20366,28693,185479.58,0.18
20367,5940,41778.86,0.15
20368,25599,283614.62,0.4
20369,25816,209330.79,0.79
20370,24170,235020.8,0.19
20371,24106,60952.21,0.71
20372,27315,354740.74,0.16
20373,3661,420947.08,0.66
20374,4436,292013.75,0.35
20375,22864,141980.42,0.52
20376,33302,231218.65,0.12
20377,12006,194115.21,0.45
20378,2708,482196.82,0.43
20379,2343,333035.17,0.84
20380,34187,195103.23,0.71
20381,154,307201.35,0.31
20382,3811,415284.8,0.46
20383,3926,104818.4,0.3
20384,22394,139741.45,0.88
20385,2609,243133.17,0.81
20386,2079,385154.94,0.59
20387,24359,264539.55,0.88
20388,16634,230465.32,0.67
20389,5607,211785.52,0.39
20390,28273,487838.42,0.65
20391,28553,21285.08,0.7
20392,1083,86624.58,0.81
20393,8141,359981.27,0.16
20394,805,482819.62,0.27
20395,766,363027.52,0.67
20396,7892,139613.44,0.83
20397,22703,208167.48,0.81
20398,9914,271488.13,0.68
20399,30797,33203.73,0.72
20400,27050,29715.13,0.23
20401,4963,70734.57,0.51
20402,32324,21200.22,0.25
20403,11905,456491.48,0.62
20404,458,103542.96,0.3
20405,1772,226023.53,0.3
20406,25334,465573.86,0.28
20407,13066,132718.58,0.29
20408,17067,10142.53,0.85
20409,13369,449311.87,0.87
20410,29636,348479.39,0.71
20411,16199,388935.93,0.55
20412,25698,439032.9,0.11
20413,19182,249890.13,0.46
20414,9661,438881.78,0.45
20415,32845,104782.66,0.38
20416,18116,441234.82,0.53
20417,31315,66272.32,0.25
20418,14947,263075.49,0.31
20419,20432,318843.44,0.42
20420,4770,342367.92,0.28
20421,14224,456459.23,0.71
20422,7503,393654.76,0.2
20423,30302,83366.83,0.39
20424,15142,43659.84,0.79
20425,29749,249717.49,0.34
20426,30525,61509.73,0.8
20427,14629,176092.98,0.79
20428,34761,75448.86,0.74
20429,22585,290296.63,0.62
20430,30829,154351.22,0.84
20431,10969,404518.37,0.59
20432,16189,104458.96,0.8
20433,29828,388010.66,0.5
20434,12486,435997.23,0.67
20435,11880,317640.83,0.34
20436,13468,460415.1,0.29
20437,7081,186831.9,0.53
20438,3484,108311.76,0.69
20439,10356,181830.42,0.26
20440,34361,372899.13,0.77
20441,27465,52630.9,0.65
20442,3907,374078.24,0.3
20443,4759,397600.24,0.2
20444,12592,74031.55,0.79
20445,17878,468610.16,0.71
20446,34084,236408.74,0.5
20447,1652,82654.84,0.55
20448,22969,40497.23,0.63
20449,8869,161214.02,0.31
20450,15863,20984.6,0.2
20451,15564,346424.41,0.5
20452,20278,296260.94,0.84
20453,7949,100635.07,0.52
20454,32371,215525.9,0.56
20455,23846,392706.52,0.61
20456,25702,291090.65,0.18
20457,14803,369030.36,0.53
20458,28540,459070.03,0.4
20459,17160,224534.44,0.43
20460,33786,486729.59,0.73
20461,11011,48449.42,0.16
20462,22147,72427.79,0.57
20463,30006,402062.37,0.6
20464,14573,267675.99,0.2
20465,5444,231101.67,0.84
20466,1640,459852.61,0.86
20467,29425,363408.11,0.86
20468,5235,393378.68,0.82
20469,7327,395989.83,0.51
20470,5017,88909.99,0.48
20471,7733,386482.67,0.74
20472,29434,197556.09,0.34
20473,11243,405306.36,0.15
20474,2416,300993.07,0.31
20475,8479,381144.38,0.83
20476,14541,74986.6,0.88
20477,28617,12450.23,0.49
20478,21047,368251.76,0.64
20479,7154,466476.16,0.4
20480,34085,54344.7,0.22
20481,20851,158939.52,0.23
20482,14590,138845.83,0.16
20483,31227,122248.49,0.1
20484,12167,269754.01,0.12
20485,22979,231018.16,0.23
20486,5187,139420.94,0.16
20487,17066,205439.74,0.81
20488,33651,232679.97,0.43
20489,19775,484187.5,0.46
20490,23652,335233.73,0.82
20491,4536,428785.2,0.77
20492,7843,37605.26,0.62
20493,21191,210493.02,0.24
20494,33261,470346.3,0.88
20495,26438,68065.14,0.73
20496,28167,438857.65,0.56
20497,11059,50309.68,0.15
20498,33284,226752.35,0.54
20499,3592,16409.01,0.31
20500,3641,50625.55,0.82
20501,31123,230103.18,0.11
20502,3448,388825.64,0.63
20503,3907,414979.25,0.19
20504,17332,274946.23,0.75
20505,27661,118865.41,0.17
20506,26304,433163.73,0.33
20507,876,56766.8,0.79
20508,1368,420911.95,0.46
20509,16272,251114.62,0.27
20510,30182,313222.16,0.54
20511,12570,300531.79,0.76
20512,11664,18384.3,0.35
20513,22925,29028.24,0.11
20514,11705,317174.3,0.7
20515,21939,139093.12,0.23
20516,28082,249501.13,0.55
20517,21309,440496.6,0.42
20518,11451,138007.71,0.71
20519,5759,115646.58,0.88
20520,16668,336323.69,0.22
20521,16969,361829.3,0.65
20522,19923,17448.18,0.6
20523,21392,394504.32,0.17
20524,10189,37459.12,0.36
20525,12687,229529.76,0.48
20526,2483,287778.85,0.16
20527,10946,151009.49,0.75
20528,11451,335726.39,0.26
20529,21774,497450.62,0.15
20530,9233,68555.05,0.15
20531,33153,364498.31,0.29
20532,7114,164928.49,0.58
20533,13973,264400.83,0.88
20534,26639,137637.46,0.81
20535,2567,463546.04,0.19
20536,12347,114120.13,0.14
20537,26637,316075.31,0.18
20538,15194,153743.51,0.24
20539,2165,30232.91,0.74
20540,15309,243595.31,0.61
20541,19158,447501.47,0.87
20542,6919,437499.82,0.89
20543,33470,283037.57,0.41
20544,26415,124281.65,0.73
20545,31454,121397.86,0.67
20546,28233,173430.94,0.21
20547,34882,334878.63,0.38
20548,8047,31288.44,0.8
20549,10023,327974.74,0.28
20550,8621,265150.96,0.71
20551,16151,38039.81,0.77
20552,30007,69978.92,0.34
20553,25305,231177.06,0.9
20554,33796,348596.4,0.28
20555,10441,75279.0,0.17
20556,5269,309757.62,0.78
20557,15745,477528.7,0.28
20558,1901,135906.86,0.51
20559,24585,332560.49,0.2
20560,12169,114093.59,0.63
20561,34563,296177.35,0.63
20562,2881,216347.25,0.35
20563,8277,462381.82,0.36
20564,22466,132209.47,0.79
20565,2812,259966.22,0.81
20566,14776,48420.35,0.74
20567,24039,96198.86,0.33
20568,17792,136133.69,0.3
20569,30880,342465.79,0.52
20570,18772,324873.9,0.34
20571,4483,93461.74,0.38
20572,33799,304896.21,0.38
20573,10163,147990.76,0.36
20574,17460,325539.49,0.83
20575,30162,343640.65,0.51
20576,11068,139742.68,0.74
20577,19231,179342.48,0.17
20578,10335,103274.63,0.66
20579,2693,331001.83,0.76
20580,24992,115018.8,0.37
20581,7360,91523.55,0.74
20582,34194,279688.5,0.35
20583,22811,208545.23,0.81
20584,13290,400366.27,0.89
20585,26327,399669.14,0.2
20586,1889,381984.99,0.21
20587,28048,255119.1,0.48
20588,34479,341809.79,0.57
20589,17496,176799.07,0.15
20590,15794,132360.0,0.1
20591,6655,333787.77,0.17
20592,24185,100412.59,0.48
20593,16730,494470.24,0.41
20594,31216,25351.07,0.64
20595,24463,461039.41,0.2
20596,18962,291851.83,0.7
20597,3995,325387.9,0.65
20598,19346,172673.77,0.42
20599,15174,239480.5,0.4
20600,30938,436780.61,0.24
20601,5695,77399.73,0.49
20602,8669,261207.82,0.38
20603,26769,397835.87,0.34
20604,20481,396676.17,0.43
20605,25080,257564.62,0.71
20606,14376,464040.43,0.89
20607,6348,476007.08,0.43
20608,26002,136339.17,0.5
20609,29494,319213.99,0.82
20610,32919,238210.29,0.17
20611,22343,228007.09,0.51
20612,30268,93276.77,0.23
20613,26021,143487.86,0.78
20614,13412,201696.17,0.83
20615,25958,216859.32,0.55
20616,15526,190039.47,0.27
20617,23297,281401.14,0.9
20618,18798,324195.69,0.88
20619,32104,143982.22,0.33
20620,9540,246589.25,0.59
20621,28392,288875.55,0.18
20622,6928,143973.33,0.9
20623,1110,321940.77,0.7
20624,17232,134990.19,0.14
20625,20421,194520.53,0.43
20626,21852,66402.55,0.54
20627,15294,393374.92,0.86
20628,26822,292159.9,0.8
20629,6485,92794.84,0.24
20630,19831,402180.29,0.21
20631,11089,483125.46,0.34
20632,25177,359251.54,0.57
20633,17670,475913.28,0.83
20634,7255,204476.19,0.58
20635,2550,84416.01,0.62
20636,29884,331312.27,0.58
20637,19368,298700.32,0.25
20638,2253,244780.87,0.52
20639,12652,386374.12,0.35
20640,17018,280765.05,0.29
20641,19625,327080.74,0.53
20642,14975,35612.33,0.83
20643,10312,201068.44,0.87
20644,21177,457598.44,0.64
20645,34125,477496.74,0.63
20646,5190,276891.98,0.34
20647,28499,149599.43,0.17
20648,4215,264745.83,0.47
20649,15072,217154.84,0.33
20650,26148,40164.73,0.73
20651,21391,265828.57,0.78
20652,23511,133616.05,0.63
20653,21744,464227.32,0.49
20654,23389,268332.77,0.23
20655,11070,384794.23,0.85
20656,9048,16519.93,0.68
20657,7045,106262.61,0.76
20658,13657,356632.82,0.4
20659,34699,368561.91,0.71
20660,25267,177853.75,0.52
20661,21515,87280.76,0.8
20662,14509,173057.84,0.36
20663,29948,108385.37,0.42
20664,23868,173748.18,0.78
20665,7401,258131.42,0.52
20666,17577,136110.48,0.53
20667,18038,154486.47,0.73
20668,15758,209637.23,0.31
20669,4587,160036.7,0.85
20670,28033,159087.07,0.15
20671,20905,223975.99,0.15
20672,29267,474089.35,0.12
20673,12287,83538.74,0.87
20674,284,251915.05,0.12
20675,33352,242311.38,0.58
20676,7653,17752.79,0.9
20677,1226,479336.68,0.72
20678,1007,40357.61,0.88
20679,33675,51111.73,0.89
20680,23345,182497.07,0.77
20681,19429,449181.67,0.66
20682,20328,432711.63,0.7
20683,24976,222967.22,0.37
20684,13444,481749.65,0.27
20685,17196,340084.49,0.63
20686,780,99490.42,0.43
20687,11040,154490.16,0.62
20688,10324,267251.36,0.13
20689,221,253473.8,0.19
20690,5482,181353.03,0.65
20691,2945,450617.81,0.67
20692,4169,234375.58,0.76
20693,7427,291520.93,0.56
20694,21081,443945.94,0.44
20695,11580,103670.36,0.82
20696,6281,89683.76,0.46
20697,9661,278835.57,0.17
20698,29163,477158.63,0.65
20699,20936,266508.04,0.53
20700,26788,216184.85,0.48
20701,27081,331496.99,0.29
20702,14102,381200.63,0.24
20703,7889,228193.66,0.52
20704,17181,176045.2,0.72
20705,3249,46994.87,0.78
20706,20823,329098.8,0.71
20707,28035,228303.3,0.37
20708,25710,82153.33,0.31
20709,18912,226006.14,0.32
20710,17776,273247.52,0.59
20711,12314,450210.59,0.46
20712,10948,216171.84,0.87
20713,22494,373163.02,0.5
20714,24265,424061.34,0.18
20715,6136,198959.01,0.3
20716,31892,186673.28,0.14
20717,25201,37961.71,0.83
20718,30072,367763.66,0.76
20719,10918,235514.84,0.77
20720,21146,403758.09,0.59
20721,22397,499601.18,0.33
20722,23254,347546.98,0.13
20723,21103,128685.03,0.32
20724,2754,459135.18,0.12
20725,26811,159606.04,0.41
20726,11391,75527.13,0.5
20727,31661,401948.32,0.54
20728,2607,226334.14,0.78
20729,18932,26447.83,0.83
20730,673,99942.68,0.45
20731,34275,70879.76,0.3
20732,24762,150865.4,0.33
20733,14604,290025.88,0.69
20734,2003,381206.03,0.85
20735,23655,134880.38,0.84
20736,5369,170525.98,0.63
20737,25898,237521.86,0.9
20738,12002,68786.43,0.38
20739,27520,209746.0,0.87
20740,2693,467098.07,0.17
20741,9891,127027.01,0.1
20742,15585,108684.72,0.79
20743,11486,495257.35,0.81
20744,24316,295504.13,0.33
20745,11349,209631.4,0.77
20746,1680,109632.22,0.32
20747,8898,97485.51,0.86
20748,32058,278123.49,0.36
20749,10468,46328.44,0.49
20750,16183,430040.38,0.64
20751,16172,209088.8,0.52
20752,4723,330428.13,0.8
20753,7346,56661.89,0.34
20754,15129,46908.07,0.28
20755,30267,67647.03,0.38
20756,28477,365158.02,0.43
20757,2447,379732.66,0.32
20758,32691,139369.05,0.6
20759,17598,435425.23,0.34
20760,10641,165415.78,0.15
20761,22168,83839.65,0.71
20762,8441,453165.32,0.19
20763,20985,80752.71,0.37
20764,29986,31175.96,0.23
20765,18107,176129.27,0.65
20766,17834,263068.74,0.87
20767,8112,253394.69,0.54
20768,2437,367106.55,0.82
20769,11157,489372.33,0.73
20770,18392,486195.72,0.8
20771,28500,279780.46,0.13
20772,23738,479465.52,0.36
20773,11711,295668.23,0.62
20774,6153,489629.56,0.63
20775,33456,294735.28,0.44
20776,21896,233056.02,0.83
20777,19340,316679.2,0.88
20778,12280,118956.41,0.35
20779,17917,145714.51,0.83
20780,17550,268055.36,0.47
20781,7640,290257.83,0.29
20782,19262,86052.57,0.74
20783,9597,209177.23,0.15
20784,12650,265347.5,0.52
20785,8381,246590.1,0.18
20786,2261,370255.83,0.64
20787,25486,264134.28,0.69
20788,4779,486014.18,0.89
20789,9341,59979.39,0.38
20790,22477,296411.71,0.73
20791,29290,430383.54,0.2
20792,1428,451077.96,0.38
20793,68,259734.58,0.52
20794,33998,192672.45,0.26
20795,32123,152342.39,0.15
20796,12966,84328.74,0.41
20797,7294,323261.5,0.46
20798,32075,123938.68,0.51
20799,29602,53101.12,0.16
20800,9023,278944.93,0.81
20801,18732,259867.54,0.39
20802,22398,392637.22,0.46
20803,22060,444196.01,0.77
20804,1669,382590.89,0.75
20805,12786,305687.9,0.77
20806,14570,35931.98,0.23
20807,12743,384189.68,0.25
20808,3017,111802.61,0.44
20809,8017,207850.45,0.34
20810,22219,161140.85,0.86
20811,6326,382371.31,0.21
20812,16783,144948.92,0.87
20813,18012,440591.04,0.11
20814,10000,415035.73,0.36
20815,34018,472435.97,0.24
20816,10728,445660.0,0.72
20817,24814,158872.4,0.51
20818,3580,306573.7,0.5
20819,31883,423779.56,0.67
20820,4998,464023.76,0.49
20821,12012,26938.95,0.4
20822,26864,15372.1,0.4
20823,22507,167887.8,0.74
20824,13203,144129.32,0.64
20825,17537,197591.33,0.79
20826,25745,106278.84,0.19
20827,31976,442542.93,0.82
20828,34770,433431.75,0.55
20829,34786,223903.64,0.9
20830,3369,181557.41,0.69
20831,16154,52223.65,0.81
20832,30600,322762.52,0.14
20833,3923,134079.29,0.44
20834,20595,352423.98,0.68
20835,881,171093.07,0.52
20836,2861,489333.64,0.34
20837,1627,464263.47,0.38
20838,26874,144245.23,0.3
20839,16072,311959.22,0.49
20840,31384,475563.34,0.25
20841,9229,276248.33,0.14
20842,26273,125121.41,0.2
20843,26972,388336.88,0.69
20844,12945,351306.24,0.59
20845,15515,251561.69,0.7
20846,32352,150581.4,0.11
20847,6569,407401.99,0.86
20848,16297,241307.74,0.12
20849,6602,206154.52,0.39
20850,28466,48283.43,0.21
20851,9227,165907.48,0.74
20852,17160,492777.88,0.25
20853,31171,446758.42,0.4
20854,33432,231305.82,0.54
20855,32109,416438.04,0.68
20856,19339,295634.6,0.27
20857,10775,465865.51,0.68
20858,30521,248142.14,0.74
20859,11279,242487.24,0.83
20860,11176,49563.26,0.59
20861,16111,226131.19,0.3
20862,24944,481231.93,0.32
20863,29735,375380.65,0.55
20864,32660,332904.65,0.76
20865,10105,365832.75,0.4
20866,32744,38613.69,0.27
20867,22595,417577.26,0.84
20868,18832,20627.99,0.29
20869,11241,110835.95,0.83
20870,8984,486380.89,0.88
20871,20458,430450.56,0.48
20872,21137,97788.72,0.3
20873,8060,250074.81,0.64
20874,4561,343685.98,0.73
20875,21302,374534.55,0.88
20876,9757,493695.85,0.25
20877,31810,126120.96,0.86
20878,27783,385066.99,0.35
20879,34688,13654.17,0.65
20880,5931,75908.57,0.58
20881,7017,127253.24,0.36
20882,25468,245538.44,0.33
20883,32109,355376.35,0.49
20884,31215,241980.35,0.22
20885,33454,28541.57,0.11
20886,29647,443073.51,0.73
20887,25737,320684.57,0.81
20888,23755,86205.33,0.23
20889,21290,171701.85,0.25
20890,11646,405931.03,0.41
20891,20716,150491.79,0.16
20892,23358,269860.11,0.22
20893,1441,357604.85,0.16
20894,18801,336165.81,0.63
20895,14566,68109.87,0.7
20896,32776,392239.81,0.77
20897,34914,66211.17,0.17
20898,27471,100212.58,0.23
20899,1148,320822.6,0.39
20900,32653,62585.61,0.16
20901,24335,69095.23,0.34
20902,15806,106590.74,0.41
20903,31850,210928.45,0.33
20904,33893,142186.0,0.87
20905,11457,248834.78,0.28
20906,32609,496902.03,0.64
20907,1621,308510.89,0.74
20908,9966,224359.7,0.54
20909,14568,349467.81,0.34
20910,12228,128010.38,0.63
20911,6909,13444.26,0.54
20912,4214,299963.44,0.4
20913,3430,145063.54,0.51
20914,2312,148599.6,0.37
20915,19029,372636.0,0.6
20916,610,159696.67,0.58
20917,34415,497918.3,0.46
20918,9345,17329.29,0.89
20919,27712,379214.69,0.51
20920,20815,274692.68,0.52
20921,26839,298776.82,0.63
20922,1882,244878.04,0.73
20923,3242,264397.23,0.24
20924,2033,373931.94,0.17
20925,11128,393392.9,0.7
20926,29337,159538.55,0.79
20927,25100,152423.0,0.53
20928,20140,110757.74,0.37
20929,23617,19100.98,0.36
20930,30894,264392.03,0.82
20931,15342,326279.4,0.43
20932,1079,336090.53,0.55
20933,9017,46742.55,0.36
20934,26731,472938.32,0.53
20935,34920,38439.63,0.87
20936,17692,341729.61,0.76
20937,10973,138776.72,0.5
20938,13838,194073.92,0.65
20939,22168,188214.95,0.8
20940,29110,459140.35,0.71
20941,10199,42181.29,0.78
20942,6817,257359.97,0.43
20943,23488,142340.79,0.32
20944,4214,454493.13,0.26
20945,13548,84065.69,0.71
20946,1193,54621.81,0.15
20947,34638,438116.87,0.77
20948,6974,446360.37,0.13
20949,25035,435857.79,0.66
20950,27545,98234.73,0.37
20951,1640,30946.76,0.41
20952,11013,227951.09,0.13
20953,16138,466201.74,0.63
20954,34722,171668.27,0.24
20955,34532,431347.57,0.78
20956,9593,25488.5,0.72
20957,5893,178356.75,0.15
20958,10419,180832.85,0.55
20959,27023,462777.35,0.51
20960,11598,459784.79,0.26
20961,1866,468682.49,0.72
20962,16385,348498.62,0.84
20963,7237,63125.26,0.35
20964,17764,120751.48,0.74
20965,32326,482836.82,0.59
20966,11128,118523.99,0.68
20967,25389,101594.6,0.88
20968,33019,416234.45,0.13
20969,2680,66623.58,0.3
20970,34323,274448.24,0.84
20971,29150,423415.46,0.48
20972,16965,336131.04,0.12
20973,19884,332734.11,0.61
20974,20877,340563.67,0.87
20975,8209,423878.12,0.2
20976,11515,91659.78,0.62
20977,7943,221997.53,0.56
20978,2461,170492.08,0.87
20979,10491,361333.7,0.77
20980,18247,460363.14,0.34
20981,1101,475180.07,0.43
20982,21991,410428.02,0.9
20983,16786,306332.98,0.47
20984,11617,22748.88,0.46
20985,6047,67778.52,0.57
20986,8539,204831.58,0.55
20987,1153,294714.41,0.57
20988,5145,112323.5,0.46
20989,16491,150354.62,0.18
20990,9491,180453.93,0.48
20991,2185,102668.85,0.7
20992,15798,362216.32,0.3
20993,4883,460021.97,0.18
20994,34559,461274.66,0.33
20995,16935,211695.03,0.39
20996,24224,288307.1,0.79
20997,21049,372263.95,0.47
20998,22068,119750.57,0.13
20999,29696,15384.41,0.28
21000,25723,48120.99,0.52
21001,8878,171952.41,0.32
21002,24796,83580.95,0.41
21003,25800,87124.78,0.51
21004,27894,138466.42,0.26
21005,8296,306967.97,0.33
21006,11945,401783.75,0.52
21007,13619,37807.04,0.72
21008,26669,110002.08,0.33
21009,31798,490734.8,0.29
21010,15958,380599.55,0.88
21011,31012,363492.27,0.38
21012,15429,272057.35,0.14
21013,13785,451812.86,0.59
21014,5739,149141.77,0.26
21015,17324,171635.67,0.49
21016,11222,236741.25,0.71
21017,3014,135493.4,0.41
21018,17912,76827.57,0.7
21019,19333,306481.71,0.49
21020,22967,21966.95,0.75
21021,24220,138372.8,0.6
21022,25324,287151.91,0.5
21023,14999,261104.29,0.69
21024,450,291429.39,0.16
21025,33921,464838.31,0.14
21026,5459,51608.62,0.64
21027,10006,446184.31,0.44
21028,10150,253188.2,0.16
21029,368,53971.99,0.12
21030,26972,53440.99,0.36
21031,26052,307306.84,0.55
21032,1946,211085.05,0.14
21033,28820,206975.65,0.26
21034,27741,127476.81,0.68
21035,18394,58830.79,0.82
21036,2249,224256.28,0.77
21037,1415,367716.34,0.45
21038,33931,359008.99,0.72
21039,18671,229783.3,0.16
21040,1456,11179.58,0.27
21041,16866,482994.04,0.27
21042,33311,293049.49,0.53
21043,7748,425024.23,0.14
21044,9070,235388.73,0.64
21045,6465,54070.62,0.5
21046,9649,256479.25,0.48
21047,18534,311931.92,0.76
21048,26662,172931.73,0.57
21049,24923,302099.89,0.26
21050,2352,291793.02,0.2
21051,10560,279620.88,0.72
21052,29881,424602.7,0.67
21053,28512,22236.52,0.31
21054,22812,265729.09,0.51
21055,7056,450399.65,0.66
21056,17756,434691.93,0.34
21057,24052,248788.51,0.16
21058,14239,139156.96,0.16
21059,30796,464863.86,0.83
21060,29182,321488.95,0.5
21061,26261,52106.62,0.71
21062,28505,486245.62,0.31
21063,30225,447643.76,0.4
21064,30148,324461.26,0.37
21065,14657,111355.24,0.59
21066,11656,316966.06,0.38
21067,13141,37686.66,0.81
21068,15480,78657.31,0.32
21069,2053,280969.51,0.67
21070,30887,349683.5,0.53
21071,30159,214888.17,0.69
21072,34986,217899.23,0.11
21073,19862,159492.17,0.53
21074,7918,224171.9,0.84
21075,6545,108340.72,0.47
21076,28588,77579.59,0.89
21077,30794,158889.64,0.78
21078,27512,301009.48,0.22
21079,33730,97691.61,0.87
21080,34900,355169.14,0.62
21081,31014,183436.0,0.44
21082,32134,319231.43,0.3
21083,26549,465717.67,0.28
21084,3201,437105.92,0.52
21085,2534,13465.34,0.53
21086,25630,143107.64,0.22
21087,9439,304174.01,0.67
21088,12261,497679.44,0.33
21089,28044,29132.99,0.12
21090,18817,462865.44,0.37
21091,22916,281699.67,0.8
21092,16340,80562.93,0.54
21093,15553,175974.29,0.75
21094,21381,246390.99,0.38
21095,54,325525.58,0.7
21096,25946,420566.92,0.12
21097,18691,176211.45,0.69
21098,16106,304783.51,0.73
21099,6035,221305.78,0.65
21100,8076,57699.76,0.16
21101,12536,397677.81,0.56
21102,2200,147837.49,0.24
21103,17366,96314.36,0.61
21104,23553,376639.89,0.19
21105,23467,247150.28,0.56
21106,34313,494752.51,0.61
21107,17853,111686.85,0.57
21108,20328,463138.35,0.4
21109,25591,48491.75,0.38
21110,18887,164175.12,0.34
21111,27210,106853.3,0.4
21112,4002,497532.73,0.85
21113,26390,159593.52,0.55
21114,30610,155279.57,0.52
21115,744,221782.27,0.87
21116,17586,438838.78,0.87
21117,3886,278802.21,0.75
21118,25509,48412.48,0.56
21119,27155,378118.22,0.75
21120,18065,240036.7,0.47
21121,14051,168439.02,0.85
21122,11802,247234.22,0.78
21123,28654,275114.57,0.46
21124,30330,87760.84,0.71
21125,7844,394013.92,0.47
21126,1806,445460.15,0.73
21127,26062,239818.79,0.82
21128,19887,359287.69,0.77
21129,24570,480062.41,0.24
21130,26585,134035.91,0.15
21131,19494,45949.47,0.6
21132,1258,417252.56,0.17
21133,14073,260700.97,0.26
21134,20100,23697.06,0.67
21135,102,160873.89,0.11
21136,4826,251983.3,0.37
21137,14432,305189.99,0.21
21138,23630,359902.92,0.24
21139,23170,330185.82,0.15
21140,6004,113652.66,0.28
21141,7800,130901.01,0.6
21142,4116,379868.44,0.14
21143,13096,382735.46,0.51
21144,20798,449381.0,0.35
21145,95,413280.06,0.21
21146,33083,77728.03,0.63
21147,33258,442775.84,0.82
21148,1735,74457.14,0.71
21149,10942,256002.17,0.17
21150,20883,463353.81,0.12
21151,33663,237308.23,0.77
21152,10920,165854.17,0.29
21153,34838,16636.68,0.75
21154,49,261268.26,0.39
21155,32317,249183.92,0.19
21156,20460,449793.44,0.85
21157,22865,489358.17,0.31
21158,2029,186718.73,0.29
21159,11823,183253.25,0.6
21160,26473,148582.69,0.36
21161,14480,364672.24,0.13
21162,24602,122363.31,0.31
21163,4002,173948.14,0.75
21164,34359,209790.68,0.68
21165,26433,452499.88,0.18
21166,15187,164804.23,0.61
21167,34649,477567.75,0.54
21168,6146,375255.93,0.42
21169,27841,137753.27,0.52
21170,16523,274165.96,0.88
21171,11482,363610.79,0.67
21172,5405,287391.13,0.65
21173,6942,213960.81,0.33
21174,7055,437606.58,0.27
21175,4541,403204.54,0.9
21176,10122,184509.6,0.23
21177,33512,38543.03,0.35
21178,28097,312465.47,0.67
21179,28710,186648.07,0.28
21180,421,325334.28,0.13
21181,29520,455983.82,0.72
21182,22114,269857.66,0.17
21183,34361,326666.77,0.23
21184,18788,394263.93,0.78
21185,13776,36992.11,0.37
21186,19604,280781.43,0.13
21187,5063,126129.04,0.76
21188,16489,385553.86,0.48
21189,29627,246171.39,0.19
21190,21108,203644.79,0.49
21191,7484,358682.66,0.36
21192,14043,143438.59,0.25
21193,1641,94796.77,0.64
21194,5648,216033.63,0.63
21195,9077,109192.9,0.68
21196,16671,341547.74,0.76
21197,16634,203561.72,0.5
21198,21001,219293.82,0.11
21199,9292,137706.28,0.86
21200,5931,465451.5,0.23
21201,1545,88078.49,0.31
21202,13414,31860.83,0.55
21203,23592,252355.89,0.11
21204,33722,234757.92,0.45
21205,20457,345270.62,0.34
21206,14825,122965.67,0.66
21207,3156,325788.15,0.82
21208,27394,63766.29,0.44
21209,22750,184050.89,0.54
21210,34560,299367.67,0.85
21211,32025,238402.99,0.18
21212,14701,116462.8,0.63
21213,16841,239754.56,0.18
21214,33259,450047.72,0.6
21215,18313,436332.05,0.82
21216,8331,91352.11,0.44
21217,32923,419816.96,0.48
21218,6909,234363.7,0.52
21219,27095,406010.41,0.49
21220,8327,119596.37,0.52
21221,12336,371132.04,0.72
21222,27235,274588.56,0.26
21223,22706,178072.69,0.14
21224,22988,115338.21,0.64
21225,20053,439052.25,0.1
21226,22238,122285.14,0.4
21227,33450,457567.82,0.8
21228,14175,378368.11,0.89
21229,28279,437943.75,0.54
21230,31158,444041.97,0.22
21231,17018,263506.78,0.27
21232,15930,355536.99,0.11
21233,23516,394875.64,0.37
21234,25927,390474.31,0.76
21235,3870,290689.23,0.65
21236,671,256124.6,0.67
21237,11347,110821.14,0.69
21238,7493,455963.25,0.11
21239,11640,359472.49,0.35
21240,10975,167378.61,0.67
21241,25166,134615.4,0.19
21242,23823,80317.42,0.78
21243,30954,299350.89,0.38
21244,26530,259305.28,0.88
21245,7222,232343.91,0.67
21246,20216,276486.57,0.22
21247,20297,436742.31,0.25
21248,27154,150830.9,0.52
21249,16782,54557.98,0.8
21250,33458,286944.26,0.81
21251,18575,31931.31,0.89
21252,15659,194740.16,0.72
21253,9986,267823.11,0.15
21254,5150,463476.43,0.74
21255,12772,110294.85,0.69
21256,26330,185045.35,0.71
21257,27827,127650.9,0.54
21258,26450,499394.44,0.21
21259,4918,456207.34,0.1
21260,3948,119974.73,0.88
21261,12165,361816.32,0.36
21262,23811,102320.76,0.41
21263,5646,280520.44,0.11
21264,31320,435592.99,0.83
21265,18177,443768.93,0.33
21266,19682,93928.23,0.85
21267,3363,341298.0,0.35
21268,18096,201672.71,0.4
21269,29891,498308.14,0.43
21270,19223,294269.04,0.72
21271,22471,251308.36,0.6
21272,23963,470533.47,0.34
21273,11144,472502.77,0.22
21274,1815,326894.59,0.46
21275,33155,195630.66,0.76
21276,10455,46746.48,0.25
21277,23243,333721.32,0.13
21278,30894,349099.67,0.75
21279,25087,212566.33,0.49
21280,14359,69429.0,0.32
21281,21764,438027.59,0.79
21282,21068,456142.18,0.28
21283,4419,366033.19,0.72
21284,22660,402057.73,0.57
21285,13469,150715.45,0.39
21286,27701,178231.2,0.15
21287,32650,341613.86,0.16
21288,34268,325784.44,0.42
21289,6217,23917.63,0.84
21290,3875,151877.05,0.57
21291,14319,186344.04,0.28
21292,16945,157009.81,0.84
21293,34999,85760.74,0.76
21294,18062,134106.79,0.48
21295,16009,214293.45,0.49
21296,20637,27754.26,0.18
21297,2268,266779.11,0.44
21298,34768,34879.8,0.31
21299,11798,65678.07,0.56
21300,8331,440856.3,0.63
21301,10667,146842.9,0.62
21302,13829,481625.9,0.64
21303,8616,364717.33,0.26
21304,11869,152545.87,0.32
21305,29478,170035.99,0.73
21306,25636,130442.38,0.42
21307,10626,385442.52,0.2
21308,8216,441545.0,0.71
21309,15406,231778.46,0.2
21310,16680,391717.48,0.44
21311,32991,157211.78,0.54
21312,25998,274444.69,0.68
21313,26837,222190.54,0.77
21314,27505,308406.85,0.57
21315,24027,375720.54,0.5
21316,20942,289525.4,0.52
21317,8661,401746.89,0.28
21318,23409,369918.34,0.39
21319,29535,450308.33,0.39
21320,9853,400015.27,0.16
21321,31296,131709.38,0.17
21322,20817,372354.56,0.15
21323,23894,60266.63,0.3
21324,16657,115791.58,0.53
21325,8288,102517.64,0.67
21326,1794,267251.68,0.17
21327,24456,49938.92,0.14
21328,21044,400513.75,0.44
21329,22046,59648.66,0.18
21330,4172,80283.86,0.25
21331,19128,281445.03,0.32
21332,33756,478098.19,0.32
21333,21204,292261.43,0.65
21334,34197,103684.21,0.31
21335,30153,178767.27,0.52
21336,10153,363776.11,0.67
21337,5874,234275.89,0.85
21338,34629,11550.81,0.35
21339,15453,217649.62,0.78
21340,8216,331490.67,0.69
21341,18859,232061.34,0.83
21342,1119,285110.37,0.5
21343,4993,142371.44,0.75
21344,34507,284567.88,0.65
21345,5442,11682.05,0.76
21346,20683,58736.83,0.7
21347,19669,195779.68,0.5
21348,28148,369264.35,0.82
21349,34497,36357.74,0.53
21350,24608,30438.57,0.34
21351,11638,143302.12,0.39
21352,32663,378837.27,0.58
21353,20098,341438.04,0.2
21354,13801,29529.88,0.33
21355,1848,438585.31,0.3
21356,30313,403340.08,0.59
21357,30050,68540.14,0.75
21358,28493,246126.88,0.52
21359,20162,122832.52,0.37
21360,26910,243172.02,0.2
21361,22552,153542.4,0.87
21362,4919,197534.5,0.48
21363,13326,486729.97,0.27
21364,11850,468758.47,0.87
21365,30947,59062.05,0.63
21366,13513,118171.56,0.69
21367,19922,185047.97,0.65
21368,6940,314701.27,0.8
21369,11934,318215.64,0.47
21370,8658,350520.51,0.59
21371,3853,435052.57,0.79
21372,20991,449696.12,0.18
21373,33467,458823.86,0.31
21374,24439,124503.04,0.85
21375,22468,75205.15,0.4
21376,9659,89796.85,0.7
21377,6677,49505.71,0.5
21378,17766,376540.48,0.23
21379,19080,100008.43,0.15
21380,20012,363740.16,0.31
21381,17809,397049.53,0.38
21382,7843,26924.43,0.4
21383,17438,264129.8,0.53
21384,9131,336675.56,0.43
21385,18846,433554.56,0.59
21386,15156,146150.61,0.28
21387,12771,201804.57,0.26
21388,27697,397474.97,0.61
21389,9382,83565.84,0.49
21390,7274,303845.94,0.47
21391,24005,395877.24,0.46
21392,12543,447594.96,0.34
21393,665,125155.69,0.31
21394,21999,148715.07,0.11
21395,1707,488595.9,0.4
21396,16127,337608.84,0.82
21397,9449,79234.68,0.65
21398,34186,323966.5,0.64
21399,31764,25243.45,0.59
21400,16404,160883.27,0.4
21401,32110,181303.35,0.16
21402,16944,57876.24,0.67
21403,30994,148537.37,0.31
21404,3486,456092.58,0.72
21405,17788,376201.87,0.41
21406,25111,373076.44,0.12
21407,34270,167808.3,0.19
21408,22222,140014.6,0.22
21409,14218,284513.97,0.13
21410,13597,372530.03,0.24
21411,17581,175095.33,0.24
21412,12655,128650.45,0.62
21413,10972,383825.65,0.69
21414,7925,144396.92,0.81
21415,19749,372900.03,0.83
21416,6289,310284.16,0.36
21417,19296,370996.88,0.9
21418,28884,166352.2,0.47
21419,17922,36002.96,0.47
21420,22477,175588.8,0.53
21421,3160,320170.63,0.18
21422,209,442946.21,0.35
21423,13428,336731.21,0.35
21424,13214,111557.82,0.54
21425,6923,497012.55,0.75
21426,4860,206969.71,0.28
21427,18616,418498.03,0.77
21428,6117,149766.71,0.27
21429,16019,60984.95,0.64
21430,17978,360588.34,0.11
21431,13807,449019.16,0.74
21432,24473,398721.16,0.14
21433,14716,74823.33,0.85
21434,15821,203011.38,0.43
21435,28351,416551.34,0.45
21436,18014,388334.92,0.2
21437,16255,117605.4,0.36
21438,12985,228514.88,0.41
21439,9697,56113.23,0.17
21440,9781,267645.82,0.16
21441,15203,105509.48,0.22
21442,11882,204135.89,0.78
21443,13979,442167.91,0.1
21444,12725,184703.07,0.6
21445,23125,400236.72,0.56
21446,28487,102090.55,0.45
21447,29022,10160.12,0.69
21448,16481,126221.42,0.41
21449,15975,473119.14,0.55
21450,3564,486648.39,0.63
21451,21973,475372.4,0.73
21452,33565,139602.96,0.49
21453,12895,360934.53,0.37
21454,2846,268701.85,0.71
21455,5407,459777.07,0.85
21456,5248,298079.41,0.49
21457,5628,299459.62,0.6
21458,2952,294220.99,0.25
21459,30111,225225.11,0.87
21460,5410,451162.86,0.44
21461,10140,471101.96,0.86
21462,12131,414190.61,0.64
21463,955,201693.88,0.72
21464,7058,108901.17,0.55
21465,8336,190024.81,0.59
21466,23847,389426.75,0.85
21467,13862,86948.2,0.49
21468,18599,470367.98,0.88
21469,11544,414504.78,0.75
21470,34299,432006.22,0.38
21471,10169,159691.54,0.17
21472,11715,408782.42,0.9
21473,716,483551.62,0.6
21474,1181,131431.57,0.4
21475,2460,258559.48,0.13
21476,3093,368754.19,0.52
21477,26158,121624.77,0.77
21478,29073,111531.82,0.61
21479,11505,229699.01,0.65
21480,27012,46620.16,0.27
21481,9547,386392.9,0.33
21482,36,149775.14,0.23
21483,6846,332659.34,0.66
21484,19543,264519.67,0.73
21485,3661,404735.91,0.75
21486,148,58650.64,0.31
21487,25467,40417.36,0.65
21488,4285,454026.39,0.64
21489,1852,205146.18,0.67
21490,32554,274821.94,0.85
21491,26253,124822.48,0.43
21492,6189,45183.27,0.48
21493,18922,28527.43,0.19
21494,4706,282916.32,0.11
21495,5154,27482.56,0.56
21496,32431,53710.12,0.63
21497,27368,60300.11,0.81
21498,6486,279992.24,0.64
21499,14117,103327.18,0.78
21500,27636,57945.71,0.47
21501,34069,448852.27,0.26
21502,8831,37603.67,0.16
21503,34877,494731.25,0.88
21504,2878,402591.23,0.86
21505,22350,461529.05,0.85
21506,11751,14280.04,0.77
21507,24311,320144.81,0.71
21508,4128,221639.53,0.77
21509,25618,333778.71,0.61
21510,8081,152978.86,0.72
21511,24060,477680.38,0.59
21512,9285,112600.68,0.1
21513,30603,25522.64,0.57
21514,5948,436474.12,0.12
21515,23129,429500.91,0.24
21516,31146,471753.35,0.26
21517,12760,54197.24,0.57
21518,3733,367526.6,0.81
21519,16873,406466.55,0.74
21520,28691,376882.4,0.34
21521,8996,11996.82,0.62
21522,19071,175018.03,0.36
21523,10321,212496.95,0.43
21524,27416,440300.24,0.58
21525,13815,382947.0,0.79
21526,26528,439833.07,0.75
21527,16509,416720.6,0.71
21528,2651,159043.26,0.45
21529,22484,355403.51,0.78
21530,315,296243.77,0.17
21531,26802,311061.38,0.59
21532,20252,258858.57,0.29
21533,24039,401878.41,0.86
21534,25120,122176.67,0.45
21535,32536,54728.45,0.46
21536,1003,460543.54,0.31
21537,26804,182414.88,0.51
21538,24373,17499.66,0.36
21539,7549,29943.07,0.36
21540,4440,253879.85,0.66
21541,1546,65116.53,0.59
21542,12493,40273.04,0.13
21543,24101,23401.4,0.34
21544,1548,218926.49,0.48
21545,3902,255778.65,0.36
21546,20692,24683.61,0.69
21547,2001,257967.61,0.15
21548,26374,477798.22,0.79
21549,10804,263316.15,0.83
21550,34968,429767.18,0.39
21551,6472,196055.4,0.41
21552,14327,22190.91,0.7
21553,4235,340088.73,0.84
21554,30174,22740.3,0.8
21555,11603,154009.84,0.14
21556,10881,463109.35,0.29
21557,20722,23960.84,0.18
21558,24012,214989.11,0.8
21559,8998,286026.99,0.19
21560,28434,261415.24,0.67
21561,6455,141627.03,0.24
21562,26467,35648.47,0.68
21563,26406,485907.92,0.42
21564,32539,51671.62,0.86
21565,34285,99719.86,0.79
21566,12642,189886.42,0.86
21567,6207,31041.5,0.55
21568,24296,385043.46,0.83
21569,22098,13695.75,0.83
21570,22388,184656.4,0.39
21571,10465,121279.4,0.45
21572,31694,229724.09,0.52
21573,19570,347722.26,0.69
21574,21067,404281.0,0.21
21575,16500,400045.27,0.57
21576,4228,32930.44,0.13
21577,16402,182057.92,0.6
21578,7986,263688.42,0.4
21579,11646,92856.7,0.81
21580,1560,404581.08,0.12
21581,18229,70245.05,0.82
21582,3724,474663.6,0.49
21583,4439,53424.69,0.17
21584,6825,140337.89,0.4
21585,6914,484963.19,0.88
21586,14775,200483.46,0.8
21587,10744,67473.66,0.63
21588,34852,222762.64,0.2
21589,20197,456414.98,0.68
21590,17075,315376.37,0.75
21591,29847,422668.38,0.8
21592,29165,341478.82,0.12
21593,28494,34485.53,0.5
21594,25224,383523.45,0.4
21595,2536,367962.0,0.59
21596,1075,22104.84,0.73
21597,16488,23589.18,0.19
21598,28482,106293.5,0.28
21599,7683,279344.34,0.68
21600,15508,68926.52,0.48
21601,32019,227316.54,0.56
21602,18018,243904.92,0.5
21603,20886,98130.44,0.59
21604,6734,225693.26,0.42
21605,12502,91248.95,0.55
21606,7491,259952.06,0.83
21607,31188,34277.94,0.27
21608,15092,31688.13,0.51
21609,34344,283824.43,0.69
21610,19100,167300.84,0.25
21611,7305,224070.14,0.41
21612,4909,132298.62,0.14
21613,33208,337241.13,0.56
21614,29430,402573.46,0.4
21615,15583,433168.03,0.44
21616,401,295137.4,0.82
21617,8619,356993.46,0.13
21618,30917,64349.11,0.22
21619,32497,212686.72,0.28
21620,17804,241757.49,0.37
21621,21782,257091.4,0.13
21622,16842,217046.37,0.35
21623,28380,433080.72,0.24
21624,3416,81059.96,0.5
21625,33881,448736.18,0.59
21626,14998,196646.03,0.4
21627,31398,239854.63,0.71
21628,34330,493211.77,0.28
21629,22973,402476.35,0.61
21630,28667,35639.41,0.76
21631,9384,91258.22,0.43
21632,7001,29942.48,0.52
21633,17884,355506.25,0.22
21634,3012,452254.53,0.55
21635,23331,85680.43,0.18
21636,34962,103422.73,0.14
21637,2562,310144.89,0.64
21638,17393,294728.02,0.52
21639,11201,285402.27,0.79
21640,30672,266601.11,0.35
21641,21098,74652.83,0.55
21642,6953,418486.98,0.4
21643,2356,406563.69,0.6
21644,2758,452907.01,0.52
21645,7324,44768.84,0.22
21646,11337,206498.04,0.76
21647,21134,434677.47,0.15
21648,4169,272750.57,0.67
21649,13233,415042.07,0.54
21650,31317,410748.37,0.66
21651,14571,462930.07,0.68
21652,24547,302357.49,0.85
21653,28713,267969.93,0.73
21654,11678,397744.53,0.44
21655,12524,469926.43,0.86
21656,9903,402270.93,0.25
21657,10783,144436.61,0.12
21658,23368,382184.58,0.26
21659,2426,186418.59,0.41
21660,2170,156634.85,0.52
21661,3302,41655.36,0.64
21662,2783,56031.3,0.89
21663,29400,372650.16,0.12
21664,32472,436715.66,0.44
21665,19140,170816.71,0.68
21666,12248,205829.29,0.61
21667,34010,484852.8,0.23
21668,28735,160194.11,0.22
21669,14121,281694.58,0.67
21670,3040,70024.66,0.23
21671,18289,376394.02,0.21
21672,25314,31636.54,0.57
21673,7190,470237.54,0.77
21674,1329,155814.97,0.41
21675,3998,213083.0,0.35
21676,9452,201055.34,0.81
21677,17406,149358.95,0.62
21678,15159,261877.74,0.36
21679,13865,396953.35,0.64
21680,13950,181944.9,0.54
21681,32129,439531.49,0.49
21682,6973,20028.85,0.53
21683,14522,130864.41,0.5
21684,21637,406324.2,0.43
21685,34199,382566.48,0.16
21686,24936,388810.12,0.24
21687,11668,329727.99,0.31
21688,8202,15214.16,0.54
21689,18902,276143.51,0.55
21690,4282,315943.98,0.77
21691,29317,178944.44,0.46
21692,32365,311072.25,0.29
21693,8918,128630.21,0.84
21694,27851,121078.23,0.72
21695,32908,111327.66,0.42
21696,19835,474078.29,0.61
21697,14907,401535.68,0.62
21698,3497,383921.5,0.64
21699,6022,396071.19,0.56
21700,14013,38382.71,0.32
21701,34785,108422.54,0.42
21702,34034,323534.59,0.54
21703,19724,368818.01,0.62
21704,20868,284342.04,0.17
21705,26909,73139.42,0.54
21706,21817,180704.59,0.3
21707,25105,202853.79,0.33
21708,5065,248763.1,0.3
21709,14285,432769.97,0.48
21710,30776,364778.56,0.5
21711,15511,106497.12,0.3
21712,14125,160471.89,0.75
21713,19526,208403.1,0.52
21714,1304,98376.73,0.8
21715,29762,97296.52,0.46
21716,12335,434942.33,0.74
21717,15030,137483.39,0.55
21718,7630,446642.93,0.6
21719,12023,106473.13,0.57
21720,29726,63848.91,0.14
21721,7775,367185.28,0.6
21722,14534,462905.2,0.77
21723,11519,207307.27,0.7
21724,11766,157220.53,0.32
21725,27593,364916.16,0.64
21726,2673,234411.79,0.66
21727,21417,355035.0,0.74
21728,13891,149029.39,0.29
21729,6551,474884.38,0.6
21730,18189,447563.45,0.53
21731,11742,129667.49,0.5
21732,15059,279521.37,0.33
21733,25325,175956.98,0.75
21734,4345,292993.6,0.83
21735,6667,55681.05,0.27
21736,7781,70563.34,0.4
21737,34304,345348.88,0.64
21738,23578,48865.82,0.83
21739,3128,18399.54,0.27
21740,1566,310187.47,0.31
21741,12050,414713.46,0.21
21742,32360,80019.75,0.19
21743,17178,318008.49,0.39
21744,29594,444943.86,0.19
21745,7069,235466.67,0.68
21746,12126,123716.62,0.32
21747,22908,183632.01,0.15
21748,21101,51684.32,0.72
21749,5452,47907.38,0.59
21750,10982,288304.37,0.75
21751,4915,335207.93,0.11
21752,18723,407312.82,0.55
21753,27969,46542.42,0.29
21754,29962,373039.72,0.22
21755,2036,258635.69,0.11
21756,33219,465652.78,0.52
21757,30834,363034.85,0.45
21758,7344,438981.32,0.72
21759,17089,336889.3,0.21
21760,15056,396350.49,0.82
21761,34221,41574.63,0.55
21762,26147,434185.75,0.18
21763,26156,64494.18,0.5
21764,16895,40254.79,0.73
21765,6747,288358.23,0.4
21766,32467,439855.96,0.29
21767,25836,147354.63,0.11
21768,17071,248804.92,0.3
21769,25883,336436.44,0.15
21770,1876,385773.94,0.76
21771,26620,311369.67,0.77
21772,21652,68308.75,0.3
21773,31220,351334.28,0.85
21774,29374,349395.15,0.49
21775,24724,256540.59,0.31
21776,263,12384.06,0.3
21777,22309,132127.72,0.58
21778,397,151316.28,0.53
21779,23,73171.21,0.89
21780,10810,443673.27,0.65
21781,20622,395404.35,0.19
21782,33426,405414.23,0.72
21783,31070,375514.57,0.51
21784,32452,487590.38,0.4
21785,22471,362744.69,0.54
21786,8521,358995.93,0.69
21787,3634,344906.94,0.64
21788,15534,116450.62,0.83
21789,21192,211297.09,0.6
21790,289,145429.17,0.78
21791,7882,71076.93,0.89
21792,10542,362040.18,0.56
21793,30433,303568.83,0.57
21794,10640,413325.58,0.2
21795,19346,335250.26,0.15
21796,16249,392286.96,0.67
21797,4711,452417.24,0.19
21798,9241,410462.02,0.15
21799,9564,481579.42,0.32
21800,28366,411147.48,0.17
21801,15884,357428.89,0.86
21802,2359,113069.09,0.69
21803,4724,17648.82,0.66
21804,6382,465219.08,0.64
21805,7452,46707.38,0.16
21806,6297,146893.76,0.48
21807,20009,443038.61,0.74
21808,5787,460656.79,0.22
21809,1199,222385.83,0.86
21810,10811,453075.34,0.6
21811,27597,385597.22,0.23
21812,25869,395579.36,0.21
21813,10855,148842.79,0.8
21814,625,313044.85,0.14
21815,12651,94030.02,0.78
21816,4752,171735.03,0.76
21817,8912,203339.26,0.25
21818,23657,332424.47,0.1
21819,31994,485609.22,0.16
21820,21722,24461.08,0.77
21821,27902,64647.05,0.23
21822,25360,432305.73,0.78
21823,11033,464506.31,0.63
21824,16155,314724.81,0.32
21825,4070,492821.61,0.52
21826,5164,374200.42,0.62
21827,2994,61640.77,0.2
21828,17143,26585.16,0.62
21829,16422,156197.15,0.65
21830,23131,289315.89,0.83
21831,14365,56029.44,0.5
21832,14862,364475.58,0.18
21833,33240,143017.9,0.84
21834,13975,403460.84,0.44
21835,8676,60527.74,0.51
21836,19859,429641.75,0.77
21837,11062,300116.13,0.63
21838,23421,454504.78,0.16
21839,11737,267049.24,0.34
21840,23384,97514.01,0.18
21841,32266,56697.47,0.53
21842,7056,111006.9,0.63
21843,13719,410366.82,0.21
21844,1772,78427.21,0.34
21845,13589,468704.87,0.3
21846,5398,113532.53,0.31
21847,16147,12328.77,0.68
21848,3442,335566.28,0.34
21849,25723,131765.12,0.37
21850,21283,295732.95,0.2
21851,18934,37429.12,0.34
21852,25756,408759.06,0.49
21853,2370,287965.59,0.85
21854,17971,418678.69,0.45
21855,32763,56476.09,0.58
21856,3289,359734.98,0.4
21857,26233,426553.52,0.33
21858,3322,320662.93,0.65
21859,26509,475500.51,0.23
21860,28267,316453.83,0.31
21861,9296,424891.31,0.25
21862,13707,153100.33,0.57
21863,5124,366614.6,0.2
21864,11194,67244.21,0.75
21865,15732,239349.53,0.82
21866,13326,326916.15,0.62
21867,14916,414704.45,0.32
21868,3946,86592.16,0.69
21869,12844,442923.96,0.54
21870,16935,196094.79,0.86
21871,4508,92930.4,0.29
21872,14622,58746.47,0.64
21873,5172,261284.05,0.23
21874,16208,408035.78,0.29
21875,14669,11276.0,0.83
21876,13901,290589.05,0.39
21877,25632,491805.59,0.82
21878,5169,95885.21,0.57
21879,4397,194586.5,0.18
21880,13734,373758.86,0.36
21881,530,137205.66,0.23
21882,21176,381262.41,0.22
21883,9138,397634.71,0.32
21884,14988,440978.22,0.58
21885,21482,188954.24,0.68
21886,7469,485240.8,0.84
21887,31694,304174.22,0.6
21888,18890,34182.63,0.54
21889,25248,413697.07,0.61
21890,15456,121336.95,0.2
21891,17987,209731.61,0.32
21892,2454,11368.76,0.25
21893,26503,113427.15,0.55
21894,10762,148610.49,0.84
21895,31523,12359.93,0.14
21896,24622,254544.95,0.77
21897,33707,371058.76,0.65
21898,10853,412436.46,0.39
21899,19394,373509.54,0.7
21900,4042,42062.81,0.65
21901,30556,63763.49,0.86
21902,34646,61476.21,0.32
21903,18311,261655.36,0.53
21904,7110,264541.61,0.88
21905,22879,74936.15,0.52
21906,31242,242990.2,0.17
21907,5058,203084.57,0.12
21908,17045,111753.13,0.71
21909,31548,338285.34,0.55
21910,15779,12665.18,0.22
21911,22956,38466.24,0.85
21912,12509,377746.12,0.76
21913,24857,487927.66,0.89
21914,10778,63741.86,0.13
21915,33522,275156.04,0.12
21916,940,347419.8,0.84
21917,32360,276757.49,0.12
21918,9755,173930.31,0.32
21919,16689,253644.62,0.47
21920,17395,472114.08,0.22
21921,18180,288972.94,0.3
21922,13948,339808.01,0.49
21923,22268,18680.89,0.36
21924,7168,228435.36,0.53
21925,5669,471141.06,0.11
21926,11250,268301.94,0.42
21927,24535,94838.29,0.88
21928,21165,235442.28,0.51
21929,16713,92583.89,0.16
21930,21366,450339.98,0.23
21931,7585,256189.14,0.54
21932,18777,189183.28,0.43
21933,10346,433728.47,0.62
21934,33517,144788.48,0.29
21935,15094,480238.87,0.2
21936,20513,114663.56,0.59
21937,9060,303061.82,0.23
21938,19902,358098.14,0.46
21939,29015,374758.82,0.62
21940,8939,175831.1,0.55
21941,26574,241332.36,0.82
21942,22632,451106.72,0.14
21943,6940,359955.26,0.2
21944,20135,185505.64,0.68
21945,283,261486.84,0.18
21946,21970,281696.42,0.18
21947,23496,292178.62,0.31
21948,21557,338551.56,0.88
21949,22872,471337.89,0.12
21950,12835,151263.83,0.5
21951,23799,85249.32,0.58
21952,17072,43459.12,0.13
21953,2907,184896.58,0.82
21954,34659,310638.45,0.22
21955,26967,284650.2,0.22
21956,28764,17690.33,0.16
21957,3694,380174.09,0.11
21958,5652,377089.6,0.53
21959,26069,93149.66,0.25
21960,382,34048.88,0.76
21961,25488,243120.86,0.51
21962,19161,432513.99,0.19
21963,7706,301077.75,0.89
21964,2664,78102.61,0.26
21965,30820,335387.69,0.39
21966,32078,143617.46,0.49
21967,24374,332721.59,0.73
21968,34015,11629.54,0.54
21969,5055,133103.21,0.82
21970,23321,31832.7,0.5
21971,19493,431013.76,0.62
21972,20882,427892.53,0.11
21973,32308,370176.6,0.42
21974,25675,317248.31,0.77
21975,18101,219349.39,0.74
21976,17079,356818.52,0.41
21977,4010,306354.81,0.7
21978,17943,310748.06,0.37
21979,28480,487478.42,0.79
21980,23665,250769.01,0.9
21981,11905,408858.74,0.59
21982,9642,400809.19,0.21
21983,6336,135167.61,0.1
21984,31588,278333.54,0.34
21985,23804,370299.83,0.71
21986,4314,191557.93,0.39
21987,31931,92396.2,0.14
21988,31504,270400.85,0.83
21989,13133,59539.74,0.64
21990,7389,22545.7,0.33
21991,22358,472370.97,0.12
21992,25253,480058.57,0.67
21993,13166,472100.4,0.34
21994,17059,368088.25,0.89
21995,3615,226303.72,0.66
21996,24737,229493.41,0.34
21997,1452,188140.34,0.58
21998,10699,376871.29,0.65
21999,14884,92823.76,0.39
22000,26526,405609.24,0.52
22001,22657,478801.2,0.81
22002,10455,292775.54,0.2
22003,31038,430531.7,0.6
22004,16727,251468.09,0.5
22005,32918,226062.65,0.63
22006,25161,178629.32,0.28
22007,13447,406351.14,0.59
22008,28078,138722.68,0.53
22009,4420,88614.59,0.51
22010,15229,234420.57,0.7
22011,33205,226244.37,0.28
22012,23841,158462.96,0.51
22013,32324,146060.32,0.7
22014,19617,256754.65,0.48
22015,5695,286117.77,0.85
22016,348,188881.9,0.82
22017,10517,447700.94,0.34
22018,17812,470653.59,0.4
22019,10917,56719.59,0.83
22020,12758,381033.58,0.3
22021,30451,497516.28,0.59
22022,18654,425182.21,0.4
22023,28630,196075.46,0.49
22024,29759,196419.51,0.83
22025,20127,368451.94,0.42
22026,32307,210717.3,0.75
22027,8447,376950.78,0.26
22028,9482,248143.45,0.37
22029,30349,276937.45,0.73
22030,23729,426597.71,0.49
22031,1191,50769.42,0.72
22032,17932,397059.92,0.46
22033,30937,90970.34,0.27
22034,30281,204021.98,0.41
22035,24001,466036.53,0.44
22036,4033,224124.33,0.23
22037,24526,267339.64,0.51
22038,24815,172535.72,0.36
22039,20764,373431.24,0.66
22040,20874,447450.21,0.17
22041,18516,118856.81,0.28
22042,547,296083.58,0.13
22043,28792,110955.12,0.43
22044,34930,418356.13,0.67
22045,30204,299403.72,0.46
22046,33884,313478.29,0.47
22047,8877,438566.42,0.84
22048,17703,220051.1,0.87
22049,30637,497516.02,0.81
22050,25474,272357.74,0.32
22051,6815,140417.84,0.44
22052,16970,282013.04,0.18
22053,12023,89400.58,0.7
22054,13468,365132.75,0.46
22055,14275,270339.0,0.35
22056,22710,408109.61,0.5
22057,20705,258324.22,0.8
22058,30682,163590.18,0.23
22059,21294,23505.99,0.32
22060,32281,344197.71,0.32
22061,21902,350924.31,0.18
22062,9708,443241.28,0.24
22063,17265,499215.63,0.36
22064,3606,315666.65,0.33
22065,9550,489320.98,0.2
22066,22704,266682.83,0.56
22067,24916,135630.47,0.31
22068,3764,255166.34,0.39
22069,26894,349496.47,0.67
22070,26749,359161.69,0.75
22071,14898,49346.61,0.85
22072,32839,154723.76,0.81
22073,508,486333.24,0.43
22074,33664,43547.89,0.64
22075,18178,480860.25,0.12
22076,33731,356617.49,0.18
22077,22096,417699.52,0.1
22078,10528,250775.64,0.79
22079,31197,23823.29,0.27
22080,6852,392521.12,0.72
22081,26021,197896.23,0.6
22082,12485,399652.52,0.48
22083,30932,31023.84,0.35
22084,31872,153506.14,0.53
22085,23961,186464.59,0.48
22086,25801,202615.32,0.74
22087,15550,209470.11,0.2
22088,25922,181549.06,0.2
22089,25103,25392.39,0.85
22090,31360,495772.94,0.65
22091,1399,483044.19,0.31
22092,33543,279452.56,0.52
22093,32993,412402.42,0.51
22094,18044,141380.47,0.64
22095,5081,420502.14,0.89
22096,23909,41786.72,0.42
22097,34692,122817.69,0.84
22098,26542,483315.52,0.39
22099,33363,117076.32,0.49
22100,29071,309883.18,0.77
22101,9542,380817.66,0.21
22102,5867,32556.78,0.46
22103,6356,403344.34,0.56
22104,26747,483347.55,0.35
22105,11613,355365.22,0.88
22106,22395,441341.81,0.32
22107,23310,455093.92,0.25
22108,15899,314839.07,0.18
22109,19924,259937.11,0.61
22110,34705,33058.75,0.67
22111,33262,310287.57,0.89
22112,30250,235514.36,0.42
22113,473,62507.55,0.52
22114,34501,180414.09,0.39
22115,17511,387066.62,0.54
22116,5157,391971.65,0.73
22117,30884,113096.07,0.89
22118,23947,253463.21,0.75
22119,23100,63682.5,0.64
22120,9214,126244.15,0.57
22121,34673,362917.7,0.24
22122,34192,245106.29,0.55
22123,6204,214906.05,0.53
22124,23942,375304.18,0.28
22125,2912,232843.81,0.76
22126,4444,174152.92,0.68
22127,24344,316258.13,0.12
22128,7081,336363.58,0.63
22129,26760,244092.07,0.54
22130,28700,445799.32,0.48
22131,13731,456213.84,0.65
22132,34858,374471.41,0.43
22133,7866,307070.09,0.32
22134,5333,274972.3,0.51
22135,18347,21863.98,0.76
22136,11676,434023.94,0.51
22137,6189,263855.68,0.23
22138,22260,12193.9,0.18
22139,20758,462030.81,0.86
22140,7542,101945.49,0.61
22141,7374,98090.49,0.36
22142,28387,308117.31,0.49
22143,32539,93816.23,0.73
22144,4265,219784.92,0.82
22145,1951,362037.8,0.67
22146,27899,157823.14,0.19
22147,6628,178443.04,0.83
22148,33399,154769.83,0.84
22149,27989,17279.6,0.57
22150,16220,212637.35,0.68
22151,19226,323424.99,0.51
22152,5244,242806.36,0.14
22153,24260,293910.06,0.8
22154,22995,416586.13,0.75
22155,23627,459464.81,0.21
22156,18441,237526.21,0.28
22157,1252,267847.67,0.11
22158,29292,144193.11,0.24
22159,24650,166665.34,0.53
22160,8309,459844.0,0.88
22161,31697,61192.74,0.5
22162,32469,187506.26,0.75
22163,7657,168565.94,0.68
22164,12955,225145.88,0.76
22165,3907,477437.93,0.58
22166,1855,354056.34,0.24
22167,19646,26788.36,0.75
22168,7647,345815.3,0.65
22169,17156,93105.83,0.33
22170,4482,128718.4,0.89
22171,2615,57667.47,0.61
22172,12308,43843.74,0.67
22173,24173,133698.3,0.67
22174,35,247663.07,0.86
22175,20903,454141.55,0.88
22176,5182,227149.83,0.74
22177,25927,483693.22,0.52
22178,33867,87139.25,0.71
22179,34014,219583.38,0.43
22180,27365,40693.46,0.59
22181,31717,372107.47,0.19
22182,27403,19372.4,0.23
22183,23317,93880.84,0.73
22184,19635,228449.61,0.64
22185,17974,162217.95,0.83
22186,31681,197266.21,0.35
22187,22153,409867.32,0.67
22188,4232,363614.91,0.17
22189,13360,263216.65,0.19
22190,3502,140943.06,0.53
22191,25929,478876.28,0.47
22192,12584,369118.51,0.69
22193,9673,176305.08,0.11
22194,9317,237473.51,0.5
22195,20528,490815.66,0.85
22196,27182,454909.88,0.32
22197,9681,406519.84,0.26
22198,2851,15046.6,0.58
22199,28611,489146.96,0.26
22200,18070,271298.26,0.5
22201,25439,340539.08,0.85
22202,26583,318590.44,0.48
22203,27058,28438.0,0.1
22204,8574,214008.83,0.26
22205,12755,332494.65,0.69
22206,19656,171056.7,0.12
22207,20349,350702.77,0.7
22208,16585,165904.18,0.13
22209,21289,65956.59,0.38
22210,8074,240384.05,0.85
22211,13904,416151.44,0.54
22212,13498,314187.27,0.52
22213,28036,210242.89,0.7
22214,32620,413617.24,0.12
22215,31936,83511.8,0.39
22216,8702,175549.31,0.14
22217,27786,224125.28,0.15
22218,30839,149689.54,0.8
22219,22558,476244.34,0.46
22220,279,115554.34,0.35
22221,15656,180920.92,0.46
22222,32873,44275.58,0.6
22223,2565,169869.79,0.7
22224,9717,282152.92,0.31
22225,23193,201169.7,0.32
22226,15043,27456.22,0.46
22227,31553,128832.51,0.31
22228,2374,292975.61,0.89
22229,9314,380730.38,0.55
22230,4755,307336.12,0.68
22231,8411,262065.98,0.29
22232,15669,35961.28,0.65
22233,14833,142367.71,0.88
22234,2297,49120.13,0.64
22235,1178,132292.9,0.23
22236,31221,474072.39,0.16
22237,7718,413386.04,0.64
22238,21726,298906.77,0.42
22239,13213,209774.06,0.49
22240,23920,109409.7,0.32
22241,7719,112014.19,0.27
22242,19355,174548.8,0.1
22243,21350,56663.05,0.54
22244,18440,222163.49,0.44
22245,33338,106357.44,0.82
22246,5274,104181.42,0.24
22247,29560,274021.58,0.83
22248,18606,171905.06,0.61
22249,10087,169874.64,0.82
22250,13572,24223.49,0.78
22251,17100,195657.31,0.89
22252,31835,263052.35,0.83
22253,29495,364488.45,0.34
22254,27730,37835.35,0.68
22255,6441,289859.46,0.27
22256,19662,168569.66,0.89
22257,30015,405639.9,0.66
22258,9016,233669.24,0.46
22259,25256,234101.83,0.49
22260,21033,22324.37,0.17
22261,5942,240675.79,0.72
22262,3732,210526.89,0.64
22263,20296,417996.0,0.82
22264,15370,394164.89,0.79
22265,17769,290035.77,0.58
22266,15058,408022.46,0.58
22267,14802,369411.55,0.85
22268,13791,218581.2,0.15
22269,12347,28583.36,0.3
22270,7177,346685.18,0.12
22271,9542,56694.79,0.46
22272,28750,217308.62,0.74
22273,32305,152424.1,0.71
22274,14108,230637.58,0.82
22275,3621,302787.22,0.84
22276,9495,42825.44,0.67
22277,17919,386442.26,0.8
22278,14588,280417.05,0.85
22279,20203,78237.67,0.14
22280,17851,310501.68,0.38
22281,1836,377859.47,0.53
22282,20636,397203.28,0.14
22283,2128,170848.42,0.19
22284,12002,87327.04,0.12
22285,26863,122945.02,0.88
22286,25862,57150.07,0.44
22287,23063,472014.85,0.67
22288,34631,145110.34,0.37
22289,34842,171820.12,0.59
22290,1455,195351.64,0.31
22291,703,280265.7,0.68
22292,376,159579.96,0.74
22293,28403,444679.7,0.12
22294,1227,246212.28,0.57
22295,17377,412331.61,0.21
22296,16939,91010.97,0.77
22297,18518,223869.47,0.89
22298,28917,243364.61,0.27
22299,4493,349026.25,0.6
22300,15062,463844.0,0.87
22301,14422,156315.66,0.36
22302,32082,394946.5,0.19
22303,13924,111923.77,0.42
22304,31703,114767.32,0.85
22305,29634,151446.67,0.69
22306,10065,426061.5,0.66
22307,20959,26549.25,0.39
22308,10501,60411.7,0.86
22309,22715,254402.67,0.66
22310,23539,361156.23,0.39
22311,19523,57571.81,0.86
22312,23520,177037.05,0.89
22313,5861,441690.98,0.48
22314,22508,456827.18,0.28
22315,34505,243580.76,0.84
22316,16910,410084.64,0.68
22317,22233,330386.02,0.32
22318,18263,400974.7,0.64
22319,29539,194541.37,0.53
22320,15774,241683.95,0.34
22321,26191,34816.24,0.89
22322,30093,287466.94,0.13
22323,15609,482044.97,0.16
22324,16126,90483.61,0.36
22325,33177,17606.86,0.8
22326,11452,373899.72,0.4
22327,24240,263330.21,0.4
22328,25435,492807.92,0.41
22329,14386,252394.24,0.67
22330,15693,71338.63,0.79
22331,33699,43006.76,0.72
22332,9077,226361.71,0.25
22333,18952,107407.36,0.24
22334,16222,76601.63,0.85
22335,27348,333330.99,0.18
22336,15420,337009.11,0.29
22337,6249,310978.04,0.56
22338,34436,21118.2,0.22
22339,24497,17111.59,0.56
22340,27680,50564.45,0.57
22341,29110,439024.8,0.6
22342,25824,179851.43,0.76
22343,6246,43837.81,0.17
22344,1676,497810.33,0.79
22345,17605,67274.41,0.64
22346,1425,377559.56,0.47
22347,10304,314494.45,0.87
22348,31537,201912.73,0.63
22349,32860,156225.54,0.87
22350,27566,431779.35,0.75
22351,34915,189104.06,0.67
22352,12233,256906.17,0.64
22353,25607,259928.16,0.16
22354,914,463883.29,0.4
22355,9101,350151.86,0.35
22356,20483,394287.24,0.23
22357,18958,103879.23,0.18
22358,11441,199108.63,0.33
22359,666,447964.71,0.46
22360,33579,157262.39,0.14
22361,3368,260491.06,0.79
22362,29843,259022.42,0.25
22363,21096,88030.59,0.34
22364,16732,152782.88,0.41
22365,19613,99295.73,0.76
22366,6111,107664.71,0.39
22367,33346,171647.98,0.6
22368,10241,251299.08,0.56
22369,29469,398065.61,0.2
22370,9761,481262.45,0.3
22371,12396,168957.81,0.66
22372,28204,243647.76,0.37
22373,33780,85917.08,0.59
22374,7223,403961.4,0.55
22375,16308,451099.52,0.44
22376,23847,406443.72,0.73
22377,13151,72623.19,0.21
22378,26720,409711.3,0.56
22379,24629,76570.97,0.54
22380,8978,43546.54,0.11
22381,14680,308360.22,0.78
22382,22143,498144.32,0.57
22383,13422,498187.29,0.76
22384,22250,183710.19,0.15
22385,28338,379651.03,0.61
22386,16347,222712.17,0.69
22387,24521,94223.81,0.57
22388,10590,12508.41,0.34
22389,15017,168777.63,0.4
22390,31080,313488.76,0.1
22391,8493,27550.31,0.85
22392,25868,399663.73,0.47
22393,30031,85238.24,0.53
22394,31531,386495.01,0.37
22395,4684,464542.35,0.46
22396,22932,256927.3,0.66
22397,11825,25138.17,0.53
22398,21672,455580.98,0.42
22399,26399,15548.23,0.63
22400,693,256177.05,0.25
22401,30805,394017.31,0.76
22402,7600,75641.09,0.51
22403,13822,386152.86,0.68
22404,3413,279646.6,0.88
22405,20154,499824.63,0.14
22406,29970,13244.39,0.54
22407,23143,60357.61,0.67
22408,21039,483606.33,0.11
22409,13668,289439.51,0.6
22410,388,391117.77,0.79
22411,23211,463971.56,0.87
22412,27972,54318.92,0.65
22413,14571,197990.05,0.6
22414,21194,445080.22,0.84
22415,15792,150003.83,0.18
22416,18717,471874.33,0.89
22417,24260,21518.17,0.88
22418,16396,441490.58,0.42
22419,27035,150098.71,0.84
22420,16016,218688.06,0.65
22421,24558,89686.82,0.45
22422,26833,105640.73,0.3
22423,9751,79737.58,0.6
22424,2647,63504.7,0.89
22425,33856,483396.58,0.88
22426,33962,277905.05,0.83
22427,16957,329675.01,0.38
22428,32804,144036.69,0.38
22429,24503,217230.41,0.69
22430,20692,124970.57,0.86
22431,10687,359927.98,0.82
22432,10506,307897.2,0.17
22433,5373,276589.53,0.83
22434,15375,444649.71,0.15
22435,27391,248627.31,0.2
22436,11235,355733.59,0.31
22437,19262,218759.45,0.55
22438,16606,485838.65,0.63
22439,9684,178119.83,0.11
22440,2653,268378.53,0.11
22441,26201,126269.86,0.8
22442,21147,382909.64,0.61
22443,28409,494512.71,0.4
22444,16743,147598.64,0.45
22445,3595,275254.36,0.5
22446,32222,386592.83,0.21
22447,14647,487300.54,0.28
22448,20198,63963.93,0.88
22449,19255,395525.63,0.37
22450,18287,416998.22,0.73
22451,17744,271273.59,0.6
22452,19048,345126.56,0.15
22453,34302,216391.73,0.35
22454,523,434385.78,0.68
22455,3321,183177.73,0.46
22456,17751,473380.1,0.54
22457,11564,136853.21,0.42
22458,5727,110156.27,0.57
22459,12958,333872.18,0.18
22460,7746,370729.22,0.7
22461,14388,126506.61,0.67
22462,2490,374012.25,0.18
22463,11505,305898.12,0.38
22464,34551,190698.56,0.74
22465,9694,22512.86,0.43
22466,18501,334134.3,0.66
22467,13922,50319.38,0.15
22468,13721,150310.61,0.89
22469,27725,163129.78,0.14
22470,27854,225539.55,0.78
22471,6087,172627.83,0.64
22472,3162,487504.71,0.47
22473,12975,494532.46,0.54
22474,33813,432734.83,0.69
22475,8688,301203.58,0.7
22476,8726,355993.62,0.9
22477,8444,69561.44,0.74
22478,25590,494068.34,0.27
22479,28829,162554.82,0.6
22480,924,100120.94,0.6
22481,18129,293094.54,0.79
22482,25825,465434.8,0.32
22483,19686,149851.21,0.66
22484,30664,166054.44,0.85
22485,32257,137952.82,0.79
22486,17978,42897.12,0.75
22487,18035,380539.3,0.36
22488,26446,177286.31,0.7
22489,18256,412753.19,0.5
22490,16518,491145.71,0.63
22491,4246,357122.38,0.24
22492,14517,163755.58,0.8
22493,2036,301925.55,0.8
22494,19424,245851.69,0.21
22495,15166,127654.9,0.55
22496,17173,321826.0,0.38
22497,34758,350107.7,0.25
22498,25395,340991.2,0.47
22499,30796,279496.92,0.71
22500,20509,297175.98,0.36
22501,11827,450860.75,0.5
22502,15973,358963.96,0.16
22503,3619,341198.69,0.54
22504,18946,401636.86,0.42
22505,29932,433502.75,0.27
22506,1157,348120.71,0.32
22507,13632,414534.38,0.16
22508,19809,404789.44,0.43
22509,24880,85221.41,0.63
22510,33499,330412.05,0.63
22511,3746,29971.41,0.63
22512,1143,275604.02,0.83
22513,32109,476656.76,0.28
22514,9944,179474.77,0.74
22515,6020,326735.51,0.24
22516,19320,421499.86,0.25
22517,4159,24576.24,0.13
22518,29134,19655.7,0.75
22519,21008,141595.85,0.63
22520,23248,95617.3,0.7
22521,7978,464376.74,0.6
22522,10161,484042.7,0.59
22523,22090,103120.84,0.71
22524,25213,88916.08,0.32
22525,10322,162698.23,0.68
22526,7420,45085.45,0.47
22527,23101,359084.04,0.56
22528,10647,411631.47,0.31
22529,10037,464937.85,0.66
22530,4462,442146.64,0.27
22531,18008,376477.44,0.6
22532,34046,333471.93,0.35
22533,9046,219049.76,0.37
22534,1631,472147.23,0.28
22535,19796,358403.91,0.16
22536,24004,387725.51,0.8
22537,15531,250032.51,0.58
22538,5239,428153.72,0.19
22539,25101,61512.33,0.4
22540,25195,279540.51,0.54
22541,9813,394000.2,0.33
22542,34161,359855.77,0.68
22543,31027,17111.47,0.71
22544,10663,392959.19,0.22
22545,4228,156574.54,0.83
22546,766,361777.84,0.72
22547,4793,441495.23,0.2
22548,21773,412329.81,0.38
22549,31354,221591.37,0.51
22550,13530,430736.46,0.47
22551,29179,393904.43,0.66
22552,4869,259894.41,0.39
22553,691,446406.2,0.59
22554,3193,118918.95,0.39
22555,671,239836.28,0.27
22556,32617,309356.73,0.11
22557,23146,280819.94,0.36
22558,8604,55022.2,0.42
22559,30374,224522.16,0.72
22560,28497,446176.76,0.83
22561,30252,443235.51,0.66
22562,32458,395622.54,0.24
22563,15565,11551.88,0.48
22564,33453,253855.6,0.48
22565,7781,378388.07,0.42
22566,23466,153006.76,0.2
22567,12862,263035.29,0.3
22568,13356,37205.06,0.42
22569,1678,60639.97,0.27
22570,31769,149181.04,0.39
22571,11219,127822.87,0.51
22572,34124,455186.56,0.86
22573,13104,107865.39,0.25
22574,468,382186.02,0.79
22575,11408,274801.32,0.59
22576,29922,471234.07,0.61
22577,11457,63290.97,0.87
22578,20979,326559.06,0.72
22579,10663,332398.11,0.31
22580,25838,268560.07,0.34
22581,32849,259370.84,0.69
22582,3406,27167.98,0.63
22583,24922,245430.42,0.26
22584,34580,59562.68,0.35
22585,23988,122659.31,0.65
22586,14748,100270.91,0.71
22587,9646,346863.02,0.68
22588,512,190794.44,0.47
22589,28437,195607.42,0.73
22590,18663,223607.42,0.29
22591,4655,10296.76,0.41
22592,16220,296830.99,0.63
22593,22536,493924.44,0.61
22594,16577,388487.56,0.33
22595,11288,106057.66,0.49
22596,23669,245768.84,0.32
22597,34846,51437.98,0.14
22598,15849,352830.69,0.63
22599,12335,100213.43,0.61
22600,20187,371931.33,0.24
22601,437,66670.53,0.68
22602,4202,11996.43,0.87
22603,24194,25289.09,0.83
22604,3632,405761.26,0.47
22605,13529,371795.47,0.38
22606,15791,311442.37,0.36
22607,17293,410328.51,0.85
22608,19242,213523.03,0.41
22609,28116,173297.98,0.23
22610,30768,476554.99,0.72
22611,11525,269560.41,0.56
22612,8726,277830.68,0.62
22613,16313,368700.12,0.5
22614,9654,222420.01,0.66
22615,4552,242893.98,0.63
22616,20050,336316.25,0.32
22617,19251,213324.85,0.89
22618,5447,206983.78,0.58
22619,5691,195627.0,0.12
22620,8569,458279.27,0.34
22621,32978,84426.23,0.35
22622,31895,171707.34,0.63
22623,19961,410361.84,0.67
22624,9262,246678.63,0.81
22625,19884,248825.84,0.7
22626,32682,494463.61,0.77
22627,9399,422246.86,0.23
22628,23759,123536.33,0.78
22629,31839,185575.16,0.19
22630,20996,125765.61,0.69
22631,2103,438385.48,0.6
22632,1784,403075.01,0.38
22633,32003,133070.66,0.27
22634,23545,376519.03,0.23
22635,30983,68738.68,0.44
22636,8756,308876.68,0.53
22637,23024,45853.89,0.57
22638,20612,225775.05,0.4
22639,15274,293782.65,0.84
22640,466,287355.65,0.76
22641,21436,468750.27,0.84
22642,31925,475026.52,0.44
22643,16565,388049.47,0.83
22644,18146,395761.15,0.21
22645,32728,280521.14,0.79
22646,16507,226200.05,0.2
22647,7364,72965.41,0.4
22648,14810,50200.03,0.64
22649,1480,307624.22,0.33
22650,295,69422.0,0.5
22651,33130,202276.68,0.74
22652,24353,117704.52,0.74
22653,20739,88371.64,0.61
22654,1338,197857.1,0.69
22655,10847,318909.93,0.6
22656,2658,194006.78,0.81
22657,10085,189299.98,0.51
22658,14763,476837.74,0.58
22659,34032,54531.37,0.68
22660,33318,62428.84,0.47
22661,17575,177148.08,0.44
22662,33839,491833.24,0.85
22663,13719,209029.34,0.42
22664,353,143933.22,0.43
22665,4207,93407.29,0.78
22666,25633,260362.66,0.8
22667,32965,275156.06,0.34
22668,12241,313271.95,0.19
22669,32153,183052.06,0.17
22670,33926,470973.66,0.81
22671,14917,495764.15,0.2
22672,14287,329337.07,0.82
22673,23524,499680.88,0.44
22674,34055,253040.72,0.35
22675,3417,140638.41,0.47
22676,3381,63568.33,0.54
22677,14621,237025.89,0.35
22678,16645,174336.52,0.11
22679,29850,18141.59,0.3
22680,27922,184863.26,0.28
22681,1337,133026.78,0.89
22682,18474,234194.91,0.48
22683,12149,13453.93,0.86
22684,18604,379073.53,0.77
22685,29473,56353.52,0.18
22686,17557,308207.78,0.52
22687,5366,308052.59,0.85
22688,18390,19742.42,0.36
22689,21173,181879.32,0.55
22690,6735,322252.55,0.41
22691,11260,96186.79,0.72
22692,10099,324861.74,0.34
22693,15234,127754.32,0.15
22694,9841,18789.61,0.59
22695,8364,497954.78,0.74
22696,11199,64615.3,0.42
22697,17586,492157.47,0.53
22698,72,347658.76,0.13
22699,4624,157971.47,0.35
22700,6798,29644.53,0.16
22701,23274,193292.81,0.72
22702,16554,388738.62,0.29
22703,29100,300803.27,0.24
22704,34673,145785.12,0.66
22705,27571,358481.55,0.85
22706,11035,419960.54,0.43
22707,12402,373116.32,0.73
22708,20695,44734.33,0.23
22709,7569,261865.51,0.6
22710,12888,489765.6,0.56
22711,18241,485341.69,0.38
22712,3493,325091.54,0.16
22713,22280,203685.22,0.15
22714,33524,499684.01,0.47
22715,29443,282936.36,0.34
22716,9675,275324.16,0.6
22717,13257,497784.57,0.12
22718,14180,225568.67,0.74
22719,6918,127481.99,0.28
22720,14300,227292.95,0.45
22721,19850,344522.93,0.26
22722,8553,493118.23,0.5
22723,21886,471853.7,0.55
22724,7785,76702.48,0.66
22725,18813,467484.43,0.61
22726,31102,175711.4,0.39
22727,9564,20214.37,0.34
22728,18088,320562.14,0.71
22729,441,67850.08,0.32
22730,25543,131062.61,0.54
22731,26908,411967.31,0.26
22732,8088,406529.96,0.41
22733,6211,340793.14,0.7
22734,17307,321237.25,0.32
22735,24962,64766.88,0.7
22736,34779,499025.64,0.43
22737,6094,431523.17,0.77
22738,5956,138137.19,0.11
22739,6694,125151.6,0.72
22740,18928,216793.46,0.29
22741,18338,387392.73,0.81
22742,29695,38724.97,0.12
22743,24184,482872.54,0.23
22744,28048,430835.96,0.32
22745,5668,290151.78,0.37
22746,4928,235322.59,0.16
22747,21505,147829.8,0.49
22748,17410,413263.7,0.36
22749,13385,479696.42,0.33
22750,30854,57488.17,0.73
22751,10650,233429.74,0.24
22752,143,381123.02,0.8
22753,34876,35013.43,0.57
22754,8048,312477.96,0.21
22755,28113,224088.26,0.71
22756,33125,49192.79,0.47
22757,18772,448634.35,0.73
22758,28126,381143.56,0.66
22759,20360,263634.37,0.42
22760,27143,461703.75,0.74
22761,17686,216785.14,0.3
22762,23666,307261.31,0.64
22763,28638,105543.21,0.65
22764,25126,417301.51,0.7
22765,19827,439758.01,0.68
22766,7713,391673.82,0.42
22767,9453,17821.1,0.79
22768,11831,215078.16,0.47
22769,13260,282752.61,0.47
22770,25026,485208.67,0.85
22771,10778,163873.2,0.64
22772,31975,344474.46,0.57
22773,15613,281625.9,0.7
22774,32456,302441.09,0.82
22775,8812,34569.5,0.42
22776,26353,357120.66,0.88
22777,7808,94145.55,0.68
22778,17038,247374.19,0.81
22779,16203,83405.62,0.51
22780,4,360473.24,0.13
22781,5949,395476.94,0.22
22782,34225,82998.34,0.46
22783,26584,285345.18,0.51
22784,9503,277682.18,0.62
22785,11829,242987.76,0.21
22786,236,133681.54,0.68
22787,29603,473380.95,0.25
22788,23047,169890.43,0.42
22789,26464,319358.59,0.52
22790,5217,489367.53,0.26
22791,30565,227285.31,0.69
22792,20359,267023.56,0.63
22793,32890,421422.81,0.82
22794,10811,342137.88,0.12
22795,27187,238830.35,0.7
22796,11884,210391.2,0.33
22797,18029,308695.41,0.27
22798,24372,307116.42,0.8
22799,23936,385591.96,0.54
22800,19619,48413.41,0.33
22801,33437,59763.82,0.21
22802,32999,362698.06,0.4
22803,27206,293901.54,0.28
22804,11525,215290.02,0.41
22805,10474,121493.2,0.15
22806,15692,134984.48,0.74
22807,3813,194086.75,0.47
22808,8899,384515.03,0.54
22809,8801,469975.64,0.8
22810,16442,227648.04,0.82
22811,3994,204392.66,0.49
22812,7997,469044.84,0.15
22813,5819,264220.77,0.83
22814,24415,46542.72,0.11
22815,30524,418864.18,0.71
22816,2993,58652.42,0.72
22817,19324,461833.25,0.68
22818,10567,288203.74,0.64
22819,27329,494210.1,0.83
22820,11752,182721.8,0.4
22821,14483,276860.06,0.37
22822,32820,328925.22,0.17
22823,13209,131357.85,0.62
22824,15433,60990.33,0.68
22825,24153,336755.75,0.8
22826,14668,160514.27,0.57
22827,6728,307167.92,0.38
22828,17214,341413.89,0.45
22829,26872,192749.42,0.57
22830,31769,307106.65,0.69
22831,31257,163738.73,0.75
22832,8616,478641.41,0.63
22833,20113,78162.79,0.56
22834,10021,296264.62,0.5
22835,19127,459464.2,0.29
22836,5712,100153.26,0.11
22837,17522,499208.72,0.21
22838,1367,101986.58,0.6
22839,1221,99300.06,0.12
22840,7120,471142.94,0.63
22841,11800,206696.88,0.17
22842,14190,434186.12,0.2
22843,23079,54433.62,0.85
22844,30592,466731.57,0.33
22845,1057,234715.22,0.5
22846,32388,217752.76,0.23
22847,796,271641.94,0.61
22848,7366,486907.61,0.33
22849,11036,31809.19,0.79
22850,1168,194918.31,0.24
22851,28857,56234.91,0.74
22852,34168,248847.6,0.85
22853,261,232829.57,0.47
22854,9889,357444.01,0.61
22855,3031,318643.44,0.44
22856,6591,86396.48,0.42
22857,1358,277227.93,0.16
22858,18664,202960.3,0.1
22859,14921,490739.0,0.37
22860,26051,262746.5,0.21
22861,3955,157328.41,0.87
22862,26239,307929.75,0.35
22863,2014,416844.37,0.35
22864,4453,21286.67,0.71
22865,6246,446578.63,0.42
22866,33418,124583.86,0.62
22867,33520,274173.45,0.3
22868,13348,130815.26,0.76
22869,21063,71827.33,0.63
22870,12163,254272.97,0.53
22871,26372,491869.18,0.79
22872,13946,274740.47,0.75
22873,26836,99329.57,0.64
22874,13302,105633.86,0.39
22875,8569,272905.06,0.66
22876,25089,233937.91,0.43
22877,13598,420043.19,0.53
22878,22042,63887.17,0.86
22879,31563,351303.73,0.78
22880,27049,326825.53,0.14
22881,31337,19267.94,0.63
22882,4520,291762.83,0.56
22883,3488,490642.12,0.2
22884,7888,211893.39,0.82
22885,3042,370436.25,0.48
22886,17380,390940.31,0.41
22887,16865,199938.96,0.1
22888,27912,27530.38,0.41
22889,31539,139522.93,0.8
22890,23961,62306.02,0.18
22891,15372,118826.55,0.51
22892,19138,494669.21,0.74
22893,19053,227464.25,0.17
22894,28379,166159.9,0.46
22895,5332,69619.24,0.67
22896,492,134057.94,0.49
22897,22554,385176.73,0.87
22898,11103,224983.39,0.1
22899,32596,231766.94,0.84
22900,32373,65650.28,0.19
22901,3473,118523.45,0.5
22902,13895,428051.89,0.82
22903,27046,340140.1,0.19
22904,24768,429521.07,0.18
22905,6626,357396.31,0.11
22906,26988,45655.75,0.58
22907,16352,362116.98,0.44
22908,16294,102052.51,0.15
22909,21873,428106.8,0.9
22910,16846,418880.99,0.81
22911,28486,275393.88,0.72
22912,1014,12194.52,0.64
22913,11557,406354.48,0.52
22914,15714,280083.1,0.34
22915,9487,97119.15,0.16
22916,10431,338651.55,0.84
22917,22267,371796.87,0.27
22918,14688,470755.71,0.25
22919,16065,364779.45,0.61
22920,18240,180589.75,0.18
22921,26940,58690.42,0.44
22922,33055,152049.29,0.73
22923,8896,129288.66,0.12
22924,31046,152451.6,0.16
22925,3527,464766.05,0.15
22926,32870,439525.49,0.43
22927,20810,390908.08,0.59
22928,9974,241168.35,0.34
22929,14648,32491.61,0.33
22930,6047,468102.84,0.78
22931,24265,422411.2,0.84
22932,17325,378472.11,0.35
22933,9548,297303.74,0.26
22934,4093,116960.39,0.45
22935,6052,251874.37,0.56
22936,14754,443172.5,0.29
22937,1153,456193.45,0.73
22938,3385,251530.19,0.31
22939,30192,294931.77,0.12
22940,14483,169943.56,0.73
22941,27273,172491.11,0.45
22942,26018,341482.9,0.66
22943,4641,66316.57,0.47
22944,13689,107195.66,0.78
22945,18175,466115.31,0.41
22946,11464,309276.4,0.3
22947,16610,171004.5,0.78
22948,70,483236.6,0.35
22949,28681,444088.68,0.86
22950,20091,361713.39,0.3
22951,14939,323692.52,0.81
22952,24209,411503.82,0.59
22953,17163,426917.85,0.53
22954,3216,166632.55,0.38
22955,31847,123183.29,0.87
22956,32888,335964.98,0.68
22957,22218,221348.66,0.23
22958,19050,96935.94,0.82
22959,4178,41921.23,0.57
22960,26638,33808.32,0.72
22961,23929,426309.21,0.51
22962,21667,403259.84,0.82
22963,6919,138333.82,0.22
22964,6341,496927.63,0.55
22965,24501,324030.41,0.54
22966,28368,261842.27,0.19
22967,6700,252111.71,0.17
22968,8732,331406.1,0.16
22969,5868,263076.7,0.1
22970,22843,257873.61,0.15
22971,8873,72179.2,0.7
22972,10034,123941.81,0.23
22973,26150,414979.01,0.11
22974,22393,376888.87,0.32
22975,28398,131952.8,0.73
22976,3956,345376.92,0.54
22977,18142,262287.49,0.32
22978,26252,140937.81,0.64
22979,27242,396373.47,0.12
22980,19378,478656.41,0.37
22981,11289,237141.92,0.81
22982,20930,64866.25,0.29
22983,223,238465.5,0.34
22984,34783,43592.43,0.26
22985,700,379009.87,0.28
22986,33076,421174.15,0.57
22987,20481,279598.86,0.32
22988,31071,414654.74,0.75
22989,30055,478727.15,0.6
22990,23613,480644.59,0.46
22991,20488,135090.22,0.49
22992,30596,22940.87,0.37
22993,24698,74317.21,0.89
22994,23160,275911.72,0.72
22995,33752,31678.26,0.14
22996,25876,161544.0,0.43
22997,28118,110941.36,0.37
22998,18853,44654.11,0.5
22999,22689,187189.84,0.47
23000,2874,164412.2,0.8
23001,18016,274413.61,0.47
23002,15710,493871.48,0.33
23003,25629,326982.74,0.33
23004,463,280485.76,0.41
23005,19711,128826.21,0.66
23006,22087,293367.39,0.28
23007,9361,365585.3,0.62
23008,5032,47216.12,0.31
23009,31334,229152.41,0.58
23010,6107,166205.88,0.75
23011,909,430283.67,0.44
23012,32521,269862.18,0.49
23013,27294,90639.06,0.27
23014,2350,494499.73,0.34
23015,19756,168920.3,0.68
23016,31886,352975.48,0.17
23017,32039,235466.98,0.49
23018,10549,433020.21,0.81
23019,22958,144001.79,0.31
23020,32099,52509.7,0.37
23021,34207,419715.1,0.89
23022,8859,464804.21,0.17
23023,2121,224084.49,0.51
23024,4256,321740.18,0.26
23025,24686,382284.58,0.31
23026,9481,436666.11,0.31
23027,18820,128768.82,0.83
23028,33406,330585.71,0.47
23029,28647,103744.35,0.56
23030,32120,305120.72,0.67
23031,1590,429802.42,0.74
23032,28354,57119.24,0.58
23033,15651,415586.54,0.69
23034,6345,468226.98,0.83
23035,18551,304682.35,0.68
23036,22872,385268.83,0.37
23037,10341,191968.49,0.7
23038,16554,495213.18,0.26
23039,30372,171973.11,0.59
23040,23993,491879.78,0.71
23041,6016,23017.39,0.57
23042,4140,287258.06,0.32
23043,30176,294482.6,0.85
23044,3070,58730.78,0.8
23045,11585,356929.68,0.62
23046,4099,210780.04,0.89
23047,13400,69482.11,0.46
23048,12227,433408.84,0.79
23049,485,447545.24,0.55
23050,30526,145958.54,0.54
23051,15558,168140.06,0.21
23052,27375,374980.41,0.25
23053,19846,301057.54,0.58
23054,7877,58689.41,0.27
23055,7767,160562.58,0.37
23056,33749,422117.41,0.34
23057,32829,424172.19,0.21
23058,7643,309273.14,0.17
23059,5223,426711.68,0.47
23060,10881,121138.65,0.87
23061,7148,377114.27,0.35
23062,5814,198067.04,0.36
23063,20153,212819.32,0.41
23064,12003,349953.63,0.8
23065,9724,142560.59,0.17
23066,31315,220722.84,0.49
23067,9258,302097.6,0.24
23068,15568,264650.74,0.23
23069,10146,215513.11,0.64
23070,11631,78448.32,0.32
23071,34923,188871.03,0.68
23072,12979,93952.07,0.71
23073,16248,217963.06,0.87
23074,34586,443868.99,0.78
23075,30725,428111.72,0.56
23076,11839,454988.23,0.6
23077,10358,120324.59,0.83
23078,17170,312971.91,0.62
23079,13316,337745.16,0.88
23080,17691,482122.83,0.16
23081,16649,394561.29,0.17
23082,18254,499154.85,0.77
23083,16584,355613.12,0.26
23084,10835,306056.91,0.6
23085,4561,443049.44,0.58
23086,10117,134385.43,0.16
23087,15378,78753.16,0.86
23088,29589,57541.64,0.54
23089,28577,478712.19,0.45
23090,30580,234995.13,0.84
23091,24582,477831.25,0.9
23092,23701,118490.97,0.79
23093,1738,348951.23,0.43
23094,28072,276314.88,0.83
23095,27511,280469.22,0.27
23096,400,84798.67,0.64
23097,27179,420358.08,0.23
23098,18565,88785.87,0.83
23099,11336,428480.72,0.25
23100,27824,251271.51,0.55
23101,29685,298856.62,0.29
23102,9345,410342.59,0.48
23103,12483,246557.48,0.35
23104,16013,297488.99,0.14
23105,28191,128854.53,0.59
23106,25809,100240.36,0.45
23107,1300,116231.83,0.54
23108,15596,145098.7,0.62
23109,11116,257760.91,0.41
23110,9487,88690.09,0.85
23111,24634,33604.29,0.32
23112,3967,338285.09,0.55
23113,21307,45386.13,0.64
23114,23383,305166.4,0.82
23115,26317,185412.64,0.58
23116,30599,171118.31,0.54
23117,11130,316423.8,0.17
23118,2329,312926.03,0.34
23119,6373,90247.23,0.42
23120,21069,73496.13,0.78
23121,32075,258839.93,0.79
23122,26014,74818.29,0.27
23123,20580,319101.16,0.32
23124,12157,462218.76,0.51
23125,6251,10091.13,0.5
23126,802,388107.27,0.31
23127,8971,268712.44,0.61
23128,31003,300717.83,0.51
23129,12976,38704.89,0.85
23130,33256,489216.01,0.54
23131,8259,189736.07,0.76
23132,18915,249380.55,0.5
23133,5434,312422.92,0.79
23134,23426,457439.01,0.83
23135,21691,296091.75,0.26
23136,19901,388502.01,0.39
23137,23049,229781.32,0.69
23138,9348,135688.83,0.15
23139,27691,346890.69,0.72
23140,5695,183600.11,0.45
23141,34566,219275.38,0.34
23142,30970,464137.45,0.26
23143,31664,46554.77,0.74
23144,11278,144085.76,0.34
23145,2056,363549.14,0.6
23146,33177,221043.94,0.15
23147,25774,168569.94,0.9
23148,17418,200556.32,0.82
23149,25279,328323.01,0.22
23150,12269,289101.25,0.22
23151,33753,206369.77,0.64
23152,29024,96725.46,0.84
23153,28132,254142.62,0.72
23154,7567,490252.83,0.89
23155,20132,309231.03,0.46
23156,11597,400204.81,0.37
23157,26177,185703.92,0.72
23158,18655,442414.15,0.47
23159,5972,348154.77,0.8
23160,22183,399734.28,0.47
23161,2779,411814.15,0.54
23162,23468,324727.93,0.59
23163,24294,156637.9,0.33
23164,20166,23929.7,0.11
23165,11585,268680.96,0.64
23166,8953,197331.25,0.26
23167,28438,430737.87,0.62
23168,19736,247076.8,0.74
23169,14686,260316.56,0.48
23170,16191,429325.78,0.87
23171,28163,126462.98,0.73
23172,33953,183862.33,0.83
23173,12295,103850.65,0.4
23174,13936,310545.09,0.71
23175,32674,292295.15,0.18
23176,4392,370151.93,0.34
23177,26827,448235.48,0.3
23178,23430,276780.14,0.12
23179,7250,97045.53,0.1
23180,26746,305227.24,0.43
23181,28187,378178.7,0.58
23182,30208,250443.56,0.84
23183,2508,125317.74,0.31
23184,3825,71992.16,0.53
23185,33021,450403.95,0.83
23186,3479,35769.85,0.13
23187,33104,195132.43,0.47
23188,13149,258064.88,0.19
23189,28893,316366.94,0.48
23190,18987,381438.91,0.56
23191,5157,339265.05,0.21
23192,21584,303587.66,0.82
23193,15777,10363.11,0.84
23194,21742,309379.49,0.74
23195,7031,10842.58,0.67
23196,3500,21254.7,0.65
23197,1119,313318.64,0.47
23198,23077,495318.98,0.66
23199,725,207889.68,0.9
23200,6861,330994.68,0.14
23201,28573,495817.82,0.62
23202,720,184672.4,0.7
23203,21765,63303.55,0.47
23204,34354,231819.23,0.57
23205,23656,189384.44,0.49
23206,30852,159626.99,0.86
23207,18846,399760.3,0.63
23208,21010,185225.94,0.56
23209,17215,369726.92,0.56
23210,21265,182179.7,0.28
23211,31213,432267.41,0.8
23212,3048,396985.91,0.62
23213,34294,165803.05,0.51
23214,26557,417287.07,0.74
23215,1889,462585.2,0.22
23216,7428,363189.84,0.33
23217,9699,198872.06,0.18
23218,31910,115998.64,0.51
23219,16493,479107.79,0.16
23220,618,124694.2,0.44
23221,13674,260042.15,0.3
23222,15850,331520.68,0.54
23223,1355,138119.49,0.3
23224,27073,272821.62,0.72
23225,26740,358511.27,0.24
23226,6723,139479.19,0.52
23227,31027,83525.44,0.11
23228,26846,63313.2,0.61
23229,29669,362947.81,0.71
23230,9308,317124.89,0.32
23231,3155,150531.69,0.82
23232,10283,94408.27,0.78
23233,19270,158692.79,0.72
23234,4368,126326.62,0.1
23235,34147,178696.9,0.29
23236,280,104298.77,0.88
23237,22030,469300.5,0.4
23238,8183,98300.32,0.37
23239,17522,463245.2,0.24
23240,100,216710.92,0.69
23241,32115,48542.96,0.23
23242,29645,302709.21,0.35
23243,19216,367223.19,0.75
23244,5891,254874.85,0.84
23245,17957,51357.95,0.14
23246,14455,206464.4,0.24
23247,15502,66855.95,0.44
23248,15011,329559.68,0.65
23249,10058,345974.14,0.47
23250,23317,213607.27,0.53
23251,1370,140014.07,0.15
23252,4758,331036.15,0.39
23253,10440,271474.09,0.51
23254,5794,21960.72,0.2
23255,11393,436882.16,0.83
23256,14211,374968.23,0.15
23257,19534,423275.24,0.32
23258,31921,457115.53,0.23
23259,2746,335540.38,0.2
23260,20122,444574.27,0.21
23261,20047,105711.4,0.28
23262,2824,451680.13,0.33
23263,11619,17509.71,0.23
23264,33008,91199.06,0.49
23265,28208,388014.18,0.78
23266,34085,403903.6,0.38
23267,4809,157394.2,0.12
23268,21130,119464.56,0.51
23269,29588,473999.0,0.54
23270,6850,385313.04,0.73
23271,6417,169672.65,0.79
23272,10836,404050.69,0.66
23273,4668,235338.0,0.22
23274,16186,344554.88,0.38
23275,32130,437132.73,0.17
23276,32338,94181.73,0.88
23277,34088,349182.92,0.49
23278,27165,69710.14,0.34
23279,21896,144514.93,0.81
23280,4832,350999.81,0.79
23281,8413,39505.78,0.15
23282,25401,318160.54,0.41
23283,9300,357885.66,0.41
23284,26886,304827.05,0.58
23285,1006,272254.43,0.45
23286,30718,156737.09,0.67
23287,6144,82586.61,0.23
23288,2507,472024.9,0.35
23289,18593,485349.47,0.62
23290,30007,12653.17,0.51
23291,6768,359766.51,0.82
23292,8539,324913.14,0.11
23293,21395,148599.27,0.13
23294,12424,33700.11,0.18
23295,30567,57159.71,0.32
23296,28031,41280.62,0.63
23297,20754,281175.33,0.73
23298,27495,372655.36,0.44
23299,20075,373837.0,0.73
23300,296,317768.49,0.35
23301,23514,111800.22,0.25
23302,4126,277946.52,0.11
23303,24895,291859.69,0.47
23304,12868,252701.47,0.47
23305,13953,87406.83,0.49
23306,12769,316352.84,0.29
23307,24935,250639.73,0.36
23308,8764,485177.25,0.29
23309,25151,375424.26,0.31
23310,17533,284206.39,0.61
23311,16723,122474.14,0.36
23312,7266,392719.25,0.44
23313,19622,22284.89,0.12
23314,23312,128019.97,0.11
23315,11433,294876.4,0.33
23316,1626,250937.93,0.81
23317,33942,230871.13,0.57
23318,17312,251269.44,0.39
23319,18873,269038.03,0.86
23320,17263,182476.94,0.12
23321,12758,397546.97,0.13
23322,22351,425137.48,0.62
23323,23100,275448.44,0.11
23324,4809,166276.05,0.65
23325,20328,233689.27,0.43
23326,10473,247438.84,0.63
23327,6938,443230.98,0.44
23328,5205,293974.42,0.1
23329,30348,49739.24,0.66
23330,17909,188525.32,0.38
23331,25255,93567.07,0.9
23332,1655,198413.28,0.84
23333,33548,157781.03,0.75
23334,22703,46729.32,0.57
23335,31241,335057.91,0.49
23336,21974,446510.8,0.65
23337,16853,332813.42,0.18
23338,21388,346874.47,0.29
23339,9752,310866.54,0.28
23340,19858,417961.16,0.87
23341,33853,490060.53,0.14
23342,22124,170144.03,0.21
23343,700,83645.25,0.53
23344,28716,318522.08,0.65
23345,20413,39577.99,0.79
23346,1904,489150.22,0.22
23347,19479,400532.72,0.87
23348,21069,465148.98,0.37
23349,4917,55361.25,0.3
23350,15430,427507.57,0.61
23351,13981,235668.93,0.3
23352,2333,476334.28,0.52
23353,30414,342893.71,0.25
23354,23476,26442.64,0.54
23355,11593,197647.53,0.28
23356,18151,250076.94,0.89
23357,15238,336206.72,0.54
23358,33309,186850.98,0.39
23359,15793,271625.92,0.54
23360,11451,285153.3,0.84
23361,29138,340212.41,0.88
23362,28253,86193.21,0.38
23363,25693,123879.06,0.23
23364,33182,432073.08,0.22
23365,19662,128128.4,0.7
23366,8752,193323.36,0.64
23367,9367,157779.94,0.64
23368,33075,95095.27,0.67
23369,27863,72323.47,0.34
23370,18773,20449.6,0.9
23371,8184,185832.43,0.83
23372,7314,473872.87,0.75
23373,7318,107293.59,0.11
23374,478,59752.1,0.34
23375,5293,48389.25,0.2
23376,16370,361756.7,0.55
23377,25045,141996.48,0.33
23378,5993,346619.83,0.67
23379,13198,49200.77,0.2
23380,34746,123105.9,0.49
23381,34257,306046.74,0.83
23382,12585,166017.93,0.23
23383,2760,211060.64,0.59
23384,9335,102621.75,0.65
23385,9313,228265.17,0.12
23386,2952,58895.69,0.21
23387,10425,258375.81,0.34
23388,9336,495777.53,0.27
23389,1030,222212.15,0.35
23390,845,244396.58,0.4
23391,161,38715.7,0.74
23392,27253,449579.29,0.71
23393,11488,241792.79,0.8
23394,1750,380710.98,0.87
23395,31909,143432.09,0.2
23396,9855,112940.67,0.41
23397,29228,146428.8,0.77
23398,33990,330420.35,0.56
23399,18930,147487.33,0.13
23400,12307,222574.55,0.27
23401,9952,484073.66,0.36
23402,6994,407145.05,0.66
23403,32638,233778.68,0.58
23404,18674,193909.39,0.22
23405,34065,445552.49,0.39
23406,4399,210923.94,0.6
23407,21075,312805.96,0.6
23408,14962,228556.2,0.19
23409,4780,173706.92,0.4
23410,1154,116694.06,0.45
23411,3102,37005.75,0.2
23412,23240,90846.35,0.12
23413,15377,454125.42,0.62
23414,26216,62075.15,0.35
23415,14979,313643.83,0.9
23416,18717,416978.28,0.54
23417,31623,374504.14,0.33
23418,32109,263687.38,0.57
23419,29400,188470.91,0.49
23420,31470,111116.24,0.62
23421,17433,87806.98,0.66
23422,16321,242142.9,0.43
23423,11003,150577.04,0.22
23424,8279,114835.68,0.8
23425,8597,31469.91,0.62
23426,26547,46435.3,0.6
23427,22084,484826.96,0.24
23428,26909,98833.18,0.1
23429,8695,335893.87,0.55
23430,33957,391848.85,0.11
23431,25683,104273.03,0.22
23432,31838,59766.27,0.17
23433,27150,29352.25,0.46
23434,8225,177054.48,0.36
23435,13694,94110.9,0.48
23436,1035,172740.15,0.79
23437,27670,231117.85,0.32
23438,24319,69755.14,0.74
23439,16977,415184.05,0.7
23440,15732,72092.91,0.46
23441,26266,293614.26,0.47
23442,33003,27009.07,0.83
23443,33030,160053.74,0.15
23444,449,122422.47,0.71
23445,13096,351653.19,0.88
23446,24197,96294.0,0.85
23447,16147,270022.27,0.11
23448,16224,37823.61,0.6
23449,25340,319583.57,0.33
23450,16357,149910.11,0.57
23451,4415,61665.58,0.51
23452,16390,446797.78,0.77
23453,7609,243200.81,0.76
23454,29429,192771.38,0.16
23455,24669,80281.41,0.63
23456,2870,491074.73,0.53
23457,3909,246240.47,0.52
23458,28908,242303.74,0.27
23459,449,244735.69,0.63
23460,33995,271475.2,0.4
23461,5839,142107.27,0.11
23462,14865,285069.62,0.73
23463,24831,318556.7,0.43
23464,34134,223951.0,0.79
23465,19402,466790.97,0.18
23466,16663,137428.61,0.7
23467,17879,28228.21,0.87
23468,12727,393545.85,0.86
23469,11631,184651.03,0.33
23470,30331,469804.2,0.23
23471,19598,323510.34,0.68
23472,34027,246435.5,0.49
23473,25757,97598.43,0.83
23474,33102,440223.39,0.55
23475,1369,364527.32,0.65
23476,499,259852.39,0.11
23477,14674,387031.36,0.45
23478,4882,454851.85,0.48
23479,26607,104796.61,0.23
23480,155,335363.6,0.28
23481,10617,132845.87,0.34
23482,17971,263710.35,0.8
23483,13459,91649.07,0.71
23484,14617,478042.32,0.38
23485,12102,384534.61,0.33
23486,3027,428404.73,0.49
23487,26128,149675.34,0.56
23488,7748,145654.42,0.29
23489,1195,241132.23,0.25
23490,26362,282223.81,0.32
23491,21246,169664.12,0.23
23492,20626,287634.35,0.85
23493,11872,188874.88,0.89
23494,19241,260357.9,0.36
23495,13106,201283.12,0.84
23496,8616,464924.82,0.79
23497,22073,493944.45,0.5
23498,22552,134655.78,0.61
23499,10018,55662.5,0.6
23500,29063,373293.97,0.79
23501,30895,160370.29,0.49
23502,25627,477091.06,0.42
23503,25967,388219.62,0.3
23504,15567,19480.32,0.59
23505,14427,194819.06,0.25
23506,29690,411198.26,0.89
23507,11803,371876.36,0.29
23508,11905,40119.31,0.79
23509,12247,184503.94,0.72
23510,7602,266690.81,0.84
23511,1497,217689.91,0.86
23512,20648,443945.45,0.22
23513,16392,475013.7,0.82
23514,33828,455777.33,0.73
23515,34694,427302.84,0.65
23516,643,126858.63,0.2
23517,12841,489385.55,0.53
23518,18929,251495.0,0.85
23519,6023,83974.36,0.11
23520,17962,402389.41,0.23
23521,6897,289960.8,0.53
23522,19069,311585.85,0.74
23523,5931,371807.35,0.45
23524,27099,268735.87,0.29
23525,5347,440963.57,0.48
23526,19589,226712.89,0.3
23527,19465,363982.96,0.5
23528,9559,32979.34,0.65
23529,7297,400889.03,0.63
23530,23590,42976.99,0.41
23531,1522,330887.76,0.89
23532,11307,443569.92,0.7
23533,7930,233566.19,0.42
23534,28545,290898.88,0.72
23535,8676,79061.82,0.8
23536,18471,194930.21,0.57
23537,2589,454626.62,0.86
23538,11094,223391.44,0.19
23539,13650,104098.79,0.89
23540,14529,47472.04,0.62
23541,30917,443318.55,0.52
23542,22540,20366.8,0.23
23543,11952,150704.69,0.19
23544,2047,186997.49,0.83
23545,3814,150030.35,0.29
23546,29571,307825.85,0.24
23547,30969,147181.03,0.12
23548,34724,482267.76,0.72
23549,21997,118614.52,0.24
23550,15193,139137.72,0.13
23551,15611,248410.63,0.56
23552,5074,419322.82,0.22
23553,27914,369258.33,0.71
23554,29443,399378.43,0.7
23555,4902,355900.95,0.56
23556,30050,338187.68,0.44
23557,166,184121.98,0.57
23558,10180,307134.02,0.75
23559,4491,218959.4,0.72
23560,34973,344533.92,0.64
23561,16473,317292.28,0.66
23562,28269,96279.05,0.82
23563,10446,262284.65,0.57
23564,34150,496276.44,0.69
23565,27165,278776.35,0.55
23566,12609,353074.93,0.31
23567,9944,484587.96,0.29
23568,19799,15346.85,0.49
23569,30911,308572.88,0.41
23570,29413,35856.08,0.11
23571,32695,474106.08,0.5
23572,14645,63598.68,0.12
23573,21843,174277.08,0.51
23574,8650,469075.94,0.42
23575,18185,91869.89,0.41
23576,5534,182521.22,0.29
23577,32911,231457.34,0.26
23578,3019,359034.78,0.88
23579,14334,164052.29,0.72
23580,8984,233722.22,0.81
23581,23206,341899.96,0.67
23582,25075,113180.77,0.24
23583,26015,17792.76,0.42
23584,31515,13961.11,0.67
23585,342,328180.7,0.8
23586,21742,128765.57,0.79
23587,20663,327329.99,0.11
23588,28208,219000.76,0.87
23589,31467,263687.39,0.27
23590,22525,281086.14,0.24
23591,20771,329515.64,0.81
23592,6987,151785.14,0.78
23593,1092,293694.58,0.49
23594,25469,447533.02,0.37
23595,17503,307920.86,0.41
23596,23437,125729.57,0.69
23597,12422,462606.39,0.17
23598,34681,32314.23,0.12
23599,9970,183354.23,0.82
23600,1014,409784.58,0.39
23601,31764,491830.71,0.15
23602,28513,354798.68,0.21
23603,26592,306705.74,0.25
23604,3254,349140.25,0.86
23605,6619,383041.18,0.34
23606,3864,35828.98,0.53
23607,29550,69755.61,0.48
23608,9886,343530.93,0.62
23609,25736,468398.15,0.52
23610,34383,487121.45,0.88
23611,28763,30256.4,0.52
23612,2107,33026.65,0.7
23613,7258,109854.03,0.66
23614,29341,458335.7,0.61
23615,23534,59341.81,0.65
23616,12592,241690.65,0.23
23617,9331,155158.28,0.18
23618,5161,423510.42,0.14
23619,7824,200568.82,0.76
23620,31835,289683.66,0.31
23621,7040,227505.35,0.33
23622,4653,111625.65,0.82
23623,2730,322101.35,0.77
23624,3800,214483.96,0.76
23625,9227,164032.34,0.44
23626,5783,185058.41,0.83
23627,14132,112537.16,0.87
23628,987,359992.04,0.51
23629,8972,258446.92,0.26
23630,18400,424447.77,0.43
23631,29056,319800.0,0.69
23632,132,182333.31,0.21
23633,3634,439332.21,0.66
23634,30217,97486.87,0.38
23635,23414,291137.1,0.64
23636,1450,94546.11,0.74
23637,31400,233024.04,0.38
23638,31894,378707.85,0.83
23639,10512,259973.53,0.74
23640,29929,68515.34,0.7
23641,397,367097.18,0.25
23642,27905,219420.17,0.36
23643,14966,475180.12,0.57
23644,28942,104668.61,0.31
23645,31679,410663.41,0.71
23646,30710,37360.66,0.63
23647,16538,229214.03,0.33
23648,22040,215633.15,0.14
23649,1085,258327.44,0.16
23650,16543,326660.93,0.57
23651,22697,76422.01,0.23
23652,15087,473386.17,0.62
23653,27980,178633.83,0.33
23654,18576,400464.88,0.79
23655,32973,443975.19,0.12
23656,20245,410517.32,0.84
23657,5022,19136.61,0.16
23658,33651,285945.98,0.57
23659,15811,148087.36,0.19
23660,29867,497780.14,0.22
23661,13451,88835.03,0.35
23662,1355,179761.17,0.65
23663,29611,222575.07,0.86
23664,8946,391684.47,0.58
23665,701,413389.82,0.76
23666,34445,360952.67,0.39
23667,29757,366611.54,0.42
23668,25410,225263.39,0.62
23669,28486,338622.05,0.58
23670,2278,416433.16,0.2
23671,5288,328259.2,0.49
23672,338,228793.48,0.19
23673,11519,199045.9,0.4
23674,20517,123284.11,0.74
23675,1952,330956.86,0.86
23676,34408,429911.33,0.15
23677,31980,222177.1,0.13
23678,30240,236381.1,0.56
23679,7587,472141.92,0.77
23680,31207,361974.76,0.87
23681,10596,349572.71,0.16
23682,1075,124373.01,0.2
23683,17154,253168.04,0.67
23684,10419,243425.08,0.84
23685,29913,134828.84,0.73
23686,14595,396155.28,0.34
23687,6382,453740.17,0.57
23688,23196,152745.53,0.87
23689,16228,414306.73,0.83
23690,24461,432561.24,0.39
23691,21712,401942.1,0.65
23692,25148,132247.51,0.21
23693,29294,488276.31,0.22
23694,27288,487642.98,0.62
23695,29496,132779.5,0.33
23696,22864,492158.01,0.84
23697,28360,375979.34,0.37
23698,31983,336793.08,0.38
23699,5433,18139.84,0.53
23700,12374,465051.72,0.38
23701,26313,225194.0,0.79
23702,33110,433604.84,0.59
23703,7245,12771.88,0.67
23704,33758,43430.8,0.3
23705,13158,76996.24,0.37
23706,2589,321955.6,0.2
23707,19501,49798.99,0.79
23708,10254,39463.25,0.26
23709,10759,115851.8,0.73
23710,19713,431974.91,0.53
23711,7773,165087.06,0.13
23712,9119,429469.31,0.17
23713,19162,112394.51,0.77
23714,21731,312499.84,0.59
23715,21270,437938.59,0.23
23716,12506,214563.56,0.43
23717,5976,127234.88,0.86
23718,25366,211429.39,0.12
23719,30477,60317.8,0.43
23720,4175,463789.97,0.12
23721,26135,367317.21,0.89
23722,5414,246128.27,0.86
23723,26487,255768.5,0.85
23724,4700,481900.52,0.28
23725,17436,306084.31,0.49
23726,4618,406384.0,0.71
23727,34173,285161.54,0.12
23728,7823,305893.9,0.48
23729,25208,455130.82,0.19
23730,23276,212053.91,0.38
23731,28660,485415.36,0.3
23732,18004,73651.11,0.3
23733,5081,304938.95,0.42
23734,9946,263806.43,0.47
23735,24920,261896.91,0.84
23736,21746,312210.81,0.48
23737,6653,63422.43,0.42
23738,29504,77834.02,0.35
23739,15418,223521.55,0.43
23740,3549,294104.99,0.46
23741,31575,321746.19,0.43
23742,7481,389319.87,0.86
23743,13224,219336.98,0.83
23744,12196,208855.26,0.26
23745,6489,241596.98,0.19
23746,2595,117998.79,0.84
23747,12082,83040.81,0.59
23748,16485,413744.83,0.63
23749,25925,30235.95,0.19
23750,6264,449722.11,0.45
23751,5157,447425.73,0.82
23752,9464,393760.67,0.4
23753,9936,416855.12,0.67
23754,32697,426960.1,0.21
23755,29958,281483.3,0.75
23756,23074,31739.7,0.75
23757,13274,89880.1,0.17
23758,15088,125936.05,0.39
23759,15503,100641.64,0.5
23760,4600,319281.23,0.11
23761,534,181537.66,0.52
23762,18842,181769.35,0.52
23763,34266,49685.25,0.85
23764,15057,220920.01,0.23
23765,11541,376305.6,0.9
23766,31735,456894.89,0.82
23767,1091,130170.55,0.83
23768,26978,405280.8,0.2
23769,28921,10608.04,0.52
23770,10023,154517.35,0.59
23771,15036,86815.36,0.5
23772,10374,498779.39,0.79
23773,29336,226798.32,0.15
23774,24195,46803.69,0.67
23775,9719,323747.97,0.52
23776,32643,152125.23,0.41
23777,527,359865.62,0.16
23778,26035,182276.17,0.2
23779,17048,39209.49,0.82
23780,32531,385411.3,0.21
23781,25337,96813.74,0.1
23782,32130,396386.08,0.81
23783,4710,238256.02,0.73
23784,13010,384759.83,0.6
23785,17893,179221.09,0.35
23786,12547,477491.87,0.37
23787,2403,496683.77,0.22
23788,28105,117394.08,0.89
23789,22382,457922.53,0.65
23790,24704,356451.64,0.22
23791,27193,172813.68,0.74
23792,23401,405123.38,0.73
23793,28898,143722.64,0.71
23794,18242,475869.19,0.8
23795,34954,421836.27,0.69
23796,28030,315813.59,0.67
23797,29947,293439.9,0.71
23798,14372,365568.98,0.88
23799,6944,496559.39,0.61
23800,12456,484871.12,0.71
23801,31591,19676.22,0.46
23802,22515,483974.69,0.39
23803,23369,396477.86,0.58
23804,26410,207376.77,0.15
23805,201,153538.19,0.24
23806,3662,145945.6,0.32
23807,20946,323619.1,0.16
23808,13729,449635.38,0.21
23809,21848,368115.49,0.76
23810,31417,221626.54,0.38
23811,2410,464414.94,0.54
23812,20276,499006.5,0.86
23813,4563,189317.69,0.65
23814,15134,404644.04,0.47
23815,33103,105790.71,0.89
23816,25872,447959.61,0.51
23817,16300,318109.03,0.39
23818,24840,148228.92,0.33
23819,2739,323293.07,0.36
23820,18974,242166.95,0.9
23821,25213,235951.92,0.41
23822,14370,39409.35,0.56
23823,25709,247223.23,0.79
23824,14363,125882.28,0.15
23825,11488,178151.86,0.6
23826,4394,87710.29,0.54
23827,22462,314726.74,0.16
23828,1751,304443.79,0.49
23829,12466,105807.21,0.79
23830,20292,11661.79,0.15
23831,22784,75862.3,0.35
23832,12608,304571.24,0.5
23833,27890,333893.42,0.26
23834,21869,232351.06,0.76
23835,882,338373.33,0.89
23836,31416,483037.52,0.8
23837,34109,82169.19,0.16
23838,14062,108798.62,0.75
23839,27072,442926.39,0.71
23840,17203,264019.71,0.5
23841,25151,391094.29,0.56
23842,20428,29841.26,0.68
23843,27141,398494.67,0.45
23844,18046,371932.11,0.7
23845,22190,238801.36,0.1
23846,2242,326090.49,0.87
23847,19158,463748.6,0.32
23848,14102,284769.35,0.15
23849,14971,71863.84,0.47
23850,28230,204414.46,0.48
23851,12667,74923.01,0.51
23852,6133,302767.56,0.54
23853,27979,129901.88,0.69
23854,33452,28674.42,0.56
23855,13584,304272.61,0.52
23856,26427,490646.94,0.62
23857,18151,376457.25,0.44
23858,27061,314643.73,0.24
23859,4264,305189.36,0.66
23860,14575,155737.77,0.54
23861,4520,177654.3,0.65
23862,32382,475335.25,0.38
23863,1799,157365.37,0.34
23864,23343,217581.07,0.46
23865,28484,40931.76,0.64
23866,18506,316183.27,0.87
23867,9621,393162.97,0.31
23868,20791,70708.78,0.73
23869,26581,259565.51,0.49
23870,29767,381424.77,0.74
23871,26090,275812.16,0.6
23872,21845,403782.02,0.56
23873,33624,217087.08,0.86
23874,17695,262696.66,0.39
23875,18142,146946.95,0.84
23876,30879,28921.39,0.77
23877,6548,236490.85,0.39
23878,1082,257342.43,0.58
23879,16293,285374.38,0.86
23880,5572,210881.57,0.59
23881,24948,475969.06,0.79
23882,11556,325385.41,0.62
23883,3945,336735.02,0.25
23884,2029,405054.04,0.87
23885,14512,470710.92,0.14
23886,31486,469512.98,0.85
23887,5576,407482.52,0.61
23888,5784,393865.04,0.72
23889,15044,154183.49,0.14
23890,24692,123482.88,0.35
23891,10139,414235.56,0.32
23892,24495,151669.22,0.22
23893,20326,135031.26,0.31
23894,32851,73636.32,0.86
23895,7712,68226.04,0.62
23896,10635,479414.12,0.71
23897,24275,303461.2,0.26
23898,29759,491073.04,0.65
23899,6776,423744.59,0.47
23900,3114,114953.56,0.11
23901,13078,84560.43,0.27
23902,27689,90584.93,0.12
23903,18741,214949.27,0.5
23904,7040,37492.61,0.47
23905,24927,489258.51,0.12
23906,15776,358953.29,0.87
23907,28224,395108.17,0.45
23908,2184,434387.23,0.54
23909,31613,297074.32,0.38
23910,9614,331800.59,0.7
23911,25810,481233.3,0.47
23912,14272,287067.19,0.71
23913,19206,232132.81,0.15
23914,11407,477303.24,0.78
23915,10459,383388.84,0.85
23916,10989,47684.95,0.45
23917,29109,14704.94,0.44
23918,4182,389689.3,0.36
23919,31384,66220.72,0.14
23920,31903,240292.88,0.22
23921,5948,144269.52,0.61
23922,27137,341464.28,0.84
23923,6301,273816.77,0.66
23924,33052,305986.76,0.15
23925,6280,96096.8,0.11
23926,16640,205778.53,0.17
23927,30467,372067.37,0.59
23928,28412,349460.17,0.69
23929,30241,296650.98,0.63
23930,13896,346070.92,0.68
23931,30112,262688.75,0.77
23932,33015,148825.71,0.85
23933,2422,350603.08,0.77
23934,9859,289109.63,0.72
23935,17966,373210.31,0.84
23936,13325,277489.6,0.79
23937,5990,95280.5,0.49
23938,24873,239567.83,0.82
23939,7085,80616.14,0.8
23940,7538,294808.01,0.71
23941,21716,227117.42,0.25
23942,5405,238776.85,0.58
23943,1447,64953.52,0.39
23944,16487,263872.9,0.23
23945,12021,72796.29,0.42
23946,1990,125914.58,0.2
23947,8147,459984.65,0.89
23948,8601,339692.73,0.73
23949,16907,303888.95,0.34
23950,13531,110482.05,0.62
23951,6689,318745.82,0.67
23952,30117,404237.28,0.8
23953,26555,412936.32,0.74
23954,21790,434867.44,0.23
23955,19302,10664.7,0.86
23956,23805,81497.09,0.32
23957,19104,290729.34,0.11
23958,13506,486571.25,0.24
23959,31614,134582.97,0.78
23960,27705,130636.66,0.32
23961,10946,263426.33,0.28
23962,8691,191194.72,0.79
23963,13053,220369.94,0.82
23964,21160,448661.2,0.54
23965,33584,378891.28,0.31
23966,19260,13831.72,0.61
23967,8063,473612.79,0.22
23968,31419,53440.55,0.86
23969,23382,290589.2,0.24
23970,5974,496349.34,0.35
23971,23499,441032.95,0.11
23972,31324,20778.14,0.88
23973,10002,449901.53,0.24
23974,3320,157876.86,0.2
23975,32001,323804.18,0.58
23976,34813,70797.83,0.64
23977,24718,308163.8,0.85
23978,22949,42661.75,0.27
23979,21929,381258.14,0.69
23980,31378,307972.81,0.51
23981,32072,251884.97,0.45
23982,28637,347229.58,0.59
23983,29851,107910.36,0.24
23984,23950,231769.74,0.68
23985,22589,450453.39,0.26
23986,33208,225728.04,0.89
23987,20720,374884.05,0.14
23988,15801,148855.24,0.49
23989,34428,378250.14,0.18
23990,1203,204450.02,0.3
23991,25969,233914.59,0.54
23992,15215,245140.36,0.81
23993,15879,260541.72,0.11
23994,1458,231759.5,0.76
23995,18848,415801.51,0.24
23996,15436,30019.05,0.77
23997,20956,325798.83,0.55
23998,29648,189952.68,0.74
23999,13785,295400.7,0.64
24000,6511,171286.34,0.34
24001,20652,430018.41,0.29
24002,32067,478538.98,0.34
24003,16147,492532.99,0.68
24004,1330,457841.27,0.32
24005,21170,456776.28,0.54
24006,24334,452404.79,0.58
24007,17279,404548.54,0.6
24008,34782,64831.68,0.17
24009,14284,49562.72,0.45
24010,18967,480409.34,0.83
24011,19646,274014.86,0.39
24012,33360,231430.37,0.65
24013,25097,393917.16,0.57
24014,18040,16438.86,0.44
24015,17724,11836.58,0.86
24016,8214,212294.62,0.73
24017,21211,387424.23,0.36
24018,25268,56123.46,0.84
24019,31565,261945.14,0.19
24020,13242,490476.19,0.33
24021,25072,422390.9,0.43
24022,33693,260610.95,0.16
24023,1478,379191.57,0.33
24024,4052,58543.01,0.69
24025,5097,188247.73,0.77
24026,9180,217954.9,0.44
24027,25501,168149.16,0.42
24028,1456,28999.18,0.39
24029,9651,302385.18,0.46
24030,28795,126609.01,0.71
24031,2373,147108.32,0.3
24032,19818,47575.24,0.66
24033,31751,235026.49,0.6
24034,32897,400475.91,0.67
24035,3279,87079.74,0.25
24036,15725,82414.13,0.14
24037,17300,340297.15,0.69
24038,18747,410729.31,0.5
24039,19696,190566.64,0.16
24040,20950,188216.27,0.24
24041,9656,36575.4,0.49
24042,30924,383482.69,0.16
24043,24427,327165.95,0.33
24044,22660,139061.09,0.76
24045,26245,177683.78,0.69
24046,14258,174663.17,0.2
24047,22626,256028.05,0.51
24048,24651,147573.6,0.36
24049,12684,425974.65,0.31
24050,4627,76788.75,0.3
24051,18005,321332.93,0.15
24052,33514,165860.21,0.33
24053,25946,141431.17,0.5
24054,323,57883.49,0.87
24055,967,474712.77,0.78
24056,3945,451472.18,0.86
24057,19710,388707.47,0.19
24058,26162,317397.31,0.44
24059,22810,267347.52,0.16
24060,20095,130191.57,0.17
24061,19569,313268.28,0.16
24062,19370,324539.46,0.44
24063,1099,401199.15,0.15
24064,31511,386793.55,0.79
24065,5937,106302.63,0.54
24066,9152,430769.38,0.57
24067,21082,123880.52,0.46
24068,266,180295.57,0.59
24069,12224,275217.03,0.83
24070,26462,437455.87,0.89
24071,10635,308351.03,0.46
24072,17268,355467.18,0.81
24073,23190,155870.55,0.33
24074,23543,160755.72,0.82
24075,20655,15115.79,0.79
24076,26813,130475.35,0.46
24077,14579,34443.99,0.71
24078,20641,134301.34,0.45
24079,10600,138937.47,0.67
24080,30451,300485.07,0.25
24081,21350,468555.99,0.55
24082,19788,366285.07,0.24
24083,6319,365275.26,0.62
24084,32369,429801.78,0.74
24085,24775,392240.57,0.62
24086,27575,446085.2,0.14
24087,25233,19659.38,0.75
24088,4955,157571.04,0.44
24089,22039,368240.99,0.21
24090,29695,421287.24,0.41
24091,31072,269170.36,0.31
24092,2882,272650.78,0.65
24093,2667,338985.95,0.23
24094,23134,338966.45,0.51
24095,32486,52510.99,0.19
24096,24214,477216.4,0.58
24097,27563,21415.4,0.31
24098,12075,370166.21,0.66
24099,11613,435090.3,0.14
24100,27992,442653.07,0.15
24101,30945,232456.67,0.39
24102,18080,359932.81,0.22
24103,24128,335519.62,0.67
24104,507,382423.87,0.22
24105,25687,270411.52,0.45
24106,18000,205690.47,0.14
24107,34658,212928.88,0.53
24108,5067,191917.43,0.61
24109,22117,286934.23,0.17
24110,551,452731.97,0.35
24111,23849,274909.11,0.42
24112,1304,465237.9,0.68
24113,18352,481030.79,0.11
24114,34696,418085.15,0.42
24115,21607,485692.58,0.6
24116,25782,31959.03,0.13
24117,26232,253146.57,0.81
24118,21098,458602.45,0.67
24119,3625,339168.35,0.84
24120,19769,310238.19,0.22
24121,31106,283972.83,0.86
24122,1918,364590.66,0.21
24123,20281,318213.77,0.2
24124,27124,196006.13,0.41
24125,5390,256606.84,0.58
24126,3274,465800.99,0.34
24127,13012,79314.14,0.51
24128,18132,17424.74,0.2
24129,18377,151141.12,0.81
24130,4989,354015.92,0.7
24131,31113,258358.62,0.89
24132,492,448524.44,0.68
24133,22124,423869.32,0.39
24134,28585,378144.65,0.46
24135,34334,398402.09,0.82
24136,4505,169846.49,0.24
24137,16865,477949.65,0.66
24138,24804,83844.92,0.12
24139,31057,155710.76,0.31
24140,2936,213395.53,0.74
24141,22054,346514.13,0.88
24142,7639,97538.58,0.68
24143,26129,120567.8,0.27
24144,18991,342924.01,0.19
24145,10953,359466.32,0.2
24146,25616,344116.77,0.73
24147,21286,302831.4,0.42
24148,15458,174751.07,0.17
24149,1099,441401.68,0.78
24150,1623,341962.66,0.76
24151,18856,141023.46,0.62
24152,3311,95089.49,0.49
24153,13571,344176.04,0.43
24154,33012,356750.86,0.62
24155,16345,265551.21,0.35
24156,7611,100930.05,0.17
24157,33144,423599.92,0.26
24158,19302,127823.6,0.35
24159,34235,425777.77,0.54
24160,1206,274090.82,0.21
24161,23899,183653.84,0.61
24162,31021,486731.17,0.16
24163,17951,216451.19,0.37
24164,14323,331692.87,0.86
24165,18816,347842.41,0.58
24166,8260,280071.49,0.84
24167,16806,308823.72,0.34
24168,8352,128399.93,0.65
24169,20827,300268.98,0.11
24170,33079,62103.49,0.54
24171,32127,178155.65,0.74
24172,28433,108027.73,0.87
24173,3355,489341.7,0.18
24174,29212,296549.74,0.13
24175,23993,281937.31,0.32
24176,21153,256301.82,0.51
24177,33289,320770.21,0.52
24178,1549,229855.44,0.34
24179,16915,99025.55,0.29
24180,4158,420637.01,0.24
24181,33151,302364.01,0.23
24182,25625,324208.51,0.22
24183,28134,346946.96,0.37
24184,30003,301193.25,0.2
24185,171,438965.6,0.54
24186,24860,75967.98,0.27
24187,34449,34848.62,0.64
24188,30527,269388.62,0.7
24189,3486,232374.58,0.84
24190,25787,142596.87,0.41
24191,25042,54561.58,0.3
24192,16410,252956.6,0.47
24193,8302,372603.6,0.35
24194,6300,301598.93,0.89
24195,22257,59601.01,0.66
24196,3843,467772.12,0.36
24197,3185,425205.44,0.88
24198,391,118833.19,0.82
24199,27545,349601.35,0.49
24200,8720,140407.13,0.53
24201,1501,450954.02,0.67
24202,25315,135994.64,0.79
24203,3101,133307.8,0.81
24204,11171,408157.5,0.44
24205,11018,425997.28,0.56
24206,8174,167563.15,0.18
24207,29629,110138.33,0.86
24208,9630,75051.44,0.5
24209,11508,470540.01,0.27
24210,13202,178520.08,0.29
24211,3324,244426.63,0.7
24212,27786,480081.13,0.77
24213,1974,418883.39,0.41
24214,21395,188631.85,0.9
24215,5574,222298.2,0.17
24216,25513,482096.84,0.2
24217,9661,96082.25,0.18
24218,31566,372554.78,0.9
24219,9770,34679.13,0.24
24220,17385,469510.48,0.72
24221,25506,171879.89,0.26
24222,269,119942.19,0.23
24223,31768,189112.62,0.24
24224,33839,311186.19,0.57
24225,6906,342688.37,0.66
24226,32345,435693.83,0.74
24227,24343,26093.54,0.27
24228,29758,189582.26,0.87
24229,2151,311362.97,0.26
24230,12020,232782.61,0.26
24231,19226,195581.49,0.65
24232,20163,153254.26,0.85
24233,8420,87110.79,0.29
24234,4298,250944.0,0.8
24235,5215,315883.86,0.35
24236,12929,49623.05,0.84
24237,2151,80712.34,0.69
24238,33353,127990.34,0.88
24239,12630,56014.33,0.17
24240,28649,93194.99,0.6
24241,5752,148169.52,0.3
24242,16333,196947.05,0.59
24243,17697,77529.81,0.45
24244,18417,467078.81,0.23
24245,967,93540.88,0.42
24246,3031,174108.0,0.12
24247,34553,360351.32,0.87
24248,13481,183011.27,0.62
24249,20823,344409.68,0.84
24250,25465,466791.45,0.26
24251,16693,486656.24,0.76
24252,32673,126384.12,0.11
24253,11525,146304.74,0.75
24254,684,122639.96,0.86
24255,10093,320474.25,0.8
24256,12247,247757.74,0.37
24257,754,342502.76,0.24
24258,8064,87436.22,0.84
24259,25434,37355.12,0.19
24260,11132,410299.7,0.89
24261,3730,440870.01,0.34
24262,13889,396884.09,0.31
24263,19452,304149.06,0.71
24264,18661,269034.12,0.41
24265,12197,67843.81,0.74
24266,26458,269552.6,0.17
24267,10784,385868.26,0.7
24268,32737,395735.5,0.26
24269,24913,52655.75,0.66
24270,28746,95344.33,0.72
24271,11621,478663.9,0.49
24272,34297,394524.9,0.44
24273,3870,250046.26,0.85
24274,32968,305555.02,0.44
24275,4461,203745.0,0.6
24276,602,211408.09,0.47
24277,799,313292.42,0.38
24278,3466,118879.76,0.43
24279,29927,25084.2,0.68
24280,27726,144806.53,0.25
24281,30898,414088.26,0.66
24282,17850,426215.52,0.23
24283,16223,118422.23,0.35
24284,6879,239907.6,0.48
24285,29239,480522.75,0.24
24286,33415,120728.01,0.73
24287,20899,343057.94,0.49
24288,28972,348667.07,0.16
24289,32125,215946.07,0.22
24290,13849,173667.26,0.3
24291,31062,266036.45,0.29
24292,10569,280573.04,0.87
24293,31249,250825.81,0.23
24294,14832,183579.37,0.75
24295,15372,439651.41,0.64
24296,22456,481874.26,0.3
24297,11520,458486.55,0.35
24298,29658,72424.74,0.72
24299,12002,84791.69,0.31
24300,27095,45792.47,0.3
24301,18408,322968.17,0.59
24302,5920,141781.59,0.31
24303,14905,312776.76,0.68
24304,20357,62592.95,0.29
24305,4630,380151.33,0.8
24306,34539,307305.1,0.39
24307,8245,439907.51,0.75
24308,29207,80581.25,0.88
24309,16390,131180.2,0.56
24310,9319,162675.79,0.57
24311,1254,218993.52,0.48
24312,10814,151943.99,0.34
24313,17781,81502.35,0.16
24314,11827,307124.65,0.56
24315,30873,107609.35,0.73
24316,24225,331762.53,0.21
24317,27852,394552.12,0.51
24318,2733,399750.35,0.5
24319,22832,113115.33,0.78
24320,13304,400671.68,0.73
24321,26880,10157.32,0.19
24322,4912,301239.61,0.42
24323,34987,323053.12,0.63
24324,20840,17442.89,0.17
24325,14946,324802.15,0.86
24326,26771,418939.56,0.47
24327,8922,332467.41,0.58
24328,13960,298103.33,0.14
24329,9925,146682.32,0.67
24330,16577,332711.42,0.47
24331,18489,28507.7,0.81
24332,14894,323055.45,0.26
24333,2394,80809.0,0.44
24334,5416,274152.88,0.42
24335,17446,240417.19,0.48
24336,25738,338766.04,0.23
24337,30927,449572.75,0.47
24338,14327,415017.13,0.72
24339,14360,174532.17,0.52
24340,7806,489217.44,0.18
24341,6549,77582.42,0.81
24342,11541,101672.58,0.89
24343,30736,288457.22,0.71
24344,12094,302331.67,0.59
24345,14940,141801.56,0.62
24346,16114,367406.25,0.18
24347,8777,344083.67,0.9
24348,13648,386033.06,0.8
24349,17921,480991.64,0.39
24350,6011,421771.59,0.82
24351,3656,389248.37,0.5
24352,3324,60615.9,0.3
24353,30880,20628.62,0.14
24354,6008,109562.02,0.32
24355,17971,63710.18,0.44
24356,28820,332880.81,0.45
24357,3803,419607.21,0.72
24358,19291,170546.35,0.4
24359,4318,165452.83,0.84
24360,22447,336337.16,0.55
24361,13616,364941.5,0.53
24362,20824,387564.85,0.9
24363,5509,276217.92,0.35
24364,34960,62116.85,0.86
24365,6002,32337.91,0.68
24366,13827,341121.18,0.5
24367,30933,413230.9,0.75
24368,34333,438163.05,0.3
24369,32443,322166.2,0.44
24370,24473,191973.61,0.49
24371,23587,274712.21,0.53
24372,13587,365376.58,0.17
24373,4529,478286.35,0.49
24374,4438,12324.88,0.7
24375,27328,116593.37,0.59
24376,30306,78947.0,0.46
24377,27958,460579.6,0.75
24378,32259,76968.83,0.13
24379,14833,445506.93,0.17
24380,3366,17411.4,0.43
24381,15155,333548.5,0.29
24382,32684,400249.48,0.28
24383,10999,489378.71,0.13
24384,25301,62135.41,0.21
24385,31916,281808.44,0.82
24386,1070,237795.88,0.19
24387,26730,203698.17,0.31
24388,31731,170535.67,0.88
24389,24403,346198.08,0.54
24390,20338,288919.15,0.78
24391,23073,343458.33,0.33
24392,24141,168417.37,0.65
24393,15308,19150.83,0.61
24394,4761,20029.17,0.81
24395,210,214624.12,0.24
24396,33916,408562.89,0.53
24397,23567,72707.84,0.86
24398,30280,114394.45,0.31
24399,22551,227136.09,0.69
24400,32112,379746.09,0.61
24401,26656,440125.37,0.56
24402,28242,29077.16,0.6
24403,12713,114674.95,0.55
24404,32387,177500.4,0.5
24405,2708,494135.45,0.84
24406,19773,267526.7,0.74
24407,24674,97249.98,0.83
24408,20996,471559.42,0.45
24409,31179,162922.38,0.4
24410,4070,169231.34,0.21
24411,7455,287546.73,0.31
24412,10007,108594.76,0.68
24413,15775,261970.66,0.72
24414,18571,215455.42,0.37
24415,2806,207228.55,0.1
24416,23578,446495.83,0.88
24417,23459,49192.07,0.86
24418,3817,246562.48,0.38
24419,8963,274901.19,0.12
24420,18700,473238.88,0.74
24421,2496,378101.41,0.66
24422,2525,169897.98,0.84
24423,26807,226841.2,0.25
24424,25576,463748.3,0.78
24425,26005,437421.3,0.41
24426,23164,171740.66,0.48
24427,5253,356651.66,0.51
24428,26457,208929.38,0.34
24429,15372,141111.04,0.62
24430,7526,409740.45,0.12
24431,6621,406288.63,0.84
24432,29844,110714.5,0.28
24433,26492,105494.61,0.58
24434,13261,315913.14,0.55
24435,31367,329179.82,0.85
24436,33772,236049.87,0.71
24437,19864,142714.0,0.82
24438,2606,186407.67,0.84
24439,9831,341600.92,0.37
24440,7983,282679.37,0.86
24441,5589,303320.25,0.8
24442,11504,129552.37,0.58
24443,2108,214662.96,0.36
24444,28498,59834.55,0.72
24445,3751,180173.45,0.59
24446,22793,92906.28,0.59
24447,22877,213287.65,0.48
24448,24327,347351.23,0.63
24449,1333,129674.55,0.34
24450,25247,231384.74,0.57
24451,3767,451298.88,0.38
24452,29871,131390.57,0.11
24453,2660,132700.24,0.29
24454,30332,361796.54,0.7
24455,21094,381852.65,0.72
24456,31729,341648.05,0.57
24457,25833,346732.34,0.39
24458,1625,312855.38,0.31
24459,4466,456217.4,0.14
24460,31551,84918.29,0.59
24461,1502,13697.65,0.34
24462,6244,252834.29,0.15
24463,25740,102270.78,0.5
24464,17442,272973.83,0.29
24465,5950,446111.34,0.65
24466,12103,135294.24,0.43
24467,23156,105206.01,0.56
24468,32169,422793.86,0.5
24469,5420,477467.92,0.34
24470,23627,482895.56,0.64
24471,6153,63384.36,0.37
24472,3741,75426.69,0.25
24473,12812,392420.84,0.71
24474,22699,285179.88,0.3
24475,15380,349168.03,0.64
24476,11767,302249.0,0.6
24477,29259,267380.03,0.18
24478,4615,409740.55,0.56
24479,5955,149898.98,0.32
24480,1675,191592.05,0.42
24481,4215,195060.75,0.48
24482,26600,35864.03,0.13
24483,13044,496136.87,0.58
24484,5054,358184.67,0.42
24485,11428,79342.28,0.49
24486,15811,152889.88,0.73
24487,3344,375893.29,0.84
24488,4487,232419.73,0.69
24489,29792,375166.18,0.17
24490,12276,239733.22,0.19
24491,18025,275197.68,0.32
24492,29697,12942.61,0.29
24493,5545,380832.27,0.2
24494,16450,495483.0,0.64
24495,28696,430616.39,0.43
24496,1647,282532.46,0.6
24497,22,201930.16,0.65
24498,23718,354197.23,0.6
24499,9690,353979.37,0.79
24500,21972,249907.57,0.7
24501,30612,287502.28,0.88
24502,8068,483380.48,0.86
24503,25509,100254.36,0.59
24504,16769,245223.82,0.79
24505,12184,312095.53,0.14
24506,9928,239346.0,0.34
24507,27201,229004.62,0.44
24508,25220,248678.48,0.5
24509,16637,389858.08,0.8
24510,31445,121059.97,0.66
24511,23271,154425.85,0.52
24512,10131,127251.85,0.16
24513,4256,216587.01,0.49
24514,1849,243046.71,0.68
24515,22489,298068.97,0.89
24516,27056,134053.54,0.2
24517,5699,302865.13,0.55
24518,26374,366968.75,0.23
24519,30245,39283.44,0.18
24520,31051,493696.33,0.22
24521,17253,380179.08,0.15
24522,10909,428759.4,0.74
24523,17622,439655.99,0.19
24524,18891,271237.68,0.52
24525,30378,139550.05,0.11
24526,33209,122186.9,0.16
24527,17467,464863.25,0.22
24528,24998,121256.52,0.67
24529,20206,89670.56,0.74
24530,18904,96165.39,0.74
24531,49,31016.91,0.56
24532,34844,168940.05,0.73
24533,34262,69148.12,0.86
24534,13768,416301.74,0.41
24535,11346,144506.91,0.67
24536,19885,89101.43,0.78
24537,2572,275554.13,0.64
24538,21,167463.42,0.58
24539,7043,204749.02,0.41
24540,30572,375139.58,0.2
24541,34712,240096.77,0.34
24542,27190,464122.74,0.17
24543,29293,296768.69,0.16
24544,1122,112521.98,0.17
24545,10611,73856.03,0.46
24546,34178,143939.44,0.57
24547,18892,304976.31,0.51
24548,5019,281274.48,0.32
24549,24477,410581.74,0.48
24550,7606,165015.29,0.66
24551,16033,296815.24,0.46
24552,16179,345705.85,0.43
24553,20511,485008.69,0.89
24554,6450,285890.8,0.13
24555,20342,369967.3,0.44
24556,18773,339939.16,0.37
24557,8681,328724.14,0.16
24558,31920,288996.41,0.87
24559,23479,344196.64,0.17
24560,31483,143030.69,0.54
24561,6240,37179.87,0.57
24562,21091,423804.16,0.33
24563,12992,29229.39,0.18
24564,87,435011.35,0.82
24565,9797,24130.52,0.22
24566,2600,23393.61,0.22
24567,13223,121391.61,0.38
24568,33148,447359.51,0.22
24569,6853,196207.54,0.69
24570,19159,364731.87,0.75
24571,21097,231749.57,0.79
24572,9963,230299.63,0.22
24573,25088,71398.01,0.17
24574,3830,288984.29,0.5
24575,5296,312508.11,0.88
24576,13340,391804.45,0.52
24577,30301,129542.26,0.89
24578,27927,227247.98,0.84
24579,9282,269255.96,0.75
24580,13125,72482.88,0.38
24581,16615,441572.5,0.86
24582,16448,165969.64,0.31
24583,22072,125438.72,0.39
24584,14242,231446.12,0.84
24585,30269,248422.9,0.87
24586,33170,437230.25,0.54
24587,29959,336199.31,0.7
24588,19584,194547.39,0.62
24589,2925,194497.96,0.89
24590,21734,135125.14,0.87
24591,34486,348666.2,0.48
24592,31674,135758.21,0.75
24593,34904,146583.68,0.73
24594,34146,55440.39,0.33
24595,18958,22777.46,0.63
24596,14365,90048.24,0.31
24597,34128,108102.39,0.86
24598,34450,140915.31,0.35
24599,3611,94937.19,0.13
24600,12393,99907.84,0.18
24601,13668,284745.15,0.3
24602,28952,295904.61,0.25
24603,19907,36066.78,0.9
24604,4715,430586.37,0.43
24605,18528,58957.45,0.35
24606,12450,81755.08,0.58
24607,11031,353403.4,0.14
24608,32880,389814.33,0.81
24609,21480,433150.41,0.39
24610,2305,184916.38,0.54
24611,25302,105487.29,0.12
24612,32565,238862.7,0.1
24613,22549,219143.96,0.66
24614,26543,368331.67,0.51
24615,31966,189613.35,0.4
24616,10265,83175.88,0.41
24617,33752,414930.13,0.44
24618,30851,207502.35,0.64
24619,16439,88416.83,0.9
24620,33258,284507.36,0.39
24621,15919,138225.97,0.8
24622,6502,426865.5,0.39
24623,300,39442.17,0.36
24624,22593,68755.76,0.11
24625,2759,370623.05,0.48
24626,21322,463871.62,0.54
24627,5011,182860.67,0.41
24628,34719,264152.02,0.7
24629,30796,198019.73,0.13
24630,5152,201902.45,0.6
24631,16313,187941.13,0.71
24632,21407,208773.03,0.54
24633,15065,289845.98,0.83
24634,16784,42616.95,0.35
24635,11050,130411.25,0.57
24636,814,279283.83,0.81
24637,16503,124605.92,0.19
24638,27526,173428.36,0.31
24639,27465,419597.21,0.13
24640,21221,380001.48,0.11
24641,22931,346305.31,0.29
24642,9697,283883.99,0.83
24643,13921,210528.36,0.44
24644,24757,145586.83,0.12
24645,27482,240048.37,0.52
24646,13947,254788.91,0.62
24647,9192,298885.78,0.64
24648,1648,172124.21,0.38
24649,25111,124466.96,0.59
24650,28171,130263.74,0.34
24651,12946,497855.38,0.55
24652,27564,498606.55,0.36
24653,5970,303348.18,0.76
24654,7675,108752.69,0.45
24655,1048,14551.89,0.89
24656,8179,66676.3,0.35
24657,27093,47779.12,0.84
24658,22615,152721.84,0.47
24659,14503,453861.68,0.45
24660,29728,317142.67,0.42
24661,29054,243005.89,0.71
24662,54,331098.96,0.33
24663,34902,149795.89,0.49
24664,30272,364867.91,0.38
24665,5990,26844.95,0.77
24666,21467,479399.06,0.33
24667,4048,323456.85,0.64
24668,6544,300027.14,0.48
24669,16933,215491.56,0.87
24670,13105,391314.72,0.27
24671,851,100302.38,0.18
24672,29214,60253.03,0.1
24673,29547,83114.03,0.79
24674,21384,69215.49,0.31
24675,8636,105859.59,0.26
24676,2168,60286.84,0.53
24677,14389,62601.25,0.17
24678,1079,289105.28,0.79
24679,25520,37254.76,0.61
24680,19294,198525.19,0.62
24681,26091,373512.11,0.49
24682,10656,114180.69,0.69
24683,8561,271967.91,0.18
24684,31842,256908.05,0.6
24685,26883,283763.64,0.89
24686,6194,109245.11,0.45
24687,25640,347694.47,0.38
24688,32644,128072.75,0.62
24689,33975,464040.95,0.47
24690,6699,385895.36,0.45
24691,3672,331490.18,0.33
24692,24917,126552.66,0.72
24693,21604,223493.27,0.71
24694,22514,109219.01,0.15
24695,28497,485649.26,0.66
24696,718,48716.29,0.5
24697,31703,328437.89,0.43
24698,24455,225072.1,0.72
24699,4985,326470.72,0.56
24700,22012,373173.13,0.53
24701,29512,343363.45,0.18
24702,21125,336691.88,0.35
24703,22154,271313.47,0.17
24704,10904,407103.11,0.22
24705,34258,243475.67,0.86
24706,12911,298523.26,0.37
24707,24650,219316.78,0.53
24708,19891,315686.38,0.8
24709,1623,150903.59,0.75
24710,24007,440037.56,0.86
24711,9293,206545.08,0.56
24712,29026,203123.57,0.14
24713,15111,45569.45,0.26
24714,14287,47755.43,0.35
24715,31563,403210.84,0.17
24716,26751,310180.41,0.36
24717,3586,56859.23,0.37
24718,2557,44682.92,0.59
24719,34752,406224.95,0.81
24720,6997,448468.69,0.77
24721,2886,164083.69,0.42
24722,4987,288932.03,0.2
24723,28945,15271.55,0.34
24724,9396,199863.82,0.65
24725,3950,157778.91,0.47
24726,25787,246581.86,0.52
24727,14888,202630.63,0.41
24728,14909,88989.97,0.54
24729,526,42352.81,0.56
24730,1256,74906.07,0.74
24731,17426,265730.79,0.67
24732,34731,446233.29,0.87
24733,25035,144579.35,0.37
24734,15640,130812.73,0.65
24735,17498,171668.44,0.12
24736,31652,259887.32,0.2
24737,13447,18334.02,0.14
24738,34260,236542.06,0.22
24739,16593,100762.79,0.74
24740,18716,415856.67,0.46
24741,29960,305222.82,0.8
24742,26172,42232.32,0.52
24743,4896,450954.11,0.34
24744,30885,402628.49,0.87
24745,951,310817.9,0.67
24746,31300,483581.56,0.85
24747,21527,338847.33,0.58
24748,14305,70990.55,0.21
24749,15518,61813.22,0.51
24750,30436,210929.6,0.87
24751,16804,273340.53,0.54
24752,16099,237591.72,0.55
24753,18434,443974.76,0.35
24754,23033,248814.22,0.31
24755,32185,437271.98,0.67
24756,12820,363321.49,0.68
24757,29068,209113.85,0.2
24758,5097,177584.07,0.66
24759,8229,477343.28,0.82
24760,8736,57308.35,0.13
24761,26647,208963.67,0.53
24762,30367,436738.77,0.26
24763,14117,79309.77,0.56
24764,33663,104464.03,0.55
24765,5584,89000.21,0.73
24766,14314,449609.98,0.3
24767,14610,189130.13,0.15
24768,22404,278933.49,0.68
24769,3491,165588.02,0.67
24770,32420,41945.32,0.69
24771,7206,497873.43,0.56
24772,23515,102839.19,0.49
24773,29534,360080.56,0.74
24774,14777,195009.45,0.25
24775,34114,280450.26,0.61
24776,23340,402207.11,0.84
24777,6167,10503.78,0.61
24778,25468,194860.82,0.29
24779,14013,447141.53,0.18
24780,17070,228139.06,0.3
24781,17830,26328.31,0.29
24782,5848,121469.79,0.39
24783,12790,16860.98,0.49
24784,29698,284152.29,0.5
24785,29620,92394.74,0.29
24786,14993,474580.83,0.25
24787,3974,471233.62,0.39
24788,8535,85551.12,0.74
24789,19426,422772.86,0.54
24790,28811,414525.64,0.31
24791,13933,442623.24,0.12
24792,13705,326825.07,0.48
24793,15986,456250.31,0.72
24794,30777,460661.93,0.87
24795,9310,121443.24,0.62
24796,18254,19091.5,0.59
24797,15514,46860.56,0.1
24798,24241,129948.4,0.86
24799,3061,156737.26,0.68
24800,26841,122880.94,0.45
24801,28755,150070.75,0.46
24802,34860,245360.7,0.71
24803,2544,426074.39,0.47
24804,21129,291656.05,0.41
24805,2591,330790.13,0.18
24806,11208,451455.16,0.71
24807,10858,419150.09,0.67
24808,24753,283916.37,0.71
24809,22894,189324.78,0.8
24810,3645,316885.0,0.32
24811,29812,216277.01,0.31
24812,19658,222705.61,0.59
24813,11810,390027.31,0.11
24814,20468,413589.02,0.39
24815,32322,149564.19,0.86
24816,13495,12591.58,0.86
24817,33179,10636.37,0.51
24818,535,84471.39,0.14
24819,32244,326115.65,0.14
24820,3129,255359.04,0.39
24821,17841,474986.27,0.35
24822,11417,342125.05,0.21
24823,10315,369781.16,0.9
24824,1995,451100.07,0.43
24825,20684,403279.71,0.58
24826,1188,344527.17,0.63
24827,33459,158479.38,0.47
24828,22449,491897.65,0.4
24829,7080,376591.05,0.27
24830,30221,259461.26,0.54
24831,34288,113586.19,0.87
24832,28550,353005.75,0.78
24833,5318,346171.29,0.23
24834,29014,383229.44,0.13
24835,24323,186862.48,0.3
24836,12487,229691.37,0.52
24837,34857,52324.96,0.82
24838,15264,342813.24,0.7
24839,15557,399191.55,0.69
24840,451,79640.92,0.73
24841,10823,182523.62,0.22
24842,33023,322475.86,0.66
24843,29465,289250.63,0.77
24844,13749,390764.67,0.66
24845,21032,423446.32,0.16
24846,33692,38134.53,0.81
24847,28428,455533.29,0.63
24848,4762,421603.62,0.31
24849,6527,224750.94,0.41
24850,9731,374030.16,0.79
24851,4870,296183.67,0.27
24852,22014,494038.87,0.79
24853,22506,461977.87,0.23
24854,18662,63281.24,0.47
24855,16118,33876.22,0.25
24856,12554,103411.83,0.5
24857,15617,122516.12,0.5
24858,16288,25116.56,0.39
24859,12371,313732.14,0.81
24860,23962,218786.7,0.8
24861,17251,206316.75,0.47
24862,17555,336858.71,0.87
24863,20109,49057.07,0.59
24864,6064,323605.07,0.75
24865,5781,291566.0,0.33
24866,21627,337001.56,0.51
24867,19370,213487.28,0.81
24868,25139,450635.24,0.33
24869,34017,240555.8,0.68
24870,22113,118615.89,0.6
24871,27165,447343.23,0.87
24872,18987,482920.6,0.13
24873,12396,382381.82,0.14
24874,21526,413338.72,0.79
24875,31638,453891.77,0.34
24876,5915,489330.35,0.83
24877,1485,424712.73,0.46
24878,26442,253958.25,0.36
24879,1044,448656.56,0.38
24880,6207,482165.72,0.73
24881,3165,156875.42,0.23
24882,7796,83513.6,0.84
24883,8832,248449.62,0.54
24884,7141,169685.86,0.32
24885,32221,192965.91,0.65
24886,5416,154484.86,0.35
24887,19828,127796.11,0.65
24888,21806,96333.74,0.69
24889,24949,155200.82,0.19
24890,24610,100254.56,0.63
24891,33967,448735.65,0.14
24892,12458,385619.89,0.53
24893,16002,371714.98,0.46
24894,10880,452052.19,0.83
24895,20328,291611.33,0.58
24896,31106,171710.56,0.59
24897,4625,409957.74,0.84
24898,9063,249624.67,0.31
24899,18670,313808.69,0.51
24900,823,305106.8,0.68
24901,22682,109631.47,0.2
24902,22526,138884.66,0.38
24903,28628,484195.65,0.77
24904,8088,440490.82,0.67
24905,1781,174803.35,0.64
24906,14408,109914.25,0.35
24907,2432,62856.71,0.6
24908,20924,258112.48,0.37
24909,9294,360154.56,0.79
24910,3802,421210.56,0.22
24911,15925,92434.97,0.66
24912,2892,16243.19,0.14
24913,10297,376343.91,0.32
24914,20040,148918.41,0.64
24915,7028,116700.09,0.25
24916,28702,57677.73,0.37
24917,31600,199776.35,0.67
24918,14765,281984.82,0.81
24919,17745,355832.9,0.7
24920,25390,17010.67,0.61
24921,15065,351515.01,0.89
24922,6701,24617.58,0.67
24923,34987,456242.68,0.33
24924,6370,296947.85,0.77
24925,2278,409308.39,0.77
24926,3329,229588.35,0.44
24927,638,291658.94,0.28
24928,10412,167084.05,0.58
24929,6668,76213.31,0.85
24930,20785,421286.46,0.22
24931,22993,369890.53,0.26
24932,23192,410437.4,0.33
24933,22952,10705.46,0.57
24934,14819,314602.1,0.63
24935,7652,486758.5,0.78
24936,7185,423192.8,0.33
24937,15384,342994.89,0.36
24938,30816,349971.27,0.69
24939,23016,37282.97,0.52
24940,10768,486202.1,0.17
24941,26523,295404.38,0.6
24942,20749,341368.24,0.49
24943,5870,390983.96,0.42
24944,17784,462630.61,0.66
24945,23805,416387.75,0.85
24946,5488,448196.49,0.7
24947,21417,309091.68,0.65
24948,31267,428043.16,0.73
24949,28508,241183.89,0.26
24950,18077,105849.26,0.46
24951,20654,132036.84,0.64
24952,12432,80209.62,0.44
24953,24013,339045.31,0.55
24954,30107,304470.24,0.55
24955,1210,401893.53,0.32
24956,27697,135130.54,0.46
24957,28843,363781.59,0.34
24958,6613,251391.81,0.31
24959,33357,61475.73,0.51
24960,27014,41310.28,0.72
24961,16878,461446.43,0.77
24962,1396,333823.89,0.3
24963,8132,230793.35,0.1
24964,6968,281708.79,0.14
24965,2269,137636.0,0.4
24966,18590,453093.39,0.36
24967,30064,38157.42,0.88
24968,12667,191301.47,0.64
24969,10212,233087.98,0.54
24970,19908,447299.54,0.75
24971,21584,34241.51,0.79
24972,29540,311412.89,0.49
24973,27350,230367.39,0.55
24974,22289,344527.67,0.29
24975,28051,140032.56,0.45
24976,18473,413151.87,0.73
24977,30288,168333.67,0.12
24978,26071,496153.5,0.43
24979,28774,482932.97,0.35
24980,31075,227435.55,0.69
24981,33784,329133.99,0.68
24982,8875,424060.74,0.24
24983,816,33289.86,0.54
24984,15014,123315.53,0.33
24985,18525,239312.19,0.36
24986,34696,438021.79,0.82
24987,23896,215919.35,0.67
24988,14545,412314.69,0.14
24989,29298,117748.07,0.34
24990,3977,144435.58,0.17
24991,31260,362733.05,0.39
24992,31240,178202.57,0.71
24993,24677,41382.95,0.16
24994,4568,482826.88,0.23
24995,34505,219756.31,0.61
24996,31472,307974.57,0.31
24997,8216,446313.4,0.71
24998,25361,58801.67,0.35
24999,27749,63847.13,0.73
25000,25372,261432.18,0.56
25001,21343,397183.69,0.74
25002,34565,427731.22,0.2
25003,20767,132082.88,0.69
25004,14991,292293.7,0.65
25005,167,483142.19,0.12
25006,4535,167595.26,0.54
25007,29374,443938.71,0.14
25008,29371,20745.85,0.76
25009,17058,184695.41,0.33
25010,20496,217560.05,0.3
25011,14309,417782.14,0.2
25012,20057,245661.66,0.65
25013,20834,21185.59,0.69
25014,14896,59508.78,0.44
25015,13063,12551.89,0.37
25016,21118,123780.94,0.41
25017,18650,94535.61,0.37
25018,15135,243803.81,0.44
25019,3242,234673.94,0.42
25020,7703,138726.51,0.75
25021,11860,159358.84,0.38
25022,6267,397162.77,0.3
25023,8206,39297.29,0.12
25024,8864,433768.51,0.82
25025,31383,133098.38,0.49
25026,3969,67347.88,0.39
25027,20257,463834.15,0.22
25028,5922,42828.51,0.72
25029,24023,454985.79,0.4
25030,4596,179118.5,0.89
25031,21348,385056.8,0.37
25032,31375,412400.78,0.22
25033,11166,167307.1,0.25
25034,30593,126445.53,0.43
25035,32343,123220.37,0.8
25036,8067,142331.29,0.67
25037,34971,78288.48,0.48
25038,34996,175811.7,0.75
25039,1203,180258.35,0.13
25040,34033,225579.93,0.41
25041,25812,449572.41,0.57
25042,29386,419051.37,0.23
25043,4882,307532.36,0.73
25044,10230,423528.65,0.12
25045,32917,282423.36,0.33
25046,12025,107604.86,0.41
25047,1255,223374.42,0.28
25048,13930,235676.98,0.81
25049,10443,305813.43,0.25
25050,14261,266209.65,0.43
25051,21306,497973.96,0.89
25052,11152,22977.35,0.4
25053,33027,310305.23,0.23
25054,18369,309046.93,0.57
25055,34640,35301.29,0.15
25056,19766,78781.4,0.53
25057,26306,358774.71,0.35
25058,2734,52860.91,0.25
25059,8169,173965.27,0.39
25060,25751,460309.35,0.6
25061,20508,275166.23,0.37
25062,29143,25979.41,0.65
25063,1351,269676.82,0.58
25064,4525,290057.34,0.82
25065,14255,282237.72,0.4
25066,6614,41055.74,0.46
25067,13534,335620.06,0.16
25068,26305,396019.36,0.77
25069,29275,288142.53,0.13
25070,26803,57467.06,0.54
25071,31612,129176.97,0.56
25072,890,419649.8,0.13
25073,16138,390591.83,0.87
25074,3644,124530.41,0.2
25075,24469,71617.33,0.85
25076,10344,335226.63,0.25
25077,11208,194033.57,0.89
25078,29675,348420.1,0.75
25079,3545,405656.07,0.14
25080,19074,171277.56,0.65
25081,21655,12978.26,0.25
25082,2187,176460.23,0.12
25083,23032,466535.11,0.23
25084,3030,483207.0,0.8
25085,3356,392533.35,0.35
25086,32360,295472.85,0.27
25087,17369,224343.04,0.85
25088,8676,389227.91,0.46
25089,14819,157239.17,0.34
25090,4805,99770.01,0.75
25091,5716,469235.28,0.84
25092,24605,176124.53,0.68
25093,13399,22337.07,0.35
25094,31405,191364.3,0.15
25095,19039,257947.23,0.78
25096,24582,317530.37,0.25
25097,17462,459041.4,0.45
25098,22618,301621.48,0.41
25099,12485,45079.84,0.9
25100,1932,388295.05,0.44
25101,16863,271141.02,0.32
25102,11378,163918.23,0.81
25103,15338,386336.97,0.39
25104,28670,316985.47,0.47
25105,24518,75868.75,0.4
25106,2828,354444.38,0.3
25107,20767,187349.13,0.72
25108,11192,127553.98,0.6
25109,10566,399442.91,0.66
25110,11745,34185.09,0.44
25111,17840,188101.43,0.63
25112,31923,452364.45,0.37
25113,7599,73787.97,0.5
25114,27005,339012.78,0.3
25115,25581,11932.31,0.67
25116,6513,207679.87,0.58
25117,29651,186315.98,0.74
25118,2252,366980.27,0.33
25119,12377,154346.79,0.52
25120,26731,182057.42,0.77
25121,10995,97699.63,0.29
25122,13140,136005.35,0.8
25123,6845,404465.98,0.65
25124,3878,201147.5,0.84
25125,28030,429696.55,0.38
25126,32266,140844.91,0.14
25127,9817,194484.73,0.61
25128,5575,445312.78,0.61
25129,25193,149713.38,0.63
25130,11805,404694.36,0.41
25131,23124,278224.21,0.63
25132,10007,332057.31,0.54
25133,34725,493027.14,0.75
25134,28478,369994.64,0.85
25135,19566,206323.59,0.52
25136,29549,167449.98,0.64
25137,4731,487920.36,0.58
25138,14588,441219.57,0.57
25139,27708,204763.19,0.34
25140,3907,191420.59,0.47
25141,26301,68162.01,0.18
25142,33705,333770.45,0.64
25143,15695,141159.17,0.73
25144,23662,487756.09,0.38
25145,31365,446980.99,0.26
25146,19477,309614.69,0.45
25147,21891,335778.76,0.4
25148,18261,93000.38,0.68
25149,11550,230574.96,0.67
25150,12815,178024.93,0.41
25151,7249,239147.81,0.26
25152,1628,229459.82,0.76
25153,14993,58059.61,0.28
25154,9949,457155.67,0.74
25155,7961,341619.54,0.25
25156,3861,82623.47,0.76
25157,31801,12658.9,0.17
25158,5412,391307.53,0.43
25159,17376,46429.0,0.4
25160,32747,419812.44,0.12
25161,34765,40493.46,0.14
25162,17907,447557.11,0.78
25163,24340,158296.67,0.5
25164,6952,276319.23,0.25
25165,31213,285925.65,0.41
25166,30044,113101.66,0.11
25167,6981,281464.88,0.45
25168,5971,85209.08,0.42
25169,23021,34339.9,0.76
25170,28836,96602.84,0.83
25171,24971,294974.32,0.17
25172,31228,415707.44,0.54
25173,6124,185736.15,0.54
25174,9506,174056.25,0.84
25175,30024,185259.4,0.36
25176,13523,450983.67,0.88
25177,1358,228095.82,0.74
25178,32015,482792.58,0.65
25179,3002,457712.6,0.19
25180,6371,268653.3,0.74
25181,5484,336335.22,0.78
25182,27616,457013.21,0.66
25183,508,274241.01,0.51
25184,18707,215513.22,0.43
25185,28644,472022.28,0.43
25186,18320,31842.49,0.16
25187,18083,28508.99,0.28
25188,7035,54534.11,0.15
25189,34116,180219.42,0.33
25190,15872,92007.11,0.2
25191,9111,385092.48,0.51
25192,9817,146605.84,0.23
25193,1614,36724.34,0.17
25194,21591,14533.91,0.68
25195,28444,429508.14,0.27
25196,31854,168522.67,0.37
25197,13817,237248.5,0.63
25198,30783,277764.57,0.36
25199,31249,294302.65,0.74
25200,9746,196082.67,0.69
25201,20186,443060.89,0.34
25202,20349,348556.72,0.34
25203,838,169476.91,0.27
25204,19088,43113.64,0.69
25205,33113,22003.73,0.86
25206,20772,60431.28,0.27
25207,8663,325617.41,0.11
25208,22734,110079.41,0.78
25209,7444,212814.62,0.36
25210,7441,472298.52,0.22
25211,18432,74838.83,0.88
25212,29547,374884.8,0.83
25213,18209,281021.78,0.64
25214,6263,499532.9,0.22
25215,31052,375420.52,0.79
25216,24309,163359.41,0.49
25217,8420,86806.48,0.75
25218,8068,68200.77,0.23
25219,18782,407732.4,0.82
25220,33150,265286.98,0.4
25221,5003,333913.99,0.63
25222,559,88794.41,0.61
25223,33636,252754.51,0.52
25224,333,281350.42,0.46
25225,27051,233070.38,0.4
25226,3493,139135.39,0.53
25227,1139,156055.02,0.35
25228,32540,56460.68,0.42
25229,34282,345713.01,0.7
25230,31755,452472.6,0.6
25231,8194,433319.8,0.22
25232,22383,149041.56,0.83
25233,6828,272248.36,0.4
25234,28062,162528.8,0.21
25235,19124,429831.11,0.35
25236,15016,401181.32,0.36
25237,17860,474143.71,0.46
25238,29883,119967.67,0.63
25239,7327,11805.67,0.35
25240,25519,342626.21,0.84
25241,16659,130114.54,0.18
25242,34900,496063.07,0.89
25243,19716,468080.17,0.5
25244,27728,420453.77,0.12
25245,22212,97107.35,0.39
25246,29592,195487.0,0.58
25247,29577,185133.8,0.5
25248,9150,399943.3,0.73
25249,11094,258444.02,0.59
25250,2233,229558.45,0.25
25251,29937,272259.33,0.44
25252,1828,394379.99,0.67
25253,2825,377133.07,0.64
25254,16410,384260.22,0.64
25255,12894,119664.17,0.45
25256,33898,452244.46,0.33
25257,25273,289286.06,0.67
25258,16839,51682.93,0.77
25259,21145,31612.32,0.36
25260,12472,487120.5,0.57
25261,34490,197203.68,0.2
25262,12245,241933.84,0.55
25263,29829,498219.95,0.38
25264,29111,55626.53,0.53
25265,20242,255534.03,0.48
25266,27941,486185.93,0.34
25267,28044,466238.81,0.55
25268,11596,124620.26,0.62
25269,11864,247294.04,0.77
25270,13143,197689.15,0.47
25271,16979,268328.33,0.42
25272,14858,215386.74,0.59
25273,16919,281973.26,0.27
25274,31649,422647.09,0.31
25275,11115,351340.92,0.85
25276,4041,35677.74,0.23
25277,18614,466662.23,0.6
25278,26244,330948.48,0.66
25279,11621,370492.49,0.67
25280,10792,432155.91,0.28
25281,2036,381418.93,0.44
25282,14491,356157.96,0.13
25283,12391,191610.2,0.59
25284,29694,363766.53,0.2
25285,26153,331907.88,0.86
25286,12376,10792.94,0.19
25287,13317,128414.11,0.16
25288,27340,376832.99,0.17
25289,19717,212967.63,0.3
25290,9743,310269.26,0.4
25291,29951,72129.78,0.28
25292,26953,201306.47,0.1
25293,12808,263759.32,0.28
25294,5324,143156.2,0.48
25295,23289,295420.74,0.26
25296,24523,121695.77,0.28
25297,21390,231449.28,0.16
25298,2997,75093.02,0.32
25299,10759,83550.88,0.85
25300,27369,258481.7,0.45
25301,11502,84729.15,0.71
25302,10109,388951.14,0.36
25303,2818,50051.51,0.41
25304,12042,339006.74,0.57
25305,19575,461758.91,0.85
25306,28816,459760.06,0.33
25307,17734,299364.33,0.25
25308,19571,482143.39,0.72
25309,14788,275458.54,0.59
25310,798,270176.06,0.31
25311,8699,140473.94,0.53
25312,26911,194814.66,0.61
25313,7020,175669.27,0.36
25314,28391,373019.8,0.18
25315,17476,404103.66,0.22
25316,713,253294.32,0.55
25317,19087,385931.97,0.88
25318,27721,44700.79,0.13
25319,28401,398964.18,0.28
25320,16420,70652.5,0.3
25321,23559,168162.17,0.82
25322,15016,352580.24,0.31
25323,3040,165186.83,0.48
25324,2896,170463.88,0.43
25325,25014,292794.65,0.43
25326,24475,289360.39,0.38
25327,10661,228035.89,0.84
25328,6370,385275.28,0.3
25329,12528,124026.99,0.52
25330,22272,108632.96,0.37
25331,26133,489122.72,0.88
25332,550,304755.12,0.59
25333,15116,399980.79,0.58
25334,12821,323286.4,0.26
25335,24835,324945.04,0.41
25336,18994,152043.72,0.33
25337,4109,492371.49,0.43
25338,25230,32803.81,0.67
25339,23849,479617.84,0.57
25340,9528,392215.04,0.26
25341,9661,419587.03,0.59
25342,13319,330412.04,0.63
25343,11743,138673.42,0.57
25344,20507,277198.89,0.59
25345,19576,177465.11,0.39
25346,26409,370422.07,0.88
25347,10923,79662.25,0.76
25348,26194,142344.74,0.88
25349,33236,362403.66,0.22
25350,4046,133455.4,0.63
25351,12395,242241.16,0.34
25352,25189,30586.08,0.88
25353,12705,298363.83,0.53
25354,14243,306349.94,0.54
25355,13255,319533.39,0.19
25356,19572,446463.88,0.11
25357,32836,355390.81,0.44
25358,17197,62434.66,0.27
25359,27949,247920.45,0.59
25360,8412,351963.89,0.13
25361,30200,271378.93,0.81
25362,29207,343744.29,0.36
25363,19577,107624.51,0.71
25364,8005,46692.8,0.77
25365,1201,448426.1,0.53
25366,19034,57194.6,0.47
25367,30033,356672.98,0.38
25368,17502,445133.36,0.39
25369,205,266830.96,0.69
25370,4541,351080.72,0.75
25371,16686,103604.35,0.64
25372,10664,82811.6,0.18
25373,19262,360809.7,0.63
25374,14332,314538.05,0.27
25375,32849,434739.05,0.35
25376,32945,205313.32,0.1
25377,12830,229637.8,0.66
25378,31627,22638.04,0.53
25379,21432,25633.96,0.67
25380,7381,117091.74,0.14
25381,19902,51467.48,0.88
25382,5284,107413.75,0.63
25383,22694,390850.41,0.43
25384,21442,91660.75,0.57
25385,4753,383850.63,0.62
25386,5815,127987.08,0.39
25387,15271,91505.15,0.32
25388,30536,262514.37,0.73
25389,15396,359410.99,0.48
25390,30859,90148.58,0.64
25391,25772,294613.47,0.23
25392,2067,459207.54,0.12
25393,20953,134628.63,0.27
25394,8469,490958.09,0.6
25395,12322,258087.73,0.7
25396,21861,316071.16,0.64
25397,5381,402725.99,0.4
25398,2548,462668.59,0.57
25399,11580,138672.09,0.48
25400,666,245636.37,0.88
25401,19340,401624.35,0.65
25402,16464,468502.91,0.47
25403,3133,265480.18,0.64
25404,17178,253147.94,0.73
25405,22930,425186.35,0.14
25406,29210,205468.96,0.73
25407,8411,391626.2,0.83
25408,13033,56030.84,0.65
25409,10264,158039.12,0.35
25410,6346,192217.19,0.31
25411,5696,338516.42,0.29
25412,25381,17178.91,0.13
25413,34054,478146.72,0.6
25414,24959,102371.18,0.17
25415,4931,499820.53,0.59
25416,19834,13904.21,0.22
25417,34573,481062.96,0.89
25418,19025,279598.07,0.68
25419,17863,469984.97,0.43
25420,26685,338890.2,0.26
25421,28122,265878.1,0.74
25422,11758,336355.43,0.37
25423,28180,384756.89,0.65
25424,7855,462488.26,0.24
25425,9973,277139.73,0.29
25426,20791,423315.58,0.44
25427,10305,357600.07,0.3
25428,298,389589.33,0.31
25429,19408,55580.94,0.89
25430,17732,333062.01,0.24
25431,27667,220742.12,0.18
25432,2208,37226.65,0.62
25433,33487,478848.47,0.4
25434,21476,459566.9,0.89
25435,21417,87876.1,0.85
25436,18932,326620.09,0.16
25437,1681,71789.24,0.68
25438,31874,323581.52,0.29
25439,4954,83427.32,0.17
25440,31599,160932.24,0.79
25441,21022,228204.62,0.32
25442,27535,237837.95,0.27
25443,19959,269056.35,0.31
25444,12633,234768.87,0.36
25445,17549,281936.87,0.19
25446,30834,334159.12,0.32
25447,3445,462589.35,0.89
25448,10447,18959.18,0.72
25449,34079,299771.18,0.39
25450,13659,239919.68,0.15
25451,29646,439987.61,0.73
25452,10652,114240.71,0.71
25453,5063,171236.03,0.42
25454,14155,72464.6,0.26
25455,15610,41438.9,0.74
25456,6197,422246.28,0.78
25457,14494,354591.41,0.8
25458,13664,357814.48,0.15
25459,22698,143074.06,0.65
25460,19145,27994.36,0.85
25461,2691,247348.78,0.69
25462,18884,52425.68,0.19
25463,9730,419514.75,0.17
25464,6202,354211.12,0.47
25465,14306,174769.35,0.15
25466,29288,193906.38,0.22
25467,17658,427279.83,0.34
25468,13518,49697.35,0.58
25469,27697,498280.55,0.67
25470,31379,289422.64,0.69
25471,10206,498655.06,0.14
25472,28849,356035.27,0.6
25473,24490,246466.39,0.26
25474,9091,155589.05,0.49
25475,32867,358242.51,0.69
25476,32915,439225.05,0.5
25477,2977,367029.75,0.28
25478,17414,132335.87,0.69
25479,30797,36871.45,0.53
25480,4930,148699.5,0.54
25481,25736,426045.35,0.4
25482,28625,109007.69,0.76
25483,24488,289446.79,0.71
25484,12351,41481.0,0.77
25485,3104,111833.84,0.5
25486,27043,176683.53,0.28
25487,33282,345380.44,0.46
25488,16143,43315.25,0.69
25489,15700,397960.45,0.68
25490,16356,304156.28,0.67
25491,26933,477758.17,0.15
25492,5147,169248.55,0.63
25493,16320,410357.79,0.39
25494,34117,67015.95,0.88
25495,21929,264570.65,0.21
25496,15873,377398.09,0.29
25497,14090,479763.29,0.68
25498,4291,62326.32,0.3
25499,16347,173419.75,0.82
25500,18026,348558.9,0.22
25501,3612,385918.32,0.36
25502,2127,488195.15,0.17
25503,19267,412994.58,0.46
25504,17839,478559.61,0.12
25505,30436,190959.85,0.28
25506,27404,164798.65,0.78
25507,31897,490669.26,0.4
25508,4221,29339.51,0.72
25509,1444,245255.41,0.89
25510,1559,253973.1,0.76
25511,271,483876.33,0.73
25512,17915,270609.22,0.86
25513,6948,66278.56,0.38
25514,15010,471235.5,0.15
25515,2372,213643.89,0.61
25516,17805,306609.88,0.21
25517,9301,84231.24,0.83
25518,15501,36165.88,0.83
25519,27258,20949.38,0.15
25520,2498,149788.23,0.33
25521,21420,490121.4,0.34
25522,13155,217760.36,0.59
25523,5450,220732.57,0.23
25524,1453,438472.26,0.57
25525,26732,83290.19,0.75
25526,12191,341677.37,0.23
25527,243,91816.27,0.47
25528,2015,183689.77,0.34
25529,24397,494220.45,0.26
25530,2178,115557.57,0.69
25531,3640,51317.67,0.26
25532,16668,19100.43,0.56
25533,11405,228542.53,0.32
25534,30623,319001.92,0.7
25535,34483,282935.13,0.11
25536,11260,461313.23,0.53
25537,8400,208632.78,0.17
25538,24208,451398.18,0.34
25539,21834,101520.69,0.76
25540,2497,312672.05,0.72
25541,1691,479605.88,0.63
25542,7302,153063.4,0.9
25543,24663,100864.76,0.87
25544,16797,56421.66,0.16
25545,8221,481348.35,0.2
25546,3551,259541.76,0.58
25547,15169,17269.41,0.16
25548,20280,162816.39,0.83
25549,2999,62070.28,0.29
25550,29659,362161.3,0.78
25551,30064,93047.77,0.52
25552,1851,35736.21,0.11
25553,2340,495026.23,0.52
25554,3473,272470.12,0.44
25555,22167,121722.69,0.65
25556,34731,461426.82,0.44
25557,18902,475138.07,0.5
25558,25325,92410.7,0.79
25559,14690,463865.26,0.12
25560,27597,39003.43,0.59
25561,3584,379874.28,0.32
25562,23305,242022.49,0.11
25563,18525,212968.16,0.12
25564,9931,21383.08,0.51
25565,20239,386203.79,0.26
25566,18484,370624.39,0.65
25567,13501,384691.99,0.78
25568,28812,499583.89,0.28
25569,10087,54697.21,0.47
25570,5232,258806.88,0.47
25571,3816,342242.53,0.5
25572,23115,132755.92,0.29
25573,25830,238538.44,0.6
25574,22826,174803.88,0.25
25575,34111,279471.83,0.65
25576,15894,128509.2,0.49
25577,19187,22325.92,0.68
25578,5093,178006.68,0.29
25579,2191,275178.72,0.82
25580,19191,83632.88,0.78
25581,10020,196103.67,0.4
25582,15679,163986.49,0.89
25583,24543,276247.34,0.22
25584,27382,276234.25,0.9
25585,9552,397243.15,0.27
25586,21768,86746.76,0.45
25587,13080,201895.12,0.24
25588,8314,390882.32,0.19
25589,3480,394093.21,0.54
25590,11688,469316.63,0.65
25591,23633,255739.09,0.88
25592,31570,94250.71,0.74
25593,34685,50916.76,0.59
25594,1177,175053.21,0.59
25595,23593,468921.32,0.2
25596,7099,201826.48,0.16
25597,31458,97463.42,0.56
25598,23962,366706.42,0.8
25599,30185,286383.57,0.2
25600,13708,203426.67,0.72
25601,31015,87798.92,0.29
25602,29233,185825.92,0.68
25603,33517,134149.24,0.3
25604,29356,28836.93,0.35
25605,11344,461025.03,0.25
25606,13285,84772.07,0.41
25607,15212,177482.94,0.2
25608,29859,19971.02,0.37
25609,24577,177837.29,0.78
25610,6641,216893.94,0.46
25611,29289,35676.58,0.14
25612,10280,123359.35,0.58
25613,7637,185415.0,0.38
25614,15071,158868.01,0.31
25615,31836,327760.27,0.56
25616,5561,240628.16,0.81
25617,5311,468189.97,0.44
25618,4839,100660.13,0.57
25619,13575,402094.28,0.54
25620,18170,412268.31,0.9
25621,16738,141474.55,0.22
25622,32452,62895.74,0.82
25623,16711,215538.57,0.13
25624,24895,112334.39,0.22
25625,9434,239320.37,0.35
25626,10666,351705.04,0.57
25627,15154,391686.91,0.26
25628,20686,108573.58,0.23
25629,22562,271278.02,0.46
25630,33030,431286.28,0.6
25631,11399,105867.73,0.6
25632,26247,65578.72,0.11
25633,22815,488180.72,0.71
25634,22834,446503.3,0.42
25635,20578,122153.76,0.12
25636,25986,324479.71,0.55
25637,23532,349547.12,0.83
25638,21320,26056.0,0.5
25639,9914,318853.57,0.17
25640,11061,325909.43,0.7
25641,7686,486436.13,0.71
25642,17065,187411.59,0.39
25643,30238,460268.02,0.54
25644,6309,189933.59,0.74
25645,11411,54040.02,0.21
25646,9000,362473.79,0.22
25647,24312,177248.82,0.66
25648,24482,441928.66,0.57
25649,29122,240472.32,0.63
25650,6141,161743.78,0.61
25651,4315,205394.43,0.77
25652,13624,456696.3,0.43
25653,16928,363560.59,0.88
25654,20987,166876.41,0.16
25655,22145,363634.62,0.31
25656,14390,96442.06,0.32
25657,14562,232771.2,0.37
25658,31327,153578.79,0.79
25659,22242,425795.71,0.57
25660,20504,486301.43,0.21
25661,7760,345286.82,0.63
25662,18730,303430.13,0.4
25663,20769,344573.46,0.63
25664,20669,90724.05,0.42
25665,33338,417858.31,0.69
25666,26312,416727.73,0.58
25667,11669,411548.36,0.82
25668,24894,297832.13,0.4
25669,15521,150950.73,0.24
25670,2166,16800.44,0.49
25671,30283,368717.6,0.27
25672,30911,234265.08,0.68
25673,16074,71798.73,0.47
25674,4642,477976.19,0.19
25675,21138,406411.36,0.47
25676,25103,234431.56,0.63
25677,2289,250910.03,0.51
25678,29041,441869.47,0.11
25679,21520,367571.34,0.46
25680,24738,317261.53,0.18
25681,13339,119967.62,0.12
25682,24188,350329.33,0.39
25683,27172,492388.05,0.56
25684,10584,163474.48,0.69
25685,31311,59086.22,0.42
25686,14207,397823.83,0.64
25687,20589,262341.54,0.21
25688,33622,286722.04,0.18
25689,2652,130514.4,0.65
25690,19353,304490.25,0.59
25691,8912,10452.06,0.76
25692,10034,463736.96,0.7
25693,14061,243312.77,0.71
25694,1993,41701.38,0.49
25695,28955,486442.95,0.87
25696,31524,196185.83,0.76
25697,13344,371952.0,0.4
25698,13293,72256.58,0.38
25699,26489,93294.28,0.16
25700,33781,301299.56,0.5
25701,27704,251920.86,0.29
25702,20360,134599.32,0.25
25703,26655,22861.82,0.46
25704,8196,67519.99,0.63
25705,21068,185235.67,0.75
25706,7726,477623.82,0.83
25707,25581,115021.74,0.69
25708,29712,143846.19,0.13
25709,4081,221135.46,0.85
25710,10220,124486.13,0.7
25711,3918,96964.72,0.53
25712,7837,58446.82,0.16
25713,34777,459960.26,0.54
25714,30810,32572.45,0.9
25715,17235,483521.72,0.31
25716,31096,306327.28,0.59
25717,33410,85256.46,0.82
25718,28833,236904.7,0.49
25719,9688,24385.66,0.51
25720,14425,241959.71,0.24
25721,18240,485734.28,0.19
25722,24364,483127.75,0.66
25723,7252,70904.53,0.61
25724,28092,454748.87,0.63
25725,31063,184824.24,0.34
25726,19511,436728.71,0.36
25727,2852,54896.75,0.72
25728,2623,312209.15,0.17
25729,22831,20221.6,0.57
25730,22172,498739.47,0.54
25731,9227,453271.13,0.58
25732,15228,130226.76,0.13
25733,9835,144625.21,0.15
25734,23648,262586.37,0.36
25735,27222,145645.7,0.14
25736,20383,78289.17,0.1
25737,20730,261186.0,0.56
25738,20744,369150.89,0.24
25739,22478,484853.45,0.28
25740,20379,140544.35,0.23
25741,4490,31245.19,0.76
25742,28350,191163.23,0.83
25743,9635,134997.53,0.48
25744,32719,359753.48,0.38
25745,26044,197535.04,0.48
25746,12647,497485.52,0.29
25747,21863,277642.13,0.43
25748,14485,132476.86,0.22
25749,11759,148351.39,0.78
25750,24682,340975.71,0.79
25751,25184,219355.16,0.86
25752,32564,59525.32,0.25
25753,5024,207611.71,0.66
25754,33743,282431.03,0.55
25755,14721,57482.92,0.45
25756,9067,295818.35,0.44
25757,30714,233366.69,0.46
25758,26933,117052.77,0.35
25759,15700,395424.44,0.72
25760,11668,421174.66,0.24
25761,13569,153681.02,0.17
25762,26368,499536.44,0.2
25763,22409,43013.82,0.11
25764,9983,431808.45,0.89
25765,31276,35806.41,0.72
25766,23473,98241.52,0.71
25767,17747,97240.17,0.14
25768,33689,105950.01,0.78
25769,12759,303784.93,0.79
25770,10910,343822.18,0.16
25771,34913,349065.05,0.74
25772,6533,146283.89,0.76
25773,4305,252919.53,0.64
25774,6291,153559.96,0.75
25775,33913,479153.51,0.47
25776,32481,130237.2,0.24
25777,15804,35981.19,0.31
25778,30942,33336.95,0.79
25779,1675,443257.13,0.1
25780,19644,420689.66,0.14
25781,27970,191655.53,0.17
25782,26638,464288.06,0.54
25783,7415,280100.83,0.75
25784,21688,398985.11,0.43
25785,22839,209963.7,0.23
25786,30870,188461.43,0.5
25787,33299,17128.01,0.58
25788,18037,366292.3,0.84
25789,25819,178418.05,0.47
25790,14344,142937.14,0.15
25791,3162,410792.12,0.86
25792,23118,345324.19,0.66
25793,24418,254746.77,0.89
25794,16493,243922.11,0.41
25795,16605,92142.06,0.18
25796,24312,47950.73,0.78
25797,23270,327909.27,0.83
25798,32885,420674.01,0.46
25799,5713,323833.99,0.62
25800,15,375394.21,0.59
25801,13039,96260.99,0.46
25802,20615,262525.73,0.76
25803,20974,204737.14,0.12
25804,19537,36926.09,0.86
25805,23191,91645.5,0.75
25806,22797,163799.4,0.45
25807,24341,176395.38,0.5
25808,16210,391892.09,0.86
25809,14653,356651.65,0.87
25810,6172,187997.16,0.34
25811,2478,478244.49,0.15
25812,13000,112704.26,0.56
25813,5661,204011.77,0.23
25814,7102,207463.7,0.5
25815,25666,440336.26,0.43
25816,12579,252168.03,0.87
25817,13413,450586.89,0.64
25818,12735,484518.83,0.81
25819,21729,193906.96,0.65
25820,11056,185201.02,0.75
25821,32882,308405.83,0.4
25822,26521,67674.94,0.79
25823,5765,127414.29,0.26
25824,14117,385153.75,0.77
25825,7188,117093.7,0.64
25826,2558,291191.82,0.78
25827,32958,168445.14,0.41
25828,11616,384585.66,0.23
25829,31607,248956.5,0.36
25830,29764,392670.61,0.55
25831,8499,32254.53,0.54
25832,7469,450478.24,0.85
25833,24360,331351.23,0.73
25834,16609,432138.92,0.27
25835,32998,266077.94,0.35
25836,20306,493494.08,0.35
25837,26024,213926.94,0.22
25838,15934,36238.62,0.69
25839,33384,480461.68,0.53
25840,1308,138063.53,0.72
25841,3506,484437.8,0.4
25842,4956,291646.77,0.77
25843,6354,290698.25,0.49
25844,12245,391647.76,0.74
25845,32135,372966.19,0.27
25846,16809,378836.6,0.56
25847,2500,18955.88,0.16
25848,3366,270178.54,0.78
25849,9290,298936.07,0.58
25850,24140,166444.37,0.46
25851,21272,378116.03,0.87
25852,26770,371837.37,0.53
25853,19211,450702.12,0.18
25854,5266,214069.63,0.25
25855,20479,165733.9,0.59
25856,14192,380582.92,0.4
25857,12965,421127.19,0.71
25858,21418,126397.3,0.15
25859,34294,278744.48,0.49
25860,4249,378133.92,0.21
25861,14921,200413.57,0.44
25862,8165,249684.57,0.87
25863,10412,245457.53,0.53
25864,21417,28063.87,0.17
25865,25306,399957.47,0.66
25866,6355,80910.99,0.81
25867,33887,398227.76,0.17
25868,31073,83982.2,0.36
25869,6790,167852.37,0.25
25870,19836,34117.76,0.15
25871,32291,409537.12,0.64
25872,20994,272623.89,0.7
25873,21798,112454.01,0.26
25874,29088,297888.23,0.24
25875,28253,254950.85,0.89
25876,33746,453463.43,0.2
25877,1836,228086.25,0.27
25878,5489,399900.56,0.4
25879,3183,244375.73,0.1
25880,8325,55469.97,0.54
25881,21140,251931.69,0.21
25882,24163,312204.52,0.24
25883,5995,263966.01,0.88
25884,32335,226704.53,0.28
25885,26645,133062.5,0.68
25886,8991,441768.94,0.81
25887,27163,97480.3,0.86
25888,7757,90879.59,0.48
25889,2475,481217.73,0.7
25890,13550,14616.47,0.88
25891,18596,297940.44,0.19
25892,11600,201454.25,0.13
25893,16027,133751.26,0.35
25894,16090,448172.02,0.63
25895,29424,411216.95,0.45
25896,33684,347330.62,0.32
25897,33321,31690.29,0.26
25898,5698,438727.24,0.59
25899,23074,403326.07,0.41
25900,5917,206886.75,0.28
25901,4433,327514.68,0.63
25902,17815,467555.55,0.67
25903,21419,185589.48,0.66
25904,14766,110566.53,0.85
25905,17180,363683.23,0.67
25906,11471,411475.72,0.12
25907,21291,181655.67,0.7
25908,10384,327863.06,0.72
25909,28132,72709.77,0.53
25910,3597,361980.29,0.4
25911,19648,86289.61,0.52
25912,9017,406445.3,0.11
25913,9395,324236.67,0.73
25914,3685,247302.27,0.66
25915,34002,55553.99,0.72
25916,8015,238285.71,0.6
25917,31035,417474.02,0.35
25918,6479,428021.6,0.2
25919,20811,297616.04,0.1
25920,20789,260377.43,0.44
25921,25481,24714.37,0.72
25922,20836,326106.81,0.39
25923,7100,120998.37,0.75
25924,10509,191887.57,0.48
25925,11234,234959.11,0.58
25926,33492,35143.96,0.32
25927,23461,489544.11,0.15
25928,24495,130488.13,0.34
25929,14632,474899.92,0.87
25930,1199,331857.43,0.63
25931,568,147208.33,0.87
25932,9982,364115.13,0.28
25933,15943,429657.5,0.31
25934,20186,354682.5,0.46
25935,23908,445360.64,0.77
25936,31902,428048.65,0.79
25937,7689,172114.28,0.37
25938,10110,359723.04,0.21
25939,3907,253945.61,0.64
25940,11207,230844.75,0.82
25941,34946,307742.24,0.73
25942,34777,87415.14,0.57
25943,7250,341524.22,0.63
25944,5705,26337.98,0.58
25945,10751,326681.33,0.13
25946,23057,101055.43,0.45
25947,13002,361435.71,0.5
25948,20062,75978.04,0.21
25949,34263,344432.34,0.81
25950,8621,271101.96,0.49
25951,10403,149700.9,0.62
25952,14927,272233.99,0.59
25953,16552,277784.24,0.88
25954,7301,259597.8,0.79
25955,29369,409470.23,0.24
25956,18533,461104.46,0.29
25957,34640,125881.22,0.82
25958,23104,163866.17,0.68
25959,28717,336863.06,0.83
25960,27729,490423.6,0.43
25961,3437,291318.85,0.22
25962,1014,138278.34,0.42
25963,33315,341784.22,0.32
25964,2183,156279.22,0.78
25965,10646,403067.08,0.57
25966,26386,365034.4,0.27
25967,27491,161223.52,0.11
25968,4150,180512.9,0.5
25969,24008,323008.61,0.35
25970,6396,127573.02,0.2
25971,14553,327963.19,0.42
25972,26378,335087.79,0.31
25973,33703,290577.02,0.14
25974,32161,244585.15,0.23
25975,9775,331108.31,0.86
25976,11291,334731.09,0.72
25977,9103,399552.94,0.61
25978,28096,380924.14,0.34
25979,3167,459823.76,0.65
25980,16564,482309.46,0.41
25981,11661,387632.21,0.13
25982,23272,487936.71,0.58
25983,29287,331704.23,0.45
25984,20423,111413.33,0.29
25985,17987,204953.12,0.17
25986,31442,162005.54,0.52
25987,4857,364822.77,0.69
25988,32000,145383.5,0.23
25989,24233,113741.98,0.13
25990,7241,196232.17,0.3
25991,21687,443966.91,0.86
25992,3966,269609.34,0.41
25993,3396,459823.55,0.65
25994,20623,196565.74,0.6
25995,33272,258988.8,0.45
25996,23027,491696.3,0.35
25997,5298,341233.46,0.9
25998,13183,308306.32,0.54
25999,9263,184870.72,0.5
26000,9142,288105.22,0.87
26001,12100,252888.97,0.54
26002,13377,110870.35,0.1
26003,29016,82233.74,0.17
26004,17958,346883.18,0.54
26005,1695,201802.92,0.47
26006,11203,425706.19,0.56
26007,25863,477551.3,0.53
26008,19033,305028.9,0.86
26009,24937,175064.18,0.83
26010,33289,240667.47,0.36
26011,24949,70655.06,0.37
26012,20918,469519.58,0.68
26013,7556,213386.06,0.74
26014,2058,378667.86,0.34
26015,19108,306866.96,0.81
26016,14857,78580.02,0.76
26017,7972,347666.64,0.22
26018,22499,179869.16,0.67
26019,16311,190083.83,0.57
26020,10305,476563.06,0.19
26021,6513,78069.03,0.23
26022,10113,378683.38,0.37
26023,24173,442440.16,0.33
26024,14627,345505.15,0.21
26025,4893,134407.38,0.56
26026,32255,206377.06,0.88
26027,13992,468790.61,0.38
26028,22769,76095.25,0.85
26029,9818,203757.21,0.16
26030,29363,125676.76,0.28
26031,19461,32880.94,0.22
26032,11912,85830.72,0.38
26033,21933,49711.27,0.62
26034,7994,401046.09,0.39
26035,26991,334648.34,0.61
26036,6241,390186.45,0.87
26037,28835,397159.74,0.67
26038,33310,170998.66,0.18
26039,2282,175677.78,0.59
26040,2211,405616.77,0.69
26041,18663,272674.59,0.65
26042,31471,111931.12,0.71
26043,6276,480164.24,0.11
26044,14936,109839.11,0.18
26045,3755,368919.65,0.33
26046,29342,213867.07,0.18
26047,30417,31972.21,0.5
26048,13499,107588.28,0.54
26049,32645,389850.18,0.77
26050,30605,466815.58,0.34
26051,14397,497469.28,0.37
26052,27434,422613.46,0.73
26053,9683,470030.95,0.87
26054,28300,21366.97,0.77
26055,32385,282366.13,0.84
26056,4645,472676.24,0.51
26057,33343,352524.32,0.61
26058,19689,212307.89,0.65
26059,27702,447269.72,0.49
26060,1019,279759.41,0.3
26061,6604,57272.88,0.68
26062,34225,229587.51,0.65
26063,22195,34057.27,0.43
26064,19424,224651.75,0.38
26065,6644,350208.23,0.29
26066,32772,253525.25,0.5
26067,32937,129010.47,0.4
26068,30373,109692.72,0.84
26069,12952,395262.97,0.26
26070,2799,21207.13,0.37
26071,5093,457400.37,0.42
26072,13392,280679.21,0.45
26073,26128,252588.59,0.18
26074,3292,38515.94,0.49
26075,8242,475054.75,0.38
26076,21452,346241.2,0.83
26077,17035,81578.73,0.72
26078,25873,97418.24,0.57
26079,14969,466057.3,0.82
26080,9598,269176.92,0.48
26081,18422,113334.68,0.5
26082,13602,189307.99,0.54
26083,17801,27709.74,0.65
26084,8152,156293.35,0.21
26085,3450,74007.95,0.64
26086,16285,353215.94,0.43
26087,25697,407570.13,0.75
26088,17579,407497.06,0.17
26089,11145,456027.26,0.2
26090,5096,468771.13,0.16
26091,15283,171622.36,0.12
26092,27138,369193.71,0.13
26093,494,405957.99,0.81
26094,34072,262888.21,0.56
26095,34935,59153.68,0.35
26096,15352,494875.41,0.88
26097,11376,141901.98,0.17
26098,6879,430786.1,0.47
26099,15502,218210.36,0.13
26100,32641,183709.2,0.21
26101,8037,146270.72,0.47
26102,25326,325367.16,0.12
26103,559,479705.07,0.38
26104,14280,43181.19,0.14
26105,622,409780.91,0.28
26106,8124,285306.41,0.43
26107,5847,227996.76,0.26
26108,23145,128620.95,0.49
26109,31771,345945.97,0.33
26110,14620,438547.27,0.41
26111,11944,232957.46,0.56
26112,23940,441949.31,0.51
26113,6708,284216.93,0.8
26114,25544,365136.14,0.86
26115,14224,27951.43,0.19
26116,27529,134026.49,0.44
26117,6166,176626.37,0.44
26118,2022,333855.72,0.27
26119,5234,498830.75,0.88
26120,29210,106634.2,0.46
26121,19213,436297.14,0.71
26122,3516,475067.92,0.47
26123,1977,59722.82,0.79
26124,30517,264654.43,0.77
26125,3155,233891.77,0.16
26126,20710,361268.91,0.68
26127,9057,473002.05,0.29
26128,20770,490595.85,0.13
26129,29449,477898.83,0.52
26130,20768,201842.21,0.8
26131,7444,407811.96,0.84
26132,34538,276947.52,0.76
26133,25971,345024.54,0.14
26134,28988,142138.23,0.85
26135,5734,457190.5,0.26
26136,25517,120988.87,0.21
26137,29837,248374.45,0.24
26138,4434,206964.76,0.31
26139,22607,395920.47,0.86
26140,19326,29159.41,0.81
26141,30781,302789.33,0.43
26142,24036,160404.68,0.33
26143,27056,216212.98,0.46
26144,14120,212291.9,0.74
26145,27877,487224.94,0.26
26146,7995,24972.69,0.35
26147,30699,78287.45,0.27
26148,31729,169928.93,0.17
26149,2020,481557.63,0.89
26150,3293,483004.48,0.32
26151,3600,458422.01,0.89
26152,8122,473888.8,0.11
26153,12708,120028.48,0.68
26154,20525,213194.45,0.5
26155,13951,162138.06,0.25
26156,21596,238164.51,0.4
26157,26031,442166.87,0.57
26158,27925,388038.61,0.66
26159,15339,414464.76,0.69
26160,31481,244103.97,0.38
26161,13433,407084.66,0.31
26162,21977,394192.8,0.34
26163,23366,120872.16,0.21
26164,29042,487016.02,0.41
26165,18082,333338.24,0.6
26166,18555,271792.25,0.12
26167,18071,63772.46,0.64
26168,30401,401331.03,0.12
26169,18113,469690.19,0.55
26170,29060,238845.96,0.46
26171,22840,365334.31,0.56
26172,24505,118876.17,0.8
26173,11229,112541.91,0.26
26174,14610,188937.38,0.14
26175,6665,251015.53,0.55
26176,20010,128216.49,0.68
26177,3064,408270.59,0.88
26178,7290,464190.7,0.24
26179,34704,338204.25,0.71
26180,2745,499462.91,0.46
26181,30631,207842.58,0.75
26182,33791,466445.73,0.85
26183,31456,77470.36,0.61
26184,30491,165517.37,0.27
26185,26730,278550.87,0.66
26186,1115,41393.52,0.35
26187,8840,117017.78,0.36
26188,23565,457735.98,0.35
26189,6034,410683.79,0.16
26190,19633,68569.83,0.81
26191,15425,497325.5,0.42
26192,23708,410091.94,0.73
26193,22414,39370.47,0.55
26194,15125,326850.55,0.63
26195,20346,201726.18,0.24
26196,19859,207350.55,0.22
26197,5455,213225.95,0.29
26198,11674,238955.96,0.29
26199,15644,40426.9,0.39
26200,26371,28275.81,0.44
26201,16373,429990.88,0.33
26202,31589,154691.74,0.68
26203,12457,421150.46,0.29
26204,22590,424132.19,0.44
26205,25447,116818.08,0.83
26206,10863,217550.61,0.5
26207,26443,201896.24,0.88
26208,17587,323197.9,0.29
26209,7783,280631.6,0.78
26210,14632,280891.31,0.77
26211,33930,148168.18,0.17
26212,21223,259193.53,0.26
26213,24076,76343.76,0.5
26214,34648,260974.47,0.83
26215,25366,431273.84,0.29
26216,21905,359998.93,0.66
26217,11595,397792.17,0.54
26218,13282,364011.16,0.16
26219,26905,360011.05,0.32
26220,21339,239880.32,0.3
26221,23020,26178.5,0.5
26222,19495,495941.08,0.32
26223,6271,144562.66,0.26
26224,12291,227526.52,0.59
26225,29862,431295.85,0.29
26226,32664,297929.27,0.13
26227,26080,471535.57,0.41
26228,2355,131188.83,0.73
26229,3279,206196.78,0.22
26230,34362,275822.1,0.68
26231,33235,276953.4,0.62
26232,14615,261660.26,0.88
26233,27594,371740.38,0.38
26234,28241,168253.85,0.29
26235,4043,468112.81,0.36
26236,16952,56517.56,0.63
26237,17787,150956.42,0.57
26238,22377,63907.27,0.49
26239,32520,10995.33,0.21
26240,28649,20398.11,0.51
26241,24235,51880.54,0.4
26242,19819,38409.27,0.48
26243,2968,188023.03,0.85
26244,31006,318952.66,0.28
26245,13323,122337.73,0.53
26246,23451,492590.94,0.58
26247,2666,306487.61,0.87
26248,17829,473461.43,0.4
26249,28054,433655.07,0.36
26250,30429,481379.64,0.59
26251,1078,480645.54,0.42
26252,31802,447567.02,0.33
26253,25612,334780.07,0.5
26254,19762,213953.36,0.53
26255,34511,473249.27,0.52
26256,26806,234939.06,0.63
26257,27946,45507.52,0.28
26258,22677,414009.1,0.26
26259,7326,31681.55,0.13
26260,9417,367882.45,0.83
26261,14199,462916.44,0.52
26262,5169,347476.35,0.46
26263,26555,326962.22,0.16
26264,28339,191077.03,0.8
26265,3778,389862.57,0.76
26266,2937,412188.09,0.78
26267,17184,204128.58,0.73
26268,15467,482380.52,0.48
26269,3437,367969.03,0.75
26270,30121,336467.99,0.33
26271,19430,232397.45,0.59
26272,17915,403467.69,0.74
26273,10287,220843.02,0.32
26274,15411,342684.98,0.83
26275,24528,344196.88,0.49
26276,18643,305950.48,0.77
26277,23616,490465.9,0.3
26278,17436,207178.52,0.17
26279,28700,217428.68,0.55
26280,27581,40381.4,0.15
26281,30387,348016.3,0.29
26282,21082,225304.13,0.18
26283,24899,262183.16,0.11
26284,29570,115273.86,0.51
26285,27474,489694.2,0.7
26286,34305,381415.46,0.73
26287,31879,435045.92,0.82
26288,4834,189596.42,0.5
26289,13025,122541.03,0.26
26290,32183,73471.67,0.61
26291,1043,58248.85,0.59
26292,13775,459405.85,0.31
26293,19687,411090.37,0.65
26294,6510,87455.0,0.82
26295,7682,209244.81,0.65
26296,26493,52414.19,0.64
26297,22747,267741.31,0.15
26298,7666,459269.13,0.73
26299,27384,440299.72,0.79
26300,17557,158839.01,0.54
26301,1045,118119.87,0.68
26302,2943,50705.8,0.37
26303,14258,411520.66,0.3
26304,6664,12333.23,0.29
26305,11612,263482.72,0.41
26306,11097,240532.81,0.42
26307,21131,306200.51,0.21
26308,22786,190656.34,0.11
26309,2422,401728.63,0.78
26310,16961,424968.82,0.54
26311,30528,232017.3,0.88
26312,357,121855.54,0.57
26313,4638,312446.39,0.24
26314,24989,46163.13,0.1
26315,34723,464562.86,0.68
26316,2627,73949.64,0.29
26317,32422,268149.87,0.89
26318,26045,106181.74,0.18
26319,20560,411238.79,0.63
26320,9584,226675.91,0.44
26321,1639,129579.1,0.49
26322,34565,186766.33,0.27
26323,20458,343727.56,0.65
26324,8195,302623.79,0.69
26325,22140,99155.45,0.9
26326,2016,343555.41,0.32
26327,31560,390843.43,0.58
26328,297,178385.64,0.88
26329,13121,347076.07,0.87
26330,30612,245217.78,0.16
26331,21217,152377.27,0.67
26332,20962,180803.2,0.6
26333,2645,104397.05,0.38
26334,24862,305345.54,0.18
26335,9378,333870.23,0.74
26336,33953,187927.03,0.67
26337,152,396710.21,0.13
26338,1856,102936.52,0.71
26339,29283,197609.56,0.46
26340,411,418214.48,0.18
26341,26193,109120.92,0.3
26342,20060,425882.65,0.17
26343,32883,124899.95,0.35
26344,11901,48946.71,0.38
26345,21705,249355.7,0.72
26346,13959,245486.39,0.51
26347,19517,368290.53,0.61
26348,18591,245850.89,0.3
26349,14305,10602.93,0.47
26350,97,239843.62,0.1
26351,12441,299550.25,0.49
26352,8825,254347.97,0.26
26353,3312,423149.03,0.31
26354,31830,178504.59,0.61
26355,11240,247939.3,0.51
26356,30270,448680.39,0.41
26357,14877,481488.0,0.25
26358,26757,146901.15,0.5
26359,372,392525.73,0.13
26360,32464,120566.86,0.57
26361,872,19759.53,0.51
26362,10712,93657.86,0.67
26363,11524,287826.24,0.84
26364,25765,286092.28,0.27
26365,33075,457885.54,0.31
26366,34689,360815.36,0.14
26367,9089,73898.87,0.45
26368,10597,279175.69,0.19
26369,31333,237736.52,0.11
26370,21824,236435.18,0.25
26371,390,228778.97,0.52
26372,34188,393499.33,0.64
26373,27766,186067.4,0.85
26374,26557,392496.2,0.41
26375,16755,367840.62,0.22
26376,32178,307607.28,0.31
26377,10523,251007.13,0.56
26378,5247,260953.05,0.35
26379,14285,87347.69,0.65
26380,32582,359951.07,0.39
26381,623,121404.93,0.38
26382,1667,141709.18,0.25
26383,23858,437157.05,0.2
26384,1262,486280.98,0.61
26385,7041,183307.96,0.54
26386,66,313784.04,0.6
26387,15717,40801.29,0.85
26388,23156,116806.4,0.45
26389,27022,468032.95,0.36
26390,26564,72280.34,0.28
26391,23447,480991.21,0.28
26392,6780,44913.92,0.15
26393,14787,183659.83,0.64
26394,24983,118001.52,0.43
26395,16849,227089.76,0.21
26396,23244,374736.33,0.55
26397,8746,302080.61,0.62
26398,19143,372160.14,0.66
26399,13461,175899.22,0.8
26400,30,451792.67,0.58
26401,22815,10297.55,0.88
26402,26306,20116.1,0.2
26403,18333,208771.37,0.42
26404,34703,132363.11,0.48
26405,23376,298841.66,0.86
26406,12304,89568.08,0.37
26407,5293,22055.65,0.27
26408,4835,56569.17,0.38
26409,16689,126499.31,0.6
26410,13753,420232.06,0.83
26411,255,424629.08,0.41
26412,28893,264789.28,0.59
26413,29864,335110.65,0.12
26414,6897,131251.05,0.75
26415,27153,363379.65,0.76
26416,16857,405157.82,0.51
26417,9105,106081.25,0.35
26418,2878,76701.66,0.53
26419,13533,365931.02,0.23
26420,12331,22334.17,0.62
26421,2377,188132.2,0.3
26422,23546,139818.14,0.79
26423,2444,320092.41,0.74
26424,27367,194771.48,0.14
26425,33590,125596.08,0.4
26426,31580,253559.42,0.77
26427,18579,112296.37,0.27
26428,28559,65254.64,0.73
26429,18116,241110.35,0.39
26430,4619,223624.33,0.85
26431,8060,211432.23,0.49
26432,20552,92177.14,0.14
26433,26311,234384.47,0.32
26434,22736,138665.18,0.26
26435,28630,353330.25,0.36
26436,16387,242551.58,0.86
26437,3584,169866.04,0.55
26438,18787,276715.59,0.84
26439,32461,465020.17,0.71
26440,9209,385544.79,0.81
26441,3064,211589.38,0.32
26442,16287,342184.37,0.39
26443,17928,348050.13,0.79
26444,10630,404674.03,0.11
26445,11683,447419.55,0.6
26446,4386,425273.83,0.26
26447,1668,173920.82,0.36
26448,3107,58824.41,0.53
26449,33863,427567.2,0.11
26450,9734,310504.91,0.45
26451,30118,209903.17,0.49
26452,31395,361121.93,0.15
26453,10151,70004.17,0.87
26454,30047,219517.55,0.46
26455,11310,484589.44,0.44
26456,31411,197068.03,0.72
26457,5801,233912.79,0.28
26458,806,27622.75,0.41
26459,13878,109625.02,0.63
26460,9139,432324.61,0.74
26461,30840,286931.7,0.75
26462,4445,194389.19,0.8
26463,24034,150940.43,0.27
26464,30944,478245.72,0.67
26465,17210,77928.65,0.39
26466,2261,273634.69,0.51
26467,32830,183612.83,0.3
26468,23718,351323.51,0.87
26469,14541,188896.08,0.33
26470,24575,340763.43,0.36
26471,16091,283919.62,0.48
26472,33448,166551.62,0.19
26473,29175,484803.24,0.62
26474,24807,387753.25,0.21
26475,10990,263765.86,0.11
26476,6250,69110.38,0.8
26477,30993,267177.0,0.57
26478,34916,473775.21,0.37
26479,22687,222728.44,0.37
26480,10278,407525.38,0.18
26481,13367,312167.4,0.59
26482,21076,66178.37,0.63
26483,15830,280282.05,0.4
26484,33010,199379.04,0.23
26485,3036,327833.37,0.77
26486,16213,17156.74,0.11
26487,30425,239550.52,0.16
26488,31141,471274.19,0.56
26489,7965,386873.86,0.19
26490,12458,263263.41,0.85
26491,21732,197727.95,0.26
26492,32182,380342.93,0.74
26493,33302,334776.26,0.9
26494,18697,471336.04,0.9
26495,13512,54560.42,0.17
26496,23118,359433.28,0.52
26497,21147,111714.06,0.71
26498,15126,118747.76,0.67
26499,28018,90166.94,0.36
26500,7782,298605.67,0.83
26501,27694,57903.69,0.18
26502,24911,86311.44,0.66
26503,29642,367663.96,0.84
26504,7766,467597.28,0.71
26505,10131,75118.82,0.42
26506,26734,76552.58,0.54
26507,1096,165656.8,0.6
26508,22340,29937.31,0.47
26509,29999,294971.69,0.27
26510,1277,386738.81,0.53
26511,20388,197500.35,0.37
26512,6221,237232.93,0.23
26513,17346,362354.79,0.45
26514,4438,203200.2,0.64
26515,260,88482.01,0.31
26516,28740,68458.32,0.5
26517,16060,270203.1,0.75
26518,12944,150153.33,0.6
26519,32709,347439.75,0.83
26520,20980,85450.03,0.26
26521,19306,68759.91,0.75
26522,4799,457540.04,0.41
26523,10257,68221.47,0.86
26524,3974,214861.09,0.37
26525,741,106787.3,0.45
26526,13418,186236.45,0.15
26527,23248,112664.08,0.77
26528,128,390820.76,0.89
26529,24977,126470.5,0.21
26530,27795,337266.92,0.14
26531,1643,272607.02,0.15
26532,11993,265701.41,0.39
26533,30453,68681.77,0.69
26534,33796,457257.41,0.66
26535,34040,463396.23,0.6
26536,5672,79408.36,0.66
26537,13577,54983.76,0.28
26538,14154,355943.74,0.54
26539,12494,491493.97,0.61
26540,27859,454820.23,0.34
26541,28740,187932.48,0.87
26542,17376,234763.13,0.88
26543,18359,123554.22,0.54
26544,4341,324076.69,0.83
26545,32336,257604.9,0.87
26546,7057,60756.27,0.77
26547,11211,299723.54,0.21
26548,32546,164001.47,0.89
26549,20583,487776.91,0.72
26550,30288,66078.21,0.9
26551,22944,51167.83,0.11
26552,22374,203783.5,0.66
26553,2386,366227.71,0.66
26554,13527,180448.96,0.31
26555,28511,305952.89,0.21
26556,14687,68956.0,0.27
26557,7226,167234.73,0.54
26558,31207,327051.24,0.76
26559,23329,73200.23,0.73
26560,10585,436915.56,0.49
26561,21313,408938.69,0.41
26562,9575,212905.41,0.6
26563,19014,37155.0,0.75
26564,30904,369148.98,0.21
26565,19503,297727.04,0.58
26566,455,22626.07,0.62
26567,13876,21295.81,0.84
26568,11955,332528.67,0.39
26569,16546,494387.48,0.32
26570,16147,111488.45,0.62
26571,18909,72471.22,0.41
26572,34206,28825.23,0.51
26573,11904,483155.19,0.24
26574,13447,97779.9,0.76
26575,909,281438.22,0.6
26576,34050,313480.76,0.66
26577,23297,59715.61,0.75
26578,29960,208889.92,0.53
26579,33704,262011.49,0.5
26580,7092,35761.04,0.29
26581,29527,337894.4,0.44
26582,9321,389535.61,0.18
26583,33114,425532.02,0.25
26584,15890,303600.92,0.17
26585,22733,94409.18,0.33
26586,10157,410997.09,0.38
26587,7061,409030.21,0.31
26588,5195,276576.85,0.7
26589,2267,75764.17,0.61
26590,9461,24845.02,0.44
26591,32597,417208.1,0.45
26592,3616,286340.79,0.36
26593,8192,245028.65,0.25
26594,702,40424.87,0.82
26595,14825,463779.62,0.63
26596,31952,22809.76,0.45
26597,20563,352792.71,0.56
26598,26420,351828.07,0.65
26599,4030,445407.79,0.49
26600,1992,49070.92,0.31
26601,18851,317357.03,0.23
26602,31866,231207.83,0.3
26603,18,38541.59,0.43
26604,9981,424880.59,0.36
26605,3172,319665.88,0.46
26606,20012,495838.11,0.54
26607,21942,484005.57,0.25
26608,27974,155510.14,0.54
26609,5305,64264.78,0.48
26610,12338,440235.33,0.79
26611,2665,152963.91,0.32
26612,16583,212071.37,0.45
26613,17514,407977.37,0.45
26614,34069,472057.4,0.83
26615,7970,127901.71,0.65
26616,20012,41208.54,0.82
26617,4874,405850.83,0.66
26618,14378,174819.07,0.89
26619,15991,291648.32,0.26
26620,16919,132357.09,0.31
26621,10678,345742.49,0.35
26622,2918,256509.8,0.21
26623,30533,30885.18,0.26
26624,6999,30366.45,0.7
26625,7780,162414.41,0.2
26626,29846,37825.04,0.68
26627,13250,49330.54,0.12
26628,2719,52739.57,0.25
26629,20166,168682.13,0.13
26630,1051,272898.07,0.48
26631,26408,32790.84,0.6
26632,23521,150146.62,0.54
26633,19684,46325.7,0.34
26634,8656,48161.39,0.12
26635,869,120888.47,0.77
26636,34489,237023.45,0.58
26637,20361,309606.94,0.61
26638,11189,104850.43,0.52
26639,1888,316586.54,0.7
26640,2513,216719.13,0.42
26641,19102,348807.8,0.22
26642,23928,398437.58,0.29
26643,24722,142722.8,0.11
26644,34541,498941.47,0.32
26645,927,191119.65,0.6
26646,14908,413114.58,0.27
26647,7978,84196.77,0.31
26648,27403,330426.92,0.57
26649,30663,291692.88,0.15
26650,3054,49144.16,0.79
26651,9461,155949.77,0.32
26652,16866,183192.76,0.68
26653,4678,336599.64,0.58
26654,23385,50418.32,0.6
26655,31275,255394.44,0.4
26656,24618,155654.0,0.48
26657,26465,188213.86,0.69
26658,5686,115971.31,0.12
26659,15312,83383.63,0.49
26660,22979,243149.17,0.14
26661,11360,200433.01,0.86
26662,591,409205.16,0.58
26663,26119,30984.88,0.81
26664,13944,311190.87,0.62
26665,742,281655.48,0.2
26666,1724,129739.02,0.41
26667,30637,287583.56,0.38
26668,25836,472872.93,0.44
26669,21293,272193.68,0.52
26670,27151,161324.68,0.87
26671,12555,160289.84,0.53
26672,24484,257653.71,0.48
26673,30743,65373.98,0.31
26674,34844,210577.37,0.82
26675,21874,355892.19,0.55
26676,12393,413496.94,0.45
26677,32408,149870.2,0.52
26678,10626,281449.29,0.66
26679,23519,423199.05,0.3
26680,964,405568.23,0.13
26681,7764,206323.11,0.44
26682,23288,249007.57,0.37
26683,14917,364899.05,0.19
26684,8500,461301.47,0.15
26685,10783,30209.2,0.28
26686,18314,133725.78,0.3
26687,4881,452967.2,0.86
26688,4515,112818.08,0.39
26689,1111,351966.29,0.16
26690,22765,152295.1,0.39
26691,8944,351349.89,0.7
26692,2901,300881.35,0.73
26693,18023,128354.71,0.42
26694,22196,398175.45,0.73
26695,30360,318082.26,0.88
26696,5811,321716.68,0.46
26697,19007,234588.34,0.42
26698,1812,404313.95,0.14
26699,23696,137696.98,0.84
26700,24714,466256.49,0.49
26701,3978,137317.39,0.14
26702,18499,32141.06,0.28
26703,6375,486421.59,0.81
26704,31690,494147.8,0.48
26705,2297,430587.01,0.48
26706,315,123650.99,0.76
26707,31565,486237.53,0.61
26708,1142,96240.38,0.14
26709,19282,319089.4,0.48
26710,10599,445487.05,0.52
26711,18728,428767.78,0.59
26712,27930,288205.08,0.14
26713,21665,110605.93,0.7
26714,578,277851.21,0.52
26715,13135,353370.52,0.74
26716,4973,323959.69,0.81
26717,22042,481535.2,0.37
26718,271,297794.69,0.87
26719,26022,294485.92,0.63
26720,6925,479835.12,0.14
26721,32028,263235.38,0.57
26722,33553,179643.25,0.48
26723,23677,206281.19,0.52
26724,1108,139726.37,0.14
26725,15124,126818.7,0.59
26726,28231,190392.34,0.62
26727,22129,479744.26,0.69
26728,8292,207069.68,0.6
26729,23331,121523.95,0.28
26730,24793,80716.35,0.4
26731,3725,338773.66,0.84
26732,33215,431904.3,0.11
26733,21354,456383.41,0.14
26734,32884,32461.66,0.56
26735,17850,471869.05,0.33
26736,11022,135392.04,0.27
26737,23817,296957.47,0.5
26738,10128,457752.87,0.64
26739,966,249995.64,0.42
26740,13087,140192.94,0.34
26741,23739,426169.46,0.89
26742,11381,276724.81,0.45
26743,8823,467627.71,0.32
26744,31668,210999.82,0.81
26745,28631,352830.25,0.42
26746,26772,94622.48,0.25
26747,22550,415411.45,0.75
26748,32641,418801.32,0.64
26749,28263,273484.69,0.33
26750,24381,111543.59,0.57
26751,33712,460987.52,0.28
26752,22735,319468.34,0.77
26753,23389,122004.53,0.67
26754,26234,182019.74,0.4
26755,9198,367971.1,0.58
26756,16340,58094.47,0.11
26757,13003,497298.21,0.68
26758,11231,424971.88,0.66
26759,16519,114814.67,0.62
26760,29810,40570.6,0.24
26761,29746,186485.54,0.13
26762,28941,120133.91,0.48
26763,14030,408847.91,0.17
26764,34478,466879.09,0.14
26765,27107,86897.14,0.23
26766,22722,44734.92,0.13
26767,6192,217098.69,0.79
26768,13648,460558.39,0.16
26769,11572,228694.8,0.2
26770,7536,262343.29,0.17
26771,4327,363634.55,0.25
26772,19032,415589.8,0.88
26773,7140,307809.76,0.29
26774,28207,159189.35,0.85
26775,30245,234540.54,0.74
26776,33601,22329.24,0.14
26777,2200,457122.81,0.4
26778,23116,197870.68,0.71
26779,16597,385212.44,0.51
26780,11754,83822.81,0.48
26781,21700,496918.12,0.77
26782,6282,359912.19,0.8
26783,20958,331106.35,0.45
26784,4762,465467.68,0.26
26785,25792,110975.56,0.76
26786,30792,492123.43,0.72
26787,11145,51887.57,0.44
26788,33166,489985.13,0.56
26789,24846,432637.64,0.48
26790,7312,450157.14,0.21
26791,15993,294386.54,0.83
26792,30860,54076.74,0.84
26793,25293,300771.5,0.71
26794,2607,287683.12,0.89
26795,16711,424600.31,0.77
26796,14821,162885.98,0.11
26797,34896,264812.44,0.7
26798,5847,18522.17,0.51
26799,17778,483621.65,0.73
26800,27916,211218.7,0.83
26801,4522,370659.06,0.52
26802,34027,182800.07,0.26
26803,4692,147685.05,0.35
26804,34853,274464.04,0.69
26805,19152,405788.52,0.33
26806,6517,214341.64,0.3
26807,30364,451071.31,0.82
26808,33435,104903.97,0.62
26809,28774,93652.0,0.11
26810,604,68456.22,0.37
26811,4772,161172.05,0.39
26812,28579,240780.11,0.24
26813,23639,364529.62,0.37
26814,10645,49030.07,0.56
26815,3,353707.22,0.88
26816,3775,471486.66,0.46
26817,5126,352059.59,0.89
26818,9390,35759.83,0.41
26819,7808,456850.81,0.48
26820,14055,272599.09,0.22
26821,6410,355495.77,0.66
26822,32523,98282.04,0.66
26823,10675,395512.6,0.63
26824,28184,25331.38,0.54
26825,24446,302460.28,0.51
26826,26194,293968.88,0.57
26827,33667,437743.18,0.12
26828,3365,396397.04,0.84
26829,13413,161919.85,0.4
26830,23248,412671.19,0.25
26831,23241,18216.54,0.37
26832,5355,331405.69,0.71
26833,1969,160645.31,0.11
26834,6711,282639.77,0.15
26835,22631,311779.48,0.34
26836,1259,26362.32,0.52
26837,20334,62141.44,0.19
26838,30566,406921.83,0.34
26839,12860,38817.2,0.37
26840,31613,434971.02,0.15
26841,18175,267575.1,0.69
26842,28620,385367.45,0.43
26843,7216,58096.39,0.5
26844,8679,85988.76,0.81
26845,14380,330424.09,0.43
26846,13842,36495.11,0.62
26847,15046,122096.22,0.19
26848,20535,289589.71,0.24
26849,21248,496392.58,0.77
26850,6646,389706.56,0.7
26851,27813,222175.01,0.89
26852,10309,393047.43,0.11
26853,21499,220338.75,0.65
26854,18871,140162.77,0.21
26855,17545,449436.62,0.2
26856,428,463398.44,0.64
26857,18098,334117.47,0.74
26858,21787,447444.57,0.19
26859,2965,379282.46,0.29
26860,20185,373999.63,0.26
26861,1569,391386.12,0.5
26862,23597,310515.81,0.39
26863,17176,111133.93,0.13
26864,25427,270215.54,0.16
26865,20872,214305.84,0.4
26866,9228,226849.04,0.52
26867,30923,82117.82,0.25
26868,9139,421222.3,0.86
26869,14678,83689.07,0.64
26870,25918,384585.41,0.84
26871,13185,124635.85,0.53
26872,10056,314371.09,0.53
26873,5686,447237.31,0.57
26874,23832,464653.36,0.63
26875,21215,367296.41,0.67
26876,33261,370348.46,0.41
26877,18112,23463.66,0.14
26878,15603,388985.49,0.28
26879,21634,205891.88,0.77
26880,13518,165399.9,0.61
26881,14144,229596.68,0.53
26882,31,490546.64,0.35
26883,6567,340525.53,0.56
26884,21805,439629.95,0.74
26885,28303,415081.54,0.23
26886,10230,266828.97,0.39
26887,34339,431116.84,0.37
26888,23002,298696.02,0.13
26889,30859,140384.78,0.19
26890,16236,75308.98,0.74
26891,17153,107263.41,0.22
26892,5865,13440.33,0.86
26893,15377,399497.05,0.73
26894,30134,41702.79,0.8
26895,3608,345528.13,0.58
26896,29826,425687.2,0.2
26897,6276,36700.15,0.16
26898,27208,347658.41,0.81
26899,21679,451525.43,0.75
26900,12542,426769.25,0.6
26901,34088,210496.91,0.31
26902,2623,303009.87,0.16
26903,28822,373576.3,0.54
26904,20708,280678.42,0.72
26905,4698,88008.68,0.24
26906,11503,232147.92,0.24
26907,582,402579.96,0.76
26908,7860,207966.92,0.33
26909,19490,101042.91,0.14
26910,8550,93786.33,0.36
26911,20209,498576.99,0.45
26912,32629,147363.55,0.12
26913,22384,278083.03,0.63
26914,19452,225870.2,0.31
26915,16090,234766.93,0.54
26916,9603,126239.75,0.56
26917,14335,399337.88,0.76
26918,28603,275309.39,0.41
26919,19126,209378.37,0.83
26920,3548,284904.43,0.7
26921,13130,59681.44,0.73
26922,9314,103143.65,0.38
26923,10277,25022.49,0.43
26924,3704,434899.58,0.81
26925,21260,135340.72,0.75
26926,30933,22572.33,0.4
26927,9210,475647.97,0.39
26928,33156,157754.17,0.22
26929,29459,290071.48,0.88
26930,152,254524.54,0.39
26931,21912,295197.81,0.61
26932,7563,400628.15,0.68
26933,33567,282777.42,0.15
26934,22737,107383.19,0.33
26935,13549,18244.94,0.84
26936,2860,277608.52,0.52
26937,20689,290978.28,0.23
26938,33667,438482.0,0.83
26939,24374,341116.22,0.44
26940,17187,352952.88,0.15
26941,5017,35702.7,0.57
26942,10901,162836.86,0.17
26943,421,352780.1,0.88
26944,2103,201221.46,0.78
26945,197,426879.36,0.16
26946,32111,96683.32,0.39
26947,3661,222321.38,0.77
26948,12201,237938.35,0.78
26949,18606,377177.82,0.42
26950,16909,351926.49,0.29
26951,7129,171825.12,0.31
26952,2058,293845.14,0.29
26953,25406,168514.36,0.36
26954,4069,423010.83,0.52
26955,11984,344546.71,0.7
26956,34361,340593.27,0.76
26957,18883,172168.07,0.8
26958,5541,204598.07,0.54
26959,33463,78805.65,0.77
26960,23857,266315.32,0.58
26961,7179,440582.92,0.22
26962,11385,439866.83,0.5
26963,7972,418216.01,0.82
26964,1195,239151.26,0.35
26965,32074,469502.8,0.56
26966,12090,289486.25,0.57
26967,12830,237618.27,0.83
26968,27727,159740.64,0.22
26969,17799,14775.3,0.83
26970,27639,17791.8,0.7
26971,26131,497067.12,0.36
26972,3366,88055.59,0.6
26973,25229,63861.68,0.77
26974,15755,492030.41,0.37
26975,24910,309276.19,0.3
26976,34564,230978.64,0.29
26977,10842,265554.63,0.8
26978,24697,33231.54,0.77
26979,16025,329870.63,0.54
26980,23482,245424.73,0.5
26981,27941,366669.46,0.22
26982,4199,353276.85,0.76
26983,13520,228253.62,0.71
26984,16856,429575.57,0.25
26985,24956,376289.1,0.49
26986,1700,266324.22,0.6
26987,20296,251163.78,0.19
26988,11019,129484.33,0.67
26989,33062,103100.2,0.69
26990,33138,195855.26,0.16
26991,9732,142401.62,0.51
26992,30137,167064.32,0.21
26993,24664,338082.32,0.63
26994,21948,311800.87,0.49
26995,23377,118625.57,0.23
26996,19572,461209.53,0.71
26997,28488,490028.47,0.45
26998,944,73968.86,0.61
26999,1678,350502.97,0.72
27000,15653,114766.65,0.28
27001,26848,190047.94,0.4
27002,14444,354261.81,0.86
27003,19696,85656.22,0.7
27004,31405,162474.21,0.32
27005,295,68055.9,0.71
27006,6884,238754.99,0.11
27007,32994,133489.25,0.45
27008,9195,371810.94,0.79
27009,10823,84747.99,0.39
27010,8049,160877.65,0.9
27011,6055,417685.19,0.22
27012,7382,61926.91,0.82
27013,9974,43607.07,0.12
27014,19906,11651.52,0.86
27015,3218,275387.0,0.21
27016,21047,423557.09,0.66
27017,28525,78042.17,0.11
27018,27215,105334.82,0.66
27019,28130,32508.35,0.68
27020,17194,382400.69,0.24
27021,20852,33363.94,0.4
27022,19699,191083.09,0.17
27023,17948,189857.25,0.87
27024,14041,420342.64,0.28
27025,33544,178961.92,0.11
27026,32450,280747.91,0.46
27027,29840,64502.35,0.36
27028,29119,483415.78,0.41
27029,18004,60904.62,0.73
27030,704,336542.48,0.43
27031,34751,81741.67,0.27
27032,12352,374780.49,0.49
27033,24396,44670.15,0.46
27034,7286,222195.95,0.18
27035,21558,231996.37,0.11
27036,5065,473916.91,0.3
27037,34404,308001.5,0.26
27038,23740,27282.78,0.27
27039,26977,84759.79,0.47
27040,25136,389626.53,0.2
27041,31115,417617.05,0.13
27042,25120,301368.76,0.78
27043,4526,412899.64,0.22
27044,26254,416624.91,0.61
27045,33531,396865.47,0.53
27046,5011,343817.05,0.49
27047,15009,331479.91,0.69
27048,14670,145332.18,0.76
27049,32744,209364.55,0.16
27050,27498,475691.8,0.42
27051,18116,383204.18,0.61
27052,13740,196228.65,0.65
27053,1434,333379.47,0.15
27054,21516,32541.46,0.64
27055,30955,227653.05,0.57
27056,17494,371528.05,0.75
27057,5255,98491.84,0.2
27058,16059,16612.82,0.11
27059,1170,277281.13,0.36
27060,1394,471116.0,0.72
27061,12836,320642.44,0.47
27062,28734,34124.06,0.2
27063,23805,349975.87,0.67
27064,8968,122962.95,0.47
27065,26153,488297.89,0.4
27066,31098,395411.62,0.37
27067,20453,51997.14,0.1
27068,1488,384007.57,0.11
27069,28688,153354.55,0.63
27070,18700,206139.64,0.21
27071,30616,17894.32,0.37
27072,10091,264195.99,0.83
27073,29787,370522.08,0.61
27074,28589,35840.6,0.64
27075,34984,355348.9,0.63
27076,19559,341845.29,0.65
27077,2451,336389.62,0.83
27078,19146,130587.51,0.27
27079,34018,201541.86,0.29
27080,19485,467410.41,0.48
27081,28828,202643.01,0.88
27082,31855,141911.57,0.28
27083,22880,342350.15,0.25
27084,1494,184560.33,0.14
27085,30236,391528.76,0.6
27086,27387,143514.1,0.81
27087,31171,93386.94,0.37
27088,24473,51301.9,0.32
27089,31354,364656.87,0.3
27090,485,340992.0,0.3
27091,32167,475217.78,0.86
27092,25712,101082.28,0.52
27093,10964,91832.66,0.54
27094,19717,303936.37,0.22
27095,29538,396029.36,0.46
27096,28178,404203.63,0.88
27097,18541,453094.05,0.78
27098,15550,138477.34,0.2
27099,25482,16154.77,0.42
27100,15680,458971.26,0.73
27101,1119,118305.24,0.62
27102,15239,117818.14,0.88
27103,16075,310386.11,0.18
27104,4036,36279.83,0.85
27105,7828,243754.67,0.76
27106,7052,335439.51,0.65
27107,7971,278191.48,0.8
27108,15358,210383.54,0.63
27109,2222,477642.05,0.78
27110,10830,322036.27,0.38
27111,23560,159663.62,0.22
27112,24103,309040.9,0.71
27113,26241,417290.56,0.58
27114,27483,298579.31,0.5
27115,12432,397902.01,0.1
27116,21423,56166.84,0.31
27117,34806,498936.94,0.9
27118,12877,111918.64,0.79
27119,5007,116144.58,0.27
27120,33773,254869.19,0.88
27121,28701,155172.24,0.16
27122,34737,107197.9,0.6
27123,8708,23329.31,0.13
27124,1459,175334.45,0.17
27125,1409,364883.39,0.53
27126,12463,425636.72,0.81
27127,32715,329604.01,0.61
27128,2945,180882.92,0.23
27129,31193,314686.83,0.25
27130,8107,132205.96,0.9
27131,14808,76241.78,0.36
27132,31780,348513.2,0.38
27133,11834,347901.97,0.65
27134,3310,335955.01,0.52
27135,13035,173293.59,0.66
27136,8301,303886.15,0.5
27137,25650,121139.54,0.83
27138,10640,124836.17,0.52
27139,8821,299548.03,0.65
27140,19992,469197.88,0.28
27141,3067,450048.29,0.48
27142,23837,169312.49,0.48
27143,16385,145795.02,0.47
27144,1529,85559.75,0.85
27145,3972,276066.7,0.26
27146,31417,25905.63,0.3
27147,34541,391308.6,0.77
27148,16441,266442.0,0.76
27149,31245,351529.4,0.81
27150,15088,115871.41,0.14
27151,1004,124296.45,0.59
27152,11302,145696.73,0.23
27153,15831,137553.52,0.75
27154,8830,417318.29,0.23
27155,4051,291369.97,0.32
27156,25462,39215.57,0.59
27157,9520,435617.78,0.86
27158,8949,157686.96,0.73
27159,9842,387747.02,0.45
27160,26162,356405.83,0.81
27161,9101,201587.95,0.27
27162,16330,76642.34,0.14
27163,32683,260783.43,0.4
27164,26683,482365.95,0.46
27165,23993,467499.67,0.72
27166,34586,359278.77,0.44
27167,1437,438911.23,0.82
27168,31792,327174.53,0.65
27169,16301,321594.92,0.33
27170,3862,301050.59,0.5
27171,26556,60882.11,0.52
27172,34700,134920.0,0.57
27173,28868,40798.14,0.46
27174,34592,41253.09,0.47
27175,22860,182259.92,0.36
27176,1820,38476.22,0.19
27177,31187,403504.53,0.54
27178,29674,407289.89,0.26
27179,26311,261016.9,0.33
27180,659,370429.27,0.85
27181,12114,53965.42,0.27
27182,5673,175170.65,0.22
27183,13280,236650.97,0.48
27184,22953,179954.17,0.51
27185,14292,200881.12,0.87
27186,31508,98805.68,0.47
27187,26521,161029.77,0.4
27188,29577,85546.7,0.69
27189,17843,393586.06,0.67
27190,27701,357978.74,0.21
27191,28335,202679.35,0.49
27192,5204,449587.91,0.55
27193,33893,393534.16,0.4
27194,1603,72144.91,0.23
27195,5565,457389.96,0.85
27196,13737,397549.95,0.24
27197,10141,415338.77,0.4
27198,18143,284867.27,0.87
27199,19106,30864.45,0.49
27200,21910,304389.14,0.72
27201,14348,179985.66,0.48
27202,7080,482780.3,0.36
27203,12112,281612.62,0.59
27204,24172,212924.14,0.34
27205,29969,123448.37,0.47
27206,32158,366822.6,0.45
27207,34688,190374.81,0.62
27208,26817,384178.0,0.13
27209,15723,392879.28,0.89
27210,3401,458265.46,0.43
27211,28320,263623.39,0.9
27212,16916,189037.77,0.69
27213,5486,434360.16,0.64
27214,25051,194959.4,0.48
27215,13129,426379.08,0.76
27216,4736,106383.92,0.44
27217,1036,193300.04,0.63
27218,330,43175.74,0.24
27219,11721,327743.66,0.58
27220,3866,100326.38,0.57
27221,13177,202476.13,0.54
27222,22057,33889.22,0.75
27223,21097,386190.77,0.54
27224,33869,434916.66,0.44
27225,4365,182286.87,0.89
27226,2421,343186.66,0.8
27227,3813,247941.88,0.83
27228,4072,155518.53,0.74
27229,34728,384023.08,0.49
27230,21592,114314.08,0.3
27231,31348,463024.45,0.8
27232,9639,171835.44,0.59
27233,26051,405256.42,0.1
27234,3202,86131.76,0.87
27235,3843,133730.97,0.17
27236,13053,438762.3,0.88
27237,28742,307916.31,0.19
27238,3131,97794.48,0.56
27239,33476,467983.8,0.21
27240,1891,403987.27,0.31
27241,6339,464887.6,0.3
27242,33208,49686.38,0.76
27243,34182,111216.84,0.74
27244,16206,161562.87,0.87
27245,34950,75559.37,0.65
27246,32206,247855.16,0.17
27247,172,443094.33,0.68
27248,2953,194998.34,0.11
27249,24686,363309.65,0.7
27250,22814,466671.63,0.8
27251,936,103123.48,0.64
27252,30972,121024.88,0.17
27253,8154,40271.64,0.72
27254,34795,125685.27,0.82
27255,1810,372075.38,0.85
27256,19865,235001.98,0.12
27257,3695,460925.34,0.57
27258,17944,78785.66,0.68
27259,7474,96172.35,0.67
27260,27858,360251.53,0.27
27261,16815,32286.13,0.14
27262,34175,481593.18,0.47
27263,20553,459466.21,0.2
27264,7144,192378.55,0.87
27265,13404,340502.62,0.4
27266,14871,436999.31,0.39
27267,15928,370056.08,0.25
27268,32090,119934.7,0.66
27269,26564,446252.51,0.72
27270,3,80664.1,0.48
27271,4169,315711.81,0.32
27272,3229,43832.58,0.72
27273,24602,61770.35,0.76
27274,3701,285813.34,0.79
27275,587,312670.02,0.55
27276,14327,157317.53,0.84
27277,23421,401655.48,0.8
27278,477,435731.98,0.5
27279,26881,493420.7,0.12
27280,33552,339115.52,0.64
27281,22145,384494.19,0.39
27282,31450,262220.71,0.86
27283,31388,83026.08,0.63
27284,20307,33706.16,0.78
27285,250,270311.26,0.28
27286,9417,401915.45,0.75
27287,5991,200503.11,0.51
27288,19382,128855.89,0.85
27289,706,488781.52,0.16
27290,28767,247688.83,0.63
27291,23726,422016.18,0.42
27292,34066,93083.65,0.46
27293,19520,41690.11,0.61
27294,25807,305080.87,0.73
27295,23657,276742.54,0.48
27296,10621,451817.64,0.11
27297,30363,480697.11,0.85
27298,7798,483290.98,0.42
27299,15868,36229.5,0.29
27300,3873,115105.43,0.59
27301,21994,65834.65,0.28
27302,3528,206067.4,0.75
27303,33041,27201.33,0.44
27304,34953,93471.33,0.74
27305,11249,385171.04,0.41
27306,29136,259902.09,0.6
27307,16344,158661.77,0.52
27308,16447,317051.61,0.89
27309,6581,331734.66,0.69
27310,28131,463527.85,0.55
27311,26278,209354.8,0.26
27312,24945,496537.72,0.32
27313,5120,483577.32,0.39
27314,21218,362209.54,0.63
27315,31570,189748.62,0.31
27316,5486,81875.43,0.29
27317,34064,10858.46,0.82
27318,15291,227190.87,0.89
27319,792,328910.55,0.15
27320,28648,377856.11,0.13
27321,5536,141692.33,0.44
27322,26801,478605.06,0.59
27323,29777,144897.39,0.11
27324,24965,292258.42,0.4
27325,24585,209583.93,0.61
27326,18216,271925.49,0.2
27327,16957,227383.74,0.17
27328,22569,463870.49,0.22
27329,17571,72585.03,0.28
27330,809,24897.55,0.38
27331,13199,424446.7,0.27
27332,23316,497706.02,0.5
27333,30206,264445.89,0.35
27334,27211,482090.34,0.44
27335,20942,364532.24,0.33
27336,16819,271258.33,0.5
27337,13762,225184.55,0.23
27338,28045,232651.29,0.25
27339,207,75987.87,0.41
27340,27416,139886.59,0.62
27341,1189,493285.69,0.32
27342,31301,133915.41,0.29
27343,25980,439914.83,0.72
27344,77,348318.83,0.56
27345,19834,477432.34,0.3
27346,32960,491145.27,0.42
27347,26664,19502.46,0.31
27348,26431,15392.73,0.43
27349,6071,39122.93,0.3
27350,146,423656.24,0.87
27351,7934,75466.33,0.49
27352,18579,350271.22,0.56
27353,20111,423210.61,0.33
27354,2389,309050.22,0.41
27355,18528,447998.02,0.61
27356,23385,258941.41,0.8
27357,5018,257019.57,0.17
27358,34285,75637.53,0.21
27359,34482,398079.19,0.37
27360,3033,264095.03,0.84
27361,27337,107423.87,0.36
27362,765,49740.77,0.23
27363,13074,422160.74,0.55
27364,9812,193185.74,0.13
27365,27842,383811.42,0.9
27366,5347,237274.74,0.31
27367,1936,284558.46,0.75
27368,24953,42489.59,0.23
27369,26521,362593.26,0.81
27370,33972,359246.33,0.78
27371,932,88779.74,0.8
27372,19550,462976.77,0.57
27373,23356,268237.31,0.2
27374,15818,115282.71,0.13
27375,27935,463322.6,0.77
27376,13533,227153.68,0.3
27377,17465,343682.56,0.41
27378,33147,237670.4,0.2
27379,20001,361031.88,0.17
27380,6415,159308.87,0.77
27381,28440,80664.27,0.64
27382,20378,343622.45,0.78
27383,32232,161250.95,0.43
27384,7621,498716.76,0.17
27385,30367,74365.88,0.46
27386,25112,227893.39,0.77
27387,31640,428876.19,0.54
27388,25197,180255.47,0.6
27389,24794,388952.31,0.36
27390,33253,229102.52,0.4
27391,1959,391758.24,0.17
27392,1871,411105.32,0.54
27393,14231,176206.43,0.56
27394,15528,61321.73,0.39
27395,16916,360455.55,0.22
27396,21161,210247.41,0.7
27397,2847,153886.58,0.5
27398,27830,227894.63,0.17
27399,27234,12746.15,0.28
27400,18919,98717.41,0.64
27401,14698,218868.65,0.59
27402,16354,160163.06,0.43
27403,26942,464725.3,0.25
27404,158,388206.32,0.7
27405,15117,262304.81,0.24
27406,22965,63845.26,0.63
27407,5641,332263.63,0.47
27408,17260,298652.14,0.51
27409,2041,272555.8,0.78
27410,17611,304501.29,0.2
27411,13129,337494.04,0.55
27412,27413,374439.57,0.12
27413,27777,234519.84,0.63
27414,19955,261386.08,0.51
27415,35,354702.14,0.62
27416,24496,302690.92,0.87
27417,9707,96514.02,0.11
27418,28451,464061.38,0.15
27419,13659,167995.98,0.1
27420,6958,391830.11,0.73
27421,23048,487610.92,0.7
27422,22749,382747.36,0.37
27423,14134,337305.37,0.89
27424,32818,25308.63,0.75
27425,8974,411262.62,0.21
27426,1130,92808.63,0.21
27427,30104,128509.98,0.48
27428,18654,278209.88,0.23
27429,11794,204663.03,0.37
27430,4413,289785.05,0.45
27431,17355,489624.75,0.4
27432,16423,119805.24,0.49
27433,6551,253345.99,0.88
27434,34202,342063.98,0.65
27435,6685,460465.82,0.36
27436,958,61885.72,0.64
27437,29291,372218.89,0.14
27438,11135,246971.96,0.14
27439,30573,438207.63,0.46
27440,33747,30636.93,0.2
27441,12691,259812.43,0.71
27442,10748,299528.34,0.18
27443,27075,355704.08,0.4
27444,4949,191750.74,0.43
27445,22495,198061.58,0.74
27446,27044,332928.02,0.64
27447,30725,199537.98,0.36
27448,3827,487951.94,0.76
27449,11844,498011.6,0.3
27450,34026,221224.47,0.56
27451,34712,474976.04,0.6
27452,30242,443210.48,0.56
27453,13920,139258.04,0.2
27454,1981,217683.37,0.38
27455,33270,37470.84,0.12
27456,3123,418924.59,0.26
27457,17934,409725.98,0.29
27458,10088,239938.81,0.61
27459,22493,414932.85,0.89
27460,20013,37552.45,0.26
27461,34119,240384.07,0.49
27462,25882,182468.74,0.62
27463,27773,35265.13,0.31
27464,2852,451571.76,0.12
27465,12197,375319.38,0.81
27466,27859,410667.58,0.71
27467,23799,176955.02,0.51
27468,9615,260617.9,0.54
27469,29943,471761.94,0.49
27470,27639,364583.42,0.57
27471,12799,289684.44,0.39
27472,11956,305506.05,0.74
27473,9745,117542.77,0.4
27474,14627,159370.18,0.7
27475,16862,293152.59,0.5
27476,4249,228802.71,0.42
27477,29162,460750.65,0.48
27478,32124,247192.03,0.76
27479,19294,331997.92,0.27
27480,14740,185255.1,0.49
27481,3104,380515.35,0.42
27482,20206,91858.83,0.2
27483,2113,177655.43,0.53
27484,29564,393501.45,0.66
27485,5356,396350.26,0.13
27486,30312,233270.73,0.47
27487,27050,174097.08,0.72
27488,16132,89847.64,0.62
27489,28428,385147.29,0.78
27490,5671,410173.68,0.28
27491,7783,167799.82,0.69
27492,24023,82507.79,0.65
27493,17869,290276.56,0.25
27494,2241,124205.06,0.13
27495,4127,30627.52,0.89
27496,1811,49862.82,0.25
27497,22612,414969.52,0.38
27498,5661,371790.2,0.52
27499,22487,316383.01,0.41
27500,15493,201326.22,0.76
27501,28151,426906.7,0.19
27502,12875,86937.41,0.75
27503,7102,34116.81,0.64
27504,13584,285753.91,0.48
27505,29332,267775.19,0.61
27506,13386,107591.11,0.67
27507,21368,245722.56,0.12
27508,5869,118829.06,0.47
27509,26246,340782.97,0.89
27510,25246,121891.2,0.41
27511,9214,388887.98,0.31
27512,32254,186177.95,0.36
27513,9404,264350.48,0.57
27514,10168,60568.14,0.74
27515,11504,186791.01,0.28
27516,4480,96379.38,0.51
27517,7304,268366.95,0.65
27518,4253,389601.56,0.5
27519,7804,471718.66,0.15
27520,7941,262271.93,0.28
27521,19625,79677.8,0.58
27522,9775,425425.22,0.27
27523,19846,176753.48,0.35
27524,28347,19724.3,0.51
27525,20019,237630.26,0.3
27526,11319,162762.5,0.18
27527,1257,438501.27,0.53
27528,29112,476869.03,0.63
27529,25385,167850.48,0.17
27530,26889,483287.99,0.37
27531,2910,65334.5,0.13
27532,34915,211722.36,0.51
27533,15984,261198.21,0.6
27534,11196,199089.4,0.67
27535,26658,121915.88,0.76
27536,28031,26885.53,0.74
27537,24084,85124.45,0.34
27538,16823,70246.0,0.16
27539,9634,438096.26,0.55
27540,12297,170592.57,0.43
27541,3238,485957.85,0.31
27542,19274,290413.29,0.64
27543,7207,180016.77,0.71
27544,15118,39286.29,0.58
27545,30087,19403.57,0.19
27546,10309,134875.62,0.43
27547,10852,215747.1,0.6
27548,23696,166975.83,0.64
27549,20200,146512.82,0.83
27550,33830,334344.63,0.33
27551,6261,39043.44,0.26
27552,11910,134822.41,0.7
27553,29328,436182.92,0.17
27554,618,242091.0,0.67
27555,10052,469358.34,0.22
27556,8907,327674.42,0.44
27557,9167,331591.07,0.34
27558,2760,172874.25,0.4
27559,27523,453063.24,0.48
27560,887,67616.47,0.17
27561,16033,193242.21,0.46
27562,18782,151650.55,0.85
27563,13830,437401.86,0.75
27564,23861,378235.26,0.67
27565,14604,195116.03,0.27
27566,27661,104840.09,0.65
27567,3286,368545.51,0.6
27568,9803,497352.36,0.59
27569,19169,227307.01,0.77
27570,7069,487060.06,0.79
27571,8357,369481.28,0.68
27572,11607,81371.54,0.79
27573,11134,356378.85,0.51
27574,11835,293716.13,0.14
27575,32530,157736.51,0.8
27576,20462,53590.87,0.49
27577,737,352212.57,0.7
27578,20612,88231.92,0.74
27579,15475,131333.16,0.75
27580,17830,303746.34,0.7
27581,21308,385847.1,0.29
27582,2569,271456.79,0.2
27583,33949,115392.0,0.72
27584,16035,10201.55,0.26
27585,16498,126629.27,0.56
27586,18798,403695.43,0.67
27587,799,467723.64,0.86
27588,29768,284677.76,0.71
27589,28270,423613.83,0.52
27590,32279,254755.96,0.69
27591,26279,218081.51,0.76
27592,362,206974.12,0.75
27593,2399,477905.32,0.49
27594,1939,52512.1,0.25
27595,28956,149441.26,0.56
27596,13541,21545.06,0.71
27597,22170,460990.88,0.76
27598,24949,39537.45,0.59
27599,2361,172567.75,0.49
27600,18214,481411.19,0.45
27601,30218,381859.1,0.6
27602,17941,44891.24,0.77
27603,30686,188925.46,0.22
27604,25583,223239.49,0.41
27605,22361,389508.57,0.2
27606,32861,380827.6,0.2
27607,20771,41043.25,0.21
27608,32911,450201.47,0.6
27609,5371,482971.58,0.89
27610,16936,17186.83,0.52
27611,17983,26032.68,0.75
27612,22955,165185.45,0.7
27613,1677,133811.55,0.6
27614,13751,14610.01,0.38
27615,31574,124772.76,0.75
27616,15874,439775.34,0.9
27617,31765,90642.23,0.32
27618,11515,296934.74,0.75
27619,24475,477019.34,0.46
27620,29471,98486.44,0.38
27621,21550,228340.92,0.86
27622,15191,93878.35,0.68
27623,3612,105422.42,0.11
27624,1369,482035.05,0.34
27625,8827,421567.43,0.81
27626,28400,273259.13,0.79
27627,26502,146153.35,0.85
27628,7406,72771.14,0.67
27629,29091,17539.33,0.48
27630,27206,389071.05,0.26
27631,29532,225592.67,0.26
27632,32055,449332.67,0.69
27633,11093,114936.07,0.55
27634,25343,68026.32,0.46
27635,15731,102147.76,0.34
27636,27566,335506.38,0.89
27637,16645,368081.5,0.62
27638,16563,155185.43,0.71
27639,28179,49665.78,0.31
27640,14986,141719.65,0.6
27641,7936,497579.13,0.11
27642,18973,453775.1,0.66
27643,9406,400960.53,0.21
27644,11515,57739.59,0.64
27645,5093,130067.44,0.69
27646,6543,319655.74,0.22
27647,1017,78656.99,0.9
27648,14730,245465.51,0.58
27649,29497,171188.93,0.78
27650,24049,428263.41,0.74
27651,22331,292383.94,0.49
27652,684,333924.89,0.87
27653,34572,20399.81,0.41
27654,10048,233278.54,0.55
27655,17427,351475.18,0.73
27656,16199,391604.92,0.22
27657,15645,214399.01,0.81
27658,22496,297252.0,0.4
27659,27215,68964.09,0.36
27660,19446,109925.46,0.22
27661,32929,402268.71,0.61
27662,26565,248576.68,0.63
27663,15406,376270.21,0.67
27664,10731,457068.36,0.15
27665,33838,481459.53,0.34
27666,17546,314002.11,0.38
27667,1313,222033.31,0.24
27668,15390,90312.4,0.78
27669,29813,292204.66,0.3
27670,11949,41595.75,0.66
27671,11746,451007.75,0.34
27672,27335,330759.21,0.26
27673,6531,258473.31,0.75
27674,26240,83070.34,0.16
27675,34085,176662.63,0.81
27676,16288,289905.68,0.71
27677,25142,335595.85,0.3
27678,6050,362916.77,0.3
27679,11989,293801.54,0.11
27680,18474,209317.69,0.82
27681,10326,354037.18,0.46
27682,28829,225120.35,0.53
27683,29387,454791.65,0.68
27684,20952,263240.41,0.57
27685,2024,191601.46,0.14
27686,25893,361407.55,0.88
27687,7771,324903.54,0.14
27688,19406,328352.62,0.12
27689,6146,215909.82,0.83
27690,21412,451265.46,0.66
27691,3867,341703.62,0.52
27692,14848,395859.89,0.55
27693,11508,242249.53,0.44
27694,17837,185970.4,0.83
27695,10910,189652.05,0.38
27696,14015,341093.94,0.64
27697,30116,301009.96,0.3
27698,9870,497358.24,0.61
27699,33471,127198.08,0.31
27700,22770,422325.83,0.58
27701,23253,67824.51,0.89
27702,19774,270596.72,0.34
27703,15773,411495.8,0.82
27704,33706,416686.04,0.32
27705,8669,312994.84,0.37
27706,25915,21235.0,0.26
27707,19540,130196.69,0.2
27708,26071,142047.71,0.16
27709,11252,464618.84,0.87
27710,15785,330464.76,0.56
27711,1010,180083.08,0.89
27712,24526,12566.83,0.88
27713,11834,441620.61,0.1
27714,17078,447652.05,0.72
27715,4900,314911.61,0.27
27716,1917,46418.37,0.51
27717,8165,227868.48,0.76
27718,26699,198704.44,0.13
27719,31493,446179.93,0.11
27720,12567,409934.24,0.53
27721,34188,42698.65,0.88
27722,19262,395000.62,0.74
27723,29656,179555.13,0.12
27724,25274,425575.08,0.63
27725,11237,233049.5,0.28
27726,3731,109172.88,0.67
27727,17519,134578.41,0.23
27728,19878,295917.41,0.8
27729,20697,23760.05,0.71
27730,11271,52937.39,0.51
27731,19132,84945.25,0.11
27732,11064,131161.54,0.51
27733,11836,219067.92,0.59
27734,7070,188810.97,0.68
27735,32571,384504.04,0.66
27736,4960,363327.97,0.67
27737,16158,183639.2,0.63
27738,16442,298295.79,0.81
27739,3042,113982.95,0.47
27740,33246,135765.83,0.68
27741,30198,142567.85,0.29
27742,27831,443692.64,0.89
27743,30150,239467.42,0.75
27744,28554,387966.54,0.67
27745,122,464576.28,0.61
27746,33547,299211.28,0.53
27747,15613,402042.55,0.52
27748,15695,451168.74,0.11
27749,15436,281165.93,0.21
27750,26666,214283.63,0.31
27751,13349,467316.83,0.34
27752,7527,390672.54,0.71
27753,32426,54826.3,0.41
27754,5991,343608.43,0.49
27755,9312,87629.26,0.1
27756,2099,424311.81,0.8
27757,18166,207107.03,0.74
27758,19052,292540.77,0.66
27759,5959,83928.1,0.33
27760,12045,366645.96,0.11
27761,14496,321909.4,0.11
27762,19284,273147.07,0.36
27763,23267,232660.66,0.37
27764,17932,496834.19,0.4
27765,30788,242493.64,0.5
27766,2750,429533.26,0.85
27767,14302,222501.88,0.37
27768,11220,47209.76,0.45
27769,19508,198148.65,0.41
27770,2148,60164.02,0.66
27771,16491,102016.85,0.78
27772,13164,394599.07,0.84
27773,20200,46664.55,0.15
27774,18435,118425.86,0.42
27775,34869,387649.68,0.76
27776,19730,361859.77,0.7
27777,30350,105479.45,0.76
27778,15772,55918.62,0.46
27779,2765,178344.2,0.74
27780,19167,415909.9,0.63
27781,28130,412588.2,0.73
27782,14372,413160.23,0.38
27783,22146,293128.5,0.3
27784,10399,155611.99,0.65
27785,2215,211421.31,0.58
27786,21866,263094.74,0.11
27787,10382,358794.92,0.76
27788,27433,383716.08,0.62
27789,99,468556.99,0.85
27790,8766,93672.56,0.84
27791,13817,272329.5,0.3
27792,24730,471875.56,0.55
27793,19539,176351.71,0.47
27794,13910,19450.26,0.34
27795,5973,322062.06,0.41
27796,6352,482585.04,0.31
27797,19525,187197.92,0.65
27798,5591,70884.77,0.26
27799,32234,364250.81,0.25
27800,17720,157466.68,0.26
27801,10493,36137.54,0.21
27802,23368,404080.54,0.88
27803,9680,242410.88,0.36
27804,13831,123842.62,0.21
27805,26311,49113.39,0.25
27806,26511,129078.2,0.44
27807,8156,155892.96,0.69
27808,11182,360787.9,0.33
27809,23550,185446.84,0.12
27810,7297,323671.6,0.21
27811,32015,143987.56,0.7
27812,29749,138905.84,0.16
27813,14199,311652.18,0.43
27814,8201,226132.95,0.47
27815,18508,427719.33,0.69
27816,6192,383731.15,0.13
27817,8219,118413.47,0.31
27818,27086,331320.78,0.45
27819,28711,213740.14,0.84
27820,1283,17097.06,0.77
27821,25828,480372.08,0.56
27822,33207,478024.47,0.27
27823,33009,39880.65,0.18
27824,29575,424315.55,0.79
27825,13078,481110.56,0.77
27826,13089,110536.7,0.61
27827,8606,405588.96,0.53
27828,13557,310033.27,0.77
27829,20872,212118.31,0.59
27830,26565,60916.09,0.72
27831,15837,499153.68,0.35
27832,10492,238562.5,0.22
27833,14323,398784.82,0.41
27834,22646,152862.8,0.75
27835,33771,88961.19,0.23
27836,10625,56672.73,0.25
27837,5144,110909.63,0.16
27838,20415,183329.7,0.6
27839,6437,431320.87,0.2
27840,29538,121905.58,0.65
27841,5728,446217.13,0.29
27842,21531,483705.6,0.85
27843,5148,17798.16,0.33
27844,34429,165875.99,0.37
27845,29110,36705.5,0.25
27846,30132,299209.69,0.86
27847,15977,16796.63,0.34
27848,16809,45533.87,0.29
27849,10891,294613.18,0.83
27850,17822,26199.2,0.75
27851,12785,142945.02,0.74
27852,4096,462572.38,0.75
27853,5977,200259.15,0.47
27854,7857,298914.07,0.63
27855,5169,166953.23,0.66
27856,28735,302250.68,0.25
27857,27232,211697.71,0.18
27858,28120,479055.96,0.32
27859,27698,120119.99,0.37
27860,6528,132102.94,0.52
27861,31241,378215.76,0.8
27862,10556,478884.83,0.27
27863,33463,456519.07,0.16
27864,26024,187361.52,0.61
27865,9463,355069.77,0.7
27866,11204,74681.12,0.88
27867,20199,393367.34,0.38
27868,10640,478389.58,0.53
27869,31932,428697.75,0.49
27870,33218,161599.66,0.15
27871,15056,70058.93,0.86
27872,13510,203220.63,0.38
27873,13816,308909.7,0.75
27874,19538,64921.28,0.6
27875,2249,33191.9,0.68
27876,17844,50905.39,0.53
27877,34888,170556.53,0.33
27878,25014,433069.31,0.51
27879,5525,441516.12,0.58
27880,31604,418362.02,0.33
27881,33315,290120.73,0.21
27882,11857,49939.02,0.11
27883,15695,345390.12,0.25
27884,3274,181159.25,0.35
27885,18649,35805.46,0.68
27886,5891,461399.23,0.39
27887,17899,42524.99,0.8
27888,2741,374698.21,0.62
27889,5416,328172.85,0.17
27890,24281,126832.39,0.44
27891,20042,286949.04,0.22
27892,31531,140206.23,0.36
27893,10724,205703.38,0.23
27894,25274,213416.04,0.86
27895,12905,219569.32,0.5
27896,25689,187405.76,0.82
27897,17509,253005.89,0.64
27898,6706,260984.43,0.3
27899,3971,361677.32,0.89
27900,34459,423081.72,0.88
27901,6369,396797.68,0.16
27902,11455,52857.06,0.59
27903,34634,193732.73,0.61
27904,34840,135685.55,0.16
27905,4592,476051.38,0.17
27906,15923,269978.78,0.59
27907,31862,260908.18,0.68
27908,6482,296084.05,0.75
27909,33372,47347.69,0.73
27910,12640,59256.54,0.52
27911,31522,62455.15,0.47
27912,11387,489711.29,0.62
27913,13995,218582.76,0.62
27914,15896,325181.68,0.35
27915,5456,243473.0,0.13
27916,18345,423306.59,0.75
27917,31207,166263.7,0.59
27918,27199,116602.57,0.75
27919,10134,306789.88,0.79
27920,11766,217198.69,0.58
27921,15769,52932.37,0.66
27922,34173,476596.05,0.74
27923,1075,447333.36,0.73
27924,1546,464388.37,0.2
27925,16804,333064.94,0.23
27926,3910,410543.34,0.6
27927,28217,468749.0,0.21
27928,12713,24609.11,0.21
27929,33288,424915.79,0.79
27930,2541,350477.78,0.13
27931,16452,78711.61,0.26
27932,23772,252785.29,0.43
27933,22422,131498.55,0.34
27934,28430,264350.64,0.3
27935,24624,50784.87,0.23
27936,14829,407818.96,0.81
27937,34084,234589.85,0.62
27938,7439,404663.26,0.33
27939,7371,270704.38,0.65
27940,27114,348045.82,0.83
27941,20778,46823.98,0.53
27942,8062,291862.17,0.26
27943,1963,134227.14,0.81
27944,30149,150054.85,0.87
27945,26040,171999.11,0.35
27946,26443,352639.45,0.51
27947,22872,320486.65,0.7
27948,33777,330630.62,0.42
27949,8786,262413.45,0.14
27950,20196,252231.47,0.42
27951,27404,204994.8,0.62
27952,29446,481983.96,0.12
27953,16111,201314.64,0.75
27954,2597,455787.46,0.57
27955,15756,96378.89,0.77
27956,30815,235981.06,0.18
27957,14002,434460.17,0.67
27958,25268,260900.59,0.18
27959,18038,127735.44,0.45
27960,768,208953.65,0.57
27961,14505,299336.76,0.39
27962,28577,421011.27,0.62
27963,21137,137799.45,0.57
27964,21020,318623.58,0.79
27965,32904,302702.97,0.28
27966,20032,19910.89,0.86
27967,33932,359574.03,0.27
27968,33834,157731.43,0.81
27969,11367,72719.45,0.53
27970,21872,79638.92,0.59
27971,19544,253614.72,0.18
27972,4793,400128.09,0.67
27973,7639,263776.42,0.11
27974,28776,206340.44,0.87
27975,25167,225334.69,0.81
27976,2114,433575.8,0.57
27977,3910,37966.03,0.66
27978,2604,392381.2,0.3
27979,28316,269410.48,0.22
27980,24696,462859.84,0.53
27981,3234,38683.06,0.77
27982,22762,245021.67,0.24
27983,9795,189431.1,0.82
27984,2293,109638.88,0.13
27985,24528,174785.65,0.53
27986,21420,228351.99,0.44
27987,4863,236426.5,0.63
27988,18985,353983.07,0.18
27989,21338,401755.4,0.48
27990,26353,52324.31,0.64
27991,27709,82069.89,0.11
27992,6825,371537.04,0.38
27993,31963,198327.92,0.22
27994,4913,390426.62,0.84
27995,29396,415849.43,0.73
27996,18776,415304.12,0.17
27997,18762,386725.59,0.38
27998,24860,369983.71,0.13
27999,10662,219283.15,0.41
28000,15871,60334.26,0.77
28001,33283,488191.0,0.31
28002,18630,179447.24,0.47
28003,9227,446793.34,0.57
28004,2991,129184.51,0.65
28005,18429,454676.87,0.52
28006,13231,392320.09,0.44
28007,20337,276936.43,0.64
28008,9834,343734.83,0.88
28009,11180,46985.63,0.86
28010,15609,150395.66,0.47
28011,32204,486530.79,0.19
28012,19583,384724.11,0.61
28013,31070,270518.09,0.54
28014,4710,412601.65,0.63
28015,12661,276157.54,0.31
28016,15416,167058.53,0.11
28017,10313,22491.09,0.82
28018,31038,227258.75,0.74
28019,32635,163256.62,0.38
28020,21454,345117.84,0.48
28021,23996,126780.98,0.85
28022,1014,477777.33,0.5
28023,25711,156438.98,0.64
28024,17933,34195.13,0.53
28025,23130,325580.77,0.28
28026,31093,25046.1,0.21
28027,10928,90005.99,0.15
28028,12962,128309.19,0.53
28029,33192,483671.99,0.89
28030,9350,225629.38,0.17
28031,3506,165310.64,0.22
28032,21378,193242.06,0.12
28033,28550,321753.82,0.72
28034,34057,144440.14,0.69
28035,28150,178190.77,0.58
28036,28230,440015.05,0.31
28037,2445,35988.48,0.28
28038,29346,453304.9,0.85
28039,10400,296143.18,0.88
28040,16143,104419.05,0.74
28041,21866,70123.43,0.28
28042,25613,176337.16,0.3
28043,14228,394648.65,0.54
28044,4692,263489.51,0.78
28045,8566,496890.23,0.55
28046,15407,137179.3,0.54
28047,9060,86493.03,0.4
28048,13527,451362.6,0.79
28049,13901,106782.74,0.19
28050,24921,379545.51,0.12
28051,17765,281990.35,0.65
28052,34013,47281.88,0.61
28053,17450,225166.65,0.43
28054,22437,177582.61,0.22
28055,22166,401871.33,0.6
28056,8342,310819.53,0.54
28057,6643,183811.38,0.69
28058,25235,348647.18,0.29
28059,29808,31738.49,0.89
28060,5671,27953.69,0.46
28061,3346,128874.95,0.41
28062,26210,148072.36,0.35
28063,20057,282539.89,0.51
28064,13905,143697.59,0.49
28065,9328,494557.0,0.27
28066,19740,98612.38,0.29
28067,13194,341735.09,0.29
28068,32232,184272.87,0.48
28069,1431,121696.01,0.8
28070,15431,176844.73,0.77
28071,6945,455318.24,0.76
28072,6618,270007.09,0.34
28073,26247,335815.21,0.64
28074,20035,70842.99,0.88
28075,32755,149911.03,0.54
28076,15730,112075.15,0.73
28077,147,294393.2,0.67
28078,10784,348193.26,0.37
28079,14445,439081.91,0.73
28080,12868,273151.42,0.43
28081,21124,469359.52,0.44
28082,20614,89636.63,0.78
28083,21703,170911.1,0.51
28084,19083,68049.35,0.24
28085,11776,185114.21,0.7
28086,13793,340895.51,0.69
28087,1245,214277.72,0.33
28088,24069,302077.11,0.18
28089,14822,45646.56,0.24
28090,1234,135829.1,0.38
28091,30863,247115.76,0.15
28092,15368,488368.02,0.64
28093,1820,266906.89,0.44
28094,22617,273055.51,0.34
28095,17886,283550.06,0.73
28096,2751,253417.24,0.74
28097,13779,455965.2,0.88
28098,9406,274012.62,0.85
28099,11145,396829.76,0.61
28100,18675,444576.21,0.49
28101,1727,158398.86,0.8
28102,19134,298262.18,0.89
28103,16750,448516.35,0.65
28104,29426,79632.67,0.35
28105,11912,433176.99,0.65
28106,30811,55194.22,0.29
28107,11750,452071.51,0.19
28108,6286,263600.32,0.12
28109,30935,460273.07,0.13
28110,29946,380935.48,0.66
28111,23793,334667.04,0.76
28112,23791,90750.07,0.11
28113,23041,475180.86,0.35
28114,17466,138404.87,0.28
28115,25579,113670.19,0.46
28116,33611,496283.63,0.47
28117,29833,85904.59,0.56
28118,1857,359044.69,0.54
28119,4381,311608.2,0.32
28120,3097,498164.56,0.21
28121,22272,85631.78,0.31
28122,13663,360926.23,0.44
28123,7438,223314.99,0.21
28124,774,412286.05,0.32
28125,1685,208102.33,0.61
28126,371,416423.72,0.89
28127,20299,170732.67,0.6
28128,17183,158998.44,0.77
28129,28210,45348.23,0.1
28130,19798,234354.42,0.37
28131,24721,364126.37,0.23
28132,7405,344847.96,0.76
28133,27334,383577.06,0.32
28134,17267,314856.76,0.35
28135,14643,243563.6,0.2
28136,2295,378524.0,0.63
28137,21414,64972.63,0.77
28138,22825,220832.12,0.54
28139,11591,51327.7,0.65
28140,30229,424338.9,0.55
28141,31508,214521.1,0.47
28142,16354,95027.09,0.86
28143,4656,431782.51,0.26
28144,9559,102980.54,0.62
28145,25175,291784.13,0.61
28146,33923,130133.02,0.47
28147,28366,461342.56,0.41
28148,18418,389642.95,0.64
28149,15560,416321.43,0.34
28150,11719,450896.4,0.84
28151,19561,259858.22,0.57
28152,7285,422638.72,0.52
28153,31655,102493.34,0.84
28154,20856,415293.01,0.57
28155,15411,90915.9,0.35
28156,18638,435693.9,0.79
28157,5287,287751.06,0.32
28158,3561,415041.54,0.14
28159,28491,156828.23,0.78
28160,24408,389347.38,0.56
28161,3601,241979.73,0.73
28162,33854,19685.37,0.13
28163,25011,120920.93,0.14
28164,6404,114086.98,0.39
28165,9648,494155.35,0.43
28166,2834,461435.97,0.58
28167,34676,164979.79,0.59
28168,27621,445870.33,0.28
28169,34662,252057.34,0.17
28170,20832,279201.03,0.37
28171,9111,190200.32,0.76
28172,17053,458500.69,0.62
28173,19159,277269.49,0.74
28174,15603,24998.49,0.69
28175,27829,144965.99,0.5
28176,18095,146337.88,0.55
28177,18980,165317.47,0.25
28178,11286,392593.24,0.47
28179,24544,226311.39,0.63
28180,33439,206747.21,0.76
28181,26397,340193.23,0.22
28182,3106,207894.07,0.39
28183,13311,451145.64,0.23
28184,19651,442949.3,0.36
28185,22531,143231.51,0.68
28186,14241,493833.68,0.51
28187,32554,158664.84,0.41
28188,29023,234378.67,0.1
28189,26901,380180.99,0.24
28190,33449,202023.55,0.72
28191,23844,150103.29,0.82
28192,27648,158706.94,0.77
28193,34719,31097.73,0.37
28194,34960,26610.94,0.18
28195,29102,469934.94,0.27
28196,17414,445923.65,0.49
28197,30793,417299.5,0.16
28198,4275,488314.36,0.7
28199,31653,258201.07,0.78
28200,31616,107963.0,0.53
28201,15458,405641.52,0.76
28202,27788,245027.03,0.75
28203,15522,80064.74,0.83
28204,15395,81847.21,0.63
28205,22307,458773.44,0.22
28206,10878,473584.07,0.38
28207,23072,332412.94,0.15
28208,13481,274953.83,0.81
28209,30739,230984.85,0.7
28210,18155,273906.75,0.55
28211,22941,470595.61,0.78
28212,30274,83363.58,0.45
28213,31960,336062.29,0.85
28214,34129,107576.94,0.8
28215,16503,98486.07,0.66
28216,133,39892.57,0.6
28217,28580,273444.78,0.74
28218,28959,305619.4,0.82
28219,24021,84622.68,0.47
28220,25233,340464.15,0.88
28221,579,49060.01,0.32
28222,1497,270142.38,0.79
28223,30278,25629.85,0.49
28224,6592,411622.03,0.42
28225,25731,225870.12,0.8
28226,34899,108651.36,0.72
28227,10333,499014.66,0.35
28228,8268,137342.99,0.86
28229,16884,291981.76,0.38
28230,11027,184688.73,0.19
28231,26888,94820.59,0.69
28232,17487,263034.07,0.11
28233,1803,445437.81,0.38
28234,21973,313608.4,0.49
28235,17875,167433.99,0.28
28236,9442,341882.66,0.62
28237,9178,481129.51,0.74
28238,10476,121317.02,0.31
28239,19922,444172.53,0.43
28240,33255,420219.53,0.32
28241,17176,492583.75,0.27
28242,20219,314293.17,0.4
28243,14978,359767.42,0.17
28244,32286,276778.69,0.69
28245,18807,320052.68,0.68
28246,20407,234928.61,0.51
28247,20951,24030.93,0.2
28248,18451,448022.02,0.75
28249,11096,57594.81,0.87
28250,15285,254574.0,0.89
28251,7352,284340.59,0.52
28252,34617,132874.2,0.13
28253,21082,424404.24,0.44
28254,5086,456646.17,0.87
28255,34820,490899.3,0.68
28256,29090,305444.18,0.34
28257,32641,25790.46,0.45
28258,7306,170231.8,0.46
28259,5602,415485.31,0.85
28260,33504,441614.35,0.71
28261,20548,176506.25,0.63
28262,31755,183270.24,0.55
28263,15728,166254.29,0.15
28264,5384,176758.78,0.28
28265,7591,233266.73,0.7
28266,14016,281827.84,0.24
28267,16114,419986.61,0.22
28268,11675,489437.86,0.55
28269,2131,357787.72,0.74
28270,24326,237203.88,0.37
28271,5035,159305.68,0.11
28272,24355,263278.1,0.34
28273,12384,486939.49,0.63
28274,8016,83648.45,0.58
28275,2164,387581.21,0.83
28276,11491,399034.31,0.39
28277,13728,270715.69,0.53
28278,17232,224160.09,0.37
28279,12501,428719.7,0.24
28280,25195,218417.91,0.58
28281,10268,383792.15,0.41
28282,19108,407065.37,0.67
28283,28861,277677.23,0.65
28284,723,140050.43,0.74
28285,7440,13570.92,0.26
28286,3724,161218.77,0.59
28287,531,131736.19,0.6
28288,11199,371857.33,0.23
28289,34677,46318.8,0.14
28290,1694,71001.3,0.56
28291,34724,328539.42,0.12
28292,30370,69617.84,0.52
28293,4860,108557.97,0.49
28294,1271,259282.53,0.17
28295,6170,270921.31,0.31
28296,11531,79957.31,0.51
28297,18732,370824.8,0.5
28298,32060,477960.27,0.3
28299,10957,35708.46,0.49
28300,28794,186170.14,0.48
28301,183,165627.25,0.52
28302,7923,62560.9,0.39
28303,24608,497981.33,0.26
28304,32750,365657.1,0.24
28305,4560,103866.41,0.12
28306,31313,306039.14,0.53
28307,15472,380693.63,0.55
28308,1314,288121.28,0.32
28309,9233,93317.94,0.68
28310,27284,200234.92,0.18
28311,24029,170908.42,0.86
28312,19430,144592.5,0.65
28313,19575,101993.04,0.35
28314,1702,328135.45,0.89
28315,29450,289799.3,0.68
28316,17548,284788.04,0.72
28317,1285,204012.87,0.56
28318,4752,369883.09,0.63
28319,26474,426493.22,0.54
28320,25467,318365.62,0.7
28321,5512,473997.12,0.23
28322,15860,321631.71,0.86
28323,821,152917.35,0.14
28324,28758,381345.46,0.46
28325,2540,358992.26,0.67
28326,7293,328251.46,0.48
28327,7976,126977.36,0.72
28328,33019,298303.41,0.12
28329,7615,337092.49,0.68
28330,22760,359898.04,0.75
28331,34737,464542.59,0.45
28332,292,315325.59,0.2
28333,21068,153546.07,0.31
28334,5394,386507.02,0.21
28335,19197,283077.68,0.78
28336,27306,125665.46,0.43
28337,12568,330799.97,0.18
28338,20494,407637.73,0.27
28339,1930,401620.65,0.76
28340,2746,463874.29,0.31
28341,31879,165608.74,0.24
28342,19831,246244.53,0.65
28343,10296,353571.35,0.38
28344,26271,438822.09,0.57
28345,28565,369661.32,0.84
28346,19241,410354.85,0.72
28347,15317,111385.87,0.87
28348,24951,130597.46,0.75
28349,21995,51032.49,0.71
28350,12622,328944.86,0.83
28351,11128,326569.72,0.58
28352,6801,169761.42,0.57
28353,15773,363649.32,0.59
28354,17674,247285.09,0.43
28355,17630,15885.21,0.78
28356,13073,373098.14,0.36
28357,22872,277750.44,0.83
28358,10913,354033.88,0.15
28359,959,461559.89,0.49
28360,20716,203124.93,0.5
28361,20536,77653.28,0.81
28362,34518,237575.21,0.1
28363,4157,16984.54,0.66
28364,28588,459757.23,0.33
28365,3532,356761.43,0.74
28366,27586,285097.87,0.2
28367,33800,309528.0,0.52
28368,3300,150046.76,0.29
28369,21475,163002.2,0.16
28370,32726,493011.95,0.52
28371,22406,474731.1,0.79
28372,11635,218012.56,0.73
28373,15952,466704.27,0.69
28374,24155,127420.48,0.43
28375,18568,464630.63,0.78
28376,21934,276202.28,0.36
28377,17419,230845.93,0.18
28378,17469,59573.6,0.42
28379,12816,369937.46,0.79
28380,272,110265.14,0.24
28381,12496,23532.29,0.45
28382,13778,322971.86,0.32
28383,13612,475220.23,0.88
28384,24477,159479.12,0.75
28385,15951,458203.12,0.45
28386,27125,328625.98,0.4
28387,17142,338468.41,0.48
28388,22738,279280.0,0.45
28389,33796,268877.8,0.35
28390,852,424436.59,0.65
28391,4259,105252.6,0.25
28392,12993,20907.82,0.77
28393,565,469071.48,0.64
28394,9665,250425.46,0.38
28395,21271,286482.16,0.35
28396,18246,211384.5,0.63
28397,15272,469316.15,0.76
28398,33741,497653.11,0.13
28399,32490,474067.2,0.26
28400,5978,287854.38,0.84
28401,252,399599.43,0.31
28402,997,468614.78,0.41
28403,22668,457260.21,0.9
28404,6429,12211.62,0.83
28405,34782,90615.8,0.74
28406,18239,106679.27,0.23
28407,30602,137137.82,0.14
28408,14868,465457.35,0.85
28409,6574,354616.93,0.76
28410,32840,180822.99,0.78
28411,21122,184922.05,0.4
28412,12141,429081.03,0.74
28413,19619,461142.37,0.82
28414,524,177875.38,0.28
28415,28224,357176.61,0.62
28416,21037,227495.74,0.39
28417,22367,122007.61,0.48
28418,12852,116652.35,0.11
28419,10876,285791.89,0.4
28420,11162,87842.29,0.83
28421,4145,266844.01,0.22
28422,3050,108044.86,0.6
28423,1962,443740.11,0.66
28424,29164,347853.94,0.61
28425,17666,285489.32,0.32
28426,11186,52323.08,0.34
28427,25083,62745.8,0.49
28428,28297,343426.53,0.49
28429,33996,233772.54,0.79
28430,13710,383210.11,0.31
28431,25476,263598.58,0.61
28432,31715,438503.6,0.85
28433,5040,247952.68,0.78
28434,17879,212595.8,0.37
28435,780,179253.29,0.55
28436,34897,420551.18,0.83
28437,11005,497283.43,0.75
28438,15880,42818.42,0.69
28439,26610,461091.48,0.61
28440,22177,385826.92,0.68
28441,19268,472074.53,0.37
28442,17089,164443.22,0.34
28443,21983,237553.28,0.8
28444,27132,361261.1,0.6
28445,20817,390654.45,0.6
28446,18628,230782.86,0.35
28447,11890,169719.06,0.18
28448,10380,12344.13,0.72
28449,11571,419816.6,0.75
28450,34619,72852.45,0.43
28451,2647,115270.82,0.31
28452,12267,483911.38,0.2
28453,16283,351209.83,0.41
28454,30970,164976.49,0.21
28455,29842,457253.2,0.17
28456,20763,200652.33,0.46
28457,29050,233661.36,0.89
28458,20151,336227.38,0.57
28459,34307,168831.26,0.32
28460,15461,254004.59,0.25
28461,4442,449523.26,0.45
28462,20268,352214.59,0.57
28463,21220,102663.23,0.61
28464,27950,241717.18,0.51
28465,20664,239083.43,0.15
28466,33215,27063.75,0.37
28467,27536,424984.82,0.27
28468,21289,419321.37,0.71
28469,153,63044.23,0.57
28470,10152,68207.89,0.24
28471,2398,321406.51,0.45
28472,24740,309423.75,0.82
28473,20686,465913.92,0.42
28474,7329,157403.01,0.48
28475,5725,492967.0,0.18
28476,4258,153424.37,0.32
28477,14021,412375.51,0.26
28478,30470,43342.87,0.55
28479,23908,392052.39,0.5
28480,8548,33353.52,0.67
28481,11633,137459.59,0.43
28482,1525,122024.24,0.63
28483,15466,220846.47,0.58
28484,1146,483025.43,0.33
28485,27978,367204.48,0.81
28486,6098,185132.55,0.83
28487,22207,463495.7,0.52
28488,12155,101113.53,0.4
28489,15222,175330.09,0.34
28490,11447,60625.5,0.77
28491,27435,85617.06,0.66
28492,34994,61915.4,0.77
28493,9725,262621.57,0.69
28494,600,330772.33,0.1
28495,31598,354418.48,0.66
28496,10215,240034.64,0.64
28497,26963,298431.21,0.32
28498,15608,446351.35,0.22
28499,21068,221054.99,0.74
28500,32370,356201.21,0.71
28501,19034,365122.08,0.87
28502,26496,191195.61,0.48
28503,24791,445383.73,0.2
28504,27032,215667.01,0.78
28505,22103,242632.71,0.37
28506,20578,383340.78,0.47
28507,27545,68650.72,0.54
28508,102,341093.56,0.62
28509,15606,306222.15,0.65
28510,11086,398493.07,0.44
28511,26515,476906.97,0.13
28512,25477,49536.74,0.16
28513,10875,147639.74,0.86
28514,19805,167948.18,0.68
28515,16568,56021.9,0.32
28516,16384,61819.7,0.18
28517,25436,446400.68,0.22
28518,17269,484361.56,0.37
28519,29532,412409.72,0.84
28520,10047,378243.45,0.6
28521,2937,338999.11,0.67
28522,10194,247433.38,0.88
28523,18211,106492.69,0.33
28524,28530,52076.02,0.75
28525,11902,257083.16,0.29
28526,33684,441083.85,0.49
28527,19279,153817.41,0.23
28528,23884,245991.01,0.72
28529,7802,133535.88,0.56
28530,18659,326564.6,0.68
28531,32945,343702.69,0.6
28532,2896,288340.74,0.19
28533,33444,92783.22,0.9
28534,4484,78203.15,0.73
28535,5379,306769.3,0.34
28536,26855,325414.7,0.62
28537,7241,372723.06,0.16
28538,13021,22079.24,0.22
28539,32092,478671.61,0.86
28540,4970,403736.92,0.42
28541,17195,397010.83,0.73
28542,30802,374314.35,0.61
28543,31208,315086.15,0.68
28544,19120,322414.74,0.22
28545,14727,33858.79,0.1
28546,3609,47005.76,0.11
28547,19673,438167.87,0.24
28548,11990,214363.23,0.37
28549,34624,120760.72,0.31
28550,20904,197837.97,0.81
28551,33439,448833.86,0.45
28552,24439,23802.18,0.68
28553,28558,301738.18,0.2
28554,4626,168113.63,0.5
28555,26705,201467.6,0.66
28556,17686,241791.51,0.14
28557,13062,200720.53,0.8
28558,27876,261262.26,0.56
28559,19153,253874.5,0.84
28560,4263,28012.41,0.81
28561,31069,202020.0,0.65
28562,23514,401248.3,0.44
28563,7273,35496.43,0.36
28564,19710,279948.93,0.17
28565,445,393697.56,0.63
28566,5458,281306.22,0.15
28567,34379,472850.99,0.77
28568,15282,495408.44,0.73
28569,25526,32135.41,0.48
28570,21724,82768.41,0.62
28571,17243,406707.44,0.12
28572,22992,163549.56,0.63
28573,31223,408303.35,0.62
28574,25814,328510.56,0.64
28575,15023,191284.82,0.33
28576,7499,247127.5,0.16
28577,13070,427610.01,0.15
28578,25277,446828.91,0.57
28579,12500,151804.07,0.28
28580,5610,378608.9,0.73
28581,1607,278343.39,0.29
28582,32811,86745.73,0.54
28583,19495,111670.95,0.18
28584,28580,490719.25,0.3
28585,2786,337119.49,0.51
28586,24938,229134.32,0.74
28587,4440,366305.35,0.87
28588,14293,13973.38,0.52
28589,7205,243510.53,0.33
28590,17353,234552.26,0.13
28591,17384,461409.34,0.87
28592,2585,180643.31,0.8
28593,9765,335421.09,0.32
28594,26873,468014.45,0.25
28595,11347,480060.84,0.21
28596,24133,13321.54,0.89
28597,10614,420019.97,0.81
28598,11684,348778.32,0.62
28599,6813,91421.74,0.61
28600,28635,472812.75,0.37
28601,2911,122116.02,0.48
28602,33244,247461.93,0.87
28603,9262,78625.79,0.35
28604,5880,86341.24,0.77
28605,21200,348668.77,0.68
28606,31151,237455.67,0.17
28607,2618,444191.45,0.67
28608,23189,67943.78,0.76
28609,20568,104187.42,0.84
28610,17977,115014.13,0.7
28611,3165,375403.43,0.77
28612,31162,62899.9,0.42
28613,31291,57251.46,0.87
28614,9082,93585.46,0.71
28615,31187,83531.49,0.85
28616,14945,195617.32,0.9
28617,2783,150705.37,0.49
28618,29320,112480.61,0.38
28619,7336,223942.86,0.11
28620,2507,480433.85,0.56
28621,8932,361693.57,0.37
28622,30029,230381.95,0.7
28623,26683,299510.92,0.71
28624,9451,409062.04,0.17
28625,3019,111194.15,0.6
28626,24459,39843.8,0.15
28627,3296,262802.85,0.7
28628,6552,399718.46,0.66
28629,32525,223162.87,0.15
28630,30964,262122.01,0.36
28631,3108,109686.69,0.15
28632,6259,166330.34,0.46
28633,6073,440478.44,0.71
28634,32174,203465.92,0.2
28635,27920,478242.58,0.2
28636,16836,314476.08,0.66
28637,34411,277393.11,0.52
28638,25852,206377.91,0.15
28639,48,211146.32,0.11
28640,6091,188434.99,0.43
28641,24371,143858.76,0.12
28642,4508,263672.85,0.78
28643,33540,221541.44,0.55
28644,15867,467681.99,0.25
28645,24382,239484.52,0.47
28646,25457,114053.49,0.78
28647,11577,356356.38,0.41
28648,21386,418449.64,0.63
28649,27092,433773.14,0.71
28650,26576,305163.85,0.86
28651,2748,360693.58,0.19
28652,8701,139787.2,0.42
28653,5984,425305.65,0.66
28654,5667,443258.34,0.44
28655,1089,327118.05,0.39
28656,13729,305808.84,0.66
28657,3790,89051.8,0.82
28658,18699,281626.84,0.83
28659,3446,334917.72,0.25
28660,1169,372940.81,0.81
28661,6096,417409.76,0.14
28662,12353,175318.81,0.26
28663,11870,274990.36,0.14
28664,22790,186498.12,0.3
28665,13266,376922.19,0.8
28666,21965,482896.25,0.56
28667,18790,23851.56,0.17
28668,19826,320450.66,0.54
28669,26379,266619.52,0.87
28670,21279,206181.44,0.55
28671,4735,422183.04,0.75
28672,18247,60443.42,0.65
28673,2021,199239.03,0.37
28674,17293,414711.96,0.48
28675,21781,493419.52,0.68
28676,30902,328469.37,0.3
28677,23310,300982.88,0.85
28678,4221,321647.84,0.4
28679,33917,392231.77,0.9
28680,6244,160181.83,0.47
28681,10659,74446.03,0.4
28682,826,388017.54,0.6
28683,29177,229875.63,0.19
28684,20498,215029.17,0.69
28685,32379,302409.05,0.82
28686,34883,376345.25,0.26
28687,23498,268712.5,0.87
28688,21344,235540.46,0.48
28689,15446,111162.59,0.63
28690,25193,74059.46,0.58
28691,8859,406464.09,0.22
28692,4838,158359.08,0.79
28693,14670,443291.66,0.38
28694,11795,82511.25,0.15
28695,3317,268396.31,0.56
28696,12179,109452.12,0.44
28697,26417,54726.8,0.72
28698,18214,15947.56,0.34
28699,25473,135714.46,0.19
28700,7673,128163.6,0.38
28701,22103,482149.16,0.79
28702,11687,202119.66,0.8
28703,19658,177444.36,0.83
28704,9747,11040.5,0.59
28705,331,93088.17,0.53
28706,15129,85812.59,0.2
28707,13482,27187.77,0.43
28708,26706,299898.96,0.81
28709,18367,287068.63,0.24
28710,2258,349062.41,0.61
28711,27570,484292.88,0.5
28712,31273,480475.95,0.83
28713,7030,430344.68,0.22
28714,17816,42147.6,0.43
28715,11243,169719.15,0.66
28716,7703,51676.55,0.71
28717,8624,218622.59,0.36
28718,10032,495913.65,0.19
28719,12368,197554.52,0.56
28720,11855,232523.96,0.3
28721,3698,270011.5,0.32
28722,27778,231040.71,0.73
28723,23797,436342.72,0.56
28724,15081,266895.51,0.64
28725,27504,314602.41,0.62
28726,31429,254494.52,0.2
28727,27892,498007.88,0.33
28728,9982,218744.72,0.61
28729,28241,403358.64,0.13
28730,27950,409884.45,0.28
28731,18993,472290.3,0.32
28732,24546,461451.45,0.48
28733,7445,467824.92,0.59
28734,7722,111988.15,0.51
28735,23694,126300.89,0.36
28736,6016,305182.28,0.42
28737,10941,439766.76,0.18
28738,4282,421428.56,0.87
28739,27516,337558.42,0.67
28740,25609,69099.73,0.72
28741,24444,223737.27,0.85
28742,28564,29232.23,0.26
28743,13737,115444.08,0.79
28744,18463,368848.86,0.23
28745,7428,451526.98,0.85
28746,4707,260570.66,0.73
28747,4518,432444.16,0.12
28748,3319,206258.79,0.88
28749,1402,253858.21,0.7
28750,9956,96287.08,0.4
28751,9152,100955.92,0.5
28752,6872,102974.41,0.46
28753,33052,356249.51,0.33
28754,17071,466887.17,0.9
28755,33433,19111.99,0.74
28756,7306,399645.19,0.15
28757,15672,418946.82,0.19
28758,29335,468514.63,0.37
28759,11361,52208.39,0.74
28760,27554,393802.71,0.24
28761,30257,388702.23,0.56
28762,26399,58409.38,0.77
28763,11934,432411.99,0.16
28764,17022,471620.15,0.67
28765,27700,370372.71,0.75
28766,4531,39691.27,0.12
28767,28894,277502.61,0.12
28768,18482,54586.17,0.85
28769,3409,51763.75,0.75
28770,14,247977.64,0.12
28771,20694,272759.38,0.52
28772,1908,44027.63,0.36
28773,13982,127401.18,0.78
28774,16392,416544.36,0.52
28775,4432,371571.06,0.34
28776,8555,210294.47,0.85
28777,8867,273793.01,0.81
28778,3702,82893.69,0.81
28779,6939,433838.15,0.8
28780,21179,70823.42,0.51
28781,8342,100534.51,0.29
28782,12587,355263.37,0.54
28783,11691,405645.66,0.48
28784,22123,405121.29,0.1
28785,32894,330646.75,0.63
28786,28632,157048.07,0.15
28787,1213,301146.43,0.31
28788,17237,335040.18,0.82
28789,11423,136890.11,0.13
28790,22021,460228.35,0.79
28791,12040,216176.36,0.18
28792,26021,243376.82,0.29
28793,23067,446666.64,0.27
28794,17808,311286.36,0.57
28795,26287,459859.02,0.12
28796,11828,167959.6,0.26
28797,2058,141166.32,0.19
28798,31989,99979.95,0.79
28799,6457,348017.64,0.6
28800,11778,256182.17,0.48
28801,8197,337956.48,0.32
28802,4632,195097.05,0.15
28803,32251,364536.34,0.22
28804,24575,133023.04,0.75
28805,22529,124356.53,0.23
28806,13580,448971.53,0.27
28807,8953,227521.22,0.3
28808,2483,367155.9,0.21
28809,23227,23288.58,0.3
28810,34422,435475.58,0.6
28811,24670,303988.85,0.33
28812,20366,33932.73,0.22
28813,7797,255323.79,0.71
28814,14445,363261.82,0.79
28815,32817,146766.9,0.14
28816,8770,264903.33,0.45
28817,31905,304049.07,0.64
28818,1077,297516.56,0.13
28819,21382,71296.92,0.77
28820,32874,112069.11,0.75
28821,30270,201678.82,0.85
28822,14075,257792.07,0.64
28823,4574,70980.1,0.86
28824,3665,370892.57,0.47
28825,12403,172277.87,0.83
28826,23938,209477.61,0.74
28827,27093,389885.48,0.31
28828,13348,215097.49,0.38
28829,13947,283932.3,0.68
28830,20367,245802.1,0.85
28831,18245,430541.51,0.17
28832,9149,469144.9,0.87
28833,29309,85300.9,0.64
28834,23808,389263.13,0.16
28835,26495,411021.96,0.65
28836,29389,384205.1,0.64
28837,25300,263679.42,0.78
28838,19738,329686.91,0.28
28839,24091,457038.34,0.89
28840,3434,402885.1,0.82
28841,33544,126134.3,0.21
28842,10840,267189.85,0.24
28843,25801,48600.95,0.5
28844,29491,343361.32,0.42
28845,2287,123089.67,0.58
28846,30039,40861.75,0.46
28847,11137,109066.72,0.47
28848,5759,374141.58,0.38
28849,33804,340267.56,0.3
28850,20291,106863.96,0.14
28851,32378,239579.32,0.67
28852,12102,366345.29,0.78
28853,34697,299269.9,0.26
28854,28258,144038.41,0.27
28855,2073,280490.52,0.73
28856,1055,366309.67,0.9
28857,33740,250034.42,0.73
28858,6791,123976.87,0.75
28859,9987,85780.81,0.87
28860,24220,471466.37,0.24
28861,10311,17990.08,0.64
28862,6805,284455.11,0.49
28863,21005,366010.89,0.68
28864,3514,37623.06,0.5
28865,27412,428060.18,0.37
28866,15524,38977.55,0.11
28867,31225,12956.05,0.1
28868,1638,410485.53,0.28
28869,15062,17598.2,0.65
28870,6228,475276.31,0.82
28871,4369,408600.2,0.13
28872,20676,162090.61,0.77
28873,9646,88712.45,0.82
28874,5010,353509.32,0.28
28875,4717,124991.92,0.45
28876,15988,81023.62,0.29
28877,23657,107839.81,0.83
28878,25829,330158.97,0.65
28879,7881,444117.66,0.31
28880,20540,73027.62,0.54
28881,20835,395295.45,0.88
28882,31402,46925.67,0.59
28883,8677,201213.68,0.28
28884,9997,448241.6,0.21
28885,3656,360451.24,0.3
28886,1711,180357.28,0.7
28887,4447,218784.26,0.17
28888,846,41220.95,0.63
28889,28490,28929.07,0.56
28890,23423,252262.47,0.64
28891,5970,168807.46,0.64
28892,12539,283516.82,0.28
28893,10878,373111.57,0.38
28894,6571,249518.14,0.16
28895,5076,20231.78,0.67
28896,12582,248199.34,0.25
28897,13933,270989.91,0.83
28898,1178,109250.95,0.19
28899,32695,230879.56,0.71
28900,4728,68222.17,0.43
28901,844,363856.05,0.27
28902,5641,403922.58,0.56
28903,34291,110437.02,0.12
28904,24880,311034.16,0.24
28905,21695,456314.54,0.18
28906,6765,244961.73,0.52
28907,30974,337743.95,0.27
28908,15010,107492.33,0.68
28909,33087,90426.74,0.68
28910,12876,62072.36,0.54
28911,14098,314918.57,0.46
28912,3531,152379.1,0.82
28913,32739,250782.15,0.3
28914,6439,48016.02,0.72
28915,32697,244240.36,0.48
28916,4468,217809.29,0.66
28917,16289,185652.6,0.52
28918,19657,279520.84,0.83
28919,34812,46407.76,0.63
28920,18140,415164.0,0.12
28921,10489,405587.21,0.29
28922,5888,54657.22,0.42
28923,25312,258524.09,0.84
28924,24271,461008.55,0.88
28925,1257,100696.09,0.47
28926,24664,56462.17,0.67
28927,21978,422632.91,0.25
28928,13157,430001.09,0.5
28929,18728,244799.35,0.52
28930,15801,426819.64,0.31
28931,288,213012.17,0.17
28932,20555,380216.47,0.56
28933,10044,89610.68,0.62
28934,33331,478279.03,0.19
28935,26448,211755.47,0.8
28936,8265,467559.46,0.76
28937,12957,177875.56,0.27
28938,13653,90322.2,0.25
28939,23709,148999.78,0.55
28940,9755,81002.42,0.35
28941,32887,134825.25,0.36
28942,7916,10127.34,0.27
28943,29342,185491.65,0.69
28944,22144,53922.13,0.79
28945,7839,272574.81,0.87
28946,15415,72685.46,0.76
28947,32488,90814.83,0.1
28948,22244,42110.87,0.62
28949,379,189163.01,0.19
28950,31627,280442.57,0.3
28951,13988,171975.16,0.27
28952,25239,453443.94,0.19
28953,9016,225057.57,0.86
28954,19435,167553.22,0.85
28955,25635,399796.63,0.74
28956,10066,51139.49,0.67
28957,6232,453433.52,0.35
28958,4976,269919.4,0.29
28959,13441,62982.23,0.63
28960,9443,337369.25,0.27
28961,32058,13891.54,0.46
28962,30758,55152.11,0.48
28963,13161,271541.57,0.31
28964,11009,88651.24,0.59
28965,12078,174884.96,0.27
28966,23678,220464.24,0.3
28967,25642,402593.47,0.4
28968,16365,139443.12,0.85
28969,12095,122320.99,0.84
28970,31202,64462.98,0.23
28971,8543,49676.77,0.57
28972,6774,44215.49,0.87
28973,11564,273781.14,0.71
28974,18149,423469.34,0.68
28975,13285,492804.48,0.8
28976,28205,440757.72,0.53
28977,31798,223686.71,0.74
28978,14275,404834.89,0.66
28979,13744,17906.95,0.32
28980,25625,179311.22,0.66
28981,33522,223486.95,0.83
28982,2522,230059.75,0.84
28983,12885,477943.03,0.55
28984,11819,458619.11,0.81
28985,20861,11001.97,0.68
28986,28350,11779.38,0.62
28987,23150,84011.04,0.35
28988,30133,315278.07,0.44
28989,22386,386589.07,0.39
28990,1640,108140.97,0.32
28991,19569,83303.07,0.65
28992,19027,235798.65,0.55
28993,14443,189662.27,0.8
28994,9187,350549.03,0.73
28995,18663,240271.52,0.72
28996,27141,343224.49,0.56
28997,25603,236064.73,0.35
28998,572,167683.23,0.66
28999,20816,144983.99,0.2
29000,1600,480812.56,0.63
29001,18682,449862.62,0.38
29002,14675,378985.24,0.41
29003,375,496849.58,0.86
29004,14641,110579.94,0.42
29005,23210,384475.81,0.53
29006,15455,23174.44,0.21
29007,1128,471216.82,0.84
29008,21011,32926.18,0.67
29009,33527,170441.73,0.7
29010,28902,364621.8,0.62
29011,10524,96147.16,0.52
29012,1346,426741.18,0.36
29013,31203,315047.42,0.16
29014,25545,86076.41,0.18
29015,30529,213295.58,0.43
29016,20689,431918.77,0.38
29017,25676,126385.97,0.68
29018,27094,110359.31,0.28
29019,19010,18944.56,0.49
29020,28398,300157.04,0.67
29021,34893,242504.57,0.87
29022,3073,410377.19,0.18
29023,4828,156323.61,0.49
29024,26825,49323.71,0.82
29025,17176,106440.03,0.26
29026,10794,451766.29,0.2
29027,6310,226706.37,0.76
29028,7133,291056.8,0.52
29029,2622,151592.78,0.77
29030,20662,243175.44,0.35
29031,31862,488067.62,0.61
29032,28984,74110.22,0.65
29033,9223,436464.16,0.47
29034,21204,132603.51,0.46
29035,5649,94828.49,0.88
29036,4090,269460.15,0.82
29037,33623,496890.58,0.32
29038,32894,219210.53,0.87
29039,28992,77102.14,0.32
29040,11067,220585.09,0.71
29041,5117,109298.0,0.67
29042,9606,428269.94,0.24
29043,549,235315.05,0.54
29044,20910,228600.24,0.33
29045,19865,377200.91,0.56
29046,1977,52780.64,0.86
29047,23509,79216.59,0.11
29048,32826,96834.15,0.63
29049,16525,491970.35,0.85
29050,7164,182230.64,0.52
29051,20770,347123.52,0.67
29052,17701,411220.06,0.22
29053,20874,370293.23,0.77
29054,584,160535.33,0.31
29055,33766,287765.88,0.18
29056,6386,387689.89,0.82
29057,31693,150281.16,0.78
29058,7726,147099.04,0.19
29059,15372,98590.48,0.44
29060,26151,416542.68,0.33
29061,33104,336770.97,0.89
29062,30937,73116.13,0.26
29063,31095,334337.81,0.71
29064,26042,481321.19,0.24
29065,436,403513.27,0.66
29066,8073,131288.92,0.66
29067,19808,73261.98,0.88
29068,14286,344506.01,0.43
29069,364,378042.46,0.86
29070,2672,400467.15,0.51
29071,30449,44618.01,0.28
29072,8086,226633.6,0.36
29073,15353,159460.98,0.62
29074,15082,88347.23,0.85
29075,34087,395042.84,0.69
29076,32702,324213.97,0.39
29077,27559,391268.74,0.81
29078,7057,445049.65,0.36
29079,24802,426922.4,0.64
29080,1644,312021.43,0.8
29081,18922,81760.85,0.18
29082,14992,342983.86,0.13
29083,13087,447612.89,0.53
29084,7971,465906.51,0.23
29085,27889,481679.16,0.4
29086,15002,186725.42,0.79
29087,30393,383007.69,0.58
29088,4722,489002.46,0.49
29089,33657,61466.45,0.57
29090,33501,270547.48,0.7
29091,33815,14201.05,0.89
29092,18878,195315.45,0.15
29093,19060,186889.7,0.86
29094,28257,90431.41,0.35
29095,5981,145621.88,0.27
29096,18253,315226.02,0.12
29097,6524,197961.59,0.35
29098,32109,237389.6,0.39
29099,2081,424801.82,0.34
29100,22488,402327.93,0.77
29101,24952,55204.85,0.49
29102,7715,451061.64,0.79
29103,7615,294901.88,0.2
29104,8654,50107.62,0.15
29105,4923,377086.72,0.11
29106,818,363170.69,0.36
29107,13962,396038.78,0.12
29108,22951,430770.99,0.69
29109,19005,47338.59,0.53
29110,27507,410967.76,0.89
29111,27771,322802.94,0.13
29112,15618,440890.26,0.37
29113,26791,368045.11,0.29
29114,9079,215053.02,0.73
29115,13841,18011.89,0.84
29116,17595,239668.49,0.74
29117,28617,52745.56,0.48
29118,6497,461369.51,0.51
29119,834,52609.56,0.84
29120,28053,323456.97,0.2
29121,30782,259557.59,0.26
29122,34907,364041.53,0.43
29123,28874,253588.39,0.19
29124,20715,470534.09,0.11
29125,15116,480070.42,0.86
29126,17997,344333.55,0.13
29127,32106,483266.76,0.51
29128,29914,61980.62,0.89
29129,2401,457413.96,0.14
29130,2347,421501.28,0.77
29131,32046,403035.44,0.12
29132,28346,350598.99,0.68
29133,22198,51282.05,0.81
29134,5852,100693.4,0.48
29135,11084,101393.96,0.74
29136,14411,56249.07,0.56
29137,391,210433.06,0.53
29138,33881,387703.32,0.14
29139,14898,234580.48,0.76
29140,5488,443796.07,0.71
29141,17131,279140.42,0.81
29142,18209,431109.35,0.6
29143,24213,61157.15,0.79
29144,10600,106981.86,0.79
29145,32833,20094.44,0.28
29146,27830,215091.36,0.89
29147,27198,168198.0,0.74
29148,12958,133423.39,0.36
29149,20290,494006.51,0.75
29150,5476,339015.36,0.66
29151,8365,255793.27,0.36
29152,23592,145113.06,0.17
29153,10792,325896.55,0.32
29154,1117,414696.14,0.64
29155,10583,12065.29,0.85
29156,1456,118571.72,0.11
29157,17384,458826.32,0.38
29158,6595,32622.02,0.86
29159,33692,94961.26,0.14
29160,22335,88083.76,0.68
29161,27778,228927.87,0.81
29162,2724,333420.72,0.7
29163,9983,14909.38,0.24
29164,14975,444722.54,0.9
29165,5851,425948.53,0.5
29166,3520,300809.51,0.43
29167,7128,164390.29,0.65
29168,4363,267898.2,0.19
29169,11157,186860.63,0.37
29170,16539,206835.67,0.22
29171,18478,385741.2,0.16
29172,26931,333184.76,0.53
29173,20567,471786.18,0.41
29174,32167,303607.7,0.79
29175,30375,445478.21,0.29
29176,22921,121253.48,0.57
29177,18192,468762.49,0.81
29178,31884,174132.63,0.72
29179,6872,83182.34,0.78
29180,29239,45031.27,0.8
29181,14011,418141.11,0.37
29182,18970,247520.76,0.44
29183,30343,55130.02,0.21
29184,32959,59848.16,0.11
29185,15049,139521.13,0.46
29186,17713,314362.38,0.27
29187,9768,215376.49,0.42
29188,26707,443619.29,0.66
29189,20600,300696.6,0.15
29190,26296,216460.55,0.25
29191,16848,400757.17,0.53
29192,27378,234532.23,0.7
29193,9369,242620.65,0.15
29194,11311,25982.55,0.22
29195,18976,280570.75,0.66
29196,12140,93263.56,0.19
29197,20475,287482.01,0.67
29198,953,421660.34,0.82
29199,30286,144909.46,0.4
29200,33079,221128.41,0.14
29201,25221,133287.06,0.68
29202,34239,480245.96,0.31
29203,24814,126688.62,0.85
29204,24069,92881.94,0.83
29205,32157,294564.11,0.55
29206,25054,364377.88,0.59
29207,6566,441343.36,0.25
29208,6574,325594.5,0.19
29209,28243,272214.03,0.9
29210,32225,438241.81,0.44
29211,34634,294602.15,0.7
29212,33993,444437.91,0.86
29213,20150,360919.15,0.68
29214,24707,366613.36,0.85
29215,9959,248738.14,0.77
29216,34729,177011.6,0.18
29217,3685,129956.37,0.44
29218,18062,92323.47,0.35
29219,24702,296371.13,0.76
29220,7331,155111.26,0.87
29221,28371,26095.11,0.9
29222,28616,231110.79,0.25
29223,11308,371357.46,0.21
29224,7224,283454.92,0.37
29225,27153,367701.62,0.83
29226,26967,340957.49,0.53
29227,18377,146388.34,0.4
29228,27058,112133.97,0.88
29229,4274,16865.93,0.56
29230,30507,230965.53,0.62
29231,3851,173994.34,0.22
29232,32697,330760.39,0.75
29233,21741,471445.88,0.65
29234,8090,305961.68,0.24
29235,8807,65267.51,0.78
29236,16716,302949.06,0.31
29237,14317,248533.56,0.31
29238,4091,20867.72,0.73
29239,4875,257276.01,0.44
29240,31838,221949.85,0.41
29241,12730,474904.52,0.79
29242,3494,177209.25,0.44
29243,10168,270703.75,0.51
29244,17631,93421.95,0.85
29245,24597,470516.78,0.27
29246,25798,192527.83,0.61
29247,27567,64645.31,0.28
29248,31558,375351.82,0.15
29249,10364,353606.64,0.46
29250,6543,415543.99,0.54
29251,27440,307136.84,0.52
29252,33571,25833.32,0.18
29253,21212,48609.65,0.75
29254,26593,82599.62,0.15
29255,26773,444443.84,0.85
29256,23451,211706.19,0.84
29257,19393,382236.31,0.79
29258,4166,411574.0,0.35
29259,16469,209321.6,0.27
29260,1206,189469.35,0.16
29261,288,317656.0,0.61
29262,22519,256095.72,0.87
29263,26268,373618.03,0.86
29264,11960,413331.68,0.51
29265,9337,437572.93,0.9
29266,32520,432294.15,0.13
29267,23948,483076.48,0.72
29268,14413,80225.34,0.52
29269,9950,34776.57,0.22
29270,28328,241335.45,0.49
29271,34122,298304.13,0.43
29272,5971,397788.01,0.82
29273,30835,295181.87,0.47
29274,12613,22892.25,0.37
29275,7257,81549.16,0.66
29276,4329,117292.7,0.19
29277,5898,149522.41,0.52
29278,6378,98555.15,0.68
29279,16801,286264.38,0.53
29280,23041,455277.4,0.54
29281,23352,71080.91,0.18
29282,5421,54601.63,0.84
29283,22448,313784.59,0.72
29284,19814,419072.05,0.84
29285,14804,391947.8,0.28
29286,1616,62981.44,0.67
29287,1550,74428.88,0.25
29288,34851,318290.91,0.84
29289,25341,163095.14,0.39
29290,11211,357965.18,0.43
29291,17609,459312.43,0.67
29292,15752,496100.84,0.22
29293,5163,167151.22,0.63
29294,17389,23026.82,0.48
29295,21294,171225.34,0.42
29296,29165,472715.98,0.45
29297,31863,28389.76,0.49
29298,34365,454288.87,0.62
29299,23761,91635.96,0.4
29300,27838,399187.0,0.62
29301,11162,264881.58,0.87
29302,27004,113762.5,0.75
29303,18848,449770.0,0.69
29304,17972,248492.39,0.25
29305,27354,138579.14,0.85
29306,34197,216765.99,0.78
29307,7349,396098.44,0.73
29308,86,201301.57,0.65
29309,20097,423530.32,0.72
29310,12620,211911.45,0.88
29311,9390,477237.22,0.42
29312,14681,271074.44,0.88
29313,29543,52816.72,0.54
29314,29525,122439.31,0.21
29315,14768,287229.86,0.74
29316,15762,298089.56,0.71
29317,14275,229097.21,0.4
29318,30174,442324.97,0.8
29319,24583,422263.18,0.74
29320,15847,57666.04,0.81
29321,33196,424985.84,0.76
29322,21256,71941.17,0.67
29323,19901,362470.14,0.83
29324,19664,228310.65,0.6
29325,6466,120127.01,0.36
29326,33743,145956.89,0.35
29327,4669,436356.83,0.42
29328,18795,408919.46,0.25
29329,25392,47015.68,0.27
29330,26867,62904.89,0.78
29331,27194,280869.56,0.12
29332,683,104026.55,0.62
29333,30326,293307.55,0.53
29334,2992,286115.38,0.51
29335,3928,207326.12,0.59
29336,12202,468146.39,0.13
29337,15276,50841.74,0.7
29338,13267,300506.16,0.7
29339,24805,326243.11,0.51
29340,24002,385973.67,0.17
29341,23055,462418.33,0.52
29342,18225,357395.6,0.52
29343,14926,425826.08,0.75
29344,33252,199855.76,0.19
29345,4793,298718.69,0.68
29346,19082,23981.06,0.45
29347,27546,240145.02,0.58
29348,21599,467159.88,0.75
29349,33913,192883.25,0.38
29350,18552,242992.76,0.53
29351,34777,46892.57,0.16
29352,12349,385052.31,0.3
29353,3648,126105.45,0.16
29354,12936,45067.54,0.6
29355,16447,30054.49,0.82
29356,5459,240879.31,0.3
29357,20906,341603.82,0.76
29358,5903,479879.28,0.78
29359,26002,346648.11,0.28
29360,22258,365025.02,0.86
29361,24737,352824.67,0.58
29362,32066,185662.23,0.88
29363,1111,21130.95,0.37
29364,33127,495721.77,0.16
29365,17660,411397.55,0.78
29366,34294,195051.59,0.84
29367,23631,117981.39,0.51
29368,28307,93799.3,0.49
29369,21946,309605.59,0.59
29370,29398,220781.71,0.52
29371,23107,151201.89,0.12
29372,14100,29230.76,0.13
29373,742,372919.5,0.57
29374,26780,82713.04,0.89
29375,4613,99424.55,0.84
29376,5151,468018.26,0.36
29377,21665,464715.64,0.67
29378,30381,300503.05,0.12
29379,1374,117259.4,0.45
29380,21291,467390.85,0.22
29381,23442,95217.51,0.89
29382,29966,179213.03,0.13
29383,23548,322084.07,0.44
29384,13598,492302.2,0.83
29385,15156,193470.55,0.74
29386,33932,192090.16,0.19
29387,12341,461704.4,0.27
29388,33911,203962.11,0.57
29389,4130,264397.3,0.74
29390,741,127103.2,0.69
29391,18709,102586.43,0.21
29392,15671,14245.48,0.59
29393,19567,57636.44,0.43
29394,18436,161895.06,0.31
29395,11095,417430.72,0.59
29396,2045,392989.8,0.43
29397,32313,171624.07,0.61
29398,3360,306316.2,0.68
29399,11122,51518.23,0.73
29400,34392,376485.55,0.6
29401,8259,330956.82,0.45
29402,22004,394724.63,0.51
29403,18264,52453.05,0.38
29404,2854,476567.08,0.56
29405,3065,251493.92,0.15
29406,12877,458233.32,0.44
29407,3794,380202.02,0.18
29408,27077,199068.48,0.34
29409,13394,402347.58,0.21
29410,4043,484164.72,0.14
29411,15583,56808.74,0.15
29412,14012,294029.98,0.49
29413,25892,364572.17,0.29
29414,26693,494688.06,0.64
29415,10249,52080.49,0.29
29416,11497,341549.57,0.23
29417,29298,146234.25,0.19
29418,32477,82301.68,0.69
29419,16231,375306.52,0.68
29420,18321,288456.31,0.88
29421,5657,389138.26,0.11
29422,8339,34649.74,0.22
29423,11634,16394.27,0.48
29424,33888,459732.17,0.33
29425,20270,447182.56,0.74
29426,34100,17440.66,0.13
29427,5033,31356.72,0.24
29428,15765,23349.59,0.23
29429,2530,485204.66,0.1
29430,18760,324745.17,0.4
29431,34189,173516.52,0.44
29432,11809,167048.12,0.22
29433,34810,496478.06,0.87
29434,10790,90229.85,0.72
29435,33945,166992.86,0.77
29436,3006,298885.21,0.23
29437,23127,280893.67,0.67
29438,9100,242607.66,0.55
29439,16337,205620.74,0.36
29440,2745,146374.58,0.55
29441,30240,206374.72,0.19
29442,24035,311342.12,0.89
29443,5304,258081.5,0.34
29444,12781,107860.56,0.37
29445,27176,447041.59,0.69
29446,9089,108075.27,0.72
29447,18187,96951.26,0.25
29448,5047,306216.82,0.41
29449,16183,416467.17,0.56
29450,22343,263045.76,0.25
29451,25684,300861.04,0.58
29452,22773,390783.16,0.64
29453,21719,381886.53,0.5
29454,5567,455141.0,0.54
29455,3083,290050.88,0.68
29456,2551,81155.51,0.83
29457,21631,141980.17,0.56
29458,26662,290466.54,0.79
29459,21070,372055.41,0.44
29460,23184,386238.85,0.54
29461,34740,72820.92,0.41
29462,30923,368040.94,0.46
29463,25400,471454.25,0.68
29464,22023,192416.06,0.41
29465,26,321101.79,0.78
29466,10571,367565.27,0.48
29467,286,443021.16,0.3
29468,20008,43464.17,0.51
29469,9414,195096.67,0.27
29470,29423,155512.17,0.39
29471,1890,347007.54,0.52
29472,3146,201683.05,0.64
29473,20638,277293.84,0.71
29474,24833,223386.4,0.81
29475,8099,319146.49,0.35
29476,31135,351673.07,0.77
29477,1463,434679.66,0.66
29478,16642,327260.7,0.32
29479,32014,46216.96,0.46
29480,14961,302458.62,0.32
29481,11734,244055.35,0.18
29482,8842,487476.84,0.77
29483,31052,355320.51,0.63
29484,27905,207084.35,0.79
29485,32883,155176.21,0.51
29486,30035,247472.02,0.21
29487,17176,477003.9,0.75
29488,6142,306964.63,0.13
29489,15121,66265.21,0.29
29490,25437,306422.59,0.88
29491,29315,323553.26,0.32
29492,23687,414003.97,0.41
29493,7239,164326.84,0.78
29494,33538,398240.62,0.1
29495,4719,313710.75,0.31
29496,22580,189476.94,0.35
29497,1707,106321.73,0.61
29498,9386,220931.99,0.58
29499,21545,386802.2,0.5
29500,34598,488450.81,0.3
29501,27286,252966.8,0.52
29502,27007,104944.81,0.11
29503,3118,21981.46,0.13
29504,27592,278512.85,0.18
29505,24524,182361.29,0.54
29506,14551,44231.86,0.83
29507,12975,272162.86,0.74
29508,8306,81867.69,0.69
29509,34861,115142.55,0.69
29510,11289,78375.27,0.17
29511,707,306078.34,0.55
29512,6314,316532.01,0.86
29513,7374,40095.44,0.64
29514,21519,405177.73,0.82
29515,11149,79317.76,0.24
29516,23934,123969.41,0.67
29517,33594,388392.98,0.41
29518,8831,469075.08,0.27
29519,6178,350360.67,0.22
29520,26183,217696.91,0.81
29521,15975,266398.73,0.74
29522,26474,222430.01,0.25
29523,20799,498353.34,0.84
29524,17817,63224.46,0.13
29525,24226,162338.28,0.23
29526,2324,222879.67,0.76
29527,2851,290680.13,0.2
29528,27632,64409.28,0.54
29529,9064,313837.35,0.53
29530,19650,98153.25,0.89
29531,31064,279012.15,0.61
29532,3738,21671.1,0.55
29533,6330,22386.47,0.76
29534,14090,75625.16,0.29
29535,711,115258.73,0.76
29536,7640,495101.73,0.34
29537,27517,450333.72,0.28
29538,4621,489206.85,0.69
29539,16681,467373.75,0.54
29540,7217,92176.76,0.26
29541,13433,142613.15,0.11
29542,253,400772.97,0.52
29543,129,120938.67,0.16
29544,34237,311527.43,0.57
29545,28235,144204.13,0.66
29546,26738,469404.16,0.47
29547,17462,49506.92,0.15
29548,19639,149911.26,0.17
29549,6288,295614.76,0.19
29550,18072,476043.0,0.22
29551,2956,31498.22,0.75
29552,27653,461860.57,0.83
29553,269,468159.69,0.13
29554,21854,439412.83,0.7
29555,12845,91481.65,0.49
29556,6587,165303.27,0.7
29557,18973,84997.87,0.84
29558,28938,338978.7,0.45
29559,24974,390696.42,0.63
29560,19062,431792.15,0.34
29561,10587,253177.97,0.3
29562,10908,145066.61,0.23
29563,8854,131329.95,0.32
29564,13734,61979.36,0.25
29565,24884,283680.02,0.26
29566,11256,102052.46,0.42
29567,23089,46924.05,0.35
29568,5267,76775.83,0.44
29569,134,398918.31,0.22
29570,29247,307678.07,0.69
29571,25437,265686.07,0.27
29572,23353,496503.44,0.59
29573,21109,344943.82,0.24
29574,13311,428687.55,0.53
29575,27284,158912.03,0.41
29576,27425,19834.37,0.8
29577,25540,389060.55,0.24
29578,19984,27882.93,0.59
29579,13974,255389.51,0.14
29580,31862,365493.65,0.39
29581,16763,252451.56,0.26
29582,12144,155417.64,0.51
29583,33174,198252.97,0.64
29584,9343,472810.33,0.9
29585,25354,12127.05,0.4
29586,16034,269986.59,0.21
29587,22233,23351.43,0.14
29588,20427,116647.57,0.6
29589,4526,491069.66,0.69
29590,29801,107519.19,0.51
29591,4830,150235.79,0.17
29592,16801,80364.16,0.88
29593,23216,202371.63,0.62
29594,34498,130679.63,0.47
29595,2587,179162.55,0.8
29596,11974,493414.44,0.19
29597,4265,188442.47,0.88
29598,3354,430994.94,0.75
29599,6210,171763.61,0.45
29600,29772,234593.98,0.2
29601,22199,127270.11,0.5
29602,15397,402353.49,0.13
29603,33288,402435.04,0.18
29604,29593,75228.84,0.27
29605,22305,35877.7,0.39
29606,23826,303709.87,0.55
29607,19476,261416.74,0.52
29608,21178,409298.48,0.13
29609,27330,286491.98,0.19
29610,9902,222018.37,0.41
29611,16400,97230.14,0.11
29612,7638,163187.62,0.39
29613,9623,153488.29,0.52
29614,20514,285162.11,0.35
29615,17067,415790.83,0.49
29616,34955,362064.62,0.54
29617,2912,219584.0,0.73
29618,18532,425348.32,0.18
29619,31351,28824.67,0.73
29620,5191,31923.81,0.7
29621,26635,408141.65,0.28
29622,4055,331506.34,0.78
29623,12204,193958.73,0.42
29624,23560,39086.57,0.22
29625,32972,176421.97,0.29
29626,33742,27359.63,0.64
29627,7968,33299.4,0.27
29628,34381,378010.34,0.38
29629,21339,462893.92,0.69
29630,18068,160087.26,0.86
29631,25598,181481.45,0.12
29632,12582,373455.06,0.38
29633,26397,38442.45,0.24
29634,11726,194703.26,0.45
29635,8577,105242.97,0.25
29636,23795,32643.25,0.43
29637,2711,45500.72,0.81
29638,27948,406472.22,0.16
29639,414,23266.55,0.8
29640,15512,437377.12,0.82
29641,11364,239746.18,0.33
29642,28666,329355.49,0.6
29643,4211,227974.68,0.16
29644,18427,392305.87,0.79
29645,30647,73487.27,0.61
29646,32549,398517.06,0.28
29647,5077,17828.55,0.83
29648,26035,224427.95,0.71
29649,23860,64483.34,0.19
29650,4429,228274.81,0.51
29651,32647,213991.07,0.41
29652,6485,132979.45,0.44
29653,24958,94529.29,0.85
29654,334,441739.45,0.85
29655,6638,332488.83,0.52
29656,6814,418819.88,0.48
29657,19037,192908.38,0.3
29658,24621,498602.08,0.13
29659,17373,60400.6,0.27
29660,16179,50515.6,0.86
29661,2068,323024.5,0.36
29662,30995,92888.87,0.25
29663,19480,405282.7,0.67
29664,20865,259572.51,0.15
29665,28231,84871.78,0.44
29666,34218,164339.52,0.33
29667,6351,73935.75,0.47
29668,15108,261998.79,0.24
29669,34683,76719.56,0.58
29670,20008,477362.87,0.4
29671,8837,199667.29,0.29
29672,29310,80458.2,0.11
29673,32235,140585.18,0.71
29674,14498,150098.13,0.13
29675,22612,239680.59,0.76
29676,31582,100428.32,0.26
29677,24241,401529.79,0.32
29678,32462,419534.9,0.44
29679,1604,306288.77,0.79
29680,961,480253.52,0.59
29681,17345,23038.95,0.58
29682,3031,155051.18,0.67
29683,27898,109814.72,0.68
29684,29659,383035.9,0.68
29685,4795,364430.48,0.3
29686,3366,470867.43,0.3
29687,24864,155605.24,0.79
29688,30987,52947.5,0.44
29689,17734,439311.7,0.44
29690,25467,170885.42,0.74
29691,23096,47879.88,0.2
29692,10860,306360.55,0.12
29693,19313,191362.03,0.32
29694,34041,226938.75,0.74
29695,20598,367845.73,0.89
29696,32262,216241.49,0.17
29697,33150,271871.55,0.67
29698,12980,34456.82,0.64
29699,10297,374181.41,0.28
29700,28839,137009.73,0.78
29701,18218,462515.16,0.1
29702,30021,106299.54,0.55
29703,10177,394709.37,0.24
29704,14811,471901.68,0.75
29705,4295,392065.66,0.44
29706,19616,434684.51,0.23
29707,7883,448602.56,0.57
29708,12743,164321.67,0.64
29709,10473,114845.06,0.86
29710,9836,285604.08,0.69
29711,29469,354340.81,0.26
29712,26661,415410.51,0.51
29713,8042,327289.54,0.39
29714,27911,61452.44,0.35
29715,11532,82374.65,0.63
29716,22863,136274.32,0.71
29717,15132,214658.31,0.61
29718,28091,485652.03,0.51
29719,25035,79815.88,0.35
29720,22864,142023.41,0.5
29721,29979,491891.61,0.51
29722,24453,345558.28,0.15
29723,5608,453036.17,0.62
29724,20432,459807.44,0.27
29725,30892,254369.94,0.77
29726,30346,471493.6,0.83
29727,2442,251088.99,0.36
29728,28941,179687.24,0.53
29729,12310,300314.53,0.15
29730,17418,246037.41,0.55
29731,28081,472617.15,0.66
29732,19335,404566.64,0.42
29733,5757,457396.1,0.83
29734,21869,363257.8,0.24
29735,12153,293253.19,0.88
29736,29470,278476.05,0.28
29737,18323,138776.69,0.35
29738,27558,272340.53,0.13
29739,26271,164499.09,0.71
29740,4891,275243.61,0.17
29741,7734,145894.28,0.87
29742,22682,184187.04,0.39
29743,11093,309049.85,0.41
29744,25823,215075.17,0.63
29745,15090,146993.71,0.37
29746,30781,137798.18,0.75
29747,7111,21964.94,0.47
29748,6756,107876.68,0.78
29749,22127,244315.67,0.46
29750,15489,295721.68,0.73
29751,31625,353996.04,0.71
29752,291,308873.43,0.65
29753,5180,359192.49,0.29
29754,17235,356031.14,0.81
29755,22557,223079.71,0.67
29756,27159,157279.58,0.75
29757,5725,282159.33,0.55
29758,1154,202915.54,0.36
29759,29543,483699.68,0.73
29760,22955,83271.88,0.3
29761,26566,192311.61,0.67
29762,11610,495909.05,0.68
29763,2172,76956.91,0.66
29764,34402,382806.66,0.37
29765,30288,373560.96,0.41
29766,30042,436982.61,0.22
29767,11762,278921.01,0.63
29768,32133,20153.92,0.64
29769,4229,303458.15,0.25
29770,5809,157045.66,0.3
29771,13395,170049.03,0.34
29772,10797,138312.63,0.88
29773,2788,310536.4,0.34
29774,4541,93397.25,0.26
29775,34738,26503.86,0.65
29776,20796,278649.89,0.41
29777,32961,134640.48,0.53
29778,3715,397566.92,0.57
29779,29197,329550.38,0.22
29780,33724,58604.91,0.33
29781,18239,81770.96,0.53
29782,19012,35602.05,0.68
29783,2195,337607.26,0.68
29784,16310,63692.84,0.59
29785,18231,291584.03,0.74
29786,7789,188859.95,0.2
29787,2132,173407.29,0.5
29788,33652,175476.29,0.72
29789,15815,154345.74,0.64
29790,27861,209616.36,0.59
29791,17786,469241.6,0.57
29792,13059,142665.39,0.63
29793,11029,121697.2,0.82
29794,12369,317018.28,0.28
29795,17779,293432.76,0.25
29796,34754,213930.64,0.38
29797,22211,218748.55,0.89
29798,20964,445229.37,0.79
29799,23290,358602.25,0.4
29800,1326,269056.22,0.86
29801,12506,286593.09,0.24
29802,10443,350703.86,0.62
29803,27798,153526.69,0.37
29804,29502,107145.48,0.86
29805,18382,371864.67,0.22
29806,16203,39222.23,0.2
29807,27250,166329.65,0.68
29808,8171,420208.08,0.41
29809,32441,227598.14,0.46
29810,27251,253254.72,0.67
29811,16046,137726.62,0.45
29812,29886,172692.4,0.58
29813,17355,107619.25,0.78
29814,31746,184250.88,0.49
29815,1516,288772.22,0.7
29816,27175,383896.85,0.82
29817,16100,403859.1,0.55
29818,28380,120358.04,0.53
29819,27887,445105.38,0.27
29820,5813,170323.95,0.37
29821,9755,266453.89,0.37
29822,20376,172630.11,0.4
29823,10074,332942.17,0.8
29824,13490,489353.52,0.13
29825,16168,331505.72,0.59
29826,29113,54674.23,0.51
29827,8246,26962.03,0.53
29828,13600,362122.93,0.43
29829,33092,10696.19,0.51
29830,5210,494620.59,0.53
29831,24436,176133.44,0.83
29832,18513,205664.34,0.43
29833,25087,208415.51,0.42
29834,7073,98627.41,0.26
29835,262,177334.02,0.32
29836,24537,445975.98,0.76
29837,26211,279639.83,0.5
29838,31489,328814.23,0.78
29839,24246,30813.3,0.34
29840,33806,127794.83,0.59
29841,21272,275966.69,0.73
29842,12479,242941.5,0.31
29843,8173,458579.06,0.53
29844,5393,357925.69,0.38
29845,23170,412365.34,0.67
29846,14839,472179.61,0.28
29847,8787,331361.92,0.48
29848,22752,449448.75,0.63
29849,2875,62396.9,0.47
29850,26959,416158.62,0.22
29851,9299,112842.92,0.71
29852,10062,461975.11,0.61
29853,9850,474372.88,0.78
29854,8690,43971.49,0.66
29855,20276,297292.18,0.41
29856,30246,217991.03,0.21
29857,22952,433328.91,0.8
29858,11946,129376.5,0.6
29859,9551,79361.5,0.59
29860,33429,298030.81,0.36
29861,27489,31595.4,0.22
29862,20448,265348.11,0.51
29863,15063,66947.68,0.31
29864,18679,186143.98,0.42
29865,32451,69639.69,0.57
29866,16232,428640.86,0.33
29867,4263,282204.08,0.56
29868,31611,427924.16,0.88
29869,5084,112137.11,0.77
29870,1748,214685.88,0.33
29871,10996,257428.52,0.89
29872,14585,294640.7,0.52
29873,23374,419412.26,0.11
29874,22687,230261.84,0.87
29875,12022,406370.16,0.32
29876,639,144960.82,0.38
29877,19314,444958.05,0.41
29878,34819,259969.66,0.33
29879,1883,427589.1,0.24
29880,177,329078.21,0.5
29881,29258,132209.58,0.33
29882,21657,278509.62,0.25
29883,6496,401013.65,0.54
29884,22852,327093.94,0.35
29885,16882,42947.27,0.83
29886,32456,405296.08,0.53
29887,10543,52941.91,0.15
29888,33179,276720.05,0.67
29889,10667,449226.08,0.74
29890,31100,134515.73,0.84
29891,14161,191153.39,0.14
29892,14481,140821.51,0.42
29893,26852,29680.31,0.26
29894,119,274785.49,0.23
29895,17595,419895.78,0.52
29896,33761,213377.09,0.58
29897,15136,366202.56,0.62
29898,22977,117904.7,0.48
29899,33137,346167.96,0.3
29900,10850,198665.29,0.14
29901,16816,216338.28,0.47
29902,31015,91920.64,0.22
29903,3783,355652.28,0.76
29904,6605,467968.47,0.45
29905,5594,281185.9,0.53
29906,20086,273776.12,0.3
29907,10049,188378.36,0.48
29908,9134,38370.09,0.14
29909,23046,434018.02,0.41
29910,16663,109458.1,0.61
29911,3626,351632.58,0.6
29912,4796,105633.98,0.24
29913,31589,244789.84,0.48
29914,21765,31405.01,0.22
29915,6766,326369.4,0.75
29916,34065,176804.23,0.12
29917,12264,105810.93,0.69
29918,25270,132557.98,0.67
29919,28393,369178.03,0.7
29920,24758,213482.58,0.38
29921,34307,124525.87,0.63
29922,17631,156924.9,0.16
29923,30270,360189.05,0.64
29924,3418,311383.56,0.62
29925,4328,199986.72,0.4
29926,4263,367889.13,0.62
29927,26542,233102.46,0.32
29928,15174,305035.14,0.3
29929,4621,134887.53,0.12
29930,28259,347593.94,0.53
29931,14531,333895.88,0.44
29932,16347,105678.35,0.51
29933,32636,346765.09,0.34
29934,23586,497402.41,0.56
29935,25860,51471.06,0.44
29936,19887,263920.92,0.14
29937,18817,23286.62,0.38
29938,18637,227813.16,0.18
29939,28800,270696.84,0.82
29940,25929,486608.86,0.64
29941,9819,250407.6,0.46
29942,1210,215743.72,0.81
29943,33668,382904.95,0.89
29944,6628,433043.74,0.67
29945,34591,471087.45,0.83
29946,33934,480258.98,0.33
29947,12285,94662.88,0.64
29948,7650,351254.78,0.47
29949,5754,205948.36,0.78
29950,33663,25357.22,0.48
29951,2961,276838.68,0.58
29952,16635,479901.86,0.42
29953,10157,71904.63,0.82
29954,17058,203651.56,0.4
29955,14334,52160.74,0.11
29956,14659,183586.83,0.61
29957,27061,23011.01,0.28
29958,33007,141402.77,0.85
29959,19216,250891.77,0.77
29960,8289,139981.93,0.33
29961,24033,393125.66,0.65
29962,26687,493919.89,0.38
29963,21762,261372.56,0.46
29964,9107,322944.91,0.87
29965,11002,339123.2,0.18
29966,20150,347485.97,0.15
29967,17708,297947.77,0.31
29968,26913,76427.51,0.64
29969,9308,48272.17,0.8
29970,1989,227666.29,0.3
29971,34657,76525.78,0.52
29972,12578,463721.05,0.27
29973,10902,413534.3,0.57
29974,17083,417005.09,0.24
29975,29372,376216.36,0.85
29976,28097,179089.11,0.17
29977,10611,200077.52,0.89
29978,33769,221277.99,0.66
29979,3665,487784.46,0.86
29980,13685,96214.44,0.8
29981,11892,84359.19,0.65
29982,11715,492192.69,0.44
29983,16246,187374.38,0.79
29984,22999,182124.94,0.53
29985,34120,483546.94,0.68
29986,14029,366545.13,0.38
29987,4672,473346.28,0.72
29988,11754,161382.43,0.63
29989,22536,448206.47,0.8
29990,16272,307599.14,0.28
29991,22011,484179.29,0.14
29992,12794,498489.6,0.11
29993,13998,429207.75,0.8
29994,30293,139254.53,0.8
29995,28749,471856.52,0.42
29996,19231,448779.95,0.17
29997,22238,246496.49,0.86
29998,32551,490558.05,0.43
29999,32056,423728.18,0.58
30000,29642,18713.0,0.43
30001,6480,270456.12,0.33
30002,31836,153572.45,0.14
30003,24821,430630.15,0.89
30004,33125,239238.68,0.7
30005,10442,486530.71,0.66
30006,23678,133082.0,0.15
30007,16500,499653.44,0.74
30008,4091,59153.1,0.71
30009,21401,77436.31,0.5
30010,24972,104763.35,0.58
30011,17120,485642.83,0.44
30012,12917,99056.76,0.75
30013,411,130215.57,0.43
30014,6458,190844.9,0.22
30015,17420,466985.38,0.82
30016,26348,160280.43,0.55
30017,13251,93348.34,0.29
30018,19998,81976.75,0.56
30019,29697,463600.06,0.77
30020,11221,248047.05,0.87
30021,23023,279608.7,0.11
30022,29648,252193.2,0.57
30023,21202,279777.45,0.43
30024,24410,317778.23,0.77
30025,11365,268201.97,0.75
30026,20487,289296.2,0.16
30027,961,42839.92,0.21
30028,15886,135832.83,0.67
30029,5849,239600.47,0.53
30030,30544,425575.86,0.17
30031,22501,463402.93,0.35
30032,14177,144118.92,0.85
30033,2945,308788.54,0.47
30034,28100,395671.32,0.78
30035,10231,422619.37,0.18
30036,33229,138363.57,0.77
30037,29787,90027.22,0.62
30038,6227,320550.69,0.31
30039,12094,25551.22,0.84
30040,29104,345881.42,0.71
30041,4040,412941.36,0.72
30042,8668,192416.85,0.47
30043,16943,499306.27,0.78
30044,2921,133432.19,0.67
30045,11199,196361.09,0.46
30046,33372,333823.22,0.33
30047,32454,283824.85,0.83
30048,21490,281935.93,0.49
30049,16468,496965.91,0.59
30050,23881,394646.53,0.12
30051,2809,392988.99,0.41
30052,15625,327075.54,0.63
30053,18892,81612.95,0.24
30054,9367,121663.67,0.48
30055,8111,140350.83,0.36
30056,24495,112977.8,0.63
30057,17781,489344.49,0.86
30058,10750,296729.75,0.89
30059,26725,450412.5,0.25
30060,18379,235698.3,0.11
30061,34004,468614.05,0.7
30062,5948,351855.96,0.68
30063,3380,153264.17,0.55
30064,32933,445095.82,0.19
30065,5819,237910.82,0.25
30066,13137,425338.56,0.86
30067,2376,436503.14,0.85
30068,18445,239611.8,0.18
30069,30668,177459.62,0.84
30070,16572,477435.47,0.36
30071,13048,254432.49,0.35
30072,9391,22188.15,0.35
30073,14142,458853.79,0.86
30074,12310,46213.34,0.61
30075,21000,344032.59,0.62
30076,6813,172324.02,0.62
30077,14262,38421.97,0.48
30078,29109,239149.32,0.39
30079,21226,282174.0,0.67
30080,19012,496484.21,0.12
30081,32799,301008.74,0.14
30082,2987,403750.03,0.65
30083,6764,134808.95,0.49
30084,7856,379008.42,0.32
30085,17976,433063.31,0.83
30086,7513,496600.76,0.82
30087,4822,418092.2,0.55
30088,4301,150821.13,0.49
30089,24249,273512.9,0.46
30090,5672,130983.05,0.86
30091,34562,37148.65,0.37
30092,14324,445481.32,0.36
30093,7284,18969.72,0.46
30094,1638,406471.11,0.24
30095,19140,147079.16,0.45
30096,11814,301684.16,0.85
30097,20988,239953.87,0.85
30098,20083,219685.12,0.31
30099,10263,162557.42,0.73
30100,23633,277170.84,0.25
30101,2549,498509.16,0.29
30102,9747,90564.78,0.66
30103,28269,131710.16,0.28
30104,25791,257704.82,0.24
30105,33847,192774.83,0.17
30106,18338,64674.54,0.68
30107,9128,79430.5,0.72
30108,26358,108131.93,0.62
30109,1224,431525.97,0.42
30110,23793,440462.09,0.71
30111,11730,223552.46,0.58
30112,141,66243.31,0.29
30113,30991,491216.69,0.63
30114,12322,247615.83,0.81
30115,18882,131534.4,0.71
30116,445,221346.06,0.43
30117,11817,328081.04,0.7
30118,3378,279911.41,0.7
30119,21638,128445.01,0.18
30120,11644,240134.42,0.54
30121,22728,82875.76,0.24
30122,5118,51919.73,0.72
30123,19358,261549.08,0.63
30124,4805,212961.32,0.42
30125,4618,154540.36,0.84
30126,9930,452570.0,0.86
30127,15345,493595.25,0.2
30128,14427,350361.19,0.38
30129,22418,289606.85,0.22
30130,28355,496939.4,0.49
30131,1235,415410.79,0.68
30132,7526,361563.59,0.71
30133,7388,28785.19,0.24
30134,15379,35777.31,0.6
30135,6577,104023.38,0.14
30136,9220,42994.39,0.88
30137,24600,10181.79,0.78
30138,12141,407077.23,0.27
30139,18288,482303.86,0.34
30140,18350,89469.5,0.7
30141,27336,472251.83,0.34
30142,20857,203743.34,0.14
30143,14902,422712.5,0.44
30144,16324,338659.47,0.71
30145,21691,133933.29,0.15
30146,3202,30953.11,0.9
30147,27514,154347.63,0.42
30148,6062,198090.48,0.31
30149,28602,200297.86,0.77
30150,22595,36343.41,0.2
30151,24898,401176.42,0.74
30152,25319,425289.97,0.72
30153,31934,149522.63,0.9
30154,1265,175102.06,0.11
30155,6313,262823.99,0.9
30156,27129,87547.03,0.71
30157,2314,120154.37,0.8
30158,1217,492882.48,0.84
30159,28330,115040.59,0.38
30160,5681,178192.11,0.82
30161,23696,409194.2,0.74
30162,9619,202824.23,0.65
30163,20917,341664.45,0.84
30164,29441,204033.54,0.58
30165,12759,240347.15,0.75
30166,13854,85788.36,0.72
30167,29848,174062.51,0.43
30168,26258,352209.0,0.4
30169,24688,227707.18,0.69
30170,9326,114216.45,0.3
30171,30880,367090.03,0.67
30172,4546,273814.1,0.11
30173,16110,456249.53,0.86
30174,32252,131490.42,0.12
30175,9680,353535.97,0.38
30176,4345,451513.55,0.63
30177,7556,452484.79,0.39
30178,3392,87958.91,0.5
30179,34216,376798.15,0.87
30180,15643,246569.67,0.13
30181,7491,73075.66,0.14
30182,18096,328772.6,0.52
30183,6537,122441.62,0.63
30184,16966,50110.4,0.72
30185,3467,310905.89,0.16
30186,32919,88062.85,0.45
30187,14263,60868.08,0.33
30188,29717,396266.92,0.22
30189,15796,328109.79,0.39
30190,24711,172835.04,0.39
30191,15129,262472.96,0.68
30192,13871,146904.05,0.41
30193,78,485281.96,0.62
30194,15548,259427.8,0.2
30195,2226,454763.94,0.35
30196,24093,289936.06,0.18
30197,23438,253391.61,0.3
30198,22814,188483.68,0.46
30199,14401,335006.12,0.68
30200,11776,379405.94,0.32
30201,18591,83085.45,0.87
30202,25608,75591.63,0.48
30203,16370,12066.76,0.7
30204,3707,499335.97,0.39
30205,28379,472623.41,0.64
30206,3854,186670.29,0.77
30207,21990,59711.07,0.82
30208,7620,435258.27,0.14
30209,17827,169959.87,0.73
30210,11675,363684.85,0.57
30211,24181,326376.83,0.85
30212,25118,429051.1,0.21
30213,26680,487068.64,0.73
30214,15610,356431.97,0.22
30215,29066,260662.76,0.89
30216,16904,434821.41,0.5
30217,7100,190654.57,0.37
30218,10642,399275.46,0.76
30219,5463,249835.53,0.8
30220,7447,446851.77,0.52
30221,20180,129270.91,0.48
30222,17138,478036.67,0.12
30223,18948,98908.46,0.54
30224,24633,406864.69,0.71
30225,28694,59270.9,0.18
30226,27916,40841.59,0.18
30227,6694,391985.78,0.61
30228,14221,164166.41,0.43
30229,12866,345480.45,0.28
30230,20881,370195.0,0.81
30231,15826,212775.17,0.58
30232,8132,469703.96,0.55
30233,32888,389126.46,0.47
30234,16557,59883.1,0.68
30235,4431,351121.47,0.16
30236,16804,222778.45,0.74
30237,633,430848.72,0.73
30238,1941,207452.45,0.73
30239,26095,123348.26,0.2
30240,7888,485367.98,0.57
30241,25067,416595.66,0.67
30242,26000,499617.43,0.18
30243,14407,95746.58,0.33
30244,14572,450166.39,0.73
30245,7197,439500.35,0.32
30246,9303,480141.2,0.23
30247,33912,337029.8,0.68
30248,14445,21966.21,0.55
30249,8899,104493.51,0.7
30250,26558,91306.9,0.3
30251,6066,438177.58,0.64
30252,25755,175688.23,0.83
30253,21369,267242.79,0.16
30254,28945,104080.39,0.6
30255,7834,214494.41,0.54
30256,1186,266873.07,0.19
30257,6867,309154.29,0.33
30258,9308,345912.4,0.63
30259,4817,138172.88,0.31
30260,30926,331797.04,0.43
30261,15379,100163.05,0.27
30262,15793,212501.73,0.45
30263,32559,302672.16,0.66
30264,14838,169398.37,0.37
30265,25476,135417.43,0.48
30266,31050,462293.03,0.63
30267,34812,435836.37,0.73
30268,34483,70626.2,0.77
30269,19204,167132.6,0.61
30270,18320,384081.11,0.32
30271,25710,114612.91,0.55
30272,12226,203795.26,0.28
30273,4225,454230.17,0.89
30274,28353,296729.1,0.48
30275,14558,409128.82,0.18
30276,12178,14326.37,0.64
30277,26400,220850.05,0.57
30278,8435,345039.42,0.37
30279,16316,412963.94,0.55
30280,21304,321518.5,0.32
30281,15335,221797.25,0.52
30282,5807,21474.53,0.21
30283,10176,398516.61,0.29
30284,17043,422553.53,0.31
30285,19444,130141.83,0.72
30286,23278,175460.44,0.19
30287,29296,344651.78,0.82
30288,25829,380749.52,0.31
30289,5766,54961.88,0.7
30290,6757,355430.38,0.33
30291,13837,461510.68,0.84
30292,16074,289482.79,0.59
30293,16334,477231.82,0.77
30294,14094,424447.85,0.29
30295,4967,395122.8,0.24
30296,7091,44447.26,0.14
30297,3881,348973.5,0.28
30298,5136,407477.33,0.69
30299,21459,277008.94,0.25
30300,20315,77946.25,0.75
30301,27541,232107.71,0.32
30302,12381,425870.86,0.78
30303,539,430455.02,0.71
30304,1539,460042.83,0.59
30305,32179,434246.92,0.6
30306,22577,203971.96,0.65
30307,24459,88522.9,0.23
30308,19797,255296.98,0.44
30309,13638,266403.95,0.7
30310,17156,109729.4,0.67
30311,3804,193687.34,0.4
30312,5643,463769.26,0.39
30313,34315,241574.13,0.14
30314,23729,224989.61,0.83
30315,27549,290255.72,0.39
30316,34293,484649.55,0.53
30317,29443,347319.96,0.73
30318,1845,394881.97,0.7
30319,5784,135595.15,0.72
30320,21728,380194.86,0.33
30321,27897,324768.37,0.24
30322,24969,487787.46,0.53
30323,11442,403448.5,0.35
30324,9664,269192.21,0.51
30325,19304,321543.15,0.6
30326,29823,492723.8,0.65
30327,28540,345533.87,0.64
30328,11462,463760.37,0.64
30329,2901,250105.36,0.3
30330,1244,489280.52,0.31
30331,6976,340075.44,0.29
30332,29061,105444.49,0.52
30333,25056,60923.59,0.29
30334,16909,248845.69,0.5
30335,28135,395093.98,0.25
30336,7966,178989.15,0.6
30337,5944,361322.44,0.47
30338,2443,357046.48,0.2
30339,1701,314433.64,0.69
30340,14655,90122.96,0.51
30341,28347,19393.89,0.31
30342,27848,44376.31,0.83
30343,9834,378350.31,0.39
30344,27339,402703.94,0.48
30345,11158,222849.81,0.55
30346,16362,167938.54,0.88
30347,22812,44178.67,0.71
30348,2417,32449.32,0.26
30349,768,122751.73,0.46
30350,22737,241225.05,0.62
30351,10048,89201.45,0.24
30352,22003,236785.59,0.13
30353,14007,370763.11,0.14
30354,11576,214745.84,0.36
30355,12732,291769.28,0.55
30356,22946,455963.37,0.74
30357,34044,12893.54,0.15
30358,19489,37711.31,0.26
30359,19159,374619.5,0.34
30360,24736,467214.98,0.87
30361,2808,154952.31,0.58
30362,23142,373674.51,0.59
30363,18369,239589.25,0.22
30364,13974,99977.84,0.77
30365,15769,445237.12,0.37
30366,1549,92217.51,0.5
30367,5579,460417.14,0.6
30368,5380,429608.43,0.45
30369,24922,229112.55,0.46
30370,5769,207336.72,0.87
30371,23755,88962.14,0.77
30372,26675,280576.76,0.7
30373,9961,274044.02,0.44
30374,4716,460443.06,0.14
30375,19886,111745.13,0.87
30376,19548,224169.66,0.52
30377,6705,398209.4,0.78
30378,7483,480364.91,0.43
30379,30301,40039.58,0.27
30380,9478,90417.78,0.86
30381,18951,490739.96,0.65
30382,26348,136647.14,0.79
30383,6982,493902.44,0.44
30384,11240,219839.46,0.38
30385,26299,478288.65,0.52
30386,31498,238876.89,0.26
30387,31084,133891.52,0.76
30388,25138,348512.5,0.39
30389,25067,249104.83,0.7
30390,13780,304393.98,0.67
30391,2392,24291.25,0.72
30392,8545,367210.91,0.21
30393,5270,346423.91,0.21
30394,26911,164031.97,0.4
30395,10922,334137.51,0.38
30396,7202,499308.15,0.66
30397,13266,125492.27,0.35
30398,17056,11076.79,0.24
30399,33324,47602.1,0.46
30400,24934,13062.77,0.58
30401,17602,301069.63,0.82
30402,28486,490899.47,0.67
30403,11317,147110.42,0.5
30404,3080,33765.63,0.88
30405,21813,231619.05,0.29
30406,25574,121474.3,0.69
30407,13845,141421.7,0.75
30408,9380,119459.92,0.39
30409,14154,464086.98,0.26
30410,20756,238367.55,0.62
30411,7870,155242.92,0.7
30412,18276,341744.53,0.75
30413,27471,15606.73,0.41
30414,30355,243534.13,0.67
30415,10071,198681.77,0.84
30416,34035,442678.59,0.88
30417,20761,164424.33,0.45
30418,31228,231136.56,0.32
30419,2098,465641.11,0.56
30420,8931,191311.94,0.4
30421,31415,485873.23,0.14
30422,15361,386994.32,0.69
30423,3157,36513.66,0.47
30424,20312,443974.94,0.48
30425,25879,280675.5,0.74
30426,15116,494097.35,0.61
30427,30071,128596.55,0.82
30428,21193,480336.03,0.79
30429,31436,344447.0,0.49
30430,3678,267357.12,0.42
30431,24290,175766.43,0.24
30432,17761,69747.23,0.84
30433,33978,261475.04,0.67
30434,17452,181525.18,0.41
30435,9843,339050.94,0.55
30436,15569,243948.57,0.63
30437,20800,432569.85,0.7
30438,30134,386449.95,0.77
30439,23530,271328.84,0.47
30440,17038,396316.63,0.2
30441,31628,138732.19,0.15
30442,22129,342249.85,0.35
30443,6810,121677.77,0.82
30444,10168,71642.77,0.12
30445,14526,80287.84,0.55
30446,7383,330370.34,0.16
30447,19819,300540.04,0.13
30448,15640,290368.61,0.42
30449,33165,472072.01,0.55
30450,24505,30535.37,0.26
30451,32347,153153.01,0.7
30452,6920,432239.03,0.69
30453,24397,365676.89,0.75
30454,3604,354903.86,0.61
30455,7380,73127.74,0.85
30456,32423,206431.0,0.4
30457,33360,69959.35,0.57
30458,29193,345186.64,0.89
30459,5002,22189.2,0.43
30460,27143,299490.63,0.3
30461,6983,28614.55,0.49
30462,2281,362916.98,0.21
30463,27213,145665.02,0.12
30464,19457,490102.32,0.44
30465,30227,459917.6,0.24
30466,26983,168386.35,0.49
30467,27120,448547.69,0.29
30468,19129,211919.16,0.89
30469,20200,397514.45,0.54
30470,2965,10564.68,0.7
30471,30441,118317.66,0.48
30472,34169,17509.24,0.63
30473,8352,203961.8,0.76
30474,9853,66322.36,0.15
30475,26753,409303.4,0.13
30476,23821,220979.87,0.64
30477,9883,432681.3,0.32
30478,15936,173245.68,0.14
30479,23066,469684.74,0.58
30480,13801,356225.0,0.37
30481,6325,100715.47,0.49
30482,8457,171468.84,0.33
30483,728,491159.89,0.78
30484,11882,58686.0,0.23
30485,21597,137075.45,0.69
30486,1402,256171.42,0.19
30487,32711,270115.46,0.63
30488,2245,369300.37,0.24
30489,18275,84886.22,0.5
30490,14283,380539.42,0.6
30491,16306,74427.96,0.8
30492,12825,294463.78,0.6
30493,2999,317084.5,0.59
30494,17031,295260.07,0.34
30495,4707,217245.45,0.54
30496,18631,455259.64,0.83
30497,8401,248691.94,0.27
30498,34827,433869.94,0.47
30499,6233,449701.82,0.16
30500,11629,463453.31,0.28
30501,11949,39414.88,0.32
30502,13672,184407.62,0.79
30503,19889,89977.91,0.27
30504,29210,242772.27,0.65
30505,12426,247600.49,0.8
30506,12980,386947.0,0.55
30507,26836,284749.81,0.75
30508,12075,467522.22,0.29
30509,1507,106812.49,0.27
30510,20079,469634.77,0.3
30511,1222,209530.12,0.8
30512,20959,154940.17,0.58
30513,4464,76488.83,0.81
30514,8943,326626.58,0.61
30515,28595,443252.65,0.65
30516,31474,213853.98,0.24
30517,30511,177631.19,0.64
30518,17151,260261.56,0.7
30519,21917,236018.28,0.56
30520,2717,215482.79,0.23
30521,24581,10493.21,0.75
30522,27249,307939.34,0.83
30523,12567,404764.31,0.27
30524,19007,110561.3,0.79
30525,7662,318729.07,0.79
30526,18369,491962.51,0.54
30527,6163,300540.05,0.63
30528,29065,20293.31,0.28
30529,26027,132930.01,0.67
30530,30399,491741.15,0.78
30531,14092,115867.34,0.87
30532,33275,268519.16,0.16
30533,12789,382806.74,0.78
30534,30412,251564.31,0.71
30535,2336,347083.04,0.4
30536,34225,83551.74,0.82
30537,17637,363388.23,0.24
30538,14286,357146.17,0.79
30539,12477,474644.85,0.68
30540,2684,174798.72,0.39
30541,25538,73342.16,0.21
30542,23239,406765.57,0.36
30543,13371,235946.03,0.56
30544,31718,166982.44,0.51
30545,15658,26019.07,0.31
30546,209,247047.37,0.39
30547,11212,233229.51,0.39
30548,15818,266987.35,0.53
30549,16285,143701.12,0.32
30550,7873,312893.09,0.63
30551,19978,34524.7,0.73
30552,17893,122094.74,0.61
30553,2062,256647.02,0.43
30554,30705,238101.29,0.4
30555,6456,465095.99,0.73
30556,912,433491.29,0.9
30557,20467,383025.36,0.86
30558,23927,31987.44,0.82
30559,24259,263805.95,0.53
30560,16547,396524.31,0.82
30561,22734,109552.55,0.73
30562,34485,224093.23,0.73
30563,25295,410636.15,0.38
30564,4710,362717.82,0.65
30565,27245,140975.96,0.8
30566,1397,424687.48,0.41
30567,3893,187249.06,0.14
30568,3954,217974.4,0.7
30569,30143,483257.05,0.49
30570,15489,479742.99,0.89
30571,22,466640.96,0.42
30572,26717,427584.42,0.81
30573,20033,93392.49,0.18
30574,28184,168113.86,0.59
30575,7342,183710.15,0.5
30576,29438,415101.99,0.2
30577,7687,212299.4,0.35
30578,13491,108937.21,0.4
30579,2156,436372.26,0.16
30580,31230,275742.52,0.14
30581,24009,108441.73,0.61
30582,3852,295787.53,0.59
30583,21114,219740.56,0.18
30584,28814,282430.92,0.69
30585,8788,413770.83,0.51
30586,6920,28606.51,0.61
30587,1554,368913.37,0.63
30588,22907,492130.8,0.6
30589,28331,189161.32,0.69
30590,13943,486224.97,0.69
30591,10869,74191.11,0.15
30592,22532,105014.5,0.51
30593,22704,460315.97,0.6
30594,27615,472188.33,0.68
30595,19238,160768.7,0.32
30596,17904,50415.49,0.12
30597,23312,176477.55,0.17
30598,27340,305934.53,0.57
30599,19988,347849.14,0.66
30600,18703,190921.04,0.37
30601,17088,139839.71,0.36
30602,29532,366770.26,0.61
30603,32489,421065.81,0.59
30604,30760,82494.33,0.44
30605,23463,420354.82,0.87
30606,18677,244135.91,0.53
30607,23311,478861.93,0.48
30608,28790,412301.92,0.73
30609,153,194226.8,0.64
30610,2199,395548.91,0.55
30611,21987,289673.22,0.79
30612,17052,158872.12,0.15
30613,6149,47753.97,0.38
30614,24377,365515.64,0.59
30615,7852,484533.74,0.23
30616,3765,254362.09,0.46
30617,17018,464451.86,0.59
30618,32850,483844.36,0.81
30619,26948,229583.81,0.81
30620,1333,405229.87,0.82
30621,14625,173974.2,0.13
30622,18616,173017.79,0.77
30623,28615,18591.32,0.61
30624,10210,212858.57,0.25
30625,1198,326499.98,0.81
30626,23802,483814.05,0.32
30627,28227,61366.17,0.81
30628,24543,171878.21,0.48
30629,10514,208616.55,0.85
30630,21128,415469.1,0.17
30631,12558,479358.23,0.82
30632,18393,120377.02,0.85
30633,1936,276096.93,0.12
30634,27166,452349.59,0.55
30635,6683,432523.87,0.84
30636,5404,55669.18,0.6
30637,10578,466145.55,0.67
30638,26389,133268.45,0.5
30639,31096,445297.1,0.13
30640,19290,201345.13,0.89
30641,16414,480630.97,0.58
30642,19688,274311.26,0.22
30643,27617,390122.71,0.44
30644,16197,355342.21,0.22
30645,26952,368973.04,0.44
30646,19060,129444.75,0.71
30647,12344,386494.93,0.66
30648,6581,253703.61,0.3
30649,3473,170780.97,0.43
30650,34617,201905.57,0.78
30651,18717,385621.36,0.65
30652,32672,271460.9,0.53
30653,17863,72882.43,0.51
30654,20247,244580.91,0.24
30655,27805,64629.64,0.26
30656,5054,241810.47,0.3
30657,24857,126382.81,0.72
30658,22002,254769.8,0.55
30659,31991,453845.53,0.18
30660,5895,135828.81,0.8
30661,10760,63126.24,0.37
30662,7996,205683.16,0.68
30663,8473,57667.58,0.64
30664,27677,215356.36,0.44
30665,19885,226349.58,0.69
30666,29514,160486.57,0.13
30667,8473,89173.34,0.79
30668,30702,150551.64,0.31
30669,28544,293269.71,0.7
30670,27523,448601.85,0.32
30671,22528,240748.6,0.53
30672,13645,435130.73,0.5
30673,290,339686.94,0.5
30674,6783,436527.19,0.15
30675,17652,478031.66,0.52
30676,2547,233661.56,0.47
30677,30496,203779.67,0.7
30678,3904,334544.87,0.34
30679,10378,486860.32,0.73
30680,17248,38766.99,0.55
30681,31221,203280.29,0.43
30682,22566,134001.21,0.76
30683,8438,144926.55,0.39
30684,30766,278286.99,0.43
30685,1130,370374.34,0.17
30686,17227,224136.0,0.33
30687,19504,262000.51,0.3
30688,10944,284676.33,0.17
30689,10885,321656.62,0.2
30690,17712,364548.27,0.74
30691,14944,405844.92,0.59
30692,5869,212669.43,0.59
30693,16484,433711.39,0.69
30694,16679,15817.14,0.65
30695,32961,94356.07,0.11
30696,14508,308610.15,0.27
30697,29494,396862.93,0.68
30698,31015,468230.51,0.74
30699,12363,38689.35,0.84
30700,5668,135792.32,0.52
30701,9610,252605.27,0.76
30702,991,361606.29,0.3
30703,6195,302006.25,0.5
30704,1803,314499.96,0.17
30705,19803,472506.51,0.34
30706,13238,497559.75,0.13
30707,25135,260988.23,0.72
30708,28974,47798.18,0.63
30709,33198,179869.03,0.11
30710,3398,300425.01,0.61
30711,27380,220128.24,0.45
30712,2278,318205.97,0.3
30713,12074,75345.87,0.31
30714,9843,465694.11,0.72
30715,4159,213461.71,0.84
30716,11456,352039.68,0.64
30717,24134,196806.91,0.73
30718,3021,375318.98,0.66
30719,18259,262400.41,0.59
30720,25253,32534.01,0.18
30721,15466,439860.55,0.47
30722,31078,160281.42,0.17
30723,12364,286537.88,0.43
30724,181,80070.22,0.44
30725,676,466383.25,0.8
30726,4969,26719.4,0.65
30727,24212,259714.67,0.8
30728,15373,27681.01,0.4
30729,33582,19093.83,0.43
30730,34456,318963.64,0.22
30731,21305,253812.51,0.36
30732,17134,258022.95,0.43
30733,31691,365858.37,0.52
30734,4096,248005.3,0.34
30735,25192,192840.61,0.59
30736,31212,290938.34,0.2
30737,22118,329789.95,0.42
30738,1220,299476.17,0.71
30739,646,366064.29,0.67
30740,16360,372213.99,0.76
30741,13335,45505.64,0.66
30742,8016,233583.67,0.45
30743,10991,84478.27,0.63
30744,17157,364751.59,0.14
30745,1871,210086.21,0.32
30746,3357,167132.4,0.83
30747,27384,343305.18,0.41
30748,5675,115813.88,0.79
30749,25833,490663.13,0.81
30750,23580,37779.74,0.56
30751,20056,261126.8,0.65
30752,1893,198871.89,0.76
30753,13526,337915.18,0.82
30754,29308,41613.36,0.42
30755,29153,298464.19,0.71
30756,21878,484713.21,0.47
30757,13588,382483.35,0.35
30758,30015,406312.21,0.64
30759,14702,52095.4,0.64
30760,15382,491103.07,0.87
30761,27736,374542.39,0.13
30762,33509,177300.92,0.86
30763,11634,186651.92,0.52
30764,1815,387614.09,0.9
30765,6639,291227.45,0.21
30766,8224,133484.45,0.15
30767,21918,162803.98,0.35
30768,16040,429198.61,0.46
30769,17533,329599.52,0.82
30770,12931,261515.88,0.42
30771,27118,55187.0,0.88
30772,8529,487319.82,0.45
30773,10141,108126.07,0.32
30774,7701,275275.88,0.65
30775,32687,470202.64,0.82
30776,26788,461494.62,0.46
30777,12277,12469.47,0.47
30778,9581,112264.35,0.59
30779,12057,427563.51,0.65
30780,20825,182402.53,0.69
30781,34963,278560.9,0.35
30782,18716,340069.93,0.51
30783,30498,107099.59,0.29
30784,18152,320333.61,0.63
30785,1762,156690.46,0.19
30786,13372,439712.87,0.31
30787,11768,214644.13,0.7
30788,211,84134.45,0.46
30789,29142,105439.63,0.12
30790,13000,173967.25,0.75
30791,30449,446654.49,0.67
30792,4462,154362.87,0.54
30793,6582,39088.07,0.32
30794,3007,393824.31,0.75
30795,20888,29242.53,0.89
30796,9167,329118.35,0.12
30797,23116,43682.35,0.15
30798,15234,392068.39,0.73
30799,26054,274564.18,0.47
30800,2915,36193.65,0.65
30801,33900,193726.06,0.2
30802,31287,231638.45,0.58
30803,31643,27296.59,0.27
30804,17328,29432.17,0.31
30805,3518,184635.34,0.57
30806,5349,456446.14,0.67
30807,13194,329994.71,0.46
30808,27942,200771.38,0.13
30809,29764,387769.53,0.24
30810,32793,437049.61,0.54
30811,26277,86694.77,0.17
30812,4569,184102.81,0.61
30813,10250,12401.34,0.87
30814,28556,152675.95,0.51
30815,18076,403431.6,0.6
30816,28868,372288.83,0.58
30817,28611,67927.41,0.24
30818,9033,292267.16,0.9
30819,16111,152324.82,0.53
30820,32286,308954.55,0.31
30821,26085,458944.66,0.64
30822,17257,305465.11,0.52
30823,24532,359678.76,0.7
30824,10771,47609.57,0.6
30825,32644,17333.65,0.78
30826,34798,156845.42,0.6
30827,23190,234957.88,0.65
30828,31087,137135.32,0.72
30829,2609,479067.94,0.33
30830,3749,130316.9,0.9
30831,31322,431864.96,0.89
30832,3746,214741.99,0.69
30833,22935,281621.7,0.83
30834,21218,463795.89,0.2
30835,13039,227520.47,0.51
30836,16915,22542.4,0.66
30837,112,380422.94,0.43
30838,5940,352114.2,0.54
30839,16505,305114.23,0.35
30840,13112,274252.39,0.44
30841,21791,188859.02,0.59
30842,7255,309574.92,0.46
30843,18079,185355.51,0.82
30844,13108,139006.05,0.33
30845,22109,205889.05,0.37
30846,12478,171097.01,0.85
30847,6918,88709.82,0.55
30848,18971,432476.0,0.84
30849,22441,184073.28,0.15
30850,1433,207123.14,0.22
30851,503,372229.2,0.77
30852,31391,145758.59,0.79
30853,21194,109975.46,0.67
30854,12666,205601.98,0.49
30855,28069,109311.2,0.75
30856,30253,193189.93,0.5
30857,21708,412863.26,0.19
30858,11870,497992.91,0.46
30859,16473,15827.02,0.86
30860,8274,480335.75,0.69
30861,19300,16971.47,0.73
30862,26375,469561.27,0.32
30863,14634,107905.12,0.11
30864,29102,497261.47,0.41
30865,29266,308355.04,0.56
30866,20425,268354.67,0.41
30867,2930,449801.57,0.14
30868,12918,286768.5,0.73
30869,7283,368915.73,0.76
30870,7033,121182.13,0.22
30871,26637,301860.03,0.67
30872,15931,449799.2,0.35
30873,531,30514.08,0.48
30874,3280,459374.96,0.33
30875,29655,160641.39,0.25
30876,17094,11188.0,0.3
30877,17571,468455.45,0.59
30878,14794,77303.56,0.33
30879,34458,277143.93,0.15
30880,21417,66260.9,0.75
30881,6266,292175.46,0.54
30882,14531,446528.12,0.49
30883,19440,297057.73,0.68
30884,20578,115283.2,0.71
30885,21555,352493.2,0.67
30886,27531,358611.3,0.78
30887,4546,251679.84,0.44
30888,26975,209314.72,0.87
30889,1013,251870.53,0.48
30890,16984,373749.35,0.76
30891,12577,169524.61,0.24
30892,10941,179389.57,0.88
30893,21250,197615.52,0.86
30894,15625,183544.47,0.64
30895,26951,469358.6,0.34
30896,7416,77561.06,0.14
30897,596,398505.88,0.37
30898,15302,318831.47,0.59
30899,21856,488940.35,0.14
30900,23159,72099.27,0.14
30901,14325,201312.85,0.57
30902,34533,87193.44,0.15
30903,7229,334338.36,0.28
30904,20018,154647.92,0.13
30905,3406,374431.38,0.68
30906,847,299250.66,0.68
30907,28880,157699.56,0.33
30908,22661,19182.17,0.66
30909,30495,40065.5,0.58
30910,26585,335349.96,0.28
30911,5195,174297.33,0.29
30912,21235,409736.37,0.39
30913,11185,490894.24,0.77
30914,17209,418375.82,0.14
30915,5423,165009.74,0.46
30916,23544,279156.99,0.19
30917,9018,468120.26,0.1
30918,24233,259265.15,0.67
30919,29198,364625.17,0.38
30920,20188,291334.73,0.39
30921,661,496143.35,0.56
30922,30764,104065.51,0.43
30923,10691,59042.12,0.59
30924,28378,306518.83,0.58
30925,15439,336938.2,0.17
30926,4242,49523.68,0.2
30927,25175,266494.2,0.41
30928,15282,302987.49,0.11
30929,16500,236382.09,0.45
30930,16422,497341.26,0.74
30931,26427,418215.62,0.58
30932,7417,12210.37,0.33
30933,17966,146837.66,0.73
30934,7985,461618.15,0.41
30935,18318,451932.32,0.71
30936,24002,471018.46,0.28
30937,12572,249942.08,0.32
30938,28213,168314.07,0.61
30939,24489,127492.62,0.64
30940,9512,289859.58,0.76
30941,33882,142097.74,0.43
30942,31057,360157.38,0.1
30943,358,111647.02,0.14
30944,14216,168703.37,0.71
30945,31593,323798.96,0.84
30946,14116,326274.23,0.16
30947,15077,208251.29,0.31
30948,3077,241764.29,0.6
30949,16083,239034.06,0.38
30950,4307,116984.06,0.62
30951,22756,227316.57,0.77
30952,23545,203087.65,0.77
30953,12787,84356.77,0.29
30954,23053,23963.78,0.38
30955,21967,340287.67,0.59
30956,19869,293636.81,0.35
30957,889,36175.68,0.8
30958,146,418065.87,0.83
30959,29771,109520.45,0.16
30960,19093,229882.19,0.13
30961,27066,297251.93,0.34
30962,28185,419493.11,0.17
30963,26545,35219.36,0.53
30964,34500,313143.23,0.66
30965,13826,181163.3,0.88
30966,20069,360990.89,0.24
30967,776,369355.47,0.82
30968,5952,73127.4,0.56
30969,27434,410627.07,0.78
30970,13300,40949.38,0.28
30971,18144,141163.18,0.21
30972,29297,202846.81,0.4
30973,6252,245616.87,0.87
30974,30757,488918.76,0.6
30975,1666,81703.79,0.8
30976,16876,376115.05,0.68
30977,23882,277200.55,0.52
30978,7575,278219.48,0.37
30979,22913,187800.63,0.14
30980,23818,69083.84,0.14
30981,8411,138759.14,0.19
30982,11483,248764.19,0.81
30983,29807,316333.78,0.42
30984,3003,41514.95,0.9
30985,16681,181222.15,0.33
30986,9612,145023.83,0.44
30987,23063,307444.74,0.27
30988,13257,343122.33,0.3
30989,34227,182298.88,0.37
30990,18198,170623.3,0.5
30991,23687,369263.84,0.32
30992,26727,311536.81,0.58
30993,3400,43400.72,0.23
30994,31741,143692.47,0.33
30995,1661,209089.44,0.22
30996,15792,68235.67,0.78
30997,11615,92335.49,0.17
30998,993,63261.83,0.5
30999,874,392632.13,0.49
31000,15063,191048.76,0.28
31001,11752,267881.68,0.81
31002,33814,348905.57,0.43
31003,33747,79202.49,0.64
31004,2123,259530.8,0.58
31005,15038,399727.37,0.53
31006,19623,286868.12,0.6
31007,2366,176213.99,0.15
31008,5501,17526.16,0.39
31009,4053,489954.78,0.15
31010,21373,140125.09,0.85
31011,4879,145304.39,0.49
31012,1656,476397.01,0.61
31013,18285,233279.53,0.21
31014,5540,106819.9,0.89
31015,8495,325159.13,0.76
31016,12031,254192.12,0.5
31017,24482,178077.25,0.7
31018,23927,252693.71,0.69
31019,23565,366381.42,0.6
31020,15366,262603.14,0.33
31021,5348,394822.72,0.37
31022,24354,220123.65,0.83
31023,14032,483481.17,0.31
31024,12359,311823.28,0.75
31025,32367,212091.77,0.54
31026,15067,310886.72,0.39
31027,4460,163249.94,0.45
31028,14860,227405.98,0.23
31029,1944,12801.34,0.12
31030,26030,202023.47,0.3
31031,16131,482642.04,0.32
31032,30893,426877.99,0.49
31033,5166,75242.16,0.68
31034,29790,114868.41,0.16
31035,10792,408358.89,0.17
31036,26842,255175.19,0.63
31037,1791,460386.37,0.64
31038,5202,205463.21,0.25
31039,2018,300919.34,0.36
31040,29286,155189.21,0.68
31041,2158,410376.3,0.63
31042,11776,264881.82,0.22
31043,23675,117438.75,0.34
31044,31267,223778.02,0.12
31045,16357,132326.96,0.26
31046,33656,465304.81,0.28
31047,5952,279519.79,0.27
31048,14460,17582.37,0.74
31049,19918,193922.12,0.67
31050,32474,338422.75,0.35
31051,10963,66763.83,0.35
31052,23435,169626.54,0.81
31053,26149,290525.44,0.62
31054,23545,156119.29,0.4
31055,3613,489182.94,0.6
31056,7676,344786.83,0.29
31057,33930,358435.05,0.8
31058,834,483539.97,0.45
31059,4810,297983.12,0.83
31060,14404,194168.33,0.37
31061,352,475147.67,0.3
31062,15444,201928.07,0.74
31063,23922,297905.74,0.53
31064,11228,233051.11,0.88
31065,25619,34363.44,0.45
31066,10933,116581.43,0.64
31067,28547,275519.1,0.48
31068,9952,407016.98,0.6
31069,33801,203129.4,0.64
31070,29869,245373.34,0.19
31071,25362,166016.53,0.56
31072,21719,122670.88,0.41
31073,28033,37709.15,0.88
31074,32483,259159.4,0.88
31075,18434,423877.57,0.73
31076,23998,441274.19,0.68
31077,15869,289285.12,0.17
31078,13530,214609.88,0.33
31079,20389,408253.87,0.83
31080,5253,277350.59,0.82
31081,26601,160174.54,0.89
31082,5683,219334.39,0.55
31083,23099,490091.29,0.77
31084,28727,282283.02,0.19
31085,20889,499569.83,0.74
31086,30985,386154.9,0.71
31087,7729,292852.27,0.73
31088,23722,149325.9,0.39
31089,5681,399762.83,0.59
31090,19564,273908.72,0.48
31091,12483,392924.45,0.65
31092,26442,38541.49,0.3
31093,24351,263551.86,0.66
31094,21862,246390.38,0.86
31095,14601,239614.93,0.35
31096,6635,406092.15,0.88
31097,11471,185302.77,0.16
31098,6529,463609.24,0.16
31099,32474,379119.86,0.83
31100,21485,271718.96,0.32
31101,31183,25342.76,0.18
31102,31675,187632.52,0.9
31103,31606,250639.49,0.89
31104,10157,33851.12,0.11
31105,32745,309232.43,0.9
31106,7818,164971.05,0.61
31107,10781,77461.64,0.75
31108,4277,348827.57,0.65
31109,4605,400079.92,0.72
31110,810,223014.45,0.7
31111,4384,235061.87,0.82
31112,10074,341660.75,0.48
31113,34578,112500.69,0.86
31114,25231,346817.94,0.64
31115,30687,208516.53,0.83
31116,4829,451667.92,0.72
31117,10653,172430.42,0.17
31118,7167,332501.32,0.61
31119,20675,193877.28,0.88
31120,32750,285243.22,0.29
31121,21450,201580.73,0.45
31122,8452,82862.13,0.22
31123,17905,432828.46,0.86
31124,8023,376250.81,0.4
31125,5050,77116.84,0.42
31126,4750,421976.81,0.44
31127,7758,432935.48,0.41
31128,25737,497757.99,0.6
31129,22270,193152.05,0.61
31130,1877,484052.99,0.74
31131,2662,149296.12,0.41
31132,27695,478786.98,0.13
31133,23076,192255.82,0.82
31134,27923,276188.23,0.15
31135,15508,350545.63,0.81
31136,27619,406291.3,0.52
31137,6308,282839.33,0.31
31138,15371,254671.56,0.8
31139,20887,288802.31,0.31
31140,10291,315277.11,0.67
31141,9421,178445.33,0.89
31142,968,378796.99,0.39
31143,31950,15623.97,0.24
31144,16939,330126.99,0.6
31145,2584,35600.7,0.4
31146,33215,292529.34,0.46
31147,27432,284427.68,0.82
31148,20739,109698.83,0.27
31149,9309,107295.14,0.42
31150,3111,276710.2,0.75
31151,28106,442028.69,0.38
31152,16910,85034.98,0.15
31153,3651,344254.72,0.86
31154,24063,209823.2,0.23
31155,2422,421106.58,0.4
31156,18901,100646.95,0.3
31157,27753,360160.79,0.46
31158,8921,368475.1,0.29
31159,6174,142449.67,0.45
31160,31420,177327.02,0.13
31161,5536,196591.6,0.72
31162,1842,392477.48,0.5
31163,30467,34927.33,0.68
31164,18553,131402.65,0.54
31165,16913,233443.02,0.28
31166,9057,372226.03,0.26
31167,6537,371319.63,0.35
31168,16787,365521.62,0.63
31169,15464,429117.34,0.56
31170,18516,357021.67,0.19
31171,3441,333221.59,0.48
31172,25275,228904.21,0.77
31173,16934,322879.45,0.33
31174,18675,214655.97,0.28
31175,751,154314.19,0.24
31176,24409,327023.55,0.53
31177,29886,34522.99,0.48
31178,15455,55608.9,0.58
31179,16017,303783.72,0.21
31180,21488,232476.81,0.56
31181,13065,71758.04,0.6
31182,24226,169563.72,0.19
31183,28052,54602.47,0.36
31184,18025,288607.4,0.4
31185,23446,158262.99,0.81
31186,24272,66088.74,0.47
31187,10934,188777.46,0.59
31188,24061,343532.4,0.77
31189,13727,395501.55,0.47
31190,24642,246868.64,0.31
31191,22417,215166.86,0.74
31192,13381,237059.04,0.52
31193,22054,124058.26,0.76
31194,19297,269779.03,0.53
31195,8410,498142.25,0.44
31196,16705,117201.33,0.7
31197,6582,332658.19,0.12
31198,586,245378.62,0.11
31199,16020,263903.47,0.59
31200,6808,406019.2,0.77
31201,15966,321987.09,0.31
31202,26531,448213.72,0.85
31203,24301,456732.49,0.42
31204,22683,143208.08,0.62
31205,15730,441795.59,0.11
31206,11636,499681.41,0.76
31207,32481,162066.99,0.58
31208,14344,476588.76,0.73
31209,27163,452719.95,0.71
31210,16381,215148.25,0.41
31211,9432,310495.63,0.37
31212,31469,248700.49,0.77
31213,23963,454154.6,0.15
31214,15761,168640.52,0.35
31215,15118,243447.13,0.52
31216,27737,368133.77,0.13
31217,14999,246725.96,0.32
31218,26509,383087.32,0.6
31219,11080,452606.21,0.24
31220,28796,72403.91,0.49
31221,6839,36824.57,0.11
31222,23881,113396.79,0.24
31223,31557,198521.47,0.42
31224,8285,368932.32,0.76
31225,4471,192835.47,0.5
31226,3223,274075.29,0.61
31227,20010,190203.06,0.5
31228,2050,283539.78,0.82
31229,3464,362306.61,0.33
31230,4669,394803.46,0.3
31231,13199,110227.74,0.8
31232,26466,417639.14,0.84
31233,11275,218608.58,0.66
31234,13533,367059.58,0.46
31235,5649,478776.77,0.36
31236,20316,423186.8,0.64
31237,11769,359093.29,0.5
31238,14504,358218.75,0.21
31239,34171,296810.39,0.11
31240,15035,218741.55,0.46
31241,8407,73450.68,0.9
31242,17587,282850.6,0.49
31243,34159,132510.03,0.36
31244,26187,193819.58,0.65
31245,31847,99505.1,0.74
31246,1401,73252.61,0.81
31247,2239,306672.53,0.88
31248,4461,123161.98,0.5
31249,27612,380625.8,0.65
31250,18004,185731.33,0.85
31251,16536,151677.45,0.39
31252,23083,378113.24,0.66
31253,3920,386217.5,0.9
31254,6909,493929.34,0.74
31255,17893,359622.72,0.38
31256,708,141482.11,0.22
31257,10532,146189.41,0.12
31258,6616,22739.3,0.76
31259,4990,211560.56,0.16
31260,17814,31753.08,0.47
31261,12080,41828.65,0.48
31262,16325,122408.9,0.37
31263,6358,222158.09,0.61
31264,1388,450492.48,0.83
31265,29459,379534.44,0.63
31266,29762,165896.91,0.41
31267,32149,87096.11,0.34
31268,11870,267355.32,0.66
31269,31556,148378.93,0.67
31270,1354,204932.03,0.59
31271,3745,121037.05,0.39
31272,23417,150988.25,0.75
31273,30559,390594.32,0.89
31274,7593,15977.94,0.62
31275,21802,383917.69,0.83
31276,33007,303779.73,0.78
31277,9068,297726.7,0.4
31278,23318,155007.57,0.48
31279,33261,177182.95,0.89
31280,175,81987.94,0.72
31281,21036,95685.14,0.74
31282,12253,331049.62,0.46
31283,12865,480124.18,0.15
31284,27403,415391.05,0.59
31285,15508,297257.71,0.24
31286,1064,258036.4,0.52
31287,17923,139958.73,0.21
31288,9952,351654.65,0.82
31289,3822,364764.38,0.54
31290,26817,22128.84,0.52
31291,22028,356769.03,0.58
31292,31205,333435.22,0.53
31293,21631,341936.55,0.75
31294,867,440661.26,0.47
31295,1109,327706.01,0.8
31296,24510,483933.59,0.36
31297,32139,464245.87,0.3
31298,13203,292076.56,0.56
31299,4991,196534.43,0.47
31300,13648,140113.31,0.63
31301,661,170207.6,0.47
31302,11457,472232.75,0.64
31303,17383,415960.83,0.26
31304,31831,418853.75,0.75
31305,22134,231960.99,0.81
31306,20567,147504.95,0.6
31307,27479,483701.96,0.45
31308,2378,497160.21,0.48
31309,3937,136267.06,0.33
31310,26210,139949.11,0.45
31311,26089,81507.96,0.1
31312,22635,381099.55,0.13
31313,29208,410941.52,0.3
31314,24138,250611.56,0.78
31315,3011,294823.8,0.74
31316,26021,18270.32,0.7
31317,23071,258017.84,0.11
31318,8156,114383.83,0.35
31319,15796,63365.79,0.89
31320,7616,459590.82,0.15
31321,16140,275503.04,0.29
31322,30061,327160.26,0.21
31323,12291,129295.37,0.71
31324,11483,68626.1,0.2
31325,19543,402451.02,0.37
31326,14275,236778.27,0.87
31327,5866,385021.21,0.28
31328,5006,396768.11,0.3
31329,15500,12480.0,0.43
31330,18151,377807.16,0.25
31331,8811,36242.13,0.77
31332,8595,493492.69,0.28
31333,3838,484190.37,0.19
31334,12260,30000.98,0.71
31335,24441,324744.05,0.89
31336,31022,90803.16,0.6
31337,25193,350343.23,0.77
31338,10687,290230.27,0.19
31339,11234,495616.01,0.64
31340,25934,223491.6,0.14
31341,11452,216997.09,0.51
31342,5024,79852.61,0.25
31343,17676,89931.86,0.83
31344,14221,223576.25,0.85
31345,33507,322240.01,0.36
31346,4534,418608.66,0.27
31347,3697,131062.47,0.31
31348,4632,107235.75,0.81
31349,30682,65346.07,0.24
31350,22652,234312.25,0.54
31351,22502,282191.55,0.54
31352,15799,334546.24,0.6
31353,30182,225608.04,0.55
31354,12481,259914.46,0.19
31355,3059,16335.21,0.21
31356,33025,141292.2,0.37
31357,3826,446800.29,0.28
31358,3266,372580.93,0.72
31359,13069,220737.55,0.33
31360,3016,156014.72,0.36
31361,24944,37026.86,0.87
31362,21155,496031.77,0.81
31363,31535,65013.09,0.33
31364,22950,108037.11,0.87
31365,20422,329069.53,0.2
31366,6499,324997.3,0.51
31367,16146,355215.91,0.78
31368,13954,116018.79,0.84
31369,12484,416598.23,0.78
31370,29348,313294.36,0.42
31371,15451,316456.47,0.27
31372,23892,100813.34,0.36
31373,9102,98058.56,0.78
31374,34779,108130.61,0.29
31375,6492,341329.58,0.18
31376,5810,241338.48,0.68
31377,17811,46897.06,0.88
31378,27049,464620.09,0.22
31379,10388,494710.57,0.85
31380,26006,462032.52,0.71
31381,14394,479140.7,0.37
31382,22537,129571.76,0.63
31383,17905,173344.83,0.63
31384,14668,298067.73,0.58
31385,18321,40828.49,0.31
31386,4597,405537.65,0.89
31387,6742,398447.42,0.18
31388,19842,196511.17,0.71
31389,30902,136290.38,0.72
31390,13038,41794.49,0.33
31391,15262,228431.75,0.39
31392,30405,471826.75,0.76
31393,20143,154447.96,0.18
31394,19099,297773.26,0.15
31395,4736,65803.92,0.21
31396,30525,466801.01,0.51
31397,17270,199771.23,0.29
31398,29989,220643.85,0.16
31399,5074,306085.19,0.24
31400,17010,487393.98,0.81
31401,1049,324715.63,0.37
31402,23731,283292.76,0.15
31403,29163,421549.24,0.36
31404,12516,489244.7,0.61
31405,28389,172528.71,0.77
31406,29399,182065.45,0.9
31407,8587,231820.77,0.4
31408,33441,176623.78,0.27
31409,14101,219521.31,0.71
31410,110,133434.62,0.88
31411,8923,330330.66,0.8
31412,28151,105692.62,0.23
31413,28668,238148.37,0.18
31414,12579,367646.45,0.82
31415,15702,134778.84,0.22
31416,29380,389107.2,0.39
31417,607,314426.4,0.84
31418,27742,122150.34,0.23
31419,13971,478838.92,0.66
31420,3824,230435.54,0.64
31421,14872,179205.84,0.68
31422,28561,65040.73,0.73
31423,7938,307238.49,0.13
31424,9384,35784.18,0.32
31425,7045,191386.42,0.6
31426,34885,81407.21,0.65
31427,16333,285839.33,0.37
31428,2397,315163.88,0.43
31429,30766,101130.33,0.38
31430,28896,331123.29,0.17
31431,34765,342213.82,0.39
31432,10412,209341.63,0.46
31433,11523,310219.0,0.54
31434,28882,499123.26,0.38
31435,31903,70184.64,0.16
31436,6961,288280.59,0.62
31437,34244,331828.03,0.4
31438,30327,270705.29,0.15
31439,1074,481743.71,0.58
31440,2790,379170.67,0.61
31441,22823,37232.01,0.3
31442,8015,128386.9,0.3
31443,28420,412474.88,0.6
31444,10029,390534.36,0.41
31445,31861,478320.87,0.59
31446,13224,412072.24,0.13
31447,21126,370874.63,0.82
31448,1630,360964.17,0.41
31449,30082,426939.52,0.72
31450,7035,103313.74,0.38
31451,31286,84858.01,0.45
31452,33653,431535.59,0.59
31453,26491,190007.64,0.81
31454,8680,148130.3,0.77
31455,33403,242233.86,0.6
31456,20949,267111.02,0.4
31457,19387,393894.23,0.78
31458,8959,403974.68,0.52
31459,17290,282074.34,0.24
31460,23139,114136.68,0.31
31461,27187,145748.43,0.53
31462,16397,404526.89,0.38
31463,2535,366596.98,0.68
31464,29220,267230.8,0.89
31465,17003,374043.27,0.45
31466,27681,151510.72,0.14
31467,15037,147024.5,0.76
31468,15909,433059.0,0.33
31469,11750,149998.31,0.76
31470,7302,318876.06,0.88
31471,13916,111792.09,0.13
31472,19778,423108.56,0.68
31473,27781,401680.75,0.66
31474,31268,485504.74,0.89
31475,20705,299806.35,0.43
31476,9152,91937.95,0.29
31477,29023,419422.09,0.45
31478,10739,429317.45,0.3
31479,24123,428073.49,0.34
31480,11817,487762.87,0.17
31481,8525,269530.69,0.15
31482,20150,95789.41,0.28
31483,32686,492075.08,0.31
31484,28380,249690.86,0.66
31485,24145,348232.69,0.68
31486,11073,86400.99,0.47
31487,12489,146368.36,0.68
31488,6548,162810.21,0.62
31489,34691,359095.53,0.72
31490,29669,37149.59,0.46
31491,19920,13626.82,0.45
31492,20841,454228.35,0.84
31493,8547,489882.37,0.7
31494,12205,402739.48,0.61
31495,8363,436300.09,0.37
31496,3288,324274.89,0.22
31497,23248,378062.81,0.61
31498,1027,200174.29,0.32
31499,20102,161276.55,0.64
31500,24956,496792.61,0.13
31501,19330,362602.56,0.57
31502,2492,320787.51,0.37
31503,7942,324432.17,0.26
31504,11565,197057.94,0.86
31505,17018,47838.87,0.36
31506,940,253167.42,0.38
31507,31888,29983.52,0.47
31508,14886,144533.94,0.52
31509,6033,374603.65,0.85
31510,29953,213761.16,0.7
31511,18034,191664.3,0.16
31512,23736,31018.48,0.15
31513,34214,449333.91,0.63
31514,12814,126966.6,0.75
31515,23143,98543.74,0.25
31516,10139,113565.37,0.15
31517,10546,439900.01,0.21
31518,15617,301425.26,0.8
31519,10036,56994.15,0.13
31520,12796,496481.64,0.73
31521,913,88678.62,0.42
31522,25753,374333.62,0.23
31523,7219,449294.65,0.62
31524,32656,175087.33,0.29
31525,16041,437016.58,0.82
31526,26663,288767.58,0.64
31527,4930,239156.78,0.74
31528,4550,336282.3,0.19
31529,12957,280601.96,0.61
31530,31769,372096.16,0.19
31531,20470,488077.39,0.59
31532,10312,40468.35,0.45
31533,31552,63342.45,0.89
31534,26803,349506.19,0.21
31535,24685,207617.24,0.52
31536,31699,454910.28,0.14
31537,23102,298325.48,0.4
31538,11623,354454.76,0.7
31539,28742,471089.59,0.67
31540,1513,336981.22,0.62
31541,32904,309456.75,0.78
31542,12097,346262.18,0.28
31543,32328,410416.46,0.63
31544,8790,81372.41,0.68
31545,13050,203540.04,0.62
31546,30970,217938.4,0.22
31547,1679,266874.26,0.23
31548,22212,385143.44,0.87
31549,11511,138709.78,0.49
31550,26103,453696.55,0.13
31551,22580,329130.51,0.23
31552,7085,388103.85,0.75
31553,32566,216681.11,0.32
31554,25606,421285.05,0.2
31555,7213,30959.72,0.57
31556,32484,395675.6,0.16
31557,6820,369409.45,0.87
31558,21437,235073.16,0.6
31559,4765,450701.92,0.74
31560,4670,102157.25,0.25
31561,9808,302065.82,0.89
31562,20334,59172.31,0.17
31563,343,395405.58,0.16
31564,10707,299049.06,0.33
31565,29742,390342.54,0.77
31566,6197,464203.19,0.36
31567,31412,83904.99,0.33
31568,16838,44068.34,0.77
31569,804,360309.21,0.59
31570,7856,77050.93,0.38
31571,27069,326694.22,0.71
31572,7297,478386.58,0.5
31573,7454,141903.89,0.58
31574,31410,305962.31,0.6
31575,31158,282310.45,0.52
31576,33575,483299.44,0.87
31577,29873,147533.75,0.17
31578,30299,138361.82,0.35
31579,25303,53956.9,0.73
31580,22581,226631.28,0.68
31581,17586,159090.04,0.71
31582,34140,420275.16,0.28
31583,33519,79164.65,0.14
31584,23791,106860.64,0.76
31585,1057,26597.77,0.84
31586,16442,475393.46,0.39
31587,20456,401429.44,0.79
31588,28599,92006.75,0.11
31589,12107,442915.83,0.66
31590,26196,130884.44,0.35
31591,18623,44547.81,0.32
31592,16384,381703.33,0.25
31593,1937,97400.75,0.55
31594,27911,31827.58,0.66
31595,5448,104484.73,0.5
31596,33876,33951.7,0.36
31597,24578,279266.36,0.73
31598,7765,119272.81,0.28
31599,7550,313697.45,0.31
31600,21604,469843.53,0.9
31601,21357,138835.07,0.48
31602,2748,403742.22,0.35
31603,21605,111746.52,0.36
31604,27556,306389.56,0.85
31605,6713,107920.54,0.64
31606,29007,452323.09,0.75
31607,7793,34175.17,0.79
31608,33000,272048.93,0.84
31609,25572,266028.21,0.27
31610,8565,130192.33,0.36
31611,10440,357160.59,0.36
31612,33177,181125.02,0.31
31613,19345,390352.72,0.36
31614,21368,201795.71,0.14
31615,7335,210783.2,0.38
31616,30949,119690.08,0.55
31617,13373,404371.59,0.26
31618,28797,261226.31,0.69
31619,12477,38206.03,0.5
31620,7679,263099.63,0.15
31621,16006,444233.56,0.39
31622,4152,445412.75,0.56
31623,20715,325564.75,0.28
31624,25458,396795.89,0.31
31625,21870,189570.86,0.87
31626,28022,123260.08,0.5
31627,5434,325576.08,0.32
31628,27661,438239.28,0.9
31629,30221,104195.93,0.38
31630,23224,392356.51,0.17
31631,31551,329787.95,0.85
31632,1834,487132.5,0.45
31633,29093,378850.61,0.24
31634,15358,136825.32,0.76
31635,20461,352032.51,0.13
31636,31321,252872.81,0.87
31637,17384,348390.81,0.51
31638,9147,58761.41,0.15
31639,31036,372633.41,0.57
31640,31007,392333.82,0.87
31641,22116,111170.6,0.31
31642,28307,136926.02,0.69
31643,28262,303369.59,0.76
31644,5036,127003.25,0.4
31645,21730,309318.51,0.82
31646,10385,163202.55,0.7
31647,17586,229182.25,0.75
31648,26375,291415.1,0.33
31649,20925,352746.97,0.17
31650,3323,447277.57,0.84
31651,1884,495945.56,0.36
31652,27147,260395.93,0.84
31653,739,187329.56,0.88
31654,202,243635.84,0.54
31655,21436,155512.43,0.2
31656,10430,425186.37,0.79
31657,21206,440179.57,0.3
31658,13342,67556.4,0.37
31659,10819,232908.26,0.15
31660,33384,27499.98,0.46
31661,32712,65464.75,0.41
31662,14742,299270.28,0.33
31663,29547,95158.82,0.29
31664,31759,110641.03,0.84
31665,334,165347.64,0.51
31666,28470,21044.12,0.29
31667,18938,344919.22,0.9
31668,19503,312430.89,0.43
31669,23840,445923.22,0.79
31670,34981,485546.07,0.3
31671,3457,310437.66,0.12
31672,6938,375456.45,0.83
31673,16750,330075.32,0.1
31674,6639,263569.31,0.76
31675,8787,337344.02,0.62
31676,28201,338916.92,0.68
31677,34899,371233.09,0.24
31678,5217,11535.51,0.2
31679,15649,356179.27,0.58
31680,11453,317534.28,0.46
31681,12687,255974.05,0.7
31682,7462,80448.03,0.4
31683,29749,57797.66,0.88
31684,464,256354.87,0.54
31685,32843,354665.95,0.19
31686,17767,493064.55,0.52
31687,30492,131340.73,0.44
31688,24098,322812.21,0.34
31689,34939,414087.59,0.46
31690,19733,433335.41,0.89
31691,23458,398471.95,0.7
31692,23406,68905.0,0.58
31693,27083,28336.26,0.2
31694,12490,339052.93,0.49
31695,30395,332024.31,0.9
31696,6066,448237.69,0.2
31697,3392,400504.08,0.79
31698,57,177340.72,0.18
31699,17834,458127.32,0.55
31700,13349,434504.79,0.53
31701,5035,194731.49,0.68
31702,26832,351461.64,0.42
31703,14083,442707.37,0.21
31704,6514,77006.12,0.32
31705,3118,79556.18,0.42
31706,28599,313805.0,0.8
31707,29012,201420.78,0.6
31708,6877,230424.38,0.76
31709,19408,262505.68,0.82
31710,20580,326337.49,0.89
31711,29374,309769.57,0.38
31712,20388,474808.25,0.4
31713,12887,93898.15,0.72
31714,32940,346662.77,0.18
31715,27353,55254.83,0.41
31716,1368,154670.51,0.23
31717,25183,248746.84,0.71
31718,12753,153600.2,0.13
31719,6613,471787.27,0.86
31720,34922,478956.79,0.43
31721,26912,264905.74,0.17
31722,30253,116030.59,0.78
31723,4715,91354.8,0.84
31724,9918,376206.53,0.62
31725,25335,87305.46,0.6
31726,17439,247042.0,0.45
31727,21739,498760.87,0.35
31728,32266,189820.52,0.15
31729,14164,88242.16,0.8
31730,1484,337818.66,0.45
31731,11430,360328.09,0.6
31732,11517,457532.49,0.35
31733,26507,394181.42,0.61
31734,19840,300184.38,0.84
31735,28623,324299.48,0.41
31736,17840,186831.95,0.4
31737,14103,56249.45,0.36
31738,23973,330903.4,0.23
31739,24588,144840.88,0.76
31740,25227,153924.79,0.52
31741,17576,212459.3,0.43
31742,9049,209985.75,0.49
31743,27986,256333.19,0.13
31744,3397,483298.73,0.51
31745,21020,50474.43,0.16
31746,29776,300682.53,0.43
31747,32843,441401.17,0.16
31748,11908,254162.44,0.52
31749,34160,351018.55,0.15
31750,10620,86938.07,0.45
31751,11528,306674.17,0.84
31752,34647,336519.16,0.22
31753,7151,155543.49,0.27
31754,17646,133913.72,0.77
31755,30404,329774.7,0.84
31756,12160,353515.34,0.35
31757,34356,353498.99,0.4
31758,2273,246135.49,0.73
31759,21457,270812.26,0.12
31760,11364,323965.13,0.21
31761,11914,237561.01,0.56
31762,17760,22146.93,0.77
31763,31333,123376.05,0.53
31764,2973,254202.2,0.45
31765,11687,160754.17,0.33
31766,26896,431989.81,0.33
31767,4305,146536.24,0.64
31768,721,390753.63,0.5
31769,33709,449180.64,0.38
31770,8114,65550.33,0.62
31771,30745,444416.7,0.47
31772,27020,378093.62,0.83
31773,23235,137675.68,0.19
31774,2094,319921.15,0.89
31775,24511,278609.35,0.8
31776,3508,483110.6,0.47
31777,30797,259061.13,0.81
31778,26010,371360.9,0.89
31779,34748,203262.19,0.27
31780,31237,373736.56,0.62
31781,25605,380524.07,0.69
31782,23108,215962.98,0.68
31783,1432,360289.46,0.85
31784,24493,212624.05,0.19
31785,6703,107613.97,0.31
31786,9881,304824.66,0.83
31787,24981,95510.53,0.81
31788,23853,355862.32,0.36
31789,33248,257622.18,0.48
31790,28551,243546.89,0.7
31791,18574,431667.62,0.72
31792,20381,434776.37,0.16
31793,18529,15821.93,0.78
31794,20141,392439.41,0.6
31795,21131,108972.09,0.64
31796,31006,75518.16,0.81
31797,13375,400735.17,0.48
31798,10047,294621.48,0.65
31799,34509,398752.32,0.52
31800,16106,13159.7,0.69
31801,7415,233165.34,0.62
31802,31530,454577.44,0.32
31803,33055,43935.41,0.12
31804,29512,314246.13,0.15
31805,14222,76260.19,0.87
31806,16441,254803.91,0.64
31807,29748,325169.91,0.69
31808,27897,111574.06,0.73
31809,10868,30410.72,0.18
31810,13904,255101.23,0.74
31811,25579,453211.06,0.44
31812,1514,279925.23,0.5
31813,13867,98557.46,0.55
31814,23817,40361.45,0.64
31815,2961,145616.09,0.32
31816,12979,265503.85,0.27
31817,24653,312946.46,0.17
31818,18354,12622.55,0.17
31819,22542,492261.57,0.14
31820,11889,373367.21,0.75
31821,8073,190535.1,0.88
31822,27350,446051.42,0.6
31823,22757,458485.47,0.35
31824,18690,331161.4,0.46
31825,1111,79583.26,0.33
31826,28791,271881.43,0.47
31827,6613,259455.3,0.16
31828,2139,185675.14,0.37
31829,29595,482209.77,0.36
31830,25798,76616.59,0.18
31831,33255,62939.17,0.66
31832,23227,58347.01,0.58
31833,25984,93630.86,0.73
31834,1619,106378.08,0.21
31835,26442,394150.54,0.27
31836,6310,282830.51,0.89
31837,3521,435165.27,0.47
31838,34784,463100.5,0.7
31839,27497,73679.41,0.3
31840,16659,38439.61,0.88
31841,16266,335885.45,0.64
31842,19642,94697.2,0.48
31843,25661,221187.52,0.74
31844,20826,265673.17,0.38
31845,30028,496197.03,0.41
31846,29776,499062.59,0.82
31847,2340,146225.17,0.48
31848,25271,260398.54,0.52
31849,32112,463952.94,0.57
31850,26858,382676.99,0.46
31851,31387,459562.28,0.89
31852,23645,450696.54,0.55
31853,2224,70083.26,0.33
31854,2673,260066.14,0.53
31855,24045,420369.8,0.65
31856,16800,477062.69,0.63
31857,29388,254053.12,0.56
31858,29495,249460.45,0.11
31859,34776,404536.27,0.49
31860,29694,49105.93,0.75
31861,33796,272574.46,0.52
31862,2253,358754.1,0.24
31863,3446,293802.61,0.69
31864,29086,419740.16,0.34
31865,34206,165090.45,0.9
31866,13523,93667.19,0.35
31867,4092,72304.24,0.4
31868,15809,44509.69,0.43
31869,11943,75753.62,0.89
31870,1230,18052.47,0.7
31871,32376,353405.13,0.52
31872,20438,478135.84,0.25
31873,18177,338899.35,0.14
31874,10250,101843.77,0.74
31875,7160,378811.58,0.8
31876,7013,86897.83,0.74
31877,21506,312637.13,0.2
31878,5782,51675.39,0.76
31879,26631,405105.47,0.48
31880,13111,239180.52,0.57
31881,27093,474497.54,0.88
31882,15266,434676.95,0.21
31883,13399,397223.28,0.62
31884,8674,130882.8,0.87
31885,22837,270230.61,0.2
31886,2862,10252.89,0.56
31887,34111,53077.3,0.21
31888,2097,105764.73,0.24
31889,26443,183212.05,0.41
31890,3713,397123.57,0.32
31891,12018,216056.57,0.61
31892,10019,436526.16,0.17
31893,22872,430436.38,0.73
31894,20237,19710.26,0.82
31895,25088,138378.6,0.12
31896,25642,491016.28,0.23
31897,3104,370966.79,0.13
31898,19873,205336.34,0.87
31899,32029,92564.98,0.46
31900,8898,463241.44,0.22
31901,729,488762.86,0.47
31902,7709,14521.31,0.7
31903,9476,109415.37,0.71
31904,6998,209021.26,0.24
31905,16623,378159.22,0.42
31906,15353,372448.26,0.12
31907,15927,36236.45,0.77
31908,33462,373563.28,0.53
31909,26475,41871.62,0.85
31910,19399,247288.75,0.14
31911,1925,440472.56,0.21
31912,6920,129749.18,0.23
31913,15614,482023.49,0.64
31914,6711,440963.69,0.62
31915,16340,74099.29,0.88
31916,33250,411731.98,0.8
31917,24787,93716.23,0.87
31918,1734,204195.17,0.64
31919,14838,255032.87,0.29
31920,1419,139424.42,0.22
31921,26827,117711.7,0.22
31922,7605,341688.64,0.27
31923,28704,203485.06,0.77
31924,4596,160269.27,0.52
31925,34480,174314.4,0.13
31926,19662,10817.69,0.58
31927,20002,207751.89,0.47
31928,25793,307158.26,0.53
31929,26800,414647.26,0.56
31930,6735,43267.4,0.86
31931,27549,298249.41,0.51
31932,10342,38797.31,0.37
31933,24382,119494.69,0.77
31934,15173,310045.32,0.12
31935,27289,86168.72,0.21
31936,29052,496106.33,0.47
31937,14574,175802.11,0.34
31938,33471,108412.74,0.55
31939,19363,384341.22,0.43
31940,28482,308097.46,0.83
31941,12201,174169.82,0.23
31942,27606,262203.71,0.1
31943,8136,163561.92,0.34
31944,8181,315291.84,0.84
31945,11968,114890.32,0.45
31946,19587,87813.68,0.61
31947,18584,266765.19,0.33
31948,16494,339680.91,0.44
31949,31188,334453.2,0.57
31950,691,20046.98,0.32
31951,34332,398927.24,0.13
31952,18606,326927.22,0.61
31953,22203,259581.88,0.26
31954,13939,47423.71,0.75
31955,27026,304053.4,0.56
31956,26813,101877.62,0.66
31957,24102,52522.92,0.73
31958,28191,128484.91,0.18
31959,27695,375593.66,0.58
31960,30894,446381.48,0.74
31961,30981,43704.45,0.62
31962,24159,164404.0,0.59
31963,981,289811.16,0.65
31964,21686,218390.84,0.45
31965,30981,238422.91,0.49
31966,32928,368629.22,0.5
31967,4951,166119.61,0.5
31968,16974,240839.27,0.83
31969,14561,75425.49,0.84
31970,34502,199754.57,0.58
31971,16968,189546.24,0.26
31972,1069,196397.07,0.77
31973,4896,449371.77,0.86
31974,19555,337276.01,0.4
31975,30933,337682.85,0.64
31976,23243,159649.55,0.82
31977,17328,75861.19,0.32
31978,28473,299762.22,0.23
31979,22355,216138.92,0.57
31980,15029,155453.93,0.31
31981,25232,253555.52,0.21
31982,177,169200.9,0.9
31983,28833,190510.99,0.68
31984,23192,333075.24,0.18
31985,25917,71868.43,0.46
31986,3263,28228.53,0.3
31987,33197,315842.62,0.74
31988,26195,26579.02,0.12
31989,32958,344864.24,0.43
31990,23609,384809.87,0.73
31991,27229,157911.61,0.59
31992,3104,396880.35,0.72
31993,11965,298862.51,0.38
31994,3045,419871.39,0.71
31995,16745,312262.09,0.11
31996,29835,189883.04,0.35
31997,20805,48816.74,0.55
31998,24423,465935.49,0.52
31999,32358,478663.16,0.26
32000,3852,81017.39,0.8
32001,32788,432801.26,0.82
32002,23574,405998.03,0.78
32003,5216,247375.81,0.73
32004,1940,91804.05,0.64
32005,4799,43038.83,0.8
32006,30031,156060.07,0.63
32007,34383,390343.07,0.21
32008,13043,401242.28,0.19
32009,25330,407785.9,0.16
32010,17319,54348.01,0.78
32011,30335,195884.73,0.73
32012,26555,163002.58,0.57
32013,18625,239091.78,0.82
32014,21353,457827.82,0.19
32015,19044,398782.61,0.89
32016,29529,209008.35,0.86
32017,5231,420493.06,0.37
32018,2387,320031.05,0.32
32019,28313,122636.71,0.44
32020,16264,237763.39,0.2
32021,7775,471956.11,0.7
32022,6287,59358.13,0.73
32023,31297,15764.06,0.5
32024,20416,44081.56,0.37
32025,30536,360945.33,0.61
32026,13149,354337.88,0.73
32027,21091,246928.34,0.41
32028,2781,97875.19,0.72
32029,5051,391529.23,0.43
32030,22208,127408.16,0.39
32031,19715,99397.03,0.4
32032,13529,120960.48,0.41
32033,19908,379559.29,0.86
32034,31579,350866.48,0.57
32035,23988,414943.74,0.23
32036,4857,370281.1,0.12
32037,3890,444400.86,0.13
32038,32999,188890.26,0.67
32039,33213,273712.01,0.67
32040,25341,79998.07,0.63
32041,29595,332280.64,0.68
32042,27317,347431.91,0.89
32043,3802,257203.6,0.43
32044,14501,80954.23,0.39
32045,21800,494518.18,0.32
32046,6171,324404.64,0.36
32047,26596,159034.17,0.57
32048,9128,223133.65,0.42
32049,23660,429867.66,0.18
32050,13895,66540.15,0.31
32051,22638,202716.96,0.48
32052,23293,408943.05,0.86
32053,18297,322617.07,0.57
32054,30576,157096.15,0.69
32055,3986,99623.43,0.11
32056,12759,417921.66,0.37
32057,5963,284937.99,0.56
32058,27670,156747.81,0.49
32059,30574,244566.53,0.57
32060,19173,88049.87,0.81
32061,15086,285198.91,0.79
32062,28677,209094.64,0.75
32063,10839,141089.1,0.82
32064,22798,283754.54,0.28
32065,23,477950.26,0.68
32066,5643,143586.79,0.4
32067,16858,184414.46,0.45
32068,8638,261706.15,0.59
32069,29413,176600.16,0.46
32070,26093,372570.23,0.23
32071,11079,436811.79,0.79
32072,32598,131125.31,0.89
32073,6290,441410.24,0.77
32074,10771,317108.21,0.29
32075,33673,15483.31,0.36
32076,1117,381941.93,0.65
32077,2055,397857.57,0.69
32078,29102,210599.76,0.63
32079,15282,82938.49,0.74
32080,35,314821.39,0.29
32081,20115,405201.16,0.38
32082,30979,483850.05,0.8
32083,1604,182048.57,0.62
32084,28993,77687.09,0.86
32085,11234,136596.51,0.42
32086,8894,140180.7,0.25
32087,31314,387856.25,0.82
32088,13391,297207.87,0.79
32089,3359,341171.23,0.75
32090,5970,37176.26,0.66
32091,15051,27065.38,0.44
32092,13588,200034.29,0.82
32093,34662,473385.36,0.28
32094,19976,335174.76,0.28
32095,27920,162103.47,0.25
32096,26487,209624.06,0.62
32097,22221,101358.5,0.35
32098,17006,35084.65,0.83
32099,30446,398702.82,0.34
32100,21570,228211.33,0.5
32101,9701,315916.83,0.24
32102,26658,121881.87,0.62
32103,34541,18660.53,0.66
32104,10787,185798.31,0.86
32105,25591,99782.94,0.62
32106,13871,294022.98,0.59
32107,12380,129798.03,0.79
32108,25957,487806.79,0.81
32109,27782,287239.65,0.3
32110,13308,462289.47,0.33
32111,22130,124871.96,0.68
32112,19264,410083.93,0.34
32113,32340,106453.34,0.61
32114,11971,252567.53,0.66
32115,9697,488321.35,0.49
32116,1202,418089.87,0.76
32117,10133,371045.21,0.37
32118,25414,268767.37,0.38
32119,27130,120166.32,0.81
32120,6452,181182.58,0.65
32121,16698,177074.49,0.83
32122,28648,348213.1,0.13
32123,2709,206459.56,0.49
32124,21249,104416.91,0.49
32125,24875,31115.36,0.63
32126,17487,479518.92,0.18
32127,19721,291183.91,0.49
32128,20343,283768.04,0.59
32129,10562,158516.27,0.22
32130,32949,147082.88,0.86
32131,30147,320062.98,0.74
32132,9698,493746.22,0.6
32133,3283,312454.43,0.69
32134,13801,467838.23,0.41
32135,12138,401115.16,0.61
32136,20210,355142.34,0.32
32137,21980,185471.95,0.52
32138,17440,435663.27,0.89
32139,11074,229116.8,0.79
32140,23404,432912.65,0.71
32141,10319,83554.91,0.37
32142,10901,196565.14,0.44
32143,26714,274020.8,0.37
32144,7103,207084.94,0.39
32145,6872,356458.62,0.35
32146,7222,310316.3,0.83
32147,34138,347479.58,0.52
32148,3452,11641.85,0.87
32149,30530,12593.72,0.2
32150,18537,82566.4,0.49
32151,34565,381406.08,0.48
32152,3706,138236.89,0.54
32153,23907,271366.14,0.5
32154,12839,461188.5,0.49
32155,24553,25052.06,0.57
32156,21933,491857.94,0.7
32157,27531,191653.0,0.19
32158,23610,347607.76,0.29
32159,25289,458359.61,0.16
32160,251,279348.97,0.73
32161,32279,386602.0,0.1
32162,9930,370417.58,0.8
32163,7043,198933.04,0.23
32164,4815,154547.82,0.61
32165,34370,13783.05,0.21
32166,14414,97157.58,0.35
32167,27525,468238.03,0.17
32168,4519,479813.32,0.86
32169,25810,430147.71,0.4
32170,6221,450139.74,0.15
32171,22973,482803.86,0.56
32172,22605,369969.17,0.21
32173,7310,344721.1,0.61
32174,712,495776.92,0.48
32175,27875,140473.65,0.26
32176,24173,62822.64,0.46
32177,25781,473376.09,0.17
32178,9540,375037.3,0.86
32179,1457,463976.47,0.69
32180,18541,227691.16,0.73
32181,20214,344488.17,0.83
32182,8983,459225.89,0.52
32183,2264,210268.07,0.87
32184,21883,244248.29,0.58
32185,12485,182574.74,0.66
32186,21933,326927.91,0.22
32187,5453,29181.97,0.76
32188,31901,10212.67,0.36
32189,12150,138375.35,0.29
32190,22885,351062.82,0.73
32191,34497,163445.32,0.88
32192,4013,190287.75,0.54
32193,3739,81759.14,0.22
32194,32960,34869.4,0.51
32195,15075,27092.16,0.51
32196,13878,422994.38,0.16
32197,13339,369530.85,0.2
32198,19903,70602.94,0.79
32199,3564,166153.33,0.27
32200,21069,442107.3,0.26
32201,13249,469918.08,0.18
32202,27008,166048.15,0.32
32203,11493,352898.52,0.3
32204,20278,365451.51,0.17
32205,18880,473681.99,0.37
32206,34708,217535.82,0.19
32207,30250,13472.04,0.15
32208,30034,468108.54,0.77
32209,10700,15687.0,0.35
32210,9441,330049.94,0.14
32211,26912,77301.93,0.19
32212,34621,56855.22,0.8
32213,27854,356514.56,0.47
32214,19405,181877.21,0.86
32215,29771,247117.48,0.81
32216,2894,19789.14,0.43
32217,13764,105689.08,0.2
32218,1402,318985.07,0.7
32219,25146,362279.72,0.28
32220,2506,223311.23,0.85
32221,5661,491722.26,0.58
32222,7072,90713.13,0.14
32223,8467,421942.39,0.69
32224,24560,59489.25,0.52
32225,4934,328219.0,0.71
32226,22070,206687.69,0.71
32227,17091,172822.52,0.5
32228,6916,395895.97,0.31
32229,14684,458085.08,0.86
32230,963,94751.6,0.22
32231,777,36549.2,0.2
32232,34331,117321.71,0.62
32233,21764,238061.92,0.13
32234,20123,238976.3,0.4
32235,21067,195389.86,0.71
32236,8328,144070.55,0.7
32237,10668,478844.7,0.18
32238,5189,114116.49,0.46
32239,18695,76105.09,0.24
32240,25898,482964.51,0.79
32241,33383,259122.91,0.46
32242,4419,444333.04,0.57
32243,4458,368248.4,0.75
32244,20295,405229.37,0.57
32245,19926,398777.09,0.37
32246,29357,274453.14,0.34
32247,1806,247200.59,0.88
32248,23561,113311.54,0.16
32249,3981,263142.28,0.33
32250,34895,22674.35,0.55
32251,3479,210493.64,0.68
32252,34467,459954.45,0.73
32253,27195,158326.94,0.83
32254,22755,354771.53,0.25
32255,18456,219517.71,0.46
32256,29862,333978.52,0.82
32257,13104,173510.15,0.31
32258,14106,84769.7,0.79
32259,1459,411202.32,0.21
32260,980,428852.6,0.9
32261,31939,200646.25,0.13
32262,6242,74306.22,0.58
32263,19408,55490.02,0.53
32264,33929,202877.12,0.16
32265,1525,105809.06,0.38
32266,25663,48923.26,0.67
32267,20251,236339.01,0.79
32268,10766,290549.73,0.85
32269,19858,348803.7,0.53
32270,26214,390113.49,0.37
32271,17761,491503.36,0.72
32272,16591,424533.13,0.24
32273,12651,186642.74,0.4
32274,12441,60284.58,0.42
32275,6303,324251.74,0.54
32276,1996,267539.25,0.23
32277,11980,287847.07,0.48
32278,6269,75101.9,0.72
32279,24432,151045.92,0.27
32280,9399,442619.67,0.24
32281,3077,24413.71,0.29
32282,13993,292948.2,0.82
32283,30701,19789.81,0.3
32284,24360,449189.72,0.42
32285,28123,361697.13,0.68
32286,11417,478310.48,0.21
32287,19515,84711.65,0.86
32288,9050,407192.48,0.48
32289,21371,138238.9,0.78
32290,30420,112449.32,0.29
32291,33041,78137.47,0.77
32292,20425,220946.99,0.34
32293,32148,361437.97,0.17
32294,23156,327803.29,0.64
32295,23785,162681.34,0.59
32296,6066,71665.31,0.28
32297,28665,338789.8,0.86
32298,31070,111614.7,0.77
32299,15872,453650.77,0.39
32300,14465,375207.67,0.12
32301,31698,356909.6,0.11
32302,28882,473785.23,0.51
32303,27233,486835.08,0.46
32304,2221,394521.65,0.61
32305,27045,383563.05,0.52
32306,25700,409039.69,0.34
32307,31223,29481.63,0.79
32308,10115,272762.6,0.6
32309,18822,45169.15,0.27
32310,31144,144747.04,0.62
32311,2635,360857.97,0.17
32312,9522,468119.21,0.26
32313,5131,318953.1,0.3
32314,8093,369527.64,0.8
32315,29406,200965.69,0.61
32316,20707,149013.3,0.53
32317,24222,71942.09,0.46
32318,27068,284411.78,0.79
32319,15779,407209.75,0.29
32320,15013,189457.12,0.27
32321,891,117916.84,0.69
32322,24687,112839.04,0.52
32323,21045,83659.95,0.18
32324,175,279175.18,0.4
32325,10072,230063.93,0.82
32326,11573,236324.41,0.67
32327,506,28283.74,0.48
32328,17577,473676.92,0.78
32329,15513,108607.38,0.4
32330,2141,89444.61,0.87
32331,21271,152207.97,0.37
32332,16366,411924.33,0.31
32333,34155,145863.35,0.69
32334,27654,94213.94,0.39
32335,28566,391154.61,0.59
32336,26475,316160.16,0.34
32337,17321,91966.69,0.78
32338,5590,322454.65,0.77
32339,28840,174388.44,0.26
32340,28539,220394.55,0.6
32341,8510,308297.39,0.22
32342,21623,182008.21,0.63
32343,23707,244635.72,0.56
32344,3598,44445.55,0.4
32345,32994,12668.85,0.29
32346,7314,413150.78,0.64
32347,4962,141865.9,0.28
32348,18460,335892.23,0.4
32349,8930,280348.84,0.78
32350,14430,124481.49,0.26
32351,23454,407230.13,0.86
32352,34233,421374.56,0.41
32353,12639,220641.95,0.31
32354,29608,86658.67,0.19
32355,27924,230396.08,0.79
32356,16736,385897.65,0.22
32357,4662,459881.76,0.45
32358,18967,333854.25,0.18
32359,5954,281517.7,0.45
32360,27414,61276.67,0.42
32361,6099,230066.39,0.32
32362,26094,259306.73,0.32
32363,29630,309861.7,0.42
32364,24773,191116.7,0.22
32365,2186,307112.51,0.74
32366,5401,240739.48,0.22
32367,8179,496499.11,0.28
32368,10697,251642.86,0.31
32369,1280,220898.02,0.59
32370,24288,44037.82,0.78
32371,30629,88947.22,0.6
32372,33927,349929.33,0.54
32373,10806,10832.3,0.77
32374,3142,469586.62,0.71
32375,16976,20529.06,0.71
32376,8634,199184.59,0.8
32377,13037,283402.31,0.43
32378,5302,467762.59,0.77
32379,28176,454757.69,0.5
32380,8439,352948.51,0.5
32381,23825,419979.71,0.59
32382,12889,156188.57,0.34
32383,23258,90445.26,0.82
32384,3356,246332.34,0.32
32385,11743,23733.34,0.27
32386,32910,343828.4,0.19
32387,22442,391610.94,0.81
32388,23455,383976.66,0.27
32389,9776,474073.02,0.1
32390,14343,431406.5,0.45
32391,7477,87098.11,0.11
32392,32817,159935.96,0.89
32393,8616,169708.15,0.24
32394,28452,243731.84,0.26
32395,6098,24805.35,0.33
32396,13949,21474.02,0.15
32397,33358,437548.29,0.74
32398,16842,188477.42,0.2
32399,6063,241165.92,0.19
32400,6918,331370.99,0.6
32401,28693,168474.15,0.31
32402,1257,460059.17,0.54
32403,32366,470711.6,0.48
32404,12544,28212.07,0.36
32405,5911,253884.59,0.1
32406,34564,216599.88,0.5
32407,9064,310393.53,0.33
32408,19406,239869.28,0.32
32409,14744,385409.91,0.13
32410,12370,30782.39,0.39
32411,26820,59266.0,0.24
32412,20334,285265.16,0.77
32413,19623,203158.21,0.87
32414,12044,493628.03,0.73
32415,17475,278016.96,0.76
32416,15218,427589.74,0.88
32417,14255,325554.95,0.32
32418,25178,356119.53,0.71
32419,6020,47743.82,0.9
32420,25469,239107.21,0.74
32421,16671,164567.46,0.26
32422,14676,494311.78,0.15
32423,3610,214492.09,0.18
32424,30393,124955.53,0.87
32425,33728,353865.2,0.39
32426,3731,99332.48,0.81
32427,33210,123591.89,0.34
32428,2534,172893.49,0.83
32429,25163,320043.88,0.74
32430,24408,109449.48,0.25
32431,13389,267905.42,0.68
32432,6139,47588.4,0.76
32433,34454,489020.47,0.12
32434,9446,46884.1,0.38
32435,4631,362022.25,0.45
32436,1500,490562.32,0.76
32437,5584,35699.6,0.87
32438,22783,309762.47,0.31
32439,10120,345085.93,0.16
32440,21373,456621.46,0.4
32441,34780,15457.38,0.63
32442,19390,333377.97,0.42
32443,5155,151551.35,0.64
32444,5163,406257.27,0.71
32445,9976,90013.63,0.22
32446,12884,83761.48,0.34
32447,19142,39980.11,0.46
32448,34782,66634.78,0.69
32449,17458,34938.9,0.4
32450,33936,133395.58,0.76
32451,30543,417504.23,0.2
32452,15586,81514.51,0.37
32453,7141,229635.59,0.23
32454,31501,177467.58,0.78
32455,4372,190634.33,0.19
32456,24086,287003.49,0.84
32457,2563,67612.6,0.6
32458,11277,273634.73,0.75
32459,5367,306826.35,0.33
32460,22233,91582.27,0.12
32461,10215,495788.0,0.6
32462,1908,204624.36,0.88
32463,14588,276034.22,0.71
32464,3746,244914.97,0.36
32465,9361,63684.48,0.77
32466,4709,356569.61,0.6
32467,12384,295836.35,0.27
32468,19152,100454.75,0.67
32469,11304,15634.95,0.77
32470,19291,413811.45,0.32
32471,818,496386.75,0.67
32472,26339,431623.44,0.75
32473,1926,193072.43,0.21
32474,1307,365016.23,0.7
32475,8904,126196.8,0.11
32476,11886,437499.1,0.6
32477,29721,433027.74,0.54
32478,5006,208463.42,0.56
32479,14644,451366.12,0.45
32480,1956,321743.27,0.77
32481,18277,189527.5,0.69
32482,32524,286613.72,0.23
32483,8153,410917.03,0.33
32484,15260,205046.13,0.46
32485,11487,296490.41,0.72
32486,15496,234399.56,0.26
32487,14298,102676.52,0.75
32488,32884,114547.44,0.61
32489,7648,125455.53,0.75
32490,14582,216318.62,0.8
32491,13604,110098.13,0.57
32492,11516,91382.61,0.82
32493,8217,413346.24,0.48
32494,12417,169317.65,0.31
32495,27176,495119.99,0.13
32496,11018,171910.62,0.79
32497,572,341508.43,0.24
32498,9416,323556.74,0.61
32499,1,342397.98,0.25
32500,6936,467012.0,0.48
32501,834,50811.07,0.46
32502,8474,497058.96,0.47
32503,12599,26620.87,0.43
32504,14438,47792.22,0.38
32505,19992,243176.8,0.19
32506,16274,403027.18,0.78
32507,29206,388155.66,0.65
32508,7749,74710.42,0.48
32509,13915,222955.57,0.34
32510,13704,498612.79,0.78
32511,12020,32856.53,0.71
32512,30909,381059.67,0.67
32513,6606,418528.78,0.79
32514,6524,250039.1,0.55
32515,11291,476761.94,0.43
32516,17131,158200.59,0.58
32517,5151,160915.46,0.66
32518,26023,286997.49,0.58
32519,30939,86467.81,0.34
32520,29327,320174.22,0.21
32521,19332,242365.94,0.39
32522,33062,16791.56,0.15
32523,26701,12019.95,0.81
32524,8217,221212.91,0.14
32525,4216,68970.38,0.12
32526,32829,341445.88,0.87
32527,4358,16097.68,0.86
32528,32957,375700.8,0.71
32529,9536,390577.42,0.73
32530,202,135184.54,0.51
32531,13618,295018.42,0.53
32532,18422,158257.19,0.31
32533,13484,312563.88,0.66
32534,18806,385421.06,0.55
32535,20956,350957.04,0.68
32536,1757,23915.69,0.57
32537,20850,281188.92,0.32
32538,7644,368663.47,0.39
32539,2518,241068.32,0.69
32540,2247,60784.36,0.75
32541,11384,113040.67,0.29
32542,7809,105971.05,0.53
32543,2117,173105.19,0.41
32544,6337,259833.68,0.6
32545,20473,105208.25,0.35
32546,34519,54125.62,0.28
32547,22065,378619.52,0.24
32548,32192,115682.28,0.9
32549,13297,227456.79,0.78
32550,26095,446674.08,0.31
32551,19415,35688.36,0.17
32552,30018,47930.88,0.49
32553,5291,329099.71,0.46
32554,8991,258792.83,0.85
32555,33452,464627.06,0.19
32556,20775,478350.66,0.47
32557,14859,178728.42,0.47
32558,20070,420140.77,0.72
32559,19510,258833.71,0.88
32560,4561,209873.56,0.53
32561,690,236308.37,0.75
32562,30057,484887.4,0.73
32563,26110,391714.27,0.62
32564,22019,106672.25,0.59
32565,11658,370169.15,0.11
32566,10341,73014.51,0.58
32567,17346,424255.61,0.36
32568,10968,446086.21,0.38
32569,10377,333573.46,0.63
32570,25326,60879.66,0.25
32571,948,137766.34,0.41
32572,7728,191395.36,0.76
32573,4654,208176.45,0.56
32574,1376,226609.57,0.24
32575,19824,311592.27,0.3
32576,2245,205240.83,0.54
32577,12065,101267.6,0.67
32578,11259,155817.05,0.71
32579,17628,200203.81,0.59
32580,9197,306310.26,0.52
32581,6097,18663.66,0.42
32582,2982,324851.61,0.21
32583,8136,206627.99,0.15
32584,26562,233676.27,0.62
32585,16491,48637.85,0.7
32586,16988,64051.67,0.8
32587,22010,458496.54,0.43
32588,29849,117593.71,0.52
32589,3023,153358.44,0.26
32590,9361,374879.19,0.19
32591,2654,222986.4,0.57
32592,21239,232949.31,0.57
32593,33008,471781.17,0.89
32594,29099,228201.56,0.34
32595,27620,334937.14,0.77
32596,431,48083.8,0.83
32597,20102,48712.51,0.12
32598,7202,323337.42,0.14
32599,19504,274709.59,0.35
32600,6852,439452.95,0.46
32601,23775,177624.72,0.39
32602,13380,96177.3,0.31
32603,7598,172430.61,0.44
32604,17140,383227.41,0.71
32605,17327,302400.37,0.35
32606,4226,483370.27,0.72
32607,25988,392865.38,0.18
32608,12407,133470.73,0.23
32609,27945,210784.14,0.4
32610,20104,79360.43,0.41
32611,8194,264827.21,0.71
32612,3535,305737.46,0.44
32613,12653,495778.84,0.53
32614,15230,374708.64,0.66
32615,1836,448151.34,0.62
32616,29547,151915.26,0.18
32617,10371,442533.65,0.59
32618,6058,440127.6,0.66
32619,9803,269650.02,0.54
32620,23327,403212.23,0.2
32621,20976,239675.15,0.5
32622,398,193415.08,0.54
32623,14307,381610.2,0.23
32624,14385,493206.05,0.18
32625,5081,204065.28,0.14
32626,21336,103311.88,0.7
32627,21242,210562.53,0.54
32628,33544,422563.67,0.72
32629,20946,324110.06,0.41
32630,23426,45128.75,0.38
32631,4789,42936.02,0.72
32632,6083,275356.07,0.76
32633,30203,79942.67,0.6
32634,1203,145781.8,0.19
32635,32792,441868.33,0.53
32636,7879,318342.89,0.63
32637,31334,302648.19,0.66
32638,31494,57571.07,0.4
32639,26891,262902.6,0.81
32640,8856,405677.3,0.59
32641,32611,193679.24,0.33
32642,11333,393444.66,0.71
32643,9164,169202.51,0.78
32644,16380,373655.32,0.54
32645,33309,34946.93,0.23
32646,6463,330359.24,0.81
32647,22284,296995.49,0.7
32648,30484,466372.98,0.8
32649,13242,357919.36,0.64
32650,33261,150006.05,0.56
32651,33271,365206.49,0.52
32652,14847,400606.83,0.47
32653,30303,353575.67,0.86
32654,32386,478616.83,0.13
32655,3948,285092.54,0.15
32656,11989,21232.06,0.2
32657,23203,349298.08,0.38
32658,22371,326982.84,0.33
32659,18236,21950.64,0.55
32660,32815,479743.26,0.6
32661,387,326109.02,0.47
32662,9279,126039.26,0.27
32663,29520,384419.08,0.78
32664,26622,178896.99,0.71
32665,16506,16840.97,0.49
32666,2478,189096.66,0.53
32667,25741,148560.32,0.39
32668,30930,285906.91,0.42
32669,1756,427383.26,0.2
32670,16389,283842.54,0.14
32671,8822,261717.97,0.67
32672,18748,182794.9,0.13
32673,933,387806.61,0.76
32674,7544,419211.8,0.59
32675,4509,338411.87,0.37
32676,3692,466455.67,0.19
32677,3930,267632.72,0.2
32678,34690,163549.29,0.11
32679,17495,330805.42,0.21
32680,2099,209160.56,0.15
32681,11231,132925.09,0.2
32682,1174,273517.07,0.71
32683,16579,170088.14,0.29
32684,29674,272203.78,0.38
32685,27117,175949.33,0.5
32686,8496,122100.12,0.89
32687,10131,297864.43,0.19
32688,8276,399211.1,0.13
32689,19699,439966.62,0.89
32690,5545,246349.12,0.71
32691,7125,270111.78,0.27
32692,14486,486718.1,0.82
32693,34988,280315.72,0.38
32694,23263,11361.87,0.78
32695,17180,109060.73,0.78
32696,22412,100174.88,0.81
32697,30957,446912.07,0.27
32698,34450,342253.98,0.42
32699,19083,460573.08,0.89
32700,24753,43238.8,0.35
32701,19911,424650.44,0.23
32702,30172,363920.72,0.14
32703,879,132002.54,0.74
32704,8790,231991.29,0.5
32705,15895,248388.54,0.84
32706,28244,139378.76,0.86
32707,19997,87417.95,0.11
32708,17760,82706.2,0.85
32709,29860,427964.41,0.16
32710,8344,305070.09,0.28
32711,2325,260097.21,0.84
32712,15345,449644.86,0.86
32713,22372,142063.85,0.26
32714,24576,313030.24,0.62
32715,19306,285361.11,0.18
32716,32201,183804.28,0.33
32717,34417,480454.65,0.65
32718,27261,45207.24,0.75
32719,32773,475697.05,0.35
32720,14091,341358.08,0.55
32721,30312,69648.33,0.4
32722,2765,97541.11,0.82
32723,32899,109143.24,0.21
32724,31020,378492.15,0.4
32725,29490,187409.81,0.46
32726,16917,347530.28,0.57
32727,18800,302898.19,0.53
32728,19323,251155.75,0.4
32729,33611,434188.36,0.41
32730,15442,111801.12,0.13
32731,30127,446647.0,0.25
32732,2662,157093.09,0.61
32733,3066,324780.19,0.49
32734,6797,280045.66,0.52
32735,21533,224915.54,0.83
32736,18484,357010.35,0.11
32737,10286,308491.67,0.54
32738,26078,298759.94,0.34
32739,3452,382413.33,0.47
32740,29399,69167.38,0.54
32741,31563,123706.59,0.38
32742,1349,63269.13,0.29
32743,24431,399339.36,0.49
32744,379,477038.36,0.83
32745,25898,101385.62,0.5
32746,15651,333708.6,0.32
32747,4329,22677.0,0.84
32748,8279,85810.5,0.28
32749,16803,171180.39,0.84
32750,27433,180796.02,0.44
32751,32482,171815.89,0.54
32752,1449,95235.43,0.54
32753,9849,273701.58,0.19
32754,27853,99300.94,0.68
32755,14295,470344.69,0.67
32756,21483,92796.09,0.12
32757,4531,135804.89,0.29
32758,13888,101895.0,0.32
32759,26417,68248.84,0.85
32760,23837,80155.83,0.2
32761,11921,172561.65,0.67
32762,25494,179255.16,0.26
32763,26068,128589.24,0.65
32764,5901,196407.87,0.26
32765,24182,119558.69,0.62
32766,19921,487524.67,0.21
32767,25940,474026.13,0.86
32768,24130,497802.58,0.59
32769,23111,233820.73,0.87
32770,23423,145948.46,0.75
32771,13525,337766.53,0.25
32772,8267,10438.93,0.28
32773,28919,286706.55,0.22
32774,2162,297514.46,0.12
32775,328,125880.28,0.87
32776,5322,460129.05,0.64
32777,29372,229079.11,0.6
32778,24639,362219.73,0.75
32779,24245,279839.96,0.65
32780,23156,441368.11,0.76
32781,24940,93214.35,0.56
32782,25917,460474.53,0.55
32783,11585,248066.25,0.43
32784,9367,91605.43,0.64
32785,16539,196503.41,0.62
32786,6297,276844.47,0.22
32787,15110,417449.77,0.74
32788,6133,30400.27,0.19
32789,4187,364390.37,0.35
32790,17871,292480.64,0.41
32791,7194,413296.23,0.19
32792,32061,298231.06,0.72
32793,19324,275877.47,0.37
32794,29158,305650.91,0.56
32795,7479,103904.55,0.64
32796,14481,356245.4,0.32
32797,3537,86504.37,0.39
32798,23452,217569.44,0.68
32799,33070,399804.09,0.72
32800,10916,90924.43,0.86
32801,10668,212968.24,0.74
32802,1771,188040.5,0.44
32803,25237,404397.93,0.26
32804,23031,268267.82,0.49
32805,26397,118058.41,0.71
32806,10375,348610.19,0.49
32807,12955,166243.73,0.72
32808,8220,489422.68,0.23
32809,27923,61601.41,0.28
32810,23739,367323.34,0.53
32811,3772,461593.45,0.57
32812,7638,29298.38,0.27
32813,18438,85038.38,0.32
32814,19227,465479.1,0.41
32815,18520,410820.89,0.84
32816,32296,243923.04,0.73
32817,7665,246946.43,0.47
32818,26299,224521.58,0.44
32819,22941,394090.06,0.63
32820,28298,435253.19,0.25
32821,9460,151923.58,0.26
32822,14988,313665.48,0.51
32823,12745,365813.74,0.62
32824,28180,425092.75,0.28
32825,24993,483489.55,0.6
32826,21824,325197.05,0.55
32827,13071,145704.32,0.77
32828,32637,295997.08,0.36
32829,24961,402282.14,0.13
32830,22739,43432.74,0.64
32831,34142,294750.19,0.77
32832,10145,386083.47,0.42
32833,2723,314908.87,0.22
32834,4211,362788.18,0.57
32835,33399,190833.38,0.87
32836,11303,323984.06,0.65
32837,18640,362681.29,0.61
32838,25518,115231.22,0.1
32839,24492,498604.86,0.21
32840,17883,121640.66,0.33
32841,20891,269679.77,0.77
32842,15909,177182.09,0.82
32843,11103,445482.68,0.86
32844,31243,430083.84,0.82
32845,34367,391163.16,0.58
32846,28686,270678.4,0.34
32847,10723,380797.0,0.84
32848,20482,155201.07,0.72
32849,12601,470037.32,0.25
32850,12437,486806.79,0.66
32851,1938,448336.09,0.73
32852,8333,403401.75,0.3
32853,29813,15401.54,0.7
32854,8127,475291.11,0.75
32855,2809,435006.89,0.48
32856,9805,450080.45,0.1
32857,12405,445244.5,0.3
32858,5224,173935.32,0.84
32859,26232,151489.7,0.61
32860,5811,278066.62,0.89
32861,25382,407540.39,0.81
32862,10431,328860.42,0.53
32863,19203,291169.6,0.72
32864,19245,427269.45,0.23
32865,14454,229384.74,0.41
32866,5466,141811.8,0.44
32867,6624,372681.47,0.59
32868,28374,379186.12,0.55
32869,11085,169123.82,0.29
32870,12540,178388.1,0.48
32871,24705,400029.12,0.65
32872,27776,442290.12,0.11
32873,8993,48428.61,0.89
32874,2541,238582.22,0.51
32875,4085,311890.13,0.23
32876,11061,269392.39,0.64
32877,8104,369333.74,0.17
32878,18771,445619.75,0.21
32879,26264,423717.08,0.76
32880,8864,440688.65,0.38
32881,27449,251060.96,0.83
32882,1169,454912.12,0.53
32883,24019,55612.86,0.44
32884,19116,236999.09,0.8
32885,26947,335536.9,0.69
32886,8060,459619.09,0.54
32887,24343,265180.12,0.26
32888,22679,148873.86,0.4
32889,26267,396578.11,0.7
32890,23511,223078.52,0.37
32891,9805,257227.62,0.51
32892,16375,418981.21,0.19
32893,13887,496064.02,0.53
32894,2070,14552.65,0.63
32895,12417,16767.97,0.13
32896,6261,189482.79,0.71
32897,2577,191581.56,0.79
32898,34165,416013.19,0.83
32899,24898,339298.8,0.77
32900,13789,191799.25,0.4
32901,25743,50830.49,0.43
32902,18268,331796.93,0.7
32903,26320,268330.28,0.37
32904,29865,445373.66,0.48
32905,31450,171629.84,0.87
32906,6961,497136.02,0.28
32907,20275,281305.02,0.57
32908,30514,258360.36,0.58
32909,1431,475901.13,0.79
32910,23599,139631.41,0.73
32911,1862,323705.39,0.68
32912,23812,225225.52,0.46
32913,14130,394268.37,0.13
32914,8016,357381.06,0.84
32915,14497,411889.46,0.44
32916,24684,388181.53,0.15
32917,11797,362109.69,0.68
32918,22690,345598.96,0.36
32919,4198,375772.14,0.4
32920,15237,300665.41,0.42
32921,28882,456403.7,0.48
32922,25063,280401.45,0.72
32923,15608,428003.16,0.42
32924,19967,86862.01,0.72
32925,20852,219352.29,0.76
32926,29107,404684.24,0.61
32927,30553,105915.9,0.55
32928,19397,40816.8,0.16
32929,2064,17385.14,0.27
32930,17452,24675.4,0.56
32931,32459,51525.09,0.22
32932,16686,151736.68,0.81
32933,4006,223057.91,0.87
32934,216,360698.55,0.62
32935,4538,440273.62,0.43
32936,25399,465556.49,0.58
32937,33366,194289.71,0.4
32938,3406,351659.56,0.81
32939,14587,490966.26,0.77
32940,17004,195770.7,0.6
32941,32443,140727.17,0.84
32942,8032,141359.49,0.83
32943,21089,315798.57,0.69
32944,28543,124178.94,0.54
32945,30542,84630.66,0.41
32946,17625,405506.25,0.69
32947,24113,367347.55,0.58
32948,5600,423291.96,0.87
32949,16189,354957.29,0.27
32950,18906,296252.91,0.31
32951,23839,402225.7,0.34
32952,13520,198940.97,0.87
32953,27415,135657.66,0.73
32954,21969,363640.76,0.26
32955,1603,270998.22,0.11
32956,4052,321109.63,0.41
32957,26562,86310.69,0.82
32958,11974,189329.39,0.53
32959,20300,24412.73,0.65
32960,21911,488267.9,0.1
32961,10971,74973.58,0.5
32962,12752,187974.93,0.12
32963,20202,273269.52,0.49
32964,27516,75343.19,0.64
32965,31919,41726.63,0.3
32966,21210,247812.31,0.66
32967,29746,24593.64,0.69
32968,25874,149121.14,0.21
32969,3896,498321.09,0.9
32970,24192,482443.14,0.12
32971,20923,353485.85,0.66
32972,8102,394956.26,0.87
32973,5087,444181.69,0.67
32974,20423,63857.52,0.12
32975,26884,237429.22,0.6
32976,1351,292120.29,0.72
32977,10723,419603.37,0.54
32978,4997,43860.56,0.4
32979,19407,152898.24,0.76
32980,7443,416358.92,0.38
32981,26997,104304.98,0.17
32982,6750,328491.9,0.64
32983,17032,90420.08,0.57
32984,5727,493915.26,0.76
32985,10571,264612.01,0.68
32986,25884,458384.23,0.13
32987,8367,295021.27,0.37
32988,25944,92300.16,0.77
32989,31346,295021.73,0.26
32990,19905,92342.6,0.25
32991,8273,166925.69,0.11
32992,29535,373073.45,0.54
32993,34723,376772.37,0.61
32994,8032,424881.78,0.13
32995,27527,107847.72,0.31
32996,24468,176125.5,0.44
32997,27564,130456.2,0.68
32998,33258,118368.01,0.84
32999,26139,430124.85,0.78
33000,2793,86567.57,0.24
33001,21856,164175.69,0.19
33002,8637,221420.08,0.51
33003,20957,101869.75,0.31
33004,17113,297000.19,0.53
33005,3619,34728.62,0.35
33006,29623,66948.23,0.6
33007,28386,108435.76,0.56
33008,27427,37711.19,0.17
33009,17080,393122.45,0.35
33010,12178,247851.47,0.58
33011,9459,82911.72,0.7
33012,11004,229947.95,0.56
33013,28089,147711.48,0.16
33014,19137,461474.56,0.24
33015,27514,28762.76,0.55
33016,4234,272961.02,0.61
33017,7337,204309.06,0.36
33018,29540,167413.12,0.58
33019,24352,276409.39,0.65
33020,18980,409002.15,0.79
33021,16019,144574.25,0.34
33022,27935,302148.68,0.49
33023,8865,406741.87,0.77
33024,11669,468721.37,0.58
33025,8175,355917.78,0.2
33026,14799,339130.48,0.37
33027,30639,129182.38,0.56
33028,6036,74906.89,0.59
33029,30142,479733.77,0.49
33030,27372,377972.34,0.32
33031,5172,198717.71,0.69
33032,5829,431956.82,0.63
33033,23814,485883.67,0.6
33034,17081,154411.66,0.73
33035,6294,301058.46,0.71
33036,6160,353334.92,0.78
33037,5435,258934.69,0.32
33038,19698,221847.99,0.52
33039,20951,122111.76,0.73
33040,20846,397330.23,0.56
33041,29749,149602.13,0.51
33042,3418,373668.17,0.65
33043,221,16132.41,0.57
33044,33399,228092.51,0.38
33045,3000,444802.37,0.42
33046,13378,106005.22,0.83
33047,15607,435317.4,0.62
33048,30681,188855.58,0.45
33049,29231,150681.78,0.28
33050,26090,477564.24,0.28
33051,17305,62765.45,0.69
33052,31376,98986.85,0.66
33053,33554,143650.42,0.13
33054,22284,163905.29,0.79
33055,4269,363272.77,0.27
33056,4832,244579.74,0.19
33057,24119,120092.39,0.78
33058,13774,116889.42,0.12
33059,4139,233486.14,0.69
33060,1090,264294.85,0.24
33061,6049,179773.34,0.5
33062,33492,417098.89,0.62
33063,25564,310768.66,0.46
33064,17098,298927.27,0.65
33065,23860,55294.24,0.33
33066,8900,137887.41,0.56
33067,9093,399225.04,0.79
33068,5528,73557.09,0.89
33069,11590,304473.33,0.68
33070,21402,437492.49,0.77
33071,2694,355826.97,0.59
33072,12387,169849.82,0.23
33073,26312,63060.15,0.11
33074,30592,316449.97,0.28
33075,21861,123692.73,0.13
33076,9721,179772.59,0.32
33077,9113,476171.39,0.36
33078,20226,56832.54,0.87
33079,29237,446875.55,0.18
33080,11454,31150.59,0.9
33081,728,350685.2,0.32
33082,2805,450164.78,0.42
33083,16718,68255.6,0.76
33084,13482,312987.59,0.63
33085,1680,234312.32,0.64
33086,26875,359508.02,0.14
33087,28110,387582.82,0.29
33088,30577,120481.99,0.78
33089,2282,286658.49,0.27
33090,2382,100395.02,0.3
33091,27749,188482.47,0.25
33092,15828,222578.31,0.84
33093,11457,29679.45,0.43
33094,22734,180658.69,0.5
33095,9309,204318.63,0.63
33096,9656,81346.07,0.34
33097,7963,126699.38,0.32
33098,22428,259178.54,0.14
33099,1362,355247.83,0.48
33100,8221,76916.39,0.77
33101,25192,297075.36,0.84
33102,26522,42713.3,0.59
33103,22412,199896.98,0.2
33104,19696,300706.44,0.25
33105,12768,492164.73,0.76
33106,18882,286534.75,0.29
33107,12816,289850.64,0.81
33108,18598,174420.57,0.57
33109,31738,189011.24,0.38
33110,12811,426296.57,0.84
33111,4385,244413.56,0.59
33112,13552,22827.13,0.79
33113,7716,383050.9,0.44
33114,11749,384541.25,0.6
33115,31460,311112.71,0.2
33116,19507,156626.41,0.56
33117,22301,403568.88,0.57
33118,24847,245733.34,0.35
33119,28056,215999.58,0.75
33120,11622,462053.64,0.45
33121,3432,288453.88,0.43
33122,13391,26794.24,0.82
33123,18973,193446.62,0.2
33124,16308,211168.87,0.77
33125,15314,179778.53,0.64
33126,5925,454891.25,0.28
33127,27507,116257.8,0.2
33128,27350,215208.83,0.12
33129,985,394962.91,0.2
33130,19060,454129.01,0.57
33131,2431,265784.31,0.38
33132,1856,444754.72,0.32
33133,32572,135861.28,0.74
33134,10537,105481.83,0.45
33135,4735,235704.6,0.21
33136,15005,213836.15,0.31
33137,20043,170385.21,0.89
33138,28584,300163.98,0.66
33139,3211,321949.08,0.87
33140,29510,342347.5,0.58
33141,26684,184988.63,0.66
33142,29979,310011.92,0.12
33143,32016,397808.62,0.7
33144,14770,309736.49,0.55
33145,20274,477571.53,0.77
33146,10267,163161.26,0.37
33147,28240,376504.0,0.11
33148,2297,158757.39,0.7
33149,10433,46452.14,0.34
33150,16786,388689.46,0.8
33151,14933,359360.75,0.33
33152,6563,149335.41,0.87
33153,18395,298171.99,0.76
33154,48,105224.5,0.67
33155,7232,209622.17,0.55
33156,31775,215302.19,0.13
33157,34708,51220.34,0.13
33158,29676,242532.18,0.44
33159,6708,134844.84,0.3
33160,10692,257152.05,0.17
33161,24748,370025.12,0.26
33162,18936,259028.11,0.6
33163,1296,434529.8,0.45
33164,5063,195622.62,0.34
33165,32204,134918.26,0.86
33166,27601,406496.47,0.56
33167,14504,245800.68,0.48
33168,23241,333058.69,0.39
33169,20237,80140.83,0.54
33170,33163,493565.49,0.78
33171,32247,139238.12,0.19
33172,27178,167970.75,0.42
33173,3001,114336.06,0.71
33174,18360,435058.39,0.2
33175,24386,450503.62,0.44
33176,16787,391009.26,0.11
33177,32604,429560.78,0.64
33178,13385,425078.85,0.61
33179,23807,368131.31,0.4
33180,1233,422043.33,0.25
33181,18940,91937.53,0.51
33182,29987,429582.12,0.81
33183,47,90912.91,0.19
33184,30563,343459.79,0.57
33185,1218,350361.17,0.51
33186,27050,143806.0,0.51
33187,33966,364839.53,0.3
33188,13520,316777.93,0.13
33189,21859,218950.15,0.75
33190,19845,24527.7,0.45
33191,14357,178360.69,0.18
33192,28274,455238.77,0.73
33193,16337,361033.76,0.34
33194,30651,236519.86,0.42
33195,27451,399040.65,0.81
33196,26475,220583.04,0.75
33197,29770,373798.55,0.74
33198,3084,205692.8,0.75
33199,18583,212944.3,0.2
33200,23887,255572.27,0.85
33201,26801,340471.99,0.63
33202,7087,76603.26,0.16
33203,26610,324250.97,0.4
33204,27981,400742.42,0.73
33205,14748,198170.35,0.72
33206,33085,493691.51,0.67
33207,28087,85272.53,0.38
33208,11558,89182.66,0.35
33209,31890,431019.01,0.9
33210,1477,32949.57,0.52
33211,34883,350184.92,0.28
33212,28738,368568.31,0.36
33213,1325,239866.67,0.46
33214,23992,188490.59,0.6
33215,22557,366255.9,0.65
33216,1301,429497.2,0.53
33217,422,76342.97,0.17
33218,9006,348152.78,0.29
33219,30771,35199.86,0.8
33220,18635,434588.19,0.61
33221,24829,310004.05,0.22
33222,26219,390800.57,0.74
33223,4044,33714.75,0.14
33224,31660,33741.82,0.41
33225,3742,302963.51,0.87
33226,19312,426693.93,0.22
33227,7770,108231.39,0.35
33228,6617,77036.14,0.38
33229,24232,368003.51,0.56
33230,6333,160011.24,0.86
33231,15211,38589.37,0.65
33232,33667,149666.39,0.81
33233,14924,440699.42,0.77
33234,2866,179810.96,0.22
33235,5174,340307.07,0.15
33236,28874,150865.52,0.25
33237,28548,409883.39,0.71
33238,15373,367864.61,0.68
33239,22302,52210.15,0.43
33240,1058,93196.24,0.61
33241,304,260937.3,0.54
33242,7492,101659.12,0.46
33243,5704,69834.42,0.27
33244,21641,104188.5,0.37
33245,1633,419128.13,0.41
33246,26263,315872.83,0.82
33247,27603,331170.77,0.28
33248,20245,371072.86,0.73
33249,13263,460512.3,0.63
33250,20481,132855.96,0.42
33251,15022,326495.73,0.2
33252,30621,160390.77,0.69
33253,15741,183827.02,0.29
33254,7932,197298.43,0.58
33255,28588,400441.41,0.64
33256,8268,48033.78,0.42
33257,6945,304827.25,0.47
33258,24456,143578.02,0.41
33259,9551,300590.48,0.47
33260,20368,366900.43,0.38
33261,18217,33859.39,0.51
33262,26228,348185.78,0.89
33263,1292,463179.36,0.77
33264,31389,456634.08,0.63
33265,21019,215837.9,0.35
33266,16840,370442.06,0.27
33267,16515,283085.02,0.46
33268,16572,122540.66,0.63
33269,21980,44886.69,0.76
33270,17794,355906.17,0.48
33271,23102,155447.52,0.76
33272,6256,426624.45,0.46
33273,6315,14107.69,0.15
33274,15174,461062.99,0.3
33275,1553,18889.13,0.16
33276,12060,11080.85,0.8
33277,10083,149991.79,0.68
33278,14050,238106.75,0.47
33279,10627,152062.64,0.12
33280,10482,122344.96,0.37
33281,27864,118663.13,0.74
33282,31705,286841.29,0.42
33283,4146,498932.98,0.42
33284,326,258120.57,0.34
33285,8239,380929.54,0.52
33286,11491,328507.97,0.64
33287,18015,453317.85,0.59
33288,8238,346048.45,0.22
33289,5423,388910.17,0.16
33290,4172,336163.81,0.64
33291,27353,117693.87,0.24
33292,23921,256021.84,0.73
33293,16615,213708.96,0.36
33294,31449,431258.58,0.45
33295,34440,320982.94,0.42
33296,15021,30332.14,0.89
33297,6456,470845.63,0.78
33298,18783,271115.0,0.5
33299,27368,235041.59,0.74
33300,23029,196647.8,0.61
33301,18837,46785.74,0.26
33302,22489,238735.75,0.88
33303,17117,150992.12,0.64
33304,20564,442892.37,0.16
33305,12564,385647.64,0.54
33306,14723,333524.11,0.28
33307,4063,117542.55,0.59
33308,27504,83163.79,0.58
33309,3254,285656.53,0.22
33310,18452,490446.87,0.69
33311,24555,400770.34,0.27
33312,8594,46484.83,0.62
33313,34041,105788.88,0.3
33314,17587,493733.44,0.13
33315,12752,95495.43,0.6
33316,29664,40027.87,0.28
33317,7343,98035.85,0.54
33318,6603,201054.12,0.56
33319,20414,308524.18,0.15
33320,12946,159288.77,0.72
33321,8966,362395.11,0.63
33322,29722,385379.55,0.24
33323,27768,168395.75,0.8
33324,32676,313584.65,0.16
33325,34497,439620.84,0.56
33326,33388,428634.73,0.57
33327,30973,140161.45,0.27
33328,14027,420639.63,0.11
33329,28191,161750.19,0.1
33330,4501,201665.76,0.34
33331,7242,498202.57,0.78
33332,12138,278023.31,0.28
33333,7432,64187.37,0.81
33334,5042,439596.88,0.68
33335,13661,79748.84,0.57
33336,34751,409497.44,0.67
33337,1352,349095.44,0.38
33338,825,14403.65,0.74
33339,26889,166835.11,0.23
33340,12267,275836.79,0.83
33341,7244,236823.86,0.26
33342,14452,476471.34,0.73
33343,12656,22609.94,0.9
33344,14649,78234.76,0.54
33345,27779,389307.7,0.78
33346,32940,368667.13,0.39
33347,14215,451329.65,0.67
33348,6686,482035.43,0.63
33349,20987,197344.58,0.27
33350,25508,126035.83,0.12
33351,2858,35139.43,0.74
33352,21040,89414.49,0.74
33353,32516,238089.42,0.66
33354,16570,335876.71,0.45
33355,16317,212379.14,0.11
33356,29379,309569.22,0.14
33357,23958,356632.78,0.86
33358,31162,281636.6,0.59
33359,17833,297047.51,0.35
33360,3189,179617.34,0.41
33361,28549,363807.68,0.61
33362,16712,54351.05,0.54
33363,32823,21306.19,0.48
33364,30062,454304.17,0.72
33365,12604,266612.71,0.11
33366,7245,228879.47,0.51
33367,4815,414423.03,0.61
33368,34860,354095.07,0.8
33369,15326,249022.42,0.35
33370,5414,268486.57,0.62
33371,29067,118678.68,0.63
33372,15872,94424.34,0.39
33373,34837,323232.95,0.79
33374,19707,203340.53,0.25
33375,24280,54499.4,0.53
33376,29463,432257.7,0.63
33377,21709,45681.86,0.34
33378,6720,68239.83,0.88
33379,26145,240597.87,0.77
33380,34590,117426.1,0.57
33381,6566,192302.15,0.2
33382,15257,178482.35,0.49
33383,5547,472572.78,0.11
33384,6047,432522.96,0.14
33385,4742,22499.17,0.88
33386,27398,248737.6,0.6
33387,25270,192314.17,0.79
33388,22863,464618.76,0.18
33389,15668,393690.43,0.65
33390,24912,408067.68,0.53
33391,16812,16947.41,0.64
33392,27247,479865.5,0.89
33393,10137,183978.89,0.46
33394,6231,197052.63,0.35
33395,25216,483147.18,0.19
33396,17272,192046.99,0.62
33397,30586,68619.06,0.48
33398,16632,253604.58,0.74
33399,24563,196287.32,0.13
33400,24786,431896.07,0.9
33401,531,482268.9,0.65
33402,5732,77776.61,0.85
33403,14550,232940.67,0.79
33404,34020,433540.67,0.71
33405,30765,384869.48,0.47
33406,8186,91692.99,0.44
33407,434,269088.79,0.66
33408,29214,235216.32,0.52
33409,16372,418662.87,0.23
33410,3687,390155.67,0.11
33411,11736,143284.35,0.24
33412,4514,310640.48,0.19
33413,33628,359355.24,0.55
33414,15352,44611.99,0.5
33415,11779,212140.49,0.56
33416,8776,366767.21,0.83
33417,29268,20273.73,0.16
33418,7410,314240.96,0.74
33419,5243,259771.05,0.88
33420,602,203715.26,0.45
33421,9948,459300.84,0.55
33422,33919,448544.57,0.4
33423,1199,105463.92,0.56
33424,11150,346408.76,0.64
33425,9422,479361.41,0.83
33426,22439,105211.97,0.78
33427,16114,360105.08,0.8
33428,9292,199830.45,0.68
33429,28051,423539.35,0.55
33430,27720,421063.89,0.19
33431,5826,139056.59,0.19
33432,22597,436522.96,0.16
33433,15066,221029.52,0.53
33434,28223,104294.82,0.11
33435,26144,277613.9,0.86
33436,32795,451339.35,0.35
33437,21374,270401.75,0.18
33438,21568,413138.87,0.49
33439,10110,394027.35,0.3
33440,33374,301686.44,0.36
33441,29176,71008.64,0.79
33442,10954,122766.75,0.87
33443,11808,97165.05,0.59
33444,14095,280600.13,0.6
33445,33870,64203.29,0.41
33446,31303,29114.67,0.53
33447,29518,404439.64,0.6
33448,20918,396260.28,0.33
33449,19629,243676.37,0.2
33450,23914,237912.11,0.45
33451,6027,218634.52,0.6
33452,31136,497942.8,0.8
33453,33748,406171.45,0.19
33454,15115,42953.55,0.71
33455,32423,493285.89,0.33
33456,23745,227850.52,0.79
33457,4810,242659.99,0.71
33458,28397,346680.21,0.41
33459,25887,297077.99,0.34
33460,16137,483672.24,0.9
33461,34299,481289.71,0.63
33462,7463,79053.58,0.46
33463,13631,309136.7,0.27
33464,34777,499504.1,0.88
33465,20714,244868.35,0.86
33466,4851,461494.87,0.89
33467,5590,334382.33,0.46
33468,15814,462241.03,0.74
33469,13579,499354.22,0.64
33470,5547,376820.76,0.31
33471,7194,75238.64,0.63
33472,17975,199061.54,0.44
33473,21263,232129.66,0.19
33474,10245,460345.7,0.87
33475,8864,421465.49,0.12
33476,6777,100121.85,0.11
33477,199,428048.65,0.66
33478,13175,383130.49,0.61
33479,34858,199638.46,0.42
33480,25549,68223.42,0.41
33481,14883,54965.02,0.37
33482,11709,289220.93,0.35
33483,119,233432.75,0.4
33484,5192,164964.29,0.76
33485,10389,366123.73,0.58
33486,9252,429919.45,0.25
33487,29476,304437.85,0.47
33488,17293,217210.79,0.85
33489,13703,494192.96,0.47
33490,18301,15820.91,0.62
33491,11257,130010.21,0.89
33492,9743,257770.83,0.63
33493,3392,121003.85,0.64
33494,33626,433318.29,0.44
33495,20289,338659.95,0.81
33496,25315,380080.6,0.23
33497,14294,125760.18,0.48
33498,27009,277246.64,0.82
33499,19722,67987.97,0.6
33500,31085,312459.15,0.55
33501,6578,224291.68,0.88
33502,10711,19403.89,0.17
33503,16221,132440.75,0.71
33504,17788,126686.37,0.58
33505,3076,291575.0,0.78
33506,2350,460979.97,0.51
33507,34354,82435.55,0.43
33508,27225,463047.93,0.36
33509,850,406477.45,0.9
33510,5903,446994.33,0.63
33511,27129,465249.29,0.68
33512,18812,158042.15,0.8
33513,21185,486607.54,0.58
33514,20747,469143.67,0.36
33515,4156,106294.91,0.22
33516,21286,479006.49,0.68
33517,28748,49153.81,0.25
33518,32340,126807.76,0.88
33519,1827,78211.34,0.84
33520,21179,39445.83,0.35
33521,22892,389024.41,0.44
33522,14734,201900.2,0.88
33523,15352,75884.15,0.17
33524,30434,84982.14,0.15
33525,13677,474981.53,0.88
33526,13202,247621.35,0.6
33527,33583,250279.76,0.23
33528,2717,476953.41,0.81
33529,34250,318815.77,0.32
33530,27554,180114.96,0.12
33531,26799,118265.78,0.5
33532,15425,392224.38,0.56
33533,4795,418644.13,0.8
33534,769,392968.43,0.4
33535,18770,355361.09,0.11
33536,3445,400637.6,0.83
33537,10866,200532.58,0.88
33538,14248,268107.26,0.32
33539,7138,143341.57,0.48
33540,13243,112638.54,0.69
33541,21405,468721.07,0.51
33542,1336,390481.79,0.44
33543,29250,377252.8,0.39
33544,3991,260636.71,0.21
33545,5304,140303.27,0.88
33546,1091,277249.98,0.34
33547,29620,91920.84,0.2
33548,15619,254075.83,0.78
33549,18400,279955.01,0.37
33550,16992,123250.27,0.26
33551,9267,425491.72,0.39
33552,27851,448518.46,0.26
33553,7268,240575.87,0.52
33554,25204,132384.87,0.22
33555,27874,40666.36,0.86
33556,13378,46695.61,0.32
33557,2096,273027.72,0.44
33558,24592,122877.96,0.74
33559,19225,496622.79,0.16
33560,13129,189610.72,0.25
33561,23550,152751.11,0.66
33562,27463,210380.58,0.47
33563,21581,205283.95,0.54
33564,30265,195524.75,0.54
33565,26088,492777.13,0.59
33566,25143,473570.95,0.34
33567,33436,73646.01,0.43
33568,13739,24262.33,0.2
33569,4952,491401.28,0.59
33570,22452,356300.74,0.33
33571,31193,478780.81,0.55
33572,24720,445902.26,0.59
33573,30284,471673.68,0.31
33574,4948,264327.91,0.69
33575,13459,363324.67,0.32
33576,21484,208926.24,0.22
33577,23123,250986.19,0.17
33578,312,83175.1,0.61
33579,31135,470785.57,0.19
33580,11913,268541.62,0.37
33581,2870,106597.15,0.52
33582,30499,304410.54,0.43
33583,15284,167481.65,0.32
33584,12755,201026.7,0.79
33585,773,19084.57,0.29
33586,8893,256577.52,0.24
33587,3629,71128.88,0.22
33588,16306,431495.19,0.38
33589,13815,316899.44,0.75
33590,11226,95578.45,0.45
33591,9795,369917.09,0.47
33592,9766,219491.4,0.24
33593,22801,90764.91,0.71
33594,30872,248550.55,0.8
33595,34043,490347.52,0.32
33596,32201,257401.85,0.39
33597,25718,80434.59,0.13
33598,20282,54356.2,0.47
33599,5602,140710.31,0.21
33600,2604,363504.71,0.87
33601,24401,51412.75,0.51
33602,11610,386321.22,0.7
33603,29356,199077.49,0.15
33604,16494,61768.14,0.76
33605,7367,465201.56,0.89
33606,7636,227701.75,0.23
33607,21107,188826.17,0.43
33608,25425,17020.59,0.58
33609,14167,467846.22,0.27
33610,19908,138763.15,0.89
33611,3066,212220.14,0.8
33612,29491,210438.9,0.49
33613,22018,366509.91,0.66
33614,24430,443162.23,0.49
33615,24035,217173.86,0.69
33616,8390,397173.52,0.32
33617,7655,164900.24,0.35
33618,17492,435260.18,0.78
33619,22961,203698.62,0.86
33620,31034,432429.92,0.51
33621,16414,397967.1,0.84
33622,28923,184057.13,0.47
33623,24743,404881.7,0.17
33624,25372,486474.88,0.51
33625,4076,142845.41,0.88
33626,27558,97211.42,0.75
33627,3209,51533.48,0.59
33628,1258,42468.02,0.77
33629,23953,163918.44,0.81
33630,15205,412445.46,0.84
33631,33596,208994.96,0.34
33632,4703,343783.12,0.66
33633,23213,139933.93,0.58
33634,30709,70734.59,0.81
33635,33910,231257.24,0.85
33636,24233,34866.47,0.46
33637,7955,118306.03,0.46
33638,6456,368054.15,0.55
33639,31793,198301.68,0.24
33640,30124,407042.7,0.57
33641,10643,178447.36,0.61
33642,24214,215649.34,0.65
33643,7759,484629.59,0.27
33644,11465,450898.8,0.16
33645,12782,138266.6,0.88
33646,27277,177362.28,0.75
33647,2814,451470.67,0.11
33648,26612,65054.93,0.33
33649,1495,246562.76,0.61
33650,26054,190196.89,0.77
33651,13511,296177.67,0.4
33652,23557,49728.6,0.76
33653,21940,320490.93,0.34
33654,27177,124901.86,0.35
33655,11810,328488.44,0.38
33656,26946,316172.91,0.7
33657,25731,400627.41,0.25
33658,3961,61566.68,0.68
33659,21367,113731.15,0.47
33660,32206,113294.31,0.13
33661,19575,463477.68,0.61
33662,10295,186413.76,0.64
33663,14059,321263.29,0.54
33664,2126,351076.6,0.6
33665,4021,114905.39,0.73
33666,16098,349699.35,0.11
33667,14149,116002.67,0.17
33668,12586,172431.44,0.66
33669,28404,213038.17,0.65
33670,34601,303143.76,0.73
33671,22279,271218.77,0.24
33672,23315,94687.2,0.28
33673,11274,320694.2,0.28
33674,32999,154988.11,0.45
33675,12229,389818.79,0.53
33676,1554,85169.41,0.39
33677,32691,188557.57,0.87
33678,15710,127942.35,0.56
33679,26623,347931.88,0.34
33680,18187,166451.74,0.71
33681,8403,124974.44,0.34
33682,20949,147289.92,0.18
33683,14184,304784.07,0.64
33684,30119,226677.7,0.6
33685,813,152618.39,0.65
33686,20104,304118.21,0.84
33687,16626,252414.95,0.37
33688,21478,498808.9,0.16
33689,2923,306503.87,0.59
33690,30399,445637.33,0.37
33691,32909,298511.48,0.64
33692,15080,152112.17,0.12
33693,34283,17340.63,0.41
33694,1146,195109.56,0.77
33695,22159,271335.82,0.86
33696,25441,481483.97,0.2
33697,6615,455223.65,0.86
33698,30753,286825.84,0.82
33699,6774,26266.07,0.24
33700,34286,343868.5,0.39
33701,8449,32270.36,0.3
33702,31947,25459.82,0.49
33703,28008,473734.22,0.39
33704,9883,309973.43,0.59
33705,13638,336244.65,0.25
33706,12786,376332.0,0.31
33707,11589,193591.42,0.3
33708,23552,493778.13,0.32
33709,19391,91455.99,0.37
33710,26733,416885.46,0.74
33711,18555,30985.98,0.79
33712,1617,334310.04,0.64
33713,15275,250168.8,0.8
33714,24935,368317.95,0.25
33715,2227,106453.85,0.88
33716,26886,394871.13,0.81
33717,29499,331758.26,0.39
33718,23004,416257.59,0.81
33719,5490,462158.82,0.71
33720,14581,351417.73,0.45
33721,34960,257784.64,0.16
33722,26708,23318.85,0.37
33723,24709,304020.36,0.48
33724,33077,56118.9,0.83
33725,13233,152333.11,0.88
33726,29033,93720.7,0.54
33727,2714,33462.96,0.3
33728,5908,340029.88,0.32
33729,26976,162121.65,0.26
33730,9242,417285.29,0.35
33731,20907,386671.45,0.23
33732,25712,217471.28,0.66
33733,10727,97314.2,0.51
33734,33425,460966.84,0.14
33735,8749,266267.23,0.14
33736,942,406561.75,0.47
33737,9516,221686.68,0.43
33738,32177,49480.5,0.89
33739,7540,125313.0,0.15
33740,23005,427033.68,0.74
33741,3121,183615.8,0.13
33742,18692,262126.43,0.86
33743,31989,166210.74,0.35
33744,3898,228367.04,0.39
33745,31902,195663.96,0.31
33746,29120,47850.38,0.25
33747,31756,406659.8,0.54
33748,5483,324224.17,0.76
33749,25150,255150.46,0.86
33750,24771,285402.93,0.63
33751,30521,295885.92,0.48
33752,31697,359880.02,0.85
33753,34400,391138.7,0.3
33754,20198,303833.19,0.9
33755,25241,111936.74,0.55
33756,7606,315826.07,0.19
33757,18946,496848.45,0.55
33758,25115,140392.9,0.52
33759,21550,311904.78,0.38
33760,11180,465324.14,0.37
33761,22424,247484.49,0.43
33762,12257,220571.63,0.2
33763,7361,438972.62,0.37
33764,6265,219828.77,0.48
33765,10115,362777.83,0.51
33766,5281,67171.68,0.51
33767,30122,190676.96,0.35
33768,13647,365531.97,0.3
33769,28550,114101.68,0.12
33770,20267,91216.2,0.47
33771,20314,50165.3,0.26
33772,27434,141550.67,0.89
33773,26484,184847.5,0.66
33774,13207,315260.87,0.11
33775,20173,166123.9,0.79
33776,1135,164229.93,0.83
33777,32794,281974.41,0.11
33778,22337,351572.76,0.18
33779,1251,354545.48,0.76
33780,14953,318484.75,0.78
33781,23200,456076.58,0.25
33782,27435,125312.38,0.75
33783,31465,54758.89,0.56
33784,21177,457394.54,0.39
33785,17046,408076.43,0.21
33786,7541,271190.98,0.25
33787,9154,459679.9,0.85
33788,17756,138302.72,0.76
33789,17895,15813.79,0.85
33790,4036,322212.14,0.66
33791,15384,195858.68,0.5
33792,2297,125322.32,0.5
33793,30591,364239.32,0.5
33794,17950,170076.02,0.69
33795,19152,309794.76,0.83
33796,25725,266804.92,0.66
33797,17590,362338.6,0.84
33798,7922,311299.95,0.37
33799,34351,369641.05,0.24
33800,28761,22803.35,0.82
33801,417,146307.97,0.77
33802,32371,267141.51,0.61
33803,5743,491035.93,0.51
33804,25218,264099.06,0.56
33805,21336,309387.49,0.7
33806,16322,495211.57,0.45
33807,2489,479432.71,0.78
33808,17978,128425.62,0.54
33809,4139,449150.55,0.19
33810,10607,274226.04,0.85
33811,33970,405810.02,0.48
33812,15203,202875.6,0.69
33813,20658,380109.27,0.17
33814,23177,138385.4,0.3
33815,7771,23557.89,0.69
33816,14403,307606.62,0.76
33817,12586,86302.97,0.26
33818,9447,169523.42,0.88
33819,27954,489562.49,0.17
33820,5974,366574.7,0.8
33821,4813,61840.14,0.32
33822,10777,152606.53,0.52
33823,34385,256065.84,0.3
33824,5533,423498.62,0.27
33825,23396,276158.3,0.63
33826,34755,169806.42,0.43
33827,26879,48562.68,0.59
33828,13835,240213.45,0.66
33829,21763,384929.05,0.27
33830,4901,146999.65,0.75
33831,20627,134251.98,0.71
33832,22396,432525.91,0.63
33833,34803,90887.21,0.26
33834,7107,78484.4,0.86
33835,14740,211807.56,0.37
33836,9603,171949.63,0.37
33837,33118,68123.29,0.72
33838,13982,206537.71,0.31
33839,11567,126019.68,0.43
33840,20105,247033.25,0.49
33841,22992,397663.06,0.51
33842,4055,225908.16,0.12
33843,24967,373747.38,0.23
33844,3002,445321.19,0.78
33845,4926,176956.38,0.21
33846,22258,90635.33,0.5
33847,2069,340650.54,0.7
33848,24533,114639.2,0.74
33849,33712,308372.24,0.28
33850,31709,267958.65,0.56
33851,34497,446714.04,0.65
33852,15565,296099.76,0.38
33853,22305,393248.89,0.15
33854,3737,366320.24,0.39
33855,2952,162445.54,0.17
33856,11283,100272.85,0.11
33857,24908,117328.59,0.59
33858,30393,50967.92,0.46
33859,26430,447097.57,0.17
33860,6811,454527.05,0.16
33861,16428,449009.21,0.31
33862,21509,227393.37,0.31
33863,21768,201606.47,0.85
33864,1895,157598.61,0.6
33865,30133,466516.75,0.71
33866,32374,58692.27,0.75
33867,20382,499265.39,0.45
33868,33551,33981.39,0.64
33869,16134,371271.77,0.77
33870,31418,378755.79,0.76
33871,13536,162556.33,0.43
33872,6898,409766.83,0.29
33873,32622,109665.98,0.62
33874,2092,359964.0,0.54
33875,1272,366272.55,0.51
33876,11244,71133.95,0.85
33877,30507,383510.27,0.8
33878,23420,464501.92,0.52
33879,2472,193781.67,0.38
33880,11373,275609.31,0.34
33881,33918,118899.06,0.77
33882,25030,336002.86,0.13
33883,14899,432295.2,0.81
33884,25134,432502.25,0.53
33885,1513,126136.31,0.19
33886,5229,118554.85,0.2
33887,22374,202160.75,0.32
33888,9129,345319.88,0.15
33889,17753,398262.55,0.74
33890,16003,75711.55,0.69
33891,11645,446238.4,0.88
33892,32229,432187.34,0.73
33893,9196,161371.23,0.63
33894,30197,203666.34,0.14
33895,13295,12592.01,0.63
33896,33239,21040.87,0.54
33897,6902,274550.44,0.18
33898,14303,228032.67,0.79
33899,14033,376727.86,0.15
33900,28955,132657.23,0.19
33901,22895,315563.85,0.6
33902,7396,222671.46,0.57
33903,10748,499819.94,0.47
33904,17255,492769.59,0.12
33905,24792,32444.16,0.72
33906,22017,85997.5,0.81
33907,29913,426393.1,0.29
33908,21858,352910.16,0.6
33909,1844,154246.69,0.81
33910,22575,296262.48,0.71
33911,13743,360789.91,0.62
33912,23191,314612.03,0.63
33913,7399,13845.09,0.37
33914,27038,336516.49,0.74
33915,34068,408527.31,0.43
33916,1367,286654.82,0.15
33917,4751,427611.0,0.11
33918,13291,125744.66,0.5
33919,24648,271906.81,0.32
33920,13475,373425.64,0.86
33921,11472,366022.33,0.62
33922,5116,441227.97,0.6
33923,9145,416822.13,0.34
33924,32067,447396.83,0.11
33925,11721,434510.48,0.11
33926,24371,47375.41,0.78
33927,26243,99228.57,0.74
33928,100,313199.99,0.8
33929,11900,366093.12,0.61
33930,32496,226978.32,0.44
33931,21172,76436.64,0.33
33932,1604,258156.9,0.87
33933,3846,89182.46,0.59
33934,16312,492683.11,0.38
33935,18489,309022.74,0.29
33936,21289,32485.89,0.84
33937,26125,122208.01,0.44
33938,20883,349722.33,0.49
33939,28110,481759.96,0.12
33940,15993,115011.12,0.75
33941,30109,404607.87,0.4
33942,25790,407113.34,0.54
33943,20528,141908.16,0.65
33944,18342,93550.62,0.17
33945,11441,81957.94,0.58
33946,14992,125793.74,0.33
33947,6715,208730.46,0.56
33948,17271,371221.3,0.66
33949,8479,82619.18,0.76
33950,4826,36036.24,0.8
33951,3668,74206.7,0.85
33952,33873,405954.22,0.77
33953,32105,181357.99,0.33
33954,11768,293392.25,0.54
33955,25322,142053.81,0.2
33956,12294,448155.02,0.85
33957,28533,479088.8,0.87
33958,23763,61920.07,0.51
33959,24814,419515.33,0.83
33960,32438,349679.15,0.33
33961,4109,488247.2,0.41
33962,826,446929.02,0.56
33963,5318,206833.97,0.11
33964,13799,122946.69,0.12
33965,4839,371522.63,0.88
33966,5945,287154.14,0.59
33967,31933,122177.21,0.16
33968,20754,273093.59,0.77
33969,32748,245322.69,0.75
33970,23645,107238.8,0.22
33971,6851,154737.3,0.7
33972,12549,46949.23,0.76
33973,10928,306234.67,0.82
33974,13301,77746.66,0.66
33975,24957,315321.09,0.47
33976,29586,400696.84,0.23
33977,10704,282905.57,0.6
33978,22682,423670.87,0.88
33979,6168,142581.12,0.1
33980,29138,166450.63,0.86
33981,6865,208326.83,0.83
33982,7988,360065.17,0.81
33983,19506,242658.32,0.8
33984,23442,310110.35,0.77
33985,32104,432149.33,0.42
33986,22738,256447.56,0.84
33987,17078,124107.39,0.2
33988,10821,318210.18,0.26
33989,17708,45444.02,0.27
33990,5151,306020.46,0.41
33991,21040,85321.67,0.38
33992,28756,143347.95,0.43
33993,9651,11038.72,0.42
33994,31788,499965.36,0.11
33995,12964,173373.22,0.75
33996,10880,192618.43,0.57
33997,28629,271929.31,0.31
33998,15692,272038.92,0.49
33999,24572,157169.75,0.65
34000,26782,350485.69,0.78
34001,23074,475843.4,0.49
34002,6420,234299.73,0.24
34003,10348,58460.01,0.86
34004,13345,288273.64,0.38
34005,20202,435646.97,0.26
34006,24379,408336.36,0.22
34007,328,449077.02,0.75
34008,26117,36631.82,0.2
34009,22416,439945.25,0.6
34010,6152,38907.03,0.57
34011,30769,324316.36,0.75
34012,27562,480717.68,0.71
34013,22845,435521.13,0.6
34014,28207,285787.9,0.24
34015,344,52749.18,0.37
34016,27506,270475.08,0.32
34017,23499,331793.11,0.49
34018,28711,377792.18,0.28
34019,27617,224831.87,0.17
34020,2464,366663.64,0.18
34021,20409,248068.73,0.69
34022,22252,116984.51,0.48
34023,13772,380479.74,0.19
34024,27191,90713.88,0.58
34025,20896,197394.64,0.64
34026,3199,232770.75,0.34
34027,14490,313944.27,0.86
34028,13241,183483.75,0.13
34029,13380,44076.1,0.74
34030,22992,444269.86,0.28
34031,21029,271750.64,0.78
34032,11888,116935.21,0.31
34033,29528,342506.33,0.52
34034,12270,57038.46,0.61
34035,18127,389341.52,0.76
34036,90,390369.95,0.25
34037,10275,417105.94,0.25
34038,24361,231391.8,0.83
34039,32921,486937.04,0.79
34040,20024,245502.91,0.3
34041,7586,15480.17,0.37
34042,10974,160339.92,0.83
34043,32660,35476.64,0.49
34044,2378,196736.94,0.68
34045,34405,156413.96,0.45
34046,22784,481382.83,0.76
34047,226,377499.55,0.62
34048,23865,53700.23,0.64
34049,1082,254662.73,0.46
34050,17981,153795.1,0.66
34051,1403,31913.58,0.55
34052,624,452575.77,0.11
34053,29317,37557.61,0.77
34054,25451,309708.94,0.65
34055,8058,286523.27,0.47
34056,24681,238899.48,0.35
34057,6860,498948.04,0.64
34058,6065,184166.2,0.58
34059,31888,276872.53,0.86
34060,22322,74038.87,0.85
34061,465,285053.11,0.46
34062,30381,395553.06,0.48
34063,2842,171643.49,0.88
34064,16831,417245.69,0.35
34065,8357,229080.21,0.67
34066,18369,486436.16,0.6
34067,6749,44967.83,0.5
34068,26166,452341.58,0.66
34069,33711,157343.37,0.5
34070,23869,331581.23,0.54
34071,23811,146450.59,0.67
34072,20886,245313.53,0.1
34073,25768,18430.78,0.85
34074,25395,44105.81,0.77
34075,4507,97338.77,0.52
34076,2620,452084.68,0.69
34077,20946,384527.55,0.74
34078,2931,192902.27,0.49
34079,32626,413478.81,0.62
34080,15935,224001.73,0.67
34081,7887,272126.46,0.15
34082,13259,184280.1,0.15
34083,5369,193407.91,0.21
34084,22685,164717.51,0.52
34085,28404,395750.98,0.55
34086,4975,153806.67,0.48
34087,19805,375690.78,0.17
34088,29664,224105.39,0.39
34089,1400,47114.14,0.32
34090,30770,212397.29,0.46
34091,13578,402254.08,0.13
34092,8688,61109.41,0.24
34093,14166,222077.49,0.83
34094,32555,243762.78,0.71
34095,11285,51695.97,0.71
34096,32330,435646.35,0.47
34097,20216,14500.04,0.28
34098,12471,438704.01,0.8
34099,6897,402311.36,0.5
34100,17978,168627.88,0.68
34101,5055,158158.01,0.78
34102,28955,125313.14,0.29
34103,26125,341837.56,0.55
34104,26482,422809.08,0.67
34105,15691,15541.38,0.88
34106,18042,387057.98,0.66
34107,29144,89295.26,0.39
34108,22259,330414.83,0.54
34109,8527,249964.27,0.83
34110,21805,102049.32,0.24
34111,6654,319307.08,0.5
34112,18672,467180.56,0.5
34113,18203,104273.2,0.22
34114,5292,128954.52,0.21
34115,32197,329964.16,0.58
34116,34646,89305.39,0.47
34117,16490,232424.42,0.5
34118,15925,443274.08,0.39
34119,17704,430351.83,0.21
34120,22914,422412.54,0.34
34121,20185,47882.07,0.38
34122,11167,234657.79,0.65
34123,823,411339.86,0.36
34124,12410,279964.45,0.61
34125,16641,284848.72,0.65
34126,16987,302719.82,0.54
34127,29842,15280.68,0.46
34128,10297,227905.06,0.57
34129,13929,389921.61,0.19
34130,7118,137805.04,0.54
34131,29946,396725.23,0.65
34132,34254,385947.68,0.76
34133,24268,363080.85,0.22
34134,13460,305889.35,0.26
34135,9976,102886.6,0.48
34136,2893,107554.63,0.5
34137,30375,334995.74,0.85
34138,32083,429989.14,0.16
34139,26726,72042.88,0.13
34140,15808,296919.31,0.85
34141,26377,497870.97,0.47
34142,21066,235940.98,0.62
34143,5459,447140.73,0.83
34144,9104,428977.16,0.68
34145,14124,247655.65,0.56
34146,18591,29009.32,0.57
34147,18974,446609.45,0.56
34148,34927,94882.01,0.87
34149,11556,431371.52,0.17
34150,3258,333308.63,0.28
34151,4639,297579.11,0.25
34152,28965,384731.87,0.14
34153,15652,106514.75,0.5
34154,18105,147793.91,0.75
34155,7325,458469.02,0.58
34156,15142,108694.06,0.36
34157,6829,364581.23,0.51
34158,30383,353373.37,0.55
34159,31437,491532.55,0.9
34160,18960,209349.78,0.15
34161,19797,491464.57,0.53
34162,24243,71368.26,0.77
34163,222,140369.54,0.85
34164,8432,16124.14,0.55
34165,18611,73292.61,0.81
34166,7633,334074.76,0.49
34167,26188,15187.82,0.58
34168,17585,68493.55,0.27
34169,18893,499686.04,0.62
34170,30369,140628.59,0.32
34171,21155,107493.58,0.42
34172,30352,147315.47,0.64
34173,28291,233679.27,0.58
34174,7696,173560.43,0.4
34175,16080,200912.73,0.67
34176,33045,51408.01,0.55
34177,20456,172689.22,0.84
34178,15730,350252.12,0.75
34179,30766,122166.75,0.47
34180,29910,134100.61,0.53
34181,17009,70815.71,0.51
34182,1062,348668.76,0.38
34183,1206,15131.61,0.38
34184,34754,481306.19,0.21
34185,28830,166513.3,0.52
34186,25976,355094.01,0.28
34187,21682,475164.8,0.57
34188,18567,305535.72,0.79
34189,28662,355199.76,0.54
34190,16324,299380.95,0.32
34191,9667,175513.45,0.3
34192,33813,86160.76,0.28
34193,23705,145386.46,0.28
34194,3734,354985.65,0.29
34195,27021,24832.06,0.78
34196,6419,87524.9,0.49
34197,23168,456613.24,0.26
34198,13778,31867.24,0.74
34199,28023,116944.44,0.85
34200,1864,175892.21,0.8
34201,30544,313911.09,0.61
34202,5990,52689.16,0.56
34203,30894,79885.13,0.2
34204,9442,85338.48,0.5
34205,30604,235148.82,0.51
34206,18992,70481.6,0.73
34207,11858,418248.45,0.25
34208,1550,96882.61,0.67
34209,7647,412467.39,0.8
34210,32388,204230.04,0.41
34211,18097,316870.42,0.25
34212,9826,469261.1,0.26
34213,15469,148136.1,0.67
34214,32888,497451.31,0.24
34215,22881,253653.98,0.39
34216,6535,128309.35,0.88
34217,13865,144053.18,0.64
34218,24793,189399.17,0.54
34219,3583,494936.83,0.36
34220,27368,406693.53,0.44
34221,18524,232796.06,0.74
34222,13388,469788.13,0.16
34223,34497,493464.13,0.23
34224,31896,367855.42,0.12
34225,2540,148534.0,0.65
34226,21100,495846.97,0.88
34227,28303,16521.03,0.28
34228,21100,203506.59,0.82
34229,20394,258521.04,0.75
34230,884,412751.84,0.72
34231,26296,123828.73,0.43
34232,22910,456141.44,0.18
34233,13651,124460.78,0.78
34234,19931,240502.88,0.47
34235,30133,457612.77,0.88
34236,29718,28106.89,0.22
34237,31627,138920.59,0.12
34238,26125,31013.96,0.51
34239,27630,374511.19,0.14
34240,29060,130104.49,0.84
34241,13937,479816.58,0.12
34242,14945,128817.43,0.45
34243,31273,269611.8,0.77
34244,1475,101800.04,0.11
34245,32926,410865.09,0.82
34246,33254,115438.19,0.46
34247,26785,181622.78,0.4
34248,12339,89015.49,0.32
34249,25992,455312.3,0.64
34250,6167,166559.56,0.45
34251,12185,109014.99,0.86
34252,14872,224289.98,0.24
34253,26124,427659.16,0.4
34254,16397,82361.01,0.63
34255,17100,28127.12,0.56
34256,27602,236136.53,0.61
34257,17119,427215.28,0.67
34258,21088,250617.98,0.62
34259,1054,418161.53,0.16
34260,13854,22124.94,0.81
34261,29377,473151.59,0.18
34262,16552,340023.59,0.48
34263,27460,271114.5,0.47
34264,341,17794.73,0.37
34265,5986,11837.74,0.34
34266,15046,334879.25,0.37
34267,29001,355356.31,0.61
34268,4772,450613.85,0.41
34269,831,127969.41,0.15
34270,24339,141939.46,0.74
34271,28090,54032.63,0.62
34272,30523,27799.36,0.5
34273,22145,148749.72,0.89
34274,6236,458564.84,0.67
34275,3819,38085.84,0.24
34276,16590,85976.53,0.78
34277,31366,383056.99,0.14
34278,22558,40824.56,0.61
34279,15956,366311.36,0.51
34280,21139,296102.3,0.62
34281,18086,213112.54,0.89
34282,15661,126918.3,0.42
34283,32790,415827.82,0.62
34284,11837,461962.17,0.47
34285,16580,130057.49,0.62
34286,1835,266357.82,0.65
34287,13004,328535.02,0.28
34288,6384,238218.66,0.83
34289,4288,179071.33,0.89
34290,25409,399913.61,0.84
34291,20048,419460.8,0.52
34292,15484,461221.62,0.75
34293,18468,74813.06,0.45
34294,33520,426709.97,0.27
34295,109,74663.89,0.86
34296,13323,264703.46,0.58
34297,17267,386572.73,0.79
34298,33732,112179.7,0.25
34299,24626,338564.15,0.37
34300,26721,31455.91,0.67
34301,21439,491339.8,0.11
34302,26094,493223.26,0.3
34303,23836,392250.1,0.56
34304,29338,393084.56,0.61
34305,33225,212949.39,0.78
34306,11270,218372.45,0.17
34307,11501,342027.09,0.9
34308,6368,162157.53,0.52
34309,15296,363976.5,0.88
34310,992,215333.03,0.27
34311,20893,464980.46,0.38
34312,24430,11120.85,0.78
34313,4438,380167.94,0.22
34314,31337,217478.37,0.22
34315,7321,302532.7,0.5
34316,19340,149659.98,0.67
34317,11873,28043.24,0.41
34318,34491,454828.28,0.12
34319,7971,330259.08,0.28
34320,16849,111072.65,0.29
34321,23772,451090.66,0.45
34322,28589,137085.53,0.32
34323,16424,415144.6,0.18
34324,21938,343544.29,0.77
34325,33227,104078.9,0.28
34326,33529,339001.31,0.6
34327,30679,414470.44,0.37
34328,30211,417303.2,0.22
34329,34220,191165.97,0.64
34330,29091,235198.12,0.81
34331,16992,492688.35,0.2
34332,8381,132334.62,0.77
34333,9494,360207.13,0.77
34334,17725,493894.32,0.5
34335,16289,370201.25,0.15
34336,22956,56427.64,0.29
34337,1205,248776.8,0.32
34338,24488,358866.56,0.31
34339,17017,304427.84,0.74
34340,20249,419593.5,0.87
34341,3593,418103.23,0.29
34342,28577,24300.57,0.89
34343,21112,241008.78,0.44
34344,13720,22659.04,0.84
34345,5405,400315.64,0.53
34346,14316,66168.72,0.19
34347,19514,380342.44,0.51
34348,30155,34374.1,0.8
34349,14559,350282.33,0.88
34350,18760,203161.6,0.7
34351,27209,11471.57,0.22
34352,27596,492329.63,0.59
34353,27994,296851.33,0.29
34354,26194,447892.9,0.45
34355,15189,496780.74,0.7
34356,33408,359165.92,0.69
34357,3534,94241.51,0.3
34358,27140,494521.26,0.63
34359,9594,410762.44,0.48
34360,155,175791.35,0.26
34361,13567,215714.47,0.75
34362,13330,396749.48,0.16
34363,23614,28664.86,0.43
34364,22727,21403.9,0.22
34365,10397,164204.55,0.78
34366,25218,186541.68,0.66
34367,17434,54649.88,0.29
34368,15409,298623.93,0.47
34369,29655,53819.62,0.79
34370,4901,257706.24,0.33
34371,18031,251078.39,0.21
34372,19978,128016.9,0.4
34373,32129,154602.42,0.18
34374,18456,247865.35,0.28
34375,13917,16595.51,0.39
34376,26807,29969.41,0.55
34377,14676,499064.44,0.71
34378,3602,237880.9,0.5
34379,16470,223099.1,0.82
34380,19657,277254.36,0.18
34381,16951,140038.29,0.51
34382,15798,155985.36,0.7
34383,8486,179630.28,0.84
34384,5161,333699.32,0.12
34385,28887,483645.7,0.61
34386,33387,227189.0,0.41
34387,24503,48068.33,0.73
34388,32770,27356.54,0.25
34389,32299,115035.12,0.87
34390,29930,138954.26,0.31
34391,408,85901.63,0.39
34392,20248,371259.63,0.58
34393,33005,355404.64,0.49
34394,11065,323114.43,0.73
34395,17875,350122.89,0.74
34396,21548,437545.17,0.15
34397,27823,27277.14,0.79
34398,17669,288270.83,0.86
34399,1202,99094.7,0.15
34400,11121,296344.55,0.84
34401,18204,23752.7,0.47
34402,30674,191079.02,0.83
34403,26060,235377.19,0.73
34404,14072,67072.27,0.21
34405,28954,195854.33,0.69
34406,16762,306861.34,0.45
34407,2742,21797.75,0.58
34408,9442,289915.92,0.65
34409,14197,469293.91,0.33
34410,15437,84146.06,0.78
34411,19335,331024.82,0.73
34412,15773,98209.55,0.85
34413,469,262819.47,0.72
34414,14606,444229.2,0.62
34415,30064,399418.17,0.23
34416,9126,295731.42,0.79
34417,16449,380853.33,0.47
34418,12611,186393.36,0.23
34419,15673,195735.0,0.62
34420,6140,299045.63,0.5
34421,16671,82147.51,0.77
34422,291,159902.98,0.46
34423,32603,212933.59,0.77
34424,11591,219331.81,0.25
34425,11111,172587.48,0.25
34426,12785,436548.5,0.26
34427,15199,431492.37,0.39
34428,18098,173331.71,0.71
34429,25906,362961.49,0.29
34430,27336,326981.53,0.39
34431,34443,139990.58,0.16
34432,29904,83423.28,0.76
34433,32270,392627.76,0.25
34434,16838,276911.82,0.86
34435,23726,407386.68,0.67
34436,33358,148205.61,0.76
34437,7596,433564.92,0.79
34438,7259,147076.45,0.27
34439,12546,51498.85,0.58
34440,34670,267003.3,0.26
34441,7009,173088.65,0.39
34442,22718,312547.85,0.47
34443,18517,128578.12,0.76
34444,27315,412916.06,0.65
34445,20228,101039.59,0.72
34446,26782,18410.42,0.48
34447,21891,459672.29,0.65
34448,4076,244625.42,0.42
34449,1199,231446.92,0.52
34450,1833,313047.34,0.72
34451,32272,352754.0,0.12
34452,851,417922.69,0.46
34453,28066,461706.47,0.43
34454,17513,234712.92,0.64
34455,25468,384099.24,0.46
34456,20611,120189.87,0.13
34457,2612,447317.85,0.23
34458,22112,264009.69,0.33
34459,32289,326622.37,0.58
34460,2435,389209.25,0.6
34461,23606,443392.75,0.39
34462,1688,97195.89,0.85
34463,3170,340968.99,0.6
34464,17160,174822.78,0.51
34465,20782,404629.39,0.17
34466,4373,301262.93,0.61
34467,33036,254284.06,0.79
34468,19276,177949.88,0.66
34469,10739,483952.89,0.33
34470,22942,244511.76,0.63
34471,12358,162515.28,0.8
34472,6522,205018.41,0.15
34473,24458,227626.18,0.43
34474,3511,321814.01,0.4
34475,12073,251670.66,0.42
34476,28709,124219.69,0.41
34477,18909,254792.14,0.62
34478,19930,43381.91,0.25
34479,16192,232893.45,0.81
34480,14628,358086.56,0.31
34481,31858,317248.05,0.26
34482,6026,235857.04,0.69
34483,3902,483941.34,0.42
34484,21121,161000.86,0.82
34485,21306,110704.1,0.79
34486,1945,441241.18,0.65
34487,3003,79362.37,0.49
34488,28196,461714.93,0.65
34489,19127,98159.38,0.58
34490,8492,38842.21,0.61
34491,32576,196356.23,0.22
34492,32997,64295.74,0.88
34493,6835,170396.23,0.62
34494,30142,360035.8,0.16
34495,11282,411708.24,0.26
34496,640,101873.63,0.14
34497,9637,37864.25,0.81
34498,31952,181558.49,0.18
34499,15554,482941.07,0.66
34500,14547,237892.95,0.88
34501,24172,106328.17,0.73
34502,34140,475898.99,0.12
34503,26093,266673.57,0.14
34504,10318,313967.75,0.83
34505,27125,271732.3,0.72
34506,31892,296382.23,0.6
34507,19254,372788.27,0.87
34508,2840,223902.15,0.64
34509,723,245772.24,0.58
34510,30607,269555.68,0.65
34511,9051,80610.64,0.88
34512,10095,387566.25,0.89
34513,34052,262612.45,0.75
34514,930,362170.64,0.48
34515,17884,439690.02,0.88
34516,10213,469959.72,0.56
34517,34145,71631.1,0.26
34518,19391,22721.69,0.85
34519,22949,74684.32,0.18
34520,20656,18530.92,0.1
34521,24471,70863.09,0.75
34522,11368,145567.16,0.1
34523,11278,51370.88,0.17
34524,10989,206659.64,0.64
34525,31303,347041.95,0.36
34526,30520,482146.25,0.55
34527,3432,300204.76,0.82
34528,8899,169143.11,0.66
34529,9346,484569.59,0.73
34530,164,423736.69,0.66
34531,11952,442685.78,0.89
34532,779,351832.71,0.32
34533,13821,235394.32,0.47
34534,28689,33229.63,0.87
34535,17662,215024.77,0.43
34536,32149,24583.23,0.58
34537,32794,128182.27,0.62
34538,592,446186.47,0.17
34539,27684,70592.26,0.57
34540,20549,477781.45,0.25
34541,17998,406835.02,0.29
34542,27018,485082.07,0.18
34543,13940,304568.53,0.81
34544,17115,261749.05,0.13
34545,31819,78998.47,0.38
34546,9271,263059.54,0.83
34547,23427,368999.3,0.85
34548,34538,54150.69,0.72
34549,22124,453158.29,0.86
34550,17422,26060.03,0.22
34551,3082,194407.84,0.89
34552,1795,488385.73,0.22
34553,26651,60214.38,0.46
34554,15720,163373.44,0.69
34555,6348,323198.6,0.11
34556,8125,165838.65,0.11
34557,7556,172677.5,0.89
34558,2401,273960.12,0.23
34559,22480,94726.52,0.42
34560,34901,445998.39,0.12
34561,10430,163891.2,0.35
34562,21479,494385.85,0.3
34563,22407,373107.93,0.9
34564,2857,323466.5,0.6
34565,1925,499979.39,0.25
34566,30860,80845.96,0.49
34567,30612,171273.95,0.79
34568,17009,14122.79,0.61
34569,25591,446923.0,0.79
34570,16300,363465.67,0.79
34571,29578,223649.91,0.38
34572,31592,195722.35,0.31
34573,10972,406811.6,0.16
34574,22472,229730.72,0.37
34575,11290,55265.35,0.43
34576,20216,332449.08,0.42
34577,6307,369562.24,0.28
34578,3033,365658.73,0.21
34579,13768,476965.45,0.63
34580,25389,35565.5,0.16
34581,8392,408907.18,0.49
34582,12057,251078.44,0.77
34583,1422,475478.46,0.75
34584,220,488242.39,0.77
34585,26648,145282.85,0.73
34586,4633,299181.13,0.4
34587,11947,276184.79,0.37
34588,19653,123045.73,0.46
34589,12356,283770.21,0.44
34590,21597,368291.95,0.47
34591,28193,372798.25,0.29
34592,9883,415070.22,0.49
34593,23766,385609.23,0.54
34594,3279,15202.69,0.73
34595,34061,161364.55,0.13
34596,27632,49336.95,0.68
34597,12536,180468.55,0.59
34598,2999,466894.4,0.11
34599,25807,276091.42,0.57
34600,24566,213404.28,0.54
34601,5848,105887.16,0.11
34602,16920,299708.03,0.14
34603,25528,298510.24,0.84
34604,26560,239555.34,0.65
34605,28073,346264.98,0.7
34606,17978,313430.41,0.7
34607,31306,327470.99,0.68
34608,6824,227686.53,0.48
34609,34065,479128.59,0.47
34610,14863,121579.71,0.36
34611,13506,165251.57,0.17
34612,2594,405353.82,0.16
34613,33504,252231.52,0.59
34614,5542,195352.64,0.53
34615,12428,205273.86,0.88
34616,28520,498791.86,0.27
34617,22120,117848.72,0.89
34618,19207,397530.48,0.87
34619,10156,55503.87,0.21
34620,27469,454881.97,0.81
34621,4407,329360.55,0.45
34622,25527,86859.1,0.39
34623,10870,212911.34,0.35
34624,32847,58951.39,0.7
34625,11733,237013.99,0.27
34626,22833,480306.97,0.81
34627,26945,332055.25,0.8
34628,9115,487468.63,0.61
34629,16220,325666.82,0.52
34630,28122,453892.03,0.17
34631,11064,424046.74,0.65
34632,9180,219766.4,0.54
34633,4316,490095.95,0.25
34634,7608,30421.08,0.5
34635,17392,328080.16,0.46
34636,1405,481883.63,0.47
34637,14399,300371.59,0.43
34638,1084,387245.57,0.57
34639,5602,178246.71,0.64
34640,12783,432511.72,0.17
34641,22537,99994.0,0.84
34642,16322,327857.29,0.12
34643,28553,384668.95,0.89
34644,27789,446600.67,0.2
34645,2770,13933.96,0.64
34646,9232,467152.51,0.86
34647,1536,227904.82,0.66
34648,28710,384467.84,0.46
34649,29185,444855.65,0.48
34650,15741,374630.39,0.55
34651,16275,397783.93,0.74
34652,17228,412380.09,0.63
34653,26895,226045.55,0.8
34654,12948,287157.99,0.15
34655,6543,84000.35,0.79
34656,33808,134026.15,0.81
34657,5089,93320.87,0.11
34658,12015,367642.2,0.87
34659,24436,176214.61,0.19
34660,18758,336724.13,0.69
34661,31399,217975.48,0.23
34662,6231,427543.77,0.41
34663,13787,63194.96,0.64
34664,4742,169560.82,0.27
34665,34159,15222.3,0.74
34666,13209,51496.91,0.15
34667,17958,329364.06,0.8
34668,29147,278259.99,0.82
34669,27190,438274.27,0.48
34670,19289,396259.19,0.69
34671,22352,113120.2,0.62
34672,18200,373272.14,0.59
34673,12068,336549.32,0.21
34674,131,372054.31,0.53
34675,26282,62923.78,0.9
34676,25710,451567.34,0.27
34677,6744,405971.22,0.65
34678,34982,308655.6,0.23
34679,26532,437004.44,0.67
34680,29679,129018.95,0.2
34681,9543,104556.68,0.67
34682,27016,185416.03,0.77
34683,18801,36152.64,0.23
34684,24812,275694.2,0.62
34685,7927,261446.47,0.12
34686,32169,346342.91,0.61
34687,32860,325749.27,0.63
34688,13888,410476.18,0.74
34689,10394,297684.75,0.12
34690,29216,96173.94,0.45
34691,7338,31435.64,0.19
34692,31558,379604.84,0.77
34693,7788,393974.62,0.78
34694,8822,185487.17,0.78
34695,27915,464770.5,0.18
34696,791,49931.27,0.35
34697,31630,159876.37,0.67
34698,16998,234464.71,0.29
34699,12052,345282.38,0.73
34700,27109,166928.45,0.58
34701,16548,273840.48,0.42
34702,12517,68382.49,0.82
34703,29087,276669.21,0.82
34704,6162,324571.59,0.26
34705,30245,161522.49,0.15
34706,9652,233153.5,0.86
34707,12533,165032.24,0.44
34708,4545,473789.96,0.32
34709,4549,454049.35,0.3
34710,9041,83955.15,0.12
34711,23582,112412.34,0.32
34712,29460,345546.61,0.57
34713,6140,488632.48,0.22
34714,32199,338263.73,0.41
34715,5966,120276.65,0.38
34716,33453,287853.38,0.73
34717,17316,471030.61,0.52
34718,15667,35869.71,0.86
34719,8698,313614.12,0.88
34720,13203,243238.91,0.44
34721,19860,63725.82,0.52
34722,8570,179905.42,0.81
34723,3582,118295.61,0.29
34724,25995,102532.08,0.42
34725,20895,476905.16,0.4
34726,20493,489161.97,0.32
34727,31927,233994.78,0.79
34728,29060,331300.56,0.83
34729,27386,50226.68,0.21
34730,29460,267464.01,0.68
34731,29261,313111.17,0.21
34732,14979,202967.18,0.75
34733,16781,46707.63,0.19
34734,5969,31988.2,0.36
34735,33360,258866.11,0.47
34736,20901,24678.78,0.13
34737,9914,25093.83,0.86
34738,11657,39006.02,0.88
34739,32315,218676.71,0.82
34740,28065,265310.66,0.6
34741,7584,190588.07,0.35
34742,10928,97381.11,0.47
34743,29447,431284.59,0.5
34744,4712,70114.45,0.15
34745,19231,334929.73,0.16
34746,31297,92193.78,0.56
34747,27076,228663.46,0.34
34748,27468,376875.27,0.68
34749,7861,393362.12,0.34
34750,27663,73805.17,0.44
34751,11295,193685.1,0.75
34752,29402,33237.42,0.56
34753,27088,331410.54,0.69
34754,3358,252430.14,0.21
34755,7801,464727.39,0.4
34756,24114,234037.01,0.25
34757,28442,350410.56,0.65
34758,13581,184940.47,0.29
34759,5354,142346.98,0.42
34760,5561,21242.2,0.35
34761,4560,233167.36,0.81
34762,10590,291029.21,0.61
34763,21151,130160.36,0.39
34764,2222,141481.96,0.52
34765,26763,401468.58,0.37
34766,26673,10503.42,0.31
34767,6358,314024.8,0.53
34768,31409,441044.33,0.57
34769,520,197587.47,0.2
34770,9609,444540.65,0.74
34771,27688,351376.3,0.1
34772,484,228025.79,0.82
34773,10541,329426.52,0.3
34774,5625,367061.62,0.12
34775,21146,407210.27,0.29
34776,29108,213190.21,0.26
34777,29145,209793.86,0.47
34778,14494,16563.75,0.86
34779,22140,184060.34,0.89
34780,10294,388258.76,0.36
34781,32878,27041.04,0.43
34782,12909,321672.26,0.7
34783,20099,417636.29,0.19
34784,6776,239859.89,0.51
34785,12423,81119.59,0.88
34786,27924,412900.38,0.16
34787,10985,472531.44,0.49
34788,18564,343807.98,0.2
34789,19658,255407.73,0.75
34790,19454,73753.3,0.9
34791,2928,136811.08,0.59
34792,21421,76185.59,0.16
34793,950,479258.25,0.6
34794,29289,32845.23,0.68
34795,18057,231076.23,0.73
34796,31509,430494.43,0.74
34797,8782,55206.19,0.49
34798,15447,66077.0,0.71
34799,29779,425089.41,0.25
34800,32625,323971.74,0.69
34801,20950,349976.49,0.72
34802,24000,284954.72,0.87
34803,7376,437552.46,0.25
34804,6118,334905.73,0.53
34805,2695,465580.28,0.83
34806,29263,164011.0,0.14
34807,28706,72584.37,0.71
34808,3701,458279.71,0.61
34809,33629,217463.61,0.4
34810,16888,118332.98,0.37
34811,25623,491855.99,0.1
34812,15347,318837.07,0.47
34813,25836,333590.19,0.37
34814,23652,29543.79,0.43
34815,3416,79973.73,0.71
34816,25591,123742.38,0.8
34817,15056,287025.83,0.28
34818,565,199670.82,0.69
34819,19030,256162.84,0.13
34820,14542,374774.73,0.69
34821,13353,190220.28,0.36
34822,34168,139360.05,0.84
34823,12419,148663.89,0.27
34824,16913,424249.08,0.42
34825,31770,324149.39,0.26
34826,16100,87422.03,0.52
34827,29446,84918.71,0.41
34828,24183,344215.9,0.4
34829,8261,314678.05,0.21
34830,28188,384385.32,0.72
34831,30843,400514.9,0.21
34832,13796,465309.76,0.52
34833,27790,46143.9,0.13
34834,24024,201686.99,0.61
34835,11573,444788.6,0.79
34836,3985,306743.65,0.35
34837,29172,325915.84,0.56
34838,261,374325.82,0.34
34839,7100,300546.77,0.2
34840,14759,110940.3,0.14
34841,28439,186402.56,0.45
34842,23789,375622.28,0.5
34843,19008,153950.25,0.88
34844,16092,75447.61,0.54
34845,32588,182756.84,0.19
34846,12488,25360.69,0.8
34847,13537,18216.72,0.76
34848,26553,313636.85,0.21
34849,27597,232814.76,0.41
34850,6783,240746.38,0.58
34851,6933,21437.11,0.29
34852,1985,449032.3,0.72
34853,8762,258029.74,0.33
34854,9881,193024.75,0.78
34855,25244,172123.68,0.39
34856,26008,265477.49,0.16
34857,21922,171967.08,0.21
34858,16794,108736.5,0.3
34859,7611,421873.47,0.38
34860,19853,123292.84,0.85
34861,26826,36568.5,0.71
34862,2140,287430.62,0.36
34863,13617,308130.27,0.41
34864,1965,261762.18,0.4
34865,28031,291426.7,0.23
34866,18967,422978.47,0.22
34867,21146,214395.15,0.17
34868,6747,149017.64,0.4
34869,10673,260577.18,0.34
34870,10637,345981.55,0.62
34871,4722,42125.48,0.63
34872,5599,289644.35,0.39
34873,5186,343261.73,0.81
34874,19190,398938.42,0.87
34875,12793,138656.27,0.8
34876,3900,276062.03,0.5
34877,13904,12206.35,0.53
34878,27634,241037.66,0.77
34879,4646,29338.21,0.84
34880,29357,487820.61,0.55
34881,27561,419756.68,0.38
34882,878,481931.7,0.81
34883,18689,327828.27,0.5
34884,27772,41424.48,0.78
34885,29859,45165.63,0.57
34886,883,131164.59,0.36
34887,33671,370755.85,0.48
34888,4248,233414.15,0.34
34889,13140,378549.26,0.49
34890,18638,313807.32,0.39
34891,25945,474219.01,0.83
34892,1018,106902.62,0.63
34893,23291,357027.72,0.27
34894,14966,455358.96,0.79
34895,13359,278793.07,0.5
34896,24071,436449.47,0.7
34897,20210,250372.49,0.66
34898,17762,102380.1,0.24
34899,28702,206255.35,0.71
34900,18233,69286.12,0.58
34901,12268,76933.72,0.64
34902,26148,215428.0,0.77
34903,22023,478910.61,0.5
34904,21574,31146.04,0.11
34905,3879,397544.16,0.74
34906,34883,150916.35,0.63
34907,14690,19434.4,0.44
34908,2653,461563.75,0.85
34909,707,314692.85,0.74
34910,29026,289800.35,0.66
34911,17500,329732.15,0.47
34912,23834,361903.88,0.74
34913,13187,450041.34,0.22
34914,18719,28520.28,0.83
34915,16943,108123.18,0.21
34916,2162,91891.3,0.23
34917,30425,459106.34,0.46
34918,8839,241904.57,0.87
34919,20984,469013.99,0.18
34920,3684,37253.6,0.2
34921,30204,425085.4,0.16
34922,4225,111903.39,0.76
34923,21494,453488.42,0.49
34924,18966,358664.24,0.44
34925,27057,208330.53,0.42
34926,18322,330781.76,0.59
34927,28746,273541.45,0.64
34928,25564,32770.95,0.14
34929,16895,68355.94,0.49
34930,9498,428492.1,0.33
34931,8198,363939.75,0.86
34932,11578,362425.56,0.82
34933,18026,447380.27,0.38
34934,6094,116506.01,0.43
34935,7511,498929.53,0.81
34936,25056,354670.46,0.58
34937,1787,188798.29,0.42
34938,26873,450007.4,0.12
34939,29276,322177.84,0.78
34940,23622,284748.25,0.35
34941,26283,374599.08,0.62
34942,19412,279983.29,0.71
34943,33801,357294.27,0.28
34944,22150,159941.43,0.65
34945,23112,480590.66,0.17
34946,26842,135879.01,0.31
34947,273,123437.11,0.37
34948,14583,260655.53,0.21
34949,5293,302756.95,0.61
34950,26184,361994.37,0.27
34951,22796,355962.51,0.27
34952,33446,245383.23,0.13
34953,11537,84355.99,0.83
34954,893,158379.78,0.57
34955,1885,141608.3,0.24
34956,8960,247418.46,0.57
34957,23949,98810.91,0.33
34958,23824,390175.47,0.54
34959,17490,254367.38,0.38
34960,25972,216766.83,0.15
34961,1810,236701.54,0.66
34962,25643,472352.5,0.11
34963,27888,167037.49,0.9
34964,6309,426479.5,0.44
34965,4995,333313.39,0.64
34966,26603,174610.66,0.64
34967,6586,212815.37,0.73
34968,26390,36953.32,0.38
34969,26281,19485.45,0.77
34970,23768,407816.8,0.2
34971,6444,472719.69,0.16
34972,25470,106213.87,0.74
34973,28433,413109.28,0.37
34974,4231,344981.78,0.72
34975,22804,395608.16,0.36
34976,1384,347063.96,0.46
34977,28918,330242.21,0.53
34978,21518,310318.84,0.67
34979,13905,346285.94,0.12
34980,32293,455511.11,0.68
34981,12995,29330.15,0.17
34982,31842,494411.9,0.45
34983,29843,292196.92,0.67
34984,22356,260560.19,0.86
34985,21082,262808.47,0.3
34986,23965,326152.16,0.76
34987,23168,145177.7,0.6
34988,30176,450373.02,0.79
34989,3051,478687.24,0.71
34990,17403,400314.28,0.11
34991,6124,251291.35,0.42
34992,26225,27493.13,0.37
34993,6868,482844.81,0.29
34994,3005,441850.58,0.63
34995,28814,100842.73,0.57
34996,10454,104590.86,0.33
34997,9569,142208.59,0.39
34998,19972,388661.2,0.4
34999,4930,47578.39,0.87
35000,7608,172365.12,0.78
